"","circ_id","mfu1","mfu2","mfu3"
"1","scaffold0001:100323660|100333636",2,NA,8
"2","scaffold0001:100325417|100333636",NA,2,NA
"3","scaffold0001:100328795|100333636",NA,NA,4
"4","scaffold0001:100330609|100333636",NA,NA,5
"5","scaffold0001:100516943|100531553",NA,2,NA
"6","scaffold0001:100526565|100531553",4,NA,NA
"7","scaffold0001:100957916|100972382",9,6,NA
"8","scaffold0001:100957916|100976911",NA,5,6
"9","scaffold0001:100957916|100977439",16,6,1
"10","scaffold0001:100976805|101024700",NA,NA,4
"11","scaffold0001:100987898|101024700",11,9,6
"12","scaffold0001:101022399|101024700",26,19,15
"13","scaffold0001:101024527|101024700",16,1,NA
"14","scaffold0001:101208885|101209671",NA,NA,1
"15","scaffold0001:101348677|101355544",4,NA,5
"16","scaffold0001:101359696|101368117",60,NA,11
"17","scaffold0001:101364606|101368117",NA,NA,2
"18","scaffold0001:101841551|101845416",1,1,NA
"19","scaffold0001:101842598|101845416",NA,NA,7
"20","scaffold0001:101842598|101849632",1,NA,NA
"21","scaffold0001:102720304|102765433",3,NA,NA
"22","scaffold0001:102765233|102765433",3,NA,NA
"23","scaffold0001:102823526|102846556",4,NA,NA
"24","scaffold0001:102892235|102898697",7,20,NA
"25","scaffold0001:103001728|103005493",1,NA,6
"26","scaffold0001:103001728|103006841",NA,4,NA
"27","scaffold0001:103451409|103539125",2,1,NA
"28","scaffold0001:103451409|103544502",2,1,NA
"29","scaffold0001:103538610|103546102",NA,1,NA
"30","scaffold0001:103538610|103565118",2,NA,NA
"31","scaffold0001:103570304|103585793",NA,2,NA
"32","scaffold0001:103585620|103605121",4,NA,NA
"33","scaffold0001:103588893|103591355",8,2,NA
"34","scaffold0001:103591238|103605121",6,NA,NA
"35","scaffold0001:103595638|103596396",4,NA,NA
"36","scaffold0001:103595638|103605121",14,NA,NA
"37","scaffold0001:103620482|103623075",55,33,31
"38","scaffold0001:103620482|103630165",6,4,NA
"39","scaffold0001:103620482|103631182",NA,2,NA
"40","scaffold0001:103775955|103797295",1,NA,NA
"41","scaffold0001:103794219|103795726",76,11,23
"42","scaffold0001:103794219|103797295",21,11,16
"43","scaffold0001:103795560|103797295",17,NA,NA
"44","scaffold0001:103825074|103825376",211,143,170
"45","scaffold0001:103825074|103841091",22,1,12
"46","scaffold0001:103825074|103854606",29,16,16
"47","scaffold0001:103825074|103868986",3,15,3
"48","scaffold0001:103840995|103845464",201,72,88
"49","scaffold0001:103840995|103854606",108,55,60
"50","scaffold0001:103840995|103868986",77,26,33
"51","scaffold0001:103845267|103845464",2,NA,NA
"52","scaffold0001:103845267|103854606",393,174,212
"53","scaffold0001:103845267|103868986",205,153,103
"54","scaffold0001:103854521|103868986",NA,NA,5
"55","scaffold0001:103950481|103951355",8,3,NA
"56","scaffold0001:103951214|103954158",NA,NA,4
"57","scaffold0001:103966825|103968872",2,16,NA
"58","scaffold0001:104032169|104035819",NA,NA,4
"59","scaffold0001:104032169|104044011",11,NA,NA
"60","scaffold0001:104043873|104050786",NA,NA,2
"61","scaffold0001:104049463|104050786",6,NA,2
"62","scaffold0001:104057137|104070473",5,NA,1
"63","scaffold0001:104062031|104070473",2,NA,NA
"64","scaffold0001:104078822|104086288",NA,3,NA
"65","scaffold0001:104078822|104090905",1,NA,NA
"66","scaffold0001:104078822|104104354",2,NA,NA
"67","scaffold0001:104083157|104086288",NA,3,NA
"68","scaffold0001:104083157|104090905",1,NA,NA
"69","scaffold0001:104083157|104096397",NA,NA,1
"70","scaffold0001:104083157|104104354",1,NA,NA
"71","scaffold0001:104106010|104109085",16,16,17
"72","scaffold0001:104106010|104111047",87,23,34
"73","scaffold0001:104106010|104112538",54,26,31
"74","scaffold0001:104108886|104111047",1725,686,897
"75","scaffold0001:104108886|104112538",1473,643,871
"76","scaffold0001:104158108|104161427",2,14,6
"77","scaffold0001:104194040|104201101",18,NA,3
"78","scaffold0001:104194040|104202885",1,NA,NA
"79","scaffold0001:104467803|104470280",1,NA,NA
"80","scaffold0001:104467803|104472989",2,NA,NA
"81","scaffold0001:104633005|104642078",NA,NA,20
"82","scaffold0001:104638971|104642078",16,1,12
"83","scaffold0001:104639424|104642078",NA,NA,4
"84","scaffold0001:104802779|104803134",NA,6,12
"85","scaffold0001:10484385|10593086",1,NA,NA
"86","scaffold0001:105534966|105547478",3,NA,NA
"87","scaffold0001:105545379|105547478",241,115,86
"88","scaffold0001:105547907|105548839",11,5,NA
"89","scaffold0001:105547907|105549646",4,2,NA
"90","scaffold0001:105547907|105552060",8,NA,NA
"91","scaffold0001:105559275|105576786",1,NA,NA
"92","scaffold0001:105564913|105576786",3,NA,NA
"93","scaffold0001:105566585|105576786",5,1,NA
"94","scaffold0001:105573217|105576786",11,NA,NA
"95","scaffold0001:105597843|105599822",14,1,7
"96","scaffold0001:105597843|105612030",9,NA,NA
"97","scaffold0001:105611977|105627173",NA,1,6
"98","scaffold0001:10569361|10579892",3,NA,NA
"99","scaffold0001:10569361|10593086",4,5,NA
"100","scaffold0001:10569361|10628132",3,NA,NA
"101","scaffold0001:105740879|105752659",NA,3,NA
"102","scaffold0001:105745949|105746243",7,13,5
"103","scaffold0001:105749165|105752659",5,NA,NA
"104","scaffold0001:105783425|105784007",3,NA,3
"105","scaffold0001:105834688|105840238",9,11,13
"106","scaffold0001:105890423|105893432",8,NA,NA
"107","scaffold0001:105890423|105895155",13,24,18
"108","scaffold0001:105890423|105899374",2,NA,NA
"109","scaffold0001:105893249|105895155",5,NA,NA
"110","scaffold0001:105894572|105897363",NA,2,NA
"111","scaffold0001:105949103|105949636",NA,NA,4
"112","scaffold0001:106050669|106052678",NA,10,8
"113","scaffold0001:106050669|106058053",13,NA,21
"114","scaffold0001:106090615|106093140",NA,4,4
"115","scaffold0001:106090615|106096758",7,NA,NA
"116","scaffold0001:106090615|106101913",9,NA,16
"117","scaffold0001:106093050|106101913",43,15,10
"118","scaffold0001:106096631|106101913",5,NA,8
"119","scaffold0001:106248786|106301568",NA,4,NA
"120","scaffold0001:10627960|10628132",3,NA,NA
"121","scaffold0001:10703980|10727840",10,NA,NA
"122","scaffold0001:10775355|10780132",1,NA,NA
"123","scaffold0001:108069883|108072513",5,NA,NA
"124","scaffold0001:108118803|108125855",28,15,23
"125","scaffold0001:108190254|108192557",1,NA,NA
"126","scaffold0001:108190254|108194218",21,11,26
"127","scaffold0001:108244907|108245331",9,NA,NA
"128","scaffold0001:108530151|108549986",4,NA,NA
"129","scaffold0001:108531911|108549986",2,NA,NA
"130","scaffold0001:108549799|108561131",18,NA,NA
"131","scaffold0001:108560199|108561131",23,NA,NA
"132","scaffold0001:108598070|108598266",7,NA,NA
"133","scaffold0001:108598070|108606991",6,NA,NA
"134","scaffold0001:108615785|108616190",1,NA,NA
"135","scaffold0001:108744659|108760508",93,56,17
"136","scaffold0001:108744659|108765885",NA,NA,5
"137","scaffold0001:108744659|108767868",79,32,29
"138","scaffold0001:108744659|108813171",17,8,5
"139","scaffold0001:108760438|108767868",29,NA,11
"140","scaffold0001:108765728|108813171",NA,NA,1
"141","scaffold0001:108767760|108813171",NA,NA,2
"142","scaffold0001:108860732|108864665",NA,NA,3
"143","scaffold0001:108864555|108866470",8,NA,5
"144","scaffold0001:108878320|108883927",18,2,NA
"145","scaffold0001:108926029|108969622",3,NA,NA
"146","scaffold0001:108926113|108969622",NA,9,NA
"147","scaffold0001:108946233|108946387",NA,2,NA
"148","scaffold0001:108946233|108955620",5,19,12
"149","scaffold0001:108946233|108961172",12,15,23
"150","scaffold0001:108946233|108962971",9,10,4
"151","scaffold0001:108946233|108964015",36,5,7
"152","scaffold0001:108946233|108969622",183,67,65
"153","scaffold0001:108955536|108961172",23,9,18
"154","scaffold0001:108955536|108962971",19,5,13
"155","scaffold0001:108955536|108964015",32,NA,NA
"156","scaffold0001:108955536|108969622",NA,6,2
"157","scaffold0001:108961002|108969622",3,NA,NA
"158","scaffold0001:108962801|108969622",4,NA,NA
"159","scaffold0001:108963965|108969622",1,NA,NA
"160","scaffold0001:108967072|108969622",19,16,36
"161","scaffold0001:108967906|108969622",1,NA,NA
"162","scaffold0001:109298388|109304123",NA,NA,2
"163","scaffold0001:109298388|109304466",28,9,15
"164","scaffold0001:109300888|109304466",16,38,12
"165","scaffold0001:109303192|109304466",3,NA,NA
"166","scaffold0001:109362267|109366059",141,130,57
"167","scaffold0001:109362267|109369455",11,8,11
"168","scaffold0001:109364060|109369455",1,NA,NA
"169","scaffold0001:109365965|109369455",NA,NA,6
"170","scaffold0001:109435083|109438351",2,NA,NA
"171","scaffold0001:109556178|109557281",NA,NA,3
"172","scaffold0001:109557148|109557281",2,NA,NA
"173","scaffold0001:109557148|109557701",1,NA,NA
"174","scaffold0001:109907223|109938623",14,NA,NA
"175","scaffold0001:110138337|110139483",2,NA,NA
"176","scaffold0001:110147736|110148123",NA,6,5
"177","scaffold0001:110149644|110150151",1,NA,NA
"178","scaffold0001:11296065|11315946",NA,NA,2
"179","scaffold0001:11298609|11307375",11,2,1
"180","scaffold0001:11298609|11315946",2,NA,NA
"181","scaffold0001:11311454|11315946",3,NA,NA
"182","scaffold0001:11378995|11380665",NA,5,4
"183","scaffold0001:11418627|11419258",NA,3,NA
"184","scaffold0001:11433837|11439103",13,NA,1
"185","scaffold0001:11433837|11443983",NA,NA,3
"186","scaffold0001:11438373|11443983",NA,NA,1
"187","scaffold0001:11505110|11505331",NA,8,NA
"188","scaffold0001:11582441|11589525",11,NA,NA
"189","scaffold0001:11926988|11930109",NA,14,NA
"190","scaffold0001:11927652|11928189",2,NA,NA
"191","scaffold0001:12008820|12037747",3,NA,NA
"192","scaffold0001:12018073|12037747",NA,NA,3
"193","scaffold0001:12032069|12037747",1,NA,NA
"194","scaffold0001:12032069|12091450",NA,NA,3
"195","scaffold0001:12036668|12037747",25,17,4
"196","scaffold0001:12063936|12064545",1,19,NA
"197","scaffold0001:12063936|12091450",6,NA,2
"198","scaffold0001:12337900|12354394",NA,NA,4
"199","scaffold0001:12395793|12396805",6,NA,NA
"200","scaffold0001:13156527|13157172",4,NA,NA
"201","scaffold0001:13174522|13175828",NA,4,NA
"202","scaffold0001:13191603|13195377",NA,3,NA
"203","scaffold0001:13203654|13206196",10,3,3
"204","scaffold0001:13208008|13215339",NA,NA,6
"205","scaffold0001:13258904|13268550",NA,4,NA
"206","scaffold0001:13260417|13260824",11,NA,NA
"207","scaffold0001:13260417|13268550",3,NA,NA
"208","scaffold0001:13266214|13268550",4,NA,NA
"209","scaffold0001:13274681|13275476",7,NA,NA
"210","scaffold0001:13359854|13373232",NA,NA,5
"211","scaffold0001:13366171|13373232",17,12,NA
"212","scaffold0001:13380987|13384629",4,10,10
"213","scaffold0001:13380987|13385909",21,43,10
"214","scaffold0001:13767159|13768738",25,5,8
"215","scaffold0001:13786010|13811010",4,NA,3
"216","scaffold0001:13896082|13902312",NA,6,2
"217","scaffold0001:13904157|13904848",NA,NA,4
"218","scaffold0001:13935004|13945795",NA,6,NA
"219","scaffold0001:13941523|13941923",470,250,163
"220","scaffold0001:13941523|13944574",508,452,112
"221","scaffold0001:13941523|13945795",35,10,19
"222","scaffold0001:13941523|13951680",1,23,7
"223","scaffold0001:13944489|13951680",NA,1,NA
"224","scaffold0001:14026410|14026900",NA,3,NA
"225","scaffold0001:14027555|14027873",NA,11,11
"226","scaffold0001:14145393|14150135",1,NA,NA
"227","scaffold0001:15227327|15232833",3,NA,NA
"228","scaffold0001:15240172|15241550",NA,NA,1
"229","scaffold0001:15257066|15266500",4,NA,NA
"230","scaffold0001:15482714|15489002",18,NA,5
"231","scaffold0001:15504694|15507942",25,35,9
"232","scaffold0001:15543642|15548650",13,5,NA
"233","scaffold0001:15546671|15548650",NA,NA,2
"234","scaffold0001:15805802|15806011",3,NA,NA
"235","scaffold0001:15805802|15809919",9,NA,NA
"236","scaffold0001:15805802|15810806",9,NA,NA
"237","scaffold0001:15823967|15837209",1,NA,NA
"238","scaffold0001:15828040|15828384",NA,6,NA
"239","scaffold0001:15905337|15906565",11,NA,NA
"240","scaffold0001:15997079|16044855",1,NA,NA
"241","scaffold0001:16044723|16054270",5,5,NA
"242","scaffold0001:16044723|16078658",5,NA,NA
"243","scaffold0001:16078499|16081548",2,NA,NA
"244","scaffold0001:16078499|16091187",18,NA,NA
"245","scaffold0001:16322490|16324561",NA,NA,3
"246","scaffold0001:16506062|16507962",2,NA,NA
"247","scaffold0001:16517733|16524221",4,NA,NA
"248","scaffold0001:16568125|16573530",8,NA,NA
"249","scaffold0001:16613477|16615526",237,25,43
"250","scaffold0001:16625189|16626907",372,88,46
"251","scaffold0001:16625189|16627692",6,5,10
"252","scaffold0001:16625189|16629256",2,11,5
"253","scaffold0001:16627573|16633364",2,NA,NA
"254","scaffold0001:16629137|16633364",3,NA,NA
"255","scaffold0001:16765854|16779623",2,NA,NA
"256","scaffold0001:16765854|16784175",19,NA,NA
"257","scaffold0001:16765854|16830745",9,NA,NA
"258","scaffold0001:16770500|16830745",2,NA,NA
"259","scaffold0001:16776547|16779623",2,NA,NA
"260","scaffold0001:16889352|16933871",5,NA,NA
"261","scaffold0001:16905803|16933871",11,NA,NA
"262","scaffold0001:17025986|17091174",NA,3,NA
"263","scaffold0001:17431770|17459364",NA,NA,4
"264","scaffold0001:17506155|17512014",NA,NA,1
"265","scaffold0001:17506155|17513763",NA,NA,7
"266","scaffold0001:17506155|17520479",2,NA,1
"267","scaffold0001:17511894|17513763",121,49,40
"268","scaffold0001:17511894|17516848",NA,2,NA
"269","scaffold0001:17551685|17551883",NA,2,NA
"270","scaffold0001:17552763|17553400",8,NA,NA
"271","scaffold0001:17612401|17617822",NA,NA,3
"272","scaffold0001:17612401|17622296",117,42,52
"273","scaffold0001:182279|185366",NA,6,NA
"274","scaffold0001:182558|182736",48,NA,25
"275","scaffold0001:182559|182736",5,9,4
"276","scaffold0001:1849703|1896017",5,NA,NA
"277","scaffold0001:1872731|1883748",5,NA,2
"278","scaffold0001:1872731|1896017",77,68,34
"279","scaffold0001:1872731|1920378",NA,4,8
"280","scaffold0001:1872731|1964823",30,67,17
"281","scaffold0001:1883672|1912693",NA,NA,3
"282","scaffold0001:18857975|18872696",2,NA,NA
"283","scaffold0001:1895907|1912693",2,NA,2
"284","scaffold0001:1895907|1964823",NA,4,NA
"285","scaffold0001:1912578|1916246",NA,7,3
"286","scaffold0001:1912578|1920378",NA,12,4
"287","scaffold0001:1912578|1964823",9,NA,1
"288","scaffold0001:1914983|1920378",NA,26,NA
"289","scaffold0001:1915965|1916117",NA,2,NA
"290","scaffold0001:1920307|1964823",8,NA,NA
"291","scaffold0001:19264446|19272684",8,NA,9
"292","scaffold0001:19264446|19278403",19,27,10
"293","scaffold0001:19286422|19292003",NA,NA,2
"294","scaffold0001:19325737|19326517",8,NA,NA
"295","scaffold0001:19529397|19534320",19,5,1
"296","scaffold0001:1961449|1964823",212,171,113
"297","scaffold0001:19830012|19832324",NA,NA,3
"298","scaffold0001:19942710|19947462",10,NA,9
"299","scaffold0001:19956677|19963673",NA,NA,2
"300","scaffold0001:2007169|2009324",NA,226,203
"301","scaffold0001:2007169|2021932",NA,8,NA
"302","scaffold0001:2012047|2016763",27,137,99
"303","scaffold0001:2012047|2020839",NA,9,NA
"304","scaffold0001:2019834|2021932",NA,9,NA
"305","scaffold0001:2031187|2032123",5,NA,NA
"306","scaffold0001:2060568|2064719",48,20,31
"307","scaffold0001:20797504|20844049",2,NA,NA
"308","scaffold0001:20843984|20867299",3,NA,NA
"309","scaffold0001:20970221|20971844",NA,6,NA
"310","scaffold0001:21180074|21190496",3,NA,NA
"311","scaffold0001:21275686|21275927",7,NA,NA
"312","scaffold0001:21369770|21371569",6,7,NA
"313","scaffold0001:21374936|21376952",NA,1,NA
"314","scaffold0001:21384079|21384562",2,NA,NA
"315","scaffold0001:21410000|21410584",40,12,19
"316","scaffold0001:21413604|21417101",8,8,6
"317","scaffold0001:21424171|21424532",2,8,11
"318","scaffold0001:21437581|21439600",1,NA,NA
"319","scaffold0001:21438330|21440214",1,NA,NA
"320","scaffold0001:21438330|21441986",3,NA,NA
"321","scaffold0001:21440455|21441986",1,NA,NA
"322","scaffold0001:21440688|21442376",NA,NA,4
"323","scaffold0001:21440866|21442536",2,NA,NA
"324","scaffold0001:21441301|21441472",3,NA,NA
"325","scaffold0001:21441301|21441478",1,NA,NA
"326","scaffold0001:21444914|21449418",1,NA,NA
"327","scaffold0001:21464915|21465303",80,63,22
"328","scaffold0001:21465904|21467141",6,NA,NA
"329","scaffold0001:21477882|21478723",5,NA,NA
"330","scaffold0001:21482397|21482639",4,NA,NA
"331","scaffold0001:21491722|21491947",NA,3,NA
"332","scaffold0001:21511084|21511392",11,NA,2
"333","scaffold0001:21511754|21512273",NA,5,NA
"334","scaffold0001:21515147|21515269",NA,3,NA
"335","scaffold0001:21585477|21585660",NA,4,NA
"336","scaffold0001:21630332|21630730",1,NA,NA
"337","scaffold0001:21708636|21708882",12,NA,NA
"338","scaffold0001:21719476|21719628",5,NA,NA
"339","scaffold0001:21728817|21729053",NA,6,NA
"340","scaffold0001:21758680|21758972",3,NA,NA
"341","scaffold0001:21803446|21803669",8,NA,NA
"342","scaffold0001:21818523|21818713",2,NA,NA
"343","scaffold0001:21821524|21823457",NA,NA,2
"344","scaffold0001:21830473|21831194",2,NA,NA
"345","scaffold0001:21831650|21832062",4,NA,NA
"346","scaffold0001:2194437|2195076",2,NA,7
"347","scaffold0001:2194437|2206111",NA,NA,2
"348","scaffold0001:2194437|2211605",24,NA,NA
"349","scaffold0001:21984495|21986757",NA,1,NA
"350","scaffold0001:2205888|2211605",62,19,36
"351","scaffold0001:2205888|2230643",6,NA,NA
"352","scaffold0001:22079812|22080127",1,NA,NA
"353","scaffold0001:22210256|22210577",NA,NA,3
"354","scaffold0001:22210256|22212401",NA,NA,1
"355","scaffold0001:2234640|2236596",1,NA,NA
"356","scaffold0001:2234640|2241530",11,NA,NA
"357","scaffold0001:22380113|22383059",2,NA,NA
"358","scaffold0001:22422663|22423952",7,14,1
"359","scaffold0001:22422663|22438667",NA,1,NA
"360","scaffold0001:22463966|22467814",2,NA,NA
"361","scaffold0001:2251650|2255075",NA,NA,2
"362","scaffold0001:22516751|22516950",17,18,10
"363","scaffold0001:22618608|22619229",54,79,44
"364","scaffold0001:22618608|22620886",11,22,NA
"365","scaffold0001:22620401|22620886",7,6,NA
"366","scaffold0001:2270243|2271618",NA,NA,17
"367","scaffold0001:2272916|2283686",1,NA,NA
"368","scaffold0001:2279084|2283686",30,9,15
"369","scaffold0001:2279084|2284606",16,6,5
"370","scaffold0001:23083628|23085438",NA,1,NA
"371","scaffold0001:23083628|23090256",3,10,2
"372","scaffold0001:23083628|23090954",NA,1,NA
"373","scaffold0001:23083628|23092326",1,2,1
"374","scaffold0001:23092146|23092326",NA,NA,1
"375","scaffold0001:2329415|2332676",6,NA,NA
"376","scaffold0001:233250|233409",2,NA,NA
"377","scaffold0001:233250|233598",1,NA,NA
"378","scaffold0001:2335155|2335917",13,NA,2
"379","scaffold0001:233598|234188",1,NA,5
"380","scaffold0001:234188|234957",NA,NA,2
"381","scaffold0001:234427|238553",NA,NA,1
"382","scaffold0001:2368944|2369392",NA,NA,3
"383","scaffold0001:23713682|23717250",20,24,5
"384","scaffold0001:23745930|23751172",NA,NA,1
"385","scaffold0001:23747037|23751172",4,4,NA
"386","scaffold0001:23747911|23751172",5,2,2
"387","scaffold0001:23749620|23751172",67,NA,29
"388","scaffold0001:2375744|2377094",48,6,5
"389","scaffold0001:2375744|2379705",NA,1,NA
"390","scaffold0001:2375744|2385665",NA,1,NA
"391","scaffold0001:2376955|2413467",5,NA,NA
"392","scaffold0001:2379544|2385665",4,NA,NA
"393","scaffold0001:23887894|23891324",1,NA,NA
"394","scaffold0001:239454|239871",NA,15,NA
"395","scaffold0001:239666|239871",NA,NA,2
"396","scaffold0001:239950|241173",1,NA,NA
"397","scaffold0001:241173|241426",NA,NA,1
"398","scaffold0001:241173|241428",2,NA,NA
"399","scaffold0001:242150|242323",4,NA,NA
"400","scaffold0001:242550|242746",5,NA,NA
"401","scaffold0001:242746|242964",NA,NA,6
"402","scaffold0001:24303511|24308468",NA,8,NA
"403","scaffold0001:24306507|24308468",7,NA,NA
"404","scaffold0001:24306507|24312374",22,NA,11
"405","scaffold0001:243844|244292",NA,NA,5
"406","scaffold0001:24833926|24913360",1,NA,NA
"407","scaffold0001:24833926|24947738",5,NA,5
"408","scaffold0001:24913258|24947738",NA,NA,1
"409","scaffold0001:249229|249559",NA,NA,3
"410","scaffold0001:24947573|24960283",12,1,NA
"411","scaffold0001:24972709|24973252",NA,24,3
"412","scaffold0001:24972709|24988447",2,NA,NA
"413","scaffold0001:24986148|24988447",31,5,14
"414","scaffold0001:25139605|25142116",4,NA,NA
"415","scaffold0001:25147304|25149015",26,4,NA
"416","scaffold0001:25147304|25151488",3,NA,NA
"417","scaffold0001:25151278|25151488",4,NA,NA
"418","scaffold0001:25169981|25170208",18,9,NA
"419","scaffold0001:25194925|25201368",29,7,3
"420","scaffold0001:25213284|25213482",12,7,NA
"421","scaffold0001:25242568|25242962",205,97,50
"422","scaffold0001:25316453|25317911",NA,NA,2
"423","scaffold0001:25317911|25357857",5,NA,1
"424","scaffold0001:25317911|25384498",3,NA,NA
"425","scaffold0001:25775671|25783256",2,NA,NA
"426","scaffold0001:25834982|25838982",NA,NA,4
"427","scaffold0001:25844946|25845620",3,NA,NA
"428","scaffold0001:259667|264227",NA,1,NA
"429","scaffold0001:262458|274972",1,NA,NA
"430","scaffold0001:263476|263772",NA,8,NA
"431","scaffold0001:263538|263772",NA,NA,5
"432","scaffold0001:2635587|2635772",9,NA,NA
"433","scaffold0001:26464907|26465506",NA,3,NA
"434","scaffold0001:265467|267208",NA,NA,1
"435","scaffold0001:265467|267826",NA,NA,8
"436","scaffold0001:265467|272027",NA,4,NA
"437","scaffold0001:267622|272027",6,15,8
"438","scaffold0001:2695980|2696150",3,NA,NA
"439","scaffold0001:2695980|2698184",NA,NA,10
"440","scaffold0001:2695980|2706533",20,4,4
"441","scaffold0001:2695980|2714159",5,NA,NA
"442","scaffold0001:2695980|2745133",7,4,8
"443","scaffold0001:2698075|2706533",37,26,29
"444","scaffold0001:26991422|26995047",1,4,NA
"445","scaffold0001:27002178|27005228",9,NA,2
"446","scaffold0001:27027396|27028756",8,NA,NA
"447","scaffold0001:27031925|27032573",NA,NA,6
"448","scaffold0001:27038049|27051080",20,NA,NA
"449","scaffold0001:27044232|27048631",4,9,9
"450","scaffold0001:27044232|27051080",28,32,NA
"451","scaffold0001:27048451|27051080",15,1,3
"452","scaffold0001:2706367|2714159",3,NA,NA
"453","scaffold0001:2706367|2726468",5,NA,1
"454","scaffold0001:2706367|2729068",146,52,37
"455","scaffold0001:2706367|2743479",NA,NA,3
"456","scaffold0001:2706367|2745133",9,NA,4
"457","scaffold0001:27087171|27095176",4,NA,2
"458","scaffold0001:27087171|27103675",5,NA,NA
"459","scaffold0001:27093620|27095176",51,45,59
"460","scaffold0001:2714078|2745133",20,4,15
"461","scaffold0001:271874|275445",NA,NA,11
"462","scaffold0001:271874|277076",NA,NA,2
"463","scaffold0001:2726309|2729068",81,54,42
"464","scaffold0001:2726309|2745133",53,19,20
"465","scaffold0001:2728971|2745133",33,NA,NA
"466","scaffold0001:2743396|2745133",579,386,444
"467","scaffold0001:274858|277076",1880,1491,965
"468","scaffold0001:274858|278776",23,NA,NA
"469","scaffold0001:27972192|27973318",1,NA,NA
"470","scaffold0001:27972192|27975996",1,NA,NA
"471","scaffold0001:28182235|28185410",NA,NA,1
"472","scaffold0001:28224621|28225989",2,NA,NA
"473","scaffold0001:2827773|2834570",6,NA,NA
"474","scaffold0001:2832735|2834570",95,36,NA
"475","scaffold0001:2839431|2842947",6,NA,NA
"476","scaffold0001:2846870|2851167",7,NA,NA
"477","scaffold0001:2968063|2975874",1,6,NA
"478","scaffold0001:2974869|2975874",4,NA,NA
"479","scaffold0001:29874611|29914972",NA,1,NA
"480","scaffold0001:3042198|3043619",2,NA,NA
"481","scaffold0001:30514237|30514702",9,9,NA
"482","scaffold0001:30519534|30520000",1,NA,NA
"483","scaffold0001:30549768|30556104",2,9,NA
"484","scaffold0001:30549768|30563132",5,NA,NA
"485","scaffold0001:30568544|30573411",1,NA,NA
"486","scaffold0001:30647175|30656800",43,32,19
"487","scaffold0001:30647175|30675561",1,NA,NA
"488","scaffold0001:30656692|30675561",8,NA,2
"489","scaffold0001:32189379|32199679",2,NA,NA
"490","scaffold0001:32306340|32306779",1,10,NA
"491","scaffold0001:32306340|32313279",NA,12,NA
"492","scaffold0001:3235362|3235963",NA,NA,2
"493","scaffold0001:32403974|32410042",NA,4,NA
"494","scaffold0001:32403974|32435551",NA,2,2
"495","scaffold0001:32533351|32552088",6,NA,NA
"496","scaffold0001:32536817|32552088",1,NA,NA
"497","scaffold0001:32557882|32569804",1,NA,1
"498","scaffold0001:32557882|32575571",46,33,21
"499","scaffold0001:32557882|32580764",NA,NA,3
"500","scaffold0001:32569695|32586027",NA,10,NA
"501","scaffold0001:32690007|32690267",4,NA,4
"502","scaffold0001:32701385|32719487",4,5,NA
"503","scaffold0001:33367574|33378589",9,NA,NA
"504","scaffold0001:33367574|33408924",NA,4,NA
"505","scaffold0001:33378411|33497646",2,NA,NA
"506","scaffold0001:33674697|33715310",62,NA,NA
"507","scaffold0001:34523194|34545707",NA,15,NA
"508","scaffold0001:34529700|34545707",5,6,5
"509","scaffold0001:34536826|34545707",NA,NA,2
"510","scaffold0001:34545543|34564542",NA,NA,8
"511","scaffold0001:34557193|34564542",2,2,NA
"512","scaffold0001:34559525|34564542",29,17,12
"513","scaffold0001:34675568|34678194",NA,NA,2
"514","scaffold0001:34675568|34679808",NA,NA,24
"515","scaffold0001:34678046|34679808",21,17,10
"516","scaffold0001:34734149|34739571",NA,NA,2
"517","scaffold0001:34736064|34739571",NA,NA,1
"518","scaffold0001:3530206|3541672",17,NA,NA
"519","scaffold0001:3548788|3560864",5,NA,10
"520","scaffold0001:35653913|35656863",NA,NA,2
"521","scaffold0001:35696444|35708368",7,NA,NA
"522","scaffold0001:35706984|35708368",12,NA,NA
"523","scaffold0001:35765387|35784633",NA,2,NA
"524","scaffold0001:35765387|35787427",NA,1,NA
"525","scaffold0001:35765387|35790364",NA,3,NA
"526","scaffold0001:35848131|35860475",5,NA,3
"527","scaffold0001:35848131|35864807",NA,NA,4
"528","scaffold0001:35914454|35919847",3,NA,NA
"529","scaffold0001:35918208|35947607",NA,NA,3
"530","scaffold0001:35949840|35950041",7,NA,NA
"531","scaffold0001:35968320|35978995",27,8,22
"532","scaffold0001:36009112|36011639",3,NA,NA
"533","scaffold0001:36039644|36045223",NA,NA,1
"534","scaffold0001:36044296|36052883",6,NA,NA
"535","scaffold0001:36050222|36053768",10,16,6
"536","scaffold0001:36052895|36053652",NA,NA,2
"537","scaffold0001:36229967|36234692",NA,6,1
"538","scaffold0001:3623451|3624980",5,NA,NA
"539","scaffold0001:3627353|3628636",13,NA,8
"540","scaffold0001:36281567|36296394",2,NA,2
"541","scaffold0001:36283166|36296394",NA,6,NA
"542","scaffold0001:3628529|3633368",2,NA,NA
"543","scaffold0001:36447472|36448258",NA,NA,1
"544","scaffold0001:36759194|36765159",53,NA,14
"545","scaffold0001:37330866|37332994",46,8,14
"546","scaffold0001:3778530|3828438",1,NA,NA
"547","scaffold0001:38040620|38042942",1,3,NA
"548","scaffold0001:38052376|38053893",52,NA,NA
"549","scaffold0001:38052376|38057877",13,11,NA
"550","scaffold0001:38053848|38057877",7,NA,NA
"551","scaffold0001:3811972|3846770",2,NA,NA
"552","scaffold0001:38299235|38316982",NA,1,5
"553","scaffold0001:38398999|38417425",NA,4,NA
"554","scaffold0001:38928907|38929111",2,NA,NA
"555","scaffold0001:38956161|38962664",7,5,NA
"556","scaffold0001:38958742|38962664",NA,NA,11
"557","scaffold0001:39071548|39082053",NA,NA,1
"558","scaffold0001:39079680|39082053",2,3,11
"559","scaffold0001:39079680|39083672",37,23,32
"560","scaffold0001:390886|391212",5,NA,NA
"561","scaffold0001:39171958|39172388",3,NA,NA
"562","scaffold0001:39172388|39199101",NA,2,NA
"563","scaffold0001:39180468|39182527",2,NA,NA
"564","scaffold0001:39180468|39186023",NA,NA,2
"565","scaffold0001:39180468|39205013",NA,NA,4
"566","scaffold0001:39193070|39200752",NA,8,29
"567","scaffold0001:39193070|39205013",5,NA,2
"568","scaffold0001:39197995|39199101",16,12,6
"569","scaffold0001:39197995|39200752",83,156,46
"570","scaffold0001:39197995|39216992",NA,18,6
"571","scaffold0001:39198948|39200752",NA,1,NA
"572","scaffold0001:39200620|39205013",2,NA,3
"573","scaffold0001:39212200|39216992",17,NA,4
"574","scaffold0001:39245839|39246506",29,31,28
"575","scaffold0001:39245839|39255933",7,NA,9
"576","scaffold0001:39410523|39417528",4,1,NA
"577","scaffold0001:39415315|39430838",NA,NA,10
"578","scaffold0001:40069996|40076887",NA,NA,1
"579","scaffold0001:40147068|40149435",1,5,2
"580","scaffold0001:40222635|40248772",4,NA,NA
"581","scaffold0001:40248594|40258244",NA,6,NA
"582","scaffold0001:40258036|40266435",1,NA,NA
"583","scaffold0001:40258036|40276331",10,NA,NA
"584","scaffold0001:403501|403713",2,NA,NA
"585","scaffold0001:403501|404372",9,NA,12
"586","scaffold0001:40615155|40615513",NA,NA,1
"587","scaffold0001:41177222|41202557",2,NA,NA
"588","scaffold0001:41193262|41202557",20,NA,NA
"589","scaffold0001:41193262|41225321",NA,3,NA
"590","scaffold0001:41652526|41658498",4,NA,NA
"591","scaffold0001:41692851|41693387",4,NA,NA
"592","scaffold0001:42108086|42113371",4,8,3
"593","scaffold0001:422293|422753",5,NA,NA
"594","scaffold0001:42262114|42283442",24,15,48
"595","scaffold0001:42453254|42460594",1,NA,NA
"596","scaffold0001:42462268|42484223",3,NA,NA
"597","scaffold0001:42511773|42513293",NA,NA,4
"598","scaffold0001:42513293|42513653",2,NA,NA
"599","scaffold0001:42524982|42528507",1,NA,NA
"600","scaffold0001:4293034|4319288",NA,NA,3
"601","scaffold0001:429790|433082",3,25,6
"602","scaffold0001:4311815|4324182",NA,7,NA
"603","scaffold0001:4324060|4326779",2,NA,2
"604","scaffold0001:4369558|4374807",NA,6,1
"605","scaffold0001:43919981|43920573",7,NA,2
"606","scaffold0001:43919981|43934242",7,NA,NA
"607","scaffold0001:43926976|43934242",5,6,16
"608","scaffold0001:43931004|43934242",NA,NA,2
"609","scaffold0001:43931004|43942576",6,NA,NA
"610","scaffold0001:44099949|44135293",NA,1,NA
"611","scaffold0001:44115513|44165158",2,NA,NA
"612","scaffold0001:441307|442391",NA,14,NA
"613","scaffold0001:44135081|44165158",5,6,NA
"614","scaffold0001:44152978|44165158",26,5,11
"615","scaffold0001:442093|442391",NA,4,NA
"616","scaffold0001:446528|446723",9,NA,NA
"617","scaffold0001:447010|447224",16,NA,NA
"618","scaffold0001:4497529|4504540",NA,NA,9
"619","scaffold0001:4497529|4508391",1,NA,NA
"620","scaffold0001:45009679|45014177",NA,13,NA
"621","scaffold0001:45012019|45028491",NA,3,NA
"622","scaffold0001:4501256|4501574",NA,NA,1
"623","scaffold0001:45063172|45078634",NA,3,NA
"624","scaffold0001:45078215|45079984",2,NA,NA
"625","scaffold0001:45087581|45088755",3,NA,NA
"626","scaffold0001:45088608|45098384",2,NA,NA
"627","scaffold0001:452330|454230",NA,NA,3
"628","scaffold0001:4525636|4526027",NA,NA,1
"629","scaffold0001:4526027|4526719",1,NA,NA
"630","scaffold0001:4526719|4530703",NA,1,NA
"631","scaffold0001:45285175|45287092",NA,9,NA
"632","scaffold0001:4530625|4536662",6,NA,NA
"633","scaffold0001:45310760|45314828",12,4,NA
"634","scaffold0001:45310760|45316929",NA,5,NA
"635","scaffold0001:45383625|45383930",2,NA,NA
"636","scaffold0001:4608407|4612366",5,NA,NA
"637","scaffold0001:46252|48503",5,NA,NA
"638","scaffold0001:468883|469653",NA,4,NA
"639","scaffold0001:469512|470099",1,4,NA
"640","scaffold0001:469512|470538",NA,NA,1
"641","scaffold0001:47029057|47038898",NA,NA,9
"642","scaffold0001:47035840|47038898",2068,886,849
"643","scaffold0001:47035840|47044238",60,15,39
"644","scaffold0001:47035840|47045739",9,NA,3
"645","scaffold0001:47038830|47045739",NA,NA,2
"646","scaffold0001:47044544|47056938",12,8,10
"647","scaffold0001:47054150|47056938",79,63,27
"648","scaffold0001:47068550|47091701",NA,3,2
"649","scaffold0001:47088715|47091516",6,NA,NA
"650","scaffold0001:47134114|47135500",24,7,12
"651","scaffold0001:47146972|47170844",3,NA,NA
"652","scaffold0001:47167973|47170844",39,NA,38
"653","scaffold0001:47167973|47178651",222,116,106
"654","scaffold0001:47307798|47313098",4,NA,NA
"655","scaffold0001:47313015|47316091",80,30,40
"656","scaffold0001:47332074|47332551",31,NA,19
"657","scaffold0001:47332074|47340509",216,256,278
"658","scaffold0001:47434690|47435504",35,9,8
"659","scaffold0001:4758209|4763927",NA,NA,2
"660","scaffold0001:4812168|4812345",1,NA,NA
"661","scaffold0001:4812168|4812842",2,NA,NA
"662","scaffold0001:48468030|48468425",NA,10,NA
"663","scaffold0001:48468425|48468880",2,NA,NA
"664","scaffold0001:48470884|48471409",7,NA,NA
"665","scaffold0001:48509872|48510374",4,4,NA
"666","scaffold0001:48514352|48516423",NA,7,NA
"667","scaffold0001:48515704|48516423",2,NA,NA
"668","scaffold0001:48516007|48525878",NA,NA,10
"669","scaffold0001:48519920|48520101",4,NA,NA
"670","scaffold0001:48521211|48522727",2,NA,NA
"671","scaffold0001:48565627|48565791",2,NA,NA
"672","scaffold0001:48573648|48595046",2,NA,NA
"673","scaffold0001:48581019|48595046",2,NA,NA
"674","scaffold0001:48591638|48595046",27,NA,7
"675","scaffold0001:48673066|48673496",NA,3,NA
"676","scaffold0001:48783353|48783809",NA,NA,2
"677","scaffold0001:48846257|48847236",NA,NA,4
"678","scaffold0001:48970481|48971369",10,3,NA
"679","scaffold0001:49226940|49234824",93,NA,31
"680","scaffold0001:49227174|49227338",NA,4,NA
"681","scaffold0001:49288029|49291728",NA,NA,2
"682","scaffold0001:49292568|49292737",NA,6,NA
"683","scaffold0001:49423029|49423251",NA,2,NA
"684","scaffold0001:49511411|49511634",NA,NA,1
"685","scaffold0001:49515228|49515384",NA,NA,7
"686","scaffold0001:49517289|49517593",1,NA,NA
"687","scaffold0001:49522460|49522623",NA,3,1
"688","scaffold0001:49583966|49584388",4,NA,NA
"689","scaffold0001:49636813|49638254",2,2,NA
"690","scaffold0001:49856248|49860417",NA,NA,61
"691","scaffold0001:49866797|49885840",NA,NA,3
"692","scaffold0001:49991247|49991508",5,NA,NA
"693","scaffold0001:50011770|50014902",NA,NA,1
"694","scaffold0001:50077645|50079733",NA,NA,3
"695","scaffold0001:50278242|50279285",NA,7,NA
"696","scaffold0001:50312375|50319261",NA,NA,1
"697","scaffold0001:50384458|50387496",2,NA,NA
"698","scaffold0001:5041567|5042467",NA,NA,2
"699","scaffold0001:50423071|50429504",6,NA,5
"700","scaffold0001:5045391|5047224",1,NA,NA
"701","scaffold0001:50460350|50462356",1,NA,NA
"702","scaffold0001:50472118|50473940",14,NA,NA
"703","scaffold0001:50472118|50477367",5,NA,NA
"704","scaffold0001:50685231|50686160",10,5,3
"705","scaffold0001:50685231|50694149",NA,NA,2
"706","scaffold0001:50685231|50700004",17,16,3
"707","scaffold0001:50685231|50710910",NA,6,NA
"708","scaffold0001:50688411|50694149",NA,9,NA
"709","scaffold0001:50692395|50694149",5,2,NA
"710","scaffold0001:50704933|50710910",22,29,13
"711","scaffold0001:50710697|50718335",154,48,93
"712","scaffold0001:50710697|50723724",NA,NA,7
"713","scaffold0001:50714834|50718335",129,76,42
"714","scaffold0001:50723320|50723724",NA,12,NA
"715","scaffold0001:50908879|50926279",2,NA,NA
"716","scaffold0001:50926150|50937789",43,11,9
"717","scaffold0001:50926150|50948617",3,NA,NA
"718","scaffold0001:50948404|50948617",NA,NA,2
"719","scaffold0001:50948404|50962264",NA,NA,3
"720","scaffold0001:50951359|50962264",1,NA,NA
"721","scaffold0001:50955334|50955532",NA,NA,2
"722","scaffold0001:50955334|50957849",1,9,NA
"723","scaffold0001:50960020|50962264",19,28,8
"724","scaffold0001:50960020|50970747",4,NA,NA
"725","scaffold0001:50970060|50973741",NA,1,NA
"726","scaffold0001:50977452|50985030",2,NA,NA
"727","scaffold0001:50977452|50996080",3,NA,NA
"728","scaffold0001:50990404|50990730",5,NA,NA
"729","scaffold0001:51007628|51009097",NA,17,NA
"730","scaffold0001:51007628|51011908",NA,NA,5
"731","scaffold0001:51046203|51048931",200,50,62
"732","scaffold0001:51046203|51062562",9,11,NA
"733","scaffold0001:51048830|51062562",15,10,NA
"734","scaffold0001:51069984|51073982",1,NA,1
"735","scaffold0001:5110972|5111553",28,20,6
"736","scaffold0001:51238861|51240206",5,NA,2
"737","scaffold0001:51284889|51287938",5,NA,NA
"738","scaffold0001:51287093|51287938",2,NA,NA
"739","scaffold0001:51289793|51290446",4,NA,NA
"740","scaffold0001:51298085|51298382",3,5,6
"741","scaffold0001:51323677|51331066",NA,NA,10
"742","scaffold0001:51323677|51334356",NA,NA,11
"743","scaffold0001:51332891|51334356",14,NA,2
"744","scaffold0001:51332891|51337670",4,NA,NA
"745","scaffold0001:51335603|51337670",8,NA,3
"746","scaffold0001:51454536|51456987",NA,NA,3
"747","scaffold0001:51460742|51464721",187,141,140
"748","scaffold0001:51460742|51465935",27,NA,NA
"749","scaffold0001:51464625|51465935",NA,NA,1
"750","scaffold0001:51519187|51519422",8,NA,NA
"751","scaffold0001:51519187|51520636",NA,6,NA
"752","scaffold0001:51623962|51625171",4,10,1
"753","scaffold0001:5186445|5196098",3,7,5
"754","scaffold0001:52003531|52004052",5,NA,NA
"755","scaffold0001:52067508|52077169",3,NA,NA
"756","scaffold0001:5227482|5231916",8,NA,NA
"757","scaffold0001:5273976|5274138",NA,NA,1
"758","scaffold0001:5281592|5283481",NA,3,NA
"759","scaffold0001:5282949|5283481",16,NA,11
"760","scaffold0001:52956291|52957915",426,313,266
"761","scaffold0001:52956291|52963766",NA,NA,2
"762","scaffold0001:52956429|52957706",2,NA,NA
"763","scaffold0001:52960939|52963766",1,NA,3
"764","scaffold0001:52967570|52967983",86,81,26
"765","scaffold0001:52967570|52972714",NA,8,NA
"766","scaffold0001:52967809|52967983",NA,NA,2
"767","scaffold0001:52993363|52993971",1,6,NA
"768","scaffold0001:52997734|52997872",1,NA,NA
"769","scaffold0001:53001250|53001563",NA,5,NA
"770","scaffold0001:53040955|53041136",NA,3,NA
"771","scaffold0001:53066168|53067888",5,NA,11
"772","scaffold0001:53086915|53087065",3,NA,NA
"773","scaffold0001:53086915|53088798",NA,6,NA
"774","scaffold0001:53088230|53088798",70,8,19
"775","scaffold0001:53094524|53094825",NA,NA,1
"776","scaffold0001:53098490|53102907",1,NA,5
"777","scaffold0001:53100587|53102907",NA,NA,9
"778","scaffold0001:5311349|5311516",NA,NA,2
"779","scaffold0001:53177607|53177938",NA,NA,1
"780","scaffold0001:53186882|53187134",1,NA,NA
"781","scaffold0001:53265838|53267785",NA,2,NA
"782","scaffold0001:53347322|53348848",5,NA,6
"783","scaffold0001:53347322|53360683",3,NA,NA
"784","scaffold0001:53351365|53360683",2,6,NA
"785","scaffold0001:53355576|53356769",NA,NA,5
"786","scaffold0001:53357966|53359579",NA,NA,1
"787","scaffold0001:53358039|53358534",NA,4,7
"788","scaffold0001:53416268|53420654",NA,8,6
"789","scaffold0001:53430947|53435268",8,NA,NA
"790","scaffold0001:53430947|53479590",NA,NA,4
"791","scaffold0001:53540147|53540968",108,84,78
"792","scaffold0001:53540147|53542469",NA,NA,6
"793","scaffold0001:5355816|5361383",2,NA,NA
"794","scaffold0001:53572899|53573599",45,34,25
"795","scaffold0001:5380825|5380989",1,NA,NA
"796","scaffold0001:5388189|5389250",NA,2,NA
"797","scaffold0001:5389250|5393092",NA,NA,9
"798","scaffold0001:5403151|5408425",3,NA,NA
"799","scaffold0001:54115915|54120056",6,4,8
"800","scaffold0001:54119869|54124997",NA,15,NA
"801","scaffold0001:54144607|54144906",9,NA,NA
"802","scaffold0001:54144906|54146537",NA,NA,2
"803","scaffold0001:54144906|54147254",NA,NA,8
"804","scaffold0001:54146076|54147254",1,NA,2
"805","scaffold0001:54246860|54247056",2,NA,NA
"806","scaffold0001:5430729|5435219",NA,NA,1
"807","scaffold0001:54339558|54350792",1,NA,NA
"808","scaffold0001:54350672|54356613",1,NA,NA
"809","scaffold0001:54350672|54358244",2,NA,NA
"810","scaffold0001:5435091|5439668",2,NA,NA
"811","scaffold0001:54353169|54353730",2,NA,NA
"812","scaffold0001:54353169|54358244",4,13,2
"813","scaffold0001:54356394|54358244",3706,3456,3560
"814","scaffold0001:54365882|54366426",NA,NA,2
"815","scaffold0001:54365999|54366292",1,NA,NA
"816","scaffold0001:5442834|5443171",1,NA,NA
"817","scaffold0001:5443198|5444470",NA,NA,1
"818","scaffold0001:5443378|5444470",NA,NA,9
"819","scaffold0001:5466121|5467122",5,NA,NA
"820","scaffold0001:5525738|5527722",6,21,NA
"821","scaffold0001:5534776|5535147",6,NA,NA
"822","scaffold0001:5535147|5536649",3,NA,NA
"823","scaffold0001:5536530|5539224",NA,4,NA
"824","scaffold0001:5538685|5539224",1,NA,NA
"825","scaffold0001:5538685|5540995",4,NA,NA
"826","scaffold0001:5541664|5547708",NA,NA,3
"827","scaffold0001:5541664|5549215",5,5,3
"828","scaffold0001:5546749|5549215",52,35,35
"829","scaffold0001:5546749|5550061",8,NA,NA
"830","scaffold0001:55481783|55487925",NA,NA,12
"831","scaffold0001:55481783|55493978",27,10,11
"832","scaffold0001:55486593|55486951",2,NA,NA
"833","scaffold0001:5549967|5561596",10,NA,NA
"834","scaffold0001:55522587|55522752",6,NA,NA
"835","scaffold0001:5557823|5561596",NA,13,NA
"836","scaffold0001:55590974|55592076",4,NA,NA
"837","scaffold0001:55595545|55605799",9,11,NA
"838","scaffold0001:55596429|55605799",3,NA,NA
"839","scaffold0001:5560043|5560305",1,NA,NA
"840","scaffold0001:5560043|5561596",51,47,27
"841","scaffold0001:55679905|55680948",NA,3,NA
"842","scaffold0001:55746350|55746749",4,NA,NA
"843","scaffold0001:55756456|55759778",NA,3,NA
"844","scaffold0001:55764209|55764573",2,NA,NA
"845","scaffold0001:55782786|55783728",4,NA,NA
"846","scaffold0001:55783551|55783982",3,NA,NA
"847","scaffold0001:55808044|55808752",NA,5,NA
"848","scaffold0001:55815815|55816228",NA,NA,5
"849","scaffold0001:55868022|55868762",9,10,NA
"850","scaffold0001:55884095|55884250",3,NA,NA
"851","scaffold0001:55887893|55889123",NA,NA,1
"852","scaffold0001:55920567|55923201",NA,NA,2
"853","scaffold0001:55965243|55965652",4,NA,NA
"854","scaffold0001:55982156|55982339",NA,NA,2
"855","scaffold0001:55985632|55985742",NA,NA,1
"856","scaffold0001:55990575|55991001",NA,NA,3
"857","scaffold0001:56144351|56152309",NA,3,NA
"858","scaffold0001:56144351|56153469",8,NA,NA
"859","scaffold0001:56144351|56158418",3,NA,NA
"860","scaffold0001:56144351|56169171",NA,6,NA
"861","scaffold0001:56152250|56158418",3,7,NA
"862","scaffold0001:56152250|56163418",11,NA,NA
"863","scaffold0001:56153377|56163418",NA,NA,1
"864","scaffold0001:56158260|56163418",171,81,36
"865","scaffold0001:56162462|56163418",92,59,16
"866","scaffold0001:56162462|56169171",1,10,NA
"867","scaffold0001:56168653|56169171",41,10,2
"868","scaffold0001:56184479|56184624",NA,NA,3
"869","scaffold0001:56217338|56220061",NA,NA,3
"870","scaffold0001:56233050|56239265",8,9,6
"871","scaffold0001:56254727|56255141",3,NA,NA
"872","scaffold0001:56286532|56287215",2,8,NA
"873","scaffold0001:56286532|56287568",5,NA,NA
"874","scaffold0001:56509131|56509509",NA,NA,8
"875","scaffold0001:56509405|56513162",NA,NA,3
"876","scaffold0001:56511404|56513162",12,4,22
"877","scaffold0001:56525199|56528166",11,NA,4
"878","scaffold0001:56527523|56528166",265,119,136
"879","scaffold0001:56527523|56535775",NA,2,NA
"880","scaffold0001:56529427|56533321",5,NA,NA
"881","scaffold0001:56529427|56535775",9,NA,NA
"882","scaffold0001:56569263|56569844",6,NA,NA
"883","scaffold0001:56615322|56615586",13,NA,NA
"884","scaffold0001:56634951|56641520",NA,4,NA
"885","scaffold0001:56640725|56641520",19,6,3
"886","scaffold0001:56641319|56641520",NA,NA,2
"887","scaffold0001:56648345|56648802",1,NA,NA
"888","scaffold0001:56648345|56652125",6,NA,NA
"889","scaffold0001:56649144|56651745",NA,NA,2
"890","scaffold0001:56651613|56652125",2,NA,NA
"891","scaffold0001:56651745|56651989",3,NA,NA
"892","scaffold0001:56652323|56652720",1,NA,NA
"893","scaffold0001:56657429|56658876",NA,8,NA
"894","scaffold0001:56658008|56658876",4,NA,NA
"895","scaffold0001:56698148|56698602",1,NA,NA
"896","scaffold0001:56698148|56702125",4,NA,NA
"897","scaffold0001:56712677|56716367",NA,NA,2
"898","scaffold0001:56746483|56749222",NA,18,NA
"899","scaffold0001:56920531|56920861",4,NA,NA
"900","scaffold0001:56921782|56922074",NA,NA,4
"901","scaffold0001:56921784|56922074",39,55,31
"902","scaffold0001:56921787|56922074",NA,4,NA
"903","scaffold0001:56921901|56922074",NA,NA,2
"904","scaffold0001:56971708|56972493",NA,2,NA
"905","scaffold0001:57136201|57161267",1,NA,NA
"906","scaffold0001:57153402|57161267",NA,2,NA
"907","scaffold0001:57174931|57175187",NA,NA,1
"908","scaffold0001:5720623|5728253",NA,2,2
"909","scaffold0001:57266249|57266657",2,NA,NA
"910","scaffold0001:57348177|57353987",432,145,245
"911","scaffold0001:57348177|57357193",311,75,171
"912","scaffold0001:5744819|5748018",318,132,123
"913","scaffold0001:5747951|5754938",1,NA,NA
"914","scaffold0001:5796909|5810405",8,NA,2
"915","scaffold0001:5798402|5810405",21,NA,11
"916","scaffold0001:5943793|5944055",1,NA,NA
"917","scaffold0001:6003667|6026101",6,NA,NA
"918","scaffold0001:6022768|6026101",NA,10,9
"919","scaffold0001:6025120|6026101",NA,8,NA
"920","scaffold0001:6036599|6037115",NA,5,NA
"921","scaffold0001:6045771|6046071",4,NA,NA
"922","scaffold0001:6082134|6082921",NA,NA,4
"923","scaffold0001:60856876|60860098",10,NA,10
"924","scaffold0001:60856876|60909343",NA,NA,1
"925","scaffold0001:60903216|60909343",77,50,56
"926","scaffold0001:61027716|61042068",1,NA,NA
"927","scaffold0001:61047681|61051113",4,1,NA
"928","scaffold0001:61050321|61051113",10,3,10
"929","scaffold0001:61050321|61052691",6,NA,NA
"930","scaffold0001:61050321|61054256",2,NA,NA
"931","scaffold0001:61058342|61065164",NA,NA,5
"932","scaffold0001:61067622|61069844",2,NA,NA
"933","scaffold0001:61073714|61076201",NA,NA,5
"934","scaffold0001:61074700|61076201",NA,NA,3
"935","scaffold0001:6116693|6122749",1,NA,NA
"936","scaffold0001:61200048|61213882",NA,5,NA
"937","scaffold0001:61200048|61217397",2,NA,NA
"938","scaffold0001:61213774|61245906",1,6,NA
"939","scaffold0001:61217333|61305835",5,NA,NA
"940","scaffold0001:6122008|6122749",NA,NA,3
"941","scaffold0001:61245787|61261283",7,NA,NA
"942","scaffold0001:61245787|61296341",3,NA,3
"943","scaffold0001:61245787|61305835",37,8,11
"944","scaffold0001:61261198|61305835",19,27,24
"945","scaffold0001:61261198|61325559",6,NA,NA
"946","scaffold0001:6126217|6132793",2,5,15
"947","scaffold0001:6128628|6132793",11,7,5
"948","scaffold0001:61296228|61305835",27,16,17
"949","scaffold0001:61296228|61325559",36,12,26
"950","scaffold0001:61325393|61325559",3,NA,NA
"951","scaffold0001:6154414|6162474",114,17,61
"952","scaffold0001:6154414|6164181",5,2,2
"953","scaffold0001:6158785|6162474",NA,NA,2
"954","scaffold0001:6160028|6162474",31,33,25
"955","scaffold0001:6160028|6164181",1,NA,2
"956","scaffold0001:6167381|6171759",NA,NA,3
"957","scaffold0001:6174205|6184981",NA,18,5
"958","scaffold0001:62118813|62119035",2,NA,NA
"959","scaffold0001:62379936|62381922",5,NA,NA
"960","scaffold0001:62407329|62419089",NA,NA,1
"961","scaffold0001:62414978|62419089",NA,5,NA
"962","scaffold0001:62425013|62430049",5,NA,1
"963","scaffold0001:62452912|62453807",7,NA,NA
"964","scaffold0001:6253192|6270371",4,NA,NA
"965","scaffold0001:6253192|6276779",NA,NA,54
"966","scaffold0001:62599039|62603307",17,NA,4
"967","scaffold0001:62601265|62601500",2,NA,NA
"968","scaffold0001:62657985|62661107",10,23,13
"969","scaffold0001:62717994|62723155",NA,24,4
"970","scaffold0001:62721213|62723155",27,22,NA
"971","scaffold0001:62741630|62742839",17,NA,1
"972","scaffold0001:63079473|63081803",3,NA,NA
"973","scaffold0001:63080879|63081803",NA,NA,5
"974","scaffold0001:63152374|63172003",180,55,36
"975","scaffold0001:63152374|63203221",137,NA,16
"976","scaffold0001:63170184|63203221",32,NA,NA
"977","scaffold0001:6345503|6348030",1,NA,NA
"978","scaffold0001:6391078|6394426",2,11,9
"979","scaffold0001:63925217|63932081",NA,26,NA
"980","scaffold0001:6394306|6404933",NA,NA,12
"981","scaffold0001:63961316|63969772",2,NA,NA
"982","scaffold0001:63961316|63971112",7,NA,NA
"983","scaffold0001:63961316|63974885",NA,NA,2
"984","scaffold0001:63961316|63980717",27,6,12
"985","scaffold0001:64082941|64084319",6,NA,NA
"986","scaffold0001:64191628|64209104",7,NA,NA
"987","scaffold0001:66215802|66216640",2,NA,NA
"988","scaffold0001:66216524|66241432",27,14,8
"989","scaffold0001:66219974|66225835",3,NA,2
"990","scaffold0001:66242941|66244820",8,28,3
"991","scaffold0001:66245825|66246887",19,13,NA
"992","scaffold0001:66303691|66305088",NA,NA,10
"993","scaffold0001:66338052|66344711",5,NA,NA
"994","scaffold0001:66341729|66352434",6,NA,NA
"995","scaffold0001:66635688|66645639",NA,NA,1
"996","scaffold0001:66639444|66645639",NA,NA,2
"997","scaffold0001:66723855|66724782",4,NA,NA
"998","scaffold0001:67146239|67147510",NA,NA,4
"999","scaffold0001:67146239|67160550",2,NA,NA
"1000","scaffold0001:67147251|67160550",2,NA,NA
"1001","scaffold0001:67639159|67650656",5,10,NA
"1002","scaffold0001:67661741|67665162",NA,13,2
"1003","scaffold0001:6770986|6771658",7,NA,4
"1004","scaffold0001:67810426|67816466",6,NA,NA
"1005","scaffold0001:67827856|67833213",4,NA,NA
"1006","scaffold0001:67855618|67857557",NA,1,NA
"1007","scaffold0001:67902324|67907788",2,NA,NA
"1008","scaffold0001:67995597|67995860",7,NA,NA
"1009","scaffold0001:6804397|6805467",NA,5,NA
"1010","scaffold0001:6804400|6805467",6,9,NA
"1011","scaffold0001:6835105|6835274",1,NA,NA
"1012","scaffold0001:6837021|6837777",NA,NA,3
"1013","scaffold0001:68614208|68628251",NA,3,NA
"1014","scaffold0001:68731497|68733553",NA,NA,9
"1015","scaffold0001:68737525|68738548",NA,5,NA
"1016","scaffold0001:68737525|68739312",NA,3,NA
"1017","scaffold0001:68737525|68742221",7,NA,NA
"1018","scaffold0001:68741190|68742221",1,2,NA
"1019","scaffold0001:68755659|68758371",NA,NA,6
"1020","scaffold0001:68812977|68815037",1,NA,NA
"1021","scaffold0001:68859594|68864503",NA,22,NA
"1022","scaffold0001:68860863|68864503",6,NA,NA
"1023","scaffold0001:68957840|68964172",12,NA,NA
"1024","scaffold0001:68968813|68969571",6,18,15
"1025","scaffold0001:68968813|68976308",15,NA,11
"1026","scaffold0001:68971239|68976308",23,14,1
"1027","scaffold0001:698424|710398",NA,NA,1
"1028","scaffold0001:7066362|7066517",NA,8,NA
"1029","scaffold0001:710241|720297",19,28,6
"1030","scaffold0001:710241|726271",5,NA,2
"1031","scaffold0001:7154821|7155147",6,NA,NA
"1032","scaffold0001:7154821|7155148",NA,NA,2
"1033","scaffold0001:716884|718292",4,NA,NA
"1034","scaffold0001:716884|720297",2,NA,7
"1035","scaffold0001:7174981|7176034",3,NA,7
"1036","scaffold0001:7174981|7176727",2,2,NA
"1037","scaffold0001:7174981|7184657",NA,NA,6
"1038","scaffold0001:7175182|7175855",2,NA,NA
"1039","scaffold0001:7180506|7184657",2,7,3
"1040","scaffold0001:7183585|7184657",36,27,25
"1041","scaffold0001:725776|726271",NA,NA,5
"1042","scaffold0001:72866631|72876138",1,NA,NA
"1043","scaffold0001:72876041|72882685",NA,3,NA
"1044","scaffold0001:72882500|72886987",NA,7,NA
"1045","scaffold0001:72883277|72888562",NA,NA,3
"1046","scaffold0001:72893975|72896521",1,NA,NA
"1047","scaffold0001:72893975|72899340",3,NA,NA
"1048","scaffold0001:72893975|72929958",13,NA,9
"1049","scaffold0001:72929829|72972876",NA,NA,2
"1050","scaffold0001:7322732|7324610",NA,NA,1
"1051","scaffold0001:7322732|7325531",23,24,26
"1052","scaffold0001:7322732|7326960",2,NA,NA
"1053","scaffold0001:73247650|73248721",7,NA,NA
"1054","scaffold0001:73247650|73251397",NA,3,10
"1055","scaffold0001:7324918|7325531",2,NA,NA
"1056","scaffold0001:73250414|73251397",31,25,23
"1057","scaffold0001:736097|737019",NA,NA,2
"1058","scaffold0001:74073524|74073932",24,27,1
"1059","scaffold0001:7417117|7430092",3,NA,NA
"1060","scaffold0001:7426072|7426418",197,113,48
"1061","scaffold0001:74352171|74384015",6,NA,NA
"1062","scaffold0001:74453465|74454638",NA,1,1
"1063","scaffold0001:74453465|74467797",5,56,5
"1064","scaffold0001:74539759|74573757",2,NA,NA
"1065","scaffold0001:74554845|74573757",2,NA,NA
"1066","scaffold0001:7470577|7472523",13,27,17
"1067","scaffold0001:75880458|75882483",1,NA,3
"1068","scaffold0001:7593582|7594525",4,NA,NA
"1069","scaffold0001:7597462|7600979",8,NA,NA
"1070","scaffold0001:7602610|7603942",2,NA,2
"1071","scaffold0001:7602739|7603838",NA,2,NA
"1072","scaffold0001:76072653|76081202",2,NA,5
"1073","scaffold0001:76084516|76087006",10,NA,NA
"1074","scaffold0001:76088218|76095051",NA,NA,1
"1075","scaffold0001:76108714|76118181",1,NA,NA
"1076","scaffold0001:76122450|76131555",6,NA,7
"1077","scaffold0001:76122450|76149575",1,NA,NA
"1078","scaffold0001:76131436|76149575",8,NA,7
"1079","scaffold0001:7678090|7680917",23,25,20
"1080","scaffold0001:7696155|7697258",4,NA,NA
"1081","scaffold0001:77286266|77293502",NA,NA,3
"1082","scaffold0001:77302785|77360754",3,NA,NA
"1083","scaffold0001:77321140|77347608",NA,11,NA
"1084","scaffold0001:77330277|77360754",8,NA,NA
"1085","scaffold0001:77344405|77360754",23,14,NA
"1086","scaffold0001:7743912|7745701",64,22,18
"1087","scaffold0001:7774978|7775292",4,NA,NA
"1088","scaffold0001:78363791|78399736",1,NA,NA
"1089","scaffold0001:78389585|78417775",3,NA,NA
"1090","scaffold0001:7840359|7845926",12,NA,NA
"1091","scaffold0001:78778426|78778997",10,16,NA
"1092","scaffold0001:78906457|78912954",3,NA,NA
"1093","scaffold0001:78906457|78936637",7,NA,2
"1094","scaffold0001:7904351|7904572",8,NA,NA
"1095","scaffold0001:7926710|7927634",NA,NA,2
"1096","scaffold0001:7942680|7942880",4,NA,NA
"1097","scaffold0001:7942880|7944126",NA,2,NA
"1098","scaffold0001:7950262|7951046",5,NA,NA
"1099","scaffold0001:7950262|7951827",1,NA,NA
"1100","scaffold0001:8038240|8038923",NA,6,NA
"1101","scaffold0001:80385|80536",NA,4,NA
"1102","scaffold0001:80536|80704",NA,1,NA
"1103","scaffold0001:8056718|8057226",3,7,33
"1104","scaffold0001:80797|80949",NA,NA,2
"1105","scaffold0001:8204592|8205152",NA,3,NA
"1106","scaffold0001:8204592|8213504",NA,9,NA
"1107","scaffold0001:8268167|8270830",NA,NA,3
"1108","scaffold0001:8270194|8270615",7,NA,NA
"1109","scaffold0001:83675934|83676163",NA,NA,1
"1110","scaffold0001:83697641|83700022",NA,NA,6
"1111","scaffold0001:83813404|83823941",7,3,7
"1112","scaffold0001:84110346|84119609",5,3,NA
"1113","scaffold0001:84122028|84149841",NA,NA,1
"1114","scaffold0001:8480826|8485961",NA,1,NA
"1115","scaffold0001:85095431|85163339",7,NA,NA
"1116","scaffold0001:85138720|85139583",9,NA,NA
"1117","scaffold0001:85138720|85163339",NA,NA,10
"1118","scaffold0001:85159109|85163339",12,10,18
"1119","scaffold0001:85303041|85304421",1,NA,7
"1120","scaffold0001:85316356|85318142",NA,4,NA
"1121","scaffold0001:85317980|85318142",3,NA,1
"1122","scaffold0001:85321462|85325349",10,NA,NA
"1123","scaffold0001:85325223|85325691",191,98,114
"1124","scaffold0001:85330304|85344667",1,NA,NA
"1125","scaffold0001:85344249|85344667",42,11,14
"1126","scaffold0001:86858766|86859902",NA,9,NA
"1127","scaffold0001:86858766|86866062",9,NA,NA
"1128","scaffold0001:8844544|8846134",NA,6,NA
"1129","scaffold0001:88453963|88454681",NA,6,2
"1130","scaffold0001:8845484|8850657",5,NA,NA
"1131","scaffold0001:88483259|88516369",4,NA,NA
"1132","scaffold0001:88516241|88528403",NA,NA,1
"1133","scaffold0001:89033228|89034590",33,18,14
"1134","scaffold0001:89129420|89142579",5,NA,NA
"1135","scaffold0001:89134733|89142579",11,NA,NA
"1136","scaffold0001:89136939|89142579",NA,5,NA
"1137","scaffold0001:89878028|89904646",120,88,49
"1138","scaffold0001:89878028|89928897",2,NA,1
"1139","scaffold0001:89878028|89942701",NA,2,NA
"1140","scaffold0001:89900820|89904646",NA,NA,4
"1141","scaffold0001:8991165|8995921",105,90,72
"1142","scaffold0001:8991165|9012318",11,NA,19
"1143","scaffold0001:89928782|89942701",NA,NA,17
"1144","scaffold0001:89936541|89942701",10,12,47
"1145","scaffold0001:89939879|89942473",2,NA,NA
"1146","scaffold0001:89939879|89942701",NA,29,NA
"1147","scaffold0001:89951982|89957719",3,NA,NA
"1148","scaffold0001:89951982|89977967",NA,1,NA
"1149","scaffold0001:9012224|9016971",101,85,NA
"1150","scaffold0001:9016971|9017509",NA,1,NA
"1151","scaffold0001:9021426|9035395",1,NA,NA
"1152","scaffold0001:90237651|90238568",NA,7,NA
"1153","scaffold0001:9028507|9029981",37,37,NA
"1154","scaffold0001:9034739|9035235",NA,NA,7
"1155","scaffold0001:9040989|9041520",NA,6,NA
"1156","scaffold0001:9046174|9047063",NA,NA,8
"1157","scaffold0001:9047084|9048533",NA,6,NA
"1158","scaffold0001:9047827|9048422",NA,NA,4
"1159","scaffold0001:90962335|90983851",NA,NA,4
"1160","scaffold0001:90964391|90983851",6,NA,6
"1161","scaffold0001:90976067|90985260",30,9,7
"1162","scaffold0001:90979603|90985260",38,12,8
"1163","scaffold0001:91124304|91125719",NA,2,NA
"1164","scaffold0001:91125394|91125719",1,NA,NA
"1165","scaffold0001:91390880|91400399",NA,12,NA
"1166","scaffold0001:91828171|91829267",4,NA,2
"1167","scaffold0001:91828171|91840266",NA,NA,1
"1168","scaffold0001:91944878|91945398",1,NA,NA
"1169","scaffold0001:91987202|91992760",7,22,NA
"1170","scaffold0001:92013555|92017437",NA,NA,1
"1171","scaffold0001:92013555|92019450",1,5,NA
"1172","scaffold0001:92036064|92041133",3,NA,NA
"1173","scaffold0001:92409754|92412816",5,NA,NA
"1174","scaffold0001:92768840|92769883",NA,4,5
"1175","scaffold0001:92768840|92786351",NA,NA,1
"1176","scaffold0001:92839294|92839716",3,NA,NA
"1177","scaffold0001:92877597|92878515",7,4,NA
"1178","scaffold0001:92975542|92977464",5,NA,NA
"1179","scaffold0001:93106005|93107353",NA,8,1
"1180","scaffold0001:93138516|93138718",4,5,3
"1181","scaffold0001:93139293|93139749",2,NA,NA
"1182","scaffold0001:9313958|9314183",NA,12,NA
"1183","scaffold0001:93326729|93331387",1,NA,NA
"1184","scaffold0001:93438111|93448186",1,NA,NA
"1185","scaffold0001:93457949|93469551",NA,NA,1
"1186","scaffold0001:93466643|93468225",NA,NA,2
"1187","scaffold0001:93466643|93471822",1,11,NA
"1188","scaffold0001:93469369|93471822",526,332,253
"1189","scaffold0001:93471627|93471822",NA,NA,1
"1190","scaffold0001:93471627|93475263",12,7,NA
"1191","scaffold0001:93471627|93477289",1,NA,7
"1192","scaffold0001:93471627|93498329",3,NA,NA
"1193","scaffold0001:93492828|93498329",28,10,2
"1194","scaffold0001:93492828|93505395",NA,NA,5
"1195","scaffold0001:93503077|93505395",NA,2,15
"1196","scaffold0001:93539245|93541306",11,11,7
"1197","scaffold0001:93541062|93550298",5,NA,NA
"1198","scaffold0001:93555727|93556097",13,NA,6
"1199","scaffold0001:93955557|93955778",7,10,7
"1200","scaffold0001:93955557|93957305",60,13,22
"1201","scaffold0001:93990349|94006340",NA,NA,3
"1202","scaffold0001:94000567|94006340",28,19,4
"1203","scaffold0001:94006190|94010348",1,NA,6
"1204","scaffold0001:94021210|94027817",4,NA,NA
"1205","scaffold0001:94235554|94290882",NA,4,NA
"1206","scaffold0001:94317762|94323018",NA,8,9
"1207","scaffold0001:94361455|94414443",3,NA,NA
"1208","scaffold0001:94414282|94539069",NA,1,NA
"1209","scaffold0001:94414282|94572458",NA,3,NA
"1210","scaffold0001:94766923|94774360",46,107,33
"1211","scaffold0001:94774067|94774360",39,88,18
"1212","scaffold0001:94902123|94905365",1,NA,NA
"1213","scaffold0001:95039116|95044291",NA,3,NA
"1214","scaffold0001:95101460|95103787",6,10,NA
"1215","scaffold0001:95101460|95132765",79,NA,12
"1216","scaffold0001:95250084|95254957",92,NA,NA
"1217","scaffold0001:95610569|95618880",3,NA,NA
"1218","scaffold0001:95664022|95673618",3,1,2
"1219","scaffold0001:95664022|95692954",1,NA,NA
"1220","scaffold0001:9576011|9576990",4,NA,NA
"1221","scaffold0001:9576990|9579608",NA,NA,2
"1222","scaffold0001:95830537|95831421",2,NA,NA
"1223","scaffold0001:95920740|95960974",NA,4,NA
"1224","scaffold0001:95920740|95963076",2,NA,NA
"1225","scaffold0001:95924151|95960974",2,NA,NA
"1226","scaffold0001:95960829|95963076",205,17,7
"1227","scaffold0001:95985966|95987640",7,NA,NA
"1228","scaffold0001:9631749|9638887",NA,14,NA
"1229","scaffold0001:96481422|96482922",20,30,33
"1230","scaffold0001:96481422|96490494",4,NA,NA
"1231","scaffold0001:96519830|96528641",39,42,58
"1232","scaffold0001:96525231|96528641",6,NA,8
"1233","scaffold0001:96525231|96544949",NA,2,NA
"1234","scaffold0001:96528530|96536748",2,NA,NA
"1235","scaffold0001:96528530|96537235",5,NA,NA
"1236","scaffold0001:96534258|96537235",NA,2,8
"1237","scaffold0001:96772080|96784348",4,NA,NA
"1238","scaffold0001:9678252|9678948",NA,NA,6
"1239","scaffold0001:96816672|96838158",4,NA,NA
"1240","scaffold0001:97464524|97485816",36,NA,NA
"1241","scaffold0001:97464524|97511131",6,NA,NA
"1242","scaffold0001:97508621|97511131",2,NA,NA
"1243","scaffold0001:98190366|98201342",25,NA,15
"1244","scaffold0001:98590473|98590990",22,4,2
"1245","scaffold0001:98590473|98612023",4,NA,NA
"1246","scaffold0001:99049798|99059464",7,NA,NA
"1247","scaffold0001:99135985|99136950",117,21,20
"1248","scaffold0001:99135985|99139336",242,118,132
"1249","scaffold0001:99135985|99153555",42,17,5
"1250","scaffold0001:99135985|99182259",6,NA,NA
"1251","scaffold0001:99153393|99182259",25,11,10
"1252","scaffold0001:99182111|99242096",NA,5,NA
"1253","scaffold0001:99228334|99232123",2,NA,NA
"1254","scaffold0001:99228334|99242096",1,NA,NA
"1255","scaffold0001:99228334|99246582",7,NA,NA
"1256","scaffold0001:99228334|99253638",NA,NA,4
"1257","scaffold0001:99228334|99254158",8,8,5
"1258","scaffold0001:99241994|99253638",NA,3,NA
"1259","scaffold0001:99245220|99254158",NA,7,NA
"1260","scaffold0001:99245220|99260587",NA,NA,4
"1261","scaffold0001:99291753|99293236",5,NA,NA
"1262","scaffold0001:99440502|99441203",8,NA,NA
"1263","scaffold0001:99440502|99443840",3,NA,NA
"1264","scaffold0001:99655345|99655558",2,NA,NA
"1265","scaffold0002:100780513|100782125",12,NA,4
"1266","scaffold0002:100838965|100839415",NA,NA,1
"1267","scaffold0002:101122000|101122709",6,5,NA
"1268","scaffold0002:101390070|101394592",2,NA,NA
"1269","scaffold0002:101414090|101420647",11,NA,NA
"1270","scaffold0002:101414090|101423687",5,NA,NA
"1271","scaffold0002:101414090|101431576",NA,3,33
"1272","scaffold0002:101476227|101482285",1,NA,NA
"1273","scaffold0002:102010413|102010552",1,NA,NA
"1274","scaffold0002:102010413|102018652",5,NA,8
"1275","scaffold0002:102010413|102028747",NA,2,NA
"1276","scaffold0002:102111883|102124831",2,NA,NA
"1277","scaffold0002:102115590|102117536",NA,9,NA
"1278","scaffold0002:102119156|102119943",13,NA,4
"1279","scaffold0002:102119156|102124831",NA,11,6
"1280","scaffold0002:102119817|102124831",NA,NA,5
"1281","scaffold0002:102208697|102210557",1,NA,NA
"1282","scaffold0002:102282089|102283542",14,NA,13
"1283","scaffold0002:102300076|102300687",NA,10,NA
"1284","scaffold0002:102300076|102313067",6,NA,NA
"1285","scaffold0002:103436495|103436919",5,NA,NA
"1286","scaffold0002:103823078|103835426",137,NA,26
"1287","scaffold0002:103831216|103835426",74,NA,19
"1288","scaffold0002:103855741|103861888",NA,5,NA
"1289","scaffold0002:105215361|105229393",23,14,NA
"1290","scaffold0002:105215361|105254235",NA,5,NA
"1291","scaffold0002:105225196|105228451",NA,NA,4
"1292","scaffold0002:105225196|105229393",4,10,NA
"1293","scaffold0002:105228126|105229393",2,NA,9
"1294","scaffold0002:105365123|105371414",39,NA,11
"1295","scaffold0002:105365123|105376010",6,NA,NA
"1296","scaffold0002:105426159|105432567",8,NA,NA
"1297","scaffold0002:105744493|105768402",NA,6,7
"1298","scaffold0002:105744493|105771311",77,35,65
"1299","scaffold0002:105757335|105771311",NA,10,NA
"1300","scaffold0002:105768229|105771311",32,17,8
"1301","scaffold0002:105987737|105987946",NA,NA,3
"1302","scaffold0002:105987737|106018759",NA,NA,3
"1303","scaffold0002:105987737|106049190",136,24,26
"1304","scaffold0002:105987737|106086772",3,11,4
"1305","scaffold0002:106018699|106049190",NA,NA,7
"1306","scaffold0002:106018699|106086772",5,17,2
"1307","scaffold0002:106049045|106086772",NA,6,NA
"1308","scaffold0002:106733525|106736540",2,NA,NA
"1309","scaffold0002:106735891|106736540",3,NA,NA
"1310","scaffold0002:106742664|106747056",3,NA,NA
"1311","scaffold0002:106744020|106744901",4,NA,5
"1312","scaffold0002:106767215|106775378",2,NA,NA
"1313","scaffold0002:106767215|106781742",4,NA,NA
"1314","scaffold0002:106767215|106788288",NA,2,NA
"1315","scaffold0002:106776962|106778925",30,17,19
"1316","scaffold0002:106776962|106784828",8,NA,NA
"1317","scaffold0002:106778822|106780437",2,NA,2
"1318","scaffold0002:106783095|106788288",13,15,2
"1319","scaffold0002:106783095|106792609",NA,NA,1
"1320","scaffold0002:106783095|106796210",8,42,4
"1321","scaffold0002:106787339|106788288",1,NA,NA
"1322","scaffold0002:106828818|106833671",7,4,3
"1323","scaffold0002:106940647|106946380",2,NA,NA
"1324","scaffold0002:106953155|106960697",5,NA,NA
"1325","scaffold0002:106953155|106963546",2,NA,NA
"1326","scaffold0002:106956027|106960697",368,149,150
"1327","scaffold0002:106956027|106963546",12,NA,NA
"1328","scaffold0002:106956027|106965725",4,NA,NA
"1329","scaffold0002:106956027|106968301",NA,NA,9
"1330","scaffold0002:106963375|106965725",NA,NA,4
"1331","scaffold0002:106963375|106968301",NA,NA,3
"1332","scaffold0002:106965058|106965725",29,NA,NA
"1333","scaffold0002:106965058|106969747",NA,NA,4
"1334","scaffold0002:106968168|106969747",8,9,NA
"1335","scaffold0002:107102565|107109357",4,NA,NA
"1336","scaffold0002:107108797|107116850",NA,NA,1
"1337","scaffold0002:107108797|107126097",NA,5,NA
"1338","scaffold0002:107111177|107111360",2,NA,NA
"1339","scaffold0002:107111177|107113745",NA,NA,2
"1340","scaffold0002:107111863|107112811",2,NA,4
"1341","scaffold0002:107112074|107112728",3,NA,NA
"1342","scaffold0002:107112728|107116850",8,NA,NA
"1343","scaffold0002:107529958|107530281",3,NA,NA
"1344","scaffold0002:107533207|107535442",NA,NA,3
"1345","scaffold0002:107549233|107550397",NA,NA,1
"1346","scaffold0002:107549233|107551159",2,NA,NA
"1347","scaffold0002:107586319|107603518",NA,NA,1
"1348","scaffold0002:107590481|107597611",11,NA,NA
"1349","scaffold0002:107597450|107603518",9,12,17
"1350","scaffold0002:107598383|107603518",7,NA,NA
"1351","scaffold0002:107699604|107700082",NA,1,NA
"1352","scaffold0002:107699604|107702614",NA,NA,2
"1353","scaffold0002:107699604|107711900",NA,2,NA
"1354","scaffold0002:107702547|107708827",2,NA,NA
"1355","scaffold0002:107708642|107711900",13,6,10
"1356","scaffold0002:107711170|107711900",NA,NA,4
"1357","scaffold0002:1077368|1086617",1,NA,NA
"1358","scaffold0002:1077368|1090854",NA,2,5
"1359","scaffold0002:10783289|10783797",12,7,NA
"1360","scaffold0002:10783289|10786448",9,NA,NA
"1361","scaffold0002:10790252|10790706",NA,9,NA
"1362","scaffold0002:1079457|1086617",1,NA,NA
"1363","scaffold0002:1079457|1090854",NA,2,2
"1364","scaffold0002:1080864|1090854",NA,2,3
"1365","scaffold0002:10846528|10861816",7,NA,NA
"1366","scaffold0002:10849427|10861816",32,NA,2
"1367","scaffold0002:10849427|10879431",NA,NA,2
"1368","scaffold0002:10849427|10897221",NA,5,NA
"1369","scaffold0002:10851186|10861816",5,NA,NA
"1370","scaffold0002:10879199|10897221",4,NA,NA
"1371","scaffold0002:10893212|10897221",24,8,15
"1372","scaffold0002:10893212|10909576",2,NA,NA
"1373","scaffold0002:10893212|10917732",31,NA,10
"1374","scaffold0002:10893212|10925927",71,11,33
"1375","scaffold0002:10893212|10977688",NA,3,NA
"1376","scaffold0002:10909453|10917732",NA,NA,1
"1377","scaffold0002:10911797|10917732",2,NA,NA
"1378","scaffold0002:10973249|10977688",3,NA,3
"1379","scaffold0002:11408485|11409066",51,33,7
"1380","scaffold0002:11416347|11434824",NA,3,NA
"1381","scaffold0002:11434730|11444700",NA,NA,1
"1382","scaffold0002:11434730|11451941",141,210,77
"1383","scaffold0002:11444570|11451941",65,120,24
"1384","scaffold0002:11448229|11451941",181,191,70
"1385","scaffold0002:11551386|11553014",NA,NA,1
"1386","scaffold0002:11553014|11554007",NA,NA,1
"1387","scaffold0002:11570623|11572064",44,15,20
"1388","scaffold0002:11570623|11576005",NA,4,NA
"1389","scaffold0002:11575924|11581635",NA,NA,3
"1390","scaffold0002:11579514|11580459",NA,NA,6
"1391","scaffold0002:11684673|11708175",116,61,123
"1392","scaffold0002:11684673|11741427",1,NA,NA
"1393","scaffold0002:11727683|11731954",10,NA,1
"1394","scaffold0002:11727683|11735468",2,NA,11
"1395","scaffold0002:11727683|11749088",2,NA,5
"1396","scaffold0002:11735098|11789180",1,NA,NA
"1397","scaffold0002:11741308|11749088",35,20,24
"1398","scaffold0002:11741308|11789180",22,3,NA
"1399","scaffold0002:11747256|11749088",4,NA,NA
"1400","scaffold0002:11747256|11789180",NA,4,NA
"1401","scaffold0002:1175853|1175976",3,NA,2
"1402","scaffold0002:11786691|11789180",33,25,9
"1403","scaffold0002:11786691|11997589",NA,NA,4
"1404","scaffold0002:11874972|11930883",1,NA,NA
"1405","scaffold0002:11874972|11997589",2,NA,NA
"1406","scaffold0002:11930776|12029809",1,NA,NA
"1407","scaffold0002:11997472|12029809",9,11,NA
"1408","scaffold0002:11997472|12124547",NA,NA,3
"1409","scaffold0002:12025604|12029809",5,NA,2
"1410","scaffold0002:1203589|1222352",4,NA,NA
"1411","scaffold0002:1209326|1210786",2,NA,12
"1412","scaffold0002:12094287|12124547",5,NA,NA
"1413","scaffold0002:1210648|1222352",67,50,32
"1414","scaffold0002:1222270|1231005",9,NA,6
"1415","scaffold0002:1224494|1229554",2,NA,NA
"1416","scaffold0002:127249|127542",4,NA,NA
"1417","scaffold0002:128665|128853",1,NA,NA
"1418","scaffold0002:1288625|1289324",2,NA,NA
"1419","scaffold0002:1290651|1299588",72,NA,21
"1420","scaffold0002:129234|129574",2,NA,NA
"1421","scaffold0002:1294437|1297219",14,3,NA
"1422","scaffold0002:1294437|1299588",NA,25,NA
"1423","scaffold0002:1294437|1318066",NA,NA,2
"1424","scaffold0002:1299444|1300784",2,NA,NA
"1425","scaffold0002:1299444|1313278",NA,4,NA
"1426","scaffold0002:129949|130102",NA,NA,5
"1427","scaffold0002:13494716|13504702",12,NA,19
"1428","scaffold0002:13502720|13504702",15,16,1
"1429","scaffold0002:13504523|13515950",5,NA,NA
"1430","scaffold0002:13515812|13519200",NA,1,NA
"1431","scaffold0002:13732258|13732448",12,3,8
"1432","scaffold0002:13732258|13806849",NA,1,NA
"1433","scaffold0002:1377188|1389580",NA,4,NA
"1434","scaffold0002:13780692|13802453",NA,NA,2
"1435","scaffold0002:13856478|13856810",23,20,22
"1436","scaffold0002:13856478|13859709",6,NA,NA
"1437","scaffold0002:1385738|1389580",2,10,NA
"1438","scaffold0002:1385738|1396036",11,NA,17
"1439","scaffold0002:1389483|1396036",8,NA,1
"1440","scaffold0002:13942294|13948550",1,NA,NA
"1441","scaffold0002:13946900|13948550",1,NA,NA
"1442","scaffold0002:13946900|13950256",1,NA,NA
"1443","scaffold0002:13948419|13955784",NA,NA,2
"1444","scaffold0002:13979320|13980609",823,450,387
"1445","scaffold0002:13996916|13999223",NA,NA,1
"1446","scaffold0002:13996916|14008366",NA,3,NA
"1447","scaffold0002:14006812|14015181",4,NA,NA
"1448","scaffold0002:14216829|14220897",2,NA,NA
"1449","scaffold0002:14253260|14260465",16,NA,NA
"1450","scaffold0002:14255305|14260465",1,NA,NA
"1451","scaffold0002:14286362|14286745",3,NA,NA
"1452","scaffold0002:14314959|14327824",NA,NA,5
"1453","scaffold0002:14320887|14324710",9,NA,NA
"1454","scaffold0002:14320887|14331593",15,NA,NA
"1455","scaffold0002:14323669|14331593",6,NA,NA
"1456","scaffold0002:14365713|14378679",9,3,NA
"1457","scaffold0002:14367263|14378679",3,7,NA
"1458","scaffold0002:14478845|14490545",NA,NA,1
"1459","scaffold0002:14478845|14504888",NA,NA,3
"1460","scaffold0002:14489055|14490545",NA,NA,1
"1461","scaffold0002:14503608|14504888",NA,NA,2
"1462","scaffold0002:14509449|14512030",2,NA,NA
"1463","scaffold0002:14511868|14519370",1,NA,NA
"1464","scaffold0002:14519277|14521228",4,NA,NA
"1465","scaffold0002:14519277|14532909",7,NA,NA
"1466","scaffold0002:14530248|14532909",4,NA,NA
"1467","scaffold0002:14530248|14535739",6,NA,14
"1468","scaffold0002:14530248|14544544",NA,NA,3
"1469","scaffold0002:14561143|14561343",NA,4,NA
"1470","scaffold0002:14561143|14563980",NA,4,NA
"1471","scaffold0002:14648778|14650697",NA,8,NA
"1472","scaffold0002:150050|152825",4,NA,NA
"1473","scaffold0002:15523998|15524506",6,NA,7
"1474","scaffold0002:15577728|15579011",52,46,35
"1475","scaffold0002:15627697|15639736",NA,NA,1
"1476","scaffold0002:1584605|1591786",26,NA,NA
"1477","scaffold0002:1584605|1604212",1,NA,NA
"1478","scaffold0002:1600997|1604212",3,NA,NA
"1479","scaffold0002:16060098|16063321",2,NA,NA
"1480","scaffold0002:16074840|16075207",NA,NA,4
"1481","scaffold0002:16091864|16092299",2,NA,NA
"1482","scaffold0002:16093007|16094579",NA,2,NA
"1483","scaffold0002:16095236|16100800",8,17,9
"1484","scaffold0002:16098243|16100800",177,82,101
"1485","scaffold0002:16108283|16119304",4,NA,NA
"1486","scaffold0002:16113367|16119304",3,NA,NA
"1487","scaffold0002:16134727|16144632",2,8,NA
"1488","scaffold0002:16134727|16145658",NA,8,NA
"1489","scaffold0002:16135831|16136310",2,NA,NA
"1490","scaffold0002:16141529|16145658",3,NA,NA
"1491","scaffold0002:16422828|16426325",6,NA,NA
"1492","scaffold0002:16423334|16424274",2,NA,NA
"1493","scaffold0002:16579584|16584415",64,NA,9
"1494","scaffold0002:16667928|16670497",103,79,103
"1495","scaffold0002:16667928|16672329",NA,NA,21
"1496","scaffold0002:16691238|16697049",93,NA,39
"1497","scaffold0002:16691238|16703881",10,18,NA
"1498","scaffold0002:16694396|16696018",5,NA,NA
"1499","scaffold0002:16694396|16703881",28,14,NA
"1500","scaffold0002:16702250|16703881",635,346,360
"1501","scaffold0002:16749865|16752651",NA,NA,2
"1502","scaffold0002:16752477|16753253",3,NA,NA
"1503","scaffold0002:1684200|1687417",NA,NA,1
"1504","scaffold0002:16913465|16913644",6,NA,NA
"1505","scaffold0002:16915267|16915912",3,NA,NA
"1506","scaffold0002:17052681|17053629",7,NA,15
"1507","scaffold0002:17162199|17165840",14,6,7
"1508","scaffold0002:17183975|17187265",2,NA,NA
"1509","scaffold0002:17185151|17187265",NA,12,19
"1510","scaffold0002:17236422|17240234",73,30,12
"1511","scaffold0002:17274796|17277862",6,NA,1
"1512","scaffold0002:17280305|17319779",2,NA,NA
"1513","scaffold0002:17295970|17300545",44,NA,14
"1514","scaffold0002:17295970|17326759",18,NA,9
"1515","scaffold0002:17295970|17345524",11,NA,NA
"1516","scaffold0002:17319660|17326759",8,NA,NA
"1517","scaffold0002:17319660|17340569",11,20,NA
"1518","scaffold0002:17319660|17345524",6,NA,3
"1519","scaffold0002:17319660|17362812",2,NA,NA
"1520","scaffold0002:17319660|17372361",13,NA,NA
"1521","scaffold0002:17326649|17340569",2,12,10
"1522","scaffold0002:17326649|17345524",9,NA,NA
"1523","scaffold0002:17340391|17372361",3,NA,NA
"1524","scaffold0002:17345388|17372361",NA,NA,6
"1525","scaffold0002:174292|174725",5,NA,NA
"1526","scaffold0002:1770761|1776723",NA,NA,5
"1527","scaffold0002:177393|177571",NA,NA,6
"1528","scaffold0002:177393|179059",1,6,NA
"1529","scaffold0002:1785275|1785449",NA,NA,2
"1530","scaffold0002:1785913|1786228",NA,NA,4
"1531","scaffold0002:1787102|1787420",NA,NA,6
"1532","scaffold0002:178903|184953",NA,2,NA
"1533","scaffold0002:1791651|1792011",42,66,19
"1534","scaffold0002:1791651|1792187",12,NA,7
"1535","scaffold0002:1791651|1792322",NA,9,NA
"1536","scaffold0002:1795405|1795604",NA,10,NA
"1537","scaffold0002:1797235|1797370",1,NA,NA
"1538","scaffold0002:18005358|18015900",3,NA,NA
"1539","scaffold0002:1834482|1834757",NA,11,NA
"1540","scaffold0002:1836277|1837385",1,NA,NA
"1541","scaffold0002:1846740|1847315",1,NA,NA
"1542","scaffold0002:184795|184953",5,NA,NA
"1543","scaffold0002:18614376|18617678",NA,NA,1
"1544","scaffold0002:193637|193855",NA,NA,2
"1545","scaffold0002:19399740|19399953",16,1,22
"1546","scaffold0002:2036396|2050924",3,NA,NA
"1547","scaffold0002:2036396|2068050",111,59,9
"1548","scaffold0002:2050858|2068050",20,6,NA
"1549","scaffold0002:21218659|21222430",17,NA,NA
"1550","scaffold0002:21220736|21222430",73,39,NA
"1551","scaffold0002:212891|213246",75,17,29
"1552","scaffold0002:21367069|21374456",NA,1,NA
"1553","scaffold0002:21395002|21425326",1,NA,NA
"1554","scaffold0002:21407561|21433385",8,NA,2
"1555","scaffold0002:21418818|21425326",12,NA,NA
"1556","scaffold0002:21418818|21428197",NA,4,2
"1557","scaffold0002:21423992|21433385",NA,11,2
"1558","scaffold0002:21428058|21433385",NA,14,NA
"1559","scaffold0002:21637662|21638823",9,NA,NA
"1560","scaffold0002:21732057|21734754",NA,11,7
"1561","scaffold0002:21738915|21743481",NA,11,NA
"1562","scaffold0002:21754564|21754735",2,NA,NA
"1563","scaffold0002:21777008|21785370",1,NA,NA
"1564","scaffold0002:21853595|21855334",NA,NA,3
"1565","scaffold0002:21854786|21864526",5,NA,NA
"1566","scaffold0002:22175849|22176001",NA,NA,1
"1567","scaffold0002:22223143|22223299",1,NA,NA
"1568","scaffold0002:22291691|22294088",NA,NA,2
"1569","scaffold0002:22293454|22294088",4,NA,NA
"1570","scaffold0002:22319073|22322501",8,NA,7
"1571","scaffold0002:22322501|22322761",NA,6,NA
"1572","scaffold0002:22342854|22346464",NA,17,NA
"1573","scaffold0002:22346319|22366325",11,NA,NA
"1574","scaffold0002:22346319|22370356",11,3,4
"1575","scaffold0002:22366203|22370356",8,NA,NA
"1576","scaffold0002:22394925|22403757",24,16,3
"1577","scaffold0002:22394925|22406979",NA,5,NA
"1578","scaffold0002:22394925|22408810",7,6,5
"1579","scaffold0002:22395582|22408810",NA,NA,2
"1580","scaffold0002:22406801|22408810",51,43,56
"1581","scaffold0002:22418970|22420339",8,2,4
"1582","scaffold0002:22908700|22909224",3,NA,NA
"1583","scaffold0002:22928376|22941085",2,5,7
"1584","scaffold0002:22928376|22946584",3,NA,NA
"1585","scaffold0002:22940939|22946584",2,NA,2
"1586","scaffold0002:22971401|22976560",8,10,7
"1587","scaffold0002:22971401|22978256",NA,NA,5
"1588","scaffold0002:23083584|23084045",1,NA,NA
"1589","scaffold0002:23226307|23229825",NA,NA,14
"1590","scaffold0002:23229188|23236547",169,110,100
"1591","scaffold0002:23236446|23245265",11,NA,NA
"1592","scaffold0002:23242261|23247629",4,NA,2
"1593","scaffold0002:23298371|23298863",NA,NA,2
"1594","scaffold0002:23309253|23311676",NA,NA,7
"1595","scaffold0002:23310522|23311676",NA,6,NA
"1596","scaffold0002:23324456|23326387",2,NA,NA
"1597","scaffold0002:23370514|23372036",NA,NA,7
"1598","scaffold0002:23397035|23397359",NA,NA,11
"1599","scaffold0002:23433510|23435240",1,NA,NA
"1600","scaffold0002:23475117|23478824",NA,1,NA
"1601","scaffold0002:23510863|23729313",NA,9,NA
"1602","scaffold0002:23573749|23729313",NA,NA,2
"1603","scaffold0002:23591011|23729313",NA,3,NA
"1604","scaffold0002:24095498|24134468",NA,3,NA
"1605","scaffold0002:24284178|24285640",NA,NA,2
"1606","scaffold0002:24503434|24507628",1,NA,NA
"1607","scaffold0002:24521192|24521626",NA,NA,2
"1608","scaffold0002:24546007|24546954",3,NA,NA
"1609","scaffold0002:24643095|24643262",NA,8,3
"1610","scaffold0002:24714185|24714882",21,19,13
"1611","scaffold0002:24723468|24725938",3,NA,NA
"1612","scaffold0002:24723468|24727758",2,NA,NA
"1613","scaffold0002:24725578|24725938",6,NA,4
"1614","scaffold0002:24727454|24727588",NA,NA,5
"1615","scaffold0002:24727454|24727645",1,NA,NA
"1616","scaffold0002:24727758|24727920",3,8,NA
"1617","scaffold0002:24739831|24741496",14,10,17
"1618","scaffold0002:24749532|24749662",NA,NA,2
"1619","scaffold0002:24907511|24907961",1,NA,2
"1620","scaffold0002:24907511|24909956",11,NA,NA
"1621","scaffold0002:25118870|25119542",39,35,70
"1622","scaffold0002:25223757|25224213",1,NA,NA
"1623","scaffold0002:25223889|25224112",NA,NA,3
"1624","scaffold0002:25225188|25226109",NA,NA,6
"1625","scaffold0002:25225272|25225900",1,NA,NA
"1626","scaffold0002:2523571|2524040",8,9,NA
"1627","scaffold0002:2528185|2531668",NA,5,NA
"1628","scaffold0002:25289498|25290541",1,NA,NA
"1629","scaffold0002:25401638|25402625",85,18,31
"1630","scaffold0002:2540322|2551115",13,NA,NA
"1631","scaffold0002:2540322|2554114",NA,NA,3
"1632","scaffold0002:2540322|2559051",11,1,15
"1633","scaffold0002:2547195|2554114",NA,12,NA
"1634","scaffold0002:2547195|2559051",24,5,3
"1635","scaffold0002:2550229|2554114",NA,8,13
"1636","scaffold0002:2550229|2559051",4,NA,NA
"1637","scaffold0002:25514378|25514838",8,NA,NA
"1638","scaffold0002:2553062|2554114",164,49,88
"1639","scaffold0002:2553062|2559051",NA,6,NA
"1640","scaffold0002:2553978|2558467",NA,NA,6
"1641","scaffold0002:2558333|2559051",20,7,NA
"1642","scaffold0002:25836172|25837225",4,NA,NA
"1643","scaffold0002:25837393|25838027",1,NA,NA
"1644","scaffold0002:25862975|25871587",1,NA,NA
"1645","scaffold0002:25870049|25871587",48,21,7
"1646","scaffold0002:2605369|2611998",NA,6,NA
"1647","scaffold0002:26511045|26526847",1,NA,NA
"1648","scaffold0002:26515632|26526847",6,NA,NA
"1649","scaffold0002:2657635|2660068",NA,2,NA
"1650","scaffold0002:26857692|26859097",13,NA,NA
"1651","scaffold0002:26860904|26871752",5,8,NA
"1652","scaffold0002:2707988|2715137",NA,NA,2
"1653","scaffold0002:2730104|2734754",20,10,16
"1654","scaffold0002:27428242|27439570",NA,NA,2
"1655","scaffold0002:2742921|2755332",5,NA,4
"1656","scaffold0002:2742921|2762058",NA,5,14
"1657","scaffold0002:2742921|2772107",14,NA,NA
"1658","scaffold0002:2755138|2755332",4,NA,NA
"1659","scaffold0002:2755138|2762058",29,31,76
"1660","scaffold0002:2755138|2772107",59,14,66
"1661","scaffold0002:27601308|27610500",10,NA,NA
"1662","scaffold0002:2761904|2772107",76,100,36
"1663","scaffold0002:28052183|28083255",NA,4,NA
"1664","scaffold0002:28057237|28064966",NA,1,NA
"1665","scaffold0002:28057237|28083255",4,NA,NA
"1666","scaffold0002:28064861|28083255",NA,NA,1
"1667","scaffold0002:28068150|28083255",NA,NA,2
"1668","scaffold0002:28072434|28083255",NA,NA,1
"1669","scaffold0002:28077834|28079770",10,11,26
"1670","scaffold0002:28077834|28083255",20,16,2
"1671","scaffold0002:28082414|28083255",NA,1,NA
"1672","scaffold0002:28208195|28209008",NA,NA,13
"1673","scaffold0002:28280425|28299978",NA,9,NA
"1674","scaffold0002:28285186|28285971",4,NA,NA
"1675","scaffold0002:28288263|28299978",NA,NA,1
"1676","scaffold0002:28290413|28296554",2,NA,NA
"1677","scaffold0002:28293340|28294268",2,NA,NA
"1678","scaffold0002:28296442|28299978",2,NA,NA
"1679","scaffold0002:2840564|2843456",NA,NA,20
"1680","scaffold0002:2854124|2867434",NA,6,5
"1681","scaffold0002:2875268|2875581",5,NA,NA
"1682","scaffold0002:2922346|2926716",5,2,NA
"1683","scaffold0002:2922346|2929340",12,11,NA
"1684","scaffold0002:29558058|29559150",NA,2,2
"1685","scaffold0002:29558058|29592411",NA,1,1
"1686","scaffold0002:29558058|29602537",12,NA,2
"1687","scaffold0002:29591319|29592411",NA,1,NA
"1688","scaffold0002:29591319|29602537",6,NA,9
"1689","scaffold0002:29602281|29602537",284,120,132
"1690","scaffold0002:30578202|30583498",9,NA,5
"1691","scaffold0002:30578202|30588142",32,NA,17
"1692","scaffold0002:30764077|30787964",2,NA,NA
"1693","scaffold0002:30764077|30842428",2,NA,NA
"1694","scaffold0002:30772344|30787964",1,NA,NA
"1695","scaffold0002:30772344|30842428",15,23,NA
"1696","scaffold0002:30787836|30842428",4,NA,NA
"1697","scaffold0002:30842120|30842428",1,2,NA
"1698","scaffold0002:3086477|3086893",NA,2,NA
"1699","scaffold0002:31069671|31075816",10,NA,NA
"1700","scaffold0002:31075350|31083720",NA,NA,1
"1701","scaffold0002:31078991|31083720",NA,NA,3
"1702","scaffold0002:3120334|3121263",NA,3,NA
"1703","scaffold0002:3195077|3197146",NA,7,NA
"1704","scaffold0002:3214772|3215063",5,NA,NA
"1705","scaffold0002:3224152|3224597",NA,NA,1
"1706","scaffold0002:3240100|3242366",NA,NA,1
"1707","scaffold0002:3243180|3245112",38,13,8
"1708","scaffold0002:3294294|3294478",1,NA,NA
"1709","scaffold0002:3309055|3311378",1,NA,3
"1710","scaffold0002:33509205|33532159",2,NA,NA
"1711","scaffold0002:3366103|3372184",NA,7,NA
"1712","scaffold0002:33705137|33718699",NA,NA,12
"1713","scaffold0002:33713487|33714104",11,NA,1
"1714","scaffold0002:33713487|33716012",6,NA,2
"1715","scaffold0002:33713487|33718699",11,4,4
"1716","scaffold0002:33738232|33744059",3,NA,NA
"1717","scaffold0002:33738232|33751298",NA,NA,1
"1718","scaffold0002:3377406|3379373",NA,NA,3
"1719","scaffold0002:33781213|33792784",NA,5,NA
"1720","scaffold0002:33781213|33796422",NA,3,NA
"1721","scaffold0002:33784862|33810225",NA,NA,4
"1722","scaffold0002:33802259|33807134",7,NA,4
"1723","scaffold0002:33802259|33810225",NA,3,NA
"1724","scaffold0002:33805558|33810225",3,NA,NA
"1725","scaffold0002:3426929|3427441",8,NA,NA
"1726","scaffold0002:3465485|3469625",2,NA,3
"1727","scaffold0002:34715|35440",NA,3,NA
"1728","scaffold0002:35940167|35949893",NA,6,NA
"1729","scaffold0002:3606024|3609781",7,NA,NA
"1730","scaffold0002:3606024|3635274",NA,7,NA
"1731","scaffold0002:3606024|3644837",NA,9,NA
"1732","scaffold0002:3609607|3624658",9,NA,NA
"1733","scaffold0002:3609607|3635274",NA,NA,2
"1734","scaffold0002:36178052|36194456",13,3,6
"1735","scaffold0002:3619932|3624658",41,18,33
"1736","scaffold0002:3619932|3635274",25,NA,NA
"1737","scaffold0002:36226394|36228218",68,30,37
"1738","scaffold0002:36289912|36301780",1,NA,NA
"1739","scaffold0002:36291604|36297075",NA,6,NA
"1740","scaffold0002:3635176|3644837",10,27,11
"1741","scaffold0002:3636100|3641518",7,7,4
"1742","scaffold0002:3641772|3644837",8,NA,NA
"1743","scaffold0002:36433044|36434735",54,13,NA
"1744","scaffold0002:36850278|36854047",NA,4,NA
"1745","scaffold0002:36877626|36890825",NA,NA,5
"1746","scaffold0002:36889433|36890825",13,NA,15
"1747","scaffold0002:36889433|36895312",2,NA,NA
"1748","scaffold0002:36889433|36909453",6,NA,NA
"1749","scaffold0002:36977115|36990712",5,NA,8
"1750","scaffold0002:3712295|3716301",1,NA,1
"1751","scaffold0002:37437652|37438071",53,NA,NA
"1752","scaffold0002:38025134|38027033",NA,3,18
"1753","scaffold0002:38032847|38045583",NA,2,NA
"1754","scaffold0002:38047107|38050736",NA,NA,5
"1755","scaffold0002:38050628|38056973",1,NA,NA
"1756","scaffold0002:38056806|38062519",4,4,NA
"1757","scaffold0002:38374770|38387564",4,6,NA
"1758","scaffold0002:38374770|38398208",4,NA,NA
"1759","scaffold0002:38374770|38413657",NA,4,NA
"1760","scaffold0002:38387421|38398208",5,NA,NA
"1761","scaffold0002:38411354|38413657",20,19,5
"1762","scaffold0002:38461576|38468414",4,NA,NA
"1763","scaffold0002:38509528|38510127",4,NA,NA
"1764","scaffold0002:38636549|38637711",2,NA,NA
"1765","scaffold0002:38647348|38657386",3,NA,NA
"1766","scaffold0002:38657281|38679701",41,59,25
"1767","scaffold0002:38670687|38679701",32,NA,NA
"1768","scaffold0002:38670687|38684751",3,NA,NA
"1769","scaffold0002:38670687|38685956",5,NA,NA
"1770","scaffold0002:38675527|38679701",1,NA,2
"1771","scaffold0002:38675527|38684751",NA,NA,1
"1772","scaffold0002:38684549|38685956",75,46,33
"1773","scaffold0002:3900216|3900514",2,NA,NA
"1774","scaffold0002:39027835|39072909",3,NA,NA
"1775","scaffold0002:39044124|39051629",32,17,NA
"1776","scaffold0002:39044124|39072909",6,NA,NA
"1777","scaffold0002:39066054|39072909",8,NA,NA
"1778","scaffold0002:3909130|3910062",NA,1,NA
"1779","scaffold0002:3909130|3910287",NA,NA,2
"1780","scaffold0002:3909130|3911870",NA,3,NA
"1781","scaffold0002:3909130|3913035",2,NA,NA
"1782","scaffold0002:39091900|39102164",NA,2,NA
"1783","scaffold0002:39657975|39682789",6,14,NA
"1784","scaffold0002:39657975|39683539",1,9,NA
"1785","scaffold0002:396594|401140",7,5,4
"1786","scaffold0002:39665130|39682789",NA,NA,5
"1787","scaffold0002:39665130|39683539",NA,NA,1
"1788","scaffold0002:400062|401140",NA,NA,2
"1789","scaffold0002:40118721|40121594",54,NA,NA
"1790","scaffold0002:40732064|40741031",2,NA,NA
"1791","scaffold0002:40732064|40761130",NA,NA,1
"1792","scaffold0002:40738012|40743946",6,NA,8
"1793","scaffold0002:40755900|40761130",15,NA,5
"1794","scaffold0002:40787186|40796013",8,NA,NA
"1795","scaffold0002:40792891|40796013",53,19,34
"1796","scaffold0002:40815500|40842718",19,6,15
"1797","scaffold0002:40826027|40842718",32,14,2
"1798","scaffold0002:40840132|40842718",570,396,332
"1799","scaffold0002:410616|412691",19,18,5
"1800","scaffold0002:41091540|41093156",1,NA,NA
"1801","scaffold0002:41091540|41105548",1,NA,NA
"1802","scaffold0002:41117289|41117475",14,5,6
"1803","scaffold0002:41122433|41130915",10,NA,3
"1804","scaffold0002:41133228|41133535",NA,NA,4
"1805","scaffold0002:41421929|41453127",8,NA,NA
"1806","scaffold0002:41512078|41577342",1,NA,NA
"1807","scaffold0002:41520139|41577342",1,NA,NA
"1808","scaffold0002:41540516|41568785",4,NA,NA
"1809","scaffold0002:41540516|41577342",1,NA,NA
"1810","scaffold0002:41568595|41577342",1,NA,3
"1811","scaffold0002:41614618|41655840",NA,NA,1
"1812","scaffold0002:41634275|41634543",3,NA,NA
"1813","scaffold0002:41915919|41940692",58,14,41
"1814","scaffold0002:41940560|42038732",6,NA,NA
"1815","scaffold0002:42038624|42190779",22,4,29
"1816","scaffold0002:421460|425259",12,4,NA
"1817","scaffold0002:421460|430481",14,NA,NA
"1818","scaffold0002:425132|441782",2,NA,NA
"1819","scaffold0002:425132|460478",12,NA,NA
"1820","scaffold0002:4269213|4269760",40,14,27
"1821","scaffold0002:42738197|42738490",4,3,16
"1822","scaffold0002:4283131|4284030",115,112,35
"1823","scaffold0002:430371|444679",6,NA,1
"1824","scaffold0002:4312357|4312863",NA,NA,2
"1825","scaffold0002:4332243|4333500",NA,1,NA
"1826","scaffold0002:4357796|4361603",3,NA,NA
"1827","scaffold0002:4412665|4413673",5,NA,NA
"1828","scaffold0002:441673|444679",NA,21,NA
"1829","scaffold0002:4457624|4462518",34,9,26
"1830","scaffold0002:4481622|4483585",44,2,19
"1831","scaffold0002:4481622|4484867",13,4,14
"1832","scaffold0002:4481622|4488665",20,NA,NA
"1833","scaffold0002:4498725|4502112",2,NA,NA
"1834","scaffold0002:450837|461579",26,25,18
"1835","scaffold0002:450837|470032",NA,NA,2
"1836","scaffold0002:454647|461579",34,12,16
"1837","scaffold0002:454647|470032",1,NA,NA
"1838","scaffold0002:45890881|45896978",NA,NA,2
"1839","scaffold0002:45949353|45949820",NA,11,2
"1840","scaffold0002:46075852|46087614",20,NA,NA
"1841","scaffold0002:46130918|46132430",3,NA,NA
"1842","scaffold0002:46130918|46206175",7,NA,NA
"1843","scaffold0002:4661823|4664723",13,11,NA
"1844","scaffold0002:469876|475932",2,1,NA
"1845","scaffold0002:4728498|4729206",1,NA,NA
"1846","scaffold0002:4728498|4732034",7,NA,NA
"1847","scaffold0002:47341172|47351830",44,32,24
"1848","scaffold0002:47341172|47374856",12,20,2
"1849","scaffold0002:47351572|47351830",NA,2,5
"1850","scaffold0002:47351572|47374856",1,NA,NA
"1851","scaffold0002:4735331|4740336",19,NA,64
"1852","scaffold0002:4740255|4746466",NA,7,NA
"1853","scaffold0002:4747981|4752942",NA,4,NA
"1854","scaffold0002:4747981|4756993",NA,5,NA
"1855","scaffold0002:4756813|4758925",4,6,4
"1856","scaffold0002:4756813|4761465",NA,NA,3
"1857","scaffold0002:4764574|4765140",3,NA,NA
"1858","scaffold0002:4774800|4776465",12,11,4
"1859","scaffold0002:4774800|4792447",2,NA,4
"1860","scaffold0002:4792270|4828248",27,4,4
"1861","scaffold0002:4827538|4828248",118,106,83
"1862","scaffold0002:48606329|48607589",7,2,NA
"1863","scaffold0002:48621320|48622459",5,NA,NA
"1864","scaffold0002:48639196|48641063",5,NA,NA
"1865","scaffold0002:48705223|48705732",3,NA,NA
"1866","scaffold0002:49634549|49636950",30,2,NA
"1867","scaffold0002:49776976|49800268",NA,NA,1
"1868","scaffold0002:49798701|49800268",1,NA,2
"1869","scaffold0002:49861252|49867489",NA,NA,2
"1870","scaffold0002:49953651|49953835",4,NA,3
"1871","scaffold0002:49957195|49957688",5,NA,NA
"1872","scaffold0002:49974260|49978876",15,NA,NA
"1873","scaffold0002:50672687|50677808",1,3,1
"1874","scaffold0002:50794243|50796761",1,NA,NA
"1875","scaffold0002:51359062|51409752",NA,4,NA
"1876","scaffold0002:51394836|51409752",NA,NA,1
"1877","scaffold0002:51687948|51689592",13,13,14
"1878","scaffold0002:51687948|51704211",3,NA,NA
"1879","scaffold0002:5171780|5173563",5,15,14
"1880","scaffold0002:52283127|52290739",NA,NA,14
"1881","scaffold0002:5235982|5236374",NA,8,6
"1882","scaffold0002:5255850|5256539",NA,2,NA
"1883","scaffold0002:5256447|5257088",2,NA,NA
"1884","scaffold0002:5258297|5261470",3,12,NA
"1885","scaffold0002:5259774|5259917",2,NA,NA
"1886","scaffold0002:5284851|5308910",NA,NA,12
"1887","scaffold0002:5300806|5307957",5,NA,NA
"1888","scaffold0002:5303093|5303865",48,43,34
"1889","scaffold0002:5311074|5311249",NA,4,NA
"1890","scaffold0002:5329887|5332259",NA,NA,7
"1891","scaffold0002:54622685|54636277",2,NA,NA
"1892","scaffold0002:54622685|54640569",1,NA,NA
"1893","scaffold0002:54896001|54896267",3,NA,NA
"1894","scaffold0002:5579890|5583764",NA,NA,5
"1895","scaffold0002:5581570|5596366",4,NA,NA
"1896","scaffold0002:5595144|5596366",NA,3,NA
"1897","scaffold0002:5600452|5600679",NA,5,NA
"1898","scaffold0002:5600452|5602162",NA,NA,13
"1899","scaffold0002:5600452|5603827",23,4,16
"1900","scaffold0002:5600452|5606007",14,NA,NA
"1901","scaffold0002:5615787|5618447",NA,NA,2
"1902","scaffold0002:56304343|56311704",NA,6,9
"1903","scaffold0002:56304343|56313816",253,187,221
"1904","scaffold0002:56329634|56333061",NA,7,5
"1905","scaffold0002:56332200|56333061",NA,3,3
"1906","scaffold0002:57413403|57417295",NA,7,NA
"1907","scaffold0002:57413403|57421224",NA,NA,3
"1908","scaffold0002:57434607|57445042",NA,7,5
"1909","scaffold0002:57434607|57452413",1,NA,NA
"1910","scaffold0002:57435541|57449115",4,NA,1
"1911","scaffold0002:57440565|57442815",11,NA,NA
"1912","scaffold0002:57440565|57456792",1,3,5
"1913","scaffold0002:57442664|57456792",8,NA,NA
"1914","scaffold0002:57449083|57456792",20,19,16
"1915","scaffold0002:57452295|57456792",NA,9,4
"1916","scaffold0002:57454847|57456792",92,41,61
"1917","scaffold0002:57455516|57456792",NA,2,NA
"1918","scaffold0002:5762540|5763621",13,NA,NA
"1919","scaffold0002:5762682|5762991",NA,NA,2
"1920","scaffold0002:5764603|5765470",NA,2,NA
"1921","scaffold0002:5770433|5777011",362,214,197
"1922","scaffold0002:5770433|5783365",26,39,34
"1923","scaffold0002:5775190|5777011",21,26,2
"1924","scaffold0002:5775190|5783365",3,NA,NA
"1925","scaffold0002:5782425|5783365",9,3,9
"1926","scaffold0002:5803206|5804430",3,NA,NA
"1927","scaffold0002:5813179|5815559",11,5,21
"1928","scaffold0002:59912710|59922247",NA,5,NA
"1929","scaffold0002:5997262|5999251",NA,NA,5
"1930","scaffold0002:60074280|60118066",NA,4,NA
"1931","scaffold0002:60074280|60170396",1,NA,NA
"1932","scaffold0002:60109536|60118066",4,NA,NA
"1933","scaffold0002:60109536|60179614",3,NA,NA
"1934","scaffold0002:60117899|60170396",2,NA,NA
"1935","scaffold0002:60170220|60179614",1,NA,NA
"1936","scaffold0002:60789819|60790789",7,NA,5
"1937","scaffold0002:60862913|60876848",7,12,19
"1938","scaffold0002:60862913|60952190",5,NA,NA
"1939","scaffold0002:60862913|60988326",NA,3,NA
"1940","scaffold0002:60952082|60988326",15,NA,4
"1941","scaffold0002:61222678|61234581",668,242,143
"1942","scaffold0002:61222678|61305234",44,15,NA
"1943","scaffold0002:61222678|61334389",NA,54,22
"1944","scaffold0002:61305144|61334389",6,NA,NA
"1945","scaffold0002:61305144|61345484",12,NA,NA
"1946","scaffold0002:61324813|61334389",20,NA,NA
"1947","scaffold0002:61324813|61345484",71,NA,NA
"1948","scaffold0002:61548807|61551179",1,NA,NA
"1949","scaffold0002:61577910|61619862",3,NA,2
"1950","scaffold0002:61591654|61619862",49,49,17
"1951","scaffold0002:61617096|61619862",208,229,79
"1952","scaffold0002:61950917|61953046",2,NA,NA
"1953","scaffold0002:61950917|61959704",17,16,4
"1954","scaffold0002:61950917|61964257",6,13,NA
"1955","scaffold0002:61978425|61979615",25,6,14
"1956","scaffold0002:61978425|61986904",8,NA,NA
"1957","scaffold0002:62150860|62172536",1,9,NA
"1958","scaffold0002:62169829|62172536",NA,NA,16
"1959","scaffold0002:62245045|62245293",11,NA,NA
"1960","scaffold0002:62664992|62716148",NA,NA,2
"1961","scaffold0002:62672641|62716148",NA,1,NA
"1962","scaffold0002:62680875|62716148",4,NA,NA
"1963","scaffold0002:62686922|62704679",1,NA,NA
"1964","scaffold0002:62686922|62716148",1,NA,NA
"1965","scaffold0002:62700866|62716148",22,24,8
"1966","scaffold0002:62704384|62716148",3,NA,NA
"1967","scaffold0002:62712792|62716148",1,NA,10
"1968","scaffold0002:62801950|62805941",13,NA,NA
"1969","scaffold0002:62801950|62809766",6,5,NA
"1970","scaffold0002:62801950|62815016",100,36,18
"1971","scaffold0002:62801950|62852861",3,NA,NA
"1972","scaffold0002:62801950|62857596",16,NA,NA
"1973","scaffold0002:62809673|62815016",21,NA,NA
"1974","scaffold0002:62852704|62856607",NA,5,NA
"1975","scaffold0002:62914074|62914589",NA,NA,2
"1976","scaffold0002:62929164|62939981",NA,3,NA
"1977","scaffold0002:62929164|62953563",11,NA,NA
"1978","scaffold0002:63182612|63186695",17,NA,NA
"1979","scaffold0002:63182612|63194555",2,NA,NA
"1980","scaffold0002:63182612|63222517",12,NA,NA
"1981","scaffold0002:63222273|63235545",6,NA,NA
"1982","scaffold0002:63520447|63534112",22,NA,11
"1983","scaffold0002:63627847|63631098",51,NA,30
"1984","scaffold0002:63627847|63642891",21,NA,NA
"1985","scaffold0002:63639669|63642891",NA,NA,19
"1986","scaffold0002:63639669|63652473",NA,4,6
"1987","scaffold0002:63639669|63653243",NA,2,4
"1988","scaffold0002:63689083|63705345",8,NA,NA
"1989","scaffold0002:63696389|63721718",8,NA,NA
"1990","scaffold0002:63705168|63716297",NA,5,NA
"1991","scaffold0002:63715035|63715222",2,NA,NA
"1992","scaffold0002:63727181|63732886",34,32,16
"1993","scaffold0002:63727181|63749504",9,NA,2
"1994","scaffold0002:63769755|63790446",3,4,NA
"1995","scaffold0002:63774246|63790446",8,NA,NA
"1996","scaffold0002:64034049|64045974",1,NA,NA
"1997","scaffold0002:64159056|64182199",NA,7,2
"1998","scaffold0002:64167523|64173154",NA,3,NA
"1999","scaffold0002:64167523|64182199",NA,NA,1
"2000","scaffold0002:64255612|64279746",1,NA,NA
"2001","scaffold0002:64257709|64267436",NA,4,NA
"2002","scaffold0002:64257709|64279746",NA,5,NA
"2003","scaffold0002:64753019|64754545",33,18,19
"2004","scaffold0002:64760600|64767812",19,44,12
"2005","scaffold0002:64802475|64816763",NA,3,NA
"2006","scaffold0002:64802475|64831005",8,17,3
"2007","scaffold0002:64804452|64831005",NA,NA,1
"2008","scaffold0002:64830841|64838325",NA,NA,2
"2009","scaffold0002:64845343|64852316",NA,7,NA
"2010","scaffold0002:65378370|65390402",2,NA,NA
"2011","scaffold0002:65384773|65387701",8,NA,NA
"2012","scaffold0002:65384776|65387701",10,NA,NA
"2013","scaffold0002:65416587|65438655",NA,4,NA
"2014","scaffold0002:65464370|65470032",42,19,6
"2015","scaffold0002:65562427|65587289",3,NA,NA
"2016","scaffold0002:65580849|65587289",14,NA,NA
"2017","scaffold0002:65598118|65610064",7,NA,NA
"2018","scaffold0002:65598118|65617091",34,NA,2
"2019","scaffold0002:65621382|65627834",2,3,4
"2020","scaffold0002:65627034|65627834",44,36,31
"2021","scaffold0002:65627034|65629152",24,NA,1
"2022","scaffold0002:65656622|65658189",7,NA,8
"2023","scaffold0002:65658082|65661862",NA,NA,2
"2024","scaffold0002:65952190|65956223",NA,1,NA
"2025","scaffold0002:65952190|65966576",3,NA,NA
"2026","scaffold0002:66005067|66006432",1,NA,NA
"2027","scaffold0002:66005067|66010747",8,12,10
"2028","scaffold0002:66006343|66010747",16,41,29
"2029","scaffold0002:66029927|66034554",8,NA,NA
"2030","scaffold0002:66033812|66034377",1,NA,NA
"2031","scaffold0002:66044197|66052600",11,NA,3
"2032","scaffold0002:66052534|66055238",1,NA,NA
"2033","scaffold0002:66843504|66845615",6,NA,NA
"2034","scaffold0002:66862608|66889018",1,NA,NA
"2035","scaffold0002:66979679|66983125",74,35,NA
"2036","scaffold0002:66979679|67027598",42,NA,NA
"2037","scaffold0002:67120655|67121304",3,NA,NA
"2038","scaffold0002:67499382|67504161",NA,3,NA
"2039","scaffold0002:67645306|67645870",461,203,172
"2040","scaffold0002:67645306|67652064",13,6,NA
"2041","scaffold0002:67650942|67652064",NA,NA,4
"2042","scaffold0002:67654756|67672496",10,NA,NA
"2043","scaffold0002:67657812|67672496",1,NA,4
"2044","scaffold0002:67666191|67672496",NA,NA,1
"2045","scaffold0002:67666191|67680240",3,NA,NA
"2046","scaffold0002:67667944|67680240",1,NA,NA
"2047","scaffold0002:67670257|67672496",NA,NA,3
"2048","scaffold0002:67670257|67676609",NA,NA,1
"2049","scaffold0002:67670257|67680240",10,NA,NA
"2050","scaffold0002:67672346|67680240",3,NA,NA
"2051","scaffold0002:67676533|67680240",1,2,2
"2052","scaffold0002:67983960|67988469",NA,2,NA
"2053","scaffold0002:68582155|68605690",2,NA,NA
"2054","scaffold0002:68591800|68608071",NA,9,NA
"2055","scaffold0002:68599084|68605690",3,NA,NA
"2056","scaffold0002:68607943|68611212",14,NA,4
"2057","scaffold0002:68640697|68641270",1,NA,NA
"2058","scaffold0002:68640697|68642648",3,NA,NA
"2059","scaffold0002:68689032|68690518",NA,NA,2
"2060","scaffold0002:68733562|68734066",4,7,13
"2061","scaffold0002:68737307|68738486",NA,NA,4
"2062","scaffold0002:68754147|68758449",4,NA,NA
"2063","scaffold0002:68791297|68791494",8,NA,NA
"2064","scaffold0002:68807920|68812212",6,3,5
"2065","scaffold0002:68808812|68812212",12,17,23
"2066","scaffold0002:68821076|68821808",11,NA,NA
"2067","scaffold0002:68834897|68837855",2,NA,NA
"2068","scaffold0002:68945569|68950347",13,NA,10
"2069","scaffold0002:68958873|68959912",NA,25,NA
"2070","scaffold0002:68970165|68984353",17,5,16
"2071","scaffold0002:68984038|68984353",139,60,68
"2072","scaffold0002:69024890|69027414",3,12,2
"2073","scaffold0002:69024890|69033929",10,NA,NA
"2074","scaffold0002:69031199|69033929",17,NA,7
"2075","scaffold0002:69044608|69046015",NA,NA,2
"2076","scaffold0002:69057925|69060578",NA,NA,3
"2077","scaffold0002:69075757|69080089",NA,6,NA
"2078","scaffold0002:69107383|69114751",NA,10,NA
"2079","scaffold0002:69716|70080",NA,NA,2
"2080","scaffold0002:69756092|69763628",NA,NA,7
"2081","scaffold0002:69763034|69763628",2,NA,NA
"2082","scaffold0002:69807518|69808234",2,22,18
"2083","scaffold0002:70520740|70523669",NA,1,NA
"2084","scaffold0002:70521315|70531028",1,NA,NA
"2085","scaffold0002:70557693|70560299",25,NA,3
"2086","scaffold0002:70748396|70865506",4,NA,NA
"2087","scaffold0002:70841991|70865506",24,93,4
"2088","scaffold0002:70865352|70865506",9,23,NA
"2089","scaffold0002:71264197|71284805",NA,21,NA
"2090","scaffold0002:71269312|71279108",NA,1,NA
"2091","scaffold0002:71274354|71284805",NA,4,NA
"2092","scaffold0002:71275343|71279108",NA,NA,1
"2093","scaffold0002:71310887|71312121",1,NA,NA
"2094","scaffold0002:71314445|71317312",8,NA,NA
"2095","scaffold0002:71360650|71365598",4,NA,NA
"2096","scaffold0002:71365534|71380622",7,18,NA
"2097","scaffold0002:71368722|71380622",6,18,9
"2098","scaffold0002:71370451|71380622",20,6,24
"2099","scaffold0002:71379616|71380622",81,11,5
"2100","scaffold0002:71379616|71383272",131,50,53
"2101","scaffold0002:71530897|71536618",5,NA,2
"2102","scaffold0002:71589221|71601699",4,NA,NA
"2103","scaffold0002:71713156|71729218",NA,NA,2
"2104","scaffold0002:71728940|71729769",13,NA,1
"2105","scaffold0002:71859005|71876985",NA,NA,2
"2106","scaffold0002:71859005|71888609",3,NA,NA
"2107","scaffold0002:71876877|71888609",11,10,NA
"2108","scaffold0002:71932847|71941681",NA,2,NA
"2109","scaffold0002:71932847|71956397",NA,NA,1
"2110","scaffold0002:72200057|72200215",NA,4,NA
"2111","scaffold0002:72200057|72203635",NA,7,NA
"2112","scaffold0002:72243673|72251962",NA,NA,6
"2113","scaffold0002:723272|727814",NA,NA,18
"2114","scaffold0002:73201088|73229499",NA,NA,5
"2115","scaffold0002:73223788|73229499",53,3,7
"2116","scaffold0002:73223788|73275333",3,NA,NA
"2117","scaffold0002:73240616|73256833",4,NA,NA
"2118","scaffold0002:73249020|73256833",4,NA,NA
"2119","scaffold0002:73256719|73264797",1,NA,NA
"2120","scaffold0002:73288488|73300104",8,NA,NA
"2121","scaffold0002:73986299|73995143",1,NA,5
"2122","scaffold0002:73987503|73995143",NA,3,NA
"2123","scaffold0002:73990050|73995143",13,11,NA
"2124","scaffold0002:73990473|73995143",1,NA,NA
"2125","scaffold0002:74016431|74019757",16,1,7
"2126","scaffold0002:74016431|74034590",15,4,21
"2127","scaffold0002:74034233|74034590",5,NA,NA
"2128","scaffold0002:74451480|74455206",3,NA,NA
"2129","scaffold0002:74565245|74572329",8,NA,NA
"2130","scaffold0002:74632855|74633121",NA,3,NA
"2131","scaffold0002:74647594|74656876",NA,1,NA
"2132","scaffold0002:756581|775180",7,NA,NA
"2133","scaffold0002:75773832|75799657",11,25,NA
"2134","scaffold0002:75773832|75905793",NA,NA,1
"2135","scaffold0002:75936220|75939491",4,NA,NA
"2136","scaffold0002:75936220|75948015",3,NA,NA
"2137","scaffold0002:76180768|76183031",NA,9,NA
"2138","scaffold0002:76180768|76191809",NA,NA,2
"2139","scaffold0002:76317467|76318547",340,204,128
"2140","scaffold0002:76317467|76320413",181,114,72
"2141","scaffold0002:76321718|76323697",13,12,10
"2142","scaffold0002:76524972|76525140",5,NA,NA
"2143","scaffold0002:76556614|76557903",73,NA,51
"2144","scaffold0002:76646154|76646912",3,NA,NA
"2145","scaffold0002:76654489|76670655",NA,4,9
"2146","scaffold0002:76677352|76678887",13,19,6
"2147","scaffold0002:76938770|76939906",11,7,1
"2148","scaffold0002:76945636|76945771",NA,NA,2
"2149","scaffold0002:769628|831671",1,NA,NA
"2150","scaffold0002:77023435|77025021",2,17,NA
"2151","scaffold0002:775073|778110",2,NA,NA
"2152","scaffold0002:776876|778110",1,NA,NA
"2153","scaffold0002:80095658|80096827",NA,15,1
"2154","scaffold0002:80285508|80286743",2,NA,3
"2155","scaffold0002:80285984|80289815",NA,11,NA
"2156","scaffold0002:80289684|80294457",NA,3,NA
"2157","scaffold0002:80293165|80299873",NA,NA,3
"2158","scaffold0002:80299768|80301151",NA,5,NA
"2159","scaffold0002:80300993|80301151",NA,NA,1
"2160","scaffold0002:80375117|80380320",5,NA,3
"2161","scaffold0002:80375117|80385664",1,NA,NA
"2162","scaffold0002:80709189|80709387",14,NA,NA
"2163","scaffold0002:80709189|80784919",69,19,11
"2164","scaffold0002:807353|807621",42,7,46
"2165","scaffold0002:80898145|80915135",1,NA,NA
"2166","scaffold0002:81040745|81041659",2,NA,2
"2167","scaffold0002:8125020|8145532",3,6,3
"2168","scaffold0002:81614229|81626293",3,NA,NA
"2169","scaffold0002:81761302|81761498",NA,4,NA
"2170","scaffold0002:82444326|82455895",NA,NA,2
"2171","scaffold0002:82454069|82455895",128,170,227
"2172","scaffold0002:82454069|82460930",202,111,105
"2173","scaffold0002:82454069|82467295",9,NA,8
"2174","scaffold0002:82454069|82470640",NA,7,NA
"2175","scaffold0002:82458668|82467295",6,NA,NA
"2176","scaffold0002:82465854|82466093",1,NA,NA
"2177","scaffold0002:82469696|82475799",2,6,NA
"2178","scaffold0002:82471880|82474022",NA,NA,3
"2179","scaffold0002:82478816|82481486",7,6,6
"2180","scaffold0002:82608563|82619640",NA,NA,10
"2181","scaffold0002:828252|831671",40,17,10
"2182","scaffold0002:828252|844168",9,NA,NA
"2183","scaffold0002:84999522|85017344",NA,7,NA
"2184","scaffold0002:85017151|85033393",1,NA,NA
"2185","scaffold0002:85043382|85069491",13,NA,1
"2186","scaffold0002:85054800|85069491",3,NA,NA
"2187","scaffold0002:85166084|85167969",9,NA,NA
"2188","scaffold0002:85178929|85190680",3,NA,NA
"2189","scaffold0002:85181127|85190680",1,NA,NA
"2190","scaffold0002:85198835|85200541",NA,NA,1
"2191","scaffold0002:85201848|85202400",31,NA,6
"2192","scaffold0002:85299504|85308401",251,130,221
"2193","scaffold0002:85299504|85314610",5,NA,NA
"2194","scaffold0002:85299504|85317354",9,NA,NA
"2195","scaffold0002:85304082|85308401",11,3,NA
"2196","scaffold0002:85308257|85314610",114,7,32
"2197","scaffold0002:85342462|85393955",2,NA,NA
"2198","scaffold0002:85366050|85393955",4,NA,4
"2199","scaffold0002:86695520|86698763",5,NA,NA
"2200","scaffold0002:86706845|86707679",9,NA,2
"2201","scaffold0002:86708724|86710369",NA,7,NA
"2202","scaffold0002:86746133|86750775",NA,NA,7
"2203","scaffold0002:86762992|86764492",4,NA,NA
"2204","scaffold0002:88222107|88248447",NA,1,NA
"2205","scaffold0002:9093256|9094074",1,NA,NA
"2206","scaffold0002:910597|911808",NA,6,NA
"2207","scaffold0002:9121501|9122435",8,NA,7
"2208","scaffold0002:9153802|9156013",NA,NA,3
"2209","scaffold0002:9157308|9157811",NA,5,NA
"2210","scaffold0002:9162064|9163195",NA,NA,2
"2211","scaffold0002:9163064|9171741",3,NA,NA
"2212","scaffold0002:9163499|9165901",NA,NA,4
"2213","scaffold0002:9169804|9171741",147,31,74
"2214","scaffold0002:9169804|9175990",NA,5,NA
"2215","scaffold0002:9175122|9177870",2,NA,NA
"2216","scaffold0002:9390730|9391006",184,170,123
"2217","scaffold0002:94875236|94881449",9,2,1
"2218","scaffold0002:94876494|94881449",20,15,3
"2219","scaffold0002:94892304|94895253",40,NA,NA
"2220","scaffold0002:94922622|94928957",6,NA,NA
"2221","scaffold0002:94938663|94945461",NA,4,1
"2222","scaffold0002:94938663|94957895",20,12,5
"2223","scaffold0002:94939441|94945461",NA,14,2
"2224","scaffold0002:94939441|94957895",67,18,14
"2225","scaffold0002:95163997|95164824",36,32,3
"2226","scaffold0002:95281680|95296953",7,NA,NA
"2227","scaffold0002:95317060|95327603",5,NA,NA
"2228","scaffold0002:95391071|95399617",87,59,30
"2229","scaffold0002:95456671|95464232",3,NA,NA
"2230","scaffold0002:95464102|95475244",5,NA,NA
"2231","scaffold0002:95468829|95475244",30,NA,NA
"2232","scaffold0002:95470229|95475244",NA,11,NA
"2233","scaffold0002:95531036|95539739",NA,3,NA
"2234","scaffold0002:95544906|95547738",2,NA,NA
"2235","scaffold0002:95544906|95549880",1,NA,3
"2236","scaffold0002:95544906|95550798",71,17,22
"2237","scaffold0002:95643366|95651109",NA,1,NA
"2238","scaffold0002:95644783|95651109",NA,1,NA
"2239","scaffold0002:95706632|95717308",NA,12,NA
"2240","scaffold0002:960265|961148",NA,10,NA
"2241","scaffold0002:961148|962858",NA,5,NA
"2242","scaffold0002:96166326|96167967",1,NA,NA
"2243","scaffold0002:96653708|96734509",47,21,16
"2244","scaffold0002:96653708|96758737",6,3,1
"2245","scaffold0002:96656969|96734509",252,107,83
"2246","scaffold0002:96656969|96758737",45,19,14
"2247","scaffold0002:96780334|96785392",6,NA,NA
"2248","scaffold0002:97591209|97593280",54,16,8
"2249","scaffold0002:97623277|97643643",24,9,NA
"2250","scaffold0002:97628327|97643643",3,NA,7
"2251","scaffold0002:97632704|97643643",NA,8,3
"2252","scaffold0002:97639425|97643643",4,7,NA
"2253","scaffold0002:98163997|98166176",1,NA,NA
"2254","scaffold0002:98163997|98172120",NA,NA,2
"2255","scaffold0002:98168462|98172120",200,96,70
"2256","scaffold0002:98188479|98190105",1,NA,NA
"2257","scaffold0002:98270867|98272364",NA,8,7
"2258","scaffold0002:98274486|98275270",8,NA,NA
"2259","scaffold0002:983311|986358",2,NA,NA
"2260","scaffold0002:98356943|98358127",NA,2,NA
"2261","scaffold0002:98359360|98360908",19,6,7
"2262","scaffold0002:98395877|98400579",4,NA,1
"2263","scaffold0002:98417021|98420390",7,NA,NA
"2264","scaffold0002:98451707|98459466",18,NA,4
"2265","scaffold0002:98459345|98460890",323,383,206
"2266","scaffold0002:98459345|98485160",NA,NA,9
"2267","scaffold0002:98459345|98489389",28,22,22
"2268","scaffold0002:98459345|98561749",19,NA,26
"2269","scaffold0002:98459345|98622908",NA,NA,1
"2270","scaffold0002:98460688|98501719",NA,NA,5
"2271","scaffold0002:98485100|98489389",NA,5,3
"2272","scaffold0002:98485100|98501719",49,19,31
"2273","scaffold0002:98561574|98599776",4,2,NA
"2274","scaffold0002:98561574|98622908",NA,NA,4
"2275","scaffold0002:98595210|98599776",11,5,6
"2276","scaffold0002:98616797|98622908",86,28,42
"2277","scaffold0002:99084095|99119248",4,NA,NA
"2278","scaffold0002:99087231|99119248",2,NA,NA
"2279","scaffold0002:99099484|99102596",7,3,NA
"2280","scaffold0002:99099484|99119248",3,16,3
"2281","scaffold0002:99099484|99159646",5,NA,NA
"2282","scaffold0002:99135663|99143669",NA,NA,3
"2283","scaffold0002:99203948|99206702",1,NA,NA
"2284","scaffold0002:99526371|99531012",NA,NA,6
"2285","scaffold0002:99543120|99551884",NA,NA,2
"2286","scaffold0002:99546679|99553061",23,6,NA
"2287","scaffold0002:99551714|99553061",NA,NA,2
"2288","scaffold0002:99558121|99576728",97,NA,20
"2289","scaffold0002:99563665|99576728",178,62,108
"2290","scaffold0002:99642942|99650338",NA,NA,6
"2291","scaffold0002:99645387|99659509",2,NA,3
"2292","scaffold0002:99656627|99659509",NA,NA,2
"2293","scaffold0002:99853357|99859173",154,106,2
"2294","scaffold0003:100051074|100059732",NA,5,NA
"2295","scaffold0003:100059353|100059732",2,NA,NA
"2296","scaffold0003:100059353|100064535",NA,NA,1
"2297","scaffold0003:100073753|100078511",1,NA,NA
"2298","scaffold0003:100076412|100078511",4,NA,NA
"2299","scaffold0003:100626218|100656805",8,NA,1
"2300","scaffold0003:100626218|100676886",5,NA,7
"2301","scaffold0003:100656613|100676886",95,127,66
"2302","scaffold0003:100656613|100693485",6,9,NA
"2303","scaffold0003:100656613|100699836",19,51,15
"2304","scaffold0003:100656613|100708736",14,5,11
"2305","scaffold0003:100676781|100693485",15,12,NA
"2306","scaffold0003:100676781|100699836",30,25,7
"2307","scaffold0003:100693328|100699836",10,8,2
"2308","scaffold0003:100693328|100708736",58,NA,NA
"2309","scaffold0003:100699582|100699836",NA,NA,2
"2310","scaffold0003:101427092|101432601",2,NA,NA
"2311","scaffold0003:101509168|101516866",2,NA,4
"2312","scaffold0003:101509168|101520021",1,NA,NA
"2313","scaffold0003:101513257|101520021",4,NA,3
"2314","scaffold0003:101516566|101526064",5,NA,NA
"2315","scaffold0003:101518654|101520021",2,NA,NA
"2316","scaffold0003:101521098|101522533",93,36,48
"2317","scaffold0003:101521220|101521996",6,NA,NA
"2318","scaffold0003:101552570|101554370",24,21,20
"2319","scaffold0003:101552570|101557544",15,NA,4
"2320","scaffold0003:101562074|101568707",NA,NA,2
"2321","scaffold0003:101562074|101575059",2,NA,NA
"2322","scaffold0003:101564349|101566360",2,NA,NA
"2323","scaffold0003:101574155|101580727",5,NA,NA
"2324","scaffold0003:101574974|101578225",2,NA,NA
"2325","scaffold0003:101577667|101578225",NA,NA,2
"2326","scaffold0003:101589532|101590370",NA,5,NA
"2327","scaffold0003:101647333|101655547",13,37,28
"2328","scaffold0003:101651460|101655547",7,NA,6
"2329","scaffold0003:101694275|101695637",NA,NA,1
"2330","scaffold0003:101700005|101701203",3,34,30
"2331","scaffold0003:101700005|101718456",6,NA,NA
"2332","scaffold0003:101717450|101718456",NA,6,NA
"2333","scaffold0003:101850098|101852914",12,6,1
"2334","scaffold0003:101850098|101863865",2,NA,NA
"2335","scaffold0003:101858640|101863865",1,12,NA
"2336","scaffold0003:101858640|101880318",10,34,1
"2337","scaffold0003:101863729|101868126",2,NA,NA
"2338","scaffold0003:101863729|101880318",10,25,NA
"2339","scaffold0003:101880025|101880318",182,73,57
"2340","scaffold0003:101996914|101999622",NA,NA,1
"2341","scaffold0003:101996914|102000885",NA,NA,3
"2342","scaffold0003:101996914|102002106",8,12,NA
"2343","scaffold0003:101996914|102015996",NA,NA,8
"2344","scaffold0003:102006218|102006850",55,13,16
"2345","scaffold0003:102008408|102009168",156,73,140
"2346","scaffold0003:102011054|102011450",1,NA,NA
"2347","scaffold0003:102013608|102015996",3,NA,NA
"2348","scaffold0003:102254639|102256479",6,21,NA
"2349","scaffold0003:102254639|102263102",2,10,NA
"2350","scaffold0003:102261247|102284294",1,NA,2
"2351","scaffold0003:102272622|102275765",44,70,5
"2352","scaffold0003:102272622|102278857",2,NA,NA
"2353","scaffold0003:102272622|102284294",NA,8,NA
"2354","scaffold0003:102275678|102278857",NA,NA,10
"2355","scaffold0003:102284190|102298656",1,NA,NA
"2356","scaffold0003:102298547|102302313",NA,8,NA
"2357","scaffold0003:10273449|10278607",NA,NA,2
"2358","scaffold0003:10281104|10290120",9,NA,5
"2359","scaffold0003:10285281|10290120",45,24,14
"2360","scaffold0003:103112289|103115354",1,NA,NA
"2361","scaffold0003:103263531|103264260",NA,32,NA
"2362","scaffold0003:103264337|103264502",NA,1,NA
"2363","scaffold0003:103264502|103264704",6,NA,NA
"2364","scaffold0003:103278046|103279157",NA,NA,4
"2365","scaffold0003:103316341|103316649",8,NA,NA
"2366","scaffold0003:103320781|103321373",NA,7,NA
"2367","scaffold0003:103328689|103333481",4,NA,NA
"2368","scaffold0003:103334409|103337449",13,3,3
"2369","scaffold0003:10374870|10377835",2,NA,NA
"2370","scaffold0003:106194|109992",NA,NA,4
"2371","scaffold0003:106194|132800",1,NA,NA
"2372","scaffold0003:107359|132800",NA,NA,14
"2373","scaffold0003:10837714|10840374",NA,8,15
"2374","scaffold0003:10837714|10846394",9,12,34
"2375","scaffold0003:10840263|10846394",1,NA,NA
"2376","scaffold0003:10844951|10846394",11,NA,1
"2377","scaffold0003:10844951|10865405",NA,NA,1
"2378","scaffold0003:10844951|10870020",8,NA,NA
"2379","scaffold0003:10862380|10865405",NA,NA,5
"2380","scaffold0003:10862380|10870020",28,51,17
"2381","scaffold0003:11050791|11053582",NA,6,NA
"2382","scaffold0003:11413864|11475177",NA,4,NA
"2383","scaffold0003:11422145|11427658",1,NA,1
"2384","scaffold0003:11422145|11442152",1,NA,NA
"2385","scaffold0003:11426238|11442152",2,NA,NA
"2386","scaffold0003:11434597|11449037",4,NA,NA
"2387","scaffold0003:11434597|11475177",NA,NA,15
"2388","scaffold0003:11442065|11475177",17,NA,NA
"2389","scaffold0003:11448874|11458138",11,8,17
"2390","scaffold0003:11448874|11475177",329,146,126
"2391","scaffold0003:11458014|11475177",72,22,58
"2392","scaffold0003:11465441|11475177",8,30,NA
"2393","scaffold0003:11470978|11475177",1065,565,485
"2394","scaffold0003:12289799|12312184",14,NA,NA
"2395","scaffold0003:12289799|12318485",205,110,48
"2396","scaffold0003:12311976|12318485",7,NA,NA
"2397","scaffold0003:1235994|1242727",NA,13,NA
"2398","scaffold0003:1378819|1385269",2,6,2
"2399","scaffold0003:1378819|1392696",17,NA,NA
"2400","scaffold0003:1378819|1396740",8,NA,NA
"2401","scaffold0003:1383861|1396740",NA,2,NA
"2402","scaffold0003:1389546|1396740",71,47,17
"2403","scaffold0003:1392379|1396740",5,6,1
"2404","scaffold0003:1396155|1409947",9,NA,5
"2405","scaffold0003:1406476|1407233",4,NA,NA
"2406","scaffold0003:1406476|1409947",38,2,NA
"2407","scaffold0003:1422468|1425758",5,NA,NA
"2408","scaffold0003:1455798|1458576",NA,6,NA
"2409","scaffold0003:15004391|15007325",4,NA,NA
"2410","scaffold0003:15065823|15086151",1,NA,NA
"2411","scaffold0003:15116764|15129709",NA,1,NA
"2412","scaffold0003:15123815|15124097",NA,NA,5
"2413","scaffold0003:1556143|1561018",6,NA,NA
"2414","scaffold0003:1560596|1561018",21,10,3
"2415","scaffold0003:1574293|1581819",5,1,NA
"2416","scaffold0003:1577787|1587599",NA,NA,3
"2417","scaffold0003:1577787|1591494",9,NA,1
"2418","scaffold0003:1587483|1591494",14,NA,NA
"2419","scaffold0003:1590456|1591494",NA,NA,3
"2420","scaffold0003:1590456|1614405",2,NA,NA
"2421","scaffold0003:16097281|16105341",22,NA,1
"2422","scaffold0003:16157955|16160375",4,NA,NA
"2423","scaffold0003:1616505|1631827",15,NA,3
"2424","scaffold0003:16198063|16200774",418,99,38
"2425","scaffold0003:16198063|16224745",NA,1,NA
"2426","scaffold0003:1629079|1631827",6,NA,2
"2427","scaffold0003:1630101|1631827",5,1,2
"2428","scaffold0003:1635197|1636609",1,NA,NA
"2429","scaffold0003:16427146|16427473",4,4,NA
"2430","scaffold0003:1651003|1652313",6,NA,NA
"2431","scaffold0003:1760605|1766647",NA,8,NA
"2432","scaffold0003:178945|183831",2,NA,NA
"2433","scaffold0003:178945|185949",1,NA,2
"2434","scaffold0003:178945|208400",2,NA,NA
"2435","scaffold0003:1825191|1834818",70,42,8
"2436","scaffold0003:1825191|1856094",52,19,3
"2437","scaffold0003:1825191|1861474",3,NA,NA
"2438","scaffold0003:1825191|1874637",1,NA,NA
"2439","scaffold0003:1834615|1856094",NA,4,NA
"2440","scaffold0003:1853117|1856094",1,NA,5
"2441","scaffold0003:1861137|1861474",11,NA,5
"2442","scaffold0003:18785754|18802853",NA,NA,1
"2443","scaffold0003:18790057|18800186",1,NA,NA
"2444","scaffold0003:18792635|18800186",5,NA,NA
"2445","scaffold0003:18795437|18802853",NA,5,NA
"2446","scaffold0003:1914237|1935623",NA,1,NA
"2447","scaffold0003:1934368|1935623",154,112,13
"2448","scaffold0003:201559|208400",25,1,10
"2449","scaffold0003:2119192|2119356",NA,NA,2
"2450","scaffold0003:2128452|2134025",NA,NA,4
"2451","scaffold0003:22541751|22640012",8,NA,NA
"2452","scaffold0003:22618694|22659411",5,NA,NA
"2453","scaffold0003:24337884|24353919",18,NA,3
"2454","scaffold0003:24337884|24383281",3,NA,2
"2455","scaffold0003:24379113|24383281",10,10,4
"2456","scaffold0003:24382129|24383281",18,4,22
"2457","scaffold0003:25313512|25384938",2,NA,NA
"2458","scaffold0003:25516581|25517775",NA,13,1
"2459","scaffold0003:2557183|2586465",5,7,11
"2460","scaffold0003:2557183|2591481",5,8,7
"2461","scaffold0003:26330228|26336626",157,181,68
"2462","scaffold0003:26330228|26362088",3,NA,NA
"2463","scaffold0003:26336376|26362088",4,NA,NA
"2464","scaffold0003:26369403|26369629",3,NA,1
"2465","scaffold0003:26414351|26416908",2,NA,1
"2466","scaffold0003:2654982|2678115",31,30,NA
"2467","scaffold0003:2673771|2678115",31,47,31
"2468","scaffold0003:2928600|2956480",7,NA,NA
"2469","scaffold0003:29320765|29333159",2,NA,NA
"2470","scaffold0003:29359722|29367073",4,NA,5
"2471","scaffold0003:29378837|29407850",3,NA,NA
"2472","scaffold0003:29384783|29388197",73,NA,18
"2473","scaffold0003:29384783|29407850",127,45,8
"2474","scaffold0003:29388070|29404976",1,NA,NA
"2475","scaffold0003:29423451|29436196",1,NA,NA
"2476","scaffold0003:2956277|2956480",NA,4,NA
"2477","scaffold0003:29592680|29593789",457,285,346
"2478","scaffold0003:29592680|29600075",NA,1,NA
"2479","scaffold0003:29644883|29647341",2,NA,NA
"2480","scaffold0003:29687111|29702278",3,NA,NA
"2481","scaffold0003:29687111|29707524",15,16,NA
"2482","scaffold0003:29729774|29729972",1,NA,NA
"2483","scaffold0003:29729774|29738802",4,17,13
"2484","scaffold0003:29729774|29753963",2,NA,3
"2485","scaffold0003:29738607|29738802",8,6,NA
"2486","scaffold0003:29738607|29753963",1,NA,NA
"2487","scaffold0003:29753844|29759915",NA,NA,5
"2488","scaffold0003:30222107|30226439",1,NA,NA
"2489","scaffold0003:30260212|30293554",5,NA,NA
"2490","scaffold0003:30293392|30295354",2,NA,NA
"2491","scaffold0003:30311919|30319458",NA,NA,1
"2492","scaffold0003:30586363|30586537",4,NA,NA
"2493","scaffold0003:30586363|30590977",2,NA,NA
"2494","scaffold0003:30589146|30590977",16,NA,2
"2495","scaffold0003:30642469|30645110",1,NA,NA
"2496","scaffold0003:30642469|30651605",16,NA,9
"2497","scaffold0003:30657792|30659176",NA,NA,1
"2498","scaffold0003:30667976|30670645",9,2,15
"2499","scaffold0003:30669111|30670645",5,NA,NA
"2500","scaffold0003:3170117|3170421",110,61,116
"2501","scaffold0003:31864256|31890133",8,NA,9
"2502","scaffold0003:32394694|32394983",NA,NA,6
"2503","scaffold0003:32418881|32423130",2,3,NA
"2504","scaffold0003:35563108|35572313",NA,10,NA
"2505","scaffold0003:35714542|35724811",7,1,5
"2506","scaffold0003:35714542|35783792",NA,NA,4
"2507","scaffold0003:35724625|35757332",10,NA,NA
"2508","scaffold0003:35740267|35760166",5,NA,2
"2509","scaffold0003:35855023|35855274",80,NA,9
"2510","scaffold0003:37420149|37427062",1,NA,NA
"2511","scaffold0003:37770310|37772775",9,NA,17
"2512","scaffold0003:37785172|37791439",2,14,NA
"2513","scaffold0003:38251549|38266615",3,NA,NA
"2514","scaffold0003:38266193|38270990",NA,NA,3
"2515","scaffold0003:38326434|38364837",NA,1,NA
"2516","scaffold0003:40521332|40533705",NA,NA,2
"2517","scaffold0003:40521332|40535028",NA,NA,2
"2518","scaffold0003:40888687|40898686",3,NA,NA
"2519","scaffold0003:40977927|40978388",1,NA,NA
"2520","scaffold0003:40977927|40983897",NA,NA,2
"2521","scaffold0003:41146227|41152917",47,13,4
"2522","scaffold0003:41170176|41174153",NA,12,NA
"2523","scaffold0003:41180495|41189467",15,NA,NA
"2524","scaffold0003:41181793|41189467",16,NA,NA
"2525","scaffold0003:41309073|41328158",NA,11,NA
"2526","scaffold0003:41318258|41328158",1,NA,NA
"2527","scaffold0003:41319954|41328158",1,NA,NA
"2528","scaffold0003:41700381|41702292",NA,NA,2
"2529","scaffold0003:41700381|41717658",3,NA,NA
"2530","scaffold0003:41702155|41717658",NA,4,NA
"2531","scaffold0003:41972402|41977471",NA,NA,17
"2532","scaffold0003:42172322|42173472",249,96,22
"2533","scaffold0003:42193743|42200484",2,NA,NA
"2534","scaffold0003:42359028|42360300",NA,1,NA
"2535","scaffold0003:42392746|42396189",NA,7,NA
"2536","scaffold0003:42392746|42409673",14,6,7
"2537","scaffold0003:42396082|42409673",29,33,5
"2538","scaffold0003:42403111|42409673",80,19,32
"2539","scaffold0003:42472643|42474158",282,413,211
"2540","scaffold0003:42473987|42487226",22,7,NA
"2541","scaffold0003:42508989|42509413",18,NA,5
"2542","scaffold0003:42508989|42512296",11,7,3
"2543","scaffold0003:42511613|42512296",NA,NA,1
"2544","scaffold0003:42549432|42563181",3,NA,NA
"2545","scaffold0003:42556707|42563181",1,5,NA
"2546","scaffold0003:42557833|42563181",2,4,NA
"2547","scaffold0003:42615116|42617166",96,78,42
"2548","scaffold0003:42696145|42696751",NA,10,6
"2549","scaffold0003:42702998|42703786",NA,2,3
"2550","scaffold0003:42744917|42770980",10,NA,NA
"2551","scaffold0003:42767765|42783158",NA,NA,1
"2552","scaffold0003:42774850|42786727",11,1,NA
"2553","scaffold0003:42788660|42791201",14,NA,NA
"2554","scaffold0003:42833180|42836101",NA,NA,6
"2555","scaffold0003:42892573|42894915",NA,NA,3
"2556","scaffold0003:43101940|43103545",20,24,2
"2557","scaffold0003:47603416|47609209",NA,1,NA
"2558","scaffold0003:47617211|47619223",NA,NA,1
"2559","scaffold0003:47625312|47635142",9,NA,NA
"2560","scaffold0003:47689541|47692453",4,NA,NA
"2561","scaffold0003:47710466|47738456",5,NA,NA
"2562","scaffold0003:47755222|47775765",NA,2,4
"2563","scaffold0003:47767501|47767819",NA,1,4
"2564","scaffold0003:47803379|47803581",NA,3,NA
"2565","scaffold0003:47946470|47965423",6,NA,NA
"2566","scaffold0003:47960527|47965423",NA,2,NA
"2567","scaffold0003:48030879|48042334",24,NA,1
"2568","scaffold0003:48071906|48074700",45,NA,NA
"2569","scaffold0003:48071906|48142127",3,NA,NA
"2570","scaffold0003:48116085|48142127",NA,NA,3
"2571","scaffold0003:48141933|48142127",8,7,3
"2572","scaffold0003:48668072|48690218",NA,3,1
"2573","scaffold0003:48668100|48690218",1,NA,NA
"2574","scaffold0003:48685695|48690218",7,4,13
"2575","scaffold0003:49119361|49120565",20,NA,NA
"2576","scaffold0003:49137904|49146266",NA,NA,2
"2577","scaffold0003:49226795|49235168",NA,NA,6
"2578","scaffold0003:49260491|49262022",5,NA,6
"2579","scaffold0003:49260491|49264316",1,NA,NA
"2580","scaffold0003:49264202|49267767",NA,27,NA
"2581","scaffold0003:49264202|49277331",NA,1,NA
"2582","scaffold0003:49273889|49277331",NA,5,NA
"2583","scaffold0003:49303680|49305397",3,3,5
"2584","scaffold0003:49309752|49312802",NA,4,1
"2585","scaffold0003:49322782|49325832",NA,4,NA
"2586","scaffold0003:49331628|49336522",6,13,12
"2587","scaffold0003:49360967|49370450",1,NA,4
"2588","scaffold0003:49370189|49370450",2,NA,NA
"2589","scaffold0003:49404270|49405008",NA,NA,1
"2590","scaffold0003:49404405|49404816",NA,NA,6
"2591","scaffold0003:49788830|49790791",16,NA,5
"2592","scaffold0003:49817155|49829273",3,NA,NA
"2593","scaffold0003:49825357|49829273",22,24,29
"2594","scaffold0003:49827685|49841121",6,NA,NA
"2595","scaffold0003:49888294|49888672",6,NA,3
"2596","scaffold0003:49990878|49999252",NA,NA,2
"2597","scaffold0003:50006682|50015567",NA,7,NA
"2598","scaffold0003:50011936|50018100",NA,NA,6
"2599","scaffold0003:50023639|50032420",NA,NA,2
"2600","scaffold0003:50043477|50059607",NA,NA,4
"2601","scaffold0003:50049755|50059607",11,5,4
"2602","scaffold0003:50049755|50066885",11,NA,NA
"2603","scaffold0003:50059425|50066885",23,NA,6
"2604","scaffold0003:50066699|50066885",5,NA,NA
"2605","scaffold0003:50097749|50098015",6,NA,NA
"2606","scaffold0003:50341592|50344769",8,12,NA
"2607","scaffold0003:50341592|50378793",2,NA,NA
"2608","scaffold0003:50452944|50460012",NA,NA,1
"2609","scaffold0003:50499978|50500660",3,3,5
"2610","scaffold0003:50507327|50516841",4,NA,NA
"2611","scaffold0003:50783823|50786915",4,3,NA
"2612","scaffold0003:50786762|50798207",NA,3,NA
"2613","scaffold0003:50795699|50829793",NA,NA,2
"2614","scaffold0003:50797989|50798207",24,NA,NA
"2615","scaffold0003:51071584|51072011",2,4,2
"2616","scaffold0003:51074278|51088136",NA,NA,2
"2617","scaffold0003:51085536|51088136",NA,3,NA
"2618","scaffold0003:51089304|51089747",NA,NA,2
"2619","scaffold0003:51104248|51105474",53,21,NA
"2620","scaffold0003:51376908|51384466",11,NA,NA
"2621","scaffold0003:51464435|51469178",NA,2,NA
"2622","scaffold0003:51527615|51531318",NA,6,NA
"2623","scaffold0003:51600175|51612181",NA,13,NA
"2624","scaffold0003:51607872|51615243",1,NA,NA
"2625","scaffold0003:51735198|51736741",58,4,4
"2626","scaffold0003:51735198|51773488",1,NA,NA
"2627","scaffold0003:51877894|51883785",10,NA,NA
"2628","scaffold0003:51893254|51896704",1,NA,NA
"2629","scaffold0003:51916434|51925523",3,NA,NA
"2630","scaffold0003:51916434|51944446",19,NA,NA
"2631","scaffold0003:52021374|52029813",1,NA,NA
"2632","scaffold0003:52021374|52034412",1,NA,NA
"2633","scaffold0003:52037193|52059350",5,NA,NA
"2634","scaffold0003:52051350|52051704",NA,3,NA
"2635","scaffold0003:52057089|52059350",NA,NA,31
"2636","scaffold0003:5208049|5213422",NA,NA,2
"2637","scaffold0003:5213296|5219499",7,NA,4
"2638","scaffold0003:52160471|52219315",NA,NA,1
"2639","scaffold0003:52207303|52219315",NA,NA,5
"2640","scaffold0003:52454206|52462930",36,30,9
"2641","scaffold0003:52454206|52484009",NA,NA,8
"2642","scaffold0003:52458975|52462930",14,NA,NA
"2643","scaffold0003:52464549|52475659",7,NA,NA
"2644","scaffold0003:52464549|52484009",2,NA,NA
"2645","scaffold0003:52482344|52488733",2,NA,NA
"2646","scaffold0003:52483646|52484009",23,26,30
"2647","scaffold0003:52483646|52488733",NA,10,NA
"2648","scaffold0003:52532858|52538232",5,NA,NA
"2649","scaffold0003:52542760|52542962",5,NA,NA
"2650","scaffold0003:52542760|52555913",41,26,18
"2651","scaffold0003:52544056|52555913",10,7,4
"2652","scaffold0003:52555833|52557197",NA,NA,4
"2653","scaffold0003:52639587|52639798",2,10,NA
"2654","scaffold0003:52639587|52643854",NA,NA,2
"2655","scaffold0003:52639587|52646516",3,NA,NA
"2656","scaffold0003:52639587|52656030",NA,NA,4
"2657","scaffold0003:52643723|52648003",3,NA,NA
"2658","scaffold0003:52643723|52656030",NA,NA,3
"2659","scaffold0003:52647870|52651417",1,NA,NA
"2660","scaffold0003:52647870|52653713",4,NA,1
"2661","scaffold0003:52647870|52656030",49,7,6
"2662","scaffold0003:52651306|52656030",12,NA,NA
"2663","scaffold0003:52655922|52677279",2,NA,NA
"2664","scaffold0003:52668249|52686166",NA,6,NA
"2665","scaffold0003:52677173|52686166",11,NA,NA
"2666","scaffold0003:52681582|52686166",11,NA,NA
"2667","scaffold0003:52715380|52715604",42,22,28
"2668","scaffold0003:52715380|52717535",41,37,21
"2669","scaffold0003:52715380|52725461",6,4,9
"2670","scaffold0003:52715380|52726977",9,NA,6
"2671","scaffold0003:52717406|52725461",NA,4,4
"2672","scaffold0003:52717406|52726977",8,NA,NA
"2673","scaffold0003:52725299|52726977",4,NA,NA
"2674","scaffold0003:52745279|52746890",NA,11,5
"2675","scaffold0003:52748640|52774090",6,NA,NA
"2676","scaffold0003:52749355|52762704",NA,3,NA
"2677","scaffold0003:52750603|52762704",NA,5,NA
"2678","scaffold0003:52769893|52774090",43,13,38
"2679","scaffold0003:52769893|52775247",6,NA,19
"2680","scaffold0003:52769893|52787190",NA,NA,11
"2681","scaffold0003:52771293|52774090",105,19,18
"2682","scaffold0003:52771293|52775247",31,30,19
"2683","scaffold0003:52771293|52777055",2,7,NA
"2684","scaffold0003:52771293|52787190",21,12,8
"2685","scaffold0003:52846224|52848543",5,NA,NA
"2686","scaffold0003:52910534|52925596",NA,10,NA
"2687","scaffold0003:52911336|52913204",NA,3,NA
"2688","scaffold0003:52921480|52925596",NA,NA,3
"2689","scaffold0003:52923335|52924236",1,NA,4
"2690","scaffold0003:53109779|53125630",1,NA,NA
"2691","scaffold0003:53127476|53129453",62,38,31
"2692","scaffold0003:53128396|53129453",61,NA,19
"2693","scaffold0003:53266538|53287790",NA,3,NA
"2694","scaffold0003:53267357|53287790",3,NA,NA
"2695","scaffold0003:53272655|53287790",11,9,NA
"2696","scaffold0003:53381068|53393256",NA,5,NA
"2697","scaffold0003:53486863|53489277",NA,10,NA
"2698","scaffold0003:53671028|53675826",38,NA,17
"2699","scaffold0003:53684532|53686333",3,NA,4
"2700","scaffold0003:53745603|53774097",1,NA,NA
"2701","scaffold0003:53763940|53767133",2,18,NA
"2702","scaffold0003:53768360|53774097",4,NA,3
"2703","scaffold0003:53769875|53774097",52,28,22
"2704","scaffold0003:53813648|53815180",5,6,NA
"2705","scaffold0003:53823529|53827745",1,NA,NA
"2706","scaffold0003:53823529|53831398",NA,NA,5
"2707","scaffold0003:53825825|53826080",NA,7,NA
"2708","scaffold0003:53907254|53908600",NA,6,3
"2709","scaffold0003:53941853|53954022",11,NA,NA
"2710","scaffold0003:53941853|53957702",NA,NA,2
"2711","scaffold0003:53953502|53954022",1,NA,NA
"2712","scaffold0003:53973546|53979603",3,NA,NA
"2713","scaffold0003:53973546|54008270",8,NA,7
"2714","scaffold0003:53979488|54008270",8,NA,4
"2715","scaffold0003:53992852|54008270",106,33,16
"2716","scaffold0003:54002490|54008270",98,36,34
"2717","scaffold0003:54095238|54164210",1,NA,1
"2718","scaffold0003:54095238|54185067",NA,NA,1
"2719","scaffold0003:54382778|54383638",71,31,NA
"2720","scaffold0003:54536910|54544932",7,13,11
"2721","scaffold0003:54663933|54672844",NA,71,NA
"2722","scaffold0003:54663933|54706060",12,19,9
"2723","scaffold0003:54769686|54798143",NA,NA,1
"2724","scaffold0003:54773184|54798143",NA,NA,3
"2725","scaffold0003:54794642|54802385",5,NA,NA
"2726","scaffold0003:54801673|54802385",1,NA,1
"2727","scaffold0003:54845867|54954594",10,NA,NA
"2728","scaffold0003:55370089|55370515",1,NA,NA
"2729","scaffold0003:55372690|55374683",2,9,NA
"2730","scaffold0003:55391544|55398531",NA,3,NA
"2731","scaffold0003:55504588|55511917",8,NA,NA
"2732","scaffold0003:55539974|55542178",3,NA,NA
"2733","scaffold0003:55539974|55546174",2,NA,NA
"2734","scaffold0003:56221375|56223689",4,NA,NA
"2735","scaffold0003:56221375|56226956",3,NA,NA
"2736","scaffold0003:5623869|5625949",NA,NA,1
"2737","scaffold0003:5623869|5628505",16,NA,NA
"2738","scaffold0003:5623869|5639513",NA,2,NA
"2739","scaffold0003:5625728|5639513",4,NA,NA
"2740","scaffold0003:5630127|5639513",NA,1,NA
"2741","scaffold0003:5630127|5642306",NA,8,NA
"2742","scaffold0003:57853501|57854295",3,NA,10
"2743","scaffold0003:57853501|57866449",8,NA,NA
"2744","scaffold0003:57853501|57873947",NA,NA,3
"2745","scaffold0003:57854179|57873947",3,NA,NA
"2746","scaffold0003:57866331|57878835",92,66,85
"2747","scaffold0003:57873856|57878835",66,NA,49
"2748","scaffold0003:58379460|58382567",3,NA,NA
"2749","scaffold0003:588500|592351",NA,NA,1
"2750","scaffold0003:58865867|58882335",4,NA,NA
"2751","scaffold0003:588665|589617",NA,NA,1
"2752","scaffold0003:588666|589617",9,NA,NA
"2753","scaffold0003:58883379|58889829",13,NA,NA
"2754","scaffold0003:59797193|59803053",5,NA,NA
"2755","scaffold0003:59797193|60037739",1,NA,NA
"2756","scaffold0003:59890364|59943512",NA,NA,1
"2757","scaffold0003:59943385|60037739",2,NA,NA
"2758","scaffold0003:60037049|60037739",3,8,NA
"2759","scaffold0003:601273|605952",1,NA,NA
"2760","scaffold0003:60207724|60207926",1,NA,NA
"2761","scaffold0003:605527|605952",1,NA,NA
"2762","scaffold0003:61304015|61305434",1,NA,NA
"2763","scaffold0003:61489368|61495686",NA,NA,2
"2764","scaffold0003:61489368|61498568",3,NA,NA
"2765","scaffold0003:61495566|61500790",1,NA,NA
"2766","scaffold0003:61503111|61504346",NA,6,NA
"2767","scaffold0003:61503414|61503886",5,3,NA
"2768","scaffold0003:61503414|61504346",NA,13,NA
"2769","scaffold0003:61503748|61504346",16,2,7
"2770","scaffold0003:61504586|61504979",2,NA,NA
"2771","scaffold0003:61506427|61507227",NA,3,2
"2772","scaffold0003:61506510|61507227",4,NA,NA
"2773","scaffold0003:617386|619201",NA,NA,2
"2774","scaffold0003:617387|619201",NA,NA,2
"2775","scaffold0003:62061227|62062537",7,NA,5
"2776","scaffold0003:62187840|62188865",8,NA,NA
"2777","scaffold0003:62392741|62396224",4,NA,NA
"2778","scaffold0003:62392741|62398078",2,NA,NA
"2779","scaffold0003:62392741|62403722",2,NA,NA
"2780","scaffold0003:62400944|62403722",33,44,23
"2781","scaffold0003:62409660|62414671",21,11,10
"2782","scaffold0003:62835994|62841040",NA,NA,2
"2783","scaffold0003:62881443|62897881",NA,NA,1
"2784","scaffold0003:62884584|62897881",NA,NA,1
"2785","scaffold0003:62931905|62941986",NA,2,NA
"2786","scaffold0003:62935073|62941986",3,NA,NA
"2787","scaffold0003:62959911|62971522",NA,NA,1
"2788","scaffold0003:62960854|62971522",NA,NA,1
"2789","scaffold0003:62970141|62971522",NA,NA,15
"2790","scaffold0003:63419025|63419564",6,NA,NA
"2791","scaffold0003:63424365|63424753",1,NA,5
"2792","scaffold0003:63440683|63440916",NA,NA,2
"2793","scaffold0003:63444167|63444850",7,NA,NA
"2794","scaffold0003:63487013|63487750",1,NA,NA
"2795","scaffold0003:63487750|63487907",NA,2,NA
"2796","scaffold0003:63523815|63523997",4,NA,NA
"2797","scaffold0003:63530762|63531959",NA,2,NA
"2798","scaffold0003:63530762|63534095",44,NA,11
"2799","scaffold0003:63532790|63534095",17,27,12
"2800","scaffold0003:635651|639139",NA,NA,1
"2801","scaffold0003:63567326|63567692",3,NA,NA
"2802","scaffold0003:63670566|63671895",NA,NA,1
"2803","scaffold0003:63739250|63740061",32,11,2
"2804","scaffold0003:63746603|63753014",12,NA,1
"2805","scaffold0003:63747473|63753014",91,13,2
"2806","scaffold0003:63750437|63753014",5,NA,NA
"2807","scaffold0003:63751311|63753014",71,15,1
"2808","scaffold0003:63784102|63784596",NA,13,NA
"2809","scaffold0003:63784104|63784596",2,NA,NA
"2810","scaffold0003:63784105|63784596",NA,12,1
"2811","scaffold0003:63784106|63784596",NA,NA,5
"2812","scaffold0003:63789124|63795424",NA,15,NA
"2813","scaffold0003:63789124|63807392",NA,8,NA
"2814","scaffold0003:63795263|63797253",2,NA,NA
"2815","scaffold0003:63797091|63798021",5,NA,NA
"2816","scaffold0003:63797091|63805484",9,NA,NA
"2817","scaffold0003:63797091|63831698",NA,NA,1
"2818","scaffold0003:63804700|63805484",NA,7,NA
"2819","scaffold0003:63804700|63807392",9,7,NA
"2820","scaffold0003:63804700|63809282",4,NA,3
"2821","scaffold0003:63804700|63811222",2,NA,NA
"2822","scaffold0003:63807288|63809282",2,NA,NA
"2823","scaffold0003:63807288|63811222",14,13,5
"2824","scaffold0003:63809123|63809282",NA,1,NA
"2825","scaffold0003:63809123|63811222",6,NA,NA
"2826","scaffold0003:63810982|63816909",4,6,NA
"2827","scaffold0003:63810982|63831698",1,4,NA
"2828","scaffold0003:63814467|63816909",111,75,104
"2829","scaffold0003:63814467|63821146",1,3,1
"2830","scaffold0003:63816864|63822094",22,NA,6
"2831","scaffold0003:63821034|63833945",NA,3,NA
"2832","scaffold0003:63821034|63842145",NA,NA,3
"2833","scaffold0003:63821034|63849728",NA,2,NA
"2834","scaffold0003:63831582|63842145",NA,5,NA
"2835","scaffold0003:63837338|63842145",3,NA,2
"2836","scaffold0003:63857427|63857588",4,NA,NA
"2837","scaffold0003:63880412|63881859",28,40,3
"2838","scaffold0003:63885906|63886855",1,NA,5
"2839","scaffold0003:63994962|63995412",NA,NA,1
"2840","scaffold0003:64126476|64127787",1,NA,NA
"2841","scaffold0003:64127174|64166371",1,NA,NA
"2842","scaffold0003:64127667|64138383",NA,NA,2
"2843","scaffold0003:64127667|64166371",NA,NA,6
"2844","scaffold0003:64277748|64286987",5,NA,1
"2845","scaffold0003:64281325|64282431",NA,3,NA
"2846","scaffold0003:64282335|64286987",2,NA,NA
"2847","scaffold0003:64286629|64286987",NA,NA,4
"2848","scaffold0003:64286629|64295718",NA,NA,4
"2849","scaffold0003:64295606|64297713",137,178,50
"2850","scaffold0003:64303418|64312071",7,NA,NA
"2851","scaffold0003:64361007|64368782",2,22,1
"2852","scaffold0003:64447106|64465839",20,11,2
"2853","scaffold0003:64449446|64464251",3,NA,NA
"2854","scaffold0003:644555|661416",24,18,52
"2855","scaffold0003:649340|659966",NA,NA,3
"2856","scaffold0003:649340|661416",NA,NA,4
"2857","scaffold0003:65943070|65955260",4,NA,NA
"2858","scaffold0003:65960648|65963649",NA,11,NA
"2859","scaffold0003:659834|661416",206,110,114
"2860","scaffold0003:66670860|66707981",3,5,NA
"2861","scaffold0003:66876718|66880402",4,NA,NA
"2862","scaffold0003:66906547|66908767",5,NA,3
"2863","scaffold0003:66906547|66911345",NA,4,NA
"2864","scaffold0003:66917886|66918305",NA,NA,5
"2865","scaffold0003:67025429|67025802",4,NA,NA
"2866","scaffold0003:67064778|67069801",5,NA,NA
"2867","scaffold0003:68902559|68909525",NA,1,NA
"2868","scaffold0003:68902559|68913881",NA,NA,8
"2869","scaffold0003:68928252|68931920",5,NA,NA
"2870","scaffold0003:69742659|69755018",23,NA,NA
"2871","scaffold0003:69947891|69954547",1,NA,NA
"2872","scaffold0003:71319452|71327339",6,NA,NA
"2873","scaffold0003:72160347|72162476",439,176,151
"2874","scaffold0003:72160347|72171601",12,NA,1
"2875","scaffold0003:72353636|72400750",10,NA,NA
"2876","scaffold0003:72367190|72370596",5,NA,1
"2877","scaffold0003:72367190|72400750",18,1,NA
"2878","scaffold0003:72370482|72400750",NA,5,NA
"2879","scaffold0003:72382607|72400750",1,3,NA
"2880","scaffold0003:72397312|72412486",NA,12,NA
"2881","scaffold0003:72397312|72454847",1,NA,NA
"2882","scaffold0003:72452638|72454847",79,71,26
"2883","scaffold0003:72452638|72468090",15,8,2
"2884","scaffold0003:72890585|72893359",22,NA,NA
"2885","scaffold0003:72903201|72921914",10,NA,NA
"2886","scaffold0003:72903201|72947498",1,NA,NA
"2887","scaffold0003:72913857|72921914",29,17,14
"2888","scaffold0003:72913857|72947498",NA,NA,5
"2889","scaffold0003:72935358|72947498",2,NA,NA
"2890","scaffold0003:73224173|73235778",2,NA,NA
"2891","scaffold0003:73249822|73255322",23,9,NA
"2892","scaffold0003:73263887|73281243",NA,NA,5
"2893","scaffold0003:73290643|73302468",NA,NA,4
"2894","scaffold0003:73302303|73321860",NA,NA,3
"2895","scaffold0003:73313140|73321860",NA,NA,3
"2896","scaffold0003:73816348|73831906",2,NA,NA
"2897","scaffold0003:73891072|73893353",8,NA,23
"2898","scaffold0003:73891072|73900075",6,13,15
"2899","scaffold0003:73913944|73914195",171,43,57
"2900","scaffold0003:73918222|73919921",1,NA,NA
"2901","scaffold0003:73923043|73923804",4,NA,NA
"2902","scaffold0003:73999411|73999940",NA,NA,1
"2903","scaffold0003:74569776|74570114",10,4,4
"2904","scaffold0003:75467719|75471739",75,49,24
"2905","scaffold0003:75688555|75689121",NA,NA,8
"2906","scaffold0003:75986781|75988293",1,NA,NA
"2907","scaffold0003:79572114|79572609",50,4,6
"2908","scaffold0003:80021761|80023392",NA,9,NA
"2909","scaffold0003:80027002|80030553",4,NA,NA
"2910","scaffold0003:80084115|80084599",NA,5,NA
"2911","scaffold0003:80091610|80092935",609,423,566
"2912","scaffold0003:80128615|80131401",2,10,2
"2913","scaffold0003:80128615|80141049",5,NA,7
"2914","scaffold0003:80195165|80198454",4,3,NA
"2915","scaffold0003:80552175|80552865",7,NA,1
"2916","scaffold0003:81205452|81207268",NA,NA,2
"2917","scaffold0003:81211054|81226112",3,NA,NA
"2918","scaffold0003:81335738|81336820",NA,2,NA
"2919","scaffold0003:81350304|81352066",8,NA,NA
"2920","scaffold0003:81649455|81649629",7,NA,6
"2921","scaffold0003:81649455|81728191",NA,13,1
"2922","scaffold0003:81727372|81728191",20,4,9
"2923","scaffold0003:82495391|82495653",NA,8,NA
"2924","scaffold0003:82505732|82506832",1,NA,NA
"2925","scaffold0003:82899910|82903916",NA,NA,3
"2926","scaffold0003:83421974|83425479",NA,4,NA
"2927","scaffold0003:83864232|83888373",1,NA,NA
"2928","scaffold0003:84274737|84278398",2,NA,NA
"2929","scaffold0003:84298875|84299997",NA,NA,1
"2930","scaffold0003:84323653|84349297",NA,3,NA
"2931","scaffold0003:84339227|84349297",5,NA,NA
"2932","scaffold0003:846624|878192",1,NA,NA
"2933","scaffold0003:85549241|85551751",15,NA,11
"2934","scaffold0003:85549241|85561892",NA,NA,4
"2935","scaffold0003:85549241|85572180",6,6,2
"2936","scaffold0003:85551493|85572180",4,13,6
"2937","scaffold0003:85561691|85572180",202,199,183
"2938","scaffold0003:85570847|85572180",2,NA,1
"2939","scaffold0003:8609316|8614500",NA,5,NA
"2940","scaffold0003:8639289|8643528",4,NA,NA
"2941","scaffold0003:8728375|8729741",NA,6,NA
"2942","scaffold0003:8748628|8763455",4,NA,NA
"2943","scaffold0003:8750684|8753937",1,NA,NA
"2944","scaffold0003:876638|878192",2,NA,3
"2945","scaffold0003:8798557|8815227",8,NA,NA
"2946","scaffold0003:8813743|8815227",19,NA,7
"2947","scaffold0003:91225669|91231096",8,NA,NA
"2948","scaffold0003:91225669|91234248",1,NA,NA
"2949","scaffold0003:91231028|91234248",11,NA,2
"2950","scaffold0003:91449296|91499200",NA,4,NA
"2951","scaffold0003:91472916|91499200",11,7,1
"2952","scaffold0003:91472916|91518267",NA,NA,7
"2953","scaffold0003:91492860|91493820",2,3,NA
"2954","scaffold0003:91492860|91499200",77,11,17
"2955","scaffold0003:91492860|91515867",8,NA,NA
"2956","scaffold0003:91492860|91518267",24,NA,2
"2957","scaffold0003:91492860|91578099",NA,8,NA
"2958","scaffold0003:91499066|91528665",NA,9,NA
"2959","scaffold0003:91499066|91578099",5,NA,NA
"2960","scaffold0003:91528465|91528665",NA,NA,3
"2961","scaffold0003:91541022|91543470",7,NA,NA
"2962","scaffold0003:91541022|91562241",2,NA,NA
"2963","scaffold0003:91541022|91578099",5,8,NA
"2964","scaffold0003:92045298|92070672",NA,NA,1
"2965","scaffold0003:92056321|92070672",NA,NA,3
"2966","scaffold0003:9238640|9268179",2,NA,NA
"2967","scaffold0003:93238253|93238418",NA,NA,2
"2968","scaffold0003:93283902|93286138",10,3,NA
"2969","scaffold0003:93298117|93309623",2,NA,NA
"2970","scaffold0003:93301870|93309623",2,NA,NA
"2971","scaffold0003:93306932|93309623",NA,NA,4
"2972","scaffold0003:93319116|93320648",10,3,NA
"2973","scaffold0003:93328461|93332055",44,38,54
"2974","scaffold0003:93328461|93342958",NA,NA,3
"2975","scaffold0003:93365759|93367029",NA,NA,2
"2976","scaffold0003:93370457|93375984",55,33,37
"2977","scaffold0003:93370457|93377275",NA,7,NA
"2978","scaffold0003:93389063|93395645",NA,1,NA
"2979","scaffold0003:93391712|93395645",1,NA,NA
"2980","scaffold0003:93410186|93417706",8,NA,2
"2981","scaffold0003:93410186|93443135",5,NA,NA
"2982","scaffold0003:93412711|93417706",NA,NA,2
"2983","scaffold0003:93420631|93421098",1,NA,6
"2984","scaffold0003:93425596|93426844",NA,NA,11
"2985","scaffold0003:93429743|93434628",NA,NA,4
"2986","scaffold0003:93432652|93438215",1,NA,NA
"2987","scaffold0003:93433813|93434628",NA,8,NA
"2988","scaffold0003:93437959|93443135",2,NA,1
"2989","scaffold0003:93438673|93443135",NA,3,NA
"2990","scaffold0003:93473457|93481078",3,NA,3
"2991","scaffold0003:93477327|93481078",4,NA,1
"2992","scaffold0003:93477327|93486203",NA,NA,4
"2993","scaffold0003:93489266|93504975",4,NA,NA
"2994","scaffold0003:93494651|93494939",NA,NA,2
"2995","scaffold0003:93523696|93530289",NA,NA,5
"2996","scaffold0003:93592316|93592497",2,NA,NA
"2997","scaffold0003:93683142|93687984",NA,7,NA
"2998","scaffold0003:93685118|93687984",NA,8,NA
"2999","scaffold0003:93694549|93695386",NA,9,NA
"3000","scaffold0003:93960362|93961413",NA,NA,2
"3001","scaffold0003:94135590|94136848",NA,NA,1
"3002","scaffold0003:94319971|94333921",NA,17,NA
"3003","scaffold0003:94319971|94335728",NA,NA,15
"3004","scaffold0003:94321761|94333921",28,59,NA
"3005","scaffold0003:94437718|94439479",2,NA,2
"3006","scaffold0003:94455908|94458974",NA,NA,2
"3007","scaffold0003:94462539|94465592",33,NA,NA
"3008","scaffold0003:94504745|94508774",316,315,271
"3009","scaffold0003:94508645|94509107",2,NA,NA
"3010","scaffold0003:94517884|94519478",NA,NA,1
"3011","scaffold0003:94538723|94541851",2,NA,NA
"3012","scaffold0003:94774255|94779777",NA,6,NA
"3013","scaffold0003:94774255|94781501",4,NA,NA
"3014","scaffold0003:94779616|94781501",NA,3,NA
"3015","scaffold0003:94781433|94887731",5,NA,NA
"3016","scaffold0003:94887459|94887731",179,146,54
"3017","scaffold0003:94887459|94922858",2,NA,NA
"3018","scaffold0003:94906975|94913179",NA,NA,6
"3019","scaffold0003:94906975|94922858",3,NA,NA
"3020","scaffold0003:95019876|95028086",12,16,6
"3021","scaffold0003:95019876|95038627",15,NA,NA
"3022","scaffold0003:95023888|95026920",1,NA,NA
"3023","scaffold0003:95038572|95062187",NA,NA,2
"3024","scaffold0003:95057095|95059924",3,NA,NA
"3025","scaffold0003:95070618|95077325",1,1,NA
"3026","scaffold0003:95251744|95298724",25,13,17
"3027","scaffold0003:95251744|95307151",NA,9,NA
"3028","scaffold0003:95298527|95307151",2,NA,10
"3029","scaffold0003:95298527|95319968",3,NA,NA
"3030","scaffold0003:95317710|95319968",41,4,15
"3031","scaffold0003:95317710|95326593",NA,NA,1
"3032","scaffold0003:95325683|95326593",6,10,NA
"3033","scaffold0003:9567684|9583961",4,NA,3
"3034","scaffold0003:9567684|9590022",8,NA,NA
"3035","scaffold0003:96345334|96346228",NA,NA,2
"3036","scaffold0003:96377166|96384426",1,NA,NA
"3037","scaffold0003:96380981|96384426",1,NA,NA
"3038","scaffold0003:96384236|96384426",4,NA,NA
"3039","scaffold0003:96384236|96387330",NA,NA,9
"3040","scaffold0003:96384236|96398330",2,NA,NA
"3041","scaffold0003:96384236|96419457",1,NA,NA
"3042","scaffold0003:96387232|96392207",7,NA,NA
"3043","scaffold0003:96387232|96394462",1,NA,NA
"3044","scaffold0003:96392113|96403633",NA,3,NA
"3045","scaffold0003:96394368|96403633",NA,3,NA
"3046","scaffold0003:96398146|96412827",2,NA,NA
"3047","scaffold0003:96403447|96412827",3,NA,NA
"3048","scaffold0003:96413858|96414391",2,NA,NA
"3049","scaffold0003:96413858|96418586",133,53,71
"3050","scaffold0003:96413858|96419457",106,42,46
"3051","scaffold0003:96413858|96423823",19,25,14
"3052","scaffold0003:96413858|96426252",25,4,27
"3053","scaffold0003:96414240|96418586",1,NA,NA
"3054","scaffold0003:96414240|96419457",4,NA,NA
"3055","scaffold0003:96421792|96423823",154,58,106
"3056","scaffold0003:96421792|96426252",124,68,60
"3057","scaffold0003:96467018|96467316",7,NA,NA
"3058","scaffold0003:96467019|96467316",11,5,2
"3059","scaffold0003:96467024|96467316",4,17,12
"3060","scaffold0003:96467025|96467316",5,8,8
"3061","scaffold0003:96467115|96467316",1,NA,NA
"3062","scaffold0003:96897768|96909807",3,NA,NA
"3063","scaffold0003:96954205|96968410",NA,9,9
"3064","scaffold0003:96962925|96968410",NA,5,NA
"3065","scaffold0003:97132317|97135872",44,50,32
"3066","scaffold0003:97348292|97364701",10,NA,NA
"3067","scaffold0003:97352286|97364701",8,4,1
"3068","scaffold0003:97424399|97425322",NA,NA,2
"3069","scaffold0003:97430354|97430553",NA,10,10
"3070","scaffold0003:97459082|97459220",NA,NA,1
"3071","scaffold0003:97463730|97470531",NA,1,NA
"3072","scaffold0003:97466045|97470531",NA,NA,3
"3073","scaffold0003:97494465|97502447",2,NA,NA
"3074","scaffold0003:97494465|97505626",2,NA,NA
"3075","scaffold0003:97499642|97505626",1,NA,NA
"3076","scaffold0003:97501274|97502447",3,NA,NA
"3077","scaffold0003:97504440|97505626",3,NA,NA
"3078","scaffold0003:97718983|97735909",5,NA,NA
"3079","scaffold0003:97773339|97774973",1,NA,NA
"3080","scaffold0003:97983885|97993044",NA,NA,2
"3081","scaffold0003:98013982|98025596",NA,NA,3
"3082","scaffold0003:98020505|98021000",NA,NA,3
"3083","scaffold0003:98226240|98228092",NA,NA,5
"3084","scaffold0003:98381045|98384225",4,NA,NA
"3085","scaffold0003:98446775|98448920",NA,NA,1
"3086","scaffold0003:98476312|98478388",8,12,NA
"3087","scaffold0003:98739364|98745814",NA,4,NA
"3088","scaffold0003:98976787|98984409",4,NA,NA
"3089","scaffold0003:99021902|99025548",202,89,117
"3090","scaffold0003:99021902|99038492",NA,NA,2
"3091","scaffold0003:99021902|99041093",16,NA,10
"3092","scaffold0003:99021902|99059895",4,NA,NA
"3093","scaffold0003:99025412|99041093",1,NA,NA
"3094","scaffold0003:99031687|99041093",10,NA,3
"3095","scaffold0003:99037121|99051481",8,NA,NA
"3096","scaffold0003:99048803|99051481",9,5,3
"3097","scaffold0003:99048803|99054289",NA,NA,2
"3098","scaffold0003:99056018|99058969",4,NA,NA
"3099","scaffold0003:99082482|99082846",5,NA,NA
"3100","scaffold0003:99082482|99082848",NA,3,NA
"3101","scaffold0003:99086393|99087319",1,NA,NA
"3102","scaffold0003:99223681|99223911",2,NA,NA
"3103","scaffold0003:99441324|99441498",NA,NA,5
"3104","scaffold0003:99714430|99720863",79,36,71
"3105","scaffold0003:99714430|99724839",13,10,NA
"3106","scaffold0003:99714521|99715406",NA,NA,5
"3107","scaffold0003:99715427|99720863",1,NA,NA
"3108","scaffold0003:99736496|99740134",NA,NA,6
"3109","scaffold0003:99776170|99780456",75,18,32
"3110","scaffold0003:99778018|99780205",2,10,NA
"3111","scaffold0003:99778018|99785984",NA,NA,5
"3112","scaffold0003:99781452|99783285",NA,NA,4
"3113","scaffold0003:99781452|99785984",80,52,26
"3114","scaffold0003:99918273|99927507",NA,NA,7
"3115","scaffold0003:99931599|99933751",3,NA,NA
"3116","scaffold0004:101681|104196",NA,NA,5
"3117","scaffold0004:1057510|1057702",11,33,9
"3118","scaffold0004:1057510|1123353",81,110,67
"3119","scaffold0004:1057510|1139579",8,17,14
"3120","scaffold0004:1057510|1152909",5,NA,NA
"3121","scaffold0004:1057510|1167623",NA,5,NA
"3122","scaffold0004:1123281|1139579",4,NA,NA
"3123","scaffold0004:1139334|1167623",NA,NA,2
"3124","scaffold0004:1159140|1167623",5,NA,NA
"3125","scaffold0004:11837437|11837799",NA,3,NA
"3126","scaffold0004:11838098|11840638",NA,NA,3
"3127","scaffold0004:1186113|1202633",NA,NA,1
"3128","scaffold0004:11949432|11949837",19,2,10
"3129","scaffold0004:11959546|11960027",5,NA,NA
"3130","scaffold0004:12103059|12103248",1,NA,NA
"3131","scaffold0004:12114837|12115005",2,NA,NA
"3132","scaffold0004:12126453|12126632",9,NA,NA
"3133","scaffold0004:12135978|12136395",1,NA,NA
"3134","scaffold0004:12138178|12138479",NA,6,NA
"3135","scaffold0004:12176254|12176952",NA,5,NA
"3136","scaffold0004:12183441|12184209",NA,NA,7
"3137","scaffold0004:12434225|12439693",3,NA,NA
"3138","scaffold0004:125449|127228",NA,3,NA
"3139","scaffold0004:125449|128194",16,17,17
"3140","scaffold0004:12548078|12554928",10,NA,NA
"3141","scaffold0004:12549781|12554928",NA,2,NA
"3142","scaffold0004:12554601|12554928",14,11,8
"3143","scaffold0004:12599511|12599871",6,NA,NA
"3144","scaffold0004:12642078|12643749",NA,2,3
"3145","scaffold0004:12643525|12643749",4,NA,8
"3146","scaffold0004:12647960|12652471",1,NA,2
"3147","scaffold0004:12647960|12654333",2,NA,3
"3148","scaffold0004:12647960|12658940",NA,NA,2
"3149","scaffold0004:12654950|12662639",NA,NA,2
"3150","scaffold0004:12658842|12662639",235,131,85
"3151","scaffold0004:12658842|12669705",NA,3,7
"3152","scaffold0004:12658842|12670931",4,NA,8
"3153","scaffold0004:12659688|12662639",552,331,190
"3154","scaffold0004:12659688|12669705",10,13,NA
"3155","scaffold0004:12659688|12670931",12,NA,NA
"3156","scaffold0004:127061|128194",3,NA,NA
"3157","scaffold0004:12777429|12777582",NA,NA,2
"3158","scaffold0004:12778399|12779462",NA,NA,4
"3159","scaffold0004:12855336|12857506",4,NA,NA
"3160","scaffold0004:12855336|12864332",NA,NA,1
"3161","scaffold0004:12868095|12871709",30,28,25
"3162","scaffold0004:12871254|12871596",NA,2,NA
"3163","scaffold0004:12999930|13131830",NA,5,NA
"3164","scaffold0004:13088075|13090437",3,NA,NA
"3165","scaffold0004:14198754|14203186",9,NA,NA
"3166","scaffold0004:14202999|14209657",1,NA,NA
"3167","scaffold0004:14389677|14391222",NA,10,NA
"3168","scaffold0004:14389677|14401746",NA,NA,10
"3169","scaffold0004:14389677|14405011",23,63,36
"3170","scaffold0004:14389677|14418485",NA,14,16
"3171","scaffold0004:14389677|14423331",7,NA,10
"3172","scaffold0004:14399977|14418485",5,NA,NA
"3173","scaffold0004:14408271|14418485",NA,1,1
"3174","scaffold0004:14411714|14418485",6,NA,NA
"3175","scaffold0004:14411714|14423331",1,NA,NA
"3176","scaffold0004:14421975|14431668",NA,NA,2
"3177","scaffold0004:14423139|14428991",2,NA,NA
"3178","scaffold0004:14452153|14452794",1166,930,546
"3179","scaffold0004:1525694|1526301",13,NA,NA
"3180","scaffold0004:15448316|15451317",23,NA,7
"3181","scaffold0004:1552409|1554104",NA,9,NA
"3182","scaffold0004:1552409|1556634",NA,NA,9
"3183","scaffold0004:1598631|1603334",9,NA,10
"3184","scaffold0004:1598631|1607327",30,NA,31
"3185","scaffold0004:1601851|1603334",NA,6,NA
"3186","scaffold0004:1601851|1607327",15,13,8
"3187","scaffold0004:16324131|16338427",2,NA,NA
"3188","scaffold0004:16324131|16354302",NA,13,NA
"3189","scaffold0004:16464732|16609525",NA,2,NA
"3190","scaffold0004:16574483|16581983",8,4,NA
"3191","scaffold0004:16574483|16609525",19,10,17
"3192","scaffold0004:16574483|16617756",8,NA,NA
"3193","scaffold0004:16581815|16609525",NA,NA,8
"3194","scaffold0004:1663040|1664855",NA,NA,1
"3195","scaffold0004:1679870|1686303",10,3,6
"3196","scaffold0004:171743|172879",56,80,73
"3197","scaffold0004:171743|191961",NA,2,4
"3198","scaffold0004:17298572|17427473",2,NA,NA
"3199","scaffold0004:17639366|17647911",7,11,NA
"3200","scaffold0004:17639366|17699574",2,4,NA
"3201","scaffold0004:1788118|1790162",NA,NA,9
"3202","scaffold0004:1799172|1808157",NA,NA,6
"3203","scaffold0004:18471215|18475169",1,NA,NA
"3204","scaffold0004:18491893|18494639",12,19,NA
"3205","scaffold0004:18662435|18678556",NA,2,4
"3206","scaffold0004:18662435|18679755",NA,1,2
"3207","scaffold0004:18662435|18689543",14,17,5
"3208","scaffold0004:18662435|18708867",1,18,7
"3209","scaffold0004:18678414|18687262",1,NA,NA
"3210","scaffold0004:18678414|18689543",25,19,4
"3211","scaffold0004:18678414|18708867",3,8,3
"3212","scaffold0004:18678414|18730118",NA,2,1
"3213","scaffold0004:18679613|18687262",1,NA,NA
"3214","scaffold0004:18679613|18689543",9,19,7
"3215","scaffold0004:18679613|18708867",7,13,5
"3216","scaffold0004:18679613|18730118",NA,2,1
"3217","scaffold0004:18687064|18730118",6,NA,NA
"3218","scaffold0004:18708662|18708867",1,NA,NA
"3219","scaffold0004:18708662|18730118",7,2,1
"3220","scaffold0004:18751280|18756850",NA,3,NA
"3221","scaffold0004:18903280|18903542",8,NA,NA
"3222","scaffold0004:189041|191961",12,15,23
"3223","scaffold0004:1914162|1915488",19,NA,NA
"3224","scaffold0004:1919207|1926128",NA,52,NA
"3225","scaffold0004:19508925|19522925",NA,7,NA
"3226","scaffold0004:19511155|19516959",45,NA,47
"3227","scaffold0004:19518784|19520386",130,23,91
"3228","scaffold0004:19536107|19552252",1,NA,NA
"3229","scaffold0004:19550328|19552252",75,90,39
"3230","scaffold0004:19550328|19561731",8,NA,2
"3231","scaffold0004:19553826|19566812",1,NA,NA
"3232","scaffold0004:19565127|19566812",88,70,41
"3233","scaffold0004:19590596|19593574",5,NA,NA
"3234","scaffold0004:19990295|19997772",1,NA,12
"3235","scaffold0004:20369500|20370131",48,80,44
"3236","scaffold0004:20618426|20624367",2,NA,NA
"3237","scaffold0004:21201664|21202410",20,4,16
"3238","scaffold0004:21201664|21209250",3,NA,NA
"3239","scaffold0004:21214566|21221375",11,NA,NA
"3240","scaffold0004:21219562|21227686",1,NA,NA
"3241","scaffold0004:21226790|21227686",3,NA,NA
"3242","scaffold0004:21433548|21433665",1,NA,NA
"3243","scaffold0004:21686158|21686461",39,28,4
"3244","scaffold0004:21803595|21804653",60,8,3
"3245","scaffold0004:21877068|21897613",3,NA,NA
"3246","scaffold0004:21897442|21897613",NA,5,NA
"3247","scaffold0004:227140|230977",2,NA,NA
"3248","scaffold0004:227140|231918",3,11,NA
"3249","scaffold0004:23066341|23067075",NA,NA,1
"3250","scaffold0004:23243409|23248073",28,14,3
"3251","scaffold0004:23247567|23280611",NA,NA,2
"3252","scaffold0004:23279947|23290813",NA,NA,2
"3253","scaffold0004:23333580|23344444",5,NA,NA
"3254","scaffold0004:23333580|23364776",NA,NA,3
"3255","scaffold0004:23340474|23344444",1,NA,NA
"3256","scaffold0004:23340474|23364776",3,NA,NA
"3257","scaffold0004:23402222|23403702",2,NA,NA
"3258","scaffold0004:23402222|23413341",13,14,NA
"3259","scaffold0004:23403590|23407219",105,NA,15
"3260","scaffold0004:23458596|23462129",4,NA,NA
"3261","scaffold0004:23458596|23467711",13,3,1
"3262","scaffold0004:23462011|23467711",4,NA,NA
"3263","scaffold0004:23497516|23498099",5,NA,NA
"3264","scaffold0004:23499586|23502986",1,NA,NA
"3265","scaffold0004:23505500|23507302",22,NA,NA
"3266","scaffold0004:23600740|23608878",7,6,12
"3267","scaffold0004:23608757|23617088",9,NA,NA
"3268","scaffold0004:23678548|23682151",NA,13,NA
"3269","scaffold0004:23814086|23826678",11,NA,NA
"3270","scaffold0004:23814086|23835241",NA,3,NA
"3271","scaffold0004:23822358|23826678",5,6,4
"3272","scaffold0004:23822358|23835241",1,NA,NA
"3273","scaffold0004:23855456|23857107",71,11,21
"3274","scaffold0004:23993685|23995705",18,31,49
"3275","scaffold0004:23993685|23998659",4,NA,NA
"3276","scaffold0004:23994646|23995705",50,46,54
"3277","scaffold0004:23996795|23998659",276,281,411
"3278","scaffold0004:24442529|24447583",2,NA,NA
"3279","scaffold0004:24453929|24459867",2,NA,NA
"3280","scaffold0004:24459789|24469831",1,NA,NA
"3281","scaffold0004:24493212|24494417",17,NA,NA
"3282","scaffold0004:24498212|24499242",9,NA,9
"3283","scaffold0004:24547464|24551955",3,NA,NA
"3284","scaffold0004:24647387|24654941",NA,NA,2
"3285","scaffold0004:24684483|24684754",10,7,NA
"3286","scaffold0004:24684483|24690714",62,39,23
"3287","scaffold0004:24684483|24698278",2,NA,NA
"3288","scaffold0004:24684483|24701579",1,NA,NA
"3289","scaffold0004:24698201|24712932",NA,2,NA
"3290","scaffold0004:24699803|24712932",NA,2,NA
"3291","scaffold0004:24701502|24712932",NA,3,NA
"3292","scaffold0004:24702840|24712932",NA,1,NA
"3293","scaffold0004:24714890|24715196",NA,NA,2
"3294","scaffold0004:24773789|24775665",8,NA,3
"3295","scaffold0004:24777035|24778109",16,NA,43
"3296","scaffold0004:24781593|24781927",5,12,19
"3297","scaffold0004:24837215|24843671",16,NA,NA
"3298","scaffold0004:24897911|24899704",NA,3,NA
"3299","scaffold0004:24975971|24980351",NA,3,NA
"3300","scaffold0004:24975971|24987462",NA,5,NA
"3301","scaffold0004:24980235|24984271",NA,9,NA
"3302","scaffold0004:25028881|25033996",NA,NA,8
"3303","scaffold0004:25052335|25054161",6,NA,NA
"3304","scaffold0004:25052335|25055975",85,38,32
"3305","scaffold0004:25064347|25072048",6,6,NA
"3306","scaffold0004:25065694|25072048",NA,9,NA
"3307","scaffold0004:25066503|25072048",4,NA,3
"3308","scaffold0004:25084443|25084819",93,36,65
"3309","scaffold0004:25088220|25088455",1,NA,NA
"3310","scaffold0004:25107817|25110322",4,NA,NA
"3311","scaffold0004:25111533|25113919",NA,NA,3
"3312","scaffold0004:25167755|25170895",NA,NA,1
"3313","scaffold0004:25360679|25365750",1,NA,NA
"3314","scaffold0004:25365587|25372831",3,NA,NA
"3315","scaffold0004:25532233|25533865",4,NA,NA
"3316","scaffold0004:25532233|25554435",4,NA,NA
"3317","scaffold0004:2560134|2598603",3,NA,NA
"3318","scaffold0004:2595130|2598603",1454,407,146
"3319","scaffold0004:2595130|2610106",5,NA,NA
"3320","scaffold0004:2595130|2634144",26,NA,5
"3321","scaffold0004:2595130|2657265",10,NA,NA
"3322","scaffold0004:2595130|2683518",2,NA,NA
"3323","scaffold0004:2595130|2733701",NA,NA,5
"3324","scaffold0004:25992653|25997052",5,NA,NA
"3325","scaffold0004:26288524|26357902",1,NA,NA
"3326","scaffold0004:2633982|2634144",NA,6,NA
"3327","scaffold0004:2633982|2657265",32,NA,15
"3328","scaffold0004:2633982|2671601",17,15,6
"3329","scaffold0004:2633982|2683518",23,9,NA
"3330","scaffold0004:2633982|2725005",6,NA,NA
"3331","scaffold0004:2633982|2733701",5,NA,4
"3332","scaffold0004:2633982|2765223",NA,2,NA
"3333","scaffold0004:2633982|2781165",4,NA,4
"3334","scaffold0004:26403614|26421740",1,NA,NA
"3335","scaffold0004:2657109|2671601",2,9,NA
"3336","scaffold0004:2657109|2683518",2,NA,NA
"3337","scaffold0004:2657109|2725005",11,7,NA
"3338","scaffold0004:2657109|2733701",NA,11,NA
"3339","scaffold0004:2671432|2683518",19,13,NA
"3340","scaffold0004:2671432|2725005",37,NA,7
"3341","scaffold0004:2671432|2733701",NA,NA,3
"3342","scaffold0004:2671432|2781165",12,NA,NA
"3343","scaffold0004:2683413|2733701",16,NA,7
"3344","scaffold0004:2724912|2733701",175,101,72
"3345","scaffold0004:2724912|2765223",NA,1,NA
"3346","scaffold0004:2724912|2775570",2,NA,NA
"3347","scaffold0004:2724912|2781165",NA,NA,14
"3348","scaffold0004:2730190|2733701",6,9,5
"3349","scaffold0004:27353064|27355276",2,NA,NA
"3350","scaffold0004:2759656|2762652",10,NA,NA
"3351","scaffold0004:2759656|2765223",157,85,28
"3352","scaffold0004:2759656|2775570",14,NA,NA
"3353","scaffold0004:2759656|2781165",750,441,252
"3354","scaffold0004:2775482|2781165",2,NA,5
"3355","scaffold0004:27786477|27791877",4,NA,NA
"3356","scaffold0004:27786477|27792105",2,NA,NA
"3357","scaffold0004:27786477|27796532",4,NA,NA
"3358","scaffold0004:27791790|27796532",203,44,28
"3359","scaffold0004:27791790|27804921",37,NA,NA
"3360","scaffold0004:27835013|27839448",NA,2,NA
"3361","scaffold0004:27853280|27854254",4,NA,NA
"3362","scaffold0004:27904525|27906219",1,NA,NA
"3363","scaffold0004:27906721|27908256",NA,NA,5
"3364","scaffold0004:27906721|27910153",3,NA,NA
"3365","scaffold0004:28060965|28096593",37,33,13
"3366","scaffold0004:28060965|28110988",NA,7,NA
"3367","scaffold0004:28106380|28110988",5,NA,74
"3368","scaffold0004:28106929|28151074",2,NA,NA
"3369","scaffold0004:28109528|28133369",NA,7,NA
"3370","scaffold0004:28109528|28146159",NA,4,NA
"3371","scaffold0004:28126496|28151074",NA,NA,3
"3372","scaffold0004:28141265|28151074",NA,NA,23
"3373","scaffold0004:28146018|28151074",1,NA,NA
"3374","scaffold0004:28308495|28324039",NA,NA,1
"3375","scaffold0004:28308495|28325592",NA,NA,1
"3376","scaffold0004:28492127|28492920",11,NA,NA
"3377","scaffold0004:28638848|28639175",NA,13,NA
"3378","scaffold0004:28638848|28709569",3,4,NA
"3379","scaffold0004:28743944|28745847",41,39,9
"3380","scaffold0004:28743944|28760105",10,7,NA
"3381","scaffold0004:28743944|28788423",7,16,NA
"3382","scaffold0004:28759919|28788423",NA,2,NA
"3383","scaffold0004:28783050|28788423",5,12,6
"3384","scaffold0004:29183373|29183742",12,13,1
"3385","scaffold0004:29183373|29185344",17,6,5
"3386","scaffold0004:29189452|29191580",NA,4,NA
"3387","scaffold0004:31884729|31889292",2,NA,NA
"3388","scaffold0004:31884729|31893282",14,NA,NA
"3389","scaffold0004:31959623|32000080",12,3,NA
"3390","scaffold0004:320627|329177",18,NA,3
"3391","scaffold0004:32107936|32109713",31,4,15
"3392","scaffold0004:32206327|32208910",NA,NA,1
"3393","scaffold0004:32207414|32220765",NA,NA,2
"3394","scaffold0004:32207559|32208174",NA,NA,5
"3395","scaffold0004:32219675|32222564",2,NA,NA
"3396","scaffold0004:32222504|32227778",232,174,104
"3397","scaffold0004:32224796|32225972",2,NA,NA
"3398","scaffold0004:32227694|32231277",NA,NA,1
"3399","scaffold0004:32289294|32312279",4,NA,NA
"3400","scaffold0004:32292148|32312279",3,NA,NA
"3401","scaffold0004:32293906|32312279",NA,NA,2
"3402","scaffold0004:32296867|32312279",34,2,17
"3403","scaffold0004:32308803|32312279",34,19,24
"3404","scaffold0004:32308803|32318738",6,NA,4
"3405","scaffold0004:32318283|32318641",3,NA,NA
"3406","scaffold0004:32632670|32635301",NA,NA,4
"3407","scaffold0004:32743797|32748574",NA,NA,11
"3408","scaffold0004:32743797|32752492",NA,2,NA
"3409","scaffold0004:32953366|32961262",1,NA,NA
"3410","scaffold0004:32961145|32992406",2,NA,NA
"3411","scaffold0004:33019306|33019547",2,NA,NA
"3412","scaffold0004:33248703|33251446",NA,NA,4
"3413","scaffold0004:33265669|33267581",9,NA,NA
"3414","scaffold0004:33622684|33622835",4,NA,NA
"3415","scaffold0004:33623239|33623679",1,NA,NA
"3416","scaffold0004:3392071|3393179",NA,NA,3
"3417","scaffold0004:3400858|3403293",NA,NA,15
"3418","scaffold0004:34982566|34986597",9,NA,NA
"3419","scaffold0004:34986442|34986597",NA,9,NA
"3420","scaffold0004:34986442|34988427",5,NA,NA
"3421","scaffold0004:35112595|35114943",3,NA,NA
"3422","scaffold0004:3543079|3550867",1,NA,NA
"3423","scaffold0004:355819|359123",1,18,NA
"3424","scaffold0004:355819|360429",7,NA,NA
"3425","scaffold0004:355819|365182",2,NA,NA
"3426","scaffold0004:3558963|3559280",2,NA,NA
"3427","scaffold0004:3582340|3582769",NA,2,NA
"3428","scaffold0004:3597846|3598134",NA,1,NA
"3429","scaffold0004:3599963|3601423",NA,NA,5
"3430","scaffold0004:3613943|3615872",1,NA,NA
"3431","scaffold0004:3613943|3618709",14,1,NA
"3432","scaffold0004:3615709|3618709",4,NA,NA
"3433","scaffold0004:3618448|3618604",4,NA,NA
"3434","scaffold0004:364645|366142",3,2,NA
"3435","scaffold0004:365691|365898",NA,4,NA
"3436","scaffold0004:367307|368187",6,5,4
"3437","scaffold0004:368047|371153",NA,12,4
"3438","scaffold0004:368047|375863",1,NA,NA
"3439","scaffold0004:3696065|3698154",NA,NA,1
"3440","scaffold0004:37042459|37046028",NA,NA,1
"3441","scaffold0004:370780|381377",NA,NA,2
"3442","scaffold0004:37129247|37142043",1,NA,NA
"3443","scaffold0004:37141946|37146087",38,NA,6
"3444","scaffold0004:37141946|37154302",4,NA,NA
"3445","scaffold0004:37162481|37168088",8,NA,NA
"3446","scaffold0004:3725668|3734111",NA,2,7
"3447","scaffold0004:3725668|3740270",NA,3,3
"3448","scaffold0004:3735042|3740270",3,NA,NA
"3449","scaffold0004:375644|375863",18,16,1
"3450","scaffold0004:376589|378949",NA,7,NA
"3451","scaffold0004:37666854|37686301",NA,2,NA
"3452","scaffold0004:37668416|37678505",NA,1,NA
"3453","scaffold0004:37668416|37686301",NA,2,NA
"3454","scaffold0004:3775161|3794398",NA,2,NA
"3455","scaffold0004:3777036|3794398",NA,4,NA
"3456","scaffold0004:3787558|3789315",NA,NA,2
"3457","scaffold0004:3792286|3794398",52,28,68
"3458","scaffold0004:3796196|3801375",NA,NA,1
"3459","scaffold0004:3797736|3811267",1,NA,NA
"3460","scaffold0004:3803866|3819888",17,NA,NA
"3461","scaffold0004:3811126|3814904",1,NA,NA
"3462","scaffold0004:3811126|3819888",NA,NA,6
"3463","scaffold0004:3814717|3819888",7,5,8
"3464","scaffold0004:3817053|3819888",10,1,4
"3465","scaffold0004:38220205|38227193",3,NA,NA
"3466","scaffold0004:38243346|38248679",NA,11,NA
"3467","scaffold0004:38243346|38255941",NA,NA,1
"3468","scaffold0004:38246665|38248679",NA,15,NA
"3469","scaffold0004:38246665|38255941",NA,NA,2
"3470","scaffold0004:38275083|38283592",NA,9,NA
"3471","scaffold0004:38278378|38283389",2,NA,NA
"3472","scaffold0004:38283259|38283592",2,NA,NA
"3473","scaffold0004:38283485|38300463",NA,8,NA
"3474","scaffold0004:383767|384117",NA,NA,3
"3475","scaffold0004:38592661|38596062",NA,4,NA
"3476","scaffold0004:38670651|38670870",2,NA,NA
"3477","scaffold0004:39362188|39365973",NA,7,NA
"3478","scaffold0004:39362188|39367401",27,42,11
"3479","scaffold0004:39362188|39372364",NA,NA,3
"3480","scaffold0004:39374040|39374639",NA,7,10
"3481","scaffold0004:39812970|39815050",4,NA,NA
"3482","scaffold0004:3993177|4001482",NA,6,1
"3483","scaffold0004:4007317|4007788",2,NA,NA
"3484","scaffold0004:4007570|4007788",NA,NA,1
"3485","scaffold0004:40079864|40090889",2,1,NA
"3486","scaffold0004:4011377|4011557",17,2,NA
"3487","scaffold0004:40131891|40142925",5,29,NA
"3488","scaffold0004:40131891|40165832",NA,3,NA
"3489","scaffold0004:4033125|4037473",4,NA,NA
"3490","scaffold0004:4081155|4087647",NA,6,NA
"3491","scaffold0004:41236244|41243886",198,66,45
"3492","scaffold0004:41249382|41271551",2,2,NA
"3493","scaffold0004:41256139|41271551",20,5,3
"3494","scaffold0004:41262632|41280882",50,4,29
"3495","scaffold0004:41290925|41303932",4,NA,1
"3496","scaffold0004:4135578|4143933",3,NA,4
"3497","scaffold0004:41460688|41461713",9,NA,NA
"3498","scaffold0004:41479277|41479488",1,NA,NA
"3499","scaffold0004:41479277|41481186",NA,5,NA
"3500","scaffold0004:41480537|41480748",1,NA,NA
"3501","scaffold0004:41480537|41481186",NA,6,NA
"3502","scaffold0004:417709|419087",1,NA,NA
"3503","scaffold0004:42537512|42570830",6,NA,NA
"3504","scaffold0004:42570617|42580394",6,NA,NA
"3505","scaffold0004:4265445|4289673",3,NA,6
"3506","scaffold0004:4289439|4312652",NA,2,NA
"3507","scaffold0004:4303607|4332929",2,NA,6
"3508","scaffold0004:4312536|4332929",NA,NA,1
"3509","scaffold0004:4312536|4373096",NA,NA,1
"3510","scaffold0004:43179003|43209678",NA,5,NA
"3511","scaffold0004:43206901|43209678",10,11,NA
"3512","scaffold0004:43206901|43223991",4,NA,7
"3513","scaffold0004:43312985|43324596",196,133,52
"3514","scaffold0004:4332849|4394618",1,NA,NA
"3515","scaffold0004:4356393|4356567",11,NA,NA
"3516","scaffold0004:4356393|4373096",6,NA,NA
"3517","scaffold0004:4356393|4421718",31,6,2
"3518","scaffold0004:43679251|43681671",2,NA,NA
"3519","scaffold0004:4370427|4373096",52,66,24
"3520","scaffold0004:4370427|4421718",7,NA,NA
"3521","scaffold0004:43716464|43721844",NA,13,NA
"3522","scaffold0004:43731384|43735744",19,NA,NA
"3523","scaffold0004:43734307|43735744",NA,NA,2
"3524","scaffold0004:43831436|43850168",9,8,NA
"3525","scaffold0004:43845263|43850168",2,6,NA
"3526","scaffold0004:43910793|43923026",9,NA,2
"3527","scaffold0004:43910793|43959293",2,NA,NA
"3528","scaffold0004:4394383|4413025",45,17,NA
"3529","scaffold0004:4394383|4421065",2,NA,NA
"3530","scaffold0004:4394383|4421718",57,16,32
"3531","scaffold0004:44064958|44066318",7,NA,4
"3532","scaffold0004:4407788|4421065",3,NA,NA
"3533","scaffold0004:4407788|4421718",18,12,20
"3534","scaffold0004:44098490|44104663",21,9,9
"3535","scaffold0004:4420907|4421718",24,24,19
"3536","scaffold0004:44655496|44662769",2,NA,NA
"3537","scaffold0004:44844257|44846066",2,NA,NA
"3538","scaffold0004:4513318|4517628",NA,5,3
"3539","scaffold0004:4513318|4523626",15,32,9
"3540","scaffold0004:45140206|45144957",1,NA,NA
"3541","scaffold0004:45186517|45191019",2,NA,NA
"3542","scaffold0004:45188345|45188613",4,NA,NA
"3543","scaffold0004:45195423|45207773",NA,NA,1
"3544","scaffold0004:45500836|45505683",37,5,21
"3545","scaffold0004:45500836|45509330",NA,NA,3
"3546","scaffold0004:45585437|45589922",NA,NA,3
"3547","scaffold0004:45585437|45595516",NA,NA,5
"3548","scaffold0004:45589770|45595516",NA,NA,4
"3549","scaffold0004:45675272|45693477",1,NA,NA
"3550","scaffold0004:45706015|45709120",NA,NA,3
"3551","scaffold0004:45706015|45710707",4,NA,NA
"3552","scaffold0004:45804807|45812889",4,NA,NA
"3553","scaffold0004:45804807|45816249",1,NA,NA
"3554","scaffold0004:45977156|46007102",NA,NA,1
"3555","scaffold0004:45983721|46000574",10,NA,4
"3556","scaffold0004:45993201|46007102",2,NA,NA
"3557","scaffold0004:45996308|46000574",NA,NA,7
"3558","scaffold0004:46078703|46079757",2,NA,1
"3559","scaffold0004:46237247|46261306",12,18,9
"3560","scaffold0004:46291262|46306897",NA,NA,17
"3561","scaffold0004:46298525|46306897",5,NA,NA
"3562","scaffold0004:46474517|46474699",11,2,5
"3563","scaffold0004:46474517|46477902",24,NA,4
"3564","scaffold0004:46773|46934",NA,NA,4
"3565","scaffold0004:47041972|47054010",NA,NA,3
"3566","scaffold0004:47050556|47054010",4,NA,NA
"3567","scaffold0004:47078869|47079764",NA,1,NA
"3568","scaffold0004:47090588|47108579",4,NA,NA
"3569","scaffold0004:47102107|47108579",37,1,22
"3570","scaffold0004:47102981|47108579",NA,NA,4
"3571","scaffold0004:4717259|4717673",126,127,63
"3572","scaffold0004:4717259|4718665",194,143,63
"3573","scaffold0004:4717531|4719735",4,NA,12
"3574","scaffold0004:4721029|4721229",NA,5,NA
"3575","scaffold0004:47297868|47298129",NA,8,NA
"3576","scaffold0004:47297868|47310841",29,10,24
"3577","scaffold0004:47297868|47311360",NA,NA,6
"3578","scaffold0004:47309426|47310841",300,149,152
"3579","scaffold0004:47344677|47347955",NA,NA,2
"3580","scaffold0004:47344677|47357032",NA,NA,2
"3581","scaffold0004:47353497|47357032",1,NA,NA
"3582","scaffold0004:47355717|47357032",1,NA,NA
"3583","scaffold0004:47372405|47381036",6,9,4
"3584","scaffold0004:47373693|47381036",7,9,7
"3585","scaffold0004:47375370|47383475",4,4,3
"3586","scaffold0004:47418221|47420014",13,NA,NA
"3587","scaffold0004:47734256|47736071",NA,1,NA
"3588","scaffold0004:4795578|4802693",2,NA,NA
"3589","scaffold0004:48010539|48013469",16,32,7
"3590","scaffold0004:48010539|48031197",1,NA,NA
"3591","scaffold0004:48010539|48035190",3,NA,NA
"3592","scaffold0004:48010539|48145068",4,NA,NA
"3593","scaffold0004:48135408|48145068",66,12,6
"3594","scaffold0004:48393035|48405104",1,NA,NA
"3595","scaffold0004:48393035|48431749",4,NA,NA
"3596","scaffold0004:48404995|48431749",7,NA,7
"3597","scaffold0004:48429060|48431749",244,79,180
"3598","scaffold0004:48429060|48439645",149,113,69
"3599","scaffold0004:48431615|48439645",NA,NA,3
"3600","scaffold0004:48431615|48493127",NA,NA,1
"3601","scaffold0004:48439428|48493127",115,59,NA
"3602","scaffold0004:48485783|48493127",90,36,56
"3603","scaffold0004:48485783|48538939",NA,NA,3
"3604","scaffold0004:4866998|4876680",NA,12,NA
"3605","scaffold0004:4906734|4909956",NA,NA,1
"3606","scaffold0004:4922623|4923742",1,NA,NA
"3607","scaffold0004:50106819|50111403",NA,NA,3
"3608","scaffold0004:50129871|50131269",3,NA,NA
"3609","scaffold0004:50129871|50133011",2,NA,NA
"3610","scaffold0004:50129871|50134826",4,NA,NA
"3611","scaffold0004:50136830|50138511",32,3,17
"3612","scaffold0004:50382805|50431143",3,NA,NA
"3613","scaffold0004:50922989|50928419",6,NA,NA
"3614","scaffold0004:5114753|5131184",20,NA,2
"3615","scaffold0004:5202316|5205826",5,NA,NA
"3616","scaffold0004:5229559|5230699",NA,11,NA
"3617","scaffold0004:5286917|5295068",NA,NA,3
"3618","scaffold0004:53250094|53250289",1,NA,NA
"3619","scaffold0004:53386193|53387893",15,NA,NA
"3620","scaffold0004:5354935|5359179",66,NA,63
"3621","scaffold0004:53791895|53818254",2,NA,NA
"3622","scaffold0004:53800102|53818254",5,NA,NA
"3623","scaffold0004:53813947|53818254",14,NA,4
"3624","scaffold0004:53926371|53927202",NA,2,NA
"3625","scaffold0004:53947337|53948513",1,1,1
"3626","scaffold0004:53947337|53964873",46,31,54
"3627","scaffold0004:5396869|5397048",NA,NA,4
"3628","scaffold0004:54638398|54689432",NA,4,NA
"3629","scaffold0004:54684158|54721670",1,NA,NA
"3630","scaffold0004:54689340|54704214",37,32,17
"3631","scaffold0004:54689340|54721670",1,NA,NA
"3632","scaffold0004:54690544|54704214",70,43,37
"3633","scaffold0004:54720413|54721670",2,NA,NA
"3634","scaffold0004:5473269|5474020",NA,NA,1
"3635","scaffold0004:54815206|54830330",6,NA,NA
"3636","scaffold0004:54846137|54850833",1,NA,NA
"3637","scaffold0004:54914600|54917563",2,5,5
"3638","scaffold0004:54949416|54976594",5,NA,5
"3639","scaffold0004:54981681|54997048",1,1,6
"3640","scaffold0004:55046053|55046425",NA,NA,6
"3641","scaffold0004:55058484|55064862",1,11,1
"3642","scaffold0004:55073776|55073976",5,NA,NA
"3643","scaffold0004:55081937|55085686",NA,4,NA
"3644","scaffold0004:55091031|55099925",NA,NA,3
"3645","scaffold0004:55091693|55107996",NA,4,NA
"3646","scaffold0004:55103384|55107996",4,3,NA
"3647","scaffold0004:55103384|55109491",2,1,NA
"3648","scaffold0004:55393934|55413513",4,NA,NA
"3649","scaffold0004:55406632|55413513",9,NA,2
"3650","scaffold0004:55407557|55413513",6,NA,3
"3651","scaffold0004:55528023|55543518",NA,1,NA
"3652","scaffold0004:55540049|55543518",16,NA,NA
"3653","scaffold0004:55592526|55594141",8,NA,NA
"3654","scaffold0004:55597087|55599403",7,4,NA
"3655","scaffold0004:55612786|55626663",1,NA,NA
"3656","scaffold0004:55625453|55626663",1,NA,NA
"3657","scaffold0004:55625453|55632946",5,NA,NA
"3658","scaffold0004:55626554|55632946",NA,NA,11
"3659","scaffold0004:56113686|56161521",9,6,1
"3660","scaffold0004:56750747|56761255",2,NA,NA
"3661","scaffold0004:56757019|56761255",NA,NA,1
"3662","scaffold0004:56942185|56950795",5,NA,NA
"3663","scaffold0004:56945199|56948722",NA,3,NA
"3664","scaffold0004:5696541|5696749",3,NA,NA
"3665","scaffold0004:57717639|57719966",NA,14,NA
"3666","scaffold0004:57717639|57744502",6,NA,NA
"3667","scaffold0004:57730647|57744502",6,NA,5
"3668","scaffold0004:57741589|57744502",4,NA,4
"3669","scaffold0004:57777356|57780068",3,NA,NA
"3670","scaffold0004:57777356|57793913",13,NA,8
"3671","scaffold0004:59358047|59382994",1,NA,NA
"3672","scaffold0004:60605379|60645111",NA,4,NA
"3673","scaffold0004:60609077|60664295",NA,NA,2
"3674","scaffold0004:60638050|60645111",506,155,75
"3675","scaffold0004:60638050|60664295",64,75,18
"3676","scaffold0004:60638050|60686740",1,1,NA
"3677","scaffold0004:60638050|60689276",16,4,NA
"3678","scaffold0004:60641281|60645111",429,268,114
"3679","scaffold0004:60641281|60664295",70,88,18
"3680","scaffold0004:60641281|60689276",11,4,NA
"3681","scaffold0004:60664142|60710853",5,NA,2
"3682","scaffold0004:60667242|60710853",7,NA,NA
"3683","scaffold0004:60675941|60710853",2,NA,NA
"3684","scaffold0004:60681946|60710853",10,NA,NA
"3685","scaffold0004:61220777|61229617",NA,NA,3
"3686","scaffold0004:61243778|61245744",10,NA,NA
"3687","scaffold0004:61286903|61293705",4,11,NA
"3688","scaffold0004:61571144|61571766",NA,NA,7
"3689","scaffold0004:61683666|61686264",6,NA,2
"3690","scaffold0004:61689467|61689654",20,8,NA
"3691","scaffold0004:63663032|63706097",3,NA,NA
"3692","scaffold0004:63822942|63826794",4,NA,5
"3693","scaffold0004:63837278|63844674",NA,8,NA
"3694","scaffold0004:64468164|64471784",110,57,82
"3695","scaffold0004:64488071|64490405",169,52,58
"3696","scaffold0004:64520698|64523928",3,NA,NA
"3697","scaffold0004:64540769|64541217",3,NA,NA
"3698","scaffold0004:64540769|64549137",287,109,51
"3699","scaffold0004:64541107|64549137",2,NA,NA
"3700","scaffold0004:67875161|67875419",16,6,1
"3701","scaffold0004:67875161|67880365",135,87,49
"3702","scaffold0004:68092168|68154091",7,NA,NA
"3703","scaffold0004:6812941|6814371",4,NA,NA
"3704","scaffold0004:68147406|68154091",13,6,NA
"3705","scaffold0004:6818876|6823675",4,NA,NA
"3706","scaffold0004:68282872|68283208",NA,2,NA
"3707","scaffold0004:68282872|68316384",NA,NA,10
"3708","scaffold0004:68316274|68338466",41,15,6
"3709","scaffold0004:68573620|68645546",3,NA,NA
"3710","scaffold0004:68645411|68752763",5,14,9
"3711","scaffold0004:68645411|68837580",6,NA,NA
"3712","scaffold0004:68721298|68788908",NA,NA,4
"3713","scaffold0004:68721298|68790621",NA,NA,1
"3714","scaffold0004:68721298|68837580",8,4,4
"3715","scaffold0004:68752664|68788908",1,3,NA
"3716","scaffold0004:68752664|68790621",NA,4,NA
"3717","scaffold0004:68836071|68837580",19,NA,5
"3718","scaffold0004:69069205|69091665",28,NA,NA
"3719","scaffold0004:6922731|6939675",NA,5,NA
"3720","scaffold0004:6922731|6941642",NA,NA,3
"3721","scaffold0004:6925606|6930928",NA,NA,1
"3722","scaffold0004:6937390|6939675",NA,NA,3
"3723","scaffold0004:6956418|6967055",NA,NA,1
"3724","scaffold0004:7192048|7202013",121,59,63
"3725","scaffold0004:728869|729654",NA,NA,1
"3726","scaffold0004:74420368|74428511",NA,NA,1
"3727","scaffold0004:74492906|74497373",NA,NA,1
"3728","scaffold0004:74584293|74584472",2,NA,NA
"3729","scaffold0004:74722202|74726585",NA,6,2
"3730","scaffold0004:74825401|74836618",NA,NA,3
"3731","scaffold0004:76094841|76115307",9,NA,NA
"3732","scaffold0004:76113492|76115307",NA,7,NA
"3733","scaffold0004:76201516|76217053",6,2,11
"3734","scaffold0004:76216908|76227223",33,9,1
"3735","scaffold0004:76216908|76256149",NA,NA,1
"3736","scaffold0004:76216908|76289222",6,NA,NA
"3737","scaffold0004:76224937|76227223",18,4,11
"3738","scaffold0004:76249306|76256149",19,NA,NA
"3739","scaffold0004:76249306|76281088",NA,NA,2
"3740","scaffold0004:76249306|76289222",2,15,10
"3741","scaffold0004:76255994|76289222",NA,4,NA
"3742","scaffold0004:76280964|76289222",25,23,11
"3743","scaffold0004:76280964|76297001",NA,5,5
"3744","scaffold0004:76302461|76302688",NA,2,NA
"3745","scaffold0004:76302461|76302847",5,NA,NA
"3746","scaffold0004:76302461|76305201",3,16,NA
"3747","scaffold0004:76309475|76314080",185,121,76
"3748","scaffold0004:76442650|76442818",1,NA,NA
"3749","scaffold0004:76545390|76561948",2,NA,NA
"3750","scaffold0004:76561828|76568276",NA,NA,7
"3751","scaffold0004:76691389|76691936",71,21,37
"3752","scaffold0004:76714780|76716505",NA,NA,3
"3753","scaffold0004:76714780|76721051",32,NA,NA
"3754","scaffold0004:76714780|76726499",NA,NA,4
"3755","scaffold0004:76720969|76734424",NA,NA,3
"3756","scaffold0004:76733251|76734424",227,207,182
"3757","scaffold0004:77060665|77201250",3,NA,NA
"3758","scaffold0004:77199534|77201250",2,NA,NA
"3759","scaffold0004:77285740|77318069",NA,6,NA
"3760","scaffold0004:77298342|77308628",NA,NA,2
"3761","scaffold0004:77308481|77403226",NA,NA,5
"3762","scaffold0004:77365625|77419434",NA,6,NA
"3763","scaffold0004:77389150|77403226",NA,8,NA
"3764","scaffold0004:77418270|77419434",11,NA,NA
"3765","scaffold0004:78406577|78615216",1,NA,NA
"3766","scaffold0004:78588081|78615216",3,NA,NA
"3767","scaffold0004:79219430|79223688",2,NA,NA
"3768","scaffold0004:79397891|79401390",NA,NA,4
"3769","scaffold0004:79401265|79412616",2,NA,NA
"3770","scaffold0004:79408386|79412616",NA,3,NA
"3771","scaffold0004:7998474|7998773",1,NA,NA
"3772","scaffold0004:83123408|83145384",NA,NA,23
"3773","scaffold0004:83130591|83141321",1,NA,NA
"3774","scaffold0004:83130591|83145384",29,6,10
"3775","scaffold0004:83130591|83152254",1,NA,NA
"3776","scaffold0004:83140420|83145384",19,5,2
"3777","scaffold0004:83140420|83152254",NA,NA,1
"3778","scaffold0004:83257439|83257822",5,NA,NA
"3779","scaffold0004:8328031|8339809",6,19,2
"3780","scaffold0004:8328031|8351365",4,NA,NA
"3781","scaffold0004:8358050|8358806",29,23,11
"3782","scaffold0004:8370053|8378177",7,NA,NA
"3783","scaffold0004:8387555|8393660",3,4,NA
"3784","scaffold0004:84241865|84248758",NA,2,NA
"3785","scaffold0004:8446984|8451958",3,NA,NA
"3786","scaffold0004:8448963|8450542",NA,NA,1
"3787","scaffold0004:85123370|85150664",21,5,11
"3788","scaffold0004:85123370|85164237",10,NA,6
"3789","scaffold0004:85123370|85173468",19,5,NA
"3790","scaffold0004:85123370|85183833",NA,NA,3
"3791","scaffold0004:85164017|85169457",2,NA,NA
"3792","scaffold0004:85168369|85169457",3,NA,NA
"3793","scaffold0004:85169336|85173468",24,NA,1
"3794","scaffold0004:85173380|85200275",5,NA,NA
"3795","scaffold0004:85208533|85218174",NA,NA,1
"3796","scaffold0004:85208533|85225443",19,14,NA
"3797","scaffold0004:85239315|85254954",NA,21,NA
"3798","scaffold0004:85246186|85249755",NA,9,1
"3799","scaffold0004:85246186|85254954",5,NA,NA
"3800","scaffold0004:85259347|85262514",8,NA,5
"3801","scaffold0004:85259347|85268997",2,NA,3
"3802","scaffold0004:85355956|85361388",1,NA,1
"3803","scaffold0004:85416705|85420110",2,NA,NA
"3804","scaffold0004:85416705|85431004",41,13,4
"3805","scaffold0004:85416705|85436728",1,NA,1
"3806","scaffold0004:85416705|85442525",NA,NA,6
"3807","scaffold0004:8574989|8594906",22,18,7
"3808","scaffold0004:86228206|86231703",13,NA,NA
"3809","scaffold0004:86228206|86239383",6,NA,NA
"3810","scaffold0004:86457270|86461510",19,7,NA
"3811","scaffold0004:86560210|86561822",NA,NA,2
"3812","scaffold0004:86573059|86575011",2,NA,1
"3813","scaffold0004:86573059|86577587",NA,3,NA
"3814","scaffold0004:86573059|86582567",10,NA,6
"3815","scaffold0004:86574820|86575011",NA,NA,8
"3816","scaffold0004:86592017|86603493",4,NA,NA
"3817","scaffold0004:86613026|86618611",43,52,25
"3818","scaffold0004:86613026|86632488",NA,6,7
"3819","scaffold0004:86613026|86636542",45,NA,NA
"3820","scaffold0004:86615189|86615434",NA,NA,1
"3821","scaffold0004:86615189|86632488",NA,NA,1
"3822","scaffold0004:86737383|86746671",10,NA,4
"3823","scaffold0004:86800859|86801339",71,78,12
"3824","scaffold0004:86800859|86806973",2,NA,NA
"3825","scaffold0004:882068|887593",NA,NA,1
"3826","scaffold0004:882068|891304",NA,6,NA
"3827","scaffold0004:882068|896398",15,NA,29
"3828","scaffold0004:882978|891304",3,NA,NA
"3829","scaffold0004:885111|886764",6,NA,NA
"3830","scaffold0004:886642|891304",NA,1,NA
"3831","scaffold0004:886642|896398",10,2,4
"3832","scaffold0004:8917714|8918016",NA,NA,2
"3833","scaffold0004:8952442|8962235",2,NA,NA
"3834","scaffold0004:8952442|8970246",22,NA,NA
"3835","scaffold0004:89747853|89770324",8,NA,NA
"3836","scaffold0004:92372732|92373246",3,NA,NA
"3837","scaffold0004:92380435|92385123",NA,NA,2
"3838","scaffold0004:92388677|92394407",7,3,NA
"3839","scaffold0004:92582390|92587521",39,12,23
"3840","scaffold0004:92601729|92601935",6,NA,NA
"3841","scaffold0004:92632680|92636365",3,NA,NA
"3842","scaffold0004:92645167|92650232",2,NA,NA
"3843","scaffold0004:92804315|92805002",32,NA,7
"3844","scaffold0004:92817399|92819586",18,19,NA
"3845","scaffold0004:92818451|92839272",1,NA,NA
"3846","scaffold0004:92912516|92913231",NA,1,NA
"3847","scaffold0004:92923466|92950407",NA,NA,2
"3848","scaffold0004:92950322|92958257",NA,4,NA
"3849","scaffold0004:92952881|92958257",NA,1,NA
"3850","scaffold0004:92969704|92977403",NA,NA,5
"3851","scaffold0004:92981693|92984434",NA,3,NA
"3852","scaffold0004:93012191|93016348",43,17,16
"3853","scaffold0004:93101694|93112835",NA,NA,3
"3854","scaffold0004:93101694|93125626",5,NA,NA
"3855","scaffold0004:93102497|93102861",NA,NA,4
"3856","scaffold0004:93107096|93112835",11,29,4
"3857","scaffold0004:93240134|93252004",3,NA,NA
"3858","scaffold0004:93329623|93341983",3,NA,NA
"3859","scaffold0004:93347317|93348794",16,17,3
"3860","scaffold0004:93353952|93356955",NA,8,4
"3861","scaffold0004:93374887|93376954",27,25,1
"3862","scaffold0004:93374887|93380601",NA,NA,7
"3863","scaffold0004:93466231|93474655",608,221,296
"3864","scaffold0004:93466231|93494427",3,NA,NA
"3865","scaffold0004:93466231|93501113",4,NA,NA
"3866","scaffold0004:93472016|93474655",55,24,41
"3867","scaffold0004:93474524|93493005",NA,2,3
"3868","scaffold0004:93474524|93499960",NA,2,NA
"3869","scaffold0004:93489930|93494427",NA,NA,1
"3870","scaffold0004:93489930|93501113",NA,1,NA
"3871","scaffold0004:93499064|93521820",5,NA,NA
"3872","scaffold0004:93499064|93554633",1,NA,NA
"3873","scaffold0004:93517000|93521820",NA,NA,2
"3874","scaffold0004:93517000|93545223",NA,2,NA
"3875","scaffold0004:93521688|93581098",NA,9,NA
"3876","scaffold0004:93538261|93538426",1,NA,NA
"3877","scaffold0004:93538261|93545223",NA,NA,1
"3878","scaffold0004:93549486|93554633",1,NA,7
"3879","scaffold0004:93573474|93578906",10,13,NA
"3880","scaffold0004:93573474|93581098",17,NA,4
"3881","scaffold0004:93579874|93603101",1,NA,NA
"3882","scaffold0004:93580908|93600348",2,NA,NA
"3883","scaffold0004:93599372|93604592",80,10,31
"3884","scaffold0004:9480269|9492229",5,NA,NA
"3885","scaffold0004:9603530|9607942",NA,NA,5
"3886","scaffold0004:9632528|9633213",NA,NA,2
"3887","scaffold0005:1215260|1245369",37,33,15
"3888","scaffold0005:1215260|1264772",2,NA,3
"3889","scaffold0005:1215260|1285826",NA,1,1
"3890","scaffold0005:12412310|12419030",9,5,NA
"3891","scaffold0005:12416054|12419030",9,NA,NA
"3892","scaffold0005:12416054|12426564",10,1,11
"3893","scaffold0005:12416054|12430811",NA,3,NA
"3894","scaffold0005:12423358|12423973",29,13,4
"3895","scaffold0005:12427601|12430811",26,24,8
"3896","scaffold0005:12441080|12446923",9,NA,NA
"3897","scaffold0005:1244639|1245369",315,157,202
"3898","scaffold0005:1244639|1264772",3,NA,3
"3899","scaffold0005:12474444|12475829",4,NA,NA
"3900","scaffold0005:12550951|12551798",7,NA,2
"3901","scaffold0005:12583050|12585586",NA,3,NA
"3902","scaffold0005:12594393|12594947",1,NA,NA
"3903","scaffold0005:12629706|12639458",NA,NA,6
"3904","scaffold0005:12629706|12644529",2,NA,NA
"3905","scaffold0005:12638736|12639458",9,35,6
"3906","scaffold0005:12668829|12670553",1,NA,NA
"3907","scaffold0005:12675664|12675820",3,1,4
"3908","scaffold0005:1276764|1285826",NA,NA,3
"3909","scaffold0005:1283283|1285826",NA,NA,5
"3910","scaffold0005:1285651|1285826",1,NA,NA
"3911","scaffold0005:13034755|13049345",15,7,NA
"3912","scaffold0005:13034755|13051719",10,21,NA
"3913","scaffold0005:13055095|13056251",NA,8,NA
"3914","scaffold0005:15306052|15306358",1,NA,NA
"3915","scaffold0005:1729525|1733842",NA,NA,3
"3916","scaffold0005:1731535|1733842",NA,NA,1
"3917","scaffold0005:1733360|1733842",7,NA,NA
"3918","scaffold0005:1789800|1793607",NA,NA,5
"3919","scaffold0005:17930419|17930758",2,NA,NA
"3920","scaffold0005:17930419|17933695",1,NA,NA
"3921","scaffold0005:1793413|1798249",3,NA,6
"3922","scaffold0005:1797410|1798249",14,3,28
"3923","scaffold0005:1804547|1806461",NA,2,NA
"3924","scaffold0005:1807614|1812491",NA,3,NA
"3925","scaffold0005:1808996|1810405",1,17,NA
"3926","scaffold0005:1820286|1822439",14,NA,4
"3927","scaffold0005:1822250|1822439",11,3,11
"3928","scaffold0005:1846996|1848166",NA,1,NA
"3929","scaffold0005:1846996|1850204",13,NA,2
"3930","scaffold0005:1846996|1854008",1,13,5
"3931","scaffold0005:1848061|1854008",10,17,3
"3932","scaffold0005:1848061|1870554",NA,NA,1
"3933","scaffold0005:1850066|1861716",NA,4,NA
"3934","scaffold0005:1856886|1861716",13,1,4
"3935","scaffold0005:1857725|1861716",12,4,4
"3936","scaffold0005:1861542|1870554",17,20,22
"3937","scaffold0005:1870395|1873659",6,NA,NA
"3938","scaffold0005:1870395|1882058",NA,NA,2
"3939","scaffold0005:1870395|1887150",1,1,NA
"3940","scaffold0005:1871334|1873659",47,11,NA
"3941","scaffold0005:1871334|1882058",6,NA,NA
"3942","scaffold0005:1871334|1887150",11,9,NA
"3943","scaffold0005:1881939|1884513",NA,NA,2
"3944","scaffold0005:1881939|1887150",42,12,26
"3945","scaffold0005:1881939|1892199",NA,3,NA
"3946","scaffold0005:1884400|1887150",55,34,27
"3947","scaffold0005:1884400|1892199",NA,NA,2
"3948","scaffold0005:1889297|1892199",5,NA,7
"3949","scaffold0005:1890713|1894784",NA,NA,8
"3950","scaffold0005:1892989|1894784",80,49,46
"3951","scaffold0005:1899061|1899538",10,NA,15
"3952","scaffold0005:19156240|19156406",2,NA,NA
"3953","scaffold0005:19290412|19295041",4,NA,NA
"3954","scaffold0005:19290412|19301353",5,NA,6
"3955","scaffold0005:19296088|19301353",37,82,26
"3956","scaffold0005:19296088|19312577",1,NA,NA
"3957","scaffold0005:19320908|19323052",12,NA,NA
"3958","scaffold0005:19381653|19385690",8,5,NA
"3959","scaffold0005:19381653|19395305",9,NA,NA
"3960","scaffold0005:19385488|19395305",NA,2,6
"3961","scaffold0005:1942097|1945892",NA,NA,2
"3962","scaffold0005:1989372|1990433",2,20,NA
"3963","scaffold0005:1994945|2008415",NA,NA,2
"3964","scaffold0005:20186365|20194096",3,NA,5
"3965","scaffold0005:20200790|20201500",4,NA,11
"3966","scaffold0005:20207938|20208832",NA,3,NA
"3967","scaffold0005:20215034|20217444",43,NA,6
"3968","scaffold0005:20215034|20218297",2,NA,NA
"3969","scaffold0005:20380797|20389958",22,NA,NA
"3970","scaffold0005:20512525|20512731",1,NA,NA
"3971","scaffold0005:21082217|21103968",NA,5,NA
"3972","scaffold0005:21098876|21103968",17,NA,17
"3973","scaffold0005:21119949|21132891",9,27,NA
"3974","scaffold0005:21119949|21142465",3,NA,NA
"3975","scaffold0005:21160430|21170844",NA,NA,4
"3976","scaffold0005:21160430|21186207",NA,NA,4
"3977","scaffold0005:21160430|21256898",NA,NA,3
"3978","scaffold0005:21170220|21186207",3,NA,NA
"3979","scaffold0005:21186059|21200672",3,NA,NA
"3980","scaffold0005:21324918|21365693",6,6,NA
"3981","scaffold0005:22038360|22038655",2,15,3
"3982","scaffold0005:22038360|22049100",3,NA,NA
"3983","scaffold0005:22109640|22113841",1,NA,NA
"3984","scaffold0005:22111267|22113841",2,NA,NA
"3985","scaffold0005:22125431|22125892",492,158,165
"3986","scaffold0005:22483457|22491117",12,NA,NA
"3987","scaffold0005:2278819|2284990",6,NA,NA
"3988","scaffold0005:22821513|22824482",4,NA,NA
"3989","scaffold0005:2282215|2283716",14,NA,19
"3990","scaffold0005:2282389|2282937",NA,NA,2
"3991","scaffold0005:22826548|22828205",2,NA,1
"3992","scaffold0005:23147437|23154946",2,NA,NA
"3993","scaffold0005:23248679|23267532",2,NA,NA
"3994","scaffold0005:23248679|23288355",5,NA,NA
"3995","scaffold0005:23248679|23307465",6,NA,NA
"3996","scaffold0005:23264894|23267532",NA,3,NA
"3997","scaffold0005:23288121|23307465",39,13,10
"3998","scaffold0005:23301262|23307465",5,NA,NA
"3999","scaffold0005:23674971|23736030",4,NA,NA
"4000","scaffold0005:23732386|23742185",59,10,21
"4001","scaffold0005:2444096|2451505",NA,NA,1
"4002","scaffold0005:2451277|2451505",1,NA,3
"4003","scaffold0005:24643785|24644016",14,NA,NA
"4004","scaffold0005:24673714|24680625",NA,5,NA
"4005","scaffold0005:2470272|2470802",NA,NA,21
"4006","scaffold0005:24710908|24715247",7,NA,NA
"4007","scaffold0005:24710908|24738857",10,NA,NA
"4008","scaffold0005:24732518|24738857",NA,NA,5
"4009","scaffold0005:24732518|24755781",63,NA,18
"4010","scaffold0005:24732518|24785851",NA,NA,3
"4011","scaffold0005:24732518|24808330",2,NA,NA
"4012","scaffold0005:24746363|24755781",NA,NA,2
"4013","scaffold0005:24754179|24755781",2,NA,NA
"4014","scaffold0005:24754179|24785851",3,NA,NA
"4015","scaffold0005:24808182|24808330",13,NA,3
"4016","scaffold0005:24860472|24866670",7,4,2
"4017","scaffold0005:25121707|25123463",2,12,9
"4018","scaffold0005:26393049|26393384",NA,9,6
"4019","scaffold0005:26550946|26556009",1,NA,NA
"4020","scaffold0005:26643216|26690107",1,NA,NA
"4021","scaffold0005:26660102|26661370",7,NA,NA
"4022","scaffold0005:26681597|26690107",28,NA,NA
"4023","scaffold0005:26750458|26753266",33,5,5
"4024","scaffold0005:26750458|26761129",15,16,11
"4025","scaffold0005:26750458|26827232",5,NA,10
"4026","scaffold0005:26753119|26753266",5,NA,NA
"4027","scaffold0005:26827065|26871199",2,NA,NA
"4028","scaffold0005:26871090|26901076",7,NA,NA
"4029","scaffold0005:26901011|26932078",49,NA,5
"4030","scaffold0005:26901011|26945366",21,NA,NA
"4031","scaffold0005:26924923|26933730",173,NA,NA
"4032","scaffold0005:26924923|26945366",12,NA,4
"4033","scaffold0005:26955545|26955990",NA,6,NA
"4034","scaffold0005:26955545|26962851",1,NA,NA
"4035","scaffold0005:26955545|26969483",1,NA,NA
"4036","scaffold0005:27023863|27029010",5,NA,NA
"4037","scaffold0005:27025406|27029010",1,NA,NA
"4038","scaffold0005:27161488|27161753",NA,4,NA
"4039","scaffold0005:27162226|27162876",NA,NA,1
"4040","scaffold0005:27164340|27164913",6,NA,NA
"4041","scaffold0005:27175866|27199414",1,NA,NA
"4042","scaffold0005:27191574|27196898",421,209,66
"4043","scaffold0005:27510745|27511372",8,NA,NA
"4044","scaffold0005:27510745|27555331",10,NA,NA
"4045","scaffold0005:27598217|27625126",NA,3,NA
"4046","scaffold0005:27609526|27623794",NA,11,NA
"4047","scaffold0005:27620773|27662022",NA,4,NA
"4048","scaffold0005:27622996|27625126",15,NA,4
"4049","scaffold0005:27633122|27636377",NA,NA,1
"4050","scaffold0005:28097066|28117412",NA,NA,2
"4051","scaffold0005:28189254|28189815",NA,NA,2
"4052","scaffold0005:28532933|28555382",NA,8,NA
"4053","scaffold0005:28778158|28778673",1,NA,NA
"4054","scaffold0005:28802604|28809696",NA,NA,1
"4055","scaffold0005:28949379|28958531",33,NA,22
"4056","scaffold0005:28957191|28958531",10,NA,NA
"4057","scaffold0005:28976796|28978951",NA,6,NA
"4058","scaffold0005:28978525|28978818",NA,8,NA
"4059","scaffold0005:28986191|28987972",NA,NA,3
"4060","scaffold0005:28991692|28996083",NA,NA,1
"4061","scaffold0005:30242981|30254476",1,NA,NA
"4062","scaffold0005:30292351|30305225",1,NA,NA
"4063","scaffold0005:30737621|30740879",7,NA,NA
"4064","scaffold0005:30860556|30865179",NA,NA,12
"4065","scaffold0005:30863040|30865179",NA,9,3
"4066","scaffold0005:30864446|30881305",NA,NA,4
"4067","scaffold0005:30870278|30881305",NA,1,5
"4068","scaffold0005:30900398|30961418",2,2,NA
"4069","scaffold0005:30900398|30964359",1,2,1
"4070","scaffold0005:30903451|30961418",NA,1,NA
"4071","scaffold0005:30903451|30964359",NA,2,NA
"4072","scaffold0005:30929939|30961418",73,30,32
"4073","scaffold0005:30929939|30964359",41,16,18
"4074","scaffold0005:30945787|30961418",23,9,24
"4075","scaffold0005:30945787|30964359",17,10,17
"4076","scaffold0005:31042488|31044746",NA,NA,2
"4077","scaffold0005:31042488|31048684",NA,8,2
"4078","scaffold0005:3141338|3155138",3,NA,NA
"4079","scaffold0005:31831072|31864802",2,NA,NA
"4080","scaffold0005:31831072|31981844",2,NA,NA
"4081","scaffold0005:31864653|31981844",1,NA,NA
"4082","scaffold0005:32039548|32069265",8,NA,NA
"4083","scaffold0005:32375403|32383670",6,3,NA
"4084","scaffold0005:3282454|3284953",1,NA,NA
"4085","scaffold0005:3284800|3301688",4,NA,NA
"4086","scaffold0005:3286902|3289614",NA,NA,2
"4087","scaffold0005:3290615|3292121",2,NA,NA
"4088","scaffold0005:3292044|3298657",1,NA,1
"4089","scaffold0005:3292044|3301688",15,NA,NA
"4090","scaffold0005:3298412|3301688",NA,NA,6
"4091","scaffold0005:3452049|3462567",5,NA,NA
"4092","scaffold0005:34704302|34704998",NA,6,NA
"4093","scaffold0005:34715574|34720738",NA,2,NA
"4094","scaffold0005:34716410|34720738",NA,NA,1
"4095","scaffold0005:34724701|34736029",2,NA,NA
"4096","scaffold0005:34735851|34745403",14,18,5
"4097","scaffold0005:34745271|34849122",3,NA,NA
"4098","scaffold0005:34799840|34802159",3,NA,2
"4099","scaffold0005:34799840|34827634",4,NA,NA
"4100","scaffold0005:34799840|34844037",1,NA,NA
"4101","scaffold0005:34799840|34849122",33,NA,7
"4102","scaffold0005:34827550|34849122",33,48,7
"4103","scaffold0005:35100783|35118636",2,NA,NA
"4104","scaffold0005:35120499|35120766",NA,NA,1
"4105","scaffold0005:35221428|35233140",NA,8,NA
"4106","scaffold0005:35231658|35234409",NA,NA,1
"4107","scaffold0005:35232999|35248294",1,NA,NA
"4108","scaffold0005:35496933|35505442",3,NA,NA
"4109","scaffold0005:3572571|3577145",5,3,1
"4110","scaffold0005:3606735|3607107",38,12,18
"4111","scaffold0005:37295388|37301681",11,NA,NA
"4112","scaffold0005:3746554|3747082",154,60,85
"4113","scaffold0005:3746554|3758927",1,NA,NA
"4114","scaffold0005:3769607|3771694",1,NA,1
"4115","scaffold0005:37873257|37880908",NA,6,NA
"4116","scaffold0005:3824785|3826146",8,NA,NA
"4117","scaffold0005:3824785|3827081",NA,6,NA
"4118","scaffold0005:3826904|3827244",NA,NA,2
"4119","scaffold0005:3827480|3827657",4,5,NA
"4120","scaffold0005:3828222|3829056",1,NA,NA
"4121","scaffold0005:38654933|38660127",NA,1,NA
"4122","scaffold0005:38931404|38964244",NA,12,NA
"4123","scaffold0005:38961404|38964244",NA,4,NA
"4124","scaffold0005:39108836|39114430",3,NA,NA
"4125","scaffold0005:39108836|39118199",48,33,5
"4126","scaffold0005:39301743|39302102",7,NA,2
"4127","scaffold0005:39325336|39347415",NA,5,NA
"4128","scaffold0005:39547517|39550989",2,NA,NA
"4129","scaffold0005:39557120|39559285",NA,NA,4
"4130","scaffold0005:39576569|39583189",150,36,20
"4131","scaffold0005:39576569|39588398",7,NA,NA
"4132","scaffold0005:39600570|39604925",NA,2,NA
"4133","scaffold0005:39604870|39616790",NA,NA,3
"4134","scaffold0005:39606671|39610083",NA,NA,1
"4135","scaffold0005:4117244|4124380",5,NA,NA
"4136","scaffold0005:4117244|4126999",5,NA,NA
"4137","scaffold0005:41968939|41969400",196,193,145
"4138","scaffold0005:41993332|41997935",1,NA,NA
"4139","scaffold0005:42886558|42890754",2,NA,4
"4140","scaffold0005:42892138|42894512",3,NA,10
"4141","scaffold0005:43197808|43245638",3,NA,NA
"4142","scaffold0005:43640598|43642678",NA,10,NA
"4143","scaffold0005:43642559|43644590",17,26,13
"4144","scaffold0005:43642678|43643446",NA,NA,1
"4145","scaffold0005:43644473|43645993",11,NA,NA
"4146","scaffold0005:43653643|43655141",1,NA,3
"4147","scaffold0005:43653643|43656449",1,NA,NA
"4148","scaffold0005:43654964|43663224",10,NA,NA
"4149","scaffold0005:43679988|43688310",2,NA,NA
"4150","scaffold0005:44487179|44490635",87,34,49
"4151","scaffold0005:44487179|44502881",26,NA,NA
"4152","scaffold0005:4488557|4508759",17,5,NA
"4153","scaffold0005:4488557|4509703",2,2,NA
"4154","scaffold0005:44951216|45000640",6,NA,NA
"4155","scaffold0005:4504973|4519284",9,NA,NA
"4156","scaffold0005:4504973|4521097",6,NA,NA
"4157","scaffold0005:4508684|4531371",1,NA,NA
"4158","scaffold0005:4509628|4531371",2,NA,NA
"4159","scaffold0005:4519192|4535325",25,9,1
"4160","scaffold0005:4521005|4535325",28,22,1
"4161","scaffold0005:4531287|4535325",4,NA,NA
"4162","scaffold0005:4532541|4535325",14,NA,NA
"4163","scaffold0005:4532541|4545991",7,NA,NA
"4164","scaffold0005:45385413|45409770",3,NA,NA
"4165","scaffold0005:45418882|45429163",1,NA,NA
"4166","scaffold0005:45429016|45431117",1,NA,NA
"4167","scaffold0005:4545789|4549885",NA,NA,6
"4168","scaffold0005:45469438|45475623",NA,NA,2
"4169","scaffold0005:45522628|45554526",3,NA,NA
"4170","scaffold0005:45554372|45554526",20,1,2
"4171","scaffold0005:45554372|45565245",36,17,10
"4172","scaffold0005:45554372|45587454",10,NA,NA
"4173","scaffold0005:45723121|45724169",33,12,11
"4174","scaffold0005:45723121|45732710",17,5,3
"4175","scaffold0005:45767262|45780613",7,5,6
"4176","scaffold0005:45772823|45780613",66,59,19
"4177","scaffold0005:45950558|45951576",3,NA,NA
"4178","scaffold0005:45950558|45957534",5,NA,NA
"4179","scaffold0005:46085336|46088106",16,NA,6
"4180","scaffold0005:4616591|4626070",10,NA,NA
"4181","scaffold0005:46249219|46263875",NA,NA,4
"4182","scaffold0005:46263681|46270964",NA,NA,1
"4183","scaffold0005:46270189|46270964",12,NA,12
"4184","scaffold0005:46549144|46562568",6,NA,NA
"4185","scaffold0005:46604359|46620173",NA,NA,1
"4186","scaffold0005:46619668|46620173",NA,NA,3
"4187","scaffold0005:4667130|4689235",3,2,NA
"4188","scaffold0005:4667130|4691080",9,2,NA
"4189","scaffold0005:46711719|46720193",6,NA,NA
"4190","scaffold0005:46876163|46877711",17,19,NA
"4191","scaffold0005:46900350|46900986",2,NA,NA
"4192","scaffold0005:46911577|46911728",NA,NA,3
"4193","scaffold0005:46911728|46912208",6,NA,NA
"4194","scaffold0005:46925099|46926552",5,NA,NA
"4195","scaffold0005:46926451|46934271",4,NA,NA
"4196","scaffold0005:46928504|46934271",1,NA,NA
"4197","scaffold0005:46930275|46933597",NA,NA,1
"4198","scaffold0005:46932670|46933597",2,NA,NA
"4199","scaffold0005:46934612|46935499",NA,1,NA
"4200","scaffold0005:46945284|46947407",200,168,114
"4201","scaffold0005:46945284|46965269",37,42,50
"4202","scaffold0005:46965028|46965269",9,22,4
"4203","scaffold0005:47057463|47060250",25,NA,21
"4204","scaffold0005:47057463|47063655",NA,3,NA
"4205","scaffold0005:47060019|47063655",2,NA,NA
"4206","scaffold0005:47063655|47064331",NA,6,NA
"4207","scaffold0005:47227019|47227882",2,NA,NA
"4208","scaffold0005:47233405|47241017",1,NA,NA
"4209","scaffold0005:47399885|47401272",4,1,NA
"4210","scaffold0005:47469015|47469526",25,24,3
"4211","scaffold0005:47482706|47483314",NA,7,7
"4212","scaffold0005:47482706|47486315",NA,2,NA
"4213","scaffold0005:4750694|4750898",NA,1,3
"4214","scaffold0005:4750694|4754156",NA,4,NA
"4215","scaffold0005:4750694|4759735",NA,6,2
"4216","scaffold0005:47555453|47556271",NA,13,3
"4217","scaffold0005:47610667|47611091",NA,NA,5
"4218","scaffold0005:47610667|47611548",3,NA,NA
"4219","scaffold0005:47610944|47611365",3,NA,NA
"4220","scaffold0005:47611194|47611365",10,2,NA
"4221","scaffold0005:47611437|47611799",23,24,23
"4222","scaffold0005:47611437|47612145",14,NA,NA
"4223","scaffold0005:47611437|47612997",14,10,11
"4224","scaffold0005:47611624|47611799",5,NA,1
"4225","scaffold0005:47612848|47614210",9,NA,NA
"4226","scaffold0005:47612997|47613854",NA,NA,3
"4227","scaffold0005:47612997|47613856",NA,NA,1
"4228","scaffold0005:47612997|47613857",NA,10,3
"4229","scaffold0005:47612997|47613858",NA,9,NA
"4230","scaffold0005:47612997|47613861",NA,3,NA
"4231","scaffold0005:47612997|47613862",1,NA,NA
"4232","scaffold0005:47612997|47613863",NA,NA,3
"4233","scaffold0005:47612997|47613864",NA,3,NA
"4234","scaffold0005:47612997|47613866",NA,13,4
"4235","scaffold0005:47612997|47613869",5,NA,NA
"4236","scaffold0005:47612997|47613870",7,7,NA
"4237","scaffold0005:47667872|47668479",14,NA,NA
"4238","scaffold0005:47705891|47725518",28,10,8
"4239","scaffold0005:47705891|47730182",10,NA,NA
"4240","scaffold0005:47725445|47730182",NA,9,NA
"4241","scaffold0005:47729394|47734448",NA,NA,5
"4242","scaffold0005:47745353|47748981",4,NA,NA
"4243","scaffold0005:47769758|47770210",NA,NA,2
"4244","scaffold0005:47770099|47770506",NA,NA,3
"4245","scaffold0005:47784838|47786457",25,34,12
"4246","scaffold0005:47784838|47788343",9,14,9
"4247","scaffold0005:47785144|47786058",NA,NA,4
"4248","scaffold0005:47812811|47813197",2,NA,NA
"4249","scaffold0005:47813197|47813378",3,NA,1
"4250","scaffold0005:47814562|47815432",6,NA,NA
"4251","scaffold0005:4782934|4783146",NA,1,NA
"4252","scaffold0005:4782934|4791750",NA,1,NA
"4253","scaffold0005:47841619|47842046",3,NA,NA
"4254","scaffold0005:47846032|47846421",2,NA,NA
"4255","scaffold0005:47846497|47847869",NA,4,NA
"4256","scaffold0005:47849119|47849603",2,NA,NA
"4257","scaffold0005:47853028|47856750",4,NA,NA
"4258","scaffold0005:47853883|47854075",4,NA,NA
"4259","scaffold0005:47854075|47856750",NA,3,8
"4260","scaffold0005:47856820|47857127",8,NA,NA
"4261","scaffold0005:47856820|47857499",4,NA,NA
"4262","scaffold0005:47857818|47857936",NA,2,NA
"4263","scaffold0005:47858315|47860581",1,NA,NA
"4264","scaffold0005:4787015|4791750",NA,1,NA
"4265","scaffold0005:47875215|47881302",16,NA,3
"4266","scaffold0005:4791626|4797376",NA,2,NA
"4267","scaffold0005:47954442|47958852",3,NA,NA
"4268","scaffold0005:47954442|47966776",3,NA,NA
"4269","scaffold0005:47963132|47965987",NA,1,NA
"4270","scaffold0005:4802088|4804914",NA,NA,1
"4271","scaffold0005:48048085|48048983",13,NA,NA
"4272","scaffold0005:48048681|48048788",NA,NA,2
"4273","scaffold0005:48062594|48065160",NA,NA,4
"4274","scaffold0005:48065097|48065413",29,37,49
"4275","scaffold0005:48092921|48093655",NA,NA,4
"4276","scaffold0005:48125708|48140789",NA,1,NA
"4277","scaffold0005:48134818|48135600",NA,NA,3
"4278","scaffold0005:48139457|48140789",233,NA,150
"4279","scaffold0005:48278531|48281863",NA,4,NA
"4280","scaffold0005:48281007|48281863",NA,6,5
"4281","scaffold0005:48320199|48324050",NA,NA,5
"4282","scaffold0005:48320267|48320779",NA,NA,2
"4283","scaffold0005:48320999|48321354",NA,NA,6
"4284","scaffold0005:48321251|48324050",NA,NA,2
"4285","scaffold0005:48322842|48324050",3,NA,NA
"4286","scaffold0005:48601566|48604193",NA,5,NA
"4287","scaffold0005:48642540|48642627",2,NA,NA
"4288","scaffold0005:48642931|48643166",24,NA,9
"4289","scaffold0005:48660702|48668480",5,4,NA
"4290","scaffold0005:48665197|48668480",NA,5,NA
"4291","scaffold0005:48710435|48710965",4,NA,NA
"4292","scaffold0005:48711992|48712807",3,2,NA
"4293","scaffold0005:48712101|48712363",NA,1,NA
"4294","scaffold0005:48865914|48872568",2,NA,NA
"4295","scaffold0005:48868548|48872568",2,NA,NA
"4296","scaffold0005:48871769|48872568",1,NA,NA
"4297","scaffold0005:48871769|48874745",NA,NA,29
"4298","scaffold0005:48871769|48877274",NA,NA,27
"4299","scaffold0005:48903133|48907372",1,NA,NA
"4300","scaffold0005:48905418|48907870",4,NA,6
"4301","scaffold0005:48926145|48926647",5,NA,NA
"4302","scaffold0005:48994423|48996250",13,NA,NA
"4303","scaffold0005:48996954|48998109",13,NA,NA
"4304","scaffold0005:49058542|49061527",NA,NA,5
"4305","scaffold0005:49275811|49277028",82,NA,23
"4306","scaffold0005:49510644|49511553",NA,NA,2
"4307","scaffold0005:49568343|49575256",NA,NA,9
"4308","scaffold0005:49568343|49577330",3,NA,NA
"4309","scaffold0005:49571416|49575256",NA,1,NA
"4310","scaffold0005:49576706|49577135",5,NA,NA
"4311","scaffold0005:49695513|49696045",22,NA,NA
"4312","scaffold0005:49721350|49726628",NA,3,NA
"4313","scaffold0005:49724909|49726628",2,11,3
"4314","scaffold0005:49801761|49802275",5,NA,NA
"4315","scaffold0005:49802000|49802275",2,NA,NA
"4316","scaffold0005:4981274|4989952",8,NA,NA
"4317","scaffold0005:49816716|49817427",3,NA,NA
"4318","scaffold0005:49873387|49873859",15,62,16
"4319","scaffold0005:49891011|49899060",NA,6,NA
"4320","scaffold0005:49960063|49961447",17,NA,NA
"4321","scaffold0005:49960394|49961447",4,NA,NA
"4322","scaffold0005:49961343|49967526",29,5,NA
"4323","scaffold0005:49962725|49963239",5,NA,NA
"4324","scaffold0005:50033462|50034088",1,NA,2
"4325","scaffold0005:50112242|50114140",1,NA,NA
"4326","scaffold0005:50127261|50127656",1,NA,1
"4327","scaffold0005:50127261|50129172",NA,NA,1
"4328","scaffold0005:50127684|50127982",2,NA,NA
"4329","scaffold0005:50129886|50130595",NA,4,NA
"4330","scaffold0005:50131338|50132095",NA,NA,3
"4331","scaffold0005:50148423|50155789",19,14,NA
"4332","scaffold0005:50155704|50157492",145,63,57
"4333","scaffold0005:50155704|50163354",NA,NA,2
"4334","scaffold0005:50156936|50157267",NA,6,NA
"4335","scaffold0005:50319564|50319937",10,NA,NA
"4336","scaffold0005:50362903|50366139",5,NA,13
"4337","scaffold0005:50362903|50370198",NA,NA,1
"4338","scaffold0005:50365384|50365533",1,NA,NA
"4339","scaffold0005:50365654|50365910",1,NA,NA
"4340","scaffold0005:50366062|50369844",1,NA,NA
"4341","scaffold0005:50425744|50428761",7,NA,NA
"4342","scaffold0005:50441260|50443010",NA,2,NA
"4343","scaffold0005:50457987|50459344",1,NA,NA
"4344","scaffold0005:50531045|50532501",8,NA,7
"4345","scaffold0005:50535791|50537630",1,NA,NA
"4346","scaffold0005:50537426|50537569",NA,4,NA
"4347","scaffold0005:50651080|50651506",1,NA,NA
"4348","scaffold0005:50745940|50750049",3,NA,NA
"4349","scaffold0005:50752461|50752899",10,NA,2
"4350","scaffold0005:50755139|50755680",21,16,6
"4351","scaffold0005:50796748|50797012",25,42,30
"4352","scaffold0005:50817652|50818041",NA,NA,1
"4353","scaffold0005:50877538|50885009",21,6,10
"4354","scaffold0005:50877538|50897226",NA,NA,1
"4355","scaffold0005:50884843|50897226",NA,NA,1
"4356","scaffold0005:50887233|50897226",NA,NA,1
"4357","scaffold0005:50892886|50894261",5,NA,2
"4358","scaffold0005:50892886|50897226",6,16,3
"4359","scaffold0005:50949556|50949753",3,NA,3
"4360","scaffold0005:50977342|50978311",2,NA,NA
"4361","scaffold0005:51043848|51045880",3,NA,NA
"4362","scaffold0005:51044976|51045155",NA,NA,3
"4363","scaffold0005:51057729|51063885",NA,15,NA
"4364","scaffold0005:51085006|51094486",8,2,NA
"4365","scaffold0005:51277759|51280524",NA,NA,4
"4366","scaffold0005:51280393|51281584",6,NA,NA
"4367","scaffold0005:51280393|51286358",1,NA,3
"4368","scaffold0005:51282723|51284152",NA,NA,1
"4369","scaffold0005:51289485|51291109",NA,2,6
"4370","scaffold0005:51289485|51295360",NA,13,NA
"4371","scaffold0005:51290978|51295360",10,8,4
"4372","scaffold0005:51295007|51295360",NA,NA,1
"4373","scaffold0005:51303581|51304537",1,NA,NA
"4374","scaffold0005:51325607|51325960",2284,1267,957
"4375","scaffold0005:51325756|51325960",6,NA,NA
"4376","scaffold0005:51336097|51342010",4,NA,NA
"4377","scaffold0005:51340207|51344715",NA,NA,1
"4378","scaffold0005:51342010|51342196",19,2,NA
"4379","scaffold0005:51344596|51345124",NA,NA,1
"4380","scaffold0005:51358094|51358251",1,NA,NA
"4381","scaffold0005:51363660|51364456",NA,NA,5
"4382","scaffold0005:51366877|51367098",118,52,77
"4383","scaffold0005:51368539|51369224",178,47,48
"4384","scaffold0005:51429956|51430145",1,NA,NA
"4385","scaffold0005:51431268|51432098",NA,NA,4
"4386","scaffold0005:51493665|51495206",18,12,5
"4387","scaffold0005:51507002|51507180",NA,1,NA
"4388","scaffold0005:51510090|51512986",2,NA,3
"4389","scaffold0005:51515013|51515779",32,NA,5
"4390","scaffold0005:51517228|51517634",NA,5,NA
"4391","scaffold0005:51520774|51521858",NA,1,NA
"4392","scaffold0005:51521896|51522781",NA,NA,1
"4393","scaffold0005:51522781|51530345",10,NA,NA
"4394","scaffold0005:51540331|51549157",NA,2,NA
"4395","scaffold0005:51586756|51589356",NA,NA,6
"4396","scaffold0005:51586968|51587715",NA,1,NA
"4397","scaffold0005:51593323|51604122",NA,NA,6
"4398","scaffold0005:51595887|51604122",NA,3,NA
"4399","scaffold0005:51764413|51773219",NA,NA,1
"4400","scaffold0005:51769299|51773219",2,NA,2
"4401","scaffold0005:51773075|51836390",NA,2,1
"4402","scaffold0005:51826192|51836390",81,74,66
"4403","scaffold0005:51889133|51890211",53,25,5
"4404","scaffold0005:51902957|51903335",4,NA,NA
"4405","scaffold0005:51903153|51903335",3,NA,NA
"4406","scaffold0005:51907760|51907979",NA,NA,3
"4407","scaffold0005:51924009|51924388",NA,9,NA
"4408","scaffold0005:51925160|51925738",NA,NA,1
"4409","scaffold0005:51960076|51961622",4,NA,NA
"4410","scaffold0005:51960715|51961622",NA,NA,3
"4411","scaffold0005:52079015|52080818",5,NA,NA
"4412","scaffold0005:52165119|52172236",NA,NA,1
"4413","scaffold0005:52165888|52166232",NA,NA,1
"4414","scaffold0005:52167201|52167553",4,4,2
"4415","scaffold0005:52168133|52169859",NA,NA,1
"4416","scaffold0005:52171479|52174359",4,NA,NA
"4417","scaffold0005:52171818|52172021",1,NA,NA
"4418","scaffold0005:52175397|52186816",32,16,NA
"4419","scaffold0005:52180134|52182378",NA,8,8
"4420","scaffold0005:52705481|52705941",5,NA,NA
"4421","scaffold0005:52910616|52910859",542,347,322
"4422","scaffold0005:53104967|53105139",NA,11,NA
"4423","scaffold0005:53106306|53107025",NA,6,NA
"4424","scaffold0005:53107095|53107259",5,10,14
"4425","scaffold0005:53111011|53111570",3,NA,NA
"4426","scaffold0005:53130343|53130661",NA,8,NA
"4427","scaffold0005:53130661|53130857",1,NA,NA
"4428","scaffold0005:53136083|53136276",4,14,1
"4429","scaffold0005:53136083|53138260",NA,13,NA
"4430","scaffold0005:53137675|53150103",NA,NA,4
"4431","scaffold0005:53140290|53142702",NA,NA,2
"4432","scaffold0005:53142249|53142702",11,9,2
"4433","scaffold0005:53142249|53145249",NA,NA,3
"4434","scaffold0005:53160239|53160585",3,NA,NA
"4435","scaffold0005:53165141|53166528",1,NA,NA
"4436","scaffold0005:53166308|53167571",17,38,NA
"4437","scaffold0005:53255541|53255905",3,NA,NA
"4438","scaffold0005:53279889|53280256",NA,NA,2
"4439","scaffold0005:53279889|53283439",27,13,11
"4440","scaffold0005:53279889|53284713",NA,6,1
"4441","scaffold0005:53279889|53290556",2,NA,NA
"4442","scaffold0005:53281128|53283439",NA,NA,2
"4443","scaffold0005:53285772|53293322",NA,2,NA
"4444","scaffold0005:53292423|53293322",450,389,229
"4445","scaffold0005:53292924|53293322",4,NA,NA
"4446","scaffold0005:53366563|53372430",1,NA,NA
"4447","scaffold0005:53482413|53488946",7,NA,NA
"4448","scaffold0005:53482413|53489331",3,NA,NA
"4449","scaffold0005:53485087|53488946",5,NA,NA
"4450","scaffold0005:53485087|53489331",2,NA,NA
"4451","scaffold0005:53522377|53525026",NA,NA,3
"4452","scaffold0005:53554966|53556490",NA,NA,6
"4453","scaffold0005:53557374|53558642",NA,2,NA
"4454","scaffold0005:53557374|53558830",2,NA,NA
"4455","scaffold0005:53557542|53557982",8,NA,NA
"4456","scaffold0005:53579906|53583260",NA,NA,3
"4457","scaffold0005:53627733|53636990",12,NA,4
"4458","scaffold0005:53635035|53636990",34,11,7
"4459","scaffold0005:53639783|53643413",59,12,NA
"4460","scaffold0005:53639783|53646217",19,32,8
"4461","scaffold0005:53639783|53655160",2,NA,NA
"4462","scaffold0005:53639783|53663043",NA,NA,1
"4463","scaffold0005:53640894|53660464",3,NA,1
"4464","scaffold0005:53719712|53722388",6,NA,4
"4465","scaffold0005:53719712|53728240",2,NA,2
"4466","scaffold0005:53799292|53802720",NA,NA,1
"4467","scaffold0005:53801830|53802720",6,NA,2
"4468","scaffold0005:53810429|53810780",NA,6,NA
"4469","scaffold0005:53818085|53820947",NA,NA,2
"4470","scaffold0005:53825775|53826661",NA,NA,2
"4471","scaffold0005:53916572|53916875",NA,NA,6
"4472","scaffold0005:53989837|53990154",263,107,74
"4473","scaffold0005:53991899|53998277",3,NA,NA
"4474","scaffold0005:54084599|54085888",6,NA,NA
"4475","scaffold0005:54172941|54173786",8,NA,1
"4476","scaffold0005:54172941|54176929",NA,14,NA
"4477","scaffold0005:54173656|54176929",1,NA,NA
"4478","scaffold0005:54175987|54176929",17,NA,11
"4479","scaffold0005:54223500|54225721",6,2,NA
"4480","scaffold0005:54225602|54225721",3,NA,1
"4481","scaffold0005:54248326|54249378",3,6,NA
"4482","scaffold0005:54358781|54359231",4,NA,NA
"4483","scaffold0005:54614078|54614458",5,NA,NA
"4484","scaffold0005:54873499|54873896",NA,6,NA
"4485","scaffold0005:54882152|54882571",1,NA,NA
"4486","scaffold0005:54882152|54883105",NA,3,NA
"4487","scaffold0005:54940844|54941196",NA,7,NA
"4488","scaffold0005:54943271|54943850",2,NA,NA
"4489","scaffold0005:55053972|55063498",NA,NA,1
"4490","scaffold0005:55055565|55055983",12,NA,NA
"4491","scaffold0005:55058122|55058602",10,NA,NA
"4492","scaffold0005:55060606|55060950",4,4,NA
"4493","scaffold0005:55070721|55071025",NA,NA,3
"4494","scaffold0005:55091426|55092222",NA,5,NA
"4495","scaffold0005:55096097|55096895",NA,NA,4
"4496","scaffold0005:55096335|55096528",NA,NA,4
"4497","scaffold0005:55100263|55100410",NA,4,NA
"4498","scaffold0005:55238064|55241756",12,NA,NA
"4499","scaffold0005:55335107|55335994",NA,2,NA
"4500","scaffold0005:55335107|55338060",NA,NA,1
"4501","scaffold0005:55337901|55338060",4,NA,NA
"4502","scaffold0005:55337901|55340538",134,23,52
"4503","scaffold0005:55340060|55340538",NA,7,6
"4504","scaffold0005:55340060|55344756",4,NA,NA
"4505","scaffold0005:55342906|55343239",466,349,376
"4506","scaffold0005:55342906|55344756",NA,13,NA
"4507","scaffold0005:55344354|55344756",30,4,16
"4508","scaffold0005:55396974|55397344",NA,3,NA
"4509","scaffold0005:55396974|55402425",3,NA,NA
"4510","scaffold0005:55399744|55401006",NA,NA,7
"4511","scaffold0005:55399744|55402425",NA,2,2
"4512","scaffold0005:55400886|55402425",NA,NA,1
"4513","scaffold0005:55401428|55401739",NA,6,NA
"4514","scaffold0005:55401428|55402425",41,13,3
"4515","scaffold0005:55429653|55429930",4,NA,NA
"4516","scaffold0005:55532618|55534363",1,NA,14
"4517","scaffold0005:55533164|55534187",3,NA,NA
"4518","scaffold0005:55540422|55541739",114,107,61
"4519","scaffold0005:55540422|55543653",NA,5,NA
"4520","scaffold0005:55540689|55546210",NA,NA,3
"4521","scaffold0005:55970991|55971475",4,NA,NA
"4522","scaffold0005:56000362|56000634",1,NA,8
"4523","scaffold0005:56016280|56023315",6,28,NA
"4524","scaffold0005:56016280|56025494",120,49,21
"4525","scaffold0005:56022892|56023139",2,NA,NA
"4526","scaffold0005:56023139|56025494",24,33,7
"4527","scaffold0005:56028048|56030250",24,1,NA
"4528","scaffold0005:56081315|56081847",133,25,46
"4529","scaffold0005:56138473|56142026",3,NA,NA
"4530","scaffold0005:56141059|56141696",NA,3,NA
"4531","scaffold0005:56148552|56149041",NA,10,NA
"4532","scaffold0005:56149041|56149422",4,4,NA
"4533","scaffold0005:56156019|56156525",3,NA,NA
"4534","scaffold0005:56195667|56196764",NA,NA,2
"4535","scaffold0005:56195940|56196764",NA,NA,1
"4536","scaffold0005:56285387|56288221",3,NA,NA
"4537","scaffold0005:56301816|56302125",NA,NA,2
"4538","scaffold0005:56309222|56309575",NA,NA,7
"4539","scaffold0005:56309222|56310135",2,NA,NA
"4540","scaffold0005:56360259|56360569",1,NA,NA
"4541","scaffold0005:56361513|56361741",6,NA,NA
"4542","scaffold0005:56707221|56707391",8,NA,2
"4543","scaffold0005:56708246|56708533",NA,2,NA
"4544","scaffold0005:56805079|56805375",4,NA,NA
"4545","scaffold0005:56805079|56806670",1,NA,NA
"4546","scaffold0005:56815394|56820784",3,NA,3
"4547","scaffold0005:56816815|56820784",1,NA,7
"4548","scaffold0005:56820465|56820784",NA,NA,1
"4549","scaffold0005:56887148|56889700",3,NA,3
"4550","scaffold0005:56899216|56899644",NA,NA,1
"4551","scaffold0005:56916076|56916766",3,NA,2
"4552","scaffold0005:56940349|56940933",1,NA,NA
"4553","scaffold0005:57127060|57129477",5,NA,NA
"4554","scaffold0005:57169474|57174972",9,4,10
"4555","scaffold0005:57209198|57212491",NA,17,3
"4556","scaffold0005:57224375|57226881",NA,1,3
"4557","scaffold0005:57344389|57347142",1,3,2
"4558","scaffold0005:57351872|57354466",12,22,NA
"4559","scaffold0005:57351872|57372204",3,NA,NA
"4560","scaffold0005:57360931|57367114",11,NA,3
"4561","scaffold0005:57366956|57372204",227,180,154
"4562","scaffold0005:57371970|57372204",290,245,202
"4563","scaffold0005:57371970|57375764",NA,NA,8
"4564","scaffold0005:57371970|57379246",NA,10,5
"4565","scaffold0005:57475977|57476129",NA,5,NA
"4566","scaffold0005:57585686|57586381",2,NA,NA
"4567","scaffold0005:57813809|57821571",3,3,NA
"4568","scaffold0005:57852255|57853151",2,23,5
"4569","scaffold0005:57883330|57883563",2,10,NA
"4570","scaffold0005:57887499|57888090",12,18,15
"4571","scaffold0005:57899274|57899936",4,NA,NA
"4572","scaffold0005:57915798|57916142",NA,NA,3
"4573","scaffold0005:57921934|57922143",5,NA,NA
"4574","scaffold0005:57925675|57926201",NA,1,NA
"4575","scaffold0005:57959299|57959665",NA,NA,4
"4576","scaffold0005:58049150|58052173",NA,7,NA
"4577","scaffold0005:58049150|58053224",2,NA,NA
"4578","scaffold0005:58052245|58053224",3,NA,NA
"4579","scaffold0005:58098079|58098725",NA,4,1
"4580","scaffold0005:58098079|58099167",2,NA,NA
"4581","scaffold0005:58134226|58139794",17,10,7
"4582","scaffold0005:58136310|58139794",28,NA,2
"4583","scaffold0005:58313101|58315009",NA,4,NA
"4584","scaffold0005:58325442|58325642",18,13,5
"4585","scaffold0005:58325442|58326520",NA,NA,3
"4586","scaffold0005:58327045|58327500",1,NA,NA
"4587","scaffold0005:58403988|58405132",3,NA,NA
"4588","scaffold0005:58439601|58440829",NA,4,NA
"4589","scaffold0005:58439601|58445247",NA,2,NA
"4590","scaffold0005:58495648|58496119",NA,2,NA
"4591","scaffold0005:58536876|58537623",6,NA,NA
"4592","scaffold0005:58538130|58538707",8,NA,NA
"4593","scaffold0005:58569412|58570076",NA,1,NA
"4594","scaffold0005:58572077|58572315",13,NA,1
"4595","scaffold0005:58572077|58578463",9,NA,3
"4596","scaffold0005:58573632|58574603",26,36,21
"4597","scaffold0005:58602198|58602368",6,NA,NA
"4598","scaffold0005:58604303|58604704",NA,2,NA
"4599","scaffold0005:58608693|58612271",NA,NA,1
"4600","scaffold0005:58612138|58613320",2,NA,NA
"4601","scaffold0005:58613218|58614125",NA,2,NA
"4602","scaffold0005:58616491|58616733",56,29,15
"4603","scaffold0005:58617679|58617906",NA,1,14
"4604","scaffold0005:58617679|58618429",83,NA,13
"4605","scaffold0005:58630766|58631523",NA,8,NA
"4606","scaffold0005:58633518|58634061",1,NA,NA
"4607","scaffold0005:58638948|58639757",NA,3,NA
"4608","scaffold0005:58660536|58662146",NA,6,NA
"4609","scaffold0005:58724412|58727581",3,NA,NA
"4610","scaffold0005:58727592|58729242",NA,7,NA
"4611","scaffold0005:58814906|58819699",5,NA,NA
"4612","scaffold0005:58822977|58823991",1,NA,NA
"4613","scaffold0005:58833453|58845701",5,NA,NA
"4614","scaffold0005:58837330|58840335",NA,8,NA
"4615","scaffold0005:58887011|58889698",NA,2,NA
"4616","scaffold0005:58887011|58892492",21,NA,NA
"4617","scaffold0005:58892181|58892492",NA,NA,9
"4618","scaffold0005:59035866|59036703",NA,NA,4
"4619","scaffold0005:59089847|59092791",25,13,9
"4620","scaffold0005:59094171|59094333",NA,1,NA
"4621","scaffold0005:59094171|59096405",5,NA,NA
"4622","scaffold0005:59105429|59105894",NA,NA,6
"4623","scaffold0005:59105676|59105894",2,NA,1
"4624","scaffold0005:59105894|59106285",NA,5,NA
"4625","scaffold0005:59189585|59190532",NA,NA,5
"4626","scaffold0005:59189585|59195532",NA,5,NA
"4627","scaffold0005:59216081|59217477",1662,1358,767
"4628","scaffold0005:59311648|59313183",NA,25,NA
"4629","scaffold0005:59313048|59314863",NA,9,NA
"4630","scaffold0005:59314080|59314863",10,NA,22
"4631","scaffold0005:59401981|59403345",2,NA,NA
"4632","scaffold0005:59408830|59409186",1,NA,NA
"4633","scaffold0005:59419387|59419700",2,NA,NA
"4634","scaffold0005:59442414|59444058",467,247,208
"4635","scaffold0005:59443963|59447416",NA,NA,5
"4636","scaffold0005:59449906|59452946",3,NA,NA
"4637","scaffold0005:59453545|59457433",4,NA,NA
"4638","scaffold0005:59515861|59538352",76,30,48
"4639","scaffold0005:59538084|59538352",6,2,NA
"4640","scaffold0005:59565059|59565451",47,31,26
"4641","scaffold0005:59566927|59567539",2,NA,NA
"4642","scaffold0005:59567539|59568003",9,NA,NA
"4643","scaffold0005:59571702|59573213",18,NA,NA
"4644","scaffold0005:59650728|59651130",NA,7,NA
"4645","scaffold0005:59650959|59651130",4,NA,NA
"4646","scaffold0005:59657257|59657904",NA,7,NA
"4647","scaffold0005:59657743|59658800",NA,1,NA
"4648","scaffold0005:59663805|59664145",5,NA,1
"4649","scaffold0005:61038751|61041834",5,NA,NA
"4650","scaffold0005:61040854|61041834",NA,3,NA
"4651","scaffold0005:61091391|61095842",NA,NA,1
"4652","scaffold0005:61240709|61245747",2,NA,4
"4653","scaffold0005:61242296|61245747",2,NA,1
"4654","scaffold0005:61244936|61245747",54,22,15
"4655","scaffold0005:61260198|61262465",NA,10,NA
"4656","scaffold0005:61272421|61273327",1,NA,NA
"4657","scaffold0005:61355224|61355414",NA,2,NA
"4658","scaffold0005:61356206|61356335",2,NA,NA
"4659","scaffold0005:61501646|61501816",NA,NA,2
"4660","scaffold0005:61611030|61611553",19,NA,NA
"4661","scaffold0005:61649525|61650159",180,106,119
"4662","scaffold0005:61649525|61656549",NA,NA,20
"4663","scaffold0005:61649525|61663087",NA,NA,3
"4664","scaffold0005:61649525|61680236",NA,NA,4
"4665","scaffold0005:61656437|61666830",NA,4,NA
"4666","scaffold0005:61673703|61680236",7,18,4
"4667","scaffold0005:61707269|61709350",NA,NA,3
"4668","scaffold0005:61707426|61707635",NA,NA,1
"4669","scaffold0005:61721706|61721912",NA,3,NA
"4670","scaffold0005:61736512|61737457",NA,NA,1
"4671","scaffold0005:61762536|61763667",NA,3,NA
"4672","scaffold0005:61763269|61764221",8,NA,NA
"4673","scaffold0005:61763552|61763944",2,NA,NA
"4674","scaffold0005:6207382|6225585",NA,2,NA
"4675","scaffold0005:62195027|62195395",1,NA,NA
"4676","scaffold0005:62197068|62201353",1,NA,NA
"4677","scaffold0005:62200423|62201250",NA,1,NA
"4678","scaffold0005:62262112|62262568",27,7,20
"4679","scaffold0005:62310157|62329154",NA,8,NA
"4680","scaffold0005:62325298|62329154",9,3,NA
"4681","scaffold0005:62351841|62357731",3,NA,NA
"4682","scaffold0005:63703207|63728525",42,NA,5
"4683","scaffold0005:63738706|63741492",NA,4,NA
"4684","scaffold0005:63743521|63747101",4,5,NA
"4685","scaffold0005:63773880|63780245",1,NA,NA
"4686","scaffold0005:63841406|63845246",1,NA,9
"4687","scaffold0005:63862127|63863943",1,NA,NA
"4688","scaffold0005:63882855|63892546",12,NA,5
"4689","scaffold0005:64176450|64179296",NA,NA,2
"4690","scaffold0005:64542278|64542462",2,NA,NA
"4691","scaffold0005:64625880|64627813",6,NA,NA
"4692","scaffold0005:65008829|65023673",1,NA,NA
"4693","scaffold0005:65021496|65023673",NA,NA,2
"4694","scaffold0005:65044894|65045065",2,NA,NA
"4695","scaffold0005:65074868|65086728",3,4,NA
"4696","scaffold0005:65074868|65094172",16,10,5
"4697","scaffold0005:65080607|65094172",91,32,35
"4698","scaffold0005:65085579|65094172",35,14,44
"4699","scaffold0005:65110189|65112039",29,79,14
"4700","scaffold0005:65225613|65226874",9,NA,10
"4701","scaffold0005:65225613|65231172",6,NA,NA
"4702","scaffold0005:65227504|65231359",6,4,15
"4703","scaffold0005:65230998|65231359",11,NA,NA
"4704","scaffold0005:65383013|65386823",3,NA,NA
"4705","scaffold0005:65396572|65398625",4,NA,NA
"4706","scaffold0005:65420814|65420965",2,NA,5
"4707","scaffold0005:65475940|65476165",NA,NA,2
"4708","scaffold0005:65657160|65657837",71,NA,23
"4709","scaffold0005:65936353|65937204",1,NA,NA
"4710","scaffold0005:65936353|65938642",1,NA,NA
"4711","scaffold0005:66111214|66119803",4,NA,4
"4712","scaffold0005:66342421|66342800",NA,13,NA
"4713","scaffold0005:66342421|66343001",1,NA,NA
"4714","scaffold0005:66359115|66359273",NA,11,NA
"4715","scaffold0005:66492926|66493315",NA,5,NA
"4716","scaffold0005:66507693|66507957",NA,3,NA
"4717","scaffold0005:66570449|66570550",1,NA,NA
"4718","scaffold0005:66570632|66572754",5,NA,NA
"4719","scaffold0005:66588970|66589192",8,NA,NA
"4720","scaffold0005:66892851|66899308",25,24,NA
"4721","scaffold0005:66978177|66982242",NA,NA,1
"4722","scaffold0005:66990483|66990693",1,NA,NA
"4723","scaffold0005:66990483|66990694",1,NA,NA
"4724","scaffold0005:66995776|67000459",6,NA,NA
"4725","scaffold0005:67219691|67222838",5,NA,NA
"4726","scaffold0005:67225405|67229061",2,NA,NA
"4727","scaffold0005:6726051|6750048",NA,NA,5
"4728","scaffold0005:6730776|6732783",4,NA,NA
"4729","scaffold0005:6736959|6739038",6,10,7
"4730","scaffold0005:67541753|67555418",4,NA,NA
"4731","scaffold0005:67621510|67622021",3,NA,NA
"4732","scaffold0005:67625679|67626466",NA,10,NA
"4733","scaffold0005:6765058|6766485",4,7,NA
"4734","scaffold0005:67844656|67848798",NA,NA,2
"4735","scaffold0005:67850791|67850973",1,NA,NA
"4736","scaffold0005:67850791|67851226",NA,1,NA
"4737","scaffold0005:67850791|67851418",NA,4,NA
"4738","scaffold0005:67851447|67851657",2,NA,NA
"4739","scaffold0005:67876239|67877718",NA,6,NA
"4740","scaffold0005:67913770|67915783",8,3,NA
"4741","scaffold0005:67914868|67915783",NA,NA,2
"4742","scaffold0005:6794619|6797124",4,NA,4
"4743","scaffold0005:67973265|67973760",30,36,14
"4744","scaffold0005:6799448|6802248",41,29,29
"4745","scaffold0005:6802978|6806088",NA,NA,5
"4746","scaffold0005:6804188|6809974",NA,NA,1
"4747","scaffold0005:6812172|6812540",16,NA,NA
"4748","scaffold0005:6812172|6815354",3,NA,NA
"4749","scaffold0005:68127446|68128447",NA,2,NA
"4750","scaffold0005:68237405|68246634",NA,NA,1
"4751","scaffold0005:68244417|68244753",54,42,22
"4752","scaffold0005:68244417|68246634",2,NA,NA
"4753","scaffold0005:68250070|68259348",NA,8,NA
"4754","scaffold0005:68250070|68260763",5,NA,NA
"4755","scaffold0005:68260610|68262139",34,13,25
"4756","scaffold0005:68295571|68296879",NA,NA,2
"4757","scaffold0005:68307013|68312073",1,NA,NA
"4758","scaffold0005:68310021|68312073",3,NA,1
"4759","scaffold0005:68323617|68325403",8,NA,NA
"4760","scaffold0005:68376611|68393913",NA,NA,1
"4761","scaffold0005:68390699|68391396",19,NA,7
"4762","scaffold0005:68531117|68531336",32,7,2
"4763","scaffold0005:68535888|68538709",1,NA,NA
"4764","scaffold0005:68535888|68542161",NA,NA,2
"4765","scaffold0005:68538542|68542161",1,NA,NA
"4766","scaffold0005:68600405|68601898",33,NA,NA
"4767","scaffold0005:68804100|68807310",NA,3,NA
"4768","scaffold0005:68804100|68811908",1,NA,NA
"4769","scaffold0005:68805098|68808572",NA,NA,1
"4770","scaffold0005:6894272|6902273",3,NA,2
"4771","scaffold0005:6902138|6904583",29,NA,5
"4772","scaffold0005:6902138|6911673",NA,NA,7
"4773","scaffold0005:6904506|6915649",6,9,NA
"4774","scaffold0005:6904506|6918100",NA,NA,3
"4775","scaffold0005:6915471|6916967",3,NA,4
"4776","scaffold0005:6957635|6957932",5,NA,NA
"4777","scaffold0005:6958813|6959205",NA,4,NA
"4778","scaffold0005:70451077|70454502",NA,6,NA
"4779","scaffold0005:70453316|70454502",NA,NA,4
"4780","scaffold0005:70644184|70647033",4,NA,1
"4781","scaffold0005:70644184|70671537",6,NA,NA
"4782","scaffold0005:70671370|70671537",NA,NA,1
"4783","scaffold0005:71032660|71032867",1,7,NA
"4784","scaffold0005:71036430|71041504",NA,7,NA
"4785","scaffold0005:71036430|71046783",NA,NA,3
"4786","scaffold0005:71038753|71039527",NA,NA,3
"4787","scaffold0005:71046391|71046783",30,9,NA
"4788","scaffold0005:71097111|71099396",3,NA,NA
"4789","scaffold0005:71098004|71099396",2,NA,NA
"4790","scaffold0005:71119258|71121628",NA,NA,2
"4791","scaffold0005:71119258|71123509",22,5,NA
"4792","scaffold0005:71123327|71128356",6,NA,NA
"4793","scaffold0005:71123327|71129397",1,NA,NA
"4794","scaffold0005:71124349|71127316",17,NA,NA
"4795","scaffold0005:71161773|71168943",4,NA,NA
"4796","scaffold0005:71161773|71170135",2,NA,NA
"4797","scaffold0005:71161773|71228208",NA,1,NA
"4798","scaffold0005:72863454|72863793",NA,NA,6
"4799","scaffold0005:72863454|72880777",NA,NA,1
"4800","scaffold0005:73057826|73058258",NA,NA,5
"4801","scaffold0005:73061303|73064896",1,NA,15
"4802","scaffold0005:73061303|73072562",6,NA,1
"4803","scaffold0005:73072460|73075280",NA,NA,4
"4804","scaffold0005:73072460|73094830",NA,1,NA
"4805","scaffold0005:73108016|73110044",74,45,92
"4806","scaffold0005:7312289|7315357",535,276,87
"4807","scaffold0005:73199081|73201753",7,NA,NA
"4808","scaffold0005:73214249|73228880",NA,7,NA
"4809","scaffold0005:73317713|73318810",NA,6,NA
"4810","scaffold0005:73330561|73333197",7,6,NA
"4811","scaffold0005:73367164|73400844",NA,NA,1
"4812","scaffold0005:73385715|73394884",12,NA,NA
"4813","scaffold0005:73391144|73400844",NA,3,NA
"4814","scaffold0005:73394706|73400844",4,3,NA
"4815","scaffold0005:73397417|73400844",3,2,NA
"4816","scaffold0005:7346406|7354512",4,NA,NA
"4817","scaffold0005:7346406|7362288",13,3,1
"4818","scaffold0005:7354408|7369838",NA,NA,4
"4819","scaffold0005:7354408|7370255",7,NA,NA
"4820","scaffold0005:7359211|7371340",4,NA,NA
"4821","scaffold0005:7383207|7396068",26,30,22
"4822","scaffold0005:7395913|7396068",NA,NA,4
"4823","scaffold0005:74075139|74076086",NA,NA,3
"4824","scaffold0005:74075139|74077214",3,NA,10
"4825","scaffold0005:74094698|74205951",8,NA,NA
"4826","scaffold0005:74143268|74162109",12,NA,NA
"4827","scaffold0005:74143268|74190466",NA,NA,5
"4828","scaffold0005:74143268|74205951",31,15,NA
"4829","scaffold0005:74161978|74190466",2,NA,NA
"4830","scaffold0005:74161978|74205951",3,NA,8
"4831","scaffold0005:74190324|74205951",NA,4,NA
"4832","scaffold0005:74480253|74490332",4,NA,1
"4833","scaffold0005:74480253|74502554",3,NA,10
"4834","scaffold0005:74551777|74561032",3,NA,NA
"4835","scaffold0005:74551777|74568165",NA,1,NA
"4836","scaffold0005:74558078|74558254",NA,1,NA
"4837","scaffold0005:74558078|74561032",19,8,17
"4838","scaffold0005:74558078|74578465",6,NA,3
"4839","scaffold0005:74558078|74584497",3,NA,NA
"4840","scaffold0005:74568073|74578465",10,NA,NA
"4841","scaffold0005:74568073|74584497",5,NA,NA
"4842","scaffold0005:74578356|74584497",10,5,1
"4843","scaffold0005:74584294|74584497",11,NA,8
"4844","scaffold0005:7469480|7476580",14,NA,4
"4845","scaffold0005:75142875|75153503",NA,NA,23
"4846","scaffold0005:75144025|75151347",NA,NA,4
"4847","scaffold0005:75370342|75373808",3,NA,NA
"4848","scaffold0005:75372676|75375472",14,11,28
"4849","scaffold0005:7557106|7632481",NA,1,NA
"4850","scaffold0005:7668356|7676659",5,3,8
"4851","scaffold0005:7671384|7687849",3,NA,NA
"4852","scaffold0005:7671384|7704531",1,NA,NA
"4853","scaffold0005:7685685|7695988",NA,8,NA
"4854","scaffold0005:7685685|7704531",9,NA,1
"4855","scaffold0005:7685685|7705699",3,NA,2
"4856","scaffold0005:7695831|7700646",16,NA,10
"4857","scaffold0005:7695831|7704531",3,17,2
"4858","scaffold0005:7695831|7705699",4,7,2
"4859","scaffold0005:7700440|7712063",17,14,12
"4860","scaffold0005:7711793|7715097",4,NA,NA
"4861","scaffold0005:7711793|7716733",1,NA,NA
"4862","scaffold0005:77190889|77196979",NA,7,NA
"4863","scaffold0005:77192870|77193348",10,6,NA
"4864","scaffold0005:77192870|77196979",1,NA,NA
"4865","scaffold0005:7775096|7787161",2,NA,NA
"4866","scaffold0005:7776669|7778077",NA,NA,3
"4867","scaffold0005:7777061|7777227",NA,NA,2
"4868","scaffold0005:7858131|7859918",NA,8,NA
"4869","scaffold0005:7858131|7865065",NA,2,NA
"4870","scaffold0005:7858227|7858410",3,NA,NA
"4871","scaffold0005:7860236|7860775",7,NA,NA
"4872","scaffold0005:7861061|7861252",NA,1,NA
"4873","scaffold0005:7868558|7868750",3,21,NA
"4874","scaffold0005:7918302|7918638",NA,5,NA
"4875","scaffold0005:7919268|7923816",3,NA,NA
"4876","scaffold0005:7919411|7919783",NA,NA,6
"4877","scaffold0005:7919444|7919783",NA,NA,2
"4878","scaffold0005:7935682|7935843",NA,2,NA
"4879","scaffold0005:7956528|7956768",24,NA,27
"4880","scaffold0005:7963662|7964467",NA,NA,2
"4881","scaffold0005:8085467|8094728",1,NA,3
"4882","scaffold0005:80880320|80912562",3,NA,NA
"4883","scaffold0005:80900336|80912562",2,NA,NA
"4884","scaffold0005:8092834|8094728",2,NA,NA
"4885","scaffold0005:8092834|8096294",NA,6,2
"4886","scaffold0005:8092834|8099385",1,NA,NA
"4887","scaffold0005:8095834|8096294",130,63,70
"4888","scaffold0005:80963785|80969134",2,NA,NA
"4889","scaffold0005:80968317|80969134",299,128,196
"4890","scaffold0005:80968317|80971867",26,NA,NA
"4891","scaffold0005:8097706|8099385",8,4,NA
"4892","scaffold0005:8099037|8099385",1,NA,NA
"4893","scaffold0005:81003446|81008072",5,19,1
"4894","scaffold0005:8138458|8139170",75,67,53
"4895","scaffold0005:8155325|8156258",3,6,2
"4896","scaffold0005:8156183|8162313",NA,1,NA
"4897","scaffold0005:8181090|8182769",540,357,NA
"4898","scaffold0005:81905483|81907092",NA,NA,33
"4899","scaffold0005:81905483|81910325",9,2,12
"4900","scaffold0005:81921938|81927448",NA,2,NA
"4901","scaffold0005:81927312|81932084",5,NA,NA
"4902","scaffold0005:81927312|81945566",24,10,19
"4903","scaffold0005:81929684|81930556",5,NA,NA
"4904","scaffold0005:81937482|81945566",70,54,15
"4905","scaffold0005:81937482|81963097",NA,9,7
"4906","scaffold0005:81937482|81974052",18,36,40
"4907","scaffold0005:81937482|82002631",7,4,1
"4908","scaffold0005:81962988|81974052",126,76,118
"4909","scaffold0005:81972266|81974052",26,18,10
"4910","scaffold0005:82002488|82028615",7,11,5
"4911","scaffold0005:82146037|82148677",3,NA,NA
"4912","scaffold0005:82146037|82165492",NA,NA,1
"4913","scaffold0005:82176660|82186956",6,NA,NA
"4914","scaffold0005:82312557|82313664",NA,NA,6
"4915","scaffold0005:82323442|82328786",NA,6,NA
"4916","scaffold0005:82327708|82328786",NA,2,NA
"4917","scaffold0005:82330775|82330974",6,NA,NA
"4918","scaffold0005:82330775|82331689",15,NA,NA
"4919","scaffold0005:82714677|82755185",NA,NA,2
"4920","scaffold0005:82740161|82747265",1,NA,NA
"4921","scaffold0005:82740161|82755185",6,NA,NA
"4922","scaffold0005:828087|830693",6,5,NA
"4923","scaffold0005:83326397|83335809",1,NA,NA
"4924","scaffold0005:83335583|83335809",NA,NA,4
"4925","scaffold0005:83428620|83436819",4,NA,NA
"4926","scaffold0005:83433914|83449330",4,NA,NA
"4927","scaffold0005:83438617|83449330",2,NA,NA
"4928","scaffold0005:83447541|83483486",4,NA,3
"4929","scaffold0005:83462509|83463648",61,34,38
"4930","scaffold0005:83462509|83483486",25,NA,16
"4931","scaffold0005:83616355|83635462",16,NA,NA
"4932","scaffold0005:83845092|83845475",3,NA,NA
"4933","scaffold0005:83845475|83846208",NA,4,NA
"4934","scaffold0005:83954570|83968395",NA,NA,1
"4935","scaffold0005:83958311|83968395",1,NA,NA
"4936","scaffold0005:83960831|83968395",6,NA,NA
"4937","scaffold0005:83965762|83968395",2,12,23
"4938","scaffold0005:84061040|84069217",NA,8,NA
"4939","scaffold0005:84568660|84575254",18,7,11
"4940","scaffold0005:85156269|85158860",111,149,228
"4941","scaffold0005:85156269|85160620",30,52,45
"4942","scaffold0005:85494854|85495937",NA,NA,3
"4943","scaffold0005:85510887|85511267",NA,10,NA
"4944","scaffold0005:85839631|85848197",9,NA,NA
"4945","scaffold0005:85869736|85871305",10,NA,NA
"4946","scaffold0005:85942590|85943200",8,NA,4
"4947","scaffold0005:85960666|85977795",1,3,2
"4948","scaffold0005:85960666|85980912",5,1,NA
"4949","scaffold0005:85972041|85977795",36,23,39
"4950","scaffold0005:85972041|85980912",24,NA,19
"4951","scaffold0005:85972041|85986635",7,NA,6
"4952","scaffold0005:85973632|85980912",NA,NA,3
"4953","scaffold0005:85980787|85986635",15,NA,NA
"4954","scaffold0005:86119293|86121967",1,NA,NA
"4955","scaffold0005:86119293|86124656",1,NA,NA
"4956","scaffold0005:86119293|86126703",1,NA,NA
"4957","scaffold0005:86133353|86133871",5,NA,NA
"4958","scaffold0005:86151723|86152317",15,10,7
"4959","scaffold0005:86178680|86179844",8,5,NA
"4960","scaffold0005:86178953|86179844",1,NA,NA
"4961","scaffold0005:86210057|86210729",38,18,28
"4962","scaffold0005:86210057|86213168",NA,NA,6
"4963","scaffold0005:86211909|86215732",5,NA,NA
"4964","scaffold0005:86240514|86243686",33,10,35
"4965","scaffold0005:86258822|86261636",17,19,10
"4966","scaffold0005:8632781|8640733",NA,1,NA
"4967","scaffold0005:86406687|86409488",72,48,66
"4968","scaffold0005:86416266|86417384",NA,4,NA
"4969","scaffold0005:86435396|86442428",NA,6,NA
"4970","scaffold0005:86519579|86523100",NA,9,NA
"4971","scaffold0005:86522974|86524493",NA,NA,3
"4972","scaffold0005:86531320|86535722",7,NA,NA
"4973","scaffold0005:86559767|86561996",32,31,22
"4974","scaffold0005:8659047|8668224",NA,NA,3
"4975","scaffold0005:86617277|86623647",NA,2,NA
"4976","scaffold0005:86617277|86624008",40,NA,20
"4977","scaffold0005:86623520|86624008",8,NA,5
"4978","scaffold0005:86706240|86706930",3,NA,NA
"4979","scaffold0005:86713389|86716774",4,NA,NA
"4980","scaffold0005:86713389|86722046",4,NA,NA
"4981","scaffold0005:86721906|86726995",7,NA,NA
"4982","scaffold0005:86774509|86782956",26,37,19
"4983","scaffold0005:86812347|86813658",3,NA,NA
"4984","scaffold0005:86866126|86877017",NA,4,NA
"4985","scaffold0005:86869783|86877017",NA,NA,1
"4986","scaffold0005:8693543|8695600",NA,3,NA
"4987","scaffold0005:86962274|86964611",11,NA,NA
"4988","scaffold0005:86962274|86966806",2,NA,NA
"4989","scaffold0005:86964485|86966806",6,NA,NA
"4990","scaffold0005:86964485|86996306",NA,NA,2
"4991","scaffold0005:86975147|86976333",NA,NA,1
"4992","scaffold0005:86981977|86982418",NA,7,NA
"4993","scaffold0005:86990267|86996306",100,69,41
"4994","scaffold0005:86990267|87001171",2,16,NA
"4995","scaffold0005:87000734|87007921",4,NA,3
"4996","scaffold0005:8713885|8714101",1,NA,NA
"4997","scaffold0005:87175678|87175893",NA,NA,2
"4998","scaffold0005:87175678|87176093",8,NA,NA
"4999","scaffold0005:87193794|87199398",NA,NA,4
"5000","scaffold0005:87198591|87199398",3,NA,NA
"5001","scaffold0005:87360208|87374149",NA,1,NA
"5002","scaffold0005:87362758|87374149",NA,2,NA
"5003","scaffold0005:87429842|87443875",8,NA,NA
"5004","scaffold0005:87467510|87482602",1,NA,NA
"5005","scaffold0005:87583671|87702667",4,NA,NA
"5006","scaffold0005:87691972|87693263",2,6,NA
"5007","scaffold0005:87691972|87702667",12,4,6
"5008","scaffold0005:88136432|88141758",NA,3,NA
"5009","scaffold0005:88139686|88145624",17,45,NA
"5010","scaffold0005:88145444|88147365",9,NA,NA
"5011","scaffold0005:88145444|88148205",NA,NA,3
"5012","scaffold0005:88150812|88150989",NA,NA,3
"5013","scaffold0005:88153719|88154923",NA,25,NA
"5014","scaffold0005:88158184|88158925",NA,NA,2
"5015","scaffold0005:88161885|88164198",NA,NA,3
"5016","scaffold0005:88165247|88166629",5,NA,NA
"5017","scaffold0005:88267233|88267424",3,NA,NA
"5018","scaffold0005:88275864|88277592",1,NA,NA
"5019","scaffold0005:88294068|88295666",4,NA,NA
"5020","scaffold0005:88532491|88535345",6,9,9
"5021","scaffold0005:88563330|88570242",19,24,15
"5022","scaffold0005:88563330|88574327",NA,16,NA
"5023","scaffold0005:88563330|88576069",NA,NA,5
"5024","scaffold0005:88563330|88578255",4,NA,10
"5025","scaffold0005:88563330|88612701",NA,NA,7
"5026","scaffold0005:88563330|88763184",1,NA,NA
"5027","scaffold0005:88567937|88570242",NA,4,5
"5028","scaffold0005:88567937|88576069",2,NA,NA
"5029","scaffold0005:88573176|88578255",18,17,12
"5030","scaffold0005:88662619|88712306",NA,13,NA
"5031","scaffold0005:88662619|88722737",NA,1,NA
"5032","scaffold0005:88662619|88733483",2,NA,1
"5033","scaffold0005:88662619|88746441",5,NA,NA
"5034","scaffold0005:88701836|88722737",20,11,NA
"5035","scaffold0005:88701836|88733483",NA,1,3
"5036","scaffold0005:88701836|88746441",4,NA,6
"5037","scaffold0005:88722648|88733483",8,NA,NA
"5038","scaffold0005:88722648|88746441",27,56,16
"5039","scaffold0005:88733392|88746441",5,24,22
"5040","scaffold0005:88733392|88763184",NA,16,NA
"5041","scaffold0005:88762993|88763184",2,NA,NA
"5042","scaffold0005:88914937|88915110",4,NA,NA
"5043","scaffold0005:88921677|88922970",3,NA,NA
"5044","scaffold0005:88922829|88923695",NA,NA,1
"5045","scaffold0005:88948325|88950232",20,NA,NA
"5046","scaffold0005:88948325|88959505",5,NA,NA
"5047","scaffold0005:88956682|88957654",3,NA,NA
"5048","scaffold0005:89240045|89250569",140,316,70
"5049","scaffold0005:89300958|89311800",6,NA,NA
"5050","scaffold0005:89302956|89309522",111,48,38
"5051","scaffold0005:89302956|89311203",NA,2,NA
"5052","scaffold0005:89310186|89319623",4,NA,NA
"5053","scaffold0005:89311701|89312893",16,9,11
"5054","scaffold0005:89311701|89313285",4,NA,NA
"5055","scaffold0005:89314050|89319623",3,NA,NA
"5056","scaffold0005:89318321|89319623",NA,7,2
"5057","scaffold0005:89318321|89321303",NA,NA,2
"5058","scaffold0005:89318321|89327366",13,8,5
"5059","scaffold0005:89321114|89327366",3,NA,NA
"5060","scaffold0005:89400551|89431289",2,NA,NA
"5061","scaffold0005:89400551|89438987",29,43,3
"5062","scaffold0005:89422904|89438987",16,NA,NA
"5063","scaffold0005:89470799|89485788",3,NA,NA
"5064","scaffold0005:89596850|89597963",1,NA,NA
"5065","scaffold0005:9124904|9128407",8,NA,22
"5066","scaffold0005:9124904|9131235",26,16,9
"5067","scaffold0005:9124904|9176045",NA,NA,5
"5068","scaffold0005:9124904|9193705",NA,NA,2
"5069","scaffold0005:9130979|9131235",32,39,17
"5070","scaffold0005:9146576|9201695",NA,2,NA
"5071","scaffold0005:9175835|9201695",16,18,6
"5072","scaffold0006:13178813|13180124",NA,NA,1
"5073","scaffold0006:13276477|13276930",3,NA,NA
"5074","scaffold0006:13276478|13276930",2,NA,NA
"5075","scaffold0006:13276479|13276930",1,NA,NA
"5076","scaffold0006:13307742|13316696",24,NA,12
"5077","scaffold0006:13967175|13973210",35,NA,NA
"5078","scaffold0006:14388880|14405619",3,NA,NA
"5079","scaffold0006:14572402|14573910",2,NA,NA
"5080","scaffold0006:14931021|14939840",2,NA,NA
"5081","scaffold0006:14957006|14964572",9,NA,NA
"5082","scaffold0006:14971096|14971700",50,7,5
"5083","scaffold0006:15122511|15209197",1,NA,NA
"5084","scaffold0006:15143899|15209197",15,4,3
"5085","scaffold0006:15176352|15209197",28,4,7
"5086","scaffold0006:15176352|15228167",5,NA,NA
"5087","scaffold0006:15204547|15209197",NA,NA,2
"5088","scaffold0006:15220847|15228167",7,NA,3
"5089","scaffold0006:15247182|15260916",2,6,NA
"5090","scaffold0006:15247182|15271995",4,7,NA
"5091","scaffold0006:15256124|15294097",NA,1,NA
"5092","scaffold0006:15330413|15333828",5,2,2
"5093","scaffold0006:15331862|15333828",25,17,7
"5094","scaffold0006:15331862|15367955",NA,NA,1
"5095","scaffold0006:15331862|15369381",NA,NA,1
"5096","scaffold0006:15525979|15546751",NA,NA,1
"5097","scaffold0006:15755145|15758913",5,18,11
"5098","scaffold0006:15757186|15758913",NA,8,5
"5099","scaffold0006:15758753|15764077",NA,NA,5
"5100","scaffold0006:15760225|15764077",NA,5,NA
"5101","scaffold0006:15776638|15789589",NA,NA,1
"5102","scaffold0006:16401815|16414015",5,NA,NA
"5103","scaffold0006:16401815|16418291",2,NA,NA
"5104","scaffold0006:16401815|16467737",1,NA,NA
"5105","scaffold0006:16475702|16477911",3,NA,NA
"5106","scaffold0006:1649423|1650179",5,NA,NA
"5107","scaffold0006:1650281|1651047",1,NA,NA
"5108","scaffold0006:16619430|16621682",10,NA,NA
"5109","scaffold0006:16757834|16758065",30,NA,10
"5110","scaffold0006:16773806|16775744",NA,NA,8
"5111","scaffold0006:16793923|16794469",3,NA,9
"5112","scaffold0006:16838447|16856844",3,NA,NA
"5113","scaffold0006:16838447|16858422",NA,1,NA
"5114","scaffold0006:16855551|16858422",31,6,NA
"5115","scaffold0006:16871639|16873384",6,NA,NA
"5116","scaffold0006:16871639|16886391",NA,NA,1
"5117","scaffold0006:1689910|1691129",NA,5,NA
"5118","scaffold0006:17029369|17029563",23,15,4
"5119","scaffold0006:17200639|17207778",NA,NA,1
"5120","scaffold0006:17212047|17212240",NA,NA,1
"5121","scaffold0006:1747376|1748430",1,NA,NA
"5122","scaffold0006:1747774|1748430",NA,NA,3
"5123","scaffold0006:17701216|17715658",2,NA,NA
"5124","scaffold0006:17707493|17715658",1,NA,NA
"5125","scaffold0006:18914964|18918793",4,NA,NA
"5126","scaffold0006:19036280|19037001",8,NA,NA
"5127","scaffold0006:19050469|19050780",1,NA,NA
"5128","scaffold0006:19050469|19056587",4,NA,11
"5129","scaffold0006:19134393|19151282",NA,4,NA
"5130","scaffold0006:19179344|19179681",NA,3,NA
"5131","scaffold0006:1923045|1927707",2,NA,NA
"5132","scaffold0006:1924663|1927707",1,NA,3
"5133","scaffold0006:19398108|19398885",NA,NA,3
"5134","scaffold0006:19398108|19411603",3,NA,NA
"5135","scaffold0006:19432601|19437884",NA,NA,1
"5136","scaffold0006:19471474|19473413",5,NA,NA
"5137","scaffold0006:19553422|19559919",1,NA,NA
"5138","scaffold0006:19553422|19565789",NA,11,2
"5139","scaffold0006:19553422|19575171",NA,NA,3
"5140","scaffold0006:19970407|19981781",20,NA,NA
"5141","scaffold0006:19974281|19974653",2,NA,NA
"5142","scaffold0006:20713820|20714212",NA,2,NA
"5143","scaffold0006:2087117|2088041",21,1,11
"5144","scaffold0006:2154401|2158608",NA,26,3
"5145","scaffold0006:2171824|2180467",NA,2,NA
"5146","scaffold0006:2171824|2181811",6,5,NA
"5147","scaffold0006:2182425|2183385",3,15,3
"5148","scaffold0006:2184859|2185706",NA,NA,2
"5149","scaffold0006:2185554|2187100",NA,1,NA
"5150","scaffold0006:2219829|2220054",1,NA,NA
"5151","scaffold0006:2684285|2695007",4,NA,7
"5152","scaffold0006:2693660|2709964",2,NA,NA
"5153","scaffold0006:2720524|2724314",5,5,15
"5154","scaffold0006:2724112|2736368",4,NA,NA
"5155","scaffold0006:2749467|2750562",12,7,NA
"5156","scaffold0006:2810490|2822219",4,NA,NA
"5157","scaffold0006:2814833|2823450",10,NA,NA
"5158","scaffold0006:2854163|2858379",3,NA,NA
"5159","scaffold0006:3153391|3161550",6,17,NA
"5160","scaffold0006:31994418|32007311",26,3,12
"5161","scaffold0006:32002431|32005191",3,NA,1
"5162","scaffold0006:32002431|32007311",25,12,1
"5163","scaffold0006:32005057|32007311",2,NA,NA
"5164","scaffold0006:32127324|32128794",NA,NA,1
"5165","scaffold0006:32131653|32132614",NA,NA,1
"5166","scaffold0006:32141213|32145781",1,NA,NA
"5167","scaffold0006:32807947|32815841",NA,4,NA
"5168","scaffold0006:32815841|32825239",2,NA,6
"5169","scaffold0006:33717125|33724487",2,NA,NA
"5170","scaffold0006:33717125|33726873",12,NA,4
"5171","scaffold0006:33717125|33753362",24,3,20
"5172","scaffold0006:33724145|33726873",NA,4,NA
"5173","scaffold0006:33724145|33753362",29,41,119
"5174","scaffold0006:34141993|34168832",2,NA,NA
"5175","scaffold0006:34149099|34153544",1,NA,NA
"5176","scaffold0006:34159570|34166562",2,NA,NA
"5177","scaffold0006:34159570|34168832",8,10,9
"5178","scaffold0006:34169927|34174158",10,6,5
"5179","scaffold0006:34169927|34179058",12,NA,6
"5180","scaffold0006:34169927|34191883",NA,NA,4
"5181","scaffold0006:34178853|34182145",4,NA,NA
"5182","scaffold0006:34181541|34182145",1369,662,611
"5183","scaffold0006:34191775|34202606",27,14,20
"5184","scaffold0006:34191775|34210951",8,NA,4
"5185","scaffold0006:34191775|34215534",NA,11,NA
"5186","scaffold0006:34201470|34210951",18,NA,8
"5187","scaffold0006:34210833|34219711",1,8,6
"5188","scaffold0006:34214573|34215534",3,NA,NA
"5189","scaffold0006:34214573|34219711",8,8,11
"5190","scaffold0006:34218131|34219497",NA,NA,1
"5191","scaffold0006:34218131|34219711",168,187,95
"5192","scaffold0006:34219371|34219711",2,NA,NA
"5193","scaffold0006:34219583|34228308",NA,NA,4
"5194","scaffold0006:34228216|34235436",5,NA,NA
"5195","scaffold0006:34242644|34245391",5,1,15
"5196","scaffold0006:34259611|34260925",1,NA,NA
"5197","scaffold0006:34259611|34261630",13,22,40
"5198","scaffold0006:34259611|34268074",1,NA,NA
"5199","scaffold0006:34283687|34291909",NA,NA,2
"5200","scaffold0006:34301331|34304470",144,128,83
"5201","scaffold0006:34304245|34305462",NA,NA,18
"5202","scaffold0006:34304245|34313403",6,15,NA
"5203","scaffold0006:34304245|34314596",4,12,NA
"5204","scaffold0006:34304302|34305462",NA,4,NA
"5205","scaffold0006:34305329|34313403",2,NA,NA
"5206","scaffold0006:34305329|34314596",2,NA,NA
"5207","scaffold0006:34310481|34313403",13,11,21
"5208","scaffold0006:34310481|34314596",9,7,9
"5209","scaffold0006:3464306|3511857",10,NA,NA
"5210","scaffold0006:3507736|3511857",17,NA,2
"5211","scaffold0006:35424686|35428465",44,NA,NA
"5212","scaffold0006:35623960|35658677",5,NA,NA
"5213","scaffold0006:3562640|3584594",1,NA,NA
"5214","scaffold0006:35655980|35666728",30,7,9
"5215","scaffold0006:3584504|3721896",6,NA,NA
"5216","scaffold0006:3584504|3727763",1,NA,NA
"5217","scaffold0006:35858130|35865863",3,NA,NA
"5218","scaffold0006:3587500|3721896",6,NA,NA
"5219","scaffold0006:3782873|3785732",NA,1,NA
"5220","scaffold0006:38128896|38136094",1,5,NA
"5221","scaffold0006:38128896|38166098",NA,9,1
"5222","scaffold0006:38212375|38230873",NA,2,9
"5223","scaffold0006:38230336|38241363",3,NA,NA
"5224","scaffold0006:38277044|38293771",5,15,8
"5225","scaffold0006:38294558|38296151",30,35,36
"5226","scaffold0006:38320008|38322034",NA,5,NA
"5227","scaffold0006:38332264|38334169",5,NA,NA
"5228","scaffold0006:39439651|39503882",13,NA,NA
"5229","scaffold0006:39503720|39580800",2,NA,NA
"5230","scaffold0006:39564086|39580800",1,NA,NA
"5231","scaffold0006:39577311|39580800",1,NA,NA
"5232","scaffold0006:4054990|4056611",11,NA,NA
"5233","scaffold0006:4066801|4069612",NA,2,NA
"5234","scaffold0006:4071811|4075835",NA,NA,1
"5235","scaffold0006:41205587|41247694",11,NA,NA
"5236","scaffold0006:4178877|4196317",35,NA,31
"5237","scaffold0006:4178877|4206963",6,20,6
"5238","scaffold0006:4178877|4211622",67,60,73
"5239","scaffold0006:4196213|4211622",NA,NA,4
"5240","scaffold0006:4206868|4211622",11,5,21
"5241","scaffold0006:4231281|4234890",NA,9,15
"5242","scaffold0006:4231396|4232259",NA,2,NA
"5243","scaffold0006:4243856|4248419",NA,3,4
"5244","scaffold0006:4357680|4358972",3,NA,NA
"5245","scaffold0006:4476111|4482971",2,NA,NA
"5246","scaffold0006:4538199|4550176",NA,3,NA
"5247","scaffold0006:4538199|4556633",NA,3,NA
"5248","scaffold0006:4550058|4556633",1,NA,1
"5249","scaffold0006:4556446|4566704",6,NA,NA
"5250","scaffold0006:4562397|4566704",14,7,NA
"5251","scaffold0006:4583247|4589809",4,NA,NA
"5252","scaffold0006:4693790|4695060",NA,13,NA
"5253","scaffold0006:4703780|4704270",53,62,29
"5254","scaffold0006:4744494|4745768",10,1,5
"5255","scaffold0006:4761789|4763017",4,NA,NA
"5256","scaffold0006:4802376|4803301",8,NA,NA
"5257","scaffold0006:4943769|4947273",55,9,6
"5258","scaffold0006:49515686|49516685",3,NA,NA
"5259","scaffold0006:49515686|49565783",9,NA,3
"5260","scaffold0006:49521843|49530104",2,2,NA
"5261","scaffold0006:49534871|49539468",NA,NA,35
"5262","scaffold0006:49534871|49565783",28,16,10
"5263","scaffold0006:50025958|50032632",14,NA,NA
"5264","scaffold0006:50159154|50173407",4,NA,NA
"5265","scaffold0006:50173277|50198387",1,NA,NA
"5266","scaffold0006:50190146|50198387",5,NA,1
"5267","scaffold0006:5102365|5103140",2,NA,NA
"5268","scaffold0006:5108168|5116892",5,NA,NA
"5269","scaffold0006:5116818|5121750",28,40,5
"5270","scaffold0006:5119794|5123183",37,18,34
"5271","scaffold0006:5125277|5150954",NA,NA,7
"5272","scaffold0006:5139218|5142860",NA,NA,4
"5273","scaffold0006:5139218|5150954",NA,NA,4
"5274","scaffold0006:52444877|52445242",11,5,NA
"5275","scaffold0006:5307942|5317371",2,NA,NA
"5276","scaffold0006:5310868|5317371",3,NA,NA
"5277","scaffold0006:5322528|5325020",3,NA,NA
"5278","scaffold0006:5322528|5327441",3,NA,NA
"5279","scaffold0006:5344983|5353172",5,NA,NA
"5280","scaffold0006:56983915|57008163",2,NA,NA
"5281","scaffold0006:56994158|56995120",9,NA,NA
"5282","scaffold0006:57057271|57058615",3,NA,NA
"5283","scaffold0006:57181460|57185414",1,NA,NA
"5284","scaffold0006:57181460|57193233",2,10,NA
"5285","scaffold0006:57185290|57193233",2,NA,NA
"5286","scaffold0006:57320958|57336589",4,NA,NA
"5287","scaffold0006:57320958|57343146",2,NA,NA
"5288","scaffold0006:57336471|57354626",2,2,NA
"5289","scaffold0006:57342973|57354626",NA,NA,1
"5290","scaffold0006:57392744|57399182",15,NA,NA
"5291","scaffold0006:57394627|57399182",25,13,10
"5292","scaffold0006:57394627|57411767",3,NA,NA
"5293","scaffold0006:57427453|57430064",31,23,15
"5294","scaffold0006:57427453|57436112",5,NA,NA
"5295","scaffold0006:57429579|57429911",6,NA,NA
"5296","scaffold0006:57590882|57593172",2,NA,2
"5297","scaffold0006:57617031|57620674",1,4,NA
"5298","scaffold0006:57687822|57689370",NA,NA,2
"5299","scaffold0006:57761465|57813754",NA,5,NA
"5300","scaffold0006:57776373|57805507",2,NA,NA
"5301","scaffold0006:57811383|57813754",NA,3,NA
"5302","scaffold0006:57821940|57904514",8,NA,5
"5303","scaffold0006:57888221|57891013",15,5,4
"5304","scaffold0006:57888221|57916182",10,NA,NA
"5305","scaffold0006:57888221|57923644",NA,4,4
"5306","scaffold0006:57904409|57954091",NA,NA,11
"5307","scaffold0006:57907923|57909333",5,7,12
"5308","scaffold0006:57923533|57954091",5,NA,NA
"5309","scaffold0006:58118206|58118410",2,NA,NA
"5310","scaffold0006:58225498|58253552",NA,NA,2
"5311","scaffold0006:58237157|58238036",69,36,3
"5312","scaffold0006:58237157|58242545",11,8,2
"5313","scaffold0006:58237157|58253552",19,NA,NA
"5314","scaffold0006:58237157|58262371",7,NA,NA
"5315","scaffold0006:58241202|58262371",2,NA,NA
"5316","scaffold0006:58244728|58262371",1,NA,NA
"5317","scaffold0006:58267713|58273978",4,NA,NA
"5318","scaffold0006:58269159|58280036",2,NA,NA
"5319","scaffold0006:58269159|58309915",3,NA,NA
"5320","scaffold0006:58279918|58292561",3,NA,NA
"5321","scaffold0006:58292453|58298637",4,NA,NA
"5322","scaffold0006:58402784|58409387",24,3,16
"5323","scaffold0006:59098826|59118777",NA,NA,14
"5324","scaffold0006:59110208|59118777",NA,4,NA
"5325","scaffold0006:59420361|59480085",4,NA,NA
"5326","scaffold0006:59452927|59484046",4,NA,2
"5327","scaffold0006:59452927|59507359",1,NA,NA
"5328","scaffold0006:59452927|59518474",NA,3,NA
"5329","scaffold0006:59479967|59507359",69,10,NA
"5330","scaffold0006:59479967|59518474",5,NA,NA
"5331","scaffold0006:59507146|59518474",1,NA,NA
"5332","scaffold0006:59589766|59590878",12,NA,NA
"5333","scaffold0006:61181399|61182431",NA,NA,3
"5334","scaffold0006:61343645|61356756",4,1,NA
"5335","scaffold0006:61403398|61440292",1,5,NA
"5336","scaffold0006:61747218|61751078",NA,4,NA
"5337","scaffold0006:61748811|61751078",1,5,NA
"5338","scaffold0006:61748811|61764600",NA,NA,3
"5339","scaffold0006:61771909|61783441",10,6,10
"5340","scaffold0006:61771909|61794294",3,10,NA
"5341","scaffold0006:61774346|61794294",8,NA,NA
"5342","scaffold0006:6201471|6232591",NA,NA,1
"5343","scaffold0006:6201471|6282804",NA,NA,2
"5344","scaffold0006:6232168|6257191",10,2,NA
"5345","scaffold0006:62388528|62390030",10,NA,7
"5346","scaffold0006:62388528|62393437",NA,13,NA
"5347","scaffold0006:6243235|6257191",NA,7,9
"5348","scaffold0006:6249509|6257191",2,NA,NA
"5349","scaffold0006:6255067|6282804",NA,NA,5
"5350","scaffold0006:62630323|62644545",4,NA,1
"5351","scaffold0006:62633797|62644545",6,NA,4
"5352","scaffold0006:62640928|62644545",1,NA,NA
"5353","scaffold0006:63295833|63301854",NA,5,NA
"5354","scaffold0006:63301118|63301854",568,265,386
"5355","scaffold0006:63301118|63311644",3,NA,NA
"5356","scaffold0006:63308116|63311644",85,47,42
"5357","scaffold0006:63308116|63315862",10,NA,NA
"5358","scaffold0006:63346585|63350669",12,1,1
"5359","scaffold0006:63442712|63452049",NA,NA,1
"5360","scaffold0006:63443748|63452049",3,NA,5
"5361","scaffold0006:63578607|63600653",1,NA,4
"5362","scaffold0006:63578607|63629688",NA,NA,3
"5363","scaffold0006:63598289|63600653",49,27,39
"5364","scaffold0006:63598289|63629688",9,NA,NA
"5365","scaffold0006:63598289|63681976",NA,NA,6
"5366","scaffold0006:63716350|63720506",2,NA,NA
"5367","scaffold0006:63741525|63748161",NA,1,5
"5368","scaffold0006:63761471|63775177",2,NA,NA
"5369","scaffold0006:63761471|63779257",22,NA,21
"5370","scaffold0006:63775069|63779257",143,78,95
"5371","scaffold0006:63779126|63779257",6,NA,NA
"5372","scaffold0006:63826499|63828379",NA,8,NA
"5373","scaffold0006:63831445|63842026",NA,3,1
"5374","scaffold0006:63833845|63842026",NA,8,NA
"5375","scaffold0006:6527370|6537971",2,NA,NA
"5376","scaffold0006:6534747|6539050",5,NA,NA
"5377","scaffold0006:6556492|6558079",4,NA,NA
"5378","scaffold0006:6556492|6570016",NA,9,NA
"5379","scaffold0006:65586602|65596697",3,NA,NA
"5380","scaffold0006:6559148|6559390",9,NA,NA
"5381","scaffold0006:6559148|6570016",2,NA,NA
"5382","scaffold0006:65608900|65610775",27,NA,NA
"5383","scaffold0006:6569907|6571736",74,NA,NA
"5384","scaffold0006:6569907|6574479",6,6,8
"5385","scaffold0006:6571690|6574479",42,NA,23
"5386","scaffold0006:65915735|65916469",2,NA,NA
"5387","scaffold0006:66096651|66098170",4,NA,NA
"5388","scaffold0006:66096651|66100613",8,NA,1
"5389","scaffold0006:66102782|66106619",2,NA,NA
"5390","scaffold0006:66111044|66112959",8,NA,NA
"5391","scaffold0006:66112833|66119948",NA,NA,6
"5392","scaffold0006:66483997|66535695",3,NA,NA
"5393","scaffold0006:66523840|66535695",10,NA,NA
"5394","scaffold0006:66535582|66565381",5,NA,NA
"5395","scaffold0006:66554622|66565381",5,NA,NA
"5396","scaffold0006:6661184|6666923",NA,16,NA
"5397","scaffold0006:67051436|67059626",12,NA,NA
"5398","scaffold0006:67056386|67059626",169,NA,NA
"5399","scaffold0006:6706609|6739274",2,NA,NA
"5400","scaffold0006:67128866|67131117",67,9,80
"5401","scaffold0006:67163696|67164662",NA,12,NA
"5402","scaffold0006:67163696|67178194",2,NA,NA
"5403","scaffold0006:67434231|67438486",15,NA,1
"5404","scaffold0006:67493467|67494468",16,1,4
"5405","scaffold0006:68680954|68700877",7,1,1
"5406","scaffold0006:68684363|68700877",8,NA,5
"5407","scaffold0006:68695989|68700877",77,14,39
"5408","scaffold0006:68695989|68717055",2,NA,4
"5409","scaffold0006:68716937|68739179",NA,NA,2
"5410","scaffold0006:68716937|68740692",NA,NA,1
"5411","scaffold0006:68722091|68751762",NA,3,NA
"5412","scaffold0006:69428602|69429947",1,NA,NA
"5413","scaffold0006:69528119|69528564",29,26,18
"5414","scaffold0006:69542618|69546275",NA,4,NA
"5415","scaffold0006:69571640|69573062",1,NA,NA
"5416","scaffold0006:69726104|69743907",NA,2,NA
"5417","scaffold0006:69751136|69763028",2,NA,NA
"5418","scaffold0006:69762919|69763028",NA,NA,1
"5419","scaffold0006:69762919|69784070",13,9,NA
"5420","scaffold0006:69783958|69788260",17,2,4
"5421","scaffold0006:69787700|69788260",1,NA,1
"5422","scaffold0006:69877354|69883221",NA,NA,2
"5423","scaffold0006:69877354|69885709",NA,8,NA
"5424","scaffold0006:6989408|7011058",1,NA,NA
"5425","scaffold0006:70124682|70125573",5,NA,NA
"5426","scaffold0006:70132838|70136298",4,NA,NA
"5427","scaffold0006:70135059|70136298",1,NA,4
"5428","scaffold0006:70146694|70148022",NA,NA,3
"5429","scaffold0006:70158796|70159007",NA,NA,1
"5430","scaffold0006:70158796|70159583",55,17,40
"5431","scaffold0006:70412224|70471802",6,7,NA
"5432","scaffold0006:70471675|70487930",2,NA,NA
"5433","scaffold0006:70487824|70500925",4,1,NA
"5434","scaffold0006:70487824|70506099",1,NA,NA
"5435","scaffold0006:70487824|70510421",3,NA,NA
"5436","scaffold0006:70494576|70500925",3,NA,NA
"5437","scaffold0006:70494576|70506099",1,NA,NA
"5438","scaffold0006:70494576|70510421",1,NA,NA
"5439","scaffold0006:70525594|70538849",53,35,NA
"5440","scaffold0006:70525594|70546332",158,140,NA
"5441","scaffold0006:70536786|70538849",9,4,10
"5442","scaffold0006:70536786|70546332",56,NA,NA
"5443","scaffold0006:70596934|70604261",2,NA,NA
"5444","scaffold0006:71727623|71738725",NA,2,NA
"5445","scaffold0006:71734537|71751588",5,NA,NA
"5446","scaffold0006:71735719|71751588",2,NA,NA
"5447","scaffold0006:71795028|71806407",7,NA,NA
"5448","scaffold0006:71832484|71891709",NA,NA,1
"5449","scaffold0006:71886560|71891709",9,7,NA
"5450","scaffold0006:71888379|71891709",16,6,NA
"5451","scaffold0006:72070995|72078114",3,NA,NA
"5452","scaffold0006:72070995|72092341",22,NA,NA
"5453","scaffold0006:72521919|72565923",9,11,NA
"5454","scaffold0006:72521919|72567768",6,4,NA
"5455","scaffold0006:73253016|73253937",2,NA,NA
"5456","scaffold0006:73253016|73255788",5,NA,NA
"5457","scaffold0006:73269234|73270732",NA,10,NA
"5458","scaffold0006:74126229|74126552",5,NA,12
"5459","scaffold0006:75900817|75907084",3,NA,NA
"5460","scaffold0006:75901595|75921337",2,NA,NA
"5461","scaffold0006:75901595|75922207",1,NA,NA
"5462","scaffold0006:75919369|75921337",12,NA,NA
"5463","scaffold0006:75919369|75922207",6,NA,NA
"5464","scaffold0006:75919369|75968190",1,NA,6
"5465","scaffold0006:75921210|75968190",NA,NA,4
"5466","scaffold0006:75922080|75968190",NA,NA,2
"5467","scaffold0006:75963895|75968190",NA,NA,2
"5468","scaffold0006:75963895|75999953",NA,4,NA
"5469","scaffold0006:75964127|75968190",NA,NA,1
"5470","scaffold0006:75964127|75999953",NA,1,NA
"5471","scaffold0006:76081660|76099075",2,NA,1
"5472","scaffold0006:76091962|76094946",6,3,3
"5473","scaffold0006:76091962|76145584",2,NA,NA
"5474","scaffold0006:76115781|76145584",NA,3,NA
"5475","scaffold0006:76142640|76298352",NA,4,6
"5476","scaffold0006:76174049|76423350",1,NA,NA
"5477","scaffold0006:76295039|76298352",8,6,3
"5478","scaffold0006:76446339|76581502",1,NA,NA
"5479","scaffold0006:76446339|76582300",2,NA,NA
"5480","scaffold0006:76608206|76665896",3,NA,NA
"5481","scaffold0006:76965855|76989116",NA,NA,1
"5482","scaffold0006:78400853|78403439",3,5,NA
"5483","scaffold0006:78400853|78406290",3,NA,NA
"5484","scaffold0006:78537786|78542990",2,NA,NA
"5485","scaffold0006:8025614|8042925",NA,NA,2
"5486","scaffold0006:928329|960390",3,NA,NA
"5487","scaffold0006:9848640|9848924",NA,NA,14
"5488","scaffold0007:10036882|10040332",NA,11,35
"5489","scaffold0007:10036882|10141449",NA,8,NA
"5490","scaffold0007:10071840|10072098",6,NA,NA
"5491","scaffold0007:10076983|10095682",NA,NA,2
"5492","scaffold0007:10095580|10138735",NA,2,NA
"5493","scaffold0007:10095580|10141449",NA,NA,1
"5494","scaffold0007:10118416|10141449",2,NA,NA
"5495","scaffold0007:10136076|10138735",7,NA,NA
"5496","scaffold0007:10136076|10141449",9,NA,NA
"5497","scaffold0007:10387638|10388343",13,2,NA
"5498","scaffold0007:10428439|10433128",NA,6,NA
"5499","scaffold0007:11234126|11243069",5,NA,NA
"5500","scaffold0007:11241551|11243069",5,NA,NA
"5501","scaffold0007:11245164|11246318",5,NA,4
"5502","scaffold0007:11249100|11259913",1,NA,NA
"5503","scaffold0007:11259766|11261357",18,NA,4
"5504","scaffold0007:11259766|11266367",2,NA,NA
"5505","scaffold0007:11266238|11272443",3,NA,NA
"5506","scaffold0007:11272236|11274833",62,74,18
"5507","scaffold0007:11272236|11278446",17,1,2
"5508","scaffold0007:11274700|11277155",NA,NA,2
"5509","scaffold0007:11274700|11282128",NA,15,11
"5510","scaffold0007:11287870|11292046",NA,NA,6
"5511","scaffold0007:11287870|11302556",5,NA,2
"5512","scaffold0007:11290988|11293404",3,NA,NA
"5513","scaffold0007:11293337|11295139",27,NA,14
"5514","scaffold0007:11298690|11302556",32,10,1
"5515","scaffold0007:11298690|11307016",14,NA,3
"5516","scaffold0007:11302303|11302556",1,NA,NA
"5517","scaffold0007:11409351|11412652",4,NA,NA
"5518","scaffold0007:11411475|11412652",1,NA,NA
"5519","scaffold0007:11434547|11448564",NA,NA,1
"5520","scaffold0007:11439281|11448564",6,11,NA
"5521","scaffold0007:11442521|11450620",NA,2,1
"5522","scaffold0007:11444987|11450620",NA,4,1
"5523","scaffold0007:115991|119961",3,NA,NA
"5524","scaffold0007:11633699|11638871",9,7,NA
"5525","scaffold0007:11776902|11783595",17,6,NA
"5526","scaffold0007:11776902|11816724",5,NA,NA
"5527","scaffold0007:13496585|13535426",4,NA,NA
"5528","scaffold0007:13636746|13662363",2,NA,NA
"5529","scaffold0007:13758764|13760734",NA,NA,2
"5530","scaffold0007:14254653|14273362",6,NA,1
"5531","scaffold0007:14329641|14331017",8,NA,NA
"5532","scaffold0007:14329641|14353329",NA,NA,3
"5533","scaffold0007:14503070|14505485",20,15,29
"5534","scaffold0007:14503070|14506855",NA,NA,3
"5535","scaffold0007:14503070|14510337",NA,NA,6
"5536","scaffold0007:14505380|14511631",6,NA,NA
"5537","scaffold0007:14539646|14542887",13,13,7
"5538","scaffold0007:14673514|14681675",4,NA,NA
"5539","scaffold0007:14673514|14693670",NA,4,NA
"5540","scaffold0007:14681564|14684987",9,NA,NA
"5541","scaffold0007:14683841|14693670",4,NA,NA
"5542","scaffold0007:14710510|14720989",2,NA,NA
"5543","scaffold0007:148194|150685",18,1,1
"5544","scaffold0007:14985197|14999662",21,NA,NA
"5545","scaffold0007:15382899|15383431",11,13,NA
"5546","scaffold0007:15499474|15529869",52,38,6
"5547","scaffold0007:15521459|15529869",37,NA,NA
"5548","scaffold0007:15526749|15529869",51,9,NA
"5549","scaffold0007:15553935|15554120",NA,NA,2
"5550","scaffold0007:15558146|15561512",34,10,NA
"5551","scaffold0007:16453907|16456700",4,NA,NA
"5552","scaffold0007:20327848|20331796",3,NA,NA
"5553","scaffold0007:20481440|20482224",8,4,1
"5554","scaffold0007:21500323|21630800",NA,NA,1
"5555","scaffold0007:21522734|21522920",2,NA,NA
"5556","scaffold0007:21570647|21573226",82,41,53
"5557","scaffold0007:21570647|21599565",14,30,10
"5558","scaffold0007:21570647|21616139",NA,3,NA
"5559","scaffold0007:21570647|21627684",NA,NA,2
"5560","scaffold0007:21596075|21599565",NA,36,30
"5561","scaffold0007:21596075|21627684",4,NA,NA
"5562","scaffold0007:21616030|21627684",3,NA,NA
"5563","scaffold0007:21616030|21630800",17,3,11
"5564","scaffold0007:21621197|21627684",1,NA,NA
"5565","scaffold0007:21621197|21630800",13,1,5
"5566","scaffold0007:21627445|21630800",3,8,5
"5567","scaffold0007:21713306|21727006",10,10,5
"5568","scaffold0007:21713306|21729922",8,10,4
"5569","scaffold0007:21713306|21741276",275,172,137
"5570","scaffold0007:21713306|21750397",2,NA,10
"5571","scaffold0007:21782734|21790061",19,5,NA
"5572","scaffold0007:21789885|21799543",NA,7,5
"5573","scaffold0007:21893927|21898104",54,NA,NA
"5574","scaffold0007:21893927|21899939",3,NA,NA
"5575","scaffold0007:21893927|21900520",39,NA,NA
"5576","scaffold0007:21893927|21902348",1,NA,NA
"5577","scaffold0007:21896683|21898104",22,NA,NA
"5578","scaffold0007:21896683|21900520",17,NA,NA
"5579","scaffold0007:21953723|21961063",10,NA,NA
"5580","scaffold0007:21955991|21961063",9,NA,NA
"5581","scaffold0007:21958001|21961063",11,NA,NA
"5582","scaffold0007:22010519|22018256",3,NA,NA
"5583","scaffold0007:22010519|22025754",3,NA,NA
"5584","scaffold0007:22015026|22018256",13,NA,3
"5585","scaffold0007:22015026|22025754",NA,NA,5
"5586","scaffold0007:22023406|22025754",24,26,8
"5587","scaffold0007:22069129|22076755",6,NA,NA
"5588","scaffold0007:22076521|22076755",51,55,46
"5589","scaffold0007:22212470|22214866",2,NA,NA
"5590","scaffold0007:22414286|22437403",6,NA,NA
"5591","scaffold0007:22564134|22564512",4,5,NA
"5592","scaffold0007:22593507|22617698",10,NA,NA
"5593","scaffold0007:22599321|22617698",5,NA,2
"5594","scaffold0007:22690679|22698174",NA,NA,1
"5595","scaffold0007:22916473|22925314",NA,NA,4
"5596","scaffold0007:22916473|22929048",NA,NA,1
"5597","scaffold0007:22922271|22925314",NA,1,NA
"5598","scaffold0007:22922271|22929048",NA,2,NA
"5599","scaffold0007:22926634|22933314",3,NA,NA
"5600","scaffold0007:22930369|22933314",1,NA,NA
"5601","scaffold0007:22948473|22956713",6,NA,3
"5602","scaffold0007:22955092|22956713",8,11,NA
"5603","scaffold0007:23008623|23009074",NA,1,NA
"5604","scaffold0007:23099020|23104429",4,18,7
"5605","scaffold0007:23099020|23122275",NA,NA,4
"5606","scaffold0007:23104272|23117921",6,NA,NA
"5607","scaffold0007:23108348|23130545",3,NA,NA
"5608","scaffold0007:23117796|23122275",NA,7,NA
"5609","scaffold0007:23516665|23517152",39,55,3
"5610","scaffold0007:23516665|23650466",NA,NA,8
"5611","scaffold0007:23642632|23650466",NA,3,NA
"5612","scaffold0007:23649358|23650466",1,1,NA
"5613","scaffold0007:23827688|23830832",55,16,1
"5614","scaffold0007:24236497|24268147",2,NA,NA
"5615","scaffold0007:24236497|24282322",14,NA,5
"5616","scaffold0007:24236497|24300759",4,NA,NA
"5617","scaffold0007:24237674|24268147",2,NA,NA
"5618","scaffold0007:24237674|24282322",5,NA,4
"5619","scaffold0007:24237674|24300759",3,NA,NA
"5620","scaffold0007:24237674|24310546",1,NA,NA
"5621","scaffold0007:24268049|24282322",NA,NA,11
"5622","scaffold0007:24282063|24282322",NA,NA,9
"5623","scaffold0007:24282063|24314386",17,5,4
"5624","scaffold0007:24300684|24314386",15,NA,NA
"5625","scaffold0007:24310364|24324332",3,NA,NA
"5626","scaffold0007:24479426|24514985",60,39,12
"5627","scaffold0007:24479426|24532392",42,13,6
"5628","scaffold0007:24479426|24569731",15,NA,NA
"5629","scaffold0007:24513920|24532392",9,NA,NA
"5630","scaffold0007:24569553|24588854",2,2,NA
"5631","scaffold0007:25123218|25123436",4,NA,3
"5632","scaffold0007:25150872|25158380",6,NA,NA
"5633","scaffold0007:25150872|25163494",7,NA,NA
"5634","scaffold0007:25158152|25158380",NA,8,NA
"5635","scaffold0007:25173547|25184101",NA,11,NA
"5636","scaffold0007:26338404|26341077",3,NA,NA
"5637","scaffold0007:26539856|26552950",NA,6,NA
"5638","scaffold0007:26543789|26572315",NA,NA,1
"5639","scaffold0007:26547182|26549075",6,4,NA
"5640","scaffold0007:26547182|26550500",17,9,8
"5641","scaffold0007:26572145|26575271",1,NA,NA
"5642","scaffold0007:26639697|26642342",240,103,51
"5643","scaffold0007:26639697|26645871",NA,NA,1
"5644","scaffold0007:26639697|26678102",NA,1,3
"5645","scaffold0007:26659436|26659649",NA,NA,8
"5646","scaffold0007:26659436|26678102",NA,7,NA
"5647","scaffold0007:26675123|26678102",81,66,94
"5648","scaffold0007:26789875|26803411",NA,NA,2
"5649","scaffold0007:26855551|26869531",30,50,7
"5650","scaffold0007:26855551|26926433",6,NA,NA
"5651","scaffold0007:26855551|26984746",15,NA,1
"5652","scaffold0007:26926317|26984746",3,NA,NA
"5653","scaffold0007:27322511|27333144",NA,NA,1
"5654","scaffold0007:27322511|27346768",6,NA,2
"5655","scaffold0007:27323964|27335068",NA,NA,1
"5656","scaffold0007:27323964|27346768",1,NA,1
"5657","scaffold0007:27341080|27346768",NA,NA,2
"5658","scaffold0007:27361605|27367177",NA,6,2
"5659","scaffold0007:27364108|27367177",4,NA,NA
"5660","scaffold0007:27636245|27637321",1,NA,NA
"5661","scaffold0007:27636245|27639893",2,NA,NA
"5662","scaffold0007:27637133|27647804",NA,NA,1
"5663","scaffold0007:27639705|27647804",NA,NA,1
"5664","scaffold0007:27746081|27747918",14,NA,NA
"5665","scaffold0007:27746081|27750635",6,NA,NA
"5666","scaffold0007:27784409|27809258",NA,2,NA
"5667","scaffold0007:27801282|27809258",6,NA,6
"5668","scaffold0007:27834369|27835641",14,17,31
"5669","scaffold0007:27997224|28024479",5,NA,NA
"5670","scaffold0007:28006267|28024479",5,7,NA
"5671","scaffold0007:28381994|28386283",5,NA,NA
"5672","scaffold0007:28381994|28387614",2,NA,NA
"5673","scaffold0007:28400034|28407061",5,NA,NA
"5674","scaffold0007:28406966|28407973",1,5,NA
"5675","scaffold0007:28425327|28429499",2,6,NA
"5676","scaffold0007:28432650|28432830",2,NA,NA
"5677","scaffold0007:28660633|28672142",NA,1,NA
"5678","scaffold0007:28672001|28683689",4,NA,NA
"5679","scaffold0007:28715640|28758523",5,NA,NA
"5680","scaffold0007:29530403|29544176",2,NA,NA
"5681","scaffold0007:29531800|29544176",1,NA,NA
"5682","scaffold0007:29537754|29546287",NA,NA,1
"5683","scaffold0007:29544020|29544176",NA,NA,4
"5684","scaffold0007:29561511|29565581",NA,NA,2
"5685","scaffold0007:29569165|29574332",NA,NA,3
"5686","scaffold0007:29668444|29672197",38,17,39
"5687","scaffold0007:31969522|31971533",1,NA,NA
"5688","scaffold0007:31969522|31972611",20,2,6
"5689","scaffold0007:31969522|31985672",NA,NA,5
"5690","scaffold0007:31984233|31985672",12,12,59
"5691","scaffold0007:32016905|32019782",NA,5,NA
"5692","scaffold0007:32693308|32729237",11,7,NA
"5693","scaffold0007:32726635|32729237",6,NA,NA
"5694","scaffold0007:32726635|32762001",NA,2,NA
"5695","scaffold0007:32758490|32762001",13,6,NA
"5696","scaffold0007:32758490|32784740",2,NA,NA
"5697","scaffold0007:32758490|32794887",2,NA,NA
"5698","scaffold0007:32784527|32794887",4,12,NA
"5699","scaffold0007:32844010|32855570",NA,6,NA
"5700","scaffold0007:33395108|33423888",NA,NA,2
"5701","scaffold0007:33417239|33423888",NA,14,NA
"5702","scaffold0007:33681475|33688195",7,14,NA
"5703","scaffold0007:34073682|34076407",27,2,NA
"5704","scaffold0007:34073682|34091723",8,6,NA
"5705","scaffold0007:35540782|35581407",6,NA,13
"5706","scaffold0007:35554524|35581407",8,NA,NA
"5707","scaffold0007:35627459|35629264",8,NA,8
"5708","scaffold0007:35627459|35631821",16,18,17
"5709","scaffold0007:36852545|36855230",4,NA,NA
"5710","scaffold0007:36856615|36860545",2,NA,NA
"5711","scaffold0007:38087653|38111637",20,NA,NA
"5712","scaffold0007:38341314|38348034",3,4,NA
"5713","scaffold0007:38345782|38349288",4,NA,NA
"5714","scaffold0007:38345782|38360023",6,16,12
"5715","scaffold0007:38348391|38349288",4,13,4
"5716","scaffold0007:38348391|38360023",4,1,NA
"5717","scaffold0007:38355830|38360023",43,31,57
"5718","scaffold0007:38522356|38531183",NA,NA,5
"5719","scaffold0007:38562750|38563344",1,1,NA
"5720","scaffold0007:38566529|38567372",NA,NA,1
"5721","scaffold0007:38566542|38567372",2,NA,NA
"5722","scaffold0007:38757643|38762258",6,NA,NA
"5723","scaffold0007:38762177|38769522",5,NA,NA
"5724","scaffold0007:38764941|38769522",12,NA,NA
"5725","scaffold0007:39032989|39037459",145,NA,NA
"5726","scaffold0007:39214239|39219919",6,NA,NA
"5727","scaffold0007:39615134|39633326",NA,NA,14
"5728","scaffold0007:39623522|39633326",424,222,308
"5729","scaffold0007:39626786|39633326",NA,NA,10
"5730","scaffold0007:39708121|39711643",1,NA,NA
"5731","scaffold0007:39709492|39711643",2,NA,NA
"5732","scaffold0007:39726600|39734847",3,NA,NA
"5733","scaffold0007:39861691|39862017",1956,940,1372
"5734","scaffold0007:39863234|39865186",NA,10,NA
"5735","scaffold0007:39877022|39877376",NA,1,NA
"5736","scaffold0007:39880069|39883129",9,10,2
"5737","scaffold0007:39880069|39886282",7,NA,NA
"5738","scaffold0007:39887596|39888578",4,NA,NA
"5739","scaffold0007:39894535|39894714",NA,NA,6
"5740","scaffold0007:39894535|39899924",NA,NA,1
"5741","scaffold0007:40626534|40707765",3,6,NA
"5742","scaffold0007:40629514|40629684",1,NA,NA
"5743","scaffold0007:40629514|40707765",2,5,3
"5744","scaffold0007:40734060|40736453",5,NA,NA
"5745","scaffold0007:40738302|40744487",3,NA,NA
"5746","scaffold0007:40738302|40754414",NA,NA,2
"5747","scaffold0007:40744289|40754414",3,NA,NA
"5748","scaffold0007:40770106|40772992",NA,NA,6
"5749","scaffold0007:40818138|40818301",NA,7,NA
"5750","scaffold0007:41083937|41084165",2,NA,NA
"5751","scaffold0007:41087250|41089142",NA,NA,2
"5752","scaffold0007:41102261|41112178",7,NA,NA
"5753","scaffold0007:41105192|41107117",4,NA,3
"5754","scaffold0007:41105192|41109208",14,NA,NA
"5755","scaffold0007:41109097|41112178",113,61,51
"5756","scaffold0007:41140380|41154844",1,NA,NA
"5757","scaffold0007:41258793|41264757",5,NA,NA
"5758","scaffold0007:41277922|41278903",NA,5,20
"5759","scaffold0007:41329635|41330535",NA,NA,2
"5760","scaffold0007:41400909|41401248",1,NA,NA
"5761","scaffold0007:41402774|41405122",1,NA,NA
"5762","scaffold0007:41485666|41493906",NA,8,NA
"5763","scaffold0007:41511182|41511754",NA,4,NA
"5764","scaffold0007:41515008|41516166",366,115,167
"5765","scaffold0007:41521374|41521558",NA,2,NA
"5766","scaffold0007:41525959|41528256",2,NA,6
"5767","scaffold0007:41532434|41535471",5,NA,NA
"5768","scaffold0007:41532434|41547059",NA,2,NA
"5769","scaffold0007:41532434|41552775",NA,1,NA
"5770","scaffold0007:41535281|41573336",NA,13,NA
"5771","scaffold0007:41551098|41552775",2181,992,798
"5772","scaffold0007:41562113|41563885",20,NA,5
"5773","scaffold0007:41562113|41573336",11,NA,NA
"5774","scaffold0007:41562113|41597078",17,3,7
"5775","scaffold0007:41570758|41573336",19,NA,NA
"5776","scaffold0007:41570758|41597078",3,6,8
"5777","scaffold0007:41573258|41597078",2,NA,NA
"5778","scaffold0007:41647390|41648529",3,NA,NA
"5779","scaffold0007:41647390|41651162",NA,NA,2
"5780","scaffold0007:41647390|41655758",15,NA,8
"5781","scaffold0007:41649943|41655758",5,NA,6
"5782","scaffold0007:41718186|41723210",NA,NA,1
"5783","scaffold0007:41743885|41752685",5,NA,NA
"5784","scaffold0007:42078063|42078270",7,1,6
"5785","scaffold0007:42316920|42318849",7,NA,NA
"5786","scaffold0007:42319111|42319824",1,NA,NA
"5787","scaffold0007:42345480|42348893",NA,3,8
"5788","scaffold0007:42346166|42346805",NA,NA,4
"5789","scaffold0007:42346166|42348893",17,25,4
"5790","scaffold0007:42356862|42357279",NA,NA,5
"5791","scaffold0007:42425408|42429722",NA,9,NA
"5792","scaffold0007:42450136|42469720",4,4,NA
"5793","scaffold0007:42542823|42546454",4,NA,NA
"5794","scaffold0007:42554741|42555170",NA,5,NA
"5795","scaffold0007:42619254|42624000",NA,5,NA
"5796","scaffold0007:42695458|42696815",4,NA,NA
"5797","scaffold0007:42716052|42716590",2,NA,NA
"5798","scaffold0007:42744788|42745069",NA,3,NA
"5799","scaffold0007:42749795|42750073",18,NA,NA
"5800","scaffold0007:42781274|42781808",NA,1,NA
"5801","scaffold0007:42787117|42788018",NA,NA,1
"5802","scaffold0007:42788097|42788447",NA,NA,2
"5803","scaffold0007:42792856|42793372",2,NA,NA
"5804","scaffold0007:42793252|42793372",3,NA,NA
"5805","scaffold0007:42800251|42800459",15,19,5
"5806","scaffold0007:42800252|42800459",NA,NA,1
"5807","scaffold0007:42804098|42804823",6,NA,NA
"5808","scaffold0007:42811561|42811699",1,NA,NA
"5809","scaffold0007:42811561|42811945",NA,7,NA
"5810","scaffold0007:42811797|42811945",NA,NA,1
"5811","scaffold0007:42829029|42829269",15,28,9
"5812","scaffold0007:42829029|42829284",1,NA,NA
"5813","scaffold0007:42875250|42875755",1,NA,NA
"5814","scaffold0007:42883138|42883420",6,16,2
"5815","scaffold0007:43048800|43052939",54,1,4
"5816","scaffold0007:43156966|43163591",4,NA,NA
"5817","scaffold0007:43158779|43163591",10,NA,12
"5818","scaffold0007:43190506|43192854",NA,NA,5
"5819","scaffold0007:43246642|43252212",10,7,NA
"5820","scaffold0007:43246642|43252685",131,22,54
"5821","scaffold0007:43246642|43256598",NA,6,NA
"5822","scaffold0007:43252105|43255086",10,NA,NA
"5823","scaffold0007:43256430|43261638",10,NA,5
"5824","scaffold0007:43261424|43276728",NA,4,NA
"5825","scaffold0007:43268520|43268714",8,NA,NA
"5826","scaffold0007:43268520|43276728",106,57,70
"5827","scaffold0007:43268520|43310123",NA,NA,5
"5828","scaffold0007:43430969|43434231",4,NA,NA
"5829","scaffold0007:43438007|43441225",7,NA,NA
"5830","scaffold0007:43438007|43444085",8,NA,7
"5831","scaffold0007:43438007|43456415",NA,1,3
"5832","scaffold0007:43454809|43471433",NA,NA,7
"5833","scaffold0007:43459824|43471433",1,NA,NA
"5834","scaffold0007:43655397|43689624",9,3,2
"5835","scaffold0007:43655397|43721422",NA,4,NA
"5836","scaffold0007:43655397|43734652",8,8,25
"5837","scaffold0007:43689448|43717683",NA,NA,4
"5838","scaffold0007:43689448|43721422",NA,2,11
"5839","scaffold0007:43689448|43734652",43,48,60
"5840","scaffold0007:43717554|43721422",NA,NA,14
"5841","scaffold0007:43717554|43734652",114,101,192
"5842","scaffold0007:43721357|43734652",3,NA,NA
"5843","scaffold0007:43729171|43734652",22,98,36
"5844","scaffold0007:43779003|43779631",14,NA,12
"5845","scaffold0007:44065787|44073071",NA,13,NA
"5846","scaffold0007:44262594|44264701",2,NA,NA
"5847","scaffold0007:44283926|44295783",3,10,10
"5848","scaffold0007:44842596|44853242",6,NA,NA
"5849","scaffold0007:44860210|44860788",NA,NA,9
"5850","scaffold0007:44996856|44999720",6,NA,38
"5851","scaffold0007:45002143|45003555",3,NA,NA
"5852","scaffold0007:45237652|45241653",198,46,113
"5853","scaffold0007:45287914|45294069",17,7,NA
"5854","scaffold0007:45291487|45291692",1,NA,NA
"5855","scaffold0007:45291692|45294069",NA,NA,1
"5856","scaffold0007:45293835|45300428",1,NA,NA
"5857","scaffold0007:45315248|45318424",NA,NA,3
"5858","scaffold0007:45380254|45398576",NA,2,NA
"5859","scaffold0007:45830138|45830879",1,NA,NA
"5860","scaffold0007:45886923|45923544",2,NA,NA
"5861","scaffold0007:45910028|45920901",13,4,12
"5862","scaffold0007:45912915|45920901",NA,2,NA
"5863","scaffold0007:46015520|46018839",4,4,NA
"5864","scaffold0007:46015520|46028261",3,NA,NA
"5865","scaffold0007:46810024|46810270",3,NA,NA
"5866","scaffold0007:46853571|46855645",NA,NA,4
"5867","scaffold0007:46854093|46863357",1,NA,NA
"5868","scaffold0007:4693286|4696093",7,NA,NA
"5869","scaffold0007:46954627|46971388",2,NA,NA
"5870","scaffold0007:46985956|46986674",NA,3,NA
"5871","scaffold0007:4700129|4702303",59,10,2
"5872","scaffold0007:47018996|47029653",NA,2,NA
"5873","scaffold0007:47110582|47124121",98,6,NA
"5874","scaffold0007:47748959|47749427",NA,NA,2
"5875","scaffold0007:47748959|47749732",NA,NA,2
"5876","scaffold0007:4847371|4849001",5,NA,NA
"5877","scaffold0007:4848857|4853177",NA,NA,4
"5878","scaffold0007:4895434|4898633",9,NA,7
"5879","scaffold0007:4901063|4901820",NA,NA,5
"5880","scaffold0007:4901063|4904275",7,NA,NA
"5881","scaffold0007:4904105|4915501",NA,NA,8
"5882","scaffold0007:4909672|4910747",3,NA,NA
"5883","scaffold0007:49120506|49125757",NA,NA,2
"5884","scaffold0007:49442816|49443422",NA,NA,5
"5885","scaffold0007:49442816|49444345",2,NA,NA
"5886","scaffold0007:49465937|49466159",NA,6,NA
"5887","scaffold0007:49465937|49468053",5,NA,NA
"5888","scaffold0007:49475303|49482086",1,NA,NA
"5889","scaffold0007:49487138|49489434",3,NA,NA
"5890","scaffold0007:49501909|49506922",192,136,61
"5891","scaffold0007:49791900|49802037",1,NA,NA
"5892","scaffold0007:49791900|49823566",15,21,NA
"5893","scaffold0007:49927412|49932805",22,NA,1
"5894","scaffold0007:49927412|49956230",2,NA,NA
"5895","scaffold0007:49941086|49951798",4,NA,NA
"5896","scaffold0007:49941086|49956230",NA,NA,2
"5897","scaffold0007:49941086|49960449",2,NA,NA
"5898","scaffold0007:49951668|49956230",3,NA,NA
"5899","scaffold0007:50062974|50091889",4,NA,NA
"5900","scaffold0007:50073507|50080269",NA,2,1
"5901","scaffold0007:50914003|50916530",16,NA,4
"5902","scaffold0007:50914003|50924212",15,NA,NA
"5903","scaffold0007:50914003|50937251",6,6,NA
"5904","scaffold0007:50923988|50937251",9,NA,NA
"5905","scaffold0007:51128608|51129605",21,8,NA
"5906","scaffold0007:51128608|51133497",76,5,25
"5907","scaffold0007:51128608|51138138",27,NA,NA
"5908","scaffold0007:51128608|51143174",14,NA,7
"5909","scaffold0007:51133228|51133497",NA,NA,1
"5910","scaffold0007:51133228|51138138",NA,13,10
"5911","scaffold0007:51140191|51143174",3,NA,1
"5912","scaffold0007:52299538|52300994",25,NA,9
"5913","scaffold0007:52299538|52303678",8,NA,6
"5914","scaffold0007:52327882|52339070",NA,NA,1
"5915","scaffold0007:52376294|52383920",33,3,NA
"5916","scaffold0007:52416281|52420285",NA,9,5
"5917","scaffold0007:52416281|52433356",45,18,12
"5918","scaffold0007:52416281|52443102",29,11,NA
"5919","scaffold0007:52430197|52439738",NA,NA,4
"5920","scaffold0007:52430197|52443102",11,12,9
"5921","scaffold0007:52430197|52458029",9,NA,NA
"5922","scaffold0007:52442997|52456391",NA,NA,6
"5923","scaffold0007:52452592|52456391",4,NA,NA
"5924","scaffold0007:52452592|52458029",16,NA,9
"5925","scaffold0007:52453974|52458029",20,NA,NA
"5926","scaffold0007:52456289|52458029",116,78,17
"5927","scaffold0007:52502831|52517240",9,NA,NA
"5928","scaffold0007:52502831|52532063",1,NA,NA
"5929","scaffold0007:52558093|52570507",1,NA,NA
"5930","scaffold0007:52662449|52670962",2,NA,NA
"5931","scaffold0007:52690863|52693566",1,NA,NA
"5932","scaffold0007:52697947|52711958",8,NA,NA
"5933","scaffold0007:52927612|52999979",NA,6,NA
"5934","scaffold0007:52990058|52999979",4,NA,NA
"5935","scaffold0007:53169408|53171800",41,121,102
"5936","scaffold0007:53169408|53183427",NA,NA,5
"5937","scaffold0007:53183248|53183427",NA,NA,1
"5938","scaffold0007:53345061|53345287",5,5,NA
"5939","scaffold0007:53462557|53465220",19,8,NA
"5940","scaffold0007:53707943|53708691",83,14,3
"5941","scaffold0007:53909262|53915109",25,30,NA
"5942","scaffold0007:53915141|53915322",2,NA,NA
"5943","scaffold0007:53935842|53938606",4,NA,NA
"5944","scaffold0007:53937866|53941251",8,NA,NA
"5945","scaffold0007:53943527|53954338",4,NA,NA
"5946","scaffold0007:53943527|53964388",NA,10,NA
"5947","scaffold0007:53946690|53951113",NA,7,NA
"5948","scaffold0007:53948756|53954338",NA,6,NA
"5949","scaffold0007:53954198|53964388",2,NA,NA
"5950","scaffold0007:53957191|53964388",22,NA,NA
"5951","scaffold0007:53960124|53964388",5,NA,NA
"5952","scaffold0007:54001672|54002931",17,NA,2
"5953","scaffold0007:54065715|54066186",41,8,10
"5954","scaffold0007:54338423|54339708",4,NA,3
"5955","scaffold0007:54339616|54350655",NA,1,NA
"5956","scaffold0007:54350462|54370516",NA,5,NA
"5957","scaffold0007:54370336|54384269",NA,NA,3
"5958","scaffold0007:54370336|54396241",3,NA,NA
"5959","scaffold0007:54383340|54384269",3,NA,NA
"5960","scaffold0007:54383340|54396241",2,NA,NA
"5961","scaffold0007:54432710|54436279",6,5,9
"5962","scaffold0007:54432710|54439236",NA,7,NA
"5963","scaffold0007:54446383|54448120",19,11,8
"5964","scaffold0007:54446383|54464829",NA,9,NA
"5965","scaffold0007:54446383|54476364",5,NA,NA
"5966","scaffold0007:54453634|54461557",2,NA,NA
"5967","scaffold0007:54453634|54476364",9,NA,4
"5968","scaffold0007:54461410|54464829",NA,NA,3
"5969","scaffold0007:54461410|54476364",5,NA,NA
"5970","scaffold0007:54523796|54531830",NA,1,8
"5971","scaffold0007:54523796|54548999",12,NA,10
"5972","scaffold0007:54539282|54548999",13,NA,NA
"5973","scaffold0007:54546021|54548999",NA,5,NA
"5974","scaffold0007:54755515|54765109",72,74,33
"5975","scaffold0007:54776965|54778758",NA,4,2
"5976","scaffold0007:54776965|54796161",4,NA,4
"5977","scaffold0007:55127041|55134384",8,2,4
"5978","scaffold0007:55127041|55143825",NA,NA,2
"5979","scaffold0007:55134295|55139872",5,NA,3
"5980","scaffold0007:55134295|55143825",NA,NA,1
"5981","scaffold0007:55139186|55143825",2,NA,NA
"5982","scaffold0007:55238239|55239473",NA,NA,5
"5983","scaffold0007:55265750|55269085",NA,NA,3
"5984","scaffold0007:55274000|55274205",17,NA,NA
"5985","scaffold0007:55353479|55356085",132,70,71
"5986","scaffold0007:55353479|55359980",165,115,NA
"5987","scaffold0007:55370355|55376318",1,NA,2
"5988","scaffold0007:55377898|55378124",NA,NA,1
"5989","scaffold0007:55384676|55384894",13,23,6
"5990","scaffold0007:55384676|55385088",2,NA,NA
"5991","scaffold0007:55411767|55411988",2,NA,7
"5992","scaffold0007:55556198|55560867",2,2,1
"5993","scaffold0007:55556264|55556925",8,NA,NA
"5994","scaffold0007:55592451|55593173",4,NA,NA
"5995","scaffold0007:55620164|55621953",2,NA,NA
"5996","scaffold0007:55628054|55628693",2,NA,NA
"5997","scaffold0007:55645330|55645840",1,NA,NA
"5998","scaffold0007:55654025|55661004",NA,NA,5
"5999","scaffold0007:55656772|55661004",7,11,NA
"6000","scaffold0007:55818945|55828973",2,NA,NA
"6001","scaffold0007:55828849|55831624",NA,NA,3
"6002","scaffold0007:55828849|55843866",NA,NA,5
"6003","scaffold0007:55835901|55843866",NA,7,NA
"6004","scaffold0007:55863935|55868023",14,2,19
"6005","scaffold0007:55876167|55919128",1,NA,NA
"6006","scaffold0007:55881068|55885304",2,NA,NA
"6007","scaffold0007:55881068|55901623",NA,NA,1
"6008","scaffold0007:55901190|55908830",3,NA,NA
"6009","scaffold0007:55908598|55919128",1,NA,NA
"6010","scaffold0007:55916538|55919128",NA,4,4
"6011","scaffold0007:56744878|56785752",NA,NA,1
"6012","scaffold0007:58276432|58329235",2,NA,NA
"6013","scaffold0007:58985741|58989361",3,NA,NA
"6014","scaffold0007:59015917|59082187",1,NA,NA
"6015","scaffold0007:59042639|59047721",NA,NA,2
"6016","scaffold0007:59089155|59093696",2,NA,NA
"6017","scaffold0007:59089155|59113494",NA,NA,1
"6018","scaffold0007:59112431|59113494",NA,NA,8
"6019","scaffold0007:60267068|60281035",NA,NA,2
"6020","scaffold0007:60357024|60358964",1,NA,NA
"6021","scaffold0007:60387351|60393439",3,NA,NA
"6022","scaffold0007:60460732|60461514",5,38,39
"6023","scaffold0007:60460732|60470320",NA,4,NA
"6024","scaffold0007:60461306|60461514",1,NA,NA
"6025","scaffold0007:60464500|60476722",1,NA,NA
"6026","scaffold0007:60464500|60478843",19,NA,1
"6027","scaffold0007:60470160|60473488",NA,NA,7
"6028","scaffold0007:60474385|60478843",20,61,57
"6029","scaffold0007:60475075|60476722",3,NA,5
"6030","scaffold0007:60478400|60478650",NA,7,NA
"6031","scaffold0007:60505356|60512145",NA,12,NA
"6032","scaffold0007:60535232|60535421",4,NA,NA
"6033","scaffold0007:60606206|60611236",2,NA,NA
"6034","scaffold0007:60716518|60717710",NA,NA,2
"6035","scaffold0007:60716518|60749795",NA,NA,2
"6036","scaffold0007:60722115|60722810",7,8,NA
"6037","scaffold0007:60722207|60722732",5,NA,NA
"6038","scaffold0007:60733505|60733765",22,3,NA
"6039","scaffold0007:60733505|60749795",105,64,29
"6040","scaffold0007:61066497|61076645",70,41,31
"6041","scaffold0007:61066497|61082009",31,15,15
"6042","scaffold0007:61231616|61235281",NA,NA,1
"6043","scaffold0007:61297705|61303240",173,107,61
"6044","scaffold0007:61321816|61321972",NA,NA,4
"6045","scaffold0007:61498196|61516852",5,NA,NA
"6046","scaffold0007:61573399|61573766",2,NA,NA
"6047","scaffold0007:61711842|61723768",3,NA,NA
"6048","scaffold0007:61775642|61787189",15,NA,NA
"6049","scaffold0007:61829640|61829719",NA,NA,1
"6050","scaffold0007:61829640|61829777",NA,NA,1
"6051","scaffold0007:61957918|61967870",NA,7,NA
"6052","scaffold0007:61962019|61984187",NA,3,NA
"6053","scaffold0007:62380377|62382554",NA,8,NA
"6054","scaffold0007:62380377|62387254",1,NA,NA
"6055","scaffold0007:62380377|62394366",NA,9,NA
"6056","scaffold0007:62384288|62396807",8,NA,3
"6057","scaffold0007:62391412|62394366",37,NA,2
"6058","scaffold0007:62391412|62396807",45,25,15
"6059","scaffold0007:62449278|62449478",11,NA,NA
"6060","scaffold0007:62449278|62460757",NA,NA,4
"6061","scaffold0007:62449278|62466058",4,NA,NA
"6062","scaffold0007:62449278|62467204",7,3,NA
"6063","scaffold0007:62449278|62474238",2,NA,NA
"6064","scaffold0007:62449278|62476794",6,NA,NA
"6065","scaffold0007:62449278|62479502",NA,7,NA
"6066","scaffold0007:62467046|62487195",3,NA,NA
"6067","scaffold0007:62467046|62489309",2,NA,NA
"6068","scaffold0007:62473249|62479502",6,NA,NA
"6069","scaffold0007:62473249|62487195",1,NA,NA
"6070","scaffold0007:62475805|62479502",6,NA,NA
"6071","scaffold0007:62475805|62489309",3,NA,NA
"6072","scaffold0007:62496244|62500885",145,61,36
"6073","scaffold0007:62527903|62537241",3,NA,NA
"6074","scaffold0007:62527903|62551780",7,11,1
"6075","scaffold0007:62535181|62535757",9,NA,NA
"6076","scaffold0007:62537112|62560594",3,NA,NA
"6077","scaffold0007:62551143|62551780",33,60,13
"6078","scaffold0007:62559551|62563029",19,10,NA
"6079","scaffold0007:62602179|62613653",NA,NA,3
"6080","scaffold0007:62624295|62628960",NA,NA,9
"6081","scaffold0007:62821154|62849413",NA,NA,1
"6082","scaffold0007:62849281|62866585",NA,NA,2
"6083","scaffold0007:62866133|62866480",NA,3,NA
"6084","scaffold0007:62938082|62963526",NA,2,NA
"6085","scaffold0007:62938082|62986697",NA,3,NA
"6086","scaffold0007:62938082|63018545",NA,NA,1
"6087","scaffold0007:62941851|62963526",NA,3,NA
"6088","scaffold0007:62941851|62986697",NA,2,NA
"6089","scaffold0007:62941851|63018545",NA,NA,1
"6090","scaffold0007:62963424|63003169",NA,10,NA
"6091","scaffold0007:63003068|63018545",1,NA,NA
"6092","scaffold0007:63096418|63106536",37,5,45
"6093","scaffold0007:63096418|63131213",16,1,18
"6094","scaffold0007:63096418|63202238",414,457,320
"6095","scaffold0007:63131169|63202238",NA,NA,52
"6096","scaffold0007:63455026|63466261",1,NA,NA
"6097","scaffold0007:63493414|63493566",2,NA,NA
"6098","scaffold0007:63862868|63864085",NA,6,2
"6099","scaffold0007:63872851|63881939",5,NA,NA
"6100","scaffold0007:63889167|63892442",15,4,NA
"6101","scaffold0007:63890235|63894301",3,NA,NA
"6102","scaffold0007:63894203|63897367",9,2,NA
"6103","scaffold0007:63940912|63941552",NA,NA,8
"6104","scaffold0007:63946982|63949334",2,NA,NA
"6105","scaffold0007:64008470|64008934",NA,13,1
"6106","scaffold0007:64034185|64040744",2,12,NA
"6107","scaffold0007:64047199|64047796",4,NA,NA
"6108","scaffold0007:64048934|64049146",6,NA,NA
"6109","scaffold0007:64090597|64106961",NA,NA,3
"6110","scaffold0007:64106278|64106961",4,NA,3
"6111","scaffold0007:64113061|64117115",NA,1,NA
"6112","scaffold0007:64116053|64116927",NA,NA,1
"6113","scaffold0007:64202122|64218194",38,NA,2
"6114","scaffold0007:64202122|64249776",4,NA,3
"6115","scaffold0007:64202122|64271698",5,NA,NA
"6116","scaffold0007:64218086|64249776",13,NA,NA
"6117","scaffold0007:64218086|64259330",NA,NA,3
"6118","scaffold0007:64218086|64271698",5,NA,NA
"6119","scaffold0007:64249666|64259330",NA,2,NA
"6120","scaffold0007:64249666|64271698",8,NA,NA
"6121","scaffold0007:64259153|64335264",3,NA,3
"6122","scaffold0007:64271525|64316628",3,NA,NA
"6123","scaffold0007:64271525|64327817",8,NA,NA
"6124","scaffold0007:64316479|64316628",1,NA,NA
"6125","scaffold0007:64316479|64325134",19,19,4
"6126","scaffold0007:64316479|64327817",190,135,46
"6127","scaffold0007:64316479|64335264",50,42,9
"6128","scaffold0007:64325044|64327817",NA,4,NA
"6129","scaffold0007:64510806|64531099",16,7,15
"6130","scaffold0007:64510806|64534330",8,1,5
"6131","scaffold0007:64526145|64531099",2,8,4
"6132","scaffold0007:64526145|64534330",7,NA,5
"6133","scaffold0007:64798707|64820918",6,NA,10
"6134","scaffold0007:64798707|64826137",7,NA,2
"6135","scaffold0007:64798707|64836283",56,36,43
"6136","scaffold0007:64798707|64860611",13,NA,5
"6137","scaffold0007:64820810|64836283",28,14,18
"6138","scaffold0007:64826040|64836283",11,8,4
"6139","scaffold0007:64833405|64836283",NA,8,NA
"6140","scaffold0007:64836160|64860611",NA,NA,3
"6141","scaffold0007:65257690|65261087",17,17,7
"6142","scaffold0007:65257690|65274299",130,116,90
"6143","scaffold0007:65257690|65311775",NA,NA,4
"6144","scaffold0007:65257690|65336050",19,11,12
"6145","scaffold0007:65274248|65336050",2,NA,NA
"6146","scaffold0007:65321459|65336050",4,NA,NA
"6147","scaffold0007:65579200|65580425",3,NA,NA
"6148","scaffold0007:65579892|65580425",2,7,NA
"6149","scaffold0007:65585080|65585721",18,NA,NA
"6150","scaffold0007:65622949|65623299",12,2,NA
"6151","scaffold0007:65622949|65624233",20,7,5
"6152","scaffold0007:65726283|65727171",5,NA,NA
"6153","scaffold0007:65728367|65730111",10,5,NA
"6154","scaffold0007:65728367|65731305",NA,NA,2
"6155","scaffold0007:65835386|65849634",NA,2,NA
"6156","scaffold0007:65886590|65890647",NA,1,NA
"6157","scaffold0007:66029489|66030798",2,NA,NA
"6158","scaffold0007:66029489|66032083",15,NA,NA
"6159","scaffold0007:66029794|66030686",NA,1,NA
"6160","scaffold0007:66116635|66116873",NA,3,NA
"6161","scaffold0007:66119753|66119956",NA,4,9
"6162","scaffold0007:66123020|66123624",1,NA,NA
"6163","scaffold0007:66144525|66144703",NA,NA,1
"6164","scaffold0007:66144526|66144703",13,NA,6
"6165","scaffold0007:66193623|66193808",NA,NA,6
"6166","scaffold0007:66203063|66203572",2,NA,NA
"6167","scaffold0007:66203951|66204860",1,NA,NA
"6168","scaffold0007:66204194|66204737",7,NA,NA
"6169","scaffold0007:66324729|66324999",6,NA,NA
"6170","scaffold0007:66664789|66665147",8,NA,NA
"6171","scaffold0007:66682242|66688599",12,24,NA
"6172","scaffold0007:66841468|66845622",5,NA,NA
"6173","scaffold0007:66845452|66845622",1,1,1
"6174","scaffold0007:66845452|66856029",NA,NA,2
"6175","scaffold0007:66845452|66861182",NA,11,3
"6176","scaffold0007:66852853|66856029",226,102,23
"6177","scaffold0007:66852853|66861182",11,22,17
"6178","scaffold0007:67041124|67043635",5,NA,NA
"6179","scaffold0007:67181567|67196226",2,NA,NA
"6180","scaffold0007:67421523|67422296",NA,NA,5
"6181","scaffold0007:67539986|67540167",NA,3,NA
"6182","scaffold0007:67542811|67543218",1,NA,NA
"6183","scaffold0007:67636983|67637382",NA,2,NA
"6184","scaffold0007:67639126|67639657",3,NA,1
"6185","scaffold0007:67639455|67640080",NA,NA,10
"6186","scaffold0007:67696806|67697695",5,NA,NA
"6187","scaffold0007:67746665|67748098",1,NA,NA
"6188","scaffold0007:67756036|67756550",NA,NA,1
"6189","scaffold0007:67877483|67879307",2,NA,NA
"6190","scaffold0007:67890936|67894703",8,NA,NA
"6191","scaffold0007:67890936|67908377",3,5,NA
"6192","scaffold0007:67915804|67933084",NA,23,NA
"6193","scaffold0007:67921807|67933084",NA,7,NA
"6194","scaffold0007:68011063|68011845",NA,NA,23
"6195","scaffold0007:68121913|68139893",NA,NA,4
"6196","scaffold0007:68132509|68147532",6,NA,17
"6197","scaffold0007:68145544|68147532",15,NA,NA
"6198","scaffold0007:68156119|68161884",4,NA,NA
"6199","scaffold0007:68340684|68384536",1,NA,NA
"6200","scaffold0007:68340684|68403329",15,NA,12
"6201","scaffold0007:68340684|68411625",26,NA,NA
"6202","scaffold0007:68539532|68540326",9,7,7
"6203","scaffold0007:68539532|68544987",36,22,11
"6204","scaffold0007:68539532|68549646",42,3,2
"6205","scaffold0007:68544808|68549646",26,8,10
"6206","scaffold0007:68556374|68556808",NA,3,NA
"6207","scaffold0007:68564574|68566459",4,NA,8
"6208","scaffold0007:68564574|68581273",6,NA,NA
"6209","scaffold0007:68564574|68585776",2,NA,NA
"6210","scaffold0007:68591537|68591786",NA,NA,10
"6211","scaffold0007:68632906|68635231",6,NA,13
"6212","scaffold0007:68656411|68658001",1,NA,NA
"6213","scaffold0007:68659762|68662556",NA,NA,1
"6214","scaffold0007:68669230|68669806",NA,1,NA
"6215","scaffold0007:68670935|68676341",NA,8,1
"6216","scaffold0007:68681238|68681434",1,NA,NA
"6217","scaffold0007:68695542|68701734",3,NA,NA
"6218","scaffold0007:68695542|68711551",8,8,NA
"6219","scaffold0007:68698331|68701734",1,NA,5
"6220","scaffold0007:68698331|68711551",4,NA,1
"6221","scaffold0007:68705759|68711551",29,NA,28
"6222","scaffold0007:68708450|68710577",9,NA,NA
"6223","scaffold0007:68708450|68711551",14,13,11
"6224","scaffold0007:68710399|68711551",5,17,NA
"6225","scaffold0007:68832959|68837062",NA,30,2
"6226","scaffold0007:68832959|68845706",2,4,NA
"6227","scaffold0007:68841815|68845706",7,NA,1
"6228","scaffold0007:68844355|68845706",16,11,NA
"6229","scaffold0007:68852391|68857061",NA,NA,4
"6230","scaffold0007:68855562|68857061",NA,NA,1
"6231","scaffold0007:68860236|68865776",NA,2,NA
"6232","scaffold0007:68861200|68865776",NA,2,NA
"6233","scaffold0007:68861200|68867068",2,NA,NA
"6234","scaffold0007:68877188|68889257",3,NA,NA
"6235","scaffold0007:69046277|69051287",4,NA,NA
"6236","scaffold0007:69050582|69051202",NA,1,NA
"6237","scaffold0007:69058907|69066795",43,21,12
"6238","scaffold0007:69065760|69066795",21,3,13
"6239","scaffold0007:69177145|69181008",NA,21,NA
"6240","scaffold0007:69180261|69181946",NA,3,NA
"6241","scaffold0007:69181031|69181785",2,NA,NA
"6242","scaffold0007:69181785|69181946",3,NA,NA
"6243","scaffold0007:69188287|69193357",4,6,NA
"6244","scaffold0007:69191903|69193357",NA,3,7
"6245","scaffold0007:69193194|69213552",NA,4,NA
"6246","scaffold0007:69260747|69283750",5,NA,NA
"6247","scaffold0007:69342372|69342917",NA,NA,1
"6248","scaffold0007:69348540|69349467",NA,NA,2
"6249","scaffold0007:69389731|69390710",2,NA,NA
"6250","scaffold0007:69433901|69436163",11,NA,NA
"6251","scaffold0007:69529683|69539848",NA,1,NA
"6252","scaffold0007:69529683|69548502",8,8,NA
"6253","scaffold0007:69543543|69548502",19,NA,NA
"6254","scaffold0007:69546630|69548502",NA,NA,2
"6255","scaffold0007:69547691|69548502",1,13,NA
"6256","scaffold0007:69594830|69603419",344,233,241
"6257","scaffold0007:69594830|69613802",24,NA,39
"6258","scaffold0007:69602453|69603419",4286,1634,1449
"6259","scaffold0007:69602453|69613802",569,513,502
"6260","scaffold0007:69603271|69630760",NA,NA,1
"6261","scaffold0007:69612359|69613802",NA,31,41
"6262","scaffold0007:69613697|69632611",NA,2,NA
"6263","scaffold0007:69613697|69645477",2,NA,NA
"6264","scaffold0007:69630631|69631638",28,19,NA
"6265","scaffold0007:69630631|69632611",NA,25,11
"6266","scaffold0007:69632413|69645477",22,13,15
"6267","scaffold0007:69642897|69645477",NA,NA,1
"6268","scaffold0007:69642897|69647919",NA,NA,1
"6269","scaffold0007:69645344|69647291",6,NA,NA
"6270","scaffold0007:69646771|69647919",10,NA,12
"6271","scaffold0007:69665494|69665663",2,NA,NA
"6272","scaffold0007:69806336|69807825",NA,NA,3
"6273","scaffold0007:69807826|69809138",NA,2,NA
"6274","scaffold0007:70076163|70080437",2,NA,NA
"6275","scaffold0007:70080437|70081588",NA,4,NA
"6276","scaffold0007:70080437|70094251",NA,NA,3
"6277","scaffold0007:70082549|70086362",NA,NA,1
"6278","scaffold0007:70082549|70094251",5,NA,NA
"6279","scaffold0007:70105356|70105734",7,NA,NA
"6280","scaffold0007:70105800|70107062",4,NA,NA
"6281","scaffold0007:70133419|70141938",4,NA,NA
"6282","scaffold0007:70140266|70141938",2,NA,1
"6283","scaffold0007:70154499|70159321",NA,1,NA
"6284","scaffold0007:70172317|70172790",NA,NA,8
"6285","scaffold0007:70172812|70173101",NA,NA,2
"6286","scaffold0007:70186263|70187045",10,NA,20
"6287","scaffold0007:70202235|70202672",1,NA,NA
"6288","scaffold0007:70217853|70218113",71,83,76
"6289","scaffold0007:70272959|70273119",1,NA,NA
"6290","scaffold0007:70272959|70273389",2,NA,NA
"6291","scaffold0007:70284987|70285359",22,NA,6
"6292","scaffold0007:70286325|70290642",1,NA,NA
"6293","scaffold0007:70380745|70381550",NA,NA,7
"6294","scaffold0007:70387196|70387562",NA,3,NA
"6295","scaffold0007:70389207|70389906",NA,4,NA
"6296","scaffold0007:70389207|70396011",NA,NA,1
"6297","scaffold0007:70389207|70399665",NA,NA,2
"6298","scaffold0007:70391333|70397433",4,9,5
"6299","scaffold0007:70391631|70398532",NA,NA,1
"6300","scaffold0007:70392843|70397433",4,NA,NA
"6301","scaffold0007:70394713|70397433",38,52,8
"6302","scaffold0007:70395480|70395906",NA,NA,3
"6303","scaffold0007:70406158|70407009",6,NA,NA
"6304","scaffold0007:70410947|70411561",3,NA,2
"6305","scaffold0007:70410947|70416402",NA,NA,5
"6306","scaffold0007:70415068|70416402",50,NA,17
"6307","scaffold0007:70434691|70448108",10,NA,NA
"6308","scaffold0007:70434790|70435521",NA,NA,1
"6309","scaffold0007:70437812|70444342",NA,NA,1
"6310","scaffold0007:70444066|70445671",NA,NA,2
"6311","scaffold0007:70444066|70448108",82,54,75
"6312","scaffold0007:70444857|70448108",3,NA,NA
"6313","scaffold0007:70457747|70459123",NA,NA,3
"6314","scaffold0007:70474860|70474986",NA,NA,2
"6315","scaffold0007:70486906|70487389",7,16,17
"6316","scaffold0007:70559058|70559792",NA,NA,1
"6317","scaffold0007:70585073|70594429",NA,NA,2
"6318","scaffold0007:70593995|70598087",NA,NA,1
"6319","scaffold0007:70594143|70594429",NA,NA,3
"6320","scaffold0007:70628405|70628759",1,NA,NA
"6321","scaffold0007:70673639|70675245",7,NA,NA
"6322","scaffold0007:70689725|70690908",6,2,33
"6323","scaffold0007:70702648|70702818",6,NA,NA
"6324","scaffold0007:70786902|70795535",1,NA,NA
"6325","scaffold0007:70854165|70860010",3,NA,NA
"6326","scaffold0007:70875389|70897714",4,4,NA
"6327","scaffold0007:70883378|70886124",NA,13,NA
"6328","scaffold0007:70883378|70897714",1,4,NA
"6329","scaffold0007:70883378|70907801",3,NA,NA
"6330","scaffold0007:70885749|70897714",NA,NA,1
"6331","scaffold0007:70887246|70887473",4,NA,NA
"6332","scaffold0007:70893572|70897714",21,11,8
"6333","scaffold0007:70893572|70907801",6,19,11
"6334","scaffold0007:70897533|70902497",NA,NA,6
"6335","scaffold0007:70897533|70907801",1,NA,NA
"6336","scaffold0007:70901937|70907801",6,4,3
"6337","scaffold0007:70954169|70954346",2,NA,NA
"6338","scaffold0007:70954823|70955651",2,NA,NA
"6339","scaffold0007:71108276|71140171",3,5,NA
"6340","scaffold0007:71124812|71140171",NA,5,3
"6341","scaffold0007:71139814|71140171",NA,NA,3
"6342","scaffold0007:71194415|71194696",NA,NA,4
"6343","scaffold0007:71255426|71255870",NA,NA,19
"6344","scaffold0007:71258599|71258799",6,NA,NA
"6345","scaffold0007:71262976|71263377",4,NA,NA
"6346","scaffold0007:71265462|71265666",7,NA,NA
"6347","scaffold0007:71310526|71310695",NA,NA,4
"6348","scaffold0007:71310695|71311097",2,NA,NA
"6349","scaffold0007:71313202|71313905",NA,NA,1
"6350","scaffold0007:71344694|71345572",2,NA,NA
"6351","scaffold0007:71382802|71382937",1,NA,NA
"6352","scaffold0007:71382802|71383368",4,NA,NA
"6353","scaffold0007:71424398|71424890",NA,4,NA
"6354","scaffold0007:71424419|71424890",NA,NA,6
"6355","scaffold0007:71428026|71431380",2,NA,2
"6356","scaffold0007:71430108|71436359",NA,NA,1
"6357","scaffold0007:71435198|71436359",54,10,6
"6358","scaffold0007:71449269|71449850",2,NA,NA
"6359","scaffold0007:71449689|71449850",10,NA,NA
"6360","scaffold0007:71646991|71652146",NA,NA,3
"6361","scaffold0007:71648517|71652146",3,NA,NA
"6362","scaffold0007:71652065|71662701",53,29,14
"6363","scaffold0007:71657860|71662701",2,2,6
"6364","scaffold0007:71691149|71692602",NA,3,NA
"6365","scaffold0007:9218061|9224700",82,21,17
"6366","scaffold0007:9218061|9236497",7,NA,3
"6367","scaffold0007:9218061|9240797",51,NA,7
"6368","scaffold0007:9236329|9240797",11,1,27
"6369","scaffold0007:9238185|9240797",1,NA,NA
"6370","scaffold0007:9854739|9877484",3,NA,NA
"6371","scaffold0007:9934880|9941560",69,39,29
"6372","scaffold0007:9988040|10010250",9,NA,3
"6373","scaffold0008:10370604|10374184",4,NA,NA
"6374","scaffold0008:10483676|10499600",NA,NA,4
"6375","scaffold0008:10494359|10499600",5,NA,NA
"6376","scaffold0008:10589896|10590147",12,NA,2
"6377","scaffold0008:11027612|11038523",NA,2,NA
"6378","scaffold0008:11027612|11041779",NA,3,NA
"6379","scaffold0008:11498664|11499045",2,NA,NA
"6380","scaffold0008:117006|117564",6,NA,NA
"6381","scaffold0008:15030152|15031660",25,22,12
"6382","scaffold0008:15030152|15039310",2,NA,NA
"6383","scaffold0008:15285671|15287183",26,NA,NA
"6384","scaffold0008:15517524|15518228",12,NA,NA
"6385","scaffold0008:15517524|15529972",2,NA,NA
"6386","scaffold0008:15525702|15529972",9,NA,NA
"6387","scaffold0008:15536798|15537449",53,29,NA
"6388","scaffold0008:15536798|15546344",NA,NA,7
"6389","scaffold0008:16127790|16132236",24,11,9
"6390","scaffold0008:16127790|16138074",11,7,12
"6391","scaffold0008:16127790|16143135",NA,NA,1
"6392","scaffold0008:1622610|1625272",1,NA,NA
"6393","scaffold0008:16294831|16300134",NA,NA,1
"6394","scaffold0008:16362470|16367313",2,NA,NA
"6395","scaffold0008:16372452|16381121",1,7,NA
"6396","scaffold0008:16377546|16381121",35,9,NA
"6397","scaffold0008:16399147|16407829",1,NA,NA
"6398","scaffold0008:16407537|16426103",2,NA,NA
"6399","scaffold0008:16907278|16915567",1,NA,NA
"6400","scaffold0008:17061458|17066944",NA,5,NA
"6401","scaffold0008:17098151|17098430",2,NA,NA
"6402","scaffold0008:17108911|17111928",2,NA,1
"6403","scaffold0008:17110350|17113233",NA,NA,2
"6404","scaffold0008:17114233|17114482",NA,NA,2
"6405","scaffold0008:17114233|17118768",1,NA,NA
"6406","scaffold0008:17498955|17505354",NA,4,NA
"6407","scaffold0008:17501549|17505354",7,NA,NA
"6408","scaffold0008:1779053|1780093",7,NA,NA
"6409","scaffold0008:1779053|1790760",2,24,4
"6410","scaffold0008:1779053|1802368",NA,2,NA
"6411","scaffold0008:1788631|1802368",1,NA,NA
"6412","scaffold0008:1791447|1792009",63,55,35
"6413","scaffold0008:1907408|1910920",6,NA,NA
"6414","scaffold0008:1907408|1917193",32,NA,22
"6415","scaffold0008:1916698|1939453",1,NA,NA
"6416","scaffold0008:1934771|1941294",2,1,NA
"6417","scaffold0008:1937522|1969616",3,NA,NA
"6418","scaffold0008:19833529|19837952",36,18,18
"6419","scaffold0008:19833529|19838924",NA,NA,7
"6420","scaffold0008:2006800|2015620",3,NA,NA
"6421","scaffold0008:20096849|20106186",NA,2,NA
"6422","scaffold0008:20127982|20141746",3,NA,NA
"6423","scaffold0008:2023810|2024202",NA,4,NA
"6424","scaffold0008:20375404|20393816",24,6,NA
"6425","scaffold0008:20375404|20441319",NA,3,NA
"6426","scaffold0008:20389577|20441319",NA,10,NA
"6427","scaffold0008:20409173|20420864",NA,NA,3
"6428","scaffold0008:20409173|20441319",4,7,NA
"6429","scaffold0008:2064452|2068411",3,NA,7
"6430","scaffold0008:2064452|2144343",1,NA,NA
"6431","scaffold0008:21239430|21244965",NA,NA,5
"6432","scaffold0008:21239430|21247936",NA,NA,2
"6433","scaffold0008:21244809|21253145",29,1,20
"6434","scaffold0008:21342179|21342460",21,28,9
"6435","scaffold0008:2141825|2144343",27,12,18
"6436","scaffold0008:21969565|22019075",3,NA,NA
"6437","scaffold0008:22011413|22019075",311,139,75
"6438","scaffold0008:22490467|22507856",24,NA,NA
"6439","scaffold0008:22565450|22568579",NA,7,NA
"6440","scaffold0008:22569406|22570797",11,NA,4
"6441","scaffold0008:22627039|22627277",22,10,7
"6442","scaffold0008:22641388|22651021",NA,NA,1
"6443","scaffold0008:22650915|22657399",21,4,3
"6444","scaffold0008:22650915|22660209",NA,NA,1
"6445","scaffold0008:22650915|22668763",3,NA,NA
"6446","scaffold0008:22653530|22657399",56,25,31
"6447","scaffold0008:22653530|22668763",15,8,3
"6448","scaffold0008:22657307|22668763",12,3,9
"6449","scaffold0008:22660127|22662226",50,NA,NA
"6450","scaffold0008:22660127|22665710",NA,1,NA
"6451","scaffold0008:22660127|22668763",160,121,151
"6452","scaffold0008:22660906|22668763",NA,NA,2
"6453","scaffold0008:22665617|22668763",17,8,23
"6454","scaffold0008:2271097|2276558",NA,NA,3
"6455","scaffold0008:22849642|22853857",4,NA,NA
"6456","scaffold0008:22849642|22857308",43,18,29
"6457","scaffold0008:22849642|22866884",1,7,NA
"6458","scaffold0008:22849642|22872322",NA,12,NA
"6459","scaffold0008:22849642|22874363",NA,5,NA
"6460","scaffold0008:22849642|22907153",1,NA,NA
"6461","scaffold0008:22877788|22883165",NA,7,NA
"6462","scaffold0008:22880168|22880700",535,246,213
"6463","scaffold0008:22880168|22888338",9,5,7
"6464","scaffold0008:22880168|22898436",6,13,4
"6465","scaffold0008:22880168|22907153",3,5,1
"6466","scaffold0008:22898328|22901235",NA,1,NA
"6467","scaffold0008:22898328|22907153",103,26,42
"6468","scaffold0008:22900704|22907153",3,1,5
"6469","scaffold0008:22900719|22907153",NA,NA,6
"6470","scaffold0008:23076803|23078870",8,NA,3
"6471","scaffold0008:23481384|23515250",NA,1,NA
"6472","scaffold0008:2484304|2485270",29,45,46
"6473","scaffold0008:25141339|25145238",NA,NA,6
"6474","scaffold0008:25141339|25149031",31,9,4
"6475","scaffold0008:25141339|25158455",15,20,7
"6476","scaffold0008:25145112|25153837",7,NA,NA
"6477","scaffold0008:25153701|25155276",2,NA,NA
"6478","scaffold0008:25153701|25158455",25,13,NA
"6479","scaffold0008:25153701|25163772",NA,2,17
"6480","scaffold0008:25155156|25158455",2,NA,NA
"6481","scaffold0008:25197176|25197418",1,NA,NA
"6482","scaffold0008:25345194|25353027",NA,8,1
"6483","scaffold0008:25416554|25423966",4,NA,3
"6484","scaffold0008:25422926|25423966",16,6,22
"6485","scaffold0008:25433412|25441699",NA,NA,2
"6486","scaffold0008:28626381|28638368",9,5,7
"6487","scaffold0008:28636800|28660702",6,NA,NA
"6488","scaffold0008:28636800|28711443",NA,NA,2
"6489","scaffold0008:28667600|28669560",4,NA,NA
"6490","scaffold0008:28801062|28801940",4,NA,NA
"6491","scaffold0008:28868352|28868956",574,327,221
"6492","scaffold0008:29090335|29090636",31,32,26
"6493","scaffold0008:29090335|29115439",4,NA,NA
"6494","scaffold0008:29126729|29129820",2,NA,NA
"6495","scaffold0008:29215614|29216789",41,22,22
"6496","scaffold0008:29215614|29226974",2,NA,NA
"6497","scaffold0008:29220751|29226974",NA,16,8
"6498","scaffold0008:29230028|29231426",4,NA,NA
"6499","scaffold0008:29230028|29233204",1,NA,NA
"6500","scaffold0008:29234801|29235193",1,NA,NA
"6501","scaffold0008:29335087|29337329",2,NA,NA
"6502","scaffold0008:29337154|29343322",2,NA,NA
"6503","scaffold0008:29338968|29343322",NA,4,1
"6504","scaffold0008:29338968|29345500",NA,4,NA
"6505","scaffold0008:29364152|29367500",10,NA,5
"6506","scaffold0008:29364152|29372819",NA,NA,2
"6507","scaffold0008:29367406|29370745",7,NA,NA
"6508","scaffold0008:29370664|29372819",NA,NA,1
"6509","scaffold0008:29370664|29381114",NA,NA,1
"6510","scaffold0008:29380590|29381114",1,NA,NA
"6511","scaffold0008:29490337|29496035",2,NA,NA
"6512","scaffold0008:29491877|29496035",1,NA,NA
"6513","scaffold0008:29539732|29541097",32,NA,NA
"6514","scaffold0008:29539732|29545599",NA,9,NA
"6515","scaffold0008:29542735|29545599",53,21,25
"6516","scaffold0008:29545410|29545599",8,NA,3
"6517","scaffold0008:29575179|29576025",7,NA,NA
"6518","scaffold0008:29747285|29759324",5,NA,2
"6519","scaffold0008:29759207|29762179",NA,NA,2
"6520","scaffold0008:29767572|29775546",NA,NA,2
"6521","scaffold0008:29793504|29800328",NA,6,NA
"6522","scaffold0008:30198282|30205229",6,NA,NA
"6523","scaffold0008:30275652|30294384",NA,7,NA
"6524","scaffold0008:30285730|30294384",NA,NA,4
"6525","scaffold0008:30642708|30663913",1,NA,NA
"6526","scaffold0008:30644362|30663913",1,NA,NA
"6527","scaffold0008:30659091|30663913",8,NA,NA
"6528","scaffold0008:30715061|30726556",1,13,NA
"6529","scaffold0008:3077112|3130327",1,NA,NA
"6530","scaffold0008:30961846|30965229",NA,NA,6
"6531","scaffold0008:30964936|30965229",NA,2,4
"6532","scaffold0008:31033762|31218329",NA,NA,4
"6533","scaffold0008:31075931|31143227",NA,NA,3
"6534","scaffold0008:31112206|31124684",20,NA,9
"6535","scaffold0008:31112206|31126359",5,NA,3
"6536","scaffold0008:31112206|31156475",9,NA,NA
"6537","scaffold0008:31112206|31193277",3,NA,NA
"6538","scaffold0008:31112206|31218329",9,6,4
"6539","scaffold0008:31112206|31233959",5,NA,NA
"6540","scaffold0008:31119688|31143227",NA,4,NA
"6541","scaffold0008:31119688|31156475",2,NA,NA
"6542","scaffold0008:31143100|31156475",2,NA,NA
"6543","scaffold0008:31143100|31218329",10,NA,2
"6544","scaffold0008:31156369|31193277",5,NA,NA
"6545","scaffold0008:31156369|31218329",20,8,7
"6546","scaffold0008:31156369|31233959",NA,2,NA
"6547","scaffold0008:31193191|31218329",24,9,30
"6548","scaffold0008:31193191|31233959",8,NA,NA
"6549","scaffold0008:3121243|3141323",4,NA,NA
"6550","scaffold0008:31212746|31218329",35,19,17
"6551","scaffold0008:31212746|31233959",33,13,18
"6552","scaffold0008:31218167|31218329",NA,12,NA
"6553","scaffold0008:31218167|31233959",10,NA,9
"6554","scaffold0008:31410394|31410608",9,NA,NA
"6555","scaffold0008:31410394|31413138",NA,1,NA
"6556","scaffold0008:31524386|31528027",34,NA,NA
"6557","scaffold0008:31524386|31534727",NA,6,NA
"6558","scaffold0008:31534109|31534727",2,NA,NA
"6559","scaffold0008:31594908|31595406",NA,2,NA
"6560","scaffold0008:31773970|31778454",2,NA,NA
"6561","scaffold0008:31804124|31811835",5,NA,4
"6562","scaffold0008:31808545|31810552",8,NA,NA
"6563","scaffold0008:31927326|31930052",2,NA,6
"6564","scaffold0008:32014356|32020445",11,NA,11
"6565","scaffold0008:32014356|32036458",61,12,24
"6566","scaffold0008:32195257|32198627",7,3,13
"6567","scaffold0008:32195257|32215455",1,NA,NA
"6568","scaffold0008:32196885|32198627",13,2,8
"6569","scaffold0008:32204432|32209663",NA,NA,4
"6570","scaffold0008:32321658|32329323",5,NA,NA
"6571","scaffold0008:32330373|32337206",21,3,11
"6572","scaffold0008:32330877|32333732",NA,NA,1
"6573","scaffold0008:32403143|32404216",7,NA,5
"6574","scaffold0008:32403143|32405934",11,NA,4
"6575","scaffold0008:32410682|32423133",NA,NA,22
"6576","scaffold0008:32410682|32431437",2,NA,4
"6577","scaffold0008:32418325|32422341",17,NA,NA
"6578","scaffold0008:32430695|32431437",9,NA,NA
"6579","scaffold0008:32488470|32490526",6,5,6
"6580","scaffold0008:32489373|32490526",1,NA,NA
"6581","scaffold0008:32501796|32502043",NA,6,NA
"6582","scaffold0008:32501796|32506361",NA,NA,2
"6583","scaffold0008:32516469|32516738",8,NA,NA
"6584","scaffold0008:32517464|32522510",4,NA,NA
"6585","scaffold0008:32534230|32547650",3,NA,NA
"6586","scaffold0008:32606693|32607237",4,3,NA
"6587","scaffold0008:32630803|32635377",35,NA,3
"6588","scaffold0008:32635182|32638432",NA,NA,4
"6589","scaffold0008:32681467|32692616",10,NA,1
"6590","scaffold0008:32999629|33001461",21,39,36
"6591","scaffold0008:32999629|33003261",NA,3,6
"6592","scaffold0008:33380456|33390681",30,NA,16
"6593","scaffold0008:33380456|33395644",2,NA,14
"6594","scaffold0008:33390547|33395644",540,253,413
"6595","scaffold0008:33390547|33427304",NA,NA,7
"6596","scaffold0008:33420833|33439729",7,NA,NA
"6597","scaffold0008:33427208|33434523",5,19,NA
"6598","scaffold0008:33427208|33439729",24,18,29
"6599","scaffold0008:33431941|33439729",18,20,14
"6600","scaffold0008:33434418|33439729",NA,13,NA
"6601","scaffold0008:33439567|33448458",2,NA,NA
"6602","scaffold0008:33471905|33477550",NA,4,NA
"6603","scaffold0008:33500906|33501217",4,NA,NA
"6604","scaffold0008:33545657|33551615",NA,19,NA
"6605","scaffold0008:33563289|33567116",1,NA,NA
"6606","scaffold0008:33563289|33569766",8,6,4
"6607","scaffold0008:33564054|33565155",2,NA,NA
"6608","scaffold0008:33564122|33564712",NA,5,NA
"6609","scaffold0008:33564755|33576648",7,NA,4
"6610","scaffold0008:33566414|33566617",1,NA,1
"6611","scaffold0008:33576473|33577966",2,NA,NA
"6612","scaffold0008:33577966|33579694",NA,NA,4
"6613","scaffold0008:33581112|33581308",3,NA,NA
"6614","scaffold0008:33697716|33698396",NA,5,NA
"6615","scaffold0008:33829860|33871908",NA,NA,4
"6616","scaffold0008:33871793|33884628",10,NA,NA
"6617","scaffold0008:33951789|33952039",2,NA,NA
"6618","scaffold0008:33954386|33954542",NA,NA,3
"6619","scaffold0008:33954625|33955243",NA,11,NA
"6620","scaffold0008:33954625|33956088",NA,NA,2
"6621","scaffold0008:33958897|33959209",2,NA,NA
"6622","scaffold0008:33959404|33959768",NA,NA,2
"6623","scaffold0008:34026325|34027481",1,NA,NA
"6624","scaffold0008:34119212|34120435",8,6,NA
"6625","scaffold0008:34127401|34128948",NA,NA,3
"6626","scaffold0008:34127401|34129526",1,NA,NA
"6627","scaffold0008:34134385|34134614",8,NA,NA
"6628","scaffold0008:34157211|34163959",5,6,4
"6629","scaffold0008:34160415|34163959",4,NA,NA
"6630","scaffold0008:34244227|34244735",44,55,26
"6631","scaffold0008:34244227|34248110",2,9,NA
"6632","scaffold0008:34244562|34248110",NA,5,NA
"6633","scaffold0008:34254735|34265203",NA,NA,1
"6634","scaffold0008:34261253|34265203",NA,3,NA
"6635","scaffold0008:34303707|34325477",NA,NA,2
"6636","scaffold0008:34311731|34312706",8,NA,NA
"6637","scaffold0008:34311731|34322135",NA,NA,2
"6638","scaffold0008:34312562|34313612",NA,4,NA
"6639","scaffold0008:34318868|34339285",NA,NA,5
"6640","scaffold0008:34333343|34339285",5,NA,NA
"6641","scaffold0008:34337547|34339285",8,NA,NA
"6642","scaffold0008:34337547|34342300",1,2,NA
"6643","scaffold0008:34342001|34360966",5,NA,22
"6644","scaffold0008:34343680|34360966",3,NA,NA
"6645","scaffold0008:34346287|34360966",75,67,81
"6646","scaffold0008:34346287|34369376",NA,NA,8
"6647","scaffold0008:34349395|34360966",26,10,29
"6648","scaffold0008:34349395|34369376",NA,NA,3
"6649","scaffold0008:34360825|34369376",24,6,22
"6650","scaffold0008:34369283|34376266",NA,NA,6
"6651","scaffold0008:34369283|34382603",1,NA,NA
"6652","scaffold0008:34380942|34385729",NA,NA,2
"6653","scaffold0008:34544891|34573100",NA,15,11
"6654","scaffold0008:34544891|34591704",2,NA,NA
"6655","scaffold0008:34572985|34606945",3,NA,NA
"6656","scaffold0008:34591592|34595119",13,NA,NA
"6657","scaffold0008:34591592|34602544",NA,4,NA
"6658","scaffold0008:34591592|34606945",4,3,5
"6659","scaffold0008:34595003|34602544",NA,2,NA
"6660","scaffold0008:34602366|34606945",10,18,4
"6661","scaffold0008:34602366|34618605",3,11,NA
"6662","scaffold0008:34606767|34618605",7,NA,NA
"6663","scaffold0008:34614423|34618605",NA,NA,4
"6664","scaffold0008:34615481|34615717",1,NA,NA
"6665","scaffold0008:34641612|34648180",5,NA,NA
"6666","scaffold0008:34641612|34659160",NA,5,24
"6667","scaffold0008:34909877|34912861",1,NA,NA
"6668","scaffold0008:3564517|3565269",3,NA,NA
"6669","scaffold0008:35942785|35943016",NA,NA,5
"6670","scaffold0008:35959000|35962400",2,4,NA
"6671","scaffold0008:35959000|35965562",4,2,NA
"6672","scaffold0008:36456939|36463568",2,NA,NA
"6673","scaffold0008:36680238|36680407",29,11,18
"6674","scaffold0008:37218410|37219544",6,NA,NA
"6675","scaffold0008:37487936|37491912",2,4,NA
"6676","scaffold0008:37592660|37602629",13,15,2
"6677","scaffold0008:37626391|37630186",2,NA,NA
"6678","scaffold0008:37626391|37641089",68,NA,22
"6679","scaffold0008:37626391|37652394",3,NA,NA
"6680","scaffold0008:37630072|37656713",NA,NA,5
"6681","scaffold0008:37666728|37668590",2,NA,NA
"6682","scaffold0008:37687088|37691845",2,NA,NA
"6683","scaffold0008:37983806|37988702",2,NA,5
"6684","scaffold0008:38202266|38220282",3,NA,NA
"6685","scaffold0008:38401668|38402759",NA,NA,4
"6686","scaffold0008:38682461|38686002",1,NA,6
"6687","scaffold0008:38734284|38736784",1,NA,NA
"6688","scaffold0008:38743490|38747945",NA,6,NA
"6689","scaffold0008:38743490|38748771",7,NA,NA
"6690","scaffold0008:38743490|38756100",NA,NA,2
"6691","scaffold0008:38743490|38762942",NA,10,NA
"6692","scaffold0008:38743490|38776585",NA,NA,2
"6693","scaffold0008:38752965|38754155",20,NA,NA
"6694","scaffold0008:38752965|38756100",6,NA,NA
"6695","scaffold0008:38753939|38756100",6,NA,NA
"6696","scaffold0008:38753939|38776585",NA,NA,3
"6697","scaffold0008:38762754|38776585",NA,NA,6
"6698","scaffold0008:38772463|38776585",10,NA,10
"6699","scaffold0008:38827490|38830617",NA,10,NA
"6700","scaffold0008:38908251|38910350",72,29,19
"6701","scaffold0008:38909594|38910350",941,478,480
"6702","scaffold0008:38917112|38921804",74,33,52
"6703","scaffold0008:38917112|38926034",4,NA,2
"6704","scaffold0008:38921513|38924188",46,12,24
"6705","scaffold0008:38925681|38929619",4,NA,2
"6706","scaffold0008:38928595|38929619",48,21,13
"6707","scaffold0008:38938457|38939747",3,10,10
"6708","scaffold0008:38960026|38962084",16,14,1
"6709","scaffold0008:38964514|38967544",3,NA,NA
"6710","scaffold0008:38967424|38969877",8,NA,NA
"6711","scaffold0008:39010663|39011647",1,NA,NA
"6712","scaffold0008:39010663|39012615",1,NA,NA
"6713","scaffold0008:39010663|39017244",6,NA,NA
"6714","scaffold0008:39011583|39012615",40,22,16
"6715","scaffold0008:39011583|39017244",31,NA,32
"6716","scaffold0008:39022294|39023434",6,NA,1
"6717","scaffold0008:39102745|39115066",NA,1,NA
"6718","scaffold0008:39114892|39132425",1,NA,NA
"6719","scaffold0008:39114892|39134902",1,NA,2
"6720","scaffold0008:39114892|39142471",NA,NA,2
"6721","scaffold0008:39151360|39153154",8,13,1
"6722","scaffold0008:39188853|39192466",41,NA,NA
"6723","scaffold0008:39220244|39223328",3,NA,NA
"6724","scaffold0008:39222307|39226766",1,NA,NA
"6725","scaffold0008:39253716|39264752",4,NA,NA
"6726","scaffold0008:39324022|39331229",17,NA,2
"6727","scaffold0008:39340739|39350847",1,NA,NA
"6728","scaffold0008:39364757|39370876",7,NA,4
"6729","scaffold0008:39364757|39475426",2,NA,NA
"6730","scaffold0008:39367508|39370876",9,NA,2
"6731","scaffold0008:39367508|39475426",5,NA,NA
"6732","scaffold0008:39390465|39475426",NA,NA,4
"6733","scaffold0008:39711979|39716704",5,NA,NA
"6734","scaffold0008:39899822|39901579",218,181,150
"6735","scaffold0008:39937164|39937380",NA,NA,4
"6736","scaffold0008:39937164|39938553",1,NA,NA
"6737","scaffold0008:39939991|39940593",NA,NA,1
"6738","scaffold0008:39944015|39944716",4,NA,NA
"6739","scaffold0008:39944156|39944650",2,NA,NA
"6740","scaffold0008:40375790|40382362",3,3,1
"6741","scaffold0008:40803335|40808420",3,NA,1
"6742","scaffold0008:40803335|40820793",7,NA,NA
"6743","scaffold0008:40814162|40818409",11,NA,NA
"6744","scaffold0008:40820643|40829626",9,3,NA
"6745","scaffold0008:40829300|40835117",NA,NA,1
"6746","scaffold0008:40829473|40834600",2,NA,2
"6747","scaffold0008:40835117|40835661",1,NA,NA
"6748","scaffold0008:41190440|41196539",3,NA,NA
"6749","scaffold0008:41327419|41329245",612,230,NA
"6750","scaffold0008:41327419|41343471",5,NA,NA
"6751","scaffold0008:41538460|41538716",14,NA,NA
"6752","scaffold0008:41638363|41657382",2,NA,NA
"6753","scaffold0008:41654167|41657382",9,NA,NA
"6754","scaffold0008:41654167|41673572",NA,5,NA
"6755","scaffold0008:41673398|41693571",NA,5,NA
"6756","scaffold0008:42058649|42063125",5,NA,NA
"6757","scaffold0008:42709058|42721490",27,7,9
"6758","scaffold0008:42719544|42719922",1,3,4
"6759","scaffold0008:42719544|42721490",1548,960,1146
"6760","scaffold0008:42856551|42860812",3,NA,NA
"6761","scaffold0008:43090760|43098089",2,NA,NA
"6762","scaffold0008:43102510|43102714",NA,NA,6
"6763","scaffold0008:44175755|44178773",2,NA,NA
"6764","scaffold0008:44175755|44202219",NA,1,NA
"6765","scaffold0008:44234830|44238066",NA,13,NA
"6766","scaffold0008:44234830|44243902",1,14,4
"6767","scaffold0008:44351616|44354936",33,10,NA
"6768","scaffold0008:44485747|44506180",1,NA,NA
"6769","scaffold0008:44505939|44634415",6,NA,NA
"6770","scaffold0008:44845259|44863776",NA,2,NA
"6771","scaffold0008:45069659|45074713",7,NA,2
"6772","scaffold0008:45069659|45085296",22,10,7
"6773","scaffold0008:45076974|45091752",4,NA,4
"6774","scaffold0008:45083651|45091752",2,NA,NA
"6775","scaffold0008:45086368|45091752",1,NA,NA
"6776","scaffold0008:45102732|45103070",17,NA,6
"6777","scaffold0008:45102732|45111826",5,NA,NA
"6778","scaffold0008:45112723|45122669",NA,8,NA
"6779","scaffold0008:45431197|45432111",NA,1,NA
"6780","scaffold0008:45435985|45436403",1,NA,NA
"6781","scaffold0008:45738546|45853018",135,143,75
"6782","scaffold0008:45805130|45805297",NA,NA,5
"6783","scaffold0008:45805130|45842159",NA,1,NA
"6784","scaffold0008:45805130|45853018",36,36,20
"6785","scaffold0008:45829632|45853018",243,143,75
"6786","scaffold0008:45837363|45853018",48,32,9
"6787","scaffold0008:45849541|45853018",612,319,315
"6788","scaffold0008:45851548|45851704",11,NA,3
"6789","scaffold0008:45975534|45983269",1,NA,NA
"6790","scaffold0008:46008734|46020041",4,NA,NA
"6791","scaffold0008:46015788|46020041",6,12,NA
"6792","scaffold0008:46019713|46020041",84,46,34
"6793","scaffold0008:46023009|46023589",NA,NA,2
"6794","scaffold0008:46023009|46027856",6,NA,NA
"6795","scaffold0008:46049017|46052686",NA,3,NA
"6796","scaffold0008:46117082|46124287",10,NA,NA
"6797","scaffold0008:46433293|46453683",1,NA,NA
"6798","scaffold0008:4647228|4693939",6,NA,NA
"6799","scaffold0008:46548622|46551457",NA,NA,2
"6800","scaffold0008:47143247|47145633",2,NA,NA
"6801","scaffold0008:47223079|47231768",3,NA,NA
"6802","scaffold0008:47236999|47241314",2,NA,NA
"6803","scaffold0008:47258009|47258833",NA,NA,2
"6804","scaffold0008:47268654|47272853",NA,2,NA
"6805","scaffold0008:47714779|47751614",NA,6,NA
"6806","scaffold0008:4795985|4796469",10,19,13
"6807","scaffold0008:4795985|4799432",7,NA,1
"6808","scaffold0008:4802487|4803834",NA,NA,4
"6809","scaffold0008:5045395|5065222",NA,NA,2
"6810","scaffold0008:5095192|5103595",5,NA,NA
"6811","scaffold0008:5109105|5110136",502,180,242
"6812","scaffold0008:5109105|5113494",15,6,8
"6813","scaffold0008:5114136|5116869",NA,7,9
"6814","scaffold0008:5118184|5121533",62,58,64
"6815","scaffold0008:51220057|51253862",10,NA,NA
"6816","scaffold0008:5130680|5133834",5,NA,NA
"6817","scaffold0008:5132482|5140376",7,NA,NA
"6818","scaffold0008:5132482|5143115",3,NA,NA
"6819","scaffold0008:5145829|5148032",NA,NA,5
"6820","scaffold0008:5155171|5158760",6,NA,1
"6821","scaffold0008:5156781|5158760",5,NA,5
"6822","scaffold0008:51865506|51870378",3,NA,2
"6823","scaffold0008:5278153|5278452",NA,NA,3
"6824","scaffold0008:5335135|5337075",16,NA,NA
"6825","scaffold0008:5335135|5340769",NA,9,4
"6826","scaffold0008:5382631|5386443",2,NA,NA
"6827","scaffold0008:5396612|5415433",16,4,1
"6828","scaffold0008:5401322|5410476",3,NA,NA
"6829","scaffold0008:54434063|54437132",148,12,13
"6830","scaffold0008:54643169|54643866",5,NA,NA
"6831","scaffold0008:547516|551209",4,NA,NA
"6832","scaffold0008:54755760|54757545",107,42,29
"6833","scaffold0008:54921680|54925930",1,NA,NA
"6834","scaffold0008:54955162|54962701",NA,1,NA
"6835","scaffold0008:54983696|54985607",4,NA,NA
"6836","scaffold0008:55090306|55091810",39,43,25
"6837","scaffold0008:55103835|55104242",NA,4,NA
"6838","scaffold0008:55216510|55217606",17,14,NA
"6839","scaffold0008:55549019|55570403",NA,NA,3
"6840","scaffold0008:55558728|55560623",NA,NA,1
"6841","scaffold0008:55754480|55760502",NA,NA,2
"6842","scaffold0008:55775257|55777157",1,NA,NA
"6843","scaffold0008:55795300|55796879",4,NA,NA
"6844","scaffold0008:55838757|55840647",1,NA,NA
"6845","scaffold0008:55843974|55845594",1,NA,NA
"6846","scaffold0008:55859136|55868723",NA,NA,4
"6847","scaffold0008:5589502|5599270",NA,NA,7
"6848","scaffold0008:5589502|5606153",NA,NA,1
"6849","scaffold0008:5589502|5607773",NA,NA,1
"6850","scaffold0008:56019|69901",6,NA,NA
"6851","scaffold0008:5604227|5605370",3,NA,NA
"6852","scaffold0008:5604227|5608460",3,NA,1
"6853","scaffold0008:5605213|5608460",NA,2,NA
"6854","scaffold0008:56089474|56093283",NA,NA,3
"6855","scaffold0008:56089474|56100203",NA,3,NA
"6856","scaffold0008:56089474|56103585",NA,5,NA
"6857","scaffold0008:56090680|56103585",NA,NA,2
"6858","scaffold0008:56096227|56096693",1,NA,NA
"6859","scaffold0008:56405422|56407017",1,NA,NA
"6860","scaffold0008:56443673|56452554",9,13,10
"6861","scaffold0008:56609971|56614303",8,8,NA
"6862","scaffold0008:56609971|56619348",3,NA,NA
"6863","scaffold0008:56609971|56621773",13,22,3
"6864","scaffold0008:56642310|56643417",1,6,NA
"6865","scaffold0008:56646561|56650252",NA,35,NA
"6866","scaffold0008:56684665|56722576",NA,1,NA
"6867","scaffold0008:56693525|56711161",NA,5,NA
"6868","scaffold0008:56711034|56722576",13,NA,NA
"6869","scaffold0008:56845308|56851094",6,NA,NA
"6870","scaffold0008:57202509|57273306",6,NA,NA
"6871","scaffold0008:57244765|57273306",8,NA,NA
"6872","scaffold0008:57662125|57665328",4,NA,NA
"6873","scaffold0008:5767567|5782181",3,NA,NA
"6874","scaffold0008:5767567|5808935",1,NA,NA
"6875","scaffold0008:5778247|5782181",5,7,NA
"6876","scaffold0008:5780761|5808935",NA,NA,6
"6877","scaffold0008:5897007|5897660",NA,NA,1
"6878","scaffold0008:5910754|5912842",353,167,130
"6879","scaffold0008:5910754|5928868",NA,4,NA
"6880","scaffold0008:5926794|5928868",6,NA,NA
"6881","scaffold0008:5926794|5943220",5,NA,NA
"6882","scaffold0008:5926794|5968857",3,NA,NA
"6883","scaffold0008:5943007|5946868",3,4,NA
"6884","scaffold0008:5943007|5956297",5,NA,NA
"6885","scaffold0008:5946751|5956297",NA,NA,10
"6886","scaffold0008:61199153|61211718",3,NA,NA
"6887","scaffold0008:61211531|61224338",7,NA,NA
"6888","scaffold0008:61211531|61232560",NA,4,NA
"6889","scaffold0008:61239939|61241051",1,NA,NA
"6890","scaffold0008:61543920|61558281",26,NA,NA
"6891","scaffold0008:62132629|62141864",23,NA,1
"6892","scaffold0008:62141789|62152892",NA,10,NA
"6893","scaffold0008:62393831|62394481",58,36,49
"6894","scaffold0008:6246678|6257366",14,NA,NA
"6895","scaffold0008:6246678|6297844",16,NA,5
"6896","scaffold0008:62551912|62552503",NA,NA,4
"6897","scaffold0008:62551912|62553345",29,4,NA
"6898","scaffold0008:6257244|6297844",NA,1,NA
"6899","scaffold0008:63062692|63063016",NA,5,NA
"6900","scaffold0008:63080927|63081298",NA,NA,1
"6901","scaffold0008:63124347|63214861",5,NA,NA
"6902","scaffold0008:63200664|63208334",NA,NA,4
"6903","scaffold0008:63200664|63214861",4347,2792,2405
"6904","scaffold0008:63208190|63214861",100,39,64
"6905","scaffold0008:63438224|63439158",6,NA,NA
"6906","scaffold0008:63438224|63442078",NA,6,NA
"6907","scaffold0008:63442982|63445552",4,NA,NA
"6908","scaffold0008:63444054|63444977",7,NA,NA
"6909","scaffold0008:63449336|63449580",1,NA,NA
"6910","scaffold0008:63482208|63495744",2,NA,3
"6911","scaffold0008:63494319|63495744",NA,3,1
"6912","scaffold0008:63494319|63507028",NA,8,NA
"6913","scaffold0008:63506917|63550945",15,NA,2
"6914","scaffold0008:63506917|63555101",NA,6,NA
"6915","scaffold0008:63539317|63539936",6,4,2
"6916","scaffold0008:63539317|63550945",39,11,17
"6917","scaffold0008:63539317|63555101",10,NA,4
"6918","scaffold0008:63550765|63555101",41,26,35
"6919","scaffold0008:63580541|63580789",NA,NA,2
"6920","scaffold0008:63580549|63580789",NA,NA,1
"6921","scaffold0008:63580576|63580789",NA,NA,2
"6922","scaffold0008:63580633|63580789",NA,NA,3
"6923","scaffold0008:63580634|63580789",NA,NA,1
"6924","scaffold0008:63580638|63580789",NA,NA,1
"6925","scaffold0008:63671301|63671493",4,NA,NA
"6926","scaffold0008:63677750|63684160",4,NA,NA
"6927","scaffold0008:63683676|63684160",19,NA,10
"6928","scaffold0008:63688422|63689479",2,NA,NA
"6929","scaffold0008:63735024|63737136",1,NA,NA
"6930","scaffold0008:63736433|63737136",5,NA,16
"6931","scaffold0008:63736941|63741293",NA,NA,3
"6932","scaffold0008:63750246|63753952",29,1,20
"6933","scaffold0008:63754710|63755555",NA,1,NA
"6934","scaffold0008:63754710|63758829",3,NA,NA
"6935","scaffold0008:63758724|63767831",NA,NA,8
"6936","scaffold0008:63767624|63770191",NA,6,NA
"6937","scaffold0008:63769409|63770191",144,96,79
"6938","scaffold0008:63812187|63815409",4,NA,NA
"6939","scaffold0008:63822351|63822582",2,NA,NA
"6940","scaffold0008:63823454|63823906",7,NA,NA
"6941","scaffold0008:63994124|63998346",3,NA,NA
"6942","scaffold0008:64042366|64051001",NA,1,1
"6943","scaffold0008:64045842|64051001",NA,1,NA
"6944","scaffold0008:64064257|64066302",NA,10,NA
"6945","scaffold0008:64102445|64105963",14,NA,22
"6946","scaffold0008:64102529|64102793",NA,6,NA
"6947","scaffold0008:64104982|64107382",2,NA,NA
"6948","scaffold0008:64138527|64151943",NA,5,NA
"6949","scaffold0008:64193160|64193586",NA,NA,3
"6950","scaffold0008:64235878|64237528",2,NA,NA
"6951","scaffold0008:64246963|64247296",NA,NA,2
"6952","scaffold0008:64354368|64357802",5,NA,NA
"6953","scaffold0008:64355793|64357802",15,NA,NA
"6954","scaffold0008:64365157|64365507",15,NA,7
"6955","scaffold0008:64414090|64421656",1,NA,NA
"6956","scaffold0008:64421068|64426498",2,NA,NA
"6957","scaffold0008:64427206|64427486",NA,6,NA
"6958","scaffold0008:64436108|64436491",NA,NA,2
"6959","scaffold0008:64456007|64457544",3,NA,NA
"6960","scaffold0008:64456007|64458157",NA,6,NA
"6961","scaffold0008:64458957|64459788",NA,NA,7
"6962","scaffold0008:64465726|64469568",NA,11,12
"6963","scaffold0008:64470694|64471138",NA,4,NA
"6964","scaffold0008:64473326|64474651",NA,13,NA
"6965","scaffold0008:64476168|64476912",3,NA,NA
"6966","scaffold0008:64647597|64649124",NA,NA,4
"6967","scaffold0008:64648893|64649124",3,NA,NA
"6968","scaffold0008:64656830|64658430",154,219,159
"6969","scaffold0008:64656830|64664685",24,NA,NA
"6970","scaffold0008:64664394|64668163",NA,NA,3
"6971","scaffold0008:64675317|64677317",2,NA,NA
"6972","scaffold0008:65545810|65547153",2,NA,NA
"6973","scaffold0008:65709915|65710467",84,110,15
"6974","scaffold0008:65885828|65887459",NA,1,NA
"6975","scaffold0008:66508021|66515675",13,NA,NA
"6976","scaffold0008:66619255|66619476",11,NA,5
"6977","scaffold0008:66622387|66630773",NA,NA,2
"6978","scaffold0008:66630652|66643814",NA,NA,2
"6979","scaffold0008:66635972|66643814",NA,2,NA
"6980","scaffold0008:66641649|66643814",9,NA,3
"6981","scaffold0008:66664522|66665478",NA,NA,1
"6982","scaffold0008:66665380|66666066",96,12,31
"6983","scaffold0008:66666808|66666989",NA,3,NA
"6984","scaffold0008:66702974|66719335",NA,6,NA
"6985","scaffold0008:66710380|66714923",12,8,NA
"6986","scaffold0008:66710380|66721012",NA,26,17
"6987","scaffold0008:67256654|67258412",NA,NA,2
"6988","scaffold0008:67371795|67372481",NA,NA,1
"6989","scaffold0008:67460672|67461901",NA,9,NA
"6990","scaffold0008:67462521|67463164",NA,NA,8
"6991","scaffold0008:67475878|67476482",NA,NA,4
"6992","scaffold0008:67478013|67480305",1,NA,NA
"6993","scaffold0008:67479197|67480305",1,NA,3
"6994","scaffold0008:67482457|67483157",5,NA,1
"6995","scaffold0008:67501661|67502466",NA,NA,2
"6996","scaffold0008:67535770|67538207",4,NA,NA
"6997","scaffold0008:67615638|67637380",NA,NA,7
"6998","scaffold0008:67821982|67822182",1,NA,NA
"6999","scaffold0008:67822414|67826262",2,NA,NA
"7000","scaffold0008:67918417|67925341",3,NA,NA
"7001","scaffold0008:67957842|67958620",5,1,NA
"7002","scaffold0008:68103791|68107830",NA,NA,9
"7003","scaffold0008:68107720|68108021",7,NA,NA
"7004","scaffold0008:6968501|6969413",11,NA,8
"7005","scaffold0008:7947153|7948886",2,NA,NA
"7006","scaffold0008:7967166|7969217",NA,NA,6
"7007","scaffold0008:7972788|7973190",3,NA,NA
"7008","scaffold0008:7972788|7973191",1,NA,NA
"7009","scaffold0008:7972788|7973192",1,10,5
"7010","scaffold0008:9390809|9418680",2,NA,NA
"7011","scaffold0008:9399573|9418680",NA,11,NA
"7012","scaffold0008:9435110|9458197",4,NA,NA
"7013","scaffold0008:9551698|9554711",1,NA,NA
"7014","scaffold0008:9586362|9590711",27,NA,NA
"7015","scaffold0009:100495|117092",1,NA,NA
"7016","scaffold0009:1006957|1010695",4,NA,NA
"7017","scaffold0009:1006957|1019506",29,6,7
"7018","scaffold0009:1008290|1010695",6,NA,NA
"7019","scaffold0009:1008290|1019506",5,NA,NA
"7020","scaffold0009:1014165|1019506",5,1,NA
"7021","scaffold0009:1016141|1019506",53,12,10
"7022","scaffold0009:10574595|10577087",10,18,3
"7023","scaffold0009:10598091|10598214",NA,NA,1
"7024","scaffold0009:10637243|10640852",NA,3,NA
"7025","scaffold0009:10640372|10640852",50,15,19
"7026","scaffold0009:10660552|10665641",1,NA,NA
"7027","scaffold0009:10662788|10663313",3,NA,9
"7028","scaffold0009:10662788|10666807",4,NA,NA
"7029","scaffold0009:10695695|10704005",5,NA,NA
"7030","scaffold0009:10768542|10768777",4,NA,NA
"7031","scaffold0009:11092828|11094916",10,14,NA
"7032","scaffold0009:11092828|11141695",5,NA,NA
"7033","scaffold0009:11092828|11194516",3,NA,NA
"7034","scaffold0009:11133803|11141695",39,NA,7
"7035","scaffold0009:11133803|11151091",5,9,NA
"7036","scaffold0009:11414445|11416527",NA,8,NA
"7037","scaffold0009:11448958|11457484",NA,23,NA
"7038","scaffold0009:11448958|11512508",16,NA,3
"7039","scaffold0009:11453312|11512508",NA,NA,6
"7040","scaffold0009:11475447|11512508",177,94,36
"7041","scaffold0009:12277784|12301438",NA,5,NA
"7042","scaffold0009:12301359|12324934",NA,NA,2
"7043","scaffold0009:12313105|12317867",NA,NA,2
"7044","scaffold0009:12313105|12324934",4,NA,NA
"7045","scaffold0009:12313105|12336087",9,NA,NA
"7046","scaffold0009:1237418|1257339",6,19,NA
"7047","scaffold0009:1242629|1257339",6,NA,NA
"7048","scaffold0009:1250730|1257339",154,NA,167
"7049","scaffold0009:12700098|12717003",4,NA,NA
"7050","scaffold0009:1271494|1277515",NA,NA,4
"7051","scaffold0009:13167994|13170184",107,74,56
"7052","scaffold0009:13172426|13173463",3,NA,NA
"7053","scaffold0009:13172426|13175572",14,28,23
"7054","scaffold0009:13189978|13191935",2,NA,NA
"7055","scaffold0009:13189978|13193995",3,NA,NA
"7056","scaffold0009:13189978|13195113",25,8,NA
"7057","scaffold0009:13339662|13364225",NA,1,NA
"7058","scaffold0009:13791708|13796541",NA,4,1
"7059","scaffold0009:13807024|13832178",1,NA,2
"7060","scaffold0009:13819428|13838117",23,24,6
"7061","scaffold0009:13824310|13838117",7,9,NA
"7062","scaffold0009:13826518|13838117",31,37,50
"7063","scaffold0009:13837915|13917179",3,NA,NA
"7064","scaffold0009:13860219|13871630",NA,NA,3
"7065","scaffold0009:13871361|13885799",NA,1,11
"7066","scaffold0009:13871361|13905698",3,NA,NA
"7067","scaffold0009:13885669|13905698",10,18,NA
"7068","scaffold0009:13885669|13917179",24,8,13
"7069","scaffold0009:13905541|13917179",224,98,34
"7070","scaffold0009:13905541|13984027",3,NA,NA
"7071","scaffold0009:13983837|13984027",5,1,NA
"7072","scaffold0009:13999067|14000963",15,NA,2
"7073","scaffold0009:14034946|14037704",7,NA,NA
"7074","scaffold0009:14036768|14036942",NA,NA,3
"7075","scaffold0009:14050995|14051893",39,44,36
"7076","scaffold0009:14063881|14064452",NA,NA,1
"7077","scaffold0009:14075271|14079548",1,NA,NA
"7078","scaffold0009:14080447|14085225",1,NA,NA
"7079","scaffold0009:1409775|1411214",11,4,14
"7080","scaffold0009:1409775|1416848",NA,4,NA
"7081","scaffold0009:1416487|1416848",2,1,NA
"7082","scaffold0009:1416487|1426380",NA,NA,1
"7083","scaffold0009:14489650|14499635",2,NA,NA
"7084","scaffold0009:14499100|14513619",NA,3,4
"7085","scaffold0009:14509030|14513619",NA,NA,1
"7086","scaffold0009:14509030|14535807",3,NA,NA
"7087","scaffold0009:1468944|1470817",6,NA,NA
"7088","scaffold0009:14832351|14943822",1,NA,4
"7089","scaffold0009:14920763|14943822",24,10,5
"7090","scaffold0009:15657860|15660881",10,NA,2
"7091","scaffold0009:17518197|17518392",NA,NA,1
"7092","scaffold0009:17563350|17566343",9,16,NA
"7093","scaffold0009:17563350|17572103",40,17,20
"7094","scaffold0009:17571062|17572103",NA,13,32
"7095","scaffold0009:17742897|17756580",NA,NA,2
"7096","scaffold0009:17756456|17758607",NA,7,2
"7097","scaffold0009:17756456|17764070",12,19,11
"7098","scaffold0009:17756456|17774745",NA,NA,6
"7099","scaffold0009:17756456|17778333",NA,NA,1
"7100","scaffold0009:17758453|17764070",NA,NA,4
"7101","scaffold0009:17791725|17791911",NA,NA,4
"7102","scaffold0009:1796260|1809654",28,NA,NA
"7103","scaffold0009:18076903|18077056",1,NA,NA
"7104","scaffold0009:18076903|18095659",96,32,5
"7105","scaffold0009:18076903|18116326",4,NA,NA
"7106","scaffold0009:18116133|18116326",2,NA,NA
"7107","scaffold0009:18499505|18499696",NA,4,NA
"7108","scaffold0009:18503011|18503324",2,NA,NA
"7109","scaffold0009:19017565|19019277",5,5,NA
"7110","scaffold0009:19017565|19023000",2,NA,NA
"7111","scaffold0009:19022830|19025065",1,NA,NA
"7112","scaffold0009:19351321|19353109",6,NA,NA
"7113","scaffold0009:19351321|19357401",18,36,14
"7114","scaffold0009:19375028|19385430",3,NA,NA
"7115","scaffold0009:19375028|19391983",2,NA,NA
"7116","scaffold0009:19378224|19385430",3,NA,NA
"7117","scaffold0009:19378224|19391983",2,NA,NA
"7118","scaffold0009:19391875|19404174",4,NA,NA
"7119","scaffold0009:19636535|19637524",NA,NA,2
"7120","scaffold0009:19641009|19643670",NA,NA,2
"7121","scaffold0009:19726097|19730104",1,NA,NA
"7122","scaffold0009:20249133|20249602",NA,NA,1
"7123","scaffold0009:20310246|20361412",4,NA,NA
"7124","scaffold0009:20357857|20361412",11,NA,10
"7125","scaffold0009:20357857|20378039",5,NA,NA
"7126","scaffold0009:20452063|20455283",7,NA,NA
"7127","scaffold0009:20453984|20455283",10,7,16
"7128","scaffold0009:20649369|20653066",3,NA,2
"7129","scaffold0009:20652948|20656411",4,NA,NA
"7130","scaffold0009:20652948|20663572",3,NA,NA
"7131","scaffold0009:20654775|20656411",1338,981,647
"7132","scaffold0009:20654775|20658893",18,6,5
"7133","scaffold0009:21197457|21197876",NA,4,NA
"7134","scaffold0009:22236899|22253619",NA,1,NA
"7135","scaffold0009:22401332|22408793",NA,NA,1
"7136","scaffold0009:22403586|22408793",NA,NA,4
"7137","scaffold0009:22404363|22405977",2,NA,1
"7138","scaffold0009:22463288|22465452",9,NA,NA
"7139","scaffold0009:22463288|22468763",8,NA,NA
"7140","scaffold0009:22502417|22502985",2,NA,NA
"7141","scaffold0009:23325696|23352417",3,NA,NA
"7142","scaffold0009:23340736|23352417",3,NA,NA
"7143","scaffold0009:23530929|23532327",18,15,8
"7144","scaffold0009:24413728|24417285",5,NA,4
"7145","scaffold0009:24413728|24425235",1,NA,NA
"7146","scaffold0009:24420748|24425235",72,NA,NA
"7147","scaffold0009:24432970|24442606",2,10,NA
"7148","scaffold0009:24432970|24450624",5,NA,NA
"7149","scaffold0009:24435102|24444723",3,NA,NA
"7150","scaffold0009:24532243|24549050",NA,NA,1
"7151","scaffold0009:24565867|24581870",NA,NA,3
"7152","scaffold0009:24570070|24572040",3,NA,NA
"7153","scaffold0009:24733897|24735653",4,NA,NA
"7154","scaffold0009:24822499|24827342",27,20,NA
"7155","scaffold0009:24863761|24899859",NA,8,NA
"7156","scaffold0009:24890727|24899859",10,NA,NA
"7157","scaffold0009:24890727|24902137",13,NA,NA
"7158","scaffold0009:25381347|25541579",1,NA,NA
"7159","scaffold0009:25468266|25541579",2,NA,NA
"7160","scaffold0009:25468266|25571234",2,NA,NA
"7161","scaffold0009:25472403|25541579",3,NA,NA
"7162","scaffold0009:25526103|25541579",5,NA,NA
"7163","scaffold0009:25526103|25571234",5,NA,NA
"7164","scaffold0009:25640191|25667526",NA,3,NA
"7165","scaffold0009:25640191|25713033",3,NA,NA
"7166","scaffold0009:2580604|2585174",35,NA,NA
"7167","scaffold0009:2580604|2658990",NA,NA,3
"7168","scaffold0009:25833542|25848056",6,NA,NA
"7169","scaffold0009:2583386|2585174",NA,1,NA
"7170","scaffold0009:2583386|2658990",7,NA,NA
"7171","scaffold0009:2609057|2644217",NA,20,NA
"7172","scaffold0009:2609057|2658990",144,32,38
"7173","scaffold0009:26302621|26311021",NA,4,NA
"7174","scaffold0009:2644100|2658990",1885,594,908
"7175","scaffold0009:27212147|27216544",NA,NA,9
"7176","scaffold0009:27212147|27218974",17,3,NA
"7177","scaffold0009:27224984|27226482",7,19,3
"7178","scaffold0009:27316657|27319968",785,7,245
"7179","scaffold0009:27341354|27384923",5,NA,NA
"7180","scaffold0009:27816228|27827912",24,NA,11
"7181","scaffold0009:27862154|27877198",NA,2,NA
"7182","scaffold0009:27868856|27877198",NA,NA,2
"7183","scaffold0009:27951833|27985088",NA,5,NA
"7184","scaffold0009:27970843|27985088",39,11,6
"7185","scaffold0009:2887025|2891254",113,26,56
"7186","scaffold0009:29524184|29524398",3,9,3
"7187","scaffold0009:29566812|29588668",11,2,NA
"7188","scaffold0009:29700616|29714082",9,NA,2
"7189","scaffold0009:29704575|29713716",1,NA,NA
"7190","scaffold0009:30580725|30585476",7,NA,2
"7191","scaffold0009:30581920|30585476",16,7,4
"7192","scaffold0009:30632610|30637220",3,1,1
"7193","scaffold0009:30632610|30639677",1,1,NA
"7194","scaffold0009:309156|320428",2,NA,1
"7195","scaffold0009:315116|320428",16,1,13
"7196","scaffold0009:317450|320428",2,NA,NA
"7197","scaffold0009:31806229|31807069",7,NA,NA
"7198","scaffold0009:31946296|31955978",NA,2,NA
"7199","scaffold0009:32086167|32090054",NA,NA,4
"7200","scaffold0009:32086167|32106067",2,NA,NA
"7201","scaffold0009:32089311|32090054",11,NA,6
"7202","scaffold0009:32114558|32119391",NA,2,NA
"7203","scaffold0009:3213435|3408379",1,NA,NA
"7204","scaffold0009:32145574|32147227",2,NA,NA
"7205","scaffold0009:32181535|32182143",1,NA,NA
"7206","scaffold0009:32397932|32400162",NA,5,NA
"7207","scaffold0009:32975394|32983632",5,4,13
"7208","scaffold0009:32978207|32983632",3,NA,NA
"7209","scaffold0009:32995725|32995938",NA,7,NA
"7210","scaffold0009:33485977|33486741",1,NA,NA
"7211","scaffold0009:33515286|33520628",4,NA,NA
"7212","scaffold0009:33549863|33551756",1,NA,NA
"7213","scaffold0009:33684838|33685307",NA,19,NA
"7214","scaffold0009:337677|338152",NA,3,NA
"7215","scaffold0009:33796248|33797559",NA,NA,2
"7216","scaffold0009:33892401|33894590",NA,8,NA
"7217","scaffold0009:33892401|33896073",54,NA,42
"7218","scaffold0009:3408257|3504458",NA,4,NA
"7219","scaffold0009:3412250|3504458",NA,2,NA
"7220","scaffold0009:34330|36135",2,NA,NA
"7221","scaffold0009:351172|352028",1,NA,NA
"7222","scaffold0009:35405163|35408809",NA,NA,1
"7223","scaffold0009:35407043|35408809",3,NA,NA
"7224","scaffold0009:3573707|3690715",NA,NA,4
"7225","scaffold0009:36740015|36740482",NA,8,NA
"7226","scaffold0009:3680789|3690715",37,22,20
"7227","scaffold0009:37030991|37086410",NA,21,NA
"7228","scaffold0009:37082731|37082989",1,NA,NA
"7229","scaffold0009:37082731|37086410",15,14,12
"7230","scaffold0009:37082731|37095976",6,NA,NA
"7231","scaffold0009:37095877|37099897",NA,NA,2
"7232","scaffold0009:37095877|37107942",3,4,NA
"7233","scaffold0009:37102717|37107942",2,7,NA
"7234","scaffold0009:37302885|37310527",10,NA,NA
"7235","scaffold0009:37302885|37314724",2,NA,NA
"7236","scaffold0009:37357000|37367108",2,NA,NA
"7237","scaffold0009:37361337|37365236",2,9,NA
"7238","scaffold0009:37361337|37367108",4,NA,NA
"7239","scaffold0009:37363032|37365236",9,9,9
"7240","scaffold0009:37414897|37416209",70,49,31
"7241","scaffold0009:37490905|37496060",20,NA,NA
"7242","scaffold0009:37611371|37611523",NA,NA,2
"7243","scaffold0009:37622004|37638385",3,NA,NA
"7244","scaffold0009:37628215|37638385",14,NA,NA
"7245","scaffold0009:37629962|37638385",14,10,2
"7246","scaffold0009:37635976|37638385",NA,NA,9
"7247","scaffold0009:37665843|37667976",171,18,87
"7248","scaffold0009:37814294|37835890",156,NA,72
"7249","scaffold0009:37814294|37850089",13,NA,NA
"7250","scaffold0009:37814294|37851725",105,55,76
"7251","scaffold0009:37814294|37880476",1,NA,NA
"7252","scaffold0009:37835814|37851725",92,23,61
"7253","scaffold0009:37849978|37851725",4,6,9
"7254","scaffold0009:37880344|37884798",28,16,20
"7255","scaffold0009:38074982|38087630",21,13,NA
"7256","scaffold0009:38082070|38087630",4,NA,NA
"7257","scaffold0009:38141611|38145451",NA,NA,6
"7258","scaffold0009:38608169|38608517",7,NA,NA
"7259","scaffold0009:38609577|38610301",NA,NA,7
"7260","scaffold0009:38609577|38610307",NA,NA,2
"7261","scaffold0009:38615146|38615467",NA,NA,1
"7262","scaffold0009:38735891|38739326",NA,1,NA
"7263","scaffold0009:38845689|38853689",3,NA,NA
"7264","scaffold0009:38855046|38856716",3,NA,NA
"7265","scaffold0009:3889057|3895163",3,NA,NA
"7266","scaffold0009:3890004|3895163",NA,NA,1
"7267","scaffold0009:38954815|38960987",2,NA,NA
"7268","scaffold0009:38998282|39002415",3,NA,NA
"7269","scaffold0009:3906712|3911956",NA,NA,1
"7270","scaffold0009:3928764|3931621",NA,6,NA
"7271","scaffold0009:39334434|39364940",6,NA,NA
"7272","scaffold0009:39364839|39384539",8,NA,7
"7273","scaffold0009:39442566|39442790",8,NA,NA
"7274","scaffold0009:39724005|39733095",39,7,4
"7275","scaffold0009:39724005|39735064",44,9,2
"7276","scaffold0009:39726220|39758222",2,NA,NA
"7277","scaffold0009:39832478|39845560",1,NA,NA
"7278","scaffold0009:39832478|39849957",15,36,41
"7279","scaffold0009:39832478|39877257",2,13,NA
"7280","scaffold0009:39843042|39849957",7,7,5
"7281","scaffold0009:39868652|39877257",1,22,NA
"7282","scaffold0009:40028375|40056764",NA,4,NA
"7283","scaffold0009:40028375|40058589",NA,4,NA
"7284","scaffold0009:40253611|40275508",NA,3,5
"7285","scaffold0009:40348742|40348945",NA,1,NA
"7286","scaffold0009:40380515|40380997",3,NA,NA
"7287","scaffold0009:4052866|4055715",1,NA,11
"7288","scaffold0009:4052866|4074823",53,54,81
"7289","scaffold0009:40675338|40692023",NA,NA,4
"7290","scaffold0009:40675338|40702299",2,9,3
"7291","scaffold0009:40675338|40704123",2,2,4
"7292","scaffold0009:40676304|40696890",4,NA,NA
"7293","scaffold0009:40676304|40698645",2,NA,NA
"7294","scaffold0009:40696706|40702299",2,NA,NA
"7295","scaffold0009:40696706|40704123",1,NA,NA
"7296","scaffold0009:4071586|4074823",790,809,596
"7297","scaffold0009:4074355|4074510",6,NA,NA
"7298","scaffold0009:4074355|4074823",7,6,4
"7299","scaffold0009:40750300|40752590",NA,NA,8
"7300","scaffold0009:40914350|40927840",1,NA,NA
"7301","scaffold0009:40920405|40927840",NA,NA,3
"7302","scaffold0009:41091201|41101565",1,NA,NA
"7303","scaffold0009:41703899|41722692",NA,7,NA
"7304","scaffold0009:41703899|41725474",8,2,10
"7305","scaffold0009:41703899|41730016",6,NA,10
"7306","scaffold0009:41703899|41751287",15,NA,37
"7307","scaffold0009:41703899|41771428",23,NA,19
"7308","scaffold0009:41721155|41725474",14,NA,6
"7309","scaffold0009:41721155|41730016",12,NA,NA
"7310","scaffold0009:41721155|41751287",10,NA,3
"7311","scaffold0009:41721155|41771428",3,NA,NA
"7312","scaffold0009:41722561|41725474",2,4,12
"7313","scaffold0009:41722561|41730016",25,3,15
"7314","scaffold0009:41725264|41730016",20,23,5
"7315","scaffold0009:41751181|41763227",NA,NA,2
"7316","scaffold0009:41751181|41771428",5,NA,4
"7317","scaffold0009:41758939|41763227",NA,NA,2
"7318","scaffold0009:41758939|41771428",4,NA,6
"7319","scaffold0009:42132475|42159047",NA,NA,2
"7320","scaffold0009:42145594|42159047",19,2,1
"7321","scaffold0009:42151428|42159047",1,NA,NA
"7322","scaffold0009:42165340|42167174",22,NA,3
"7323","scaffold0009:42167086|42180863",NA,NA,4
"7324","scaffold0009:42180713|42199316",3,10,NA
"7325","scaffold0009:42192266|42199316",NA,NA,2
"7326","scaffold0009:42198871|42209369",NA,NA,1
"7327","scaffold0009:4222905|4227751",NA,NA,6
"7328","scaffold0009:4222905|4231453",NA,NA,1
"7329","scaffold0009:4236282|4241551",1,NA,NA
"7330","scaffold0009:4262498|4263924",3,15,NA
"7331","scaffold0009:4262498|4272139",NA,11,NA
"7332","scaffold0009:4262498|4295704",3,NA,NA
"7333","scaffold0009:4266538|4272139",2,NA,NA
"7334","scaffold0009:4266538|4295704",3,NA,NA
"7335","scaffold0009:4270191|4272139",1,NA,NA
"7336","scaffold0009:4270191|4295704",8,NA,NA
"7337","scaffold0009:4391212|4391444",NA,5,6
"7338","scaffold0009:4395298|4397968",1,NA,NA
"7339","scaffold0009:43967956|43983749",4,NA,NA
"7340","scaffold0009:4396932|4398467",20,NA,NA
"7341","scaffold0009:4397398|4401824",NA,NA,2
"7342","scaffold0009:4397398|4402318",NA,14,5
"7343","scaffold0009:4397509|4397774",1,NA,NA
"7344","scaffold0009:4405335|4410849",1,4,3
"7345","scaffold0009:44058976|44065731",3,NA,NA
"7346","scaffold0009:4408800|4410849",3,NA,NA
"7347","scaffold0009:4440971|4442220",57,55,34
"7348","scaffold0009:4440971|4445145",NA,NA,3
"7349","scaffold0009:4440971|4448405",NA,6,NA
"7350","scaffold0009:44620665|44622865",15,5,NA
"7351","scaffold0009:44673923|44674724",12,1,NA
"7352","scaffold0009:44683184|44691990",NA,NA,3
"7353","scaffold0009:44685040|44691990",NA,NA,7
"7354","scaffold0009:44726598|44727326",NA,NA,2
"7355","scaffold0009:44768200|44769603",2,NA,NA
"7356","scaffold0009:44768200|44780490",NA,NA,1
"7357","scaffold0009:45503920|45511294",1,NA,NA
"7358","scaffold0009:45503920|45524471",4,NA,NA
"7359","scaffold0009:45572875|45577481",4,NA,NA
"7360","scaffold0009:45576023|45577481",3,NA,NA
"7361","scaffold0009:45577290|45580291",NA,NA,9
"7362","scaffold0009:4698981|4704380",2,3,NA
"7363","scaffold0009:47413760|47425902",NA,9,NA
"7364","scaffold0009:47464515|47468261",4,NA,NA
"7365","scaffold0009:47478329|47488412",NA,3,NA
"7366","scaffold0009:47533824|47534551",18,22,8
"7367","scaffold0009:47533824|47560627",2,11,NA
"7368","scaffold0009:47913110|47915540",8,9,NA
"7369","scaffold0009:47917851|47920751",70,13,13
"7370","scaffold0009:4796044|4796646",1,NA,NA
"7371","scaffold0009:4796044|4798193",NA,12,3
"7372","scaffold0009:4796579|4799031",NA,4,NA
"7373","scaffold0009:4799499|4801191",8,NA,NA
"7374","scaffold0009:4939457|4948912",11,NA,NA
"7375","scaffold0009:4945985|4946888",1,NA,NA
"7376","scaffold0009:4964478|4964764",NA,NA,1
"7377","scaffold0009:5172220|5178106",6,NA,NA
"7378","scaffold0009:5172220|5194803",4,NA,NA
"7379","scaffold0009:5175253|5194803",1,NA,NA
"7380","scaffold0009:5188518|5194803",NA,NA,2
"7381","scaffold0009:52279508|52279980",NA,15,NA
"7382","scaffold0009:52279508|52279986",2,NA,NA
"7383","scaffold0009:52290911|52295667",6,NA,3
"7384","scaffold0009:52292631|52295667",5,NA,NA
"7385","scaffold0009:52316605|52322636",NA,15,NA
"7386","scaffold0009:5234753|5236982",8,NA,2
"7387","scaffold0009:52803556|52803811",9,10,3
"7388","scaffold0009:52941704|52948276",NA,5,1
"7389","scaffold0009:52944758|52948276",49,NA,NA
"7390","scaffold0009:52973569|52977599",NA,5,NA
"7391","scaffold0009:52999174|53000069",10,NA,1
"7392","scaffold0009:53001531|53003105",48,5,8
"7393","scaffold0009:53001531|53004711",2,NA,NA
"7394","scaffold0009:53036078|53037293",7,23,6
"7395","scaffold0009:53036078|53038541",10,NA,17
"7396","scaffold0009:53038392|53039304",153,77,102
"7397","scaffold0009:53038392|53041070",NA,3,NA
"7398","scaffold0009:53039092|53039304",NA,8,NA
"7399","scaffold0009:53039092|53041070",8,NA,3
"7400","scaffold0009:53039092|53051925",4,NA,NA
"7401","scaffold0009:53061572|53062819",8,NA,NA
"7402","scaffold0009:53061974|53063792",NA,NA,4
"7403","scaffold0009:53077296|53079441",4,NA,NA
"7404","scaffold0009:53135799|53144451",NA,NA,2
"7405","scaffold0009:5320557|5331684",5,NA,NA
"7406","scaffold0009:53285532|53285828",NA,NA,3
"7407","scaffold0009:53285532|53292262",2,NA,NA
"7408","scaffold0009:53325913|53327613",887,360,344
"7409","scaffold0009:53325913|53332899",NA,NA,6
"7410","scaffold0009:53325913|53334432",1,NA,NA
"7411","scaffold0009:53327481|53334432",4,NA,NA
"7412","scaffold0009:53330087|53334432",NA,NA,22
"7413","scaffold0009:53439048|53440814",4,NA,NA
"7414","scaffold0009:53531651|53538457",9,1,9
"7415","scaffold0009:53531651|53551074",7,NA,2
"7416","scaffold0009:5353444|5356683",8,NA,NA
"7417","scaffold0009:53536831|53551074",11,NA,NA
"7418","scaffold0009:53572705|53581406",4,NA,NA
"7419","scaffold0009:5390379|5396978",1,NA,NA
"7420","scaffold0009:5444272|5451645",NA,NA,6
"7421","scaffold0009:5447433|5451645",5,NA,NA
"7422","scaffold0009:54490625|54497986",4,NA,NA
"7423","scaffold0009:5449277|5451645",NA,NA,6
"7424","scaffold0009:5463878|5464044",1,NA,NA
"7425","scaffold0009:54686076|54686295",NA,8,NA
"7426","scaffold0009:54756408|54759243",140,47,57
"7427","scaffold0009:5476958|5481089",36,13,21
"7428","scaffold0009:55428731|55429084",5,NA,NA
"7429","scaffold0009:55431601|55431991",NA,NA,6
"7430","scaffold0009:55482229|55483919",8,NA,NA
"7431","scaffold0009:55494710|55504654",6,NA,NA
"7432","scaffold0009:55506665|55507301",NA,NA,1
"7433","scaffold0009:55532651|55535191",3,NA,NA
"7434","scaffold0009:5614296|5634359",11,NA,NA
"7435","scaffold0009:56566166|56572115",NA,2,NA
"7436","scaffold0009:56639227|56646560",3,NA,NA
"7437","scaffold0009:56715345|56724765",2,NA,NA
"7438","scaffold0009:56724222|56737427",14,7,NA
"7439","scaffold0009:56724222|56758836",NA,NA,4
"7440","scaffold0009:56727988|56729721",3,NA,NA
"7441","scaffold0009:56733244|56737427",7,NA,10
"7442","scaffold0009:56733244|56741142",2,NA,NA
"7443","scaffold0009:56959953|56969408",NA,NA,2
"7444","scaffold0009:56959953|56975260",1,7,NA
"7445","scaffold0009:57147698|57159863",12,NA,NA
"7446","scaffold0009:57149706|57159863",1,NA,NA
"7447","scaffold0009:57193252|57218396",NA,NA,4
"7448","scaffold0009:57201591|57218396",28,9,2
"7449","scaffold0009:57262853|57264109",5,NA,NA
"7450","scaffold0009:57272873|57279788",5,NA,NA
"7451","scaffold0009:57279635|57281501",1,NA,NA
"7452","scaffold0009:57317044|57317666",13,NA,NA
"7453","scaffold0009:57368803|57373373",1,NA,1
"7454","scaffold0009:57436168|57456149",NA,8,4
"7455","scaffold0009:58056024|58073984",6,NA,NA
"7456","scaffold0009:5895642|5898580",6,NA,NA
"7457","scaffold0009:5901771|5902330",NA,1,NA
"7458","scaffold0009:5901771|5923970",1,NA,NA
"7459","scaffold0009:5916141|5916940",13,12,NA
"7460","scaffold0009:5916141|5923970",NA,NA,6
"7461","scaffold0009:5916833|5923970",NA,4,6
"7462","scaffold0009:5923824|5940694",NA,NA,2
"7463","scaffold0009:5923824|5951196",NA,NA,1
"7464","scaffold0009:5923824|5966247",NA,NA,2
"7465","scaffold0009:5923824|5988672",NA,NA,1
"7466","scaffold0009:5938279|5966247",3,NA,NA
"7467","scaffold0009:5940366|5951196",12,NA,6
"7468","scaffold0009:5940366|5988672",6,NA,NA
"7469","scaffold0009:59488962|59489729",17,NA,NA
"7470","scaffold0009:59488962|59511945",4,NA,NA
"7471","scaffold0009:59488962|59542273",8,6,NA
"7472","scaffold0009:59488962|59542913",3,6,NA
"7473","scaffold0009:5951016|5966247",NA,NA,10
"7474","scaffold0009:5951016|5988672",3,NA,2
"7475","scaffold0009:59511836|59542273",NA,7,NA
"7476","scaffold0009:59511836|59542913",NA,2,NA
"7477","scaffold0009:59618791|59623986",83,69,69
"7478","scaffold0009:5966157|5988672",2,6,5
"7479","scaffold0009:5966157|6187626",4,NA,NA
"7480","scaffold0009:5988428|5988672",NA,NA,2
"7481","scaffold0009:5988428|6100299",1,NA,2
"7482","scaffold0009:5988428|6187626",NA,1,NA
"7483","scaffold0009:60235752|60246636",99,14,34
"7484","scaffold0009:60379345|60379689",806,406,477
"7485","scaffold0009:60379345|60391612",52,7,20
"7486","scaffold0009:60409664|60414085",5,NA,1
"7487","scaffold0009:60409664|60431885",NA,5,NA
"7488","scaffold0009:60409664|60436131",NA,NA,2
"7489","scaffold0009:60430889|60441814",5,NA,NA
"7490","scaffold0009:60459840|60467797",NA,NA,1
"7491","scaffold0009:60462569|60464998",2,NA,NA
"7492","scaffold0009:60462569|60467797",5,NA,NA
"7493","scaffold0009:60462569|60470119",1,NA,NA
"7494","scaffold0009:60463433|60464998",1,NA,NA
"7495","scaffold0009:60463433|60467797",1,NA,NA
"7496","scaffold0009:60463433|60470119",1,NA,NA
"7497","scaffold0009:60467671|60474695",NA,6,NA
"7498","scaffold0009:60469993|60474695",NA,1,NA
"7499","scaffold0009:60473529|60474695",5,1,NA
"7500","scaffold0009:60473529|60476803",2,NA,NA
"7501","scaffold0009:60475633|60476803",2,2,NA
"7502","scaffold0009:6100188|6121807",58,32,73
"7503","scaffold0009:6100188|6187626",56,19,21
"7504","scaffold0009:6121657|6187626",66,40,63
"7505","scaffold0009:6187431|6187626",501,494,477
"7506","scaffold0009:705521|744654",32,NA,1
"7507","scaffold0009:719503|744654",91,25,9
"7508","scaffold0009:737516|744654",52,NA,2
"7509","scaffold0009:7555688|7560639",3,NA,NA
"7510","scaffold0009:7555688|7575983",5,NA,NA
"7511","scaffold0009:7565880|7575983",8,NA,6
"7512","scaffold0009:7847188|7874896",NA,NA,2
"7513","scaffold0009:7893065|7904166",12,NA,NA
"7514","scaffold0009:7898480|7904166",47,36,NA
"7515","scaffold0009:8375500|8399607",15,16,9
"7516","scaffold0009:8455565|8455748",NA,NA,3
"7517","scaffold0009:8855670|8869764",NA,6,NA
"7518","scaffold0009:8858149|8869764",NA,7,NA
"7519","scaffold0009:8869596|8870133",2,NA,NA
"7520","scaffold0009:8878887|8881844",1,39,NA
"7521","scaffold0009:8895133|8898192",1,NA,NA
"7522","scaffold0009:8902293|8910118",4,NA,NA
"7523","scaffold0009:8909446|8910118",8,NA,6
"7524","scaffold0009:8944592|8947351",1,8,3
"7525","scaffold0009:8964652|8965846",14,NA,2
"7526","scaffold0009:8976886|8988213",5,NA,NA
"7527","scaffold0009:9068290|9124521",22,27,1
"7528","scaffold0009:9124185|9124521",73,39,3
"7529","scaffold0009:9124185|9155068",3,NA,NA
"7530","scaffold0009:9154951|9182354",4,NA,NA
"7531","scaffold0009:9355624|9355942",NA,22,NA
"7532","scaffold0009:9366931|9375139",6,NA,10
"7533","scaffold0009:9437376|9448808",210,134,12
"7534","scaffold0009:9444161|9448808",19,2,NA
"7535","scaffold0009:9447402|9448808",NA,NA,1
"7536","scaffold0009:9451337|9457870",3,NA,NA
"7537","scaffold0009:954489|976469",1,NA,NA
"7538","scaffold0009:9683371|9685990",14,14,8
"7539","scaffold0009:9706464|9714098",NA,20,5
"7540","scaffold0009:9706464|9800103",5,NA,NA
"7541","scaffold0009:9713958|9744656",NA,NA,3
"7542","scaffold0009:9739740|9759397",NA,10,NA
"7543","scaffold0009:9744587|9759397",9,NA,7
"7544","scaffold0009:9771784|9781200",5,6,NA
"7545","scaffold0009:9771784|9795206",2,NA,NA
"7546","scaffold0009:9771784|9800103",3,NA,NA
"7547","scaffold0009:9835955|9861063",NA,7,NA
"7548","scaffold0009:983729|990926",10,NA,NA
"7549","scaffold0009:9898948|9951515",NA,5,2
"7550","scaffold0009:990807|1019506",3,NA,NA
"7551","scaffold0009:9951009|9951515",NA,NA,2
"7552","scaffold0009:998421|1019506",6,8,4
"7553","scaffold0010:10104394|10109848",11,4,NA
"7554","scaffold0010:10240763|10248446",5,NA,NA
"7555","scaffold0010:10240763|10251122",9,5,1
"7556","scaffold0010:10240763|10252584",8,NA,NA
"7557","scaffold0010:10258371|10259922",1,NA,NA
"7558","scaffold0010:10262584|10266520",38,6,23
"7559","scaffold0010:10266096|10266520",2,NA,2
"7560","scaffold0010:10279186|10293493",29,7,7
"7561","scaffold0010:10309139|10318770",2,NA,NA
"7562","scaffold0010:10358765|10362220",8,NA,NA
"7563","scaffold0010:10367056|10367491",NA,2,NA
"7564","scaffold0010:10367056|10375766",6,NA,NA
"7565","scaffold0010:10485103|10501226",NA,NA,1
"7566","scaffold0010:10959975|10963422",5,11,NA
"7567","scaffold0010:10959975|10969245",NA,3,NA
"7568","scaffold0010:11086833|11093500",NA,6,NA
"7569","scaffold0010:11086833|11096099",13,NA,11
"7570","scaffold0010:11086833|11110507",3,NA,NA
"7571","scaffold0010:11095983|11110507",NA,3,NA
"7572","scaffold0010:11633507|11671009",2,NA,NA
"7573","scaffold0010:11652027|11671009",3,NA,NA
"7574","scaffold0010:1195270|1228117",1,NA,NA
"7575","scaffold0010:11955574|11972908",4,NA,NA
"7576","scaffold0010:12027766|12029621",20,15,3
"7577","scaffold0010:12174158|12187092",35,NA,NA
"7578","scaffold0010:12174158|12209045",NA,NA,1
"7579","scaffold0010:12174158|12211381",NA,NA,3
"7580","scaffold0010:12180248|12187092",80,28,32
"7581","scaffold0010:12180248|12209045",3,NA,NA
"7582","scaffold0010:12184024|12187092",4,NA,NA
"7583","scaffold0010:12184024|12211381",NA,NA,1
"7584","scaffold0010:12448525|12450628",11,5,NA
"7585","scaffold0010:12542978|12544520",10,12,NA
"7586","scaffold0010:12553523|12570628",2,NA,NA
"7587","scaffold0010:12555863|12570628",6,NA,NA
"7588","scaffold0010:13181416|13199930",12,NA,NA
"7589","scaffold0010:13301347|13301530",NA,NA,2
"7590","scaffold0010:13784326|13801518",2,NA,4
"7591","scaffold0010:13895934|13928671",1,NA,NA
"7592","scaffold0010:14053629|14053807",NA,NA,2
"7593","scaffold0010:14057591|14057732",NA,NA,1
"7594","scaffold0010:1435778|1441295",3,12,2
"7595","scaffold0010:14610497|14634920",NA,8,NA
"7596","scaffold0010:14617342|14626150",5,NA,NA
"7597","scaffold0010:14622772|14634920",1,NA,NA
"7598","scaffold0010:14663329|14663602",3,NA,NA
"7599","scaffold0010:1507794|1510009",NA,NA,1
"7600","scaffold0010:1518723|1582605",3,NA,NA
"7601","scaffold0010:1518723|1611290",NA,NA,4
"7602","scaffold0010:1548772|1582605",4,NA,NA
"7603","scaffold0010:15964103|15990252",1,NA,NA
"7604","scaffold0010:16069575|16071776",17,11,12
"7605","scaffold0010:16071594|16071776",11,8,1
"7606","scaffold0010:1608982|1666925",2,NA,NA
"7607","scaffold0010:16095780|16111667",NA,NA,3
"7608","scaffold0010:16095780|16116546",1,NA,NA
"7609","scaffold0010:16104456|16111667",30,13,8
"7610","scaffold0010:16104456|16114261",2,NA,NA
"7611","scaffold0010:16106429|16116546",4,NA,NA
"7612","scaffold0010:16111535|16114261",NA,NA,12
"7613","scaffold0010:16111535|16116546",3,NA,NA
"7614","scaffold0010:16116450|16117178",2,NA,NA
"7615","scaffold0010:16134386|16138327",NA,NA,1
"7616","scaffold0010:16134386|16143573",NA,NA,2
"7617","scaffold0010:16138195|16143573",1,NA,7
"7618","scaffold0010:16138195|16155549",2,NA,NA
"7619","scaffold0010:16143428|16155549",5,NA,1
"7620","scaffold0010:16154228|16155549",2,NA,NA
"7621","scaffold0010:16155463|16161181",NA,NA,2
"7622","scaffold0010:1628592|1635851",16,40,NA
"7623","scaffold0010:1628592|1666925",8,7,NA
"7624","scaffold0010:1969332|1982489",NA,NA,1
"7625","scaffold0010:1994213|1994967",17,31,17
"7626","scaffold0010:1994213|2006559",NA,NA,7
"7627","scaffold0010:20037174|20037460",NA,NA,1
"7628","scaffold0010:20058506|20058932",NA,NA,3
"7629","scaffold0010:20058506|20062498",3,NA,NA
"7630","scaffold0010:20058506|20063395",16,14,NA
"7631","scaffold0010:20062357|20067281",3,2,NA
"7632","scaffold0010:20085736|20087518",8,NA,NA
"7633","scaffold0010:20086664|20086862",2,4,NA
"7634","scaffold0010:2015107|2018764",35,NA,10
"7635","scaffold0010:2018607|2032257",23,NA,8
"7636","scaffold0010:2020577|2030561",NA,NA,6
"7637","scaffold0010:2020577|2032257",82,64,92
"7638","scaffold0010:2020577|2038109",1,NA,NA
"7639","scaffold0010:2030435|2034514",NA,3,NA
"7640","scaffold0010:2030435|2035164",NA,1,NA
"7641","scaffold0010:20535486|20631084",2,NA,NA
"7642","scaffold0010:20630674|20631084",7,NA,NA
"7643","scaffold0010:21504871|21515913",11,NA,4
"7644","scaffold0010:21515760|21526704",3,NA,NA
"7645","scaffold0010:21515760|21531497",NA,1,NA
"7646","scaffold0010:21523051|21531497",NA,NA,1
"7647","scaffold0010:21638179|21644555",NA,4,NA
"7648","scaffold0010:21643028|21644555",33,NA,NA
"7649","scaffold0010:21645186|21645569",2,NA,1
"7650","scaffold0010:21671622|21683176",10,3,1
"7651","scaffold0010:21674696|21683176",44,2,5
"7652","scaffold0010:21674696|21684884",18,1,NA
"7653","scaffold0010:21674696|21705446",7,NA,NA
"7654","scaffold0010:21677137|21683176",1,NA,2
"7655","scaffold0010:21677137|21684884",NA,NA,1
"7656","scaffold0010:21720266|21726976",NA,2,NA
"7657","scaffold0010:21753408|21753718",33,6,2
"7658","scaffold0010:21790516|21797260",28,NA,37
"7659","scaffold0010:21790516|21800714",NA,5,NA
"7660","scaffold0010:2213001|2238233",1,NA,NA
"7661","scaffold0010:2214568|2238233",2,NA,NA
"7662","scaffold0010:2217117|2238233",65,30,33
"7663","scaffold0010:2223349|2231608",NA,NA,4
"7664","scaffold0010:2223349|2233953",NA,NA,1
"7665","scaffold0010:2244158|2257605",NA,NA,1
"7666","scaffold0010:2264029|2264337",NA,2,NA
"7667","scaffold0010:2266256|2266673",2,NA,NA
"7668","scaffold0010:2275972|2283165",9,NA,5
"7669","scaffold0010:2275972|2283364",14,5,NA
"7670","scaffold0010:2277534|2283165",NA,5,NA
"7671","scaffold0010:2277534|2283364",24,5,7
"7672","scaffold0010:2282798|2283364",2,NA,NA
"7673","scaffold0010:2282858|2283106",1,NA,NA
"7674","scaffold0010:2295829|2302137",NA,NA,7
"7675","scaffold0010:25008881|25009054",3,NA,NA
"7676","scaffold0010:25008881|25076697",27,4,NA
"7677","scaffold0010:25008881|25111253",2,NA,NA
"7678","scaffold0010:2550552|2554508",2,NA,NA
"7679","scaffold0010:2583764|2583916",2,NA,NA
"7680","scaffold0010:2584771|2587710",NA,12,NA
"7681","scaffold0010:2665117|2671203",NA,9,NA
"7682","scaffold0010:2665117|2675247",3,NA,NA
"7683","scaffold0010:2687299|2696727",14,2,8
"7684","scaffold0010:27312041|27312546",5,NA,NA
"7685","scaffold0010:27333108|27333971",NA,NA,4
"7686","scaffold0010:27392657|27392992",15,7,NA
"7687","scaffold0010:27612303|27630620",5,NA,11
"7688","scaffold0010:27619141|27621002",NA,6,NA
"7689","scaffold0010:27628604|27641008",7,NA,NA
"7690","scaffold0010:27715807|27719588",13,NA,NA
"7691","scaffold0010:27718081|27720874",4,NA,NA
"7692","scaffold0010:27796065|27803707",5,NA,NA
"7693","scaffold0010:27930908|27937978",NA,NA,1
"7694","scaffold0010:28625365|28656141",6,NA,4
"7695","scaffold0010:28629192|28656141",NA,NA,3
"7696","scaffold0010:28947885|28950737",7,NA,NA
"7697","scaffold0010:28947885|28954307",NA,NA,1
"7698","scaffold0010:2903339|2905587",1,NA,NA
"7699","scaffold0010:2905410|2913641",10,NA,NA
"7700","scaffold0010:29238413|29238652",1,NA,NA
"7701","scaffold0010:29505336|29505962",NA,NA,5
"7702","scaffold0010:2963834|2969308",NA,NA,2
"7703","scaffold0010:2984154|2984608",1,NA,NA
"7704","scaffold0010:2989932|2990158",44,64,18
"7705","scaffold0010:3028331|3031094",3,2,NA
"7706","scaffold0010:3028331|3038163",1,NA,NA
"7707","scaffold0010:3031030|3047842",NA,1,NA
"7708","scaffold0010:3041665|3047842",NA,10,NA
"7709","scaffold0010:30824273|30824574",1,2,NA
"7710","scaffold0010:30856396|30874352",NA,NA,8
"7711","scaffold0010:30872533|30874352",18,5,8
"7712","scaffold0010:30872533|30885706",NA,NA,1
"7713","scaffold0010:30886436|30886726",1,NA,NA
"7714","scaffold0010:30886436|30889203",11,NA,NA
"7715","scaffold0010:30886804|30899125",NA,6,NA
"7716","scaffold0010:30921733|30923754",NA,NA,6
"7717","scaffold0010:31135253|31138350",3,NA,NA
"7718","scaffold0010:31135253|31140510",NA,6,NA
"7719","scaffold0010:31135253|31140873",3,NA,NA
"7720","scaffold0010:31140313|31140510",16,NA,2
"7721","scaffold0010:31655598|31655744",2,NA,NA
"7722","scaffold0010:31811376|31813994",7,NA,14
"7723","scaffold0010:31811376|31816366",2,NA,8
"7724","scaffold0010:31824658|31831821",4,NA,NA
"7725","scaffold0010:3274851|3289781",NA,3,NA
"7726","scaffold0010:3289652|3297648",NA,9,13
"7727","scaffold0010:33078110|33079980",NA,7,6
"7728","scaffold0010:33083609|33085061",NA,2,1
"7729","scaffold0010:33240213|33244085",17,12,NA
"7730","scaffold0010:33248383|33248863",2,NA,NA
"7731","scaffold0010:33251462|33261218",4,NA,NA
"7732","scaffold0010:33259259|33266080",3,NA,NA
"7733","scaffold0010:33265896|33329384",6,NA,NA
"7734","scaffold0010:33289756|33329384",12,NA,NA
"7735","scaffold0010:33289756|33395407",7,NA,NA
"7736","scaffold0010:33329199|33329384",1,NA,NA
"7737","scaffold0010:33329199|33395407",19,NA,10
"7738","scaffold0010:33600304|33607710",17,NA,4
"7739","scaffold0010:33600304|33613467",9,4,NA
"7740","scaffold0010:33727876|33729392",11,NA,3
"7741","scaffold0010:33782027|33796368",5,NA,NA
"7742","scaffold0010:33976549|34001306",9,NA,NA
"7743","scaffold0010:33997163|34001306",1,NA,NA
"7744","scaffold0010:34016929|34028009",5,NA,NA
"7745","scaffold0010:34036979|34041013",7,NA,NA
"7746","scaffold0010:34036979|34048470",4,NA,NA
"7747","scaffold0010:34040887|34048470",1,NA,NA
"7748","scaffold0010:34046569|34048470",33,7,3
"7749","scaffold0010:34064451|34064681",2,NA,NA
"7750","scaffold0010:34358797|34367745",8,2,2
"7751","scaffold0010:34423066|34424348",1,NA,NA
"7752","scaffold0010:34424241|34426219",2,3,NA
"7753","scaffold0010:34455767|34460872",1,NA,NA
"7754","scaffold0010:34494603|34499922",2,NA,NA
"7755","scaffold0010:34509914|34510373",NA,7,NA
"7756","scaffold0010:3471060|3476474",4,NA,NA
"7757","scaffold0010:34723471|34735478",5,NA,NA
"7758","scaffold0010:34805438|34809745",1,NA,NA
"7759","scaffold0010:34809629|34824298",2,NA,NA
"7760","scaffold0010:34881814|34902340",NA,20,NA
"7761","scaffold0010:35064318|35065802",4,NA,NA
"7762","scaffold0010:35064318|35067280",NA,8,NA
"7763","scaffold0010:35064318|35072004",3,NA,NA
"7764","scaffold0010:35332335|35344444",128,57,7
"7765","scaffold0010:35568967|35581029",NA,NA,2
"7766","scaffold0010:35568967|35583936",1,NA,2
"7767","scaffold0010:364177|370319",NA,2,3
"7768","scaffold0010:38704471|38754818",2,NA,NA
"7769","scaffold0010:38704471|38791089",2,NA,NA
"7770","scaffold0010:38754672|38791089",3,7,NA
"7771","scaffold0010:38790922|38791089",2,NA,NA
"7772","scaffold0010:38870688|38933768",NA,NA,5
"7773","scaffold0010:38933647|38979298",NA,NA,2
"7774","scaffold0010:38933647|39046680",23,NA,3
"7775","scaffold0010:3907997|3913064",60,62,37
"7776","scaffold0010:3912034|3913064",89,28,39
"7777","scaffold0010:39138535|39139733",222,113,108
"7778","scaffold0010:39210397|39213417",NA,3,NA
"7779","scaffold0010:39211859|39213417",3,NA,2
"7780","scaffold0010:39465944|39467635",1,NA,NA
"7781","scaffold0010:39465944|39472494",16,NA,NA
"7782","scaffold0010:39488438|39494639",4,NA,NA
"7783","scaffold0010:4064614|4070198",NA,9,NA
"7784","scaffold0010:4064614|4072807",NA,NA,4
"7785","scaffold0010:40939578|40941793",NA,NA,8
"7786","scaffold0010:40949502|40989458",5,NA,NA
"7787","scaffold0010:40959616|40989458",NA,12,NA
"7788","scaffold0010:41122945|41132287",4,1,3
"7789","scaffold0010:41169278|41174414",11,NA,1
"7790","scaffold0010:41173482|41174414",2,NA,NA
"7791","scaffold0010:41178766|41183873",2,15,NA
"7792","scaffold0010:41194412|41208962",14,NA,NA
"7793","scaffold0010:41204106|41208962",57,60,40
"7794","scaffold0010:41205634|41208962",NA,NA,1
"7795","scaffold0010:41218078|41219504",12,NA,11
"7796","scaffold0010:41218078|41230775",NA,NA,11
"7797","scaffold0010:41227130|41230775",NA,NA,15
"7798","scaffold0010:41507019|41512127",4,1,NA
"7799","scaffold0010:41509920|41512127",6,NA,NA
"7800","scaffold0010:41595338|41601763",15,12,NA
"7801","scaffold0010:41595338|41615691",NA,NA,8
"7802","scaffold0010:41601005|41601763",15,28,12
"7803","scaffold0010:41601005|41615691",28,9,40
"7804","scaffold0010:41601005|41628509",5,NA,5
"7805","scaffold0010:41601634|41609330",14,5,5
"7806","scaffold0010:41609213|41611744",2,NA,NA
"7807","scaffold0010:41609213|41615691",4,NA,4
"7808","scaffold0010:41626046|41628509",5,NA,NA
"7809","scaffold0010:41626046|41632442",NA,5,NA
"7810","scaffold0010:41627092|41628509",NA,1,2
"7811","scaffold0010:41632319|41635592",19,NA,7
"7812","scaffold0010:41659601|41662504",2,NA,NA
"7813","scaffold0010:43393330|43396777",NA,4,NA
"7814","scaffold0010:43393330|43399806",12,6,NA
"7815","scaffold0010:43396596|43397918",184,140,85
"7816","scaffold0010:43396596|43399806",4,NA,NA
"7817","scaffold0010:43398607|43405868",8,20,NA
"7818","scaffold0010:43420360|43434552",NA,2,3
"7819","scaffold0010:43434375|43434552",NA,3,NA
"7820","scaffold0010:43434375|43515719",2,12,5
"7821","scaffold0010:43484162|43515719",37,20,14
"7822","scaffold0010:43633380|43633584",NA,NA,5
"7823","scaffold0010:4407371|4408104",2,NA,NA
"7824","scaffold0010:4408104|4409991",8,NA,NA
"7825","scaffold0010:44881899|44902089",NA,2,NA
"7826","scaffold0010:44881899|44905342",NA,4,NA
"7827","scaffold0010:44887510|44902089",NA,1,NA
"7828","scaffold0010:44887510|44905342",NA,2,NA
"7829","scaffold0010:44892585|44902089",NA,1,NA
"7830","scaffold0010:4491460|4505378",5,NA,NA
"7831","scaffold0010:4496241|4499275",NA,NA,4
"7832","scaffold0010:4498355|4505378",1,NA,NA
"7833","scaffold0010:45078234|45078419",4,NA,NA
"7834","scaffold0010:45078234|45081574",33,2,12
"7835","scaffold0010:45078234|45083094",8,24,2
"7836","scaffold0010:45078234|45085644",5,4,8
"7837","scaffold0010:45082985|45085644",19,11,9
"7838","scaffold0010:45089166|45091070",10,NA,NA
"7839","scaffold0010:45090918|45091070",NA,4,NA
"7840","scaffold0010:45119328|45123418",6,8,5
"7841","scaffold0010:45120959|45123418",53,33,7
"7842","scaffold0010:45445586|45447856",17,6,NA
"7843","scaffold0010:45445586|45470058",7,11,NA
"7844","scaffold0010:45469736|45470058",2,NA,NA
"7845","scaffold0010:4584402|4588689",843,479,435
"7846","scaffold0010:4596012|4597105",6,NA,NA
"7847","scaffold0010:4616439|4616668",3,NA,NA
"7848","scaffold0010:46410479|46410988",6,21,1
"7849","scaffold0010:4666922|4668409",NA,NA,4
"7850","scaffold0010:46749569|46751620",8,NA,9
"7851","scaffold0010:47343563|47344010",9,2,11
"7852","scaffold0010:48021209|48023407",3,NA,NA
"7853","scaffold0010:50140071|50142950",NA,NA,2
"7854","scaffold0010:50426859|50439820",2,NA,NA
"7855","scaffold0010:50426859|50449179",66,NA,NA
"7856","scaffold0010:50641322|50642332",NA,13,3
"7857","scaffold0010:50641322|50655000",47,38,21
"7858","scaffold0010:50918448|50918613",NA,NA,1
"7859","scaffold0010:50966661|50973799",2,NA,NA
"7860","scaffold0010:51218564|51228537",8,NA,NA
"7861","scaffold0010:51224423|51228537",8,NA,NA
"7862","scaffold0010:51237232|51237410",NA,3,NA
"7863","scaffold0010:51274681|51275506",NA,NA,2
"7864","scaffold0010:51306603|51307435",433,189,165
"7865","scaffold0010:51306603|51327498",97,55,39
"7866","scaffold0010:51326873|51327498",61,23,29
"7867","scaffold0010:52270932|52273539",4,2,NA
"7868","scaffold0010:52294649|52297699",31,NA,NA
"7869","scaffold0010:52294649|52315769",13,NA,NA
"7870","scaffold0010:52888151|52941859",9,NA,NA
"7871","scaffold0010:52941698|53096524",8,NA,NA
"7872","scaffold0010:53049054|53072724",NA,NA,3
"7873","scaffold0010:53049054|53096524",17,NA,12
"7874","scaffold0010:53557349|53559148",5,5,9
"7875","scaffold0010:54520468|54528563",2,NA,4
"7876","scaffold0010:54626647|54627003",NA,2,NA
"7877","scaffold0010:54628257|54634823",290,135,91
"7878","scaffold0010:54628257|54635924",47,28,13
"7879","scaffold0010:54653070|54663870",NA,5,NA
"7880","scaffold0010:54690598|54692315",21,48,45
"7881","scaffold0010:54824493|54833045",NA,8,NA
"7882","scaffold0010:54827176|54828670",NA,4,NA
"7883","scaffold0010:54827176|54833045",2,21,NA
"7884","scaffold0010:54831354|54834264",NA,1,13
"7885","scaffold0010:54832894|54834264",NA,12,9
"7886","scaffold0010:54832894|54836242",NA,4,NA
"7887","scaffold0010:54833729|54836242",8,NA,NA
"7888","scaffold0010:54869859|54871333",24,NA,NA
"7889","scaffold0010:54869859|54872169",309,98,124
"7890","scaffold0010:54871221|54875517",NA,NA,1
"7891","scaffold0010:54910742|54916595",2,NA,NA
"7892","scaffold0010:54923188|54926445",26,NA,NA
"7893","scaffold0010:54927994|54932212",6,NA,1
"7894","scaffold0010:54932053|54939097",NA,3,NA
"7895","scaffold0010:54943782|54950234",1,1,NA
"7896","scaffold0010:54946807|54950234",NA,1,NA
"7897","scaffold0010:55449742|55475737",11,8,6
"7898","scaffold0010:55475641|55517205",NA,NA,2
"7899","scaffold0010:55687425|55692362",1,NA,NA
"7900","scaffold0010:5595147|5608383",9,NA,NA
"7901","scaffold0010:5595147|5637315",2,NA,NA
"7902","scaffold0010:5608206|5637315",74,27,NA
"7903","scaffold0010:56340014|56347703",1,NA,NA
"7904","scaffold0010:56354111|56368863",4,NA,NA
"7905","scaffold0010:56502950|56504589",NA,29,NA
"7906","scaffold0010:5749234|5756164",NA,NA,2
"7907","scaffold0010:5749234|5757711",3,NA,NA
"7908","scaffold0010:58212423|58216937",1,NA,NA
"7909","scaffold0010:58278117|58278304",3,NA,2
"7910","scaffold0010:58278117|58279974",NA,NA,2
"7911","scaffold0010:58358488|58364757",1,NA,NA
"7912","scaffold0010:58364634|58434433",5,NA,NA
"7913","scaffold0010:58396621|58408718",6,NA,NA
"7914","scaffold0010:58396621|58412226",NA,3,NA
"7915","scaffold0010:58396621|58434433",2,NA,4
"7916","scaffold0010:58403848|58412780",6,NA,NA
"7917","scaffold0010:58403848|58434433",5,NA,NA
"7918","scaffold0010:58418688|58434433",2,NA,NA
"7919","scaffold0010:58428475|58434433",NA,NA,1
"7920","scaffold0010:58453194|58454409",93,19,26
"7921","scaffold0010:58453194|58455519",57,22,28
"7922","scaffold0010:58453194|58463220",21,NA,8
"7923","scaffold0010:58453194|58478178",8,NA,NA
"7924","scaffold0010:58463139|58509767",NA,NA,1
"7925","scaffold0010:58476479|58478178",NA,12,3
"7926","scaffold0010:58476479|58498436",NA,NA,2
"7927","scaffold0010:58476479|58514148",1,NA,NA
"7928","scaffold0010:58498309|58514148",13,5,2
"7929","scaffold0010:58509590|58514148",54,47,18
"7930","scaffold0010:59650688|59672174",27,23,8
"7931","scaffold0010:61133194|61136860",2,NA,NA
"7932","scaffold0010:61134802|61136860",NA,2,NA
"7933","scaffold0010:61413672|61422667",NA,NA,1
"7934","scaffold0010:61413672|61435927",153,103,23
"7935","scaffold0010:61413672|61454792",NA,14,10
"7936","scaffold0010:61413672|61516817",13,NA,12
"7937","scaffold0010:61435799|61516817",2,NA,NA
"7938","scaffold0010:61511301|61516817",1126,282,221
"7939","scaffold0010:7113857|7117144",15,3,5
"7940","scaffold0010:7841828|7868002",2,NA,NA
"7941","scaffold0010:7841828|7961606",7,NA,NA
"7942","scaffold0010:7841828|7965107",1,NA,NA
"7943","scaffold0010:7842951|7868002",NA,NA,7
"7944","scaffold0010:7842951|7891383",NA,NA,3
"7945","scaffold0010:7848241|7868002",25,11,10
"7946","scaffold0010:7848241|7891383",59,25,4
"7947","scaffold0010:7848241|7961606",3,NA,NA
"7948","scaffold0010:7848241|7965107",4,NA,NA
"7949","scaffold0010:7861435|7868002",1,10,4
"7950","scaffold0010:8268495|8274878",5,NA,NA
"7951","scaffold0010:8341946|8344227",3,4,NA
"7952","scaffold0010:9213061|9388742",3,NA,NA
"7953","scaffold0010:9213061|9539168",3,NA,NA
"7954","scaffold0010:9388676|9554508",1,NA,NA
"7955","scaffold0010:9516428|9536510",1,7,NA
"7956","scaffold0010:9516428|9539168",NA,10,NA
"7957","scaffold0010:9516428|9554508",5,NA,NA
"7958","scaffold0010:9536331|9539168",1,NA,1
"7959","scaffold0010:9536331|9554508",3,NA,NA
"7960","scaffold0010:9846724|9853390",NA,2,NA
"7961","scaffold0010:9886158|9897416",18,3,NA
"7962","scaffold0010:9886158|9909420",1,NA,NA
"7963","scaffold0010:9895396|9909420",7,NA,NA
"7964","scaffold0010:9897238|9897416",3,NA,NA
"7965","scaffold0010:9897238|9909420",1,NA,NA
"7966","scaffold0011:117221|118457",NA,5,NA
"7967","scaffold0011:117221|120000",9,NA,NA
"7968","scaffold0011:117221|124105",6,NA,9
"7969","scaffold0011:11765134|11778897",3,NA,NA
"7970","scaffold0011:11924911|11925853",NA,NA,5
"7971","scaffold0011:119888|124105",6,NA,NA
"7972","scaffold0011:12203255|12208902",NA,NA,3
"7973","scaffold0011:12205883|12208902",6,NA,NA
"7974","scaffold0011:12205883|12211984",NA,NA,4
"7975","scaffold0011:12443094|12444252",2,NA,NA
"7976","scaffold0011:12443094|12446855",9,17,3
"7977","scaffold0011:12446644|12449257",NA,2,NA
"7978","scaffold0011:12449872|12451035",2,NA,NA
"7979","scaffold0011:12525377|12536625",11,5,13
"7980","scaffold0011:12525377|12610400",11,NA,NA
"7981","scaffold0011:12530723|12536625",2,NA,NA
"7982","scaffold0011:13575663|13577226",13,NA,NA
"7983","scaffold0011:13588767|13591385",NA,NA,5
"7984","scaffold0011:13593967|13599796",NA,NA,10
"7985","scaffold0011:13597386|13599796",NA,1,NA
"7986","scaffold0011:13597386|13603358",20,NA,NA
"7987","scaffold0011:13602439|13603358",34,4,13
"7988","scaffold0011:13602439|13608333",21,15,10
"7989","scaffold0011:13693802|13707263",55,43,4
"7990","scaffold0011:13704265|13707263",27,24,1
"7991","scaffold0011:13729279|13732600",33,28,3
"7992","scaffold0011:14958068|15207796",7,9,NA
"7993","scaffold0011:15189022|15207796",142,80,30
"7994","scaffold0011:15198135|15207796",93,72,19
"7995","scaffold0011:15942377|15942690",NA,NA,2
"7996","scaffold0011:16116142|16120147",NA,3,NA
"7997","scaffold0011:16147566|16154672",NA,8,3
"7998","scaffold0011:16159350|16162337",NA,NA,2
"7999","scaffold0011:16259953|16263866",18,NA,13
"8000","scaffold0011:16571900|16576366",NA,NA,1
"8001","scaffold0011:16571900|16635753",NA,NA,5
"8002","scaffold0011:16840154|16842619",NA,NA,1
"8003","scaffold0011:16846515|16847573",2,5,NA
"8004","scaffold0011:17043738|17052225",15,NA,NA
"8005","scaffold0011:17051252|17052225",NA,10,NA
"8006","scaffold0011:17118501|17119127",2,NA,NA
"8007","scaffold0011:17124535|17124959",1,NA,NA
"8008","scaffold0011:17131122|17131880",NA,NA,15
"8009","scaffold0011:17236212|17245164",4,NA,NA
"8010","scaffold0011:17256745|17263879",NA,NA,5
"8011","scaffold0011:17380507|17380918",3,NA,3
"8012","scaffold0011:17386956|17387280",NA,7,10
"8013","scaffold0011:17386956|17388319",3,NA,NA
"8014","scaffold0011:17451386|17458147",4,NA,NA
"8015","scaffold0011:17469833|17470705",22,20,7
"8016","scaffold0011:17499652|17503012",1,NA,NA
"8017","scaffold0011:17513747|17515907",6,NA,NA
"8018","scaffold0011:17513747|17524532",2,NA,NA
"8019","scaffold0011:17519998|17524532",3,NA,NA
"8020","scaffold0011:17522311|17524532",1,NA,NA
"8021","scaffold0011:17545035|17546447",17,12,20
"8022","scaffold0011:17545035|17549688",11,NA,NA
"8023","scaffold0011:17547187|17549076",22,24,78
"8024","scaffold0011:17547187|17549688",NA,NA,3
"8025","scaffold0011:17623665|17635860",5,NA,2
"8026","scaffold0011:17648234|17650460",41,15,NA
"8027","scaffold0011:18030892|18048591",3,NA,NA
"8028","scaffold0011:18067858|18089803",3,NA,NA
"8029","scaffold0011:18164053|18165611",NA,13,NA
"8030","scaffold0011:18256129|18273661",4,NA,NA
"8031","scaffold0011:18298549|18310780",2,NA,3
"8032","scaffold0011:18298549|18321121",3,9,4
"8033","scaffold0011:18528847|18537070",NA,4,2
"8034","scaffold0011:18528847|18543977",3,NA,NA
"8035","scaffold0011:18534738|18543977",3,NA,NA
"8036","scaffold0011:18542982|18543140",2,NA,NA
"8037","scaffold0011:18576411|18577907",4,NA,NA
"8038","scaffold0011:18720098|18721898",4,NA,1
"8039","scaffold0011:18958839|18970252",NA,NA,4
"8040","scaffold0011:18963345|18970252",1,NA,6
"8041","scaffold0011:1902470|1904711",262,94,31
"8042","scaffold0011:1902470|1915861",16,19,2
"8043","scaffold0011:1902470|2265165",NA,6,NA
"8044","scaffold0011:19445747|19453220",1,NA,NA
"8045","scaffold0011:19448363|19453220",7,NA,NA
"8046","scaffold0011:19460243|19467724",11,NA,NA
"8047","scaffold0011:19460243|19471370",11,NA,NA
"8048","scaffold0011:19619097|19628340",13,8,6
"8049","scaffold0011:19965504|19968549",6,NA,NA
"8050","scaffold0011:20046836|20047511",NA,11,NA
"8051","scaffold0011:20046836|20051463",3,NA,NA
"8052","scaffold0011:20046836|20053985",NA,4,NA
"8053","scaffold0011:20051463|20052464",3,NA,NA
"8054","scaffold0011:20511897|20513410",NA,NA,5
"8055","scaffold0011:20603351|20603749",NA,NA,2
"8056","scaffold0011:20611955|20624562",25,9,NA
"8057","scaffold0011:20761978|20765180",7,NA,NA
"8058","scaffold0011:20761978|20778267",3,NA,NA
"8059","scaffold0011:20917786|20918358",6,NA,4
"8060","scaffold0011:20943322|20948212",NA,2,NA
"8061","scaffold0011:20943322|20950269",NA,5,NA
"8062","scaffold0011:20944451|20948212",1,NA,NA
"8063","scaffold0011:20944451|20950269",1,NA,NA
"8064","scaffold0011:20946988|20949279",17,10,5
"8065","scaffold0011:20946988|20951336",18,7,7
"8066","scaffold0011:20952671|20956036",NA,11,1
"8067","scaffold0011:20952671|20957054",NA,NA,1
"8068","scaffold0011:20952671|20959979",NA,NA,1
"8069","scaffold0011:20954215|20956036",21,NA,NA
"8070","scaffold0011:20993143|21001625",6,NA,5
"8071","scaffold0011:21149084|21158198",NA,1,NA
"8072","scaffold0011:21158036|21158564",205,125,116
"8073","scaffold0011:21158036|21170652",NA,NA,1
"8074","scaffold0011:21165017|21165438",2,NA,11
"8075","scaffold0011:21165017|21168221",1,NA,4
"8076","scaffold0011:21165017|21170652",4,NA,NA
"8077","scaffold0011:21170619|21176040",128,33,71
"8078","scaffold0011:21175165|21176040",21,NA,NA
"8079","scaffold0011:21366970|21369161",2,NA,NA
"8080","scaffold0011:21375257|21388848",12,NA,NA
"8081","scaffold0011:21381140|21388848",3,NA,7
"8082","scaffold0011:21382697|21388848",NA,7,NA
"8083","scaffold0011:21384657|21388848",7,NA,NA
"8084","scaffold0011:21384657|21390302",1,NA,NA
"8085","scaffold0011:21388545|21388848",NA,NA,1
"8086","scaffold0011:21395444|21396313",NA,NA,1
"8087","scaffold0011:21410966|21413503",5,NA,NA
"8088","scaffold0011:21410966|21415657",NA,NA,5
"8089","scaffold0011:21415533|21415913",4,NA,NA
"8090","scaffold0011:21441872|21446330",NA,9,NA
"8091","scaffold0011:21442051|21444403",NA,NA,5
"8092","scaffold0011:21442051|21445671",5,NA,NA
"8093","scaffold0011:21443900|21446330",1,NA,NA
"8094","scaffold0011:21547914|21549901",5,4,NA
"8095","scaffold0011:21598031|21599296",5,NA,NA
"8096","scaffold0011:21679887|21684805",NA,NA,1
"8097","scaffold0011:21679887|21694723",26,6,33
"8098","scaffold0011:21679887|21703027",17,17,8
"8099","scaffold0011:21684728|21687925",2,NA,NA
"8100","scaffold0011:21684728|21694723",2,NA,2
"8101","scaffold0011:21684728|21703027",17,NA,1
"8102","scaffold0011:21688998|21703027",1,NA,NA
"8103","scaffold0011:21714258|21715789",4,NA,NA
"8104","scaffold0011:21729367|21740715",1,NA,NA
"8105","scaffold0011:21729367|21743250",NA,4,NA
"8106","scaffold0011:21740616|21742877",NA,NA,2
"8107","scaffold0011:21740616|21743250",1,NA,6
"8108","scaffold0011:21742709|21743250",12,NA,3
"8109","scaffold0011:21743106|21749062",NA,NA,2
"8110","scaffold0011:21788831|21790471",26,25,23
"8111","scaffold0011:21788831|21792584",5,NA,NA
"8112","scaffold0011:2201661|2265165",5,NA,NA
"8113","scaffold0011:22254081|22254285",NA,2,NA
"8114","scaffold0011:24608617|24614966",NA,NA,4
"8115","scaffold0011:24608617|24637590",13,NA,NA
"8116","scaffold0011:24614558|24637590",36,10,NA
"8117","scaffold0011:24776432|24776597",36,31,21
"8118","scaffold0011:24776432|24835913",9,NA,NA
"8119","scaffold0011:24879894|24886947",NA,5,NA
"8120","scaffold0011:24883317|24887545",NA,9,NA
"8121","scaffold0011:24883317|24900485",NA,NA,6
"8122","scaffold0011:24890197|24895834",1,NA,6
"8123","scaffold0011:24893632|24895834",130,33,70
"8124","scaffold0011:2500729|2506975",6,NA,NA
"8125","scaffold0011:2500729|2513987",NA,NA,1
"8126","scaffold0011:2550263|2554520",8,NA,6
"8127","scaffold0011:2553473|2578623",NA,1,NA
"8128","scaffold0011:25691112|25708352",NA,NA,2
"8129","scaffold0011:2578102|2578623",530,226,206
"8130","scaffold0011:25809745|25835540",5,5,NA
"8131","scaffold0011:25809745|25889800",NA,NA,5
"8132","scaffold0011:25827319|25829521",5,NA,NA
"8133","scaffold0011:25827319|25835540",NA,NA,12
"8134","scaffold0011:25889569|25889800",9,NA,1
"8135","scaffold0011:25889569|25941109",9,NA,NA
"8136","scaffold0011:25940883|25941109",59,35,37
"8137","scaffold0011:26444060|26450102",12,NA,NA
"8138","scaffold0011:26444060|26459376",3,NA,NA
"8139","scaffold0011:27406808|27424178",NA,1,NA
"8140","scaffold0011:27406808|27441484",1,NA,NA
"8141","scaffold0011:27409439|27441484",2,NA,NA
"8142","scaffold0011:27480534|27494415",NA,NA,3
"8143","scaffold0011:27480534|27518048",NA,NA,7
"8144","scaffold0011:27512814|27518048",NA,NA,8
"8145","scaffold0011:27512814|27540900",5,NA,NA
"8146","scaffold0011:27517960|27538003",3,NA,NA
"8147","scaffold0011:27532124|27540900",5,NA,NA
"8148","scaffold0011:27745677|27759932",301,137,137
"8149","scaffold0011:27745677|27777745",2,2,3
"8150","scaffold0011:27745677|27783320",17,NA,NA
"8151","scaffold0011:27759803|27783320",19,NA,9
"8152","scaffold0011:27775585|27783320",2,NA,3
"8153","scaffold0011:28108703|28136426",NA,5,NA
"8154","scaffold0011:28108703|28151670",47,15,NA
"8155","scaffold0011:28602561|28607167",NA,6,NA
"8156","scaffold0011:28894152|28894716",NA,7,NA
"8157","scaffold0011:29003571|29008696",4,1,NA
"8158","scaffold0011:29003571|29010891",4,NA,NA
"8159","scaffold0011:29003571|29012998",NA,NA,5
"8160","scaffold0011:29010718|29012998",NA,NA,1
"8161","scaffold0011:2942507|2949494",NA,11,NA
"8162","scaffold0011:2942507|2963758",3,4,9
"8163","scaffold0011:2944634|2949494",1,NA,NA
"8164","scaffold0011:2959181|2963758",4,NA,NA
"8165","scaffold0011:2983968|2985379",NA,17,NA
"8166","scaffold0011:3063910|3070689",12,NA,6
"8167","scaffold0011:3063910|3072663",5,NA,NA
"8168","scaffold0011:3063910|3082135",1,NA,NA
"8169","scaffold0011:3068741|3071416",NA,NA,6
"8170","scaffold0011:3071278|3082135",14,NA,NA
"8171","scaffold0011:3076492|3082135",183,129,77
"8172","scaffold0011:3080210|3082135",61,NA,28
"8173","scaffold0011:3183163|3202550",12,NA,NA
"8174","scaffold0011:3207884|3211050",NA,4,NA
"8175","scaffold0011:325872|382244",NA,NA,5
"8176","scaffold0011:325872|420369",1,NA,NA
"8177","scaffold0011:32900421|32900588",8,NA,NA
"8178","scaffold0011:33350539|33351388",20,16,13
"8179","scaffold0011:33631860|33632253",8,4,1
"8180","scaffold0011:33769672|33777874",2,NA,NA
"8181","scaffold0011:33777775|33783733",9,NA,13
"8182","scaffold0011:33872720|33874769",81,24,29
"8183","scaffold0011:33872720|33884873",7,NA,3
"8184","scaffold0011:33872720|33889322",NA,7,3
"8185","scaffold0011:33884731|33889322",NA,NA,2
"8186","scaffold0011:34201157|34227540",NA,NA,4
"8187","scaffold0011:34425720|34428357",4,NA,NA
"8188","scaffold0011:34661601|34665105",1,NA,NA
"8189","scaffold0011:34684543|34688547",NA,9,NA
"8190","scaffold0011:34889017|34893941",1,NA,NA
"8191","scaffold0011:35145848|35146201",NA,1,NA
"8192","scaffold0011:35220503|35224794",6,NA,NA
"8193","scaffold0011:35252032|35252810",NA,NA,3
"8194","scaffold0011:36231499|36232927",29,6,11
"8195","scaffold0011:36425075|36430149",22,NA,9
"8196","scaffold0011:36427920|36430149",NA,12,10
"8197","scaffold0011:36427920|36431676",4,NA,NA
"8198","scaffold0011:36431530|36432401",12,27,29
"8199","scaffold0011:36501580|36509045",3,NA,NA
"8200","scaffold0011:36507064|36509045",NA,NA,6
"8201","scaffold0011:36507064|36518947",6,8,NA
"8202","scaffold0011:36508898|36518947",5,10,3
"8203","scaffold0011:36516545|36518947",12,11,12
"8204","scaffold0011:36547711|36549434",2,1,6
"8205","scaffold0011:36558636|36559350",9,12,25
"8206","scaffold0011:36566948|36568138",36,2,8
"8207","scaffold0011:36610652|36620399",10,7,18
"8208","scaffold0011:36610652|36637065",54,22,1
"8209","scaffold0011:36610652|36689506",5,NA,NA
"8210","scaffold0011:36620284|36637065",17,6,NA
"8211","scaffold0011:36636946|36656032",4,2,NA
"8212","scaffold0011:36636946|36680289",14,NA,2
"8213","scaffold0011:36636946|36689506",7,4,NA
"8214","scaffold0011:36654325|36656032",2,NA,NA
"8215","scaffold0011:36654325|36680289",5,NA,NA
"8216","scaffold0011:36654325|36689506",NA,12,NA
"8217","scaffold0011:36776238|36799208",22,3,5
"8218","scaffold0011:36863229|36871448",11,7,7
"8219","scaffold0011:36864910|36867862",7,4,3
"8220","scaffold0011:36864910|36871448",21,6,12
"8221","scaffold0011:36897501|36904950",6,3,2
"8222","scaffold0011:36899408|36904950",3,5,4
"8223","scaffold0011:36903569|36904950",NA,NA,4
"8224","scaffold0011:36957520|36959711",NA,5,NA
"8225","scaffold0011:36976775|36982241",NA,NA,1
"8226","scaffold0011:37139701|37141348",3,NA,1
"8227","scaffold0011:37154544|37166471",NA,3,NA
"8228","scaffold0011:37154544|37171436",4,NA,NA
"8229","scaffold0011:37157084|37161527",NA,NA,5
"8230","scaffold0011:37158385|37161527",NA,NA,3
"8231","scaffold0011:37159681|37161527",NA,NA,5
"8232","scaffold0011:37175748|37191990",1,NA,NA
"8233","scaffold0011:37459390|37460373",10,NA,NA
"8234","scaffold0011:37474383|37477205",3,NA,NA
"8235","scaffold0011:37606483|37606668",NA,NA,3
"8236","scaffold0011:37708909|37719358",2,NA,NA
"8237","scaffold0011:379431|382244",19,NA,8
"8238","scaffold0011:379431|432494",NA,NA,3
"8239","scaffold0011:38065059|38065376",4,1,2
"8240","scaffold0011:38118069|38121183",NA,NA,2
"8241","scaffold0011:38121060|38121404",1,NA,NA
"8242","scaffold0011:38121060|38124020",3,NA,NA
"8243","scaffold0011:38232457|38255858",14,9,1
"8244","scaffold0011:38232457|38262409",5,NA,NA
"8245","scaffold0011:38232457|38264934",7,NA,NA
"8246","scaffold0011:38255742|38262409",NA,6,8
"8247","scaffold0011:38255742|38266265",1,NA,NA
"8248","scaffold0011:38278240|38287480",17,10,NA
"8249","scaffold0011:38280270|38281536",79,14,NA
"8250","scaffold0011:38311684|38312566",18,NA,35
"8251","scaffold0011:38340564|38341039",4,NA,NA
"8252","scaffold0011:38482818|38488082",NA,NA,1
"8253","scaffold0011:38482818|38497803",NA,NA,5
"8254","scaffold0011:38506140|38534384",6,NA,NA
"8255","scaffold0011:38518552|38540919",12,NA,1
"8256","scaffold0011:38532336|38540919",4,NA,NA
"8257","scaffold0011:38532336|38550646",NA,NA,1
"8258","scaffold0011:38559566|38564031",2,NA,NA
"8259","scaffold0011:38873508|38888082",NA,2,NA
"8260","scaffold0011:39077814|39084494",8,11,NA
"8261","scaffold0011:39085786|39091380",541,758,589
"8262","scaffold0011:39091308|39092835",NA,NA,3
"8263","scaffold0011:39268740|39293880",5,NA,NA
"8264","scaffold0011:39287518|39293880",7,NA,NA
"8265","scaffold0011:39367299|39369190",35,19,15
"8266","scaffold0011:39367299|39379035",2,NA,NA
"8267","scaffold0011:39371455|39393696",NA,NA,2
"8268","scaffold0011:39413502|39423267",15,NA,NA
"8269","scaffold0011:39436915|39446075",3,NA,NA
"8270","scaffold0011:39483509|39483926",3,50,18
"8271","scaffold0011:39593076|39593558",48,23,NA
"8272","scaffold0011:39610725|39618748",6,NA,NA
"8273","scaffold0011:39816304|39818811",NA,NA,1
"8274","scaffold0011:39822134|39824090",10,NA,6
"8275","scaffold0011:39828330|39832484",7,NA,9
"8276","scaffold0011:39830515|39832484",1,NA,NA
"8277","scaffold0011:39905818|39917595",7,NA,NA
"8278","scaffold0011:39915787|39917595",53,NA,NA
"8279","scaffold0011:39915787|39925948",NA,9,NA
"8280","scaffold0011:39968154|39968468",NA,13,NA
"8281","scaffold0011:39972398|39972752",NA,NA,3
"8282","scaffold0011:40175437|40187132",2,NA,NA
"8283","scaffold0011:40181464|40194290",2,NA,NA
"8284","scaffold0011:40184446|40184897",5,NA,NA
"8285","scaffold0011:40555221|40561725",6,NA,NA
"8286","scaffold0011:40727395|40731554",4,NA,NA
"8287","scaffold0011:40727562|40727755",3,NA,NA
"8288","scaffold0011:40839152|40844404",3,NA,NA
"8289","scaffold0011:40839152|40860348",1,NA,NA
"8290","scaffold0011:40839152|40929745",6,NA,NA
"8291","scaffold0011:41443121|41444197",NA,NA,4
"8292","scaffold0011:41443230|41444197",5,NA,NA
"8293","scaffold0011:41506934|41510799",NA,NA,1
"8294","scaffold0011:41694718|41696707",NA,4,NA
"8295","scaffold0011:41694718|41698886",NA,6,NA
"8296","scaffold0011:41877749|41880463",2,1,NA
"8297","scaffold0011:41883013|41890492",NA,5,NA
"8298","scaffold0011:41889217|41890800",NA,6,NA
"8299","scaffold0011:41889217|41893529",5,NA,NA
"8300","scaffold0011:41919213|41920286",NA,6,NA
"8301","scaffold0011:420278|432494",1,NA,NA
"8302","scaffold0011:42110576|42112281",1,NA,NA
"8303","scaffold0011:42429622|42436917",5,NA,NA
"8304","scaffold0011:42441789|42443776",NA,1,7
"8305","scaffold0011:42878003|42896962",6,NA,NA
"8306","scaffold0011:42932326|42935542",3,NA,NA
"8307","scaffold0011:43006672|43007273",NA,NA,3
"8308","scaffold0011:43068257|43074022",NA,17,6
"8309","scaffold0011:43068257|43076516",1253,1050,901
"8310","scaffold0011:43073272|43074022",NA,5,NA
"8311","scaffold0011:43073272|43076516",612,425,332
"8312","scaffold0011:43162773|43176615",1,NA,NA
"8313","scaffold0011:43168409|43168584",NA,NA,2
"8314","scaffold0011:43168588|43168987",4,NA,NA
"8315","scaffold0011:43169603|43170067",NA,NA,1
"8316","scaffold0011:43173442|43179525",3,NA,NA
"8317","scaffold0011:432331|451555",NA,5,NA
"8318","scaffold0011:432331|486899",NA,NA,1
"8319","scaffold0011:432367|451555",3,6,4
"8320","scaffold0011:43279785|43290040",22,NA,20
"8321","scaffold0011:43279785|43307091",NA,NA,11
"8322","scaffold0011:43288155|43307091",5,NA,NA
"8323","scaffold0011:43307002|43317180",NA,11,NA
"8324","scaffold0011:43315689|43325924",NA,NA,5
"8325","scaffold0011:43325830|43328544",50,NA,NA
"8326","scaffold0011:43336862|43346110",NA,NA,4
"8327","scaffold0011:43386736|43387218",2,NA,NA
"8328","scaffold0011:43386736|43389057",NA,7,3
"8329","scaffold0011:43387094|43387391",9,NA,5
"8330","scaffold0011:43388401|43389057",NA,NA,1
"8331","scaffold0011:43425245|43427378",6,NA,NA
"8332","scaffold0011:43497347|43507445",4,5,7
"8333","scaffold0011:43497347|43510529",NA,2,NA
"8334","scaffold0011:43497347|43512126",NA,6,NA
"8335","scaffold0011:43497347|43514156",NA,7,NA
"8336","scaffold0011:43507339|43512126",1,NA,NA
"8337","scaffold0011:43510423|43514156",1,NA,NA
"8338","scaffold0011:43591989|43598558",NA,NA,3
"8339","scaffold0011:43599116|43599340",NA,11,2
"8340","scaffold0011:43599858|43601763",NA,NA,1
"8341","scaffold0011:43600024|43601112",2,NA,NA
"8342","scaffold0011:43600692|43601112",1,NA,NA
"8343","scaffold0011:43601664|43602692",NA,1,NA
"8344","scaffold0011:43601763|43602497",9,NA,NA
"8345","scaffold0011:43602926|43603116",NA,NA,1
"8346","scaffold0011:43608353|43608924",NA,NA,9
"8347","scaffold0011:43623132|43623385",NA,3,3
"8348","scaffold0011:43623132|43623388",14,16,17
"8349","scaffold0011:43704122|43704257",1,NA,NA
"8350","scaffold0011:43704122|43723266",NA,NA,4
"8351","scaffold0011:43803992|43805709",9,NA,NA
"8352","scaffold0011:43805709|43806053",NA,NA,2
"8353","scaffold0011:43855043|43855222",2,NA,NA
"8354","scaffold0011:43856631|43858068",65,63,21
"8355","scaffold0011:44058786|44073453",NA,NA,3
"8356","scaffold0011:44073359|44080922",NA,NA,2
"8357","scaffold0011:44103836|44111219",2,NA,2
"8358","scaffold0011:44105267|44111219",12,NA,5
"8359","scaffold0011:44109220|44109827",NA,2,NA
"8360","scaffold0011:44109827|44110995",2,NA,NA
"8361","scaffold0011:44264746|44266816",7,NA,1
"8362","scaffold0011:44264746|44267006",132,81,55
"8363","scaffold0011:44317106|44317801",560,220,217
"8364","scaffold0011:44419422|44420404",1,NA,NA
"8365","scaffold0011:44460172|44496448",3,NA,NA
"8366","scaffold0011:44465433|44496448",10,21,NA
"8367","scaffold0011:44675370|44687230",2,NA,4
"8368","scaffold0011:44686197|44687230",4,NA,9
"8369","scaffold0011:44692763|44705843",2,NA,NA
"8370","scaffold0011:44752417|44754891",1,NA,NA
"8371","scaffold0011:44768908|44772188",6,5,NA
"8372","scaffold0011:44906377|44923982",3,NA,NA
"8373","scaffold0011:451359|478103",4,NA,NA
"8374","scaffold0011:451359|486899",6,NA,NA
"8375","scaffold0011:4531182|4531469",43,NA,13
"8376","scaffold0011:4531182|4546105",10,12,8
"8377","scaffold0011:4545939|4546105",5,NA,NA
"8378","scaffold0011:46415684|46455306",3,NA,NA
"8379","scaffold0011:46415684|46457568",3,4,NA
"8380","scaffold0011:46418944|46455306",13,NA,NA
"8381","scaffold0011:46418944|46457568",4,1,NA
"8382","scaffold0011:46436654|46457568",67,32,NA
"8383","scaffold0011:46445825|46457568",NA,5,NA
"8384","scaffold0011:46503131|46522232",4,NA,NA
"8385","scaffold0011:46512579|46522232",4,NA,NA
"8386","scaffold0011:478019|486899",4,NA,NA
"8387","scaffold0011:47852361|47862401",5,NA,NA
"8388","scaffold0011:47852361|47865079",1,NA,NA
"8389","scaffold0011:47868489|47874565",3,NA,NA
"8390","scaffold0011:47868489|47876711",4,NA,NA
"8391","scaffold0011:47886937|47891815",NA,NA,8
"8392","scaffold0011:48058432|48059384",NA,17,1
"8393","scaffold0011:48059285|48062979",4,NA,NA
"8394","scaffold0011:484509|486899",NA,NA,1
"8395","scaffold0011:4863702|4888543",NA,NA,2
"8396","scaffold0011:48705841|48706144",NA,2,NA
"8397","scaffold0011:48705841|48714419",5,NA,NA
"8398","scaffold0011:4872094|4878047",NA,4,NA
"8399","scaffold0011:4872209|4873027",NA,NA,1
"8400","scaffold0011:48774182|48774765",23,5,15
"8401","scaffold0011:4886912|4888543",NA,4,NA
"8402","scaffold0011:4886912|4907429",NA,NA,7
"8403","scaffold0011:4886912|4960069",NA,2,NA
"8404","scaffold0011:4888352|4888543",NA,NA,3
"8405","scaffold0011:4906848|4907429",7,NA,44
"8406","scaffold0011:4906848|4917199",NA,NA,1
"8407","scaffold0011:4932968|4949247",1,NA,NA
"8408","scaffold0011:4938068|4938247",NA,NA,2
"8409","scaffold0011:4938068|4946086",NA,2,NA
"8410","scaffold0011:4945854|4949247",NA,NA,1
"8411","scaffold0011:4966801|4977100",NA,NA,1
"8412","scaffold0011:49668225|49679380",367,133,168
"8413","scaffold0011:4977100|4977746",2,NA,NA
"8414","scaffold0011:4982122|4984306",NA,3,NA
"8415","scaffold0011:50025080|50025484",2,NA,NA
"8416","scaffold0011:50609447|50610123",1,NA,NA
"8417","scaffold0011:50713059|50713515",NA,NA,3
"8418","scaffold0011:50713059|50721928",3,NA,NA
"8419","scaffold0011:5079994|5081044",NA,NA,12
"8420","scaffold0011:5079994|5102688",NA,5,NA
"8421","scaffold0011:51047899|51060638",4,NA,NA
"8422","scaffold0011:51052935|51054476",7,14,18
"8423","scaffold0011:51052935|51060638",14,NA,NA
"8424","scaffold0011:51148417|51148547",3,NA,NA
"8425","scaffold0011:51148417|51203912",NA,NA,6
"8426","scaffold0011:51218741|51355009",NA,NA,3
"8427","scaffold0011:51544751|51550157",152,12,NA
"8428","scaffold0011:51544751|51562317",3,NA,NA
"8429","scaffold0011:51558363|51739691",NA,7,NA
"8430","scaffold0011:51568827|51593551",3,NA,NA
"8431","scaffold0011:51584089|51609776",NA,NA,2
"8432","scaffold0011:51589265|51602120",1,NA,NA
"8433","scaffold0011:51589265|51667445",6,2,NA
"8434","scaffold0011:51597621|51602120",5,NA,NA
"8435","scaffold0011:51609638|51617221",4,NA,NA
"8436","scaffold0011:51611796|51617221",2,NA,NA
"8437","scaffold0011:51626876|51639796",4,NA,NA
"8438","scaffold0011:51626876|51645380",4,NA,NA
"8439","scaffold0011:5166023|5220987",NA,NA,2
"8440","scaffold0011:52399812|52404983",9,NA,NA
"8441","scaffold0011:52524481|52537817",115,25,13
"8442","scaffold0011:52524481|52541706",113,27,11
"8443","scaffold0011:52524481|52545177",9,NA,NA
"8444","scaffold0011:52557200|52564630",3,NA,NA
"8445","scaffold0011:53471351|53474617",49,40,20
"8446","scaffold0011:53473357|53474617",NA,1,NA
"8447","scaffold0011:5602070|5602766",1,NA,NA
"8448","scaffold0011:5606829|5613353",NA,7,NA
"8449","scaffold0011:5632673|5645526",6,4,NA
"8450","scaffold0011:5640517|5645526",35,12,6
"8451","scaffold0011:5663784|5664502",31,32,28
"8452","scaffold0011:5663784|5668866",NA,NA,11
"8453","scaffold0011:5993764|6010229",42,32,14
"8454","scaffold0011:5993764|6020604",15,NA,NA
"8455","scaffold0011:5993764|6086760",1,NA,NA
"8456","scaffold0011:5999326|6010229",NA,NA,4
"8457","scaffold0011:6086576|6086760",20,7,11
"8458","scaffold0011:6128804|6129197",2,NA,NA
"8459","scaffold0011:6234469|6235734",NA,2,NA
"8460","scaffold0011:6354434|6357000",22,NA,9
"8461","scaffold0011:6354434|6372697",2,7,NA
"8462","scaffold0011:6355075|6372697",5,NA,NA
"8463","scaffold0011:6359140|6360424",457,198,202
"8464","scaffold0011:6359140|6372697",2,NA,NA
"8465","scaffold0011:6437042|6438439",5,NA,NA
"8466","scaffold0011:6437042|6466028",3,7,NA
"8467","scaffold0011:6489665|6491908",10,NA,NA
"8468","scaffold0011:7396417|7396582",3,NA,NA
"8469","scaffold0011:8335258|8335732",5,NA,NA
"8470","scaffold0011:8362141|8363787",50,17,19
"8471","scaffold0011:8802215|8802699",43,35,11
"8472","scaffold0011:8882674|8883189",8,NA,3
"8473","scaffold0012:1003437|1008193",20,6,22
"8474","scaffold0012:10310380|10310744",2,NA,NA
"8475","scaffold0012:10324585|10325714",3,16,NA
"8476","scaffold0012:10500092|10504454",19,4,NA
"8477","scaffold0012:10539971|10550852",3,NA,NA
"8478","scaffold0012:10618197|10620230",7,4,NA
"8479","scaffold0012:10618197|10625629",2,9,NA
"8480","scaffold0012:10692711|10694274",3,NA,2
"8481","scaffold0012:10853707|10856856",NA,NA,5
"8482","scaffold0012:10968446|10991736",NA,8,NA
"8483","scaffold0012:10989512|10991736",24,35,3
"8484","scaffold0012:11025730|11034340",8,NA,3
"8485","scaffold0012:11105706|11138884",1,6,NA
"8486","scaffold0012:11130573|11138884",NA,NA,4
"8487","scaffold0012:1114469|1117679",2,NA,NA
"8488","scaffold0012:11423740|11427078",NA,NA,4
"8489","scaffold0012:11494448|11529026",NA,9,NA
"8490","scaffold0012:1170545|1185143",NA,4,NA
"8491","scaffold0012:1176177|1185143",1,NA,NA
"8492","scaffold0012:1184986|1190474",3,NA,NA
"8493","scaffold0012:1189676|1192820",NA,4,NA
"8494","scaffold0012:1192397|1192820",NA,2,NA
"8495","scaffold0012:1192820|1204411",2,NA,NA
"8496","scaffold0012:1198018|1204411",10,NA,4
"8497","scaffold0012:12147531|12147820",2,NA,NA
"8498","scaffold0012:12147531|12179285",1,NA,NA
"8499","scaffold0012:12165191|12179285",5,NA,NA
"8500","scaffold0012:12174788|12179285",31,NA,11
"8501","scaffold0012:1218289|1229254",NA,NA,2
"8502","scaffold0012:1219663|1223610",NA,1,NA
"8503","scaffold0012:12721287|12746657",4,NA,NA
"8504","scaffold0012:12724466|12746657",2,NA,NA
"8505","scaffold0012:12823667|12832012",25,50,20
"8506","scaffold0012:12919592|12932470",NA,6,1
"8507","scaffold0012:13385901|13386068",4,NA,NA
"8508","scaffold0012:13428545|13443373",2,NA,NA
"8509","scaffold0012:13443266|13447881",31,9,9
"8510","scaffold0012:13443266|13453450",NA,2,NA
"8511","scaffold0012:13453351|13457294",NA,NA,6
"8512","scaffold0012:13458503|13458800",80,NA,12
"8513","scaffold0012:14522259|14522907",92,101,22
"8514","scaffold0012:16454202|16457833",1,NA,NA
"8515","scaffold0012:16454202|16463497",NA,NA,1
"8516","scaffold0012:16454202|16476932",7,NA,NA
"8517","scaffold0012:20842448|20847825",9,NA,NA
"8518","scaffold0012:21041419|21042644",1,NA,NA
"8519","scaffold0012:21041419|21047982",7,NA,NA
"8520","scaffold0012:21041419|21106608",1,NA,NA
"8521","scaffold0012:21071137|21106608",3,NA,NA
"8522","scaffold0012:21082365|21116697",9,NA,NA
"8523","scaffold0012:21106393|21116733",3,1,NA
"8524","scaffold0012:21116598|21131558",9,NA,NA
"8525","scaffold0012:21168737|21189165",19,NA,NA
"8526","scaffold0012:21182693|21195975",8,13,NA
"8527","scaffold0012:21182693|21213051",12,28,NA
"8528","scaffold0012:21267950|21274490",45,9,NA
"8529","scaffold0012:21267950|21390577",7,NA,NA
"8530","scaffold0012:21502462|21520324",NA,17,NA
"8531","scaffold0012:21515126|21520324",NA,NA,3
"8532","scaffold0012:21526173|21537049",2,NA,NA
"8533","scaffold0012:21546520|21551625",1,NA,NA
"8534","scaffold0012:21593545|21597528",NA,NA,2
"8535","scaffold0012:21593545|21601152",NA,NA,5
"8536","scaffold0012:21631265|21633141",40,44,25
"8537","scaffold0012:21788071|21788759",2,NA,NA
"8538","scaffold0012:22151118|22154804",12,NA,1
"8539","scaffold0012:22151118|22235952",NA,3,NA
"8540","scaffold0012:22402088|22434915",3,NA,NA
"8541","scaffold0012:22891793|22912541",1,NA,NA
"8542","scaffold0012:23019283|23099235",1,NA,NA
"8543","scaffold0012:23999746|23999937",1,NA,NA
"8544","scaffold0012:24001855|24002046",1,NA,NA
"8545","scaffold0012:24289050|24306817",1,1,NA
"8546","scaffold0012:24305644|24306817",NA,3,NA
"8547","scaffold0012:24450847|24456803",37,6,5
"8548","scaffold0012:24546217|24548639",1,NA,NA
"8549","scaffold0012:24558850|24560142",1,NA,NA
"8550","scaffold0012:25185550|25187287",13,NA,NA
"8551","scaffold0012:27241952|27249940",NA,5,NA
"8552","scaffold0012:28517626|28536405",42,71,37
"8553","scaffold0012:28542003|28560252",NA,NA,4
"8554","scaffold0012:28559346|28560252",2,18,3
"8555","scaffold0012:28559346|28582218",3,NA,NA
"8556","scaffold0012:28564596|28565211",NA,25,NA
"8557","scaffold0012:28564596|28582218",2,NA,1
"8558","scaffold0012:28653718|28671146",NA,NA,4
"8559","scaffold0012:28661076|28679523",3,NA,NA
"8560","scaffold0012:28670992|28696805",NA,3,5
"8561","scaffold0012:28679301|28696805",NA,NA,1
"8562","scaffold0012:28687031|28696805",2,NA,NA
"8563","scaffold0012:30080024|30087214",1,NA,NA
"8564","scaffold0012:30088673|30099369",NA,1,NA
"8565","scaffold0012:30088673|30102760",2,NA,NA
"8566","scaffold0012:30131822|30140322",106,23,60
"8567","scaffold0012:30219273|30242147",110,69,56
"8568","scaffold0012:30219273|30271883",28,NA,NA
"8569","scaffold0012:30494571|30507155",9,NA,NA
"8570","scaffold0012:30563238|30580521",1,NA,NA
"8571","scaffold0012:30570458|30580521",NA,2,NA
"8572","scaffold0012:30580386|30595038",1,NA,NA
"8573","scaffold0012:30580386|30616408",10,NA,4
"8574","scaffold0012:30671063|30686080",NA,13,NA
"8575","scaffold0012:30752226|30764741",NA,NA,3
"8576","scaffold0012:30765550|30769197",29,NA,3
"8577","scaffold0012:30801|35413",5,8,1
"8578","scaffold0012:30974891|30977499",50,4,12
"8579","scaffold0012:31134980|31143471",1,NA,NA
"8580","scaffold0012:31759239|31764356",NA,8,NA
"8581","scaffold0012:32031090|32040365",NA,NA,3
"8582","scaffold0012:32033816|32040365",3,NA,NA
"8583","scaffold0012:32060158|32062841",4,10,NA
"8584","scaffold0012:32060158|32098908",6,NA,4
"8585","scaffold0012:3206990|3209721",3,NA,NA
"8586","scaffold0012:32074764|32098908",NA,NA,5
"8587","scaffold0012:32085588|32088185",32,21,27
"8588","scaffold0012:32085588|32098908",4,1,NA
"8589","scaffold0012:32088118|32098908",9,NA,NA
"8590","scaffold0012:32090448|32098908",7,NA,NA
"8591","scaffold0012:32097887|32098908",312,221,162
"8592","scaffold0012:32188158|32190784",1,NA,NA
"8593","scaffold0012:32264449|32267774",291,153,114
"8594","scaffold0012:32264449|32271019",24,12,NA
"8595","scaffold0012:32264449|32280739",9,6,NA
"8596","scaffold0012:32264449|32285864",3,NA,NA
"8597","scaffold0012:32264449|32288285",27,15,12
"8598","scaffold0012:32266176|32267774",53,6,29
"8599","scaffold0012:32266176|32280739",19,2,NA
"8600","scaffold0012:32266176|32288285",991,356,547
"8601","scaffold0012:32285720|32288285",NA,NA,2
"8602","scaffold0012:32681735|32688939",5,NA,2
"8603","scaffold0012:32685229|32688939",1,NA,NA
"8604","scaffold0012:32688335|32691874",8,NA,NA
"8605","scaffold0012:32711134|32722998",5,NA,3
"8606","scaffold0012:32715069|32722998",2,NA,NA
"8607","scaffold0012:32766480|32766727",NA,1,NA
"8608","scaffold0012:32784558|32785875",NA,1,NA
"8609","scaffold0012:32811265|32813266",NA,NA,1
"8610","scaffold0012:32816075|32817401",1,NA,NA
"8611","scaffold0012:32846084|32846230",16,1,13
"8612","scaffold0012:32846084|32852780",3,NA,NA
"8613","scaffold0012:32846084|32853914",1,NA,NA
"8614","scaffold0012:32846084|32857843",6,NA,2
"8615","scaffold0012:32851825|32852780",NA,NA,3
"8616","scaffold0012:32894546|32896021",1,NA,NA
"8617","scaffold0012:3307243|3311001",23,NA,12
"8618","scaffold0012:3311001|3311615",NA,NA,4
"8619","scaffold0012:33258177|33261640",42,77,86
"8620","scaffold0012:33301008|33302237",16,NA,NA
"8621","scaffold0012:33301008|33309240",2,NA,NA
"8622","scaffold0012:33302160|33307265",NA,5,NA
"8623","scaffold0012:33317018|33317291",NA,7,NA
"8624","scaffold0012:33869|35413",1,NA,NA
"8625","scaffold0012:3446495|3452446",1,NA,NA
"8626","scaffold0012:34475605|34475780",5,NA,NA
"8627","scaffold0012:34582098|34583447",NA,1,NA
"8628","scaffold0012:34583090|34583447",NA,2,NA
"8629","scaffold0012:34593047|34595794",NA,7,NA
"8630","scaffold0012:34624979|34629115",2,NA,NA
"8631","scaffold0012:34627993|34629115",1,NA,1
"8632","scaffold0012:34651372|34654879",14,9,16
"8633","scaffold0012:34654688|34654879",NA,8,NA
"8634","scaffold0012:34656850|34657312",30,NA,11
"8635","scaffold0012:34656850|34663452",NA,1,NA
"8636","scaffold0012:34656850|34671794",1,3,3
"8637","scaffold0012:34656850|34672511",2,1,2
"8638","scaffold0012:34672511|34673017",NA,NA,2
"8639","scaffold0012:34746781|34749624",22,8,20
"8640","scaffold0012:34750827|34753102",1,NA,NA
"8641","scaffold0012:34750827|34755773",1,NA,NA
"8642","scaffold0012:34750827|34757813",6,NA,NA
"8643","scaffold0012:34764361|34764704",1,NA,NA
"8644","scaffold0012:34766054|34766969",15,4,7
"8645","scaffold0012:34771724|34775648",NA,4,NA
"8646","scaffold0012:34851613|34853917",NA,4,NA
"8647","scaffold0012:34983014|34983828",1,NA,1
"8648","scaffold0012:35173939|35174361",22,30,10
"8649","scaffold0012:35453413|35454448",NA,5,NA
"8650","scaffold0012:3567117|3570913",21,NA,2
"8651","scaffold0012:3567117|3580560",69,27,20
"8652","scaffold0012:3575680|3580560",13,11,5
"8653","scaffold0012:3590470|3592833",NA,7,NA
"8654","scaffold0012:36241429|36324531",NA,NA,2
"8655","scaffold0012:36269755|36274278",4,3,4
"8656","scaffold0012:36321335|36324531",23,26,25
"8657","scaffold0012:3717737|3735898",NA,NA,1
"8658","scaffold0012:3722554|3722758",6,NA,3
"8659","scaffold0012:3722554|3728301",5,NA,NA
"8660","scaffold0012:3722554|3735898",NA,NA,2
"8661","scaffold0012:37470712|37473452",NA,NA,1
"8662","scaffold0012:37535749|37538282",2,NA,NA
"8663","scaffold0012:38068480|38146642",22,15,NA
"8664","scaffold0012:380860|385168",54,5,41
"8665","scaffold0012:38146370|38201912",NA,NA,7
"8666","scaffold0012:38196613|38201912",2,NA,NA
"8667","scaffold0012:38425549|38434727",29,NA,7
"8668","scaffold0012:385100|393790",NA,4,NA
"8669","scaffold0012:38696860|38698589",62,4,NA
"8670","scaffold0012:38939873|38943929",2,NA,NA
"8671","scaffold0012:38939873|38949997",1,NA,NA
"8672","scaffold0012:38948492|38949997",NA,NA,7
"8673","scaffold0012:39000297|39019037",13,7,NA
"8674","scaffold0012:39000297|39030646",NA,NA,5
"8675","scaffold0012:39012642|39019037",2,NA,NA
"8676","scaffold0012:39012642|39030646",NA,NA,1
"8677","scaffold0012:39015868|39030646",3,4,NA
"8678","scaffold0012:39018894|39030646",5,5,8
"8679","scaffold0012:39157643|39160955",4,NA,1
"8680","scaffold0012:39160823|39163006",35,10,7
"8681","scaffold0012:39186765|39188306",5,12,NA
"8682","scaffold0012:39194350|39194874",1,NA,NA
"8683","scaffold0012:39194350|39201991",75,25,31
"8684","scaffold0012:39194350|39217593",2,NA,NA
"8685","scaffold0012:39201863|39204997",19,17,9
"8686","scaffold0012:39201863|39208695",NA,NA,4
"8687","scaffold0012:39201863|39217593",12,2,14
"8688","scaffold0012:39201863|39217644",19,1,12
"8689","scaffold0012:39203630|39204997",531,329,298
"8690","scaffold0012:39203630|39208080",NA,1,NA
"8691","scaffold0012:39204682|39204997",131,48,52
"8692","scaffold0012:39207933|39208695",6,NA,NA
"8693","scaffold0012:39207933|39217593",16,6,2
"8694","scaffold0012:39207933|39217644",NA,NA,2
"8695","scaffold0012:39216612|39217593",230,69,81
"8696","scaffold0012:39216612|39217644",205,59,114
"8697","scaffold0012:39346275|39371788",114,17,37
"8698","scaffold0012:39354881|39371788",NA,NA,4
"8699","scaffold0012:39370163|39371788",61,2,19
"8700","scaffold0012:39562181|39569784",3,5,6
"8701","scaffold0012:39562181|39586059",6,2,1
"8702","scaffold0012:39569133|39586059",2,NA,NA
"8703","scaffold0012:39988275|39988597",22,5,12
"8704","scaffold0012:40030206|40040488",1,NA,NA
"8705","scaffold0012:40035150|40035807",1,NA,NA
"8706","scaffold0012:40035150|40038560",2,NA,NA
"8707","scaffold0012:40135573|40145827",NA,2,NA
"8708","scaffold0012:4062643|4065826",NA,8,5
"8709","scaffold0012:4077883|4079252",NA,1,NA
"8710","scaffold0012:40964748|40976746",29,NA,6
"8711","scaffold0012:40971804|40986006",6,NA,NA
"8712","scaffold0012:41015667|41016738",1,NA,NA
"8713","scaffold0012:41060748|41076606",10,NA,NA
"8714","scaffold0012:41067179|41074111",NA,NA,2
"8715","scaffold0012:41073837|41080145",1,NA,NA
"8716","scaffold0012:41076481|41080145",59,21,22
"8717","scaffold0012:41076481|41084508",49,45,1
"8718","scaffold0012:41082442|41084508",4,NA,NA
"8719","scaffold0012:41104126|41108122",NA,15,1
"8720","scaffold0012:41124457|41132755",NA,6,NA
"8721","scaffold0012:41132612|41157771",3,6,7
"8722","scaffold0012:41157598|41183068",8,NA,NA
"8723","scaffold0012:41172250|41183068",18,7,NA
"8724","scaffold0012:41280300|41283287",4,NA,NA
"8725","scaffold0012:41304123|41309651",NA,NA,1
"8726","scaffold0012:41308644|41309477",4,NA,NA
"8727","scaffold0012:41347429|41358385",5,7,NA
"8728","scaffold0012:41351153|41358385",NA,11,NA
"8729","scaffold0012:41351153|41369567",NA,NA,4
"8730","scaffold0012:41484971|41486136",NA,4,NA
"8731","scaffold0012:41484971|41487622",NA,3,NA
"8732","scaffold0012:416839|427742",9,3,2
"8733","scaffold0012:416839|434869",19,27,11
"8734","scaffold0012:421812|427742",NA,NA,2
"8735","scaffold0012:42479562|42489649",1,NA,NA
"8736","scaffold0012:42515331|42521193",28,38,4
"8737","scaffold0012:42515331|42595373",7,NA,NA
"8738","scaffold0012:42519068|42521193",NA,NA,3
"8739","scaffold0012:42707538|42711056",NA,12,9
"8740","scaffold0012:42998908|42999378",3,NA,NA
"8741","scaffold0012:43083646|43139772",1,NA,NA
"8742","scaffold0012:43098253|43111154",5,5,NA
"8743","scaffold0012:43109325|43139772",4,NA,NA
"8744","scaffold0012:43109325|43185391",3,NA,NA
"8745","scaffold0012:43326905|43331218",7,NA,NA
"8746","scaffold0012:43326905|43334611",2,NA,NA
"8747","scaffold0012:43500049|43502763",97,35,48
"8748","scaffold0012:43568298|43584137",5,NA,NA
"8749","scaffold0012:43822674|43823788",10,NA,NA
"8750","scaffold0012:43836569|43836876",19,13,14
"8751","scaffold0012:43975389|43976481",NA,NA,4
"8752","scaffold0012:43996654|43997703",NA,7,NA
"8753","scaffold0012:44136170|44145315",NA,3,NA
"8754","scaffold0012:44137508|44145315",4,NA,NA
"8755","scaffold0012:44156987|44167816",4,NA,NA
"8756","scaffold0012:44172946|44175929",3,NA,NA
"8757","scaffold0012:44191779|44193568",47,32,25
"8758","scaffold0012:44356550|44393589",NA,5,NA
"8759","scaffold0012:44364290|44380351",15,7,NA
"8760","scaffold0012:44364290|44384485",NA,14,NA
"8761","scaffold0012:44364290|44389710",NA,NA,3
"8762","scaffold0012:44364290|44391121",6,NA,7
"8763","scaffold0012:44364290|44393589",6,17,NA
"8764","scaffold0012:44364290|44404991",NA,NA,1
"8765","scaffold0012:44371525|44384485",1,NA,NA
"8766","scaffold0012:44380189|44384485",16,12,28
"8767","scaffold0012:44380189|44389710",NA,NA,2
"8768","scaffold0012:44380189|44391121",16,NA,NA
"8769","scaffold0012:44380189|44393589",37,NA,21
"8770","scaffold0012:44384351|44389710",3,NA,NA
"8771","scaffold0012:44400996|44404991",52,NA,NA
"8772","scaffold0012:44400996|44412423",106,NA,NA
"8773","scaffold0012:44404915|44419786",2,NA,NA
"8774","scaffold0012:44419637|44423493",NA,8,NA
"8775","scaffold0012:44423356|44426460",4,NA,NA
"8776","scaffold0012:44923167|44924102",5,NA,NA
"8777","scaffold0012:44942959|44944625",82,67,66
"8778","scaffold0012:44942959|44946186",18,12,15
"8779","scaffold0012:44942959|44949521",60,80,46
"8780","scaffold0012:44949349|44952602",15,6,1
"8781","scaffold0012:44951527|44952602",NA,NA,3
"8782","scaffold0012:44962142|44963599",NA,1,NA
"8783","scaffold0012:45147286|45147949",NA,4,NA
"8784","scaffold0012:45157228|45185546",18,NA,NA
"8785","scaffold0012:45185397|45194223",NA,NA,5
"8786","scaffold0012:45194004|45201131",10,10,NA
"8787","scaffold0012:45194079|45201131",13,NA,15
"8788","scaffold0012:45194079|45202349",NA,NA,6
"8789","scaffold0012:45197167|45211989",3,NA,NA
"8790","scaffold0012:45211507|45221032",6,NA,9
"8791","scaffold0012:45229752|45233082",21,NA,15
"8792","scaffold0012:45232572|45233082",NA,NA,3
"8793","scaffold0012:46030644|46035517",6,NA,16
"8794","scaffold0012:46082259|46085788",NA,5,NA
"8795","scaffold0012:46138989|46139163",NA,NA,2
"8796","scaffold0012:46173959|46174418",4,NA,NA
"8797","scaffold0012:46174738|46176462",2,NA,NA
"8798","scaffold0012:46193362|46194809",NA,1,NA
"8799","scaffold0012:46237776|46237952",NA,6,NA
"8800","scaffold0012:46239213|46239762",1,NA,NA
"8801","scaffold0012:4628173|4636973",3,NA,NA
"8802","scaffold0012:46287328|46287554",4,NA,NA
"8803","scaffold0012:46318525|46323903",NA,NA,1
"8804","scaffold0012:46529761|46530301",NA,NA,2
"8805","scaffold0012:46776559|46784152",2,NA,NA
"8806","scaffold0012:46782039|46784152",1,3,NA
"8807","scaffold0012:46831426|46833751",NA,5,NA
"8808","scaffold0012:47129037|47130060",NA,NA,1
"8809","scaffold0012:47536661|47536907",NA,2,3
"8810","scaffold0012:47536661|47560783",11,NA,15
"8811","scaffold0012:47718425|47721562",NA,1,NA
"8812","scaffold0012:47754836|47756039",24,60,29
"8813","scaffold0012:47808116|47811216",NA,NA,7
"8814","scaffold0012:48286219|48375307",NA,4,NA
"8815","scaffold0012:48348138|48375307",NA,2,NA
"8816","scaffold0012:48348138|48438507",NA,3,NA
"8817","scaffold0012:48354695|48375307",1,NA,NA
"8818","scaffold0012:48438213|48753830",NA,9,NA
"8819","scaffold0012:48572190|48584142",1,28,NA
"8820","scaffold0012:49264988|49274408",6,4,2
"8821","scaffold0012:49265687|49274408",31,16,15
"8822","scaffold0012:49273878|49274408",2,14,7
"8823","scaffold0012:49289474|49291550",91,67,64
"8824","scaffold0012:49308256|49316093",NA,1,NA
"8825","scaffold0012:49308256|49328625",NA,6,NA
"8826","scaffold0012:49309254|49310822",3,NA,NA
"8827","scaffold0012:49342311|49349633",NA,NA,2
"8828","scaffold0012:49376032|49376686",5,NA,NA
"8829","scaffold0012:49388226|49390758",4,NA,NA
"8830","scaffold0012:49621533|49622795",NA,NA,2
"8831","scaffold0012:49622512|49623069",3,NA,NA
"8832","scaffold0012:49670361|49677540",NA,NA,2
"8833","scaffold0012:49672795|49677540",20,9,2
"8834","scaffold0012:49673820|49677540",NA,NA,1
"8835","scaffold0012:49683673|49704079",1,NA,NA
"8836","scaffold0012:5110631|5130058",1,1,NA
"8837","scaffold0012:5110631|5217991",10,NA,NA
"8838","scaffold0012:51199889|51231312",NA,NA,2
"8839","scaffold0012:5126971|5140095",NA,NA,2
"8840","scaffold0012:51315676|51321780",3,NA,NA
"8841","scaffold0012:51321634|51325566",5,NA,NA
"8842","scaffold0012:51321634|51363626",9,NA,NA
"8843","scaffold0012:51363272|51363626",183,33,67
"8844","scaffold0012:51414113|51416240",NA,NA,7
"8845","scaffold0012:51415271|51416240",3,7,1
"8846","scaffold0012:51554497|51555471",14,NA,NA
"8847","scaffold0012:51554497|51566862",7,NA,NA
"8848","scaffold0012:51560406|51563665",NA,NA,2
"8849","scaffold0012:51568968|51574559",8,NA,NA
"8850","scaffold0012:51580358|51581743",58,34,44
"8851","scaffold0012:5171618|5217991",5,NA,NA
"8852","scaffold0012:5171618|5243190",8,NA,NA
"8853","scaffold0012:51872629|51873955",2,NA,NA
"8854","scaffold0012:51872758|51873777",NA,6,NA
"8855","scaffold0012:51877328|51878278",5,NA,NA
"8856","scaffold0012:51938570|51945705",143,96,105
"8857","scaffold0012:51938570|51961919",NA,3,5
"8858","scaffold0012:51945038|51945705",4,4,NA
"8859","scaffold0012:51953002|51961919",NA,NA,1
"8860","scaffold0012:52089943|52090372",5,NA,NA
"8861","scaffold0012:52089943|52107018",2,3,8
"8862","scaffold0012:52105139|52135774",NA,NA,3
"8863","scaffold0012:52135592|52135774",13,NA,10
"8864","scaffold0012:52135592|52168759",NA,2,NA
"8865","scaffold0012:52135592|52188753",1,1,NA
"8866","scaffold0012:52153811|52168759",1,NA,NA
"8867","scaffold0012:5217874|5243190",28,21,7
"8868","scaffold0012:52179732|52188753",NA,NA,1
"8869","scaffold0012:52196733|52200797",5,NA,1
"8870","scaffold0012:5241077|5253594",NA,NA,29
"8871","scaffold0012:52456015|52456393",1,NA,NA
"8872","scaffold0012:5253505|5255472",26,6,NA
"8873","scaffold0012:52591353|52593045",7,NA,3
"8874","scaffold0012:52591353|52596613",NA,NA,1
"8875","scaffold0012:52591353|52600064",3,NA,NA
"8876","scaffold0012:52596436|52600064",12,8,7
"8877","scaffold0012:52596436|52625805",NA,NA,7
"8878","scaffold0012:52709057|52709258",1,NA,NA
"8879","scaffold0012:52722311|52764888",NA,NA,3
"8880","scaffold0012:52723646|52726577",NA,NA,1
"8881","scaffold0012:52739477|52751827",10,NA,NA
"8882","scaffold0012:52760656|52764888",3,NA,NA
"8883","scaffold0012:52767026|52768269",2,3,NA
"8884","scaffold0012:52767026|52769936",1,NA,NA
"8885","scaffold0012:52767026|52776436",NA,10,NA
"8886","scaffold0012:52776259|52778581",4,NA,1
"8887","scaffold0012:5278976|5282995",6,NA,NA
"8888","scaffold0012:5278976|5309912",2,NA,NA
"8889","scaffold0012:52817269|52824613",258,160,130
"8890","scaffold0012:52818558|52824613",730,381,295
"8891","scaffold0012:52818558|52828020",320,NA,NA
"8892","scaffold0012:52824452|52824613",4,NA,NA
"8893","scaffold0012:52824452|52828020",NA,15,NA
"8894","scaffold0012:52826346|52828020",NA,NA,4
"8895","scaffold0012:52826346|52847297",NA,4,NA
"8896","scaffold0012:52832453|52834858",28,33,22
"8897","scaffold0012:52836426|52839465",NA,15,4
"8898","scaffold0012:52836426|52840780",8,NA,5
"8899","scaffold0012:52836426|52846076",17,NA,4
"8900","scaffold0012:52836426|52847297",NA,NA,6
"8901","scaffold0012:52845971|52847297",NA,2,NA
"8902","scaffold0012:52901805|52902030",2,NA,NA
"8903","scaffold0012:52901805|52913486",20,21,2
"8904","scaffold0012:52945860|52948370",6,NA,NA
"8905","scaffold0012:53033670|53034834",176,33,61
"8906","scaffold0012:53033670|53039991",53,NA,NA
"8907","scaffold0012:53054779|53058156",1,NA,NA
"8908","scaffold0012:53054779|53059957",NA,NA,3
"8909","scaffold0012:53057598|53059957",16,3,9
"8910","scaffold0012:53187596|53254048",4,NA,NA
"8911","scaffold0012:53293835|53294065",1,NA,NA
"8912","scaffold0012:5347588|5349658",7,NA,NA
"8913","scaffold0012:53502990|53503352",1,15,8
"8914","scaffold0012:53502990|53507019",2,NA,NA
"8915","scaffold0012:6444166|6444808",153,70,27
"8916","scaffold0012:6444166|6516181",2,NA,NA
"8917","scaffold0012:6444169|6444808",21,NA,NA
"8918","scaffold0012:6512482|6516181",5,NA,NA
"8919","scaffold0012:6512482|6536646",1,3,NA
"8920","scaffold0012:6522244|6536646",7,7,NA
"8921","scaffold0012:6530041|6536646",21,18,3
"8922","scaffold0012:7214347|7215613",NA,2,NA
"8923","scaffold0012:7394414|7394574",NA,2,NA
"8924","scaffold0012:7394414|7409160",9,NA,NA
"8925","scaffold0012:7432476|7434039",17,NA,16
"8926","scaffold0012:7433861|7434039",NA,4,NA
"8927","scaffold0012:749000|757673",2,NA,4
"8928","scaffold0012:753062|757673",NA,NA,1
"8929","scaffold0012:787030|787197",3,NA,5
"8930","scaffold0012:787030|803375",1,NA,4
"8931","scaffold0012:787030|812349",31,16,11
"8932","scaffold0012:803249|812349",48,9,29
"8933","scaffold0012:9786077|9790083",15,20,2
"8934","scaffold0012:9786077|9806024",NA,2,NA
"8935","scaffold0012:984648|1008193",3,5,14
"8936","scaffold0012:984648|999463",1,NA,NA
"8937","scaffold0012:9914634|9921532",7,NA,NA
"8938","scaffold0012:994284|1008193",37,11,8
"8939","scaffold0012:994284|999463",5,3,1
"8940","scaffold0012:9985186|9988010",NA,NA,1
"8941","scaffold0012:999350|1008193",214,145,84
"8942","scaffold0013:10338677|10349172",1,NA,NA
"8943","scaffold0013:10459775|10469344",NA,NA,9
"8944","scaffold0013:10467290|10483750",2,NA,NA
"8945","scaffold0013:10477217|10483750",10,NA,NA
"8946","scaffold0013:1048362|1049057",21,NA,3
"8947","scaffold0013:10771685|10772667",2,NA,NA
"8948","scaffold0013:10850770|10873376",2,NA,1
"8949","scaffold0013:10850770|10886513",NA,NA,2
"8950","scaffold0013:10870498|10873376",81,36,83
"8951","scaffold0013:10870498|10881090",NA,NA,5
"8952","scaffold0013:10870498|10884580",1,NA,NA
"8953","scaffold0013:10870498|10886513",5,NA,NA
"8954","scaffold0013:10873214|10883151",3,NA,NA
"8955","scaffold0013:10880993|10883151",8,5,10
"8956","scaffold0013:10880993|10884580",3,NA,NA
"8957","scaffold0013:10880993|10886513",NA,NA,5
"8958","scaffold0013:10882982|10884580",26,8,46
"8959","scaffold0013:10882982|10886513",28,1,21
"8960","scaffold0013:10882982|10888999",10,NA,NA
"8961","scaffold0013:10954813|10956701",28,14,15
"8962","scaffold0013:10954813|10959343",NA,NA,36
"8963","scaffold0013:10956562|10959343",NA,8,5
"8964","scaffold0013:10957434|10958205",NA,NA,12
"8965","scaffold0013:10957434|10959343",179,91,91
"8966","scaffold0013:11041965|11045653",16,11,10
"8967","scaffold0013:11574376|11583581",NA,1,NA
"8968","scaffold0013:11700553|11716843",1,NA,NA
"8969","scaffold0013:11702118|11716843",1,NA,NA
"8970","scaffold0013:11726542|11729002",NA,9,2
"8971","scaffold0013:11752360|11754511",NA,NA,6
"8972","scaffold0013:11773751|11776134",NA,NA,7
"8973","scaffold0013:11790123|11793345",347,166,194
"8974","scaffold0013:11792560|11793345",114,57,32
"8975","scaffold0013:11913238|11914266",16,NA,8
"8976","scaffold0013:12243111|12316756",8,NA,NA
"8977","scaffold0013:12243111|12331862",2,NA,NA
"8978","scaffold0013:1373224|1395998",9,NA,NA
"8979","scaffold0013:13910836|13911980",NA,6,NA
"8980","scaffold0013:13910836|13915784",3,NA,NA
"8981","scaffold0013:14704299|14704613",NA,5,NA
"8982","scaffold0013:15930818|15931302",NA,NA,2
"8983","scaffold0013:15930818|15944041",13,4,NA
"8984","scaffold0013:16845006|16854593",NA,NA,1
"8985","scaffold0013:16857204|16862178",20,12,6
"8986","scaffold0013:16899012|16901450",1,NA,NA
"8987","scaffold0013:174642|182429",NA,10,NA
"8988","scaffold0013:18300721|18336900",2,NA,NA
"8989","scaffold0013:18382801|18452577",9,NA,3
"8990","scaffold0013:18382801|18492647",18,NA,NA
"8991","scaffold0013:18928875|18936223",1,NA,NA
"8992","scaffold0013:18932008|18934552",13,4,6
"8993","scaffold0013:18934360|18936223",NA,NA,2
"8994","scaffold0013:20114130|20114518",5,NA,NA
"8995","scaffold0013:20304069|20305725",3,NA,NA
"8996","scaffold0013:20581209|20591077",9,1,12
"8997","scaffold0013:20584958|20591077",5,5,12
"8998","scaffold0013:20681490|20722228",3,NA,NA
"8999","scaffold0013:21250825|21251229",NA,10,1
"9000","scaffold0013:21380572|21398073",6,1,NA
"9001","scaffold0013:21392489|21403811",7,8,NA
"9002","scaffold0013:21518801|21522913",NA,12,NA
"9003","scaffold0013:25366270|25367169",NA,4,NA
"9004","scaffold0013:25366270|25370960",NA,NA,11
"9005","scaffold0013:25377695|25381125",NA,NA,6
"9006","scaffold0013:2540560|2548604",1,NA,NA
"9007","scaffold0013:25522136|25524658",NA,NA,7
"9008","scaffold0013:25595943|25606015",4,NA,NA
"9009","scaffold0013:25752211|25759589",2,NA,NA
"9010","scaffold0013:25781205|25785869",NA,NA,1
"9011","scaffold0013:25886029|25890238",4,17,NA
"9012","scaffold0013:25904806|25907526",10,NA,NA
"9013","scaffold0013:28651457|28682023",3,NA,NA
"9014","scaffold0013:28876704|28938863",NA,NA,4
"9015","scaffold0013:29072849|29103490",NA,5,NA
"9016","scaffold0013:3350730|3389656",31,NA,15
"9017","scaffold0013:3389512|3389656",7,13,2
"9018","scaffold0013:3524993|3531017",14,NA,NA
"9019","scaffold0013:3524993|3540362",2,6,3
"9020","scaffold0013:3524993|3551624",1,6,NA
"9021","scaffold0013:3740192|3741153",21,NA,NA
"9022","scaffold0013:3802229|3802647",NA,NA,3
"9023","scaffold0013:3867635|3872218",5,NA,NA
"9024","scaffold0013:3932774|3935123",19,NA,6
"9025","scaffold0013:39540174|39544039",1,3,NA
"9026","scaffold0013:3978620|3982903",2,NA,NA
"9027","scaffold0013:3997534|4008216",7,NA,NA
"9028","scaffold0013:40825126|40827839",2,NA,NA
"9029","scaffold0013:4115472|4121073",4,NA,NA
"9030","scaffold0013:4120914|4124300",NA,2,NA
"9031","scaffold0013:4124162|4126553",11,4,NA
"9032","scaffold0013:4127556|4128155",13,NA,NA
"9033","scaffold0013:4147351|4148000",NA,1,NA
"9034","scaffold0013:41660915|41665190",10,3,1
"9035","scaffold0013:41662000|41665190",21,4,5
"9036","scaffold0013:41662000|41680372",1,NA,NA
"9037","scaffold0013:41684794|41688587",21,NA,NA
"9038","scaffold0013:42603691|42612478",51,61,24
"9039","scaffold0013:4319082|4319796",2,NA,NA
"9040","scaffold0013:4333257|4334688",NA,NA,2
"9041","scaffold0013:4333257|4361883",NA,NA,1
"9042","scaffold0013:4415685|4417911",6,NA,NA
"9043","scaffold0013:47704669|47737837",6,NA,NA
"9044","scaffold0013:47736159|47737837",65,47,33
"9045","scaffold0013:47758532|47762753",12,NA,5
"9046","scaffold0013:47796533|47804680",1,NA,NA
"9047","scaffold0013:47805321|47806773",NA,NA,2
"9048","scaffold0013:47806647|47806939",27,13,22
"9049","scaffold0013:47806647|47830218",NA,NA,2
"9050","scaffold0013:47824791|47826146",18,12,14
"9051","scaffold0013:48190524|48192782",NA,NA,4
"9052","scaffold0013:494052|496038",23,2,5
"9053","scaffold0013:50618146|50620338",14,NA,NA
"9054","scaffold0013:50638382|50639220",NA,NA,8
"9055","scaffold0013:50638382|50642978",NA,1,NA
"9056","scaffold0013:50638382|50649219",NA,3,NA
"9057","scaffold0013:50638502|50639116",NA,NA,5
"9058","scaffold0013:50824173|50826849",2,NA,3
"9059","scaffold0013:50824173|50828015",2,NA,4
"9060","scaffold0013:50824173|50840231",1,NA,6
"9061","scaffold0013:50832492|50840231",1,NA,NA
"9062","scaffold0013:50832492|50847039",2,NA,NA
"9063","scaffold0013:50832819|50840231",NA,1,NA
"9064","scaffold0013:50835375|50840231",NA,2,NA
"9065","scaffold0013:50840103|50847039",47,50,36
"9066","scaffold0013:50840103|50851459",NA,1,1
"9067","scaffold0013:50840103|50853537",NA,NA,3
"9068","scaffold0013:50846947|50853537",1,NA,NA
"9069","scaffold0013:50884194|50885931",5,6,5
"9070","scaffold0013:51039263|51041966",14,7,1
"9071","scaffold0013:51060377|51062443",NA,NA,2
"9072","scaffold0013:51060377|51068993",6,NA,NA
"9073","scaffold0013:51179969|51205864",10,NA,NA
"9074","scaffold0013:51180358|51205864",18,NA,5
"9075","scaffold0013:51196201|51198777",NA,NA,3
"9076","scaffold0013:51196201|51205864",23,NA,NA
"9077","scaffold0013:51229807|51259243",NA,NA,1
"9078","scaffold0013:51247191|51261335",17,1,7
"9079","scaffold0013:51248960|51259243",49,10,18
"9080","scaffold0013:51251402|51259243",42,11,28
"9081","scaffold0013:51251997|51259243",1,NA,NA
"9082","scaffold0013:51284443|51287030",3,1,NA
"9083","scaffold0013:51299222|51302814",5,NA,NA
"9084","scaffold0013:51318025|51345374",6,NA,NA
"9085","scaffold0013:51386767|51388613",17,10,5
"9086","scaffold0013:533315|542017",NA,NA,3
"9087","scaffold0013:7538625|7545715",4,NA,NA
"9088","scaffold0013:7780910|7781134",NA,NA,4
"9089","scaffold0013:7780910|7784670",21,NA,NA
"9090","scaffold0013:7790472|7793348",NA,NA,3
"9091","scaffold0013:7793173|7796271",NA,NA,5
"9092","scaffold0013:7930571|7935169",NA,NA,6
"9093","scaffold0013:7930571|7938464",1,NA,NA
"9094","scaffold0013:7937555|7938464",2,NA,NA
"9095","scaffold0013:8083438|8104150",NA,NA,1
"9096","scaffold0013:8122652|8132223",NA,NA,2
"9097","scaffold0013:8122652|8134153",NA,NA,1
"9098","scaffold0013:8134035|8138215",NA,NA,1
"9099","scaffold0013:8146109|8146557",1,NA,NA
"9100","scaffold0013:8146109|8147621",2,NA,NA
"9101","scaffold0013:8161354|8162134",1,NA,NA
"9102","scaffold0013:8161354|8165512",24,25,15
"9103","scaffold0013:8161354|8167942",24,19,7
"9104","scaffold0014:1000668|1001658",8,NA,NA
"9105","scaffold0014:1001517|1001658",5,NA,2
"9106","scaffold0014:1005638|1013001",9,NA,14
"9107","scaffold0014:1005638|1017826",NA,13,4
"9108","scaffold0014:10752079|10753009",11,NA,NA
"9109","scaffold0014:10762514|10765318",2,4,NA
"9110","scaffold0014:10903269|10910673",NA,1,NA
"9111","scaffold0014:1153119|1155484",NA,NA,2
"9112","scaffold0014:1175114|1178209",NA,1,NA
"9113","scaffold0014:1175181|1176381",NA,6,NA
"9114","scaffold0014:1244681|1246779",2,NA,NA
"9115","scaffold0014:1277428|1280136",NA,NA,8
"9116","scaffold0014:13021311|13070242",NA,2,NA
"9117","scaffold0014:1307777|1409343",1,NA,NA
"9118","scaffold0014:1315897|1318932",2,9,NA
"9119","scaffold0014:1409064|1409343",15,22,NA
"9120","scaffold0014:14161537|14162138",NA,1,4
"9121","scaffold0014:14161537|14172831",34,NA,NA
"9122","scaffold0014:14161537|14190566",14,NA,7
"9123","scaffold0014:14171698|14172831",NA,2,NA
"9124","scaffold0014:14171698|14187294",2,NA,NA
"9125","scaffold0014:14171698|14190566",4,NA,NA
"9126","scaffold0014:14186365|14190566",75,NA,6
"9127","scaffold0014:15022555|15025656",24,28,21
"9128","scaffold0014:15155059|15158534",NA,NA,3
"9129","scaffold0014:15157807|15158534",2,NA,NA
"9130","scaffold0014:15157956|15158374",1,NA,NA
"9131","scaffold0014:15750878|15772819",NA,NA,1
"9132","scaffold0014:16173517|16215103",7,NA,NA
"9133","scaffold0014:16880851|16882417",NA,NA,7
"9134","scaffold0014:16880851|16885652",NA,NA,3
"9135","scaffold0014:16894719|16905229",18,NA,2
"9136","scaffold0014:16894719|16922798",NA,2,NA
"9137","scaffold0014:16904402|16922798",13,NA,NA
"9138","scaffold0014:16904402|16926712",10,NA,NA
"9139","scaffold0014:16910384|16926712",11,NA,14
"9140","scaffold0014:16917204|16926712",11,NA,2
"9141","scaffold0014:17015293|17018949",NA,10,NA
"9142","scaffold0014:17131272|17132596",309,195,25
"9143","scaffold0014:17131272|17151823",13,NA,NA
"9144","scaffold0014:17269693|17294361",12,NA,2
"9145","scaffold0014:17272457|17294361",NA,NA,2
"9146","scaffold0014:17397077|17401116",2,NA,NA
"9147","scaffold0014:17467775|17500541",1,NA,NA
"9148","scaffold0014:17475215|17489255",7,NA,NA
"9149","scaffold0014:17478076|17484622",3,NA,NA
"9150","scaffold0014:17478076|17500541",NA,5,NA
"9151","scaffold0014:17482950|17484622",NA,6,3
"9152","scaffold0014:17493297|17500541",1,NA,2
"9153","scaffold0014:17495486|17500541",NA,NA,2
"9154","scaffold0014:17535529|17595578",NA,7,NA
"9155","scaffold0014:17563457|17595578",17,NA,NA
"9156","scaffold0014:19125303|19136660",4,NA,NA
"9157","scaffold0014:19297421|19317202",NA,NA,1
"9158","scaffold0014:19329778|19339270",6,NA,NA
"9159","scaffold0014:20386031|20390549",4,NA,NA
"9160","scaffold0014:20386031|20394391",113,50,168
"9161","scaffold0014:20386031|20404770",NA,NA,3
"9162","scaffold0014:20386031|20405929",22,5,35
"9163","scaffold0014:20386031|20420135",1,NA,NA
"9164","scaffold0014:20386031|20423057",NA,NA,1
"9165","scaffold0014:20390443|20394391",4,NA,16
"9166","scaffold0014:20393068|20404770",56,NA,26
"9167","scaffold0014:20393068|20405929",NA,NA,1
"9168","scaffold0014:20404587|20405929",6,NA,NA
"9169","scaffold0014:20419981|20423057",1,NA,NA
"9170","scaffold0014:20441842|20442128",2,NA,NA
"9171","scaffold0014:2131489|2133339",3,NA,NA
"9172","scaffold0014:2139409|2140435",NA,NA,2
"9173","scaffold0014:2165790|2166671",2,NA,NA
"9174","scaffold0014:21702203|21708552",NA,5,NA
"9175","scaffold0014:2170412|2173482",22,8,6
"9176","scaffold0014:21707907|21708552",19,16,10
"9177","scaffold0014:21707907|21720358",NA,NA,5
"9178","scaffold0014:21708431|21708552",NA,NA,3
"9179","scaffold0014:21710474|21712022",5,NA,NA
"9180","scaffold0014:2189749|2190417",NA,NA,1
"9181","scaffold0014:21939310|21939553",NA,15,4
"9182","scaffold0014:22820631|22832311",2,NA,NA
"9183","scaffold0014:23016067|23037039",9,5,NA
"9184","scaffold0014:23027023|23037039",41,54,11
"9185","scaffold0014:23195876|23196307",33,39,9
"9186","scaffold0014:23210357|23216874",1448,993,876
"9187","scaffold0014:23210357|23222908",51,22,12
"9188","scaffold0014:23210357|23229005",2,6,4
"9189","scaffold0014:23215602|23216874",5,6,NA
"9190","scaffold0014:23215602|23222908",9,NA,NA
"9191","scaffold0014:23248584|23248820",1,NA,NA
"9192","scaffold0014:23261520|23261650",NA,NA,1
"9193","scaffold0014:23268086|23273562",4,NA,NA
"9194","scaffold0014:23754676|23771197",NA,NA,7
"9195","scaffold0014:23797512|23801784",18,18,NA
"9196","scaffold0014:2404938|2409608",13,NA,NA
"9197","scaffold0014:2404938|2438393",7,NA,NA
"9198","scaffold0014:2423121|2426300",3,5,NA
"9199","scaffold0014:2438179|2454524",NA,NA,17
"9200","scaffold0014:2452355|2454524",58,65,29
"9201","scaffold0014:24609090|24610689",NA,NA,6
"9202","scaffold0014:2491520|2491722",23,NA,6
"9203","scaffold0014:2494044|2494830",6,NA,2
"9204","scaffold0014:2494044|2496212",8,NA,NA
"9205","scaffold0014:2494044|2500859",8,NA,9
"9206","scaffold0014:2504056|2505913",11,28,2
"9207","scaffold0014:2504056|2506899",3,NA,NA
"9208","scaffold0014:2506709|2510664",14,12,6
"9209","scaffold0014:2533432|2533595",NA,NA,2
"9210","scaffold0014:2543529|2547239",2,11,NA
"9211","scaffold0014:2557791|2560339",NA,NA,2
"9212","scaffold0014:2562558|2564691",1,NA,NA
"9213","scaffold0014:2580144|2580589",NA,4,NA
"9214","scaffold0014:2598337|2602843",118,43,35
"9215","scaffold0014:26153832|26157112",4,NA,NA
"9216","scaffold0014:26238732|26242185",1,NA,NA
"9217","scaffold0014:26866807|26885326",1,NA,NA
"9218","scaffold0014:26878074|26885326",NA,NA,2
"9219","scaffold0014:26884605|26885326",1,NA,NA
"9220","scaffold0014:26884605|26886770",1,NA,NA
"9221","scaffold0014:27019206|27038742",12,NA,NA
"9222","scaffold0014:27028402|27045771",6,NA,NA
"9223","scaffold0014:27110602|27122225",NA,NA,1
"9224","scaffold0014:27210618|27217317",NA,13,NA
"9225","scaffold0014:27214152|27217317",4,NA,1
"9226","scaffold0014:27223112|27223263",6,NA,NA
"9227","scaffold0014:27232358|27234356",2,NA,NA
"9228","scaffold0014:27241983|27242430",NA,7,NA
"9229","scaffold0014:27254671|27262222",526,413,434
"9230","scaffold0014:27269874|27272154",91,78,110
"9231","scaffold0014:27272006|27280440",NA,NA,4
"9232","scaffold0014:27343178|27343329",7,NA,NA
"9233","scaffold0014:27348241|27354564",1,1,NA
"9234","scaffold0014:27380489|27384481",15,NA,NA
"9235","scaffold0014:27826484|27837572",NA,1,NA
"9236","scaffold0014:27878225|27880858",NA,10,1
"9237","scaffold0014:27897090|27927297",8,NA,NA
"9238","scaffold0014:27901649|27911821",1,NA,NA
"9239","scaffold0014:27911603|27927297",6,NA,1
"9240","scaffold0014:27915464|27937839",3,NA,NA
"9241","scaffold0014:281350|287838",4,NA,NA
"9242","scaffold0014:282942|287838",NA,6,NA
"9243","scaffold0014:28883810|28904987",14,NA,2
"9244","scaffold0014:28897955|28904987",19,NA,1
"9245","scaffold0014:2995705|2995857",NA,9,2
"9246","scaffold0014:29981292|29994725",13,10,NA
"9247","scaffold0014:29994587|30010794",7,6,NA
"9248","scaffold0014:30723225|30723907",10,NA,4
"9249","scaffold0014:31237054|31238494",7,NA,NA
"9250","scaffold0014:31237942|31238494",NA,1,3
"9251","scaffold0014:31238109|31238385",2,NA,NA
"9252","scaffold0014:31442489|31481089",2,NA,NA
"9253","scaffold0014:31442489|31483050",1,NA,NA
"9254","scaffold0014:31442489|31532034",4,NA,NA
"9255","scaffold0014:31458977|31471404",4,NA,NA
"9256","scaffold0014:31460042|31471404",2,NA,NA
"9257","scaffold0014:31460042|31541735",3,NA,NA
"9258","scaffold0014:31463884|31481089",NA,NA,1
"9259","scaffold0014:31471266|31477136",NA,NA,15
"9260","scaffold0014:31471266|31532034",NA,6,NA
"9261","scaffold0014:31476923|31481089",3,NA,NA
"9262","scaffold0014:31476923|31483050",1,NA,NA
"9263","scaffold0014:31476923|31532034",NA,NA,3
"9264","scaffold0014:3148035|3151466",14,NA,NA
"9265","scaffold0014:3148035|3162344",2,11,NA
"9266","scaffold0014:3148035|3166767",NA,8,NA
"9267","scaffold0014:31524079|31532034",96,52,49
"9268","scaffold0014:31524079|31541735",82,39,30
"9269","scaffold0014:31524079|31555415",302,295,126
"9270","scaffold0014:31531874|31541735",12,3,NA
"9271","scaffold0014:31531874|31555415",34,25,21
"9272","scaffold0014:31598455|31602817",5,NA,NA
"9273","scaffold0014:3161476|3162344",5,5,NA
"9274","scaffold0014:3161476|3166767",6,NA,NA
"9275","scaffold0014:3174222|3183362",3,5,NA
"9276","scaffold0014:3174222|3185934",8,NA,NA
"9277","scaffold0014:3179115|3183362",NA,3,NA
"9278","scaffold0014:3183120|3185934",14,37,4
"9279","scaffold0014:327686|330709",NA,NA,2
"9280","scaffold0014:34909846|34912181",1,NA,NA
"9281","scaffold0014:35588313|35588495",2,NA,NA
"9282","scaffold0014:35617824|35622485",41,49,79
"9283","scaffold0014:35854483|35858958",10,NA,NA
"9284","scaffold0014:36115845|36119350",3,4,1
"9285","scaffold0014:36667713|36668742",3,NA,NA
"9286","scaffold0014:36669693|36674569",3,NA,4
"9287","scaffold0014:36677275|36679754",17,10,14
"9288","scaffold0014:36775671|36796811",1,NA,NA
"9289","scaffold0014:36776972|36782773",NA,NA,1
"9290","scaffold0014:36990024|36991569",NA,NA,3
"9291","scaffold0014:36998664|37000125",NA,NA,4
"9292","scaffold0014:37440949|37456073",NA,NA,1
"9293","scaffold0014:37448753|37456073",1,NA,NA
"9294","scaffold0014:37489065|37494501",NA,NA,1
"9295","scaffold0014:37491495|37494501",2,NA,2
"9296","scaffold0014:37505573|37509091",94,95,48
"9297","scaffold0014:37588105|37591836",NA,NA,11
"9298","scaffold0014:37831318|37843011",NA,NA,2
"9299","scaffold0014:37845955|37847363",38,28,61
"9300","scaffold0014:37847183|37868369",1,NA,NA
"9301","scaffold0014:37848566|37855581",3,NA,NA
"9302","scaffold0014:37853187|37856591",NA,NA,3
"9303","scaffold0014:37854377|37856591",NA,NA,2
"9304","scaffold0014:37856515|37856834",2,NA,NA
"9305","scaffold0014:37856515|37858315",27,16,5
"9306","scaffold0014:37856515|37860091",3,8,4
"9307","scaffold0014:37856515|37868369",4,NA,NA
"9308","scaffold0014:37856667|37868369",NA,5,NA
"9309","scaffold0014:37862796|37865127",11,7,7
"9310","scaffold0014:37862796|37868369",44,9,15
"9311","scaffold0014:37888347|37888517",NA,14,NA
"9312","scaffold0014:37888347|37923421",4,7,16
"9313","scaffold0014:37888347|37950713",14,NA,NA
"9314","scaffold0014:3980510|3981902",81,NA,NA
"9315","scaffold0014:3980510|3988157",1,NA,NA
"9316","scaffold0014:4084254|4086598",30,8,33
"9317","scaffold0014:41275114|41281466",2,NA,NA
"9318","scaffold0014:41275114|41286482",15,9,18
"9319","scaffold0014:41276186|41293142",NA,4,NA
"9320","scaffold0014:41281360|41286482",56,50,62
"9321","scaffold0014:41281360|41293142",103,44,39
"9322","scaffold0014:41281360|41307483",NA,NA,10
"9323","scaffold0014:41453246|41463748",4,NA,NA
"9324","scaffold0014:41493044|41502824",NA,6,32
"9325","scaffold0014:41493044|41508051",2,NA,8
"9326","scaffold0014:41506602|41508051",1,NA,NA
"9327","scaffold0014:41542350|41563216",2,NA,NA
"9328","scaffold0014:4190473|4192011",5,NA,3
"9329","scaffold0014:4190473|4193968",NA,5,NA
"9330","scaffold0014:4190473|4194885",3,4,NA
"9331","scaffold0014:4190473|4196741",1,NA,7
"9332","scaffold0014:4190473|4200338",1,12,13
"9333","scaffold0014:4194513|4194885",542,170,343
"9334","scaffold0014:4194513|4200338",141,34,75
"9335","scaffold0014:4204847|4210550",NA,NA,3
"9336","scaffold0014:4218405|4221568",NA,NA,1
"9337","scaffold0014:4218405|4223873",1,NA,NA
"9338","scaffold0014:4218405|4233402",NA,3,NA
"9339","scaffold0014:4223765|4225762",31,18,7
"9340","scaffold0014:4223765|4228478",1,NA,NA
"9341","scaffold0014:4231541|4241140",1,NA,NA
"9342","scaffold0014:42408840|42410594",NA,2,NA
"9343","scaffold0014:4241018|4246547",4,NA,NA
"9344","scaffold0014:42438483|42441066",9,28,9
"9345","scaffold0014:42439354|42441993",1,NA,NA
"9346","scaffold0014:42439354|42442791",1,NA,NA
"9347","scaffold0014:42916584|42918451",NA,NA,8
"9348","scaffold0014:42916584|42921778",NA,NA,4
"9349","scaffold0014:42964145|42977020",5,NA,NA
"9350","scaffold0014:42970559|42976547",NA,NA,3
"9351","scaffold0014:42970559|42977020",2,8,NA
"9352","scaffold0014:42989133|42994217",4,NA,NA
"9353","scaffold0014:43025147|43026936",1,NA,NA
"9354","scaffold0014:43128864|43145792",5,NA,NA
"9355","scaffold0014:43429537|43431419",6,16,2
"9356","scaffold0014:4400680|4409307",32,NA,NA
"9357","scaffold0014:44166112|44179474",NA,24,NA
"9358","scaffold0014:44626080|44646943",NA,NA,1
"9359","scaffold0014:46905381|46911294",151,111,206
"9360","scaffold0014:46905381|46935124",NA,10,NA
"9361","scaffold0014:46905381|46951559",NA,NA,7
"9362","scaffold0014:46905381|47061044",1,NA,NA
"9363","scaffold0014:46935013|46953328",30,21,18
"9364","scaffold0014:46935013|47061044",15,6,11
"9365","scaffold0014:46951416|46953328",NA,13,NA
"9366","scaffold0014:46951416|47108332",NA,4,NA
"9367","scaffold0014:47060919|47072474",NA,13,2
"9368","scaffold0014:47060919|47108332",NA,15,NA
"9369","scaffold0014:47072321|47098515",NA,4,NA
"9370","scaffold0014:47079796|47098515",12,NA,NA
"9371","scaffold0014:47098429|47106101",4,1,NA
"9372","scaffold0014:47098429|47108332",93,25,35
"9373","scaffold0014:47098429|47139048",NA,NA,6
"9374","scaffold0014:47098429|47144333",15,14,15
"9375","scaffold0014:47105955|47132958",2,NA,NA
"9376","scaffold0014:47105955|47144333",NA,NA,1
"9377","scaffold0014:47132814|47139048",4,6,9
"9378","scaffold0014:47132814|47142299",NA,NA,1
"9379","scaffold0014:47132814|47144333",44,16,16
"9380","scaffold0014:47142173|47144333",4,NA,NA
"9381","scaffold0014:47142173|47165508",1,NA,NA
"9382","scaffold0014:47144211|47159500",NA,5,NA
"9383","scaffold0014:47151194|47159500",1,NA,NA
"9384","scaffold0014:47156838|47165508",NA,3,NA
"9385","scaffold0014:47236134|47248661",2,NA,NA
"9386","scaffold0014:47248465|47248661",NA,4,NA
"9387","scaffold0014:47300209|47329531",NA,6,NA
"9388","scaffold0014:47318644|47320023",1,NA,NA
"9389","scaffold0014:47318644|47329531",NA,5,6
"9390","scaffold0014:47329419|47353506",NA,NA,2
"9391","scaffold0014:47344270|47353506",2,NA,NA
"9392","scaffold0014:47344270|47362471",NA,NA,2
"9393","scaffold0014:47347443|47353506",23,NA,NA
"9394","scaffold0014:47352077|47378406",NA,2,NA
"9395","scaffold0014:47381177|47381645",6,NA,NA
"9396","scaffold0014:47381183|47381645",2,NA,NA
"9397","scaffold0014:47384251|47396003",4,NA,NA
"9398","scaffold0014:47384251|47410351",NA,6,NA
"9399","scaffold0014:47389675|47396003",10,11,7
"9400","scaffold0014:47389675|47410351",4,8,NA
"9401","scaffold0014:47395915|47417967",NA,NA,10
"9402","scaffold0014:47410184|47417967",NA,9,7
"9403","scaffold0014:47410184|47429690",NA,NA,2
"9404","scaffold0014:47410184|47446140",NA,4,4
"9405","scaffold0014:47558622|47573270",2,NA,NA
"9406","scaffold0014:47565331|47565969",4,NA,3
"9407","scaffold0014:47565331|47571134",8,NA,NA
"9408","scaffold0014:47624969|47627702",18,12,NA
"9409","scaffold0014:48848506|48857291",3,NA,2
"9410","scaffold0014:48857106|48896252",NA,NA,5
"9411","scaffold0014:48896271|48897199",3,NA,NA
"9412","scaffold0014:48905066|48905659",NA,NA,5
"9413","scaffold0014:48906555|48907365",NA,NA,5
"9414","scaffold0014:48913616|48913790",1,NA,3
"9415","scaffold0014:48923778|48928019",2,NA,3
"9416","scaffold0014:48923778|48930836",10,NA,NA
"9417","scaffold0014:49032201|49032432",NA,8,NA
"9418","scaffold0014:49038964|49039561",458,87,54
"9419","scaffold0014:49040272|49040635",3,NA,3
"9420","scaffold0014:49052518|49055078",NA,3,NA
"9421","scaffold0014:49070325|49070573",31,12,NA
"9422","scaffold0014:49071853|49072205",4,NA,NA
"9423","scaffold0014:49203604|49204465",NA,NA,5
"9424","scaffold0014:49203605|49204465",NA,NA,1
"9425","scaffold0014:49203620|49204465",NA,NA,5
"9426","scaffold0014:49203622|49204465",1,NA,NA
"9427","scaffold0014:49203626|49204465",NA,5,1
"9428","scaffold0014:49203627|49204465",3,6,NA
"9429","scaffold0014:49203628|49204465",2,NA,NA
"9430","scaffold0014:49203629|49204465",NA,8,NA
"9431","scaffold0014:49203635|49204465",1,NA,NA
"9432","scaffold0014:49207371|49207783",NA,NA,2
"9433","scaffold0014:49212248|49212863",NA,1,NA
"9434","scaffold0014:49212863|49215661",NA,NA,2
"9435","scaffold0014:49214009|49215661",NA,4,NA
"9436","scaffold0014:49269631|49269868",46,35,26
"9437","scaffold0014:49269631|49270195",NA,NA,4
"9438","scaffold0014:49269940|49270195",NA,11,9
"9439","scaffold0014:49273428|49274354",NA,NA,2
"9440","scaffold0014:4928978|4948736",NA,18,NA
"9441","scaffold0014:49334290|49334514",NA,NA,2
"9442","scaffold0014:49344606|49344812",NA,4,NA
"9443","scaffold0014:49345387|49345715",16,NA,3
"9444","scaffold0014:49352798|49352965",NA,8,NA
"9445","scaffold0014:49357246|49357599",NA,NA,3
"9446","scaffold0014:49410689|49410876",NA,NA,1
"9447","scaffold0014:4941131|4941290",NA,NA,4
"9448","scaffold0014:4941131|4943382",12,51,4
"9449","scaffold0014:49414710|49421602",2,NA,NA
"9450","scaffold0014:49420559|49421602",201,173,112
"9451","scaffold0014:49420633|49420792",1,NA,NA
"9452","scaffold0014:49445553|49445907",NA,NA,4
"9453","scaffold0014:49445553|49447047",NA,6,NA
"9454","scaffold0014:49445553|49450975",NA,2,NA
"9455","scaffold0014:49446894|49450975",2,NA,NA
"9456","scaffold0014:49446894|49454051",10,NA,20
"9457","scaffold0014:49457316|49457785",2,NA,NA
"9458","scaffold0014:49461775|49461956",NA,NA,3
"9459","scaffold0014:49462036|49462318",1,NA,NA
"9460","scaffold0014:49462386|49462712",49,34,22
"9461","scaffold0014:49462386|49463005",9,NA,6
"9462","scaffold0014:49494176|49494422",5,NA,NA
"9463","scaffold0014:49528161|49528469",24,NA,12
"9464","scaffold0014:49548139|49549131",8,NA,NA
"9465","scaffold0014:49558927|49559018",1,2,1
"9466","scaffold0014:49558927|49559209",1,NA,NA
"9467","scaffold0014:49560786|49560961",10,4,3
"9468","scaffold0014:49561732|49562162",NA,4,NA
"9469","scaffold0014:49562235|49562462",6,8,3
"9470","scaffold0014:49579260|49579548",NA,9,NA
"9471","scaffold0014:49614901|49615298",NA,3,NA
"9472","scaffold0014:49669400|49669756",4,NA,NA
"9473","scaffold0014:49672150|49672403",NA,NA,3
"9474","scaffold0014:49674667|49675033",NA,NA,4
"9475","scaffold0014:49676529|49676753",6,NA,NA
"9476","scaffold0014:49683674|49683805",NA,3,NA
"9477","scaffold0014:49710394|49713520",5,NA,NA
"9478","scaffold0014:49825860|49826878",7,NA,NA
"9479","scaffold0014:49839791|49839983",8,NA,NA
"9480","scaffold0014:49873310|49873738",NA,5,NA
"9481","scaffold0014:49873653|49874287",7,NA,NA
"9482","scaffold0014:5060488|5066541",62,124,21
"9483","scaffold0014:5111554|5112015",NA,4,NA
"9484","scaffold0014:5111554|5132904",9,6,NA
"9485","scaffold0014:5111554|5161172",7,NA,NA
"9486","scaffold0014:5111554|5218683",3,NA,2
"9487","scaffold0014:5111554|5244946",NA,6,NA
"9488","scaffold0014:5132696|5132904",5,6,3
"9489","scaffold0014:5132696|5161172",6,16,4
"9490","scaffold0014:5160964|5218683",NA,1,NA
"9491","scaffold0014:5218571|5244946",NA,24,9
"9492","scaffold0014:5236436|5244946",12,7,4
"9493","scaffold0014:5454233|5458606",NA,NA,2
"9494","scaffold0014:5463658|5475029",2,NA,NA
"9495","scaffold0014:5474921|5477720",5,NA,NA
"9496","scaffold0014:5554297|5571860",4,NA,NA
"9497","scaffold0014:5554297|5591874",NA,NA,3
"9498","scaffold0014:5599599|5599839",2,NA,NA
"9499","scaffold0014:5690712|5693668",4,NA,NA
"9500","scaffold0014:5834625|5840604",138,57,17
"9501","scaffold0014:5853930|5900895",NA,10,NA
"9502","scaffold0014:5900059|5900895",77,18,23
"9503","scaffold0014:5900059|5917453",1,NA,1
"9504","scaffold0014:5900059|5923105",35,3,3
"9505","scaffold0014:5917338|5923105",2,NA,NA
"9506","scaffold0014:5921475|5923105",NA,4,NA
"9507","scaffold0014:6093448|6097623",NA,NA,1
"9508","scaffold0014:6097354|6097623",215,118,177
"9509","scaffold0014:6107937|6108129",1,NA,NA
"9510","scaffold0014:6109054|6173919",3,NA,NA
"9511","scaffold0014:6117658|6129355",59,30,62
"9512","scaffold0014:6117658|6173919",NA,9,4
"9513","scaffold0014:6129173|6173919",6,2,4
"9514","scaffold0014:615525|621201",17,NA,9
"9515","scaffold0014:615525|638988",7,NA,1
"9516","scaffold0014:6172827|6173919",305,143,138
"9517","scaffold0014:6172827|6279894",NA,1,NA
"9518","scaffold0014:6233183|6239346",4,NA,5
"9519","scaffold0014:6233183|6241195",5,NA,2
"9520","scaffold0014:6233183|6258523",2,NA,5
"9521","scaffold0014:6258395|6267268",NA,NA,5
"9522","scaffold0014:6279673|6279894",4,NA,NA
"9523","scaffold0014:6279673|6293348",1,NA,1
"9524","scaffold0014:6293144|6302974",NA,1,NA
"9525","scaffold0014:6293144|6309526",NA,NA,4
"9526","scaffold0014:6305745|6318724",NA,NA,9
"9527","scaffold0014:6309117|6318724",2,NA,2
"9528","scaffold0014:6342599|6356482",1,NA,NA
"9529","scaffold0014:6351822|6356482",1,NA,NA
"9530","scaffold0014:6402864|6421698",1,NA,NA
"9531","scaffold0014:6402864|6446992",1,3,NA
"9532","scaffold0014:6421305|6421698",NA,NA,5
"9533","scaffold0014:6440267|6446992",2,NA,NA
"9534","scaffold0014:6478518|6487335",5,NA,4
"9535","scaffold0014:6478518|6501437",10,NA,NA
"9536","scaffold0014:6481835|6487335",1,NA,NA
"9537","scaffold0014:6509609|6513487",NA,NA,1
"9538","scaffold0014:6529562|6535849",NA,12,NA
"9539","scaffold0014:6591505|6601921",2,NA,NA
"9540","scaffold0014:6732096|6735460",59,57,56
"9541","scaffold0014:6738658|6744255",1,NA,NA
"9542","scaffold0014:6913937|6915435",NA,NA,1
"9543","scaffold0014:6913937|6915921",3,NA,NA
"9544","scaffold0014:6914815|6915350",5,NA,NA
"9545","scaffold0014:6915350|6915921",6,NA,NA
"9546","scaffold0014:6923039|6926654",NA,NA,4
"9547","scaffold0014:6925835|6926654",155,58,98
"9548","scaffold0014:7005607|7006311",2,NA,3
"9549","scaffold0014:7335860|7366365",2,NA,NA
"9550","scaffold0014:7335860|7402854",2,NA,NA
"9551","scaffold0014:7656786|7661140",NA,NA,3
"9552","scaffold0014:7658524|7661140",11,NA,5
"9553","scaffold0014:7688976|7690075",6,NA,NA
"9554","scaffold0014:7702624|7704260",NA,3,NA
"9555","scaffold0014:7704756|7707986",5,NA,NA
"9556","scaffold0014:7711036|7711823",1,NA,NA
"9557","scaffold0014:7717294|7718901",NA,NA,5
"9558","scaffold0014:7720392|7723898",NA,4,NA
"9559","scaffold0014:7722733|7723898",37,34,12
"9560","scaffold0014:7723312|7723746",1,NA,NA
"9561","scaffold0014:7733015|7733629",NA,4,NA
"9562","scaffold0014:7733015|7738858",1,NA,NA
"9563","scaffold0014:7743884|7758118",NA,NA,1
"9564","scaffold0014:7751745|7753790",2,NA,NA
"9565","scaffold0014:7751745|7760064",15,NA,8
"9566","scaffold0014:7754377|7758118",NA,NA,4
"9567","scaffold0014:7757998|7760064",88,122,71
"9568","scaffold0014:7759063|7760064",124,47,NA
"9569","scaffold0014:7994449|7995283",21,NA,6
"9570","scaffold0014:7995208|7997043",1,NA,NA
"9571","scaffold0014:8235224|8235743",4,NA,NA
"9572","scaffold0014:8238360|8239236",1,NA,NA
"9573","scaffold0014:8297124|8304018",3,NA,NA
"9574","scaffold0014:8303807|8317892",3,5,NA
"9575","scaffold0014:8628852|8631395",NA,7,NA
"9576","scaffold0014:9148010|9165958",NA,86,NA
"9577","scaffold0014:9165859|9255850",3,NA,NA
"9578","scaffold0014:9165859|9334333",NA,1,NA
"9579","scaffold0014:9255731|9334333",46,21,4
"9580","scaffold0014:952866|954526",NA,13,NA
"9581","scaffold0014:954343|954526",2,NA,NA
"9582","scaffold0014:9778875|9783672",2,NA,NA
"9583","scaffold0014:9817335|9821894",NA,NA,1
"9584","scaffold0015:10004758|10012013",NA,NA,4
"9585","scaffold0015:10006346|10012013",NA,NA,2
"9586","scaffold0015:10044950|10046966",41,25,13
"9587","scaffold0015:10089334|10091389",122,74,38
"9588","scaffold0015:10089334|10092618",146,103,40
"9589","scaffold0015:10143065|10146585",17,25,10
"9590","scaffold0015:10206676|10206802",1,NA,NA
"9591","scaffold0015:10231695|10232109",5,NA,NA
"9592","scaffold0015:10265741|10306985",NA,1,NA
"9593","scaffold0015:10280701|10287273",6,4,NA
"9594","scaffold0015:10306911|10340090",8,NA,NA
"9595","scaffold0015:10406742|10415629",17,52,NA
"9596","scaffold0015:10449367|10455918",7,NA,10
"9597","scaffold0015:10452848|10455918",11,NA,9
"9598","scaffold0015:10464500|10467774",2,NA,NA
"9599","scaffold0015:10478569|10481139",17,NA,NA
"9600","scaffold0015:10478569|10485595",NA,35,14
"9601","scaffold0015:10484833|10485595",287,126,97
"9602","scaffold0015:10490785|10493586",NA,NA,8
"9603","scaffold0015:10502885|10514306",4,NA,NA
"9604","scaffold0015:10511522|10514306",5,NA,NA
"9605","scaffold0015:10549426|10558065",5,NA,NA
"9606","scaffold0015:10554733|10555126",231,115,65
"9607","scaffold0015:10564505|10566571",NA,1,NA
"9608","scaffold0015:10592915|10594534",NA,NA,6
"9609","scaffold0015:1061510|1061796",NA,NA,4
"9610","scaffold0015:10714913|10718440",24,NA,NA
"9611","scaffold0015:10762285|10765313",6,NA,1
"9612","scaffold0015:10764787|10765313",3,NA,1
"9613","scaffold0015:10792941|10793157",NA,NA,2
"9614","scaffold0015:10792941|10795459",NA,NA,1
"9615","scaffold0015:10819137|10825946",NA,NA,1
"9616","scaffold0015:10821262|10825946",NA,NA,1
"9617","scaffold0015:10824866|10825946",NA,NA,2
"9618","scaffold0015:10836617|10837941",30,NA,20
"9619","scaffold0015:10836617|10864096",NA,NA,1
"9620","scaffold0015:10855165|10858908",9,NA,8
"9621","scaffold0015:10855165|10864096",NA,5,3
"9622","scaffold0015:10952348|10952785",3,NA,NA
"9623","scaffold0015:11020686|11022751",5,10,NA
"9624","scaffold0015:11020686|11027389",22,NA,NA
"9625","scaffold0015:11020686|11029204",6,NA,NA
"9626","scaffold0015:11038607|11039047",9,NA,2
"9627","scaffold0015:11038670|11038875",NA,8,NA
"9628","scaffold0015:11115506|11116816",29,13,19
"9629","scaffold0015:11115506|11130586",1,NA,NA
"9630","scaffold0015:11115506|11131729",5,NA,NA
"9631","scaffold0015:1121448|1123732",11,NA,NA
"9632","scaffold0015:1121448|1127013",NA,9,NA
"9633","scaffold0015:1129269|1142193",1,7,NA
"9634","scaffold0015:1133082|1134895",NA,NA,8
"9635","scaffold0015:1141241|1142193",45,32,81
"9636","scaffold0015:1143392|1144224",NA,NA,1
"9637","scaffold0015:1143524|1144094",5,NA,NA
"9638","scaffold0015:11515241|11536196",19,9,NA
"9639","scaffold0015:11522430|11533085",14,NA,4
"9640","scaffold0015:11522430|11536196",2,NA,NA
"9641","scaffold0015:11532986|11536196",124,80,98
"9642","scaffold0015:11630945|11638596",5,NA,NA
"9643","scaffold0015:11630945|11642412",12,NA,NA
"9644","scaffold0015:11633315|11638596",27,38,12
"9645","scaffold0015:11633315|11642412",43,3,44
"9646","scaffold0015:11638380|11638596",3,NA,NA
"9647","scaffold0015:11641940|11642412",NA,NA,7
"9648","scaffold0015:11732748|11738105",NA,NA,4
"9649","scaffold0015:11734159|11748375",1,NA,NA
"9650","scaffold0015:11751797|11768373",1,NA,NA
"9651","scaffold0015:11754024|11766986",NA,4,NA
"9652","scaffold0015:11754978|11766986",NA,10,NA
"9653","scaffold0015:11754978|11768373",NA,NA,1
"9654","scaffold0015:11754978|11774642",1,NA,NA
"9655","scaffold0015:1193476|1193756",8,11,2
"9656","scaffold0015:11959499|11966718",NA,NA,6
"9657","scaffold0015:12061606|12062201",2,NA,NA
"9658","scaffold0015:12064643|12079839",3,NA,NA
"9659","scaffold0015:12064829|12066885",1,NA,NA
"9660","scaffold0015:12073771|12075703",6,NA,NA
"9661","scaffold0015:1247742|1250530",22,8,17
"9662","scaffold0015:14328756|14329663",6,NA,NA
"9663","scaffold0015:1499371|1504617",3,NA,NA
"9664","scaffold0015:15289340|15293752",NA,NA,2
"9665","scaffold0015:15315311|15321722",NA,NA,6
"9666","scaffold0015:15316674|15321722",10,NA,NA
"9667","scaffold0015:15333095|15335957",1,NA,NA
"9668","scaffold0015:15510268|15515903",NA,10,NA
"9669","scaffold0015:15510268|15518841",2,NA,NA
"9670","scaffold0015:15532949|15542849",1,NA,NA
"9671","scaffold0015:15540155|15542849",2,NA,5
"9672","scaffold0015:15614985|15618621",1,NA,NA
"9673","scaffold0015:15656863|15674196",19,NA,NA
"9674","scaffold0015:15656863|15713409",1,NA,NA
"9675","scaffold0015:15670941|15725769",1,NA,NA
"9676","scaffold0015:15711712|15713409",69,20,38
"9677","scaffold0015:15711712|15725769",3,NA,NA
"9678","scaffold0015:1588083|1591053",1,NA,NA
"9679","scaffold0015:1588083|1593973",2,NA,NA
"9680","scaffold0015:15943210|15972596",NA,4,NA
"9681","scaffold0015:16167712|16170767",22,15,2
"9682","scaffold0015:16260402|16267806",18,NA,NA
"9683","scaffold0015:16298681|16305206",91,117,43
"9684","scaffold0015:16496338|16508887",2,NA,NA
"9685","scaffold0015:16505115|16508887",NA,8,7
"9686","scaffold0015:16505115|16513256",3,NA,NA
"9687","scaffold0015:16508719|16513256",2,NA,NA
"9688","scaffold0015:16591591|16613253",2,NA,NA
"9689","scaffold0015:16598796|16600347",NA,6,NA
"9690","scaffold0015:16605009|16613253",56,29,32
"9691","scaffold0015:16605009|16628075",2,NA,NA
"9692","scaffold0015:16613773|16624646",13,7,3
"9693","scaffold0015:16627324|16628075",39,15,21
"9694","scaffold0015:16699720|16700681",NA,NA,3
"9695","scaffold0015:16708369|16720661",11,NA,NA
"9696","scaffold0015:16739206|16739487",2,NA,NA
"9697","scaffold0015:16761293|16763674",8,NA,NA
"9698","scaffold0015:16765397|16775458",NA,NA,7
"9699","scaffold0015:16769953|16775458",14,NA,NA
"9700","scaffold0015:16772157|16772356",NA,6,NA
"9701","scaffold0015:16819395|16820984",26,NA,9
"9702","scaffold0015:16819395|16830888",25,22,7
"9703","scaffold0015:16819395|16833486",4,NA,NA
"9704","scaffold0015:16826895|16830888",31,NA,21
"9705","scaffold0015:16831648|16833486",37,9,4
"9706","scaffold0015:16831648|16836829",79,70,41
"9707","scaffold0015:16831648|16841954",2,NA,NA
"9708","scaffold0015:16836677|16841954",4,10,NA
"9709","scaffold0015:16840200|16841954",4,8,7
"9710","scaffold0015:16841312|16841495",NA,1,NA
"9711","scaffold0015:16968463|16970434",8,3,NA
"9712","scaffold0015:16970267|16979892",NA,2,NA
"9713","scaffold0015:16979557|16979892",6,NA,1
"9714","scaffold0015:16988148|16989977",77,27,21
"9715","scaffold0015:16989858|16999287",1,NA,NA
"9716","scaffold0015:16997001|16999287",3,NA,NA
"9717","scaffold0015:16997001|17006415",4,NA,NA
"9718","scaffold0015:17015703|17020189",NA,3,NA
"9719","scaffold0015:17487924|17489163",NA,1,5
"9720","scaffold0015:17492306|17499733",2,7,7
"9721","scaffold0015:17494466|17499733",6,8,3
"9722","scaffold0015:17536761|17543571",2,NA,NA
"9723","scaffold0015:17823658|17842078",9,1,NA
"9724","scaffold0015:17845475|17847229",3,NA,NA
"9725","scaffold0015:17895845|17897390",145,62,92
"9726","scaffold0015:18148806|18158883",8,NA,NA
"9727","scaffold0015:18156293|18173716",3,NA,NA
"9728","scaffold0015:18208616|18226183",NA,6,NA
"9729","scaffold0015:18210915|18214583",1,NA,NA
"9730","scaffold0015:18210915|18218954",6,NA,NA
"9731","scaffold0015:18268072|18269704",3,NA,1
"9732","scaffold0015:18299920|18309979",3,NA,NA
"9733","scaffold0015:18309834|18315746",4,NA,NA
"9734","scaffold0015:18312244|18315746",2,NA,NA
"9735","scaffold0015:18423083|18427407",7,NA,NA
"9736","scaffold0015:18430702|18436927",8,NA,6
"9737","scaffold0015:19407763|19407933",NA,NA,1
"9738","scaffold0015:20589833|20591768",NA,6,NA
"9739","scaffold0015:20720263|20722283",19,24,13
"9740","scaffold0015:21229238|21230865",10,NA,NA
"9741","scaffold0015:21666975|21678212",11,NA,NA
"9742","scaffold0015:21672075|21681095",NA,NA,1
"9743","scaffold0015:21677906|21681095",1,NA,NA
"9744","scaffold0015:21898848|21899249",2,NA,NA
"9745","scaffold0015:22175512|22177567",38,30,14
"9746","scaffold0015:22175512|22186259",13,15,NA
"9747","scaffold0015:22448259|22449425",15,NA,NA
"9748","scaffold0015:22523026|22561690",2,NA,NA
"9749","scaffold0015:22523026|22563209",1,NA,NA
"9750","scaffold0015:22915935|22918379",19,5,NA
"9751","scaffold0015:23501430|23502266",12,NA,NA
"9752","scaffold0015:23593552|23611894",3,NA,NA
"9753","scaffold0015:23593552|23642558",6,NA,NA
"9754","scaffold0015:23611793|23624895",NA,2,NA
"9755","scaffold0015:23611793|23642558",17,NA,3
"9756","scaffold0015:23624736|23642558",27,10,19
"9757","scaffold0015:23751925|23752126",NA,NA,2
"9758","scaffold0015:23776273|23779181",4,4,5
"9759","scaffold0015:23776273|23781680",2,NA,NA
"9760","scaffold0015:23778641|23779181",4,NA,1
"9761","scaffold0015:23781509|23782636",NA,NA,6
"9762","scaffold0015:23787694|23812321",NA,3,NA
"9763","scaffold0015:23787694|23814114",NA,5,NA
"9764","scaffold0015:2382109|2399375",2,NA,NA
"9765","scaffold0015:23863674|23865667",NA,NA,2
"9766","scaffold0015:23924776|23928502",14,5,3
"9767","scaffold0015:23931810|23949302",4,NA,NA
"9768","scaffold0015:23945167|23949302",NA,3,NA
"9769","scaffold0015:24024018|24025860",2,NA,NA
"9770","scaffold0015:24032992|24035170",NA,NA,5
"9771","scaffold0015:24032992|24039005",NA,NA,1
"9772","scaffold0015:24034689|24035170",3,NA,2
"9773","scaffold0015:24035055|24058656",1,NA,NA
"9774","scaffold0015:24038860|24045219",14,13,NA
"9775","scaffold0015:24038860|24050255",11,NA,NA
"9776","scaffold0015:24055329|24073300",6,NA,NA
"9777","scaffold0015:24071238|24076153",NA,NA,3
"9778","scaffold0015:24080112|24084634",NA,NA,1
"9779","scaffold0015:24107960|24119461",6,NA,NA
"9780","scaffold0015:24438143|24439728",3,NA,NA
"9781","scaffold0015:24438143|24447281",1,NA,NA
"9782","scaffold0015:24443818|24447281",1,NA,NA
"9783","scaffold0015:26390651|26391479",NA,4,NA
"9784","scaffold0015:26391403|26392638",NA,2,NA
"9785","scaffold0015:26430277|26430856",58,49,51
"9786","scaffold0015:26448548|26455661",NA,NA,6
"9787","scaffold0015:26452180|26458969",NA,NA,2
"9788","scaffold0015:26460755|26466399",3,NA,NA
"9789","scaffold0015:26460755|26467876",1,NA,NA
"9790","scaffold0015:26466290|26469276",1,NA,NA
"9791","scaffold0015:26482517|26483400",NA,4,NA
"9792","scaffold0015:26497878|26502659",6,NA,NA
"9793","scaffold0015:26497878|26504697",NA,NA,3
"9794","scaffold0015:26497878|26507069",NA,3,NA
"9795","scaffold0015:26504525|26508800",1,NA,NA
"9796","scaffold0015:26506941|26513605",1,NA,NA
"9797","scaffold0015:26530238|26538336",3,NA,NA
"9798","scaffold0015:2674580|2686917",NA,NA,9
"9799","scaffold0015:2680994|2686917",4,NA,NA
"9800","scaffold0015:27024613|27026231",3,NA,NA
"9801","scaffold0015:27039420|27045225",2,NA,NA
"9802","scaffold0015:27052383|27061260",5,NA,NA
"9803","scaffold0015:27145870|27146048",NA,NA,1
"9804","scaffold0015:27359954|27365170",5,28,NA
"9805","scaffold0015:27548220|27549191",NA,NA,11
"9806","scaffold0015:27749627|27753658",1183,562,712
"9807","scaffold0015:27749627|27781371",26,NA,23
"9808","scaffold0015:27749627|27784046",321,161,137
"9809","scaffold0015:27749627|27791109",6,NA,NA
"9810","scaffold0015:27768464|27774518",2,NA,NA
"9811","scaffold0015:27768464|27784046",80,40,30
"9812","scaffold0015:27768464|27794403",7,NA,2
"9813","scaffold0015:27790962|27794403",NA,NA,2
"9814","scaffold0015:27808831|27810480",20,14,21
"9815","scaffold0015:27852943|27858991",4,NA,NA
"9816","scaffold0015:27868894|27875804",3,NA,6
"9817","scaffold0015:27873815|27875475",NA,NA,3
"9818","scaffold0015:27875243|27875804",9,NA,NA
"9819","scaffold0015:27875243|27881301",40,25,9
"9820","scaffold0015:27919103|27924616",2,3,NA
"9821","scaffold0015:27919680|27922496",2,NA,NA
"9822","scaffold0015:27934147|27944525",2,NA,NA
"9823","scaffold0015:27943911|27944525",7,NA,5
"9824","scaffold0015:27950670|27952751",8,NA,NA
"9825","scaffold0015:28322208|28329636",12,3,8
"9826","scaffold0015:28322208|28336707",1,NA,NA
"9827","scaffold0015:28328890|28329636",51,16,5
"9828","scaffold0015:28333615|28343645",1,NA,NA
"9829","scaffold0015:28338768|28340466",1,NA,NA
"9830","scaffold0015:28338768|28343645",NA,3,NA
"9831","scaffold0015:28388541|28399564",5,NA,NA
"9832","scaffold0015:28388541|28408946",NA,33,6
"9833","scaffold0015:28399453|28406845",NA,1,NA
"9834","scaffold0015:28399453|28408946",14,NA,4
"9835","scaffold0015:28404041|28408946",NA,4,NA
"9836","scaffold0015:28406494|28406760",NA,1,NA
"9837","scaffold0015:28549166|28549329",2,NA,NA
"9838","scaffold0015:28561853|28567335",67,54,73
"9839","scaffold0015:28561853|28573982",1,9,1
"9840","scaffold0015:28561853|28582715",NA,11,NA
"9841","scaffold0015:28561853|28603039",2,NA,3
"9842","scaffold0015:28565379|28573982",10,NA,10
"9843","scaffold0015:28571747|28573982",7,NA,5
"9844","scaffold0015:28578515|28586627",11,NA,1
"9845","scaffold0015:28578515|28603039",NA,NA,5
"9846","scaffold0015:28582527|28588254",12,14,4
"9847","scaffold0015:28586502|28588254",1,1,NA
"9848","scaffold0015:28586502|28603039",12,12,1
"9849","scaffold0015:28751707|28751933",NA,6,NA
"9850","scaffold0015:28799668|28800035",4,NA,NA
"9851","scaffold0015:2902115|2910469",NA,NA,1
"9852","scaffold0015:29046599|29048702",NA,5,NA
"9853","scaffold0015:29049600|29050912",NA,NA,2
"9854","scaffold0015:29079943|29083570",25,NA,16
"9855","scaffold0015:29083494|29089234",1,NA,NA
"9856","scaffold0015:2915051|2923933",8,NA,NA
"9857","scaffold0015:29200761|29211277",NA,8,NA
"9858","scaffold0015:29207561|29211277",3,NA,NA
"9859","scaffold0015:29209287|29211277",NA,13,3
"9860","scaffold0015:29218770|29220170",362,346,344
"9861","scaffold0015:29390016|29390776",NA,NA,4
"9862","scaffold0015:29396992|29397487",9,NA,NA
"9863","scaffold0015:29398485|29399677",48,23,11
"9864","scaffold0015:29398485|29419651",NA,NA,6
"9865","scaffold0015:29405138|29406786",NA,NA,2
"9866","scaffold0015:29415993|29419651",2,3,NA
"9867","scaffold0015:29450558|29453796",NA,2,NA
"9868","scaffold0015:29470453|29472658",NA,NA,8
"9869","scaffold0015:29477945|29479066",1,NA,7
"9870","scaffold0015:29477945|29489076",NA,NA,4
"9871","scaffold0015:29547188|29550643",NA,3,2
"9872","scaffold0015:29603146|29605493",NA,9,6
"9873","scaffold0015:29626988|29627662",3,NA,NA
"9874","scaffold0015:29628140|29632342",NA,NA,6
"9875","scaffold0015:29647652|29651184",NA,NA,5
"9876","scaffold0015:29671361|29671694",84,31,58
"9877","scaffold0015:29775949|29776145",1,NA,NA
"9878","scaffold0015:29775949|29776778",23,3,11
"9879","scaffold0015:29775949|29778022",9,NA,NA
"9880","scaffold0015:29776584|29778022",58,52,63
"9881","scaffold0015:30222191|30222625",14,NA,8
"9882","scaffold0015:30300224|30305164",11,11,15
"9883","scaffold0015:30300224|30314037",59,44,78
"9884","scaffold0015:30300224|30330572",4,4,9
"9885","scaffold0015:30301893|30305164",15,8,9
"9886","scaffold0015:30301893|30314037",54,64,65
"9887","scaffold0015:30301893|30330572",NA,4,2
"9888","scaffold0015:30305017|30330572",NA,1,NA
"9889","scaffold0015:30343872|30344275",NA,1,NA
"9890","scaffold0015:30356331|30358459",2,NA,NA
"9891","scaffold0015:30357485|30358459",9,NA,3
"9892","scaffold0015:30371383|30396354",NA,1,NA
"9893","scaffold0015:30384144|30386685",5,1,NA
"9894","scaffold0015:30910668|30917513",2,NA,NA
"9895","scaffold0015:30910668|30921837",48,12,27
"9896","scaffold0015:30921786|30934340",1,NA,NA
"9897","scaffold0015:30996782|31000266",57,NA,28
"9898","scaffold0015:30996782|31001228",347,179,158
"9899","scaffold0015:31000176|31001228",5,12,10
"9900","scaffold0015:31000804|31001228",NA,8,NA
"9901","scaffold0015:31776351|31776796",NA,18,NA
"9902","scaffold0015:31776351|31829625",7,NA,NA
"9903","scaffold0015:31814003|31819441",8,5,9
"9904","scaffold0015:31814003|31829625",NA,NA,1
"9905","scaffold0015:31814003|31844028",11,NA,NA
"9906","scaffold0015:321503|328918",4,1,4
"9907","scaffold0015:32341636|32342539",NA,5,NA
"9908","scaffold0015:32344983|32347320",3,NA,NA
"9909","scaffold0015:32399972|32406183",NA,NA,10
"9910","scaffold0015:3267743|3292997",1,NA,NA
"9911","scaffold0015:32857695|32861183",10,NA,NA
"9912","scaffold0015:32861522|32864952",2,NA,5
"9913","scaffold0015:32873578|32873890",6,NA,NA
"9914","scaffold0015:32878348|32878481",NA,3,NA
"9915","scaffold0015:328808|330087",3,NA,5
"9916","scaffold0015:33205671|33206749",NA,NA,7
"9917","scaffold0015:33234354|33264002",1,NA,NA
"9918","scaffold0015:33312351|33312502",NA,2,NA
"9919","scaffold0015:33456319|33460466",2,NA,NA
"9920","scaffold0015:33456319|33465223",45,32,30
"9921","scaffold0015:33480454|33495840",NA,3,NA
"9922","scaffold0015:33488935|33495840",1,NA,NA
"9923","scaffold0015:33504048|33514477",NA,NA,3
"9924","scaffold0015:33588673|33589992",17,NA,18
"9925","scaffold0015:33662115|33676778",22,10,5
"9926","scaffold0015:33671383|33676778",1,NA,NA
"9927","scaffold0015:33674187|33676778",4,NA,NA
"9928","scaffold0015:33693937|33747072",NA,NA,2
"9929","scaffold0015:33697976|33723982",NA,3,NA
"9930","scaffold0015:33697976|33747072",8,NA,NA
"9931","scaffold0015:33700026|33703704",8,NA,6
"9932","scaffold0015:33700499|33703319",3,NA,NA
"9933","scaffold0015:33703144|33723982",4,NA,NA
"9934","scaffold0015:33703144|33747072",11,NA,NA
"9935","scaffold0015:33723812|33747072",282,183,140
"9936","scaffold0015:33735942|33747072",84,51,80
"9937","scaffold0015:33746868|33747072",3,NA,6
"9938","scaffold0015:33746868|33755806",10,NA,10
"9939","scaffold0015:33824611|33827293",NA,NA,7
"9940","scaffold0015:33828030|33832729",254,37,48
"9941","scaffold0015:340916|341432",NA,NA,8
"9942","scaffold0015:3454362|3454556",1,NA,NA
"9943","scaffold0015:35406365|35409215",NA,3,7
"9944","scaffold0015:35455874|35465985",4,NA,NA
"9945","scaffold0015:35455874|35467920",NA,NA,3
"9946","scaffold0015:35457504|35465985",11,NA,NA
"9947","scaffold0015:35457504|35482273",NA,NA,1
"9948","scaffold0015:35611313|35619995",5,NA,NA
"9949","scaffold0015:35617549|35625430",10,3,NA
"9950","scaffold0015:35617549|35632473",3,NA,NA
"9951","scaffold0015:35619081|35632473",NA,NA,2
"9952","scaffold0015:35623285|35632473",5,NA,4
"9953","scaffold0015:35624994|35632473",14,11,6
"9954","scaffold0015:35753182|35768040",10,NA,1
"9955","scaffold0015:35753182|35779642",20,33,8
"9956","scaffold0015:35759068|35768040",NA,4,NA
"9957","scaffold0015:35759068|35779642",15,6,1
"9958","scaffold0015:35766656|35779642",7,NA,2
"9959","scaffold0015:36855304|36860548",NA,3,NA
"9960","scaffold0015:36876522|36877826",3,NA,NA
"9961","scaffold0015:36876522|36882520",NA,NA,2
"9962","scaffold0015:37111191|37111710",15,13,1
"9963","scaffold0015:37111191|37143121",2,1,NA
"9964","scaffold0015:37335673|37337146",2,NA,NA
"9965","scaffold0015:37352122|37362816",NA,NA,1
"9966","scaffold0015:37355356|37362816",NA,NA,2
"9967","scaffold0015:37362674|37374793",4,NA,NA
"9968","scaffold0015:37363398|37374793",NA,11,NA
"9969","scaffold0015:37367135|37374793",2,NA,NA
"9970","scaffold0015:37369160|37374793",NA,1,NA
"9971","scaffold0015:37371731|37374793",1,4,NA
"9972","scaffold0015:37373616|37374793",NA,5,3
"9973","scaffold0015:37706962|37713197",6,NA,8
"9974","scaffold0015:37851561|37864577",NA,NA,5
"9975","scaffold0015:37853785|37862158",8,NA,NA
"9976","scaffold0015:37856606|37871984",NA,NA,1
"9977","scaffold0015:37869304|37871984",69,44,25
"9978","scaffold0015:37876506|37879736",13,NA,NA
"9979","scaffold0015:37876506|37880643",1,NA,NA
"9980","scaffold0015:38326144|38362863",5,NA,NA
"9981","scaffold0015:38606506|38609074",5,NA,3
"9982","scaffold0015:38606506|38616233",14,NA,NA
"9983","scaffold0015:38606506|38628036",NA,NA,5
"9984","scaffold0015:38614566|38620123",2,NA,NA
"9985","scaffold0015:38614566|38625190",NA,NA,5
"9986","scaffold0015:39104313|39114552",NA,NA,1
"9987","scaffold0015:39116890|39121192",3,NA,NA
"9988","scaffold0015:39121082|39127722",2,NA,NA
"9989","scaffold0015:39125841|39127722",5,NA,8
"9990","scaffold0015:39823773|39835303",5,NA,NA
"9991","scaffold0015:39872225|39874159",2,NA,NA
"9992","scaffold0015:39877881|39879480",7,NA,NA
"9993","scaffold0015:39901241|39904408",NA,NA,1
"9994","scaffold0015:39959397|39961781",56,35,66
"9995","scaffold0015:39989019|39989264",NA,8,NA
"9996","scaffold0015:40146155|40147176",NA,NA,1
"9997","scaffold0015:40654402|40670854",4,NA,6
"9998","scaffold0015:40706344|40707748",4,NA,NA
"9999","scaffold0015:41201493|41205669",5,5,NA
"10000","scaffold0015:41290830|41291684",15,5,20
"10001","scaffold0015:41294184|41298552",NA,NA,10
"10002","scaffold0015:41598023|41599563",NA,NA,3
"10003","scaffold0015:41598023|41610748",3,NA,NA
"10004","scaffold0015:41598023|41651724",2,NA,NA
"10005","scaffold0015:41610644|41624226",2,NA,NA
"10006","scaffold0015:41617777|41624226",8,8,1
"10007","scaffold0015:42051494|42143287",7,NA,NA
"10008","scaffold0015:42099949|42115967",6,10,12
"10009","scaffold0015:42099949|42143287",NA,1,3
"10010","scaffold0015:42106551|42143287",1,NA,NA
"10011","scaffold0015:42108075|42115967",5,NA,4
"10012","scaffold0015:42110345|42115608",2,NA,NA
"10013","scaffold0015:42110345|42143287",NA,NA,1
"10014","scaffold0015:42115464|42115967",3,NA,NA
"10015","scaffold0015:422279|426259",3,NA,NA
"10016","scaffold0015:42334219|42338391",9,NA,NA
"10017","scaffold0015:42334219|42343361",3,NA,NA
"10018","scaffold0015:42337197|42338391",13,NA,NA
"10019","scaffold0015:42376497|42378841",2,NA,NA
"10020","scaffold0015:42562436|42567901",NA,5,1
"10021","scaffold0015:42562436|42576502",24,10,19
"10022","scaffold0015:43514526|43530071",33,NA,4
"10023","scaffold0015:43910938|43914127",13,NA,NA
"10024","scaffold0015:43978728|43987946",2,NA,NA
"10025","scaffold0015:43984603|43985999",11,NA,2
"10026","scaffold0015:44033725|44034983",5,NA,2
"10027","scaffold0015:44061861|44073108",10,NA,NA
"10028","scaffold0015:44072976|44079711",2,NA,NA
"10029","scaffold0015:44076728|44079711",3,2,3
"10030","scaffold0015:44078966|44079711",20,NA,1
"10031","scaffold0015:44090239|44090444",3,NA,NA
"10032","scaffold0015:44125144|44125982",1,NA,NA
"10033","scaffold0015:44125332|44125830",NA,NA,2
"10034","scaffold0015:44134589|44135601",1,NA,NA
"10035","scaffold0015:44162446|44172236",2,NA,NA
"10036","scaffold0015:44162446|44176524",14,NA,NA
"10037","scaffold0015:44169034|44176524",NA,2,2
"10038","scaffold0015:44187763|44190300",4,NA,NA
"10039","scaffold0015:44285630|44288174",1,NA,NA
"10040","scaffold0015:44304549|44307546",2,NA,NA
"10041","scaffold0015:44310092|44314243",NA,5,5
"10042","scaffold0015:44790608|44799834",16,NA,NA
"10043","scaffold0015:44807614|44812043",4,NA,4
"10044","scaffold0015:44811956|44820612",NA,NA,10
"10045","scaffold0015:44847096|44858132",NA,NA,4
"10046","scaffold0015:45180455|45180849",6,12,8
"10047","scaffold0015:45180455|45190055",7,3,13
"10048","scaffold0015:45189940|45211454",1,6,9
"10049","scaffold0015:45240836|45241083",4,NA,NA
"10050","scaffold0015:45240836|45245142",14,NA,2
"10051","scaffold0015:4566477|4624507",1,NA,NA
"10052","scaffold0015:4604862|4610013",225,NA,95
"10053","scaffold0015:4604862|4624507",36,6,2
"10054","scaffold0015:46099979|46164522",NA,NA,3
"10055","scaffold0015:46099979|46196424",6,NA,NA
"10056","scaffold0015:46164479|46208018",NA,13,NA
"10057","scaffold0015:46238310|46263291",4,NA,NA
"10058","scaffold0015:46394223|46394776",2,NA,NA
"10059","scaffold0015:46576609|46584492",2,NA,NA
"10060","scaffold0015:46650689|46652427",78,47,25
"10061","scaffold0015:46654644|46656691",128,66,50
"10062","scaffold0015:46682117|46683004",2,NA,NA
"10063","scaffold0015:46754212|46755567",1,NA,NA
"10064","scaffold0015:46760287|46763937",4,NA,NA
"10065","scaffold0015:46770614|46778585",2,NA,NA
"10066","scaffold0015:46779822|46783497",3,NA,NA
"10067","scaffold0015:46799102|46804440",28,NA,23
"10068","scaffold0015:46799102|46824197",15,NA,NA
"10069","scaffold0015:47657681|47658729",3,1,NA
"10070","scaffold0015:47658916|47659895",NA,8,NA
"10071","scaffold0015:47665532|47667226",1,NA,NA
"10072","scaffold0015:47665532|47668073",11,11,5
"10073","scaffold0015:47665532|47680438",2,NA,NA
"10074","scaffold0015:47674971|47682228",NA,NA,16
"10075","scaffold0015:47679752|47682228",19,20,NA
"10076","scaffold0015:47813361|47872265",NA,NA,3
"10077","scaffold0015:47847612|47872265",17,8,9
"10078","scaffold0015:47866067|47872265",131,87,125
"10079","scaffold0015:47868246|47872265",32,12,31
"10080","scaffold0015:47929503|47929760",6,NA,8
"10081","scaffold0015:48013052|48024786",8,NA,7
"10082","scaffold0015:48103165|48103901",3,NA,NA
"10083","scaffold0015:48299770|48301241",106,65,61
"10084","scaffold0015:48351962|48352494",NA,NA,3
"10085","scaffold0015:48352107|48352421",NA,5,NA
"10086","scaffold0015:48547935|48577418",14,NA,NA
"10087","scaffold0015:48547935|48580052",13,NA,NA
"10088","scaffold0015:48547935|48582488",13,NA,NA
"10089","scaffold0015:48611604|48616475",3,NA,NA
"10090","scaffold0015:48611604|48619591",3,NA,NA
"10091","scaffold0015:48651619|48651895",8,NA,NA
"10092","scaffold0015:6162311|6173220",2,NA,NA
"10093","scaffold0015:6314572|6316039",NA,NA,3
"10094","scaffold0015:7416013|7416239",1,NA,NA
"10095","scaffold0015:7416267|7418866",2,NA,NA
"10096","scaffold0015:7417102|7418611",NA,NA,5
"10097","scaffold0015:7418747|7420652",5,NA,NA
"10098","scaffold0015:7534986|7556258",17,NA,NA
"10099","scaffold0015:7534986|7567071",1,NA,NA
"10100","scaffold0015:7544978|7556258",5,NA,NA
"10101","scaffold0015:7716005|7723375",NA,1,NA
"10102","scaffold0015:7716005|7728393",NA,NA,2
"10103","scaffold0015:7718917|7728393",5,NA,NA
"10104","scaffold0015:7718917|7733893",1,NA,NA
"10105","scaffold0015:7726345|7732161",1,NA,NA
"10106","scaffold0015:7728277|7732161",NA,1,NA
"10107","scaffold0015:7760461|7762514",7,14,5
"10108","scaffold0015:7906693|7907307",5,9,NA
"10109","scaffold0015:7934546|7934776",NA,NA,20
"10110","scaffold0015:8029508|8030084",2,NA,NA
"10111","scaffold0015:8034681|8035359",5,NA,NA
"10112","scaffold0015:8130138|8130300",NA,NA,4
"10113","scaffold0015:8229583|8231100",3,NA,1
"10114","scaffold0015:8230241|8230978",3,NA,NA
"10115","scaffold0015:8394862|8395034",1,NA,NA
"10116","scaffold0015:8416302|8417839",34,27,29
"10117","scaffold0015:8424593|8426272",13,13,18
"10118","scaffold0015:8469734|8470870",2,NA,19
"10119","scaffold0015:8476989|8481428",24,NA,NA
"10120","scaffold0015:8479790|8481428",2480,1315,865
"10121","scaffold0015:8479790|8487587",30,24,11
"10122","scaffold0015:8479790|8488366",NA,22,NA
"10123","scaffold0015:8481142|8481428",21,21,18
"10124","scaffold0015:8516173|8516603",NA,3,NA
"10125","scaffold0015:8518009|8518739",NA,NA,6
"10126","scaffold0015:8553319|8556670",NA,NA,2
"10127","scaffold0015:8554216|8554580",NA,NA,4
"10128","scaffold0015:8556670|8557046",1,NA,NA
"10129","scaffold0015:8678799|8679237",NA,NA,1
"10130","scaffold0015:8705539|8708634",47,20,20
"10131","scaffold0015:8709875|8719338",29,NA,5
"10132","scaffold0015:8726084|8745496",NA,NA,3
"10133","scaffold0015:8736835|8745496",2,NA,NA
"10134","scaffold0015:8740451|8745496",2,NA,1
"10135","scaffold0015:8745270|8774155",2,NA,NA
"10136","scaffold0015:8750662|8774155",1,NA,NA
"10137","scaffold0015:8791074|8792744",19,38,29
"10138","scaffold0015:8791074|8793857",9,9,5
"10139","scaffold0015:8791074|8812981",NA,4,NA
"10140","scaffold0015:8799279|8800342",2,NA,NA
"10141","scaffold0015:8806129|8806344",NA,1,NA
"10142","scaffold0015:8806129|8807768",4,NA,NA
"10143","scaffold0015:8935640|8942825",NA,NA,1
"10144","scaffold0015:8935640|8949821",66,100,14
"10145","scaffold0015:9010687|9011860",40,5,13
"10146","scaffold0015:9010687|9014124",NA,NA,2
"10147","scaffold0015:9012659|9014124",17,NA,NA
"10148","scaffold0015:9043993|9044642",10,6,1
"10149","scaffold0015:9079135|9108335",6,NA,NA
"10150","scaffold0015:9118439|9120591",NA,1,NA
"10151","scaffold0015:9140021|9140542",NA,NA,1
"10152","scaffold0015:9297803|9298095",39,12,23
"10153","scaffold0015:9297803|9304755",36,18,6
"10154","scaffold0015:9304298|9304755",14,NA,2
"10155","scaffold0015:9304298|9306730",5,NA,1
"10156","scaffold0015:9304298|9308539",NA,NA,2
"10157","scaffold0015:9306074|9308539",5,NA,2
"10158","scaffold0015:9323146|9325784",16,17,15
"10159","scaffold0015:9329903|9332911",3,4,NA
"10160","scaffold0015:9329903|9334721",2,4,NA
"10161","scaffold0015:9374681|9421884",11,NA,NA
"10162","scaffold0015:9440230|9440825",NA,7,NA
"10163","scaffold0015:9462123|9462739",6,NA,NA
"10164","scaffold0015:9545300|9558027",4,NA,NA
"10165","scaffold0015:9792370|9797840",33,4,NA
"10166","scaffold0015:9793443|9797840",480,180,233
"10167","scaffold0015:9801307|9811533",2,NA,NA
"10168","scaffold0015:9846766|9850730",7,NA,NA
"10169","scaffold0015:9946819|9949473",NA,12,NA
"10170","scaffold0015:9951516|9952566",58,18,NA
"10171","scaffold0015:9990619|9993276",2,NA,NA
"10172","scaffold0015:9990619|9998707",17,14,31
"10173","scaffold0015:9992162|9993276",1,NA,NA
"10174","scaffold0015:9992162|9998707",91,15,30
"10175","scaffold0016:10000722|10026011",5,NA,NA
"10176","scaffold0016:10033689|10038748",2,NA,NA
"10177","scaffold0016:10052711|10113983",NA,4,NA
"10178","scaffold0016:10064596|10072899",4,NA,NA
"10179","scaffold0016:10095941|10113983",NA,NA,1
"10180","scaffold0016:10192013|10194244",NA,NA,2
"10181","scaffold0016:10192013|10257073",NA,NA,1
"10182","scaffold0016:10194036|10257073",3,NA,NA
"10183","scaffold0016:10198582|10203406",24,NA,8
"10184","scaffold0016:10198582|10207570",11,NA,NA
"10185","scaffold0016:10199762|10207570",7,NA,3
"10186","scaffold0016:10201558|10207570",1,NA,1
"10187","scaffold0016:10202737|10257073",2,NA,NA
"10188","scaffold0016:10222463|10231967",NA,NA,2
"10189","scaffold0016:10222463|10257073",31,30,15
"10190","scaffold0016:10231807|10257073",15,23,11
"10191","scaffold0016:12171304|12173515",7,NA,NA
"10192","scaffold0016:12775183|12775532",6,NA,NA
"10193","scaffold0016:12842216|12852529",NA,NA,2
"10194","scaffold0016:12941161|12941643",NA,NA,1
"10195","scaffold0016:12968687|12972606",9,6,NA
"10196","scaffold0016:12972430|12978712",1,NA,NA
"10197","scaffold0016:12996980|13000099",6,NA,NA
"10198","scaffold0016:13011209|13019717",1,5,1
"10199","scaffold0016:13011209|13036389",NA,14,NA
"10200","scaffold0016:13019549|13036389",13,3,1
"10201","scaffold0016:13035642|13036389",200,189,166
"10202","scaffold0016:14168320|14273115",1,NA,NA
"10203","scaffold0016:14252291|14258352",NA,NA,2
"10204","scaffold0016:14252291|14263361",1,NA,13
"10205","scaffold0016:14252291|14268441",NA,NA,3
"10206","scaffold0016:14262170|14263361",6,NA,NA
"10207","scaffold0016:14305245|14311561",NA,3,NA
"10208","scaffold0016:14363386|14364022",NA,6,NA
"10209","scaffold0016:14418546|14423675",NA,8,NA
"10210","scaffold0016:14423521|14428681",3,NA,NA
"10211","scaffold0016:14563062|14568858",11,NA,NA
"10212","scaffold0016:14563062|14572755",NA,5,5
"10213","scaffold0016:14563062|14577229",24,NA,16
"10214","scaffold0016:14563062|14591159",1,2,NA
"10215","scaffold0016:14563062|14594708",1,NA,7
"10216","scaffold0016:14563062|14626866",1,NA,NA
"10217","scaffold0016:14563062|14628635",2,NA,NA
"10218","scaffold0016:14568622|14572755",NA,14,NA
"10219","scaffold0016:14568622|14577229",NA,NA,3
"10220","scaffold0016:14568622|14594708",5,NA,3
"10221","scaffold0016:14588679|14591159",11,6,13
"10222","scaffold0016:14588679|14594708",23,NA,12
"10223","scaffold0016:14588679|14607060",4,NA,NA
"10224","scaffold0016:14593002|14626866",3,3,8
"10225","scaffold0016:14593002|14628635",4,2,6
"10226","scaffold0016:15209738|15211729",NA,1,NA
"10227","scaffold0016:15843959|15852888",10,NA,10
"10228","scaffold0016:15957524|15957697",1,NA,1
"10229","scaffold0016:15989481|15996774",14,6,11
"10230","scaffold0016:16220885|16233500",4,NA,NA
"10231","scaffold0016:16325236|16337857",NA,NA,2
"10232","scaffold0016:16356129|16356929",7,NA,NA
"10233","scaffold0016:16356129|16360469",7,NA,2
"10234","scaffold0016:16402688|16436569",1,NA,NA
"10235","scaffold0016:16402688|16437988",1,NA,NA
"10236","scaffold0016:16585103|16612239",5,2,NA
"10237","scaffold0016:16593081|16612239",11,NA,NA
"10238","scaffold0016:16627651|16636272",NA,4,NA
"10239","scaffold0016:16721930|16749757",NA,NA,1
"10240","scaffold0016:16732487|16734848",85,53,42
"10241","scaffold0016:16747360|16749757",1,NA,NA
"10242","scaffold0016:16747607|16748197",3,NA,NA
"10243","scaffold0016:18379439|18383293",1,NA,NA
"10244","scaffold0016:18655861|18660434",17,38,9
"10245","scaffold0016:18655861|18665575",14,18,34
"10246","scaffold0016:18655861|18676838",NA,NA,5
"10247","scaffold0016:18659320|18660434",2,14,12
"10248","scaffold0016:18675065|18676838",13,15,NA
"10249","scaffold0016:18692685|18699133",4,NA,NA
"10250","scaffold0016:18778937|18784007",10,4,11
"10251","scaffold0016:18793003|18797067",11,4,2
"10252","scaffold0016:18796962|18800482",NA,6,NA
"10253","scaffold0016:18810476|18870196",NA,NA,1
"10254","scaffold0016:18850913|18870196",140,43,44
"10255","scaffold0016:19068196|19079202",10,NA,1
"10256","scaffold0016:19076091|19079202",1,NA,NA
"10257","scaffold0016:19280884|19286779",38,38,20
"10258","scaffold0016:19280884|19302965",41,NA,NA
"10259","scaffold0016:19286600|19314881",1,NA,NA
"10260","scaffold0016:19302899|19314881",NA,1,NA
"10261","scaffold0016:19314578|19325784",23,22,3
"10262","scaffold0016:19314578|19327441",4,1,6
"10263","scaffold0016:19447697|19467346",NA,1,NA
"10264","scaffold0016:19447697|19480772",NA,NA,3
"10265","scaffold0016:19447697|19535975",4,4,3
"10266","scaffold0016:19467240|19498847",NA,NA,1
"10267","scaffold0016:19480632|19498847",4,NA,1
"10268","scaffold0016:19480632|19535975",NA,7,1
"10269","scaffold0016:19490958|19498847",10,NA,NA
"10270","scaffold0016:19498692|19535975",1,NA,14
"10271","scaffold0016:19535576|19535975",48,35,54
"10272","scaffold0016:20051239|20051440",10,6,10
"10273","scaffold0016:20051239|20132343",NA,NA,4
"10274","scaffold0016:20051239|20144335",4,NA,NA
"10275","scaffold0016:20051239|20156620",NA,NA,5
"10276","scaffold0016:20051239|20211777",5,NA,NA
"10277","scaffold0016:20140189|20141410",3,NA,NA
"10278","scaffold0016:20140189|20144335",11,2,10
"10279","scaffold0016:20140189|20156620",NA,NA,1
"10280","scaffold0016:20141264|20144335",3,NA,NA
"10281","scaffold0016:20144195|20156620",NA,NA,2
"10282","scaffold0016:20711486|20721346",NA,8,NA
"10283","scaffold0016:21561144|21562774",11,NA,NA
"10284","scaffold0016:22001594|22006931",9,7,5
"10285","scaffold0016:22001594|22008253",10,5,3
"10286","scaffold0016:22130446|22138290",11,NA,NA
"10287","scaffold0016:22138194|22142865",24,8,5
"10288","scaffold0016:22467684|22493724",NA,NA,3
"10289","scaffold0016:22484672|22489328",NA,NA,1
"10290","scaffold0016:22529536|22534436",4,NA,NA
"10291","scaffold0016:22529536|22569707",NA,NA,3
"10292","scaffold0016:22537316|22541698",NA,NA,1
"10293","scaffold0016:22540721|22541698",3,NA,NA
"10294","scaffold0016:22540721|22551272",9,NA,NA
"10295","scaffold0016:22540721|22556318",1,2,1
"10296","scaffold0016:22569560|22593712",NA,4,NA
"10297","scaffold0016:22593586|22597763",2,NA,4
"10298","scaffold0016:22593586|22629619",NA,NA,5
"10299","scaffold0016:25687088|25702139",2,NA,NA
"10300","scaffold0016:25701964|25723021",18,13,22
"10301","scaffold0016:25701964|25750194",12,1,2
"10302","scaffold0016:25722833|25723021",2,NA,NA
"10303","scaffold0016:25722833|25750194",17,47,7
"10304","scaffold0016:25722833|25760916",1,NA,NA
"10305","scaffold0016:25811673|25811825",1,NA,NA
"10306","scaffold0016:26025737|26027993",4,NA,NA
"10307","scaffold0016:26025737|26028672",5,NA,2
"10308","scaffold0016:26034463|26040842",45,25,14
"10309","scaffold0016:293017|319003",NA,NA,2
"10310","scaffold0016:29362274|29399267",4,NA,NA
"10311","scaffold0016:29513574|29514936",7,NA,NA
"10312","scaffold0016:29950584|29964266",9,NA,NA
"10313","scaffold0016:30567035|30574880",68,12,12
"10314","scaffold0016:30567035|30599767",10,NA,NA
"10315","scaffold0016:30574670|30574880",29,22,16
"10316","scaffold0016:30599589|30636216",7,12,NA
"10317","scaffold0016:30636062|30650751",NA,11,NA
"10318","scaffold0016:30734968|30758575",7,3,NA
"10319","scaffold0016:30780819|30795014",NA,5,NA
"10320","scaffold0016:30866180|30888154",5,NA,2
"10321","scaffold0016:30883975|30886046",2,NA,NA
"10322","scaffold0016:30883975|30892563",6,NA,NA
"10323","scaffold0016:30886992|30892563",10,NA,4
"10324","scaffold0016:30892403|30892563",NA,NA,1
"10325","scaffold0016:31005289|31008981",NA,7,NA
"10326","scaffold0016:31022677|31025595",17,6,3
"10327","scaffold0016:31025405|31030277",NA,2,NA
"10328","scaffold0016:31042696|31043566",NA,NA,1
"10329","scaffold0016:31072363|31074140",18,15,5
"10330","scaffold0016:31183535|31184615",NA,5,NA
"10331","scaffold0016:31366537|31368072",16,7,NA
"10332","scaffold0016:31408008|31408940",119,32,22
"10333","scaffold0016:31427837|31446771",3,NA,NA
"10334","scaffold0016:318922|334473",3,NA,NA
"10335","scaffold0016:31915222|31918362",NA,NA,2
"10336","scaffold0016:31915222|31928229",4,NA,NA
"10337","scaffold0016:31923122|31928229",6,NA,8
"10338","scaffold0016:31925697|31928229",11,16,19
"10339","scaffold0016:31976823|31980968",NA,NA,2
"10340","scaffold0016:32095207|32097105",8,3,NA
"10341","scaffold0016:32124|35103",4,NA,2
"10342","scaffold0016:32175363|32220915",3,NA,NA
"10343","scaffold0016:32219474|32220915",4,NA,4
"10344","scaffold0016:32469749|32471951",5,NA,2
"10345","scaffold0016:32483196|32483974",36,NA,NA
"10346","scaffold0016:32558927|32564918",NA,3,NA
"10347","scaffold0016:33143449|33145875",NA,NA,4
"10348","scaffold0016:33143449|33148331",8,28,15
"10349","scaffold0016:33143449|33181055",3,NA,NA
"10350","scaffold0016:33164082|33164290",27,17,22
"10351","scaffold0016:33164082|33181055",7,NA,11
"10352","scaffold0016:33164082|33358895",NA,NA,1
"10353","scaffold0016:33492500|33492697",7,NA,9
"10354","scaffold0016:34000616|34082983",1,NA,NA
"10355","scaffold0016:34050609|34060147",3,NA,NA
"10356","scaffold0016:34072453|34082983",2,NA,NA
"10357","scaffold0016:34080734|34092142",3,NA,NA
"10358","scaffold0016:34080734|34098274",5,NA,NA
"10359","scaffold0016:34116603|34117072",42,24,5
"10360","scaffold0016:34127309|34130958",10,NA,4
"10361","scaffold0016:34175924|34178984",NA,NA,2
"10362","scaffold0016:34280228|34297144",4,NA,2
"10363","scaffold0016:346200|359052",2,NA,NA
"10364","scaffold0016:35225871|35228520",NA,9,NA
"10365","scaffold0016:35351366|35355463",6,NA,8
"10366","scaffold0016:35352139|35357126",NA,NA,7
"10367","scaffold0016:35357027|35364134",28,NA,13
"10368","scaffold0016:35357027|35378463",NA,3,1
"10369","scaffold0016:35358629|35364134",24,2,7
"10370","scaffold0016:35466838|35473294",11,24,20
"10371","scaffold0016:35473172|35474963",20,NA,NA
"10372","scaffold0016:35473172|35477366",14,9,NA
"10373","scaffold0016:3558305|3558964",NA,1,NA
"10374","scaffold0016:35611897|35626727",1,6,NA
"10375","scaffold0016:35613764|35626727",8,2,NA
"10376","scaffold0016:35620529|35626727",130,41,36
"10377","scaffold0016:35626264|35626727",37,17,6
"10378","scaffold0016:35626264|35635709",3,NA,NA
"10379","scaffold0016:35633028|35635709",NA,5,NA
"10380","scaffold0016:35673544|35679834",2,2,NA
"10381","scaffold0016:35679691|35697185",4,2,7
"10382","scaffold0016:35679691|35706717",NA,NA,2
"10383","scaffold0016:35696968|35706717",NA,1,NA
"10384","scaffold0016:35705458|35706717",NA,11,NA
"10385","scaffold0016:35730159|35732042",4,NA,NA
"10386","scaffold0016:35759978|35762686",1,NA,2
"10387","scaffold0016:35759978|35764633",212,93,77
"10388","scaffold0016:35759978|35770502",14,NA,NA
"10389","scaffold0016:35759978|35786416",2,NA,NA
"10390","scaffold0016:35759978|35815488",4,NA,NA
"10391","scaffold0016:35759981|35762686",NA,5,NA
"10392","scaffold0016:35759981|35764633",13,4,1
"10393","scaffold0016:35759981|35770502",5,NA,NA
"10394","scaffold0016:35762487|35764633",6,NA,4
"10395","scaffold0016:35762487|35766998",2,NA,NA
"10396","scaffold0016:35766857|35786416",5,NA,NA
"10397","scaffold0016:35779340|35786416",7,NA,5
"10398","scaffold0016:35785907|35786416",39,23,32
"10399","scaffold0016:35789413|35790669",NA,3,NA
"10400","scaffold0016:36129970|36142049",NA,3,NA
"10401","scaffold0016:36176398|36179003",12,3,5
"10402","scaffold0016:36176398|36182897",36,3,14
"10403","scaffold0016:36181345|36182897",36,NA,38
"10404","scaffold0016:36198170|36198603",11,NA,NA
"10405","scaffold0016:36199076|36199421",NA,3,NA
"10406","scaffold0016:36243319|36244209",2,NA,NA
"10407","scaffold0016:36244047|36245445",NA,7,4
"10408","scaffold0016:36245316|36246416",NA,6,NA
"10409","scaffold0016:36246316|36246675",4,6,NA
"10410","scaffold0016:36951568|36956782",NA,NA,5
"10411","scaffold0016:3768195|3768438",22,17,20
"10412","scaffold0016:38080697|38082436",46,23,7
"10413","scaffold0016:3809152|3810161",18,18,NA
"10414","scaffold0016:38096150|38113220",33,9,NA
"10415","scaffold0016:38096150|38129410",40,NA,6
"10416","scaffold0016:38096150|38143616",7,NA,NA
"10417","scaffold0016:38099646|38129410",9,7,NA
"10418","scaffold0016:38099646|38143616",NA,5,NA
"10419","scaffold0016:38099646|38149327",1,NA,NA
"10420","scaffold0016:38142084|38149327",9,NA,NA
"10421","scaffold0016:39018339|39029458",NA,NA,1
"10422","scaffold0016:39029297|39033830",26,20,20
"10423","scaffold0016:39029297|39035965",24,NA,3
"10424","scaffold0016:3904209|3909098",7,NA,NA
"10425","scaffold0016:39046105|39067997",2,NA,NA
"10426","scaffold0016:3908847|3909098",NA,NA,3
"10427","scaffold0016:39416312|39417892",3,NA,1
"10428","scaffold0016:39525105|39548148",NA,1,NA
"10429","scaffold0016:39918367|39921680",10,3,NA
"10430","scaffold0016:39925755|39935875",4,NA,NA
"10431","scaffold0016:40014260|40014382",1,NA,NA
"10432","scaffold0016:40014260|40016803",11,NA,11
"10433","scaffold0016:40014260|40018371",1120,680,730
"10434","scaffold0016:40014260|40039342",2,NA,2
"10435","scaffold0016:40014260|40052719",4,NA,NA
"10436","scaffold0016:40014260|40058285",NA,1,NA
"10437","scaffold0016:40016616|40018371",7,NA,NA
"10438","scaffold0016:40066576|40070328",2,24,15
"10439","scaffold0016:40070100|40070328",8,4,NA
"10440","scaffold0016:40070100|40070995",2,NA,NA
"10441","scaffold0016:40070792|40070995",3,NA,NA
"10442","scaffold0016:40454043|40460191",1,4,4
"10443","scaffold0016:40486042|40499545",2,NA,NA
"10444","scaffold0016:40498153|40511941",1,NA,NA
"10445","scaffold0016:40503627|40506033",6,NA,NA
"10446","scaffold0016:40511745|40520987",16,NA,NA
"10447","scaffold0016:41002658|41003638",NA,NA,5
"10448","scaffold0016:41019174|41019364",NA,NA,1
"10449","scaffold0016:41173297|41177463",56,44,30
"10450","scaffold0016:41187462|41187783",116,106,133
"10451","scaffold0016:41187636|41187783",5,NA,NA
"10452","scaffold0016:41194290|41201016",2,NA,NA
"10453","scaffold0016:41200908|41202689",2,NA,NA
"10454","scaffold0016:41200908|41203097",2,1,NA
"10455","scaffold0016:41202569|41203097",16,NA,5
"10456","scaffold0016:41231084|41231796",9,10,NA
"10457","scaffold0016:41231084|41235972",34,32,9
"10458","scaffold0016:4127247|4130040",72,90,NA
"10459","scaffold0016:4127247|4201412",4,NA,NA
"10460","scaffold0016:41325817|41326508",NA,NA,2
"10461","scaffold0016:41356032|41357935",8,NA,28
"10462","scaffold0016:41356032|41362843",342,200,254
"10463","scaffold0016:41356032|41371795",NA,NA,3
"10464","scaffold0016:41357844|41368190",2,NA,NA
"10465","scaffold0016:41368190|41368591",4,NA,NA
"10466","scaffold0016:41525584|41526130",1,NA,5
"10467","scaffold0016:41532984|41540919",NA,NA,7
"10468","scaffold0016:41554936|41560338",10,2,16
"10469","scaffold0016:41657280|41662873",NA,6,NA
"10470","scaffold0016:41669573|41670114",NA,NA,2
"10471","scaffold0016:41785099|41785582",4,NA,NA
"10472","scaffold0016:41785099|41798033",80,86,31
"10473","scaffold0016:4191939|4201412",6,3,NA
"10474","scaffold0016:4191939|4245657",10,NA,NA
"10475","scaffold0016:4191939|4273982",NA,2,NA
"10476","scaffold0016:4201314|4227292",21,NA,7
"10477","scaffold0016:4201314|4239509",NA,2,5
"10478","scaffold0016:4201314|4245657",45,21,21
"10479","scaffold0016:42121540|42122308",2,NA,3
"10480","scaffold0016:4259716|4273982",8,NA,NA
"10481","scaffold0016:42707167|42767458",80,8,28
"10482","scaffold0016:42743119|42767458",116,45,83
"10483","scaffold0016:42753337|42767458",14,NA,NA
"10484","scaffold0016:43561976|43564169",NA,1,1
"10485","scaffold0016:43561976|43567130",11,14,2
"10486","scaffold0016:43567020|43572036",NA,6,NA
"10487","scaffold0016:43585242|43585632",1,NA,2
"10488","scaffold0016:43585242|43588230",NA,8,NA
"10489","scaffold0016:43585242|43593340",NA,2,NA
"10490","scaffold0016:43591764|43593340",3,NA,NA
"10491","scaffold0016:43609565|43610016",1,NA,4
"10492","scaffold0016:43630267|43630465",1,NA,NA
"10493","scaffold0016:43639958|43641426",8,NA,NA
"10494","scaffold0016:4881378|4895085",6,NA,NA
"10495","scaffold0016:4929379|4932434",3,NA,NA
"10496","scaffold0016:4929379|4938005",NA,NA,2
"10497","scaffold0016:4932295|4938005",NA,NA,3
"10498","scaffold0016:5167677|5167851",NA,4,4
"10499","scaffold0016:5169535|5177550",NA,NA,1
"10500","scaffold0016:5170638|5170769",NA,1,NA
"10501","scaffold0016:5170769|5171197",1,NA,NA
"10502","scaffold0016:5171050|5171838",NA,NA,3
"10503","scaffold0016:5175584|5177550",NA,10,NA
"10504","scaffold0016:521410|551941",NA,1,4
"10505","scaffold0016:521410|560449",18,4,12
"10506","scaffold0016:521410|569834",3,NA,NA
"10507","scaffold0016:521410|578218",NA,NA,2
"10508","scaffold0016:521410|667805",1,NA,NA
"10509","scaffold0016:5292675|5295668",3,NA,NA
"10510","scaffold0016:5292675|5300245",1,NA,1
"10511","scaffold0016:5292675|5304339",NA,1,NA
"10512","scaffold0016:5295501|5304339",9,NA,NA
"10513","scaffold0016:5300128|5304339",15,NA,6
"10514","scaffold0016:5451243|5453862",8,NA,6
"10515","scaffold0016:5451243|5456618",5,6,6
"10516","scaffold0016:546235|667805",NA,NA,2
"10517","scaffold0016:5550092|5563942",NA,16,28
"10518","scaffold0016:5594600|5596310",1,NA,NA
"10519","scaffold0016:5597179|5611978",1,NA,NA
"10520","scaffold0016:5599854|5604091",3,NA,NA
"10521","scaffold0016:5603954|5611978",1,NA,NA
"10522","scaffold0016:5608791|5611978",35,39,NA
"10523","scaffold0016:5705291|5707568",312,149,140
"10524","scaffold0016:5705291|5709534",108,52,NA
"10525","scaffold0016:5705291|5716086",26,NA,12
"10526","scaffold0016:5707468|5716086",NA,NA,5
"10527","scaffold0016:5715697|5715953",2,NA,NA
"10528","scaffold0016:5732370|5734529",11,8,3
"10529","scaffold0016:5733642|5734529",NA,NA,3
"10530","scaffold0016:5766706|5771721",1,NA,NA
"10531","scaffold0016:5785833|5790569",49,17,30
"10532","scaffold0016:5788988|5790569",72,18,30
"10533","scaffold0016:5862423|5867388",3,27,2
"10534","scaffold0016:6037993|6039562",NA,2,NA
"10535","scaffold0016:6039998|6043179",3,NA,NA
"10536","scaffold0016:6041928|6043719",NA,NA,6
"10537","scaffold0016:6043184|6043611",2,NA,NA
"10538","scaffold0016:607394|667805",NA,NA,2
"10539","scaffold0016:7726338|7736729",4,NA,2
"10540","scaffold0016:7747026|7775990",3,NA,NA
"10541","scaffold0016:7759128|7762603",1,NA,NA
"10542","scaffold0016:7783506|7783885",14,NA,29
"10543","scaffold0016:9433338|9434079",17,NA,NA
"10544","scaffold0016:9433338|9449166",11,NA,NA
"10545","scaffold0016:9447408|9449166",9,NA,NA
"10546","scaffold0016:9447408|9461102",4,13,1
"10547","scaffold0016:9447408|9465143",16,NA,1
"10548","scaffold0016:9538620|9541981",NA,NA,1
"10549","scaffold0016:9538620|9543035",4,8,NA
"10550","scaffold0016:9542065|9542257",3,NA,NA
"10551","scaffold0016:9668398|9668650",NA,3,NA
"10552","scaffold0016:9952689|9959701",28,8,NA
"10553","scaffold0016:9979177|10002110",3,NA,NA
"10554","scaffold0016:9991693|10002110",NA,NA,1
"10555","scaffold0017:11469661|11469956",3,NA,NA
"10556","scaffold0017:1208229|1208428",NA,2,NA
"10557","scaffold0017:13075431|13075685",2,NA,NA
"10558","scaffold0017:13081483|13083859",2,NA,NA
"10559","scaffold0017:14198231|14199065",16,NA,6
"10560","scaffold0017:14249607|14250948",37,32,31
"10561","scaffold0017:14318063|14319633",2,NA,NA
"10562","scaffold0017:14592374|14593137",NA,NA,1
"10563","scaffold0017:146746|146983",NA,1,NA
"10564","scaffold0017:14714564|14715280",NA,3,9
"10565","scaffold0017:14830843|14831754",5,NA,NA
"10566","scaffold0017:14831124|14831958",2,NA,NA
"10567","scaffold0017:14834537|14835043",NA,NA,1
"10568","scaffold0017:14835581|14836082",NA,NA,1
"10569","scaffold0017:14841800|14842278",1,NA,NA
"10570","scaffold0017:1486447|1487962",NA,12,5
"10571","scaffold0017:14867919|14871189",NA,3,NA
"10572","scaffold0017:14867919|14876299",1,8,2
"10573","scaffold0017:14874776|14875276",7,NA,NA
"10574","scaffold0017:14875296|14875479",3,NA,NA
"10575","scaffold0017:14875296|14876299",NA,NA,3
"10576","scaffold0017:14891956|14892393",NA,NA,2
"10577","scaffold0017:14921252|14921598",49,150,80
"10578","scaffold0017:14949518|14956861",7,NA,NA
"10579","scaffold0017:15050937|15055241",3,NA,NA
"10580","scaffold0017:15094414|15095504",NA,6,NA
"10581","scaffold0017:15102701|15102873",NA,3,NA
"10582","scaffold0017:15109213|15110892",1,NA,NA
"10583","scaffold0017:15177613|15178951",2,NA,NA
"10584","scaffold0017:15227460|15234357",14,22,NA
"10585","scaffold0017:15227460|15247731",NA,NA,3
"10586","scaffold0017:15252865|15254397",5,NA,NA
"10587","scaffold0017:15252865|15260150",NA,NA,3
"10588","scaffold0017:15252865|15261626",3,NA,NA
"10589","scaffold0017:15302682|15307011",2,NA,NA
"10590","scaffold0017:15305977|15307011",NA,NA,9
"10591","scaffold0017:15317922|15324785",NA,4,10
"10592","scaffold0017:15317922|15345476",NA,NA,4
"10593","scaffold0017:15324229|15324785",NA,8,10
"10594","scaffold0017:15335865|15338957",NA,NA,11
"10595","scaffold0017:15335865|15343403",5,NA,NA
"10596","scaffold0017:15338517|15338957",25,12,26
"10597","scaffold0017:15338517|15343403",18,8,NA
"10598","scaffold0017:15338853|15345476",NA,3,NA
"10599","scaffold0017:15345476|15346018",3,NA,NA
"10600","scaffold0017:15345476|15346019",NA,6,1
"10601","scaffold0017:15367626|15376981",NA,NA,5
"10602","scaffold0017:15387748|15389094",1,NA,NA
"10603","scaffold0017:15768996|15769791",20,10,NA
"10604","scaffold0017:15793912|15798066",4,NA,5
"10605","scaffold0017:15820582|15831406",NA,4,NA
"10606","scaffold0017:15876427|15883579",4,NA,4
"10607","scaffold0017:15925571|15926207",5,36,19
"10608","scaffold0017:15951547|15957514",3,NA,NA
"10609","scaffold0017:15957150|15963294",4,NA,2
"10610","scaffold0017:16028799|16050088",2,1,NA
"10611","scaffold0017:16032469|16050088",1,NA,NA
"10612","scaffold0017:16032469|16068904",1,NA,NA
"10613","scaffold0017:16049945|16068904",NA,NA,3
"10614","scaffold0017:16068707|16068904",3,NA,NA
"10615","scaffold0017:16068707|16088642",15,2,NA
"10616","scaffold0017:16113058|16113266",5,NA,NA
"10617","scaffold0017:16126197|16126405",9,NA,NA
"10618","scaffold0017:16141330|16161816",NA,NA,1
"10619","scaffold0017:16351258|16353944",NA,2,NA
"10620","scaffold0017:16351258|16357026",8,NA,NA
"10621","scaffold0017:16353753|16357026",57,NA,10
"10622","scaffold0017:16369710|16370014",NA,NA,3
"10623","scaffold0017:16401352|16401757",8,13,NA
"10624","scaffold0017:16440371|16449729",81,42,49
"10625","scaffold0017:16440371|16472549",3,NA,NA
"10626","scaffold0017:16440371|16474425",24,11,15
"10627","scaffold0017:16440371|16490102",3,NA,18
"10628","scaffold0017:16440371|16502105",NA,6,10
"10629","scaffold0017:16440371|16522265",NA,7,NA
"10630","scaffold0017:16449120|16449729",18,NA,5
"10631","scaffold0017:16449607|16472549",6,NA,NA
"10632","scaffold0017:16472411|16490102",NA,NA,4
"10633","scaffold0017:16489974|16502105",13,20,12
"10634","scaffold0017:1753035|1753519",NA,NA,3
"10635","scaffold0017:17669311|17669808",3,NA,1
"10636","scaffold0017:17732917|17733149",16,77,29
"10637","scaffold0017:17804511|17804998",9,14,NA
"10638","scaffold0017:18271157|18271705",93,40,35
"10639","scaffold0017:18271157|18272321",NA,1,NA
"10640","scaffold0017:18271597|18272321",NA,NA,3
"10641","scaffold0017:18271597|18273037",3,NA,NA
"10642","scaffold0017:18320695|18325468",NA,26,NA
"10643","scaffold0017:18332020|18337802",NA,1,NA
"10644","scaffold0017:18456912|18457116",1,NA,NA
"10645","scaffold0017:18485739|18489144",NA,9,5
"10646","scaffold0017:18493220|18496151",1,NA,NA
"10647","scaffold0017:18524127|18524402",51,35,22
"10648","scaffold0017:18524127|18534370",20,6,1
"10649","scaffold0017:18524127|18544692",NA,NA,2
"10650","scaffold0017:18541170|18546373",2,NA,2
"10651","scaffold0017:18674024|18677250",3,NA,1
"10652","scaffold0017:19126122|19130844",NA,4,5
"10653","scaffold0017:19288513|19289395",NA,3,NA
"10654","scaffold0017:19296101|19297476",5,NA,NA
"10655","scaffold0017:19296101|19298297",3,9,1
"10656","scaffold0017:19297321|19298297",5,NA,NA
"10657","scaffold0017:19300722|19320110",2,NA,NA
"10658","scaffold0017:19301380|19302994",NA,NA,4
"10659","scaffold0017:19315903|19320110",2,NA,NA
"10660","scaffold0017:19329525|19330652",30,29,18
"10661","scaffold0017:19334286|19335777",11,NA,NA
"10662","scaffold0017:19340287|19342220",7,NA,NA
"10663","scaffold0017:19347146|19351731",NA,4,NA
"10664","scaffold0017:19376879|19380121",1,NA,NA
"10665","scaffold0017:19442634|19445383",NA,7,2
"10666","scaffold0017:19462263|19465998",5,5,NA
"10667","scaffold0017:19466820|19467379",33,29,15
"10668","scaffold0017:19495713|19496782",NA,NA,1
"10669","scaffold0017:19497443|19497877",25,19,7
"10670","scaffold0017:1951209|1951708",2,NA,NA
"10671","scaffold0017:19549745|19551088",NA,5,NA
"10672","scaffold0017:19554869|19555209",NA,16,NA
"10673","scaffold0017:19554869|19565557",NA,NA,5
"10674","scaffold0017:19613426|19615670",NA,12,NA
"10675","scaffold0017:19633279|19636369",46,34,30
"10676","scaffold0017:19637515|19647012",1,NA,NA
"10677","scaffold0017:19687518|19691043",53,27,20
"10678","scaffold0017:19692330|19701651",NA,1,6
"10679","scaffold0017:19697335|19697564",13,7,18
"10680","scaffold0017:19697335|19698599",31,2,8
"10681","scaffold0017:19698484|19701651",92,29,72
"10682","scaffold0017:19698484|19707722",2,NA,NA
"10683","scaffold0017:19701267|19701651",17,NA,NA
"10684","scaffold0017:19707519|19707722",1,NA,NA
"10685","scaffold0017:19725306|19731868",3,NA,NA
"10686","scaffold0017:1979426|1979561",NA,NA,1
"10687","scaffold0017:19818490|19819580",2,NA,NA
"10688","scaffold0017:19823214|19853135",4,NA,NA
"10689","scaffold0017:19850665|19854361",22,4,6
"10690","scaffold0017:19857827|19868024",NA,8,NA
"10691","scaffold0017:1987366|1987886",NA,11,NA
"10692","scaffold0017:20099858|20110531",3,NA,NA
"10693","scaffold0017:20172501|20179772",NA,1,NA
"10694","scaffold0017:20179121|20179772",124,34,65
"10695","scaffold0017:20225817|20226713",8,NA,NA
"10696","scaffold0017:20272536|20273309",1852,1075,1604
"10697","scaffold0017:20298852|20299476",NA,9,NA
"10698","scaffold0017:20837105|20901971",2,NA,NA
"10699","scaffold0017:22045063|22047904",30,34,21
"10700","scaffold0017:22045063|22093484",NA,NA,3
"10701","scaffold0017:22306555|22311118",8,NA,1
"10702","scaffold0017:24076660|24089890",NA,2,NA
"10703","scaffold0017:24079156|24085873",1,NA,NA
"10704","scaffold0017:24085700|24089890",NA,NA,2
"10705","scaffold0017:24085700|24106487",2,NA,NA
"10706","scaffold0017:24089672|24106487",NA,2,3
"10707","scaffold0017:24105898|24106487",312,421,264
"10708","scaffold0017:2448554|2449480",NA,NA,1
"10709","scaffold0017:24626402|24635832",2,NA,NA
"10710","scaffold0017:24631371|24633032",10,4,14
"10711","scaffold0017:24631371|24635832",NA,NA,1
"10712","scaffold0017:24634245|24635832",2,NA,NA
"10713","scaffold0017:24881797|24890162",NA,1,NA
"10714","scaffold0017:24897959|24898212",NA,9,NA
"10715","scaffold0017:24904750|24905515",3,14,NA
"10716","scaffold0017:24968160|24968395",3,NA,NA
"10717","scaffold0017:24968160|24970585",1,NA,NA
"10718","scaffold0017:25021873|25025179",3364,2149,2044
"10719","scaffold0017:25021873|25035472",35,NA,3
"10720","scaffold0017:25021873|25039186",NA,NA,6
"10721","scaffold0017:25021873|25043221",NA,4,NA
"10722","scaffold0017:2503175|2504246",4,NA,NA
"10723","scaffold0017:25034292|25035472",NA,8,NA
"10724","scaffold0017:2503671|2504246",NA,NA,3
"10725","scaffold0017:25064430|25066941",NA,NA,4
"10726","scaffold0017:25074102|25084947",21,NA,6
"10727","scaffold0017:25077192|25092146",NA,3,NA
"10728","scaffold0017:25081465|25092146",NA,4,NA
"10729","scaffold0017:25084789|25092146",NA,4,3
"10730","scaffold0017:25093643|25094703",3,1,NA
"10731","scaffold0017:25094818|25095525",NA,NA,5
"10732","scaffold0017:2512605|2512937",8,NA,NA
"10733","scaffold0017:2533170|2533433",NA,NA,2
"10734","scaffold0017:2533830|2534087",NA,1,NA
"10735","scaffold0017:2545137|2547315",NA,1,NA
"10736","scaffold0017:2545362|2545743",6,NA,NA
"10737","scaffold0017:2560607|2560799",NA,1,NA
"10738","scaffold0017:2582981|2585626",3,8,NA
"10739","scaffold0017:2639963|2640374",4,NA,NA
"10740","scaffold0017:26763275|26768148",1,10,NA
"10741","scaffold0017:26792405|26794536",12,NA,10
"10742","scaffold0017:26809069|26819842",NA,NA,1
"10743","scaffold0017:26816476|26819842",NA,NA,2
"10744","scaffold0017:26818575|26819000",NA,NA,1
"10745","scaffold0017:26971689|26972936",4,NA,NA
"10746","scaffold0017:27025545|27026274",3,NA,NA
"10747","scaffold0017:27034407|27035733",6,NA,NA
"10748","scaffold0017:27041663|27042709",3,NA,NA
"10749","scaffold0017:27177295|27182445",NA,NA,3
"10750","scaffold0017:27239664|27240705",18,6,11
"10751","scaffold0017:27249740|27256263",NA,NA,3
"10752","scaffold0017:27249740|27261418",5,NA,6
"10753","scaffold0017:27259417|27261418",35,11,20
"10754","scaffold0017:27757356|27757537",11,NA,NA
"10755","scaffold0017:27979828|27980047",26,40,20
"10756","scaffold0017:2805285|2805968",NA,NA,5
"10757","scaffold0017:2805993|2806404",2,NA,NA
"10758","scaffold0017:28116818|28120463",NA,NA,3
"10759","scaffold0017:2812658|2814495",2,NA,NA
"10760","scaffold0017:28203248|28208706",15,NA,33
"10761","scaffold0017:2848324|2849021",5,NA,NA
"10762","scaffold0017:2852864|2868012",NA,NA,3
"10763","scaffold0017:2856168|2856336",5,NA,1
"10764","scaffold0017:2867342|2868012",18,9,1
"10765","scaffold0017:28678291|28683672",NA,NA,1
"10766","scaffold0017:28680470|28687474",102,10,42
"10767","scaffold0017:2913482|2914068",NA,NA,10
"10768","scaffold0017:29282571|29285784",NA,15,NA
"10769","scaffold0017:29319375|29323087",5,NA,1
"10770","scaffold0017:29333457|29333598",NA,NA,1
"10771","scaffold0017:29334685|29338192",NA,NA,6
"10772","scaffold0017:29334825|29335150",3,NA,NA
"10773","scaffold0017:2937325|2939529",NA,7,NA
"10774","scaffold0017:2937325|2947628",NA,4,1
"10775","scaffold0017:2945838|2946143",NA,2,NA
"10776","scaffold0017:2945838|2947275",NA,5,NA
"10777","scaffold0017:2945838|2947628",NA,5,NA
"10778","scaffold0017:29649879|29661284",2,NA,NA
"10779","scaffold0017:29649879|29662498",NA,5,NA
"10780","scaffold0017:29675797|29687589",14,NA,26
"10781","scaffold0017:29685240|29687589",6,NA,NA
"10782","scaffold0017:2969258|2969590",738,467,468
"10783","scaffold0017:29837816|29857141",5,11,3
"10784","scaffold0017:29844948|29857141",NA,4,6
"10785","scaffold0017:29848473|29853773",9,NA,3
"10786","scaffold0017:29848473|29857141",25,31,12
"10787","scaffold0017:29856941|29857141",3,12,4
"10788","scaffold0017:29876187|29878217",59,29,31
"10789","scaffold0017:29876187|29891003",NA,NA,1
"10790","scaffold0017:29878041|29891003",6,8,5
"10791","scaffold0017:29878041|29904588",NA,NA,1
"10792","scaffold0017:29890763|29904588",5,NA,NA
"10793","scaffold0017:29896828|29904588",NA,16,31
"10794","scaffold0017:3019301|3022938",1,NA,NA
"10795","scaffold0017:30250230|30252930",164,104,62
"10796","scaffold0017:30250230|30275741",NA,NA,3
"10797","scaffold0017:3032430|3032696",NA,3,NA
"10798","scaffold0017:3032431|3032696",1,NA,NA
"10799","scaffold0017:3032437|3032696",2,NA,NA
"10800","scaffold0017:3032440|3032696",NA,NA,7
"10801","scaffold0017:3032474|3032696",2,NA,NA
"10802","scaffold0017:30330196|30330789",27,7,39
"10803","scaffold0017:30349747|30354765",NA,NA,5
"10804","scaffold0017:30390206|30391146",NA,15,10
"10805","scaffold0017:30390653|30391076",NA,NA,1
"10806","scaffold0017:30401984|30403711",NA,NA,4
"10807","scaffold0017:30445319|30445701",3,NA,NA
"10808","scaffold0017:30448083|30448545",3,NA,2
"10809","scaffold0017:30451968|30452144",3,NA,NA
"10810","scaffold0017:30476582|30477962",22,35,7
"10811","scaffold0017:30476582|30482811",4,NA,NA
"10812","scaffold0017:3049856|3050132",4,NA,NA
"10813","scaffold0017:30530603|30531235",1,NA,NA
"10814","scaffold0017:30531309|30531511",NA,NA,1
"10815","scaffold0017:30534524|30535418",5,NA,NA
"10816","scaffold0017:30545399|30546344",5,1,2
"10817","scaffold0017:30545399|30549662",NA,NA,6
"10818","scaffold0017:30552661|30553437",NA,NA,1
"10819","scaffold0017:30590594|30592295",NA,NA,3
"10820","scaffold0017:30603360|30603840",NA,13,NA
"10821","scaffold0017:30603360|30610340",15,26,NA
"10822","scaffold0017:3068584|3068921",NA,NA,4
"10823","scaffold0017:3069394|3069826",8,NA,NA
"10824","scaffold0017:3069730|3070152",NA,5,NA
"10825","scaffold0017:3071296|3071475",NA,NA,2
"10826","scaffold0017:30801399|30814501",21,NA,7
"10827","scaffold0017:30801399|30827487",5,NA,2
"10828","scaffold0017:30814391|30827487",NA,4,6
"10829","scaffold0017:30814391|30841386",19,18,7
"10830","scaffold0017:30840352|30841386",1,NA,NA
"10831","scaffold0017:30939968|30942699",4,NA,NA
"10832","scaffold0017:30958162|30958366",7,13,NA
"10833","scaffold0017:30958162|30958745",3,NA,NA
"10834","scaffold0017:30970242|30977140",59,29,41
"10835","scaffold0017:30970242|30977143",16,NA,NA
"10836","scaffold0017:30970242|31067213",NA,NA,2
"10837","scaffold0017:30976995|31067213",7,NA,NA
"10838","scaffold0017:30990388|30990603",2,NA,NA
"10839","scaffold0017:3104817|3111983",NA,37,NA
"10840","scaffold0017:31170456|31173203",NA,NA,8
"10841","scaffold0017:31173063|31177261",NA,NA,5
"10842","scaffold0017:31174515|31177261",58,24,20
"10843","scaffold0017:31176037|31177261",2,NA,NA
"10844","scaffold0017:31176547|31176710",1,NA,NA
"10845","scaffold0017:31183054|31184224",6,NA,NA
"10846","scaffold0017:31183054|31187686",8,NA,NA
"10847","scaffold0017:31187570|31190564",NA,NA,1
"10848","scaffold0017:31191575|31192242",2,NA,NA
"10849","scaffold0017:31207486|31210651",1041,384,389
"10850","scaffold0017:31229595|31241599",11,NA,NA
"10851","scaffold0017:31241466|31242396",4,NA,3
"10852","scaffold0017:313574|322189",5,NA,NA
"10853","scaffold0017:31361317|31362550",7,NA,NA
"10854","scaffold0017:31370345|31371900",8,NA,NA
"10855","scaffold0017:31468852|31479486",2,NA,NA
"10856","scaffold0017:31476880|31479486",54,NA,NA
"10857","scaffold0017:31476880|31489584",3,NA,NA
"10858","scaffold0017:31530132|31533019",NA,1,NA
"10859","scaffold0017:31879015|31887633",9,NA,NA
"10860","scaffold0017:318918|322189",3,NA,NA
"10861","scaffold0017:319078|319232",NA,NA,1
"10862","scaffold0017:320555|321039",6,NA,10
"10863","scaffold0017:3215780|3221675",NA,NA,1
"10864","scaffold0017:3223387|3223813",71,80,31
"10865","scaffold0017:3225845|3226864",13,NA,NA
"10866","scaffold0017:3230293|3235195",NA,NA,6
"10867","scaffold0017:3230293|3236080",NA,3,NA
"10868","scaffold0017:3230565|3230919",NA,NA,1
"10869","scaffold0017:32308715|32313020",15,10,22
"10870","scaffold0017:32312890|32322222",13,12,16
"10871","scaffold0017:32317437|32322222",37,3,52
"10872","scaffold0017:32317437|32331137",1,NA,2
"10873","scaffold0017:32322156|32329659",5,NA,NA
"10874","scaffold0017:32329476|32331137",7,1,1
"10875","scaffold0017:32413864|32422374",1,NA,4
"10876","scaffold0017:32417826|32418562",20,NA,13
"10877","scaffold0017:32417826|32422374",NA,11,NA
"10878","scaffold0017:32491785|32497637",33,7,12
"10879","scaffold0017:32491785|32500274",1,NA,NA
"10880","scaffold0017:32504543|32505725",363,175,196
"10881","scaffold0017:32516002|32517775",NA,11,4
"10882","scaffold0017:32516002|32519449",NA,9,2
"10883","scaffold0017:32702082|32703315",1,NA,NA
"10884","scaffold0017:32702082|32704197",NA,NA,2
"10885","scaffold0017:32750570|32751552",NA,NA,6
"10886","scaffold0017:3278272|3287121",5,NA,NA
"10887","scaffold0017:3286892|3287121",3,NA,NA
"10888","scaffold0017:32924434|32931353",2,NA,NA
"10889","scaffold0017:32971548|32972215",NA,NA,13
"10890","scaffold0017:32973776|32974040",NA,NA,3
"10891","scaffold0017:32973776|32976433",3,NA,NA
"10892","scaffold0017:32976889|32977168",2,NA,NA
"10893","scaffold0017:3311046|3311386",1,NA,NA
"10894","scaffold0017:33113567|33114539",1,NA,NA
"10895","scaffold0017:3315162|3317127",NA,11,NA
"10896","scaffold0017:3325748|3326314",291,268,133
"10897","scaffold0017:3327486|3329982",2,NA,NA
"10898","scaffold0017:33284658|33288031",NA,7,NA
"10899","scaffold0017:33286827|33288031",NA,3,NA
"10900","scaffold0017:33287687|33288031",NA,NA,1
"10901","scaffold0017:33288031|33288464",NA,1,NA
"10902","scaffold0017:33290840|33292290",3,NA,NA
"10903","scaffold0017:33291781|33292705",NA,NA,4
"10904","scaffold0017:33292366|33292705",18,NA,7
"10905","scaffold0017:33313668|33313841",8,NA,NA
"10906","scaffold0017:33315305|33315608",3,NA,NA
"10907","scaffold0017:3336535|3336846",1,NA,NA
"10908","scaffold0017:33429187|33430556",NA,NA,3
"10909","scaffold0017:33437731|33438135",NA,NA,8
"10910","scaffold0017:33507099|33507348",3,NA,NA
"10911","scaffold0017:33596378|33596597",15,20,NA
"10912","scaffold0017:33616697|33617697",NA,7,3
"10913","scaffold0017:33635635|33638216",NA,NA,4
"10914","scaffold0017:33638147|33638654",7,NA,NA
"10915","scaffold0017:33638317|33638654",4,NA,3
"10916","scaffold0017:3366306|3370852",12,15,NA
"10917","scaffold0017:3370719|3373068",22,6,15
"10918","scaffold0017:33953731|33981324",NA,1,NA
"10919","scaffold0017:33980836|33983117",454,544,370
"10920","scaffold0017:34000414|34002694",NA,NA,3
"10921","scaffold0017:34008948|34012951",NA,NA,3
"10922","scaffold0017:34011508|34012951",91,91,98
"10923","scaffold0017:34011592|34011918",NA,NA,3
"10924","scaffold0017:34034726|34041199",NA,NA,5
"10925","scaffold0017:34045319|34053360",NA,1,4
"10926","scaffold0017:34048843|34053360",20,11,8
"10927","scaffold0017:34244289|34252160",6,NA,NA
"10928","scaffold0017:34392265|34397388",4,NA,4
"10929","scaffold0017:34400322|34403770",9,21,2
"10930","scaffold0017:34405248|34406402",NA,NA,6
"10931","scaffold0017:34417008|34417504",4,NA,NA
"10932","scaffold0017:34419549|34421680",63,40,35
"10933","scaffold0017:34426773|34428343",NA,3,6
"10934","scaffold0017:34434232|34436488",NA,NA,13
"10935","scaffold0017:34457912|34461340",1,NA,NA
"10936","scaffold0017:34457912|34468530",11,NA,NA
"10937","scaffold0017:3449748|3450344",NA,NA,3
"10938","scaffold0017:34500470|34504780",5,1,2
"10939","scaffold0017:34948906|34967523",3,NA,NA
"10940","scaffold0017:34948906|34985606",NA,NA,2
"10941","scaffold0017:35012103|35024941",NA,2,NA
"10942","scaffold0017:35017673|35019047",1,NA,NA
"10943","scaffold0017:35028244|35030978",4,NA,NA
"10944","scaffold0017:35028443|35028658",NA,NA,3
"10945","scaffold0017:3507852|3508215",7,NA,NA
"10946","scaffold0017:3508215|3510042",3,4,NA
"10947","scaffold0017:3508777|3509567",NA,2,NA
"10948","scaffold0017:3513532|3513677",NA,NA,1
"10949","scaffold0017:3516149|3517073",NA,13,NA
"10950","scaffold0017:3599092|3601735",NA,NA,6
"10951","scaffold0017:3601616|3602846",NA,NA,1
"10952","scaffold0017:36190457|36225360",NA,4,NA
"10953","scaffold0017:36225240|36234917",13,NA,NA
"10954","scaffold0017:36225240|36251963",28,NA,NA
"10955","scaffold0017:36230234|36234917",5,2,22
"10956","scaffold0017:36230234|36251963",16,NA,NA
"10957","scaffold0017:36251819|36263609",8,NA,1
"10958","scaffold0017:36262984|36263609",2,NA,10
"10959","scaffold0017:36262984|36277874",7,3,2
"10960","scaffold0017:36419181|36424572",5,NA,NA
"10961","scaffold0017:36544593|36546903",2,NA,NA
"10962","scaffold0017:36561040|36562066",NA,2,NA
"10963","scaffold0017:36576258|36578328",6,NA,NA
"10964","scaffold0017:36591213|36596310",69,37,16
"10965","scaffold0017:36595636|36596310",47,19,4
"10966","scaffold0017:36617542|36618453",1,NA,NA
"10967","scaffold0017:36623423|36625521",2,NA,NA
"10968","scaffold0017:36623423|36640618",4,NA,NA
"10969","scaffold0017:36633283|36635732",NA,NA,1
"10970","scaffold0017:36635536|36652911",NA,NA,5
"10971","scaffold0017:36644788|36648229",NA,9,NA
"10972","scaffold0017:36644788|36650771",7,NA,NA
"10973","scaffold0017:36644788|36652911",15,9,10
"10974","scaffold0017:36650344|36659171",NA,7,NA
"10975","scaffold0017:36652793|36654000",4,NA,3
"10976","scaffold0017:3719425|3728277",2,NA,NA
"10977","scaffold0017:3721389|3728277",5,NA,NA
"10978","scaffold0017:3727681|3728277",109,74,40
"10979","scaffold0017:3727681|3733661",NA,NA,1
"10980","scaffold0017:3732453|3733363",2,NA,NA
"10981","scaffold0017:38497806|38527633",3,NA,NA
"10982","scaffold0017:38508287|38510002",10,6,NA
"10983","scaffold0017:38508287|38512661",NA,NA,5
"10984","scaffold0017:38511278|38512661",30,88,37
"10985","scaffold0017:38511278|38525101",41,NA,4
"10986","scaffold0017:38511278|38529171",NA,2,NA
"10987","scaffold0017:38524995|38529171",3,NA,NA
"10988","scaffold0017:38764679|38764888",NA,2,1
"10989","scaffold0017:38767681|38773752",NA,NA,5
"10990","scaffold0017:38778039|38784727",10,NA,NA
"10991","scaffold0017:38781033|38782162",7,NA,NA
"10992","scaffold0017:38792392|38796643",NA,1,NA
"10993","scaffold0017:38794419|38797660",NA,NA,4
"10994","scaffold0017:38796094|38796640",5,NA,NA
"10995","scaffold0017:38805777|38806500",NA,NA,6
"10996","scaffold0017:38809447|38810269",5,NA,NA
"10997","scaffold0017:38809447|38815464",NA,9,NA
"10998","scaffold0017:38815055|38815464",3,NA,NA
"10999","scaffold0017:38865463|38881510",NA,10,NA
"11000","scaffold0017:38936489|38945534",NA,NA,7
"11001","scaffold0017:38939964|38941051",NA,5,NA
"11002","scaffold0017:38945256|38951114",NA,13,NA
"11003","scaffold0017:39091251|39130576",146,140,58
"11004","scaffold0017:39094743|39130576",577,449,169
"11005","scaffold0017:3932009|3932145",NA,NA,1
"11006","scaffold0017:39320946|39322747",1,4,NA
"11007","scaffold0017:3933136|3933584",NA,6,NA
"11008","scaffold0017:3934073|3936013",1,NA,NA
"11009","scaffold0017:3974556|3975644",NA,NA,1
"11010","scaffold0017:39888071|39889711",6,3,9
"11011","scaffold0017:39981765|39984071",NA,NA,5
"11012","scaffold0017:39983928|40001099",27,4,22
"11013","scaffold0017:39997303|40001099",290,230,188
"11014","scaffold0017:39997303|40004525",86,35,42
"11015","scaffold0017:39997303|40015418",8,7,3
"11016","scaffold0017:40003054|40004525",1,NA,10
"11017","scaffold0017:40010317|40010576",22,NA,20
"11018","scaffold0017:40010317|40015418",137,42,48
"11019","scaffold0017:40010317|40019062",4,NA,NA
"11020","scaffold0017:40013828|40015418",18,1,NA
"11021","scaffold0017:40018939|40022226",NA,4,1
"11022","scaffold0017:4008956|4009191",NA,NA,1
"11023","scaffold0017:40370589|40378519",2,NA,NA
"11024","scaffold0017:40433060|40458886",NA,NA,1
"11025","scaffold0017:40445364|40458886",NA,11,7
"11026","scaffold0017:40493065|40495891",5,NA,NA
"11027","scaffold0017:40493065|40506191",2,NA,NA
"11028","scaffold0017:40493065|40520931",24,NA,NA
"11029","scaffold0017:40493065|40528572",12,12,3
"11030","scaffold0017:40493065|40538746",5,NA,NA
"11031","scaffold0017:40493065|40541432",4,NA,1
"11032","scaffold0017:40528490|40541432",NA,4,3
"11033","scaffold0017:40538651|40541432",687,531,377
"11034","scaffold0017:40538651|40551962",73,4,9
"11035","scaffold0017:40538651|40567015",7,NA,NA
"11036","scaffold0017:40538651|40568783",3,NA,NA
"11037","scaffold0017:40541259|40551962",4,NA,NA
"11038","scaffold0017:40652193|40653011",NA,10,10
"11039","scaffold0017:40652193|40656350",NA,NA,14
"11040","scaffold0017:40652193|40658142",NA,8,NA
"11041","scaffold0017:40652787|40655751",3737,1685,1917
"11042","scaffold0017:40652787|40662173",1,NA,NA
"11043","scaffold0017:40655751|40656216",NA,2,NA
"11044","scaffold0017:40684488|40686604",5,NA,NA
"11045","scaffold0017:40783682|40784059",NA,NA,4
"11046","scaffold0017:40815426|40817257",45,39,36
"11047","scaffold0017:40818439|40824111",9,NA,4
"11048","scaffold0017:40823759|40824111",21,11,26
"11049","scaffold0017:40825664|40826345",13,NA,5
"11050","scaffold0017:40839104|40839537",3,9,10
"11051","scaffold0017:40839104|40849785",2,NA,3
"11052","scaffold0017:40839104|40852139",NA,1,NA
"11053","scaffold0017:40846524|40852139",4,NA,9
"11054","scaffold0017:4115474|4115675",NA,NA,2
"11055","scaffold0017:41462321|41462529",NA,NA,1
"11056","scaffold0017:41511795|41522620",241,127,147
"11057","scaffold0017:41521199|41522620",126,43,73
"11058","scaffold0017:41521199|41546719",NA,NA,8
"11059","scaffold0017:41521199|41549085",58,34,8
"11060","scaffold0017:4188085|4188533",NA,NA,6
"11061","scaffold0017:42980550|42990496",41,10,14
"11062","scaffold0017:43014592|43017318",NA,NA,2
"11063","scaffold0017:43014592|43019525",9,NA,5
"11064","scaffold0017:43018802|43019525",123,90,40
"11065","scaffold0017:43117768|43118170",NA,5,NA
"11066","scaffold0017:43135461|43139267",5,NA,NA
"11067","scaffold0017:43136249|43136810",1,NA,NA
"11068","scaffold0017:43163384|43167599",70,12,49
"11069","scaffold0017:43197801|43209334",NA,NA,5
"11070","scaffold0017:43205343|43205531",NA,2,NA
"11071","scaffold0017:43205343|43206108",2,NA,NA
"11072","scaffold0017:43205343|43206649",2,NA,NA
"11073","scaffold0017:43205343|43207810",2,4,17
"11074","scaffold0017:43205343|43209334",40,28,26
"11075","scaffold0017:43205343|43210626",10,7,4
"11076","scaffold0017:43205343|43219006",36,4,26
"11077","scaffold0017:43213520|43222572",9,30,9
"11078","scaffold0017:43213520|43224075",NA,NA,7
"11079","scaffold0017:43242157|43242392",NA,4,4
"11080","scaffold0017:4324222|4331800",3,NA,2
"11081","scaffold0017:4324222|4333112",NA,2,NA
"11082","scaffold0017:4324222|4338605",15,4,NA
"11083","scaffold0017:43291266|43296227",NA,NA,1
"11084","scaffold0017:43296144|43299058",3,NA,NA
"11085","scaffold0017:43297619|43299058",13,37,6
"11086","scaffold0017:43332264|43332773",3,2,7
"11087","scaffold0017:43334300|43337918",4,NA,NA
"11088","scaffold0017:43387800|43387998",2,11,NA
"11089","scaffold0017:4373455|4376047",NA,NA,2
"11090","scaffold0017:4373455|4385447",4,NA,NA
"11091","scaffold0017:4373455|4390595",NA,NA,1
"11092","scaffold0017:4373675|4373974",3,NA,NA
"11093","scaffold0017:4375824|4376047",NA,8,1
"11094","scaffold0017:4461973|4463857",NA,NA,6
"11095","scaffold0017:4699781|4701589",101,64,65
"11096","scaffold0017:4699781|4706734",NA,7,NA
"11097","scaffold0017:4704238|4712459",NA,2,NA
"11098","scaffold0017:4711981|4712251",NA,2,NA
"11099","scaffold0017:4711981|4712316",NA,2,NA
"11100","scaffold0017:4711981|4712317",10,NA,NA
"11101","scaffold0017:4716136|4716272",NA,NA,1
"11102","scaffold0017:4735232|4738223",1,NA,NA
"11103","scaffold0017:4737134|4738223",NA,NA,2
"11104","scaffold0017:4738116|4742658",6,NA,NA
"11105","scaffold0017:4846738|4847115",4,NA,NA
"11106","scaffold0017:494721|494931",12,NA,23
"11107","scaffold0017:4971510|4976798",1,NA,NA
"11108","scaffold0017:5258231|5259105",8,NA,NA
"11109","scaffold0017:5259256|5259498",3,NA,6
"11110","scaffold0017:5261489|5261901",904,337,655
"11111","scaffold0017:5328757|5331028",17,NA,NA
"11112","scaffold0017:5408276|5410461",5,17,1
"11113","scaffold0017:5409823|5410461",12,NA,NA
"11114","scaffold0017:5409823|5414164",2,NA,6
"11115","scaffold0017:5494007|5494277",NA,NA,1
"11116","scaffold0017:5496184|5499739",NA,NA,3
"11117","scaffold0017:5497445|5499739",35,NA,7
"11118","scaffold0017:5499318|5501375",35,12,4
"11119","scaffold0017:550816|554759",1,NA,NA
"11120","scaffold0017:552791|554759",NA,NA,4
"11121","scaffold0017:552928|553880",NA,NA,7
"11122","scaffold0017:5550172|5550325",NA,NA,1
"11123","scaffold0017:5555626|5559709",NA,NA,2
"11124","scaffold0017:5561852|5562882",NA,NA,5
"11125","scaffold0017:5571507|5572752",NA,2,NA
"11126","scaffold0017:5572536|5575533",1,NA,NA
"11127","scaffold0017:5572536|5577530",8,3,NA
"11128","scaffold0017:5575428|5579021",NA,NA,12
"11129","scaffold0017:5604721|5608532",NA,5,NA
"11130","scaffold0017:5657200|5657474",1,NA,NA
"11131","scaffold0017:5680051|5680438",NA,16,NA
"11132","scaffold0017:5733214|5733945",5,NA,NA
"11133","scaffold0017:5765287|5765614",27,26,13
"11134","scaffold0017:598470|599175",7,NA,NA
"11135","scaffold0017:6048641|6049825",NA,2,NA
"11136","scaffold0017:6049825|6049984",NA,1,NA
"11137","scaffold0017:612276|612842",16,NA,7
"11138","scaffold0017:614285|616980",NA,4,NA
"11139","scaffold0017:6170409|6171360",NA,NA,2
"11140","scaffold0017:6170409|6176774",4,NA,NA
"11141","scaffold0017:6213413|6213924",NA,NA,3
"11142","scaffold0017:6426143|6427079",NA,7,NA
"11143","scaffold0017:6462404|6463819",NA,NA,6
"11144","scaffold0017:6476154|6477086",NA,13,NA
"11145","scaffold0017:6481582|6481910",NA,NA,3
"11146","scaffold0017:6483953|6484929",NA,4,NA
"11147","scaffold0017:6620229|6624198",NA,NA,4
"11148","scaffold0017:6695479|6698377",NA,NA,5
"11149","scaffold0017:6703542|6704312",NA,NA,3
"11150","scaffold0017:6714400|6716352",1,NA,NA
"11151","scaffold0017:6755740|6755923",6,NA,5
"11152","scaffold0017:6782515|6782680",5,NA,NA
"11153","scaffold0017:6788601|6788950",3,21,4
"11154","scaffold0017:6788601|6799671",NA,NA,1
"11155","scaffold0017:6793273|6794366",4,NA,NA
"11156","scaffold0017:6793273|6794605",14,18,16
"11157","scaffold0017:6794221|6794605",NA,NA,8
"11158","scaffold0017:680231|680383",NA,NA,2
"11159","scaffold0017:6813903|6816382",4,NA,NA
"11160","scaffold0017:6840831|6841040",1,NA,NA
"11161","scaffold0017:6842382|6842571",6,NA,NA
"11162","scaffold0017:6924564|6925440",2,7,4
"11163","scaffold0017:7031085|7031800",2,NA,NA
"11164","scaffold0017:7031528|7031800",NA,NA,1
"11165","scaffold0017:7074220|7081613",1,NA,3
"11166","scaffold0017:7081613|7082092",1,NA,NA
"11167","scaffold0017:7101338|7102994",NA,NA,1
"11168","scaffold0017:7107422|7109236",6,NA,4
"11169","scaffold0017:7113717|7123136",7,6,5
"11170","scaffold0017:7120854|7123136",5,NA,19
"11171","scaffold0017:7149718|7151050",52,NA,NA
"11172","scaffold0017:718247|718894",161,118,85
"11173","scaffold0017:7252781|7252936",1,NA,NA
"11174","scaffold0017:7288332|7289109",NA,NA,2
"11175","scaffold0017:7313825|7315274",NA,NA,4
"11176","scaffold0017:7327928|7335057",1,NA,NA
"11177","scaffold0017:7356209|7356538",3,NA,NA
"11178","scaffold0017:7530045|7533588",NA,3,NA
"11179","scaffold0017:7568874|7578211",6,NA,2
"11180","scaffold0017:7576305|7578211",15,19,23
"11181","scaffold0017:7587004|7587729",NA,NA,4
"11182","scaffold0017:7647412|7647826",2,NA,1
"11183","scaffold0017:7802735|7803189",NA,NA,3
"11184","scaffold0017:7802748|7803189",NA,3,NA
"11185","scaffold0017:7804754|7804920",1,NA,NA
"11186","scaffold0017:7847187|7847593",4,NA,2
"11187","scaffold0017:7852519|7853308",1,NA,NA
"11188","scaffold0017:7854273|7854613",2,NA,NA
"11189","scaffold0017:7854484|7855847",4,NA,NA
"11190","scaffold0017:7858863|7859048",NA,2,NA
"11191","scaffold0017:7863677|7865671",3,8,11
"11192","scaffold0017:8043631|8044036",38,11,9
"11193","scaffold0017:8048660|8048876",2,NA,NA
"11194","scaffold0017:8146358|8147345",5,NA,NA
"11195","scaffold0017:8185327|8185549",2,NA,NA
"11196","scaffold0017:8213122|8213698",NA,NA,1
"11197","scaffold0017:8218919|8219200",NA,NA,1
"11198","scaffold0017:8221358|8221887",6,NA,NA
"11199","scaffold0017:8221358|8221888",7,7,NA
"11200","scaffold0017:8235067|8236639",NA,NA,2
"11201","scaffold0017:8288087|8288829",6,NA,NA
"11202","scaffold0017:8304497|8305222",NA,3,NA
"11203","scaffold0017:8311492|8311934",2,NA,NA
"11204","scaffold0017:8361306|8361565",2,NA,NA
"11205","scaffold0017:8436418|8438044",4,NA,NA
"11206","scaffold0017:8468662|8469081",5,NA,NA
"11207","scaffold0017:8580361|8580688",NA,4,NA
"11208","scaffold0017:8580688|8581593",NA,4,NA
"11209","scaffold0017:8629026|8631312",NA,NA,1
"11210","scaffold0017:8644958|8645114",NA,NA,1
"11211","scaffold0017:8644958|8645160",NA,NA,1
"11212","scaffold0017:8691562|8691700",NA,3,NA
"11213","scaffold0017:8699739|8700014",NA,9,NA
"11214","scaffold0017:8699739|8701059",NA,5,NA
"11215","scaffold0017:8708758|8716648",1,NA,NA
"11216","scaffold0017:8729613|8735239",2,NA,NA
"11217","scaffold0017:9059708|9061240",NA,1,NA
"11218","scaffold0017:9077276|9085163",3,9,NA
"11219","scaffold0017:9080006|9084035",2,NA,NA
"11220","scaffold0017:9084424|9085163",NA,NA,5
"11221","scaffold0017:9245717|9248259",64,NA,NA
"11222","scaffold0017:9257926|9259990",NA,NA,4
"11223","scaffold0017:9304623|9304794",2,NA,4
"11224","scaffold0017:9328174|9331400",NA,NA,8
"11225","scaffold0017:9328331|9328924",NA,NA,11
"11226","scaffold0017:9328331|9328925",8,NA,NA
"11227","scaffold0017:9390199|9393188",3,NA,NA
"11228","scaffold0017:9455093|9456972",4,NA,NA
"11229","scaffold0017:9467810|9473043",1,NA,NA
"11230","scaffold0017:9727148|9751354",NA,NA,2
"11231","scaffold0017:9892479|9895184",NA,NA,2
"11232","scaffold0017:9929759|9933327",NA,7,NA
"11233","scaffold0017:9932944|9933327",72,52,28
"11234","scaffold0017:996860|997049",NA,NA,2
"11235","scaffold0017:996860|997846",NA,NA,6
"11236","scaffold0017:997075|997266",11,NA,NA
"11237","scaffold0017:9997495|9998518",3,NA,NA
"11238","scaffold0018:10896863|10923410",256,59,40
"11239","scaffold0018:1170909|1173157",1,NA,5
"11240","scaffold0018:119379|150144",8,NA,NA
"11241","scaffold0018:1397369|1432592",NA,7,NA
"11242","scaffold0018:1422306|1423421",27,NA,NA
"11243","scaffold0018:1422306|1432592",275,90,101
"11244","scaffold0018:14367228|14374794",3,NA,NA
"11245","scaffold0018:14462648|14477993",NA,NA,8
"11246","scaffold0018:14471546|14477993",NA,NA,1
"11247","scaffold0018:14477923|14513405",NA,NA,9
"11248","scaffold0018:14490972|14492938",10,17,16
"11249","scaffold0018:14490972|14495171",13,40,14
"11250","scaffold0018:14490972|14513405",NA,1,1
"11251","scaffold0018:14512326|14513405",12,NA,NA
"11252","scaffold0018:149726|150144",8,NA,NA
"11253","scaffold0018:15599016|15608948",NA,1,NA
"11254","scaffold0018:15599016|15615910",NA,11,NA
"11255","scaffold0018:15652358|15753874",NA,9,NA
"11256","scaffold0018:15748993|15753874",14,35,28
"11257","scaffold0018:15751290|15753874",6,NA,NA
"11258","scaffold0018:15759760|15779406",1,NA,NA
"11259","scaffold0018:15765938|15779406",8,NA,NA
"11260","scaffold0018:15775153|15809308",NA,5,NA
"11261","scaffold0018:15779266|15809308",7,NA,NA
"11262","scaffold0018:15809122|15809308",4,NA,NA
"11263","scaffold0018:15809122|15815354",NA,NA,6
"11264","scaffold0018:15821227|15829688",NA,NA,1
"11265","scaffold0018:16399297|16407704",13,8,NA
"11266","scaffold0018:16539311|16552593",9,3,NA
"11267","scaffold0018:16539311|16569109",1,NA,NA
"11268","scaffold0018:16558691|16559473",NA,1,NA
"11269","scaffold0018:16629005|16629309",NA,9,NA
"11270","scaffold0018:16629226|16643599",NA,NA,2
"11271","scaffold0018:16655446|16655638",5,14,2
"11272","scaffold0018:16686616|16686894",1,NA,NA
"11273","scaffold0018:16712865|16717340",14,NA,1
"11274","scaffold0018:16714817|16717340",NA,NA,1
"11275","scaffold0018:16763455|16766131",1,NA,NA
"11276","scaffold0018:17047605|17061809",75,66,42
"11277","scaffold0018:17047605|17071519",NA,3,5
"11278","scaffold0018:17061726|17071519",3,NA,NA
"11279","scaffold0018:17115855|17117108",6,NA,NA
"11280","scaffold0018:17122846|17123936",NA,NA,4
"11281","scaffold0018:17139463|17147622",8,NA,NA
"11282","scaffold0018:17147516|17162300",NA,NA,5
"11283","scaffold0018:17150414|17152931",24,NA,6
"11284","scaffold0018:17169256|17171335",1,NA,NA
"11285","scaffold0018:17371061|17375530",5,2,NA
"11286","scaffold0018:17925767|17928730",637,365,64
"11287","scaffold0018:17925767|17952735",NA,8,NA
"11288","scaffold0018:18018251|18019067",6,NA,NA
"11289","scaffold0018:18510001|18512230",5,NA,NA
"11290","scaffold0018:18532452|18537414",NA,4,NA
"11291","scaffold0018:18551098|18556764",7,NA,NA
"11292","scaffold0018:18810517|18830673",2,NA,5
"11293","scaffold0018:18834166|18834725",6,3,8
"11294","scaffold0018:18834166|18838628",25,5,NA
"11295","scaffold0018:18834166|18841014",15,4,5
"11296","scaffold0018:18834259|18834613",5,NA,NA
"11297","scaffold0018:19193261|19214139",17,4,13
"11298","scaffold0018:19210781|19214139",1,NA,NA
"11299","scaffold0018:19231956|19236835",NA,NA,9
"11300","scaffold0018:19231956|19250054",NA,NA,7
"11301","scaffold0018:19242568|19250054",NA,NA,7
"11302","scaffold0018:19246448|19250054",18,NA,NA
"11303","scaffold0018:19293365|19300917",NA,4,NA
"11304","scaffold0018:19298513|19300917",NA,1,4
"11305","scaffold0018:20496321|20507246",40,NA,7
"11306","scaffold0018:20502090|20507246",NA,NA,1
"11307","scaffold0018:211061|212052",2,NA,NA
"11308","scaffold0018:21218976|21227211",3,NA,NA
"11309","scaffold0018:21706406|21714543",2,NA,NA
"11310","scaffold0018:220244|242230",NA,NA,5
"11311","scaffold0018:22152442|22152766",15,NA,NA
"11312","scaffold0018:22152442|22155313",15,NA,19
"11313","scaffold0018:22155118|22162031",2,1,NA
"11314","scaffold0018:22159608|22162031",4,19,4
"11315","scaffold0018:22159608|22169122",NA,6,NA
"11316","scaffold0018:22169015|22169769",3,NA,NA
"11317","scaffold0018:22169637|22193882",2,NA,NA
"11318","scaffold0018:22169637|22199680",NA,NA,3
"11319","scaffold0018:22186047|22187009",NA,2,NA
"11320","scaffold0018:22342740|22359458",NA,NA,1
"11321","scaffold0018:22342740|22387924",NA,NA,6
"11322","scaffold0018:22375194|22387924",NA,NA,3
"11323","scaffold0018:22438525|22447093",4,10,11
"11324","scaffold0018:22454883|22462886",NA,3,3
"11325","scaffold0018:22588844|22591468",89,54,21
"11326","scaffold0018:22588844|22606151",NA,NA,6
"11327","scaffold0018:22605143|22606151",NA,1,NA
"11328","scaffold0018:22640080|22645042",36,4,23
"11329","scaffold0018:22640080|22648042",18,10,34
"11330","scaffold0018:22651220|22660946",2,NA,2
"11331","scaffold0018:22653400|22660946",8,NA,1
"11332","scaffold0018:22675674|22714547",NA,NA,2
"11333","scaffold0018:22808218|22809349",1,NA,NA
"11334","scaffold0018:22809211|22843511",1,6,NA
"11335","scaffold0018:22819258|22843511",2,NA,NA
"11336","scaffold0018:22954378|22959213",NA,6,NA
"11337","scaffold0018:22964412|22964681",NA,NA,1
"11338","scaffold0018:22971351|22973179",25,20,18
"11339","scaffold0018:22991584|23000553",9,NA,NA
"11340","scaffold0018:230395|242230",3,6,5
"11341","scaffold0018:23161554|23175719",2,NA,NA
"11342","scaffold0018:23399291|23411484",16,NA,NA
"11343","scaffold0018:23399291|23415329",11,NA,NA
"11344","scaffold0018:23399291|23419096",58,42,13
"11345","scaffold0018:23408158|23411484",3,NA,NA
"11346","scaffold0018:23408158|23415329",12,NA,1
"11347","scaffold0018:23408158|23419096",NA,3,NA
"11348","scaffold0018:23408158|23424739",NA,NA,1
"11349","scaffold0018:23411392|23424739",4,NA,NA
"11350","scaffold0018:23851266|23855972",4,NA,7
"11351","scaffold0018:24045420|24057486",10,NA,NA
"11352","scaffold0018:24206653|24206903",127,61,54
"11353","scaffold0018:24206653|24274952",3,9,NA
"11354","scaffold0018:24206653|24294303",NA,NA,11
"11355","scaffold0018:24206653|24316890",7,NA,3
"11356","scaffold0018:24274776|24294303",20,7,4
"11357","scaffold0018:24274776|24316890",1,1,8
"11358","scaffold0018:24338148|24339685",NA,NA,3
"11359","scaffold0018:24338148|24351247",8,3,8
"11360","scaffold0018:24338148|24357108",NA,8,12
"11361","scaffold0018:24338148|24371417",NA,NA,8
"11362","scaffold0018:24357000|24371417",4,NA,4
"11363","scaffold0018:24357000|24387063",6,NA,NA
"11364","scaffold0018:24425161|24425533",NA,2,NA
"11365","scaffold0018:24425161|24428105",4,NA,NA
"11366","scaffold0018:25026728|25028528",43,NA,NA
"11367","scaffold0018:25030494|25033912",1,NA,NA
"11368","scaffold0018:25036904|25039359",3,NA,NA
"11369","scaffold0018:25043759|25047095",NA,2,NA
"11370","scaffold0018:25045475|25046309",NA,3,NA
"11371","scaffold0018:25052311|25055922",11,6,NA
"11372","scaffold0018:25777278|25778808",3,NA,NA
"11373","scaffold0018:25783971|25789058",2,NA,NA
"11374","scaffold0018:25959873|25965925",1,11,NA
"11375","scaffold0018:25962422|25965925",2,NA,NA
"11376","scaffold0018:25997704|26006149",6,NA,NA
"11377","scaffold0018:26002352|26006149",4,NA,NA
"11378","scaffold0018:26019478|26019737",1,NA,NA
"11379","scaffold0018:26019478|26024802",4,NA,NA
"11380","scaffold0018:26023649|26024802",58,32,20
"11381","scaffold0018:26029134|26032723",NA,6,NA
"11382","scaffold0018:26029134|26038615",8,NA,2
"11383","scaffold0018:26035022|26039529",NA,NA,1
"11384","scaffold0018:26325029|26337307",4,NA,NA
"11385","scaffold0018:26467862|26469854",8,2,8
"11386","scaffold0018:26474590|26488133",NA,2,NA
"11387","scaffold0018:26621369|26635151",13,NA,NA
"11388","scaffold0018:26621369|26686590",1,NA,NA
"11389","scaffold0018:26686427|26686590",NA,2,NA
"11390","scaffold0018:26785094|26787806",4,9,10
"11391","scaffold0018:26785094|26788780",NA,NA,1
"11392","scaffold0018:26785094|26793231",3,3,NA
"11393","scaffold0018:26786540|26787806",NA,3,4
"11394","scaffold0018:26786540|26791077",NA,NA,1
"11395","scaffold0018:26786540|26793231",5,NA,NA
"11396","scaffold0018:26830214|26832219",NA,NA,9
"11397","scaffold0018:26851758|26857968",1,NA,9
"11398","scaffold0018:26866156|26866944",NA,NA,3
"11399","scaffold0018:26870114|26872791",52,79,33
"11400","scaffold0018:27283501|27284232",4,NA,NA
"11401","scaffold0018:3097278|3109492",22,NA,NA
"11402","scaffold0018:30974756|30975557",NA,2,NA
"11403","scaffold0018:31115865|31123767",NA,8,NA
"11404","scaffold0018:31149390|31150612",12,NA,NA
"11405","scaffold0018:31149390|31154218",3,NA,NA
"11406","scaffold0018:31149390|31197498",3,NA,NA
"11407","scaffold0018:31195734|31226451",6,4,NA
"11408","scaffold0018:3269407|3296466",11,1,NA
"11409","scaffold0018:3285623|3296466",8,NA,NA
"11410","scaffold0018:33353223|33357867",5,NA,NA
"11411","scaffold0018:33458794|33496747",NA,7,NA
"11412","scaffold0018:34822708|34824643",5,4,NA
"11413","scaffold0018:34837603|34838638",5,NA,15
"11414","scaffold0018:34842875|34855528",15,3,8
"11415","scaffold0018:34873603|34875214",NA,NA,2
"11416","scaffold0018:34885587|34895215",8,NA,NA
"11417","scaffold0018:34971584|34971778",NA,12,NA
"11418","scaffold0018:34971584|34973691",NA,14,2
"11419","scaffold0018:34996966|35012489",NA,NA,5
"11420","scaffold0018:35711446|35714159",3,NA,NA
"11421","scaffold0018:36577546|36584347",3,NA,NA
"11422","scaffold0018:37114352|37115424",NA,NA,1
"11423","scaffold0018:37114352|37116343",4,NA,NA
"11424","scaffold0018:37114352|37126222",NA,NA,2
"11425","scaffold0018:37116241|37117015",5,NA,NA
"11426","scaffold0018:37162981|37168682",4,5,NA
"11427","scaffold0018:37167141|37168682",NA,15,NA
"11428","scaffold0018:37224844|37229640",1,NA,8
"11429","scaffold0018:37224844|37233201",87,36,44
"11430","scaffold0018:37224844|37236387",72,9,45
"11431","scaffold0018:37417292|37435748",8,11,4
"11432","scaffold0018:37417292|37491915",4,NA,NA
"11433","scaffold0018:37417292|37514118",NA,NA,2
"11434","scaffold0018:37491779|37514118",NA,8,NA
"11435","scaffold0018:37502710|37547261",1,NA,NA
"11436","scaffold0018:37504205|37547261",4,NA,NA
"11437","scaffold0018:38257175|38257582",16,7,NA
"11438","scaffold0018:389044|392535",13,5,3
"11439","scaffold0018:389050|392535",2,NA,4
"11440","scaffold0018:441929|454733",8,15,NA
"11441","scaffold0018:441929|458804",2,5,NA
"11442","scaffold0018:4797662|4798282",13,NA,NA
"11443","scaffold0018:4797662|4807200",9,16,NA
"11444","scaffold0018:4797662|4821164",14,4,3
"11445","scaffold0018:4797662|4825687",9,NA,NA
"11446","scaffold0018:4807038|4821164",4,NA,3
"11447","scaffold0018:4816569|4843521",NA,NA,5
"11448","scaffold0018:4818118|4821164",3,NA,NA
"11449","scaffold0018:4825473|4843521",6,NA,NA
"11450","scaffold0018:4989975|4999669",2,NA,NA
"11451","scaffold0018:6448607|6452691",NA,5,NA
"11452","scaffold0018:6452523|6459689",NA,3,NA
"11453","scaffold0018:6452523|6474312",2,NA,NA
"11454","scaffold0018:6457999|6459689",NA,NA,3
"11455","scaffold0018:6459529|6474312",14,NA,NA
"11456","scaffold0018:6474118|6479292",15,23,10
"11457","scaffold0018:6693477|6696824",8,4,NA
"11458","scaffold0018:6725575|6727231",19,NA,16
"11459","scaffold0018:6892395|6912955",6,NA,NA
"11460","scaffold0018:6892395|6916362",NA,NA,2
"11461","scaffold0018:6908313|6915687",NA,NA,3
"11462","scaffold0018:6908313|6916362",5,NA,NA
"11463","scaffold0018:7037855|7038629",NA,4,NA
"11464","scaffold0018:7037855|7058001",4,NA,NA
"11465","scaffold0018:7052513|7058001",NA,NA,3
"11466","scaffold0018:7056391|7058001",NA,11,NA
"11467","scaffold0018:7291860|7292114",NA,9,NA
"11468","scaffold0018:7291860|7296198",12,NA,NA
"11469","scaffold0018:7303103|7324711",NA,NA,3
"11470","scaffold0018:7308604|7324711",2,NA,NA
"11471","scaffold0018:7323114|7324711",16,12,36
"11472","scaffold0018:7336441|7349529",NA,NA,2
"11473","scaffold0018:7336441|7363899",NA,1,NA
"11474","scaffold0018:7346298|7349529",69,65,NA
"11475","scaffold0018:7346298|7352641",NA,NA,3
"11476","scaffold0018:7346298|7363899",NA,NA,3
"11477","scaffold0018:7363328|7363899",7,12,5
"11478","scaffold0018:7747667|7768101",NA,4,NA
"11479","scaffold0018:7767918|7795918",3,3,NA
"11480","scaffold0018:7767918|7798650",1,NA,NA
"11481","scaffold0018:7828555|7829184",NA,6,NA
"11482","scaffold0018:7942989|7958774",7,NA,NA
"11483","scaffold0018:8180029|8217584",2,NA,NA
"11484","scaffold0018:8183008|8217584",4,NA,7
"11485","scaffold0018:8185049|8217584",1,NA,NA
"11486","scaffold0018:89410|96319",2,NA,NA
"11487","scaffold0018:96255|105357",1,NA,NA
"11488","scaffold0019:10011216|10011887",NA,NA,1
"11489","scaffold0019:10013180|10013382",4,25,NA
"11490","scaffold0019:10013180|10013384",3,49,5
"11491","scaffold0019:10013180|10013385",5,NA,6
"11492","scaffold0019:10013180|10013392",1,4,5
"11493","scaffold0019:1005897|1018972",NA,NA,2
"11494","scaffold0019:1005897|1020970",NA,NA,3
"11495","scaffold0019:10063132|10063490",2,NA,NA
"11496","scaffold0019:10073687|10074085",NA,NA,3
"11497","scaffold0019:10149456|10149721",NA,NA,6
"11498","scaffold0019:10156326|10157872",12,NA,NA
"11499","scaffold0019:10156949|10158617",3,NA,NA
"11500","scaffold0019:10161565|10209160",NA,NA,4
"11501","scaffold0019:10182193|10187049",4,3,NA
"11502","scaffold0019:10182193|10192789",7,3,3
"11503","scaffold0019:10182193|10198038",51,35,6
"11504","scaffold0019:10182193|10209160",4,NA,NA
"11505","scaffold0019:10186935|10198038",4,NA,NA
"11506","scaffold0019:10192689|10209160",NA,NA,5
"11507","scaffold0019:10207378|10209160",3,2,7
"11508","scaffold0019:1024793|1026395",NA,44,22
"11509","scaffold0019:10252115|10253549",5,NA,2
"11510","scaffold0019:1028747|1028909",NA,NA,11
"11511","scaffold0019:1028909|1029073",NA,NA,2
"11512","scaffold0019:10409426|10417366",NA,NA,2
"11513","scaffold0019:10446761|10458101",NA,2,NA
"11514","scaffold0019:10446761|10469000",7,NA,3
"11515","scaffold0019:10457952|10469000",1,NA,NA
"11516","scaffold0019:10738264|10739246",4,NA,NA
"11517","scaffold0019:10739097|10741869",6,21,NA
"11518","scaffold0019:10789444|10791197",3,NA,5
"11519","scaffold0019:10795173|10806587",2,NA,NA
"11520","scaffold0019:10801371|10810421",6,7,10
"11521","scaffold0019:10806495|10835232",NA,12,NA
"11522","scaffold0019:10812540|10813506",2,NA,NA
"11523","scaffold0019:10816900|10825233",5,NA,NA
"11524","scaffold0019:10818722|10827155",1,NA,NA
"11525","scaffold0019:10820120|10827155",NA,NA,1
"11526","scaffold0019:10821393|10825233",22,NA,24
"11527","scaffold0019:10821393|10827155",10,NA,NA
"11528","scaffold0019:10823863|10825233",34,7,10
"11529","scaffold0019:10823863|10827155",13,3,5
"11530","scaffold0019:10835064|10846298",4,NA,NA
"11531","scaffold0019:10843095|10845002",1,NA,4
"11532","scaffold0019:10843095|10846298",NA,NA,3
"11533","scaffold0019:10956109|10960456",2,NA,NA
"11534","scaffold0019:10956109|10961836",2,NA,NA
"11535","scaffold0019:10959013|10964705",3,NA,NA
"11536","scaffold0019:11045599|11049542",23,16,12
"11537","scaffold0019:11053715|11059291",NA,9,NA
"11538","scaffold0019:11054719|11059291",4,NA,NA
"11539","scaffold0019:11060940|11062575",1,NA,NA
"11540","scaffold0019:11065262|11066633",2,NA,NA
"11541","scaffold0019:11174374|11181397",81,43,32
"11542","scaffold0019:11174374|11190400",55,16,22
"11543","scaffold0019:11174374|11203353",4,NA,8
"11544","scaffold0019:11181292|11190400",57,4,42
"11545","scaffold0019:11181292|11203353",10,11,NA
"11546","scaffold0019:11189324|11190400",36,35,32
"11547","scaffold0019:11189324|11203353",5,NA,5
"11548","scaffold0019:11211485|11211674",1,NA,NA
"11549","scaffold0019:11212004|11217230",NA,NA,3
"11550","scaffold0019:11217230|11217839",5,NA,NA
"11551","scaffold0019:11217230|11217840",2,NA,NA
"11552","scaffold0019:11457299|11469736",5,NA,NA
"11553","scaffold0019:11463790|11469736",1,5,NA
"11554","scaffold0019:11496143|11504740",6,NA,NA
"11555","scaffold0019:11503308|11504740",1,NA,2
"11556","scaffold0019:11503308|11510502",NA,NA,1
"11557","scaffold0019:11503308|11516922",NA,13,NA
"11558","scaffold0019:11510406|11516922",6,NA,3
"11559","scaffold0019:1156021|1156929",2,NA,NA
"11560","scaffold0019:1163314|1164782",NA,4,NA
"11561","scaffold0019:1164269|1164782",1,NA,NA
"11562","scaffold0019:11670225|11673101",4,NA,NA
"11563","scaffold0019:1174259|1176034",NA,NA,2
"11564","scaffold0019:11884008|11885810",7,16,NA
"11565","scaffold0019:11886211|11894846",2,NA,NA
"11566","scaffold0019:11886211|11899846",17,5,NA
"11567","scaffold0019:11893053|11894846",6,NA,NA
"11568","scaffold0019:11898969|11899846",NA,NA,5
"11569","scaffold0019:11898969|11905791",NA,12,NA
"11570","scaffold0019:11905676|11908156",15,NA,NA
"11571","scaffold0019:11943960|11947528",5,NA,NA
"11572","scaffold0019:11970916|11971341",4,NA,NA
"11573","scaffold0019:1213393|1223448",5,NA,NA
"11574","scaffold0019:1213393|1229317",1,1,NA
"11575","scaffold0019:12140312|12147927",NA,NA,1
"11576","scaffold0019:12142372|12146107",3,NA,NA
"11577","scaffold0019:12143248|12147927",NA,NA,5
"11578","scaffold0019:12237834|12246528",11,11,2
"11579","scaffold0019:12237834|12260090",1,NA,NA
"11580","scaffold0019:12237834|12266503",5,NA,NA
"11581","scaffold0019:12246359|12246528",11,1,NA
"11582","scaffold0019:12246359|12260090",51,39,4
"11583","scaffold0019:12246359|12266503",7,NA,1
"11584","scaffold0019:12255730|12260090",4,9,3
"11585","scaffold0019:12257099|12260090",23,NA,1
"11586","scaffold0019:12258890|12260090",239,132,124
"11587","scaffold0019:12265819|12266503",NA,NA,5
"11588","scaffold0019:12278518|12279970",2,NA,NA
"11589","scaffold0019:12295375|12296853",11,NA,NA
"11590","scaffold0019:12295375|12299769",NA,3,NA
"11591","scaffold0019:12298731|12299467",2,NA,NA
"11592","scaffold0019:12298731|12299769",NA,3,2
"11593","scaffold0019:12321033|12327558",5,NA,NA
"11594","scaffold0019:12333459|12333636",1,NA,NA
"11595","scaffold0019:12356156|12358235",4,NA,NA
"11596","scaffold0019:12382568|12385345",NA,NA,2
"11597","scaffold0019:12391794|12392218",2,NA,NA
"11598","scaffold0019:12391794|12395427",6,NA,NA
"11599","scaffold0019:12416884|12421265",7,NA,4
"11600","scaffold0019:12871801|12877899",10,22,NA
"11601","scaffold0019:12871801|12905081",18,1,3
"11602","scaffold0019:12875082|12877899",2,NA,NA
"11603","scaffold0019:12900585|12905081",NA,NA,16
"11604","scaffold0019:12900585|12942436",9,NA,NA
"11605","scaffold0019:12942171|12950758",5,22,9
"11606","scaffold0019:12942171|12983818",1,NA,NA
"11607","scaffold0019:12950624|12966736",NA,5,NA
"11608","scaffold0019:12966642|12995559",NA,3,2
"11609","scaffold0019:12979842|12995559",NA,NA,5
"11610","scaffold0019:13082421|13093308",1,NA,NA
"11611","scaffold0019:13142806|13149372",7,NA,7
"11612","scaffold0019:13145319|13149372",30,32,24
"11613","scaffold0019:13246634|13278955",1,NA,NA
"11614","scaffold0019:13263659|13278955",NA,8,4
"11615","scaffold0019:13266126|13278955",NA,6,3
"11616","scaffold0019:13274729|13278955",NA,NA,2
"11617","scaffold0019:13294846|13297906",NA,NA,1
"11618","scaffold0019:1333089|1333373",NA,NA,2
"11619","scaffold0019:13332687|13340589",4,NA,NA
"11620","scaffold0019:13335930|13338163",NA,NA,5
"11621","scaffold0019:13335930|13340589",NA,NA,1
"11622","scaffold0019:13335930|13346114",NA,3,NA
"11623","scaffold0019:13340082|13340589",20,7,14
"11624","scaffold0019:13350918|13356293",15,3,3
"11625","scaffold0019:13355164|13356293",23,29,12
"11626","scaffold0019:13449446|13449642",3,3,NA
"11627","scaffold0019:13457013|13458566",15,11,16
"11628","scaffold0019:13457013|13460990",8,NA,3
"11629","scaffold0019:13467849|13470557",NA,3,NA
"11630","scaffold0019:13485168|13485792",2,NA,NA
"11631","scaffold0019:1348938|1350033",NA,10,NA
"11632","scaffold0019:1353395|1356419",1,24,NA
"11633","scaffold0019:1356228|1358278",NA,1,NA
"11634","scaffold0019:1367410|1368055",1,NA,NA
"11635","scaffold0019:1369890|1370538",NA,4,1
"11636","scaffold0019:137096|137235",NA,6,NA
"11637","scaffold0019:13751207|13751621",1,NA,NA
"11638","scaffold0019:13776833|13780381",14,15,56
"11639","scaffold0019:1381024|1381450",NA,7,NA
"11640","scaffold0019:1381024|1383714",NA,6,3
"11641","scaffold0019:1382525|1393506",NA,NA,3
"11642","scaffold0019:1384944|1385528",NA,NA,4
"11643","scaffold0019:13859933|13879084",6,NA,NA
"11644","scaffold0019:13870344|13879084",1,NA,NA
"11645","scaffold0019:13870344|13897453",3,NA,NA
"11646","scaffold0019:1389756|1390785",NA,NA,3
"11647","scaffold0019:13928161|13941007",NA,3,NA
"11648","scaffold0019:13955188|13962526",NA,3,NA
"11649","scaffold0019:13969671|13972893",5,NA,NA
"11650","scaffold0019:13971986|13972893",NA,NA,4
"11651","scaffold0019:13981585|13986341",1,NA,NA
"11652","scaffold0019:1399858|1401319",NA,NA,4
"11653","scaffold0019:1399858|1405091",NA,4,NA
"11654","scaffold0019:1400672|1400881",NA,NA,2
"11655","scaffold0019:14091292|14094384",7,NA,NA
"11656","scaffold0019:14171236|14174567",73,12,28
"11657","scaffold0019:14183115|14183885",1,NA,NA
"11658","scaffold0019:14202158|14209732",1,NA,NA
"11659","scaffold0019:14218326|14220318",6,NA,NA
"11660","scaffold0019:14220119|14220318",1,NA,NA
"11661","scaffold0019:1435626|1443992",NA,NA,1
"11662","scaffold0019:1437008|1437672",60,68,42
"11663","scaffold0019:1440748|1442717",3,NA,NA
"11664","scaffold0019:1444734|1445374",NA,8,NA
"11665","scaffold0019:14531104|14533304",NA,13,NA
"11666","scaffold0019:14546553|14548658",2,NA,1
"11667","scaffold0019:14550720|14552581",5,20,NA
"11668","scaffold0019:14551508|14552581",5,19,15
"11669","scaffold0019:14556603|14562415",2,NA,NA
"11670","scaffold0019:14558833|14566155",11,NA,NA
"11671","scaffold0019:14563811|14566155",3,NA,NA
"11672","scaffold0019:14563811|14567376",2,NA,NA
"11673","scaffold0019:14576143|14579135",3,NA,NA
"11674","scaffold0019:14735365|14742389",1,NA,NA
"11675","scaffold0019:14830097|14831166",NA,1,NA
"11676","scaffold0019:14831398|14832159",4,NA,NA
"11677","scaffold0019:14833061|14833494",1,NA,NA
"11678","scaffold0019:15159431|15159616",22,30,10
"11679","scaffold0019:15159431|15160150",3,3,2
"11680","scaffold0019:15416172|15475048",NA,4,NA
"11681","scaffold0019:15430604|15475048",NA,9,NA
"11682","scaffold0019:15434534|15475048",NA,23,NA
"11683","scaffold0019:15455068|15543590",5,NA,NA
"11684","scaffold0019:15855565|15867885",2,NA,NA
"11685","scaffold0019:15928865|15933972",20,6,13
"11686","scaffold0019:15928865|15937759",1,NA,NA
"11687","scaffold0019:15974726|15977196",NA,NA,3
"11688","scaffold0019:16004795|16006549",NA,NA,2
"11689","scaffold0019:164307|178179",2,13,10
"11690","scaffold0019:16753994|16759668",NA,NA,1
"11691","scaffold0019:16967964|16969734",2,NA,NA
"11692","scaffold0019:16967964|16972939",4,NA,NA
"11693","scaffold0019:16967964|16976593",23,NA,7
"11694","scaffold0019:17164707|17167411",2,NA,1
"11695","scaffold0019:17164707|17170337",29,9,36
"11696","scaffold0019:17164707|17194715",NA,4,NA
"11697","scaffold0019:17170160|17200199",3,NA,NA
"11698","scaffold0019:17191472|17200199",9,12,NA
"11699","scaffold0019:18993718|18999078",17,7,17
"11700","scaffold0019:19000226|19002376",240,155,132
"11701","scaffold0019:19056418|19058742",NA,3,NA
"11702","scaffold0019:19164592|19168518",3,NA,NA
"11703","scaffold0019:19164592|19172421",31,NA,8
"11704","scaffold0019:19167611|19171741",3,NA,3
"11705","scaffold0019:19167611|19183609",1,NA,NA
"11706","scaffold0019:19169200|19170322",2,NA,NA
"11707","scaffold0019:19171522|19172421",NA,NA,4
"11708","scaffold0019:19172225|19173934",5,NA,NA
"11709","scaffold0019:19173808|19175921",8,NA,NA
"11710","scaffold0019:19173808|19179248",22,NA,4
"11711","scaffold0019:19175138|19179248",4,NA,NA
"11712","scaffold0019:19177966|19179248",2,4,2
"11713","scaffold0019:19353747|19354760",3,13,4
"11714","scaffold0019:19367720|19372129",NA,2,NA
"11715","scaffold0019:19378186|19382385",6,18,NA
"11716","scaffold0019:19385639|19389853",17,NA,NA
"11717","scaffold0019:19493310|19494524",4,NA,NA
"11718","scaffold0019:19548849|19552341",NA,NA,2
"11719","scaffold0019:19592949|19595324",14,NA,4
"11720","scaffold0019:19765661|19767154",4,NA,4
"11721","scaffold0019:19799383|19801780",NA,NA,4
"11722","scaffold0019:19823851|19829364",4,NA,NA
"11723","scaffold0019:20046910|20053253",NA,NA,1
"11724","scaffold0019:20048874|20053253",6,NA,12
"11725","scaffold0019:20051652|20053253",7,NA,NA
"11726","scaffold0019:20111343|20111513",7,NA,7
"11727","scaffold0019:20111343|20122914",NA,NA,1
"11728","scaffold0019:2013868|2015044",NA,10,NA
"11729","scaffold0019:20189430|20202944",2,NA,NA
"11730","scaffold0019:20189430|20206530",14,NA,8
"11731","scaffold0019:20200322|20202944",NA,NA,1
"11732","scaffold0019:20200322|20206530",1,NA,NA
"11733","scaffold0019:20200322|20218680",1,NA,NA
"11734","scaffold0019:20202013|20218680",1,NA,NA
"11735","scaffold0019:20206128|20206530",5,NA,NA
"11736","scaffold0019:20206128|20213154",NA,NA,1
"11737","scaffold0019:20206128|20218680",2,NA,NA
"11738","scaffold0019:20212976|20218059",NA,NA,5
"11739","scaffold0019:20212976|20218680",3,NA,5
"11740","scaffold0019:2040680|2043409",2,NA,NA
"11741","scaffold0019:20447614|20448233",NA,4,NA
"11742","scaffold0019:20447614|20448815",210,132,84
"11743","scaffold0019:2046007|2046777",NA,NA,1
"11744","scaffold0019:2046007|2054976",NA,NA,8
"11745","scaffold0019:2053046|2054976",5,NA,NA
"11746","scaffold0019:20637944|20641714",NA,3,NA
"11747","scaffold0019:20687051|20689723",NA,NA,3
"11748","scaffold0019:20856905|20857911",NA,NA,2
"11749","scaffold0019:21027028|21068001",NA,NA,1
"11750","scaffold0019:21027028|21248427",NA,NA,2
"11751","scaffold0019:210391|219756",27,24,5
"11752","scaffold0019:210391|235617",2,NA,NA
"11753","scaffold0019:210391|248731",NA,NA,3
"11754","scaffold0019:2111749|2115561",NA,NA,2
"11755","scaffold0019:2114692|2115138",2,NA,NA
"11756","scaffold0019:2117033|2117182",3,NA,NA
"11757","scaffold0019:2117033|2117636",5,14,25
"11758","scaffold0019:2122293|2123561",NA,11,NA
"11759","scaffold0019:21228523|21248427",4,NA,NA
"11760","scaffold0019:2123561|2124430",NA,6,NA
"11761","scaffold0019:21308888|21309715",58,32,13
"11762","scaffold0019:21308888|21310615",28,4,14
"11763","scaffold0019:21347499|21349451",9,NA,NA
"11764","scaffold0019:21514688|21514891",5,NA,NA
"11765","scaffold0019:21517997|21518928",4,NA,NA
"11766","scaffold0019:21518928|21519385",NA,NA,4
"11767","scaffold0019:21518928|21519426",NA,NA,3
"11768","scaffold0019:21560235|21560854",2,NA,NA
"11769","scaffold0019:21621324|21622718",41,26,28
"11770","scaffold0019:21621324|21624096",103,NA,41
"11771","scaffold0019:21621324|21625209",61,45,40
"11772","scaffold0019:21629118|21629343",3,NA,NA
"11773","scaffold0019:21661884|21662161",7,NA,NA
"11774","scaffold0019:21661885|21662161",NA,NA,9
"11775","scaffold0019:21661887|21662161",NA,6,NA
"11776","scaffold0019:21665764|21670032",NA,NA,7
"11777","scaffold0019:21671745|21678885",1,NA,NA
"11778","scaffold0019:21671745|21680705",NA,4,2
"11779","scaffold0019:21674237|21678885",86,NA,NA
"11780","scaffold0019:21674237|21680705",11,2,NA
"11781","scaffold0019:21676337|21678885",24,NA,NA
"11782","scaffold0019:21676337|21679586",4,NA,6
"11783","scaffold0019:21676337|21680705",27,18,12
"11784","scaffold0019:21679481|21680705",18,17,5
"11785","scaffold0019:21680540|21680705",4,NA,NA
"11786","scaffold0019:21691121|21722514",2,NA,NA
"11787","scaffold0019:21812630|21817553",9,NA,25
"11788","scaffold0019:21812630|21821649",NA,3,NA
"11789","scaffold0019:21815252|21817553",9,14,NA
"11790","scaffold0019:218376|219756",NA,NA,3
"11791","scaffold0019:22058987|22059240",NA,NA,1
"11792","scaffold0019:2210015|2213971",24,5,6
"11793","scaffold0019:2210015|2230540",NA,4,NA
"11794","scaffold0019:22112389|22112648",2,NA,NA
"11795","scaffold0019:22112389|22126549",8,NA,3
"11796","scaffold0019:22117030|22118875",60,46,7
"11797","scaffold0019:22117030|22122695",21,NA,3
"11798","scaffold0019:22117030|22126549",16,19,NA
"11799","scaffold0019:22120055|22126549",50,23,22
"11800","scaffold0019:2213822|2230540",NA,3,NA
"11801","scaffold0019:22146452|22149194",175,246,78
"11802","scaffold0019:22167974|22168481",5,NA,1
"11803","scaffold0019:22168144|22168397",NA,NA,2
"11804","scaffold0019:22187819|22204179",3,10,NA
"11805","scaffold0019:22196748|22204179",94,62,39
"11806","scaffold0019:2222242|2230540",11,11,11
"11807","scaffold0019:2226118|2227235",56,55,29
"11808","scaffold0019:2226118|2230540",NA,1,NA
"11809","scaffold0019:22368503|22370454",21,NA,NA
"11810","scaffold0019:22368503|22373507",4,NA,22
"11811","scaffold0019:22381904|22382753",2,8,NA
"11812","scaffold0019:22381904|22384954",1,1,NA
"11813","scaffold0019:22395297|22400892",4,NA,NA
"11814","scaffold0019:22395853|22396204",1,NA,NA
"11815","scaffold0019:22395857|22396204",2,NA,NA
"11816","scaffold0019:224199|235617",5,NA,NA
"11817","scaffold0019:22442819|22449287",5,NA,5
"11818","scaffold0019:22445906|22449287",3,NA,5
"11819","scaffold0019:22511090|22511578",NA,NA,6
"11820","scaffold0019:22513382|22515663",NA,2,NA
"11821","scaffold0019:22521202|22528410",NA,13,NA
"11822","scaffold0019:22524285|22528410",52,20,20
"11823","scaffold0019:22550902|22553511",11,NA,8
"11824","scaffold0019:22550902|22557583",NA,19,6
"11825","scaffold0019:22552644|22553511",19,13,10
"11826","scaffold0019:22700439|22702239",NA,NA,4
"11827","scaffold0019:22768559|22768969",NA,5,NA
"11828","scaffold0019:22769663|22770167",1,NA,NA
"11829","scaffold0019:22798299|22810562",7,NA,NA
"11830","scaffold0019:22807080|22810562",NA,NA,3
"11831","scaffold0019:22886595|22887658",5,NA,NA
"11832","scaffold0019:22940242|22940773",424,443,335
"11833","scaffold0019:22957203|22957379",7,NA,NA
"11834","scaffold0019:23053359|23054432",NA,7,1
"11835","scaffold0019:23072081|23072603",1,NA,NA
"11836","scaffold0019:23227139|23228379",3,9,7
"11837","scaffold0019:2334951|2337223",NA,NA,1
"11838","scaffold0019:235487|248731",5,NA,NA
"11839","scaffold0019:2359499|2359811",59,NA,61
"11840","scaffold0019:2359656|2359811",NA,NA,2
"11841","scaffold0019:2359657|2359811",NA,NA,2
"11842","scaffold0019:2359659|2359811",NA,9,NA
"11843","scaffold0019:2359663|2359811",3,NA,NA
"11844","scaffold0019:2359671|2359811",NA,NA,2
"11845","scaffold0019:2359673|2359811",NA,4,NA
"11846","scaffold0019:2366007|2366307",6,NA,NA
"11847","scaffold0019:2375061|2376257",NA,NA,4
"11848","scaffold0019:2376541|2377609",1,NA,1
"11849","scaffold0019:2376737|2376998",NA,NA,3
"11850","scaffold0019:2376738|2376998",NA,NA,1
"11851","scaffold0019:2377472|2378102",NA,1,NA
"11852","scaffold0019:2385584|2386114",NA,12,NA
"11853","scaffold0019:2385672|2385836",NA,2,NA
"11854","scaffold0019:2386381|2390526",NA,10,NA
"11855","scaffold0019:24082965|24083591",2,NA,NA
"11856","scaffold0019:24202674|24202953",3,NA,NA
"11857","scaffold0019:24247922|24252270",6,NA,NA
"11858","scaffold0019:24258773|24271230",NA,6,NA
"11859","scaffold0019:24258773|24274731",9,NA,NA
"11860","scaffold0019:24262377|24264499",NA,NA,2
"11861","scaffold0019:24277324|24278040",3,NA,NA
"11862","scaffold0019:24312603|24312800",NA,11,NA
"11863","scaffold0019:24334858|24341055",4,NA,NA
"11864","scaffold0019:24345999|24346610",5,NA,NA
"11865","scaffold0019:24347106|24348015",38,NA,23
"11866","scaffold0019:2435820|2451413",13,25,12
"11867","scaffold0019:2450545|2451413",38,14,7
"11868","scaffold0019:24524118|24524627",2,NA,NA
"11869","scaffold0019:24530098|24531309",NA,3,NA
"11870","scaffold0019:24630852|24639404",18,5,NA
"11871","scaffold0019:24638091|24639404",169,98,32
"11872","scaffold0019:24638091|24647390",12,NA,NA
"11873","scaffold0019:24647291|24649491",1,NA,NA
"11874","scaffold0019:24648338|24649491",10,NA,8
"11875","scaffold0019:24716536|24728402",3,NA,NA
"11876","scaffold0019:24741965|24744413",28,NA,20
"11877","scaffold0019:24758269|24758873",5,NA,NA
"11878","scaffold0019:24807937|24811771",5,NA,NA
"11879","scaffold0019:24872237|24872412",NA,1,NA
"11880","scaffold0019:24891315|24892490",16,NA,NA
"11881","scaffold0019:24891412|24891778",NA,6,NA
"11882","scaffold0019:25102004|25102366",2,NA,NA
"11883","scaffold0019:25117723|25119187",5,NA,NA
"11884","scaffold0019:25138685|25139074",NA,NA,1
"11885","scaffold0019:25171972|25174520",21,NA,NA
"11886","scaffold0019:25179685|25179993",5,NA,NA
"11887","scaffold0019:25181701|25187365",2,NA,NA
"11888","scaffold0019:25226702|25229717",3,NA,NA
"11889","scaffold0019:25235648|25237094",21,10,15
"11890","scaffold0019:25244520|25251548",NA,NA,1
"11891","scaffold0019:25248476|25249785",6,4,NA
"11892","scaffold0019:25259810|25260107",9,NA,NA
"11893","scaffold0019:25449007|25452526",2,NA,NA
"11894","scaffold0019:25455328|25456639",21,1,11
"11895","scaffold0019:25456134|25456639",26,15,24
"11896","scaffold0019:25568143|25568316",2,NA,NA
"11897","scaffold0019:25840580|25840746",5,NA,7
"11898","scaffold0019:25840580|25841325",3,NA,NA
"11899","scaffold0019:25844179|25846570",6,NA,4
"11900","scaffold0019:25845436|25846570",NA,NA,5
"11901","scaffold0019:25847677|25847908",1,NA,NA
"11902","scaffold0019:25847678|25847908",3,NA,1
"11903","scaffold0019:25847679|25847908",13,8,NA
"11904","scaffold0019:25863068|25867777",1,NA,NA
"11905","scaffold0019:25863068|25870331",1,NA,1
"11906","scaffold0019:25934304|25934757",NA,1,NA
"11907","scaffold0019:25934585|25934757",2,NA,NA
"11908","scaffold0019:25943942|25944240",73,88,35
"11909","scaffold0019:25944339|25945571",3,NA,NA
"11910","scaffold0019:25948007|25948589",NA,NA,2
"11911","scaffold0019:25948478|25949058",NA,NA,3
"11912","scaffold0019:26039017|26039913",NA,2,NA
"11913","scaffold0019:26063355|26065396",3,NA,NA
"11914","scaffold0019:2608624|2614463",6,NA,NA
"11915","scaffold0019:26099133|26103780",NA,14,1
"11916","scaffold0019:26099133|26121708",NA,10,NA
"11917","scaffold0019:2610549|2614463",NA,1,6
"11918","scaffold0019:26121635|26129300",3,NA,NA
"11919","scaffold0019:26293343|26293529",NA,8,NA
"11920","scaffold0019:26404536|26412627",NA,NA,4
"11921","scaffold0019:26562043|26565785",42,9,18
"11922","scaffold0019:26662944|26666406",15,NA,NA
"11923","scaffold0019:26662944|26668144",NA,NA,2
"11924","scaffold0019:26663028|26664519",NA,NA,2
"11925","scaffold0019:26666268|26668144",NA,NA,4
"11926","scaffold0019:26666268|26669027",18,10,8
"11927","scaffold0019:26666268|26671599",3,NA,8
"11928","scaffold0019:26666268|26675239",5,8,8
"11929","scaffold0019:26666268|26677817",2,NA,NA
"11930","scaffold0019:26666268|26678867",3,NA,NA
"11931","scaffold0019:26679404|26679580",NA,NA,3
"11932","scaffold0019:2668347|2668989",133,334,146
"11933","scaffold0019:26703713|26704398",NA,NA,3
"11934","scaffold0019:26705797|26706572",22,12,16
"11935","scaffold0019:26713856|26715907",NA,5,NA
"11936","scaffold0019:26713856|26718939",NA,NA,1
"11937","scaffold0019:26802775|26803134",12,NA,NA
"11938","scaffold0019:26803028|26807610",NA,NA,2
"11939","scaffold0019:26807505|26808808",NA,6,NA
"11940","scaffold0019:26842775|26846612",15,6,7
"11941","scaffold0019:26862171|26862571",172,298,232
"11942","scaffold0019:26862171|26873176",18,4,6
"11943","scaffold0019:26870524|26873176",9,NA,NA
"11944","scaffold0019:26945035|26945391",297,250,242
"11945","scaffold0019:27035684|27036142",NA,2,NA
"11946","scaffold0019:27090331|27090673",5,NA,NA
"11947","scaffold0019:27179717|27179911",NA,NA,6
"11948","scaffold0019:27179717|27183028",415,197,142
"11949","scaffold0019:27179717|27184761",153,NA,41
"11950","scaffold0019:27182618|27183028",5423,2456,2046
"11951","scaffold0019:27182618|27184761",NA,NA,153
"11952","scaffold0019:27213500|27213983",23,11,7
"11953","scaffold0019:27286854|27403781",NA,NA,1
"11954","scaffold0019:27298411|27370604",NA,4,NA
"11955","scaffold0019:27347279|27368139",6,NA,NA
"11956","scaffold0019:27352009|27368139",11,NA,NA
"11957","scaffold0019:27352009|27380378",NA,NA,2
"11958","scaffold0019:27358119|27370604",NA,NA,8
"11959","scaffold0019:27369740|27370604",6,NA,NA
"11960","scaffold0019:27376842|27377928",NA,5,NA
"11961","scaffold0019:27391938|27392184",NA,2,3
"11962","scaffold0019:27391938|27394572",259,94,104
"11963","scaffold0019:27391938|27399275",NA,1,2
"11964","scaffold0019:27391938|27403781",55,NA,16
"11965","scaffold0019:27399169|27403781",7,NA,NA
"11966","scaffold0019:27479700|27481834",NA,NA,11
"11967","scaffold0019:27639631|27641444",NA,1,NA
"11968","scaffold0019:27641465|27641782",NA,6,NA
"11969","scaffold0019:27641782|27642644",2,NA,NA
"11970","scaffold0019:2770562|2771173",NA,NA,5
"11971","scaffold0019:2871500|2875131",NA,19,1
"11972","scaffold0019:29217582|29231762",26,NA,NA
"11973","scaffold0019:29372262|29377835",2,NA,NA
"11974","scaffold0019:2939912|2943493",4,NA,NA
"11975","scaffold0019:29470686|29489416",7,12,10
"11976","scaffold0019:29481172|29492224",2,NA,NA
"11977","scaffold0019:29494263|29509217",NA,7,NA
"11978","scaffold0019:29550007|29557303",6,4,NA
"11979","scaffold0019:29550007|29582791",5,NA,NA
"11980","scaffold0019:29553500|29557303",4,NA,NA
"11981","scaffold0019:29679588|29682477",NA,7,3
"11982","scaffold0019:29682405|29694569",NA,NA,2
"11983","scaffold0019:29730936|29732551",1,NA,NA
"11984","scaffold0019:29734135|29734506",2,NA,NA
"11985","scaffold0019:29755281|29755815",NA,4,NA
"11986","scaffold0019:29862722|29869573",10,6,3
"11987","scaffold0019:29862722|29870687",NA,19,NA
"11988","scaffold0019:29921688|29929325",NA,7,NA
"11989","scaffold0019:29927781|29929325",3,NA,11
"11990","scaffold0019:3001156|3003978",88,26,51
"11991","scaffold0019:3001156|3007123",11,NA,NA
"11992","scaffold0019:3003803|3007123",1,NA,NA
"11993","scaffold0019:30049429|30052559",2,NA,NA
"11994","scaffold0019:30103515|30103723",NA,NA,2
"11995","scaffold0019:30103515|30106625",605,300,442
"11996","scaffold0019:30103515|30107859",4,NA,NA
"11997","scaffold0019:30103515|30110250",64,20,14
"11998","scaffold0019:30103515|30115983",NA,NA,7
"11999","scaffold0019:30110117|30115983",11,10,NA
"12000","scaffold0019:30140010|30143313",NA,1,NA
"12001","scaffold0019:30194598|30200893",6,NA,NA
"12002","scaffold0019:30199447|30204488",10,NA,NA
"12003","scaffold0019:30204406|30212680",4,NA,NA
"12004","scaffold0019:302680|303690",3,NA,NA
"12005","scaffold0019:30470580|30472049",12,5,NA
"12006","scaffold0019:30545205|30545546",1,NA,NA
"12007","scaffold0019:30545205|30546616",8,NA,6
"12008","scaffold0019:30616211|30626642",10,8,NA
"12009","scaffold0019:30616211|30627543",NA,8,NA
"12010","scaffold0019:30644469|30644781",5,NA,NA
"12011","scaffold0019:30654623|30660477",32,NA,6
"12012","scaffold0019:30658744|30665138",16,NA,3
"12013","scaffold0019:30665024|30681303",NA,NA,3
"12014","scaffold0019:31048472|31052544",NA,17,NA
"12015","scaffold0019:31090468|31091328",NA,25,NA
"12016","scaffold0019:31406446|31414331",18,5,16
"12017","scaffold0019:31410564|31410774",1,NA,NA
"12018","scaffold0019:31410564|31414331",41,13,23
"12019","scaffold0019:31410564|31422126",7,NA,NA
"12020","scaffold0019:31460720|31460950",NA,7,NA
"12021","scaffold0019:31476426|31478018",NA,NA,3
"12022","scaffold0019:3160513|3163942",7,NA,NA
"12023","scaffold0019:31633598|31635666",3,NA,NA
"12024","scaffold0019:31702406|31706052",3,NA,NA
"12025","scaffold0019:31727491|31727672",NA,NA,4
"12026","scaffold0019:31735107|31736491",NA,NA,1
"12027","scaffold0019:31766784|31767900",NA,1,NA
"12028","scaffold0019:31768582|31769589",3,NA,NA
"12029","scaffold0019:31768582|31778161",2,NA,NA
"12030","scaffold0019:31777526|31778161",107,68,62
"12031","scaffold0019:31777733|31778003",3,NA,NA
"12032","scaffold0019:31781713|31786792",NA,NA,3
"12033","scaffold0019:31788177|31793437",NA,NA,2
"12034","scaffold0019:31801937|31802134",37,15,30
"12035","scaffold0019:31822737|31823102",1,NA,NA
"12036","scaffold0019:31829280|31829757",15,7,NA
"12037","scaffold0019:31830745|31833323",NA,11,10
"12038","scaffold0019:3184712|3185962",NA,7,NA
"12039","scaffold0019:31883239|31883401",NA,NA,8
"12040","scaffold0019:31883239|31883652",1,NA,1
"12041","scaffold0019:31971734|31972372",3,NA,3
"12042","scaffold0019:31972683|31979664",NA,13,NA
"12043","scaffold0019:31997408|31997559",2,NA,NA
"12044","scaffold0019:32003851|32005987",21,31,29
"12045","scaffold0019:32003851|32012024",3,NA,NA
"12046","scaffold0019:320917|322701",NA,NA,1
"12047","scaffold0019:320917|323676",5,4,11
"12048","scaffold0019:320917|329978",NA,NA,10
"12049","scaffold0019:32152088|32152274",NA,NA,1
"12050","scaffold0019:32161223|32161422",2,NA,NA
"12051","scaffold0019:32162319|32162670",NA,2,3
"12052","scaffold0019:32176531|32178429",NA,6,NA
"12053","scaffold0019:32180656|32182272",105,NA,NA
"12054","scaffold0019:3226210|3248622",NA,NA,3
"12055","scaffold0019:32415603|32421103",NA,7,NA
"12056","scaffold0019:32415603|32423649",5,NA,8
"12057","scaffold0019:32419053|32421103",11,NA,NA
"12058","scaffold0019:32423535|32435061",94,38,42
"12059","scaffold0019:32423535|32440821",3,NA,NA
"12060","scaffold0019:32438714|32453407",36,22,33
"12061","scaffold0019:32464624|32466429",7,NA,NA
"12062","scaffold0019:32466246|32466429",61,15,58
"12063","scaffold0019:3247907|3253092",NA,5,NA
"12064","scaffold0019:32497776|32497974",4,NA,NA
"12065","scaffold0019:3252327|3253092",11,22,5
"12066","scaffold0019:32529225|32529709",NA,NA,15
"12067","scaffold0019:32566747|32570773",3,16,NA
"12068","scaffold0019:32566747|32575109",4,NA,NA
"12069","scaffold0019:32583095|32609250",15,NA,5
"12070","scaffold0019:32587720|32609250",NA,NA,7
"12071","scaffold0019:32591561|32609250",3,NA,NA
"12072","scaffold0019:32597013|32609250",12,7,5
"12073","scaffold0019:32605776|32609250",85,50,103
"12074","scaffold0019:32605776|32687256",NA,1,NA
"12075","scaffold0019:32779271|32785043",7,NA,6
"12076","scaffold0019:328700|329978",232,176,187
"12077","scaffold0019:3288225|3288448",24,NA,NA
"12078","scaffold0019:32984062|32985374",4,NA,1
"12079","scaffold0019:33120874|33121326",4,NA,NA
"12080","scaffold0019:33123261|33125630",7,NA,NA
"12081","scaffold0019:3312862|3314877",1,NA,NA
"12082","scaffold0019:3312862|3316941",14,8,2
"12083","scaffold0019:3315350|3316941",NA,4,NA
"12084","scaffold0019:3329739|3330140",NA,2,NA
"12085","scaffold0019:33557780|33562017",1,NA,7
"12086","scaffold0019:33602549|33604160",13,5,6
"12087","scaffold0019:3369349|3369509",NA,8,NA
"12088","scaffold0019:33711261|33716335",4,6,NA
"12089","scaffold0019:3387561|3388708",34,18,12
"12090","scaffold0019:33996278|34000823",10,NA,9
"12091","scaffold0019:34038572|34039569",54,37,49
"12092","scaffold0019:34038572|34041721",2,NA,NA
"12093","scaffold0019:3405119|3407047",NA,6,NA
"12094","scaffold0019:3408182|3408368",3,NA,NA
"12095","scaffold0019:34103148|34103514",30,14,11
"12096","scaffold0019:3410482|3411116",NA,NA,2
"12097","scaffold0019:34130100|34130518",303,300,140
"12098","scaffold0019:34132549|34135009",20,9,7
"12099","scaffold0019:34136646|34137970",5,NA,NA
"12100","scaffold0019:34200555|34200701",NA,1,NA
"12101","scaffold0019:34232969|34250006",2,NA,NA
"12102","scaffold0019:34306836|34309640",2,NA,NA
"12103","scaffold0019:34309427|34312695",NA,NA,4
"12104","scaffold0019:34344512|34345011",NA,1,1
"12105","scaffold0019:34370000|34371535",8,NA,NA
"12106","scaffold0019:34379658|34383076",28,20,1
"12107","scaffold0019:34460257|34463005",1,NA,NA
"12108","scaffold0019:34578158|34578311",NA,NA,2
"12109","scaffold0019:3457903|3458241",NA,5,NA
"12110","scaffold0019:34583219|34583336",NA,NA,1
"12111","scaffold0019:34613988|34617739",4,NA,3
"12112","scaffold0019:34614086|34614362",NA,NA,4
"12113","scaffold0019:34627828|34631831",51,31,31
"12114","scaffold0019:34627828|34715875",NA,2,1
"12115","scaffold0019:3466051|3466580",7,25,5
"12116","scaffold0019:34715673|34731972",13,NA,NA
"12117","scaffold0019:34715673|34771661",7,NA,NA
"12118","scaffold0019:3474145|3474587",7,9,10
"12119","scaffold0019:3475466|3476178",NA,NA,2
"12120","scaffold0019:3476112|3476960",1,6,NA
"12121","scaffold0019:3476759|3477489",13,31,9
"12122","scaffold0019:34771515|34778434",9,NA,NA
"12123","scaffold0019:34813639|34814085",NA,NA,4
"12124","scaffold0019:34836716|34837483",3,NA,NA
"12125","scaffold0019:34874078|34874953",2,NA,NA
"12126","scaffold0019:34888925|34894352",2,NA,NA
"12127","scaffold0019:34888925|34895505",NA,2,7
"12128","scaffold0019:34894065|34895505",8,7,6
"12129","scaffold0019:34929776|34940012",7,11,4
"12130","scaffold0019:35086881|35088496",80,56,37
"12131","scaffold0019:35147112|35147412",1,3,5
"12132","scaffold0019:35147112|35154433",NA,1,1
"12133","scaffold0019:35149251|35150460",1,NA,NA
"12134","scaffold0019:35154133|35154433",2,1,4
"12135","scaffold0019:3528503|3528661",4,NA,NA
"12136","scaffold0019:35373915|35376686",NA,9,NA
"12137","scaffold0019:35376530|35382280",8,NA,NA
"12138","scaffold0019:35394813|35398948",NA,6,NA
"12139","scaffold0019:3590068|3592393",NA,NA,7
"12140","scaffold0019:3590709|3592393",NA,NA,2
"12141","scaffold0019:35941906|35942090",2,NA,NA
"12142","scaffold0019:36022623|36023294",101,19,17
"12143","scaffold0019:36079128|36081892",1,NA,NA
"12144","scaffold0019:36084402|36085659",6,NA,NA
"12145","scaffold0019:36088210|36100392",152,40,30
"12146","scaffold0019:36175378|36179880",2,NA,NA
"12147","scaffold0019:36184536|36192582",NA,NA,3
"12148","scaffold0019:36188099|36188564",NA,7,NA
"12149","scaffold0019:36190270|36190782",5,NA,NA
"12150","scaffold0019:36190800|36190956",3,NA,NA
"12151","scaffold0019:36263297|36275897",3,11,NA
"12152","scaffold0019:36270715|36271910",NA,1,NA
"12153","scaffold0019:36279240|36294934",NA,NA,1
"12154","scaffold0019:36285848|36292215",NA,NA,4
"12155","scaffold0019:36310256|36311401",NA,2,NA
"12156","scaffold0019:36314879|36320891",9,NA,7
"12157","scaffold0019:36340142|36345006",25,NA,11
"12158","scaffold0019:36367304|36367778",NA,NA,2
"12159","scaffold0019:36369079|36369690",NA,2,NA
"12160","scaffold0019:36422795|36426297",6,7,NA
"12161","scaffold0019:36422795|36430742",5,9,2
"12162","scaffold0019:36422795|36445968",3,NA,NA
"12163","scaffold0019:36424193|36426297",1,6,NA
"12164","scaffold0019:36424193|36430742",NA,2,NA
"12165","scaffold0019:36426173|36430742",2,NA,NA
"12166","scaffold0019:36430606|36445968",2,8,NA
"12167","scaffold0019:36441119|36445968",40,30,23
"12168","scaffold0019:36445775|36445968",18,NA,4
"12169","scaffold0019:36483346|36500076",5,NA,4
"12170","scaffold0019:36490878|36500076",18,1,NA
"12171","scaffold0019:3653224|3655118",NA,NA,3
"12172","scaffold0019:36699415|36700337",8,NA,NA
"12173","scaffold0019:36709787|36710591",NA,6,NA
"12174","scaffold0019:36938660|36939285",23,29,15
"12175","scaffold0019:36942126|36943997",2,NA,NA
"12176","scaffold0019:36942126|36946291",7,NA,15
"12177","scaffold0019:36946080|36956484",16,NA,6
"12178","scaffold0019:36954832|36956484",44,109,56
"12179","scaffold0019:36954832|36973416",NA,8,NA
"12180","scaffold0019:36958086|36962446",1,10,NA
"12181","scaffold0019:36958086|36967467",49,NA,1
"12182","scaffold0019:37015228|37026308",NA,NA,1
"12183","scaffold0019:37015228|37039615",NA,18,NA
"12184","scaffold0019:3706927|3707705",NA,2,NA
"12185","scaffold0019:3709959|3710480",3,NA,NA
"12186","scaffold0019:3709961|3710480",NA,NA,3
"12187","scaffold0019:3709966|3710480",1,NA,NA
"12188","scaffold0019:3709967|3710480",5,NA,NA
"12189","scaffold0019:3709970|3710480",NA,NA,1
"12190","scaffold0019:3714325|3717426",NA,NA,1
"12191","scaffold0019:3714611|3717426",7,NA,NA
"12192","scaffold0019:3715068|3715776",6,NA,NA
"12193","scaffold0019:37335341|37347252",10,6,NA
"12194","scaffold0019:373735|374284",1,NA,NA
"12195","scaffold0019:37774416|37777013",NA,NA,1
"12196","scaffold0019:37790064|37790235",NA,2,NA
"12197","scaffold0019:37794503|37794924",2,NA,NA
"12198","scaffold0019:37806560|37809825",3,NA,NA
"12199","scaffold0019:37825137|37825974",14,10,2
"12200","scaffold0019:37828975|37829428",3,NA,NA
"12201","scaffold0019:37841603|37842172",NA,NA,4
"12202","scaffold0019:37851100|37852003",3,NA,NA
"12203","scaffold0019:37854947|37860050",16,NA,1
"12204","scaffold0019:37888716|37893357",NA,3,NA
"12205","scaffold0019:37911164|37914282",28,28,33
"12206","scaffold0019:37911164|37916652",NA,NA,4
"12207","scaffold0019:37914121|37916652",5,NA,NA
"12208","scaffold0019:37914121|37929969",NA,NA,1
"12209","scaffold0019:37916448|37916652",NA,17,NA
"12210","scaffold0019:37916448|37929969",5,11,4
"12211","scaffold0019:38181328|38181938",3,NA,NA
"12212","scaffold0019:38192651|38194449",17,12,NA
"12213","scaffold0019:38203195|38203418",1,NA,NA
"12214","scaffold0019:38204964|38205598",3,14,7
"12215","scaffold0019:38223004|38223197",2,NA,NA
"12216","scaffold0019:38263835|38268984",1,NA,NA
"12217","scaffold0019:38332328|38332596",8,NA,NA
"12218","scaffold0019:38338626|38338779",3,NA,NA
"12219","scaffold0019:38433801|38434348",12,NA,NA
"12220","scaffold0019:38433801|38435070",5,NA,NA
"12221","scaffold0019:38433801|38435378",25,NA,NA
"12222","scaffold0019:38434242|38435070",NA,NA,3
"12223","scaffold0019:38447691|38447848",NA,NA,2
"12224","scaffold0019:38503795|38504097",NA,NA,1
"12225","scaffold0019:38506619|38506829",1,NA,NA
"12226","scaffold0019:3865006|3869764",2,NA,NA
"12227","scaffold0019:3902558|3902992",5,5,NA
"12228","scaffold0019:3902992|3903218",2,NA,NA
"12229","scaffold0019:3913144|3920671",7,NA,NA
"12230","scaffold0019:3916784|3922724",NA,NA,3
"12231","scaffold0019:3955224|3956261",NA,57,41
"12232","scaffold0019:4227112|4228407",23,16,11
"12233","scaffold0019:4242333|4242492",NA,11,NA
"12234","scaffold0019:442878|457323",17,7,NA
"12235","scaffold0019:452758|457323",NA,20,NA
"12236","scaffold0019:453312|454044",2,NA,NA
"12237","scaffold0019:4537704|4538276",NA,6,NA
"12238","scaffold0019:456636|457323",NA,5,NA
"12239","scaffold0019:466586|467949",3,NA,NA
"12240","scaffold0019:467037|467949",12,NA,NA
"12241","scaffold0019:479501|480757",NA,11,5
"12242","scaffold0019:479501|493933",NA,NA,6
"12243","scaffold0019:488087|507861",NA,2,NA
"12244","scaffold0019:492519|497711",5,7,NA
"12245","scaffold0019:5157733|5158319",5,NA,NA
"12246","scaffold0019:5162428|5162937",NA,NA,3
"12247","scaffold0019:522495|523335",12,NA,NA
"12248","scaffold0019:5234032|5257885",3,NA,NA
"12249","scaffold0019:5234032|5280760",NA,NA,1
"12250","scaffold0019:5257726|5280760",33,24,39
"12251","scaffold0019:5257726|5280781",209,136,95
"12252","scaffold0019:527419|528087",NA,6,NA
"12253","scaffold0019:5322983|5386752",2,NA,NA
"12254","scaffold0019:5351150|5386752",NA,27,1
"12255","scaffold0019:536197|536409",1,NA,NA
"12256","scaffold0019:536197|536410",1,NA,NA
"12257","scaffold0019:5386294|5386752",4,NA,NA
"12258","scaffold0019:598343|600444",NA,11,NA
"12259","scaffold0019:614288|615731",NA,5,NA
"12260","scaffold0019:662763|662901",56,18,25
"12261","scaffold0019:662763|663087",22,10,1
"12262","scaffold0019:662763|664758",19,10,24
"12263","scaffold0019:701407|703370",4,NA,NA
"12264","scaffold0019:702948|703370",3,NA,NA
"12265","scaffold0019:7278219|7279514",3,NA,NA
"12266","scaffold0019:7480563|7484225",NA,3,9
"12267","scaffold0019:7571955|7576862",1,NA,NA
"12268","scaffold0019:7587172|7589727",30,16,13
"12269","scaffold0019:7591138|7594265",9,NA,NA
"12270","scaffold0019:7710393|7713257",5,NA,NA
"12271","scaffold0019:7725040|7728671",NA,NA,3
"12272","scaffold0019:7726085|7728671",15,NA,NA
"12273","scaffold0019:775157|775552",NA,NA,2
"12274","scaffold0019:775552|775847",NA,1,3
"12275","scaffold0019:7764208|7771544",11,8,NA
"12276","scaffold0019:7806718|7824302",27,12,5
"12277","scaffold0019:7814402|7824302",13,3,4
"12278","scaffold0019:7821060|7824302",10,NA,NA
"12279","scaffold0019:7833770|7834551",21,NA,12
"12280","scaffold0019:7853460|7853699",NA,105,57
"12281","scaffold0019:7854616|7855774",151,90,139
"12282","scaffold0019:816111|819708",27,NA,NA
"12283","scaffold0019:818660|819708",54,81,10
"12284","scaffold0019:8278644|8335650",NA,13,8
"12285","scaffold0019:8300054|8335650",NA,9,NA
"12286","scaffold0019:8300054|8367207",NA,NA,1
"12287","scaffold0019:8335419|8367207",9,NA,1
"12288","scaffold0019:8367024|8377512",10,NA,NA
"12289","scaffold0019:8367024|8386905",42,38,4
"12290","scaffold0019:8411785|8413451",59,17,39
"12291","scaffold0019:8648261|8714428",NA,NA,1
"12292","scaffold0019:871723|872092",3,NA,NA
"12293","scaffold0019:871723|873079",1,NA,NA
"12294","scaffold0019:872092|872375",2,NA,NA
"12295","scaffold0019:872897|873079",7,NA,NA
"12296","scaffold0019:8733163|8734498",1,NA,NA
"12297","scaffold0019:8733163|8734825",10,NA,NA
"12298","scaffold0019:873562|873805",NA,2,NA
"12299","scaffold0019:873562|873834",3,4,NA
"12300","scaffold0019:873562|873897",NA,10,NA
"12301","scaffold0019:8748890|8773872",NA,13,NA
"12302","scaffold0019:8952761|8954861",NA,NA,1
"12303","scaffold0019:8952761|8968178",1,NA,NA
"12304","scaffold0019:8966119|8968178",4,NA,NA
"12305","scaffold0019:8984810|8984990",3,NA,NA
"12306","scaffold0019:8990033|8994166",5,NA,NA
"12307","scaffold0019:8993898|8994166",NA,NA,10
"12308","scaffold0019:9011938|9014159",12,NA,NA
"12309","scaffold0019:905534|906235",2,NA,NA
"12310","scaffold0019:9221958|9222635",5,NA,NA
"12311","scaffold0019:9324127|9329210",51,NA,6
"12312","scaffold0019:9324727|9329210",5,NA,NA
"12313","scaffold0019:9324727|9329971",NA,13,5
"12314","scaffold0019:9326438|9329210",2,NA,NA
"12315","scaffold0019:9326438|9329971",12,14,NA
"12316","scaffold0019:9379629|9380452",5,1,2
"12317","scaffold0019:9390855|9407604",NA,NA,1
"12318","scaffold0019:9391596|9400590",NA,NA,5
"12319","scaffold0019:9400401|9407604",3,NA,1
"12320","scaffold0019:9405205|9407604",7,NA,6
"12321","scaffold0019:9426353|9437951",4,NA,NA
"12322","scaffold0019:9427690|9429385",198,64,120
"12323","scaffold0019:9427690|9429466",31,5,13
"12324","scaffold0019:9427690|9433756",7,NA,1
"12325","scaffold0019:9428878|9429385",1081,663,476
"12326","scaffold0019:9428878|9429466",166,171,156
"12327","scaffold0019:9437733|9437951",NA,NA,1
"12328","scaffold0019:9582605|9591644",5,NA,NA
"12329","scaffold0019:9591510|9599682",3,NA,NA
"12330","scaffold0019:9599597|9603388",4,NA,NA
"12331","scaffold0019:9617425|9617737",7,NA,NA
"12332","scaffold0019:9627878|9638984",4,NA,NA
"12333","scaffold0019:9638579|9638790",5,NA,NA
"12334","scaffold0019:9645222|9649407",3,NA,NA
"12335","scaffold0019:9657074|9657694",NA,NA,3
"12336","scaffold0019:9657240|9657597",NA,3,NA
"12337","scaffold0019:9657597|9658088",4,NA,NA
"12338","scaffold0019:9657782|9657916",NA,NA,1
"12339","scaffold0019:9658311|9658699",NA,5,NA
"12340","scaffold0019:9659418|9659652",1,NA,NA
"12341","scaffold0019:9668570|9669859",NA,NA,3
"12342","scaffold0019:9718553|9746741",NA,NA,5
"12343","scaffold0019:9720354|9722400",1,NA,NA
"12344","scaffold0019:9722124|9728441",12,12,12
"12345","scaffold0019:9726833|9732489",NA,NA,1
"12346","scaffold0019:9833825|9836998",NA,3,4
"12347","scaffold0019:9917733|9922664",5,14,5
"12348","scaffold0019:9934855|9935440",3,NA,NA
"12349","scaffold0020:10898305|10906543",NA,7,NA
"12350","scaffold0020:11261345|11263268",5,1,5
"12351","scaffold0020:11261345|11270440",2,8,7
"12352","scaffold0020:1483921|1484183",NA,NA,2
"12353","scaffold0020:1494255|1497194",1,NA,NA
"12354","scaffold0020:1587825|1588227",NA,NA,3
"12355","scaffold0020:1659417|1659663",2,11,NA
"12356","scaffold0020:1662057|1662195",NA,NA,1
"12357","scaffold0020:1695419|1695617",1,NA,NA
"12358","scaffold0020:1700537|1700882",13,NA,7
"12359","scaffold0020:1753987|1754326",2,6,5
"12360","scaffold0020:1777135|1778409",3,NA,NA
"12361","scaffold0020:1826584|1826872",NA,NA,2
"12362","scaffold0020:1935965|1936987",NA,10,NA
"12363","scaffold0020:1984498|1987036",3,NA,NA
"12364","scaffold0020:2001225|2002042",NA,NA,4
"12365","scaffold0020:2001741|2002042",NA,2,NA
"12366","scaffold0020:2002686|2003136",10,7,7
"12367","scaffold0020:22274956|22374033",NA,7,NA
"12368","scaffold0020:22309857|22356702",NA,7,NA
"12369","scaffold0020:22354741|22356702",3,2,8
"12370","scaffold0020:22369347|22383446",NA,6,NA
"12371","scaffold0020:22499897|22504433",NA,6,NA
"12372","scaffold0020:22515922|22520882",8,2,NA
"12373","scaffold0020:22519658|22524575",NA,NA,2
"12374","scaffold0020:22608734|22643120",1,NA,NA
"12375","scaffold0020:22626600|22643120",2,NA,2
"12376","scaffold0020:2267040|2267575",31,13,12
"12377","scaffold0020:22972299|22976150",83,29,82
"12378","scaffold0020:23040300|23044412",NA,7,NA
"12379","scaffold0020:23044317|23045974",1,1,1
"12380","scaffold0020:23077764|23078476",12,NA,10
"12381","scaffold0020:23218091|23229242",2,NA,NA
"12382","scaffold0020:23330804|23336136",3,NA,NA
"12383","scaffold0020:23336032|23341149",NA,1,NA
"12384","scaffold0020:2458033|2458282",1,NA,NA
"12385","scaffold0020:25108889|25122540",1,NA,NA
"12386","scaffold0020:2569041|2572194",3,NA,NA
"12387","scaffold0020:26120447|26134740",6,NA,NA
"12388","scaffold0020:26131305|26134740",1,NA,NA
"12389","scaffold0020:26132857|26134740",6,NA,NA
"12390","scaffold0020:26143234|26145604",3,1,NA
"12391","scaffold0020:26154871|26162698",NA,NA,1
"12392","scaffold0020:26434318|26434476",1,NA,NA
"12393","scaffold0020:26434318|26507958",3,NA,NA
"12394","scaffold0020:26434318|26554616",NA,NA,3
"12395","scaffold0020:26434318|26568141",NA,15,NA
"12396","scaffold0020:26507834|26554616",1,1,NA
"12397","scaffold0020:26507834|26568141",NA,NA,3
"12398","scaffold0020:26545859|26554616",12,7,6
"12399","scaffold0020:26545859|26568141",8,NA,18
"12400","scaffold0020:26545859|26618831",NA,NA,3
"12401","scaffold0020:26554486|26568141",29,33,22
"12402","scaffold0020:26554486|26618831",3,NA,NA
"12403","scaffold0020:26668733|26674635",NA,NA,1
"12404","scaffold0020:26708762|26720098",4,4,NA
"12405","scaffold0020:26753385|26770677",5,NA,NA
"12406","scaffold0020:26781500|26782225",NA,NA,3
"12407","scaffold0020:26781500|26798367",10,NA,NA
"12408","scaffold0020:26825034|26826010",NA,NA,2
"12409","scaffold0020:2699773|2700259",398,289,257
"12410","scaffold0020:27248117|27269655",NA,NA,1
"12411","scaffold0020:27398518|27406534",3,NA,NA
"12412","scaffold0020:27655371|27659162",NA,3,NA
"12413","scaffold0020:28243120|28254425",NA,10,1
"12414","scaffold0020:2839747|2843306",NA,2,5
"12415","scaffold0020:2839747|2843460",NA,17,NA
"12416","scaffold0020:2841431|2841762",3,NA,NA
"12417","scaffold0020:2841431|2842022",NA,1,NA
"12418","scaffold0020:2854540|2863357",NA,3,NA
"12419","scaffold0020:2856420|2856610",1,NA,NA
"12420","scaffold0020:2857945|2858916",3,NA,NA
"12421","scaffold0020:2864275|2864670",1,NA,NA
"12422","scaffold0020:2879402|2884411",NA,3,NA
"12423","scaffold0020:28844181|28850476",1,4,NA
"12424","scaffold0020:28869343|28878490",4,NA,NA
"12425","scaffold0020:28869343|28884021",8,NA,9
"12426","scaffold0020:28955975|28996281",2,NA,NA
"12427","scaffold0020:28996102|28996281",2,NA,NA
"12428","scaffold0020:29018840|29025206",4,12,NA
"12429","scaffold0020:29025128|29028870",5,NA,NA
"12430","scaffold0020:29026019|29028870",5,NA,NA
"12431","scaffold0020:29053812|29054116",2,NA,NA
"12432","scaffold0020:29096388|29100394",NA,6,NA
"12433","scaffold0020:29100254|29105526",3,NA,NA
"12434","scaffold0020:29129572|29139187",16,7,3
"12435","scaffold0020:29129572|29149989",3,NA,NA
"12436","scaffold0020:29137278|29139187",1,NA,NA
"12437","scaffold0020:29149644|29158945",16,NA,NA
"12438","scaffold0020:29158812|29164254",NA,NA,3
"12439","scaffold0020:2945002|2947246",4,NA,NA
"12440","scaffold0020:29703311|29711214",1,NA,1
"12441","scaffold0020:29902785|29910090",2,NA,NA
"12442","scaffold0020:30009877|30012060",NA,NA,2
"12443","scaffold0020:30092695|30097352",11,NA,NA
"12444","scaffold0020:30095886|30097352",14,NA,NA
"12445","scaffold0020:3015984|3036661",NA,NA,1
"12446","scaffold0020:30426367|30431164",1,NA,NA
"12447","scaffold0020:31154903|31156478",7,NA,24
"12448","scaffold0020:31938533|31938857",NA,NA,3
"12449","scaffold0020:31938549|31938857",NA,NA,7
"12450","scaffold0020:31938561|31938857",13,NA,NA
"12451","scaffold0020:31938590|31938857",NA,NA,4
"12452","scaffold0020:31938607|31938857",2,NA,NA
"12453","scaffold0020:32062558|32063455",1,NA,NA
"12454","scaffold0020:32062558|32072478",NA,2,2
"12455","scaffold0020:32223547|32227891",4,4,2
"12456","scaffold0020:32223547|32317310",NA,6,NA
"12457","scaffold0020:3278764|3278964",142,69,132
"12458","scaffold0020:3278764|3281188",NA,11,2
"12459","scaffold0020:3278764|3290459",10,NA,5
"12460","scaffold0020:32903602|32905000",6,11,NA
"12461","scaffold0020:3304706|3344743",NA,16,NA
"12462","scaffold0020:3310751|3310905",NA,NA,1
"12463","scaffold0020:3310751|3334124",51,25,59
"12464","scaffold0020:3310751|3360209",NA,12,NA
"12465","scaffold0020:3334060|3360209",NA,3,NA
"12466","scaffold0020:34415084|34431248",5,NA,3
"12467","scaffold0020:34578271|34585421",57,NA,NA
"12468","scaffold0020:34578271|34594580",24,NA,NA
"12469","scaffold0020:34585292|34594580",2,NA,NA
"12470","scaffold0020:34594428|34594580",NA,4,NA
"12471","scaffold0020:34686486|34689510",NA,10,14
"12472","scaffold0020:34686486|34693082",5,NA,NA
"12473","scaffold0020:34687444|34687709",52,NA,NA
"12474","scaffold0020:34687444|34689510",NA,NA,3
"12475","scaffold0020:34688761|34689510",4,46,14
"12476","scaffold0020:34688761|34691685",NA,NA,1
"12477","scaffold0020:34691435|34693082",6,NA,2
"12478","scaffold0020:34691435|34704029",5,NA,NA
"12479","scaffold0020:35062520|35062743",NA,15,NA
"12480","scaffold0020:35241304|35241940",2,NA,NA
"12481","scaffold0020:35552436|35562062",NA,NA,2
"12482","scaffold0020:35586539|35587232",NA,4,7
"12483","scaffold0020:36596552|36596721",2,NA,NA
"12484","scaffold0020:36596552|36601710",40,13,15
"12485","scaffold0020:36596552|36607607",NA,NA,7
"12486","scaffold0020:36596552|36610601",NA,NA,5
"12487","scaffold0020:36601446|36601710",245,83,28
"12488","scaffold0020:36607487|36614668",4,NA,NA
"12489","scaffold0020:36610505|36614668",8,NA,1
"12490","scaffold0020:37131243|37133157",NA,9,NA
"12491","scaffold0020:37154028|37154452",2,NA,9
"12492","scaffold0020:37186354|37190479",NA,7,NA
"12493","scaffold0020:37187812|37189306",NA,7,NA
"12494","scaffold0020:37221535|37221898",4,NA,NA
"12495","scaffold0020:37243578|37246039",565,502,225
"12496","scaffold0020:37243578|37250107",7,NA,NA
"12497","scaffold0020:37243578|37251332",179,NA,43
"12498","scaffold0020:37243578|37252126",30,NA,11
"12499","scaffold0020:37440059|37452733",5,NA,NA
"12500","scaffold0020:37462560|37464473",NA,NA,5
"12501","scaffold0020:37535613|37537463",10,NA,NA
"12502","scaffold0020:37536549|37537463",14,5,2
"12503","scaffold0020:37538525|37538904",NA,8,1
"12504","scaffold0020:37538525|37539870",NA,NA,3
"12505","scaffold0020:37614510|37617198",1,NA,NA
"12506","scaffold0020:37617062|37619879",8,NA,NA
"12507","scaffold0020:37618347|37624999",6,NA,NA
"12508","scaffold0020:37624572|37624999",5,NA,NA
"12509","scaffold0020:37624572|37635380",8,NA,NA
"12510","scaffold0020:38221364|38221587",NA,NA,1
"12511","scaffold0020:38244670|38244974",11,5,3
"12512","scaffold0020:38250933|38255389",2,NA,NA
"12513","scaffold0020:4600865|4602079",41,16,11
"12514","scaffold0020:4600865|4604289",1,NA,NA
"12515","scaffold0020:4601891|4604289",3,NA,NA
"12516","scaffold0020:4613805|4614661",2,NA,5
"12517","scaffold0020:4613805|4619496",3,NA,NA
"12518","scaffold0020:4616890|4619496",2,NA,NA
"12519","scaffold0020:4625580|4626359",NA,6,NA
"12520","scaffold0020:4633817|4634213",NA,4,4
"12521","scaffold0020:4633817|4638539",NA,NA,2
"12522","scaffold0020:4679184|4726956",15,NA,6
"12523","scaffold0020:5144107|5152634",NA,12,NA
"12524","scaffold0020:5149083|5152634",4,NA,NA
"12525","scaffold0020:589920|590733",2,NA,NA
"12526","scaffold0020:8045064|8148541",NA,2,NA
"12527","scaffold0020:8045064|8205646",3,NA,NA
"12528","scaffold0020:8087183|8168620",7,NA,NA
"12529","scaffold0020:8134159|8141011",37,7,10
"12530","scaffold0020:8134159|8148541",5,4,1
"12531","scaffold0020:8134159|8168620",24,NA,NA
"12532","scaffold0020:8205524|8225312",1,NA,NA
"12533","scaffold0020:8441433|8443143",10,NA,1
"12534","scaffold0020:8441433|8447050",1,NA,1
"12535","scaffold0020:8441992|8442542",NA,4,NA
"12536","scaffold0020:8442625|8442807",5,NA,NA
"12537","scaffold0020:8442625|8443143",11,16,8
"12538","scaffold0020:8442998|8443367",NA,NA,2
"12539","scaffold0020:8443798|8444167",2,8,4
"12540","scaffold0020:8444373|8445994",NA,1,NA
"12541","scaffold0020:8557844|8565210",NA,1,NA
"12542","scaffold0020:8570068|8571765",4,NA,NA
"12543","scaffold0020:8571639|8572691",1,NA,NA
"12544","scaffold0020:8571639|8575014",7,1,NA
"12545","scaffold0020:8581692|8583355",NA,NA,3
"12546","scaffold0020:8582767|8583114",3,NA,NA
"12547","scaffold0020:8584891|8588085",NA,NA,2
"12548","scaffold0020:8584891|8591062",NA,NA,2
"12549","scaffold0020:8602957|8609286",1,NA,NA
"12550","scaffold0020:8614905|8617227",NA,NA,1
"12551","scaffold0020:8951293|8952076",NA,5,NA
"12552","scaffold0020:8953477|8961701",NA,3,NA
"12553","scaffold0020:8959625|8961701",NA,NA,6
"12554","scaffold0020:8959625|8968131",2,NA,NA
"12555","scaffold0020:8965951|8968131",10,12,5
"12556","scaffold0020:8967420|8968131",1,NA,NA
"12557","scaffold0020:8979531|8979803",2,NA,NA
"12558","scaffold0020:8981989|8983677",38,50,25
"12559","scaffold0020:8981989|8988924",1,NA,2
"12560","scaffold0020:8996319|8996512",NA,NA,1
"12561","scaffold0020:9061723|9064081",1,NA,NA
"12562","scaffold0020:925611|925809",2,NA,NA
"12563","scaffold0020:9525031|9531554",NA,2,NA
"12564","scaffold0020:9531973|9533206",NA,NA,3
"12565","scaffold0020:9538354|9540666",NA,NA,4
"12566","scaffold0020:956973|968100",3,NA,23
"12567","scaffold0020:963616|968100",NA,5,NA
"12568","scaffold0021:10263629|10275011",NA,2,2
"12569","scaffold0021:1217952|1253460",15,NA,3
"12570","scaffold0021:12282052|12282382",1,4,NA
"12571","scaffold0021:12285115|12285445",NA,3,NA
"12572","scaffold0021:12285115|12292553",NA,NA,3
"12573","scaffold0021:1240018|1253460",4,NA,NA
"12574","scaffold0021:12456673|12462014",NA,NA,2
"12575","scaffold0021:12456673|12462812",NA,NA,2
"12576","scaffold0021:12466911|12467556",3,NA,NA
"12577","scaffold0021:12559640|12561838",12,21,21
"12578","scaffold0021:12559640|12566811",16,8,26
"12579","scaffold0021:12559640|12577752",1,NA,NA
"12580","scaffold0021:12561689|12580203",NA,NA,2
"12581","scaffold0021:12651301|12654484",30,NA,14
"12582","scaffold0021:12752575|12760280",14,6,NA
"12583","scaffold0021:12842381|12846653",NA,NA,6
"12584","scaffold0021:12846130|12849949",1,NA,NA
"12585","scaffold0021:12849578|12849949",34,21,15
"12586","scaffold0021:12873517|12878010",3,NA,NA
"12587","scaffold0021:12877795|12884992",NA,3,NA
"12588","scaffold0021:12898958|12899220",1,13,8
"12589","scaffold0021:12921745|12922154",1,NA,NA
"12590","scaffold0021:12921745|12932238",8,NA,NA
"12591","scaffold0021:12921745|12934679",3,NA,NA
"12592","scaffold0021:13005074|13006082",2,NA,NA
"12593","scaffold0021:13005074|13007496",3,NA,NA
"12594","scaffold0021:13005887|13011141",3,NA,NA
"12595","scaffold0021:13026507|13052421",6,NA,NA
"12596","scaffold0021:13028298|13052421",10,NA,NA
"12597","scaffold0021:13046160|13052421",NA,11,NA
"12598","scaffold0021:13046160|13060333",109,11,46
"12599","scaffold0021:13237376|13237892",5,NA,3
"12600","scaffold0021:13237795|13239417",1,NA,NA
"12601","scaffold0021:13239277|13240088",1,NA,NA
"12602","scaffold0021:13239277|13241677",59,23,53
"12603","scaffold0021:13239277|13243875",3,NA,NA
"12604","scaffold0021:13242984|13245317",27,14,23
"12605","scaffold0021:13270550|13270832",891,992,947
"12606","scaffold0021:13823404|13843975",3,NA,NA
"12607","scaffold0021:13908293|13909121",4,NA,NA
"12608","scaffold0021:13949686|13966424",32,25,6
"12609","scaffold0021:13960440|13966424",6,NA,NA
"12610","scaffold0021:14251577|14263596",3,6,NA
"12611","scaffold0021:14467231|14468273",772,292,160
"12612","scaffold0021:14494686|14496228",4,NA,NA
"12613","scaffold0021:14578669|14579055",24,37,10
"12614","scaffold0021:14578669|14582453",5,NA,NA
"12615","scaffold0021:14988530|14989642",2,NA,NA
"12616","scaffold0021:15085342|15090761",5,NA,3
"12617","scaffold0021:15085342|15096229",NA,NA,6
"12618","scaffold0021:15498986|15504538",NA,NA,4
"12619","scaffold0021:15514064|15514288",1,NA,NA
"12620","scaffold0021:15520561|15524377",3,NA,1
"12621","scaffold0021:15607150|15611729",1,NA,NA
"12622","scaffold0021:1769826|1772588",13,5,3
"12623","scaffold0021:1769826|1773956",50,10,25
"12624","scaffold0021:1772411|1773956",NA,4,2
"12625","scaffold0021:18052936|18053614",3,NA,NA
"12626","scaffold0021:18068883|18071318",2,6,5
"12627","scaffold0021:1815477|1819313",25,18,7
"12628","scaffold0021:18249113|18253436",3,NA,NA
"12629","scaffold0021:18253263|18259799",NA,12,NA
"12630","scaffold0021:18408939|18415972",4,NA,NA
"12631","scaffold0021:18408939|18419725",NA,NA,43
"12632","scaffold0021:18408939|18431622",NA,NA,19
"12633","scaffold0021:18431414|18431622",NA,NA,3
"12634","scaffold0021:1854365|1855271",NA,2,6
"12635","scaffold0021:1854365|1860914",3,NA,NA
"12636","scaffold0021:1854365|1867376",39,24,14
"12637","scaffold0021:1860756|1867376",30,23,6
"12638","scaffold0021:1860756|1880058",NA,5,NA
"12639","scaffold0021:18630342|18636725",4,NA,NA
"12640","scaffold0021:1864589|1867376",20,14,6
"12641","scaffold0021:1867272|1870758",36,14,NA
"12642","scaffold0021:1881654|1882540",1,NA,NA
"12643","scaffold0021:18856950|18859913",NA,4,NA
"12644","scaffold0021:18856950|18864684",8,NA,4
"12645","scaffold0021:18856950|18868493",1,NA,NA
"12646","scaffold0021:18878216|18885807",8,NA,NA
"12647","scaffold0021:18906120|18907922",95,4,14
"12648","scaffold0021:18906120|18912414",566,94,258
"12649","scaffold0021:18923354|18929595",14,1,1
"12650","scaffold0021:18970094|18979727",NA,NA,3
"12651","scaffold0021:18995453|18997706",1,NA,2
"12652","scaffold0021:19007000|19008741",23,NA,NA
"12653","scaffold0021:19007000|19017141",13,4,3
"12654","scaffold0021:19017022|19031886",1,NA,NA
"12655","scaffold0021:19017022|19081437",3,3,NA
"12656","scaffold0021:190299|194056",NA,25,17
"12657","scaffold0021:19081044|19081437",2,NA,NA
"12658","scaffold0021:19161141|19168288",2,NA,NA
"12659","scaffold0021:19242751|19246012",176,39,42
"12660","scaffold0021:19259116|19279027",1,NA,NA
"12661","scaffold0021:19575186|19578524",26,1,18
"12662","scaffold0021:19575186|19582428",98,35,61
"12663","scaffold0021:19575726|19585903",NA,NA,1
"12664","scaffold0021:19578416|19582428",NA,9,17
"12665","scaffold0021:19582323|19585903",14,NA,NA
"12666","scaffold0021:19584051|19585903",24,12,2
"12667","scaffold0021:19589602|19589874",1,NA,NA
"12668","scaffold0021:19621985|19627622",10,14,NA
"12669","scaffold0021:19621985|19631996",12,NA,4
"12670","scaffold0021:20188118|20190207",3,NA,NA
"12671","scaffold0021:20211225|20213364",2,NA,NA
"12672","scaffold0021:20215658|20216554",4,NA,NA
"12673","scaffold0021:20339969|20340262",19,15,5
"12674","scaffold0021:20341869|20342147",5,NA,NA
"12675","scaffold0021:20369684|20375469",7,NA,NA
"12676","scaffold0021:20371078|20379332",17,14,NA
"12677","scaffold0021:20371078|20381993",7,6,NA
"12678","scaffold0021:20375469|20375625",NA,NA,6
"12679","scaffold0021:20473760|20477499",40,36,12
"12680","scaffold0021:20473760|20489534",NA,1,NA
"12681","scaffold0021:20473760|20499316",3,2,NA
"12682","scaffold0021:20489430|20499316",2,NA,NA
"12683","scaffold0021:20499072|20507209",6,NA,NA
"12684","scaffold0021:20516806|20517545",14,3,NA
"12685","scaffold0021:20589370|20591555",15,9,13
"12686","scaffold0021:20628003|20628998",NA,NA,2
"12687","scaffold0021:2082805|2212593",NA,NA,2
"12688","scaffold0021:21206211|21233926",10,NA,NA
"12689","scaffold0021:21206211|21301892",4,NA,NA
"12690","scaffold0021:21290349|21301892",4,NA,3
"12691","scaffold0021:21290349|21317033",1,NA,NA
"12692","scaffold0021:21301757|21317033",2,NA,NA
"12693","scaffold0021:21374858|21389144",13,NA,8
"12694","scaffold0021:21489197|21500185",NA,NA,2
"12695","scaffold0021:21489197|21507855",7,NA,NA
"12696","scaffold0021:21719843|21732709",9,NA,NA
"12697","scaffold0021:21808435|21809705",5,NA,NA
"12698","scaffold0021:21887879|21888264",NA,1,NA
"12699","scaffold0021:21892994|21893185",8,NA,NA
"12700","scaffold0021:21904837|21905538",NA,7,NA
"12701","scaffold0021:2190886|2194481",NA,NA,8
"12702","scaffold0021:2190886|2196666",160,151,111
"12703","scaffold0021:2190886|2212593",6,4,8
"12704","scaffold0021:21909769|21911046",NA,12,1
"12705","scaffold0021:2194395|2196666",8,8,NA
"12706","scaffold0021:22008598|22015355",4,NA,NA
"12707","scaffold0021:22008598|22025468",4,NA,12
"12708","scaffold0021:22015159|22015355",10,NA,NA
"12709","scaffold0021:22019479|22023424",NA,6,1
"12710","scaffold0021:22019479|22025468",4,NA,3
"12711","scaffold0021:2204317|2209655",NA,10,6
"12712","scaffold0021:2204317|2212593",63,37,55
"12713","scaffold0021:22102618|22106535",1,NA,NA
"12714","scaffold0021:22102618|22120469",NA,4,NA
"12715","scaffold0021:22105375|22106535",52,42,37
"12716","scaffold0021:22199150|22201862",NA,NA,5
"12717","scaffold0021:22413662|22417868",NA,NA,19
"12718","scaffold0021:22413662|22423468",NA,3,NA
"12719","scaffold0021:22417720|22423468",11,3,4
"12720","scaffold0021:22499127|22501300",NA,NA,10
"12721","scaffold0021:22519269|22525422",100,73,76
"12722","scaffold0021:22519269|22530293",6,3,NA
"12723","scaffold0021:225789|248383",NA,NA,1
"12724","scaffold0021:22637059|22641530",NA,NA,1
"12725","scaffold0021:22639661|22641530",28,NA,3
"12726","scaffold0021:22745779|22746245",NA,2,NA
"12727","scaffold0021:22746140|22746525",7,NA,NA
"12728","scaffold0021:22746791|22746996",5,NA,NA
"12729","scaffold0021:22753591|22754369",19,NA,4
"12730","scaffold0021:22825856|22826743",NA,NA,10
"12731","scaffold0021:22838559|22838706",3,NA,NA
"12732","scaffold0021:2325852|2329404",3,NA,NA
"12733","scaffold0021:2325852|2332889",1,NA,NA
"12734","scaffold0021:23776657|23783453",NA,NA,1
"12735","scaffold0021:248267|290703",4,2,2
"12736","scaffold0021:248267|294087",1,NA,1
"12737","scaffold0021:2505747|2506760",NA,12,NA
"12738","scaffold0021:2890649|2904983",NA,5,NA
"12739","scaffold0021:2895687|2904983",NA,1,NA
"12740","scaffold0021:2903932|2904983",3,10,NA
"12741","scaffold0021:290534|335972",13,NA,NA
"12742","scaffold0021:2938413|2943715",14,7,1
"12743","scaffold0021:293918|335972",6,NA,NA
"12744","scaffold0021:2954376|2956892",2,NA,NA
"12745","scaffold0021:2993732|2998737",7,8,NA
"12746","scaffold0021:2996142|2998737",7,NA,NA
"12747","scaffold0021:3015070|3024020",NA,1,NA
"12748","scaffold0021:30442940|30444913",12,NA,1
"12749","scaffold0021:30442940|30446419",NA,NA,1
"12750","scaffold0021:30442940|30459831",2,NA,NA
"12751","scaffold0021:30442940|30465630",NA,5,NA
"12752","scaffold0021:30874206|30878063",7,NA,1
"12753","scaffold0021:31126156|31128578",NA,NA,2
"12754","scaffold0021:31143060|31147199",NA,14,22
"12755","scaffold0021:31146340|31146505",NA,1,NA
"12756","scaffold0021:31262953|31263586",4,NA,2
"12757","scaffold0021:31263671|31264205",6,NA,NA
"12758","scaffold0021:31330137|31331617",NA,NA,10
"12759","scaffold0021:31330137|31333730",3,28,9
"12760","scaffold0021:31331464|31333730",1,NA,NA
"12761","scaffold0021:31335427|31344827",7,NA,NA
"12762","scaffold0021:31533252|31539173",NA,NA,2
"12763","scaffold0021:31550588|31553132",212,46,64
"12764","scaffold0021:31700359|31711276",NA,3,NA
"12765","scaffold0021:31720348|31727470",1,NA,NA
"12766","scaffold0021:31760890|31766403",NA,NA,4
"12767","scaffold0021:31764413|31766403",NA,NA,144
"12768","scaffold0021:31766342|31772067",29,NA,NA
"12769","scaffold0021:31766932|31768571",1,NA,NA
"12770","scaffold0021:31766932|31773198",5,NA,NA
"12771","scaffold0021:31786801|31795643",NA,NA,4
"12772","scaffold0021:31786801|31809874",NA,NA,2
"12773","scaffold0021:31808901|31809874",4,NA,NA
"12774","scaffold0021:31833430|31834434",5,1,4
"12775","scaffold0021:31872504|31878355",NA,NA,1
"12776","scaffold0021:32050141|32058321",3,NA,NA
"12777","scaffold0021:32113875|32116866",26,21,18
"12778","scaffold0021:32266591|32286086",28,20,25
"12779","scaffold0021:32266591|32302725",4,NA,NA
"12780","scaffold0021:32299372|32302725",4,8,9
"12781","scaffold0021:32392658|32396990",NA,1,NA
"12782","scaffold0021:32396630|32396990",NA,16,7
"12783","scaffold0021:3277113|3283825",6,NA,NA
"12784","scaffold0021:3279842|3283825",1,NA,NA
"12785","scaffold0021:3280912|3283825",1,NA,NA
"12786","scaffold0021:3304999|3305154",1,NA,NA
"12787","scaffold0021:3304999|3307267",33,6,18
"12788","scaffold0021:3304999|3308166",NA,8,4
"12789","scaffold0021:3304999|3313633",NA,NA,1
"12790","scaffold0021:3304999|3314928",9,2,NA
"12791","scaffold0021:3304999|3334051",4,NA,NA
"12792","scaffold0021:3306988|3313633",10,14,10
"12793","scaffold0021:3306988|3326639",1,NA,NA
"12794","scaffold0021:3308019|3313633",53,33,70
"12795","scaffold0021:3308019|3314928",NA,NA,3
"12796","scaffold0021:3308019|3323423",5,NA,NA
"12797","scaffold0021:3308019|3326639",11,NA,NA
"12798","scaffold0021:3308019|3334051",10,3,NA
"12799","scaffold0021:3323223|3326639",12,11,34
"12800","scaffold0021:33242151|33243449",1,NA,NA
"12801","scaffold0021:33260789|33267063",3,2,NA
"12802","scaffold0021:3333927|3336143",9,NA,2
"12803","scaffold0021:3333927|3339477",4,2,NA
"12804","scaffold0021:33399256|33412483",NA,5,NA
"12805","scaffold0021:3342847|3346517",NA,9,4
"12806","scaffold0021:3342847|3348984",NA,8,2
"12807","scaffold0021:334426|335972",134,56,55
"12808","scaffold0021:334426|409032",2,NA,NA
"12809","scaffold0021:33449565|33453675",3,NA,5
"12810","scaffold0021:33451233|33453675",8,NA,7
"12811","scaffold0021:33456814|33458912",103,89,44
"12812","scaffold0021:33456814|33459798",79,40,29
"12813","scaffold0021:33488531|33508736",NA,NA,5
"12814","scaffold0021:33508562|33510963",51,105,18
"12815","scaffold0021:33508562|33517577",4,NA,17
"12816","scaffold0021:33593266|33594206",3,8,4
"12817","scaffold0021:33599736|33604993",NA,NA,1
"12818","scaffold0021:33688748|33714312",NA,8,NA
"12819","scaffold0021:33826420|33854475",NA,NA,4
"12820","scaffold0021:33947547|33947942",6,NA,NA
"12821","scaffold0021:33947547|33971745",60,71,95
"12822","scaffold0021:34458051|34463858",NA,3,NA
"12823","scaffold0021:34461904|34483261",1,NA,NA
"12824","scaffold0021:34510493|34534320",2,NA,NA
"12825","scaffold0021:34520844|34534320",2,NA,NA
"12826","scaffold0021:34681000|34686117",NA,NA,5
"12827","scaffold0021:34684387|34686117",6,NA,NA
"12828","scaffold0021:34684387|34689992",4,NA,NA
"12829","scaffold0021:34689708|34704059",1,NA,4
"12830","scaffold0021:34689711|34704059",NA,1,2
"12831","scaffold0021:34699388|34699787",NA,NA,1
"12832","scaffold0021:34699388|34704059",36,11,6
"12833","scaffold0021:34719056|34719277",NA,NA,1
"12834","scaffold0021:34728990|34751266",NA,NA,2
"12835","scaffold0021:34728990|34787487",NA,10,NA
"12836","scaffold0021:34735430|34751266",2,NA,NA
"12837","scaffold0021:34737842|34740344",NA,NA,3
"12838","scaffold0021:34749696|34757868",1,NA,NA
"12839","scaffold0021:34749696|34765325",5,NA,NA
"12840","scaffold0021:34765156|34787487",142,61,56
"12841","scaffold0021:34785925|34787487",535,269,307
"12842","scaffold0021:34877426|34882935",12,NA,NA
"12843","scaffold0021:35005238|35025566",NA,5,NA
"12844","scaffold0021:3505393|3508426",6,NA,NA
"12845","scaffold0021:3516239|3516721",3,NA,NA
"12846","scaffold0021:3521734|3525608",17,18,9
"12847","scaffold0021:35264862|35266771",71,40,41
"12848","scaffold0021:35264862|35269156",24,14,21
"12849","scaffold0021:3535014|3540424",NA,NA,3
"12850","scaffold0021:3535616|3536786",NA,NA,2
"12851","scaffold0021:3539028|3540424",9,NA,NA
"12852","scaffold0021:3540073|3540424",18,15,NA
"12853","scaffold0021:35500729|35514916",2,NA,NA
"12854","scaffold0021:35695470|35698255",122,31,71
"12855","scaffold0021:35843465|35843725",NA,1,NA
"12856","scaffold0021:3595949|3596059",NA,1,NA
"12857","scaffold0021:36112500|36123326",5,NA,NA
"12858","scaffold0021:36130276|36133896",9,NA,11
"12859","scaffold0021:36131043|36133896",94,41,92
"12860","scaffold0021:36398418|36398610",7,NA,NA
"12861","scaffold0021:36398418|36399158",NA,NA,4
"12862","scaffold0021:36403648|36403993",NA,NA,4
"12863","scaffold0021:36412971|36419855",NA,NA,4
"12864","scaffold0021:36414698|36415722",1,NA,NA
"12865","scaffold0021:36419855|36420284",NA,NA,1
"12866","scaffold0021:36450176|36468146",NA,NA,3
"12867","scaffold0021:36459557|36468146",NA,NA,2
"12868","scaffold0021:36541080|36542088",NA,NA,4
"12869","scaffold0021:36568977|36585550",NA,NA,1
"12870","scaffold0021:36585180|36594492",5,NA,NA
"12871","scaffold0021:36585180|36599613",1,NA,NA
"12872","scaffold0021:36672245|36673259",1,NA,NA
"12873","scaffold0021:36740899|36744095",15,35,4
"12874","scaffold0021:36779150|36780040",82,35,25
"12875","scaffold0021:36787939|36788563",8,NA,NA
"12876","scaffold0021:36788645|36788797",1,NA,NA
"12877","scaffold0021:36924691|36925050",NA,NA,2
"12878","scaffold0021:36970406|36972996",1,47,40
"12879","scaffold0021:36970406|36976133",NA,7,NA
"12880","scaffold0021:37014025|37017583",6,NA,7
"12881","scaffold0021:37053854|37056629",40,21,14
"12882","scaffold0021:37054077|37056629",NA,NA,3
"12883","scaffold0021:37057017|37057344",6,NA,NA
"12884","scaffold0021:37065401|37065572",3,NA,NA
"12885","scaffold0021:37296586|37320573",NA,NA,1
"12886","scaffold0021:37305332|37320573",NA,NA,2
"12887","scaffold0021:37389650|37392211",2,NA,NA
"12888","scaffold0021:37399661|37428449",NA,4,18
"12889","scaffold0021:37401386|37401712",35,23,60
"12890","scaffold0021:37413495|37428449",NA,NA,4
"12891","scaffold0021:374245|409032",6,22,NA
"12892","scaffold0021:37483826|37512001",NA,7,NA
"12893","scaffold0021:37611215|37614343",NA,NA,3
"12894","scaffold0021:37611778|37614343",NA,NA,1
"12895","scaffold0021:37627619|37634124",NA,9,NA
"12896","scaffold0021:37631836|37644131",1,NA,NA
"12897","scaffold0021:37633997|37641502",NA,1,3
"12898","scaffold0021:37633997|37644131",NA,NA,2
"12899","scaffold0021:37637520|37644131",NA,3,NA
"12900","scaffold0021:37748418|37799698",2,NA,NA
"12901","scaffold0021:37799400|37799698",NA,NA,15
"12902","scaffold0021:38143579|38149038",NA,NA,1
"12903","scaffold0021:383300|409032",43,7,15
"12904","scaffold0021:3866186|3866737",18,18,18
"12905","scaffold0021:3866186|3876604",23,2,4
"12906","scaffold0021:3866186|3880142",36,2,25
"12907","scaffold0021:3866186|3882517",7,NA,5
"12908","scaffold0021:3866186|3891560",3,NA,NA
"12909","scaffold0021:3866186|3894522",3,NA,NA
"12910","scaffold0021:3866186|3895204",3,NA,NA
"12911","scaffold0021:3965856|3969073",5,NA,6
"12912","scaffold0021:3981351|3981591",17,2,3
"12913","scaffold0021:3985873|3990469",1,NA,NA
"12914","scaffold0021:420082|420617",54,34,37
"12915","scaffold0021:420082|424666",6,NA,NA
"12916","scaffold0021:424452|424666",NA,3,NA
"12917","scaffold0021:424452|427588",NA,NA,1
"12918","scaffold0021:5221041|5468185",NA,NA,4
"12919","scaffold0021:5434124|5468185",8,NA,8
"12920","scaffold0021:5458627|5460407",3,NA,NA
"12921","scaffold0021:556175|562721",NA,NA,4
"12922","scaffold0021:5580512|5584172",2,NA,1
"12923","scaffold0021:562632|575955",3,NA,3
"12924","scaffold0021:656931|657918",NA,NA,5
"12925","scaffold0021:679642|698071",NA,6,NA
"12926","scaffold0021:702283|703879",1,NA,NA
"12927","scaffold0021:704715|705763",7,NA,NA
"12928","scaffold0021:7393397|7395704",2,18,NA
"12929","scaffold0021:7399016|7399862",4,NA,NA
"12930","scaffold0021:7399016|7421311",NA,9,NA
"12931","scaffold0021:7414913|7421311",25,6,34
"12932","scaffold0021:7457308|7469421",NA,NA,1
"12933","scaffold0021:7495483|7499185",6,14,1
"12934","scaffold0021:7512541|7513921",2,6,NA
"12935","scaffold0021:7524299|7529789",NA,2,NA
"12936","scaffold0021:7536099|7541146",12,NA,NA
"12937","scaffold0021:7536099|7551185",23,33,6
"12938","scaffold0021:7550351|7551185",117,25,46
"12939","scaffold0021:8006355|8009616",NA,NA,2
"12940","scaffold0021:8013931|8014621",2,NA,NA
"12941","scaffold0021:8106796|8116350",3,NA,NA
"12942","scaffold0021:8106796|8118001",48,50,12
"12943","scaffold0021:8106796|8127334",3,NA,NA
"12944","scaffold0021:8116164|8118001",3,NA,NA
"12945","scaffold0021:8401258|8403822",NA,NA,2
"12946","scaffold0021:8403039|8403399",3,NA,NA
"12947","scaffold0021:8425887|8426708",37,17,13
"12948","scaffold0021:8425887|8434527",NA,NA,1
"12949","scaffold0021:8429133|8431196",42,10,8
"12950","scaffold0021:8429133|8434527",NA,1,NA
"12951","scaffold0021:8432258|8434527",3,NA,NA
"12952","scaffold0021:8519997|8530037",14,NA,18
"12953","scaffold0021:8631013|8635955",2,NA,6
"12954","scaffold0021:8662473|8664325",6,NA,NA
"12955","scaffold0021:8662473|8666553",19,4,6
"12956","scaffold0021:8662473|8668043",2,NA,NA
"12957","scaffold0021:8662473|8675831",17,NA,NA
"12958","scaffold0021:8667911|8675831",9,NA,NA
"12959","scaffold0021:8672817|8675831",6,NA,NA
"12960","scaffold0021:868704|873890",22,30,19
"12961","scaffold0021:873129|873890",65,31,44
"12962","scaffold0021:8830320|8830724",3,4,2
"12963","scaffold0021:9099492|9100397",NA,NA,4
"12964","scaffold0021:961717|962362",9,NA,NA
"12965","scaffold0021:995232|1004330",182,95,44
"12966","scaffold0021:995232|1253460",141,12,17
"12967","scaffold0022:10816257|10821126",82,56,53
"12968","scaffold0022:10816257|10838942",26,14,NA
"12969","scaffold0022:10930311|10932912",8,NA,NA
"12970","scaffold0022:11145035|11150251",23,3,8
"12971","scaffold0022:11145035|11155058",NA,8,NA
"12972","scaffold0022:11145035|11163345",20,NA,2
"12973","scaffold0022:11145626|11163345",NA,NA,6
"12974","scaffold0022:11148873|11150251",11,NA,NA
"12975","scaffold0022:11154946|11163345",10,10,3
"12976","scaffold0022:1128160|1132080",7,NA,NA
"12977","scaffold0022:1130421|1132080",6,NA,NA
"12978","scaffold0022:11474565|11522519",5,NA,NA
"12979","scaffold0022:11496754|11500863",3,NA,NA
"12980","scaffold0022:11496754|11522519",4,NA,4
"12981","scaffold0022:11522352|11544739",NA,2,NA
"12982","scaffold0022:11558016|11558542",NA,9,NA
"12983","scaffold0022:11573458|11577209",NA,NA,3
"12984","scaffold0022:11573458|11587032",NA,10,NA
"12985","scaffold0022:11653867|11682361",16,NA,20
"12986","scaffold0022:11662000|11667552",1,NA,NA
"12987","scaffold0022:11665563|11673565",2,NA,NA
"12988","scaffold0022:11689324|11689984",2,NA,NA
"12989","scaffold0022:11729327|11731041",4,NA,NA
"12990","scaffold0022:11729327|11732165",15,11,10
"12991","scaffold0022:1208371|1248381",3,NA,NA
"12992","scaffold0022:13192161|13193150",10,NA,NA
"12993","scaffold0022:13192161|13241327",1,NA,NA
"12994","scaffold0022:13240823|13241327",12,4,NA
"12995","scaffold0022:137324|140552",1,11,4
"12996","scaffold0022:13777346|13780712",NA,NA,8
"12997","scaffold0022:14007099|14059706",NA,11,NA
"12998","scaffold0022:14013976|14030410",NA,NA,3
"12999","scaffold0022:14026858|14059706",52,8,23
"13000","scaffold0022:1411416|1411682",8,NA,1
"13001","scaffold0022:1411682|1412266",NA,3,NA
"13002","scaffold0022:1412350|1412850",1,NA,NA
"13003","scaffold0022:14177391|14177670",NA,4,NA
"13004","scaffold0022:14177391|14177673",5,NA,NA
"13005","scaffold0022:1430500|1444029",5,NA,NA
"13006","scaffold0022:14344219|14349059",45,15,21
"13007","scaffold0022:14344219|14351047",3,NA,NA
"13008","scaffold0022:14345143|14351047",NA,NA,1
"13009","scaffold0022:1435994|1442472",2,NA,8
"13010","scaffold0022:1451465|1451861",1,NA,NA
"13011","scaffold0022:14518854|14522139",264,124,99
"13012","scaffold0022:14677886|14682682",1,NA,NA
"13013","scaffold0022:1469662|1475514",NA,5,NA
"13014","scaffold0022:14721121|14722288",7,5,1
"13015","scaffold0022:15129883|15138963",1,NA,NA
"13016","scaffold0022:15316322|15316720",1,NA,NA
"13017","scaffold0022:1651813|1665304",11,11,3
"13018","scaffold0022:1665209|1679028",NA,NA,6
"13019","scaffold0022:1672533|1691234",1,NA,NA
"13020","scaffold0022:1690648|1691234",8,NA,NA
"13021","scaffold0022:1717876|1752952",20,11,10
"13022","scaffold0022:19216284|19224165",8,5,6
"13023","scaffold0022:19367108|19367677",NA,NA,3
"13024","scaffold0022:19367108|19386045",9,2,5
"13025","scaffold0022:19385857|19404207",1,NA,NA
"13026","scaffold0022:19422511|19455163",17,7,28
"13027","scaffold0022:19455002|19455163",17,16,40
"13028","scaffold0022:19597620|19600358",259,262,177
"13029","scaffold0022:19597620|19618973",21,NA,13
"13030","scaffold0022:19922706|19949883",7,NA,NA
"13031","scaffold0022:19937957|19949883",NA,4,NA
"13032","scaffold0022:19948152|19949883",2,NA,NA
"13033","scaffold0022:20104611|20105507",5,NA,NA
"13034","scaffold0022:20108686|20114583",11,NA,NA
"13035","scaffold0022:20118619|20121176",1,NA,NA
"13036","scaffold0022:20386804|20387031",1,NA,NA
"13037","scaffold0022:21188528|21214185",24,20,11
"13038","scaffold0022:21188528|21274393",17,NA,16
"13039","scaffold0022:21214011|21214185",NA,5,NA
"13040","scaffold0022:21214011|21274393",8,NA,NA
"13041","scaffold0022:21268358|21274393",274,147,72
"13042","scaffold0022:21344554|21351044",6,NA,NA
"13043","scaffold0022:21350943|21537658",NA,10,NA
"13044","scaffold0022:21350943|21624395",2,NA,NA
"13045","scaffold0022:21350943|21659179",7,NA,NA
"13046","scaffold0022:21350943|21681894",NA,3,NA
"13047","scaffold0022:21612377|21624395",25,NA,4
"13048","scaffold0022:21659103|21681894",4,4,8
"13049","scaffold0022:21664243|21681894",1,NA,NA
"13050","scaffold0022:22108733|22108922",6,NA,NA
"13051","scaffold0022:22108733|22110708",1,NA,NA
"13052","scaffold0022:22108733|22112472",3,NA,NA
"13053","scaffold0022:22145459|22147656",1,NA,NA
"13054","scaffold0022:22241199|22241751",1,NA,NA
"13055","scaffold0022:22260593|22261134",4,NA,NA
"13056","scaffold0022:22264074|22265388",3,NA,NA
"13057","scaffold0022:22322851|22323271",1,NA,NA
"13058","scaffold0022:22334546|22335085",9,NA,NA
"13059","scaffold0022:22680190|22681903",2,NA,NA
"13060","scaffold0022:22779923|22780135",NA,NA,2
"13061","scaffold0022:22791239|22791983",2,NA,NA
"13062","scaffold0022:22810405|22810590",NA,NA,4
"13063","scaffold0022:22826387|22830711",NA,NA,9
"13064","scaffold0022:22827060|22830711",NA,NA,2
"13065","scaffold0022:22841787|22842005",5,16,NA
"13066","scaffold0022:22865722|22875093",7,13,NA
"13067","scaffold0022:22873849|22875093",3,NA,2
"13068","scaffold0022:22898850|22899349",10,NA,NA
"13069","scaffold0022:22914264|22922506",2,NA,NA
"13070","scaffold0022:23035362|23041578",NA,NA,8
"13071","scaffold0022:2307281|2328900",31,5,NA
"13072","scaffold0022:2307281|2343588",34,NA,NA
"13073","scaffold0022:23202346|23202869",NA,2,NA
"13074","scaffold0022:23202346|23205216",NA,5,NA
"13075","scaffold0022:2322883|2343588",12,NA,NA
"13076","scaffold0022:23240059|23240238",4,NA,NA
"13077","scaffold0022:23317555|23318428",NA,NA,1
"13078","scaffold0022:23318286|23319212",NA,NA,4
"13079","scaffold0022:23318732|23319212",NA,NA,1
"13080","scaffold0022:23339643|23340803",233,105,119
"13081","scaffold0022:23345698|23345912",8,NA,NA
"13082","scaffold0022:23346951|23347127",NA,NA,3
"13083","scaffold0022:23404578|23405284",7,NA,NA
"13084","scaffold0022:2343475|2351455",1,NA,NA
"13085","scaffold0022:23460778|23462230",12,NA,4
"13086","scaffold0022:23587924|23588875",417,178,234
"13087","scaffold0022:23587924|23590983",NA,15,NA
"13088","scaffold0022:23590282|23592816",NA,2,NA
"13089","scaffold0022:23596229|23603110",8,NA,NA
"13090","scaffold0022:23602910|23608943",4,5,NA
"13091","scaffold0022:23604114|23611265",3,NA,NA
"13092","scaffold0022:23607743|23610243",5,NA,NA
"13093","scaffold0022:23607743|23611265",NA,2,7
"13094","scaffold0022:23613713|23615920",28,NA,7
"13095","scaffold0022:23616808|23621525",2,NA,NA
"13096","scaffold0022:23625272|23657025",NA,1,NA
"13097","scaffold0022:23634468|23638122",1,NA,3
"13098","scaffold0022:23634468|23648719",NA,1,NA
"13099","scaffold0022:23634637|23638122",NA,NA,1
"13100","scaffold0022:23636841|23638122",2,NA,2
"13101","scaffold0022:23637010|23638122",NA,NA,2
"13102","scaffold0022:23638033|23638831",12,NA,NA
"13103","scaffold0022:23638723|23641210",6,NA,NA
"13104","scaffold0022:23638723|23648719",1,NA,NA
"13105","scaffold0022:23646079|23648719",12,NA,NA
"13106","scaffold0022:23646079|23665622",5,NA,NA
"13107","scaffold0022:23647001|23648719",18,10,5
"13108","scaffold0022:23665362|23665622",7,NA,1
"13109","scaffold0022:23968679|23970070",1,NA,NA
"13110","scaffold0022:24156294|24158101",7,NA,10
"13111","scaffold0022:24157953|24162907",5,NA,NA
"13112","scaffold0022:24161264|24162907",77,25,18
"13113","scaffold0022:24252167|24254220",NA,NA,1
"13114","scaffold0022:24261462|24262075",2,NA,NA
"13115","scaffold0022:2432346|2436991",9,NA,NA
"13116","scaffold0022:2432346|2474177",NA,7,NA
"13117","scaffold0022:24514810|24515065",2,NA,NA
"13118","scaffold0022:24593790|24594303",3,NA,NA
"13119","scaffold0022:24593827|24594303",NA,NA,1
"13120","scaffold0022:24602586|24605692",2,NA,NA
"13121","scaffold0022:24611691|24628298",23,11,12
"13122","scaffold0022:24628078|24628298",4,1,13
"13123","scaffold0022:25128911|25129131",NA,NA,2
"13124","scaffold0022:25166850|25169187",3,NA,NA
"13125","scaffold0022:26298401|26301870",68,14,NA
"13126","scaffold0022:26921662|26922308",2,NA,NA
"13127","scaffold0022:27028323|27029560",NA,NA,1
"13128","scaffold0022:27543257|27546233",8,NA,NA
"13129","scaffold0022:27790472|27830316",NA,NA,4
"13130","scaffold0022:27960650|27989013",4,NA,3
"13131","scaffold0022:27988947|28015048",NA,NA,2
"13132","scaffold0022:28639680|28641456",29,NA,3
"13133","scaffold0022:28657637|28659335",7,NA,NA
"13134","scaffold0022:28657637|28661823",2,NA,NA
"13135","scaffold0022:28657637|28664478",10,NA,4
"13136","scaffold0022:28663372|28664478",93,79,78
"13137","scaffold0022:28669250|28682486",3,NA,NA
"13138","scaffold0022:28669250|28685360",3,NA,NA
"13139","scaffold0022:28768762|28775464",NA,3,NA
"13140","scaffold0022:28771317|28773333",1,19,NA
"13141","scaffold0022:28775401|28778491",3,NA,5
"13142","scaffold0022:28777753|28778491",1,NA,NA
"13143","scaffold0022:28844679|28847999",65,68,44
"13144","scaffold0022:28844679|28873704",NA,NA,4
"13145","scaffold0022:28873396|28881982",NA,NA,2
"13146","scaffold0022:29088226|29089049",NA,NA,2
"13147","scaffold0022:29098215|29105164",NA,1,NA
"13148","scaffold0022:29099962|29105164",4,NA,NA
"13149","scaffold0022:29101745|29102887",24,37,49
"13150","scaffold0022:29130527|29131531",NA,NA,5
"13151","scaffold0022:29130527|29131939",NA,NA,5
"13152","scaffold0022:29184630|29205725",NA,1,NA
"13153","scaffold0022:29503029|29503855",1,NA,NA
"13154","scaffold0022:29503099|29503855",3,NA,NA
"13155","scaffold0022:29564270|29565324",5,6,4
"13156","scaffold0022:29564270|29573854",19,20,20
"13157","scaffold0022:29571430|29579378",3,NA,NA
"13158","scaffold0022:29578420|29585474",7,NA,NA
"13159","scaffold0022:29585474|29586687",3,NA,NA
"13160","scaffold0022:29822652|29826074",NA,3,5
"13161","scaffold0022:29832137|29834688",3,NA,NA
"13162","scaffold0022:29959470|29983924",NA,NA,1
"13163","scaffold0022:29981248|29983924",11,NA,17
"13164","scaffold0022:29981248|29998223",29,16,13
"13165","scaffold0022:29991408|29998223",NA,9,NA
"13166","scaffold0022:30216254|30217978",NA,NA,1
"13167","scaffold0022:30216254|30219288",59,43,52
"13168","scaffold0022:30216254|30228733",NA,1,NA
"13169","scaffold0022:30398489|30436296",2,NA,NA
"13170","scaffold0022:30420973|30422163",NA,NA,1
"13171","scaffold0022:30420973|30436296",9,10,8
"13172","scaffold0022:30436139|30436296",NA,NA,2
"13173","scaffold0022:30436139|30449074",NA,4,NA
"13174","scaffold0022:30448990|30458678",7,NA,4
"13175","scaffold0022:30595022|30597256",215,12,9
"13176","scaffold0022:30595022|30600395",60,14,5
"13177","scaffold0022:30663248|30664283",36,5,12
"13178","scaffold0022:30756379|30756557",6,NA,NA
"13179","scaffold0022:30756380|30756557",9,NA,NA
"13180","scaffold0022:30756391|30756557",2,NA,NA
"13181","scaffold0022:30758534|30759003",NA,1,NA
"13182","scaffold0022:30776303|30777101",NA,NA,4
"13183","scaffold0022:30782821|30784662",29,NA,10
"13184","scaffold0022:30941013|30948987",NA,NA,1
"13185","scaffold0022:30964655|31033615",4,NA,3
"13186","scaffold0022:30968006|30968340",NA,NA,5
"13187","scaffold0022:30995088|31000280",13,18,NA
"13188","scaffold0022:30995088|31033615",2,NA,3
"13189","scaffold0022:31000213|31033615",2,NA,NA
"13190","scaffold0022:31033025|31033615",NA,3,6
"13191","scaffold0022:31033025|31047648",12,8,17
"13192","scaffold0022:31033025|31059706",NA,NA,3
"13193","scaffold0022:31047530|31053085",12,4,NA
"13194","scaffold0022:31047530|31058335",NA,3,NA
"13195","scaffold0022:31047530|31058687",NA,8,NA
"13196","scaffold0022:31047530|31059706",31,35,10
"13197","scaffold0022:31052992|31059706",17,39,9
"13198","scaffold0022:31056395|31058335",NA,NA,3
"13199","scaffold0022:31056395|31059706",80,28,189
"13200","scaffold0022:31058033|31059706",10,4,3
"13201","scaffold0022:31143102|31143251",2,NA,NA
"13202","scaffold0022:31156087|31156238",2,NA,NA
"13203","scaffold0022:31156087|31166749",NA,1,NA
"13204","scaffold0022:31175235|31177317",15,6,9
"13205","scaffold0022:31175235|31186443",NA,NA,6
"13206","scaffold0022:31176091|31177317",NA,3,NA
"13207","scaffold0022:31185360|31186443",13,10,4
"13208","scaffold0022:31343527|31350440",1809,1298,1001
"13209","scaffold0022:31343527|31378879",NA,4,NA
"13210","scaffold0022:31350242|31350440",117,131,154
"13211","scaffold0022:3135553|3136063",6,33,NA
"13212","scaffold0022:3135553|3139593",1,NA,4
"13213","scaffold0022:31378550|31378879",140,99,69
"13214","scaffold0022:31870358|31870575",6,NA,NA
"13215","scaffold0022:31901373|31906779",NA,4,NA
"13216","scaffold0022:32191018|32191189",NA,NA,3
"13217","scaffold0022:4263728|4273582",4,NA,NA
"13218","scaffold0022:4299947|4318234",1,NA,NA
"13219","scaffold0022:4308665|4318234",NA,13,NA
"13220","scaffold0022:4318081|4328699",NA,4,NA
"13221","scaffold0022:4318081|4330189",NA,3,NA
"13222","scaffold0022:4905341|4923449",3,NA,NA
"13223","scaffold0022:4949368|4968393",2,NA,NA
"13224","scaffold0022:8601142|8603924",5,NA,NA
"13225","scaffold0022:8615631|8647889",3,NA,3
"13226","scaffold0022:8647620|8647889",16,31,3
"13227","scaffold0022:9743542|9797437",7,NA,NA
"13228","scaffold0023:10101072|10139876",17,4,NA
"13229","scaffold0023:10101072|10182888",2,NA,NA
"13230","scaffold0023:12080408|12089796",3,NA,5
"13231","scaffold0023:12331643|12341429",6,NA,NA
"13232","scaffold0023:13498152|13664400",NA,NA,2
"13233","scaffold0023:13561055|13600013",NA,4,NA
"13234","scaffold0023:13561055|13664400",8,NA,NA
"13235","scaffold0023:13582408|13600013",1,NA,NA
"13236","scaffold0023:13582408|13619962",3,NA,NA
"13237","scaffold0023:13582408|13664400",23,NA,NA
"13238","scaffold0023:13599915|13657414",2,NA,NA
"13239","scaffold0023:13599915|13664400",7,3,NA
"13240","scaffold0023:13603562|13657414",1,NA,NA
"13241","scaffold0023:13603562|13664400",13,2,3
"13242","scaffold0023:13614960|13664400",70,NA,NA
"13243","scaffold0023:13619857|13664400",72,9,15
"13244","scaffold0023:13657264|13664400",125,53,16
"13245","scaffold0023:13664123|13664400",41,16,21
"13246","scaffold0023:1371574|1381605",12,NA,NA
"13247","scaffold0023:13932363|13934292",NA,19,NA
"13248","scaffold0023:14344268|14359621",1,NA,4
"13249","scaffold0023:14344268|14360037",NA,NA,1
"13250","scaffold0023:14344268|14365102",2,NA,NA
"13251","scaffold0023:14344268|14366655",1,NA,NA
"13252","scaffold0023:14359517|14364008",3,NA,NA
"13253","scaffold0023:14359517|14368866",2,NA,NA
"13254","scaffold0023:14359621|14359946",NA,NA,7
"13255","scaffold0023:14359621|14361666",NA,NA,2
"13256","scaffold0023:14361237|14365102",1,NA,1
"13257","scaffold0023:14361237|14366655",NA,NA,1
"13258","scaffold0023:14361341|14361666",NA,NA,1
"13259","scaffold0023:14692209|14692870",NA,2,NA
"13260","scaffold0023:14707133|14707964",2,NA,NA
"13261","scaffold0023:14715619|14722026",7,NA,NA
"13262","scaffold0023:14741676|14742934",29,4,12
"13263","scaffold0023:14741676|14751361",16,5,16
"13264","scaffold0023:1479179|1524970",12,NA,NA
"13265","scaffold0023:15298102|15305925",NA,9,NA
"13266","scaffold0023:15302111|15305925",NA,NA,1
"13267","scaffold0023:15335587|15349606",NA,NA,1
"13268","scaffold0023:15335587|15376256",NA,7,NA
"13269","scaffold0023:15344819|15349606",18,NA,5
"13270","scaffold0023:15344819|15376256",6,NA,6
"13271","scaffold0023:15375992|15376256",42,55,26
"13272","scaffold0023:15612428|15652753",NA,NA,3
"13273","scaffold0023:1575783|1598549",NA,1,NA
"13274","scaffold0023:16611259|16627677",13,NA,NA
"13275","scaffold0023:16625129|16627677",11,NA,NA
"13276","scaffold0023:16626757|16641150",3,NA,NA
"13277","scaffold0023:1699520|1705577",11,6,2
"13278","scaffold0023:17540307|17547409",NA,NA,4
"13279","scaffold0023:17603636|17607859",4,NA,NA
"13280","scaffold0023:17620981|17624502",5,NA,NA
"13281","scaffold0023:17747665|17752305",NA,NA,1
"13282","scaffold0023:17790424|17791099",40,NA,5
"13283","scaffold0023:17817614|17828928",12,NA,NA
"13284","scaffold0023:17817614|17873892",30,NA,10
"13285","scaffold0023:17817614|17896953",2,NA,NA
"13286","scaffold0023:18265822|18268378",NA,NA,3
"13287","scaffold0023:18265822|18287100",8,NA,NA
"13288","scaffold0023:18273158|18287100",23,NA,NA
"13289","scaffold0023:18273866|18287100",15,11,13
"13290","scaffold0023:18364701|18370005",NA,NA,1
"13291","scaffold0023:18364701|18380934",2,NA,3
"13292","scaffold0023:18368541|18380934",6,NA,6
"13293","scaffold0023:18472882|18473666",3,NA,NA
"13294","scaffold0023:18472882|18477291",167,NA,27
"13295","scaffold0023:18472882|18481091",64,82,NA
"13296","scaffold0023:18472882|18485839",22,NA,NA
"13297","scaffold0023:18479014|18485839",6,NA,NA
"13298","scaffold0023:18482794|18485839",2,NA,NA
"13299","scaffold0023:18519243|18528876",5,4,8
"13300","scaffold0023:18519243|18536669",1,NA,NA
"13301","scaffold0023:18528594|18536526",NA,NA,5
"13302","scaffold0023:18528594|18536669",NA,NA,7
"13303","scaffold0023:18528594|18566378",NA,NA,2
"13304","scaffold0023:18629520|18632231",7,NA,NA
"13305","scaffold0023:18629520|18633481",17,10,1
"13306","scaffold0023:18711634|18719123",1,NA,NA
"13307","scaffold0023:18721576|18721987",2,NA,NA
"13308","scaffold0023:19327590|19336075",22,28,3
"13309","scaffold0023:19359711|19365890",NA,NA,4
"13310","scaffold0023:19360789|19361632",12,11,5
"13311","scaffold0023:20324071|20324524",NA,NA,2
"13312","scaffold0023:20324071|20325249",NA,NA,1
"13313","scaffold0023:20324313|20324965",NA,NA,1
"13314","scaffold0023:20324818|20325249",NA,2,2
"13315","scaffold0023:20333314|20335770",NA,NA,4
"13316","scaffold0023:20407930|20412225",NA,NA,2
"13317","scaffold0023:20694673|20696271",4,NA,2
"13318","scaffold0023:20694673|20709314",18,6,9
"13319","scaffold0023:20775098|20783725",1,NA,NA
"13320","scaffold0023:20961187|20961650",4,NA,NA
"13321","scaffold0023:21303757|21306465",5,NA,9
"13322","scaffold0023:21952343|21970512",90,31,22
"13323","scaffold0023:21952343|22027148",11,4,NA
"13324","scaffold0023:22163790|22166978",18,5,6
"13325","scaffold0023:22394655|22394838",NA,3,NA
"13326","scaffold0023:22394655|22418834",NA,9,NA
"13327","scaffold0023:22417513|22438938",NA,4,NA
"13328","scaffold0023:22430841|22438938",6,NA,NA
"13329","scaffold0023:22430841|22459352",2,NA,NA
"13330","scaffold0023:22453791|22459352",2,NA,6
"13331","scaffold0023:22627505|22650147",21,18,11
"13332","scaffold0023:22910000|22922351",2,NA,1
"13333","scaffold0023:22919305|22921677",NA,1,NA
"13334","scaffold0023:2310409|2313154",63,NA,12
"13335","scaffold0023:23134787|23138943",NA,9,NA
"13336","scaffold0023:23174365|23176852",5,NA,NA
"13337","scaffold0023:23174365|23178423",10,NA,7
"13338","scaffold0023:23181153|23190398",5,NA,NA
"13339","scaffold0023:23188990|23190398",NA,NA,4
"13340","scaffold0023:23322546|23344368",5,4,NA
"13341","scaffold0023:23479143|23490123",NA,1,NA
"13342","scaffold0023:23858313|23860641",1,NA,NA
"13343","scaffold0023:23874655|23877766",NA,10,15
"13344","scaffold0023:24150666|24153932",6,NA,NA
"13345","scaffold0023:24158411|24164295",3,NA,NA
"13346","scaffold0023:2418680|2419807",7,NA,NA
"13347","scaffold0023:24236552|24243419",NA,4,NA
"13348","scaffold0023:2425608|2425981",2,NA,NA
"13349","scaffold0023:24304273|24307555",NA,NA,4
"13350","scaffold0023:24379504|24390670",8,NA,NA
"13351","scaffold0023:24387055|24390670",1,NA,NA
"13352","scaffold0023:24389718|24390670",NA,NA,3
"13353","scaffold0023:24422225|24429716",5,NA,NA
"13354","scaffold0023:24434877|24448618",5,5,NA
"13355","scaffold0023:24434877|24457180",34,5,6
"13356","scaffold0023:24444199|24448618",NA,4,NA
"13357","scaffold0023:24444199|24457180",14,8,1
"13358","scaffold0023:24448522|24457180",NA,NA,4
"13359","scaffold0023:24455350|24457180",5,NA,2
"13360","scaffold0023:24541373|24553245",3,NA,NA
"13361","scaffold0023:24553022|24553245",NA,NA,11
"13362","scaffold0023:24882632|24907324",9,3,1
"13363","scaffold0023:24885279|24907324",21,2,2
"13364","scaffold0023:24899830|24907324",117,95,17
"13365","scaffold0023:2510317|2527438",NA,1,NA
"13366","scaffold0023:2511213|2523326",NA,1,NA
"13367","scaffold0023:2511727|2527438",NA,5,NA
"13368","scaffold0023:2520644|2523326",11,NA,2
"13369","scaffold0023:2526586|2527438",2,NA,NA
"13370","scaffold0023:2526586|2528928",NA,5,NA
"13371","scaffold0023:25315339|25325076",2,NA,NA
"13372","scaffold0023:25337938|25344283",50,NA,NA
"13373","scaffold0023:25780388|25788393",13,9,6
"13374","scaffold0023:25787297|25788393",4,NA,7
"13375","scaffold0023:25939770|25940761",4,NA,NA
"13376","scaffold0023:25987218|25991687",10,NA,NA
"13377","scaffold0023:25989366|25991687",3,NA,NA
"13378","scaffold0023:26008761|26012707",NA,NA,1
"13379","scaffold0023:26010889|26026820",NA,NA,1
"13380","scaffold0023:2601656|2601957",25,3,19
"13381","scaffold0023:2601656|2607815",12,10,7
"13382","scaffold0023:2607632|2626489",NA,NA,5
"13383","scaffold0023:2607632|2630699",NA,NA,1
"13384","scaffold0023:2607632|2643700",1,NA,NA
"13385","scaffold0023:26117407|26119987",123,NA,17
"13386","scaffold0023:26139920|26174913",4,NA,NA
"13387","scaffold0023:2617030|2630699",NA,NA,6
"13388","scaffold0023:26211984|26225867",11,14,6
"13389","scaffold0023:2628991|2630699",20,NA,2
"13390","scaffold0023:26303159|26403190",NA,12,NA
"13391","scaffold0023:26303159|26482444",NA,NA,3
"13392","scaffold0023:26355367|26374548",83,121,65
"13393","scaffold0023:26374443|26403190",NA,NA,8
"13394","scaffold0023:26394204|26403190",5,NA,6
"13395","scaffold0023:26394204|26415170",12,NA,NA
"13396","scaffold0023:26394204|26417581",2,NA,NA
"13397","scaffold0023:26394204|26427328",1,NA,NA
"13398","scaffold0023:26398233|26403190",6,NA,3
"13399","scaffold0023:26407461|26427328",16,30,23
"13400","scaffold0023:26427158|26435019",8,NA,NA
"13401","scaffold0023:2643569|2650796",2,NA,NA
"13402","scaffold0023:26463732|26482444",22,3,11
"13403","scaffold0023:27903153|27903517",1,NA,NA
"13404","scaffold0023:27915398|27919041",37,31,25
"13405","scaffold0023:27949428|27951808",12,3,NA
"13406","scaffold0023:27960022|27964129",NA,10,5
"13407","scaffold0023:27964961|27969890",25,24,NA
"13408","scaffold0023:27964961|27982054",37,26,NA
"13409","scaffold0023:27969764|27982054",102,10,13
"13410","scaffold0023:27978448|27982054",165,133,83
"13411","scaffold0023:27978448|27986881",84,29,14
"13412","scaffold0023:27978448|28004070",31,NA,NA
"13413","scaffold0023:27986729|27997086",17,NA,NA
"13414","scaffold0023:27986729|28004070",35,11,23
"13415","scaffold0023:27991214|28004070",NA,NA,12
"13416","scaffold0023:27993469|28004070",10,NA,9
"13417","scaffold0023:28128728|28132257",35,9,22
"13418","scaffold0023:28128728|28139376",NA,7,NA
"13419","scaffold0023:28128728|28145295",NA,NA,9
"13420","scaffold0023:28131837|28132257",5,16,NA
"13421","scaffold0023:28131837|28139376",4,NA,NA
"13422","scaffold0023:28137463|28139376",10,NA,NA
"13423","scaffold0023:28138210|28139376",1,NA,NA
"13424","scaffold0023:28181273|28182467",2,NA,NA
"13425","scaffold0023:28181273|28186882",2,NA,NA
"13426","scaffold0023:28186773|28194164",NA,5,NA
"13427","scaffold0023:2926559|2967852",NA,NA,1
"13428","scaffold0023:29469420|29470336",90,NA,NA
"13429","scaffold0023:29469420|29471268",42,NA,NA
"13430","scaffold0023:29474578|29485153",NA,22,NA
"13431","scaffold0023:29476766|29492226",1,NA,NA
"13432","scaffold0023:29478613|29492226",6,NA,NA
"13433","scaffold0023:29482527|29492226",1,NA,NA
"13434","scaffold0023:29484970|29492226",14,NA,NA
"13435","scaffold0023:29681933|29687407",NA,NA,2
"13436","scaffold0023:29733648|29733783",NA,NA,1
"13437","scaffold0023:29733648|29738004",30,22,22
"13438","scaffold0023:29733648|29742521",7,22,8
"13439","scaffold0023:29733648|29746472",90,91,137
"13440","scaffold0023:29733648|29799581",7,3,2
"13441","scaffold0023:29733678|29738004",2,NA,NA
"13442","scaffold0023:29733678|29742521",7,4,NA
"13443","scaffold0023:29733678|29746472",23,NA,18
"13444","scaffold0023:29733678|29799581",4,NA,5
"13445","scaffold0023:29737878|29742521",5,9,4
"13446","scaffold0023:29737878|29746472",32,43,60
"13447","scaffold0023:29737878|29799581",1,4,1
"13448","scaffold0023:29742353|29746472",NA,NA,7
"13449","scaffold0023:29746211|29799581",NA,NA,1
"13450","scaffold0023:29783562|29799581",1103,952,799
"13451","scaffold0023:30397166|30398496",NA,NA,3
"13452","scaffold0023:30571892|30586547",46,NA,NA
"13453","scaffold0023:30605350|30624739",NA,NA,14
"13454","scaffold0023:30622988|30624739",51,16,NA
"13455","scaffold0023:30622988|30638700",NA,1,NA
"13456","scaffold0023:30622988|30644328",9,NA,NA
"13457","scaffold0023:30643089|30644328",66,126,25
"13458","scaffold0023:30852350|30852808",6,14,NA
"13459","scaffold0023:30901837|30901999",NA,4,NA
"13460","scaffold0023:30928956|30932071",NA,NA,1
"13461","scaffold0023:30935227|30936652",NA,4,NA
"13462","scaffold0023:30936324|30937038",3,NA,NA
"13463","scaffold0023:30940783|30941888",NA,NA,3
"13464","scaffold0023:30981894|30982073",4,NA,NA
"13465","scaffold0023:30993745|30993956",NA,NA,2
"13466","scaffold0023:30996464|30996661",NA,NA,14
"13467","scaffold0023:31013759|31013914",NA,NA,1
"13468","scaffold0023:31026087|31027876",106,40,57
"13469","scaffold0023:31026087|31033673",6,NA,NA
"13470","scaffold0023:31027684|31027876",NA,NA,1
"13471","scaffold0023:31047891|31048248",NA,1,NA
"13472","scaffold0023:31097819|31098124",NA,NA,4
"13473","scaffold0023:31097819|31112998",4,NA,2
"13474","scaffold0023:31097819|31117592",3,4,NA
"13475","scaffold0023:31107540|31112998",NA,NA,10
"13476","scaffold0023:31107540|31117592",2,NA,NA
"13477","scaffold0023:31198379|31198933",7,NA,NA
"13478","scaffold0023:31235589|31235769",1,NA,NA
"13479","scaffold0023:31263031|31264332",4,NA,NA
"13480","scaffold0023:31263212|31263351",NA,NA,2
"13481","scaffold0023:31277350|31278592",NA,NA,2
"13482","scaffold0023:31277350|31283477",NA,NA,12
"13483","scaffold0023:31278501|31280520",NA,17,NA
"13484","scaffold0023:31278618|31278856",8,13,NA
"13485","scaffold0023:31278981|31279585",NA,NA,1
"13486","scaffold0023:31278981|31280520",1,NA,NA
"13487","scaffold0023:31295905|31297974",NA,5,NA
"13488","scaffold0023:3391121|3398989",43,17,14
"13489","scaffold0023:3431590|3434918",NA,NA,2
"13490","scaffold0023:3431590|3450763",2,NA,NA
"13491","scaffold0023:3434799|3437624",5,10,NA
"13492","scaffold0023:3434799|3450763",29,NA,18
"13493","scaffold0023:4736224|4789639",NA,9,NA
"13494","scaffold0023:4826837|4827102",3,NA,NA
"13495","scaffold0023:5410930|5419173",NA,NA,3
"13496","scaffold0023:5557784|5574259",NA,NA,7
"13497","scaffold0023:5574118|5599692",4,NA,NA
"13498","scaffold0023:5704698|5717890",17,NA,NA
"13499","scaffold0023:5706870|5717890",14,NA,NA
"13500","scaffold0023:6884472|6884709",NA,NA,3
"13501","scaffold0023:7012493|7013199",NA,4,NA
"13502","scaffold0023:7246549|7363942",NA,NA,4
"13503","scaffold0023:7545278|7559515",15,17,9
"13504","scaffold0023:7545278|7588888",7,8,17
"13505","scaffold0023:7559428|7582892",NA,NA,1
"13506","scaffold0023:7559428|7588888",6,NA,NA
"13507","scaffold0023:7637582|7649748",4,NA,NA
"13508","scaffold0023:7726664|7742352",18,11,NA
"13509","scaffold0023:7726664|7742414",30,NA,NA
"13510","scaffold0023:9620722|9630147",5,NA,NA
"13511","scaffold0023:9622934|9643513",3,NA,NA
"13512","scaffold0023:9629978|9643513",NA,NA,2
"13513","scaffold0023:9629978|9690425",4,NA,NA
"13514","scaffold0023:9690307|9717967",8,NA,NA
"13515","scaffold0024:10066572|10068419",NA,12,NA
"13516","scaffold0024:10516221|10527145",7,NA,NA
"13517","scaffold0024:10523385|10527145",NA,NA,5
"13518","scaffold0024:11594536|11595739",1,NA,NA
"13519","scaffold0024:11600879|11612453",NA,NA,5
"13520","scaffold0024:11606226|11608717",26,NA,NA
"13521","scaffold0024:11610090|11612453",5,10,NA
"13522","scaffold0024:11610090|11616814",125,32,30
"13523","scaffold0024:11612325|11616814",38,NA,NA
"13524","scaffold0024:11664913|11673504",3,NA,NA
"13525","scaffold0024:11703504|11719146",NA,NA,1
"13526","scaffold0024:11727456|11733635",NA,3,NA
"13527","scaffold0024:11759622|11763825",NA,NA,1
"13528","scaffold0024:11794724|11804277",NA,NA,7
"13529","scaffold0024:11802797|11812518",3,NA,NA
"13530","scaffold0024:11930925|11942278",7,NA,NA
"13531","scaffold0024:11946514|11957683",NA,NA,3
"13532","scaffold0024:11946514|11960633",NA,NA,3
"13533","scaffold0024:11946514|11964842",5,2,NA
"13534","scaffold0024:11946514|11966614",1,4,NA
"13535","scaffold0024:11955440|11960633",56,99,42
"13536","scaffold0024:12101324|12102521",2,6,4
"13537","scaffold0024:12101324|12103991",2,NA,NA
"13538","scaffold0024:12128136|12131553",1,NA,NA
"13539","scaffold0024:12293165|12294424",234,22,11
"13540","scaffold0024:12396181|12406904",13,13,6
"13541","scaffold0024:12401581|12406904",7,NA,5
"13542","scaffold0024:12529629|12532600",6,12,9
"13543","scaffold0024:12600266|12607739",7,NA,2
"13544","scaffold0024:12600266|12632072",NA,8,NA
"13545","scaffold0024:12607584|12632072",NA,NA,2
"13546","scaffold0024:12688288|12704994",NA,NA,7
"13547","scaffold0024:12700021|12700309",15,5,3
"13548","scaffold0024:12700021|12704994",129,21,55
"13549","scaffold0024:13304835|13318987",NA,NA,1
"13550","scaffold0024:13316218|13318987",48,34,45
"13551","scaffold0024:13316218|13335923",44,11,49
"13552","scaffold0024:13330911|13335923",489,302,399
"13553","scaffold0024:13784836|13834288",3,NA,NA
"13554","scaffold0024:13834177|13872641",5,NA,NA
"13555","scaffold0024:13870223|14000024",4,NA,NA
"13556","scaffold0024:14106540|14171017",1,NA,NA
"13557","scaffold0024:1479079|1484884",1,NA,NA
"13558","scaffold0024:1511517|1543184",NA,2,NA
"13559","scaffold0024:1542986|1551984",NA,5,NA
"13560","scaffold0024:1542986|1556397",NA,1,NA
"13561","scaffold0024:15486010|15489853",13,NA,12
"13562","scaffold0024:15486010|15494299",12,6,NA
"13563","scaffold0024:15486010|15496507",3,NA,NA
"13564","scaffold0024:15486010|15508309",4,NA,NA
"13565","scaffold0024:15494138|15496507",32,NA,53
"13566","scaffold0024:15503967|15506191",89,33,57
"13567","scaffold0024:15503967|15508309",NA,3,12
"13568","scaffold0024:15503967|15512028",33,NA,24
"13569","scaffold0024:15503967|15523584",NA,1,NA
"13570","scaffold0024:15526070|15532995",7,NA,NA
"13571","scaffold0024:15559595|15568212",52,9,7
"13572","scaffold0024:15559595|15578712",177,23,20
"13573","scaffold0024:15566343|15568212",23,4,NA
"13574","scaffold0024:15566343|15578712",310,82,26
"13575","scaffold0024:15566343|15585435",4,NA,NA
"13576","scaffold0024:15600781|15637571",1,6,NA
"13577","scaffold0024:1560084|1565040",NA,4,NA
"13578","scaffold0024:15614753|15637571",3,2,NA
"13579","scaffold0024:1563100|1565040",NA,6,NA
"13580","scaffold0024:15648485|15663521",6,NA,NA
"13581","scaffold0024:15650293|15663521",4,NA,NA
"13582","scaffold0024:15674460|15676607",1,NA,NA
"13583","scaffold0024:16274617|16289620",NA,6,NA
"13584","scaffold0024:16347051|16359532",1,NA,NA
"13585","scaffold0024:16364855|16367600",1,NA,NA
"13586","scaffold0024:16372279|16373253",9,NA,NA
"13587","scaffold0024:16384799|16389961",1,NA,NA
"13588","scaffold0024:16387197|16391535",NA,NA,3
"13589","scaffold0024:16406461|16412802",2,NA,2
"13590","scaffold0024:1648383|1654830",NA,NA,2
"13591","scaffold0024:1668435|1669173",NA,1,NA
"13592","scaffold0024:1683331|1694649",NA,5,NA
"13593","scaffold0024:1683331|1696484",NA,1,NA
"13594","scaffold0024:1687791|1696484",3,NA,NA
"13595","scaffold0024:1688903|1690766",NA,3,NA
"13596","scaffold0024:1689979|1690606",NA,8,NA
"13597","scaffold0024:1690419|1690606",NA,NA,5
"13598","scaffold0024:1690606|1694649",8,6,3
"13599","scaffold0024:1690606|1696484",13,7,2
"13600","scaffold0024:1692980|1694649",35,22,23
"13601","scaffold0024:1692980|1696484",26,9,23
"13602","scaffold0024:173564|177399",77,NA,NA
"13603","scaffold0024:17575520|17578212",NA,NA,2
"13604","scaffold0024:17575520|17585145",3,2,3
"13605","scaffold0024:17582251|17585145",9,23,1
"13606","scaffold0024:17885052|17915314",NA,NA,3
"13607","scaffold0024:17885052|18071824",NA,NA,1
"13608","scaffold0024:19126917|19127151",3,NA,NA
"13609","scaffold0024:19863366|19878381",NA,2,NA
"13610","scaffold0024:19863366|19888377",7,NA,NA
"13611","scaffold0024:19867848|19888377",5,3,2
"13612","scaffold0024:19873029|19888377",73,19,NA
"13613","scaffold0024:19878235|19888377",33,20,26
"13614","scaffold0024:19888250|19888377",3,NA,1
"13615","scaffold0024:19943867|19944473",131,55,76
"13616","scaffold0024:19962594|19962849",146,178,39
"13617","scaffold0024:19977067|19979690",16,1,NA
"13618","scaffold0024:2002090|2006108",27,27,NA
"13619","scaffold0024:2002090|2011116",NA,13,NA
"13620","scaffold0024:20886056|20886291",NA,NA,3
"13621","scaffold0024:20886056|20890158",11,NA,9
"13622","scaffold0024:20886056|20891051",2,NA,NA
"13623","scaffold0024:20886056|20891941",916,649,706
"13624","scaffold0024:20886056|20909974",NA,NA,5
"13625","scaffold0024:20886056|20912747",14,NA,2
"13626","scaffold0024:20886056|20920242",NA,NA,8
"13627","scaffold0024:20886056|20928113",96,45,69
"13628","scaffold0024:20886056|20954473",16,2,7
"13629","scaffold0024:20889981|20891051",2,NA,NA
"13630","scaffold0024:20889981|20891941",13,3,11
"13631","scaffold0024:20909862|20912747",NA,NA,4
"13632","scaffold0024:20909862|20920242",NA,5,NA
"13633","scaffold0024:20909862|20928113",20,NA,3
"13634","scaffold0024:20912292|20928113",NA,3,NA
"13635","scaffold0024:20920029|20928113",NA,5,5
"13636","scaffold0024:2095678|2103359",5,NA,NA
"13637","scaffold0024:2126845|2129255",3,1,NA
"13638","scaffold0024:2129003|2136151",9,NA,20
"13639","scaffold0024:2129003|2155850",5,NA,NA
"13640","scaffold0024:2129003|2158281",18,NA,5
"13641","scaffold0024:2130960|2131090",NA,NA,1
"13642","scaffold0024:2135281|2136151",NA,NA,1
"13643","scaffold0024:2135281|2175352",NA,NA,2
"13644","scaffold0024:21509281|21578056",NA,NA,4
"13645","scaffold0024:21509281|21596480",1,NA,NA
"13646","scaffold0024:2155717|2158281",128,65,38
"13647","scaffold0024:2155717|2175352",9,NA,5
"13648","scaffold0024:2155717|2177017",7,NA,NA
"13649","scaffold0024:2155717|2199290",NA,NA,2
"13650","scaffold0024:21573545|21578056",82,50,34
"13651","scaffold0024:21573545|21588202",28,21,8
"13652","scaffold0024:21573545|21596480",17,32,6
"13653","scaffold0024:21573545|21601659",16,5,17
"13654","scaffold0024:21573545|21654429",1,NA,NA
"13655","scaffold0024:2158090|2175352",1,NA,NA
"13656","scaffold0024:21594720|21601659",15,NA,7
"13657","scaffold0024:21594720|21636215",2,NA,NA
"13658","scaffold0024:21601486|21636215",NA,NA,1
"13659","scaffold0024:21654322|21679248",3,NA,NA
"13660","scaffold0024:21679162|21714810",3,NA,NA
"13661","scaffold0024:21697742|21714810",7,NA,1
"13662","scaffold0024:21714646|21732464",1,NA,NA
"13663","scaffold0024:2175171|2177017",13,18,NA
"13664","scaffold0024:2175171|2180866",6,NA,NA
"13665","scaffold0024:2179142|2199290",1,NA,NA
"13666","scaffold0024:21822187|21827540",11,NA,11
"13667","scaffold0024:2188689|2189665",NA,NA,2
"13668","scaffold0024:22134531|22134684",NA,NA,1
"13669","scaffold0024:22134531|22222305",6,NA,3
"13670","scaffold0024:22196845|22222305",2,2,6
"13671","scaffold0024:22196845|22268022",2,NA,NA
"13672","scaffold0024:22250292|22250617",NA,46,38
"13673","scaffold0024:22250292|22259175",3,5,24
"13674","scaffold0024:22250292|22268022",18,8,17
"13675","scaffold0024:22258971|22268022",24,2,25
"13676","scaffold0024:22267906|22293780",2,NA,NA
"13677","scaffold0024:22626129|22639115",NA,1,3
"13678","scaffold0024:22626129|22654859",7,7,NA
"13679","scaffold0024:22626129|22666791",2,NA,NA
"13680","scaffold0024:22639042|22666791",45,NA,45
"13681","scaffold0024:22654775|22677783",24,NA,3
"13682","scaffold0024:22683728|22691213",5,NA,NA
"13683","scaffold0024:22701941|22706879",44,25,30
"13684","scaffold0024:22701941|22708450",8,7,18
"13685","scaffold0024:22713319|22728863",6,NA,NA
"13686","scaffold0024:22713319|22730615",1,NA,NA
"13687","scaffold0024:22715228|22728863",3,4,NA
"13688","scaffold0024:22805440|22821158",2,NA,NA
"13689","scaffold0024:22809970|22815805",15,NA,NA
"13690","scaffold0024:23047239|23047404",NA,NA,2
"13691","scaffold0024:23047239|23058765",NA,NA,1
"13692","scaffold0024:23056687|23057842",NA,NA,3
"13693","scaffold0024:23060639|23061097",NA,13,NA
"13694","scaffold0024:23088461|23091346",4,NA,NA
"13695","scaffold0024:23554521|23562115",6,NA,NA
"13696","scaffold0024:23561142|23562115",24,6,10
"13697","scaffold0024:23565543|23568032",NA,NA,2
"13698","scaffold0024:2359115|2361611",3,NA,2
"13699","scaffold0024:23673159|23683093",73,9,42
"13700","scaffold0024:23673159|23715978",2,NA,NA
"13701","scaffold0024:23701028|23729590",9,NA,6
"13702","scaffold0024:23704255|23711129",2,NA,NA
"13703","scaffold0024:23705705|23729590",NA,NA,3
"13704","scaffold0024:2379095|2383186",NA,1,4
"13705","scaffold0024:2379095|2384740",14,NA,7
"13706","scaffold0024:2379095|2385276",119,74,95
"13707","scaffold0024:2379095|2387410",1,NA,NA
"13708","scaffold0024:2379095|2388237",NA,NA,12
"13709","scaffold0024:2379095|2391560",1,NA,NA
"13710","scaffold0024:2382394|2384740",7,NA,3
"13711","scaffold0024:2382394|2385276",39,35,3
"13712","scaffold0024:2382498|2382974",NA,1,NA
"13713","scaffold0024:2384556|2387410",NA,NA,3
"13714","scaffold0024:2405668|2405822",NA,NA,1
"13715","scaffold0024:2409233|2409605",NA,1,NA
"13716","scaffold0024:2431219|2432296",15,16,22
"13717","scaffold0024:24562327|24583424",NA,3,NA
"13718","scaffold0024:24648439|24654558",9,13,NA
"13719","scaffold0024:24651802|24654558",8,31,14
"13720","scaffold0024:24651802|24655682",40,NA,15
"13721","scaffold0024:24651802|24659908",NA,NA,7
"13722","scaffold0024:24654136|24655682",1,NA,NA
"13723","scaffold0024:24678596|24680877",78,27,32
"13724","scaffold0024:25330070|25335021",1,NA,NA
"13725","scaffold0024:25334861|25335021",3,NA,NA
"13726","scaffold0024:25335021|25335443",5,NA,NA
"13727","scaffold0024:25499245|25500033",NA,NA,2
"13728","scaffold0024:25602471|25603690",1,NA,NA
"13729","scaffold0024:25602471|25606701",5,NA,NA
"13730","scaffold0024:25625169|25626995",31,NA,51
"13731","scaffold0024:25625332|25626857",4,NA,NA
"13732","scaffold0024:2572613|2573041",1,NA,NA
"13733","scaffold0024:25769758|25771490",4,NA,3
"13734","scaffold0024:25769758|25800965",NA,2,NA
"13735","scaffold0024:25969195|25970306",22,NA,14
"13736","scaffold0024:25998884|26001521",12,NA,NA
"13737","scaffold0024:2713488|2717557",NA,NA,1
"13738","scaffold0024:27231356|27246765",2,3,NA
"13739","scaffold0024:27231356|27252438",NA,1,NA
"13740","scaffold0024:27233142|27246765",2,2,NA
"13741","scaffold0024:27233142|27252438",NA,1,NA
"13742","scaffold0024:27264892|27274177",NA,NA,2
"13743","scaffold0024:27274001|27276886",2,NA,NA
"13744","scaffold0024:27274934|27276886",12,NA,NA
"13745","scaffold0024:27363790|27398034",6,NA,NA
"13746","scaffold0024:27385583|27398034",NA,NA,2
"13747","scaffold0024:27389132|27398034",2,6,NA
"13748","scaffold0024:27389132|27412686",2,NA,NA
"13749","scaffold0024:27454095|27455040",41,9,15
"13750","scaffold0024:27465011|27471046",NA,1,NA
"13751","scaffold0024:27491237|27503404",2,NA,NA
"13752","scaffold0024:27491237|27518660",1,NA,NA
"13753","scaffold0024:27500372|27508122",15,NA,1
"13754","scaffold0024:27501916|27508122",4,NA,NA
"13755","scaffold0024:27503200|27508122",33,NA,10
"13756","scaffold0024:27518542|27529367",NA,NA,1
"13757","scaffold0024:27518542|27534327",5,NA,5
"13758","scaffold0024:27526328|27529367",1,NA,2
"13759","scaffold0024:27526328|27534327",1,NA,NA
"13760","scaffold0024:27529259|27534327",2,NA,NA
"13761","scaffold0024:27559389|27561921",NA,NA,7
"13762","scaffold0024:27594913|27625811",10,NA,NA
"13763","scaffold0024:27615564|27649381",13,NA,NA
"13764","scaffold0024:27625646|27649381",10,7,6
"13765","scaffold0024:27643484|27649381",50,34,21
"13766","scaffold0024:27739897|27740257",NA,NA,2
"13767","scaffold0024:2782607|2786090",2,NA,NA
"13768","scaffold0024:2822879|2823645",NA,7,NA
"13769","scaffold0024:2851786|2860046",1,NA,NA
"13770","scaffold0024:2935986|2946782",13,4,NA
"13771","scaffold0024:2966017|2977960",20,8,NA
"13772","scaffold0024:3067979|3068248",6,NA,1
"13773","scaffold0024:3235644|3236154",5,NA,NA
"13774","scaffold0024:3278137|3278569",3,NA,NA
"13775","scaffold0024:3436093|3437093",3,NA,NA
"13776","scaffold0024:3436093|3437661",NA,NA,5
"13777","scaffold0024:3438509|3439284",NA,NA,1
"13778","scaffold0024:3445667|3445823",3,NA,NA
"13779","scaffold0024:3445667|3446600",97,76,43
"13780","scaffold0024:3463181|3463439",1,NA,NA
"13781","scaffold0024:3600764|3600947",NA,5,NA
"13782","scaffold0024:3606074|3606342",NA,NA,8
"13783","scaffold0024:3640269|3643107",NA,NA,2
"13784","scaffold0024:3648154|3648663",NA,NA,4
"13785","scaffold0024:3665851|3666471",3,NA,NA
"13786","scaffold0024:3881636|3883144",45,38,26
"13787","scaffold0024:3902152|3904489",551,394,373
"13788","scaffold0024:3908546|3909307",NA,2,NA
"13789","scaffold0024:3919994|3921989",4,NA,NA
"13790","scaffold0024:3976825|3977156",9,NA,NA
"13791","scaffold0024:3985630|3986012",NA,1,7
"13792","scaffold0024:3985630|3986356",NA,NA,2
"13793","scaffold0024:3986192|3988498",NA,4,NA
"13794","scaffold0024:3997488|3997909",2,NA,NA
"13795","scaffold0024:4001729|4002157",NA,2,NA
"13796","scaffold0024:4006595|4006897",7,4,NA
"13797","scaffold0024:4008540|4008838",NA,NA,3
"13798","scaffold0024:4011282|4011689",13,NA,13
"13799","scaffold0024:4044789|4045722",98,63,33
"13800","scaffold0024:4058333|4058533",NA,NA,2
"13801","scaffold0024:4066996|4067216",2,NA,NA
"13802","scaffold0024:4097126|4098006",4,NA,NA
"13803","scaffold0024:4104370|4106143",123,121,76
"13804","scaffold0024:4104370|4109526",2,NA,5
"13805","scaffold0024:4259248|4260841",9,NA,NA
"13806","scaffold0024:4312886|4313135",NA,3,NA
"13807","scaffold0024:4316462|4317000",1,NA,NA
"13808","scaffold0024:4316462|4317625",NA,6,NA
"13809","scaffold0024:4320507|4320797",NA,NA,1
"13810","scaffold0024:4343873|4344111",3,NA,NA
"13811","scaffold0024:4381168|4381909",NA,NA,1
"13812","scaffold0024:4399965|4404216",21,68,113
"13813","scaffold0024:4412487|4413802",4,NA,NA
"13814","scaffold0024:4419025|4423676",4,NA,NA
"13815","scaffold0024:4447342|4452752",1,NA,NA
"13816","scaffold0024:4453038|4453215",1,NA,NA
"13817","scaffold0024:4657690|4657932",12,NA,NA
"13818","scaffold0024:4657690|4670634",76,15,33
"13819","scaffold0024:4688330|4691813",NA,11,NA
"13820","scaffold0024:4688330|4694468",NA,6,NA
"13821","scaffold0024:4692578|4693466",1,NA,NA
"13822","scaffold0024:4733966|4735234",NA,4,NA
"13823","scaffold0024:4733966|4738712",NA,16,NA
"13824","scaffold0024:4751745|4752371",3,NA,NA
"13825","scaffold0024:4791161|4796737",3,14,NA
"13826","scaffold0024:4794666|4796737",6,NA,NA
"13827","scaffold0024:4805995|4813192",12,NA,NA
"13828","scaffold0024:4805995|4825376",NA,1,NA
"13829","scaffold0024:4806962|4813192",10,NA,1
"13830","scaffold0024:4809057|4813192",20,NA,NA
"13831","scaffold0024:4810824|4813192",1,NA,NA
"13832","scaffold0024:4824038|4825376",8,NA,2
"13833","scaffold0024:4825214|4842888",NA,NA,3
"13834","scaffold0024:4837807|4842888",4,3,2
"13835","scaffold0024:4837807|4849769",2,NA,NA
"13836","scaffold0024:4840534|4842888",15,5,7
"13837","scaffold0024:4840534|4849769",17,NA,1
"13838","scaffold0024:4841980|4842888",7,NA,NA
"13839","scaffold0024:4841980|4849769",NA,11,NA
"13840","scaffold0024:4841980|4862635",2,NA,NA
"13841","scaffold0024:4842095|4842733",NA,NA,2
"13842","scaffold0024:4849634|4862635",7,NA,NA
"13843","scaffold0024:4939455|4948304",7,NA,NA
"13844","scaffold0024:4953717|4956295",6,7,NA
"13845","scaffold0024:4957549|4958758",NA,NA,1
"13846","scaffold0024:4962262|4962464",3,NA,1
"13847","scaffold0024:4970010|4970190",NA,NA,3
"13848","scaffold0024:4971858|4972137",NA,NA,10
"13849","scaffold0024:5006589|5012115",NA,NA,2
"13850","scaffold0024:5014205|5016910",3,NA,NA
"13851","scaffold0024:5109652|5118978",3,11,5
"13852","scaffold0024:5114219|5118978",NA,NA,1
"13853","scaffold0024:5122190|5123280",7,16,7
"13854","scaffold0024:5122190|5125746",1,NA,NA
"13855","scaffold0024:5144181|5149772",1,NA,1
"13856","scaffold0024:5146571|5149772",7,NA,2
"13857","scaffold0024:5155649|5160003",12,NA,NA
"13858","scaffold0024:5157236|5163025",3,NA,6
"13859","scaffold0024:5172917|5173534",7,9,6
"13860","scaffold0024:5173385|5173534",NA,NA,4
"13861","scaffold0024:5174755|5175714",8,NA,NA
"13862","scaffold0024:5174938|5175714",126,85,46
"13863","scaffold0024:5192753|5193067",NA,NA,3
"13864","scaffold0024:5652102|5662569",3,NA,NA
"13865","scaffold0024:5670882|5671827",NA,NA,2
"13866","scaffold0024:5672704|5673460",6,NA,NA
"13867","scaffold0024:5672704|5674465",6,NA,NA
"13868","scaffold0024:5672872|5673310",NA,NA,4
"13869","scaffold0024:5802142|5805684",3,NA,NA
"13870","scaffold0024:5825813|5832040",2,NA,NA
"13871","scaffold0024:5866381|5878380",NA,NA,21
"13872","scaffold0024:5926900|5928955",54,47,11
"13873","scaffold0024:5943855|5946774",NA,4,NA
"13874","scaffold0024:5953261|5953545",12,NA,2
"13875","scaffold0024:5973789|6003508",1,NA,NA
"13876","scaffold0024:5992081|6003508",22,NA,NA
"13877","scaffold0024:6000207|6003508",8,NA,NA
"13878","scaffold0024:6156021|6162169",NA,2,NA
"13879","scaffold0024:6159785|6162169",15,NA,11
"13880","scaffold0024:6159785|6169724",NA,NA,2
"13881","scaffold0024:6162006|6169724",4,NA,NA
"13882","scaffold0024:6169219|6169724",56,32,48
"13883","scaffold0024:6227869|6229136",NA,2,NA
"13884","scaffold0024:6415654|6418632",41,NA,NA
"13885","scaffold0024:669248|670510",14,NA,NA
"13886","scaffold0024:6724913|6727328",11,NA,NA
"13887","scaffold0024:6724913|6735553",NA,10,NA
"13888","scaffold0024:6732767|6735553",3,6,NA
"13889","scaffold0024:6853816|6856907",11,9,14
"13890","scaffold0024:6867615|6870333",687,670,439
"13891","scaffold0024:7097476|7100991",1,NA,7
"13892","scaffold0024:7179448|7179671",3,NA,NA
"13893","scaffold0024:7435599|7439302",7,NA,1
"13894","scaffold0024:7554889|7564567",NA,NA,2
"13895","scaffold0024:7554889|7590522",NA,NA,3
"13896","scaffold0024:7568506|7582037",NA,NA,2
"13897","scaffold0024:7573172|7590522",5,14,9
"13898","scaffold0024:7599439|7616619",NA,17,NA
"13899","scaffold0024:7599439|7622839",NA,NA,1
"13900","scaffold0024:7606649|7622839",NA,NA,13
"13901","scaffold0024:7606649|7637184",NA,NA,8
"13902","scaffold0024:7606649|7659746",NA,NA,6
"13903","scaffold0024:7637135|7685881",NA,7,NA
"13904","scaffold0024:7659640|7674982",NA,2,NA
"13905","scaffold0024:7659640|7685881",5,NA,NA
"13906","scaffold0024:7671983|7685881",40,20,10
"13907","scaffold0024:7674883|7685881",NA,10,8
"13908","scaffold0024:7746120|7748400",2,NA,NA
"13909","scaffold0024:7749834|7756283",5,NA,NA
"13910","scaffold0024:7749834|7756791",NA,NA,1
"13911","scaffold0024:7753704|7756791",3,19,4
"13912","scaffold0024:80706|89122",1,NA,NA
"13913","scaffold0024:8437767|8441121",2,4,NA
"13914","scaffold0024:8455690|8456235",NA,NA,6
"13915","scaffold0024:8573593|8574054",NA,1,NA
"13916","scaffold0024:8630619|8631140",18,NA,NA
"13917","scaffold0024:8639071|8640178",5,NA,NA
"13918","scaffold0024:9055194|9062264",6,NA,NA
"13919","scaffold0024:9114612|9121785",6,3,18
"13920","scaffold0024:9133875|9137270",11,NA,NA
"13921","scaffold0024:9137160|9157082",NA,NA,2
"13922","scaffold0024:9195809|9196214",NA,4,NA
"13923","scaffold0024:9203347|9205603",8,NA,NA
"13924","scaffold0024:9203347|9206600",26,NA,7
"13925","scaffold0024:9206600|9207737",8,NA,NA
"13926","scaffold0024:9304241|9313631",15,7,NA
"13927","scaffold0024:9304241|9326933",4,NA,NA
"13928","scaffold0024:9501547|9520161",NA,1,NA
"13929","scaffold0024:9515311|9520161",NA,NA,4
"13930","scaffold0024:9520011|9520161",7,NA,NA
"13931","scaffold0024:9578101|9591841",17,NA,NA
"13932","scaffold0024:9584925|9591841",33,27,NA
"13933","scaffold0024:9584925|9633517",NA,2,NA
"13934","scaffold0024:9604290|9635357",NA,NA,2
"13935","scaffold0024:9626177|9635357",5,170,69
"13936","scaffold0024:9633410|9635357",1,5,NA
"13937","scaffold0024:9694264|9708452",13,11,21
"13938","scaffold0024:9696177|9708452",27,12,4
"13939","scaffold0024:9701418|9708452",12,NA,NA
"13940","scaffold0024:9720466|9722932",2,1,NA
"13941","scaffold0024:9736280|9740565",11,NA,NA
"13942","scaffold0024:9738868|9740117",4,NA,NA
"13943","scaffold0024:9816415|9827465",10,NA,2
"13944","scaffold0024:9827378|9834466",NA,NA,2
"13945","scaffold0024:9868425|9873410",10,NA,1
"13946","scaffold0024:9868425|9882135",1,NA,NA
"13947","scaffold0024:9896415|9896692",2,NA,NA
"13948","scaffold0024:9906895|9907260",6,NA,NA
"13949","scaffold0024:9970125|9974863",NA,NA,2
"13950","scaffold0024:9988510|9992078",1,6,7
"13951","scaffold0024:9995956|9996589",NA,4,NA
"13952","scaffold0025:1011233|1019727",3,4,4
"13953","scaffold0025:101633|119644",NA,4,NA
"13954","scaffold0025:10706673|10708712",NA,10,NA
"13955","scaffold0025:1071915|1089284",2,NA,NA
"13956","scaffold0025:1178529|1181268",5,NA,3
"13957","scaffold0025:118660|118849",NA,1,NA
"13958","scaffold0025:1191609|1204385",NA,NA,1
"13959","scaffold0025:1196626|1201031",158,121,63
"13960","scaffold0025:1196626|1225203",NA,NA,2
"13961","scaffold0025:1200856|1206357",1,NA,NA
"13962","scaffold0025:1200856|1225203",1,3,NA
"13963","scaffold0025:1202733|1204385",2,NA,NA
"13964","scaffold0025:1202733|1206357",2,NA,3
"13965","scaffold0025:1202733|1225203",8,NA,NA
"13966","scaffold0025:1204195|1225203",2,NA,NA
"13967","scaffold0025:1206199|1225203",11,NA,NA
"13968","scaffold0025:1213620|1225203",NA,NA,2
"13969","scaffold0025:12392262|12392887",2,NA,NA
"13970","scaffold0025:12553839|12562980",13,NA,NA
"13971","scaffold0025:12707936|12818298",2,NA,NA
"13972","scaffold0025:12729937|12795626",2,NA,NA
"13973","scaffold0025:12729937|12806228",8,NA,NA
"13974","scaffold0025:12729937|12818298",18,6,NA
"13975","scaffold0025:12768172|12773364",NA,6,NA
"13976","scaffold0025:12768172|12795626",9,NA,8
"13977","scaffold0025:12768172|12806228",185,136,47
"13978","scaffold0025:12768172|12818298",74,35,21
"13979","scaffold0025:12768172|12823021",2,4,NA
"13980","scaffold0025:12773247|12806228",146,60,83
"13981","scaffold0025:12773247|12818298",16,10,5
"13982","scaffold0025:12773247|12823021",NA,9,NA
"13983","scaffold0025:12795519|12806228",122,55,45
"13984","scaffold0025:12795519|12818298",180,85,71
"13985","scaffold0025:12795519|12823021",27,5,12
"13986","scaffold0025:128025|140895",9,NA,1
"13987","scaffold0025:12806148|12823021",15,19,3
"13988","scaffold0025:12818213|12823021",1,NA,NA
"13989","scaffold0025:1309456|1310787",NA,NA,1
"13990","scaffold0025:1364415|1364945",2,NA,NA
"13991","scaffold0025:1379445|1382692",6,4,NA
"13992","scaffold0025:1379445|1387243",44,23,33
"13993","scaffold0025:1383403|1385592",1,NA,NA
"13994","scaffold0025:1383403|1385849",8,NA,NA
"13995","scaffold0025:1385776|1387243",7,NA,NA
"13996","scaffold0025:14684128|14691455",NA,NA,4
"13997","scaffold0025:14684128|14706075",8,NA,NA
"13998","scaffold0025:14808224|14823177",NA,NA,1
"13999","scaffold0025:1542538|1544530",65,32,44
"14000","scaffold0025:15432060|15435581",16,4,NA
"14001","scaffold0025:15444641|15445747",NA,NA,1
"14002","scaffold0025:15450749|15451061",1,NA,NA
"14003","scaffold0025:15458996|15462489",64,60,25
"14004","scaffold0025:15461310|15462489",30,NA,5
"14005","scaffold0025:15467504|15468951",NA,NA,1
"14006","scaffold0025:15682212|15683766",9,4,29
"14007","scaffold0025:15682212|15686981",12,NA,NA
"14008","scaffold0025:15682212|15688103",8,NA,NA
"14009","scaffold0025:15684930|15686981",136,38,55
"14010","scaffold0025:15684930|15688103",204,55,82
"14011","scaffold0025:15684930|15689832",2,NA,9
"14012","scaffold0025:15686859|15688103",120,31,55
"14013","scaffold0025:15794902|15799446",NA,2,NA
"14014","scaffold0025:15856989|15872647",NA,1,NA
"14015","scaffold0025:15861802|15864496",NA,NA,3
"14016","scaffold0025:15864382|15867042",6,NA,NA
"14017","scaffold0025:15880674|15883748",4,NA,13
"14018","scaffold0025:1589322|1600478",7,8,14
"14019","scaffold0025:15920448|15923967",7,8,10
"14020","scaffold0025:15923393|15923807",4,NA,NA
"14021","scaffold0025:15928587|15933481",NA,NA,1
"14022","scaffold0025:15928587|15934281",3,NA,NA
"14023","scaffold0025:15929913|15933481",NA,NA,3
"14024","scaffold0025:15929913|15934281",3,NA,1
"14025","scaffold0025:15939454|15942985",2,NA,NA
"14026","scaffold0025:15962232|15964311",NA,NA,8
"14027","scaffold0025:1600269|1614618",NA,NA,5
"14028","scaffold0025:1603797|1610572",NA,8,NA
"14029","scaffold0025:1603797|1614618",NA,11,NA
"14030","scaffold0025:1608611|1617168",NA,4,NA
"14031","scaffold0025:1617018|1619806",4,NA,NA
"14032","scaffold0025:1617018|1622167",NA,8,NA
"14033","scaffold0025:1619609|1619806",NA,NA,1
"14034","scaffold0025:1619609|1622167",138,120,143
"14035","scaffold0025:16250851|16439646",3,NA,NA
"14036","scaffold0025:16395095|16439646",6,NA,NA
"14037","scaffold0025:16656781|16660342",19,5,6
"14038","scaffold0025:16656781|16663164",NA,1,7
"14039","scaffold0025:16683322|16689655",1,NA,NA
"14040","scaffold0025:1703412|1712429",15,NA,NA
"14041","scaffold0025:17067804|17082829",1,NA,NA
"14042","scaffold0025:17081839|17088429",NA,NA,1
"14043","scaffold0025:17106251|17107924",4,7,NA
"14044","scaffold0025:17114138|17119615",NA,NA,1
"14045","scaffold0025:1712233|1719667",1,5,NA
"14046","scaffold0025:17153412|17154482",6,NA,NA
"14047","scaffold0025:17177621|17179287",3,NA,NA
"14048","scaffold0025:1717961|1719667",NA,NA,3
"14049","scaffold0025:1732813|1736802",NA,NA,3
"14050","scaffold0025:17421769|17438264",NA,NA,1
"14051","scaffold0025:17436919|17438264",7,NA,NA
"14052","scaffold0025:17436919|17455296",1,NA,NA
"14053","scaffold0025:17480314|17489199",209,67,28
"14054","scaffold0025:17480314|17493006",2,NA,NA
"14055","scaffold0025:17520727|17526738",1,NA,NA
"14056","scaffold0025:17520934|17523076",2,NA,NA
"14057","scaffold0025:17520934|17524604",32,22,NA
"14058","scaffold0025:17526105|17526580",4,NA,NA
"14059","scaffold0025:17557240|17559604",46,50,37
"14060","scaffold0025:17557240|17572417",1,NA,NA
"14061","scaffold0025:18548025|18552425",5,5,NA
"14062","scaffold0025:1880550|1883042",39,NA,5
"14063","scaffold0025:1880550|1885094",NA,2,NA
"14064","scaffold0025:1884883|1891281",5,3,NA
"14065","scaffold0025:1891150|1896027",NA,4,NA
"14066","scaffold0025:1895886|1898660",4,NA,NA
"14067","scaffold0025:21086737|21088204",195,103,183
"14068","scaffold0025:21086737|21092940",5,NA,NA
"14069","scaffold0025:21436348|21446608",11,5,7
"14070","scaffold0025:21436348|21485644",NA,NA,19
"14071","scaffold0025:21629696|21630552",2,NA,NA
"14072","scaffold0025:21652671|21653653",NA,NA,1
"14073","scaffold0025:21663297|21665373",NA,NA,2
"14074","scaffold0025:21680542|21681843",131,63,NA
"14075","scaffold0025:21692858|21695129",2,NA,3
"14076","scaffold0025:21707695|21714705",5,NA,6
"14077","scaffold0025:21707695|21734626",2,NA,NA
"14078","scaffold0025:21721566|21723977",1,NA,NA
"14079","scaffold0025:21734448|21735830",1,NA,NA
"14080","scaffold0025:2180479|2181970",3,13,7
"14081","scaffold0025:222481|230844",NA,NA,3
"14082","scaffold0025:222481|233230",1,10,3
"14083","scaffold0025:2236411|2239065",NA,NA,2
"14084","scaffold0025:225135|230310",1,NA,NA
"14085","scaffold0025:230192|230844",173,116,75
"14086","scaffold0025:230192|233230",218,116,158
"14087","scaffold0025:230192|235374",47,NA,9
"14088","scaffold0025:2324028|2324283",23,24,9
"14089","scaffold0025:233092|235374",93,75,59
"14090","scaffold0025:23652651|23660780",6,6,NA
"14091","scaffold0025:23653409|23661967",5,NA,NA
"14092","scaffold0025:23688261|23694654",9,6,NA
"14093","scaffold0025:23688261|23703845",11,NA,NA
"14094","scaffold0025:23741294|23751275",1,NA,NA
"14095","scaffold0025:238126|238792",NA,NA,1
"14096","scaffold0025:238331|238713",NA,NA,2
"14097","scaffold0025:23873376|23955323",2,3,2
"14098","scaffold0025:23945031|23948724",NA,21,10
"14099","scaffold0025:23945031|23955323",79,67,35
"14100","scaffold0025:23945031|23971941",6,NA,3
"14101","scaffold0025:23955202|23971941",5,5,1
"14102","scaffold0025:2463360|2478362",17,2,5
"14103","scaffold0025:2463360|2507567",NA,10,2
"14104","scaffold0025:24807866|24809282",12,NA,NA
"14105","scaffold0025:24807866|24841082",NA,8,10
"14106","scaffold0025:24839211|24841082",NA,105,NA
"14107","scaffold0025:25022062|25034829",NA,11,10
"14108","scaffold0025:25041095|25042764",1,NA,NA
"14109","scaffold0025:25072749|25073647",4,6,NA
"14110","scaffold0025:25111147|25111584",9,2,NA
"14111","scaffold0025:25111147|25125420",NA,10,NA
"14112","scaffold0025:25111147|25132884",NA,17,20
"14113","scaffold0025:25125329|25132884",25,43,7
"14114","scaffold0025:252590|253286",NA,5,NA
"14115","scaffold0025:2545827|2587941",4,NA,NA
"14116","scaffold0025:254587|260308",6,NA,NA
"14117","scaffold0025:2550720|2551641",NA,7,5
"14118","scaffold0025:2551346|2551641",NA,NA,3
"14119","scaffold0025:25847766|25847940",NA,NA,5
"14120","scaffold0025:25847766|25854542",2,13,NA
"14121","scaffold0025:25847766|25857471",10,26,22
"14122","scaffold0025:25847766|25863505",1209,1273,554
"14123","scaffold0025:25847766|25872596",286,214,166
"14124","scaffold0025:25847766|25879429",44,81,42
"14125","scaffold0025:25847766|25885779",93,114,41
"14126","scaffold0025:25847766|25892882",23,NA,20
"14127","scaffold0025:25847766|25896599",118,125,86
"14128","scaffold0025:25847766|25899529",37,70,38
"14129","scaffold0025:25847766|25921184",11,7,5
"14130","scaffold0025:25847766|25931283",NA,3,NA
"14131","scaffold0025:25847766|25935326",NA,5,NA
"14132","scaffold0025:25854391|25863505",14,NA,15
"14133","scaffold0025:25854391|25872596",11,NA,12
"14134","scaffold0025:25857357|25863505",2,NA,NA
"14135","scaffold0025:25863396|25872596",7,NA,3
"14136","scaffold0025:25863396|25879429",23,26,27
"14137","scaffold0025:25863396|25885779",199,265,114
"14138","scaffold0025:25863396|25892882",41,22,13
"14139","scaffold0025:25863396|25896599",152,115,93
"14140","scaffold0025:25863396|25899529",50,14,24
"14141","scaffold0025:25863396|25921184",14,20,NA
"14142","scaffold0025:25872537|25885779",9,NA,NA
"14143","scaffold0025:25872537|25896599",83,42,NA
"14144","scaffold0025:25872537|25899529",NA,NA,5
"14145","scaffold0025:2587832|2590123",133,45,46
"14146","scaffold0025:2587832|2594543",1,NA,NA
"14147","scaffold0025:25892801|25896599",3,NA,NA
"14148","scaffold0025:25892801|25899529",6,NA,NA
"14149","scaffold0025:25892801|25921184",5,NA,NA
"14150","scaffold0025:25921023|25931283",NA,NA,2
"14151","scaffold0025:25954964|25955822",41,NA,NA
"14152","scaffold0025:25981510|25982609",18,27,41
"14153","scaffold0025:25981510|26005074",NA,NA,2
"14154","scaffold0025:25981510|26017064",NA,NA,8
"14155","scaffold0025:25993522|26005074",NA,NA,3
"14156","scaffold0025:25993522|26017064",6,NA,4
"14157","scaffold0025:26002058|26005074",17,26,24
"14158","scaffold0025:26002058|26017064",35,35,41
"14159","scaffold0025:26127694|26130260",NA,17,9
"14160","scaffold0025:26127694|26136309",2,4,NA
"14161","scaffold0025:26127694|26142192",NA,NA,1
"14162","scaffold0025:2615861|2616528",24,11,8
"14163","scaffold0025:26205990|26209897",6,NA,NA
"14164","scaffold0025:26245037|26246114",1,NA,NA
"14165","scaffold0025:263601|264265",NA,3,NA
"14166","scaffold0025:263601|265628",20,13,4
"14167","scaffold0025:2712816|2715530",3,NA,NA
"14168","scaffold0025:2712816|2717751",NA,NA,9
"14169","scaffold0025:2720913|2721165",31,NA,14
"14170","scaffold0025:2720913|2722463",34,3,5
"14171","scaffold0025:2769523|2770550",334,177,214
"14172","scaffold0025:2808644|2809218",NA,4,NA
"14173","scaffold0025:2894662|2901784",NA,3,NA
"14174","scaffold0025:2984856|2986852",NA,NA,5
"14175","scaffold0025:2984856|2993920",5,8,5
"14176","scaffold0025:2995246|3000785",7,NA,1
"14177","scaffold0025:2996460|3000785",NA,NA,4
"14178","scaffold0025:2999643|3004293",10,NA,3
"14179","scaffold0025:3004166|3008940",8,4,8
"14180","scaffold0025:302244|304762",NA,5,NA
"14181","scaffold0025:304169|306931",NA,NA,3
"14182","scaffold0025:3166036|3171944",NA,NA,3
"14183","scaffold0025:320706|329518",14,NA,8
"14184","scaffold0025:320838|321893",6,NA,NA
"14185","scaffold0025:327420|329518",29,16,5
"14186","scaffold0025:327420|330681",193,143,111
"14187","scaffold0025:329163|329518",104,31,21
"14188","scaffold0025:329163|330681",205,174,121
"14189","scaffold0025:329352|330681",3,NA,NA
"14190","scaffold0025:34602|43629",1,NA,NA
"14191","scaffold0025:34602|46921",3,NA,2
"14192","scaffold0025:34602|52603",1,NA,NA
"14193","scaffold0025:3596276|3596421",1,NA,NA
"14194","scaffold0025:3596276|3601580",51,38,49
"14195","scaffold0025:3596276|3603987",NA,21,NA
"14196","scaffold0025:3601198|3601580",5,NA,NA
"14197","scaffold0025:360310|362062",NA,NA,16
"14198","scaffold0025:3603875|3608084",2,NA,NA
"14199","scaffold0025:361906|362355",NA,NA,6
"14200","scaffold0025:3646830|3649388",37,43,23
"14201","scaffold0025:3655275|3656505",NA,NA,3
"14202","scaffold0025:370845|373486",1,NA,4
"14203","scaffold0025:390780|391254",NA,8,NA
"14204","scaffold0025:390780|392956",NA,NA,10
"14205","scaffold0025:43490|52603",NA,NA,3
"14206","scaffold0025:440167|450968",97,39,37
"14207","scaffold0025:440167|462567",23,NA,NA
"14208","scaffold0025:440167|476839",42,41,10
"14209","scaffold0025:449863|450968",9,11,NA
"14210","scaffold0025:449863|462567",13,NA,26
"14211","scaffold0025:449863|476839",43,35,53
"14212","scaffold0025:456883|476839",77,NA,9
"14213","scaffold0025:4669769|4676940",NA,1,NA
"14214","scaffold0025:4669769|4680187",NA,NA,3
"14215","scaffold0025:4675731|4676940",10,22,1
"14216","scaffold0025:4675731|4680187",4,NA,NA
"14217","scaffold0025:5166391|5167747",5,NA,NA
"14218","scaffold0025:5167216|5167747",NA,NA,12
"14219","scaffold0025:5167747|5168095",NA,3,NA
"14220","scaffold0025:5175191|5175510",NA,2,NA
"14221","scaffold0025:5175191|5175694",NA,NA,5
"14222","scaffold0025:5291203|5291733",NA,NA,3
"14223","scaffold0025:5291396|5292560",NA,3,NA
"14224","scaffold0025:5379854|5383067",12,4,2
"14225","scaffold0025:539642|540881",7,NA,6
"14226","scaffold0025:539818|540338",NA,NA,2
"14227","scaffold0025:5406685|5409347",2,NA,NA
"14228","scaffold0025:5408238|5409347",334,77,63
"14229","scaffold0025:5408661|5409347",16,NA,NA
"14230","scaffold0025:5412772|5413130",NA,1,NA
"14231","scaffold0025:5531078|5532905",NA,NA,2
"14232","scaffold0025:5543536|5544184",NA,6,NA
"14233","scaffold0025:5600919|5604034",7,10,5
"14234","scaffold0025:5620412|5623208",NA,NA,1
"14235","scaffold0025:5627388|5662777",NA,11,NA
"14236","scaffold0025:5627439|5627813",NA,3,NA
"14237","scaffold0025:5644636|5662777",2,NA,1
"14238","scaffold0025:5660842|5662777",21,13,2
"14239","scaffold0025:5660842|5667574",2,2,NA
"14240","scaffold0025:5725485|5730225",2,NA,NA
"14241","scaffold0025:5725485|5735339",NA,2,NA
"14242","scaffold0025:5730111|5735339",18,19,7
"14243","scaffold0025:5764265|5764499",3,NA,NA
"14244","scaffold0025:5764265|5781075",11,NA,NA
"14245","scaffold0025:5769832|5775156",2,NA,NA
"14246","scaffold0025:5769832|5781075",7,NA,NA
"14247","scaffold0025:5773246|5775156",12,NA,5
"14248","scaffold0025:5773246|5781075",7,NA,NA
"14249","scaffold0025:5773246|5805094",NA,NA,1
"14250","scaffold0025:5796229|5808426",NA,NA,4
"14251","scaffold0025:5804986|5808426",15,9,2
"14252","scaffold0025:5838695|5839255",11,NA,NA
"14253","scaffold0025:5906245|5909331",NA,NA,2
"14254","scaffold0025:5906245|5911134",NA,NA,1
"14255","scaffold0025:5966618|5966799",NA,NA,1
"14256","scaffold0025:5967473|5967625",2,NA,NA
"14257","scaffold0025:6023791|6028426",147,87,66
"14258","scaffold0025:6026961|6028426",661,223,230
"14259","scaffold0025:6026961|6031457",NA,9,NA
"14260","scaffold0025:6048530|6067749",11,NA,NA
"14261","scaffold0025:6052027|6067749",14,NA,NA
"14262","scaffold0025:6221451|6221685",201,204,214
"14263","scaffold0025:6221451|6224208",4,5,2
"14264","scaffold0025:6221451|6229236",NA,1,NA
"14265","scaffold0025:651115|665361",NA,11,NA
"14266","scaffold0025:651115|666999",1,NA,NA
"14267","scaffold0025:651115|673682",NA,1,NA
"14268","scaffold0025:6603318|6604322",36,30,41
"14269","scaffold0025:662809|665361",5,NA,NA
"14270","scaffold0025:6645212|6648321",6,NA,NA
"14271","scaffold0025:6654536|6655907",12,NA,6
"14272","scaffold0025:6682037|6688766",18,NA,2
"14273","scaffold0025:6682037|6726566",1,NA,NA
"14274","scaffold0025:6696834|6726566",2,NA,NA
"14275","scaffold0025:6904961|6907881",NA,NA,6
"14276","scaffold0025:6904961|6909922",15,NA,NA
"14277","scaffold0025:6904961|6911659",NA,1,NA
"14278","scaffold0025:6904961|6916909",NA,NA,1
"14279","scaffold0025:6915404|6916909",NA,NA,4
"14280","scaffold0025:7053301|7058615",2,NA,NA
"14281","scaffold0025:7055714|7061763",4,NA,5
"14282","scaffold0025:7058522|7062504",NA,1,NA
"14283","scaffold0025:7061630|7062504",NA,NA,6
"14284","scaffold0025:7064713|7068267",25,NA,5
"14285","scaffold0025:7064713|7086368",8,NA,NA
"14286","scaffold0025:706842|716727",5,NA,2
"14287","scaffold0025:706842|718933",2,NA,NA
"14288","scaffold0025:706842|723035",NA,12,NA
"14289","scaffold0025:706842|742295",NA,NA,1
"14290","scaffold0025:7072194|7079299",1,NA,NA
"14291","scaffold0025:722827|730795",NA,3,1
"14292","scaffold0025:7291310|7306166",NA,NA,4
"14293","scaffold0025:7296109|7306166",NA,NA,1
"14294","scaffold0025:7308170|7310260",NA,1,NA
"14295","scaffold0025:7322418|7327441",6,NA,NA
"14296","scaffold0025:7322418|7336327",3,NA,8
"14297","scaffold0025:735113|744250",1,NA,NA
"14298","scaffold0025:744250|746429",2,NA,NA
"14299","scaffold0025:812740|814374",16,NA,NA
"14300","scaffold0025:82888|101912",2,9,3
"14301","scaffold0025:82888|86472",8,NA,NA
"14302","scaffold0025:8721737|8734940",NA,NA,2
"14303","scaffold0025:8728104|8734940",12,4,NA
"14304","scaffold0025:902695|907139",NA,NA,1
"14305","scaffold0025:92308|101912",1,4,1
"14306","scaffold0025:92308|92487",1,NA,NA
"14307","scaffold0025:92308|94285",19,11,NA
"14308","scaffold0025:9256465|9269464",2,NA,NA
"14309","scaffold0025:9372371|9374159",6,NA,NA
"14310","scaffold0025:9372371|9383755",NA,NA,1
"14311","scaffold0025:9730765|9757218",2,NA,NA
"14312","scaffold0025:9730765|9804686",1,NA,NA
"14313","scaffold0026:10006110|10011639",NA,2,NA
"14314","scaffold0026:10006110|10020271",10,25,3
"14315","scaffold0026:10020133|10044275",5,9,2
"14316","scaffold0026:10020133|10063638",NA,1,NA
"14317","scaffold0026:10020133|10087127",4,NA,3
"14318","scaffold0026:10033036|10044275",34,7,3
"14319","scaffold0026:10033036|10063638",NA,12,NA
"14320","scaffold0026:10033036|10087127",6,NA,NA
"14321","scaffold0026:10044114|10087127",NA,2,3
"14322","scaffold0026:10058165|10087127",10,NA,NA
"14323","scaffold0026:10063540|10087127",NA,NA,4
"14324","scaffold0026:10080021|10087127",1,9,NA
"14325","scaffold0026:10188122|10191064",7,NA,NA
"14326","scaffold0026:10191064|10192215",NA,4,NA
"14327","scaffold0026:10251570|10256773",37,2,2
"14328","scaffold0026:10253428|10256773",2,NA,NA
"14329","scaffold0026:10262555|10265741",NA,13,NA
"14330","scaffold0026:10282769|10287300",NA,11,NA
"14331","scaffold0026:10287175|10289005",10,11,4
"14332","scaffold0026:10833612|10834763",NA,NA,10
"14333","scaffold0026:10833612|10876459",1,NA,NA
"14334","scaffold0026:10834206|10834763",22,19,15
"14335","scaffold0026:10834206|10876459",5,NA,NA
"14336","scaffold0026:10834206|10921850",NA,NA,2
"14337","scaffold0026:10921785|11010258",1,NA,NA
"14338","scaffold0026:11281193|11295899",NA,4,NA
"14339","scaffold0026:11301938|11309006",5,NA,NA
"14340","scaffold0026:11301938|11310632",2,NA,NA
"14341","scaffold0026:11308032|11312338",7,NA,1
"14342","scaffold0026:11310538|11319571",2,NA,NA
"14343","scaffold0026:11315941|11319571",2,NA,NA
"14344","scaffold0026:11315941|11332760",5,4,NA
"14345","scaffold0026:11371229|11393725",1,NA,NA
"14346","scaffold0026:11381322|11392972",19,57,12
"14347","scaffold0026:11391633|11392972",10,22,7
"14348","scaffold0026:11393564|11395237",13,NA,NA
"14349","scaffold0026:11415244|11433456",1,NA,NA
"14350","scaffold0026:11433286|11450009",1,NA,NA
"14351","scaffold0026:11433286|11452126",2,NA,NA
"14352","scaffold0026:11485783|11508367",7,NA,NA
"14353","scaffold0026:11492895|11506254",25,37,NA
"14354","scaffold0026:116249|116579",1,2,1
"14355","scaffold0026:120247|120577",2,6,NA
"14356","scaffold0026:1253952|1256726",61,24,8
"14357","scaffold0026:1268980|1274550",2,NA,3
"14358","scaffold0026:1300441|1300716",4,NA,NA
"14359","scaffold0026:1315252|1325500",2,NA,NA
"14360","scaffold0026:1315252|1336492",2,10,NA
"14361","scaffold0026:1323940|1336492",4,NA,3
"14362","scaffold0026:1327090|1327264",NA,NA,2
"14363","scaffold0026:1329541|1336492",5,NA,NA
"14364","scaffold0026:1330180|1331524",NA,2,NA
"14365","scaffold0026:1331298|1332102",12,NA,NA
"14366","scaffold0026:1333777|1336492",31,25,6
"14367","scaffold0026:1370448|1370646",NA,NA,3
"14368","scaffold0026:1409056|1409810",8,NA,NA
"14369","scaffold0026:1431386|1441155",1,NA,2
"14370","scaffold0026:1437575|1441155",24,NA,7
"14371","scaffold0026:1452667|1459414",40,NA,NA
"14372","scaffold0026:1452667|1487454",74,46,46
"14373","scaffold0026:1456925|1487454",NA,NA,25
"14374","scaffold0026:1475456|1487454",424,166,208
"14375","scaffold0026:1487262|1487454",2,NA,NA
"14376","scaffold0026:1519819|1520346",NA,NA,3
"14377","scaffold0026:1519819|1521526",NA,7,NA
"14378","scaffold0026:1520206|1521057",NA,2,NA
"14379","scaffold0026:1520346|1520945",1,NA,NA
"14380","scaffold0026:1523192|1523393",3,NA,NA
"14381","scaffold0026:16338184|16341224",NA,7,NA
"14382","scaffold0026:16525077|16550672",NA,3,NA
"14383","scaffold0026:16536168|16536373",NA,NA,1
"14384","scaffold0026:16536168|16538404",26,26,NA
"14385","scaffold0026:16536168|16550672",5,NA,3
"14386","scaffold0026:16542903|16546717",36,38,24
"14387","scaffold0026:16542903|16550672",NA,NA,7
"14388","scaffold0026:16697570|16719676",NA,NA,2
"14389","scaffold0026:16719514|16738915",NA,4,NA
"14390","scaffold0026:16721226|16731187",NA,NA,1
"14391","scaffold0026:16721226|16732371",6,NA,NA
"14392","scaffold0026:16721226|16770204",NA,23,NA
"14393","scaffold0026:16731060|16732371",NA,6,NA
"14394","scaffold0026:16731060|16738915",116,79,75
"14395","scaffold0026:16731060|16747093",340,223,186
"14396","scaffold0026:16731060|16770204",NA,NA,1
"14397","scaffold0026:16731060|16780852",24,14,4
"14398","scaffold0026:16731060|16802082",4,NA,1
"14399","scaffold0026:16735069|16738915",NA,1,NA
"14400","scaffold0026:16735069|16747093",269,253,164
"14401","scaffold0026:16735069|16780852",18,NA,4
"14402","scaffold0026:16735069|16802082",NA,NA,5
"14403","scaffold0026:16774303|16802082",19,5,16
"14404","scaffold0026:16780700|16802082",37,3,10
"14405","scaffold0026:16780700|16812711",NA,NA,3
"14406","scaffold0026:16801731|16802082",2,5,1
"14407","scaffold0026:16818667|16842542",NA,8,NA
"14408","scaffold0026:16818667|16949909",4,NA,NA
"14409","scaffold0026:16833631|16842542",3,NA,6
"14410","scaffold0026:16837417|16842542",25,36,NA
"14411","scaffold0026:16990076|16994169",11,NA,7
"14412","scaffold0026:1704455|1711553",71,64,25
"14413","scaffold0026:1711457|1718127",4,NA,NA
"14414","scaffold0026:1746466|1746720",2,NA,NA
"14415","scaffold0026:1746720|1747661",5,NA,NA
"14416","scaffold0026:1768286|1776612",NA,5,NA
"14417","scaffold0026:1772975|1781140",NA,NA,3
"14418","scaffold0026:1781059|1787527",NA,3,NA
"14419","scaffold0026:1786661|1792515",NA,NA,6
"14420","scaffold0026:1786661|1807962",5,NA,NA
"14421","scaffold0026:18500463|18506914",NA,4,NA
"14422","scaffold0026:1905774|1922175",1,NA,NA
"14423","scaffold0026:19093259|19143691",3,NA,NA
"14424","scaffold0026:19100466|19111529",NA,NA,6
"14425","scaffold0026:19100466|19143691",NA,NA,2
"14426","scaffold0026:19111370|19143691",3,NA,NA
"14427","scaffold0026:1913784|1920730",10,12,NA
"14428","scaffold0026:1913784|1922175",33,54,NA
"14429","scaffold0026:1916780|1920730",30,33,8
"14430","scaffold0026:19168337|19170776",10,NA,NA
"14431","scaffold0026:19192881|19206659",NA,NA,1
"14432","scaffold0026:19205040|19205335",15,10,5
"14433","scaffold0026:19206554|19210898",52,72,25
"14434","scaffold0026:19228581|19228744",NA,NA,5
"14435","scaffold0026:19228581|19236676",70,23,27
"14436","scaffold0026:19236585|19238422",NA,NA,5
"14437","scaffold0026:19295183|19295378",2,NA,NA
"14438","scaffold0026:19310992|19312691",21,4,8
"14439","scaffold0026:19310992|19317134",NA,NA,1
"14440","scaffold0026:19322511|19329232",2,NA,NA
"14441","scaffold0026:19326004|19329232",3,4,NA
"14442","scaffold0026:19326004|19361712",NA,NA,2
"14443","scaffold0026:19359177|19361712",NA,6,2
"14444","scaffold0026:19399249|19400509",NA,NA,2
"14445","scaffold0026:19400391|19403001",NA,NA,7
"14446","scaffold0026:19402810|19403001",2,NA,NA
"14447","scaffold0026:19423931|19424585",NA,4,NA
"14448","scaffold0026:19423931|19428073",6,NA,NA
"14449","scaffold0026:19462168|19467270",29,NA,2
"14450","scaffold0026:19462168|19469873",11,7,6
"14451","scaffold0026:19462168|19471590",11,4,3
"14452","scaffold0026:19469217|19469873",NA,NA,2
"14453","scaffold0026:19469217|19471590",NA,NA,1
"14454","scaffold0026:19470919|19471590",NA,2,1
"14455","scaffold0026:19894429|19896098",6,NA,29
"14456","scaffold0026:20343830|20348561",NA,23,NA
"14457","scaffold0026:20603155|20639359",5,NA,NA
"14458","scaffold0026:20622650|20639359",NA,NA,5
"14459","scaffold0026:20622650|20709192",2,NA,NA
"14460","scaffold0026:20709071|20768553",NA,NA,1
"14461","scaffold0026:20741558|20744838",7,NA,11
"14462","scaffold0026:20741558|20767810",3,NA,NA
"14463","scaffold0026:20741558|20774991",2,NA,NA
"14464","scaffold0026:20754973|20757955",5,6,NA
"14465","scaffold0026:20754973|20767810",NA,6,NA
"14466","scaffold0026:20754973|20768553",8,10,5
"14467","scaffold0026:20754973|20774991",19,27,6
"14468","scaffold0026:20754973|20776943",NA,9,5
"14469","scaffold0026:2079220|2081682",5,NA,NA
"14470","scaffold0026:20794952|20803553",NA,NA,1
"14471","scaffold0026:2086477|2093187",8,3,NA
"14472","scaffold0026:21123703|21124448",NA,NA,2
"14473","scaffold0026:21218221|21223551",15,3,4
"14474","scaffold0026:21244749|21251733",5,NA,NA
"14475","scaffold0026:21244749|21253377",NA,NA,3
"14476","scaffold0026:21249639|21258063",28,NA,11
"14477","scaffold0026:21251601|21253377",25,15,35
"14478","scaffold0026:21254909|21258063",29,56,23
"14479","scaffold0026:21260716|21261153",11,NA,NA
"14480","scaffold0026:21319024|21320311",3,NA,NA
"14481","scaffold0026:21339144|21340058",NA,NA,1
"14482","scaffold0026:21432413|21433975",1,1,NA
"14483","scaffold0026:21500252|21502069",10,NA,NA
"14484","scaffold0026:21586065|21586382",NA,3,NA
"14485","scaffold0026:21586065|21593380",NA,NA,6
"14486","scaffold0026:21595725|21595907",5,NA,NA
"14487","scaffold0026:21600292|21601548",NA,NA,2
"14488","scaffold0026:21741607|21741889",NA,3,NA
"14489","scaffold0026:22018939|22027031",98,61,30
"14490","scaffold0026:2204177|2207252",1,1,6
"14491","scaffold0026:22068936|22079417",NA,NA,2
"14492","scaffold0026:22127326|22129142",1,NA,NA
"14493","scaffold0026:22164375|22172136",1,5,3
"14494","scaffold0026:22165999|22166218",3,NA,NA
"14495","scaffold0026:22194323|22203381",NA,NA,4
"14496","scaffold0026:22362900|22364379",115,NA,38
"14497","scaffold0026:22426748|22453770",2,NA,NA
"14498","scaffold0026:22426748|22460154",1,NA,NA
"14499","scaffold0026:22439033|22453770",9,NA,NA
"14500","scaffold0026:22439033|22460154",1,NA,NA
"14501","scaffold0026:22453609|22460154",324,258,140
"14502","scaffold0026:22675399|22677187",2,NA,NA
"14503","scaffold0026:22720513|22742356",NA,5,NA
"14504","scaffold0026:22728223|22739924",1,NA,NA
"14505","scaffold0026:22733607|22742356",3,NA,NA
"14506","scaffold0026:22778530|22782286",10,32,15
"14507","scaffold0026:22796785|22804028",NA,NA,1
"14508","scaffold0026:22796785|22812984",NA,6,NA
"14509","scaffold0026:22800616|22804028",NA,20,NA
"14510","scaffold0026:22800616|22812984",4,NA,NA
"14511","scaffold0026:22803860|22806222",17,11,NA
"14512","scaffold0026:22880038|22883058",NA,NA,3
"14513","scaffold0026:22880038|22886539",NA,2,NA
"14514","scaffold0026:22882108|22883058",NA,NA,4
"14515","scaffold0026:2289031|2289525",4,NA,NA
"14516","scaffold0026:22898319|22902385",NA,8,5
"14517","scaffold0026:22903661|22905054",NA,6,4
"14518","scaffold0026:2290518|2290662",4,NA,NA
"14519","scaffold0026:22906229|22906643",2,NA,NA
"14520","scaffold0026:2294784|2295787",NA,NA,1
"14521","scaffold0026:2297663|2298089",NA,NA,3
"14522","scaffold0026:2309225|2309436",5,NA,NA
"14523","scaffold0026:23096884|23120644",1,10,5
"14524","scaffold0026:23100008|23120644",2,10,2
"14525","scaffold0026:23112477|23120644",NA,1,NA
"14526","scaffold0026:23112477|23137208",NA,14,5
"14527","scaffold0026:2313792|2314390",1,NA,1
"14528","scaffold0026:2321091|2321481",NA,6,NA
"14529","scaffold0026:2329159|2331089",1,NA,NA
"14530","scaffold0026:2335458|2335792",6,1,NA
"14531","scaffold0026:2335459|2335792",4,7,NA
"14532","scaffold0026:2363212|2369780",NA,NA,2
"14533","scaffold0026:2363212|2378835",1,NA,NA
"14534","scaffold0026:2365784|2378835",5,1,2
"14535","scaffold0026:2369663|2378835",4,2,2
"14536","scaffold0026:2373604|2378835",120,18,37
"14537","scaffold0026:2378664|2386428",5,NA,NA
"14538","scaffold0026:23926570|23933209",6,NA,NA
"14539","scaffold0026:23945312|23945755",NA,5,NA
"14540","scaffold0026:23945312|23951982",NA,NA,4
"14541","scaffold0026:23945312|23956897",29,NA,5
"14542","scaffold0026:23978910|24025135",3,NA,NA
"14543","scaffold0026:24001512|24025135",5,NA,NA
"14544","scaffold0026:24018720|24025135",3,NA,NA
"14545","scaffold0026:24350247|24350415",1,NA,NA
"14546","scaffold0026:24350249|24350415",4,NA,NA
"14547","scaffold0026:24364038|24366233",NA,NA,1
"14548","scaffold0026:24371694|24376585",1,NA,NA
"14549","scaffold0026:24373616|24377829",1,NA,NA
"14550","scaffold0026:24389448|24393545",45,NA,NA
"14551","scaffold0026:24397017|24400276",1,NA,NA
"14552","scaffold0026:24397017|24403520",4,NA,NA
"14553","scaffold0026:24397017|24418667",2,NA,NA
"14554","scaffold0026:24418482|24442068",1,NA,NA
"14555","scaffold0026:24433678|24440557",NA,NA,1
"14556","scaffold0026:24433678|24451586",51,18,26
"14557","scaffold0026:24439640|24442068",14,NA,NA
"14558","scaffold0026:24542637|24543051",6,NA,NA
"14559","scaffold0026:24542637|24588358",3,8,NA
"14560","scaffold0026:24597158|24604692",2,NA,NA
"14561","scaffold0026:24609329|24611350",NA,5,NA
"14562","scaffold0026:24742776|24747141",6,NA,NA
"14563","scaffold0026:24744243|24747141",NA,3,NA
"14564","scaffold0026:24747058|24750918",8,NA,1
"14565","scaffold0026:24747610|24750918",83,32,37
"14566","scaffold0026:262023|272072",2,NA,NA
"14567","scaffold0026:268193|272072",28,15,48
"14568","scaffold0026:313931|317172",NA,NA,1
"14569","scaffold0026:314108|315224",NA,6,NA
"14570","scaffold0026:317894|320947",3,NA,NA
"14571","scaffold0026:3436226|3448074",NA,NA,2
"14572","scaffold0026:3537622|3537827",NA,NA,3
"14573","scaffold0026:3537622|3537828",2,NA,NA
"14574","scaffold0026:3544506|3545518",3,NA,NA
"14575","scaffold0026:3588284|3596524",8,NA,6
"14576","scaffold0026:3672762|3681846",NA,NA,3
"14577","scaffold0026:3681724|3687279",NA,3,NA
"14578","scaffold0026:3681855|3682559",NA,6,NA
"14579","scaffold0026:3709547|3715627",88,53,34
"14580","scaffold0026:373248|378004",NA,7,NA
"14581","scaffold0026:3794453|3794976",28,NA,1
"14582","scaffold0026:3799261|3801964",4,NA,NA
"14583","scaffold0026:3817100|3836249",NA,2,NA
"14584","scaffold0026:4121626|4127737",NA,NA,5
"14585","scaffold0026:4145385|4147340",67,33,32
"14586","scaffold0026:4145385|4152504",297,167,215
"14587","scaffold0026:4145385|4181278",3,NA,NA
"14588","scaffold0026:4147247|4152504",NA,15,5
"14589","scaffold0026:4151877|4152504",28,1,13
"14590","scaffold0026:4285492|4285861",1915,2006,2232
"14591","scaffold0026:447637|448024",4,NA,NA
"14592","scaffold0026:537626|538393",1,NA,NA
"14593","scaffold0026:573175|573768",4,NA,2
"14594","scaffold0026:578593|579171",NA,NA,9
"14595","scaffold0026:5951730|5978373",3,NA,NA
"14596","scaffold0026:5955646|5957027",NA,NA,3
"14597","scaffold0026:5955646|5978373",13,NA,5
"14598","scaffold0026:5964090|5978373",12,2,NA
"14599","scaffold0026:5973177|5978373",307,190,145
"14600","scaffold0026:6134550|6144067",1,NA,NA
"14601","scaffold0026:6140220|6144067",2,NA,3
"14602","scaffold0026:6140220|6147752",4,9,NA
"14603","scaffold0026:6140220|6153690",NA,NA,5
"14604","scaffold0026:6147630|6153690",1,NA,NA
"14605","scaffold0026:6151772|6153690",4,NA,4
"14606","scaffold0026:6151772|6159219",5,NA,NA
"14607","scaffold0026:6159134|6163742",NA,1,NA
"14608","scaffold0026:6228684|6228943",583,312,367
"14609","scaffold0026:6271681|6272442",2,NA,NA
"14610","scaffold0026:661235|661544",4,NA,NA
"14611","scaffold0026:662311|662575",NA,NA,5
"14612","scaffold0026:6803448|6805621",4,6,9
"14613","scaffold0026:700289|700690",NA,2,NA
"14614","scaffold0026:7008279|7014792",2,NA,NA
"14615","scaffold0026:7008279|7016790",NA,5,NA
"14616","scaffold0026:7012843|7014792",NA,NA,10
"14617","scaffold0026:7012843|7016790",4,4,NA
"14618","scaffold0026:7012843|7018790",NA,NA,5
"14619","scaffold0026:7012843|7028780",NA,NA,1
"14620","scaffold0026:7013662|7016210",67,46,19
"14621","scaffold0026:7013662|7016790",6,NA,NA
"14622","scaffold0026:7013662|7020484",2,3,3
"14623","scaffold0026:702025|704970",NA,NA,2
"14624","scaffold0026:7031077|7031210",6,NA,NA
"14625","scaffold0026:7031991|7033781",NA,NA,2
"14626","scaffold0026:7031991|7036088",2,NA,NA
"14627","scaffold0026:7047225|7050294",2,NA,NA
"14628","scaffold0026:709553|709806",NA,2,NA
"14629","scaffold0026:7582803|7586278",3,NA,NA
"14630","scaffold0026:7591106|7594981",16,5,NA
"14631","scaffold0026:7793261|7793507",NA,2,NA
"14632","scaffold0026:7793261|7795592",4,NA,NA
"14633","scaffold0026:8263503|8266820",NA,NA,6
"14634","scaffold0026:8268772|8272168",2,NA,NA
"14635","scaffold0026:8391011|8459417",15,NA,NA
"14636","scaffold0026:8439463|8459417",NA,NA,11
"14637","scaffold0026:8608988|8609562",5,NA,1
"14638","scaffold0026:8691436|8693215",NA,2,NA
"14639","scaffold0026:8768671|8780315",14,NA,7
"14640","scaffold0026:9041458|9042103",NA,NA,8
"14641","scaffold0026:9075540|9078110",15,NA,9
"14642","scaffold0026:9077254|9080781",NA,NA,9
"14643","scaffold0026:9270894|9271125",7,NA,NA
"14644","scaffold0026:9577914|9586970",3,NA,1
"14645","scaffold0026:9586824|9591259",NA,6,NA
"14646","scaffold0026:9939530|9941709",2,2,NA
"14647","scaffold0026:9939530|9966479",NA,7,NA
"14648","scaffold0026:9963717|9976999",NA,NA,1
"14649","scaffold0026:9963717|9979660",1,NA,NA
"14650","scaffold0026:9966348|9976999",3,NA,NA
"14651","scaffold0026:9976877|10011639",1,NA,1
"14652","scaffold0026:9979538|10011639",1,NA,1
"14653","scaffold0027:100702|109925",NA,NA,2
"14654","scaffold0027:10331107|10339121",NA,NA,2
"14655","scaffold0027:10403992|10406797",NA,NA,1
"14656","scaffold0027:10406601|10407853",4,NA,4
"14657","scaffold0027:10421289|10423796",NA,NA,3
"14658","scaffold0027:10423676|10424518",8,NA,NA
"14659","scaffold0027:10424323|10424518",129,74,33
"14660","scaffold0027:10424323|10427415",14,8,NA
"14661","scaffold0027:10428341|10431143",2,5,9
"14662","scaffold0027:10483544|10492100",1,NA,NA
"14663","scaffold0027:10491845|10492100",NA,NA,9
"14664","scaffold0027:10519918|10522476",NA,27,11
"14665","scaffold0027:10705499|10706100",NA,13,NA
"14666","scaffold0027:10720141|10723493",NA,NA,1
"14667","scaffold0027:10812010|10815817",NA,NA,1
"14668","scaffold0027:108149|111228",NA,4,NA
"14669","scaffold0027:10867945|10871577",18,15,NA
"14670","scaffold0027:1089310|1090349",97,52,23
"14671","scaffold0027:10939865|10943931",NA,2,NA
"14672","scaffold0027:10956120|10960409",7,NA,NA
"14673","scaffold0027:1096637|1099487",NA,NA,8
"14674","scaffold0027:1096637|1100769",NA,6,NA
"14675","scaffold0027:109691|109925",9,NA,12
"14676","scaffold0027:109691|111228",5,NA,6
"14677","scaffold0027:1097765|1099487",19,12,36
"14678","scaffold0027:1100606|1103507",1,NA,NA
"14679","scaffold0027:11098520|11100156",NA,NA,1
"14680","scaffold0027:11204018|11205945",NA,NA,1
"14681","scaffold0027:11204018|11211981",3,NA,6
"14682","scaffold0027:11205353|11205945",NA,1,NA
"14683","scaffold0027:11205353|11208712",6,NA,NA
"14684","scaffold0027:11316522|11321929",12,NA,NA
"14685","scaffold0027:11337160|11346707",2,NA,NA
"14686","scaffold0027:11353013|11353697",NA,NA,6
"14687","scaffold0027:11360735|11373396",14,NA,NA
"14688","scaffold0027:12219918|12221283",12,NA,2
"14689","scaffold0027:12249329|12252082",NA,8,NA
"14690","scaffold0027:12250667|12252082",NA,NA,4
"14691","scaffold0027:12368405|12376384",4,NA,NA
"14692","scaffold0027:12371822|12372017",NA,NA,6
"14693","scaffold0027:12391597|12392009",3,11,3
"14694","scaffold0027:12417475|12418470",3,NA,NA
"14695","scaffold0027:12420176|12426897",NA,9,2
"14696","scaffold0027:12421945|12424760",2,NA,2
"14697","scaffold0027:12440519|12442578",1,NA,NA
"14698","scaffold0027:12459937|12460880",17,NA,NA
"14699","scaffold0027:12497087|12497406",4,NA,NA
"14700","scaffold0027:12506771|12507171",NA,NA,6
"14701","scaffold0027:12532971|12533157",NA,NA,3
"14702","scaffold0027:12546236|12557542",8,11,NA
"14703","scaffold0027:12556894|12557542",222,150,129
"14704","scaffold0027:12556894|12613876",NA,NA,1
"14705","scaffold0027:12581628|12613876",4,NA,NA
"14706","scaffold0027:12829554|12839804",NA,10,NA
"14707","scaffold0027:12901190|12912867",1,NA,1
"14708","scaffold0027:12911379|12912867",1,NA,NA
"14709","scaffold0027:1292771|1293362",6,NA,NA
"14710","scaffold0027:1312968|1315887",1,NA,NA
"14711","scaffold0027:132564|132961",27,15,11
"14712","scaffold0027:132564|135819",17,NA,4
"14713","scaffold0027:132564|137095",4,NA,NA
"14714","scaffold0027:13341283|13341779",6,NA,NA
"14715","scaffold0027:13359373|13366232",NA,NA,3
"14716","scaffold0027:13403042|13406168",27,78,15
"14717","scaffold0027:13406008|13410059",4,NA,NA
"14718","scaffold0027:13409968|13420853",4,NA,NA
"14719","scaffold0027:13409968|13423794",3,NA,8
"14720","scaffold0027:13414092|13423794",1,NA,NA
"14721","scaffold0027:13457276|13461259",NA,NA,2
"14722","scaffold0027:13457276|13476208",3,NA,NA
"14723","scaffold0027:13459677|13466504",2,NA,NA
"14724","scaffold0027:13466331|13488190",5,NA,NA
"14725","scaffold0027:13471709|13476208",1,3,2
"14726","scaffold0027:13471709|13481407",1,NA,NA
"14727","scaffold0027:13474234|13476208",16,4,4
"14728","scaffold0027:13484701|13488190",4,NA,NA
"14729","scaffold0027:13487380|13501268",7,NA,NA
"14730","scaffold0027:13497036|13508385",13,9,7
"14731","scaffold0027:13516004|13536676",NA,NA,1
"14732","scaffold0027:13516004|13563414",5,NA,NA
"14733","scaffold0027:13535839|13546000",NA,10,3
"14734","scaffold0027:13535839|13564146",2,1,NA
"14735","scaffold0027:13556425|13564146",5,NA,2
"14736","scaffold0027:13556425|13580154",1,NA,NA
"14737","scaffold0027:13563299|13564146",15,7,NA
"14738","scaffold0027:13563299|13580154",NA,3,7
"14739","scaffold0027:13563299|13603379",NA,5,1
"14740","scaffold0027:1357286|1367342",3,NA,7
"14741","scaffold0027:13580058|13603379",2,22,3
"14742","scaffold0027:1367152|1372614",NA,NA,3
"14743","scaffold0027:13707390|13714073",5,NA,NA
"14744","scaffold0027:13726542|13728211",16,15,NA
"14745","scaffold0027:13730688|13739024",5,NA,NA
"14746","scaffold0027:13738811|13744174",10,NA,NA
"14747","scaffold0027:13738811|13752761",NA,NA,2
"14748","scaffold0027:13744032|13752761",NA,6,NA
"14749","scaffold0027:1386822|1386990",NA,NA,2
"14750","scaffold0027:13890167|13894531",NA,NA,1
"14751","scaffold0027:14000868|14001995",3,NA,NA
"14752","scaffold0027:14007688|14012467",18,24,14
"14753","scaffold0027:14007688|14013739",28,NA,17
"14754","scaffold0027:14009633|14013739",3,NA,NA
"14755","scaffold0027:14011267|14013739",4,NA,NA
"14756","scaffold0027:14013541|14018308",11,NA,5
"14757","scaffold0027:14021029|14024865",1,13,7
"14758","scaffold0027:14028240|14029432",NA,7,5
"14759","scaffold0027:14028240|14033405",5,NA,NA
"14760","scaffold0027:14029304|14033405",3,NA,NA
"14761","scaffold0027:14032132|14033405",NA,NA,3
"14762","scaffold0027:14069594|14070219",1,NA,NA
"14763","scaffold0027:14072206|14074219",5,NA,NA
"14764","scaffold0027:14077832|14079196",NA,NA,1
"14765","scaffold0027:14107714|14117825",5,NA,NA
"14766","scaffold0027:14112346|14112498",NA,1,NA
"14767","scaffold0027:14281375|14286388",18,17,14
"14768","scaffold0027:14281375|14287794",11,16,10
"14769","scaffold0027:143720|147989",1,NA,NA
"14770","scaffold0027:15009164|15031139",2,3,1
"14771","scaffold0027:15009164|15038254",NA,14,NA
"14772","scaffold0027:15023163|15031139",2,NA,NA
"14773","scaffold0027:15031005|15035472",NA,4,NA
"14774","scaffold0027:15033668|15035472",NA,10,NA
"14775","scaffold0027:15053049|15058382",NA,NA,2
"14776","scaffold0027:15057677|15058382",NA,NA,6
"14777","scaffold0027:15232689|15241448",1,NA,NA
"14778","scaffold0027:15236743|15241448",1,NA,NA
"14779","scaffold0027:15239597|15241448",5,NA,4
"14780","scaffold0027:15241271|15249984",1,NA,NA
"14781","scaffold0027:15246262|15249984",NA,12,5
"14782","scaffold0027:15483774|15484613",NA,NA,6
"14783","scaffold0027:15521522|15522062",4,NA,NA
"14784","scaffold0027:15552269|15557714",NA,NA,1
"14785","scaffold0027:15552269|15561471",NA,8,NA
"14786","scaffold0027:15572138|15575165",11,NA,NA
"14787","scaffold0027:15573250|15575165",8,NA,NA
"14788","scaffold0027:15734849|15747632",NA,NA,6
"14789","scaffold0027:15746341|15746699",NA,NA,9
"14790","scaffold0027:15882381|15887973",10,11,NA
"14791","scaffold0027:16062493|16065083",10,18,12
"14792","scaffold0027:16063113|16065083",NA,NA,2
"14793","scaffold0027:16077523|16077955",9,NA,NA
"14794","scaffold0027:16077523|16078511",NA,NA,3
"14795","scaffold0027:16077800|16078511",NA,2,NA
"14796","scaffold0027:16078583|16078748",NA,NA,2
"14797","scaffold0027:16078583|16079240",NA,1,1
"14798","scaffold0027:160926|182274",4,NA,NA
"14799","scaffold0027:16129279|16130612",NA,4,NA
"14800","scaffold0027:16133283|16135417",7,NA,4
"14801","scaffold0027:16147584|16153453",20,3,1
"14802","scaffold0027:16147584|16155806",4,4,1
"14803","scaffold0027:16245976|16268532",NA,5,NA
"14804","scaffold0027:16263465|16268532",103,24,23
"14805","scaffold0027:16930196|16941457",NA,NA,2
"14806","scaffold0027:16969370|16970448",2,NA,NA
"14807","scaffold0027:16978604|16999243",NA,6,NA
"14808","scaffold0027:17040166|17041775",NA,NA,9
"14809","scaffold0027:17050|22429",6,NA,6
"14810","scaffold0027:17059068|17064071",2,NA,NA
"14811","scaffold0027:17059068|17065044",1,NA,NA
"14812","scaffold0027:17059068|17065987",NA,30,4
"14813","scaffold0027:17059068|17069251",4,NA,9
"14814","scaffold0027:17059068|17072327",3,NA,5
"14815","scaffold0027:17060673|17069251",12,NA,NA
"14816","scaffold0027:17060673|17072327",6,NA,NA
"14817","scaffold0027:17305649|17346242",4,NA,NA
"14818","scaffold0027:17379644|17410168",80,40,NA
"14819","scaffold0027:17379644|17446013",8,NA,NA
"14820","scaffold0027:17379644|17476424",NA,16,2
"14821","scaffold0027:17399512|17400749",6,NA,NA
"14822","scaffold0027:17399512|17410168",172,139,NA
"14823","scaffold0027:17399512|17435373",14,NA,2
"14824","scaffold0027:17399512|17446013",125,88,NA
"14825","scaffold0027:17399512|17476424",14,NA,3
"14826","scaffold0027:17410119|17446013",26,NA,NA
"14827","scaffold0027:17410119|17476424",NA,NA,2
"14828","scaffold0027:17435268|17446013",841,253,127
"14829","scaffold0027:17435268|17476424",84,65,10
"14830","scaffold0027:17435268|17485539",NA,NA,8
"14831","scaffold0027:17444454|17476424",8,9,NA
"14832","scaffold0027:17515653|17516122",4,6,1
"14833","scaffold0027:17677866|17678659",4,NA,NA
"14834","scaffold0027:17680601|17680824",6,NA,NA
"14835","scaffold0027:17799848|17800062",NA,2,NA
"14836","scaffold0027:17959455|17960265",NA,NA,9
"14837","scaffold0027:179667|196404",10,NA,NA
"14838","scaffold0027:18155060|18169361",4,NA,NA
"14839","scaffold0027:18169188|18169361",NA,NA,4
"14840","scaffold0027:18171672|18172242",1,NA,NA
"14841","scaffold0027:18171672|18173294",NA,NA,5
"14842","scaffold0027:18175613|18179587",1,NA,NA
"14843","scaffold0027:18175931|18176405",NA,NA,5
"14844","scaffold0027:18177862|18177975",1,NA,NA
"14845","scaffold0027:18179182|18179306",2,NA,NA
"14846","scaffold0027:18179182|18179587",NA,NA,5
"14847","scaffold0027:18184101|18191614",NA,NA,5
"14848","scaffold0027:18191387|18191614",2,NA,NA
"14849","scaffold0027:18214112|18234412",9,8,3
"14850","scaffold0027:18214112|18235832",6,11,3
"14851","scaffold0027:18214112|18260378",3,NA,NA
"14852","scaffold0027:18217812|18222735",NA,NA,5
"14853","scaffold0027:18217812|18230508",8,NA,10
"14854","scaffold0027:18222293|18230508",1,3,5
"14855","scaffold0027:18222293|18235832",2,2,3
"14856","scaffold0027:18474768|18496376",3,NA,NA
"14857","scaffold0027:18570696|18575388",5,NA,NA
"14858","scaffold0027:18578280|18580957",12,NA,10
"14859","scaffold0027:18582967|18594744",4,NA,NA
"14860","scaffold0027:18619024|18623526",20,6,2
"14861","scaffold0027:18619024|18643961",7,NA,NA
"14862","scaffold0027:18621546|18623526",NA,1,NA
"14863","scaffold0027:18621546|18638613",1,NA,NA
"14864","scaffold0027:18636002|18645445",2,NA,NA
"14865","scaffold0027:18636002|18650702",1,NA,NA
"14866","scaffold0027:18787933|18841616",NA,4,NA
"14867","scaffold0027:18841487|18856157",NA,9,NA
"14868","scaffold0027:18881270|18881442",NA,1,NA
"14869","scaffold0027:19200905|19202842",NA,NA,3
"14870","scaffold0027:19203431|19203602",NA,7,NA
"14871","scaffold0027:19249958|19251672",1,NA,NA
"14872","scaffold0027:19249958|19253989",NA,NA,2
"14873","scaffold0027:19337596|19340553",3,NA,NA
"14874","scaffold0027:19352057|19353142",2,8,4
"14875","scaffold0027:19352057|19354531",3,NA,NA
"14876","scaffold0027:19697651|19697872",4,NA,NA
"14877","scaffold0027:19697652|19697872",3,NA,NA
"14878","scaffold0027:19720828|19720961",NA,NA,1
"14879","scaffold0027:19720828|19724159",2,NA,NA
"14880","scaffold0027:19829848|19833921",2,NA,NA
"14881","scaffold0027:19830684|19833645",NA,NA,7
"14882","scaffold0027:19831663|19837200",NA,NA,1
"14883","scaffold0027:19848549|19848777",5,NA,NA
"14884","scaffold0027:19894065|19898161",NA,NA,8
"14885","scaffold0027:19956449|19958892",NA,21,NA
"14886","scaffold0027:20019011|20031221",NA,3,NA
"14887","scaffold0027:20019011|20043367",1,NA,NA
"14888","scaffold0027:20019011|20045854",1,NA,NA
"14889","scaffold0027:20026248|20038713",NA,NA,1
"14890","scaffold0027:20030998|20034184",3,6,NA
"14891","scaffold0027:20036264|20038713",NA,NA,1
"14892","scaffold0027:20041848|20043367",1,NA,NA
"14893","scaffold0027:20053122|20055692",4,NA,NA
"14894","scaffold0027:20080689|20081200",NA,11,NA
"14895","scaffold0027:20080689|20089003",2,NA,NA
"14896","scaffold0027:20081024|20152315",2,NA,NA
"14897","scaffold0027:20099076|20099989",NA,NA,1
"14898","scaffold0027:20105917|20107071",20,6,6
"14899","scaffold0027:20105917|20119578",3,NA,NA
"14900","scaffold0027:20149308|20152315",66,26,26
"14901","scaffold0027:20149308|20184790",NA,NA,1
"14902","scaffold0027:20184658|20193063",NA,NA,4
"14903","scaffold0027:20192822|20193063",16,12,NA
"14904","scaffold0027:20207|21310",1,NA,NA
"14905","scaffold0027:20236532|20236771",NA,NA,3
"14906","scaffold0027:20236532|20238012",20,31,NA
"14907","scaffold0027:20463354|20485856",342,368,211
"14908","scaffold0027:20463354|20491921",120,127,116
"14909","scaffold0027:20476521|20485856",97,160,89
"14910","scaffold0027:20476521|20491921",84,129,114
"14911","scaffold0027:20730020|20730178",NA,7,NA
"14912","scaffold0027:21180726|21182107",12,NA,NA
"14913","scaffold0027:21213308|21214098",9,NA,NA
"14914","scaffold0027:21213308|21214907",3,NA,NA
"14915","scaffold0027:21321913|21333266",1,6,NA
"14916","scaffold0027:21349823|21360756",NA,1,NA
"14917","scaffold0027:21368963|21384522",1,NA,NA
"14918","scaffold0027:21501992|21512279",2,NA,NA
"14919","scaffold0027:21505838|21507189",NA,NA,4
"14920","scaffold0027:21553133|21557702",NA,3,1
"14921","scaffold0027:21553133|21560396",NA,NA,1
"14922","scaffold0027:21553133|21562617",212,129,132
"14923","scaffold0027:21553133|21567024",20,NA,6
"14924","scaffold0027:21555670|21557702",NA,7,NA
"14925","scaffold0027:21555670|21562617",6,NA,NA
"14926","scaffold0027:21555907|21557574",1,NA,NA
"14927","scaffold0027:21560268|21562617",3,NA,NA
"14928","scaffold0027:21607981|21608551",4,NA,NA
"14929","scaffold0027:21607981|21611594",NA,3,NA
"14930","scaffold0027:21625171|21625975",NA,12,NA
"14931","scaffold0027:21710904|21714797",306,215,313
"14932","scaffold0027:21714320|21714797",NA,2,NA
"14933","scaffold0027:21735186|21737336",1,NA,NA
"14934","scaffold0027:21735186|21741293",3,NA,9
"14935","scaffold0027:21741141|21745118",20,36,24
"14936","scaffold0027:21744554|21745118",11,8,NA
"14937","scaffold0027:21744554|21748083",7,NA,2
"14938","scaffold0027:21746852|21748083",1,NA,14
"14939","scaffold0027:21760823|21760982",2,NA,NA
"14940","scaffold0027:21766703|21766936",10,NA,NA
"14941","scaffold0027:21965816|21993883",4,NA,NA
"14942","scaffold0027:21986152|21993883",7,NA,NA
"14943","scaffold0027:21986152|21995953",167,67,134
"14944","scaffold0027:21993766|21995953",37,57,35
"14945","scaffold0027:21995686|21995953",51,39,42
"14946","scaffold0027:22803142|22803774",5,NA,NA
"14947","scaffold0027:22804463|22804698",8,NA,NA
"14948","scaffold0027:22809907|22811489",NA,4,12
"14949","scaffold0027:22821215|22822072",NA,NA,2
"14950","scaffold0027:2307269|2312656",9,NA,NA
"14951","scaffold0027:23208090|23254650",NA,NA,1
"14952","scaffold0027:23254300|23254650",3,NA,NA
"14953","scaffold0027:2350174|2351930",NA,2,NA
"14954","scaffold0027:23584873|23585658",1,NA,NA
"14955","scaffold0027:23622600|23625067",NA,4,NA
"14956","scaffold0027:23765326|23765683",1,NA,2
"14957","scaffold0027:23854349|23858906",NA,NA,3
"14958","scaffold0027:23866258|23876229",24,NA,9
"14959","scaffold0027:23866258|23920417",11,NA,8
"14960","scaffold0027:23869180|23876229",8,11,NA
"14961","scaffold0027:23917593|23920417",107,196,68
"14962","scaffold0027:23919151|23920417",2,1,2
"14963","scaffold0027:23960093|23960366",NA,2,NA
"14964","scaffold0027:23983274|23984076",NA,5,NA
"14965","scaffold0027:24066170|24067409",3,NA,NA
"14966","scaffold0027:24090161|24098190",3,NA,19
"14967","scaffold0027:24110503|24114682",NA,NA,3
"14968","scaffold0027:24128725|24130579",10,6,NA
"14969","scaffold0027:24129344|24129895",NA,3,NA
"14970","scaffold0027:24136287|24136594",8,NA,NA
"14971","scaffold0027:24145224|24145387",NA,NA,1
"14972","scaffold0027:24148338|24148510",4,NA,5
"14973","scaffold0027:2421803|2422059",NA,NA,1
"14974","scaffold0027:2423995|2424635",4,NA,NA
"14975","scaffold0027:24256180|24256727",NA,NA,3
"14976","scaffold0027:24258608|24260444",1,NA,NA
"14977","scaffold0027:24259077|24259798",NA,NA,11
"14978","scaffold0027:2427329|2429476",NA,4,NA
"14979","scaffold0027:24275810|24276611",2,NA,NA
"14980","scaffold0027:2428197|2429476",NA,4,3
"14981","scaffold0027:24324438|24330927",3,NA,NA
"14982","scaffold0027:24329802|24330011",NA,2,NA
"14983","scaffold0027:24341|31449",4,NA,NA
"14984","scaffold0027:24379093|24383045",1,8,NA
"14985","scaffold0027:24391444|24391815",NA,NA,3
"14986","scaffold0027:24398149|24398957",1,NA,1
"14987","scaffold0027:24542640|24542804",NA,NA,7
"14988","scaffold0027:24571539|24571924",1,NA,NA
"14989","scaffold0027:24572582|24572889",NA,NA,2
"14990","scaffold0027:24574494|24575107",2,1,NA
"14991","scaffold0027:2520904|2524175",NA,NA,2
"14992","scaffold0027:2529829|2536554",4,4,NA
"14993","scaffold0027:2529829|2544060",NA,NA,1
"14994","scaffold0027:2532064|2536554",NA,27,NA
"14995","scaffold0027:2535990|2536554",7,12,5
"14996","scaffold0027:2535990|2539285",255,50,60
"14997","scaffold0027:2535990|2575970",NA,NA,7
"14998","scaffold0027:2539165|2575970",3,NA,NA
"14999","scaffold0027:2575833|2577239",170,54,42
"15000","scaffold0027:2575833|2577870",36,18,11
"15001","scaffold0027:2577030|2577870",5,2,NA
"15002","scaffold0027:2631632|2632068",16,16,NA
"15003","scaffold0027:2645875|2646268",1,NA,NA
"15004","scaffold0027:2700419|2701016",3,NA,7
"15005","scaffold0027:2702217|2708678",3,NA,NA
"15006","scaffold0027:2707563|2708678",201,85,99
"15007","scaffold0027:2707563|2709301",3,NA,NA
"15008","scaffold0027:2711592|2713217",5,6,3
"15009","scaffold0027:2859037|2860534",NA,NA,8
"15010","scaffold0027:2922753|2923280",1,NA,2
"15011","scaffold0027:2963101|2970643",NA,NA,1
"15012","scaffold0027:2966369|2970643",38,40,11
"15013","scaffold0027:2974579|2979991",28,NA,9
"15014","scaffold0027:2977620|2997700",1,NA,NA
"15015","scaffold0027:2995746|2997700",47,26,14
"15016","scaffold0027:3025350|3026184",4,NA,NA
"15017","scaffold0027:3044215|3049203",4,NA,3
"15018","scaffold0027:3048705|3049203",147,70,138
"15019","scaffold0027:3059381|3062085",9,1,15
"15020","scaffold0027:3169311|3169808",3,NA,NA
"15021","scaffold0027:3169311|3172306",132,41,39
"15022","scaffold0027:3202336|3202792",26,5,8
"15023","scaffold0027:3209097|3209347",1,NA,NA
"15024","scaffold0027:3209097|3209617",33,29,18
"15025","scaffold0027:3230423|3234588",NA,6,7
"15026","scaffold0027:3327670|3328903",1,NA,NA
"15027","scaffold0027:38138|39221",3,NA,NA
"15028","scaffold0027:4089153|4200762",NA,NA,2
"15029","scaffold0027:4237434|4241836",NA,1,NA
"15030","scaffold0027:431737|439127",NA,3,NA
"15031","scaffold0027:4551985|4557055",NA,NA,2
"15032","scaffold0027:4553999|4554580",1,NA,NA
"15033","scaffold0027:4600880|4601376",NA,15,NA
"15034","scaffold0027:4762421|4765997",6,NA,1
"15035","scaffold0027:4819976|4821525",226,284,141
"15036","scaffold0027:4819976|4826689",5,NA,NA
"15037","scaffold0027:4819976|4829271",5,5,1
"15038","scaffold0027:4823678|4829271",4,8,8
"15039","scaffold0027:5008045|5009394",5,NA,NA
"15040","scaffold0027:5128016|5133425",NA,NA,1
"15041","scaffold0027:5171540|5172437",2,NA,NA
"15042","scaffold0027:5177182|5188038",17,NA,7
"15043","scaffold0027:5202877|5203030",3,NA,11
"15044","scaffold0027:5203062|5203308",9,NA,NA
"15045","scaffold0027:5231675|5232035",NA,NA,1
"15046","scaffold0027:5266164|5266359",NA,1,NA
"15047","scaffold0027:52792|53611",NA,7,NA
"15048","scaffold0027:5290307|5293273",11,22,1
"15049","scaffold0027:5295045|5297271",8,NA,3
"15050","scaffold0027:5295045|5298363",11,NA,5
"15051","scaffold0027:5295177|5295822",NA,NA,1
"15052","scaffold0027:5584998|5588370",NA,NA,4
"15053","scaffold0027:5634157|5634963",NA,NA,4
"15054","scaffold0027:5648299|5649404",NA,5,NA
"15055","scaffold0027:5691015|5692614",NA,10,NA
"15056","scaffold0027:57209|58534",NA,6,5
"15057","scaffold0027:5839678|5849116",5,17,3
"15058","scaffold0027:5839678|5855909",NA,NA,1
"15059","scaffold0027:5839678|5859971",NA,NA,4
"15060","scaffold0027:5839678|5864212",NA,NA,2
"15061","scaffold0027:5855851|5859971",3,NA,NA
"15062","scaffold0027:5855851|5864212",2,NA,NA
"15063","scaffold0027:5879168|5880832",6,NA,NA
"15064","scaffold0027:5880666|5902029",5,7,3
"15065","scaffold0027:5880666|5908788",3,4,2
"15066","scaffold0027:5914635|5921570",NA,NA,2
"15067","scaffold0027:5914635|5932074",NA,NA,2
"15068","scaffold0027:6085290|6085664",6,NA,1
"15069","scaffold0027:6085290|6107492",14,11,NA
"15070","scaffold0027:6085290|6126546",NA,NA,2
"15071","scaffold0027:6107423|6126546",1,NA,NA
"15072","scaffold0027:6125292|6126546",633,400,356
"15073","scaffold0027:6125292|6139604",34,5,19
"15074","scaffold0027:6125295|6126546",31,35,42
"15075","scaffold0027:6125295|6139604",NA,9,15
"15076","scaffold0027:6125295|6150022",3,NA,NA
"15077","scaffold0027:6137228|6139604",27,10,43
"15078","scaffold0027:6137228|6150022",3,NA,5
"15079","scaffold0027:6137228|6154022",2,6,NA
"15080","scaffold0027:6139333|6161347",3,NA,NA
"15081","scaffold0027:6148676|6154022",5,NA,6
"15082","scaffold0027:6148676|6162655",NA,6,NA
"15083","scaffold0027:6158345|6162655",NA,4,NA
"15084","scaffold0027:6161050|6162655",NA,NA,1
"15085","scaffold0027:6175162|6177109",4,NA,NA
"15086","scaffold0027:6175162|6179676",NA,5,NA
"15087","scaffold0027:6175162|6183110",NA,9,NA
"15088","scaffold0027:6176979|6183110",2,NA,NA
"15089","scaffold0027:6176979|6190440",NA,NA,1
"15090","scaffold0027:6179547|6183110",13,3,NA
"15091","scaffold0027:6182972|6190440",3,NA,10
"15092","scaffold0027:6186543|6190440",12,NA,6
"15093","scaffold0027:6335942|6336129",NA,NA,2
"15094","scaffold0027:6336671|6338052",1,NA,NA
"15095","scaffold0027:7204467|7209042",2,NA,1
"15096","scaffold0027:7205694|7209042",NA,NA,1
"15097","scaffold0027:7207187|7209042",NA,NA,3
"15098","scaffold0027:7241280|7241486",1,NA,NA
"15099","scaffold0027:7247824|7254140",30,6,8
"15100","scaffold0027:7247824|7255317",8,4,4
"15101","scaffold0027:7262287|7264988",NA,1,NA
"15102","scaffold0027:7262287|7271777",1,NA,NA
"15103","scaffold0027:7263970|7264988",1,1,NA
"15104","scaffold0027:7263970|7271777",1,NA,NA
"15105","scaffold0027:7447910|7448347",1,NA,NA
"15106","scaffold0027:7465671|7469204",NA,NA,1
"15107","scaffold0027:7469072|7471384",16,NA,7
"15108","scaffold0027:7544041|7547475",8,NA,NA
"15109","scaffold0027:7557853|7560211",NA,4,NA
"15110","scaffold0027:7585451|7586278",4,4,NA
"15111","scaffold0027:7593441|7596790",7,NA,5
"15112","scaffold0027:7594580|7596790",NA,3,NA
"15113","scaffold0027:7979252|7999444",7,6,NA
"15114","scaffold0027:7994439|7999444",NA,NA,3
"15115","scaffold0027:8058369|8058680",4,NA,5
"15116","scaffold0027:8215153|8216086",52,27,10
"15117","scaffold0027:8434355|8434872",NA,NA,1
"15118","scaffold0027:8438289|8440887",29,23,1
"15119","scaffold0027:8533966|8538434",2,NA,NA
"15120","scaffold0027:8537860|8538434",26,NA,NA
"15121","scaffold0027:8537860|8556634",4,7,NA
"15122","scaffold0027:8556550|8558513",51,9,15
"15123","scaffold0027:8751354|8752824",NA,NA,6
"15124","scaffold0027:8752629|8752824",2,NA,NA
"15125","scaffold0027:8753962|8754166",NA,1,NA
"15126","scaffold0027:8825002|8825948",12,3,4
"15127","scaffold0027:8825002|8830159",3,5,5
"15128","scaffold0027:8825002|8832705",6,1,2
"15129","scaffold0027:8825102|8825835",4,NA,NA
"15130","scaffold0027:8911775|8912092",NA,NA,2
"15131","scaffold0027:8911954|8912092",1,NA,NA
"15132","scaffold0027:8912686|8912859",NA,2,NA
"15133","scaffold0027:8918739|8919090",NA,NA,1
"15134","scaffold0027:8920826|8921985",3,NA,NA
"15135","scaffold0027:8920826|8923151",4,NA,3
"15136","scaffold0027:8921817|8923151",NA,1,NA
"15137","scaffold0027:8946507|8950683",NA,NA,8
"15138","scaffold0027:90642|109925",NA,NA,3
"15139","scaffold0027:9088090|9093069",1,NA,NA
"15140","scaffold0027:9090652|9093069",3,NA,NA
"15141","scaffold0027:9092235|9093069",NA,6,NA
"15142","scaffold0027:9094392|9097310",2,NA,NA
"15143","scaffold0027:9166702|9167822",20,NA,8
"15144","scaffold0027:9171781|9174334",NA,7,NA
"15145","scaffold0027:9314027|9321438",5,NA,NA
"15146","scaffold0027:9314027|9325433",NA,4,NA
"15147","scaffold0027:9321285|9325433",8,NA,NA
"15148","scaffold0027:9460896|9461451",26,12,NA
"15149","scaffold0027:9501951|9503922",4,NA,1
"15150","scaffold0027:9502644|9503922",35,9,11
"15151","scaffold0027:9507523|9509233",NA,10,NA
"15152","scaffold0027:9614729|9614941",4,NA,NA
"15153","scaffold0027:9627771|9628093",NA,NA,3
"15154","scaffold0027:97243|99214",70,23,34
"15155","scaffold0027:9835022|9836089",11,NA,NA
"15156","scaffold0027:9835152|9835946",3,NA,NA
"15157","scaffold0027:9879097|9881764",8,NA,2
"15158","scaffold0027:9879097|9884060",NA,NA,2
"15159","scaffold0027:9879097|9885542",3,8,2
"15160","scaffold0027:9907615|9917087",NA,1,NA
"15161","scaffold0027:9987361|9996481",1,10,NA
"15162","scaffold0028:10106415|10109581",14,NA,2
"15163","scaffold0028:10106415|10113268",NA,NA,6
"15164","scaffold0028:10109434|10111885",1,NA,NA
"15165","scaffold0028:10111797|10113268",12,NA,7
"15166","scaffold0028:10117002|10123979",NA,2,NA
"15167","scaffold0028:10151948|10153582",2,NA,NA
"15168","scaffold0028:10155019|10156125",5,NA,NA
"15169","scaffold0028:10200344|10205794",NA,NA,13
"15170","scaffold0028:10412591|10413913",25,NA,NA
"15171","scaffold0028:10523242|10524646",5,NA,3
"15172","scaffold0028:10531780|10532053",1,3,NA
"15173","scaffold0028:10669970|10672400",NA,1,NA
"15174","scaffold0028:10675200|10676663",118,31,26
"15175","scaffold0028:10708906|10715535",9,NA,1
"15176","scaffold0028:10708906|10732217",16,NA,8
"15177","scaffold0028:10708906|10747139",1,NA,NA
"15178","scaffold0028:10712199|10732217",1,NA,5
"15179","scaffold0028:10712199|10747139",NA,6,NA
"15180","scaffold0028:10725890|10732217",107,24,38
"15181","scaffold0028:10725890|10747139",21,NA,31
"15182","scaffold0028:10746975|10747139",68,10,66
"15183","scaffold0028:10920917|10927769",1,NA,NA
"15184","scaffold0028:12281417|12282486",2,NA,NA
"15185","scaffold0028:12466683|12478383",154,92,44
"15186","scaffold0028:12466683|12485841",111,NA,NA
"15187","scaffold0028:12466683|12511010",NA,NA,1
"15188","scaffold0028:12471581|12478383",7,6,15
"15189","scaffold0028:12471581|12499190",NA,2,NA
"15190","scaffold0028:12477497|12478383",5,NA,NA
"15191","scaffold0028:12485772|12499190",NA,5,NA
"15192","scaffold0028:12510874|12518485",5,NA,NA
"15193","scaffold0028:12529935|12534151",NA,4,NA
"15194","scaffold0028:13143099|13144326",NA,NA,3
"15195","scaffold0028:13163949|13174784",4,NA,NA
"15196","scaffold0028:13292182|13311228",NA,1,NA
"15197","scaffold0028:13292182|13323022",2,NA,NA
"15198","scaffold0028:13322908|13442035",NA,2,NA
"15199","scaffold0028:13439157|13442035",11,NA,4
"15200","scaffold0028:13439157|13466520",NA,NA,2
"15201","scaffold0028:13439157|13470556",7,NA,NA
"15202","scaffold0028:13439157|13483779",4,NA,NA
"15203","scaffold0028:13461160|13463060",9,1,NA
"15204","scaffold0028:13461160|13466520",9,NA,NA
"15205","scaffold0028:13461160|13470556",16,11,1
"15206","scaffold0028:13482329|13483779",2,NA,NA
"15207","scaffold0028:13490044|13492126",7,9,17
"15208","scaffold0028:13495600|13497408",41,8,10
"15209","scaffold0028:13626511|13629497",NA,1,NA
"15210","scaffold0028:13629364|13637537",NA,NA,8
"15211","scaffold0028:13639810|13640783",3,11,NA
"15212","scaffold0028:13645032|13649023",23,59,11
"15213","scaffold0028:13648002|13649023",467,390,172
"15214","scaffold0028:13648002|13650411",3,NA,NA
"15215","scaffold0028:13648002|13651450",5,NA,NA
"15216","scaffold0028:13716475|13719371",NA,1,NA
"15217","scaffold0028:13742700|13749833",8,4,NA
"15218","scaffold0028:13748579|13755636",1,NA,NA
"15219","scaffold0028:14527508|14617216",7,3,NA
"15220","scaffold0028:14617102|14637598",4,2,NA
"15221","scaffold0028:14617102|14670826",1,NA,NA
"15222","scaffold0028:14665330|14670826",NA,8,NA
"15223","scaffold0028:14665330|14675826",4,NA,NA
"15224","scaffold0028:14700599|14702176",111,121,30
"15225","scaffold0028:14789859|14790212",3,NA,NA
"15226","scaffold0028:14802840|14805284",5,NA,5
"15227","scaffold0028:14872326|14872563",8,NA,NA
"15228","scaffold0028:14876108|14877226",3,NA,NA
"15229","scaffold0028:14879609|14879813",3,NA,NA
"15230","scaffold0028:14912777|14918951",2,NA,NA
"15231","scaffold0028:14916161|14918951",2,NA,NA
"15232","scaffold0028:14917840|14918951",6,NA,NA
"15233","scaffold0028:15175741|15180710",292,154,104
"15234","scaffold0028:15562111|15568695",6,NA,NA
"15235","scaffold0028:15569961|15580978",2,NA,NA
"15236","scaffold0028:15606158|15608983",91,37,36
"15237","scaffold0028:15606158|15619565",13,NA,8
"15238","scaffold0028:15660116|15664070",NA,NA,4
"15239","scaffold0028:15692065|15704686",NA,NA,1
"15240","scaffold0028:15732784|15734205",NA,NA,1
"15241","scaffold0028:15744882|15747846",67,21,29
"15242","scaffold0028:15875457|15876396",10,9,NA
"15243","scaffold0028:16014938|16035615",2,NA,NA
"15244","scaffold0028:16072082|16072632",3,NA,NA
"15245","scaffold0028:16089850|16090295",9,15,NA
"15246","scaffold0028:16167158|16167334",NA,NA,1
"15247","scaffold0028:16179527|16186931",1,NA,NA
"15248","scaffold0028:16212165|16212797",NA,24,NA
"15249","scaffold0028:16347904|16348977",6,NA,NA
"15250","scaffold0028:16409236|16412313",NA,NA,1
"15251","scaffold0028:16411087|16412102",NA,NA,8
"15252","scaffold0028:16416088|16420932",NA,5,NA
"15253","scaffold0028:16420691|16420932",NA,NA,1
"15254","scaffold0028:16420932|16421193",NA,NA,1
"15255","scaffold0028:16420932|16421197",4,NA,NA
"15256","scaffold0028:16512666|16514712",2,NA,NA
"15257","scaffold0028:16512666|16517459",2,NA,NA
"15258","scaffold0028:16512666|16523053",14,NA,NA
"15259","scaffold0028:16514615|16520166",6,14,NA
"15260","scaffold0028:16516661|16523053",NA,NA,2
"15261","scaffold0028:16521421|16523053",NA,4,4
"15262","scaffold0028:16522399|16523053",3,NA,2
"15263","scaffold0028:165266|167368",NA,NA,2
"15264","scaffold0028:165266|168133",189,125,149
"15265","scaffold0028:165266|173858",7,7,10
"15266","scaffold0028:165266|182416",NA,NA,12
"15267","scaffold0028:16543652|16544927",6,NA,10
"15268","scaffold0028:16548306|16549167",99,48,57
"15269","scaffold0028:16555819|16559222",NA,9,NA
"15270","scaffold0028:16622169|16626465",NA,NA,1
"15271","scaffold0028:16724179|16724509",3,NA,NA
"15272","scaffold0028:16724179|16724647",NA,NA,2
"15273","scaffold0028:16724179|16724680",5,NA,NA
"15274","scaffold0028:16724680|16725419",6,NA,5
"15275","scaffold0028:16724764|16724896",NA,4,NA
"15276","scaffold0028:167276|168133",693,306,506
"15277","scaffold0028:16774578|16774738",21,13,3
"15278","scaffold0028:16776623|16777052",1,NA,NA
"15279","scaffold0028:16798257|16805861",5,NA,NA
"15280","scaffold0028:16801829|16802373",5,NA,4
"15281","scaffold0028:16804654|16805861",13,7,8
"15282","scaffold0028:16847375|16850952",156,73,48
"15283","scaffold0028:16850760|16850952",172,58,45
"15284","scaffold0028:16850760|16853776",NA,3,NA
"15285","scaffold0028:16853582|16855149",20,11,6
"15286","scaffold0028:16853582|16859993",NA,NA,2
"15287","scaffold0028:16859822|16865358",15,NA,NA
"15288","scaffold0028:16888067|16888847",NA,NA,5
"15289","scaffold0028:16888067|16889705",3,NA,NA
"15290","scaffold0028:16899950|16902303",14,7,6
"15291","scaffold0028:16901960|16902303",129,62,45
"15292","scaffold0028:16917788|16918274",NA,NA,1
"15293","scaffold0028:16970044|16970786",80,37,16
"15294","scaffold0028:16970044|16978329",23,NA,NA
"15295","scaffold0028:16978149|16978329",NA,6,4
"15296","scaffold0028:16994670|17001549",5,NA,6
"15297","scaffold0028:16994670|17004251",22,22,NA
"15298","scaffold0028:17001475|17004251",10,NA,NA
"15299","scaffold0028:17007810|17010544",2,NA,2
"15300","scaffold0028:17012845|17016324",5,NA,NA
"15301","scaffold0028:17014323|17016324",12,NA,NA
"15302","scaffold0028:17041418|17041890",3,NA,NA
"15303","scaffold0028:17112731|17113055",2,NA,NA
"15304","scaffold0028:17232746|17233337",NA,1,NA
"15305","scaffold0028:17237753|17238371",1333,585,285
"15306","scaffold0028:17304240|17306010",NA,NA,11
"15307","scaffold0028:17304240|17307804",NA,3,NA
"15308","scaffold0028:17304838|17305161",NA,8,1
"15309","scaffold0028:17419292|17451875",NA,2,NA
"15310","scaffold0028:17482585|17489542",1,5,NA
"15311","scaffold0028:17498022|17498865",4,NA,NA
"15312","scaffold0028:17552763|17553199",1,NA,NA
"15313","scaffold0028:17552763|17553207",2,NA,NA
"15314","scaffold0028:17553961|17554423",1,NA,4
"15315","scaffold0028:17556868|17557934",NA,NA,5
"15316","scaffold0028:17591918|17595721",NA,NA,10
"15317","scaffold0028:17594968|17595424",NA,NA,4
"15318","scaffold0028:17704621|17704867",NA,NA,2
"15319","scaffold0028:17707557|17709989",NA,8,NA
"15320","scaffold0028:17741492|17741690",NA,13,NA
"15321","scaffold0028:17747649|17748073",NA,NA,1
"15322","scaffold0028:17755074|17761116",20,2,2
"15323","scaffold0028:17756883|17761116",NA,NA,2
"15324","scaffold0028:17768957|17770757",NA,5,3
"15325","scaffold0028:17769604|17770137",1,7,7
"15326","scaffold0028:17786544|17787856",17,2,13
"15327","scaffold0028:17826930|17827488",NA,NA,1
"15328","scaffold0028:17869636|17871792",2,NA,NA
"15329","scaffold0028:17872836|17873740",18,NA,6
"15330","scaffold0028:17875043|17876144",4,NA,NA
"15331","scaffold0028:17894955|17898194",NA,5,NA
"15332","scaffold0028:17898044|17900339",25,17,8
"15333","scaffold0028:17936797|17937353",2,NA,NA
"15334","scaffold0028:17938942|17940166",NA,NA,1
"15335","scaffold0028:17939406|17939558",6,NA,NA
"15336","scaffold0028:17946961|17947144",9,NA,NA
"15337","scaffold0028:17946961|17948829",NA,NA,1
"15338","scaffold0028:17953158|17953515",NA,6,NA
"15339","scaffold0028:17955396|17955568",NA,NA,3
"15340","scaffold0028:17957705|17958558",NA,NA,1
"15341","scaffold0028:18021585|18023577",113,33,50
"15342","scaffold0028:18064635|18065344",3,NA,NA
"15343","scaffold0028:18084087|18085067",3,NA,NA
"15344","scaffold0028:18110098|18110752",7,NA,NA
"15345","scaffold0028:18141221|18144797",2,NA,NA
"15346","scaffold0028:18262027|18262365",3,NA,NA
"15347","scaffold0028:18373686|18382055",2,NA,NA
"15348","scaffold0028:18374535|18374850",NA,4,NA
"15349","scaffold0028:18381023|18382055",31,17,16
"15350","scaffold0028:18381023|18388761",3,NA,NA
"15351","scaffold0028:18452249|18454707",1,NA,NA
"15352","scaffold0028:18452249|18455789",6,NA,NA
"15353","scaffold0028:18454572|18469513",5,NA,NA
"15354","scaffold0028:18462575|18463041",78,39,35
"15355","scaffold0028:18462575|18469513",3,NA,NA
"15356","scaffold0028:18464274|18469513",4,NA,NA
"15357","scaffold0028:18490059|18490686",2,NA,NA
"15358","scaffold0028:18495151|18496059",3,NA,NA
"15359","scaffold0028:18654011|18669857",2,NA,3
"15360","scaffold0028:18664569|18669857",NA,11,31
"15361","scaffold0028:18667711|18676141",13,17,12
"15362","scaffold0028:18667711|18677927",8,NA,NA
"15363","scaffold0028:18669681|18676141",NA,NA,1
"15364","scaffold0028:18669681|18679850",NA,NA,1
"15365","scaffold0028:18700247|18700394",NA,NA,3
"15366","scaffold0028:18748395|18748735",1,NA,NA
"15367","scaffold0028:18749735|18750231",3,NA,NA
"15368","scaffold0028:18790020|18791607",39,61,71
"15369","scaffold0028:18806782|18823381",1,11,NA
"15370","scaffold0028:18862867|18864144",4,NA,NA
"15371","scaffold0028:18862867|18869692",NA,4,NA
"15372","scaffold0028:18901369|18903907",38,24,76
"15373","scaffold0028:18902972|18903907",6,NA,NA
"15374","scaffold0028:18916084|18919494",14,9,5
"15375","scaffold0028:18916084|18933596",9,NA,NA
"15376","scaffold0028:18933042|18933596",27,7,12
"15377","scaffold0028:18933042|18942193",NA,NA,6
"15378","scaffold0028:18938392|18942193",NA,NA,2
"15379","scaffold0028:18938392|18945947",1,NA,NA
"15380","scaffold0028:18950495|18958476",1,NA,NA
"15381","scaffold0028:18997572|19001297",6,NA,NA
"15382","scaffold0028:19024934|19025372",NA,9,NA
"15383","scaffold0028:19096380|19096571",6,NA,NA
"15384","scaffold0028:19096381|19096571",1,NA,NA
"15385","scaffold0028:19110948|19116612",NA,NA,13
"15386","scaffold0028:19110948|19124539",5,8,NA
"15387","scaffold0028:19113229|19114108",9,3,11
"15388","scaffold0028:19113229|19116612",13,14,15
"15389","scaffold0028:19113229|19124539",5,NA,6
"15390","scaffold0028:19143413|19143631",3,NA,NA
"15391","scaffold0028:19145334|19146005",10,NA,NA
"15392","scaffold0028:19179386|19181523",3,3,NA
"15393","scaffold0028:19181370|19181523",NA,7,NA
"15394","scaffold0028:19208748|19213268",6,NA,NA
"15395","scaffold0028:19212813|19217413",NA,NA,2
"15396","scaffold0028:19214407|19217413",64,49,30
"15397","scaffold0028:19221076|19221545",NA,NA,1
"15398","scaffold0028:19240635|19241204",3,NA,NA
"15399","scaffold0028:19254038|19254754",5,NA,NA
"15400","scaffold0028:19264153|19264723",4,NA,NA
"15401","scaffold0028:19264723|19267124",1,NA,NA
"15402","scaffold0028:19275183|19276120",14,5,3
"15403","scaffold0028:19294057|19294436",NA,5,NA
"15404","scaffold0028:19318842|19320360",NA,1,NA
"15405","scaffold0028:19343514|19345631",7,NA,NA
"15406","scaffold0028:19352371|19355370",NA,18,6
"15407","scaffold0028:19362357|19363617",58,24,9
"15408","scaffold0028:19410100|19411027",5,NA,NA
"15409","scaffold0028:19412451|19415718",7,NA,NA
"15410","scaffold0028:19488466|19488698",13,7,NA
"15411","scaffold0028:19488466|19494380",NA,2,NA
"15412","scaffold0028:19488466|19501060",4,11,NA
"15413","scaffold0028:19494187|19496321",3,NA,NA
"15414","scaffold0028:19509497|19510084",NA,NA,7
"15415","scaffold0028:19509497|19510533",NA,2,NA
"15416","scaffold0028:19553735|19553892",6,NA,NA
"15417","scaffold0028:1959894|1960297",NA,NA,1
"15418","scaffold0028:19638103|19639491",3,NA,1
"15419","scaffold0028:2039321|2039562",NA,8,1
"15420","scaffold0028:21117|22031",NA,NA,1
"15421","scaffold0028:21384218|21390137",17,24,25
"15422","scaffold0028:21384218|21414582",1,NA,NA
"15423","scaffold0028:21414459|21427972",3,NA,2
"15424","scaffold0028:21414459|21443999",NA,NA,7
"15425","scaffold0028:21424098|21427972",2,22,17
"15426","scaffold0028:21424098|21443999",NA,NA,2
"15427","scaffold0028:21427712|21443999",NA,6,NA
"15428","scaffold0028:21691339|21692908",NA,NA,3
"15429","scaffold0028:21714775|21715469",NA,14,NA
"15430","scaffold0028:21720872|21721970",3,NA,NA
"15431","scaffold0028:21735482|21740308",5,NA,NA
"15432","scaffold0028:21743147|21748660",39,7,25
"15433","scaffold0028:21964741|21979437",NA,24,NA
"15434","scaffold0028:22127452|22128476",80,23,25
"15435","scaffold0028:22199343|22203265",NA,1,NA
"15436","scaffold0028:22202845|22203265",7,NA,NA
"15437","scaffold0028:22219488|22222241",10,NA,NA
"15438","scaffold0028:22563904|22565069",5,NA,NA
"15439","scaffold0028:22569848|22572587",NA,3,NA
"15440","scaffold0028:22569848|22575308",NA,3,NA
"15441","scaffold0028:22925170|22930036",5,NA,4
"15442","scaffold0028:23390715|23401288",NA,1,NA
"15443","scaffold0028:23391914|23398838",70,35,18
"15444","scaffold0028:23400122|23406532",NA,3,NA
"15445","scaffold0028:23400335|23401145",NA,2,NA
"15446","scaffold0028:23406412|23411490",NA,6,NA
"15447","scaffold0028:23413879|23416217",NA,7,NA
"15448","scaffold0028:23471228|23471900",39,20,NA
"15449","scaffold0028:23545915|23546893",7,11,3
"15450","scaffold0028:23785591|23789401",1,NA,NA
"15451","scaffold0028:23789194|23789401",9,7,4
"15452","scaffold0028:23797938|23798164",NA,NA,6
"15453","scaffold0028:23797938|23806821",NA,NA,1
"15454","scaffold0028:23814487|23815565",9,12,16
"15455","scaffold0028:2392459|2418389",NA,3,NA
"15456","scaffold0028:23950572|23951295",3,NA,NA
"15457","scaffold0028:23986903|23987092",4,NA,NA
"15458","scaffold0028:23986903|23989181",2,NA,NA
"15459","scaffold0028:2718622|2719052",14,NA,NA
"15460","scaffold0028:2788857|2812187",2,NA,NA
"15461","scaffold0028:2990309|2998779",6,NA,NA
"15462","scaffold0028:2990309|3014657",5,NA,NA
"15463","scaffold0028:2990309|3017292",1,NA,NA
"15464","scaffold0028:3285472|3294511",28,28,14
"15465","scaffold0028:3285472|3317086",5,3,NA
"15466","scaffold0028:3288999|3289273",NA,NA,4
"15467","scaffold0028:3400187|3404571",NA,6,NA
"15468","scaffold0028:3420236|3423814",1,NA,NA
"15469","scaffold0028:3450939|3453216",22,28,24
"15470","scaffold0028:3450939|3458860",24,23,20
"15471","scaffold0028:3460287|3463482",7,NA,6
"15472","scaffold0028:3469106|3477362",2,NA,3
"15473","scaffold0028:3659553|3662493",71,29,32
"15474","scaffold0028:3659553|3676457",NA,1,NA
"15475","scaffold0028:3963044|3974542",NA,11,NA
"15476","scaffold0028:4122395|4127267",15,7,1
"15477","scaffold0028:4122395|4130918",NA,NA,15
"15478","scaffold0028:4126661|4130918",NA,13,2
"15479","scaffold0028:4135784|4138518",NA,NA,3
"15480","scaffold0028:4140702|4142899",1,NA,NA
"15481","scaffold0028:4180199|4193304",37,1,9
"15482","scaffold0028:4281261|4282187",5,NA,NA
"15483","scaffold0028:442896|449242",NA,4,NA
"15484","scaffold0028:5078191|5082191",17,NA,13
"15485","scaffold0028:5097911|5104841",6,7,NA
"15486","scaffold0028:5101878|5104841",11,11,4
"15487","scaffold0028:5108350|5119613",14,1,NA
"15488","scaffold0028:5295093|5295290",2,NA,NA
"15489","scaffold0028:5855876|5887495",4,NA,2
"15490","scaffold0028:5857852|5860039",NA,2,NA
"15491","scaffold0028:5857852|5887495",5,NA,2
"15492","scaffold0028:5859132|5860039",NA,1,NA
"15493","scaffold0028:5859132|5887495",6,NA,2
"15494","scaffold0028:6129047|6146422",NA,4,NA
"15495","scaffold0028:6177042|6180713",4,NA,NA
"15496","scaffold0028:6245636|6247398",2,NA,1
"15497","scaffold0028:6424645|6440341",2,NA,NA
"15498","scaffold0028:6508271|6510193",5,NA,NA
"15499","scaffold0028:6603322|6613109",8,NA,NA
"15500","scaffold0028:6958161|6959754",NA,NA,2
"15501","scaffold0028:6962237|6962635",2,NA,NA
"15502","scaffold0028:6963605|6969219",14,NA,4
"15503","scaffold0028:6967312|6969219",4,NA,NA
"15504","scaffold0028:6993662|7005725",1,NA,4
"15505","scaffold0028:6993662|7007318",1,NA,NA
"15506","scaffold0028:7017165|7023797",6,NA,NA
"15507","scaffold0028:7027915|7030872",7,NA,NA
"15508","scaffold0028:7056704|7056954",2,NA,NA
"15509","scaffold0028:7081141|7085428",140,51,42
"15510","scaffold0028:7173520|7185242",8,NA,NA
"15511","scaffold0028:7230271|7230838",2,NA,NA
"15512","scaffold0028:7294167|7294732",3,NA,NA
"15513","scaffold0028:7298737|7299314",4,NA,NA
"15514","scaffold0028:7672808|7692666",NA,2,NA
"15515","scaffold0028:7683671|7684189",NA,12,NA
"15516","scaffold0028:7806536|7818801",9,NA,NA
"15517","scaffold0028:7813437|7818801",5,2,NA
"15518","scaffold0028:8045068|8045693",4,NA,NA
"15519","scaffold0028:8049688|8055224",NA,NA,3
"15520","scaffold0028:8060257|8065498",1,NA,NA
"15521","scaffold0028:8322507|8332595",3,NA,NA
"15522","scaffold0028:8459194|8461346",NA,NA,2
"15523","scaffold0028:8460502|8476491",1,NA,NA
"15524","scaffold0028:8507185|8523574",NA,NA,3
"15525","scaffold0028:8710130|8716138",NA,NA,2
"15526","scaffold0028:89940|96523",5,NA,NA
"15527","scaffold0028:9232410|9258962",NA,2,3
"15528","scaffold0028:9546564|9552561",32,14,3
"15529","scaffold0028:9582708|9583124",NA,NA,2
"15530","scaffold0028:9589998|9593288",NA,NA,1
"15531","scaffold0028:9827969|9830915",NA,NA,3
"15532","scaffold0028:9827969|9876637",6,NA,NA
"15533","scaffold0028:9854832|9876637",22,NA,NA
"15534","scaffold0028:9868241|9876637",NA,NA,9
"15535","scaffold0029:12029336|12030283",90,17,33
"15536","scaffold0029:12029336|12037185",4,NA,NA
"15537","scaffold0029:12065633|12070778",6,NA,NA
"15538","scaffold0029:12070186|12070778",3,NA,NA
"15539","scaffold0029:12070186|12072197",1943,1193,377
"15540","scaffold0029:12139430|12147305",4,NA,NA
"15541","scaffold0029:12248052|12274263",2,NA,NA
"15542","scaffold0029:12638130|12640723",NA,NA,6
"15543","scaffold0029:12659245|12667309",4,NA,NA
"15544","scaffold0029:12695604|12718511",5,NA,NA
"15545","scaffold0029:12824905|12858159",1,NA,NA
"15546","scaffold0029:12830248|12844192",4,NA,NA
"15547","scaffold0029:129067|129487",2,NA,NA
"15548","scaffold0029:13609428|13630189",65,19,15
"15549","scaffold0029:13613487|13630189",2,NA,NA
"15550","scaffold0029:14233840|14412553",3,NA,NA
"15551","scaffold0029:14392861|14412553",12,3,1
"15552","scaffold0029:14392861|14445704",10,NA,NA
"15553","scaffold0029:14392861|14447248",7,NA,NA
"15554","scaffold0029:14815242|14816389",6,NA,NA
"15555","scaffold0029:14885688|14901196",NA,1,NA
"15556","scaffold0029:14885688|14903764",NA,NA,1
"15557","scaffold0029:15167635|15168782",8,NA,NA
"15558","scaffold0029:15386007|15387242",3,NA,NA
"15559","scaffold0029:15472678|15496347",7,NA,NA
"15560","scaffold0029:15492365|15496347",3,NA,NA
"15561","scaffold0029:16356067|16356292",4,1,12
"15562","scaffold0029:16356067|16377545",9,NA,NA
"15563","scaffold0029:16434982|16467186",NA,NA,1
"15564","scaffold0029:16472113|16476022",3,NA,5
"15565","scaffold0029:17253432|17259632",122,NA,13
"15566","scaffold0029:17253432|17288245",77,81,8
"15567","scaffold0029:17395207|17397130",NA,3,NA
"15568","scaffold0029:17450631|17452866",10,NA,NA
"15569","scaffold0029:17450631|17455567",269,63,66
"15570","scaffold0029:17452311|17452866",128,55,36
"15571","scaffold0029:17455497|17456824",2,NA,NA
"15572","scaffold0029:17491460|17495059",75,NA,9
"15573","scaffold0029:17491460|17496372",6,NA,1
"15574","scaffold0029:17493461|17501156",NA,11,NA
"15575","scaffold0029:17515617|17518625",NA,12,NA
"15576","scaffold0029:17520351|17522375",4,1,NA
"15577","scaffold0029:17708282|17708765",3,NA,NA
"15578","scaffold0029:17729669|17731171",8,NA,NA
"15579","scaffold0029:17739087|17745719",NA,NA,2
"15580","scaffold0029:22507748|22509874",3,NA,NA
"15581","scaffold0029:22578672|22584432",61,27,7
"15582","scaffold0029:22712949|22714911",21,15,14
"15583","scaffold0029:22773739|22775315",6,NA,NA
"15584","scaffold0029:22792581|22793621",265,312,201
"15585","scaffold0029:22792581|22802162",44,27,16
"15586","scaffold0029:22799951|22804667",2,NA,NA
"15587","scaffold0029:22800840|22804294",2,NA,NA
"15588","scaffold0029:22802066|22804294",1,NA,NA
"15589","scaffold0029:22803911|22805828",6,NA,NA
"15590","scaffold0029:22819209|22819868",3,NA,NA
"15591","scaffold0029:22828116|22831363",NA,7,4
"15592","scaffold0029:22829514|22831363",4,NA,5
"15593","scaffold0029:22839108|22839378",18,9,5
"15594","scaffold0029:22872109|22880376",5,3,2
"15595","scaffold0029:22875989|22880376",NA,14,NA
"15596","scaffold0029:22946420|22950145",3,NA,NA
"15597","scaffold0029:22959136|22959403",62,61,15
"15598","scaffold0029:23237663|23238752",1,NA,NA
"15599","scaffold0029:23237663|23243506",NA,NA,1
"15600","scaffold0029:23242281|23249217",5,NA,NA
"15601","scaffold0029:23346259|23364911",NA,1,NA
"15602","scaffold0029:23352981|23354411",3,NA,NA
"15603","scaffold0029:23359621|23364911",7,NA,NA
"15604","scaffold0029:23408633|23426059",8,NA,1
"15605","scaffold0029:23433006|23456304",1,NA,NA
"15606","scaffold0029:23456132|23482873",NA,14,14
"15607","scaffold0029:23476854|23482873",4,6,2
"15608","scaffold0029:23476854|23504892",4,NA,NA
"15609","scaffold0029:23481617|23482873",17,4,NA
"15610","scaffold0029:23511772|23514854",17,2,12
"15611","scaffold0029:2413519|2422443",4,NA,NA
"15612","scaffold0029:2413519|2424363",1,NA,NA
"15613","scaffold0029:2563900|2582804",8,NA,NA
"15614","scaffold0029:2563900|2586443",13,NA,43
"15615","scaffold0029:2569152|2582804",14,NA,NA
"15616","scaffold0029:2569152|2586443",9,NA,4
"15617","scaffold0029:2573593|2586443",121,6,NA
"15618","scaffold0029:2582642|2586443",3,NA,7
"15619","scaffold0029:28017|29819",NA,NA,2
"15620","scaffold0029:28017|41241",NA,NA,4
"15621","scaffold0029:28017|45902",NA,NA,1
"15622","scaffold0029:29634|45902",NA,4,2
"15623","scaffold0029:2969503|2999866",4,1,1
"15624","scaffold0029:3457315|3458055",NA,NA,3
"15625","scaffold0029:3457315|3477775",11,NA,NA
"15626","scaffold0029:3475737|3477775",29,NA,NA
"15627","scaffold0029:381096|387260",NA,NA,3
"15628","scaffold0029:387048|392879",NA,NA,3
"15629","scaffold0029:41148|45902",3,NA,9
"15630","scaffold0029:497674|501048",1,NA,NA
"15631","scaffold0029:498905|501048",6,NA,NA
"15632","scaffold0029:502574|503008",NA,1,NA
"15633","scaffold0029:581044|581265",NA,5,NA
"15634","scaffold0029:6997385|7013674",17,13,5
"15635","scaffold0029:7013395|7013674",NA,NA,2
"15636","scaffold0029:7243299|7264687",11,2,3
"15637","scaffold0029:7264448|7282399",2,5,NA
"15638","scaffold0029:7335021|7349818",3,NA,NA
"15639","scaffold0029:7468116|7469652",7,1,NA
"15640","scaffold0029:7468116|7488239",2,NA,NA
"15641","scaffold0029:7469535|7488239",2,NA,NA
"15642","scaffold0029:7487668|7488239",3,10,NA
"15643","scaffold0029:7663725|7671258",3,NA,NA
"15644","scaffold0029:7663725|7672106",70,26,NA
"15645","scaffold0029:7711790|7720503",4,NA,NA
"15646","scaffold0029:7721860|7725208",59,11,NA
"15647","scaffold0029:7915180|7918768",1,NA,NA
"15648","scaffold0029:7926558|7927452",63,57,18
"15649","scaffold0029:7939926|7944960",1,NA,NA
"15650","scaffold0029:7939926|7945223",NA,NA,3
"15651","scaffold0029:8240433|8249845",NA,NA,7
"15652","scaffold0029:8240433|8262572",1,NA,2
"15653","scaffold0029:8370602|8397000",76,132,84
"15654","scaffold0029:8381708|8390752",NA,NA,4
"15655","scaffold0029:8381708|8397000",135,158,93
"15656","scaffold0029:8389165|8397000",NA,41,97
"15657","scaffold0029:8560241|8562058",45,92,42
"15658","scaffold0029:8813310|8820750",2,NA,NA
"15659","scaffold0029:8820481|8820750",2,NA,NA
"15660","scaffold0029:8876152|8883749",132,88,118
"15661","scaffold0029:8876152|8889903",1711,756,670
"15662","scaffold0029:8876152|8904453",204,NA,52
"15663","scaffold0029:8876152|8917418",NA,NA,2
"15664","scaffold0029:8883532|8889903",24,8,7
"15665","scaffold0029:8888538|8889903",NA,3,NA
"15666","scaffold0029:8920894|8923693",1,NA,1
"15667","scaffold0029:8932181|8937534",4,26,NA
"15668","scaffold0029:9157855|9160319",43,15,NA
"15669","scaffold0029:9524191|9541131",3,NA,NA
"15670","scaffold0029:9559338|9560095",2,NA,NA
"15671","scaffold0029:9560095|9560726",3,NA,NA
"15672","scaffold0029:9562061|9564319",NA,5,NA
"15673","scaffold0029:9898215|9898530",3,NA,1
"15674","scaffold0029:9898215|9930802",NA,4,NA
"15675","scaffold0030:10122775|10127282",NA,5,NA
"15676","scaffold0030:10558545|10561701",NA,6,NA
"15677","scaffold0030:10610212|10616360",NA,NA,2
"15678","scaffold0030:10676211|10676972",8,NA,5
"15679","scaffold0030:10681438|10682336",NA,15,NA
"15680","scaffold0030:10681438|10682804",31,14,12
"15681","scaffold0030:10688725|10691221",NA,3,7
"15682","scaffold0030:10909131|10909548",4,10,NA
"15683","scaffold0030:10992973|11100737",NA,NA,4
"15684","scaffold0030:11245345|11301162",7,NA,NA
"15685","scaffold0030:12143419|12202968",NA,NA,4
"15686","scaffold0030:12192191|12282203",NA,4,NA
"15687","scaffold0030:13038017|13039093",4,NA,NA
"15688","scaffold0030:13042026|13042920",6,NA,NA
"15689","scaffold0030:13050472|13052100",8,NA,NA
"15690","scaffold0030:13055795|13057574",NA,NA,4
"15691","scaffold0030:13627244|13636325",2,NA,NA
"15692","scaffold0030:13643553|13647926",17,1,13
"15693","scaffold0030:13674619|13676502",NA,10,NA
"15694","scaffold0030:13680243|13682187",3,NA,1
"15695","scaffold0030:13682652|13683791",NA,NA,2
"15696","scaffold0030:13709272|13709745",1,NA,NA
"15697","scaffold0030:13715364|13715644",4,NA,NA
"15698","scaffold0030:13763117|13783007",10,NA,NA
"15699","scaffold0030:13777434|13783007",NA,NA,1
"15700","scaffold0030:13916277|13922564",NA,NA,1
"15701","scaffold0030:13921552|13922564",28,49,20
"15702","scaffold0030:13921552|13929423",1,NA,NA
"15703","scaffold0030:13921552|13935846",10,NA,7
"15704","scaffold0030:13927166|13935846",17,NA,8
"15705","scaffold0030:13991470|13999454",10,13,NA
"15706","scaffold0030:14075611|14079965",7,4,NA
"15707","scaffold0030:14079810|14081640",2,NA,NA
"15708","scaffold0030:14090079|14101095",3,NA,NA
"15709","scaffold0030:14136243|14136767",2,NA,NA
"15710","scaffold0030:14140016|14142368",50,34,41
"15711","scaffold0030:14141686|14142368",NA,NA,4
"15712","scaffold0030:14141997|14142368",11,1,2
"15713","scaffold0030:14150306|14156888",1,NA,3
"15714","scaffold0030:14150306|14173171",9,NA,NA
"15715","scaffold0030:14150306|14184227",NA,2,NA
"15716","scaffold0030:14150306|14188281",NA,NA,1
"15717","scaffold0030:14156740|14169373",2,NA,NA
"15718","scaffold0030:14156740|14173171",15,3,2
"15719","scaffold0030:14187281|14188281",3,NA,NA
"15720","scaffold0030:14187281|14190238",1,6,3
"15721","scaffold0030:14188189|14190238",22,10,10
"15722","scaffold0030:14209510|14209787",31,19,16
"15723","scaffold0030:14247764|14249176",15,12,20
"15724","scaffold0030:14303448|14303761",4,NA,5
"15725","scaffold0030:14313256|14313615",NA,8,NA
"15726","scaffold0030:14323470|14323920",NA,4,NA
"15727","scaffold0030:14351295|14352376",7,18,15
"15728","scaffold0030:14353526|14354965",2,NA,NA
"15729","scaffold0030:14587860|14588281",NA,NA,4
"15730","scaffold0030:14596857|14597006",NA,NA,2
"15731","scaffold0030:14596857|14597937",2,NA,NA
"15732","scaffold0030:15943125|15943342",2,NA,1
"15733","scaffold0030:16079838|16085760",NA,NA,8
"15734","scaffold0030:1676451|1683803",32,7,47
"15735","scaffold0030:1676451|1713671",2,NA,NA
"15736","scaffold0030:1676451|1722800",NA,NA,6
"15737","scaffold0030:1676451|1735485",NA,NA,6
"15738","scaffold0030:1683728|1717478",6,NA,NA
"15739","scaffold0030:1683728|1722800",1,NA,NA
"15740","scaffold0030:1683728|1735485",NA,2,NA
"15741","scaffold0030:17071675|17077058",NA,4,NA
"15742","scaffold0030:1713533|1715863",NA,4,NA
"15743","scaffold0030:1713533|1717478",7,NA,7
"15744","scaffold0030:1713533|1720165",NA,4,6
"15745","scaffold0030:1713533|1722800",NA,NA,3
"15746","scaffold0030:1713533|1725084",19,7,22
"15747","scaffold0030:1713533|1731793",30,NA,NA
"15748","scaffold0030:1713533|1735485",12,7,5
"15749","scaffold0030:17344621|17355521",NA,NA,4
"15750","scaffold0030:17355336|17362950",23,16,15
"15751","scaffold0030:17355336|17370069",8,NA,NA
"15752","scaffold0030:17355336|17375687",19,NA,5
"15753","scaffold0030:17362609|17375687",5,NA,NA
"15754","scaffold0030:17434568|17441683",18,NA,NA
"15755","scaffold0030:1744723|1745143",3,NA,NA
"15756","scaffold0030:17457808|17516615",NA,1,5
"15757","scaffold0030:1746359|1746867",NA,8,NA
"15758","scaffold0030:17463969|17468127",2,NA,NA
"15759","scaffold0030:17495787|17516615",2,1,NA
"15760","scaffold0030:17803089|17811490",1,3,NA
"15761","scaffold0030:17816125|17825210",NA,NA,3
"15762","scaffold0030:17833501|17834996",1,6,5
"15763","scaffold0030:17833501|17835565",NA,8,NA
"15764","scaffold0030:17908848|17910535",NA,NA,3
"15765","scaffold0030:17927541|17928324",2,NA,NA
"15766","scaffold0030:17966318|17968187",NA,NA,1
"15767","scaffold0030:17974305|17974714",3,NA,NA
"15768","scaffold0030:17974715|17975951",NA,NA,1
"15769","scaffold0030:17976897|17977182",NA,7,NA
"15770","scaffold0030:17989574|17992643",NA,6,NA
"15771","scaffold0030:18023601|18025604",8,NA,NA
"15772","scaffold0030:18056242|18060919",4,6,1
"15773","scaffold0030:18095111|18095539",NA,NA,7
"15774","scaffold0030:18152525|18154248",NA,NA,3
"15775","scaffold0030:18195416|18196416",2,NA,NA
"15776","scaffold0030:18196348|18201149",12,NA,NA
"15777","scaffold0030:18210511|18232099",8,NA,NA
"15778","scaffold0030:18212581|18218455",5,NA,NA
"15779","scaffold0030:18230658|18232099",71,32,4
"15780","scaffold0030:18230658|18233722",33,NA,1
"15781","scaffold0030:18230658|18241288",1,6,6
"15782","scaffold0030:18233345|18233722",5,NA,NA
"15783","scaffold0030:18324736|18326224",NA,1,2
"15784","scaffold0030:18324736|18329907",2,NA,NA
"15785","scaffold0030:18372106|18372988",6,NA,NA
"15786","scaffold0030:18429341|18431435",63,29,23
"15787","scaffold0030:18436508|18439627",1,NA,NA
"15788","scaffold0030:18436508|18441878",7,NA,1
"15789","scaffold0030:1873314|1874582",104,NA,48
"15790","scaffold0030:1873314|1903909",NA,3,NA
"15791","scaffold0030:1873314|1905714",87,93,37
"15792","scaffold0030:1903799|1905714",100,52,75
"15793","scaffold0030:19288522|19289211",6,NA,NA
"15794","scaffold0030:19288522|19294934",7,NA,NA
"15795","scaffold0030:19288522|19302719",5,NA,NA
"15796","scaffold0030:19288522|19356453",1,NA,NA
"15797","scaffold0030:19313116|19315389",NA,NA,4
"15798","scaffold0030:19330581|19343286",NA,6,NA
"15799","scaffold0030:19330581|19356453",NA,NA,5
"15800","scaffold0030:19530619|19537813",NA,NA,3
"15801","scaffold0030:19566795|19566985",NA,5,NA
"15802","scaffold0030:19566795|19654790",239,47,NA
"15803","scaffold0030:19723133|19734229",NA,NA,9
"15804","scaffold0030:19734078|19741449",15,5,NA
"15805","scaffold0030:19910604|19919450",3,NA,NA
"15806","scaffold0030:20083208|20168600",NA,10,NA
"15807","scaffold0030:20083208|20186345",2,NA,NA
"15808","scaffold0030:20145295|20186345",2,NA,NA
"15809","scaffold0030:20276426|20276946",NA,3,NA
"15810","scaffold0030:20276426|20285664",1,NA,NA
"15811","scaffold0030:20279782|20288098",88,14,2
"15812","scaffold0030:20340021|20344105",3,12,NA
"15813","scaffold0030:20340021|20347613",1,7,16
"15814","scaffold0030:20343803|20347613",NA,NA,2
"15815","scaffold0030:20345599|20347613",20,13,2
"15816","scaffold0030:20381399|20383881",7,NA,NA
"15817","scaffold0030:20534226|20537747",5,NA,1
"15818","scaffold0030:20629291|20639775",5,NA,NA
"15819","scaffold0030:20631300|20636594",1,NA,NA
"15820","scaffold0030:20649298|20653723",1,7,NA
"15821","scaffold0030:20649298|20657303",NA,NA,8
"15822","scaffold0030:20660349|20672329",NA,NA,9
"15823","scaffold0030:20680895|20682842",NA,3,NA
"15824","scaffold0030:20726516|20728147",8,NA,NA
"15825","scaffold0030:20743118|20752561",NA,NA,2
"15826","scaffold0030:20749355|20750329",NA,NA,11
"15827","scaffold0030:20749355|20752561",NA,7,NA
"15828","scaffold0030:20749882|20750329",NA,8,NA
"15829","scaffold0030:20750151|20750329",NA,NA,1
"15830","scaffold0030:20751810|20752561",13,51,10
"15831","scaffold0030:20814636|20828503",11,5,NA
"15832","scaffold0030:20827568|20828503",NA,14,NA
"15833","scaffold0030:20929046|20936471",9,NA,3
"15834","scaffold0030:21097082|21098827",597,269,321
"15835","scaffold0030:21097082|21100466",2,NA,3
"15836","scaffold0030:21097082|21102783",9,NA,3
"15837","scaffold0030:21097082|21104282",11,NA,6
"15838","scaffold0030:21100142|21100466",32,18,27
"15839","scaffold0030:21102541|21104282",30,22,18
"15840","scaffold0030:21140788|21142070",4,NA,5
"15841","scaffold0030:21155738|21160621",1,NA,2
"15842","scaffold0030:21155738|21177865",7,NA,NA
"15843","scaffold0030:21158913|21177865",NA,1,NA
"15844","scaffold0030:21160420|21177865",1,2,NA
"15845","scaffold0030:21177754|21205968",38,26,18
"15846","scaffold0030:21260659|21266175",1,NA,3
"15847","scaffold0030:21333824|21336501",7,NA,NA
"15848","scaffold0030:21589335|21594747",5,NA,4
"15849","scaffold0030:21589335|21601316",20,7,NA
"15850","scaffold0030:21610913|21614360",9,NA,NA
"15851","scaffold0030:21614117|21614360",NA,9,NA
"15852","scaffold0030:21871521|21873276",7,14,15
"15853","scaffold0030:21871521|21882544",7,NA,2
"15854","scaffold0030:21873157|21877523",NA,8,NA
"15855","scaffold0030:21879503|21882544",7,NA,4
"15856","scaffold0030:21979180|22040352",NA,2,NA
"15857","scaffold0030:22040230|22050199",NA,NA,8
"15858","scaffold0030:22063034|22065827",6,NA,NA
"15859","scaffold0030:22097145|22111841",1,NA,NA
"15860","scaffold0030:22107499|22111841",1,NA,NA
"15861","scaffold0030:22269401|22269610",NA,NA,2
"15862","scaffold0030:22279162|22285380",6,NA,NA
"15863","scaffold0030:22318357|22328518",6,NA,NA
"15864","scaffold0030:22318357|22343836",53,8,25
"15865","scaffold0030:22328423|22343836",1,NA,1
"15866","scaffold0030:22336796|22343836",10,5,2
"15867","scaffold0030:22546250|22555078",6,NA,NA
"15868","scaffold0030:22554919|22555078",NA,NA,3
"15869","scaffold0030:22765961|22766251",NA,NA,4
"15870","scaffold0030:22765961|22776843",3,NA,NA
"15871","scaffold0030:22768916|22781427",NA,5,NA
"15872","scaffold0030:2404937|2520998",19,NA,NA
"15873","scaffold0030:2520878|2556002",NA,3,2
"15874","scaffold0030:2555919|2578250",7,NA,NA
"15875","scaffold0030:2564398|2578250",22,NA,NA
"15876","scaffold0030:2622953|2625223",NA,3,NA
"15877","scaffold0030:3386863|3471427",3,NA,NA
"15878","scaffold0030:3423439|3437429",1,NA,NA
"15879","scaffold0030:3430119|3431608",2,NA,5
"15880","scaffold0030:3430119|3437429",29,2,1
"15881","scaffold0030:3430119|3483535",4,NA,NA
"15882","scaffold0030:3430119|3490603",4,NA,NA
"15883","scaffold0030:3456624|3471427",2,NA,NA
"15884","scaffold0030:3478150|3490603",8,NA,NA
"15885","scaffold0030:3480878|3483535",9,NA,NA
"15886","scaffold0030:3488080|3490603",27,NA,NA
"15887","scaffold0030:3488080|3522773",6,7,NA
"15888","scaffold0030:3515833|3522773",20,17,NA
"15889","scaffold0030:3540420|3540826",3,NA,NA
"15890","scaffold0030:3845311|3894544",3,NA,NA
"15891","scaffold0030:3893674|3894544",NA,4,NA
"15892","scaffold0030:4007632|4012464",5,NA,NA
"15893","scaffold0030:4011625|4012464",5,NA,NA
"15894","scaffold0030:4046820|4049878",5,NA,NA
"15895","scaffold0030:4049628|4049878",1,NA,NA
"15896","scaffold0030:4077264|4124803",NA,NA,4
"15897","scaffold0030:4124206|4124803",313,301,189
"15898","scaffold0030:5432669|5480845",3,NA,NA
"15899","scaffold0030:5709325|5911361",1,NA,NA
"15900","scaffold0030:5891320|5911361",33,52,5
"15901","scaffold0030:5891320|6123186",16,9,NA
"15902","scaffold0030:750671|766062",6,3,NA
"15903","scaffold0030:750671|777342",NA,NA,6
"15904","scaffold0030:774656|777342",NA,NA,3
"15905","scaffold0030:777199|846749",3,NA,NA
"15906","scaffold0030:8826619|8835572",NA,NA,1
"15907","scaffold0030:8826619|8838869",2,NA,1
"15908","scaffold0030:9192472|9193686",3,NA,NA
"15909","scaffold0030:9207936|9232134",3,NA,NA
"15910","scaffold0030:9290466|9307612",8,NA,NA
"15911","scaffold0030:9295824|9307612",2,1,2
"15912","scaffold0030:9406296|9412622",NA,3,NA
"15913","scaffold0030:9428552|9437393",1,9,2
"15914","scaffold0030:9458215|9463291",57,7,9
"15915","scaffold0030:9575994|9576884",30,16,3
"15916","scaffold0030:9575994|9579424",2,NA,NA
"15917","scaffold0030:9575994|9580695",6,4,NA
"15918","scaffold0030:9575994|9597811",19,NA,NA
"15919","scaffold0030:9580572|9597811",NA,NA,9
"15920","scaffold0030:9590341|9597811",34,NA,NA
"15921","scaffold0030:9597751|9635191",NA,NA,4
"15922","scaffold0030:9609829|9635191",NA,3,NA
"15923","scaffold0030:9614800|9626687",6,NA,NA
"15924","scaffold0030:9618862|9626687",NA,1,NA
"15925","scaffold0030:9618862|9635191",4,NA,NA
"15926","scaffold0030:9755535|9759822",94,38,18
"15927","scaffold0030:9755535|9763751",24,NA,NA
"15928","scaffold0030:9757910|9763751",564,158,NA
"15929","scaffold0030:9757910|9770156",6,NA,NA
"15930","scaffold0030:9759050|9763751",65,NA,48
"15931","scaffold0030:9761581|9763751",9,NA,NA
"15932","scaffold0030:9768957|9772365",5,NA,1
"15933","scaffold0030:9787427|9788123",3,NA,NA
"15934","scaffold0030:9964276|9977171",NA,3,NA
"15935","scaffold0030:9980045|9983272",NA,1,NA
"15936","scaffold0031:10198740|10200424",2,4,NA
"15937","scaffold0031:10198740|10202445",NA,NA,19
"15938","scaffold0031:10314023|10315765",136,80,75
"15939","scaffold0031:10357450|10358616",15,NA,8
"15940","scaffold0031:10357450|10361621",1,NA,NA
"15941","scaffold0031:10477149|10482413",5,NA,3
"15942","scaffold0031:10539281|10554053",4,5,2
"15943","scaffold0031:10539281|10559790",20,29,8
"15944","scaffold0031:10553944|10559790",16,9,6
"15945","scaffold0031:10553944|10571854",NA,7,2
"15946","scaffold0031:10553944|10574434",2,1,1
"15947","scaffold0031:10553944|10577442",3,NA,NA
"15948","scaffold0031:10553944|10590359",35,33,17
"15949","scaffold0031:10559639|10571854",2,3,2
"15950","scaffold0031:10559639|10574434",2,NA,2
"15951","scaffold0031:10576110|10577442",340,433,132
"15952","scaffold0031:10576110|10585751",4,NA,NA
"15953","scaffold0031:10576110|10590359",7,NA,3
"15954","scaffold0031:10585587|10590359",3,NA,NA
"15955","scaffold0031:10595400|10598450",NA,3,NA
"15956","scaffold0031:10668670|10671939",16,NA,NA
"15957","scaffold0031:10668670|10684532",15,NA,NA
"15958","scaffold0031:10668670|10725220",17,5,7
"15959","scaffold0031:10668670|10742944",6,NA,NA
"15960","scaffold0031:10675525|10675739",3,NA,NA
"15961","scaffold0031:10675525|10684532",22,NA,5
"15962","scaffold0031:10675525|10704266",8,NA,NA
"15963","scaffold0031:10675525|10725220",28,10,14
"15964","scaffold0031:10675525|10742944",2,NA,NA
"15965","scaffold0031:10704111|10742944",1,NA,NA
"15966","scaffold0031:10724061|10725220",3,6,4
"15967","scaffold0031:10724061|10742944",34,15,9
"15968","scaffold0031:10944322|10944538",NA,NA,5
"15969","scaffold0031:10944961|10945368",NA,6,NA
"15970","scaffold0031:10945371|10948169",NA,1,NA
"15971","scaffold0031:10946482|10947117",NA,NA,1
"15972","scaffold0031:10954947|10955733",NA,NA,2
"15973","scaffold0031:11022367|11028641",1,NA,NA
"15974","scaffold0031:11022367|11036106",3,NA,NA
"15975","scaffold0031:11028490|11036106",7,6,NA
"15976","scaffold0031:11173732|11175861",19,9,NA
"15977","scaffold0031:11218748|11220534",3,NA,NA
"15978","scaffold0031:11237856|11241265",1,NA,NA
"15979","scaffold0031:11249106|11256829",NA,NA,1
"15980","scaffold0031:11476250|11477459",67,53,27
"15981","scaffold0031:11518741|11525131",6,NA,NA
"15982","scaffold0031:11651102|11661173",4,NA,NA
"15983","scaffold0031:11658162|11661173",NA,4,NA
"15984","scaffold0031:11658162|11663497",3,NA,NA
"15985","scaffold0031:11658795|11666138",NA,5,3
"15986","scaffold0031:11663380|11666138",38,72,23
"15987","scaffold0031:11663380|11670205",10,9,7
"15988","scaffold0031:11663380|11672083",9,NA,2
"15989","scaffold0031:11666062|11672083",13,16,8
"15990","scaffold0031:11666062|11677948",NA,8,NA
"15991","scaffold0031:11670106|11676245",5,3,11
"15992","scaffold0031:11670106|11677948",11,4,NA
"15993","scaffold0031:11670106|11680675",2,NA,NA
"15994","scaffold0031:11670106|11684152",NA,1,NA
"15995","scaffold0031:11671971|11676245",57,17,31
"15996","scaffold0031:11671971|11677948",10,NA,2
"15997","scaffold0031:11676070|11680675",23,3,2
"15998","scaffold0031:124190|124379",6,NA,2
"15999","scaffold0031:13604650|13617531",2,NA,4
"16000","scaffold0031:13604650|13647896",NA,NA,1
"16001","scaffold0031:13611055|13617531",NA,4,NA
"16002","scaffold0031:13867939|13879127",104,40,21
"16003","scaffold0031:13867939|13892991",3,NA,NA
"16004","scaffold0031:13867939|13897153",5,NA,NA
"16005","scaffold0031:13867939|13898953",8,NA,2
"16006","scaffold0031:13867939|13903821",1,NA,6
"16007","scaffold0031:13867939|13912551",18,12,8
"16008","scaffold0031:13867939|13916966",3,NA,NA
"16009","scaffold0031:13912003|13916966",11,11,10
"16010","scaffold0031:13912003|13932746",NA,NA,3
"16011","scaffold0031:13927740|13932746",2,NA,NA
"16012","scaffold0031:13929675|13931170",NA,3,1
"16013","scaffold0031:13929675|13932746",10,NA,NA
"16014","scaffold0031:13929675|13934058",4,1,NA
"16015","scaffold0031:14094550|14097345",9,4,NA
"16016","scaffold0031:14101040|14101530",3,NA,NA
"16017","scaffold0031:14101040|14101536",6,NA,NA
"16018","scaffold0031:14116196|14118645",2,NA,NA
"16019","scaffold0031:14165292|14170395",6,NA,NA
"16020","scaffold0031:1447338|1449176",80,11,22
"16021","scaffold0031:1447341|1449176",24,12,14
"16022","scaffold0031:15607767|15617243",NA,4,NA
"16023","scaffold0031:15613280|15617243",NA,NA,1
"16024","scaffold0031:15620874|15621938",7,NA,NA
"16025","scaffold0031:15635228|15644677",NA,NA,7
"16026","scaffold0031:15658422|15659930",NA,NA,7
"16027","scaffold0031:16771050|16771522",NA,NA,3
"16028","scaffold0031:16771050|16773877",12,NA,NA
"16029","scaffold0031:16869317|16876582",1,NA,NA
"16030","scaffold0031:16869317|16893776",1,NA,4
"16031","scaffold0031:16940371|16950475",3,NA,NA
"16032","scaffold0031:16940371|16957879",6,NA,2
"16033","scaffold0031:16940371|16966284",2,NA,NA
"16034","scaffold0031:16981035|16985816",9,NA,NA
"16035","scaffold0031:18355594|18355975",NA,NA,2
"16036","scaffold0031:18357277|18368242",NA,5,NA
"16037","scaffold0031:18365798|18367509",4,NA,NA
"16038","scaffold0031:18367321|18368242",13,14,6
"16039","scaffold0031:18371028|18375030",13,NA,NA
"16040","scaffold0031:18374922|18382213",4,1,NA
"16041","scaffold0031:18377301|18384906",4,NA,NA
"16042","scaffold0031:18533427|18536827",70,19,21
"16043","scaffold0031:18533427|18539588",25,5,10
"16044","scaffold0031:18631482|18634602",13,11,10
"16045","scaffold0031:18858853|18860262",1,NA,NA
"16046","scaffold0031:18858853|18862158",1,NA,NA
"16047","scaffold0031:18860131|18863451",1,NA,NA
"16048","scaffold0031:18860262|18860790",2,NA,NA
"16049","scaffold0031:18860262|18860793",14,NA,NA
"16050","scaffold0031:18862027|18863451",2,NA,NA
"16051","scaffold0031:18931672|18932724",12,NA,NA
"16052","scaffold0031:18931672|18936819",4,3,4
"16053","scaffold0031:18934301|18968426",6,3,NA
"16054","scaffold0031:18939359|18946868",NA,77,NA
"16055","scaffold0031:18968299|18970334",9,23,5
"16056","scaffold0031:19069769|19070685",5,NA,NA
"16057","scaffold0031:19070550|19072155",7,NA,NA
"16058","scaffold0031:19296089|19325924",53,NA,NA
"16059","scaffold0031:19316263|19317972",10,NA,NA
"16060","scaffold0031:19316263|19325924",8,NA,NA
"16061","scaffold0031:19320479|19320870",7,NA,NA
"16062","scaffold0031:19320479|19325924",3,NA,NA
"16063","scaffold0031:19323073|19325924",572,NA,NA
"16064","scaffold0031:19351010|19377641",NA,8,NA
"16065","scaffold0031:19366029|19377641",NA,4,NA
"16066","scaffold0031:19371848|19377641",7,NA,NA
"16067","scaffold0031:19468820|19473413",71,28,13
"16068","scaffold0031:19494654|19500205",NA,3,NA
"16069","scaffold0031:19497228|19498920",49,26,25
"16070","scaffold0031:19497228|19502022",6,NA,6
"16071","scaffold0031:19498151|19500205",NA,NA,1
"16072","scaffold0031:19500071|19502022",1084,551,352
"16073","scaffold0031:19500071|19504391",20,24,41
"16074","scaffold0031:19504277|19506911",7,NA,NA
"16075","scaffold0031:19504277|19512119",2,NA,NA
"16076","scaffold0031:19523190|19525457",NA,3,NA
"16077","scaffold0031:19534430|19537629",3,NA,1
"16078","scaffold0031:19542006|19542726",3,NA,NA
"16079","scaffold0031:19580966|19584556",NA,NA,1
"16080","scaffold0031:19586481|19591591",2,NA,NA
"16081","scaffold0031:19589510|19640810",6,NA,NA
"16082","scaffold0031:19609772|19617818",2,NA,1
"16083","scaffold0031:19609772|19632049",NA,NA,1
"16084","scaffold0031:19615145|19640810",NA,1,NA
"16085","scaffold0031:19631903|19640810",NA,NA,3
"16086","scaffold0031:19783145|19786600",79,23,11
"16087","scaffold0031:19812187|19817662",3,NA,NA
"16088","scaffold0031:19846533|19856968",1,NA,NA
"16089","scaffold0031:19847554|19850867",NA,NA,2
"16090","scaffold0031:19852795|19862080",NA,1,NA
"16091","scaffold0031:19852795|19863020",1,16,3
"16092","scaffold0031:19864823|19870458",6,NA,NA
"16093","scaffold0031:20503719|20522487",7,11,NA
"16094","scaffold0031:20508960|20522487",11,16,21
"16095","scaffold0031:20513883|20518636",NA,2,NA
"16096","scaffold0031:20518361|20522487",5,NA,NA
"16097","scaffold0031:21140274|21141824",1,NA,NA
"16098","scaffold0031:21182126|21182785",2,5,NA
"16099","scaffold0031:21232137|21236240",NA,2,NA
"16100","scaffold0031:21232137|21242279",NA,6,1
"16101","scaffold0031:21236140|21239658",NA,7,NA
"16102","scaffold0031:21239521|21242279",NA,NA,3
"16103","scaffold0031:21242111|21243722",NA,8,2
"16104","scaffold0031:21243722|21244264",NA,NA,2
"16105","scaffold0031:2165002|2165769",166,78,77
"16106","scaffold0031:2165002|2169834",23,NA,6
"16107","scaffold0031:21776809|21784758",2,NA,NA
"16108","scaffold0031:21786089|21787515",4,NA,NA
"16109","scaffold0031:21791974|21792132",7,NA,NA
"16110","scaffold0031:21870535|21882909",3,NA,NA
"16111","scaffold0031:2375588|2378108",NA,NA,2
"16112","scaffold0031:2376340|2376798",2,NA,NA
"16113","scaffold0031:2488216|2493392",NA,NA,6
"16114","scaffold0031:2500966|2510576",NA,3,NA
"16115","scaffold0031:2686125|2694682",49,NA,12
"16116","scaffold0031:2686125|2698935",14,NA,NA
"16117","scaffold0031:2693097|2707546",2,NA,NA
"16118","scaffold0031:2706736|2707546",1,NA,2
"16119","scaffold0031:2854046|2854683",1,5,NA
"16120","scaffold0031:3028658|3044224",6,NA,5
"16121","scaffold0031:3034351|3044224",3,NA,NA
"16122","scaffold0031:3455913|3457788",10,NA,NA
"16123","scaffold0031:3455913|3462841",3,NA,NA
"16124","scaffold0031:3457656|3462841",1,NA,NA
"16125","scaffold0031:3472866|3474550",36,7,8
"16126","scaffold0031:3566269|3571464",NA,NA,3
"16127","scaffold0031:3571286|3575751",5,14,5
"16128","scaffold0031:3645699|3647231",NA,8,NA
"16129","scaffold0031:3665904|3668313",4,NA,NA
"16130","scaffold0031:3665904|3669937",NA,NA,2
"16131","scaffold0031:367180|367884",3,NA,NA
"16132","scaffold0031:3730711|3736878",3,NA,3
"16133","scaffold0031:3730711|3742562",3,NA,NA
"16134","scaffold0031:3730711|3747532",14,NA,NA
"16135","scaffold0031:3736804|3747532",21,8,18
"16136","scaffold0031:3742483|3747532",NA,1,11
"16137","scaffold0031:3744887|3747532",1,6,2
"16138","scaffold0031:376892|387918",4,NA,1
"16139","scaffold0031:385325|387918",NA,NA,2
"16140","scaffold0031:3917497|3923889",7,NA,NA
"16141","scaffold0031:3917497|3925834",3,NA,NA
"16142","scaffold0031:3917497|3927901",NA,17,5
"16143","scaffold0031:3951257|3953763",6,2,1
"16144","scaffold0031:3965649|3974542",4,NA,4
"16145","scaffold0031:3965649|3977036",7,NA,11
"16146","scaffold0031:3965649|3984709",2,NA,NA
"16147","scaffold0031:396685|404476",2,NA,NA
"16148","scaffold0031:399680|404476",1,NA,NA
"16149","scaffold0031:4002327|4005101",NA,NA,35
"16150","scaffold0031:4002327|4081245",13,NA,7
"16151","scaffold0031:4004918|4081245",6,NA,NA
"16152","scaffold0031:4012944|4036975",3,NA,NA
"16153","scaffold0031:4012944|4038264",16,NA,4
"16154","scaffold0031:4012944|4081245",5,15,11
"16155","scaffold0031:4036854|4038264",48,38,45
"16156","scaffold0031:4036854|4081245",22,45,36
"16157","scaffold0031:4081071|4081245",11,NA,5
"16158","scaffold0031:412124|413591",28,36,32
"16159","scaffold0031:412124|429472",NA,NA,5
"16160","scaffold0031:5535346|5536590",26,NA,12
"16161","scaffold0031:5584273|5595101",NA,NA,2
"16162","scaffold0031:5679612|5700539",2,NA,NA
"16163","scaffold0031:5698479|5703745",NA,25,2
"16164","scaffold0031:5698479|5719207",NA,NA,1
"16165","scaffold0031:5715672|5719207",NA,NA,2
"16166","scaffold0031:5715672|5736784",3,4,NA
"16167","scaffold0031:5715672|5741680",10,NA,NA
"16168","scaffold0031:5715672|5747309",3,4,2
"16169","scaffold0031:5715672|5751569",NA,7,NA
"16170","scaffold0031:5736658|5747309",2,33,1
"16171","scaffold0031:5736658|5774146",2,NA,NA
"16172","scaffold0031:5741557|5747309",6,9,NA
"16173","scaffold0031:5762347|5768029",NA,NA,2
"16174","scaffold0031:5762347|5774146",133,111,22
"16175","scaffold0031:5762347|5786079",NA,5,NA
"16176","scaffold0031:5823131|5824862",NA,1,NA
"16177","scaffold0031:5823131|5860621",NA,NA,2
"16178","scaffold0031:5823131|5883377",1,NA,NA
"16179","scaffold0031:5860453|5883377",7,2,NA
"16180","scaffold0031:5883207|5952205",18,NA,NA
"16181","scaffold0031:5951907|5952205",48,101,38
"16182","scaffold0031:6085896|6120675",3,NA,NA
"16183","scaffold0031:6094106|6104968",12,NA,2
"16184","scaffold0031:6104740|6120675",17,13,19
"16185","scaffold0031:6104740|6134001",12,17,7
"16186","scaffold0031:6118057|6120675",NA,7,NA
"16187","scaffold0031:6118057|6134001",8,9,NA
"16188","scaffold0031:6149576|6158387",3,NA,NA
"16189","scaffold0031:6156175|6173532",7,NA,5
"16190","scaffold0031:6214718|6218744",NA,NA,9
"16191","scaffold0031:6222113|6240674",2,NA,NA
"16192","scaffold0031:6238625|6240674",14,NA,NA
"16193","scaffold0031:6309427|6311157",8,NA,NA
"16194","scaffold0031:6309427|6314026",3,NA,NA
"16195","scaffold0031:6316662|6316888",NA,NA,2
"16196","scaffold0031:6331185|6343280",6,NA,NA
"16197","scaffold0031:6331185|6346119",4,NA,NA
"16198","scaffold0031:6332682|6337597",8,NA,NA
"16199","scaffold0031:6337403|6337597",NA,8,NA
"16200","scaffold0031:6337403|6346119",2,NA,NA
"16201","scaffold0031:6343142|6346119",4,NA,NA
"16202","scaffold0031:6345937|6346119",66,27,31
"16203","scaffold0031:6388629|6392515",18,1,14
"16204","scaffold0031:6475163|6477620",59,8,35
"16205","scaffold0031:6477526|6489686",NA,NA,1
"16206","scaffold0031:6489602|6492253",11,12,1
"16207","scaffold0031:6562002|6572544",4,7,NA
"16208","scaffold0031:6562002|6581757",28,8,11
"16209","scaffold0031:6562002|6589372",5,NA,NA
"16210","scaffold0031:6562002|6598097",NA,NA,2
"16211","scaffold0031:6572475|6581757",271,137,101
"16212","scaffold0031:6572475|6589372",10,NA,1
"16213","scaffold0031:6572475|6598097",NA,NA,12
"16214","scaffold0031:6579592|6581757",160,69,83
"16215","scaffold0031:6579592|6589372",NA,NA,4
"16216","scaffold0031:6579592|6598097",30,17,6
"16217","scaffold0031:6824198|6825700",3,NA,NA
"16218","scaffold0031:7359271|7362563",3,10,NA
"16219","scaffold0031:7879482|7893400",4,NA,NA
"16220","scaffold0031:8173975|8175306",NA,NA,3
"16221","scaffold0031:8276056|8314279",7,NA,NA
"16222","scaffold0031:8420724|8425036",59,28,7
"16223","scaffold0031:8420724|8427542",5,19,NA
"16224","scaffold0031:8427402|8432787",8,NA,7
"16225","scaffold0031:8427402|8435156",1,NA,NA
"16226","scaffold0031:8428516|8432787",304,163,204
"16227","scaffold0031:8428516|8435156",75,43,26
"16228","scaffold0031:8432665|8435156",9,8,2
"16229","scaffold0031:8450904|8452355",4,NA,5
"16230","scaffold0031:8504139|8509719",320,157,111
"16231","scaffold0031:8504139|8516928",NA,NA,1
"16232","scaffold0031:8868761|8874741",NA,18,NA
"16233","scaffold0031:9025304|9033006",NA,2,1
"16234","scaffold0031:9143625|9154901",13,20,4
"16235","scaffold0031:9162030|9165134",NA,7,NA
"16236","scaffold0031:9271594|9272573",NA,3,NA
"16237","scaffold0031:9383439|9383601",NA,2,NA
"16238","scaffold0031:9383439|9383623",NA,3,NA
"16239","scaffold0031:9398328|9398506",NA,8,NA
"16240","scaffold0031:9407004|9408453",NA,NA,1
"16241","scaffold0031:9442034|9444358",NA,NA,2
"16242","scaffold0031:9443660|9444220",NA,NA,5
"16243","scaffold0031:9444938|9445295",NA,NA,1
"16244","scaffold0031:9576966|9577188",7,NA,NA
"16245","scaffold0031:9646873|9647025",3,NA,NA
"16246","scaffold0031:9710276|9710611",2,NA,NA
"16247","scaffold0031:9727876|9728844",3,NA,NA
"16248","scaffold0032:1146594|1148923",55,50,23
"16249","scaffold0032:11842048|11856850",1,NA,NA
"16250","scaffold0032:1243477|1243678",2,NA,NA
"16251","scaffold0032:1243477|1250926",1,NA,NA
"16252","scaffold0032:1253449|1255867",NA,4,NA
"16253","scaffold0032:1258001|1263212",NA,NA,3
"16254","scaffold0032:12655307|12726678",NA,2,NA
"16255","scaffold0032:1269310|1270460",3,NA,NA
"16256","scaffold0032:12725093|12726678",55,40,91
"16257","scaffold0032:12777883|12839819",NA,5,NA
"16258","scaffold0032:12777883|12850607",7,27,NA
"16259","scaffold0032:12815385|12817756",6,NA,NA
"16260","scaffold0032:12815385|12819722",NA,NA,24
"16261","scaffold0032:12815385|12821888",6,17,8
"16262","scaffold0032:12815385|12839819",NA,NA,1
"16263","scaffold0032:12815385|12850607",NA,NA,1
"16264","scaffold0032:12839659|12850607",NA,1,NA
"16265","scaffold0032:130566|132515",2,NA,NA
"16266","scaffold0032:13132668|13136241",9,NA,1
"16267","scaffold0032:13132668|13156308",1,NA,NA
"16268","scaffold0032:13136034|13142889",NA,18,NA
"16269","scaffold0032:13454557|13455774",19,4,NA
"16270","scaffold0032:14482230|14488910",3,NA,1
"16271","scaffold0032:16220766|16221042",291,130,466
"16272","scaffold0032:16220766|16257241",NA,NA,5
"16273","scaffold0032:1664246|1669203",NA,NA,6
"16274","scaffold0032:18518286|18550840",31,9,25
"16275","scaffold0032:19025270|19027909",107,9,4
"16276","scaffold0032:1924015|1924846",NA,12,NA
"16277","scaffold0032:19274761|19311116",1,5,NA
"16278","scaffold0032:2113681|2129006",6,NA,NA
"16279","scaffold0032:2113681|2171390",NA,NA,4
"16280","scaffold0032:2128895|2223416",2,NA,NA
"16281","scaffold0032:2223326|2344398",1,NA,NA
"16282","scaffold0032:2321434|2338752",2,NA,NA
"16283","scaffold0032:2321434|2339461",9,22,NA
"16284","scaffold0032:2321434|2342063",8,NA,NA
"16285","scaffold0032:2321434|2350266",9,NA,2
"16286","scaffold0032:2321434|2359559",1,NA,3
"16287","scaffold0032:2333989|2337074",18,39,11
"16288","scaffold0032:2333989|2342063",14,10,6
"16289","scaffold0032:2333989|2344398",5,NA,NA
"16290","scaffold0032:2333989|2350266",NA,11,NA
"16291","scaffold0032:279728|281747",1,NA,NA
"16292","scaffold0032:279728|287956",8,NA,NA
"16293","scaffold0032:287757|297441",69,37,50
"16294","scaffold0032:287757|308872",NA,NA,3
"16295","scaffold0032:296349|297441",59,28,23
"16296","scaffold0032:296349|299952",NA,NA,10
"16297","scaffold0032:296349|303634",NA,4,NA
"16298","scaffold0032:296349|304695",NA,3,NA
"16299","scaffold0032:297369|303634",7,NA,NA
"16300","scaffold0032:297369|304695",3,NA,NA
"16301","scaffold0032:299855|303634",9,1,NA
"16302","scaffold0032:299855|304695",2,NA,NA
"16303","scaffold0032:301390|303634",1,5,1
"16304","scaffold0032:301390|304695",5,1,1
"16305","scaffold0032:349509|353322",24,NA,7
"16306","scaffold0032:351488|353322",1,NA,NA
"16307","scaffold0032:416398|419627",NA,NA,2
"16308","scaffold0032:425379|427906",7,14,3
"16309","scaffold0032:4803993|4805423",11,10,NA
"16310","scaffold0032:4825438|4837960",4,NA,NA
"16311","scaffold0032:4847784|4849117",NA,10,4
"16312","scaffold0032:4860729|4870445",NA,NA,10
"16313","scaffold0032:4882438|4885973",3,NA,NA
"16314","scaffold0032:531398|532148",NA,NA,20
"16315","scaffold0032:531398|567136",24,NA,4
"16316","scaffold0032:532073|567136",8,NA,NA
"16317","scaffold0032:6768094|6867781",2,NA,NA
"16318","scaffold0032:6803112|6815601",4,NA,NA
"16319","scaffold0032:6815479|6867781",NA,2,NA
"16320","scaffold0032:686647|694854",8,NA,2
"16321","scaffold0032:686647|702687",5,NA,NA
"16322","scaffold0032:6996147|7042216",2,NA,NA
"16323","scaffold0032:7077391|7093642",NA,2,NA
"16324","scaffold0032:7077391|7107383",13,NA,NA
"16325","scaffold0032:7340534|7358945",67,13,5
"16326","scaffold0032:7415574|7422014",9,NA,NA
"16327","scaffold0032:8265710|8270758",11,NA,NA
"16328","scaffold0032:8469934|8471603",28,6,NA
"16329","scaffold0032:8469934|8474662",13,2,NA
"16330","scaffold0032:8623556|8627599",3,NA,NA
"16331","scaffold0032:8650194|8651849",1,NA,NA
"16332","scaffold0032:872086|873254",25,11,NA
"16333","scaffold0032:8782409|8783696",NA,NA,1
"16334","scaffold0032:8782409|8810213",8,NA,NA
"16335","scaffold0032:894947|896230",NA,NA,1
"16336","scaffold0032:949565|951190",5,4,6
"16337","scaffold0032:949565|962756",5,NA,NA
"16338","scaffold0032:949565|964424",4,NA,NA
"16339","scaffold0032:962057|962756",NA,NA,1
"16340","scaffold0032:962057|983066",4,NA,NA
"16341","scaffold0033:10608534|10609806",12,1,37
"16342","scaffold0033:10608534|10626549",1,NA,NA
"16343","scaffold0033:10653445|10673161",NA,4,NA
"16344","scaffold0033:10709844|10713485",34,33,21
"16345","scaffold0033:10724651|10725081",2,NA,NA
"16346","scaffold0033:10724651|10730112",NA,7,NA
"16347","scaffold0033:11380276|11381351",6,NA,NA
"16348","scaffold0033:11380276|11382681",NA,NA,8
"16349","scaffold0033:11385539|11385692",NA,5,NA
"16350","scaffold0033:12037315|12058677",9,NA,NA
"16351","scaffold0033:12038508|12058677",6,NA,NA
"16352","scaffold0033:12050419|12058677",36,11,NA
"16353","scaffold0033:12282938|12327910",7,NA,NA
"16354","scaffold0033:12369132|12413676",6,NA,NA
"16355","scaffold0033:12409363|12413676",4,NA,NA
"16356","scaffold0033:13334403|13391403",2,NA,NA
"16357","scaffold0033:13364696|13391403",3,NA,NA
"16358","scaffold0033:13374472|13391403",25,42,19
"16359","scaffold0033:13390580|13391403",3,NA,1
"16360","scaffold0033:13403840|13406479",1,2,6
"16361","scaffold0033:13414500|13416034",32,NA,NA
"16362","scaffold0033:13435409|13469319",NA,2,NA
"16363","scaffold0033:13435409|13474787",NA,3,NA
"16364","scaffold0033:13461917|13469319",NA,NA,6
"16365","scaffold0033:13461917|13494832",NA,NA,5
"16366","scaffold0033:13461917|13525502",NA,2,NA
"16367","scaffold0033:13494697|13507308",3,NA,NA
"16368","scaffold0033:13494697|13514671",7,NA,NA
"16369","scaffold0033:13494697|13519374",6,NA,6
"16370","scaffold0033:13502117|13514671",NA,NA,1
"16371","scaffold0033:13502117|13519374",11,NA,NA
"16372","scaffold0033:13507218|13519374",6,NA,NA
"16373","scaffold0033:13514544|13527298",1,NA,NA
"16374","scaffold0033:13519276|13527298",6,NA,NA
"16375","scaffold0033:13560598|13561509",29,17,17
"16376","scaffold0033:13801590|13810782",NA,NA,2
"16377","scaffold0033:13803759|13804550",5,NA,NA
"16378","scaffold0033:13929998|13931187",NA,NA,2
"16379","scaffold0033:13929998|13935926",45,43,7
"16380","scaffold0033:14300555|14346349",1,2,NA
"16381","scaffold0033:14335118|14346349",7,6,5
"16382","scaffold0033:14337645|14346349",7,NA,NA
"16383","scaffold0033:14394733|14411034",NA,NA,11
"16384","scaffold0033:14395469|14411034",NA,7,NA
"16385","scaffold0033:14400956|14411034",16,1,15
"16386","scaffold0033:14407442|14411034",32,44,25
"16387","scaffold0033:14922814|14923132",8,NA,NA
"16388","scaffold0033:14940480|15008373",2,3,NA
"16389","scaffold0033:15006727|15008373",12,NA,NA
"16390","scaffold0033:15088386|15107467",NA,1,NA
"16391","scaffold0033:15106578|15107467",4,NA,NA
"16392","scaffold0033:15114698|15119081",1,4,NA
"16393","scaffold0033:15442595|15446754",50,8,19
"16394","scaffold0033:15442595|15462913",NA,NA,6
"16395","scaffold0033:15459065|15462913",2,NA,NA
"16396","scaffold0033:15975906|15978057",15,18,10
"16397","scaffold0033:16567477|16567819",NA,11,NA
"16398","scaffold0033:16580404|16583941",2,25,NA
"16399","scaffold0033:16601003|16602041",NA,NA,1
"16400","scaffold0033:16601003|16604318",NA,3,1
"16401","scaffold0033:16601824|16602041",4,NA,NA
"16402","scaffold0033:16602041|16603700",NA,1,NA
"16403","scaffold0033:16604251|16605976",NA,NA,1
"16404","scaffold0033:16606709|16609879",11,NA,4
"16405","scaffold0033:16608335|16609521",1,NA,3
"16406","scaffold0033:16609441|16609879",NA,NA,1
"16407","scaffold0033:16609879|16610500",4,NA,6
"16408","scaffold0033:16629048|16629384",5,7,8
"16409","scaffold0033:16757876|16758210",3,NA,NA
"16410","scaffold0033:16760401|16761132",18,28,12
"16411","scaffold0033:16760694|16760943",NA,6,NA
"16412","scaffold0033:16760694|16761132",13,NA,NA
"16413","scaffold0033:16761132|16761541",NA,4,NA
"16414","scaffold0033:16761931|16762038",NA,NA,1
"16415","scaffold0033:16792707|16793153",NA,NA,1
"16416","scaffold0033:16793050|16794904",2,NA,NA
"16417","scaffold0033:16803227|16805215",25,15,13
"16418","scaffold0033:16806182|16808953",24,18,4
"16419","scaffold0033:16840443|16841409",5,NA,NA
"16420","scaffold0033:17187444|17202388",7,NA,NA
"16421","scaffold0033:17191247|17197920",NA,NA,1
"16422","scaffold0033:17205329|17207638",NA,NA,6
"16423","scaffold0033:17207399|17210371",2,NA,NA
"16424","scaffold0033:17207399|17212505",NA,NA,1
"16425","scaffold0033:17207399|17222621",NA,NA,2
"16426","scaffold0033:17238354|17240212",386,229,188
"16427","scaffold0033:17291980|17356738",2,NA,NA
"16428","scaffold0033:17294044|17324326",NA,2,NA
"16429","scaffold0033:17308743|17326868",4,NA,NA
"16430","scaffold0033:17308743|17356738",NA,NA,1
"16431","scaffold0033:17323997|17324326",201,115,78
"16432","scaffold0033:17323997|17326868",29,21,27
"16433","scaffold0033:17323997|17356738",NA,9,6
"16434","scaffold0033:17323997|17360162",28,9,4
"16435","scaffold0033:17326757|17356738",NA,NA,8
"16436","scaffold0033:17326757|17360162",NA,2,3
"16437","scaffold0033:17351053|17356738",45,58,34
"16438","scaffold0033:17351053|17360162",22,14,27
"16439","scaffold0033:17355843|17356738",37,6,5
"16440","scaffold0033:17355843|17360162",29,NA,10
"16441","scaffold0033:17461483|17466756",NA,NA,4
"16442","scaffold0033:17461483|17469847",10,17,8
"16443","scaffold0033:17463653|17466756",7,1,NA
"16444","scaffold0033:17821892|17822073",NA,NA,3
"16445","scaffold0033:17821892|17836774",9,13,NA
"16446","scaffold0033:18190921|18192029",NA,13,2
"16447","scaffold0033:182386|185729",NA,5,NA
"16448","scaffold0033:18433848|18463825",41,NA,16
"16449","scaffold0033:18463079|18463825",12,30,9
"16450","scaffold0033:18611083|18611583",NA,NA,4
"16451","scaffold0033:18611083|18614028",9,NA,NA
"16452","scaffold0033:18611083|18616675",NA,NA,4
"16453","scaffold0033:18613926|18615346",NA,NA,1
"16454","scaffold0033:18613926|18616675",NA,7,NA
"16455","scaffold0033:18642615|18651960",NA,3,NA
"16456","scaffold0033:18647236|18647730",NA,NA,1
"16457","scaffold0033:18650850|18652623",572,458,385
"16458","scaffold0033:18651861|18662641",1,NA,NA
"16459","scaffold0033:18652560|18662641",NA,NA,1
"16460","scaffold0033:196743|207939",9,4,NA
"16461","scaffold0033:203402|207939",11,12,6
"16462","scaffold0033:203402|209193",2,NA,NA
"16463","scaffold0033:205680|207939",157,84,57
"16464","scaffold0033:205680|209193",102,30,18
"16465","scaffold0033:207794|209193",4,NA,NA
"16466","scaffold0033:242805|247206",10,11,2
"16467","scaffold0033:242805|250731",4,NA,NA
"16468","scaffold0033:242805|256641",NA,3,6
"16469","scaffold0033:256530|260694",NA,NA,2
"16470","scaffold0033:278811|279714",24,3,21
"16471","scaffold0033:297624|297780",NA,NA,4
"16472","scaffold0033:346390|347491",NA,7,NA
"16473","scaffold0033:5899809|5900708",4,NA,NA
"16474","scaffold0033:5975132|5995505",3,NA,NA
"16475","scaffold0033:5995399|5996551",NA,5,NA
"16476","scaffold0033:5996392|6012896",6,NA,NA
"16477","scaffold0033:6057849|6058779",NA,NA,6
"16478","scaffold0033:6057849|6059551",73,23,12
"16479","scaffold0033:6057849|6063612",59,17,9
"16480","scaffold0033:6058653|6059551",4,16,10
"16481","scaffold0033:6121608|6125442",5,NA,NA
"16482","scaffold0033:6160626|6161943",NA,NA,1
"16483","scaffold0033:6171485|6171738",2,NA,NA
"16484","scaffold0034:10428041|10430588",3,NA,NA
"16485","scaffold0034:10461366|10466480",56,NA,10
"16486","scaffold0034:10465771|10466480",7,NA,NA
"16487","scaffold0034:11145761|11152057",10,NA,NA
"16488","scaffold0034:11311749|11327179",NA,7,NA
"16489","scaffold0034:11318412|11327179",NA,1,NA
"16490","scaffold0034:11364789|11369083",20,4,NA
"16491","scaffold0034:11788067|11796983",NA,2,NA
"16492","scaffold0034:11788067|11809751",13,27,NA
"16493","scaffold0034:11790127|11796983",1,2,NA
"16494","scaffold0034:11790127|11809751",28,NA,1
"16495","scaffold0034:11791808|11796983",2,2,NA
"16496","scaffold0034:11791808|11809751",32,NA,NA
"16497","scaffold0034:11791808|11820757",1,NA,NA
"16498","scaffold0034:11807055|11809751",5,NA,NA
"16499","scaffold0034:11807055|11820757",25,NA,NA
"16500","scaffold0034:11807055|11830504",3,NA,NA
"16501","scaffold0034:11926748|11929514",28,NA,NA
"16502","scaffold0034:12058320|12127332",20,NA,NA
"16503","scaffold0034:12074727|12127332",139,62,44
"16504","scaffold0034:12094811|12127332",128,57,54
"16505","scaffold0034:12094811|12141488",45,NA,9
"16506","scaffold0034:12102000|12141488",6,NA,NA
"16507","scaffold0034:12125756|12127332",5,NA,11
"16508","scaffold0034:12125756|12141488",103,39,71
"16509","scaffold0034:12361934|12372441",18,NA,NA
"16510","scaffold0034:12389607|12398481",30,NA,9
"16511","scaffold0034:12389607|12403781",NA,15,NA
"16512","scaffold0034:12477562|12480111",25,21,4
"16513","scaffold0034:12477562|12482392",NA,4,NA
"16514","scaffold0034:12482122|12486949",13,NA,NA
"16515","scaffold0034:12590737|12605824",NA,NA,2
"16516","scaffold0034:12600071|12605824",385,192,212
"16517","scaffold0034:12603797|12605824",72,25,18
"16518","scaffold0034:12603797|12629113",NA,NA,1
"16519","scaffold0034:12613514|12633267",34,NA,NA
"16520","scaffold0034:12846969|12932702",3,NA,3
"16521","scaffold0034:13044987|13051624",NA,NA,1
"16522","scaffold0034:13418598|13420806",5,NA,NA
"16523","scaffold0034:13418598|13423221",11,13,3
"16524","scaffold0034:13423086|13436930",1,NA,NA
"16525","scaffold0034:13423086|13440525",3,NA,2
"16526","scaffold0034:13438103|13440525",1,NA,NA
"16527","scaffold0034:13573348|13577403",NA,NA,4
"16528","scaffold0034:13575373|13582294",NA,2,NA
"16529","scaffold0034:13577321|13580795",63,NA,NA
"16530","scaffold0034:13755791|13770835",6,NA,NA
"16531","scaffold0034:13763421|13766966",2,NA,NA
"16532","scaffold0034:15014782|15027388",2,NA,NA
"16533","scaffold0034:15014782|15055812",NA,5,NA
"16534","scaffold0034:15055617|15072864",41,NA,NA
"16535","scaffold0034:15332059|15402162",6,NA,NA
"16536","scaffold0034:16367969|16368435",3688,936,1337
"16537","scaffold0034:17009656|17019425",NA,NA,1
"16538","scaffold0034:17059413|17064658",4,NA,NA
"16539","scaffold0034:17060768|17064658",8,NA,NA
"16540","scaffold0034:17064111|17064658",71,41,20
"16541","scaffold0034:17064111|17076399",NA,NA,3
"16542","scaffold0034:17080706|17092559",NA,NA,7
"16543","scaffold0034:17080706|17103746",14,NA,NA
"16544","scaffold0034:17080706|17104667",8,NA,NA
"16545","scaffold0034:17082136|17103746",NA,2,NA
"16546","scaffold0034:17082136|17104667",NA,4,NA
"16547","scaffold0034:17125783|17129965",NA,10,NA
"16548","scaffold0034:17155837|17155993",3,NA,NA
"16549","scaffold0034:17395288|17395499",5,3,NA
"16550","scaffold0034:17395499|17395756",NA,NA,1
"16551","scaffold0034:17395983|17396244",NA,7,NA
"16552","scaffold0034:17696015|17697258",NA,1,2
"16553","scaffold0034:17698375|17714983",11,NA,10
"16554","scaffold0034:17699580|17714983",15,NA,16
"16555","scaffold0034:17702676|17711995",8,NA,NA
"16556","scaffold0034:17713375|17714983",59,61,27
"16557","scaffold0034:17723956|17725415",1,NA,NA
"16558","scaffold0034:17766141|17766540",5,6,3
"16559","scaffold0034:17780151|17786435",36,NA,40
"16560","scaffold0034:17827339|17834871",2,NA,NA
"16561","scaffold0034:17827339|17843254",NA,7,NA
"16562","scaffold0034:18066655|18066934",13,NA,4
"16563","scaffold0034:18066655|18080137",2,17,4
"16564","scaffold0034:18079993|18088796",6,NA,4
"16565","scaffold0034:18100247|18114449",NA,NA,1
"16566","scaffold0034:18111873|18114449",NA,8,NA
"16567","scaffold0034:18121377|18121944",NA,1,4
"16568","scaffold0034:18172202|18172510",5,NA,NA
"16569","scaffold0034:18258862|18267446",1,3,2
"16570","scaffold0034:18260085|18267446",2,3,1
"16571","scaffold0034:18262482|18267446",10,NA,2
"16572","scaffold0034:2290927|2300235",NA,NA,5
"16573","scaffold0034:2300068|2338624",16,NA,NA
"16574","scaffold0034:2952545|2956224",17,NA,8
"16575","scaffold0034:2978651|2982220",4,NA,NA
"16576","scaffold0034:3543094|3647951",1,NA,1
"16577","scaffold0034:3543094|3753490",1,NA,NA
"16578","scaffold0034:3545656|3647951",2,NA,3
"16579","scaffold0034:3545656|3753490",2,NA,NA
"16580","scaffold0034:3745648|3760515",3,NA,NA
"16581","scaffold0034:3753350|3803987",1,NA,NA
"16582","scaffold0034:3783756|3797036",3,NA,NA
"16583","scaffold0034:3783756|3803987",21,NA,NA
"16584","scaffold0034:3783756|3816311",4,NA,NA
"16585","scaffold0034:3803797|3810450",22,15,NA
"16586","scaffold0034:3803797|3816311",10,6,NA
"16587","scaffold0034:3803797|3850624",12,9,NA
"16588","scaffold0034:3803797|3901272",1,NA,NA
"16589","scaffold0034:3803797|3933885",7,NA,NA
"16590","scaffold0034:3816083|3901272",7,NA,NA
"16591","scaffold0034:3901161|3933885",3,NA,NA
"16592","scaffold0034:3933642|3933885",34,28,6
"16593","scaffold0034:4109915|4120909",6,3,5
"16594","scaffold0034:5108393|5118561",NA,8,NA
"16595","scaffold0034:5108393|5123382",2,13,NA
"16596","scaffold0034:5156849|5163197",11,15,8
"16597","scaffold0034:5439850|5450695",6,NA,3
"16598","scaffold0034:5453234|5460095",2,NA,NA
"16599","scaffold0034:5453234|5464146",2,NA,NA
"16600","scaffold0034:5459617|5467172",2,NA,NA
"16601","scaffold0034:5467005|5467172",NA,4,NA
"16602","scaffold0034:6312190|6313474",12,NA,NA
"16603","scaffold0034:6313325|6318643",NA,2,NA
"16604","scaffold0034:6318290|6318643",3,NA,NA
"16605","scaffold0034:6325681|6327369",5,NA,6
"16606","scaffold0034:6715098|6718028",82,NA,21
"16607","scaffold0034:6717273|6718028",14,NA,NA
"16608","scaffold0034:6797399|6797660",9,NA,12
"16609","scaffold0034:6797399|6820796",5,NA,NA
"16610","scaffold0034:6797399|6830385",NA,NA,2
"16611","scaffold0034:6811499|6830385",47,9,10
"16612","scaffold0034:6811499|6842278",3,11,NA
"16613","scaffold0034:6813033|6830385",148,NA,NA
"16614","scaffold0034:6813033|6842278",1,NA,NA
"16615","scaffold0034:6820670|6830385",16,NA,NA
"16616","scaffold0034:6820670|6842278",5,NA,NA
"16617","scaffold0034:6842196|6856437",8,NA,NA
"16618","scaffold0034:7188756|7202594",57,14,55
"16619","scaffold0034:7188756|7207410",6,NA,NA
"16620","scaffold0034:7188756|7207413",42,17,NA
"16621","scaffold0034:7188756|7208689",15,6,NA
"16622","scaffold0034:7188756|7246725",NA,NA,4
"16623","scaffold0034:7202432|7207410",8,NA,NA
"16624","scaffold0034:7202432|7246725",43,27,15
"16625","scaffold0034:7202432|7334136",5,NA,NA
"16626","scaffold0034:7207350|7246725",27,20,13
"16627","scaffold0034:7208626|7246725",45,30,37
"16628","scaffold0034:7208626|7334136",36,9,8
"16629","scaffold0034:7246524|7246725",194,51,104
"16630","scaffold0034:7246524|7334136",137,90,52
"16631","scaffold0034:8111835|8115128",43,41,11
"16632","scaffold0034:8121196|8122767",NA,NA,2
"16633","scaffold0034:8121196|8138930",NA,NA,1
"16634","scaffold0034:8138800|8148816",4,2,NA
"16635","scaffold0034:8138800|8154161",NA,NA,4
"16636","scaffold0034:8146003|8148116",NA,2,NA
"16637","scaffold0034:8146003|8148816",3,4,NA
"16638","scaffold0034:8146003|8155089",NA,NA,2
"16639","scaffold0034:8184369|8187872",7,NA,NA
"16640","scaffold0034:8184369|8202665",5,NA,NA
"16641","scaffold0034:8642217|8642556",21,NA,NA
"16642","scaffold0034:9865266|9869659",NA,NA,3
"16643","scaffold0034:9869510|9872319",5,NA,NA
"16644","scaffold0034:9888984|9889293",NA,NA,1
"16645","scaffold0034:9888984|9893821",13,NA,NA
"16646","scaffold0034:9888984|9900508",2,5,1
"16647","scaffold0034:9893006|9900508",21,NA,7
"16648","scaffold0035:10672494|10679888",NA,NA,3
"16649","scaffold0035:10672864|10678746",NA,2,NA
"16650","scaffold0035:10689349|10689529",6,NA,NA
"16651","scaffold0035:10697078|10701800",NA,1,NA
"16652","scaffold0035:10792771|10794213",1,4,NA
"16653","scaffold0035:11311701|11315011",4,NA,NA
"16654","scaffold0035:11313448|11315011",5,NA,NA
"16655","scaffold0035:1135603|1135945",57,15,30
"16656","scaffold0035:1140272|1148916",NA,4,NA
"16657","scaffold0035:11421458|11422010",317,121,112
"16658","scaffold0035:11522894|11528182",1,8,29
"16659","scaffold0035:11523859|11526297",NA,NA,4
"16660","scaffold0035:11527818|11528182",NA,NA,2
"16661","scaffold0035:11581973|11587389",NA,1,NA
"16662","scaffold0035:11585835|11587389",NA,25,7
"16663","scaffold0035:11589650|11589915",8,NA,NA
"16664","scaffold0035:11589650|11590663",NA,20,NA
"16665","scaffold0035:11629224|11629641",NA,NA,2
"16666","scaffold0035:11630033|11630811",1,NA,NA
"16667","scaffold0035:11638635|11641570",7,NA,NA
"16668","scaffold0035:1166468|1168647",NA,NA,3
"16669","scaffold0035:1166468|1169792",1,4,NA
"16670","scaffold0035:1166468|1175612",14,NA,3
"16671","scaffold0035:11684025|11684938",27,NA,NA
"16672","scaffold0035:11686341|11687556",5,NA,NA
"16673","scaffold0035:11694894|11697565",2,NA,NA
"16674","scaffold0035:1169750|1175612",1,NA,NA
"16675","scaffold0035:11712809|11715103",NA,NA,2
"16676","scaffold0035:11736099|11736609",20,12,NA
"16677","scaffold0035:11739487|11741552",5,NA,NA
"16678","scaffold0035:1175451|1185107",NA,NA,2
"16679","scaffold0035:1184007|1185107",9,5,10
"16680","scaffold0035:11896341|11910638",1,NA,NA
"16681","scaffold0035:1190120|1190937",16,6,15
"16682","scaffold0035:11902719|11912610",9,NA,6
"16683","scaffold0035:11907580|11912610",5,NA,1
"16684","scaffold0035:11910536|11911464",7,NA,NA
"16685","scaffold0035:11910536|11912610",7,NA,3
"16686","scaffold0035:11911347|11912610",NA,NA,7
"16687","scaffold0035:11912442|11919868",NA,NA,2
"16688","scaffold0035:11935891|11936348",7,NA,2
"16689","scaffold0035:11937717|11941857",1,NA,NA
"16690","scaffold0035:11937996|11938516",NA,1,NA
"16691","scaffold0035:11943509|11943690",3,NA,NA
"16692","scaffold0035:12018345|12024125",NA,NA,5
"16693","scaffold0035:12018798|12028540",4,NA,NA
"16694","scaffold0035:12028383|12035298",12,NA,NA
"16695","scaffold0035:12081984|12086233",19,4,NA
"16696","scaffold0035:12175980|12179862",7,NA,NA
"16697","scaffold0035:12280158|12337834",4,NA,NA
"16698","scaffold0035:12288905|12325990",4,NA,NA
"16699","scaffold0035:12296412|12325990",32,NA,NA
"16700","scaffold0035:12296412|12337834",11,NA,7
"16701","scaffold0035:12325739|12337834",40,8,30
"16702","scaffold0035:12337639|12337834",3,NA,NA
"16703","scaffold0035:12547680|12552341",5,NA,NA
"16704","scaffold0035:12552175|12565528",1,NA,NA
"16705","scaffold0035:12552175|12567192",1,NA,NA
"16706","scaffold0035:12562865|12571654",10,NA,6
"16707","scaffold0035:12562865|12582396",15,NA,2
"16708","scaffold0035:12807994|12810090",1276,396,404
"16709","scaffold0035:12807994|12822754",2,NA,NA
"16710","scaffold0035:12807994|12824637",1,NA,NA
"16711","scaffold0035:12822754|12823309",6,NA,NA
"16712","scaffold0035:12822754|12823329",1,NA,NA
"16713","scaffold0035:12880869|12880996",2,NA,NA
"16714","scaffold0035:12882419|12887826",NA,2,NA
"16715","scaffold0035:12885041|12887826",2,NA,NA
"16716","scaffold0035:1305002|1307270",2,NA,NA
"16717","scaffold0035:1307092|1309938",47,11,32
"16718","scaffold0035:1307092|1311538",4,NA,NA
"16719","scaffold0035:1310466|1311538",166,76,59
"16720","scaffold0035:1310466|1312158",101,56,39
"16721","scaffold0035:1310466|1316008",114,46,41
"16722","scaffold0035:13120909|13121292",NA,1,NA
"16723","scaffold0035:1314701|1316008",NA,7,11
"16724","scaffold0035:1333007|1335445",7,5,4
"16725","scaffold0035:1334192|1335445",3,NA,NA
"16726","scaffold0035:13509495|13518465",6,NA,NA
"16727","scaffold0035:13523196|13532581",30,25,21
"16728","scaffold0035:13525777|13529478",13,NA,NA
"16729","scaffold0035:13525777|13532581",7,NA,NA
"16730","scaffold0035:13552593|13553491",6,NA,NA
"16731","scaffold0035:13552593|13555583",NA,13,4
"16732","scaffold0035:13552593|13557258",2,NA,NA
"16733","scaffold0035:13554344|13559234",20,9,8
"16734","scaffold0035:13557175|13559234",NA,NA,2
"16735","scaffold0035:13620410|13624991",8,NA,NA
"16736","scaffold0035:13620410|13636213",NA,NA,3
"16737","scaffold0035:1379216|1383420",NA,NA,1
"16738","scaffold0035:14086886|14109320",3,6,NA
"16739","scaffold0035:14098600|14109320",2,NA,NA
"16740","scaffold0035:14116686|14120829",21,NA,NA
"16741","scaffold0035:14116686|14132894",66,29,NA
"16742","scaffold0035:14120257|14132894",28,4,4
"16743","scaffold0035:1454631|1459249",2,NA,3
"16744","scaffold0035:1454631|1461235",NA,NA,3
"16745","scaffold0035:1454631|1463135",6,NA,NA
"16746","scaffold0035:14582544|14585336",NA,8,NA
"16747","scaffold0035:1470455|1476533",NA,NA,2
"16748","scaffold0035:1475384|1476533",14,26,17
"16749","scaffold0035:1475384|1485948",12,18,8
"16750","scaffold0035:1475384|1487133",11,2,11
"16751","scaffold0035:14771992|14779998",8,NA,4
"16752","scaffold0035:14771992|14812657",2,NA,NA
"16753","scaffold0035:14819776|14827012",2,NA,NA
"16754","scaffold0035:1487005|1494703",NA,NA,2
"16755","scaffold0035:14884033|14897681",1,NA,NA
"16756","scaffold0035:1488463|1494117",NA,NA,6
"16757","scaffold0035:1488463|1494703",1,NA,NA
"16758","scaffold0035:14893332|14897681",2,NA,NA
"16759","scaffold0035:1493165|1494703",NA,NA,3
"16760","scaffold0035:1494583|1497182",65,54,44
"16761","scaffold0035:1494583|1497936",9,3,NA
"16762","scaffold0035:1507179|1507638",1,NA,NA
"16763","scaffold0035:15152546|15155964",3,NA,NA
"16764","scaffold0035:15198771|15202897",NA,NA,4
"16765","scaffold0035:15258650|15261534",19,25,17
"16766","scaffold0035:15258650|15263871",9,NA,17
"16767","scaffold0035:15277430|15284892",NA,4,NA
"16768","scaffold0035:1582499|1582917",1,NA,NA
"16769","scaffold0035:1584464|1588599",3,NA,NA
"16770","scaffold0035:1585203|1588599",19,4,6
"16771","scaffold0035:1587904|1588599",13,NA,6
"16772","scaffold0035:1621590|1623374",3,NA,NA
"16773","scaffold0035:1621590|1624961",NA,NA,1
"16774","scaffold0035:1622319|1623374",NA,3,NA
"16775","scaffold0035:1624751|1629236",4,NA,2
"16776","scaffold0035:17352309|17394538",1,NA,NA
"16777","scaffold0035:17365504|17394538",NA,1,NA
"16778","scaffold0035:17475839|17494803",16,NA,NA
"16779","scaffold0035:17554608|17562171",1,1,NA
"16780","scaffold0035:17941687|17942095",NA,NA,2
"16781","scaffold0035:17979934|17981329",NA,16,NA
"16782","scaffold0035:17986782|17988124",NA,7,NA
"16783","scaffold0035:17989446|17990808",NA,2,NA
"16784","scaffold0035:17996099|17996535",3,NA,NA
"16785","scaffold0035:18065308|18068083",3,NA,NA
"16786","scaffold0035:1817815|1820918",4,NA,NA
"16787","scaffold0035:1819054|1820918",10,NA,3
"16788","scaffold0035:1847111|1847884",176,125,48
"16789","scaffold0035:1847111|1859239",20,13,2
"16790","scaffold0035:1856062|1859239",23,3,NA
"16791","scaffold0035:1990181|1992260",NA,3,NA
"16792","scaffold0035:1991546|1992260",NA,1,1
"16793","scaffold0035:2041634|2056248",12,23,9
"16794","scaffold0035:2047530|2056248",3,NA,NA
"16795","scaffold0035:2299664|2300653",5,NA,NA
"16796","scaffold0035:2302912|2303981",602,560,477
"16797","scaffold0035:2338918|2339185",9,NA,NA
"16798","scaffold0035:2395956|2405850",2,NA,NA
"16799","scaffold0035:2435068|2435609",NA,NA,5
"16800","scaffold0035:2486506|2496123",13,NA,18
"16801","scaffold0035:2486506|2500683",54,NA,58
"16802","scaffold0035:2495743|2495932",3,NA,2
"16803","scaffold0035:2495743|2496123",15,NA,NA
"16804","scaffold0035:2495854|2500683",32,NA,13
"16805","scaffold0035:2496017|2500683",6,NA,NA
"16806","scaffold0035:3047480|3047702",95,36,68
"16807","scaffold0035:3295844|3303792",NA,NA,1
"16808","scaffold0035:3313703|3321158",NA,5,NA
"16809","scaffold0035:3315515|3321158",NA,2,NA
"16810","scaffold0035:3334563|3353758",3,NA,NA
"16811","scaffold0035:3387674|3388608",1,NA,NA
"16812","scaffold0035:3424074|3426370",11,NA,NA
"16813","scaffold0035:3424263|3424947",5,NA,NA
"16814","scaffold0035:3445980|3446164",3,NA,NA
"16815","scaffold0035:3446514|3446759",5,NA,NA
"16816","scaffold0035:3446514|3446760",NA,NA,2
"16817","scaffold0035:3456333|3459420",5,NA,12
"16818","scaffold0035:3459420|3459999",7,NA,NA
"16819","scaffold0035:3460194|3460414",3,NA,NA
"16820","scaffold0035:3475106|3475429",1,NA,NA
"16821","scaffold0035:3477811|3478488",2,NA,NA
"16822","scaffold0035:3478131|3479259",NA,8,NA
"16823","scaffold0035:3491958|3492216",NA,5,NA
"16824","scaffold0035:3493995|3494507",NA,NA,1
"16825","scaffold0035:4295254|4295657",3,NA,NA
"16826","scaffold0035:4300645|4301282",2,NA,NA
"16827","scaffold0035:4303702|4306261",3,NA,NA
"16828","scaffold0035:4382630|4383099",NA,8,NA
"16829","scaffold0035:4624419|4633108",2,NA,NA
"16830","scaffold0035:4657986|4660190",2,1,NA
"16831","scaffold0035:4693641|4695278",2,NA,NA
"16832","scaffold0035:4693641|4701407",3,NA,6
"16833","scaffold0035:4695049|4701407",34,5,6
"16834","scaffold0035:4833524|4850054",7,14,NA
"16835","scaffold0035:4840163|4845723",25,21,5
"16836","scaffold0035:4840163|4850054",40,11,4
"16837","scaffold0035:4847943|4850054",9,NA,NA
"16838","scaffold0035:5578518|5590199",NA,3,NA
"16839","scaffold0035:5584650|5595732",NA,18,4
"16840","scaffold0035:5584650|5617426",NA,8,NA
"16841","scaffold0035:5590097|5617426",NA,21,NA
"16842","scaffold0035:5590097|5633500",25,NA,NA
"16843","scaffold0035:5603783|5617426",NA,NA,1
"16844","scaffold0035:5612281|5633500",53,25,56
"16845","scaffold0035:5612281|5731133",NA,NA,2
"16846","scaffold0035:5727137|5754821",NA,NA,1
"16847","scaffold0035:5731058|5754821",1,NA,NA
"16848","scaffold0035:5749960|5754821",85,103,27
"16849","scaffold0035:5806492|5823143",NA,9,NA
"16850","scaffold0035:5884652|5891116",84,84,28
"16851","scaffold0035:5967667|5979611",NA,NA,2
"16852","scaffold0035:6871984|6874927",4,NA,1
"16853","scaffold0035:802855|808363",2,3,2
"16854","scaffold0035:8219050|8223345",6,8,7
"16855","scaffold0035:8539270|8544850",NA,NA,8
"16856","scaffold0035:8552333|8554955",59,16,16
"16857","scaffold0035:8570853|8575537",19,38,2
"16858","scaffold0035:8572992|8575537",NA,1,NA
"16859","scaffold0035:8606432|8609854",2,NA,NA
"16860","scaffold0035:8606432|8620152",NA,1,NA
"16861","scaffold0035:8629143|8635793",NA,NA,4
"16862","scaffold0035:8639514|8645662",6,NA,NA
"16863","scaffold0035:8648416|8648839",NA,NA,1
"16864","scaffold0035:8812225|8820908",2,NA,2
"16865","scaffold0035:8841513|8859456",9,NA,NA
"16866","scaffold0035:8865020|8865817",NA,6,NA
"16867","scaffold0035:8956639|8969497",4,NA,NA
"16868","scaffold0035:9002143|9010420",20,NA,1
"16869","scaffold0035:9507191|9518382",5,NA,NA
"16870","scaffold0035:9512154|9518382",3,NA,NA
"16871","scaffold0035:9513334|9518382",3,NA,NA
"16872","scaffold0035:9530026|9532654",11,NA,NA
"16873","scaffold0035:9736618|9747320",NA,NA,2
"16874","scaffold0035:9743549|9747320",5,NA,NA
"16875","scaffold0036:10194388|10203396",2,NA,NA
"16876","scaffold0036:10194388|10277461",6,NA,NA
"16877","scaffold0036:10203239|10277461",44,24,23
"16878","scaffold0036:10203239|10302671",10,32,12
"16879","scaffold0036:10203239|10316962",1,NA,5
"16880","scaffold0036:10277335|10298500",NA,NA,1
"16881","scaffold0036:10277335|10301249",6,NA,1
"16882","scaffold0036:10277335|10302671",NA,NA,8
"16883","scaffold0036:10277335|10316962",NA,3,NA
"16884","scaffold0036:10296286|10302671",NA,NA,1
"16885","scaffold0036:10298368|10302671",NA,NA,1
"16886","scaffold0036:10314178|10316962",2,NA,NA
"16887","scaffold0036:10404660|10441731",3,NA,NA
"16888","scaffold0036:10441588|10503168",NA,NA,7
"16889","scaffold0036:10466229|10474182",7,NA,3
"16890","scaffold0036:10466229|10492727",3,NA,4
"16891","scaffold0036:10482782|10492727",NA,NA,4
"16892","scaffold0036:10488144|10492727",8,54,24
"16893","scaffold0036:10488144|10503168",NA,NA,7
"16894","scaffold0036:10492586|10503168",NA,1,3
"16895","scaffold0036:10497492|10503168",7,NA,6
"16896","scaffold0036:10546540|10547665",5,NA,2
"16897","scaffold0036:10559932|10573982",9,1,5
"16898","scaffold0036:11015723|11019765",11,13,8
"16899","scaffold0036:11222670|11225112",18,8,15
"16900","scaffold0036:11222670|11229437",NA,8,NA
"16901","scaffold0036:11222670|11231596",NA,13,2
"16902","scaffold0036:11229271|11234933",7,NA,NA
"16903","scaffold0036:1174591|1178492",97,48,24
"16904","scaffold0036:1174591|1217705",10,NA,NA
"16905","scaffold0036:11797813|11884254",NA,13,NA
"16906","scaffold0036:1209475|1217705",6,11,4
"16907","scaffold0036:12386466|12403175",4,NA,NA
"16908","scaffold0036:12389084|12403175",9,NA,NA
"16909","scaffold0036:12392919|12403175",23,19,NA
"16910","scaffold0036:12398118|12403175",2,NA,NA
"16911","scaffold0036:12401942|12403175",313,209,74
"16912","scaffold0036:12429452|12430177",2,1,NA
"16913","scaffold0036:12464883|12468868",5,22,12
"16914","scaffold0036:12464883|12474750",NA,NA,1
"16915","scaffold0036:12468625|12474750",NA,NA,1
"16916","scaffold0036:12768427|12781338",111,86,62
"16917","scaffold0036:12768427|12816467",NA,30,9
"16918","scaffold0036:12768427|12820844",NA,NA,1
"16919","scaffold0036:12802238|12827885",NA,NA,3
"16920","scaffold0036:12871308|12884459",NA,NA,8
"16921","scaffold0036:12879160|12884459",NA,9,10
"16922","scaffold0036:12983817|12992794",NA,NA,2
"16923","scaffold0036:13134783|13146058",7,16,NA
"16924","scaffold0036:13144401|13146058",10,NA,NA
"16925","scaffold0036:13156282|13157891",2,NA,NA
"16926","scaffold0036:13181212|13187568",117,79,44
"16927","scaffold0036:13399865|13400166",7,NA,NA
"16928","scaffold0036:13423218|13425598",4,4,7
"16929","scaffold0036:13480956|13484346",23,8,5
"16930","scaffold0036:13592591|13594390",7,17,NA
"16931","scaffold0036:13680035|13745328",14,NA,14
"16932","scaffold0036:13687374|13708119",21,15,NA
"16933","scaffold0036:13687374|13719185",5,NA,NA
"16934","scaffold0036:13687374|13722712",NA,22,1
"16935","scaffold0036:13687374|13745328",9,NA,NA
"16936","scaffold0036:13707971|13722712",3,NA,NA
"16937","scaffold0036:13707971|13745328",NA,23,13
"16938","scaffold0036:13719070|13722712",12,NA,NA
"16939","scaffold0036:13719070|13732733",7,NA,NA
"16940","scaffold0036:13719070|13737572",4,NA,NA
"16941","scaffold0036:13719070|13745328",71,38,24
"16942","scaffold0036:13722476|13745328",40,21,46
"16943","scaffold0036:13732678|13745328",37,61,36
"16944","scaffold0036:13737469|13745328",17,30,18
"16945","scaffold0036:13745139|13745328",NA,6,NA
"16946","scaffold0036:14529415|14530410",22,NA,NA
"16947","scaffold0036:1456371|1456625",7,NA,NA
"16948","scaffold0036:14568233|14617742",2,NA,NA
"16949","scaffold0036:1457293|1458643",3,NA,NA
"16950","scaffold0036:1458508|1459704",1,NA,NA
"16951","scaffold0036:1461777|1463748",5,NA,NA
"16952","scaffold0036:14648227|14652158",6,NA,NA
"16953","scaffold0036:1465446|1466480",NA,NA,3
"16954","scaffold0036:1465446|1466611",11,NA,NA
"16955","scaffold0036:1465446|1467833",NA,6,NA
"16956","scaffold0036:1465446|1469134",4,NA,NA
"16957","scaffold0036:14669062|14681445",NA,5,NA
"16958","scaffold0036:14803015|14810579",60,22,4
"16959","scaffold0036:14803015|14818576",17,16,NA
"16960","scaffold0036:14825217|14828359",6,NA,NA
"16961","scaffold0036:148387|148574",NA,1,NA
"16962","scaffold0036:1581184|1585187",NA,NA,2
"16963","scaffold0036:1581184|1597659",25,NA,7
"16964","scaffold0036:1587213|1597659",3,NA,1
"16965","scaffold0036:1594818|1597659",85,70,33
"16966","scaffold0036:162419|162987",6,NA,3
"16967","scaffold0036:1745285|1746648",NA,NA,9
"16968","scaffold0036:1745285|1754401",24,97,NA
"16969","scaffold0036:1749970|1750643",NA,NA,2
"16970","scaffold0036:1749970|1754401",8,9,NA
"16971","scaffold0036:1749970|1765042",NA,NA,3
"16972","scaffold0036:1749970|1774220",NA,4,NA
"16973","scaffold0036:1753605|1774220",NA,6,1
"16974","scaffold0036:1760561|1765042",176,186,NA
"16975","scaffold0036:1760561|1774220",135,206,NA
"16976","scaffold0036:1760561|1780294",53,38,NA
"16977","scaffold0036:1760561|1788527",25,NA,29
"16978","scaffold0036:1764940|1780294",8,NA,8
"16979","scaffold0036:1772732|1774220",3,8,10
"16980","scaffold0036:1772732|1780294",NA,NA,7
"16981","scaffold0036:1772732|1788527",NA,NA,5
"16982","scaffold0036:1774118|1780294",3,NA,NA
"16983","scaffold0036:1774118|1786785",4,NA,NA
"16984","scaffold0036:1780203|1788527",32,74,57
"16985","scaffold0036:1785979|1788527",NA,NA,1
"16986","scaffold0036:1848808|1850376",NA,NA,1
"16987","scaffold0036:1869461|1869829",3,NA,NA
"16988","scaffold0036:1907056|1907602",1,NA,NA
"16989","scaffold0036:193579|196040",16,28,2
"16990","scaffold0036:194822|196040",NA,NA,6
"16991","scaffold0036:198268|201564",2,NA,NA
"16992","scaffold0036:199557|202132",1,8,3
"16993","scaffold0036:203521|204758",191,80,93
"16994","scaffold0036:208405|215655",1,NA,NA
"16995","scaffold0036:2607967|2612362",NA,6,NA
"16996","scaffold0036:2607967|2631279",NA,3,NA
"16997","scaffold0036:2628154|2631279",14,NA,NA
"16998","scaffold0036:2628154|2634493",NA,NA,5
"16999","scaffold0036:2636855|2637051",NA,5,NA
"17000","scaffold0036:2816864|2818347",NA,NA,1
"17001","scaffold0036:291584|295268",10,11,NA
"17002","scaffold0036:313630|339824",NA,NA,17
"17003","scaffold0036:314772|314944",4,NA,NA
"17004","scaffold0036:3165774|3166060",NA,3,NA
"17005","scaffold0036:3211384|3236575",5,NA,NA
"17006","scaffold0036:3220545|3258771",NA,5,NA
"17007","scaffold0036:325301|339824",9,1,12
"17008","scaffold0036:336261|339024",NA,5,NA
"17009","scaffold0036:3823712|3828392",3,23,NA
"17010","scaffold0036:3833696|3836221",5,NA,NA
"17011","scaffold0036:4194026|4194296",NA,5,NA
"17012","scaffold0036:4228293|4232157",11,NA,NA
"17013","scaffold0036:4228293|4305075",3,NA,NA
"17014","scaffold0036:4286633|4305075",NA,NA,6
"17015","scaffold0036:4304659|4305075",24,27,10
"17016","scaffold0036:430743|430912",4,3,NA
"17017","scaffold0036:472324|472549",NA,4,NA
"17018","scaffold0036:472324|476378",6,NA,2
"17019","scaffold0036:4763930|4767283",22,13,NA
"17020","scaffold0036:476400|477193",NA,NA,3
"17021","scaffold0036:4818347|4822519",2,NA,NA
"17022","scaffold0036:486720|487718",2,NA,NA
"17023","scaffold0036:486720|489304",7,NA,2
"17024","scaffold0036:5693074|5702644",8,NA,NA
"17025","scaffold0036:5702072|5704730",NA,NA,2
"17026","scaffold0036:5703553|5703787",5,NA,NA
"17027","scaffold0036:5706173|5711299",1,NA,NA
"17028","scaffold0036:5753081|5756615",2,NA,NA
"17029","scaffold0036:5771556|5783621",NA,3,NA
"17030","scaffold0036:5781201|5787005",18,10,2
"17031","scaffold0036:5784661|5787005",18,NA,NA
"17032","scaffold0036:5786711|5787005",5,2,NA
"17033","scaffold0036:5909703|5920554",3,NA,NA
"17034","scaffold0036:5912409|5923471",4,NA,NA
"17035","scaffold0036:591699|595423",107,45,13
"17036","scaffold0036:591699|620026",5,20,NA
"17037","scaffold0036:5921065|5923471",18,NA,NA
"17038","scaffold0036:5977781|5979267",26,NA,NA
"17039","scaffold0036:619243|620026",NA,9,NA
"17040","scaffold0036:629201|634199",NA,NA,7
"17041","scaffold0036:6336342|6336693",6,NA,11
"17042","scaffold0036:6578408|6583859",75,99,49
"17043","scaffold0036:6657408|6664587",21,5,NA
"17044","scaffold0036:6676069|6676230",NA,NA,1
"17045","scaffold0036:6684375|6687878",2,NA,NA
"17046","scaffold0036:6749112|6785362",NA,NA,1
"17047","scaffold0036:7073529|7079030",NA,24,9
"17048","scaffold0036:7097286|7097486",1,NA,2
"17049","scaffold0036:7106688|7107598",6,14,NA
"17050","scaffold0036:7107416|7114629",NA,NA,3
"17051","scaffold0036:7109270|7119113",NA,NA,1
"17052","scaffold0036:7111032|7119113",21,13,1
"17053","scaffold0036:7245778|7250996",NA,NA,2
"17054","scaffold0036:7287523|7289048",2,NA,NA
"17055","scaffold0036:7444315|7450152",3,NA,1
"17056","scaffold0036:7520785|7522739",3,9,NA
"17057","scaffold0036:7631107|7637413",NA,NA,3
"17058","scaffold0036:7632322|7637413",3,9,8
"17059","scaffold0036:7636067|7637413",9,13,21
"17060","scaffold0036:7673973|7705327",6,NA,NA
"17061","scaffold0036:7687485|7705327",9,4,4
"17062","scaffold0036:7702944|7705327",87,42,14
"17063","scaffold0036:7702944|7736057",NA,NA,1
"17064","scaffold0036:7831609|7832894",14,NA,13
"17065","scaffold0036:8039882|8043300",NA,1,NA
"17066","scaffold0036:8088228|8089084",NA,7,NA
"17067","scaffold0036:8155117|8159711",NA,NA,15
"17068","scaffold0036:8159496|8163254",NA,4,2
"17069","scaffold0036:8258020|8265767",5,NA,NA
"17070","scaffold0036:8260106|8265767",NA,4,NA
"17071","scaffold0036:8264232|8265767",52,39,51
"17072","scaffold0036:8561791|8572796",NA,2,NA
"17073","scaffold0036:8570081|8577135",NA,7,NA
"17074","scaffold0036:8731592|8733940",206,166,125
"17075","scaffold0036:8731592|8735783",NA,NA,4
"17076","scaffold0036:8733686|8735783",5,12,NA
"17077","scaffold0036:8739774|8741633",3,NA,NA
"17078","scaffold0036:8739774|8745539",10,21,14
"17079","scaffold0036:8739774|8749808",NA,NA,16
"17080","scaffold0036:8763452|8767967",1,NA,NA
"17081","scaffold0036:8769217|8777170",7,NA,NA
"17082","scaffold0036:8845706|8853355",4,NA,NA
"17083","scaffold0036:885633|886482",NA,NA,4
"17084","scaffold0036:8884324|8893101",NA,NA,3
"17085","scaffold0036:8892262|8893101",NA,15,NA
"17086","scaffold0036:889727|890127",NA,7,NA
"17087","scaffold0036:8900851|8901307",2,NA,NA
"17088","scaffold0036:895326|896292",NA,NA,2
"17089","scaffold0036:898172|899801",3,NA,NA
"17090","scaffold0036:899832|902275",1,NA,NA
"17091","scaffold0036:9009982|9026476",37,45,19
"17092","scaffold0036:902625|902825",NA,NA,5
"17093","scaffold0036:9218752|9226545",44,NA,10
"17094","scaffold0036:9218752|9253888",11,NA,NA
"17095","scaffold0036:9226434|9253888",NA,NA,7
"17096","scaffold0036:9248392|9253888",6,NA,NA
"17097","scaffold0036:9333942|9338448",NA,NA,3
"17098","scaffold0036:9501450|9501987",8,NA,NA
"17099","scaffold0036:9688415|9691955",NA,NA,2
"17100","scaffold0036:9692968|9693372",4,NA,NA
"17101","scaffold0036:9693583|9693752",4,9,NA
"17102","scaffold0036:9693752|9693983",9,NA,NA
"17103","scaffold0036:9744913|9750569",1,NA,NA
"17104","scaffold0036:975562|976045",16,11,NA
"17105","scaffold0036:975562|980309",NA,8,NA
"17106","scaffold0036:979501|980309",19,63,19
"17107","scaffold0036:979501|984022",132,86,68
"17108","scaffold0036:980147|984022",NA,NA,1
"17109","scaffold0036:9833768|9836645",NA,NA,1
"17110","scaffold0036:9833768|9839335",4,NA,NA
"17111","scaffold0037:1000067|1010607",3,NA,NA
"17112","scaffold0037:11121974|11123812",2,9,6
"17113","scaffold0037:11121974|11135951",NA,22,NA
"17114","scaffold0037:11155642|11158814",5,NA,NA
"17115","scaffold0037:11167342|11167488",1,NA,NA
"17116","scaffold0037:11167342|11170708",11,NA,NA
"17117","scaffold0037:11227972|11242194",3,NA,NA
"17118","scaffold0037:113309|115932",2,NA,NA
"17119","scaffold0037:113309|118508",3,NA,7
"17120","scaffold0037:113309|120073",NA,2,NA
"17121","scaffold0037:11357313|11357821",3,NA,NA
"17122","scaffold0037:11357313|11449635",NA,1,NA
"17123","scaffold0037:11357313|11459195",3,NA,NA
"17124","scaffold0037:11448295|11449635",23,20,5
"17125","scaffold0037:11448295|11459195",11,NA,3
"17126","scaffold0037:114616|115932",219,83,94
"17127","scaffold0037:114616|120073",2,NA,NA
"17128","scaffold0037:11678190|11678469",910,177,195
"17129","scaffold0037:11769815|11770825",3,NA,NA
"17130","scaffold0037:118340|122049",NA,NA,2
"17131","scaffold0037:11997125|12001251",3,3,NA
"17132","scaffold0037:12017182|12017814",13,NA,NA
"17133","scaffold0037:12102244|12102529",NA,2,NA
"17134","scaffold0037:12102784|12103724",NA,10,NA
"17135","scaffold0037:12129838|12130686",51,16,32
"17136","scaffold0037:12129968|12130563",1,NA,NA
"17137","scaffold0037:12175526|12176128",2,NA,NA
"17138","scaffold0037:12175526|12177225",NA,3,NA
"17139","scaffold0037:12182680|12182926",2,NA,NA
"17140","scaffold0037:12293458|12299108",NA,NA,5
"17141","scaffold0037:12343782|12360526",NA,NA,6
"17142","scaffold0037:12355948|12360526",3,NA,NA
"17143","scaffold0037:12453557|12453748",4,10,3
"17144","scaffold0037:12453580|12453748",NA,6,NA
"17145","scaffold0037:12468493|12470508",NA,NA,3
"17146","scaffold0037:12469810|12470508",457,307,267
"17147","scaffold0037:12469810|12476111",NA,NA,4
"17148","scaffold0037:12589015|12589621",19,3,4
"17149","scaffold0037:1259355|1262379",NA,7,NA
"17150","scaffold0037:12599030|12610156",1,NA,NA
"17151","scaffold0037:12601251|12610156",4,NA,NA
"17152","scaffold0037:12607662|12610156",NA,7,NA
"17153","scaffold0037:12607662|12616843",2,1,NA
"17154","scaffold0037:12820415|12820940",NA,NA,1
"17155","scaffold0037:12855737|12856507",NA,NA,3
"17156","scaffold0037:12861994|12862683",1,NA,NA
"17157","scaffold0037:12959958|12960667",NA,4,NA
"17158","scaffold0037:13131218|13134720",NA,NA,3
"17159","scaffold0037:13133573|13134720",NA,NA,1
"17160","scaffold0037:13167600|13168284",2,NA,NA
"17161","scaffold0037:13281124|13281389",NA,7,NA
"17162","scaffold0037:13298162|13298961",2,NA,NA
"17163","scaffold0037:1333054|1337895",11,NA,NA
"17164","scaffold0037:13402096|13405691",NA,1,NA
"17165","scaffold0037:13407364|13407551",8,NA,NA
"17166","scaffold0037:13413285|13415498",10,NA,8
"17167","scaffold0037:13468711|13475096",18,NA,NA
"17168","scaffold0037:13513319|13513867",37,7,10
"17169","scaffold0037:13532336|13558448",2,NA,NA
"17170","scaffold0037:13542384|13545569",2,NA,NA
"17171","scaffold0037:13571022|13574718",6,NA,3
"17172","scaffold0037:13571022|13580786",1,NA,NA
"17173","scaffold0037:13573016|13586336",10,NA,2
"17174","scaffold0037:13579623|13586336",49,40,23
"17175","scaffold0037:13584044|13594052",NA,NA,1
"17176","scaffold0037:13586233|13589815",10,NA,NA
"17177","scaffold0037:13586233|13594052",1,14,NA
"17178","scaffold0037:13629121|13629282",1,NA,NA
"17179","scaffold0037:13629121|13629676",NA,NA,2
"17180","scaffold0037:13661758|13663973",NA,3,NA
"17181","scaffold0037:13663324|13663901",1,NA,NA
"17182","scaffold0037:1370191|1370580",2,NA,NA
"17183","scaffold0037:13706739|13709887",284,680,933
"17184","scaffold0037:13706739|13711056",NA,16,46
"17185","scaffold0037:13723816|13726139",NA,4,NA
"17186","scaffold0037:13733011|13733515",1,NA,NA
"17187","scaffold0037:13734949|13735453",1,NA,NA
"17188","scaffold0037:13736983|13777021",2,NA,NA
"17189","scaffold0037:13742215|13748447",22,NA,23
"17190","scaffold0037:13776796|13777021",NA,10,NA
"17191","scaffold0037:139017|139307",2,NA,NA
"17192","scaffold0037:1395148|1396317",NA,NA,1
"17193","scaffold0037:142862|143766",NA,NA,1
"17194","scaffold0037:1434182|1434340",15,NA,8
"17195","scaffold0037:1434182|1436547",5,NA,NA
"17196","scaffold0037:1434182|1437794",67,59,101
"17197","scaffold0037:1434182|1439147",5,NA,NA
"17198","scaffold0037:1435463|1437794",5,NA,NA
"17199","scaffold0037:1435463|1439147",NA,NA,3
"17200","scaffold0037:1437794|1439004",NA,NA,4
"17201","scaffold0037:1439031|1440714",56,9,20
"17202","scaffold0037:144068|147218",2,NA,NA
"17203","scaffold0037:1444449|1445925",4,NA,NA
"17204","scaffold0037:1444449|1450419",30,NA,7
"17205","scaffold0037:1554948|1560820",9,NA,NA
"17206","scaffold0037:1554948|1615174",3,NA,NA
"17207","scaffold0037:1583683|1585821",1,NA,NA
"17208","scaffold0037:1588362|1599828",4,NA,NA
"17209","scaffold0037:1588362|1615174",4,NA,NA
"17210","scaffold0037:1599721|1601425",2,NA,6
"17211","scaffold0037:1599721|1603657",194,184,113
"17212","scaffold0037:1599721|1615174",13,8,4
"17213","scaffold0037:1599721|1622272",NA,NA,1
"17214","scaffold0037:1601252|1603657",4,NA,4
"17215","scaffold0037:160872|164994",NA,NA,1
"17216","scaffold0037:1615031|1622272",NA,NA,7
"17217","scaffold0037:1615031|1625670",NA,8,NA
"17218","scaffold0037:1631900|1636733",NA,NA,1
"17219","scaffold0037:1642646|1643691",7,NA,NA
"17220","scaffold0037:1643540|1643691",NA,9,NA
"17221","scaffold0037:1647056|1648405",5,NA,NA
"17222","scaffold0037:181132|182500",2,27,NA
"17223","scaffold0037:182321|182500",2,NA,NA
"17224","scaffold0037:1873194|1874293",4,NA,NA
"17225","scaffold0037:1874919|1875756",5,NA,NA
"17226","scaffold0037:1874919|1877646",2,NA,7
"17227","scaffold0037:1874919|1879368",1,NA,NA
"17228","scaffold0037:187942|191216",NA,NA,5
"17229","scaffold0037:1916781|1918937",7,NA,NA
"17230","scaffold0037:1926613|1929523",NA,NA,2
"17231","scaffold0037:1943514|1944975",NA,5,NA
"17232","scaffold0037:1944753|1949473",13,5,NA
"17233","scaffold0037:1944753|1950162",7,NA,NA
"17234","scaffold0037:1949300|1950162",24,NA,7
"17235","scaffold0037:1981875|1989956",1,NA,NA
"17236","scaffold0037:1986257|1986915",3,NA,NA
"17237","scaffold0037:1986695|1989956",NA,2,1
"17238","scaffold0037:2008774|2011015",9,3,12
"17239","scaffold0037:2008774|2014746",NA,7,1
"17240","scaffold0037:2010702|2016368",NA,8,NA
"17241","scaffold0037:2019396|2020562",NA,14,11
"17242","scaffold0037:2020639|2021031",NA,NA,2
"17243","scaffold0037:2022397|2023817",NA,3,NA
"17244","scaffold0037:2027687|2028302",NA,2,NA
"17245","scaffold0037:2032045|2032772",5,NA,NA
"17246","scaffold0037:2054415|2055867",12,12,6
"17247","scaffold0037:2082833|2084917",NA,NA,11
"17248","scaffold0037:209975|212333",5,NA,NA
"17249","scaffold0037:2149629|2153271",NA,NA,5
"17250","scaffold0037:2164132|2165520",NA,1,NA
"17251","scaffold0037:2196812|2199767",3,NA,NA
"17252","scaffold0037:2246933|2247143",NA,3,NA
"17253","scaffold0037:2248101|2248269",NA,3,NA
"17254","scaffold0037:2248998|2249738",NA,NA,3
"17255","scaffold0037:2252361|2253325",NA,2,NA
"17256","scaffold0037:2257530|2259622",NA,5,NA
"17257","scaffold0037:2289192|2290340",31,17,40
"17258","scaffold0037:2297488|2298384",NA,NA,1
"17259","scaffold0037:2347522|2349556",2,6,NA
"17260","scaffold0037:2353327|2353608",NA,NA,9
"17261","scaffold0037:2405089|2406183",2,NA,NA
"17262","scaffold0037:2432948|2436592",NA,10,NA
"17263","scaffold0037:2435054|2436592",11,NA,15
"17264","scaffold0037:2456504|2457449",64,34,39
"17265","scaffold0037:2460160|2460814",NA,NA,13
"17266","scaffold0037:2460160|2463525",5,NA,NA
"17267","scaffold0037:2483290|2483567",NA,4,NA
"17268","scaffold0037:2490996|2492680",6,NA,NA
"17269","scaffold0037:2564622|2564823",NA,1,NA
"17270","scaffold0037:2568836|2569747",NA,NA,4
"17271","scaffold0037:261553|261746",NA,NA,7
"17272","scaffold0037:2647869|2654854",5,NA,NA
"17273","scaffold0037:2672558|2675006",13,31,NA
"17274","scaffold0037:2703378|2703867",NA,10,NA
"17275","scaffold0037:2714480|2715913",1,NA,3
"17276","scaffold0037:276516|284693",NA,NA,8
"17277","scaffold0037:278452|284693",NA,4,NA
"17278","scaffold0037:2821227|2825598",8,NA,NA
"17279","scaffold0037:2821227|2834973",36,33,13
"17280","scaffold0037:2821227|2847451",NA,NA,4
"17281","scaffold0037:2821227|2863172",NA,15,NA
"17282","scaffold0037:2821227|2885698",NA,NA,2
"17283","scaffold0037:2834562|2834973",3,9,NA
"17284","scaffold0037:2834562|2847451",3,NA,NA
"17285","scaffold0037:2846004|2847451",23,NA,14
"17286","scaffold0037:2846004|2863172",NA,NA,3
"17287","scaffold0037:2861379|2861837",179,115,144
"17288","scaffold0037:2885473|2889949",4,NA,NA
"17289","scaffold0037:2891392|2891583",2,NA,NA
"17290","scaffold0037:2900806|2901008",NA,1,NA
"17291","scaffold0037:2924149|2934833",NA,5,NA
"17292","scaffold0037:2929760|2930367",NA,3,NA
"17293","scaffold0037:2960398|2960564",NA,NA,3
"17294","scaffold0037:2976598|2976761",NA,5,NA
"17295","scaffold0037:2976599|2976761",NA,9,NA
"17296","scaffold0037:2978832|2981993",NA,9,NA
"17297","scaffold0037:2981195|2981993",11,15,19
"17298","scaffold0037:3090358|3092092",NA,2,7
"17299","scaffold0037:3116011|3116539",NA,NA,2
"17300","scaffold0037:3120992|3121412",NA,1,NA
"17301","scaffold0037:3120992|3123938",NA,1,NA
"17302","scaffold0037:3165726|3167660",NA,NA,2
"17303","scaffold0037:3174704|3175503",1,NA,NA
"17304","scaffold0037:3300691|3300865",NA,NA,1
"17305","scaffold0037:3303619|3304933",2,NA,NA
"17306","scaffold0037:350898|351358",NA,8,NA
"17307","scaffold0037:35856|38921",NA,2,NA
"17308","scaffold0037:3617192|3617927",NA,4,NA
"17309","scaffold0037:3655342|3656558",124,NA,84
"17310","scaffold0037:3657849|3665462",NA,4,NA
"17311","scaffold0037:3659089|3660414",NA,14,NA
"17312","scaffold0037:3660216|3660414",160,169,95
"17313","scaffold0037:3660216|3662533",1,NA,NA
"17314","scaffold0037:3678406|3681108",87,46,21
"17315","scaffold0037:368510|368728",NA,15,NA
"17316","scaffold0037:374553|382086",4,NA,NA
"17317","scaffold0037:374553|387707",1,NA,NA
"17318","scaffold0037:3747042|3752828",1,NA,NA
"17319","scaffold0037:3786309|3787256",35,37,21
"17320","scaffold0037:3809684|3810172",3,NA,NA
"17321","scaffold0037:381919|389175",5,NA,NA
"17322","scaffold0037:385756|386169",NA,NA,5
"17323","scaffold0037:3872192|3880873",82,25,4
"17324","scaffold0037:390265|392677",NA,5,30
"17325","scaffold0037:3922600|3927951",NA,NA,1
"17326","scaffold0037:3938441|3940373",13,NA,11
"17327","scaffold0037:3942467|3944670",NA,NA,4
"17328","scaffold0037:3964756|3966209",NA,NA,2
"17329","scaffold0037:3968923|3969905",NA,8,NA
"17330","scaffold0037:3981179|3981674",NA,6,NA
"17331","scaffold0037:3991208|3993654",11,8,NA
"17332","scaffold0037:3997914|3998166",1,NA,NA
"17333","scaffold0037:4046954|4050288",7,NA,2
"17334","scaffold0037:4056294|4058417",1919,1406,964
"17335","scaffold0037:4079328|4080221",NA,1,NA
"17336","scaffold0037:4079328|4082477",5,6,9
"17337","scaffold0037:408228|411150",2,NA,NA
"17338","scaffold0037:4082346|4089992",NA,3,1
"17339","scaffold0037:4086910|4089992",28,8,11
"17340","scaffold0037:4129866|4130328",NA,9,NA
"17341","scaffold0037:4144017|4147461",NA,NA,7
"17342","scaffold0037:4144017|4152221",1,NA,NA
"17343","scaffold0037:4147266|4152221",34,10,14
"17344","scaffold0037:4147266|4157791",5,NA,8
"17345","scaffold0037:418999|420071",3,NA,NA
"17346","scaffold0037:4293887|4294038",NA,7,NA
"17347","scaffold0037:429873|430049",NA,5,NA
"17348","scaffold0037:434532|439634",NA,1,NA
"17349","scaffold0037:4390982|4391324",NA,NA,7
"17350","scaffold0037:4441549|4442211",2,NA,NA
"17351","scaffold0037:4444280|4445156",2,NA,NA
"17352","scaffold0037:4457550|4458960",NA,NA,1
"17353","scaffold0037:4457629|4457819",NA,NA,4
"17354","scaffold0037:4458806|4462164",4,3,NA
"17355","scaffold0037:4460980|4461122",NA,3,NA
"17356","scaffold0037:4745737|4747089",2,NA,2
"17357","scaffold0037:4750689|4750882",4,NA,NA
"17358","scaffold0037:505263|507459",NA,7,NA
"17359","scaffold0037:507968|511156",4,NA,NA
"17360","scaffold0037:5745727|5745920",8,NA,NA
"17361","scaffold0037:5828233|5828573",2,NA,NA
"17362","scaffold0037:5828573|5838969",125,66,102
"17363","scaffold0037:5828573|5938477",113,72,68
"17364","scaffold0037:5838884|5938477",23,NA,NA
"17365","scaffold0037:5938239|5938477",52,42,59
"17366","scaffold0037:6222194|6225968",2,NA,1
"17367","scaffold0037:6317581|6327676",10,27,NA
"17368","scaffold0037:6317581|6344453",13,37,8
"17369","scaffold0037:6327511|6344453",5,NA,NA
"17370","scaffold0037:6331516|6344453",6,9,7
"17371","scaffold0037:6398771|6402228",2,NA,NA
"17372","scaffold0037:6452353|6459769",7,NA,NA
"17373","scaffold0037:6452353|6465512",NA,NA,2
"17374","scaffold0037:6459636|6461050",2,NA,NA
"17375","scaffold0037:6459636|6475122",NA,NA,1
"17376","scaffold0037:6460870|6464453",1,NA,NA
"17377","scaffold0037:6465375|6465916",NA,NA,2
"17378","scaffold0037:6475892|6476087",NA,2,NA
"17379","scaffold0037:6659304|6670476",NA,4,NA
"17380","scaffold0037:6726604|6727118",NA,NA,1
"17381","scaffold0037:6746972|6756372",NA,3,NA
"17382","scaffold0037:6828215|6830596",NA,NA,4
"17383","scaffold0037:6910013|6927041",1,NA,NA
"17384","scaffold0037:6998056|7003709",5,NA,NA
"17385","scaffold0037:7580516|7582309",17,7,2
"17386","scaffold0037:7581820|7584442",NA,9,NA
"17387","scaffold0037:7608383|7609127",NA,1,NA
"17388","scaffold0037:7640922|7648781",NA,7,8
"17389","scaffold0037:7640922|7650789",NA,NA,2
"17390","scaffold0037:7653798|7654045",4,NA,NA
"17391","scaffold0037:7764513|7764729",9,NA,16
"17392","scaffold0037:7784512|7787569",11,3,2
"17393","scaffold0037:7793515|7805313",1,NA,1
"17394","scaffold0037:7799464|7799595",NA,2,NA
"17395","scaffold0037:7813734|7814072",25,15,9
"17396","scaffold0037:7813734|7818437",NA,NA,2
"17397","scaffold0037:7875450|7875777",26,22,NA
"17398","scaffold0037:7897521|7898943",5,NA,NA
"17399","scaffold0037:8100118|8105279",NA,7,4
"17400","scaffold0037:8100118|8106721",2,4,NA
"17401","scaffold0037:8102749|8105063",2,NA,NA
"17402","scaffold0037:8105142|8105279",2,NA,2
"17403","scaffold0037:8105142|8106721",21,19,17
"17404","scaffold0037:8105142|8107774",2,NA,NA
"17405","scaffold0037:8106560|8108656",1,12,NA
"17406","scaffold0037:8106560|8111134",10,9,1
"17407","scaffold0037:8107648|8111134",3,NA,2
"17408","scaffold0037:8108307|8108506",10,NA,NA
"17409","scaffold0037:8110019|8111134",1,NA,12
"17410","scaffold0037:8110978|8112290",5,NA,NA
"17411","scaffold0037:8173351|8175298",NA,2,NA
"17412","scaffold0037:8197707|8200386",NA,NA,1
"17413","scaffold0037:8217694|8220399",7,NA,6
"17414","scaffold0037:8264979|8267347",544,409,345
"17415","scaffold0037:8264979|8271577",10,20,14
"17416","scaffold0037:8264979|8280653",NA,NA,4
"17417","scaffold0037:8266418|8271577",1,12,NA
"17418","scaffold0037:8368735|8369641",NA,4,9
"17419","scaffold0037:8369399|8369641",4,NA,NA
"17420","scaffold0037:8401087|8402028",NA,1,NA
"17421","scaffold0037:8401087|8406543",NA,7,NA
"17422","scaffold0037:8423381|8426258",3,6,NA
"17423","scaffold0037:8427965|8430380",12,NA,NA
"17424","scaffold0037:8439357|8441818",NA,1,2
"17425","scaffold0037:8439430|8439646",NA,NA,5
"17426","scaffold0037:8439680|8447828",54,25,41
"17427","scaffold0037:8440802|8441818",NA,NA,1
"17428","scaffold0037:8441675|8443896",5,NA,NA
"17429","scaffold0037:8447579|8447828",234,165,142
"17430","scaffold0037:8447579|8454361",NA,2,NA
"17431","scaffold0037:8453544|8454361",NA,NA,4
"17432","scaffold0037:8454172|8458304",2,NA,NA
"17433","scaffold0037:8466141|8466521",NA,NA,1
"17434","scaffold0037:8468629|8468742",1,NA,NA
"17435","scaffold0037:8471668|8471879",NA,NA,2
"17436","scaffold0037:8659097|8667657",NA,11,NA
"17437","scaffold0037:8667553|8669420",NA,NA,3
"17438","scaffold0037:8713812|8716736",NA,8,NA
"17439","scaffold0037:8824669|8827235",17,NA,NA
"17440","scaffold0037:8832540|8834295",NA,8,NA
"17441","scaffold0037:8834079|8834295",4,NA,NA
"17442","scaffold0037:8847579|8856124",4,NA,NA
"17443","scaffold0037:8856871|8861843",5,2,NA
"17444","scaffold0037:8858754|8861843",27,NA,7
"17445","scaffold0037:8864784|8865548",69,46,NA
"17446","scaffold0037:8880225|8880866",5,NA,NA
"17447","scaffold0037:888453|909159",NA,22,4
"17448","scaffold0037:888453|922311",NA,3,NA
"17449","scaffold0037:9056435|9057009",4,NA,NA
"17450","scaffold0037:908975|922311",NA,6,NA
"17451","scaffold0037:9135382|9139482",5,3,2
"17452","scaffold0037:9199522|9200033",4,NA,NA
"17453","scaffold0037:9203550|9214045",NA,NA,2
"17454","scaffold0037:9209036|9211188",12,NA,NA
"17455","scaffold0037:946994|948297",2,NA,NA
"17456","scaffold0037:962164|962460",NA,NA,2
"17457","scaffold0037:965422|966764",1,NA,NA
"17458","scaffold0037:9764841|9774202",20,31,29
"17459","scaffold0037:9772482|9796181",NA,2,NA
"17460","scaffold0037:9778665|9785105",23,28,NA
"17461","scaffold0037:9783741|9792031",5,13,9
"17462","scaffold0037:9789712|9792031",8,24,18
"17463","scaffold0037:9789712|9793553",4,NA,9
"17464","scaffold0037:9789712|9796181",80,80,35
"17465","scaffold0037:9796073|9803422",4,NA,NA
"17466","scaffold0037:9807973|9808854",NA,2,3
"17467","scaffold0037:9910402|9960361",1,NA,NA
"17468","scaffold0038:10239581|10346059",17,19,22
"17469","scaffold0038:10264432|10276031",NA,NA,3
"17470","scaffold0038:10264432|10346059",139,79,41
"17471","scaffold0038:10289363|10346059",17,NA,NA
"17472","scaffold0038:12649786|12650087",NA,5,NA
"17473","scaffold0038:12664183|12665385",9,NA,NA
"17474","scaffold0038:12664523|12664674",NA,NA,2
"17475","scaffold0038:12664523|12664706",NA,NA,2
"17476","scaffold0038:12675179|12678125",3,NA,4
"17477","scaffold0038:12675179|12681113",11,26,19
"17478","scaffold0038:12675179|12683247",247,268,68
"17479","scaffold0038:12677993|12679325",4,13,NA
"17480","scaffold0038:12680455|12681113",5,NA,NA
"17481","scaffold0038:12680497|12681113",5,NA,4
"17482","scaffold0038:12680497|12683247",14,NA,7
"17483","scaffold0038:12680574|12680895",NA,15,NA
"17484","scaffold0038:12680981|12686933",1,NA,NA
"17485","scaffold0038:12685590|12686933",NA,NA,7
"17486","scaffold0038:12693667|12702134",1,NA,NA
"17487","scaffold0038:12704579|12710253",14,2,6
"17488","scaffold0038:12704579|12723190",NA,NA,20
"17489","scaffold0038:12705553|12707601",26,18,22
"17490","scaffold0038:12705553|12723190",6,NA,NA
"17491","scaffold0038:12710136|12723190",14,19,20
"17492","scaffold0038:12710136|12730475",NA,NA,4
"17493","scaffold0038:12722372|12723190",85,39,75
"17494","scaffold0038:12722372|12730475",2,NA,NA
"17495","scaffold0038:12829575|12831521",232,416,92
"17496","scaffold0038:12850465|12852035",9,2,7
"17497","scaffold0038:12871115|12874531",NA,11,NA
"17498","scaffold0038:12874402|12875301",NA,3,NA
"17499","scaffold0038:12888934|12889523",34,48,44
"17500","scaffold0038:12912064|12913040",7,6,NA
"17501","scaffold0038:12943676|12944084",NA,5,NA
"17502","scaffold0038:12943957|12952937",1,NA,NA
"17503","scaffold0038:12952541|12952937",3,NA,NA
"17504","scaffold0038:13027251|13036837",NA,NA,1
"17505","scaffold0038:13061263|13073376",NA,NA,5
"17506","scaffold0038:13073262|13075052",11,11,NA
"17507","scaffold0038:13283469|13284130",78,118,62
"17508","scaffold0038:13283469|13288764",30,9,13
"17509","scaffold0038:13283469|13290614",NA,NA,17
"17510","scaffold0038:1342757|1345599",4,NA,NA
"17511","scaffold0038:2109166|2151913",1,NA,NA
"17512","scaffold0038:2109166|2191864",NA,NA,11
"17513","scaffold0038:2402219|2410829",NA,NA,6
"17514","scaffold0038:2410719|2428213",5,NA,NA
"17515","scaffold0038:2410719|2446226",NA,2,1
"17516","scaffold0038:2446051|2558346",10,NA,NA
"17517","scaffold0038:2553088|2558346",7,NA,2
"17518","scaffold0038:2677068|2842947",4,6,NA
"17519","scaffold0038:2842727|2842947",NA,1,NA
"17520","scaffold0038:2842727|2912928",3,NA,NA
"17521","scaffold0038:3077156|3106219",1,NA,NA
"17522","scaffold0038:32353|35195",NA,NA,6
"17523","scaffold0038:3459285|3459947",NA,12,NA
"17524","scaffold0038:3768094|3772007",NA,3,NA
"17525","scaffold0038:3858274|3864749",2,NA,NA
"17526","scaffold0038:3945347|3945513",1,NA,NA
"17527","scaffold0038:4082238|4086691",20,25,7
"17528","scaffold0038:4098004|4103013",7,NA,NA
"17529","scaffold0038:4221343|4224684",14,NA,21
"17530","scaffold0038:4223855|4224684",NA,8,NA
"17531","scaffold0038:4235245|4236241",NA,NA,3
"17532","scaffold0038:4245178|4245768",4,NA,NA
"17533","scaffold0038:4278838|4279304",NA,7,NA
"17534","scaffold0038:47908|50464",6,NA,NA
"17535","scaffold0038:5679275|5685366",NA,NA,3
"17536","scaffold0038:5727759|5759406",NA,1,NA
"17537","scaffold0038:5803171|5814654",NA,NA,1
"17538","scaffold0038:5814010|5884291",NA,NA,8
"17539","scaffold0038:5872086|5884291",4,10,NA
"17540","scaffold0038:6106390|6109139",75,48,NA
"17541","scaffold0038:6106390|6117499",17,23,NA
"17542","scaffold0038:6111707|6115448",NA,NA,1
"17543","scaffold0038:6115360|6117499",NA,NA,10
"17544","scaffold0038:6131572|6131789",18,2,12
"17545","scaffold0038:6437630|6454565",5,2,3
"17546","scaffold0038:6447752|6454565",1,NA,NA
"17547","scaffold0038:645771|662162",4,1,NA
"17548","scaffold0038:645771|701848",NA,2,NA
"17549","scaffold0038:660931|674989",23,20,9
"17550","scaffold0038:660931|701848",NA,NA,9
"17551","scaffold0038:6682378|6689863",29,3,NA
"17552","scaffold0038:672076|674989",12,10,1
"17553","scaffold0038:672076|701848",NA,NA,5
"17554","scaffold0038:6802500|6803696",106,82,126
"17555","scaffold0038:6802500|6806292",65,39,67
"17556","scaffold0038:6802500|6808750",2,8,5
"17557","scaffold0038:6802500|6812578",8,NA,NA
"17558","scaffold0038:6802500|6820906",NA,NA,7
"17559","scaffold0038:6803575|6808750",NA,15,NA
"17560","scaffold0038:6806117|6811077",NA,NA,2
"17561","scaffold0038:6808626|6812578",NA,10,NA
"17562","scaffold0038:6815680|6820906",147,88,68
"17563","scaffold0038:6876555|6880427",1,NA,NA
"17564","scaffold0038:6914035|6921814",3,NA,NA
"17565","scaffold0038:6914035|6924880",NA,10,NA
"17566","scaffold0038:6918369|6921814",NA,NA,1
"17567","scaffold0038:6918369|6924880",2,7,9
"17568","scaffold0038:6919362|6921814",10,NA,NA
"17569","scaffold0038:6921324|6921814",NA,NA,4
"17570","scaffold0038:6921324|6924880",NA,2,NA
"17571","scaffold0038:6929978|6938362",13,NA,5
"17572","scaffold0038:6933373|6935674",6,16,1
"17573","scaffold0038:6933373|6938362",40,35,NA
"17574","scaffold0038:6933373|6943920",NA,NA,5
"17575","scaffold0038:694518|701848",7,NA,NA
"17576","scaffold0038:694518|718308",5,10,11
"17577","scaffold0038:696082|701848",16,NA,NA
"17578","scaffold0038:696082|718308",8,7,7
"17579","scaffold0038:7011555|7035535",7,13,8
"17580","scaffold0038:7026112|7035535",92,36,35
"17581","scaffold0038:7026112|7051861",NA,NA,2
"17582","scaffold0038:7031352|7043474",3,7,2
"17583","scaffold0038:7031352|7045094",69,22,20
"17584","scaffold0038:7035391|7045094",1,NA,2
"17585","scaffold0038:7078359|7078617",24,6,13
"17586","scaffold0038:7078360|7078617",3,5,NA
"17587","scaffold0038:718195|742536",2,NA,NA
"17588","scaffold0038:7232997|7234081",12,12,25
"17589","scaffold0038:739295|742536",3,NA,NA
"17590","scaffold0038:7535332|7539261",2,NA,2
"17591","scaffold0038:7535486|7539130",4,NA,NA
"17592","scaffold0038:7538137|7539261",1,NA,1
"17593","scaffold0038:7548467|7551714",NA,8,NA
"17594","scaffold0038:7548467|7572905",NA,NA,2
"17595","scaffold0038:7557300|7572905",13,31,14
"17596","scaffold0038:7617850|7622017",NA,NA,1
"17597","scaffold0038:7806147|7806371",40,60,15
"17598","scaffold0038:7822055|7822943",17,15,12
"17599","scaffold0038:7865705|7866436",4,NA,NA
"17600","scaffold0038:7869415|7871072",NA,NA,9
"17601","scaffold0038:7869415|7883099",3,NA,NA
"17602","scaffold0038:7881188|7881337",2,NA,NA
"17603","scaffold0038:7881188|7888040",4,NA,2
"17604","scaffold0038:7885714|7888040",4,NA,NA
"17605","scaffold0038:7898724|7898925",2,NA,NA
"17606","scaffold0038:7920435|7924729",NA,2,NA
"17607","scaffold0038:8005304|8029232",NA,NA,4
"17608","scaffold0038:8011734|8016500",NA,NA,2
"17609","scaffold0038:8015619|8029232",NA,NA,3
"17610","scaffold0038:8027841|8036551",24,25,8
"17611","scaffold0038:8027841|8041455",4,NA,NA
"17612","scaffold0038:8031332|8041455",9,NA,1
"17613","scaffold0038:8032684|8032821",2,NA,NA
"17614","scaffold0038:8055638|8056669",NA,NA,1
"17615","scaffold0038:8055638|8060404",NA,NA,2
"17616","scaffold0038:8055638|8067606",NA,NA,3
"17617","scaffold0038:8630973|8633955",9,2,NA
"17618","scaffold0038:8633857|8641966",NA,NA,2
"17619","scaffold0038:8656743|8658880",1,NA,NA
"17620","scaffold0038:9312033|9312438",NA,NA,1
"17621","scaffold0038:9320752|9321145",4,NA,NA
"17622","scaffold0038:9420227|9422598",2,NA,NA
"17623","scaffold0038:9463970|9464178",5,NA,NA
"17624","scaffold0038:9770763|9772938",2,NA,NA
"17625","scaffold0039:10199171|10209849",3,NA,1
"17626","scaffold0039:10199171|10221971",10,NA,NA
"17627","scaffold0039:10209700|10215912",NA,4,5
"17628","scaffold0039:10209700|10221971",NA,NA,9
"17629","scaffold0039:10209700|10230127",129,74,69
"17630","scaffold0039:10209700|10233563",26,12,1
"17631","scaffold0039:10209700|10233900",184,79,78
"17632","scaffold0039:10215856|10233563",1,1,NA
"17633","scaffold0039:10215856|10233900",58,NA,NA
"17634","scaffold0039:10221855|10230127",58,15,17
"17635","scaffold0039:10221855|10233563",2,NA,NA
"17636","scaffold0039:10221855|10233900",50,10,17
"17637","scaffold0039:10226426|10230127",6,NA,NA
"17638","scaffold0039:10232458|10233900",76,26,46
"17639","scaffold0039:10233412|10233900",1,NA,NA
"17640","scaffold0039:10333869|10334759",7,NA,3
"17641","scaffold0039:10400426|10403204",NA,NA,1
"17642","scaffold0039:10405418|10407856",18,7,NA
"17643","scaffold0039:10409178|10417564",21,3,7
"17644","scaffold0039:10410178|10410386",281,103,115
"17645","scaffold0039:10410178|10420403",NA,5,NA
"17646","scaffold0039:10416286|10416662",NA,6,NA
"17647","scaffold0039:10416286|10417564",288,366,272
"17648","scaffold0039:10458449|10458665",NA,6,NA
"17649","scaffold0039:10570373|10581493",NA,2,NA
"17650","scaffold0039:10624922|10625344",10,NA,NA
"17651","scaffold0039:10634494|10635239",402,149,179
"17652","scaffold0039:10746760|10753859",1,NA,NA
"17653","scaffold0039:10753780|10781630",NA,NA,3
"17654","scaffold0039:10764528|10776613",NA,10,NA
"17655","scaffold0039:10774988|10776613",7,6,25
"17656","scaffold0039:10774988|10781630",7,NA,NA
"17657","scaffold0039:10781513|10790614",4,NA,NA
"17658","scaffold0039:10839932|10840222",3,NA,NA
"17659","scaffold0039:1085160|1085540",NA,NA,2
"17660","scaffold0039:1091965|1092291",1,NA,NA
"17661","scaffold0039:1092776|1092978",NA,2,NA
"17662","scaffold0039:11318660|11321533",39,32,37
"17663","scaffold0039:11318660|11322529",28,14,6
"17664","scaffold0039:11318660|11324297",30,27,15
"17665","scaffold0039:11318660|11326298",12,2,9
"17666","scaffold0039:11320147|11322529",NA,NA,1
"17667","scaffold0039:11320147|11324297",NA,5,1
"17668","scaffold0039:11321311|11324297",16,36,10
"17669","scaffold0039:11321311|11326298",NA,NA,7
"17670","scaffold0039:11460875|11465267",4,NA,2
"17671","scaffold0039:11460875|11469444",1,10,NA
"17672","scaffold0039:11465149|11495833",2,NA,NA
"17673","scaffold0039:11489446|11495833",NA,7,NA
"17674","scaffold0039:11494764|11495833",91,72,69
"17675","scaffold0039:11501765|11513726",3,NA,NA
"17676","scaffold0039:11507740|11513726",10,13,NA
"17677","scaffold0039:11563463|11565696",22,NA,NA
"17678","scaffold0039:1173065|1173694",46,56,19
"17679","scaffold0039:1173065|1174267",37,46,22
"17680","scaffold0039:11792932|11793082",NA,1,NA
"17681","scaffold0039:11799247|11800173",8,NA,NA
"17682","scaffold0039:11799247|11821270",5,NA,NA
"17683","scaffold0039:11812132|11821270",5,NA,1
"17684","scaffold0039:11812132|11824239",2,3,NA
"17685","scaffold0039:11812132|11829609",8,3,1
"17686","scaffold0039:11812132|11842332",30,3,1
"17687","scaffold0039:11813749|11821270",7,NA,1
"17688","scaffold0039:11813749|11824239",4,5,NA
"17689","scaffold0039:11813749|11829609",4,4,1
"17690","scaffold0039:11813749|11842332",9,6,3
"17691","scaffold0039:11815647|11821270",21,14,11
"17692","scaffold0039:11815647|11824239",NA,NA,4
"17693","scaffold0039:11819674|11824239",1,NA,1
"17694","scaffold0039:11819674|11842332",1,NA,NA
"17695","scaffold0039:11821100|11824239",5,NA,NA
"17696","scaffold0039:11824137|11829609",1,NA,1
"17697","scaffold0039:11824137|11842332",NA,3,NA
"17698","scaffold0039:11829495|11842332",1,NA,NA
"17699","scaffold0039:1188787|1189566",NA,1,NA
"17700","scaffold0039:1192085|1192471",NA,NA,8
"17701","scaffold0039:11945093|11953060",9,19,12
"17702","scaffold0039:11968197|11972497",1,2,NA
"17703","scaffold0039:12079058|12079607",5,NA,NA
"17704","scaffold0039:1367737|1370996",5,NA,NA
"17705","scaffold0039:147871|149151",5,NA,NA
"17706","scaffold0039:1504537|1513738",5,NA,NA
"17707","scaffold0039:1849291|1850336",3,NA,NA
"17708","scaffold0039:2072481|2072670",2,NA,NA
"17709","scaffold0039:2072481|2090857",20,NA,NA
"17710","scaffold0039:2332274|2348808",12,6,9
"17711","scaffold0039:2332274|2386554",3,2,4
"17712","scaffold0039:2348683|2386554",21,7,6
"17713","scaffold0039:2641276|2642251",19,NA,10
"17714","scaffold0039:3022027|3137002",1,NA,NA
"17715","scaffold0039:309137|309433",1,NA,NA
"17716","scaffold0039:310081|310289",3,NA,NA
"17717","scaffold0039:3157492|3157954",1,NA,NA
"17718","scaffold0039:373437|374184",NA,NA,4
"17719","scaffold0039:378850|379133",2,2,NA
"17720","scaffold0039:380068|380651",2,NA,NA
"17721","scaffold0039:405074|405970",NA,NA,3
"17722","scaffold0039:434414|434713",3,NA,NA
"17723","scaffold0039:4432847|4438591",1,NA,NA
"17724","scaffold0039:4555541|4557986",6,8,NA
"17725","scaffold0039:4555541|4559663",2,6,NA
"17726","scaffold0039:4627142|4656536",956,527,585
"17727","scaffold0039:4627142|4670027",64,16,21
"17728","scaffold0039:4627142|4687723",14,13,NA
"17729","scaffold0039:4656361|4670027",87,39,53
"17730","scaffold0039:4656361|4687723",NA,NA,3
"17731","scaffold0039:4682118|4687723",1,5,NA
"17732","scaffold0039:4682118|4700878",2,NA,NA
"17733","scaffold0039:482830|484008",2,17,1
"17734","scaffold0039:5188057|5200581",NA,29,NA
"17735","scaffold0039:535276|535750",NA,NA,5
"17736","scaffold0039:536938|539051",97,90,34
"17737","scaffold0039:539711|540382",44,17,34
"17738","scaffold0039:542557|543159",NA,3,NA
"17739","scaffold0039:542912|543570",7,NA,NA
"17740","scaffold0039:543469|544297",NA,NA,2
"17741","scaffold0039:604488|606090",68,73,42
"17742","scaffold0039:604488|608549",1,NA,NA
"17743","scaffold0039:604825|606090",NA,5,NA
"17744","scaffold0039:611817|612400",4,NA,NA
"17745","scaffold0039:611817|612911",NA,NA,4
"17746","scaffold0039:611866|612241",NA,14,NA
"17747","scaffold0039:612771|614076",NA,NA,1
"17748","scaffold0039:614076|614426",2,NA,NA
"17749","scaffold0039:634269|635195",NA,NA,7
"17750","scaffold0039:6499830|6501953",10,10,14
"17751","scaffold0039:6499830|6525228",1,NA,NA
"17752","scaffold0039:6577543|6597472",5,NA,NA
"17753","scaffold0039:6597239|6597472",3,2,NA
"17754","scaffold0039:687095|687387",NA,2,2
"17755","scaffold0039:687098|687387",1,NA,NA
"17756","scaffold0039:687387|688063",NA,4,NA
"17757","scaffold0039:710424|710954",NA,NA,4
"17758","scaffold0039:771927|772082",NA,NA,1
"17759","scaffold0039:7984800|7993509",NA,NA,1
"17760","scaffold0039:8297718|8302507",12,NA,NA
"17761","scaffold0039:8297718|8304204",1,NA,NA
"17762","scaffold0039:8300489|8320972",1,NA,NA
"17763","scaffold0039:8318376|8320972",8,20,4
"17764","scaffold0039:8320061|8320972",4,6,2
"17765","scaffold0039:8457838|8465771",NA,NA,1
"17766","scaffold0039:8459542|8465771",NA,NA,2
"17767","scaffold0039:8459701|8460212",NA,1,NA
"17768","scaffold0039:8459708|8460212",NA,1,NA
"17769","scaffold0039:8464633|8465771",15,NA,43
"17770","scaffold0039:862369|862548",NA,3,NA
"17771","scaffold0039:862369|862576",NA,3,NA
"17772","scaffold0039:862369|862585",2,NA,NA
"17773","scaffold0039:862369|863129",NA,1,NA
"17774","scaffold0039:862369|863130",12,10,NA
"17775","scaffold0039:862369|863131",83,22,73
"17776","scaffold0039:8658750|8665636",24,7,35
"17777","scaffold0039:8658750|8733247",2,NA,NA
"17778","scaffold0039:8696612|8706734",28,16,6
"17779","scaffold0039:8698617|8706734",21,18,9
"17780","scaffold0039:8746945|8749671",NA,NA,2
"17781","scaffold0039:8754197|8755690",7,NA,12
"17782","scaffold0039:8754197|8757238",2,NA,4
"17783","scaffold0039:8781460|8786329",7,NA,NA
"17784","scaffold0039:8786189|8798015",12,NA,4
"17785","scaffold0039:8794779|8798015",NA,NA,4
"17786","scaffold0039:8794827|8798015",NA,NA,3
"17787","scaffold0039:8814856|8819621",NA,1,NA
"17788","scaffold0039:8814856|8826354",NA,NA,2
"17789","scaffold0039:8816440|8826354",NA,NA,4
"17790","scaffold0039:8817121|8819621",3,NA,NA
"17791","scaffold0039:8823994|8826354",NA,NA,1
"17792","scaffold0039:8825551|8826354",332,167,244
"17793","scaffold0039:8845308|8845851",4,NA,1
"17794","scaffold0039:8861739|8861919",NA,NA,2
"17795","scaffold0039:8869152|8870819",NA,4,NA
"17796","scaffold0039:8883898|8886449",187,87,71
"17797","scaffold0039:8999691|9041583",NA,1,NA
"17798","scaffold0039:8999691|9043476",NA,3,NA
"17799","scaffold0039:9067153|9067778",1,NA,NA
"17800","scaffold0039:906904|907062",2,NA,NA
"17801","scaffold0039:907074|907213",NA,3,1
"17802","scaffold0039:907576|907872",1,NA,NA
"17803","scaffold0039:909974|910593",NA,NA,5
"17804","scaffold0039:9103963|9105543",NA,3,NA
"17805","scaffold0039:914162|914378",2,NA,NA
"17806","scaffold0039:914503|914704",2,NA,NA
"17807","scaffold0039:914704|914936",2,NA,NA
"17808","scaffold0039:920053|920223",6,NA,2
"17809","scaffold0039:9206878|9227810",8,NA,1
"17810","scaffold0039:9388951|9393340",296,204,276
"17811","scaffold0039:9388951|9398429",187,105,124
"17812","scaffold0039:9388951|9429692",19,2,NA
"17813","scaffold0039:9393160|9398429",3,NA,NA
"17814","scaffold0039:9397871|9398429",1,6,NA
"17815","scaffold0039:9420390|9429692",NA,11,NA
"17816","scaffold0039:9420390|9437167",6,8,NA
"17817","scaffold0039:9420390|9439084",5,3,NA
"17818","scaffold0039:9420390|9443609",NA,NA,2
"17819","scaffold0039:9425917|9429692",14,NA,NA
"17820","scaffold0039:9486702|9511090",3,NA,NA
"17821","scaffold0039:951032|965403",NA,NA,4
"17822","scaffold0039:9510916|9511894",9,14,5
"17823","scaffold0039:9510916|9527105",2,NA,NA
"17824","scaffold0039:9510916|9531233",3,NA,NA
"17825","scaffold0039:9510916|9537427",2,NA,NA
"17826","scaffold0039:9514228|9527105",11,NA,NA
"17827","scaffold0039:9514228|9544608",4,NA,NA
"17828","scaffold0039:9537258|9552893",6,NA,NA
"17829","scaffold0039:9560700|9566493",NA,3,NA
"17830","scaffold0039:9564678|9570016",NA,9,NA
"17831","scaffold0039:9566389|9570016",2,NA,NA
"17832","scaffold0039:9571585|9574081",7,2,NA
"17833","scaffold0039:963067|965403",NA,5,NA
"17834","scaffold0039:9929799|9932393",35,NA,15
"17835","scaffold0040:1089152|1095188",1,NA,NA
"17836","scaffold0040:11027538|11027762",7,NA,NA
"17837","scaffold0040:11036734|11037696",8,NA,NA
"17838","scaffold0040:11041155|11042197",NA,4,NA
"17839","scaffold0040:11115839|11117860",7,NA,4
"17840","scaffold0040:11115839|11123391",5,NA,NA
"17841","scaffold0040:11115839|11125657",1,NA,NA
"17842","scaffold0040:11116737|11125657",1,NA,NA
"17843","scaffold0040:11121768|11123391",36,63,18
"17844","scaffold0040:11121768|11125657",9,6,NA
"17845","scaffold0040:11121768|11136528",NA,NA,3
"17846","scaffold0040:11133542|11133877",6,29,1
"17847","scaffold0040:11133542|11136528",NA,3,NA
"17848","scaffold0040:11163609|11168080",3,NA,NA
"17849","scaffold0040:11219066|11219379",8,NA,NA
"17850","scaffold0040:11234031|11235502",NA,NA,1
"17851","scaffold0040:11520702|11608507",NA,6,NA
"17852","scaffold0040:11522440|11608507",1,3,NA
"17853","scaffold0040:11598738|11608507",237,272,161
"17854","scaffold0040:11598738|11618416",47,30,37
"17855","scaffold0040:11598738|11633753",96,51,36
"17856","scaffold0040:11598738|11654927",5,NA,NA
"17857","scaffold0040:11607163|11618416",NA,3,NA
"17858","scaffold0040:11607163|11633753",8,12,NA
"17859","scaffold0040:11618284|11633753",230,177,126
"17860","scaffold0040:11618284|11641549",5,NA,NA
"17861","scaffold0040:11618284|11654927",5,2,NA
"17862","scaffold0040:11632835|11633753",914,585,418
"17863","scaffold0040:11632835|11641549",4,NA,10
"17864","scaffold0040:11633567|11654927",NA,7,NA
"17865","scaffold0040:11641328|11654927",NA,2,NA
"17866","scaffold0040:11641328|11657566",2,NA,NA
"17867","scaffold0040:11650610|11657566",17,23,6
"17868","scaffold0040:11691767|11694094",NA,NA,1
"17869","scaffold0040:11704777|11705382",NA,NA,4
"17870","scaffold0040:11704937|11705355",NA,5,NA
"17871","scaffold0040:11804046|11810518",7,NA,NA
"17872","scaffold0040:11804046|11822019",47,18,12
"17873","scaffold0040:11819435|11822019",148,NA,13
"17874","scaffold0040:11857613|11857870",NA,8,NA
"17875","scaffold0040:11882213|11884844",NA,2,NA
"17876","scaffold0040:11918365|11918542",2,NA,NA
"17877","scaffold0040:11926915|11927210",NA,5,NA
"17878","scaffold0040:12031724|12032178",3,NA,NA
"17879","scaffold0040:12047187|12054552",4,NA,NA
"17880","scaffold0040:1210064|1219889",3,NA,NA
"17881","scaffold0040:1220697|1222037",NA,19,NA
"17882","scaffold0040:1282312|1287534",NA,6,NA
"17883","scaffold0040:1297741|1298659",19,9,16
"17884","scaffold0040:1297741|1307506",2,NA,2
"17885","scaffold0040:1771693|1776905",20,15,NA
"17886","scaffold0040:1776300|1776905",NA,NA,3
"17887","scaffold0040:1824581|1827589",29,NA,NA
"17888","scaffold0040:1830014|1831054",37,71,22
"17889","scaffold0040:1901822|1904886",3,NA,4
"17890","scaffold0040:209689|214721",2,NA,NA
"17891","scaffold0040:2132351|2133195",1,NA,NA
"17892","scaffold0040:214511|222693",3,NA,NA
"17893","scaffold0040:2153114|2156354",6,NA,NA
"17894","scaffold0040:2200141|2202494",NA,NA,2
"17895","scaffold0040:2279543|2279932",6,NA,NA
"17896","scaffold0040:2331875|2333326",1,NA,NA
"17897","scaffold0040:2334747|2334901",3,NA,NA
"17898","scaffold0040:2455752|2456451",5,NA,NA
"17899","scaffold0040:249898|270395",6,NA,NA
"17900","scaffold0040:2950889|2958257",166,78,71
"17901","scaffold0040:295469|298264",6,NA,NA
"17902","scaffold0040:3045199|3048457",NA,8,NA
"17903","scaffold0040:3048261|3048457",NA,12,4
"17904","scaffold0040:3065368|3068627",NA,5,NA
"17905","scaffold0040:3067871|3068627",NA,NA,3
"17906","scaffold0040:3230900|3231764",NA,NA,4
"17907","scaffold0040:331171|349138",NA,NA,2
"17908","scaffold0040:3338932|3346799",1,NA,NA
"17909","scaffold0040:3345179|3346799",4,NA,NA
"17910","scaffold0040:3674130|3679595",4,NA,NA
"17911","scaffold0040:377681|377870",2,NA,NA
"17912","scaffold0040:4071467|4074746",1,NA,NA
"17913","scaffold0040:4160862|4181459",NA,NA,2
"17914","scaffold0040:4171652|4178346",6,NA,NA
"17915","scaffold0040:4174147|4181459",5,NA,NA
"17916","scaffold0040:4257521|4257842",NA,2,NA
"17917","scaffold0040:4257521|4258473",NA,NA,1
"17918","scaffold0040:4300310|4308326",NA,NA,2
"17919","scaffold0040:4456254|4461656",2,NA,NA
"17920","scaffold0040:4466651|4472866",13,9,6
"17921","scaffold0040:4471534|4472866",2,NA,NA
"17922","scaffold0040:4472756|4481649",1,NA,NA
"17923","scaffold0040:4472756|4497241",5,NA,NA
"17924","scaffold0040:4478847|4480505",NA,2,NA
"17925","scaffold0040:4478847|4481649",NA,1,NA
"17926","scaffold0040:4478847|4493829",NA,NA,2
"17927","scaffold0040:4478847|4495029",NA,NA,9
"17928","scaffold0040:4494953|4505990",4,5,2
"17929","scaffold0040:4494953|4507701",5,2,4
"17930","scaffold0040:4497158|4507701",NA,2,NA
"17931","scaffold0040:4498921|4505990",NA,2,NA
"17932","scaffold0040:4498921|4507701",1,2,NA
"17933","scaffold0040:4508919|4509329",624,407,137
"17934","scaffold0040:4514264|4514651",7,NA,NA
"17935","scaffold0040:4514971|4515133",4,NA,NA
"17936","scaffold0040:4588582|4597648",NA,NA,5
"17937","scaffold0040:4588582|4602659",NA,2,NA
"17938","scaffold0040:4593720|4594391",5,NA,NA
"17939","scaffold0040:4606652|4607865",NA,7,NA
"17940","scaffold0040:4606725|4607183",NA,5,NA
"17941","scaffold0040:4607241|4607756",6,NA,NA
"17942","scaffold0040:4615287|4615947",1,NA,NA
"17943","scaffold0040:4717827|4721714",6,NA,NA
"17944","scaffold0040:4726078|4727338",NA,9,NA
"17945","scaffold0040:4754453|4754663",NA,3,NA
"17946","scaffold0040:4948651|4949290",18,6,15
"17947","scaffold0040:4957031|4958618",6,NA,NA
"17948","scaffold0040:612342|617636",NA,NA,4
"17949","scaffold0040:612342|634260",12,1,4
"17950","scaffold0040:612342|634263",NA,NA,2
"17951","scaffold0040:612342|637674",2,1,2
"17952","scaffold0040:6158282|6163262",36,28,NA
"17953","scaffold0040:6383842|6384387",1,NA,NA
"17954","scaffold0040:6474970|6475557",8,NA,NA
"17955","scaffold0040:6475558|6475885",NA,NA,6
"17956","scaffold0040:6475558|6476728",3,NA,NA
"17957","scaffold0040:6476471|6476728",7,NA,NA
"17958","scaffold0040:6476471|6476977",3,NA,NA
"17959","scaffold0040:6476728|6476806",1,NA,NA
"17960","scaffold0040:6516419|6519824",10,NA,NA
"17961","scaffold0040:6600698|6601170",1,NA,NA
"17962","scaffold0040:6601385|6601915",NA,5,NA
"17963","scaffold0040:6601385|6601921",NA,6,NA
"17964","scaffold0040:6610347|6615649",7,NA,NA
"17965","scaffold0040:6615324|6615649",NA,5,3
"17966","scaffold0040:6615324|6618971",101,NA,20
"17967","scaffold0040:6655724|6685105",140,30,73
"17968","scaffold0040:6666047|6685105",134,47,31
"17969","scaffold0040:6666047|6700600",5,NA,NA
"17970","scaffold0040:6684893|6685105",17,NA,NA
"17971","scaffold0040:677918|678622",NA,3,NA
"17972","scaffold0040:6793540|6801286",6,NA,NA
"17973","scaffold0040:683896|686041",NA,NA,7
"17974","scaffold0040:7174677|7175465",3,NA,NA
"17975","scaffold0040:7178650|7184325",5,NA,NA
"17976","scaffold0040:718292|718478",14,NA,NA
"17977","scaffold0040:7654142|7655926",1,NA,NA
"17978","scaffold0040:7746714|7764788",1,NA,NA
"17979","scaffold0040:7758246|7764788",5,NA,NA
"17980","scaffold0040:7758246|7778748",NA,NA,1
"17981","scaffold0040:8254647|8261658",12,5,5
"17982","scaffold0040:830590|831517",NA,10,10
"17983","scaffold0040:8366965|8369841",8,6,10
"17984","scaffold0040:8369705|8374464",2,NA,NA
"17985","scaffold0040:8487268|8492224",13,NA,NA
"17986","scaffold0040:8489704|8492224",11,16,46
"17987","scaffold0040:8539194|8540188",NA,NA,3
"17988","scaffold0040:8614053|8614238",20,NA,19
"17989","scaffold0040:8715454|8719516",15,56,6
"17990","scaffold0040:8719370|8730360",1,NA,NA
"17991","scaffold0040:8719370|8737863",4,NA,NA
"17992","scaffold0040:8720912|8724964",6,NA,NA
"17993","scaffold0040:9283603|9291443",10,NA,NA
"17994","scaffold0040:9369914|9380426",NA,NA,7
"17995","scaffold0040:9411839|9414653",180,194,154
"17996","scaffold0040:9411839|9416907",2,NA,2
"17997","scaffold0040:9411839|9420651",1,6,5
"17998","scaffold0040:9411839|9422846",NA,6,7
"17999","scaffold0040:9425533|9427483",4,NA,NA
"18000","scaffold0040:947090|947557",NA,NA,2
"18001","scaffold0040:9949371|9953821",3,NA,NA
"18002","scaffold0040:9949371|9959862",2,NA,NA
"18003","scaffold0040:9949371|9965925",38,28,22
"18004","scaffold0040:9959671|9965925",8,NA,NA
"18005","scaffold0041:10014339|10027273",34,28,8
"18006","scaffold0041:10026723|10027273",164,67,38
"18007","scaffold0041:10026723|10031013",NA,14,6
"18008","scaffold0041:10026723|10035517",6,5,NA
"18009","scaffold0041:10030896|10035517",12,NA,NA
"18010","scaffold0041:10033463|10035517",464,272,224
"18011","scaffold0041:10128183|10129659",12,NA,2
"18012","scaffold0041:10129553|10133221",12,5,2
"18013","scaffold0041:10131512|10134393",6,NA,NA
"18014","scaffold0041:10188762|10191995",NA,NA,1
"18015","scaffold0041:10189975|10190332",7,NA,NA
"18016","scaffold0041:10191044|10191657",2,NA,NA
"18017","scaffold0041:10198688|10200605",16,NA,5
"18018","scaffold0041:10198688|10210982",NA,1,4
"18019","scaffold0041:10200475|10204178",113,130,124
"18020","scaffold0041:10200475|10206008",42,26,6
"18021","scaffold0041:10200475|10210982",19,NA,NA
"18022","scaffold0041:10204040|10206008",4,NA,1
"18023","scaffold0041:10204040|10210982",NA,11,1
"18024","scaffold0041:10208106|10210982",NA,NA,3
"18025","scaffold0041:10311958|10312756",21,39,NA
"18026","scaffold0041:10329679|10330842",10,NA,8
"18027","scaffold0041:10339052|10345817",3,NA,NA
"18028","scaffold0041:10339052|10358903",5,NA,NA
"18029","scaffold0041:10379943|10381082",5,NA,1
"18030","scaffold0041:10394321|10401785",NA,NA,2
"18031","scaffold0041:10394321|10419128",4,17,6
"18032","scaffold0041:10553757|10553950",1,NA,NA
"18033","scaffold0041:10574852|10576989",10,NA,NA
"18034","scaffold0041:10720032|10723532",NA,10,NA
"18035","scaffold0041:10720032|10725989",7,NA,NA
"18036","scaffold0041:10745459|10748904",4,NA,7
"18037","scaffold0041:10768691|10768845",6,NA,3
"18038","scaffold0041:10768691|10774039",10,11,5
"18039","scaffold0041:10845975|10860435",3,NA,NA
"18040","scaffold0041:10859782|10868044",2,NA,4
"18041","scaffold0041:10859782|10869884",5,NA,NA
"18042","scaffold0041:11212436|11217989",NA,1,NA
"18043","scaffold0041:11212436|11221415",NA,2,NA
"18044","scaffold0041:2126654|2133822",8,NA,NA
"18045","scaffold0041:227813|258034",NA,4,NA
"18046","scaffold0041:244935|245251",NA,NA,5
"18047","scaffold0041:4153657|4164036",NA,3,NA
"18048","scaffold0041:4153657|4168839",NA,4,NA
"18049","scaffold0041:4160491|4178780",NA,10,NA
"18050","scaffold0041:4171815|4178780",9,6,10
"18051","scaffold0041:4176823|4178780",8,4,9
"18052","scaffold0041:4179630|4191746",2,NA,NA
"18053","scaffold0041:4190683|4191746",18,70,1
"18054","scaffold0041:4190683|4196676",39,5,6
"18055","scaffold0041:4319361|4324811",16,7,12
"18056","scaffold0041:4319361|4336240",6,NA,NA
"18057","scaffold0041:4319361|4345745",2,NA,NA
"18058","scaffold0041:4332115|4336240",4,NA,2
"18059","scaffold0041:4385331|4386324",NA,NA,4
"18060","scaffold0041:4388894|4399789",NA,3,NA
"18061","scaffold0041:4395827|4396223",2,NA,NA
"18062","scaffold0041:4662499|4667551",17,NA,NA
"18063","scaffold0041:4870763|4889837",79,16,NA
"18064","scaffold0041:4870763|4906397",28,13,NA
"18065","scaffold0041:4870763|4907597",12,NA,NA
"18066","scaffold0041:4870763|4931495",30,9,5
"18067","scaffold0041:4870763|4948632",10,NA,NA
"18068","scaffold0041:4888702|4889837",3,NA,NA
"18069","scaffold0041:4920083|4931495",28,12,17
"18070","scaffold0041:4922829|4948632",2,NA,NA
"18071","scaffold0041:5133117|5138548",6,1,4
"18072","scaffold0041:5162983|5178510",5,31,16
"18073","scaffold0041:5162983|5188231",38,27,43
"18074","scaffold0041:5174074|5178510",10,2,9
"18075","scaffold0041:5174074|5188231",13,14,7
"18076","scaffold0041:5188022|5188231",NA,NA,3
"18077","scaffold0041:5501272|5502885",1,NA,3
"18078","scaffold0041:5501272|5506873",130,147,150
"18079","scaffold0041:5501272|5511350",36,21,47
"18080","scaffold0041:5502684|5502885",2,10,NA
"18081","scaffold0041:5502684|5511350",NA,NA,4
"18082","scaffold0041:5506624|5511350",NA,3,5
"18083","scaffold0041:5511089|5511350",154,182,199
"18084","scaffold0041:7272243|7287329",7,NA,15
"18085","scaffold0041:7282729|7283714",4,NA,12
"18086","scaffold0041:7282729|7285106",1,NA,NA
"18087","scaffold0041:7282729|7286524",2,NA,NA
"18088","scaffold0041:7282729|7287329",38,NA,21
"18089","scaffold0041:7384655|7384816",NA,3,NA
"18090","scaffold0041:7386523|7386696",NA,NA,1
"18091","scaffold0041:7394977|7396724",NA,NA,4
"18092","scaffold0041:7394977|7399434",NA,NA,1
"18093","scaffold0041:7403565|7407711",6,NA,12
"18094","scaffold0041:7575280|7577353",NA,11,NA
"18095","scaffold0041:7772803|7774224",4,NA,NA
"18096","scaffold0041:7779524|7786618",NA,NA,6
"18097","scaffold0041:7794836|7800880",NA,7,NA
"18098","scaffold0041:7797372|7797959",6,NA,NA
"18099","scaffold0041:7876050|7877563",8,NA,2
"18100","scaffold0041:8233204|8234549",2,NA,NA
"18101","scaffold0041:8257919|8260182",1,NA,NA
"18102","scaffold0041:8290345|8291020",15,NA,NA
"18103","scaffold0041:8449773|8455983",22,30,8
"18104","scaffold0041:8470478|8471259",11,NA,NA
"18105","scaffold0041:8470588|8471122",3,NA,NA
"18106","scaffold0041:8485582|8486040",5,NA,NA
"18107","scaffold0041:8565183|8566017",3,NA,NA
"18108","scaffold0041:8759650|8768452",3,NA,NA
"18109","scaffold0041:8763853|8768452",5,NA,NA
"18110","scaffold0041:8765223|8768452",24,5,NA
"18111","scaffold0041:8768466|8770168",NA,NA,1
"18112","scaffold0041:8771398|8771596",1,NA,NA
"18113","scaffold0041:8864554|8865402",2,NA,NA
"18114","scaffold0041:9216610|9221295",18,43,27
"18115","scaffold0041:9216610|9229002",4,NA,NA
"18116","scaffold0041:9216610|9241100",NA,3,NA
"18117","scaffold0041:9250168|9253035",NA,13,9
"18118","scaffold0041:9359210|9374867",NA,NA,1
"18119","scaffold0041:9371262|9372689",84,98,59
"18120","scaffold0041:9371262|9374867",24,33,12
"18121","scaffold0041:9371262|9377609",7,6,5
"18122","scaffold0041:9371262|9382673",NA,3,2
"18123","scaffold0041:9374790|9377609",3,NA,NA
"18124","scaffold0041:9374790|9382673",53,8,10
"18125","scaffold0041:9509883|9513043",NA,15,NA
"18126","scaffold0041:9509883|9518439",9,9,NA
"18127","scaffold0041:9512938|9518439",1,NA,NA
"18128","scaffold0041:9524622|9524853",NA,NA,2
"18129","scaffold0041:9524622|9524856",7,6,NA
"18130","scaffold0041:9526134|9526626",9,NA,NA
"18131","scaffold0041:9543269|9554269",NA,NA,8
"18132","scaffold0041:9550257|9554269",23,NA,NA
"18133","scaffold0041:9662849|9663315",186,71,76
"18134","scaffold0041:9691821|9695962",NA,NA,2
"18135","scaffold0041:9693965|9695962",NA,NA,5
"18136","scaffold0041:9695765|9695962",NA,NA,4
"18137","scaffold0041:9729696|9733752",NA,2,NA
"18138","scaffold0041:9733603|9737990",6,NA,2
"18139","scaffold0041:9737893|9740230",2,NA,NA
"18140","scaffold0041:9746801|9747561",NA,7,NA
"18141","scaffold0041:9785723|9786341",14,4,5
"18142","scaffold0041:9788180|9789024",6,NA,NA
"18143","scaffold0041:9788180|9790847",1,NA,NA
"18144","scaffold0041:9790493|9793505",14,NA,NA
"18145","scaffold0041:9790767|9791147",1,NA,NA
"18146","scaffold0041:9801246|9801820",NA,5,NA
"18147","scaffold0041:9959493|9960736",5,NA,NA
"18148","scaffold0041:9968072|9968532",NA,NA,3
"18149","scaffold0041:9979516|9979799",14,8,8
"18150","scaffold0042:10252547|10254484",9,NA,NA
"18151","scaffold0042:10252547|10260069",7,5,NA
"18152","scaffold0042:10400540|10409546",5,NA,NA
"18153","scaffold0042:10409432|10410501",NA,NA,3
"18154","scaffold0042:10714381|10715068",2,NA,NA
"18155","scaffold0042:10715068|10715821",2,NA,NA
"18156","scaffold0042:10715068|10715822",3,NA,NA
"18157","scaffold0042:10726618|10732696",2,NA,NA
"18158","scaffold0042:10735011|10735988",NA,8,NA
"18159","scaffold0042:10778542|10789492",3,NA,NA
"18160","scaffold0042:10789393|10795312",3,1,NA
"18161","scaffold0042:10797779|10799862",40,48,7
"18162","scaffold0042:10823526|10827098",NA,4,NA
"18163","scaffold0042:10829184|10831552",6,NA,1
"18164","scaffold0042:1267669|1277307",5,18,1
"18165","scaffold0042:1267669|1282280",NA,2,NA
"18166","scaffold0042:1281757|1281879",1,NA,NA
"18167","scaffold0042:1303919|1304071",NA,6,NA
"18168","scaffold0042:1315256|1315789",3,5,3
"18169","scaffold0042:1316358|1317101",6,NA,NA
"18170","scaffold0042:1316358|1318871",NA,5,NA
"18171","scaffold0042:1343264|1348375",8,5,1
"18172","scaffold0042:1348208|1348375",2,NA,NA
"18173","scaffold0042:1404364|1409242",NA,NA,1
"18174","scaffold0042:1420051|1420836",2,NA,NA
"18175","scaffold0042:1420051|1421542",1,NA,NA
"18176","scaffold0042:1420051|1422648",9,NA,NA
"18177","scaffold0042:1422059|1422564",3,NA,NA
"18178","scaffold0042:1432207|1433376",3,NA,NA
"18179","scaffold0042:1477629|1479123",2,8,7
"18180","scaffold0042:1485180|1485772",1,NA,NA
"18181","scaffold0042:1487946|1490542",14,9,NA
"18182","scaffold0042:1489349|1489768",NA,NA,6
"18183","scaffold0042:1634961|1651404",10,NA,NA
"18184","scaffold0042:207482|216406",NA,NA,7
"18185","scaffold0042:208191|216406",6,NA,NA
"18186","scaffold0042:208726|209366",NA,NA,2
"18187","scaffold0042:208924|209246",NA,6,4
"18188","scaffold0042:208942|209246",NA,1,NA
"18189","scaffold0042:209246|210682",NA,NA,1
"18190","scaffold0042:209246|216406",NA,NA,6
"18191","scaffold0042:212357|216406",368,298,232
"18192","scaffold0042:212357|218019",NA,9,NA
"18193","scaffold0042:212357|219012",3,NA,NA
"18194","scaffold0042:216283|216406",5,8,6
"18195","scaffold0042:216283|219012",20,10,3
"18196","scaffold0042:217800|223661",15,19,NA
"18197","scaffold0042:217800|227727",21,28,25
"18198","scaffold0042:222146|223661",33,34,54
"18199","scaffold0042:222146|227727",8,4,2
"18200","scaffold0042:226677|227727",9,16,5
"18201","scaffold0042:250370|250773",4,NA,NA
"18202","scaffold0042:250463|250674",NA,NA,1
"18203","scaffold0042:261544|263777",4,NA,1
"18204","scaffold0042:263441|263777",6,14,3
"18205","scaffold0042:266872|267029",7,4,11
"18206","scaffold0042:2758415|2761966",2,NA,NA
"18207","scaffold0042:2823665|2841556",1,NA,NA
"18208","scaffold0042:2837534|2841556",7,NA,NA
"18209","scaffold0042:3174376|3184716",NA,5,2
"18210","scaffold0042:3361562|3365499",9,NA,NA
"18211","scaffold0042:3361562|3367347",14,3,20
"18212","scaffold0042:3372412|3373003",9,NA,NA
"18213","scaffold0042:3375778|3377847",NA,6,NA
"18214","scaffold0042:3376881|3377847",672,312,291
"18215","scaffold0042:3611429|3621175",2,NA,NA
"18216","scaffold0042:3613166|3620615",3,NA,NA
"18217","scaffold0042:3618741|3624327",4,NA,NA
"18218","scaffold0042:3640619|3645518",10,19,16
"18219","scaffold0042:3642170|3645518",NA,NA,13
"18220","scaffold0042:380329|388298",2,14,NA
"18221","scaffold0042:3831214|3831391",8,NA,NA
"18222","scaffold0042:388013|388298",460,412,196
"18223","scaffold0042:3902784|3911703",1,NA,NA
"18224","scaffold0042:3974310|3985487",11,2,6
"18225","scaffold0042:3974310|3986582",6,1,NA
"18226","scaffold0042:3974310|3995915",1,3,3
"18227","scaffold0042:3995768|4005204",17,NA,10
"18228","scaffold0042:4398170|4398593",NA,NA,1
"18229","scaffold0042:44243|48280",NA,NA,1
"18230","scaffold0042:4571247|4577090",5,NA,NA
"18231","scaffold0042:4574494|4576460",8,NA,NA
"18232","scaffold0042:48108|49474",1108,512,465
"18233","scaffold0042:489556|495550",12,NA,NA
"18234","scaffold0042:49371|51558",7,NA,NA
"18235","scaffold0042:494680|497031",19,NA,16
"18236","scaffold0042:499243|501434",NA,NA,5
"18237","scaffold0042:501927|502162",1,NA,7
"18238","scaffold0042:5210324|5210715",37,44,21
"18239","scaffold0042:5211448|5212079",15,NA,NA
"18240","scaffold0042:5219145|5224022",NA,9,NA
"18241","scaffold0042:522524|522894",1,2,NA
"18242","scaffold0042:6532398|6561965",2,NA,NA
"18243","scaffold0042:6532398|6581387",2,NA,NA
"18244","scaffold0042:716698|716970",NA,1,NA
"18245","scaffold0042:718185|718920",5,NA,NA
"18246","scaffold0042:7494718|7497791",NA,6,NA
"18247","scaffold0042:7494845|7497791",2,NA,NA
"18248","scaffold0042:8439854|8441111",10,NA,NA
"18249","scaffold0042:8439854|8446484",NA,2,NA
"18250","scaffold0042:8864620|8882738",19,23,NA
"18251","scaffold0042:8864620|8929054",2,NA,NA
"18252","scaffold0042:8905837|8919003",57,27,NA
"18253","scaffold0042:8949901|8960703",2,NA,NA
"18254","scaffold0042:9055985|9061408",6,17,7
"18255","scaffold0042:9055985|9099631",5,NA,15
"18256","scaffold0042:9055985|9113326",NA,NA,7
"18257","scaffold0042:9055985|9133525",NA,NA,3
"18258","scaffold0042:9056499|9061408",39,49,21
"18259","scaffold0042:9056499|9099631",14,32,14
"18260","scaffold0042:9056499|9113326",5,27,9
"18261","scaffold0042:9098268|9099631",22,47,61
"18262","scaffold0042:9098268|9113326",NA,NA,3
"18263","scaffold0042:9113185|9133525",1,NA,NA
"18264","scaffold0042:911399|911612",NA,NA,1
"18265","scaffold0042:9130078|9133525",13,NA,13
"18266","scaffold0042:9132835|9133525",NA,11,15
"18267","scaffold0042:946433|950857",48,38,30
"18268","scaffold0042:947069|950857",13,12,6
"18269","scaffold0042:948630|950857",9,NA,12
"18270","scaffold0042:9526724|9533256",10,NA,31
"18271","scaffold0042:9526724|9542372",14,21,NA
"18272","scaffold0042:9656738|9664530",NA,NA,2
"18273","scaffold0042:9663206|9671157",NA,8,NA
"18274","scaffold0042:9676849|9678181",3,NA,NA
"18275","scaffold0042:9679699|9680149",4,NA,NA
"18276","scaffold0042:9687937|9688147",2,NA,2
"18277","scaffold0042:982214|982366",NA,NA,3
"18278","scaffold0043:1176281|1182159",20,NA,NA
"18279","scaffold0043:1411585|1416358",1,NA,NA
"18280","scaffold0043:1411585|1426727",1,NA,NA
"18281","scaffold0043:1439742|1440146",18,NA,5
"18282","scaffold0043:1446791|1448283",18,20,NA
"18283","scaffold0043:1450931|1452742",NA,1,NA
"18284","scaffold0043:1503929|1508251",1,NA,NA
"18285","scaffold0043:1507189|1507354",6,NA,NA
"18286","scaffold0043:1511931|1514987",7,NA,4
"18287","scaffold0043:1518684|1524476",10,7,NA
"18288","scaffold0043:1524300|1542385",NA,1,NA
"18289","scaffold0043:1535602|1542385",12,NA,NA
"18290","scaffold0043:1589811|1636783",7,NA,NA
"18291","scaffold0043:1782028|1782312",1,NA,NA
"18292","scaffold0043:3261250|3263011",9,NA,6
"18293","scaffold0043:3291484|3311754",20,NA,4
"18294","scaffold0043:3311640|3322534",7,NA,NA
"18295","scaffold0043:3854011|3863301",72,27,19
"18296","scaffold0043:3854011|3864912",21,7,5
"18297","scaffold0043:3854011|3892776",28,NA,13
"18298","scaffold0043:3854011|3916235",18,NA,NA
"18299","scaffold0043:3861139|3863301",10,18,NA
"18300","scaffold0043:3861139|3864912",NA,2,NA
"18301","scaffold0043:3861139|3892776",5,NA,NA
"18302","scaffold0043:3892685|3916235",2,NA,NA
"18303","scaffold0043:3916071|3916235",1,NA,NA
"18304","scaffold0043:4082192|4101159",NA,2,NA
"18305","scaffold0043:4085184|4086754",NA,2,NA
"18306","scaffold0043:4085184|4101159",7,NA,3
"18307","scaffold0043:4086636|4101159",8,NA,NA
"18308","scaffold0043:4100980|4137225",2,NA,NA
"18309","scaffold0043:4137180|4148093",1,NA,NA
"18310","scaffold0043:4170354|4204349",38,35,8
"18311","scaffold0043:4200438|4204349",1,NA,NA
"18312","scaffold0043:4200438|4304257",2,NA,NA
"18313","scaffold0043:4200438|4305570",1,NA,NA
"18314","scaffold0043:4243249|4354698",NA,NA,1
"18315","scaffold0043:4245714|4354698",NA,NA,4
"18316","scaffold0043:4974871|4984059",1,NA,NA
"18317","scaffold0043:5554934|5591277",NA,11,NA
"18318","scaffold0043:5580266|5622676",2,NA,NA
"18319","scaffold0043:5582144|5591277",6,NA,NA
"18320","scaffold0043:5622272|5785726",5,NA,NA
"18321","scaffold0043:5666104|5743812",4,NA,NA
"18322","scaffold0043:7098149|7102452",NA,NA,5
"18323","scaffold0043:7151964|7164110",2,NA,NA
"18324","scaffold0043:7236278|7238411",1,4,10
"18325","scaffold0043:7815989|7820184",4,NA,NA
"18326","scaffold0043:8072110|8084884",12,NA,NA
"18327","scaffold0043:8493892|8517047",1,NA,NA
"18328","scaffold0043:8876079|8889399",NA,24,6
"18329","scaffold0043:8876079|8943960",NA,NA,1
"18330","scaffold0044:1548019|1557574",9,NA,6
"18331","scaffold0044:1552011|1557574",1,NA,NA
"18332","scaffold0044:1553364|1557574",NA,NA,3
"18333","scaffold0044:2044032|2046201",NA,5,NA
"18334","scaffold0044:4092243|4101489",7,NA,NA
"18335","scaffold0044:4093844|4101489",6,NA,NA
"18336","scaffold0044:4176924|4182653",3,NA,NA
"18337","scaffold0044:4176924|4187408",8,NA,NA
"18338","scaffold0044:4187316|4198086",60,NA,5
"18339","scaffold0044:458221|473113",2,NA,NA
"18340","scaffold0044:4608202|4616527",7,5,1
"18341","scaffold0044:4609100|4616527",5,6,3
"18342","scaffold0044:4616484|4623465",4,NA,NA
"18343","scaffold0044:463961|473113",3,NA,NA
"18344","scaffold0044:6440686|6443846",NA,NA,2
"18345","scaffold0044:6442656|6443846",30,35,7
"18346","scaffold0044:6650800|6655524",10,6,NA
"18347","scaffold0044:6706098|6708166",19,NA,NA
"18348","scaffold0044:6720039|6748317",NA,NA,1
"18349","scaffold0044:6723200|6748317",NA,NA,1
"18350","scaffold0044:6755439|6764468",NA,NA,2
"18351","scaffold0044:6755439|6770960",NA,3,5
"18352","scaffold0044:6755439|6772911",4,4,1
"18353","scaffold0044:6757126|6770960",NA,2,3
"18354","scaffold0044:6757126|6772911",2,1,1
"18355","scaffold0044:6826621|6848804",2,NA,NA
"18356","scaffold0044:6848689|6866190",4,NA,4
"18357","scaffold0044:6848689|6873924",2,NA,NA
"18358","scaffold0044:6864787|6866190",30,NA,5
"18359","scaffold0044:6873497|6873831",1,NA,NA
"18360","scaffold0044:6873497|6873832",8,NA,NA
"18361","scaffold0044:689502|716159",3,NA,NA
"18362","scaffold0044:689502|730688",NA,NA,11
"18363","scaffold0044:714981|716159",293,122,80
"18364","scaffold0044:714981|730688",351,NA,171
"18365","scaffold0044:7575916|7577196",252,135,115
"18366","scaffold0044:7576415|7577196",2,NA,NA
"18367","scaffold0044:7623075|7624182",NA,NA,1
"18368","scaffold0044:7623075|7624864",19,23,32
"18369","scaffold0044:7628609|7630565",NA,10,NA
"18370","scaffold0044:7629012|7637594",NA,4,NA
"18371","scaffold0044:7632488|7635237",3,NA,NA
"18372","scaffold0044:7768374|7769717",21,NA,4
"18373","scaffold0044:7772778|7772975",NA,NA,1
"18374","scaffold0044:7836123|7836886",247,300,147
"18375","scaffold0044:7836123|7842998",NA,NA,1
"18376","scaffold0044:7837695|7838048",NA,NA,2
"18377","scaffold0044:7839129|7853359",NA,NA,2
"18378","scaffold0044:7841348|7842998",5,2,NA
"18379","scaffold0044:7847462|7849163",29,9,3
"18380","scaffold0044:7851046|7853359",34,35,19
"18381","scaffold0044:7851046|7860510",4,NA,8
"18382","scaffold0044:7856682|7860510",7,NA,NA
"18383","scaffold0044:7856682|7866685",1,NA,NA
"18384","scaffold0044:7856682|7903722",1,NA,NA
"18385","scaffold0044:7861528|7866685",2,5,9
"18386","scaffold0044:8003500|8012518",NA,8,NA
"18387","scaffold0044:8012449|8035829",NA,NA,8
"18388","scaffold0044:8018367|8019625",NA,4,NA
"18389","scaffold0044:8019037|8019625",NA,5,NA
"18390","scaffold0044:8019484|8020749",1,5,4
"18391","scaffold0044:8020648|8021628",94,53,70
"18392","scaffold0044:8020905|8021250",3,NA,NA
"18393","scaffold0044:8023208|8035829",NA,6,NA
"18394","scaffold0044:8031811|8035829",53,6,21
"18395","scaffold0044:8061656|8061802",2,NA,NA
"18396","scaffold0044:8638101|8640420",NA,3,NA
"18397","scaffold0044:8766687|8766877",NA,NA,3
"18398","scaffold0044:9035592|9040989",24,21,5
"18399","scaffold0044:9035592|9079184",1,NA,NA
"18400","scaffold0044:9214912|9216829",29,NA,4
"18401","scaffold0044:9221740|9222671",5,NA,NA
"18402","scaffold0044:9277323|9278564",12,18,4
"18403","scaffold0044:9340955|9352099",NA,3,12
"18404","scaffold0044:9340955|9384918",NA,NA,2
"18405","scaffold0044:9340955|9386439",NA,NA,1
"18406","scaffold0044:9358346|9384918",1,NA,NA
"18407","scaffold0044:939510|946813",NA,NA,4
"18408","scaffold0044:942519|946813",NA,NA,1
"18409","scaffold0045:1590459|1600854",6,NA,NA
"18410","scaffold0045:257938|258130",NA,3,NA
"18411","scaffold0045:4507912|4509870",10,7,NA
"18412","scaffold0045:4531661|4544556",13,NA,NA
"18413","scaffold0045:5524378|5546361",3,NA,NA
"18414","scaffold0045:5603148|5611657",3,NA,NA
"18415","scaffold0045:5624383|5629484",14,2,NA
"18416","scaffold0045:5796596|5798906",NA,NA,1
"18417","scaffold0045:5825882|5828135",4,NA,NA
"18418","scaffold0045:5856055|5864397",9,6,1
"18419","scaffold0045:5856055|5866565",4,1,NA
"18420","scaffold0045:5856055|5870859",167,145,113
"18421","scaffold0045:5866483|5870859",20,NA,14
"18422","scaffold0045:5985680|5990864",230,129,108
"18423","scaffold0045:5990431|5990608",14,NA,NA
"18424","scaffold0045:6006053|6006276",2,NA,NA
"18425","scaffold0045:6014877|6019256",NA,NA,5
"18426","scaffold0045:6018995|6024341",4,1,NA
"18427","scaffold0045:6023690|6024341",22,9,4
"18428","scaffold0045:6025683|6029338",NA,NA,2
"18429","scaffold0045:6029103|6029338",25,15,23
"18430","scaffold0045:6131272|6148764",1,NA,NA
"18431","scaffold0045:6146964|6148764",35,NA,13
"18432","scaffold0045:6156319|6156745",2,NA,NA
"18433","scaffold0045:6194333|6209032",NA,5,NA
"18434","scaffold0045:6901019|6906608",11,NA,NA
"18435","scaffold0045:7884533|8052080",24,NA,NA
"18436","scaffold0045:9272532|9276174",2,NA,NA
"18437","scaffold0046:1959664|1979314",NA,NA,1
"18438","scaffold0046:1968911|1979314",8,NA,9
"18439","scaffold0046:1977112|1979314",NA,NA,1
"18440","scaffold0046:2063188|2067671",2,NA,NA
"18441","scaffold0046:2067597|2070069",87,35,31
"18442","scaffold0046:2067959|2068169",2,NA,NA
"18443","scaffold0046:2068188|2073013",2,NA,NA
"18444","scaffold0046:2069957|2073251",10,NA,NA
"18445","scaffold0046:2072944|2081517",20,12,NA
"18446","scaffold0046:2077393|2088596",7,NA,NA
"18447","scaffold0046:2081436|2086347",NA,7,NA
"18448","scaffold0046:2083539|2092807",23,6,2
"18449","scaffold0046:2088439|2092807",36,35,7
"18450","scaffold0046:2092631|2098278",NA,NA,3
"18451","scaffold0046:2229855|2241592",NA,NA,2
"18452","scaffold0046:2258421|2258808",5,15,NA
"18453","scaffold0046:2258421|2287807",NA,NA,4
"18454","scaffold0046:251981|282762",2,NA,NA
"18455","scaffold0046:2701188|2706400",NA,19,2
"18456","scaffold0046:2701188|2716143",1,NA,NA
"18457","scaffold0046:2701188|2754927",NA,NA,2
"18458","scaffold0046:2701188|2762000",5,NA,NA
"18459","scaffold0046:2701188|2815352",3,NA,NA
"18460","scaffold0046:2701188|2849912",NA,5,NA
"18461","scaffold0046:2729929|2748549",5,NA,16
"18462","scaffold0046:2729929|2754927",NA,1,NA
"18463","scaffold0046:2729929|2762000",NA,NA,3
"18464","scaffold0046:2729929|2849912",6,NA,NA
"18465","scaffold0046:2748402|2754927",6,2,NA
"18466","scaffold0046:2748402|2762000",16,42,25
"18467","scaffold0046:2748402|2815352",NA,NA,2
"18468","scaffold0046:2748402|2818693",NA,NA,2
"18469","scaffold0046:2754830|2762000",7,NA,9
"18470","scaffold0046:2754830|2849912",NA,7,NA
"18471","scaffold0046:2760233|2815352",NA,3,NA
"18472","scaffold0046:2760233|2849912",NA,8,NA
"18473","scaffold0046:276808|279742",1,NA,NA
"18474","scaffold0046:2814766|2815352",2,NA,NA
"18475","scaffold0046:2814766|2818693",4,NA,NA
"18476","scaffold0046:2814766|2849912",38,17,39
"18477","scaffold0046:2814919|2815240",NA,NA,2
"18478","scaffold0046:306783|307403",7,1,NA
"18479","scaffold0046:3113253|3114506",NA,NA,1
"18480","scaffold0046:3164776|3166093",347,172,162
"18481","scaffold0046:3164776|3178763",5,NA,3
"18482","scaffold0046:3174177|3178763",2,NA,NA
"18483","scaffold0046:3190935|3193339",NA,NA,5
"18484","scaffold0046:3211772|3211942",NA,1,NA
"18485","scaffold0046:3220702|3222427",4,NA,NA
"18486","scaffold0046:3225121|3225512",16,52,34
"18487","scaffold0046:3225121|3229005",3,NA,NA
"18488","scaffold0046:3228869|3229571",47,53,40
"18489","scaffold0046:3250410|3253568",16,4,5
"18490","scaffold0046:3250410|3257046",1,NA,NA
"18491","scaffold0046:3256964|3263183",NA,2,NA
"18492","scaffold0046:3259681|3263183",10,NA,NA
"18493","scaffold0046:3259681|3267437",4,NA,NA
"18494","scaffold0046:3259807|3260542",1,NA,NA
"18495","scaffold0046:3260542|3263183",1,NA,NA
"18496","scaffold0046:3280226|3280786",90,77,32
"18497","scaffold0046:3280226|3284112",17,22,9
"18498","scaffold0046:3293510|3294458",NA,NA,3
"18499","scaffold0046:3313318|3338539",NA,1,1
"18500","scaffold0046:3373819|3376616",7,NA,NA
"18501","scaffold0046:3467345|3468672",1,NA,NA
"18502","scaffold0046:3561249|3563584",3,NA,NA
"18503","scaffold0046:3561249|3565786",310,140,98
"18504","scaffold0046:3561249|3572756",NA,8,NA
"18505","scaffold0046:3561249|3578556",3,NA,NA
"18506","scaffold0046:3561249|3589943",7,NA,4
"18507","scaffold0046:3575023|3589943",1,NA,NA
"18508","scaffold0046:4131737|4135294",1,NA,4
"18509","scaffold0046:4131737|4139717",367,217,177
"18510","scaffold0046:4135084|4139717",49,NA,8
"18511","scaffold0046:4282295|4292348",6,NA,NA
"18512","scaffold0046:4294028|4301238",17,NA,NA
"18513","scaffold0046:4296162|4297476",14,NA,NA
"18514","scaffold0046:4331775|4335354",17,7,8
"18515","scaffold0046:4340716|4341187",10,NA,NA
"18516","scaffold0046:4340716|4344944",6,NA,1
"18517","scaffold0046:4347823|4352143",NA,1,NA
"18518","scaffold0046:4351520|4353444",NA,9,NA
"18519","scaffold0046:4581377|4583776",4,NA,NA
"18520","scaffold0046:4591941|4595793",125,108,39
"18521","scaffold0046:4591941|4598164",19,26,NA
"18522","scaffold0046:4591941|4601831",88,46,52
"18523","scaffold0046:4601255|4601831",5,17,NA
"18524","scaffold0046:4766027|4796347",NA,NA,1
"18525","scaffold0046:4894901|4898632",2,1,NA
"18526","scaffold0046:5074170|5074710",8,NA,NA
"18527","scaffold0046:5562318|5566172",5,NA,NA
"18528","scaffold0046:5569939|5574374",10,NA,1
"18529","scaffold0046:5637984|5641104",5,NA,NA
"18530","scaffold0046:5640980|5645677",9,NA,NA
"18531","scaffold0046:5644637|5645677",65,NA,NA
"18532","scaffold0046:5699717|5700290",NA,2,NA
"18533","scaffold0046:5703970|5704163",1,NA,NA
"18534","scaffold0046:6440974|6448700",4,NA,NA
"18535","scaffold0046:6510268|6525785",10,NA,NA
"18536","scaffold0046:6525521|6525785",5,6,NA
"18537","scaffold0046:6525521|6548313",1,NA,NA
"18538","scaffold0046:6565386|6566279",3,NA,NA
"18539","scaffold0046:6577985|6583158",1,6,12
"18540","scaffold0046:6577985|6592832",5,NA,NA
"18541","scaffold0046:6592692|6601789",66,12,19
"18542","scaffold0046:6592692|6604484",NA,NA,2
"18543","scaffold0046:6601674|6604484",23,NA,NA
"18544","scaffold0046:66233|68896",2,NA,NA
"18545","scaffold0046:6644410|6659163",3,5,NA
"18546","scaffold0046:6644410|6672426",35,10,8
"18547","scaffold0046:6654686|6659163",12,1,4
"18548","scaffold0046:6654686|6672426",25,NA,NA
"18549","scaffold0046:6672341|6689023",3,NA,NA
"18550","scaffold0046:6679053|6689023",NA,NA,2
"18551","scaffold0046:6847426|6847931",NA,4,NA
"18552","scaffold0046:6960516|6960875",NA,2,NA
"18553","scaffold0046:6960875|6961482",3,NA,NA
"18554","scaffold0046:6961294|6961482",NA,NA,1
"18555","scaffold0046:7005907|7007446",1,NA,NA
"18556","scaffold0046:7016945|7017274",296,156,122
"18557","scaffold0046:7022496|7022807",NA,NA,3
"18558","scaffold0046:7142818|7157243",1,NA,NA
"18559","scaffold0046:7146959|7147375",18,9,5
"18560","scaffold0046:7189774|7191435",NA,17,NA
"18561","scaffold0046:7303826|7309099",1,NA,NA
"18562","scaffold0046:7306393|7306904",6,NA,NA
"18563","scaffold0046:7306724|7306904",1,NA,NA
"18564","scaffold0046:7306724|7308110",NA,8,NA
"18565","scaffold0046:7313316|7313710",2,13,NA
"18566","scaffold0046:7337184|7339939",NA,7,NA
"18567","scaffold0046:7339819|7340874",27,16,8
"18568","scaffold0046:7339819|7343389",3,NA,NA
"18569","scaffold0046:7342781|7343389",3,8,7
"18570","scaffold0046:7348703|7349055",NA,4,NA
"18571","scaffold0046:7349535|7349721",5,NA,NA
"18572","scaffold0046:7350946|7351154",3,NA,NA
"18573","scaffold0046:7355260|7355680",6,NA,NA
"18574","scaffold0046:7355260|7359684",7,NA,6
"18575","scaffold0046:7357218|7357693",3,NA,NA
"18576","scaffold0046:7357218|7358061",85,22,31
"18577","scaffold0046:7360411|7361976",NA,5,5
"18578","scaffold0046:7360411|7364930",5,2,2
"18579","scaffold0046:7361753|7361976",12,NA,NA
"18580","scaffold0046:7364358|7364930",51,36,18
"18581","scaffold0046:7411547|7414879",NA,1,NA
"18582","scaffold0046:7412581|7414879",NA,NA,9
"18583","scaffold0046:7413413|7413813",NA,4,NA
"18584","scaffold0046:7413831|7414023",2,NA,NA
"18585","scaffold0046:7418627|7418807",NA,NA,5
"18586","scaffold0046:7424028|7424381",25,2,NA
"18587","scaffold0046:7424662|7424852",5,NA,NA
"18588","scaffold0046:7424924|7425817",7,NA,NA
"18589","scaffold0046:7528918|7533415",2,7,2
"18590","scaffold0046:7531126|7533415",NA,1,1
"18591","scaffold0046:7533273|7533917",NA,NA,2
"18592","scaffold0046:7533273|7535890",NA,NA,2
"18593","scaffold0046:7533273|7537791",NA,NA,2
"18594","scaffold0046:7535803|7540689",5,NA,NA
"18595","scaffold0046:7537630|7539284",5,NA,NA
"18596","scaffold0046:7539153|7540210",3,NA,NA
"18597","scaffold0046:7539153|7552164",NA,NA,1
"18598","scaffold0046:7544261|7547665",6,2,14
"18599","scaffold0046:7544261|7552164",5,4,1
"18600","scaffold0046:7547213|7547665",NA,NA,4
"18601","scaffold0046:7670372|7671164",NA,NA,2
"18602","scaffold0046:7671046|7672679",3,NA,NA
"18603","scaffold0046:7683944|7684649",NA,NA,5
"18604","scaffold0046:7801954|7810239",NA,NA,6
"18605","scaffold0046:7818935|7819285",1,NA,NA
"18606","scaffold0046:7889547|7889743",NA,6,NA
"18607","scaffold0046:7889547|7890630",15,12,3
"18608","scaffold0046:7889547|7898912",7,18,7
"18609","scaffold0046:7939874|7941862",NA,NA,5
"18610","scaffold0046:7949248|7951866",2,NA,NA
"18611","scaffold0046:7956470|7958321",4,NA,NA
"18612","scaffold0046:7960748|7960931",3,NA,NA
"18613","scaffold0046:7970343|7970636",3,NA,NA
"18614","scaffold0046:8024021|8024415",7,8,1
"18615","scaffold0046:8044480|8045483",NA,1,NA
"18616","scaffold0046:8090825|8091289",NA,NA,3
"18617","scaffold0046:8091475|8091838",3,NA,6
"18618","scaffold0046:8113472|8114295",NA,NA,6
"18619","scaffold0046:8113472|8118506",31,33,60
"18620","scaffold0047:136190|142889",NA,NA,2
"18621","scaffold0047:225750|235755",NA,6,NA
"18622","scaffold0047:228042|235755",NA,6,NA
"18623","scaffold0047:234555|243418",9,NA,2
"18624","scaffold0047:243338|249301",9,NA,NA
"18625","scaffold0047:3116514|3125601",NA,NA,3
"18626","scaffold0047:3145494|3160200",5,NA,NA
"18627","scaffold0047:3157145|3162566",2,10,NA
"18628","scaffold0047:3157145|3172463",NA,10,4
"18629","scaffold0047:414080|420481",8,NA,NA
"18630","scaffold0047:415651|416864",58,25,18
"18631","scaffold0047:418456|420481",215,107,53
"18632","scaffold0047:420275|420481",4,NA,NA
"18633","scaffold0047:420275|422336",4,NA,NA
"18634","scaffold0047:421059|430887",6,NA,NA
"18635","scaffold0047:425594|430887",18,14,2
"18636","scaffold0047:637646|641926",NA,NA,2
"18637","scaffold0047:639705|641926",NA,NA,3
"18638","scaffold0047:6977543|6986540",NA,NA,5
"18639","scaffold0047:6981331|6986540",NA,13,7
"18640","scaffold0047:7422691|7423552",3,NA,NA
"18641","scaffold0047:836397|840037",6,NA,NA
"18642","scaffold0047:844284|855991",4,NA,NA
"18643","scaffold0047:846806|847766",148,69,61
"18644","scaffold0047:889846|903202",NA,NA,2
"18645","scaffold0047:897369|903202",NA,NA,1
"18646","scaffold0047:977928|979707",NA,NA,2
"18647","scaffold0047:979274|979707",3,NA,NA
"18648","scaffold0048:115757|126925",NA,NA,1
"18649","scaffold0048:119679|126925",13,1,5
"18650","scaffold0048:3417041|3419596",40,NA,NA
"18651","scaffold0048:3569826|3575550",55,38,69
"18652","scaffold0048:3574148|3575550",37,22,64
"18653","scaffold0048:3586380|3586541",NA,NA,1
"18654","scaffold0048:3657887|3664016",2,NA,NA
"18655","scaffold0048:3657887|3668239",1,NA,NA
"18656","scaffold0048:3682057|3698044",NA,4,NA
"18657","scaffold0048:3825535|3833291",NA,5,NA
"18658","scaffold0048:3907798|3910074",NA,4,NA
"18659","scaffold0048:3919205|3920748",1,NA,NA
"18660","scaffold0048:3919205|3924773",1,NA,NA
"18661","scaffold0048:4333465|4376936",2,NA,NA
"18662","scaffold0048:4497095|4499190",14,NA,NA
"18663","scaffold0048:4521142|4528450",3,14,NA
"18664","scaffold0048:4708089|4737482",NA,NA,1
"18665","scaffold0048:4715970|4717448",NA,12,NA
"18666","scaffold0048:4728318|4732051",7,NA,15
"18667","scaffold0048:4728318|4737482",50,19,31
"18668","scaffold0048:4731904|4737482",4,NA,NA
"18669","scaffold0048:4736398|4746469",38,NA,19
"18670","scaffold0048:4955779|4964461",NA,2,NA
"18671","scaffold0048:496309|506943",NA,13,NA
"18672","scaffold0048:5079510|5079654",NA,NA,2
"18673","scaffold0048:5079510|5099853",NA,NA,4
"18674","scaffold0048:5099353|5099853",6,NA,2
"18675","scaffold0048:5099353|5115911",39,17,14
"18676","scaffold0048:5099353|5125233",3,NA,NA
"18677","scaffold0048:5166544|5167280",5,8,6
"18678","scaffold0048:5166544|5189824",54,19,20
"18679","scaffold0048:5166544|5213678",14,12,14
"18680","scaffold0048:5189703|5210371",139,75,52
"18681","scaffold0048:5209175|5213678",42,22,27
"18682","scaffold0048:5209175|5218525",NA,NA,3
"18683","scaffold0048:5211589|5213678",36,29,9
"18684","scaffold0048:5211589|5217056",NA,5,7
"18685","scaffold0048:5560956|5580654",6,NA,NA
"18686","scaffold0048:5577341|5580654",6,NA,NA
"18687","scaffold0048:5580442|5593097",NA,NA,2
"18688","scaffold0048:5619548|5625478",1,NA,NA
"18689","scaffold0048:56259|59292",3,NA,NA
"18690","scaffold0048:5717017|5747565",NA,3,NA
"18691","scaffold0048:5806242|5807028",1,NA,NA
"18692","scaffold0048:5817522|5818206",3,NA,NA
"18693","scaffold0048:5900051|5922839",NA,4,NA
"18694","scaffold0048:5907080|5912043",NA,9,NA
"18695","scaffold0048:5907080|5913337",NA,1,NA
"18696","scaffold0048:6288463|6289663",NA,NA,3
"18697","scaffold0048:6288463|6291442",7,NA,NA
"18698","scaffold0048:6288758|6291442",NA,2,NA
"18699","scaffold0048:6289542|6291442",1,NA,NA
"18700","scaffold0048:6324609|6324865",NA,7,NA
"18701","scaffold0048:6337281|6340736",3,NA,NA
"18702","scaffold0048:6483267|6484343",NA,NA,6
"18703","scaffold0048:6494218|6506901",5,NA,NA
"18704","scaffold0048:6505259|6506901",7,38,18
"18705","scaffold0048:6508550|6510462",15,NA,NA
"18706","scaffold0048:6513279|6514496",NA,7,NA
"18707","scaffold0048:6514586|6515660",1,1,NA
"18708","scaffold0048:6516435|6519690",1,19,NA
"18709","scaffold0048:6516557|6516793",8,NA,NA
"18710","scaffold0048:6519328|6521089",1,NA,NA
"18711","scaffold0048:6553976|6556509",NA,2,NA
"18712","scaffold0048:6569340|6573263",16,5,15
"18713","scaffold0048:6569340|6574962",NA,NA,3
"18714","scaffold0048:6569340|6580108",1,NA,NA
"18715","scaffold0048:6569340|6593971",1,NA,2
"18716","scaffold0048:6574858|6581681",46,11,19
"18717","scaffold0048:6574858|6584865",58,17,37
"18718","scaffold0048:6604685|6606061",4,NA,NA
"18719","scaffold0048:6626848|6638786",NA,NA,2
"18720","scaffold0048:6626848|6641426",NA,NA,2
"18721","scaffold0048:6632694|6644236",NA,2,NA
"18722","scaffold0048:6637265|6638098",NA,3,3
"18723","scaffold0048:6638008|6638786",NA,11,NA
"18724","scaffold0048:6643984|6665993",1,NA,NA
"18725","scaffold0048:6648193|6665993",NA,8,NA
"18726","scaffold0048:6651553|6652035",2,NA,NA
"18727","scaffold0048:6651553|6658306",2,NA,3
"18728","scaffold0048:6651553|6665993",26,NA,21
"18729","scaffold0048:6658154|6665993",41,9,57
"18730","scaffold0048:6662066|6665993",35,25,47
"18731","scaffold0048:6720570|6722167",2,NA,NA
"18732","scaffold0048:6768800|6771652",NA,NA,2
"18733","scaffold0048:6788636|6839112",1,NA,NA
"18734","scaffold0048:6813342|6823819",4,NA,3
"18735","scaffold0048:6813342|6828464",1,NA,NA
"18736","scaffold0048:6813342|6834936",NA,NA,4
"18737","scaffold0048:6813342|6839112",NA,NA,3
"18738","scaffold0048:6816893|6820302",1,NA,2
"18739","scaffold0048:6817161|6818667",1,NA,NA
"18740","scaffold0048:6818424|6818667",NA,11,2
"18741","scaffold0048:6818424|6834936",6,1,1
"18742","scaffold0048:6823671|6834936",24,5,7
"18743","scaffold0048:6828339|6834936",25,27,18
"18744","scaffold0048:6828339|6839112",4,NA,NA
"18745","scaffold0048:6838484|6839112",12,NA,6
"18746","scaffold0048:6910825|6910949",1,NA,NA
"18747","scaffold0048:6918566|6920971",24,33,41
"18748","scaffold0048:6982493|6988540",1,NA,NA
"18749","scaffold0048:6986143|6986869",NA,4,3
"18750","scaffold0048:7020807|7021176",NA,NA,3
"18751","scaffold0048:7031786|7032226",15,NA,3
"18752","scaffold0048:7031786|7034050",NA,10,NA
"18753","scaffold0048:7145388|7147704",9,19,8
"18754","scaffold0048:7158422|7158890",NA,NA,5
"18755","scaffold0048:7158533|7158748",4,NA,NA
"18756","scaffold0048:7161300|7165462",NA,7,NA
"18757","scaffold0048:7164362|7165462",NA,13,NA
"18758","scaffold0048:7164877|7165282",1,NA,2
"18759","scaffold0048:7166291|7183012",3,NA,5
"18760","scaffold0048:7167480|7168226",7,NA,16
"18761","scaffold0048:7177150|7180809",NA,12,NA
"18762","scaffold0048:7177150|7183012",NA,1,6
"18763","scaffold0048:7177150|7198708",20,7,26
"18764","scaffold0048:7180690|7183012",1,NA,NA
"18765","scaffold0048:7180690|7198708",NA,NA,2
"18766","scaffold0048:7186970|7188271",14,3,5
"18767","scaffold0048:7186970|7198708",22,23,6
"18768","scaffold0048:7196349|7198708",329,130,171
"18769","scaffold0048:7233007|7245736",NA,NA,1
"18770","scaffold0048:7240181|7240632",51,122,148
"18771","scaffold0048:7240181|7245736",NA,4,NA
"18772","scaffold0048:7244199|7245736",2,NA,NA
"18773","scaffold0048:7244199|7252652",NA,2,NA
"18774","scaffold0048:7526118|7527817",2,5,NA
"18775","scaffold0048:7541745|7542915",2,NA,NA
"18776","scaffold0048:7553686|7557444",NA,NA,1
"18777","scaffold0048:7556567|7557444",3,NA,NA
"18778","scaffold0048:7595170|7600380",NA,5,NA
"18779","scaffold0048:7598139|7598779",1,NA,1
"18780","scaffold0048:7714268|7714421",1,NA,NA
"18781","scaffold0048:7742426|7743796",NA,3,NA
"18782","scaffold0048:7765523|7770099",NA,12,6
"18783","scaffold0048:7765523|7779735",10,7,NA
"18784","scaffold0048:7773178|7779735",6,NA,12
"18785","scaffold0048:7775735|7776271",1,NA,NA
"18786","scaffold0048:7797645|7797839",4,NA,NA
"18787","scaffold0048:7797645|7800479",NA,11,NA
"18788","scaffold0048:96626|99666",3,NA,NA
"18789","scaffold0048:98120|99666",2,NA,NA
"18790","scaffold0049:1252772|1257261",57,34,64
"18791","scaffold0049:1254568|1257261",27,15,9
"18792","scaffold0049:1256851|1257261",4,5,NA
"18793","scaffold0049:1313575|1313839",NA,2,7
"18794","scaffold0049:2085005|2085705",NA,3,5
"18795","scaffold0049:2085005|2091249",NA,NA,3
"18796","scaffold0049:2089238|2091249",6,NA,NA
"18797","scaffold0049:222889|223150",2,14,NA
"18798","scaffold0049:2236996|2244263",2,NA,NA
"18799","scaffold0049:2326422|2327084",NA,NA,2
"18800","scaffold0049:2329385|2331534",5,NA,NA
"18801","scaffold0049:2330328|2330472",1,NA,NA
"18802","scaffold0049:2483176|2485075",2,NA,NA
"18803","scaffold0049:2613361|2614067",3,NA,NA
"18804","scaffold0049:2832453|2892647",2,NA,NA
"18805","scaffold0049:2860798|2861294",NA,3,NA
"18806","scaffold0049:2860798|2873102",36,NA,NA
"18807","scaffold0049:2860798|2892647",NA,11,NA
"18808","scaffold0049:301104|304249",NA,NA,2
"18809","scaffold0049:318174|318981",NA,3,NA
"18810","scaffold0049:378128|381742",62,9,30
"18811","scaffold0049:378128|388527",1,2,NA
"18812","scaffold0049:406616|406878",1,NA,NA
"18813","scaffold0049:4071022|4076648",NA,3,NA
"18814","scaffold0049:4668739|4669748",NA,NA,5
"18815","scaffold0049:4786808|4787326",NA,1,NA
"18816","scaffold0049:4853538|4863280",5,NA,NA
"18817","scaffold0049:4853538|4868546",2,NA,NA
"18818","scaffold0049:4854499|4863280",NA,NA,4
"18819","scaffold0049:4860439|4863280",10,NA,NA
"18820","scaffold0049:4860439|4868546",4,NA,NA
"18821","scaffold0049:4866903|4868546",13,17,44
"18822","scaffold0049:4866903|4878388",6,12,8
"18823","scaffold0049:4866903|4883998",NA,8,NA
"18824","scaffold0049:4866903|4886207",NA,3,NA
"18825","scaffold0049:4898023|4918434",NA,2,NA
"18826","scaffold0049:4952137|4954918",2,NA,1
"18827","scaffold0049:4952137|4955957",NA,4,NA
"18828","scaffold0049:4954701|4955957",1,NA,NA
"18829","scaffold0049:4959268|4959460",3,NA,NA
"18830","scaffold0049:4991602|4996436",NA,2,NA
"18831","scaffold0049:5017644|5029979",NA,NA,2
"18832","scaffold0049:5019888|5029979",5,NA,NA
"18833","scaffold0049:5020914|5021133",3,NA,NA
"18834","scaffold0049:5050198|5051172",63,62,43
"18835","scaffold0049:5065790|5068099",8,NA,NA
"18836","scaffold0049:5065790|5069888",1,NA,3
"18837","scaffold0049:5066987|5068099",14,NA,NA
"18838","scaffold0049:5067963|5069888",NA,NA,3
"18839","scaffold0049:507984|511392",48,20,12
"18840","scaffold0049:5140734|5144935",35,NA,1
"18841","scaffold0049:5804281|5806253",6,NA,NA
"18842","scaffold0049:5804281|5820788",3,NA,NA
"18843","scaffold0049:5812518|5820788",3,2,12
"18844","scaffold0049:5915687|5943291",25,3,NA
"18845","scaffold0049:5918140|5943291",9,NA,NA
"18846","scaffold0049:5921545|5943291",29,4,NA
"18847","scaffold0049:5942411|5943291",NA,7,NA
"18848","scaffold0049:6030063|6035919",NA,NA,3
"18849","scaffold0049:6117087|6122205",6,NA,NA
"18850","scaffold0049:6605294|6612863",NA,NA,1
"18851","scaffold0049:6614787|6616830",1,NA,NA
"18852","scaffold0049:6672910|6675523",NA,NA,7
"18853","scaffold0049:6730721|6733235",4,NA,NA
"18854","scaffold0049:6734171|6734917",2,15,NA
"18855","scaffold0049:6735374|6735929",NA,6,NA
"18856","scaffold0049:6735374|6740607",23,42,12
"18857","scaffold0049:6736948|6740607",119,184,170
"18858","scaffold0049:6739920|6740607",12,50,24
"18859","scaffold0049:6739920|6759186",NA,6,NA
"18860","scaffold0049:6746589|6750071",6,NA,NA
"18861","scaffold0049:6747998|6759186",2,NA,NA
"18862","scaffold0049:6749921|6757449",NA,NA,1
"18863","scaffold0049:6753557|6759186",133,189,150
"18864","scaffold0049:6754593|6759186",NA,NA,1
"18865","scaffold0049:6823910|6856628",5,NA,5
"18866","scaffold0049:6823910|6857936",NA,NA,2
"18867","scaffold0049:6823910|6881862",1,NA,NA
"18868","scaffold0049:6870528|6894757",NA,NA,1
"18869","scaffold0049:6872633|6876422",4,NA,NA
"18870","scaffold0049:6874420|6874793",2,NA,NA
"18871","scaffold0049:6886099|6886554",10,NA,3
"18872","scaffold0049:6973481|6980858",19,21,13
"18873","scaffold0049:6979465|6980858",NA,NA,3
"18874","scaffold0049:777414|778592",9,NA,6
"18875","scaffold0050:1044966|1047191",NA,NA,1
"18876","scaffold0050:1046486|1047067",NA,3,NA
"18877","scaffold0050:1127823|1127988",NA,1,NA
"18878","scaffold0050:1127823|1130329",5,8,2
"18879","scaffold0050:1127823|1136217",131,86,126
"18880","scaffold0050:1133552|1135591",NA,4,NA
"18881","scaffold0050:1134042|1135591",1,NA,NA
"18882","scaffold0050:1134042|1135981",3,NA,NA
"18883","scaffold0050:1134042|1136217",14,17,NA
"18884","scaffold0050:1134563|1135591",33,30,NA
"18885","scaffold0050:1134563|1136217",NA,5,NA
"18886","scaffold0050:1176837|1178650",1,2,3
"18887","scaffold0050:1444574|1449688",NA,NA,2
"18888","scaffold0050:1449265|1449564",NA,NA,3
"18889","scaffold0050:1449589|1450306",7,NA,NA
"18890","scaffold0050:1512822|1551843",NA,18,14
"18891","scaffold0050:1512822|1588772",NA,6,NA
"18892","scaffold0050:1540541|1542330",2,1,NA
"18893","scaffold0050:1540541|1551843",43,49,47
"18894","scaffold0050:1540541|1588772",1,4,3
"18895","scaffold0050:1548839|1551843",NA,7,NA
"18896","scaffold0050:1588651|1688215",NA,10,NA
"18897","scaffold0050:1683038|1688215",167,122,NA
"18898","scaffold0050:1832910|1839517",NA,2,NA
"18899","scaffold0050:1839371|1840917",13,NA,NA
"18900","scaffold0050:1840777|1851628",1,NA,NA
"18901","scaffold0050:1845181|1848531",NA,3,NA
"18902","scaffold0050:1845181|1851628",51,NA,NA
"18903","scaffold0050:1847271|1847711",3,NA,NA
"18904","scaffold0050:1873375|1873565",5,NA,NA
"18905","scaffold0050:1873375|1873783",NA,5,NA
"18906","scaffold0050:1879704|1881352",6,NA,15
"18907","scaffold0050:1881211|1881352",NA,NA,1
"18908","scaffold0050:1884305|1888662",15,NA,NA
"18909","scaffold0050:1886538|1886877",5,NA,NA
"18910","scaffold0050:1905484|1907253",18,NA,NA
"18911","scaffold0050:1949228|1949887",4,NA,NA
"18912","scaffold0050:2002905|2003842",7,3,1
"18913","scaffold0050:2025887|2030802",4,NA,NA
"18914","scaffold0050:2139204|2156469",5,NA,NA
"18915","scaffold0050:2139204|2158063",NA,1,NA
"18916","scaffold0050:2139204|2180360",73,53,12
"18917","scaffold0050:2139204|2196668",110,NA,NA
"18918","scaffold0050:2139204|2244527",5,NA,6
"18919","scaffold0050:2139204|2307168",65,3,2
"18920","scaffold0050:217385|217536",NA,NA,1
"18921","scaffold0050:218193|219155",2,NA,NA
"18922","scaffold0050:2196601|2244527",77,NA,NA
"18923","scaffold0050:2196601|2307168",18,NA,NA
"18924","scaffold0050:2233920|2244527",164,21,NA
"18925","scaffold0050:2233920|2287546",21,NA,NA
"18926","scaffold0050:2233920|2307168",61,35,NA
"18927","scaffold0050:2233920|2387727",3,NA,NA
"18928","scaffold0050:2239111|2244527",107,NA,NA
"18929","scaffold0050:2242591|2244527",62,20,NA
"18930","scaffold0050:2287470|2307168",216,44,NA
"18931","scaffold0050:2305442|2307168",1661,178,29
"18932","scaffold0050:2381198|2381851",5,NA,NA
"18933","scaffold0050:2387146|2393445",3,NA,NA
"18934","scaffold0050:2387146|2394427",5,NA,NA
"18935","scaffold0050:2387146|2396480",4,NA,NA
"18936","scaffold0050:2428010|2438943",2,NA,NA
"18937","scaffold0050:2436622|2447576",1,NA,NA
"18938","scaffold0050:2438832|2439839",3,NA,NA
"18939","scaffold0050:2439784|2442616",8,NA,6
"18940","scaffold0050:2442486|2447576",3,NA,NA
"18941","scaffold0050:2444841|2447576",7,NA,7
"18942","scaffold0050:2456108|2459370",23,10,26
"18943","scaffold0050:2460391|2470260",24,NA,21
"18944","scaffold0050:2469870|2470260",14,3,NA
"18945","scaffold0050:2469870|2474855",NA,NA,2
"18946","scaffold0050:2487080|2489267",5,NA,NA
"18947","scaffold0050:2492559|2495471",1,5,5
"18948","scaffold0050:2494919|2495471",2,NA,NA
"18949","scaffold0050:2494919|2496670",NA,10,NA
"18950","scaffold0050:2571900|2577790",1,NA,NA
"18951","scaffold0050:292391|292549",NA,NA,4
"18952","scaffold0050:32687|39359",4,NA,NA
"18953","scaffold0050:3276923|3282586",NA,18,8
"18954","scaffold0050:3301330|3301483",NA,NA,1
"18955","scaffold0050:3375624|3381280",9,6,NA
"18956","scaffold0050:3381129|3398832",5,NA,NA
"18957","scaffold0050:3381129|3408458",2,NA,NA
"18958","scaffold0050:3383001|3384520",NA,8,NA
"18959","scaffold0050:3383108|3384366",NA,2,NA
"18960","scaffold0050:3383111|3384366",4,NA,NA
"18961","scaffold0050:3390797|3414142",2,NA,6
"18962","scaffold0050:3398745|3411519",NA,9,NA
"18963","scaffold0050:3398745|3414142",16,5,NA
"18964","scaffold0050:3405487|3411519",22,NA,NA
"18965","scaffold0050:3405487|3414142",62,51,44
"18966","scaffold0050:3405487|3418283",NA,NA,10
"18967","scaffold0050:3407094|3414142",6,NA,NA
"18968","scaffold0050:3409382|3411519",84,17,65
"18969","scaffold0050:3411366|3414142",NA,NA,4
"18970","scaffold0050:3411366|3418283",3,NA,NA
"18971","scaffold0050:3411366|3425288",1,NA,NA
"18972","scaffold0050:3414012|3418283",2,NA,NA
"18973","scaffold0050:3418169|3425288",NA,5,NA
"18974","scaffold0050:3418169|3428424",5,NA,NA
"18975","scaffold0050:3418169|3432999",1,4,NA
"18976","scaffold0050:3418169|3442572",4,NA,NA
"18977","scaffold0050:3420484|3428424",4,NA,NA
"18978","scaffold0050:3425150|3432999",NA,NA,3
"18979","scaffold0050:3425150|3442572",NA,3,2
"18980","scaffold0050:3428237|3442572",4,NA,6
"18981","scaffold0050:3432766|3432999",NA,18,3
"18982","scaffold0050:3432766|3442572",24,9,11
"18983","scaffold0050:347419|347758",NA,11,8
"18984","scaffold0050:348894|349071",NA,17,NA
"18985","scaffold0050:3512183|3533671",NA,2,NA
"18986","scaffold0050:3525647|3533671",87,49,24
"18987","scaffold0050:3616391|3627258",9,6,4
"18988","scaffold0050:3616391|3632387",6,NA,4
"18989","scaffold0050:3624317|3624980",1,3,NA
"18990","scaffold0050:3624317|3627258",4,NA,NA
"18991","scaffold0050:3627121|3627258",1,NA,NA
"18992","scaffold0050:3674185|3684532",NA,3,NA
"18993","scaffold0050:3711283|3711824",2,NA,NA
"18994","scaffold0050:3727202|3727580",3,NA,NA
"18995","scaffold0050:3792203|3792571",3,NA,NA
"18996","scaffold0050:3809637|3809868",13,NA,3
"18997","scaffold0050:38854|39087",2,NA,NA
"18998","scaffold0050:3889733|3891416",NA,NA,1
"18999","scaffold0050:3889919|3890336",NA,7,NA
"19000","scaffold0050:3925237|3925468",NA,NA,1
"19001","scaffold0050:3925237|3926040",2,NA,NA
"19002","scaffold0050:4005361|4005835",133,113,75
"19003","scaffold0050:4005914|4007314",5,NA,NA
"19004","scaffold0050:4006546|4007314",1,NA,NA
"19005","scaffold0050:4007036|4007206",NA,NA,1
"19006","scaffold0050:4007767|4008255",NA,8,NA
"19007","scaffold0050:4007767|4008717",NA,NA,3
"19008","scaffold0050:4010080|4010389",2,NA,NA
"19009","scaffold0050:4054238|4054633",26,1,25
"19010","scaffold0050:4054238|4063801",3,NA,NA
"19011","scaffold0050:4062670|4063801",5,NA,NA
"19012","scaffold0050:4070770|4076137",7,NA,NA
"19013","scaffold0050:4070770|4078030",8,NA,NA
"19014","scaffold0050:4077184|4078030",34,23,27
"19015","scaffold0050:428161|431719",1,NA,NA
"19016","scaffold0050:437210|438339",NA,NA,4
"19017","scaffold0050:4471960|4472064",NA,NA,2
"19018","scaffold0050:4471960|4472216",61,67,41
"19019","scaffold0050:448725|449963",NA,10,NA
"19020","scaffold0050:4488619|4489086",4,NA,NA
"19021","scaffold0050:4527545|4528322",12,NA,NA
"19022","scaffold0050:45312|45694",NA,NA,3
"19023","scaffold0050:456693|457099",6,NA,NA
"19024","scaffold0050:4578099|4578476",NA,NA,2
"19025","scaffold0050:4707274|4707526",NA,3,NA
"19026","scaffold0050:4736995|4739582",NA,1,NA
"19027","scaffold0050:4739446|4748231",3,NA,NA
"19028","scaffold0050:4743359|4745234",6,NA,NA
"19029","scaffold0050:4744599|4745129",NA,NA,1
"19030","scaffold0050:4757210|4757478",NA,2,NA
"19031","scaffold0050:476849|478530",4,NA,NA
"19032","scaffold0050:4838611|4838742",2,1,4
"19033","scaffold0050:4838612|4838742",NA,NA,1
"19034","scaffold0050:4839342|4839731",1,NA,7
"19035","scaffold0050:4936254|4936702",NA,NA,2
"19036","scaffold0050:4968716|4969038",NA,2,NA
"19037","scaffold0050:4993107|4993306",3,NA,NA
"19038","scaffold0050:4998303|4998953",3,NA,NA
"19039","scaffold0050:5012004|5012801",2,NA,NA
"19040","scaffold0050:5118386|5118950",NA,6,NA
"19041","scaffold0050:5129045|5129697",NA,NA,4
"19042","scaffold0050:5131858|5134337",NA,NA,6
"19043","scaffold0050:5134160|5134337",14,NA,6
"19044","scaffold0050:5134557|5135213",NA,3,NA
"19045","scaffold0050:5134566|5135213",NA,NA,1
"19046","scaffold0050:5140996|5141227",421,208,140
"19047","scaffold0050:5149089|5149727",26,13,18
"19048","scaffold0050:5150771|5151720",24,24,12
"19049","scaffold0050:5150771|5152446",NA,2,2
"19050","scaffold0050:5151893|5152446",1,NA,NA
"19051","scaffold0050:5151893|5152721",NA,NA,4
"19052","scaffold0050:5152335|5152721",NA,4,NA
"19053","scaffold0050:5156075|5156815",NA,NA,5
"19054","scaffold0050:5168351|5168595",2,NA,NA
"19055","scaffold0050:517620|518320",NA,NA,1
"19056","scaffold0050:5181746|5181829",1,NA,NA
"19057","scaffold0050:519167|519680",7,NA,9
"19058","scaffold0050:5215185|5215344",NA,10,NA
"19059","scaffold0050:5218709|5218804",1,NA,NA
"19060","scaffold0050:5250467|5250817",4,NA,NA
"19061","scaffold0050:5250654|5250817",1,NA,NA
"19062","scaffold0050:5251076|5251631",7,NA,NA
"19063","scaffold0050:5254753|5255136",1,NA,NA
"19064","scaffold0050:5323651|5324971",7,21,NA
"19065","scaffold0050:5323651|5329239",2,NA,NA
"19066","scaffold0050:5327047|5327269",NA,5,NA
"19067","scaffold0050:5327047|5329239",6,NA,NA
"19068","scaffold0050:5328456|5329239",2,NA,NA
"19069","scaffold0050:5364737|5365049",2,NA,NA
"19070","scaffold0050:5419500|5420672",6,NA,10
"19071","scaffold0050:5448253|5448435",NA,NA,3
"19072","scaffold0050:5479169|5479322",2,2,NA
"19073","scaffold0050:5481491|5481655",6,NA,NA
"19074","scaffold0050:5482569|5483399",5,NA,NA
"19075","scaffold0050:5502350|5502570",NA,NA,1
"19076","scaffold0050:5707473|5708102",2,NA,NA
"19077","scaffold0050:5726863|5727135",4,NA,6
"19078","scaffold0050:5728149|5728485",NA,6,NA
"19079","scaffold0050:5728807|5729188",4,NA,NA
"19080","scaffold0050:5731361|5731792",NA,1,NA
"19081","scaffold0050:573699|573931",2,NA,NA
"19082","scaffold0050:574001|574169",9,NA,NA
"19083","scaffold0050:5752934|5757345",NA,NA,4
"19084","scaffold0050:5759738|5759918",NA,2,NA
"19085","scaffold0050:5786590|5788170",NA,NA,3
"19086","scaffold0050:5787888|5790094",NA,5,NA
"19087","scaffold0050:5789210|5790094",37,53,27
"19088","scaffold0050:5789717|5789961",NA,NA,1
"19089","scaffold0050:5880663|5885762",1,NA,NA
"19090","scaffold0050:6023248|6023415",NA,NA,7
"19091","scaffold0050:6026866|6027190",NA,8,NA
"19092","scaffold0050:6048029|6048272",NA,5,NA
"19093","scaffold0050:6116225|6116625",5,NA,NA
"19094","scaffold0050:6149749|6149895",NA,2,NA
"19095","scaffold0050:6152863|6153048",2,NA,NA
"19096","scaffold0050:6152863|6153575",NA,4,NA
"19097","scaffold0050:6163338|6163746",1,NA,NA
"19098","scaffold0050:6173969|6174538",NA,NA,2
"19099","scaffold0050:6174103|6174304",NA,10,NA
"19100","scaffold0050:6176933|6177459",NA,NA,13
"19101","scaffold0050:6180219|6180392",1,NA,10
"19102","scaffold0050:6184440|6189197",3,2,6
"19103","scaffold0050:6187470|6189197",25,21,7
"19104","scaffold0050:6187768|6189197",NA,NA,1
"19105","scaffold0050:6214164|6215015",11,1,4
"19106","scaffold0050:6402458|6406621",NA,NA,2
"19107","scaffold0050:6407518|6408069",NA,NA,2
"19108","scaffold0050:6407890|6408450",NA,2,NA
"19109","scaffold0050:6514246|6514454",1,NA,NA
"19110","scaffold0050:6567023|6575284",5,4,12
"19111","scaffold0050:6804132|6804706",2,NA,NA
"19112","scaffold0050:6831016|6834471",NA,2,NA
"19113","scaffold0050:6834354|6835726",32,7,11
"19114","scaffold0050:6835340|6835726",NA,NA,1
"19115","scaffold0050:6907600|6908109",1,NA,NA
"19116","scaffold0050:6907600|6908446",6,9,2
"19117","scaffold0050:6907600|6909053",NA,6,NA
"19118","scaffold0050:6907600|6909262",4,NA,NA
"19119","scaffold0050:6907600|6910570",NA,NA,2
"19120","scaffold0050:6907600|6914797",NA,NA,5
"19121","scaffold0050:6908032|6908446",6,NA,NA
"19122","scaffold0050:6908032|6909053",8,NA,NA
"19123","scaffold0050:6908446|6908953",NA,NA,3
"19124","scaffold0050:6909486|6910570",2,NA,NA
"19125","scaffold0050:6909486|6914105",1,NA,NA
"19126","scaffold0050:6915959|6917610",1,NA,NA
"19127","scaffold0050:6967884|6968605",7,1,1
"19128","scaffold0050:6971443|6971883",NA,6,NA
"19129","scaffold0050:6974941|6975257",7,17,NA
"19130","scaffold0050:6974941|6975615",4,NA,NA
"19131","scaffold0050:6974941|6975811",NA,9,NA
"19132","scaffold0050:6992907|6993159",5,NA,NA
"19133","scaffold0050:6996773|6997181",3,NA,NA
"19134","scaffold0050:6998901|6999908",4,NA,NA
"19135","scaffold0050:7004608|7004765",2,NA,NA
"19136","scaffold0050:7004905|7005163",2,NA,NA
"19137","scaffold0050:7005731|7005920",1,NA,NA
"19138","scaffold0050:7005731|7006770",1,NA,NA
"19139","scaffold0050:7019943|7020332",1,NA,NA
"19140","scaffold0050:7024195|7026123",3,NA,NA
"19141","scaffold0050:819558|824133",1,NA,NA
"19142","scaffold0050:821999|824133",NA,1,4
"19143","scaffold0050:882519|883150",NA,2,NA
"19144","scaffold0050:908360|909261",NA,7,NA
"19145","scaffold0051:1435585|1438923",12,NA,NA
"19146","scaffold0051:1438823|1452360",3,NA,NA
"19147","scaffold0051:1450132|1452360",14,NA,NA
"19148","scaffold0051:1450132|1461473",2,NA,NA
"19149","scaffold0051:1459650|1461473",5,NA,NA
"19150","scaffold0051:236854|238057",8,1,19
"19151","scaffold0051:239026|246021",21,NA,NA
"19152","scaffold0051:245915|249896",NA,3,NA
"19153","scaffold0051:2925918|2926395",44,37,42
"19154","scaffold0051:2927170|2927771",NA,7,5
"19155","scaffold0051:2927170|2930297",21,21,NA
"19156","scaffold0051:2929848|2930297",NA,2,NA
"19157","scaffold0051:3030125|3032248",NA,3,NA
"19158","scaffold0051:3047115|3051052",NA,5,NA
"19159","scaffold0051:3050908|3051052",1,NA,NA
"19160","scaffold0051:3050908|3060686",5,NA,NA
"19161","scaffold0051:3056425|3058623",16,16,NA
"19162","scaffold0051:3076724|3077532",29,16,6
"19163","scaffold0051:3076724|3103406",10,NA,NA
"19164","scaffold0051:3076724|3152497",1,NA,NA
"19165","scaffold0051:3103244|3148426",4,NA,NA
"19166","scaffold0051:3103244|3152497",52,NA,9
"19167","scaffold0051:3148362|3152497",61,28,14
"19168","scaffold0051:3370973|3373470",NA,2,NA
"19169","scaffold0051:3390606|3390903",3,NA,NA
"19170","scaffold0051:3390606|3394089",3,NA,NA
"19171","scaffold0051:3391609|3392316",2,NA,NA
"19172","scaffold0051:3394825|3395133",NA,1,NA
"19173","scaffold0051:3395133|3395298",NA,NA,2
"19174","scaffold0051:3397780|3399072",8,NA,NA
"19175","scaffold0051:3413430|3413945",3,NA,NA
"19176","scaffold0051:3433769|3436372",NA,NA,1
"19177","scaffold0051:3433832|3436372",NA,1,NA
"19178","scaffold0051:3433835|3436372",NA,1,NA
"19179","scaffold0051:3435490|3436372",NA,NA,5
"19180","scaffold0051:3435553|3436372",NA,2,NA
"19181","scaffold0051:3435556|3436372",NA,1,NA
"19182","scaffold0051:3446895|3451627",NA,NA,1
"19183","scaffold0051:3446895|3460408",NA,NA,2
"19184","scaffold0051:3553055|3561298",9,NA,NA
"19185","scaffold0051:3568275|3571795",NA,4,3
"19186","scaffold0051:3569842|3579991",11,NA,NA
"19187","scaffold0051:3576027|3579991",25,27,9
"19188","scaffold0051:3576027|3582971",NA,10,NA
"19189","scaffold0051:3587169|3588715",NA,NA,4
"19190","scaffold0051:4162430|4163296",1,NA,NA
"19191","scaffold0051:4165204|4166890",NA,NA,3
"19192","scaffold0051:4354951|4355177",5,NA,NA
"19193","scaffold0051:4381756|4387199",NA,6,NA
"19194","scaffold0051:4489497|4490610",NA,NA,1
"19195","scaffold0051:4490610|4491194",1,NA,NA
"19196","scaffold0051:4544616|4557269",NA,NA,2
"19197","scaffold0051:4553844|4557269",5,NA,NA
"19198","scaffold0051:4553844|4561419",NA,NA,6
"19199","scaffold0051:4553844|4571005",NA,NA,4
"19200","scaffold0051:4570250|4571005",57,20,24
"19201","scaffold0051:4570250|4572672",NA,NA,2
"19202","scaffold0051:4651162|4658398",1,1,4
"19203","scaffold0051:4654671|4658398",1,3,4
"19204","scaffold0051:4654671|4661931",NA,NA,1
"19205","scaffold0051:4664490|4668428",NA,2,2
"19206","scaffold0051:4664490|4670772",NA,NA,7
"19207","scaffold0051:4670661|4671356",NA,NA,4
"19208","scaffold0051:4671282|4674715",NA,NA,3
"19209","scaffold0051:4673152|4674138",NA,1,NA
"19210","scaffold0051:4694851|4698002",314,210,229
"19211","scaffold0051:4696494|4698002",212,183,218
"19212","scaffold0051:4758513|4759066",19,NA,NA
"19213","scaffold0051:4792803|4793067",NA,NA,8
"19214","scaffold0051:4792803|4796793",13,NA,18
"19215","scaffold0051:4792803|4802224",4,NA,NA
"19216","scaffold0051:4795163|4795682",NA,20,20
"19217","scaffold0051:4795163|4796793",9,NA,NA
"19218","scaffold0051:4795163|4800303",6,NA,NA
"19219","scaffold0051:4818888|4823379",NA,14,NA
"19220","scaffold0051:4839582|4840683",NA,NA,3
"19221","scaffold0051:4839582|4848654",10,NA,NA
"19222","scaffold0051:4853044|4853432",2,NA,NA
"19223","scaffold0051:4858130|4858593",2,NA,NA
"19224","scaffold0051:4995343|5000729",34,NA,6
"19225","scaffold0051:4997134|5003085",2,NA,NA
"19226","scaffold0051:4998748|5000729",9,NA,NA
"19227","scaffold0051:5002938|5011189",48,NA,15
"19228","scaffold0051:5151688|5152851",13,4,NA
"19229","scaffold0051:5218945|5224361",1,NA,NA
"19230","scaffold0051:5263702|5263847",NA,3,NA
"19231","scaffold0051:5266732|5267293",6,NA,NA
"19232","scaffold0051:5284963|5285967",1,NA,NA
"19233","scaffold0051:5304496|5305121",8,NA,7
"19234","scaffold0051:5305442|5306077",10,3,NA
"19235","scaffold0051:5316376|5317891",1,NA,NA
"19236","scaffold0051:5437817|5438065",18,11,5
"19237","scaffold0051:5478515|5480493",5,3,9
"19238","scaffold0051:5500637|5503028",3,NA,NA
"19239","scaffold0051:5520121|5520719",31,16,23
"19240","scaffold0051:5520121|5522923",11,7,21
"19241","scaffold0051:5938733|5942063",1,2,2
"19242","scaffold0051:6798529|6799960",52,17,5
"19243","scaffold0051:6798529|6827405",12,11,7
"19244","scaffold0051:6815248|6818254",61,28,53
"19245","scaffold0051:6815248|6827405",8,NA,8
"19246","scaffold0051:6815991|6823570",NA,5,NA
"19247","scaffold0051:6818196|6823570",12,8,NA
"19248","scaffold0051:6823391|6823570",6,NA,NA
"19249","scaffold0051:6825427|6827405",10,NA,3
"19250","scaffold0051:6825652|6827405",2,NA,NA
"19251","scaffold0051:6845524|6849325",1,NA,NA
"19252","scaffold0051:6849187|6850293",8,NA,NA
"19253","scaffold0051:6851130|6852760",2,NA,NA
"19254","scaffold0051:6870644|6875214",19,8,5
"19255","scaffold0051:6872869|6875214",20,6,10
"19256","scaffold0051:773997|775950",4,NA,NA
"19257","scaffold0052:1045443|1056023",3,NA,NA
"19258","scaffold0052:1096685|1097636",323,NA,25
"19259","scaffold0052:1114305|1118108",12,NA,NA
"19260","scaffold0052:13467|17653",10,NA,10
"19261","scaffold0052:1433931|1435946",NA,3,NA
"19262","scaffold0052:1674289|1700743",1,NA,NA
"19263","scaffold0052:1674289|1702126",1,NA,NA
"19264","scaffold0052:1677742|1681059",2,NA,NA
"19265","scaffold0052:1685543|1700743",NA,9,NA
"19266","scaffold0052:1685543|1702126",NA,1,NA
"19267","scaffold0052:174781|180790",115,44,13
"19268","scaffold0052:174781|201871",NA,18,NA
"19269","scaffold0052:2023934|2024710",30,29,20
"19270","scaffold0052:2093930|2107053",5,NA,3
"19271","scaffold0052:2149863|2150714",626,455,257
"19272","scaffold0052:2149863|2162077",25,3,2
"19273","scaffold0052:2149863|2164299",5,NA,NA
"19274","scaffold0052:2149863|2165854",NA,NA,4
"19275","scaffold0052:2149863|2166590",2,NA,2
"19276","scaffold0052:2149863|2170601",NA,4,3
"19277","scaffold0052:2161889|2164299",NA,NA,5
"19278","scaffold0052:2164145|2166590",NA,NA,3
"19279","scaffold0052:2165782|2166590",26,3,2
"19280","scaffold0052:2166391|2170601",4,NA,NA
"19281","scaffold0052:2540947|2543568",NA,NA,3
"19282","scaffold0052:2546536|2546797",1,NA,NA
"19283","scaffold0052:2583160|2589838",NA,2,NA
"19284","scaffold0052:2667732|2679871",NA,4,NA
"19285","scaffold0052:2674467|2679871",6,NA,NA
"19286","scaffold0052:2686362|2695605",8,NA,NA
"19287","scaffold0052:2695427|2717638",5,NA,NA
"19288","scaffold0052:2715052|2717638",56,NA,2
"19289","scaffold0052:2715052|2720497",24,NA,NA
"19290","scaffold0052:3045537|3055442",178,NA,NA
"19291","scaffold0052:3067196|3097344",5,NA,NA
"19292","scaffold0052:3067196|3120649",NA,11,NA
"19293","scaffold0052:3067196|3144466",14,NA,NA
"19294","scaffold0052:3070329|3097344",NA,3,NA
"19295","scaffold0052:3070392|3091977",3,NA,NA
"19296","scaffold0052:3070392|3097344",5,NA,NA
"19297","scaffold0052:3070392|3120649",NA,13,NA
"19298","scaffold0052:3070392|3144466",22,12,NA
"19299","scaffold0052:3075776|3081293",1,NA,NA
"19300","scaffold0052:3088102|3097344",7,NA,NA
"19301","scaffold0052:3142515|3144466",74,11,NA
"19302","scaffold0052:3222761|3265033",3,NA,NA
"19303","scaffold0052:3256521|3265033",29,NA,NA
"19304","scaffold0052:3300153|3308330",NA,NA,2
"19305","scaffold0052:345059|348686",45,41,27
"19306","scaffold0052:3600154|3610219",1,NA,NA
"19307","scaffold0052:3606944|3614755",NA,NA,3
"19308","scaffold0052:4640322|4649869",28,3,NA
"19309","scaffold0052:4728503|4734534",NA,2,NA
"19310","scaffold0052:4728503|4735171",NA,11,3
"19311","scaffold0052:4730143|4735171",3,NA,NA
"19312","scaffold0052:4779957|4780287",12,NA,12
"19313","scaffold0052:4801458|4808052",NA,4,NA
"19314","scaffold0052:4817161|4817507",NA,NA,2
"19315","scaffold0052:5658687|5662191",NA,4,NA
"19316","scaffold0052:5925178|5925462",3,NA,NA
"19317","scaffold0052:5938324|5938601",NA,4,NA
"19318","scaffold0052:5949609|5951321",1,NA,NA
"19319","scaffold0052:6029551|6031934",NA,NA,2
"19320","scaffold0052:6039889|6042630",1,NA,NA
"19321","scaffold0052:6119088|6120560",1,NA,2
"19322","scaffold0052:6119088|6124466",NA,NA,3
"19323","scaffold0052:6146920|6152086",NA,NA,1
"19324","scaffold0052:6258641|6264386",8,NA,NA
"19325","scaffold0052:6258641|6268548",1,NA,NA
"19326","scaffold0052:6264298|6267594",5,NA,NA
"19327","scaffold0052:6293479|6294813",NA,7,3
"19328","scaffold0052:6293479|6304282",47,83,31
"19329","scaffold0052:6348038|6356933",NA,NA,3
"19330","scaffold0052:637568|639167",NA,NA,10
"19331","scaffold0052:6380826|6430364",NA,NA,10
"19332","scaffold0052:6389705|6430364",NA,NA,2
"19333","scaffold0052:6549418|6559347",22,NA,NA
"19334","scaffold0052:6556255|6565053",NA,NA,4
"19335","scaffold0052:6598347|6600185",NA,10,NA
"19336","scaffold0052:6600185|6600440",NA,NA,3
"19337","scaffold0052:6601229|6602073",NA,NA,6
"19338","scaffold0052:6602153|6603648",3,NA,NA
"19339","scaffold0052:661788|666853",3,19,16
"19340","scaffold0052:661788|682240",6,NA,4
"19341","scaffold0052:661788|692253",5,NA,2
"19342","scaffold0052:6725244|6726373",NA,4,1
"19343","scaffold0052:6725244|6741666",NA,NA,2
"19344","scaffold0052:682116|692253",75,38,25
"19345","scaffold0052:682116|701548",20,NA,NA
"19346","scaffold0052:682116|704160",5,NA,NA
"19347","scaffold0052:701473|704160",196,55,135
"19348","scaffold0052:821194|822176",8,7,NA
"19349","scaffold0052:860796|862826",16,NA,14
"19350","scaffold0052:862726|864992",4,NA,NA
"19351","scaffold0052:864840|866647",NA,NA,3
"19352","scaffold0052:865933|866516",6,NA,NA
"19353","scaffold0053:1225910|1226115",6,NA,NA
"19354","scaffold0053:1241214|1243536",11,NA,NA
"19355","scaffold0053:1241214|1244846",9,11,1
"19356","scaffold0053:1241214|1249969",17,NA,NA
"19357","scaffold0053:1242923|1243536",NA,6,NA
"19358","scaffold0053:1242923|1244846",14,5,2
"19359","scaffold0053:1242923|1247847",1,NA,2
"19360","scaffold0053:1244715|1247847",25,44,35
"19361","scaffold0053:1244715|1249969",NA,13,16
"19362","scaffold0053:1244715|1252783",4,2,NA
"19363","scaffold0053:1244715|1269795",NA,NA,1
"19364","scaffold0053:1247594|1249969",6,4,6
"19365","scaffold0053:1247594|1259972",NA,NA,2
"19366","scaffold0053:1249751|1249969",5,NA,NA
"19367","scaffold0053:1249751|1252783",NA,5,NA
"19368","scaffold0053:1249751|1259972",NA,14,15
"19369","scaffold0053:1252588|1254573",NA,NA,1
"19370","scaffold0053:1252588|1259972",NA,NA,7
"19371","scaffold0053:1254005|1254573",3,NA,NA
"19372","scaffold0053:1254005|1259972",21,12,6
"19373","scaffold0053:1259600|1259972",330,458,332
"19374","scaffold0053:1259600|1262529",NA,1,NA
"19375","scaffold0053:1266887|1269795",4,11,NA
"19376","scaffold0053:1274224|1276819",12,18,16
"19377","scaffold0053:1276618|1276819",109,118,7
"19378","scaffold0053:1347667|1349861",10,NA,NA
"19379","scaffold0053:1347667|1352809",NA,NA,365
"19380","scaffold0053:1347667|1363634",57,25,18
"19381","scaffold0053:1347667|1367956",12,4,10
"19382","scaffold0053:1363329|1367956",8,NA,NA
"19383","scaffold0053:1375621|1380371",10,NA,NA
"19384","scaffold0053:148001|160021",5,NA,NA
"19385","scaffold0053:148001|168215",NA,NA,1
"19386","scaffold0053:159906|169648",3,NA,3
"19387","scaffold0053:169121|169648",30,NA,12
"19388","scaffold0053:169121|172146",NA,1,NA
"19389","scaffold0053:169121|177209",4,NA,NA
"19390","scaffold0053:170248|172945",NA,8,5
"19391","scaffold0053:172035|172945",NA,14,1
"19392","scaffold0053:172773|177209",2,NA,NA
"19393","scaffold0053:174763|176485",3,NA,NA
"19394","scaffold0053:179391|179748",119,56,28
"19395","scaffold0053:196960|202872",NA,NA,2
"19396","scaffold0053:200660|202872",NA,2,NA
"19397","scaffold0053:202686|202872",5,NA,NA
"19398","scaffold0053:204802|215615",NA,NA,3
"19399","scaffold0053:2138753|2162612",2,NA,NA
"19400","scaffold0053:214362|220870",3,NA,NA
"19401","scaffold0053:214362|222079",NA,NA,3
"19402","scaffold0053:2148101|2162612",NA,NA,1
"19403","scaffold0053:2157643|2162612",NA,2,NA
"19404","scaffold0053:2160657|2162612",13,4,20
"19405","scaffold0053:2160657|2163566",7,3,NA
"19406","scaffold0053:2195260|2201274",NA,NA,2
"19407","scaffold0053:2212929|2213492",2,NA,NA
"19408","scaffold0053:2223520|2228994",NA,NA,4
"19409","scaffold0053:225713|225910",15,NA,NA
"19410","scaffold0053:232635|243389",8,NA,NA
"19411","scaffold0053:241900|244324",1,NA,NA
"19412","scaffold0053:2529389|2529990",1,NA,NA
"19413","scaffold0053:2532758|2536469",3,NA,7
"19414","scaffold0053:2545833|2550380",5,NA,NA
"19415","scaffold0053:2548615|2551188",NA,NA,5
"19416","scaffold0053:2548615|2560524",NA,1,NA
"19417","scaffold0053:258786|264748",1,NA,NA
"19418","scaffold0053:265400|265519",2,NA,NA
"19419","scaffold0053:2681864|2684214",NA,5,NA
"19420","scaffold0053:2681918|2684214",NA,4,3
"19421","scaffold0053:2684090|2690979",NA,9,NA
"19422","scaffold0053:277260|278110",1,12,NA
"19423","scaffold0053:277260|280266",1,NA,23
"19424","scaffold0053:280182|285837",NA,4,NA
"19425","scaffold0053:2827866|2830306",91,NA,NA
"19426","scaffold0053:2827866|2832832",10,NA,NA
"19427","scaffold0053:283282|283724",NA,1,3
"19428","scaffold0053:283282|284344",NA,NA,4
"19429","scaffold0053:2851144|2856156",9,NA,NA
"19430","scaffold0053:2855943|2860136",10,2,NA
"19431","scaffold0053:2855943|2864481",10,NA,NA
"19432","scaffold0053:2855943|2873428",1,NA,NA
"19433","scaffold0053:2899896|2906647",184,102,152
"19434","scaffold0053:2899896|2909265",3,3,4
"19435","scaffold0053:2982195|2982691",616,438,423
"19436","scaffold0053:3013306|3014647",NA,NA,3
"19437","scaffold0053:3017177|3017972",6,NA,NA
"19438","scaffold0053:3017177|3018824",3,NA,NA
"19439","scaffold0053:3017177|3020672",NA,3,NA
"19440","scaffold0053:3017854|3022305",6,9,NA
"19441","scaffold0053:3018706|3022305",3,13,NA
"19442","scaffold0053:3019569|3022305",9,NA,8
"19443","scaffold0053:3019569|3025306",4,NA,NA
"19444","scaffold0053:3019569|3030219",NA,NA,1
"19445","scaffold0053:3023864|3024062",1,NA,NA
"19446","scaffold0053:3023864|3025306",61,NA,43
"19447","scaffold0053:3023864|3030219",NA,3,NA
"19448","scaffold0053:3025139|3030219",4,NA,NA
"19449","scaffold0053:3035681|3037974",16,2,17
"19450","scaffold0053:3035681|3038859",16,10,3
"19451","scaffold0053:3035681|3041485",NA,5,2
"19452","scaffold0053:3035681|3042983",NA,11,NA
"19453","scaffold0053:3041270|3049132",29,7,3
"19454","scaffold0053:3042127|3049132",15,NA,NA
"19455","scaffold0053:3046958|3049132",18,NA,16
"19456","scaffold0053:3048317|3049132",33,NA,4
"19457","scaffold0053:3050082|3050970",17,26,11
"19458","scaffold0053:3060818|3061496",26,NA,10
"19459","scaffold0053:3060818|3067506",80,49,34
"19460","scaffold0053:3060818|3088571",6,NA,24
"19461","scaffold0053:3067342|3088571",NA,1,NA
"19462","scaffold0053:3088355|3088571",NA,NA,25
"19463","scaffold0053:3100200|3102201",2,NA,NA
"19464","scaffold0053:3390456|3390622",12,10,2
"19465","scaffold0053:3390456|3409149",160,224,166
"19466","scaffold0053:3390456|3418126",21,13,15
"19467","scaffold0053:3390456|3423037",248,257,249
"19468","scaffold0053:3390456|3447261",54,25,32
"19469","scaffold0053:3390456|3463461",4,NA,NA
"19470","scaffold0053:3390456|3477592",NA,NA,1
"19471","scaffold0053:3390456|3485519",1,NA,NA
"19472","scaffold0053:3390456|3494301",NA,NA,4
"19473","scaffold0053:3390456|3506166",NA,NA,5
"19474","scaffold0053:3390456|3509853",NA,1,NA
"19475","scaffold0053:3408976|3409149",3,NA,NA
"19476","scaffold0053:3408976|3527756",NA,NA,1
"19477","scaffold0053:3447155|3477592",3,NA,NA
"19478","scaffold0053:3506008|3509853",3,NA,NA
"19479","scaffold0053:3583062|3604067",11,NA,NA
"19480","scaffold0053:3600497|3604067",29,17,41
"19481","scaffold0053:3601416|3604067",NA,NA,2
"19482","scaffold0053:3761164|3761340",3,NA,NA
"19483","scaffold0053:3811975|3814991",4,NA,NA
"19484","scaffold0053:4045847|4046399",4,NA,NA
"19485","scaffold0053:4168430|4174555",44,33,NA
"19486","scaffold0053:4179541|4180496",NA,34,NA
"19487","scaffold0053:4179541|4182325",20,6,21
"19488","scaffold0053:4323479|4336472",4,NA,NA
"19489","scaffold0053:4369457|4370547",7,NA,NA
"19490","scaffold0053:4370547|4372627",1,NA,NA
"19491","scaffold0053:4504236|4511238",NA,1,NA
"19492","scaffold0053:4597101|4605848",NA,4,NA
"19493","scaffold0053:5225810|5236258",5,NA,NA
"19494","scaffold0053:5225810|5349165",NA,10,NA
"19495","scaffold0053:5637435|5638099",NA,10,NA
"19496","scaffold0053:5650382|5651130",1,NA,NA
"19497","scaffold0053:5653815|5659565",3,NA,3
"19498","scaffold0053:5665039|5690101",2,NA,NA
"19499","scaffold0053:5672354|5690101",NA,13,NA
"19500","scaffold0053:5678746|5690101",11,7,NA
"19501","scaffold0053:5678746|5691983",3,NA,NA
"19502","scaffold0053:5678746|5698548",12,NA,NA
"19503","scaffold0053:5678746|5709657",1,NA,NA
"19504","scaffold0053:5685307|5690101",NA,NA,2
"19505","scaffold0053:5685307|5701802",2,NA,NA
"19506","scaffold0053:5685307|5704572",2,NA,NA
"19507","scaffold0053:5695918|5704572",2,NA,NA
"19508","scaffold0053:5695918|5709657",1,NA,NA
"19509","scaffold0053:5698180|5698548",2,NA,NA
"19510","scaffold0053:5698180|5701802",6,NA,1
"19511","scaffold0053:5698180|5704572",10,NA,1
"19512","scaffold0053:5698180|5709657",NA,NA,2
"19513","scaffold0053:5743683|5760484",NA,NA,3
"19514","scaffold0053:5770059|5782348",NA,NA,1
"19515","scaffold0053:5770059|5795635",4,10,9
"19516","scaffold0053:5770059|5812406",NA,NA,3
"19517","scaffold0053:5773357|5785764",NA,NA,1
"19518","scaffold0053:5773357|5795635",13,4,3
"19519","scaffold0053:5773357|5812406",NA,NA,6
"19520","scaffold0053:5782051|5795635",3,NA,2
"19521","scaffold0053:5785467|5795635",5,NA,NA
"19522","scaffold0053:5882532|5882728",NA,NA,1
"19523","scaffold0053:5897759|5901419",6,NA,NA
"19524","scaffold0053:5952717|5952945",4,NA,NA
"19525","scaffold0053:6044320|6050304",4,NA,NA
"19526","scaffold0053:6045962|6050304",7,NA,NA
"19527","scaffold0053:6052998|6053342",NA,9,NA
"19528","scaffold0053:6183603|6188855",162,39,47
"19529","scaffold0053:6183603|6197344",5,NA,NA
"19530","scaffold0053:6192048|6197344",NA,NA,57
"19531","scaffold0053:6194044|6197344",2,NA,NA
"19532","scaffold0053:6309352|6331517",6,NA,NA
"19533","scaffold0053:63181|65606",NA,15,NA
"19534","scaffold0053:6327304|6331517",NA,2,NA
"19535","scaffold0053:6329429|6332919",NA,10,NA
"19536","scaffold0053:6332819|6337317",8,NA,NA
"19537","scaffold0053:6382134|6385520",NA,11,6
"19538","scaffold0053:64006|73866",1,NA,NA
"19539","scaffold0053:6451823|6460495",56,11,17
"19540","scaffold0053:6496801|6511135",14,NA,NA
"19541","scaffold0053:6507243|6511135",5,NA,NA
"19542","scaffold0054:1032830|1033048",2,NA,NA
"19543","scaffold0054:1067193|1068621",2,7,NA
"19544","scaffold0054:1149593|1167999",9,9,1
"19545","scaffold0054:1167912|1176090",66,62,NA
"19546","scaffold0054:1916162|1916409",4,NA,6
"19547","scaffold0054:2995458|3077391",NA,4,NA
"19548","scaffold0054:3005720|3006813",NA,NA,3
"19549","scaffold0054:3015637|3039421",8,7,25
"19550","scaffold0054:3015637|3070763",3,NA,NA
"19551","scaffold0054:3027129|3065126",1,NA,NA
"19552","scaffold0054:3027129|3070763",6,NA,NA
"19553","scaffold0054:3027129|3077391",8,NA,NA
"19554","scaffold0054:3039316|3065126",NA,11,8
"19555","scaffold0054:3039316|3070763",192,173,226
"19556","scaffold0054:3039316|3077391",65,77,90
"19557","scaffold0054:3039316|3128612",3,NA,6
"19558","scaffold0054:3064918|3065126",1,NA,NA
"19559","scaffold0054:3064918|3070763",96,32,62
"19560","scaffold0054:3064918|3077391",50,98,64
"19561","scaffold0054:3064918|3128612",1,5,12
"19562","scaffold0054:3070609|3076237",NA,7,1
"19563","scaffold0054:3070609|3077391",18,7,45
"19564","scaffold0054:3668550|3675427",8,NA,NA
"19565","scaffold0054:3668550|3689655",11,7,12
"19566","scaffold0054:3668550|3709773",2,NA,6
"19567","scaffold0054:3689456|3709773",4,NA,NA
"19568","scaffold0054:4463675|4534924",5,NA,NA
"19569","scaffold0054:4994235|4998556",26,10,3
"19570","scaffold0054:4994235|5007745",NA,NA,2
"19571","scaffold0054:4994235|5015316",7,NA,NA
"19572","scaffold0054:4996661|4998556",NA,NA,3
"19573","scaffold0054:4996661|5027929",6,NA,NA
"19574","scaffold0054:5007617|5027929",25,11,8
"19575","scaffold0054:5007617|5029687",45,NA,10
"19576","scaffold0054:5026927|5027929",552,173,224
"19577","scaffold0054:5026927|5029687",1430,293,621
"19578","scaffold0054:5103908|5111667",4,NA,2
"19579","scaffold0054:5188504|5190259",25,NA,1
"19580","scaffold0054:5190135|5231769",6,NA,NA
"19581","scaffold0054:902142|903608",12,NA,NA
"19582","scaffold0054:942967|944497",4,NA,NA
"19583","scaffold0054:942967|945308",1,NA,NA
"19584","scaffold0054:944404|946608",15,9,NA
"19585","scaffold0054:945215|946608",4,9,NA
"19586","scaffold0055:1002402|1022687",3,NA,NA
"19587","scaffold0055:1022530|1023351",67,NA,4
"19588","scaffold0055:1036792|1039778",NA,NA,8
"19589","scaffold0055:1042988|1044033",NA,4,NA
"19590","scaffold0055:1049605|1050181",NA,NA,2
"19591","scaffold0055:1227385|1227559",2,NA,NA
"19592","scaffold0055:1227886|1228073",2,NA,NA
"19593","scaffold0055:1249248|1249687",NA,NA,1
"19594","scaffold0055:1256357|1257110",NA,14,NA
"19595","scaffold0055:1266866|1269399",2,42,NA
"19596","scaffold0055:1268923|1269399",16,24,13
"19597","scaffold0055:1289558|1289896",NA,NA,2
"19598","scaffold0055:1289713|1289896",NA,4,NA
"19599","scaffold0055:1307848|1308046",NA,NA,2
"19600","scaffold0055:1313601|1314053",9,NA,NA
"19601","scaffold0055:1313601|1317290",1,5,NA
"19602","scaffold0055:1314766|1315485",NA,NA,1
"19603","scaffold0055:1366506|1367155",NA,NA,4
"19604","scaffold0055:1366506|1368397",16,NA,7
"19605","scaffold0055:1366506|1369222",NA,NA,3
"19606","scaffold0055:1366506|1369508",20,NA,NA
"19607","scaffold0055:1369085|1369508",54,9,NA
"19608","scaffold0055:1381947|1383436",NA,5,NA
"19609","scaffold0055:1450551|1452008",203,32,75
"19610","scaffold0055:1452890|1453669",NA,NA,2
"19611","scaffold0055:1459956|1461421",2,NA,NA
"19612","scaffold0055:1544738|1544933",NA,7,NA
"19613","scaffold0055:164752|169299",13,NA,5
"19614","scaffold0055:1673611|1682670",NA,NA,2
"19615","scaffold0055:1679824|1680228",2,NA,NA
"19616","scaffold0055:1680620|1680768",NA,4,NA
"19617","scaffold0055:22667|34494",NA,NA,2
"19618","scaffold0055:22667|36150",NA,NA,3
"19619","scaffold0055:2416612|2420108",NA,NA,7
"19620","scaffold0055:2419580|2420108",NA,4,NA
"19621","scaffold0055:32942|36150",2,NA,9
"19622","scaffold0055:3316143|3319981",NA,NA,3
"19623","scaffold0055:3323161|3335503",58,21,32
"19624","scaffold0055:3323161|3352617",10,NA,NA
"19625","scaffold0055:3333070|3335503",14,NA,14
"19626","scaffold0055:3333070|3408010",NA,4,NA
"19627","scaffold0055:3350512|3360246",NA,NA,2
"19628","scaffold0055:3350512|3374467",4,NA,NA
"19629","scaffold0055:3358495|3360246",3,NA,NA
"19630","scaffold0055:3358495|3365888",NA,NA,2
"19631","scaffold0055:3360143|3372086",NA,NA,1
"19632","scaffold0055:3365794|3374467",NA,2,NA
"19633","scaffold0055:3371955|3374467",9,NA,7
"19634","scaffold0055:3371955|3390117",7,NA,NA
"19635","scaffold0055:3385522|3390117",137,60,129
"19636","scaffold0055:3385522|3408010",34,55,60
"19637","scaffold0055:3388505|3390117",19,NA,NA
"19638","scaffold0055:3400026|3408010",57,98,49
"19639","scaffold0055:3407481|3408010",NA,60,51
"19640","scaffold0055:365110|366518",10,13,NA
"19641","scaffold0055:370698|373787",3,NA,NA
"19642","scaffold0055:380350|380640",1,NA,NA
"19643","scaffold0055:3858105|3858872",NA,NA,3
"19644","scaffold0055:3858872|3859592",1,NA,NA
"19645","scaffold0055:3864693|3867433",NA,2,NA
"19646","scaffold0055:3866807|3869472",2,NA,NA
"19647","scaffold0055:3868468|3869472",NA,NA,3
"19648","scaffold0055:3868468|3875868",NA,NA,5
"19649","scaffold0055:3872483|3875868",NA,6,NA
"19650","scaffold0055:3875679|3875868",1,NA,NA
"19651","scaffold0055:3875679|3880707",3,NA,NA
"19652","scaffold0055:387767|392883",2,8,NA
"19653","scaffold0055:3885803|3888621",NA,NA,2
"19654","scaffold0055:3891101|3899680",1,NA,NA
"19655","scaffold0055:3897859|3899680",4,3,2
"19656","scaffold0055:3897859|3903840",131,158,129
"19657","scaffold0055:3899593|3903840",3,NA,3
"19658","scaffold0055:401038|402156",30,NA,2
"19659","scaffold0055:4021580|4021712",1,NA,NA
"19660","scaffold0055:4249758|4251371",1,NA,10
"19661","scaffold0055:4249758|4256046",NA,1,2
"19662","scaffold0055:4249758|4268120",NA,12,NA
"19663","scaffold0055:4249758|4271426",NA,5,NA
"19664","scaffold0055:4255881|4268120",7,NA,2
"19665","scaffold0055:4255881|4271426",5,NA,5
"19666","scaffold0055:4261302|4268120",1,5,NA
"19667","scaffold0055:42774|44857",3,2,NA
"19668","scaffold0055:4373176|4373642",126,315,218
"19669","scaffold0055:4745240|4751540",NA,NA,2
"19670","scaffold0055:4745240|4754548",30,NA,16
"19671","scaffold0055:4824796|4827298",1,NA,NA
"19672","scaffold0055:4824796|4828547",22,26,NA
"19673","scaffold0055:4825973|4828547",18,43,36
"19674","scaffold0055:4906807|4911127",3,NA,NA
"19675","scaffold0055:5102339|5103509",NA,10,5
"19676","scaffold0055:597914|600910",1,NA,NA
"19677","scaffold0055:668350|672270",NA,2,NA
"19678","scaffold0055:717260|719468",176,45,23
"19679","scaffold0055:747475|750053",7,NA,14
"19680","scaffold0055:749138|750053",213,410,192
"19681","scaffold0055:751223|753710",5,NA,2
"19682","scaffold0055:751871|753710",48,46,46
"19683","scaffold0055:761728|763175",NA,NA,4
"19684","scaffold0055:761728|764551",67,166,248
"19685","scaffold0055:791620|795569",2,NA,NA
"19686","scaffold0055:797805|799081",13,NA,NA
"19687","scaffold0055:872684|874623",1,NA,NA
"19688","scaffold0055:942246|948946",NA,3,2
"19689","scaffold0055:942246|954936",5,NA,NA
"19690","scaffold0056:1089319|1096041",15,7,7
"19691","scaffold0056:1112785|1113072",NA,1,NA
"19692","scaffold0056:1112785|1125440",62,NA,NA
"19693","scaffold0056:1138520|1142065",NA,NA,2
"19694","scaffold0056:1141951|1146427",NA,NA,2
"19695","scaffold0056:1182017|1193752",NA,NA,2
"19696","scaffold0056:1189268|1206235",1,NA,NA
"19697","scaffold0056:1201413|1209540",2,1,NA
"19698","scaffold0056:1201413|1217774",43,5,14
"19699","scaffold0056:1206155|1217774",11,NA,NA
"19700","scaffold0056:1209449|1217774",1,NA,NA
"19701","scaffold0056:1307598|1331846",4,NA,NA
"19702","scaffold0056:1360347|1361302",4,NA,NA
"19703","scaffold0056:1369987|1408370",NA,NA,20
"19704","scaffold0056:1373995|1380979",9,NA,NA
"19705","scaffold0056:1378013|1395448",2,8,NA
"19706","scaffold0056:1378013|1408370",1,NA,6
"19707","scaffold0056:1393033|1395448",250,70,90
"19708","scaffold0056:1393033|1400192",225,81,93
"19709","scaffold0056:1393033|1408370",355,210,218
"19710","scaffold0056:1395254|1408370",33,17,17
"19711","scaffold0056:1400091|1408370",8,11,NA
"19712","scaffold0056:1591724|1593253",50,29,48
"19713","scaffold0056:1598211|1610208",2,NA,NA
"19714","scaffold0056:1605136|1610208",2,NA,NA
"19715","scaffold0056:1606478|1610208",4,NA,NA
"19716","scaffold0056:1613616|1618864",2,NA,NA
"19717","scaffold0056:1622726|1625358",NA,NA,2
"19718","scaffold0056:1622726|1639673",4,NA,NA
"19719","scaffold0056:1643823|1646384",NA,NA,2
"19720","scaffold0056:1651847|1653012",NA,16,NA
"19721","scaffold0056:1656299|1663582",NA,6,NA
"19722","scaffold0056:1656299|1671928",NA,3,NA
"19723","scaffold0056:1710137|1715174",58,15,44
"19724","scaffold0056:1824624|1842304",2,NA,NA
"19725","scaffold0056:1825988|1842304",10,NA,NA
"19726","scaffold0056:1841018|1842304",28,16,4
"19727","scaffold0056:1841018|1849197",16,11,4
"19728","scaffold0056:1849071|1866027",NA,NA,3
"19729","scaffold0056:2203370|2206274",5,NA,NA
"19730","scaffold0056:2220215|2228371",2,NA,NA
"19731","scaffold0056:2223774|2228371",3,NA,NA
"19732","scaffold0056:2261299|2261560",7,19,NA
"19733","scaffold0056:2338238|2340596",NA,6,NA
"19734","scaffold0056:2338238|2345290",NA,9,NA
"19735","scaffold0056:2427663|2431859",5,NA,NA
"19736","scaffold0056:2429946|2439735",NA,NA,2
"19737","scaffold0056:2453065|2455301",21,14,6
"19738","scaffold0056:2454754|2455301",NA,NA,1
"19739","scaffold0056:2455160|2461134",3,NA,NA
"19740","scaffold0056:2461044|2470390",NA,9,NA
"19741","scaffold0056:2463967|2482350",4,NA,4
"19742","scaffold0056:2464946|2470390",8,4,NA
"19743","scaffold0056:2760870|2767958",NA,NA,1
"19744","scaffold0056:2762846|2767958",NA,3,NA
"19745","scaffold0056:2801890|2813368",NA,NA,7
"19746","scaffold0056:507775|507933",3,NA,NA
"19747","scaffold0056:523643|537263",NA,NA,1
"19748","scaffold0056:561899|567406",NA,NA,2
"19749","scaffold0057:1204014|1228211",12,NA,13
"19750","scaffold0057:1222961|1228211",34,31,26
"19751","scaffold0057:1222961|1276007",7,NA,NA
"19752","scaffold0057:1297546|1297753",2,NA,NA
"19753","scaffold0057:1365103|1374728",NA,8,NA
"19754","scaffold0057:1371472|1374728",9,NA,NA
"19755","scaffold0057:223882|224059",NA,NA,3
"19756","scaffold0057:2893714|2946481",NA,7,NA
"19757","scaffold0057:3405941|3409588",1,NA,NA
"19758","scaffold0057:3825351|3827452",5,NA,1
"19759","scaffold0057:3825351|3828254",NA,8,2
"19760","scaffold0057:3825351|3840456",NA,3,NA
"19761","scaffold0057:4100369|4101315",7,NA,NA
"19762","scaffold0057:4100369|4102374",4,NA,NA
"19763","scaffold0057:4114503|4119735",24,1,NA
"19764","scaffold0057:4312381|4316341",2,NA,NA
"19765","scaffold0057:4341712|4341937",5,NA,NA
"19766","scaffold0057:4353855|4354095",3,NA,NA
"19767","scaffold0057:4357857|4358074",7,NA,NA
"19768","scaffold0057:4357908|4358074",3,NA,NA
"19769","scaffold0057:4414244|4415913",NA,6,NA
"19770","scaffold0057:4415913|4417205",NA,1,NA
"19771","scaffold0057:4418309|4418509",8,NA,3
"19772","scaffold0057:4433793|4434144",2,NA,2
"19773","scaffold0057:4802428|4805056",NA,13,NA
"19774","scaffold0057:4802758|4805256",36,14,18
"19775","scaffold0057:4827426|4827649",NA,NA,2
"19776","scaffold0057:4827672|4835015",3,NA,NA
"19777","scaffold0057:4827672|4838444",1,NA,NA
"19778","scaffold0057:4921163|4921355",9,NA,NA
"19779","scaffold0057:4955433|4956703",8,NA,NA
"19780","scaffold0057:4970802|4972116",4,NA,2
"19781","scaffold0057:4973821|4982882",1,NA,NA
"19782","scaffold0058:102778|104367",2,5,2
"19783","scaffold0058:102778|107108",8,NA,NA
"19784","scaffold0058:102778|109596",19,NA,5
"19785","scaffold0058:102778|122564",12,24,11
"19786","scaffold0058:102778|130692",2,NA,NA
"19787","scaffold0058:102778|133761",4,NA,3
"19788","scaffold0058:103668|104367",7,NA,NA
"19789","scaffold0058:107025|109596",NA,NA,2
"19790","scaffold0058:1094459|1096495",NA,NA,2
"19791","scaffold0058:122416|133761",NA,NA,4
"19792","scaffold0058:130256|130692",NA,5,NA
"19793","scaffold0058:130256|139298",NA,10,NA
"19794","scaffold0058:133665|141326",17,12,6
"19795","scaffold0058:1370549|1401732",3,NA,NA
"19796","scaffold0058:1370549|1403328",301,63,111
"19797","scaffold0058:139175|171565",5,NA,NA
"19798","scaffold0058:1394410|1403328",221,59,102
"19799","scaffold0058:1483162|1486859",44,29,3
"19800","scaffold0058:1483162|1517197",12,NA,2
"19801","scaffold0058:1486180|1486859",NA,15,4
"19802","scaffold0058:1486180|1500598",8,NA,NA
"19803","scaffold0058:149857|151600",1,NA,NA
"19804","scaffold0058:1500465|1518770",NA,NA,5
"19805","scaffold0058:163579|182750",2,NA,NA
"19806","scaffold0058:168184|171565",5,NA,2
"19807","scaffold0058:1814137|1868124",2,NA,NA
"19808","scaffold0058:1852730|1854079",NA,NA,2
"19809","scaffold0058:186866|187820",2,NA,NA
"19810","scaffold0058:2245059|2245321",349,104,182
"19811","scaffold0058:2245059|2268836",243,91,48
"19812","scaffold0058:2245059|2272326",70,19,9
"19813","scaffold0058:2245059|2310055",411,NA,NA
"19814","scaffold0058:2268749|2310055",93,NA,NA
"19815","scaffold0058:2272239|2310055",239,NA,NA
"19816","scaffold0058:2307670|2310055",NA,1,NA
"19817","scaffold0058:2700134|2718103",NA,NA,1
"19818","scaffold0058:2736374|2740707",1,NA,NA
"19819","scaffold0058:2736374|2752600",NA,NA,1
"19820","scaffold0058:2737967|2738472",1,NA,NA
"19821","scaffold0058:2737967|2740707",NA,NA,6
"19822","scaffold0058:2738030|2738390",5,NA,NA
"19823","scaffold0058:3912802|3922814",NA,6,NA
"19824","scaffold0058:453084|454853",150,43,28
"19825","scaffold0058:453084|492065",NA,2,NA
"19826","scaffold0058:4633301|4639267",144,53,52
"19827","scaffold0058:4633301|4651438",NA,NA,3
"19828","scaffold0058:4639013|4639267",NA,NA,1
"19829","scaffold0058:473314|476876",20,6,12
"19830","scaffold0058:473314|492065",97,48,41
"19831","scaffold0058:473314|505972",396,141,121
"19832","scaffold0058:476748|492065",NA,NA,3
"19833","scaffold0058:476748|505972",66,20,20
"19834","scaffold0058:492002|505972",4,NA,NA
"19835","scaffold0058:568380|571122",12,NA,NA
"19836","scaffold0058:568380|577236",3,NA,NA
"19837","scaffold0058:570813|580199",3,NA,NA
"19838","scaffold0058:577053|580199",9,NA,NA
"19839","scaffold0058:580010|588354",NA,8,1
"19840","scaffold0058:586645|588354",NA,NA,2
"19841","scaffold0058:596903|601581",6,NA,NA
"19842","scaffold0058:596903|619458",24,11,8
"19843","scaffold0058:601484|619458",37,NA,23
"19844","scaffold0058:619181|619458",NA,5,NA
"19845","scaffold0058:659257|685122",11,16,NA
"19846","scaffold0058:860829|863461",1,NA,NA
"19847","scaffold0058:934396|934887",NA,NA,6
"19848","scaffold0058:934764|939984",NA,NA,1
"19849","scaffold0058:938993|943732",2,NA,NA
"19850","scaffold0058:954844|957344",NA,2,NA
"19851","scaffold0059:1842606|1846635",3,NA,5
"19852","scaffold0059:2034411|2039006",NA,NA,2
"19853","scaffold0059:2039006|2039512",1,NA,NA
"19854","scaffold0059:2904975|2939375",NA,NA,3
"19855","scaffold0059:3470928|3645811",NA,5,NA
"19856","scaffold0059:3645631|3687435",2,NA,NA
"19857","scaffold0059:3645631|3728070",3,3,NA
"19858","scaffold0059:3704586|3714559",NA,8,NA
"19859","scaffold0060:1233916|1253171",NA,17,NA
"19860","scaffold0060:1422049|1442131",1,4,4
"19861","scaffold0060:1440286|1442131",75,34,38
"19862","scaffold0060:2295095|2300798",NA,7,NA
"19863","scaffold0060:2296625|2300798",NA,4,NA
"19864","scaffold0060:252754|257036",60,27,41
"19865","scaffold0060:264937|266879",1,NA,NA
"19866","scaffold0060:268464|271834",1,NA,3
"19867","scaffold0060:2697235|2717033",NA,NA,12
"19868","scaffold0060:2700572|2704464",2,NA,NA
"19869","scaffold0060:2706453|2724365",NA,5,NA
"19870","scaffold0060:3062968|3063893",8,NA,NA
"19871","scaffold0060:3065829|3066229",19,NA,NA
"19872","scaffold0060:3319250|3320010",6,12,NA
"19873","scaffold0060:3383128|3384648",4,NA,NA
"19874","scaffold0060:3383128|3390730",1,NA,NA
"19875","scaffold0060:3404673|3404948",4,NA,NA
"19876","scaffold0060:3405978|3407063",11,NA,NA
"19877","scaffold0060:3417787|3418037",274,116,120
"19878","scaffold0060:3504119|3510432",3,NA,1
"19879","scaffold0060:3519139|3521537",19,14,8
"19880","scaffold0060:3531713|3533811",2,NA,NA
"19881","scaffold0060:3531713|3540655",NA,NA,4
"19882","scaffold0060:373066|388322",11,NA,3
"19883","scaffold0060:3774897|3775860",6,NA,NA
"19884","scaffold0060:3774897|3777405",51,9,14
"19885","scaffold0060:3775653|3777405",7,NA,NA
"19886","scaffold0060:377729|382402",NA,2,NA
"19887","scaffold0060:3811307|3813780",1,NA,NA
"19888","scaffold0060:3818533|3825002",7,2,NA
"19889","scaffold0060:3819553|3825002",3,NA,NA
"19890","scaffold0060:3820013|3821480",3,NA,NA
"19891","scaffold0060:3820013|3825002",1,NA,NA
"19892","scaffold0060:3824810|3825002",NA,9,NA
"19893","scaffold0060:3831928|3832866",4,NA,NA
"19894","scaffold0060:3842369|3846313",11,19,2
"19895","scaffold0060:3849444|3850236",NA,NA,6
"19896","scaffold0060:3849656|3850053",6,NA,NA
"19897","scaffold0060:3852880|3853554",2,NA,NA
"19898","scaffold0060:3855214|3856373",114,119,66
"19899","scaffold0060:3855882|3856373",15,29,4
"19900","scaffold0060:3862116|3862404",NA,NA,1
"19901","scaffold0060:3862116|3863595",1,NA,NA
"19902","scaffold0060:3867916|3868653",NA,1,NA
"19903","scaffold0060:3868653|3869040",1,NA,NA
"19904","scaffold0060:3877134|3877684",NA,NA,1
"19905","scaffold0060:3877134|3877688",10,NA,NA
"19906","scaffold0060:3947658|3947846",NA,NA,1
"19907","scaffold0060:3971853|3972239",2,3,1
"19908","scaffold0060:3971853|3973617",2,9,11
"19909","scaffold0060:412701|412911",NA,NA,1
"19910","scaffold0060:412701|426585",2,NA,NA
"19911","scaffold0060:4140711|4141446",NA,5,NA
"19912","scaffold0060:4143082|4146645",67,6,15
"19913","scaffold0060:4145450|4154071",NA,NA,3
"19914","scaffold0060:4162959|4163559",NA,NA,9
"19915","scaffold0060:4236580|4236838",NA,NA,1
"19916","scaffold0060:442318|486400",2,NA,NA
"19917","scaffold0060:480154|486400",1,NA,NA
"19918","scaffold0060:535718|536839",11,NA,2
"19919","scaffold0060:535718|539377",53,35,53
"19920","scaffold0060:584377|588354",4,NA,NA
"19921","scaffold0060:584377|602035",560,342,234
"19922","scaffold0060:600180|602035",11,NA,NA
"19923","scaffold0060:835413|836390",2,NA,6
"19924","scaffold0060:835413|842229",13,40,21
"19925","scaffold0060:841869|842229",14,10,NA
"19926","scaffold0061:130499|135313",26,NA,NA
"19927","scaffold0061:1344559|1352086",3,NA,10
"19928","scaffold0061:1348080|1352086",NA,6,NA
"19929","scaffold0061:1351223|1352086",4,NA,NA
"19930","scaffold0061:1368616|1373631",NA,16,NA
"19931","scaffold0061:1372572|1373631",NA,NA,3
"19932","scaffold0061:1372572|1379151",14,NA,40
"19933","scaffold0061:1378979|1389267",322,132,100
"19934","scaffold0061:1378979|1394125",28,33,24
"19935","scaffold0061:1388954|1394125",306,189,224
"19936","scaffold0061:1391124|1394125",280,251,205
"19937","scaffold0061:142386|149600",18,19,4
"19938","scaffold0061:148950|149504",NA,5,NA
"19939","scaffold0061:1544419|1546149",NA,NA,16
"19940","scaffold0061:155316|159471",7,NA,NA
"19941","scaffold0061:1627187|1632602",NA,6,NA
"19942","scaffold0061:1631990|1638083",1,NA,NA
"19943","scaffold0061:1637988|1641596",NA,NA,6
"19944","scaffold0061:1644449|1646949",NA,10,NA
"19945","scaffold0061:1644449|1648634",NA,NA,7
"19946","scaffold0061:1645565|1648634",3,NA,NA
"19947","scaffold0061:1800102|1807794",2,NA,NA
"19948","scaffold0061:183899|186387",5,NA,NA
"19949","scaffold0061:183899|188193",5,NA,NA
"19950","scaffold0061:188058|195287",NA,NA,3
"19951","scaffold0061:191409|195287",6,NA,7
"19952","scaffold0061:2230053|2236163",NA,4,NA
"19953","scaffold0061:2230053|2236563",NA,5,NA
"19954","scaffold0061:2233151|2236163",29,23,21
"19955","scaffold0061:2233151|2236563",1,2,1
"19956","scaffold0061:2233151|2237971",1,4,6
"19957","scaffold0061:2418071|2436381",NA,9,6
"19958","scaffold0061:2418071|2439950",15,NA,3
"19959","scaffold0061:2418071|2443244",NA,NA,2
"19960","scaffold0061:2418071|2444489",31,15,16
"19961","scaffold0061:2418071|2451788",9,8,3
"19962","scaffold0061:2418071|2461213",20,19,9
"19963","scaffold0061:2436230|2439950",2,NA,26
"19964","scaffold0061:2436230|2444489",30,14,35
"19965","scaffold0061:2436230|2451788",3,NA,NA
"19966","scaffold0061:2436230|2461213",11,4,7
"19967","scaffold0061:2439749|2444489",2,1,2
"19968","scaffold0061:2439749|2461213",6,5,NA
"19969","scaffold0061:2443095|2444489",NA,3,NA
"19970","scaffold0061:2443095|2451788",8,15,NA
"19971","scaffold0061:2443095|2461213",11,7,NA
"19972","scaffold0061:2451625|2461213",103,80,75
"19973","scaffold0061:2458641|2461213",33,39,18
"19974","scaffold0061:2472195|2474220",NA,12,2
"19975","scaffold0061:2472195|2476860",NA,7,NA
"19976","scaffold0061:2472195|2484056",10,7,1
"19977","scaffold0061:2481591|2484056",NA,NA,12
"19978","scaffold0061:2481591|2486157",2,NA,NA
"19979","scaffold0061:2481591|2486442",NA,NA,8
"19980","scaffold0061:2486055|2486442",NA,NA,2
"19981","scaffold0061:2489442|2491747",NA,NA,5
"19982","scaffold0061:2489442|2494278",12,NA,3
"19983","scaffold0061:2490214|2491747",NA,NA,8
"19984","scaffold0061:2490214|2494278",12,52,37
"19985","scaffold0061:2490214|2495552",NA,7,NA
"19986","scaffold0061:2491534|2494278",119,49,72
"19987","scaffold0061:2492566|2494278",710,463,198
"19988","scaffold0061:2503937|2507931",2,NA,NA
"19989","scaffold0061:2532722|2533596",4,NA,NA
"19990","scaffold0061:2537803|2538926",NA,1,NA
"19991","scaffold0061:2539991|2541192",8,9,11
"19992","scaffold0061:2539991|2541204",2,3,1
"19993","scaffold0061:2541467|2544045",6,NA,NA
"19994","scaffold0061:2564093|2565432",3,6,NA
"19995","scaffold0061:2570563|2575187",NA,5,NA
"19996","scaffold0061:2688899|2690977",100,86,66
"19997","scaffold0061:2742344|2742562",15,NA,NA
"19998","scaffold0061:2742344|2762084",29,38,NA
"19999","scaffold0061:2742344|2781131",NA,3,NA
"20000","scaffold0061:2793224|2796204",NA,NA,1
"20001","scaffold0061:2799277|2802363",7,7,1
"20002","scaffold0061:2887320|2887741",4,NA,9
"20003","scaffold0061:2896647|2896816",NA,3,NA
"20004","scaffold0061:2987950|2988488",2,NA,NA
"20005","scaffold0061:3069530|3075637",5,NA,NA
"20006","scaffold0061:3069530|3080070",NA,3,NA
"20007","scaffold0061:3083310|3083469",NA,5,NA
"20008","scaffold0061:3084886|3085301",28,11,17
"20009","scaffold0061:3085624|3086187",2,14,NA
"20010","scaffold0061:3133879|3134133",NA,NA,1
"20011","scaffold0061:3140153|3141865",24,4,NA
"20012","scaffold0061:3144143|3144385",6,NA,4
"20013","scaffold0061:3198705|3199153",NA,9,NA
"20014","scaffold0061:3336422|3338835",16,36,9
"20015","scaffold0061:3338072|3338835",18,NA,NA
"20016","scaffold0061:610514|613147",304,147,241
"20017","scaffold0061:611183|613147",3,NA,NA
"20018","scaffold0061:679313|684810",6,NA,NA
"20019","scaffold0061:679313|702857",NA,NA,2
"20020","scaffold0061:684597|684810",3,NA,NA
"20021","scaffold0061:684597|702857",NA,NA,1
"20022","scaffold0061:684597|710230",NA,NA,16
"20023","scaffold0061:693677|702857",134,101,127
"20024","scaffold0061:693677|704965",91,50,44
"20025","scaffold0061:693677|710230",36,63,19
"20026","scaffold0061:693677|715110",12,58,2
"20027","scaffold0061:693677|733568",4,NA,NA
"20028","scaffold0061:696116|702857",94,47,86
"20029","scaffold0061:696116|704965",28,22,18
"20030","scaffold0061:699306|702857",67,45,52
"20031","scaffold0061:699306|710230",NA,NA,2
"20032","scaffold0061:700374|702857",NA,NA,1
"20033","scaffold0061:700374|704965",NA,NA,1
"20034","scaffold0061:700748|702857",2,NA,NA
"20035","scaffold0061:709723|715110",274,73,166
"20036","scaffold0061:727921|733568",NA,NA,1
"20037","scaffold0061:731261|733568",NA,13,19
"20038","scaffold0061:816846|817237",1,NA,NA
"20039","scaffold0061:818546|826591",1,NA,2
"20040","scaffold0061:866701|875089",387,209,215
"20041","scaffold0061:866701|885471",153,165,110
"20042","scaffold0061:874949|875089",6,NA,NA
"20043","scaffold0061:874949|885471",194,155,163
"20044","scaffold0061:90789|103363",1,NA,NA
"20045","scaffold0061:922024|922656",2,NA,NA
"20046","scaffold0062:2379320|2397315",3,NA,NA
"20047","scaffold0062:2392579|2401466",NA,NA,1
"20048","scaffold0062:2611410|2617300",66,31,31
"20049","scaffold0062:2614095|2619815",NA,NA,7
"20050","scaffold0062:2614095|2625343",8,NA,NA
"20051","scaffold0062:3040012|3040193",1,NA,NA
"20052","scaffold0062:3040012|3065726",54,19,44
"20053","scaffold0062:3040012|3088130",8,NA,NA
"20054","scaffold0062:3065484|3065726",8,8,3
"20055","scaffold0062:3065484|3088130",8,NA,NA
"20056","scaffold0062:3087411|3088130",135,273,58
"20057","scaffold0062:8074|9985",14,6,NA
"20058","scaffold0063:1008473|1022463",1,NA,NA
"20059","scaffold0063:1018015|1022463",6,1,NA
"20060","scaffold0063:1039394|1061847",1,NA,NA
"20061","scaffold0063:1045150|1061847",3,NA,NA
"20062","scaffold0063:1112034|1118632",1,NA,NA
"20063","scaffold0063:1228615|1228760",4,NA,NA
"20064","scaffold0063:1228615|1228941",62,91,NA
"20065","scaffold0063:1402699|1403140",NA,6,NA
"20066","scaffold0063:1423092|1425291",2,NA,NA
"20067","scaffold0063:1453432|1471980",3,NA,NA
"20068","scaffold0063:1456289|1457069",2,NA,NA
"20069","scaffold0063:1456289|1474986",NA,NA,1
"20070","scaffold0063:1461573|1463091",106,152,119
"20071","scaffold0063:1461573|1471980",5,NA,NA
"20072","scaffold0063:1471169|1471980",8,3,5
"20073","scaffold0063:1506627|1506848",1,NA,NA
"20074","scaffold0063:1509208|1510080",30,22,27
"20075","scaffold0063:1509208|1514683",4,NA,NA
"20076","scaffold0063:1514515|1515993",NA,18,18
"20077","scaffold0063:1648716|1653546",2,NA,NA
"20078","scaffold0063:167297|211378",4,NA,NA
"20079","scaffold0063:1703246|1720599",NA,1,NA
"20080","scaffold0063:1718561|1720599",6,NA,NA
"20081","scaffold0063:1807963|1810549",1,NA,NA
"20082","scaffold0063:1809164|1810293",NA,6,NA
"20083","scaffold0063:1809440|1810293",NA,NA,1
"20084","scaffold0063:1841183|1844056",35,NA,9
"20085","scaffold0063:2118007|2131493",5,NA,1
"20086","scaffold0063:2118007|2133729",5,NA,NA
"20087","scaffold0063:2178228|2179248",12,3,4
"20088","scaffold0063:2178228|2190625",5,NA,3
"20089","scaffold0063:2207830|2212993",NA,NA,1
"20090","scaffold0063:2229780|2235356",5,NA,NA
"20091","scaffold0063:228296|228756",1,NA,NA
"20092","scaffold0063:2419530|2421770",NA,9,NA
"20093","scaffold0063:2426468|2428615",7,NA,5
"20094","scaffold0063:2477841|2483240",NA,NA,1
"20095","scaffold0063:277356|278712",NA,4,NA
"20096","scaffold0063:291466|291631",2,NA,NA
"20097","scaffold0063:291466|291949",NA,NA,2
"20098","scaffold0063:306110|307637",NA,29,NA
"20099","scaffold0063:449529|506745",10,NA,NA
"20100","scaffold0063:449529|513047",21,16,13
"20101","scaffold0063:449529|529499",20,NA,NA
"20102","scaffold0063:46132|48938",NA,NA,2
"20103","scaffold0063:479968|513047",253,141,140
"20104","scaffold0063:479968|529499",38,15,19
"20105","scaffold0063:502640|513047",342,123,117
"20106","scaffold0063:502640|529499",30,15,14
"20107","scaffold0063:502640|540838",NA,NA,8
"20108","scaffold0063:50487|50726",NA,NA,1
"20109","scaffold0063:51748|52753",2,NA,NA
"20110","scaffold0063:529221|540838",NA,NA,1
"20111","scaffold0063:75825|78188",1,NA,NA
"20112","scaffold0063:75881|77563",NA,10,NA
"20113","scaffold0063:810763|817473",23,NA,NA
"20114","scaffold0063:816843|817473",NA,NA,1
"20115","scaffold0063:933653|935587",3,NA,NA
"20116","scaffold0063:984958|985503",NA,9,NA
"20117","scaffold0064:1728264|1732113",6,NA,NA
"20118","scaffold0064:1739898|1750598",6,NA,NA
"20119","scaffold0064:1750514|1777593",2,3,NA
"20120","scaffold0064:1769006|1777593",3,NA,NA
"20121","scaffold0064:188749|193304",4,NA,NA
"20122","scaffold0064:193119|193610",3,NA,NA
"20123","scaffold0064:193119|193831",NA,NA,4
"20124","scaffold0064:1940587|1942510",NA,4,2
"20125","scaffold0064:1958275|1960675",1,NA,NA
"20126","scaffold0064:1960465|1963628",1,NA,NA
"20127","scaffold0064:1972873|1986600",2,NA,NA
"20128","scaffold0064:2148562|2149933",NA,1,NA
"20129","scaffold0064:2358888|2359095",NA,NA,5
"20130","scaffold0064:2520780|2521848",NA,2,NA
"20131","scaffold0064:2533458|2533866",NA,6,3
"20132","scaffold0064:2534354|2534570",NA,NA,4
"20133","scaffold0064:2535041|2535205",NA,1,NA
"20134","scaffold0064:2537143|2537537",4,NA,NA
"20135","scaffold0064:2542307|2542509",1,NA,NA
"20136","scaffold0064:2549878|2550264",NA,6,NA
"20137","scaffold0064:265382|267243",68,3,30
"20138","scaffold0064:265382|271221",50,24,5
"20139","scaffold0064:265382|274553",8,NA,2
"20140","scaffold0064:2658609|2659099",NA,NA,4
"20141","scaffold0064:271088|274553",4,6,2
"20142","scaffold0064:334700|334885",4,NA,NA
"20143","scaffold0064:404082|406590",2,NA,5
"20144","scaffold0064:405553|406510",NA,6,NA
"20145","scaffold0064:410478|413389",2,4,NA
"20146","scaffold0064:46615|48912",4,16,NA
"20147","scaffold0064:46615|49815",1,NA,NA
"20148","scaffold0064:582574|594220",2,NA,20
"20149","scaffold0064:582574|599476",NA,4,5
"20150","scaffold0064:582574|603262",1,NA,NA
"20151","scaffold0064:589700|594220",5,NA,NA
"20152","scaffold0064:591076|603262",1,NA,NA
"20153","scaffold0064:780639|783130",NA,NA,8
"20154","scaffold0064:844682|850009",36,31,19
"20155","scaffold0064:844682|868183",4,3,NA
"20156","scaffold0064:844682|870257",2,NA,NA
"20157","scaffold0064:867939|889731",2,NA,NA
"20158","scaffold0064:867939|891299",1,NA,NA
"20159","scaffold0064:889496|893998",3,8,NA
"20160","scaffold0064:889496|912652",2,6,NA
"20161","scaffold0064:891064|893998",4,5,NA
"20162","scaffold0064:891064|912652",3,3,NA
"20163","scaffold0065:1243530|1250996",33,26,12
"20164","scaffold0065:1243530|1258824",NA,5,NA
"20165","scaffold0065:1243530|1266056",22,8,28
"20166","scaffold0065:1243530|1284080",NA,1,4
"20167","scaffold0065:1250870|1266056",NA,NA,1
"20168","scaffold0065:1257258|1258824",NA,NA,5
"20169","scaffold0065:1257258|1266056",22,41,40
"20170","scaffold0065:1257258|1282944",2,NA,NA
"20171","scaffold0065:1257258|1284080",5,NA,NA
"20172","scaffold0065:1258756|1266056",NA,5,NA
"20173","scaffold0065:1282842|1284080",172,42,85
"20174","scaffold0065:1282842|1300385",4,2,18
"20175","scaffold0065:1282842|1310209",6,NA,1
"20176","scaffold0065:1282842|1324763",NA,11,NA
"20177","scaffold0065:1297694|1300385",48,64,56
"20178","scaffold0065:1299979|1310209",6,NA,NA
"20179","scaffold0065:1310120|1317194",7,NA,NA
"20180","scaffold0065:1310120|1354542",NA,NA,6
"20181","scaffold0065:1317015|1324763",8,27,23
"20182","scaffold0065:1327873|1333624",NA,17,5
"20183","scaffold0065:1327873|1347415",NA,27,NA
"20184","scaffold0065:1332579|1354542",NA,NA,3
"20185","scaffold0065:1333485|1361533",NA,NA,1
"20186","scaffold0065:1339564|1354542",26,14,20
"20187","scaffold0065:1345546|1347415",NA,NA,1
"20188","scaffold0065:1345546|1354542",NA,NA,5
"20189","scaffold0065:1354416|1361533",NA,8,NA
"20190","scaffold0065:1357659|1382722",NA,NA,10
"20191","scaffold0065:1359706|1360624",3,NA,NA
"20192","scaffold0065:1371883|1373079",NA,NA,5
"20193","scaffold0065:1388021|1394910",NA,NA,4
"20194","scaffold0065:1391231|1391406",NA,NA,1
"20195","scaffold0065:282813|294706",NA,4,NA
"20196","scaffold0065:430464|434904",6,NA,NA
"20197","scaffold0065:444221|476066",3,NA,NA
"20198","scaffold0065:489116|490221",127,NA,5
"20199","scaffold0065:489116|512824",6,NA,NA
"20200","scaffold0065:489116|598596",2,NA,NA
"20201","scaffold0065:512716|518387",3,NA,NA
"20202","scaffold0066:1126249|1126355",NA,NA,1
"20203","scaffold0066:1126252|1126355",NA,1,NA
"20204","scaffold0066:1157062|1157168",NA,1,NA
"20205","scaffold0066:1158045|1158321",NA,NA,3
"20206","scaffold0066:1189529|1190177",NA,13,NA
"20207","scaffold0066:1194563|1194779",NA,NA,2
"20208","scaffold0066:1244723|1244878",NA,1,NA
"20209","scaffold0066:1271570|1272426",6,NA,NA
"20210","scaffold0066:1272967|1273507",4,NA,NA
"20211","scaffold0066:1275474|1275949",NA,NA,1
"20212","scaffold0066:1275949|1276361",NA,NA,1
"20213","scaffold0066:1276801|1277087",NA,8,6
"20214","scaffold0066:1282365|1282969",4,NA,NA
"20215","scaffold0066:1332371|1332686",NA,4,NA
"20216","scaffold0066:1366938|1367398",8,NA,NA
"20217","scaffold0066:1401305|1402014",NA,2,NA
"20218","scaffold0066:1402613|1402820",NA,NA,5
"20219","scaffold0066:1409949|1410270",27,21,7
"20220","scaffold0066:1483049|1485749",2,NA,NA
"20221","scaffold0066:1485461|1485749",2,NA,NA
"20222","scaffold0066:1490689|1491205",NA,1,2
"20223","scaffold0066:1523924|1524358",NA,NA,2
"20224","scaffold0066:1529062|1529891",1,NA,NA
"20225","scaffold0066:1543500|1545830",NA,3,NA
"20226","scaffold0066:1544075|1544651",3,NA,NA
"20227","scaffold0066:1551116|1551462",NA,11,5
"20228","scaffold0066:1558231|1558587",8,NA,NA
"20229","scaffold0066:1558231|1558913",1,NA,NA
"20230","scaffold0066:1573285|1573724",NA,NA,1
"20231","scaffold0066:1574256|1574442",1,NA,NA
"20232","scaffold0066:1598994|1614536",22,3,4
"20233","scaffold0066:1601509|1626653",4,2,NA
"20234","scaffold0066:1611057|1626653",NA,5,NA
"20235","scaffold0066:1625625|1626653",NA,4,NA
"20236","scaffold0066:1657491|1657787",NA,2,NA
"20237","scaffold0066:1658304|1658625",NA,NA,4
"20238","scaffold0066:1658914|1659047",NA,NA,3
"20239","scaffold0066:466773|466965",2,NA,NA
"20240","scaffold0066:468697|469835",NA,4,NA
"20241","scaffold0066:488751|489493",215,NA,NA
"20242","scaffold0066:492195|492458",5,NA,NA
"20243","scaffold0066:506348|506546",4,NA,5
"20244","scaffold0066:507291|507538",NA,NA,4
"20245","scaffold0066:508023|508492",5,NA,NA
"20246","scaffold0066:509771|510164",35,NA,19
"20247","scaffold0066:509771|516124",NA,NA,3
"20248","scaffold0066:514528|516124",1,NA,NA
"20249","scaffold0066:522297|522481",2,NA,NA
"20250","scaffold0066:522298|522481",1,NA,NA
"20251","scaffold0066:553286|553438",2,NA,NA
"20252","scaffold0066:555407|556528",6,NA,NA
"20253","scaffold0066:556336|556528",NA,NA,1
"20254","scaffold0066:556336|561059",NA,15,NA
"20255","scaffold0066:560177|561059",NA,17,4
"20256","scaffold0066:571034|572619",11,23,15
"20257","scaffold0066:775869|776622",6,2,NA
"20258","scaffold0066:778886|779131",NA,5,NA
"20259","scaffold0066:780291|780526",2,NA,NA
"20260","scaffold0066:795371|797571",4,NA,NA
"20261","scaffold0067:1401498|1404445",1,NA,NA
"20262","scaffold0067:1981461|1982245",NA,2,NA
"20263","scaffold0067:1981671|1982030",2,NA,3
"20264","scaffold0067:1982039|1982245",13,5,8
"20265","scaffold0067:1983534|1983737",NA,NA,1
"20266","scaffold0067:1984342|1984575",NA,5,NA
"20267","scaffold0067:2187936|2211097",NA,1,NA
"20268","scaffold0068:1289882|1313217",2,NA,4
"20269","scaffold0068:1311244|1313217",43,16,29
"20270","scaffold0068:1311244|1323177",9,NA,NA
"20271","scaffold0068:138566|146761",NA,1,NA
"20272","scaffold0068:138566|159218",9,NA,NA
"20273","scaffold0068:1407328|1418391",7,NA,NA
"20274","scaffold0068:146677|159218",NA,15,3
"20275","scaffold0068:1502241|1553871",4,NA,6
"20276","scaffold0068:1502241|1590003",2,NA,NA
"20277","scaffold0068:151765|152207",90,67,70
"20278","scaffold0068:151765|159218",9,NA,NA
"20279","scaffold0068:1553396|1553871",NA,NA,2
"20280","scaffold0068:1553396|1618989",34,NA,2
"20281","scaffold0068:1553396|1646420",5,NA,5
"20282","scaffold0068:1586626|1618989",NA,NA,1
"20283","scaffold0068:1586626|1646420",NA,NA,3
"20284","scaffold0068:1589959|1646420",NA,NA,3
"20285","scaffold0068:1618886|1646420",10,NA,4
"20286","scaffold0068:1642327|1646420",403,412,333
"20287","scaffold0068:1773484|1788842",3,NA,NA
"20288","scaffold0068:1773484|1816241",NA,NA,2
"20289","scaffold0068:1816074|1833538",NA,6,NA
"20290","scaffold0068:1832604|1833538",11,NA,2
"20291","scaffold0068:1990239|2008122",3,NA,NA
"20292","scaffold0068:1990239|2010879",1,NA,NA
"20293","scaffold0068:1990239|2012610",1,NA,NA
"20294","scaffold0068:233603|246036",2,NA,NA
"20295","scaffold0068:244602|250302",28,36,12
"20296","scaffold0068:244602|257914",NA,5,NA
"20297","scaffold0068:528857|546226",NA,2,NA
"20298","scaffold0068:528857|561348",NA,NA,7
"20299","scaffold0068:546111|561348",2,NA,NA
"20300","scaffold0068:638957|646730",NA,NA,4
"20301","scaffold0068:642047|646730",NA,NA,2
"20302","scaffold0068:694714|695139",NA,6,2
"20303","scaffold0068:74224|106834",8,NA,5
"20304","scaffold0068:74224|77238",11,NA,10
"20305","scaffold0068:74224|79348",10,NA,1
"20306","scaffold0069:1085518|1090972",20,23,NA
"20307","scaffold0069:1304256|1309872",11,NA,NA
"20308","scaffold0069:1478553|1482408",NA,1,NA
"20309","scaffold0069:1567894|1577007",NA,8,NA
"20310","scaffold0069:1571942|1577007",NA,4,NA
"20311","scaffold0069:1571942|1582744",4,NA,NA
"20312","scaffold0069:1576836|1582744",8,NA,NA
"20313","scaffold0069:1576836|1584801",NA,NA,2
"20314","scaffold0069:1576836|1595232",NA,7,NA
"20315","scaffold0069:1580623|1582744",5,NA,NA
"20316","scaffold0069:1580623|1584801",NA,9,NA
"20317","scaffold0069:1586869|1591773",6,NA,NA
"20318","scaffold0069:1590569|1595232",NA,NA,4
"20319","scaffold0069:1591662|1592515",2,NA,NA
"20320","scaffold0069:1591662|1595232",5,35,6
"20321","scaffold0069:1595073|1608460",4,NA,NA
"20322","scaffold0069:1608249|1609926",7,19,15
"20323","scaffold0069:1608249|1624377",NA,18,12
"20324","scaffold0069:1610915|1614343",33,NA,3
"20325","scaffold0069:1615699|1624377",NA,4,NA
"20326","scaffold0069:1619206|1624377",2,NA,6
"20327","scaffold0069:416264|423243",41,8,NA
"20328","scaffold0069:419369|423243",46,4,NA
"20329","scaffold0069:425538|444536",1,NA,NA
"20330","scaffold0069:428849|444536",1,NA,NA
"20331","scaffold0069:431679|434010",7,NA,3
"20332","scaffold0069:431679|435953",1,NA,NA
"20333","scaffold0069:444295|447357",59,77,NA
"20334","scaffold0069:444295|449957",68,6,15
"20335","scaffold0069:444295|471369",NA,5,1
"20336","scaffold0069:447128|449957",2,NA,2
"20337","scaffold0069:447128|471369",2,3,1
"20338","scaffold0069:449838|471369",4,NA,NA
"20339","scaffold0069:584258|589956",7,NA,NA
"20340","scaffold0069:587982|589956",3503,1333,1252
"20341","scaffold0069:604262|610133",1,NA,NA
"20342","scaffold0069:604262|615572",89,15,66
"20343","scaffold0069:607676|615572",NA,NA,1
"20344","scaffold0069:610050|615572",5,2,5
"20345","scaffold0070:392786|395189",10,NA,9
"20346","scaffold0070:392786|401221",6,4,NA
"20347","scaffold0070:54156|55953",4,NA,NA
"20348","scaffold0070:6819|12343",20,15,25
"20349","scaffold0070:838886|841150",NA,NA,1
"20350","scaffold0070:862150|862350",NA,NA,3
"20351","scaffold0071:1032535|1084987",1,NA,NA
"20352","scaffold0071:1104992|1129110",2,NA,NA
"20353","scaffold0071:1129026|1167179",1,NA,NA
"20354","scaffold0071:1161919|1172891",41,33,24
"20355","scaffold0071:305440|346803",3,NA,9
"20356","scaffold0071:346619|346803",1,NA,NA
"20357","scaffold0072:292605|295766",27,29,23
"20358","scaffold0072:292605|307348",NA,NA,10
"20359","scaffold0072:292605|308163",133,72,65
"20360","scaffold0072:292605|320807",57,69,77
"20361","scaffold0072:292605|331019",NA,11,NA
"20362","scaffold0072:295683|308163",3,8,NA
"20363","scaffold0072:307219|320807",24,26,4
"20364","scaffold0072:320181|320807",18,38,31
"20365","scaffold0072:345860|353101",12,19,7
"20366","scaffold0072:428639|434078",227,113,107
"20367","scaffold0072:454049|455688",NA,6,NA
"20368","scaffold0073:202985|206712",NA,6,NA
"20369","scaffold0073:206395|206712",1,NA,NA
"20370","scaffold0073:217402|223180",NA,NA,2
"20371","scaffold0073:281357|282262",NA,NA,4
"20372","scaffold0073:368557|369152",1,NA,2
"20373","scaffold0073:463439|463554",4,NA,1
"20374","scaffold0073:463439|463556",6,14,NA
"20375","scaffold0073:463439|463557",7,1,4
"20376","scaffold0073:463439|463558",NA,8,NA
"20377","scaffold0073:463804|464008",1,NA,NA
"20378","scaffold0073:483617|485910",2,NA,1
"20379","scaffold0073:483617|486100",NA,NA,2
"20380","scaffold0073:606881|607041",3,NA,2
"20381","scaffold0073:606882|607041",10,NA,NA
"20382","scaffold0073:613130|613807",NA,NA,8
"20383","scaffold0073:616347|616537",NA,1,NA
"20384","scaffold0073:616347|616541",NA,4,NA
"20385","scaffold0073:616347|616639",30,29,18
"20386","scaffold0073:714266|715596",NA,5,NA
"20387","scaffold0073:714395|714911",NA,6,NA
"20388","scaffold0073:718872|720183",NA,7,4
"20389","scaffold0073:740309|740588",NA,NA,3
"20390","scaffold0073:740588|740818",NA,NA,1
"20391","scaffold0073:861533|862389",NA,1,NA
"20392","scaffold0073:861533|862390",196,38,47
"20393","scaffold0073:864683|865489",1677,1941,1152
"20394","scaffold0073:880239|882455",45,25,54
"20395","scaffold0073:881945|882455",39,14,45
"20396","scaffold0073:895760|896606",NA,NA,2
"20397","scaffold0073:895760|897723",NA,NA,1
"20398","scaffold0074:122907|123411",12,6,NA
"20399","scaffold0074:148308|148735",1,NA,NA
"20400","scaffold0074:261682|272324",5,NA,NA
"20401","scaffold0074:44214|44680",2,NA,NA
"20402","scaffold0074:48158|48289",2,4,2
"20403","scaffold0074:50702|50952",NA,3,1
"20404","scaffold0074:51298|51594",1,NA,NA
"20405","scaffold0074:51674|52059",NA,NA,14
"20406","scaffold0074:54168|54373",2,NA,NA
"20407","scaffold0074:635133|635382",NA,NA,1
"20408","scaffold0075:34429|128043",1,NA,NA
"20409","scaffold0075:352894|357341",NA,11,NA
"20410","scaffold0075:378893|379741",7,NA,6
"20411","scaffold0075:38414|85944",NA,NA,1
"20412","scaffold0075:384453|384956",NA,3,NA
"20413","scaffold0075:491911|527146",9,NA,NA
"20414","scaffold0075:502930|509462",24,NA,2
"20415","scaffold0075:514271|527146",7,25,8
"20416","scaffold0075:519937|521496",4,NA,NA
"20417","scaffold0075:529787|541193",NA,NA,1
"20418","scaffold0075:530721|541193",NA,4,NA
"20419","scaffold0075:533592|541193",NA,NA,15
"20420","scaffold0075:541020|548688",9,NA,NA
"20421","scaffold0075:541020|550133",3,NA,NA
"20422","scaffold0075:541020|558896",NA,12,NA
"20423","scaffold0075:548591|558896",1,NA,NA
"20424","scaffold0075:550036|558896",3,NA,NA
"20425","scaffold0076:108211|111758",1,NA,NA
"20426","scaffold0077:112476|113546",NA,NA,1
"20427","scaffold0077:305875|315444",17,9,NA
"20428","scaffold0078:416152|417116",NA,9,NA
"20429","scaffold0079:114921|119285",NA,9,NA
"20430","scaffold0079:114921|130257",7,NA,NA
"20431","scaffold0079:119175|130257",NA,NA,4
"20432","scaffold0079:130094|134579",17,32,14
"20433","scaffold0079:197294|230221",NA,1,NA
"20434","scaffold0079:203937|208075",6,NA,1
"20435","scaffold0079:203937|213110",4,NA,NA
"20436","scaffold0079:203937|214485",28,NA,NA
"20437","scaffold0079:203937|216042",5,NA,NA
"20438","scaffold0079:213003|214485",72,7,19
"20439","scaffold0079:215907|225752",40,5,NA
"20440","scaffold0079:215907|230221",59,21,8
"20441","scaffold0079:223499|230221",2,NA,NA
"20442","scaffold0079:298086|339403",NA,NA,1
"20443","scaffold0079:329712|339403",NA,NA,2
"20444","scaffold0079:333379|335769",6,NA,1
"20445","scaffold0079:333379|339403",1,8,NA
"20446","scaffold0079:333379|344312",6,5,5
"20447","scaffold0079:334913|335769",2,NA,2
"20448","scaffold0079:334913|339403",4,7,NA
"20449","scaffold0079:334913|344312",13,NA,1
"20450","scaffold0081:115704|212266",NA,NA,2
"20451","scaffold0081:121385|180764",13,22,4
"20452","scaffold0081:121385|190594",2,NA,NA
"20453","scaffold0081:137411|212266",5,NA,NA
"20454","scaffold0081:165395|166473",21,21,34
"20455","scaffold0081:165395|180764",22,NA,12
"20456","scaffold0081:165395|190594",5,16,6
"20457","scaffold0081:165395|212266",5,NA,4
"20458","scaffold0081:166304|180764",2,NA,NA
"20459","scaffold0081:166304|212266",2,NA,NA
"20460","scaffold0081:175138|190594",3,NA,NA
"20461","scaffold0081:180647|212266",1,NA,2
"20462","scaffold0081:190486|212266",4,NA,NA
"20463","scaffold0081:190486|240679",10,NA,8
"20464","scaffold0081:212154|240679",NA,11,4
"20465","scaffold0081:240521|260264",2,NA,NA
"20466","scaffold0081:260134|265945",8,NA,NA
"20467","scaffold0081:265779|265945",NA,NA,2
"20468","scaffold0081:47365|55207",7,NA,NA
"20469","scaffold0081:69228|101799",3,NA,NA
"20470","scaffold0081:69228|121495",NA,NA,1
"20471","scaffold0081:69228|137544",3,NA,NA
"20472","scaffold0081:69228|79264",11,NA,16
"20473","scaffold0081:71249|79264",9,NA,NA
"20474","scaffold0081:73622|79264",1,NA,NA
"20475","scaffold0081:79097|101799",15,NA,6
"20476","scaffold0081:79097|98429",6,6,NA
"20477","scaffold0081:98316|101799",NA,4,NA
"20478","scaffold0082:176553|187817",3,3,10
"20479","scaffold0082:176553|190191",3,NA,9
"20480","scaffold0082:193248|217404",1,NA,NA
"20481","scaffold0082:193248|220163",1,NA,NA
"20482","scaffold0082:212889|220163",2,NA,NA
"20483","scaffold0082:215948|217404",2,NA,NA
"20484","scaffold0084:116876|117543",5,5,NA
"20485","scaffold0084:117388|124174",4,NA,NA
"20486","scaffold0088:126241|129854",1,2,NA
"20487","scaffold0088:126241|130800",37,15,9
"20488","scaffold0088:128594|128957",NA,6,NA
"20489","scaffold0088:136156|136330",1,NA,NA
"20490","scaffold0088:136156|136334",4,NA,NA
"20491","scaffold0088:136156|139437",1,NA,NA
"20492","scaffold0088:136156|139441",1,NA,NA
"20493","scaffold0088:139263|139437",1,NA,NA
"20494","scaffold0088:139263|139441",1,NA,NA
"20495","scaffold0088:156969|157129",NA,2,NA
"20496","scaffold0088:6185|6345",NA,1,NA
"20497","scaffold0096:82817|83317",14,NA,NA
"20498","scaffold0098:60430|61519",NA,3,NA
"20499","scaffold0098:74880|83488",3,NA,NA
"20500","scaffold0098:91579|101612",NA,NA,6
"20501","scaffold0125:58791|59953",4,NA,3
"20502","scaffold0134:4298|46224",4,NA,NA
"20503","scaffold0350:12304|12647",NA,NA,4
"20504","scaffold0350:13519|13704",NA,4,NA
"20505","scaffold0350:13519|13706",2,NA,NA
