"","chrom","start","end","name","score","strand","thickStart","thickEnd","itemRgb","exonCount","exonSize","exonOffsets","readNumber","circType","geneName","isoformName","index","flankIntron","FPBcirc","FPBlinear","CIRCscore"
"1","5",1880740,1881528,"circular_RNA/9",0,"-",1880740,1880740,"0,0,0",2,"144,132","0,656",9,"circRNA","ENSMMUG00000019948","ENSMMUT00000028035","9,8","5:1879751-1880740|5:1881528-1883241",2.00517816764,16.2827893799,0.123685277005
"2","5",1961433,1965800,"circular_RNA/9",0,"+",1961433,1961433,"0,0,0",2,"626,163","0,4204",9,"circRNA","ENSMMUG00000046942","ENSMMUT00000054754","2,3","5:1930135-1961433|5:1965800-1978592",2.00517816764,10.4269264717,0.193081571773
"3","5",2709650,2725794,"circular_RNA/7",0,"+",2709650,2709650,"0,0,0",3,"235,125,148","0,9262,15996",7,"circRNA","ENSMMUG00000013158","ENSMMUT00000070409","5,6,7","5:2704917-2709650|5:2725794-2736734",1.55958301928,14.5684858229,0.107664337596
"4","5",2778989,2779848,"circular_RNA/4",1,"+",2778989,2778989,"0,0,0",1,"859","0",4,"circRNA","ENSMMUG00000013158","ENSMMUT00000070409","18","5:2775945-2778989|5:2779848-2795446",0.891190296731,14.5684858229,0.0618164538951
"5","5",3016858,3027087,"circular_RNA/6",0,"+",3016858,3016858,"0,0,0",5,"345,102,90,93,157","0,2982,3753,4586,10072",6,"circRNA","ENSMMUG00000008379","ENSMMUT00000070128","10,11,12,13,14","5:3011282-3016858|5:3027087-3037543",1.3367854451,32.7958029197,0.041053268789
"6","5",3299543,3302033,"circular_RNA/2",0,"+",3299543,3299543,"0,0,0",3,"123,236,143","0,1045,2347",2,"circRNA","ENSMMUG00000008392","ENSMMUT00000082236","36,37,38","5:3295345-3299543|5:3302033-3312314",0.445595148365,20.0551573973,0.0227057849258
"7","5",5957531,5961651,"circular_RNA/4",0,"-",5957531,5957531,"0,0,0",3,"129,72,95","0,815,4025",4,"circRNA","ENSMMUG00000017000","ENSMMUT00000063292","10,9,8","5:5954220-5957531|5:5961651-5963251",0.891190296731,37.4485589272,0.0240583279907
"8","5",6000694,6044449,"circular_RNA/1",0,"-",6000694,6000694,"0,0,0",2,"121,739","0,43016",1,"circRNA","ENSMMUG00000017000","ENSMMUT00000063292","2,1","5:5973928-6000694|None",0.222797574183,37.4485589272,0.00621480326126
"9","5",6126322,6143898,"circular_RNA/1",0,"-",6126322,6126322,"0,0,0",2,"138,500","0,17076",1,"circRNA","ENSMMUG00000016999","ENSMMUT00000023891","3,2","5:6111354-6126322|5:6143898-6160187",0.222797574183,9.58029568986,0.0242742853517
"10","5",7347320,7350524,"circular_RNA/2",1,"+",7347320,7347320,"0,0,0",2,"205,123","0,3081",2,"circRNA","ENSMMUG00000020860","ENSMMUT00000029338","15,16","5:7343491-7347320|5:7350524-7376914",0.445595148365,0.615345681076,0.728549284263
"11","5",7376914,7399866,"circular_RNA/2",1,"+",7376914,7376914,"0,0,0",5,"228,215,88,197,102","0,11042,12684,19102,22850",2,"circRNA","ENSMMUG00000020860","ENSMMUT00000029338","17,18,19,20,21","5:7350524-7376914|5:7399866-7402155",0.445595148365,0.615345681076,0.728549284263
"12","5",9144094,9150886,"circular_RNA/13",0,"-",9144094,9144094,"0,0,0",3,"181,148,91","0,1281,6701",13,"circRNA","ENSMMUG00000000960","ENSMMUT00000001372","5,4,3","5:9134761-9144094|5:9150886-9163064",2.89636846437,91.9039993504,0.0316205201048
"13","5",16513271,16521517,"circular_RNA/5",0,"-",16513271,16513271,"0,0,0",3,"141,97,93","0,2976,8153",5,"circRNA","ENSMMUG00000005730","ENSMMUT00000042399","4,3,2","5:16503744-16513271|5:16521517-16524086",1.11398787091,55.6436941521,0.0201961053625
"14","5",16812122,16812624,"circular_RNA/5",0,"+",16812122,16812122,"0,0,0",2,"146,85","0,417",5,"circRNA","ENSMMUG00000018070","ENSMMUT00000066296","4,5","5:16810289-16812122|5:16812624-16814547",1.11398787091,7.51648658164,0.149337656916
"15","5",21414916,21454946,"circular_RNA/8",1,"-",21414916,21414916,"0,0,0",8,"156,202,165,214,161,72,72,72","0,1128,3400,8104,10404,12878,20291,39958",8,"circRNA","ENSMMUG00000019963","ENSMMUT00000028060","9,8,7,6,5,4,3,2","5:21403358-21414916|5:21454946-21496170",1.78238059346,6.57252843839,0.272293634617
"16","5",24204478,24210312,"circular_RNA/2",0,"+",24204478,24204478,"0,0,0",4,"201,132,154,68","0,1464,4285,5766",2,"circRNA","ENSMMUG00000003629","ENSMMUT00000005143","3,4,5,6","5:24201867-24204478|5:24210312-24213799",0.445595148365,13.5411414531,0.0336204259945
"17","5",24337109,24364965,"circular_RNA/2",0,"+",24337109,24337109,"0,0,0",21,"75,85,105,84,87,65,43,77,101,52,56,47,57,57,94,98,62,39,102,75,174","0,1457,2226,3658,5141,5642,6006,6163,7999,8184,14371,16837,18099,18466,20901,24866,25546,25688,25817,26712,27682",2,"circRNA","ENSMMUG00000004458","ENSMMUT00000006315","5,6,7,8,9,10,11,12,13,14,15,16,17,18,19,20,21,22,23,24,25","5:24331874-24337109|5:24364965-24365975",0.445595148365,16.0573394536,0.0283553571318
"18","5",25329025,25372545,"circular_RNA/1",0,"+",25329025,25329025,"0,0,0",3,"183,39,96","0,25593,43424",1,"circRNA","ENSMMUG00000015828","ENSMMUT00000022245","2,3,4","5:25131048-25329025|5:25372545-25381569",0.222797574183,32.3461569063,0.00719484625004
"19","5",37172172,37191209,"circular_RNA/8",0,"+",37172172,37172172,"0,0,0",5,"111,129,87,281,140","0,9063,10517,14347,18897",8,"circRNA","ENSMMUG00000000237","ENSMMUT00000000350","8,9,10,11,12","5:37164249-37172172|5:37191209-37227939",1.78238059346,22.3837296196,0.0800393960232
"20","5",38420265,38424731,"circular_RNA/2",0,"-",38420265,38420265,"0,0,0",3,"115,110,397","0,1776,4069",2,"circRNA","ENSMMUG00000009324","ENSMMUT00000013034","15,14,13","5:38418598-38420265|5:38424731-38427140",0.445595148365,31.3950842577,0.0145070506618
"21","5",39000873,39042568,"circular_RNA/7",0,"-",39000873,39000873,"0,0,0",12,"159,124,161,106,116,140,49,82,114,152,146,95","0,1282,4294,7004,19732,30233,30628,32046,33945,35627,39806,41600",7,"circRNA","ENSMMUG00000011323","ENSMMUT00000015857","19,18,17,16,15,14,13,12,11,10,9,8","5:38997104-39000873|5:39042568-39045519",1.55958301928,48.6519544886,0.032254828968
"22","5",39002155,39005328,"circular_RNA/13",0,"-",39002155,39002155,"0,0,0",2,"124,161","0,3012",13,"circRNA","ENSMMUG00000011323","ENSMMUT00000015857","18,17","5:39001032-39002155|5:39005328-39007877",2.89636846437,48.6519544886,0.0597256829265
"23","5",39036500,39042568,"circular_RNA/9",0,"-",39036500,39036500,"0,0,0",3,"152,146,95","0,4179,5973",9,"circRNA","ENSMMUG00000011323","ENSMMUT00000015857","10,9,8","5:39034932-39036500|5:39042568-39045519",2.00517816764,48.6519544886,0.0414117802875
"24","5",39036500,39055550,"circular_RNA/3",0,"-",39036500,39036500,"0,0,0",7,"152,146,95,116,141,81,127","0,4179,5973,9019,12689,15983,18923",3,"circRNA","ENSMMUG00000011323","ENSMMUT00000042326","11,10,9,8,7,6,5","5:39034932-39036500|5:39055550-39058954",0.668392722548,48.6519544886,0.0139409263289
"25","5",39040679,39042568,"circular_RNA/4",0,"-",39040679,39040679,"0,0,0",2,"146,95","0,1794",4,"circRNA","ENSMMUG00000011323","ENSMMUT00000015857","9,8","5:39036652-39040679|5:39042568-39045519",0.891190296731,48.6519544886,0.0185194019887
"26","5",39276308,39280767,"circular_RNA/3",0,"+",39276308,39276308,"0,0,0",2,"156,2378","0,2081",3,"circRNA","ENSMMUG00000002667","ENSMMUT00000054706","7,8","5:39271948-39276308|5:39280767-39281585",0.668392722548,6.44627647969,0.105074918133
"27","5",39923471,39955447,"circular_RNA/7",1,"+",39923471,39923471,"0,0,0",8,"59,131,153,184,211,144,102,118","0,411,8995,9497,10778,24051,27477,31858",7,"circRNA","ENSMMUG00000012561","ENSMMUT00000017607","2,3,4,5,6,7,8,9","5:39913155-39923471|5:39955447-39963501",1.55958301928,0.519861006426,2.96225425205
"28","5",39982967,39987563,"circular_RNA/5",0,"-",39982967,39982967,"0,0,0",3,"84,88,115","0,1281,4481",5,"circRNA","ENSMMUG00000012563","ENSMMUT00000095901","12,11,10","5:39980831-39982967|5:39987563-40049563",1.11398787091,9.50602983179,0.118115210942
"29","5",40049563,40052578,"circular_RNA/1",0,"-",40049563,40049563,"0,0,0",2,"128,147","0,2868",1,"circRNA","ENSMMUG00000012563","ENSMMUT00000095901","9,8","5:39987563-40049563|5:40052578-40092702",0.222797574183,9.50602983179,0.0244637289183
"30","5",40258841,40306727,"circular_RNA/5",0,"-",40258841,40258841,"0,0,0",2,"112,157","0,47729",5,"circRNA","ENSMMUG00000012563","ENSMMUT00000017611","2,1","5:40222837-40258841|None",1.11398787091,9.50602983179,0.118115210942
"31","5",41178507,41200713,"circular_RNA/18",0,"+",41178507,41178507,"0,0,0",5,"165,60,100,93,83","0,17118,19411,21660,22123",18,"circRNA","ENSMMUG00000022782","ENSMMUT00000067013","2,3,4,5,6","5:41167786-41178507|5:41200713-41219071",4.01035633529,18.5813176868,0.216249133225
"32","5",41178507,41232999,"circular_RNA/33",0,"+",41178507,41178507,"0,0,0",8,"165,60,100,93,83,59,68,103","0,17118,19411,21660,22123,40564,44318,54389",33,"circRNA","ENSMMUG00000022782","ENSMMUT00000067013","2,3,4,5,6,7,8,9","5:41167786-41178507|5:41232999-41244102",7.35231994803,18.5813176868,0.396008506339
"33","5",47284864,47286488,"circular_RNA/5",0,"-",47284864,47284864,"0,0,0",3,"92,160,121","0,1117,1503",5,"circRNA","ENSMMUG00000021780","ENSMMUT00000030644","15,14,13","5:47279206-47284864|5:47286488-47291196",1.11398787091,6.80646589128,0.164893052916
"34","5",47284864,47300173,"circular_RNA/2",0,"-",47284864,47284864,"0,0,0",10,"92,160,121,91,123,125,115,101,162,179","0,1117,1503,6332,9865,12251,13706,14541,14719,15130",2,"circRNA","ENSMMUG00000021780","ENSMMUT00000030644","15,14,13,12,11,10,9,8,7,6","5:47279206-47284864|5:47300173-47304083",0.445595148365,6.80646589128,0.0668374426912
"35","5",47785893,47799491,"circular_RNA/19",0,"+",47785893,47785893,"0,0,0",5,"149,165,159,360,138","0,7548,9421,12398,13460",19,"circRNA","ENSMMUG00000056052","ENSMMUT00000095873","2,3,4,5,6","5:47758618-47785893|5:47799491-47831599",4.23315390947,43.3341281785,0.0978945496838
"36","5",47793441,47798651,"circular_RNA/1",0,"+",47793441,47793441,"0,0,0",3,"165,159,360","0,1873,4850",1,"circRNA","ENSMMUG00000056052","ENSMMUT00000095873","3,4,5","5:47786042-47793441|5:47798651-47799353",0.222797574183,43.3341281785,0.00537091375386
"37","5",47793441,47799491,"circular_RNA/3",0,"+",47793441,47793441,"0,0,0",4,"165,159,360,138","0,1873,4850,5912",3,"circRNA","ENSMMUG00000056052","ENSMMUT00000095873","3,4,5,6","5:47786042-47793441|5:47799491-47831599",0.668392722548,43.3341281785,0.0156513177461
"38","5",48932869,48933711,"circular_RNA/9",0,"+",48932869,48932869,"0,0,0",2,"92,213","0,629",9,"circRNA","ENSMMUG00000021164","ENSMMUT00000029780","54,55","5:48927337-48932869|5:48933711-48936653",2.00517816764,17.9143174491,0.112427051873
"39","5",50213079,50215275,"circular_RNA/4",0,"+",50213079,50213079,"0,0,0",2,"179,201","0,1995",4,"circRNA","ENSMMUG00000015350","ENSMMUT00000076823","3,4","5:50209216-50213079|5:50215275-50216023",0.891190296731,3.19343189662,0.281320260837
"40","5",50213079,50218569,"circular_RNA/13",0,"+",50213079,50213079,"0,0,0",4,"179,201,73,98","0,1995,2944,5392",13,"circRNA","ENSMMUG00000015350","ENSMMUT00000076823","3,4,5,6","5:50209216-50213079|5:50218569-50220655",2.89636846437,3.19343189662,0.907267130429
"41","5",50220655,50239612,"circular_RNA/12",0,"+",50220655,50220655,"0,0,0",10,"99,146,240,142,105,223,158,99,74,174","0,1347,3973,8793,9295,11154,12818,14432,17081,18783",12,"circRNA","ENSMMUG00000015350","ENSMMUT00000076823","7,8,9,10,11,12,13,14,15,16","5:50218569-50220655|5:50239612-50244950",2.67357089019,3.19343189662,0.837717478252
"42","5",50707088,50715774,"circular_RNA/9",0,"+",50707088,50707088,"0,0,0",2,"124,143","0,8543",9,"circRNA","ENSMMUG00000008514","ENSMMUT00000066043","3,4","5:50701898-50707088|5:50715774-50741749",2.00517816764,16.4870204895,0.122154068301
"43","5",50707088,50741966,"circular_RNA/7",0,"+",50707088,50707088,"0,0,0",3,"124,143,217","0,8543,34661",7,"circRNA","ENSMMUG00000008514","ENSMMUT00000066043","3,4,5","5:50701898-50707088|5:50741966-50748917",1.55958301928,16.4870204895,0.0951434242492
"44","5",50707088,50752858,"circular_RNA/5",0,"+",50707088,50707088,"0,0,0",9,"124,143,217,74,198,92,72,103,138","0,8543,34661,41829,42055,43284,44486,45372,45632",5,"circRNA","ENSMMUG00000008514","ENSMMUT00000066043","3,4,5,6,7,8,9,10,11","5:50701898-50707088|5:50752858-50757993",1.11398787091,16.4870204895,0.0681327801966
"45","5",50741749,50758196,"circular_RNA/1",0,"+",50741749,50741749,"0,0,0",8,"217,74,198,92,72,103,138,203","0,7168,7394,8623,9825,10711,10971,16244",1,"circRNA","ENSMMUG00000008514","ENSMMUT00000066043","5,6,7,8,9,10,11,12","5:50715774-50741749|5:50758196-50760824",0.222797574183,16.4870204895,0.0141114920922
"46","5",50810096,50822270,"circular_RNA/12",0,"+",50810096,50810096,"0,0,0",7,"83,124,199,96,141,143,100","0,1022,3269,6669,7723,10451,12074",12,"circRNA","ENSMMUG00000008501","ENSMMUT00000011885","2,3,4,5,6,7,8","5:50790270-50810096|5:50822270-50830635",2.67357089019,77.5669754517,0.0345923629346
"47","5",50816765,50820690,"circular_RNA/2",0,"+",50816765,50816765,"0,0,0",3,"96,141,143","0,1054,3782",2,"circRNA","ENSMMUG00000008501","ENSMMUT00000011885","5,6,7","5:50813564-50816765|5:50820690-50822170",0.445595148365,77.5669754517,0.00587281401102
"48","5",54840689,54929089,"circular_RNA/3",0,"-",54840689,54840689,"0,0,0",15,"1723,111,158,185,99,233,164,80,104,133,82,122,143,106,119","0,24617,33260,39345,40183,41324,48120,52376,54117,63368,67173,69527,72058,80577,88281",3,"circRNA","ENSMMUG00000011639","ENSMMUT00000042246","16,15,14,13,12,11,10,9,8,7,6,5,4,3,2","None|5:54929089-54979531",0.668392722548,15.9523063115,0.0424996682377
"49","5",54865306,54882246,"circular_RNA/8",0,"-",54865306,54865306,"0,0,0",5,"111,158,185,99,233","0,8643,14728,15566,16707",8,"circRNA","ENSMMUG00000011639","ENSMMUT00000042246","15,14,13,12,11","5:54842412-54865306|5:54882246-54888809",1.78238059346,15.9523063115,0.112288322156
"50","5",54880034,54888973,"circular_RNA/8",0,"-",54880034,54880034,"0,0,0",4,"185,99,233,164","0,838,1979,8775",8,"circRNA","ENSMMUG00000011639","ENSMMUT00000042246","13,12,11,10","5:54874107-54880034|5:54888973-54893065",1.78238059346,15.9523063115,0.112288322156
"51","5",57593796,57595849,"circular_RNA/16",0,"+",57593796,57593796,"0,0,0",3,"197,55,94","0,1434,1959",16,"circRNA","ENSMMUG00000020910","ENSMMUT00000029401","7,8,9","5:57592494-57593796|5:57595849-57600987",3.56476118692,12.7984828725,0.279093255814
"52","5",57782651,57790998,"circular_RNA/1",0,"+",57782651,57782651,"0,0,0",3,"127,91,77","0,5558,8270",1,"circRNA","ENSMMUG00000017501","ENSMMUT00000056972","3,4,5","5:57778788-57782651|5:57790998-57795587",0.222797574183,37.1180758588,0.00627012224033
"53","5",57924657,57925302,"circular_RNA/7",0,"-",57924657,57924657,"0,0,0",2,"155,89","0,556",7,"circRNA","ENSMMUG00000021835","ENSMMUT00000104252","12,11","5:57921472-57924657|5:57925302-57928184",1.55958301928,47.835949751,0.0328049297265
"54","5",57924657,57944415,"circular_RNA/5",0,"-",57924657,57924657,"0,0,0",8,"155,89,141,179,121,56,103,101","0,556,3527,7081,15720,19055,19268,19657",5,"circRNA","ENSMMUG00000021835","ENSMMUT00000104252","12,11,10,9,8,7,6,5","5:57921472-57924657|5:57944415-57958524",1.11398787091,47.835949751,0.0234918081208
"55","5",60658192,60734938,"circular_RNA/2",0,"+",60658192,60658192,"0,0,0",28,"157,148,148,234,95,238,192,110,88,128,144,103,753,149,112,146,143,214,176,163,96,117,172,448,156,150,1634,198","0,4977,5361,6724,9628,12123,13743,14335,16409,18454,18835,19384,20946,25941,36734,36985,40317,40979,41740,43204,46011,48567,59732,63778,65024,68083,69699,76548",2,"circRNA","ENSMMUG00000000790","ENSMMUT00000062341","3,4,5,6,7,8,9,10,11,12,13,14,15,16,17,18,19,20,21,22,23,24,25,26,27,28,29,30","5:60642585-60658192|5:60734938-60741279",0.445595148365,34.7969302224,0.0130892079667
"56","5",60664916,60722418,"circular_RNA/3",0,"+",60664916,60664916,"0,0,0",21,"234,95,238,192,110,88,128,144,103,753,149,112,146,143,214,176,163,96,117,172,448","0,2904,5399,7019,7611,9685,11730,12111,12660,14222,19217,30010,30261,33593,34255,35016,36480,39287,41843,53008,57054",3,"circRNA","ENSMMUG00000000790","ENSMMUT00000062341","6,7,8,9,10,11,12,13,14,15,16,17,18,19,20,21,22,23,24,25,26","5:60663701-60664916|5:60722418-60723216",0.668392722548,34.7969302224,0.0194901623962
"57","5",63010011,63012079,"circular_RNA/8",0,"-",63010011,63010011,"0,0,0",3,"102,118,174","0,907,1894",8,"circRNA","ENSMMUG00000004465","ENSMMUT00000090765","4,3,2","5:63005831-63010011|5:63012079-63067802",1.78238059346,12.2220383552,0.146531636136
"58","5",78143532,78157140,"circular_RNA/2",0,"+",78143532,78143532,"0,0,0",4,"92,90,60,92","0,7075,9895,13516",2,"circRNA","ENSMMUG00000001919","ENSMMUT00000074360","3,4,5,6","5:78121695-78143532|5:78157140-78162325",0.445595148365,16.253613507,0.0280131563732
"59","5",78184039,78184753,"circular_RNA/3",0,"+",78184039,78184039,"0,0,0",2,"101,90","0,624",3,"circRNA","ENSMMUG00000001919","ENSMMUT00000074360","16,17","5:78183137-78184039|5:78184753-78189176",0.668392722548,16.253613507,0.0417122998069
"60","5",80214797,80217083,"circular_RNA/5",0,"-",80214797,80214797,"0,0,0",2,"157,94","0,2192",5,"circRNA","ENSMMUG00000017395","ENSMMUT00000024468","13,12","5:80202475-80214797|5:80217083-80227927",1.11398787091,13.7448964996,0.0817154728095
"61","5",80214797,80236664,"circular_RNA/18",0,"-",80214797,80214797,"0,0,0",4,"157,94,108,110","0,2192,13130,21757",18,"circRNA","ENSMMUG00000017395","ENSMMUT00000024468","13,12,11,10","5:80202475-80214797|5:80236664-80244901",4.01035633529,13.7448964996,0.292285466154
"62","5",80246520,80252638,"circular_RNA/6",0,"-",80246520,80246520,"0,0,0",2,"65,104","0,6014",6,"circRNA","ENSMMUG00000017395","ENSMMUT00000055086","6,5","5:80245870-80246520|5:80252638-80254076",1.3367854451,13.7448964996,0.0979131646057
"63","5",81746301,81781937,"circular_RNA/6",0,"-",81746301,81746301,"0,0,0",7,"109,92,71,92,115,40,71","0,7553,12787,21792,24891,35366,35565",6,"circRNA","ENSMMUG00000008579","ENSMMUT00000042037","8,7,6,5,4,3,2","5:81734276-81746301|5:81781937-81801387",1.3367854451,4.81242760235,0.279275409846
"64","5",81768093,81781937,"circular_RNA/1",0,"-",81768093,81768093,"0,0,0",4,"92,115,40,71","0,3099,13574,13773",1,"circRNA","ENSMMUG00000008579","ENSMMUT00000042037","5,4,3,2","5:81759159-81768093|5:81781937-81801387",0.222797574183,4.81242760235,0.0482739386423
"65","5",85438304,85439739,"circular_RNA/80",0,"+",85438304,85438304,"0,0,0",2,"121,903","0,532",80,"circRNA","ENSMMUG00000014076","ENSMMUT00000019764","2,3","5:85342571-85438304|5:85439739-85477406",17.8238059346,35.5362130821,0.501707619133
"66","5",85507992,85508925,"circular_RNA/11",0,"+",85507992,85507992,"0,0,0",1,"933","0",11,"circRNA","ENSMMUG00000014076","ENSMMUT00000019764","11","5:85502591-85507992|5:85508925-85518744",2.45077331601,35.5362130821,0.0692274395117
"67","5",85564046,85588151,"circular_RNA/8",0,"-",85564046,85564046,"0,0,0",7,"160,169,112,144,187,549,366","0,368,6214,7909,12642,14666,23739",8,"circRNA","ENSMMUG00000014080","ENSMMUT00000019766","8,7,6,5,4,3,2","5:85558125-85564046|5:85588151-85612847",1.78238059346,2.22797574183,0.800893664734
"68","5",85587785,85588151,"circular_RNA/37",0,"-",85587785,85587785,"0,0,0",1,"366","0",37,"circRNA","ENSMMUG00000014080","ENSMMUT00000019766","2","5:85579261-85587785|5:85588151-85612847",8.24351024476,2.22797574183,3.68793552606
"69","5",86500264,86530327,"circular_RNA/1",0,"-",86500264,86500264,"0,0,0",9,"83,251,102,152,158,153,115,60,222","0,6219,7877,10731,14285,22916,23647,24419,29841",1,"circRNA","ENSMMUG00000008797","ENSMMUT00000012302","10,9,8,7,6,5,4,3,2","5:86494397-86500264|5:86530327-86623647",0.222797574183,8.59362071848,0.02705809354
"70","5",87035318,87041713,"circular_RNA/10",0,"+",87035318,87035318,"0,0,0",4,"160,77,222,92","0,4279,5128,6303",10,"circRNA","ENSMMUG00000010138","ENSMMUT00000014157","3,4,5,6","5:86986156-87035318|5:87041713-87042943",2.22797574183,16.7522556969,0.133512802948
"71","5",92611419,92650487,"circular_RNA/4",0,"+",92611419,92611419,"0,0,0",8,"178,169,67,101,102,82,392,200","0,7931,10956,14900,23688,24767,26620,38868",4,"circRNA","ENSMMUG00000022242","ENSMMUT00000031286","3,4,5,6,7,8,9,10","5:92593381-92611419|5:92650487-92656261",0.891190296731,12.9222593026,0.0696854490499
"72","5",92611419,92670263,"circular_RNA/6",0,"+",92611419,92611419,"0,0,0",21,"178,169,67,101,102,82,392,200,91,100,60,76,136,138,96,118,122,189,119,183,110","0,7931,10956,14900,23688,24767,26620,38868,44842,47757,48891,49048,50515,51184,52587,52781,53098,54484,55366,56714,58734",6,"circRNA","ENSMMUG00000022242","ENSMMUT00000031286","3,4,5,6,7,8,9,10,11,12,13,14,15,16,17,18,19,20,21,22,23","5:92593381-92611419|5:92670263-92674473",1.3367854451,12.9222593026,0.10414154353
"73","5",92661934,92666904,"circular_RNA/3",0,"+",92661934,92661934,"0,0,0",7,"136,138,96,118,122,189,119","0,669,2072,2266,2583,3969,4851",3,"circRNA","ENSMMUG00000022242","ENSMMUT00000031286","15,16,17,18,19,20,21","5:92660543-92661934|5:92666904-92668133",0.668392722548,12.9222593026,0.05245740181
"74","5",92959056,92959229,"circular_RNA/6",0,"+",92959056,92959056,"0,0,0",1,"173","0",6,"circRNA","ENSMMUG00000022246","ENSMMUT00000082689","6","5:92949359-92959056|5:92959229-92959903",1.3367854451,100.303467897,0.0134257689753
"75","5",92991348,93011620,"circular_RNA/2",0,"+",92991348,92991348,"0,0,0",2,"188,175","0,20097",2,"circRNA","ENSMMUG00000022246","ENSMMUT00000082689","8,9","5:92959940-92991348|5:93011620-93025964",0.445595148365,100.303467897,0.0045417146662
"76","5",101026034,101071947,"circular_RNA/3",1,"-",101026034,101026034,"0,0,0",10,"175,258,143,145,165,219,168,87,118,152","0,2957,4031,7895,16462,23551,30271,34504,36528,45761",3,"circRNA","ENSMMUG00000003739","ENSMMUT00000054639","17,16,15,14,13,12,11,10,9,8","5:100916197-101026034|5:101071947-101088388",0.668392722548,7.35231994803,0.0921438795565
"77","5",101056305,101071947,"circular_RNA/2",0,"-",101056305,101056305,"0,0,0",4,"168,87,118,152","0,4233,6257,15490",2,"circRNA","ENSMMUG00000003739","ENSMMUT00000054639","11,10,9,8","5:101049804-101056305|5:101071947-101088388",0.445595148365,7.35231994803,0.0618820088751
"78","5",103661356,103680313,"circular_RNA/5",0,"+",103661356,103661356,"0,0,0",2,"113,146","0,18811",5,"circRNA","ENSMMUG00000017831","ENSMMUT00000025055","1,2","None|5:103680313-103722506",1.11398787091,9.01092411139,0.124597863482
"79","5",103722506,103725955,"circular_RNA/6",0,"+",103722506,103722506,"0,0,0",1,"3449","0",6,"circRNA","ENSMMUG00000017831","ENSMMUT00000025055","3","5:103680313-103722506|5:103725955-103729900",1.3367854451,9.01092411139,0.149295729403
"80","5",104181986,104183498,"circular_RNA/3",0,"-",104181986,104181986,"0,0,0",2,"160,188","0,1324",3,"circRNA","ENSMMUG00000011722","ENSMMUT00000082095","5,4","5:104176960-104181986|5:104183498-104185510",0.668392722548,7.53798459318,0.0898773327069
"81","5",106311746,106314293,"circular_RNA/2",1,"+",106311746,106311746,"0,0,0",2,"636,162","0,2385",2,"circRNA","ENSMMUG00000058349","ENSMMUT00000103960","2,3","5:106299092-106311746|5:106314293-106316087",0.445595148365,0.556993935457,0.803527374588
"82","5",107871353,107875336,"circular_RNA/7",0,"+",107871353,107871353,"0,0,0",2,"81,242","0,3741",7,"circRNA","ENSMMUG00000023240","ENSMMUT00000057580","4,5","5:107853570-107871353|5:107875336-107886205",1.55958301928,41.9708192127,0.0373880988679
"83","5",107890504,107892594,"circular_RNA/1",0,"+",107890504,107890504,"0,0,0",2,"103,127","0,1963",1,"circRNA","ENSMMUG00000023240","ENSMMUT00000057580","7,8","5:107886390-107890504|5:107892594-107894265",0.222797574183,41.9708192127,0.00554533185747
"84","5",108344849,108346480,"circular_RNA/1",0,"+",108344849,108344849,"0,0,0",2,"123,148","0,1483",1,"circRNA","ENSMMUG00000010043","ENSMMUT00000014023","19,20","5:108341158-108344849|5:108346480-108351550",0.222797574183,1.29803804089,0.177974620696
"85","5",112944404,112945228,"circular_RNA/10",0,"+",112944404,112944404,"0,0,0",1,"824","0",10,"circRNA","ENSMMUG00000014456","ENSMMUT00000020279","2","5:112916819-112944404|5:112945228-112985902",2.22797574183,1.24766641542,1.77946688756
"86","5",117285558,117296107,"circular_RNA/1",0,"+",117285558,117285558,"0,0,0",3,"687,93,135","0,6631,10414",1,"circRNA","ENSMMUG00000008705","ENSMMUT00000012169","1,2,3","None|5:117296107-117304624",0.222797574183,10.9449308317,0.0212504832536
"87","5",117308264,117320874,"circular_RNA/9",0,"+",117308264,117308264,"0,0,0",7,"106,147,150,163,153,147,739","0,693,1958,7152,8863,10276,11871",9,"circRNA","ENSMMUG00000008705","ENSMMUT00000012169","6,7,8,9,10,11,12","5:117304902-117308264|5:117320874-117322476",2.00517816764,10.9449308317,0.183951701622
"88","5",120186891,120187520,"circular_RNA/9",1,"+",120186891,120186891,"0,0,0",1,"629","0",9,"ciRNA","ENSMMUG00000004571","ENSMMUT00000006463","83","5:120186891-120187520",2.00517816764,9.64925684377,0.208626626275
"89","5",120812992,120905786,"circular_RNA/13",1,"+",120812992,120812992,"0,0,0",5,"155,210,54,80,127","0,42535,59643,60493,92667",13,"circRNA","ENSMMUG00000007422","ENSMMUT00000087260","10,11,12,13,14","5:120781314-120812992|5:120905786-121071351",2.89636846437,7.06875939907,0.410575964024
"90","5",125440485,125459152,"circular_RNA/3",1,"+",125440485,125440485,"0,0,0",5,"204,119,90,78,190","0,5955,11083,15198,18477",3,"circRNA","ENSMMUG00000015241","ENSMMUT00000021365","4,5,6,7,8","5:125434496-125440485|5:125459152-125472190",0.668392722548,1.5892893625,0.424183852188
"91","5",125446440,125459152,"circular_RNA/1",1,"+",125446440,125446440,"0,0,0",4,"119,90,78,190","0,5128,9243,12522",1,"circRNA","ENSMMUG00000015241","ENSMMUT00000021365","5,6,7,8","5:125440689-125446440|5:125459152-125472190",0.222797574183,1.5892893625,0.145563135504
"92","5",125855122,125862673,"circular_RNA/9",0,"+",125855122,125855122,"0,0,0",4,"59,60,175,141","0,473,3911,7410",9,"circRNA","ENSMMUG00000021347","ENSMMUT00000061453","2,3,4,5","5:125842275-125855122|5:125862673-125870815",2.00517816764,12.9890985749,0.15502445466
"93","5",125894205,125902092,"circular_RNA/5",0,"+",125894205,125894205,"0,0,0",2,"173,363","0,7524",5,"circRNA","ENSMMUG00000021347","ENSMMUT00000030048","8,9","5:125887398-125894205|5:125902092-125942051",1.11398787091,12.9890985749,0.0864666010827
"94","5",125901729,125960174,"circular_RNA/5",0,"+",125901729,125901729,"0,0,0",5,"363,123,34,212,107","0,40322,55180,57362,58338",5,"circRNA","ENSMMUG00000021347","ENSMMUT00000030048","9,10,11,12,13","5:125894378-125901729|5:125960174-125983590",1.11398787091,12.9890985749,0.0864666010827
"95","5",125959091,125984825,"circular_RNA/3",0,"+",125959091,125959091,"0,0,0",4,"212,107,161,145","0,976,24499,25589",3,"circRNA","ENSMMUG00000021347","ENSMMUT00000030048","12,13,14,15","5:125956943-125959091|5:125984825-125990929",0.668392722548,12.9890985749,0.0521876742944
"96","5",126663010,126717014,"circular_RNA/2",0,"-",126663010,126663010,"0,0,0",5,"96,79,197,193,146","0,2741,42909,50828,53858",2,"circRNA","ENSMMUG00000002146","ENSMMUT00000091475","19,18,17,16,15","5:126648297-126663010|5:126717014-126719359",0.445595148365,6.60529278753,0.0688699900364
"97","5",126761495,126773378,"circular_RNA/26",0,"-",126761495,126761495,"0,0,0",5,"71,180,66,123,136","0,1036,6223,8020,11747",26,"circRNA","ENSMMUG00000002146","ENSMMUT00000091475","8,7,6,5,4","5:126739967-126761495|5:126773378-126804691",5.79273692875,6.60529278753,0.877170083793
"98","5",136946230,136960043,"circular_RNA/3",0,"-",136946230,136946230,"0,0,0",5,"351,193,87,174,114","0,1542,7595,12141,13699",3,"circRNA","ENSMMUG00000004984","ENSMMUT00000103385","6,5,4,3,2","5:136945505-136946230|5:136960043-136970473",0.668392722548,17.1554132121,0.0395209083618
"99","5",137005188,137017834,"circular_RNA/2",0,"-",137005188,137005188,"0,0,0",3,"166,238,85","0,10748,12561",2,"circRNA","ENSMMUG00000004984","ENSMMUT00000091280","3,2,1","5:136960043-137005188|None",0.445595148365,17.1554132121,0.0265414611775
"100","5",141066620,141069246,"circular_RNA/5",0,"+",141066620,141066620,"0,0,0",2,"107,1360","0,1266",5,"circRNA","ENSMMUG00000000827","ENSMMUT00000107444","8,9","5:141063973-141066620|5:141069246-141074546",1.11398787091,22.0569598441,0.0509353295085
"101","5",141390418,141390883,"circular_RNA/12",0,"+",141390418,141390418,"0,0,0",2,"149,120","0,345",12,"circRNA","ENSMMUG00000000829","ENSMMUT00000001198","15,16","5:141387448-141390418|5:141390883-141391642",2.67357089019,49.2787725442,0.0544458859831
"102","5",143488526,143505948,"circular_RNA/9",0,"-",143488526,143488526,"0,0,0",3,"481,173,1050","0,6446,16372",9,"circRNA","ENSMMUG00000005380","ENSMMUT00000041719","4,3,2","5:143473552-143488526|5:143505948-143541172",2.00517816764,3.30145496289,0.608547659631
"103","5",145141051,145145616,"circular_RNA/5",1,"+",145141051,145141051,"0,0,0",3,"153,134,109","0,3897,4456",5,"circRNA","ENSMMUG00000003659","ENSMMUT00000041713","5,6,7","5:145137817-145141051|5:145145616-145147615",1.11398787091,9.44661714535,0.118857288355
"104","5",145550606,145576959,"circular_RNA/2",0,"+",145550606,145550606,"0,0,0",5,"75,88,59,106,160","0,6750,15328,24527,26193",2,"circRNA","ENSMMUG00000014953","ENSMMUT00000020968","13,14,15,16,17","5:145525165-145550606|5:145576959-145628307",0.445595148365,23.0719265709,0.0197381768357
"105","5",145557356,145576959,"circular_RNA/14",0,"+",145557356,145557356,"0,0,0",4,"88,59,106,160","0,8578,17777,19443",14,"circRNA","ENSMMUG00000014953","ENSMMUT00000020968","14,15,16,17","5:145550681-145557356|5:145576959-145628307",3.11916603856,23.0719265709,0.135567801455
"106","5",145557356,145628458,"circular_RNA/5",0,"+",145557356,145557356,"0,0,0",5,"88,59,106,160,151","0,8578,17777,19443,70951",5,"circRNA","ENSMMUG00000014953","ENSMMUT00000020968","14,15,16,17,18","5:145550681-145557356|5:145628458-145653680",1.11398787091,23.0719265709,0.0486955829903
"107","5",145762181,145803917,"circular_RNA/3",0,"-",145762181,145762181,"0,0,0",3,"145,351,117","0,2550,41619",3,"circRNA","ENSMMUG00000014955","ENSMMUT00000102111","6,5,4","5:145729469-145762181|5:145803917-145871173",0.668392722548,19.2242478295,0.0352700416757
"108","5",145871173,146043390,"circular_RNA/12",0,"-",145871173,145871173,"0,0,0",2,"140,1759","0,170458",12,"circRNA","ENSMMUG00000014955","ENSMMUT00000102111","3,2","5:145803917-145871173|5:146043390-146048677",2.67357089019,19.2242478295,0.139520448836
"109","5",146041631,146043390,"circular_RNA/152",0,"-",146041631,146041631,"0,0,0",1,"1759","0",152,"circRNA","ENSMMUG00000014955","ENSMMUT00000102111","2","5:145871313-146041631|5:146043390-146048677",33.8652312758,19.2242478295,1.76119344911
"110","5",148393010,148526431,"circular_RNA/1",0,"-",148393010,148393010,"0,0,0",19,"109,65,62,134,79,134,442,160,108,122,181,154,179,1062,193,124,82,109,93","0,26672,63297,70456,72456,81568,94295,97912,105109,105659,109384,109992,111290,112451,127931,128442,131197,131994,133328",1,"circRNA","ENSMMUG00000002212","ENSMMUT00000079944","35,34,33,32,31,30,29,28,27,26,25,24,23,22,21,20,19,18,17","5:148323743-148393010|5:148526431-148549553",0.222797574183,20.4716694124,0.011366142549
"111","5",148456307,148474712,"circular_RNA/10",0,"-",148456307,148456307,"0,0,0",4,"62,134,79,134","0,7159,9159,18271",10,"circRNA","ENSMMUG00000002212","ENSMMUT00000079944","33,32,31,30","5:148419747-148456307|5:148474712-148487305",2.22797574183,20.4716694124,0.109267252428
"112","5",149982169,149987501,"circular_RNA/3",0,"-",149982169,149982169,"0,0,0",2,"124,135","0,5197",3,"circRNA","ENSMMUG00000020330","ENSMMUT00000073363","5,4","5:149980478-149982169|5:149987501-149996074",0.668392722548,10.9393608924,0.0619572894906
"113","5",150902014,150959585,"circular_RNA/1",0,"+",150902014,150902014,"0,0,0",10,"185,238,152,181,724,104,168,169,71,141","0,4858,22195,23525,24536,43559,43902,51581,53004,57430",1,"circRNA","ENSMMUG00000009001","ENSMMUT00000006961","2,3,4,5,6,7,8,9,10,11","5:150835691-150902014|5:150959585-151028191",0.222797574183,35.4495695811,0.00656515510293
"114","5",150924209,150927274,"circular_RNA/7",0,"+",150924209,150924209,"0,0,0",3,"152,181,724","0,1330,2341",7,"circRNA","ENSMMUG00000009001","ENSMMUT00000006961","4,5,6","5:150907110-150924209|5:150927274-150945573",1.55958301928,35.4495695811,0.0442640178046
"115","5",153311662,153329317,"circular_RNA/10",0,"+",153311662,153311662,"0,0,0",5,"367,62,59,710,486","0,7193,11859,14122,17169",10,"circRNA","ENSMMUG00000023244","ENSMMUT00000032691","3,4,5,6,7","5:153281284-153311662|5:153329317-153335193",2.22797574183,101.060979649,0.022142614523
"116","5",153318855,153326494,"circular_RNA/5",0,"+",153318855,153318855,"0,0,0",3,"62,59,710","0,4666,6929",5,"circRNA","ENSMMUG00000023244","ENSMMUT00000067132","5,6,7","5:153312029-153318855|5:153326494-153328831",1.11398787091,101.060979649,0.0111207774458
"117","5",153323521,153326494,"circular_RNA/2",0,"+",153323521,153323521,"0,0,0",2,"59,710","0,2263",2,"circRNA","ENSMMUG00000023244","ENSMMUT00000067132","6,7","5:153318917-153323521|5:153326494-153328831",0.445595148365,101.060979649,0.00450767519962
"118","5",154493298,154493494,"circular_RNA/2",1,"-",154493298,154493298,"0,0,0",1,"196","0",2,"circRNA","ENSMMUG00000022900","ENSMMUT00000107764","2","5:154447051-154493298|5:154493494-154614841",0.445595148365,19.2942699242,0.0236007448173
"119","5",156892521,156903264,"circular_RNA/7",0,"+",156892521,156892521,"0,0,0",2,"132,178","0,10565",7,"circRNA","ENSMMUG00000010581","ENSMMUT00000056596","8,9","5:156832460-156892521|5:156903264-156909802",1.55958301928,96.9940670067,0.0161805898218
"120","5",162506536,162509008,"circular_RNA/7",0,"-",162506536,162506536,"0,0,0",2,"265,147","0,2325",7,"circRNA","ENSMMUG00000021912","ENSMMUT00000106383","3,2","5:162495765-162506536|5:162509008-162520424",1.55958301928,9.09014102665,0.172478977489
"121","5",165749480,165801792,"circular_RNA/9",0,"-",165749480,165749480,"0,0,0",21,"162,125,129,105,110,143,116,96,120,150,150,167,274,161,116,106,156,142,159,114,117","0,3149,5109,5749,17002,17259,18292,20917,21791,23299,24054,25153,28643,32057,33771,34299,42470,43704,47435,50361,52195",9,"circRNA","ENSMMUG00000003634","ENSMMUT00000091914","23,22,21,20,19,18,17,16,15,14,13,12,11,10,9,8,7,6,5,4,3","5:165744807-165749480|5:165801792-165805473",2.00517816764,20.4973768248,0.0982660134866
"122","5",165778123,165783885,"circular_RNA/6",0,"-",165778123,165778123,"0,0,0",4,"274,161,116,106","0,3414,5128,5656",6,"circRNA","ENSMMUG00000003634","ENSMMUT00000091914","11,10,9,8","5:165774800-165778123|5:165783885-165791950",1.3367854451,20.4973768248,0.0656732187937
"123","5",166790778,166864033,"circular_RNA/7",0,"-",166790778,166790778,"0,0,0",11,"153,229,66,132,96,78,84,84,103,132,164","0,7823,8139,10072,31613,32271,32797,33316,57431,72879,73091",7,"circRNA","ENSMMUG00000012244","ENSMMUT00000059028","26,25,24,23,22,21,20,19,18,17,16","5:166765220-166790778|5:166864033-166869590",1.55958301928,8.3415411774,0.187939325921
"124","5",166863657,166864033,"circular_RNA/1",0,"-",166863657,166863657,"0,0,0",2,"132,164","0,212",1,"circRNA","ENSMMUG00000012244","ENSMMUT00000059028","17,16","5:166848312-166863657|5:166864033-166869590",0.222797574183,8.3415411774,0.0278748040916
"125","5",171578979,171589129,"circular_RNA/5",0,"+",171578979,171578979,"0,0,0",5,"139,148,147,123,171","0,3317,4972,5515,9979",5,"circRNA","ENSMMUG00000001743","ENSMMUT00000085020","3,4,5,6,7","5:171578301-171578979|5:171589129-171601702",1.11398787091,5.70361789908,0.196720867717
"126","5",174695877,174696298,"circular_RNA/6",1,"+",174695877,174695877,"0,0,0",1,"421","0",6,"circRNA","ENSMMUG00000007394","ENSMMUT00000010342","8","5:174694162-174695877|5:174696298-174702996",1.3367854451,1.51007244724,0.886000826833
"127","5",180980388,180998714,"circular_RNA/7",0,"+",180980388,180980388,"0,0,0",10,"225,170,71,115,100,74,97,134,148,94","0,2456,3243,4179,10517,10970,13285,15170,15947,18232",7,"circRNA","ENSMMUG00000023651","ENSMMUT00000033300","2,3,4,5,6,7,8,9,10,11","5:180976381-180980388|5:180998714-180999868",1.55958301928,20.7725973576,0.075523910331
"128","5",181962376,181979473,"circular_RNA/8",0,"+",181962376,181962376,"0,0,0",5,"98,130,148,276,163","0,2400,6522,11471,16934",8,"circRNA","ENSMMUG00000012175","ENSMMUT00000099313","4,5,6,7,8","5:181960721-181962376|5:181979473-181983305",1.78238059346,5.27287592232,0.339281221027
"129","5",181962376,181987249,"circular_RNA/6",0,"+",181962376,181962376,"0,0,0",8,"98,130,148,276,163,89,90,109","0,2400,6522,11471,16934,20929,24597,24764",6,"circRNA","ENSMMUG00000012175","ENSMMUT00000099313","4,5,6,7,8,9,10,11","5:181960721-181962376|5:181987249-181991537",1.3367854451,5.27287592232,0.254934142861
"130","5",181964776,181979473,"circular_RNA/2",0,"+",181964776,181964776,"0,0,0",4,"130,148,276,163","0,4122,9071,14534",2,"circRNA","ENSMMUG00000012175","ENSMMUT00000099313","5,6,7,8","5:181962474-181964776|5:181979473-181983305",0.445595148365,5.27287592232,0.0862399865271
"131","5",182103472,182103699,"circular_RNA/11",0,"-",182103472,182103472,"0,0,0",1,"227","0",11,"circRNA","ENSMMUG00000012177","ENSMMUT00000057064","2","5:182086849-182103472|5:182103699-182126337",2.45077331601,142.022313663,0.0173254469532
"132","5",182891511,182909485,"circular_RNA/19",0,"-",182891511,182891511,"0,0,0",7,"201,129,115,47,89,188,50","0,3231,3445,5973,7450,14215,17924",19,"circRNA","ENSMMUG00000015733","ENSMMUT00000104857","12,11,10,9,8,7,6","5:182887093-182891511|5:182909485-182925777",4.23315390947,72.3932974969,0.0586044290269
"133","5",183982746,183986029,"circular_RNA/1",0,"-",183982746,183982746,"0,0,0",1,"3283","0",1,"circRNA","ENSMMUG00000018051","ENSMMUT00000041413","1","5:183937850-183982746|None",0.222797574183,3.18282248832,0.0729127832927
"134","20",112604,115092,"circular_RNA/6",0,"-",112604,112604,"0,0,0",2,"157,138","0,2350",6,"circRNA","ENSMMUG00000000590","ENSMMUT00000000855","8,7","20:107906-112604|20:115092-125682",1.3367854451,11.3998092123,0.118037507906
"135","20",336002,344686,"circular_RNA/3",0,"-",336002,336002,"0,0,0",3,"138,97,141","0,4827,8543",3,"circRNA","ENSMMUG00000000605","ENSMMUT00000105526","6,5,4","20:329355-336002|20:344686-379736",0.668392722548,11.6077536149,0.0583927620636
"136","20",910031,926640,"circular_RNA/1",0,"-",910031,910031,"0,0,0",2,"66,149","0,16460",1,"circRNA","ENSMMUG00000011133","ENSMMUT00000015559","5,4","20:889800-910031|20:926640-949484",0.222797574183,5.56993935457,0.041720448806
"137","20",1323180,1329604,"circular_RNA/3",0,"+",1323180,1323180,"0,0,0",5,"77,84,73,110,80","0,269,1605,6078,6344",3,"circRNA","ENSMMUG00000044277","ENSMMUT00000093551","2,3,4,5,6","20:1312890-1323180|20:1329604-1333877",0.668392722548,69.0301150676,0.00982606593114
"138","20",1473342,1474528,"circular_RNA/5",0,"-",1473342,1473342,"0,0,0",2,"170,94","0,1092",5,"circRNA","ENSMMUG00000021518","ENSMMUT00000039670","16,15","20:1471961-1473342|20:1474528-1475672",1.11398787091,22.9799783657,0.0488903405228
"139","20",2300958,2301956,"circular_RNA/2",0,"-",2300958,2300958,"0,0,0",3,"154,103,192","0,455,806",2,"circRNA","ENSMMUG00000019238","ENSMMUT00000027024","6,5,4","20:2292993-2300958|20:2301956-2302824",0.445595148365,85.6378175765,0.00531940172274
"140","20",2605096,2613803,"circular_RNA/7",0,"+",2605096,2605096,"0,0,0",5,"261,43,138,145,98","0,3731,4036,7804,8609",7,"circRNA","ENSMMUG00000011459","ENSMMUT00000058708","2,3,4,5,6","20:2574785-2605096|20:2613803-2625737",1.55958301928,18.0466035088,0.0869257066267
"141","20",3796431,3806132,"circular_RNA/5",0,"-",3796431,3796431,"0,0,0",5,"57,81,89,240,119","0,2088,7648,8167,9582",5,"circRNA","ENSMMUG00000002286","ENSMMUT00000039620","20,19,18,17,16","20:3792878-3796431|20:3806132-3815046",1.11398787091,37.1002520529,0.0302877994282
"142","20",3859762,3896728,"circular_RNA/2",0,"-",3859762,3859762,"0,0,0",2,"177,713","0,36253",2,"circRNA","ENSMMUG00000002286","ENSMMUT00000039620","3,2","20:3841924-3859762|20:3896728-3927156",0.445595148365,37.1002520529,0.0122768001607
"143","20",3896015,3896728,"circular_RNA/5",0,"-",3896015,3896015,"0,0,0",1,"713","0",5,"circRNA","ENSMMUG00000002286","ENSMMUT00000039620","2","20:3859939-3896015|20:3896728-3927156",1.11398787091,37.1002520529,0.0302877994282
"144","20",4319128,4320043,"circular_RNA/31",0,"-",4319128,4319128,"0,0,0",3,"171,99,166","0,537,749",31,"circRNA","ENSMMUG00000044729","ENSMMUT00000055358","4,3,2","20:4317748-4319128|20:4320043-4330380",6.90672479966,5.62563874811,1.22731869604
"145","20",4399798,4400391,"circular_RNA/4",1,"+",4399798,4399798,"0,0,0",3,"177,134,119","0,259,474",4,"circRNA","ENSMMUG00000015758","ENSMMUT00000022118","3,4,5","20:4397902-4399798|20:4400391-4402040",0.891190296731,1.69326156379,0.529096831567
"146","20",4538978,4542970,"circular_RNA/4",0,"-",4538978,4538978,"0,0,0",2,"250,239","0,3753",4,"circRNA","ENSMMUG00000020540","ENSMMUT00000028904","3,2","20:4537312-4538978|20:4542970-4547955",0.891190296731,27.7382979857,0.0324773179672
"147","20",4726612,4729370,"circular_RNA/5",0,"+",4726612,4726612,"0,0,0",3,"119,89,147","0,1906,2611",5,"circRNA","ENSMMUG00000001888","ENSMMUT00000104164","2,3,4","20:4706589-4726612|20:4729370-4734273",1.11398787091,15.9618547789,0.0703730334685
"148","20",4728518,4734391,"circular_RNA/7",0,"+",4728518,4728518,"0,0,0",3,"89,147,118","0,705,5755",7,"circRNA","ENSMMUG00000001888","ENSMMUT00000104164","3,4,5","20:4726731-4728518|20:4734391-4742937",1.55958301928,15.9618547789,0.0982718063123
"149","20",4762015,4764377,"circular_RNA/7",0,"+",4762015,4762015,"0,0,0",4,"227,124,46,90","0,1250,1653,2272",7,"circRNA","ENSMMUG00000001888","ENSMMUT00000104164","13,14,15,16","20:4760577-4762015|20:4764377-4769190",1.55958301928,15.9618547789,0.0982718063123
"150","20",8939604,8941514,"circular_RNA/11",0,"-",8939604,8939604,"0,0,0",4,"91,81,55,131","0,192,1250,1779",11,"circRNA","ENSMMUG00000047388","ENSMMUT00000039572","8,7,6,5","20:8934714-8939604|20:8941514-8943075",2.45077331601,42.7503985342,0.0575479509164
"151","20",8954029,8955043,"circular_RNA/4",0,"-",8954029,8954029,"0,0,0",2,"175,105","0,909",4,"circRNA","ENSMMUG00000047388","ENSMMUT00000039574","2,1","20:8947502-8954029|None",0.891190296731,42.7503985342,0.0210753483977
"152","20",10415107,10415946,"circular_RNA/5",0,"+",10415107,10415107,"0,0,0",1,"839","0",5,"circRNA","ENSMMUG00000005913","ENSMMUT00000008269","3","20:10413676-10415107|20:10415946-10418023",1.11398787091,1.07685494188,1.03416548759
"153","20",10931898,10946762,"circular_RNA/2",0,"+",10931898,10931898,"0,0,0",6,"149,106,124,175,54,114","0,2280,4101,8747,10872,14750",2,"circRNA","ENSMMUG00000006515","ENSMMUT00000091474","4,5,6,7,8,9","20:10925274-10931898|20:10946762-10966259",0.445595148365,10.5643183092,0.0430850609035
"154","20",10983804,11008627,"circular_RNA/4",0,"+",10983804,10983804,"0,0,0",6,"133,101,123,110,45,51","0,4200,17269,19780,21541,24772",4,"circRNA","ENSMMUG00000006515","ENSMMUT00000091474","11,12,13,14,15,16","20:10966443-10983804|20:11008627-11012742",0.891190296731,10.5643183092,0.0852244343682
"155","20",10983804,11022179,"circular_RNA/1",0,"+",10983804,10983804,"0,0,0",8,"133,101,123,110,45,51,129,121","0,4200,17269,19780,21541,24772,28938,38254",1,"circRNA","ENSMMUG00000006515","ENSMMUT00000091474","11,12,13,14,15,16,17,18","20:10966443-10983804|20:11022179-11082755",0.222797574183,10.5643183092,0.0220153741713
"156","20",10983804,11088567,"circular_RNA/12",0,"+",10983804,10983804,"0,0,0",11,"133,101,123,110,45,51,129,121,152,205,168","0,4200,17269,19780,21541,24772,28938,38254,98951,102349,104595",12,"circRNA","ENSMMUG00000006515","ENSMMUT00000091474","11,12,13,14,15,16,17,18,19,20,21","20:10966443-10983804|20:11088567-11129359",2.67357089019,10.5643183092,0.253781928227
"157","20",11732674,11736351,"circular_RNA/6",0,"-",11732674,11732674,"0,0,0",4,"39,81,159,198","0,132,433,3479",6,"circRNA","ENSMMUG00000011242","ENSMMUT00000084205","6,5,4,3","20:11731353-11732674|20:11736351-11738399",1.3367854451,17.5019872164,0.0769064885931
"158","20",11800405,11804941,"circular_RNA/4",0,"-",11800405,11800405,"0,0,0",4,"102,149,139,140","0,192,1154,4396",4,"circRNA","ENSMMUG00000019632","ENSMMUT00000060218","5,4,3,2","20:11796582-11800405|20:11804941-11806019",0.891190296731,33.5087551571,0.02688615053
"159","20",13898412,13905841,"circular_RNA/2",1,"+",13898412,13898412,"0,0,0",4,"208,181,111,598","0,2691,5868,6831",2,"circRNA","ENSMMUG00000015665","ENSMMUT00000093674","4,5,6,7","20:13897138-13898412|20:13905841-13907898",0.445595148365,7.30776043319,0.0622588225625
"160","20",13901103,13905841,"circular_RNA/2",1,"+",13901103,13901103,"0,0,0",3,"181,111,598","0,3177,4140",2,"circRNA","ENSMMUG00000015665","ENSMMUT00000093674","5,6,7","20:13898620-13901103|20:13905841-13907898",0.445595148365,7.30776043319,0.0622588225625
"161","20",14204904,14211225,"circular_RNA/5",0,"+",14204904,14204904,"0,0,0",2,"138,248","0,6073",5,"circRNA","ENSMMUG00000017379","ENSMMUT00000090719","9,10","20:14187915-14204904|20:14211225-14216682",1.11398787091,9.71397423437,0.115589351002
"162","20",14633032,14643210,"circular_RNA/2",0,"+",14633032,14633032,"0,0,0",4,"336,205,170,145","0,3385,4796,10033",2,"circRNA","ENSMMUG00000008264","ENSMMUT00000011547","2,3,4,5","20:14615918-14633032|20:14643210-14651810",0.445595148365,11.2990198336,0.0402859978202
"163","20",15200417,15203087,"circular_RNA/1",0,"-",15200417,15200417,"0,0,0",3,"81,179,190","0,1274,2480",1,"circRNA","ENSMMUG00000018035","ENSMMUT00000025335","13,12,11","20:15197515-15200417|20:15203087-15204775",0.222797574183,23.8475921996,0.00975779836604
"164","20",15458849,15463233,"circular_RNA/2",0,"-",15458849,15458849,"0,0,0",2,"85,198","0,4186",2,"circRNA","ENSMMUG00000038422","ENSMMUT00000077427","3,2","20:15452671-15458849|20:15463233-15467890",0.445595148365,12.9222593026,0.0352293545702
"165","20",15684359,15684567,"circular_RNA/3",0,"+",15684359,15684359,"0,0,0",1,"208","0",3,"circRNA","ENSMMUG00000005914","ENSMMUT00000008275","22","20:15679849-15684359|20:15684567-15688103",0.668392722548,8.19152414412,0.082715445401
"166","20",15695201,15695401,"circular_RNA/5",0,"+",15695201,15695201,"0,0,0",1,"200","0",5,"circRNA","ENSMMUG00000005914","ENSMMUT00000008275","24","20:15688414-15695201|20:15695401-15698403",1.11398787091,8.19152414412,0.137046218625
"167","20",16960771,16961282,"circular_RNA/12",0,"+",16960771,16960771,"0,0,0",1,"511","0",12,"circRNA","ENSMMUG00000017131","ENSMMUT00000024084","3","20:16862941-16960771|20:16961282-17020652",2.67357089019,15.798373442,0.169756294032
"168","20",17661609,17666239,"circular_RNA/3",0,"-",17661609,17661609,"0,0,0",5,"153,138,470,190,151","0,2284,3545,4186,4479",3,"circRNA","ENSMMUG00000022441","ENSMMUT00000083643","56,55,54,53,52","20:17659547-17661609|20:17666239-17668863",0.668392722548,27.9200539015,0.02428898723
"169","20",17677647,17686415,"circular_RNA/3",0,"-",17677647,17677647,"0,0,0",8,"230,247,223,155,218,162,178,231","0,636,3712,5734,6097,7515,8250,8537",3,"circRNA","ENSMMUG00000022441","ENSMMUT00000083643","41,40,39,38,37,36,35,34","20:17676011-17677647|20:17686415-17687999",0.668392722548,27.9200539015,0.02428898723
"170","20",17681359,17686415,"circular_RNA/17",0,"-",17681359,17681359,"0,0,0",6,"223,155,218,162,178,231","0,2022,2385,3803,4538,4825",17,"circRNA","ENSMMUG00000022441","ENSMMUT00000083643","39,38,37,36,35,34","20:17678530-17681359|20:17686415-17687999",3.78755876111,27.9200539015,0.135966753752
"171","20",18470580,18481166,"circular_RNA/1",0,"+",18470580,18470580,"0,0,0",5,"81,64,99,78,115","0,2542,5153,8056,10471",1,"circRNA","ENSMMUG00000013338","ENSMMUT00000055097","22,23,24,25,26","20:18468382-18470580|20:18481166-18498577",0.222797574183,17.6752742185,0.0131633567739
"172","20",19555332,19563967,"circular_RNA/4",0,"+",19555332,19555332,"0,0,0",4,"104,121,105,138","0,838,7916,8497",4,"circRNA","ENSMMUG00000016748","ENSMMUT00000023534","11,12,13,14","20:19551800-19555332|20:19563967-19567407",0.891190296731,3.21818718264,0.27916296229
"173","20",19755584,19812910,"circular_RNA/2",0,"-",19755584,19755584,"0,0,0",19,"135,220,92,177,114,109,199,115,111,93,202,137,180,117,115,92,212,145,154","0,1036,4219,6389,7905,8246,9994,13148,16285,18446,20613,25332,27721,29012,33590,39740,45047,55876,57172",2,"circRNA","ENSMMUG00000016753","ENSMMUT00000023543","36,35,34,33,32,31,30,29,28,27,26,25,24,23,22,21,20,19,18","20:19752641-19755584|20:19812910-19819257",0.445595148365,0.0646831666982,6.10037266103
"174","20",22376459,22379853,"circular_RNA/3",0,"+",22376459,22376459,"0,0,0",2,"112,129","0,3265",3,"circRNA","ENSMMUG00000014271","ENSMMUT00000106449","4,5","20:22332250-22376459|20:22379853-22438301",0.668392722548,20.3581283409,0.0333065813016
"175","20",23145611,23148197,"circular_RNA/2",0,"+",23145611,23145611,"0,0,0",1,"2586","0",2,"circRNA","ENSMMUG00000020428","ENSMMUT00000098311","6","20:23133652-23145611|20:23148197-23149890",0.445595148365,16.3278793651,0.0278858190946
"176","20",23151288,23161989,"circular_RNA/13",0,"+",23151288,23151288,"0,0,0",6,"176,33,81,52,143,138","0,1361,2924,3349,9726,10563",13,"circRNA","ENSMMUG00000020428","ENSMMUT00000098311","8,9,10,11,12,13","20:23150067-23151288|20:23161989-23163053",2.89636846437,16.3278793651,0.177891414144
"177","20",23163053,23166928,"circular_RNA/7",0,"+",23163053,23163053,"0,0,0",4,"129,78,211,132","0,596,965,3743",7,"circRNA","ENSMMUG00000020428","ENSMMUT00000098311","14,15,16,17","20:23161989-23163053|20:23166928-23172660",1.55958301928,16.3278793651,0.0960701804809
"178","20",23518376,23529113,"circular_RNA/2",0,"+",23518376,23518376,"0,0,0",4,"103,121,102,92","0,3542,9010,10645",2,"circRNA","ENSMMUG00000005942","ENSMMUT00000039436","6,7,8,9","20:23506564-23518376|20:23529113-23533170",0.445595148365,26.6141829524,0.0171120799906
"179","20",26951191,26954327,"circular_RNA/6",0,"-",26951191,26951191,"0,0,0",5,"163,88,66,160,364","0,264,436,596,2772",6,"circRNA","ENSMMUG00000011798","ENSMMUT00000106542","20,19,18,17,16","20:26951094-26951191|20:26954327-26960601",1.3367854451,194.808628926,0.00691302188361
"180","20",27369384,27370578,"circular_RNA/9",0,"+",27369384,27369384,"0,0,0",2,"926,169","0,1025",9,"circRNA","ENSMMUG00000020275","ENSMMUT00000028521","6,7","20:27369125-27369384|20:27370578-27370660",2.00517816764,14.630374038,0.137645265238
"181","20",27902265,27902735,"circular_RNA/1",0,"+",27902265,27902265,"0,0,0",2,"198,131","0,339",1,"circRNA","ENSMMUG00000016876","ENSMMUT00000039382","14,15","20:27901014-27902265|20:27902735-27905705",0.222797574183,20.029501919,0.0116169341496
"182","20",28122836,28131618,"circular_RNA/2",0,"+",28122836,28122836,"0,0,0",8,"170,193,137,187,170,266,288,165","0,310,2550,2777,6654,7208,7684,8617",2,"circRNA","ENSMMUG00000010556","ENSMMUT00000054901","15,16,17,18,19,20,21,22","20:28122440-28122836|20:28131618-28132298",0.445595148365,25.0786519439,0.0181594112503
"183","20",28516702,28517271,"circular_RNA/12",0,"-",28516702,28516702,"0,0,0",1,"569","0",12,"circRNA","ENSMMUG00000016031","ENSMMUT00000022539","3","20:28516301-28516702|20:28517271-28519238",2.67357089019,20.9429719732,0.128075907018
"184","20",33733378,33743972,"circular_RNA/9",0,"-",33733378,33733378,"0,0,0",6,"144,240,180,123,156,208","0,519,1254,7096,9825,10386",9,"circRNA","ENSMMUG00000011940","ENSMMUT00000016723","16,15,14,13,12,11","20:33731840-33733378|20:33743972-33745809",2.00517816764,66.1911338572,0.0304402364465
"185","20",33749090,33750935,"circular_RNA/3",0,"-",33749090,33749090,"0,0,0",2,"84,214","0,1631",3,"circRNA","ENSMMUG00000011940","ENSMMUT00000016723","7,6","20:33748480-33749090|20:33750935-33752439",0.668392722548,66.1911338572,0.0102474486919
"186","20",34061116,34061782,"circular_RNA/5",0,"-",34061116,34061116,"0,0,0",2,"134,81","0,585",5,"circRNA","ENSMMUG00000002247","ENSMMUT00000003181","5,4","20:34058408-34061116|20:34061782-34065259",1.11398787091,35.2975013955,0.0318342512635
"187","20",34540184,34621036,"circular_RNA/7",1,"+",34540184,34540184,"0,0,0",7,"112,90,139,100,108,81,116","0,32743,35222,38649,47275,51113,80736",7,"circRNA","ENSMMUG00000004718","ENSMMUT00000085022","2,3,4,5,6,7,8","20:34537713-34540184|20:34621036-34653042",1.55958301928,22.7877358874,0.06884819734
"188","20",34572927,34591378,"circular_RNA/13",0,"+",34572927,34572927,"0,0,0",5,"90,139,100,108,81","0,2479,5906,14532,18370",13,"circRNA","ENSMMUG00000004718","ENSMMUT00000085022","3,4,5,6,7","20:34540296-34572927|20:34591378-34620920",2.89636846437,22.7877358874,0.127484960731
"189","20",34572927,34621036,"circular_RNA/11",0,"+",34572927,34572927,"0,0,0",6,"90,139,100,108,81,116","0,2479,5906,14532,18370,47993",11,"circRNA","ENSMMUG00000004718","ENSMMUT00000085022","3,4,5,6,7,8","20:34540296-34572927|20:34621036-34653042",2.45077331601,22.7877358874,0.107939372934
"190","20",35315501,35358981,"circular_RNA/6",0,"+",35315501,35315501,"0,0,0",9,"132,123,164,95,259,142,151,127,134","0,1667,4467,5853,11996,19275,36222,39855,43346",6,"circRNA","ENSMMUG00000007397","ENSMMUT00000039358","3,4,5,6,7,8,9,10,11","20:35311296-35315501|20:35358981-35393487",1.3367854451,20.3859780377,0.0660319128904
"191","20",35334776,35358981,"circular_RNA/31",0,"+",35334776,35334776,"0,0,0",4,"142,151,127,134","0,16947,20580,24071",31,"circRNA","ENSMMUG00000007397","ENSMMUT00000039358","8,9,10,11","20:35327756-35334776|20:35358981-35393487",6.90672479966,20.3859780377,0.339121996841
"192","20",37164320,37175849,"circular_RNA/2",0,"+",37164320,37164320,"0,0,0",6,"141,278,91,158,83,137","0,3307,9124,9322,9758,11392",2,"circRNA","ENSMMUG00000020065","ENSMMUT00000028212","6,7,8,9,10,11","20:37161176-37164320|20:37175849-37188501",0.445595148365,19.3993030663,0.0234730297532
"193","20",37175712,37196809,"circular_RNA/3",0,"+",37175712,37175712,"0,0,0",4,"137,89,144,177","0,12789,18611,20920",3,"circRNA","ENSMMUG00000020065","ENSMMUT00000028212","11,12,13,14","20:37174161-37175712|20:37196809-37199314",0.668392722548,19.3993030663,0.0349519362045
"194","20",37890325,37891231,"circular_RNA/7",1,"+",37890325,37890325,"0,0,0",1,"906","0",7,"ciRNA","ENSMMUG00000012209","ENSMMUT00000078247","12","20:37890325-37891231",1.55958301928,18.9795683507,0.0826550130205
"195","20",40272627,40274242,"circular_RNA/8",0,"+",40272627,40272627,"0,0,0",1,"1615","0",8,"circRNA","ENSMMUG00000016310","ENSMMUT00000022909","1","None|20:40274242-40328686",1.78238059346,13.4280700116,0.133380804826
"196","20",40577775,40589549,"circular_RNA/12",0,"+",40577775,40577775,"0,0,0",7,"129,161,65,187,167,110,104","0,1739,1992,2935,8386,10867,11670",12,"circRNA","ENSMMUG00000043440","ENSMMUT00000062757","5,6,7,8,9,10,11","20:40573145-40577775|20:40589549-40591132",2.67357089019,39.2819972981,0.0682981541974
"197","20",40586161,40592328,"circular_RNA/4",0,"+",40586161,40586161,"0,0,0",5,"167,110,104,138,165","0,2481,3284,4971,6002",4,"circRNA","ENSMMUG00000043440","ENSMMUT00000062757","9,10,11,12,13","20:40580897-40586161|20:40592328-40594086",0.891190296731,39.2819972981,0.0229357212334
"198","20",40588642,40594198,"circular_RNA/3",0,"+",40588642,40588642,"0,0,0",5,"110,104,138,165,112","0,803,2490,3521,5444",3,"circRNA","ENSMMUG00000043440","ENSMMUT00000062757","10,11,12,13,14","20:40586328-40588642|20:40594198-40597161",0.668392722548,39.2819972981,0.0172654171128
"199","20",40591132,40608014,"circular_RNA/1",0,"+",40591132,40591132,"0,0,0",9,"138,165,112,270,281,177,72,106,209","0,1031,2954,6029,6500,6868,15270,16000,16673",1,"circRNA","ENSMMUG00000043440","ENSMMUT00000062757","12,13,14,15,16,17,18,19,20","20:40589549-40591132|20:40608014-40608876",0.222797574183,39.2819972981,0.00592480887181
"200","20",40775850,40782976,"circular_RNA/3",0,"-",40775850,40775850,"0,0,0",5,"453,118,180,51,107","0,4683,5685,6661,7019",3,"circRNA","ENSMMUG00000020580","ENSMMUT00000060578","15,14,13,12,11","20:40772430-40775850|20:40782976-40788974",0.668392722548,2.7537780169,0.245458469674
"201","20",40948407,41014789,"circular_RNA/1",0,"+",40948407,40948407,"0,0,0",5,"628,144,80,144,120","0,17612,50459,56495,66262",1,"circRNA","ENSMMUG00000020583","ENSMMUT00000028956","2,3,4,5,6","20:40825137-40948407|20:41014789-41060311",0.222797574183,51.6519042814,0.00450617485788
"202","20",40998866,41014789,"circular_RNA/19",0,"+",40998866,40998866,"0,0,0",3,"80,144,120","0,6036,15803",19,"circRNA","ENSMMUG00000020583","ENSMMUT00000028956","4,5,6","20:40966163-40998866|20:41014789-41060311",4.23315390947,51.6519042814,0.0821331301757
"203","20",41004902,41060436,"circular_RNA/5",0,"+",41004902,41004902,"0,0,0",3,"144,120,125","0,9767,55409",5,"circRNA","ENSMMUG00000020583","ENSMMUT00000098509","6,7,8","20:40998946-41004902|20:41060436-41064048",1.11398787091,51.6519042814,0.0217566093729
"204","20",45256674,45264363,"circular_RNA/1",1,"+",45256674,45256674,"0,0,0",3,"184,54,106","0,4193,7583",1,"circRNA","ENSMMUG00000022669","ENSMMUT00000061349","3,4,5","20:45245310-45256674|20:45264363-45265896",0.222797574183,10.4714859866,0.022210359722
"205","20",45838878,45851501,"circular_RNA/1",0,"-",45838878,45838878,"0,0,0",5,"55,69,99,108,276","0,144,567,1902,12347",1,"circRNA","ENSMMUG00000014625","ENSMMUT00000020511","6,5,4,3,2","20:45838126-45838878|20:45851501-45879721",0.222797574183,66.5700585193,0.00349650600135
"206","20",53781456,53783156,"circular_RNA/1",0,"+",53781456,53781456,"0,0,0",3,"156,96,121","0,1133,1579",1,"circRNA","ENSMMUG00000020847","ENSMMUT00000029323","2,3,4","20:53778132-53781456|20:53783156-53785760",0.222797574183,13.0893574832,0.0177716788386
"207","20",53892298,53892530,"circular_RNA/3",1,"-",53892298,53892298,"0,0,0",1,"232","0",3,"ciRNA","ENSMMUG00000011268","ENSMMUT00000077628","13","20:53808999-53892530",0.668392722548,45.76633503,0.0148197255657
"208","20",54215116,54265429,"circular_RNA/3",0,"+",54215116,54215116,"0,0,0",3,"117,117,96","0,32725,50217",3,"circRNA","ENSMMUG00000058815","ENSMMUT00000098957","3,4,5","20:54208362-54215116|20:54265429-54282596",0.668392722548,22.1906383886,0.0305573520308
"209","20",54632435,54632614,"circular_RNA/4",0,"-",54632435,54632435,"0,0,0",1,"179","0",4,"circRNA","ENSMMUG00000029105","ENSMMUT00000109198","4","20:54631076-54632435|20:54632614-54641450",0.891190296731,81.5439121509,0.0110502399329
"210","20",55343396,55344531,"circular_RNA/7",0,"+",55343396,55343396,"0,0,0",1,"1135","0",7,"circRNA","ENSMMUG00000021843","ENSMMUT00000030736","2","20:55299616-55343396|20:55344531-55347872",1.55958301928,12.6437623349,0.12404081709
"211","20",55343396,55348035,"circular_RNA/22",0,"+",55343396,55343396,"0,0,0",2,"1135,163","0,4476",22,"circRNA","ENSMMUG00000021843","ENSMMUT00000030736","2,3","20:55299616-55343396|20:55348035-55383378",4.90154663202,12.6437623349,0.388149113444
"212","20",55383378,55414768,"circular_RNA/5",1,"+",55383378,55383378,"0,0,0",4,"200,173,141,1008","0,6853,14716,30382",5,"circRNA","ENSMMUG00000021843","ENSMMUT00000030736","4,5,6,7","20:55348035-55383378|20:55414768-55442696",1.11398787091,12.6437623349,0.0888263775755
"213","20",56047659,56050978,"circular_RNA/7",1,"+",56047659,56047659,"0,0,0",4,"145,176,129,183","0,1483,1934,3136",7,"circRNA","ENSMMUG00000011850","ENSMMUT00000016600","6,7,8,9","20:56046291-56047659|20:56050978-56053412",1.55958301928,15.6329631218,0.100337960721
"214","20",56624985,56626832,"circular_RNA/11",0,"-",56624985,56624985,"0,0,0",2,"147,87","0,1760",11,"circRNA","ENSMMUG00000016633","ENSMMUT00000023376","5,4","20:56622938-56624985|20:56626832-56639522",2.45077331601,20.9429719732,0.117442686372
"215","20",57045298,57057466,"circular_RNA/1",0,"+",57045298,57045298,"0,0,0",3,"85,148,122","0,11554,12046",1,"circRNA","ENSMMUG00000003339","ENSMMUT00000004721","2,3,4","20:57020337-57045298|20:57057466-57099770",0.222797574183,25.621721031,0.00908240121299
"216","20",58569882,58579640,"circular_RNA/3",0,"+",58569882,58569882,"0,0,0",2,"2768,497","0,9261",3,"circRNA","ENSMMUG00000021041","ENSMMUT00000103416","2,3","20:58434792-58569882|20:58579640-58640066",0.668392722548,7.65866661253,0.0884629306273
"217","20",58717035,58717498,"circular_RNA/6",0,"+",58717035,58717035,"0,0,0",2,"134,201","0,262",6,"circRNA","ENSMMUG00000021041","ENSMMUT00000103416","6,7","20:58699322-58717035|20:58717498-58728794",1.3367854451,7.65866661253,0.175621853596
"218","20",59758993,59773019,"circular_RNA/7",0,"+",59758993,59758993,"0,0,0",7,"77,96,81,99,56,114,141","0,3855,4805,5076,8409,11039,13885",7,"circRNA","ENSMMUG00000010878","ENSMMUT00000066072","7,8,9,10,11,12,13","20:59757536-59758993|20:59773019-59775289",1.55958301928,53.3441049043,0.0294182241853
"219","20",59784323,59784789,"circular_RNA/3",0,"+",59784323,59784323,"0,0,0",2,"142,127","0,339",3,"circRNA","ENSMMUG00000010878","ENSMMUT00000066072","19,20","20:59783354-59784323|20:59784789-59791532",0.668392722548,53.3441049043,0.0127149115099
"220","20",59791532,59796057,"circular_RNA/5",0,"+",59791532,59791532,"0,0,0",3,"108,161,99","0,237,4426",5,"circRNA","ENSMMUG00000010878","ENSMMUT00000066072","21,22,23","20:59784789-59791532|20:59796057-59797569",1.11398787091,53.3441049043,0.0210665678475
"221","20",61355770,61360826,"circular_RNA/3",1,"-",61355770,61355770,"0,0,0",6,"150,118,122,164,82,134","0,888,1766,3186,3443,4922",3,"circRNA","ENSMMUG00000023147","ENSMMUT00000032566","8,7,6,5,4,3","20:61350891-61355770|20:61360826-61367210",0.668392722548,4.92775811133,0.137388812342
"222","20",61441293,61446949,"circular_RNA/4",0,"-",61441293,61441293,"0,0,0",4,"215,184,72,204","0,1656,3778,5452",4,"circRNA","ENSMMUG00000000226","ENSMMUT00000061072","8,7,6,5","20:61436219-61441293|20:61446949-61453542",0.891190296731,16.5137561984,0.0545390700462
"223","20",61597680,61599270,"circular_RNA/1",0,"-",61597680,61597680,"0,0,0",2,"232,115","0,1475",1,"circRNA","ENSMMUG00000008375","ENSMMUT00000011709","8,7","20:61593178-61597680|20:61599270-61605961",0.222797574183,13.2935885929,0.0174988554823
"224","20",61642406,61649048,"circular_RNA/4",0,"-",61642406,61642406,"0,0,0",3,"82,136,98","0,3709,6544",4,"circRNA","ENSMMUG00000008378","ENSMMUT00000011711","7,6,5","20:61639385-61642406|20:61649048-61654708",0.891190296731,14.2838000337,0.0630476356607
"225","20",61646115,61649048,"circular_RNA/5",0,"-",61646115,61646115,"0,0,0",2,"136,98","0,2835",5,"circRNA","ENSMMUG00000008378","ENSMMUT00000011711","6,5","20:61642488-61646115|20:61649048-61654708",1.11398787091,14.2838000337,0.0786346435699
"226","20",61886302,61915663,"circular_RNA/2",0,"-",61886302,61886302,"0,0,0",6,"78,117,89,38,81,86","0,15126,20138,25639,27203,29275",2,"circRNA","ENSMMUG00000023471","ENSMMUT00000083241","7,6,5,4,3,2","20:61884437-61886302|20:61915663-61920281",0.445595148365,12.8479934445,0.0354328340834
"227","20",61901428,61906529,"circular_RNA/5",0,"-",61901428,61901428,"0,0,0",2,"117,89","0,5012",5,"circRNA","ENSMMUG00000023471","ENSMMUT00000083241","6,5","20:61886380-61901428|20:61906529-61911941",1.11398787091,12.8479934445,0.0874154957196
"228","20",61901428,61920417,"circular_RNA/3",0,"-",61901428,61901428,"0,0,0",6,"117,89,38,81,86,136","0,5012,10513,12077,14149,18853",3,"circRNA","ENSMMUG00000023471","ENSMMUT00000103403","8,7,6,5,4,3","20:61886380-61901428|20:61920417-61930275",0.668392722548,12.8479934445,0.0527603879623
"229","20",62379351,62402198,"circular_RNA/6",0,"-",62379351,62379351,"0,0,0",4,"120,128,220,118","0,19899,20614,22729",6,"circRNA","ENSMMUG00000001561","ENSMMUT00000096195","5,4,3,2","20:62285237-62379351|20:62402198-62424302",1.3367854451,75.3798459318,0.0178642817007
"230","20",62639234,62640736,"circular_RNA/2",0,"-",62639234,62639234,"0,0,0",2,"166,160","0,1342",2,"circRNA","ENSMMUG00000005754","ENSMMUT00000093586","3,2","20:62635998-62639234|20:62640736-62643281",0.445595148365,80.4458383924,0.00566267355444
"231","20",67712985,67713577,"circular_RNA/2",1,"-",67712985,67712985,"0,0,0",1,"592","0",2,"circRNA","ENSMMUG00000011847","ENSMMUT00000067434","2","20:67665155-67712985|20:67713577-67716606",0.445595148365,1.07685494188,0.419186710949
"232","20",71114769,71115256,"circular_RNA/8",0,"-",71114769,71114769,"0,0,0",1,"487","0",8,"circRNA","ENSMMUG00000020053","ENSMMUT00000028198","2","20:71112513-71114769|20:71115256-71130328",1.78238059346,14.4818423219,0.123682038049
"233","20",71745171,71757797,"circular_RNA/3",0,"+",71745171,71745171,"0,0,0",3,"69,61,1041","0,7301,11585",3,"circRNA","ENSMMUG00000011244","ENSMMUT00000015733","2,3,4","20:71711522-71745171|20:71757797-71771086",0.668392722548,39.1609582313,0.0173187676069
"234","20",72664966,72665185,"circular_RNA/70",0,"+",72664966,72664966,"0,0,0",1,"219","0",70,"circRNA","ENSMMUG00000020592","ENSMMUT00000089851","2","20:72586105-72664966|20:72665185-72678871",15.5958301928,21.5965115241,0.722274402112
"235","20",72698899,72702434,"circular_RNA/2",1,"+",72698899,72698899,"0,0,0",2,"285,104","0,3431",2,"circRNA","ENSMMUG00000020592","ENSMMUT00000089851","14,15","20:72697150-72698899|20:72702434-72703490",0.445595148365,21.5965115241,0.0210860114025
"236","20",74740726,74746747,"circular_RNA/8",0,"-",74740726,74740726,"0,0,0",2,"160,93","0,5928",8,"circRNA","ENSMMUG00000022867","ENSMMUT00000039202","7,6","20:74726633-74740726|20:74746747-74762179",1.78238059346,13.8134495993,0.129662323473
"237","20",74990666,75032132,"circular_RNA/3",0,"+",74990666,74990666,"0,0,0",7,"139,162,92,200,117,176,240","0,3453,5932,9002,26736,28533,41226",3,"circRNA","ENSMMUG00000009473","ENSMMUT00000093878","2,3,4,5,6,7,8","20:74966508-74990666|20:75032132-75042528",0.668392722548,11.5340590327,0.0587655278465
"238","20",75618496,75621111,"circular_RNA/15",0,"+",75618496,75618496,"0,0,0",2,"118,269","0,2346",15,"circRNA","ENSMMUG00000014323","ENSMMUT00000020095","8,9","20:75609633-75618496|20:75621111-75634473",3.34196361274,22.633612389,0.148031310338
"239","20",76447533,76449208,"circular_RNA/3",0,"-",76447533,76447533,"0,0,0",2,"148,85","0,1590",3,"circRNA","ENSMMUG00000017161","ENSMMUT00000024121","2,1","20:76347125-76447533|None",0.668392722548,10.89682681,0.0621989084787
"240","20",76843526,76846894,"circular_RNA/9",0,"-",76843526,76843526,"0,0,0",2,"113,74","0,3294",9,"circRNA","ENSMMUG00000029067","ENSMMUT00000055109","7,6","20:76841391-76843526|20:76846894-76849145",2.00517816764,2.89636846437,0.693366375373
"241","4",292973,319129,"circular_RNA/5",0,"-",292973,292973,"0,0,0",4,"93,173,102,181","0,9908,16968,25975",5,"circRNA","ENSMMUG00000021145","ENSMMUT00000074940","6,5,4,3","4:267439-292973|4:319129-323035",1.11398787091,17.1108536972,0.065650223452
"242","4",302881,319129,"circular_RNA/6",0,"-",302881,302881,"0,0,0",3,"173,102,181","0,7060,16067",6,"circRNA","ENSMMUG00000021145","ENSMMUT00000085624","5,4,3","4:267439-302881|4:319129-323035",1.3367854451,17.1108536972,0.0786634515381
"243","4",9692530,9693894,"circular_RNA/16",0,"-",9692530,9692530,"0,0,0",1,"1364","0",16,"circRNA","ENSMMUG00000006143","ENSMMUT00000095124","3","4:9671468-9692530|4:9693894-9708510",3.56476118692,8.35490903185,0.427352069617
"244","4",9692530,9708701,"circular_RNA/16",0,"-",9692530,9692530,"0,0,0",2,"1364,191","0,15980",16,"circRNA","ENSMMUG00000006143","ENSMMUT00000095124","3,2","4:9671468-9692530|4:9708701-9750659",3.56476118692,8.35490903185,0.427352069617
"245","4",9708510,9708701,"circular_RNA/8",0,"-",9708510,9708510,"0,0,0",1,"191","0",8,"circRNA","ENSMMUG00000006143","ENSMMUT00000095124","2","4:9693894-9708510|4:9708701-9750659",1.78238059346,8.35490903185,0.21427376994
"246","4",10523695,10524344,"circular_RNA/1",1,"-",10523695,10523695,"0,0,0",1,"649","0",1,"ciRNA","ENSMMUG00000015658","ENSMMUT00000080077","30","4:10522261-10524344",0.222797574183,40.2196037561,0.00578672302105
"247","4",10523754,10524344,"circular_RNA/1",1,"-",10523754,10523754,"0,0,0",1,"590","0",1,"ciRNA","ENSMMUG00000015658","ENSMMUT00000080077","30","4:10522261-10524344",0.222797574183,40.2196037561,0.00578672302105
"248","4",10523991,10524344,"circular_RNA/1",1,"-",10523991,10523991,"0,0,0",1,"353","0",1,"ciRNA","ENSMMUG00000015658","ENSMMUT00000080077","30","4:10522261-10524344",0.222797574183,40.2196037561,0.00578672302105
"249","4",14969822,14991012,"circular_RNA/3",0,"-",14969822,14969822,"0,0,0",5,"142,119,119,116,112","0,8040,13319,15777,21078",3,"circRNA","ENSMMUG00000021533","ENSMMUT00000030304","23,22,21,20,19","4:14967692-14969822|4:14991012-14992740",0.668392722548,12.540320604,0.0540538161497
"250","4",14977862,14991012,"circular_RNA/5",0,"-",14977862,14977862,"0,0,0",4,"119,119,116,112","0,5279,7737,13038",5,"circRNA","ENSMMUG00000021533","ENSMMUT00000030304","22,21,20,19","4:14969964-14977862|4:14991012-14992740",1.11398787091,12.540320604,0.0895584986532
"251","4",15038346,15109311,"circular_RNA/3",0,"-",15038346,15038346,"0,0,0",4,"161,75,190,128","0,3315,8462,70837",3,"circRNA","ENSMMUG00000021533","ENSMMUT00000081245","5,4,3,2","4:15026967-15038346|4:15109311-15119916",0.668392722548,12.540320604,0.0540538161497
"252","4",20218738,20234443,"circular_RNA/5",0,"-",20218738,20218738,"0,0,0",7,"221,152,166,189,169,122,111","0,2020,6686,7121,11347,13662,15594",5,"circRNA","ENSMMUG00000001806","ENSMMUT00000002541","9,8,7,6,5,4,3","4:20214879-20218738|4:20234443-20240192",1.11398787091,3.0449001805,0.3679294918
"253","4",20262367,20265409,"circular_RNA/4",1,"+",20262367,20262367,"0,0,0",3,"134,102,100","0,2704,2942",4,"circRNA","ENSMMUG00000048955","ENSMMUT00000057312","3,4,5","4:20254709-20262367|4:20265409-20269761",0.891190296731,0.461509260807,1.91128864614
"254","4",21228698,21229836,"circular_RNA/7",0,"+",21228698,21228698,"0,0,0",2,"126,150","0,988",7,"circRNA","ENSMMUG00000059327","ENSMMUT00000086347","2,3","4:21211137-21228698|4:21229836-21239236",1.55958301928,66.6907405387,0.023531718038
"255","4",29324292,29331573,"circular_RNA/3",1,"+",29324292,29324292,"0,0,0",3,"201,118,114","0,6072,7167",3,"circRNA","ENSMMUG00000004290","ENSMMUT00000103301","2,3,4","4:29306876-29324292|4:29331573-29375061",0.668392722548,3.92123730562,0.17256468379
"256","4",31759981,31975429,"circular_RNA/1",0,"-",31759981,31759981,"0,0,0",6,"294,175,116,82,272,123","0,36260,59139,61651,137353,215325",1,"circRNA","ENSMMUG00000029421","ENSMMUT00000103436","7,6,5,4,3,2","4:31666059-31759981|4:31975429-32097342",0.222797574183,9.1495537131,0.0254158206256
"257","4",33656193,33677023,"circular_RNA/3",1,"+",33656193,33656193,"0,0,0",5,"86,111,115,103,150","0,2562,9128,10652,20680",3,"circRNA","ENSMMUG00000021498","ENSMMUT00000091714","14,15,16,17,18","4:33651829-33656193|4:33677023-33693778",0.668392722548,4.59387379148,0.147352588988
"258","4",38591474,38600732,"circular_RNA/6",0,"-",38591474,38591474,"0,0,0",4,"118,75,147,118","0,671,2793,9140",6,"circRNA","ENSMMUG00000004802","ENSMMUT00000080657","11,10,9,8","4:38590831-38591474|4:38600732-38603990",1.3367854451,62.0491244099,0.021701650771
"259","4",39028887,39063654,"circular_RNA/1",0,"-",39028887,39028887,"0,0,0",8,"197,141,131,119,107,230,124,133","0,18775,20231,21772,23425,25246,30446,34634",1,"circRNA","ENSMMUG00000009368","ENSMMUT00000090248","20,19,18,17,16,15,14,13","4:39022922-39028887|4:39063654-39068204",0.222797574183,6.93243221207,0.033532567128
"260","4",40241364,40329367,"circular_RNA/1",0,"-",40241364,40241364,"0,0,0",14,"106,137,128,134,82,96,50,154,160,113,171,107,169,194","0,1850,2890,11625,26363,28569,31478,45551,48462,58490,83458,85266,86532,87809",1,"circRNA","ENSMMUG00000016376","ENSMMUT00000022996","17,16,15,14,13,12,11,10,9,8,7,6,5,4","4:40235431-40241364|4:40329367-40335863",0.222797574183,32.4684618684,0.00716775243625
"261","4",40324822,40329367,"circular_RNA/13",0,"-",40324822,40324822,"0,0,0",4,"171,107,169,194","0,1808,3074,4351",13,"circRNA","ENSMMUG00000016376","ENSMMUT00000022996","7,6,5,4","4:40299967-40324822|4:40329367-40335863",2.89636846437,32.4684618684,0.0894860254204
"262","4",42536818,42542506,"circular_RNA/2",0,"-",42536818,42536818,"0,0,0",4,"106,149,96,186","0,1181,3793,5502",2,"circRNA","ENSMMUG00000000224","ENSMMUT00000000335","19,18,17,16","4:42534785-42536818|4:42542506-42544272",0.445595148365,22.6696531731,0.0200882766984
"263","4",42571484,42574751,"circular_RNA/8",0,"-",42571484,42571484,"0,0,0",4,"155,64,163,125","0,2157,2497,3142",8,"circRNA","ENSMMUG00000000224","ENSMMUT00000000335","8,7,6,5","4:42559826-42571484|4:42574751-42575350",1.78238059346,22.6696531731,0.0790303352428
"264","4",42571484,42575829,"circular_RNA/2",0,"-",42571484,42571484,"0,0,0",6,"155,64,163,125,154,197","0,2157,2497,3142,3866,4148",2,"circRNA","ENSMMUG00000000224","ENSMMUT00000000335","8,7,6,5,4,3","4:42559826-42571484|4:42575829-42577846",0.445595148365,22.6696531731,0.0200882766984
"265","4",42571484,42577970,"circular_RNA/4",0,"-",42571484,42571484,"0,0,0",7,"155,64,163,125,154,197,124","0,2157,2497,3142,3866,4148,6362",4,"circRNA","ENSMMUG00000000224","ENSMMUT00000000335","8,7,6,5,4,3,2","4:42559826-42571484|4:42577970-42619937",0.891190296731,22.6696531731,0.0397356295466
"266","4",42573641,42574751,"circular_RNA/57",0,"-",42573641,42573641,"0,0,0",3,"64,163,125","0,340,985",57,"circRNA","ENSMMUG00000000224","ENSMMUT00000000335","7,6,5","4:42571639-42573641|4:42574751-42575350",12.6994617284,22.6696531731,0.560390480022
"267","4",42573641,42577970,"circular_RNA/8",0,"-",42573641,42573641,"0,0,0",6,"64,163,125,154,197,124","0,340,985,1709,1991,4205",8,"circRNA","ENSMMUG00000000224","ENSMMUT00000000335","7,6,5,4,3,2","4:42571639-42573641|4:42577970-42619937",1.78238059346,22.6696531731,0.0790303352428
"268","4",42575350,42577970,"circular_RNA/3",0,"-",42575350,42575350,"0,0,0",3,"154,197,124","0,282,2496",3,"circRNA","ENSMMUG00000000224","ENSMMUT00000000335","4,3,2","4:42574751-42575350|4:42577970-42619937",0.668392722548,22.6696531731,0.0299119531225
"269","4",46122904,46126460,"circular_RNA/1",1,"+",46122904,46122904,"0,0,0",2,"342,624","0,2932",1,"circRNA","ENSMMUG00000044958","ENSMMUT00000018401","3,4","4:46070876-46122904|4:46126460-46135668",0.222797574183,0.928323225761,0.248099554388
"270","4",48218478,48266878,"circular_RNA/4",0,"+",48218478,48218478,"0,0,0",17,"151,120,102,108,180,170,124,88,242,181,146,213,114,156,171,180,135","0,1632,5798,8741,9131,10148,14286,17785,22831,23235,25210,26678,37010,37899,43078,45442,48265",4,"circRNA","ENSMMUG00000019438","ENSMMUT00000087178","11,12,13,14,15,16,17,18,19,20,21,22,23,24,25,26,27","4:48217496-48218478|4:48266878-48268919",0.891190296731,15.4583593491,0.058260237973
"271","4",48274665,48358345,"circular_RNA/5",0,"+",48274665,48274665,"0,0,0",19,"156,171,180,129,171,162,138,192,173,151,176,136,150,76,215,118,206,155,190","0,5005,16762,19806,20551,22129,22714,27862,28902,36907,38963,43424,45169,48690,54608,56890,61039,63478,83490",5,"circRNA","ENSMMUG00000019438","ENSMMUT00000087178","32,33,34,35,36,37,38,39,40,41,42,43,44,45,46,47,48,49,50","4:48272461-48274665|4:48358345-48461068",1.11398787091,15.4583593491,0.0726636772228
"272","4",48318089,48323431,"circular_RNA/2",1,"+",48318089,48318089,"0,0,0",3,"136,150,76","0,1745,5266",2,"circRNA","ENSMMUG00000019438","ENSMMUT00000087178","43,44,45","4:48313804-48318089|4:48323431-48329273",0.445595148365,15.4583593491,0.0294533594729
"273","4",48318089,48319984,"circular_RNA/4",0,"+",48318089,48318089,"0,0,0",2,"136,150","0,1745",4,"circRNA","ENSMMUG00000019438","ENSMMUT00000087178","43,44","4:48313804-48318089|4:48319984-48323355",0.891190296731,15.4583593491,0.058260237973
"274","4",48543014,48588569,"circular_RNA/9",0,"+",48543014,48543014,"0,0,0",7,"79,61,62,75,202,86,158","0,3203,17257,19917,27554,40422,45397",9,"circRNA","ENSMMUG00000019438","ENSMMUT00000087178","56,57,58,59,60,61,62","4:48540259-48543014|4:48588569-48592490",2.00517816764,15.4583593491,0.130277434223
"275","4",51789200,51790164,"circular_RNA/10",0,"-",51789200,51789200,"0,0,0",2,"257,109","0,855",10,"circRNA","ENSMMUG00000011955","ENSMMUT00000016744","8,7","4:51787281-51789200|4:51790164-51791615",2.22797574183,11.3467621709,0.197061073231
"276","4",53162830,53187160,"circular_RNA/2",1,"+",53162830,53162830,"0,0,0",3,"84,124,79","0,10986,24251",2,"circRNA","ENSMMUG00000017082","ENSMMUT00000074602","7,8,9","4:53158014-53162830|4:53187160-53208073",0.445595148365,8.14547931212,0.0558636875809
"277","4",55325669,55334855,"circular_RNA/76",0,"+",55325669,55325669,"0,0,0",2,"191,1501","0,7685",76,"circRNA","ENSMMUG00000014995","ENSMMUT00000021024","2,3","4:55298346-55325669|4:55334855-55352732",16.9326156379,49.1045853499,0.344960982918
"278","4",55333354,55334855,"circular_RNA/5",0,"+",55333354,55333354,"0,0,0",1,"1501","0",5,"circRNA","ENSMMUG00000014995","ENSMMUT00000021024","3","4:55325860-55333354|4:55334855-55352732",1.11398787091,49.1045853499,0.0228850119145
"279","4",55466921,55472293,"circular_RNA/7",0,"-",55466921,55466921,"0,0,0",2,"148,97","0,5275",7,"circRNA","ENSMMUG00000023067","ENSMMUT00000054159","12,11","4:55460151-55466921|4:55472293-55475942",1.55958301928,8.77012269283,0.178765499548
"280","4",55533244,55542027,"circular_RNA/5",1,"+",55533244,55533244,"0,0,0",5,"60,97,152,157,131","0,223,6869,7881,8652",5,"circRNA","ENSMMUG00000015161","ENSMMUT00000093411","2,3,4,5,6","4:55526466-55533244|4:55542027-55543728",1.11398787091,2.67357089019,0.418840387269
"281","4",55541125,55542027,"circular_RNA/5",0,"+",55541125,55541125,"0,0,0",2,"157,131","0,771",5,"circRNA","ENSMMUG00000015161","ENSMMUT00000093411","5,6","4:55540265-55541125|4:55542027-55543728",1.11398787091,2.67357089019,0.418840387269
"282","4",55564595,55593026,"circular_RNA/3",0,"-",55564595,55564595,"0,0,0",3,"106,122,181","0,1684,28250",3,"circRNA","ENSMMUG00000004646","ENSMMUT00000074826","6,5,4","4:55562777-55564595|4:55593026-55602906",0.668392722548,5.41398105264,0.12507284151
"283","4",55665305,55672845,"circular_RNA/13",0,"-",55665305,55665305,"0,0,0",2,"148,488","0,7052",13,"circRNA","ENSMMUG00000009827","ENSMMUT00000013730","3,2","4:55654179-55665305|4:55672845-55688460",2.89636846437,15.7549713172,0.184356089579
"284","4",55710440,55714941,"circular_RNA/7",0,"-",55710440,55710440,"0,0,0",2,"136,181","0,4320",7,"circRNA","ENSMMUG00000047824","ENSMMUT00000013732","5,4","4:55708499-55710440|4:55714941-55716001",1.55958301928,7.51146107244,0.208680601304
"285","4",55814105,55824196,"circular_RNA/2",0,"-",55814105,55814105,"0,0,0",2,"142,158","0,9933",2,"circRNA","ENSMMUG00000029463","ENSMMUT00000013731","3,2","4:55808562-55814105|4:55824196-55828920",0.445595148365,20.757307328,0.0219380943889
"286","4",58022763,58057383,"circular_RNA/9",1,"+",58022763,58022763,"0,0,0",2,"191,117","0,34503",9,"circRNA","ENSMMUG00000019045","ENSMMUT00000026764","4,5","4:57989601-58022763|4:58057383-58118139",2.00517816764,3.25284458307,0.617613899876
"287","4",60728391,60742692,"circular_RNA/2",0,"-",60728391,60728391,"0,0,0",5,"60,120,42,88,203","0,2346,5318,13009,14098",2,"circRNA","ENSMMUG00000053073","ENSMMUT00000002065","7,6,5,4,3","4:60717096-60728391|4:60742692-60751144",0.445595148365,17.0338872625,0.0267307065195
"288","4",60741400,60742692,"circular_RNA/16",0,"-",60741400,60741400,"0,0,0",2,"88,203","0,1089",16,"circRNA","ENSMMUG00000053073","ENSMMUT00000002065","4,3","4:60733751-60741400|4:60742692-60751144",3.56476118692,17.0338872625,0.209738607858
"289","4",61068560,61082802,"circular_RNA/4",0,"+",61068560,61068560,"0,0,0",3,"84,45,162","0,4277,14080",4,"circRNA","ENSMMUG00000015163","ENSMMUT00000062951","3,4,5","4:61031059-61068560|4:61082802-61087372",0.891190296731,13.4989118475,0.0667107985384
"290","4",61068560,61089519,"circular_RNA/26",0,"+",61068560,61068560,"0,0,0",5,"84,45,162,154,131","0,4277,14080,18812,20828",26,"circRNA","ENSMMUG00000015163","ENSMMUT00000062951","3,4,5,6,7","4:61031059-61068560|4:61089519-61098918",5.79273692875,13.4989118475,0.429548804097
"291","4",61068560,61129549,"circular_RNA/4",0,"+",61068560,61068560,"0,0,0",19,"84,45,162,154,131,177,80,118,132,113,194,101,114,157,134,145,69,219,1471","0,4277,14080,18812,20828,30358,31908,33734,36457,37067,38400,44117,46895,48633,50715,52704,55617,58524,59518",4,"circRNA","ENSMMUG00000015163","ENSMMUT00000062951","3,4,5,6,7,8,9,10,11,12,13,14,15,16,17,18,19,20,21","4:61031059-61068560|4:61129549-61156233",0.891190296731,13.4989118475,0.0667107985384
"292","4",61082640,61087526,"circular_RNA/1",0,"+",61082640,61082640,"0,0,0",2,"162,154","0,4732",1,"circRNA","ENSMMUG00000015163","ENSMMUT00000062951","5,6","4:61072882-61082640|4:61087526-61089388",0.222797574183,13.4989118475,0.0172328886894
"293","4",61082640,61089519,"circular_RNA/82",0,"+",61082640,61082640,"0,0,0",3,"162,154,131","0,4732,6748",82,"circRNA","ENSMMUG00000015163","ENSMMUT00000062951","5,6,7","4:61072882-61082640|4:61089519-61098918",18.269401083,13.4989118475,1.35313645461
"294","4",63217563,63252495,"circular_RNA/3",0,"+",63217563,63217563,"0,0,0",2,"150,111","0,34821",3,"circRNA","ENSMMUG00000002270","ENSMMUT00000003216","3,4","4:63146098-63217563|4:63252495-63354689",0.668392722548,21.7227634828,0.0312152075407
"295","4",63403637,63403881,"circular_RNA/1",0,"+",63403637,63403637,"0,0,0",1,"244","0",1,"circRNA","ENSMMUG00000002270","ENSMMUT00000003216","6","4:63354731-63403637|4:63403881-63457612",0.222797574183,21.7227634828,0.0107118256897
"296","4",63403637,63457792,"circular_RNA/2",0,"+",63403637,63403637,"0,0,0",2,"244,180","0,53975",2,"circRNA","ENSMMUG00000002270","ENSMMUT00000003216","6,7","4:63354731-63403637|4:63457792-63473615",0.445595148365,21.7227634828,0.0209635166152
"297","4",64827309,64829810,"circular_RNA/8",0,"+",64827309,64827309,"0,0,0",1,"2501","0",8,"circRNA","ENSMMUG00000019448","ENSMMUT00000027324","12","4:64824452-64827309|4:64829810-64832234",1.78238059346,18.269401083,0.0980546673997
"298","4",64895780,64911734,"circular_RNA/9",0,"+",64895780,64895780,"0,0,0",5,"104,56,91,122,111","0,7098,10143,11509,15843",9,"circRNA","ENSMMUG00000019450","ENSMMUT00000027329","2,3,4,5,6","4:64850293-64895780|4:64911734-64927688",2.00517816764,9.93305851564,0.202671860421
"299","4",64902878,64907411,"circular_RNA/4",0,"+",64902878,64902878,"0,0,0",3,"56,91,122","0,3045,4411",4,"circRNA","ENSMMUG00000019450","ENSMMUT00000027330","2,3,4","4:64850293-64902878|4:64907411-64911623",0.891190296731,9.93305851564,0.090635119497
"300","4",64905923,64907411,"circular_RNA/1",0,"+",64905923,64905923,"0,0,0",2,"91,122","0,1366",1,"circRNA","ENSMMUG00000019450","ENSMMUT00000027330","3,4","4:64902934-64905923|4:64907411-64911623",0.222797574183,9.93305851564,0.0234130749424
"301","4",64905923,64911734,"circular_RNA/14",0,"+",64905923,64905923,"0,0,0",3,"91,122,111","0,1366,5700",14,"circRNA","ENSMMUG00000019450","ENSMMUT00000027330","3,4,5","4:64902934-64905923|4:64911734-64927688",3.11916603856,9.93305851564,0.314708601346
"302","4",65045808,65076665,"circular_RNA/8",0,"+",65045808,65045808,"0,0,0",3,"135,179,103","0,24743,30754",8,"circRNA","ENSMMUG00000058074","ENSMMUT00000109399","11,12,13","4:65038238-65045808|4:65076665-65082112",1.78238059346,11.8825372897,0.150714733938
"303","4",65321834,65328379,"circular_RNA/8",0,"+",65321834,65321834,"0,0,0",3,"100,115,113","0,4954,6432",8,"circRNA","ENSMMUG00000016598","ENSMMUT00000023318","2,3,4","4:65292347-65321834|4:65328379-65335958",1.78238059346,18.4179327991,0.0972643330644
"304","4",65345119,65348164,"circular_RNA/1",0,"+",65345119,65345119,"0,0,0",3,"93,155,148","0,1445,2897",1,"circRNA","ENSMMUG00000016598","ENSMMUT00000023318","10,11,12","4:65343079-65345119|4:65348164-65352172",0.222797574183,18.4179327991,0.0126328642893
"305","4",72503312,72510509,"circular_RNA/11",0,"+",72503312,72503312,"0,0,0",4,"121,205,142,126","0,5367,6314,7071",11,"circRNA","ENSMMUG00000022287","ENSMMUT00000031353","5,6,7,8","4:72454912-72503312|4:72510509-72542898",2.45077331601,30.4118688759,0.0808883019662
"306","4",72503312,72543688,"circular_RNA/8",0,"+",72503312,72503312,"0,0,0",6,"121,205,142,126,201,141","0,5367,6314,7071,39586,40235",8,"circRNA","ENSMMUG00000022287","ENSMMUT00000031353","5,6,7,8,9,10","4:72454912-72503312|4:72543688-72585518",1.78238059346,30.4118688759,0.0589175044035
"307","4",72585518,72595744,"circular_RNA/11",0,"+",72585518,72585518,"0,0,0",3,"165,177,72","0,7503,10154",11,"circRNA","ENSMMUG00000022287","ENSMMUT00000031353","11,12,13","4:72543688-72585518|4:72595744-72622104",2.45077331601,30.4118688759,0.0808883019662
"308","4",77778298,77778880,"circular_RNA/5",0,"-",77778298,77778298,"0,0,0",1,"582","0",5,"circRNA","ENSMMUG00000012202","ENSMMUT00000017086","2","4:77767492-77778298|4:77778880-77786233",1.11398787091,7.35231994803,0.152667620919
"309","4",80005005,80006725,"circular_RNA/1",1,"+",80005005,80005005,"0,0,0",2,"156,336","0,1384",1,"circRNA","ENSMMUG00000014867","ENSMMUT00000020857","4,5","4:79953038-80005005|4:80006725-80090462",0.222797574183,1.03043878059,0.223749420462
"310","4",83588924,83637708,"circular_RNA/4",1,"+",83588924,83588924,"0,0,0",16,"227,225,108,193,243,132,104,115,194,82,96,113,149,61,212,104","0,10046,10624,10884,14314,14804,19992,22859,27034,28319,32262,34214,36201,37284,47890,48680",4,"circRNA","ENSMMUG00000003464","ENSMMUT00000004898","2,3,4,5,6,7,8,9,10,11,12,13,14,15,16,17","4:83572961-83588924|4:83637708-83640961",0.891190296731,9.93677180855,0.0906012839217
"311","4",84291549,84293691,"circular_RNA/3",0,"+",84291549,84291549,"0,0,0",3,"119,108,142","0,1726,2000",3,"circRNA","ENSMMUG00000014941","ENSMMUT00000020951","2,3,4","4:84280965-84291549|4:84293691-84299976",0.668392722548,0.222797574183,2.91408845186
"312","4",84480582,84543791,"circular_RNA/3",0,"+",84480582,84480582,"0,0,0",6,"241,110,102,136,72,165","0,12838,14168,53477,57740,63044",3,"circRNA","ENSMMUG00000020097","ENSMMUT00000087010","8,9,10,11,12,13","4:84478806-84480582|4:84543791-84581208",0.668392722548,10.5606050163,0.0641772842237
"313","4",86082572,86085327,"circular_RNA/13",0,"-",86082572,86082572,"0,0,0",3,"136,79,155","0,2327,2600",13,"circRNA","ENSMMUG00000022458","ENSMMUT00000105638","4,3,2","4:86067763-86082572|4:86085327-86143240",2.89636846437,10.8725216201,0.267067557119
"314","4",90853378,90859863,"circular_RNA/6",0,"+",90853378,90853378,"0,0,0",2,"680,97","0,6388",6,"circRNA","ENSMMUG00000010749","ENSMMUT00000015027","2,3","4:90845834-90853378|4:90859863-90862115",1.3367854451,27.9021197315,0.0482509196025
"315","4",90853378,90866735,"circular_RNA/5",0,"+",90853378,90853378,"0,0,0",4,"680,97,125,111","0,6388,8737,13246",5,"circRNA","ENSMMUG00000010749","ENSMMUT00000015027","2,3,4,5","4:90845834-90853378|4:90866735-90868289",1.11398787091,27.9021197315,0.0402688108865
"316","4",90889294,90903160,"circular_RNA/6",0,"+",90889294,90889294,"0,0,0",9,"102,118,61,122,113,149,164,93,144","0,2295,3450,4225,4684,8482,10279,13058,13722",6,"circRNA","ENSMMUG00000010749","ENSMMUT00000015027","17,18,19,20,21,22,23,24,25","4:90883488-90889294|4:90903160-90913715",1.3367854451,27.9021197315,0.0482509196025
"317","4",94003053,94003394,"circular_RNA/7",0,"+",94003053,94003053,"0,0,0",2,"151,99","0,242",7,"circRNA","ENSMMUG00000017186","ENSMMUT00000071177","5,6","4:93986443-94003053|4:94003394-94020901",1.55958301928,38.5185177537,0.0407382144653
"318","4",94003053,94021062,"circular_RNA/19",0,"+",94003053,94003053,"0,0,0",3,"151,99,161","0,242,17848",19,"circRNA","ENSMMUG00000017186","ENSMMUT00000071177","5,6,7","4:93986443-94003053|4:94021062-94037739",4.23315390947,38.5185177537,0.110130214108
"319","4",94078128,94084953,"circular_RNA/11",0,"+",94078128,94078128,"0,0,0",3,"77,232,120","0,2290,6705",11,"circRNA","ENSMMUG00000017186","ENSMMUT00000071177","22,23,24","4:94075329-94078128|4:94084953-94086834",2.45077331601,38.5185177537,0.0638688810128
"320","4",97306996,97307424,"circular_RNA/26",0,"-",97306996,97306996,"0,0,0",1,"428","0",26,"circRNA","ENSMMUG00000004491","ENSMMUT00000106792","20","4:97301360-97306996|4:97307424-97312467",5.79273692875,20.9429719732,0.276940996064
"321","4",97328032,97347579,"circular_RNA/9",0,"-",97328032,97328032,"0,0,0",9,"117,110,227,195,34,168,230,298,146","0,254,1664,2859,3442,8243,12402,15280,19401",9,"circRNA","ENSMMUG00000004491","ENSMMUT00000106792","17,16,15,14,13,12,11,10,9","4:97314171-97328032|4:97347579-97359436",2.00517816764,20.9429719732,0.0961762450796
"322","4",97336275,97343610,"circular_RNA/3",0,"-",97336275,97336275,"0,0,0",3,"168,230,298","0,4159,7037",3,"circRNA","ENSMMUG00000004491","ENSMMUT00000106792","12,11,10","4:97331508-97336275|4:97343610-97347433",0.668392722548,20.9429719732,0.0323769212031
"323","4",97336275,97359507,"circular_RNA/2",0,"-",97336275,97336275,"0,0,0",5,"168,230,298,146,71","0,4159,7037,11158,23161",2,"circRNA","ENSMMUG00000004491","ENSMMUT00000106792","12,11,10,9,8","4:97331508-97336275|4:97359507-97372806",0.445595148365,20.9429719732,0.021743700557
"324","4",97336275,97372911,"circular_RNA/2",0,"-",97336275,97336275,"0,0,0",6,"168,230,298,146,71,105","0,4159,7037,11158,23161,36531",2,"circRNA","ENSMMUG00000004491","ENSMMUT00000106792","12,11,10,9,8,7","4:97331508-97336275|4:97372911-97373920",0.445595148365,20.9429719732,0.021743700557
"325","4",99291059,99300554,"circular_RNA/2",0,"+",99291059,99291059,"0,0,0",5,"197,234,88,87,119","0,2671,6076,8189,9376",2,"circRNA","ENSMMUG00000008133","ENSMMUT00000084481","2,3,4,5,6","4:99282310-99291059|4:99300554-99315227",0.445595148365,19.5226374378,0.0233248146757
"326","4",99291059,99327119,"circular_RNA/4",0,"+",99291059,99291059,"0,0,0",8,"197,234,88,87,119,159,133,148","0,2671,6076,8189,9376,24168,30675,35912",4,"circRNA","ENSMMUG00000008133","ENSMMUT00000084481","2,3,4,5,6,7,8,9","4:99282310-99291059|4:99327119-99334990",0.891190296731,19.5226374378,0.0461376657198
"327","4",99297135,99300554,"circular_RNA/6",0,"+",99297135,99297135,"0,0,0",3,"88,87,119","0,2113,3300",6,"circRNA","ENSMMUG00000008133","ENSMMUT00000084481","4,5,6","4:99293964-99297135|4:99300554-99315227",1.3367854451,19.5226374378,0.068950516764
"328","4",102352593,102380140,"circular_RNA/10",0,"-",102352593,102352593,"0,0,0",8,"156,50,78,154,127,174,71,140","0,10955,16062,20477,21907,25600,27223,27407",10,"circRNA","ENSMMUG00000009060","ENSMMUT00000082994","10,9,8,7,6,5,4,3","4:102331110-102352593|4:102380140-102400327",2.22797574183,13.5535190961,0.164999638071
"329","4",109095332,109095494,"circular_RNA/3",0,"-",109095332,109095332,"0,0,0",1,"162","0",3,"circRNA","ENSMMUG00000017160","ENSMMUT00000024120","2","4:109084917-109095332|4:109095494-109128394",0.668392722548,14.1847788896,0.0477917076289
"330","4",109205384,109205936,"circular_RNA/10",0,"-",109205384,109205384,"0,0,0",1,"552","0",10,"circRNA","ENSMMUG00000002777","ENSMMUT00000003940","2","4:109203871-109205384|4:109205936-109209933",2.22797574183,56.0113101495,0.0399486505378
"331","4",112069700,112095877,"circular_RNA/23",0,"-",112069700,112069700,"0,0,0",3,"186,73,68","0,5114,26109",23,"circRNA","ENSMMUG00000001150","ENSMMUT00000001619","10,9,8","4:112004356-112069700|4:112095877-112210496",5.1243442062,8.93215729223,0.574172880034
"332","4",112417452,112446387,"circular_RNA/4",0,"-",112417452,112417452,"0,0,0",9,"131,144,1604,148,154,127,151,112,126","0,1510,3636,10208,10851,18440,20126,24507,28809",4,"circRNA","ENSMMUG00000018582","ENSMMUT00000026124","12,11,10,9,8,7,6,5,4","4:112415956-112417452|4:112446387-112471680",0.891190296731,6.68392722548,0.134628039173
"333","4",115690049,115731739,"circular_RNA/1",0,"-",115690049,115690049,"0,0,0",3,"90,79,118","0,4432,41572",1,"circRNA","ENSMMUG00000011049","ENSMMUT00000064836","4,3,2","4:115676121-115690049|4:115731739-115777104",0.222797574183,29.3578649673,0.00792694921617
"334","4",116562124,116565592,"circular_RNA/2",0,"+",116562124,116562124,"0,0,0",2,"273,55","0,3413",2,"circRNA","ENSMMUG00000005344","ENSMMUT00000081745","3,4","4:116546447-116562124|4:116565592-116570680",0.445595148365,9.58029568986,0.0475058499861
"335","4",117065139,117077923,"circular_RNA/3",1,"-",117065139,117065139,"0,0,0",3,"221,193,150","0,11183,12634",3,"circRNA","ENSMMUG00000013716","ENSMMUT00000019261","6,5,4","4:117060348-117065139|4:117077923-117092733",0.668392722548,0.913470054149,0.734612583808
"336","4",121869248,121890815,"circular_RNA/7",0,"-",121869248,121869248,"0,0,0",3,"121,101,154","0,10646,21413",7,"circRNA","ENSMMUG00000017952","ENSMMUT00000102873","5,4,3","4:121848802-121869248|4:121890815-121919027",1.55958301928,50.5113928897,0.0310676909227
"337","4",121869248,121919188,"circular_RNA/5",0,"-",121869248,121869248,"0,0,0",4,"121,101,154,161","0,10646,21413,49779",5,"circRNA","ENSMMUG00000017952","ENSMMUT00000102873","5,4,3,2","4:121848802-121869248|4:121919188-121944207",1.11398787091,50.5113928897,0.022247760931
"338","4",122133848,122136496,"circular_RNA/40",0,"+",122133848,122133848,"0,0,0",2,"652,495","0,2153",40,"circRNA","ENSMMUG00000011905","ENSMMUT00000040490","2,3","4:122112254-122133848|4:122136496-122161964",8.91190296731,71.2395243449,0.125220526724
"339","4",126367453,126368488,"circular_RNA/14",0,"+",126367453,126367453,"0,0,0",2,"164,84","0,951",14,"circRNA","ENSMMUG00000001394","ENSMMUT00000001975","3,4","4:126364209-126367453|4:126368488-126372498",3.11916603856,15.6376047379,0.199977318636
"340","4",126666697,126675630,"circular_RNA/8",0,"-",126666697,126666697,"0,0,0",6,"78,57,109,131,91,136","0,1472,5098,6260,8117,8797",8,"circRNA","ENSMMUG00000005675","ENSMMUT00000105036","44,43,42,41,40,39","4:126664808-126666697|4:126675630-126677476",1.78238059346,16.160975259,0.110839362794
"341","4",130579177,130613611,"circular_RNA/2",0,"-",130579177,130579177,"0,0,0",11,"190,76,107,116,133,120,117,81,188,136,120","0,1533,7976,9950,12283,23783,25037,25553,28454,32229,34314",2,"circRNA","ENSMMUG00000023381","ENSMMUT00000032901","25,24,23,22,21,20,19,18,17,16,15","4:130571817-130579177|4:130613611-130614765",0.445595148365,1.4714433196,0.307534647014
"342","4",132142614,132146961,"circular_RNA/11",0,"-",132142614,132142614,"0,0,0",2,"115,66","0,4281",11,"circRNA","ENSMMUG00000022008","ENSMMUT00000030968","8,7","4:132120499-132142614|4:132146961-132149191",2.45077331601,6.98774209937,0.351652473193
"343","4",133601336,133605090,"circular_RNA/10",0,"+",133601336,133601336,"0,0,0",5,"166,26,214,420,101","0,1803,2268,2861,3653",10,"circRNA","ENSMMUG00000018557","ENSMMUT00000026088","8,9,10,11,12","4:133599568-133601336|4:133605090-133617579",2.22797574183,16.6895637388,0.134014024368
"344","4",134663824,134664127,"circular_RNA/3",0,"-",134663824,134663824,"0,0,0",2,"39,163","0,140",3,"circRNA","ENSMMUG00000021712","ENSMMUT00000065347","3,2","4:134662454-134663824|4:134664127-134694350",0.668392722548,18.8486747759,0.0359724493163
"345","4",134883348,134883698,"circular_RNA/20",0,"+",134883348,134883348,"0,0,0",1,"350","0",20,"circRNA","ENSMMUG00000022824","ENSMMUT00000032122","4","4:134843295-134883348|4:134883698-134901895",4.45595148365,44.7823124107,0.099703525969
"346","4",137559659,137561181,"circular_RNA/3",0,"-",137559659,137559659,"0,0,0",2,"141,139","0,1383",3,"circRNA","ENSMMUG00000000729","ENSMMUT00000001046","8,7","4:137557939-137559659|4:137561181-137563082",0.668392722548,24.0228207928,0.0282277610438
"347","4",137879517,137882965,"circular_RNA/2",0,"-",137879517,137879517,"0,0,0",9,"217,91,143,80,152,144,73,100,178","0,335,1009,1300,1560,1857,2660,2821,3270",2,"circRNA","ENSMMUG00000005297","ENSMMUT00000007459","11,10,9,8,7,6,5,4,3","4:137878953-137879517|4:137882965-137883807",0.445595148365,52.3648565187,0.00869873788012
"348","4",139028673,139029029,"circular_RNA/2",0,"-",139028673,139028673,"0,0,0",2,"152,96","0,260",2,"circRNA","ENSMMUG00000018601","ENSMMUT00000026155","10,9","4:139027584-139028673|4:139029029-139029522",0.445595148365,12.0441747455,0.0377956316367
"349","4",139305722,139306898,"circular_RNA/8",0,"+",139305722,139305722,"0,0,0",3,"118,87,136","0,791,1040",8,"circRNA","ENSMMUG00000006524","ENSMMUT00000009142","3,4,5","4:139299226-139305722|4:139306898-139308057",1.78238059346,32.8429835825,0.0545576199787
"350","4",139328348,139329834,"circular_RNA/5",0,"-",139328348,139328348,"0,0,0",5,"149,140,86,101,123","0,235,655,843,1363",5,"circRNA","ENSMMUG00000001886","ENSMMUT00000002661","14,13,12,11,10","4:139327662-139328348|4:139329834-139330392",1.11398787091,49.1268651073,0.0228746353365
"351","4",144020285,144023049,"circular_RNA/7",0,"-",144020285,144020285,"0,0,0",2,"96,441","0,2323",7,"circRNA","ENSMMUG00000061288","ENSMMUT00000101169","4,3","4:144017836-144020285|4:144023049-144026449",1.55958301928,24.8790624504,0.0630631636852
"352","4",144477554,144482233,"circular_RNA/7",0,"-",144477554,144477554,"0,0,0",3,"94,69,173","0,2896,4506",7,"circRNA","ENSMMUG00000002573","ENSMMUT00000108323","21,20,19","4:144467488-144477554|4:144482233-144487099",1.55958301928,9.30330411114,0.168531275319
"353","4",148332872,148333125,"circular_RNA/5",0,"-",148332872,148332872,"0,0,0",1,"253","0",5,"circRNA","ENSMMUG00000063635","ENSMMUT00000099330","2","4:148270777-148332872|4:148333125-148335110",1.11398787091,0.668392722548,1.65683951722
"354","4",151711048,151742496,"circular_RNA/4",0,"+",151711048,151711048,"0,0,0",7,"110,95,121,189,136,149,69","0,1432,2035,7734,20958,21864,31379",4,"circRNA","ENSMMUG00000019763","ENSMMUT00000074078","4,5,6,7,8,9,10","4:151710809-151711048|4:151742496-151742933",0.891190296731,59.4423927919,0.0151581837906
"355","4",151751359,151756716,"circular_RNA/23",0,"-",151751359,151751359,"0,0,0",4,"153,123,126,117","0,2414,4086,5240",23,"circRNA","ENSMMUG00000018575","ENSMMUT00000026109","19,18,17,16","4:151728441-151751359|4:151756716-151760638",5.1243442062,23.5248026858,0.218159645303
"356","4",151771151,151771752,"circular_RNA/15",0,"-",151771151,151771151,"0,0,0",2,"75,177","0,424",15,"circRNA","ENSMMUG00000018575","ENSMMUT00000026109","10,9","4:151768346-151771151|4:151771752-151777641",3.34196361274,23.5248026858,0.142425821771
"357","4",152277998,152283781,"circular_RNA/10",0,"+",152277998,152277998,"0,0,0",3,"129,117,45","0,5529,5738",10,"circRNA","ENSMMUG00000001993","ENSMMUT00000002823","6,7,8","4:152277787-152277998|4:152283781-152284043",2.22797574183,43.1027614669,0.0519098212614
"358","4",152306753,152325623,"circular_RNA/8",0,"+",152306753,152306753,"0,0,0",7,"88,126,618,195,885,357,273","0,6068,8324,13196,13958,17284,18597",8,"circRNA","ENSMMUG00000001993","ENSMMUT00000002823","15,16,17,18,19,20,21","4:152305059-152306753|4:152325623-152333503",1.78238059346,43.1027614669,0.0415742469857
"359","4",152312821,152325623,"circular_RNA/1",0,"+",152312821,152312821,"0,0,0",6,"126,618,195,885,357,273","0,2256,7128,7890,11216,12529",1,"circRNA","ENSMMUG00000001993","ENSMMUT00000002823","16,17,18,19,20,21","4:152306841-152312821|4:152325623-152333503",0.222797574183,43.1027614669,0.00539973702129
"360","4",153447629,153484497,"circular_RNA/2",0,"+",153447629,153447629,"0,0,0",2,"61,138","0,36730",2,"circRNA","ENSMMUG00000002940","ENSMMUT00000098826","1,2","None|4:153484497-153641122",0.445595148365,3.67615997401,0.123596141127
"361","4",153641122,153643151,"circular_RNA/22",1,"+",153641122,153641122,"0,0,0",1,"2029","0",22,"circRNA","ENSMMUG00000002940","ENSMMUT00000080488","3","4:153447690-153641122|4:153643151-153662701",4.90154663202,3.67615997401,1.33242904992
"362","4",154539201,154557235,"circular_RNA/4",0,"-",154539201,154539201,"0,0,0",2,"177,170","0,17864",4,"circRNA","ENSMMUG00000015362","ENSMMUT00000054472","4,3","4:154519569-154539201|4:154557235-154596870",0.891190296731,19.1234584507,0.0471002301572
"363","4",156341452,156359476,"circular_RNA/2",0,"+",156341452,156341452,"0,0,0",6,"168,23,185,113,109,191","0,4590,12833,14964,16261,17833",2,"circRNA","ENSMMUG00000020122","ENSMMUT00000041381","4,5,6,7,8,9","4:156339951-156341452|4:156359476-156361360",0.445595148365,38.703121458,0.0117684942781
"364","4",156354285,156359476,"circular_RNA/6",0,"+",156354285,156354285,"0,0,0",4,"185,113,109,191","0,2131,3428,5000",6,"circRNA","ENSMMUG00000020122","ENSMMUT00000041381","6,7,8,9","4:156346065-156354285|4:156359476-156361360",1.3367854451,38.703121458,0.034788862132
"365","4",156354285,156361508,"circular_RNA/8",0,"+",156354285,156354285,"0,0,0",5,"185,113,109,191,148","0,2131,3428,5000,7075",8,"circRNA","ENSMMUG00000020122","ENSMMUT00000041381","6,7,8,9,10","4:156346065-156354285|4:156361508-156364762",1.78238059346,38.703121458,0.0462990460587
"366","4",156354285,156366927,"circular_RNA/18",0,"+",156354285,156354285,"0,0,0",7,"185,113,109,191,148,122,152","0,2131,3428,5000,7075,10477,12490",18,"circRNA","ENSMMUG00000020122","ENSMMUT00000041381","6,7,8,9,10,11,12","4:156346065-156354285|4:156366927-156374990",4.01035633529,38.703121458,0.103849965693
"367","4",157865918,157881872,"circular_RNA/9",0,"-",157865918,157865918,"0,0,0",4,"102,176,134,5981","0,4924,5968,9973",9,"circRNA","ENSMMUG00000008560","ENSMMUT00000011971","5,4,3,2","4:157840157-157865918|4:157881872-157882468",2.00517816764,14.593241109,0.137995267804
"368","4",157875891,157881872,"circular_RNA/7",0,"-",157875891,157875891,"0,0,0",1,"5981","0",7,"circRNA","ENSMMUG00000008560","ENSMMUT00000011971","2","4:157872020-157875891|4:157881872-157882468",1.55958301928,14.593241109,0.107481825957
"369","4",159634520,159640314,"circular_RNA/8",0,"+",159634520,159634520,"0,0,0",3,"435,52,232","0,3466,5562",8,"circRNA","ENSMMUG00000006186","ENSMMUT00000064672","2,3,4","4:159625461-159634520|4:159640314-159642233",1.78238059346,25.1204264891,0.0713231267379
"370","4",162848798,162851709,"circular_RNA/3",0,"-",162848798,162848798,"0,0,0",1,"2911","0",3,"circRNA","ENSMMUG00000007852","ENSMMUT00000011008","9","4:162840256-162848798|4:162851709-162854015",0.668392722548,36.8252561899,0.018416940527
"371","4",162891143,162904399,"circular_RNA/28",0,"-",162891143,162891143,"0,0,0",5,"164,90,213,124,119","0,1913,7308,8477,13137",28,"circRNA","ENSMMUG00000007852","ENSMMUT00000011008","5,4,3,2,1","4:162869420-162891143|None",6.23833207712,36.8252561899,0.169629119583
"372","4",165993580,165995831,"circular_RNA/3",0,"+",165993580,165993580,"0,0,0",2,"90,144","0,2107",3,"circRNA","ENSMMUG00000014021","ENSMMUT00000019681","8,9","4:165987042-165993580|4:165995831-165997138",0.668392722548,11.4616974274,0.0591362112574
"373","4",166718693,166724503,"circular_RNA/13",0,"+",166718693,166718693,"0,0,0",2,"104,155","0,5655",13,"circRNA","ENSMMUG00000001371","ENSMMUT00000056377","2,3","4:166678473-166718693|4:166724503-166812784",2.89636846437,6.0791909527,0.477299609578
"374","8",9739895,9754217,"circular_RNA/2",0,"+",9739895,9739895,"0,0,0",5,"110,93,79,93,77","0,1568,2799,8311,14245",2,"circRNA","ENSMMUG00000010180","ENSMMUT00000084452","2,3,4,5,6","8:9676382-9739895|8:9754217-9810980",0.445595148365,3.37909654177,0.134429675505
"375","8",10839638,10846221,"circular_RNA/6",0,"-",10839638,10839638,"0,0,0",2,"80,172","0,6411",6,"circRNA","ENSMMUG00000000965","ENSMMUT00000057488","13,12","8:10831201-10839638|8:10846221-10856730",1.3367854451,21.9019702273,0.0614634572396
"376","8",17178764,17220361,"circular_RNA/8",1,"+",17178764,17178764,"0,0,0",9,"154,32,79,48,83,72,39,101,172","0,5582,13518,17413,20991,22713,26294,40722,41425",8,"circRNA","ENSMMUG00000017992","ENSMMUT00000025275","2,3,4,5,6,7,8,9,10","8:17144496-17178764|8:17220361-17228717",1.78238059346,1.73782107862,1.02549432284
"377","8",17808999,17849721,"circular_RNA/10",0,"-",17808999,17808999,"0,0,0",4,"67,215,39,135","0,9646,38015,40587",10,"circRNA","ENSMMUG00000001151","ENSMMUT00000039129","5,4,3,2","8:17790137-17808999|8:17849721-17855776",2.22797574183,50.4795646648,0.0443255107603
"378","8",17808999,17857889,"circular_RNA/7",0,"-",17808999,17808999,"0,0,0",3,"67,215,162","0,9646,48728",7,"circRNA","ENSMMUG00000001151","ENSMMUT00000001622","5,4,3","8:17790137-17808999|8:17857889-17879783",1.55958301928,50.4795646648,0.0310872757509
"379","8",17818645,17857889,"circular_RNA/7",0,"-",17818645,17818645,"0,0,0",2,"215,162","0,39082",7,"circRNA","ENSMMUG00000001151","ENSMMUT00000001622","4,3","8:17809066-17818645|8:17857889-17879783",1.55958301928,50.4795646648,0.0310872757509
"380","8",17847014,17849721,"circular_RNA/10",0,"-",17847014,17847014,"0,0,0",2,"39,135","0,2572",10,"circRNA","ENSMMUG00000001151","ENSMMUT00000039129","3,2","8:17818860-17847014|8:17849721-17855776",2.22797574183,50.4795646648,0.0443255107603
"381","8",17847014,17857889,"circular_RNA/26",0,"-",17847014,17847014,"0,0,0",2,"39,162","0,10713",26,"circRNA","ENSMMUG00000001151","ENSMMUT00000079053","4,3","8:17818860-17847014|8:17857889-17879783",5.79273692875,50.4795646648,0.11492943081
"382","8",17879783,17892184,"circular_RNA/33",0,"-",17879783,17879783,"0,0,0",2,"196,2248","0,10153",33,"circRNA","ENSMMUG00000001151","ENSMMUT00000001621","3,2","8:17849721-17879783|8:17892184-17938703",7.35231994803,50.4795646648,0.145818645831
"383","8",18136154,18163977,"circular_RNA/4",0,"+",18136154,18136154,"0,0,0",10,"121,159,137,135,198,60,130,161,73,257","0,1674,3553,19245,22312,23351,23992,24419,26961,27566",4,"circRNA","ENSMMUG00000015487","ENSMMUT00000021733","29,30,31,32,33,34,35,36,37,38","8:18132421-18136154|8:18163977-18174741",0.891190296731,41.7244157051,0.0215934566593
"384","8",18220763,18222494,"circular_RNA/1",0,"-",18220763,18220763,"0,0,0",2,"87,91","0,1640",1,"circRNA","ENSMMUG00000015497","ENSMMUT00000021738","4,3","8:18218260-18220763|8:18222494-18226660",0.222797574183,148.46887578,0.00156788346463
"385","8",18946944,18952495,"circular_RNA/81",0,"-",18946944,18946944,"0,0,0",4,"59,113,81,195","0,1962,5174,5356",81,"circRNA","ENSMMUG00000016385","ENSMMUT00000029094","5,4,3,2","8:18907902-18946944|8:18952495-18956279",18.0466035088,5.53280642554,3.25766446138
"386","8",19017807,19022857,"circular_RNA/1",0,"-",19017807,19017807,"0,0,0",2,"396,1108","0,3942",1,"circRNA","ENSMMUG00000016385","ENSMMUT00000102246","3,2","8:18952495-19017807|8:19022857-19036274",0.222797574183,5.53280642554,0.0419999466534
"387","8",20099584,20107532,"circular_RNA/2",0,"+",20099584,20099584,"0,0,0",5,"161,180,112,234,243","0,3529,5058,5858,7705",2,"circRNA","ENSMMUG00000004712","ENSMMUT00000006658","2,3,4,5,6","8:20090408-20099584|8:20107532-20110712",0.445595148365,70.2802570116,0.00648162587156
"388","8",22584100,22587961,"circular_RNA/2",0,"+",22584100,22584100,"0,0,0",2,"279,187","0,3674",2,"circRNA","ENSMMUG00000017713","ENSMMUT00000075846","2,3","8:22545362-22584100|8:22587961-22591487",0.445595148365,5.4306908707,0.0837384735124
"389","8",22658624,22659293,"circular_RNA/6",0,"+",22658624,22658624,"0,0,0",2,"198,125","0,544",6,"circRNA","ENSMMUG00000014442","ENSMMUT00000020266","2,3","8:22624139-22658624|8:22659293-22681082",1.3367854451,6.38686379324,0.210538396413
"390","8",22710525,22716183,"circular_RNA/2",0,"+",22710525,22710525,"0,0,0",4,"126,72,82,98","0,1116,4863,5560",2,"circRNA","ENSMMUG00000014442","ENSMMUT00000020266","9,10,11,12","8:22706461-22710525|8:22716183-22723915",0.445595148365,6.38686379324,0.0712216428379
"391","8",28783648,28791162,"circular_RNA/7",1,"+",28783648,28783648,"0,0,0",2,"197,1018","0,6496",7,"circRNA","ENSMMUG00000007486","ENSMMUT00000096513","3,4","8:28765752-28783648|8:28791162-28814379",1.55958301928,4.67874905784,0.334755176683
"392","8",29081982,29083024,"circular_RNA/5",0,"-",29081982,29081982,"0,0,0",2,"135,121","0,921",5,"circRNA","ENSMMUG00000019723","ENSMMUT00000027716","8,7","8:29065042-29081982|8:29083024-29100442",1.11398787091,6.5799550242,0.170560780276
"393","8",31403374,31462194,"circular_RNA/2",0,"+",31403374,31403374,"0,0,0",17,"83,107,188,175,182,102,93,142,171,95,76,74,76,113,115,132,163","0,3741,13331,18095,21948,26201,26587,32977,42213,42464,43394,44338,47975,48291,51581,55907,58657",2,"circRNA","ENSMMUG00000022655","ENSMMUT00000031879","18,19,20,21,22,23,24,25,26,27,28,29,30,31,32,33,34","8:31398094-31403374|8:31462194-31471714",0.445595148365,9.97496567841,0.0456281136099
"394","8",38333137,38338027,"circular_RNA/6",0,"-",38333137,38333137,"0,0,0",3,"109,1878,808","0,858,4082",6,"circRNA","ENSMMUG00000063888","ENSMMUT00000101815","5,4,3","8:38325183-38333137|8:38338027-38340025",1.3367854451,63.1631122808,0.0213189661943
"395","8",38333137,38340468,"circular_RNA/4",0,"-",38333137,38333137,"0,0,0",4,"109,1878,808,443","0,858,4082,6888",4,"circRNA","ENSMMUG00000063888","ENSMMUT00000101815","5,4,3,2","8:38325183-38333137|8:38340468-38362953",0.891190296731,63.1631122808,0.0142654091938
"396","8",38703301,38721731,"circular_RNA/4",0,"+",38703301,38703301,"0,0,0",11,"136,209,68,123,96,117,156,103,171,163,108","0,3892,4383,5838,7672,10117,10337,11005,11240,11840,18322",4,"circRNA","ENSMMUG00000013777","ENSMMUT00000019344","7,8,9,10,11,12,13,14,15,16,17","8:38701421-38703301|8:38721731-38722497",0.891190296731,22.1880172407,0.0405977834398
"397","8",38713418,38713794,"circular_RNA/4",0,"+",38713418,38713418,"0,0,0",2,"117,156","0,220",4,"circRNA","ENSMMUG00000013777","ENSMMUT00000019344","12,13","8:38711069-38713418|8:38713794-38714306",0.891190296731,22.1880172407,0.0405977834398
"398","8",38789870,38795041,"circular_RNA/1",0,"-",38789870,38789870,"0,0,0",3,"127,516,155","0,2645,5016",1,"circRNA","ENSMMUG00000001091","ENSMMUT00000001546","5,4,3","8:38783363-38789870|8:38795041-38800743",0.222797574183,28.1220049191,0.00827518603286
"399","8",40512947,40513985,"circular_RNA/4",0,"+",40512947,40512947,"0,0,0",2,"100,118","0,920",4,"circRNA","ENSMMUG00000019304","ENSMMUT00000039050","6,7","8:40510485-40512947|8:40513985-40515091",0.891190296731,20.1260475345,0.0447550739631
"400","8",42188653,42191527,"circular_RNA/4",0,"+",42188653,42188653,"0,0,0",5,"70,301,75,90,94","0,239,1318,2504,2780",4,"circRNA","ENSMMUG00000014721","ENSMMUT00000020642","4,5,6,7,8","8:42181917-42188653|8:42191527-42192124",0.891190296731,14.1290794961,0.0637375507352
"401","8",42561520,42565568,"circular_RNA/6",0,"-",42561520,42561520,"0,0,0",3,"119,320,136","0,2283,3912",6,"circRNA","ENSMMUG00000010891","ENSMMUT00000015248","8,7,6","8:42543724-42561520|8:42565568-42568030",1.3367854451,27.3086169498,0.0492991811253
"402","8",42923566,42926173,"circular_RNA/9",0,"+",42923566,42923566,"0,0,0",2,"128,91","0,2516",9,"circRNA","ENSMMUG00000008351","ENSMMUT00000039043","20,21","8:42920087-42923566|8:42926173-42927875",2.00517816764,18.5478980507,0.108588707737
"403","8",43006841,43011530,"circular_RNA/2",0,"+",43006841,43006841,"0,0,0",4,"153,53,228,151","0,937,3020,4538",2,"circRNA","ENSMMUG00000020185","ENSMMUT00000086184","4,5,6,7","8:43003294-43006841|8:43011530-43012949",0.445595148365,14.955287167,0.0304434618114
"404","8",43068338,43104810,"circular_RNA/4",0,"-",43068338,43068338,"0,0,0",5,"97,86,141,553,157","0,3078,5830,12146,36315",4,"circRNA","ENSMMUG00000020186","ENSMMUT00000028401","6,5,4,3,2","8:43053677-43068338|8:43104810-43151452",0.891190296731,4.99066566169,0.180214067026
"405","8",43578650,43586096,"circular_RNA/5",0,"+",43578650,43578650,"0,0,0",3,"63,84,164","0,2146,7282",5,"circRNA","ENSMMUG00000019866","ENSMMUT00000039038","7,8,9","8:43572046-43578650|8:43586096-43588118",1.11398787091,37.7270558949,0.0297847260274
"406","8",43588118,43589869,"circular_RNA/7",0,"+",43588118,43588118,"0,0,0",2,"141,202","0,1549",7,"circRNA","ENSMMUG00000019866","ENSMMUT00000039038","10,11","8:43586096-43588118|8:43589869-43594945",1.55958301928,37.7270558949,0.0415926198284
"407","8",43630158,43640008,"circular_RNA/3",1,"+",43630158,43630158,"0,0,0",5,"83,101,105,72,137","0,2114,4517,4787,9713",3,"circRNA","ENSMMUG00000019866","ENSMMUT00000027918","18,19,20,21,22","8:43624188-43630158|8:43640008-43678238",0.668392722548,37.7270558949,0.0179768322266
"408","8",43790353,43805955,"circular_RNA/1",0,"+",43790353,43790353,"0,0,0",7,"137,122,70,70,110,77,31","0,348,3176,10770,12172,13893,15571",1,"circRNA","ENSMMUG00000047028","ENSMMUT00000106903","4,5,6,7,8,9,10","8:43780009-43790353|8:43805955-43809946",0.222797574183,10.7860237384,0.0215632699431
"409","8",47835119,47847451,"circular_RNA/3",0,"+",47835119,47835119,"0,0,0",3,"156,67,180","0,4088,12152",3,"circRNA","ENSMMUG00000013149","ENSMMUT00000056820","2,3,4","8:47804189-47835119|8:47847451-47850085",0.668392722548,9.16897709136,0.0739072247153
"410","8",47835119,47850249,"circular_RNA/9",0,"+",47835119,47835119,"0,0,0",4,"156,67,180,164","0,4088,12152,14966",9,"circRNA","ENSMMUG00000013149","ENSMMUT00000056820","2,3,4,5","8:47804189-47835119|8:47850249-47959635",2.00517816764,9.16897709136,0.219542782119
"411","8",47839207,47847451,"circular_RNA/2",0,"+",47839207,47839207,"0,0,0",2,"67,180","0,8064",2,"circRNA","ENSMMUG00000013149","ENSMMUT00000056820","3,4","8:47835275-47839207|8:47847451-47850085",0.445595148365,9.16897709136,0.0496346318147
"412","8",47959635,48000395,"circular_RNA/15",0,"+",47959635,47959635,"0,0,0",3,"251,101,220","0,12280,40540",15,"circRNA","ENSMMUG00000013149","ENSMMUT00000056820","6,7,8","8:47850249-47959635|8:48000395-48136686",3.34196361274,9.16897709136,0.365178339523
"413","8",48136686,48139893,"circular_RNA/8",0,"+",48136686,48136686,"0,0,0",2,"196,251","0,2956",8,"circRNA","ENSMMUG00000013149","ENSMMUT00000056820","9,10","8:48000395-48136686|8:48139893-48220416",1.78238059346,9.16897709136,0.195270189218
"414","8",48400402,48401473,"circular_RNA/1",0,"-",48400402,48400402,"0,0,0",2,"190,208","0,863",1,"circRNA","ENSMMUG00000015347","ENSMMUT00000021524","58,57","8:48398439-48400402|8:48401473-48403195",0.222797574183,35.8731944131,0.00648764910679
"415","8",48447485,48447689,"circular_RNA/2",0,"-",48447485,48447485,"0,0,0",1,"204","0",2,"circRNA","ENSMMUG00000015347","ENSMMUT00000021524","36","8:48443722-48447485|8:48447689-48449093",0.445595148365,35.8731944131,0.0126966162243
"416","8",48515001,48518453,"circular_RNA/12",0,"-",48515001,48515001,"0,0,0",6,"100,113,109,75,93,77","0,187,706,1931,3191,3375",12,"circRNA","ENSMMUG00000015347","ENSMMUT00000021524","7,6,5,4,3,2","8:48506670-48515001|8:48518453-48520994",2.67357089019,35.8731944131,0.0747862873995
"417","8",52461101,52461503,"circular_RNA/21",1,"-",52461101,52461101,"0,0,0",1,"402","0",21,"circRNA","ENSMMUG00000003347","ENSMMUT00000090986","2","8:52445781-52461101|8:52461503-52496607",4.67874905784,18.8486747759,0.248625585496
"418","8",54381921,54401761,"circular_RNA/3",0,"-",54381921,54381921,"0,0,0",4,"114,102,126,179","0,5844,17278,19661",3,"circRNA","ENSMMUG00000004064","ENSMMUT00000039027","12,11,10,9","8:54354152-54381921|8:54401761-54418041",0.668392722548,27.6268991987,0.0245466294055
"419","8",56572327,56600508,"circular_RNA/2",0,"+",56572327,56572327,"0,0,0",9,"137,46,106,99,104,150,153,183,77","0,4549,5718,8543,8765,10045,11913,25101,28104",2,"circRNA","ENSMMUG00000014149","ENSMMUT00000088863","2,3,4,5,6,7,8,9,10","8:56506974-56572327|8:56600508-56630007",0.445595148365,49.7041133677,0.009164301996
"420","8",56580870,56584393,"circular_RNA/3",0,"+",56580870,56580870,"0,0,0",4,"99,104,150,153","0,222,1502,3370",3,"circRNA","ENSMMUG00000014149","ENSMMUT00000063595","4,5,6,7","8:56578151-56580870|8:56584393-56597428",0.668392722548,49.7041133677,0.0136458779327
"421","8",59276141,59288686,"circular_RNA/1",0,"-",59276141,59276141,"0,0,0",7,"53,48,72,51,37,68,79","0,158,490,8510,12186,12302,12466",1,"circRNA","ENSMMUG00000017297","ENSMMUT00000024314","9,8,7,6,5,4,3","8:59262362-59276141|8:59288686-59296274",0.222797574183,18.4253593849,0.0126277752076
"422","8",61348068,61349907,"circular_RNA/10",0,"+",61348068,61348068,"0,0,0",1,"1839","0",10,"circRNA","ENSMMUG00000011584","ENSMMUT00000016237","2","8:61285798-61348068|8:61349907-61387006",2.22797574183,9.95162498016,0.224659706251
"423","8",61348068,61387437,"circular_RNA/6",0,"+",61348068,61348068,"0,0,0",2,"1839,431","0,38938",6,"circRNA","ENSMMUG00000011584","ENSMMUT00000016237","2,3","8:61285798-61348068|8:61387437-61401284",1.3367854451,9.95162498016,0.135197364665
"424","8",61387006,61407668,"circular_RNA/17",0,"+",61387006,61387006,"0,0,0",4,"431,142,138,66","0,14278,19413,20596",17,"circRNA","ENSMMUG00000011584","ENSMMUT00000016237","3,4,5,6","8:61349907-61387006|8:61407668-61414329",3.78755876111,9.95162498016,0.381218804028
"425","8",61401284,61407668,"circular_RNA/13",0,"+",61401284,61401284,"0,0,0",3,"142,138,66","0,5135,6318",13,"circRNA","ENSMMUG00000011584","ENSMMUT00000016237","4,5,6","8:61387437-61401284|8:61407668-61414329",2.89636846437,9.95162498016,0.29175646244
"426","8",61401284,61422466,"circular_RNA/1",0,"+",61401284,61401284,"0,0,0",5,"142,138,66,56,115","0,5135,6318,13045,21067",1,"circRNA","ENSMMUG00000011584","ENSMMUT00000016237","4,5,6,7,8","8:61387437-61401284|8:61422466-61425998",0.222797574183,9.95162498016,0.0233694376818
"427","8",67754661,67765127,"circular_RNA/24",0,"+",67754661,67754661,"0,0,0",4,"71,94,58,209","0,6045,7832,10257",24,"circRNA","ENSMMUG00000014423","ENSMMUT00000008790","9,10,11,12","8:67751955-67754661|8:67765127-67767252",5.34714178038,4.0289227998,1.32637885048
"428","8",67767252,67786497,"circular_RNA/11",0,"+",67767252,67767252,"0,0,0",4,"122,79,130,148","0,489,13614,19097",11,"circRNA","ENSMMUG00000014423","ENSMMUT00000008790","13,14,15,16","8:67765127-67767252|8:67786497-67797685",2.45077331601,4.0289227998,0.609264756467
"429","8",67797685,67812079,"circular_RNA/2",0,"+",67797685,67797685,"0,0,0",7,"153,113,150,147,105,67,118","0,4192,8677,9222,11738,13624,14276",2,"circRNA","ENSMMUG00000014423","ENSMMUT00000008790","17,18,19,20,21,22,23","8:67786497-67797685|8:67812079-67818337",0.445595148365,4.0289227998,0.112801152918
"430","8",67849514,67886285,"circular_RNA/3",0,"-",67849514,67849514,"0,0,0",16,"169,140,133,73,139,136,130,131,161,173,152,170,41,91,151,159","0,1575,8972,14079,15263,15484,17228,22613,23737,24849,25159,25676,25940,30562,36222,36612",3,"circRNA","ENSMMUG00000014424","ENSMMUT00000020241","36,35,34,33,32,31,30,29,28,27,26,25,24,23,22,21","8:67848026-67849514|8:67886285-67887558",0.668392722548,26.9213735471,0.02518968152
"431","8",67908318,67925901,"circular_RNA/3",0,"-",67908318,67908318,"0,0,0",8,"112,202,109,140,100,235,134,176","0,6103,6973,7198,7453,11821,16107,17407",3,"circRNA","ENSMMUG00000014424","ENSMMUT00000020241","15,14,13,12,11,10,9,8","8:67906760-67908318|8:67925901-67936471",0.668392722548,26.9213735471,0.02518968152
"432","8",67908318,67936582,"circular_RNA/6",0,"-",67908318,67908318,"0,0,0",9,"112,202,109,140,100,235,134,176,111","0,6103,6973,7198,7453,11821,16107,17407,28153",6,"circRNA","ENSMMUG00000014424","ENSMMUT00000020241","15,14,13,12,11,10,9,8,7","8:67906760-67908318|8:67936582-67940237",1.3367854451,26.9213735471,0.050008048893
"433","8",67947714,67950953,"circular_RNA/3",0,"-",67947714,67947714,"0,0,0",3,"147,157,31","0,1993,3208",3,"circRNA","ENSMMUG00000014424","ENSMMUT00000020241","4,3,2","8:67945108-67947714|8:67950953-67990052",0.668392722548,26.9213735471,0.02518968152
"434","8",70721297,70743765,"circular_RNA/4",0,"-",70721297,70721297,"0,0,0",9,"199,178,235,78,279,166,130,216,207","0,804,2916,4536,4800,9062,15458,18815,22261",4,"circRNA","ENSMMUG00000015978","ENSMMUT00000053746","21,20,19,18,17,16,15,14,13","8:70718805-70721297|8:70743765-70747188",0.891190296731,14.1273916357,0.0637451603488
"435","8",70758706,70762106,"circular_RNA/2",0,"-",70758706,70758706,"0,0,0",2,"148,144","0,3256",2,"circRNA","ENSMMUG00000015978","ENSMMUT00000087488","9,8","8:70756122-70758706|8:70762106-70762714",0.445595148365,14.1273916357,0.0322262522044
"436","8",74057719,74200471,"circular_RNA/1",0,"-",74057719,74057719,"0,0,0",9,"308,61,132,138,213,108,160,136,160","0,31129,49889,57819,67437,69716,71365,125418,142592",1,"circRNA","ENSMMUG00000021588","ENSMMUT00000091504","12,11,10,9,8,7,6,5,4","8:73928825-74057719|8:74200471-74250660",0.222797574183,31.6054273091,0.007363416977
"437","8",74107608,74200471,"circular_RNA/7",0,"-",74107608,74107608,"0,0,0",7,"132,138,213,108,160,136,160","0,7930,17548,19827,21476,75529,92703",7,"circRNA","ENSMMUG00000021588","ENSMMUT00000091504","10,9,8,7,6,5,4","8:74088909-74107608|8:74200471-74250660",1.55958301928,31.6054273091,0.0496461111828
"438","8",74115538,74129244,"circular_RNA/8",0,"-",74115538,74115538,"0,0,0",4,"138,213,108,160","0,9618,11897,13546",8,"circRNA","ENSMMUG00000021588","ENSMMUT00000091504","9,8,7,6","8:74107740-74115538|8:74129244-74183137",1.78238059346,31.6054273091,0.0566932268837
"439","8",74115538,74221186,"circular_RNA/4",0,"-",74115538,74115538,"0,0,0",7,"138,213,108,160,136,160,131","0,9618,11897,13546,67599,84773,105517",4,"circRNA","ENSMMUG00000021588","ENSMMUT00000077338","9,8,7,6,5,4,3","8:74107740-74115538|8:74221186-74250660",0.891190296731,31.6054273091,0.0285047640799
"440","8",74183137,74200471,"circular_RNA/38",0,"-",74183137,74183137,"0,0,0",2,"136,160","0,17174",38,"circRNA","ENSMMUG00000021588","ENSMMUT00000091504","5,4","8:74129244-74183137|8:74200471-74250660",8.46630781894,31.6054273091,0.268106697913
"441","8",80949715,80950604,"circular_RNA/5",0,"+",80949715,80949715,"0,0,0",1,"889","0",5,"circRNA","ENSMMUG00000008438","ENSMMUT00000038979","2","8:80936744-80949715|8:80950604-80964647",1.11398787091,14.8828779554,0.0754715021688
"442","8",81133295,81156795,"circular_RNA/3",0,"-",81133295,81133295,"0,0,0",3,"268,101,233","0,4574,23267",3,"circRNA","ENSMMUG00000009969","ENSMMUT00000013915","6,5,4","8:81127808-81133295|8:81156795-81162359",0.668392722548,16.3199223089,0.04154292407
"443","8",81297795,81298037,"circular_RNA/3",1,"-",81297795,81297795,"0,0,0",1,"242","0",3,"circRNA","ENSMMUG00000009969","ENSMMUT00000013915","2","8:81162463-81297795|8:81298037-81356420",0.668392722548,16.3199223089,0.04154292407
"444","8",86856519,86863763,"circular_RNA/3",0,"+",86856519,86856519,"0,0,0",4,"76,72,89,160","0,183,3093,7084",3,"circRNA","ENSMMUG00000058330","ENSMMUT00000088239","14,15,16,17","8:86852816-86856519|8:86863763-86869183",0.668392722548,36.4459698434,0.0186085495863
"445","8",90364203,90372110,"circular_RNA/8",0,"-",90364203,90364203,"0,0,0",3,"194,118,104","0,819,7803",8,"circRNA","ENSMMUG00000014519","ENSMMUT00000038965","7,6,5","8:90358293-90364203|8:90372110-90374517",1.78238059346,20.2745792506,0.0883617338726
"446","8",90409955,90424861,"circular_RNA/3",0,"+",90409955,90409955,"0,0,0",5,"203,58,87,148,100","0,1014,1191,3008,14806",3,"circRNA","ENSMMUG00000006663","ENSMMUT00000009323","2,3,4,5,6","8:90395023-90409955|8:90424861-90430609",0.668392722548,30.2113510592,0.0224474650792
"447","8",94850805,94859605,"circular_RNA/10",0,"-",94850805,94850805,"0,0,0",4,"169,49,87,116","0,1957,3104,8684",10,"circRNA","ENSMMUG00000012981","ENSMMUT00000103193","5,4,3,2","8:94846846-94850805|8:94859605-94868469",2.22797574183,17.6678476327,0.126597750378
"448","8",95140526,95175211,"circular_RNA/8",1,"+",95140526,95140526,"0,0,0",14,"175,141,72,52,183,108,156,101,142,71,176,134,202,122","0,2053,2492,4172,7171,11324,13232,16496,17314,24496,24917,26270,31823,34563",8,"circRNA","ENSMMUG00000005356","ENSMMUT00000007538","2,3,4,5,6,7,8,9,10,11,12,13,14,15","8:95139225-95140526|8:95175211-95180451",1.78238059346,13.8320160638,0.129488405822
"449","8",95140526,95182285,"circular_RNA/1",0,"+",95140526,95140526,"0,0,0",18,"175,141,72,52,183,108,156,101,142,71,176,134,202,122,185,34,57,62","0,2053,2492,4172,7171,11324,13232,16496,17314,24496,24917,26270,31823,34563,39925,40577,41565,41697",1,"circRNA","ENSMMUG00000005356","ENSMMUT00000007538","2,3,4,5,6,7,8,9,10,11,12,13,14,15,16,17,18,19","8:95139225-95140526|8:95182285-95187127",0.222797574183,13.8320160638,0.0168181840788
"450","8",95142579,95157123,"circular_RNA/2",0,"+",95142579,95142579,"0,0,0",7,"141,72,52,183,108,156,101","0,439,2119,5118,9271,11179,14443",2,"circRNA","ENSMMUG00000005356","ENSMMUT00000007538","3,4,5,6,7,8,9","8:95140701-95142579|8:95157123-95157840",0.445595148365,13.8320160638,0.0329139300421
"451","8",97984843,97997078,"circular_RNA/2",0,"+",97984843,97984843,"0,0,0",3,"125,108,141","0,6432,12094",2,"circRNA","ENSMMUG00000014210","ENSMMUT00000069821","8,9,10","8:97978228-97984843|8:97997078-98002547",0.445595148365,31.2929320102,0.0145543921642
"452","8",98090117,98111155,"circular_RNA/2",1,"+",98090117,98090117,"0,0,0",5,"112,74,123,99,96","0,10512,11265,14645,20942",2,"circRNA","ENSMMUG00000008926","ENSMMUT00000012480","2,3,4,5,6","8:98064326-98090117|8:98111155-98137440",0.445595148365,7.50085166415,0.0606582540486
"453","8",98100629,98111155,"circular_RNA/5",1,"+",98100629,98100629,"0,0,0",4,"74,123,99,96","0,753,4133,10430",5,"circRNA","ENSMMUG00000008926","ENSMMUT00000012480","3,4,5,6","8:98090229-98100629|8:98111155-98137440",1.11398787091,7.50085166415,0.149648524717
"454","8",98101382,98111155,"circular_RNA/6",0,"+",98101382,98101382,"0,0,0",3,"123,99,96","0,3380,9677",6,"circRNA","ENSMMUG00000008926","ENSMMUT00000012480","4,5,6","8:98100703-98101382|8:98111155-98137440",1.3367854451,7.50085166415,0.179311948275
"455","8",98849771,98849964,"circular_RNA/6",0,"-",98849771,98849771,"0,0,0",1,"193","0",6,"circRNA","ENSMMUG00000028952","ENSMMUT00000055038","9","8:98828431-98849771|8:98849964-98882128",1.3367854451,22.7748631387,0.0591087792321
"456","8",98981854,98982779,"circular_RNA/9",0,"-",98981854,98981854,"0,0,0",2,"168,165","0,760",9,"circRNA","ENSMMUG00000028952","ENSMMUT00000055038","6,5","8:98891680-98981854|8:98982779-99012501",2.00517816764,22.7748631387,0.0884437249139
"457","8",99399546,99424228,"circular_RNA/5",0,"+",99399546,99399546,"0,0,0",7,"96,123,138,88,192,170,195","0,384,962,2043,9033,15743,24487",5,"circRNA","ENSMMUG00000022186","ENSMMUT00000031206","9,10,11,12,13,14,15","8:99386428-99399546|8:99424228-99440547",1.11398787091,17.2222524843,0.0652258241883
"458","8",99558885,99559957,"circular_RNA/5",0,"+",99558885,99558885,"0,0,0",2,"135,174","0,898",5,"circRNA","ENSMMUG00000022186","ENSMMUT00000031206","18,19","8:99470183-99558885|8:99559957-99646180",1.11398787091,17.2222524843,0.0652258241883
"459","8",99558885,99704164,"circular_RNA/5",0,"+",99558885,99558885,"0,0,0",6,"135,174,110,148,128,235","0,898,87295,94993,134440,145044",5,"circRNA","ENSMMUG00000022186","ENSMMUT00000031206","18,19,20,21,22,23","8:99470183-99558885|8:99704164-99733787",1.11398787091,17.2222524843,0.0652258241883
"460","8",99558885,99753983,"circular_RNA/4",0,"+",99558885,99558885,"0,0,0",8,"135,174,110,148,128,235,221,204","0,898,87295,94993,134440,145044,174902,194894",4,"circRNA","ENSMMUG00000022186","ENSMMUT00000031206","18,19,20,21,22,23,24,25","8:99470183-99558885|8:99753983-99775132",0.891190296731,17.2222524843,0.0522967207887
"461","8",99558885,99936441,"circular_RNA/1",0,"+",99558885,99558885,"0,0,0",18,"135,174,110,148,128,235,221,204,172,115,142,409,112,204,127,144,688,138","0,898,87295,94993,134440,145044,174902,194894,216247,217292,223117,226445,235320,273689,290532,299646,357966,377418",1,"circRNA","ENSMMUG00000022186","ENSMMUT00000031206","18,19,20,21,22,23,24,25,26,27,28,29,30,31,32,33,34,35","8:99470183-99558885|8:99936441-99968112",0.222797574183,17.2222524843,0.013509410589
"462","8",99775132,99794317,"circular_RNA/3",0,"+",99775132,99775132,"0,0,0",5,"172,115,142,409,112","0,1045,6870,10198,19073",3,"circRNA","ENSMMUG00000022186","ENSMMUT00000031206","26,27,28,29,30","8:99753983-99775132|8:99794317-99832574",0.668392722548,17.2222524843,0.0393676173887
"463","8",100130501,100139607,"circular_RNA/1",1,"+",100130501,100130501,"0,0,0",3,"177,171,177","0,2443,8929",1,"circRNA","ENSMMUG00000022186","ENSMMUT00000031206","57,58,59","8:100125451-100130501|8:100139607-100141916",0.222797574183,17.2222524843,0.013509410589
"464","8",100978172,100978525,"circular_RNA/1",0,"-",100978172,100978172,"0,0,0",2,"161,111","0,242",1,"circRNA","ENSMMUG00000017786","ENSMMUT00000016198","11,10","8:100977195-100978172|8:100978525-100979638",0.222797574183,168.816904781,0.00137891276562
"465","8",101812255,101924011,"circular_RNA/4",1,"+",101812255,101812255,"0,0,0",13,"196,68,394,56,157,112,95,159,88,140,32,95,86","0,9756,15398,29020,32380,36083,57053,79162,91154,91748,96617,106379,111670",4,"circRNA","ENSMMUG00000020995","ENSMMUT00000029523","2,3,4,5,6,7,8,9,10,11,12,13,14","8:101760686-101812255|8:101924011-101938958",0.891190296731,3.6538802166,0.245966091535
"466","8",102570091,102583110,"circular_RNA/10",0,"-",102570091,102570091,"0,0,0",7,"98,124,96,152,127,211,198","0,455,1057,1612,5642,6691,12821",10,"circRNA","ENSMMUG00000020766","ENSMMUT00000029207","26,25,24,23,22,21,20","8:102569310-102570091|8:102583110-102583355",2.22797574183,24.0257628976,0.0931102437382
"467","8",102593338,102613335,"circular_RNA/2",0,"-",102593338,102593338,"0,0,0",6,"155,111,117,212,150,160","0,1280,1473,15872,18790,19837",2,"circRNA","ENSMMUG00000020766","ENSMMUT00000029207","12,11,10,9,8,7","8:102592257-102593338|8:102613335-102613861",0.445595148365,24.0257628976,0.0189548861131
"468","8",102626846,102628406,"circular_RNA/18",0,"-",102626846,102626846,"0,0,0",4,"120,77,82,45","0,513,1046,1515",18,"circRNA","ENSMMUG00000020766","ENSMMUT00000029207","5,4,3,2","8:102614051-102626846|8:102628406-102679417",4.01035633529,24.0257628976,0.167265601363
"469","8",104148535,104149461,"circular_RNA/1",1,"+",104148535,104148535,"0,0,0",1,"926","0",1,"circRNA","ENSMMUG00000019407","ENSMMUT00000014469","6","8:104032998-104148535|8:104149461-104174210",0.222797574183,0.120682019349,1.78140478195
"470","8",106925141,106925905,"circular_RNA/4",0,"+",106925141,106925141,"0,0,0",1,"764","0",4,"circRNA","ENSMMUG00000017845","ENSMMUT00000084444","7","8:106921808-106925141|8:106925905-106929340",0.891190296731,33.0425940788,0.0272653424594
"471","8",107502313,107563356,"circular_RNA/3",0,"-",107502313,107502313,"0,0,0",6,"167,102,128,233,122,156","0,9498,17985,35938,50367,60887",3,"circRNA","ENSMMUG00000017745","ENSMMUT00000024944","7,6,5,4,3,2","8:107481602-107502313|8:107563356-107720466",0.668392722548,13.5349526316,0.0500845400497
"472","8",107511811,107552802,"circular_RNA/1",0,"-",107511811,107511811,"0,0,0",4,"102,128,233,122","0,8487,26440,40869",1,"circRNA","ENSMMUG00000017745","ENSMMUT00000024944","6,5,4,3","8:107502480-107511811|8:107552802-107563200",0.222797574183,13.5349526316,0.0171870349432
"473","8",115863475,115881472,"circular_RNA/5",0,"-",115863475,115863475,"0,0,0",2,"604,1130","0,16867",5,"circRNA","ENSMMUG00000003435","ENSMMUT00000056916","4,3","8:115693334-115863475|8:115881472-115895606",1.11398787091,181.023029023,0.00620874476318
"474","8",115863475,115896535,"circular_RNA/5",0,"-",115863475,115863475,"0,0,0",3,"604,1130,929","0,16867,32131",5,"circRNA","ENSMMUG00000003435","ENSMMUT00000056916","4,3,2","8:115693334-115863475|8:115896535-115945062",1.11398787091,181.023029023,0.00620874476318
"475","8",115863475,115900228,"circular_RNA/439",0,"-",115863475,115863475,"0,0,0",4,"604,1130,929,158","0,16867,32131,36595",439,"circRNA","ENSMMUG00000003435","ENSMMUT00000105184","6,5,4,3","8:115693334-115863475|8:115900228-115913688",97.8081350662,181.023029023,0.54033308504
"476","8",115880342,115900228,"circular_RNA/101",0,"-",115880342,115880342,"0,0,0",3,"1130,929,158","0,15264,19728",101,"circRNA","ENSMMUG00000003435","ENSMMUT00000105184","5,4,3","8:115864079-115880342|8:115900228-115913688",22.5025549925,181.023029023,0.124356064272
"477","8",115895606,115900228,"circular_RNA/76",0,"-",115895606,115895606,"0,0,0",2,"929,158","0,4464",76,"circRNA","ENSMMUG00000003435","ENSMMUT00000105184","4,3","8:115881472-115895606|8:115900228-115913688",16.9326156379,181.023029023,0.0935885331496
"478","8",115895606,115913785,"circular_RNA/15",0,"-",115895606,115895606,"0,0,0",3,"929,158,97","0,4464,18082",15,"circRNA","ENSMMUG00000003435","ENSMMUT00000105184","4,3,2","8:115881472-115895606|8:115913785-115945062",3.34196361274,181.023029023,0.018515757212
"479","8",120850359,120972103,"circular_RNA/3",0,"-",120850359,120850359,"0,0,0",3,"140,208,217","0,70186,121527",3,"circRNA","ENSMMUG00000002607","ENSMMUT00000003709","4,3,2","8:120824116-120850359|8:120972103-121088853",0.668392722548,53.1000885135,0.012773330671
"480","8",123400665,123410023,"circular_RNA/5",0,"+",123400665,123400665,"0,0,0",3,"147,116,179","0,5644,9179",5,"circRNA","ENSMMUG00000021157","ENSMMUT00000029761","2,3,4","8:123396390-123400665|8:123410023-123419567",1.11398787091,1.00258908382,1.11001381396
"481","8",123400665,123431200,"circular_RNA/13",0,"+",123400665,123400665,"0,0,0",7,"147,116,179,152,160,201,177","0,5644,9179,18902,22594,26101,30358",13,"circRNA","ENSMMUG00000021157","ENSMMUT00000029761","2,3,4,5,6,7,8","8:123396390-123400665|8:123431200-123434445",2.89636846437,1.00258908382,2.87023483742
"482","8",123400665,123439400,"circular_RNA/6",0,"+",123400665,123400665,"0,0,0",10,"147,116,179,152,160,201,177,80,147,134","0,5644,9179,18902,22594,26101,30358,33780,33937,38601",6,"circRNA","ENSMMUG00000021157","ENSMMUT00000029761","2,3,4,5,6,7,8,9,10,11","8:123396390-123400665|8:123439400-123444344",1.3367854451,1.00258908382,1.3300414419
"483","8",123400665,123458711,"circular_RNA/5",0,"+",123400665,123400665,"0,0,0",18,"147,116,179,152,160,201,177,80,147,134,134,180,233,153,136,93,141,195","0,5644,9179,18902,22594,26101,30358,33780,33937,38601,43679,44131,45905,46710,47837,51716,56038,57851",5,"circRNA","ENSMMUG00000021157","ENSMMUT00000029761","2,3,4,5,6,7,8,9,10,11,12,13,14,15,16,17,18,19","8:123396390-123400665|8:123458711-123460982",1.11398787091,1.00258908382,1.11001381396
"484","8",123648974,123654847,"circular_RNA/1",0,"-",123648974,123648974,"0,0,0",5,"144,123,160,197,136","0,322,2458,3740,5737",1,"circRNA","ENSMMUG00000020467","ENSMMUT00000063228","24,23,22,21,20","8:123643610-123648974|8:123654847-123663435",0.222797574183,16.9821262099,0.0137003204489
"485","8",124817889,124838615,"circular_RNA/8",0,"-",124817889,124817889,"0,0,0",7,"127,71,77,41,86,43,144","0,1947,10353,12725,12854,20440,20582",8,"circRNA","ENSMMUG00000064789","ENSMMUT00000038865","11,10,9,8,7,6,5","8:124812824-124817889|8:124838615-124841054",1.78238059346,17.8238059346,0.100504659523
"486","8",124838329,124838615,"circular_RNA/14",0,"-",124838329,124838329,"0,0,0",2,"43,144","0,142",14,"circRNA","ENSMMUG00000064789","ENSMMUT00000038865","6,5","8:124830829-124838329|8:124838615-124841054",3.11916603856,17.8238059346,0.175462604563
"487","8",128254535,128254945,"circular_RNA/5",0,"+",128254535,128254535,"0,0,0",1,"410","0",5,"circRNA","ENSMMUG00000062103","ENSMMUT00000094436","3","8:128158244-128254535|8:128254945-128301849",1.11398787091,1.87149962313,0.597389368083
"488","8",132237886,132258659,"circular_RNA/5",0,"+",132237886,132237886,"0,0,0",8,"128,151,122,150,138,79,136,168","0,1745,5255,9093,11294,15106,18449,20605",5,"circRNA","ENSMMUG00000012559","ENSMMUT00000017606","3,4,5,6,7,8,9,10","8:132233752-132237886|8:132258659-132264035",1.11398787091,81.6033248373,0.0137721122519
"489","8",133543853,133546415,"circular_RNA/2",0,"-",133543853,133543853,"0,0,0",2,"121,106","0,2456",2,"circRNA","ENSMMUG00000010200","ENSMMUT00000014259","5,4","8:133541060-133543853|8:133546415-133561899",0.445595148365,46.5795461758,0.00977891363539
"490","8",140922793,140924609,"circular_RNA/3",0,"-",140922793,140922793,"0,0,0",2,"132,138","0,1678",3,"circRNA","ENSMMUG00000002336","ENSMMUT00000056317","25,24","8:140908328-140922793|8:140924609-140928118",0.668392722548,27.6046194412,0.0245664338773
"491","8",140956774,140960622,"circular_RNA/4",0,"-",140956774,140956774,"0,0,0",2,"205,90","0,3758",4,"circRNA","ENSMMUG00000002336","ENSMMUT00000056317","21,20","8:140938871-140956774|8:140960622-140964713",0.891190296731,27.6046194412,0.0326345361612
"492","8",140956774,141126887,"circular_RNA/2",0,"-",140956774,140956774,"0,0,0",20,"205,90,101,116,101,85,98,57,53,31,118,108,78,141,55,63,80,88,167,227","0,3758,7939,9039,20791,26478,35693,38751,65357,69202,80023,83015,98045,98648,110067,125035,125380,142634,158914,169886",2,"circRNA","ENSMMUG00000002336","ENSMMUT00000056317","21,20,19,18,17,16,15,14,13,12,11,10,9,8,7,6,5,4,3,2","8:140938871-140956774|8:141126887-141237584",0.445595148365,27.6046194412,0.0164983315933
"493","8",140956774,141161162,"circular_RNA/5",0,"-",140956774,140956774,"0,0,0",24,"205,90,101,116,101,85,98,21,57,18,84,53,31,118,108,78,141,55,63,80,88,167,227,318","0,3758,7939,9039,20791,26478,35693,36896,38751,44762,46211,65357,69202,80023,83015,98045,98648,110067,125035,125380,142634,158914,169886,204070",5,"circRNA","ENSMMUG00000002336","ENSMMUT00000071264","25,24,23,22,21,20,19,18,17,16,15,14,13,12,11,10,9,8,7,6,5,4,3,2","8:140938871-140956774|8:141161162-141165996",1.11398787091,27.6046194412,0.0407026384449
"494","8",141022131,141055563,"circular_RNA/6",0,"-",141022131,141022131,"0,0,0",6,"53,31,118,108,78,141","0,3845,14666,17658,32688,33291",6,"circRNA","ENSMMUG00000002336","ENSMMUT00000056317","13,12,11,10,9,8","8:140995582-141022131|8:141055563-141066841",1.3367854451,27.6046194412,0.0487707407291
"495","8",141036797,141055563,"circular_RNA/1",0,"-",141036797,141036797,"0,0,0",4,"118,108,78,141","0,2992,18022,18625",1,"circRNA","ENSMMUG00000002336","ENSMMUT00000056317","11,10,9,8","8:141026007-141036797|8:141055563-141066841",0.222797574183,27.6046194412,0.00843022930947
"496","8",141054819,141126887,"circular_RNA/3",0,"-",141054819,141054819,"0,0,0",8,"78,141,55,63,80,88,167,227","0,603,12022,26990,27335,44589,60869,71841",3,"circRNA","ENSMMUG00000002336","ENSMMUT00000056317","9,8,7,6,5,4,3,2","8:141039897-141054819|8:141126887-141237584",0.668392722548,27.6046194412,0.0245664338773
"497","8",141081809,141126887,"circular_RNA/1",0,"-",141081809,141081809,"0,0,0",5,"63,80,88,167,227","0,345,17599,33879,44851",1,"circRNA","ENSMMUG00000002336","ENSMMUT00000056317","6,5,4,3,2","8:141066896-141081809|8:141126887-141237584",0.222797574183,27.6046194412,0.00843022930947
"498","8",141099408,141126887,"circular_RNA/22",0,"-",141099408,141099408,"0,0,0",3,"88,167,227","0,16280,27252",22,"circRNA","ENSMMUG00000002336","ENSMMUT00000056317","4,3,2","8:141082234-141099408|8:141126887-141237584",4.90154663202,27.6046194412,0.177860377271
"499","8",141451966,141458014,"circular_RNA/1",1,"-",141451966,141451966,"0,0,0",5,"212,100,1022,180,189","0,1335,2243,3883,5859",1,"circRNA","ENSMMUG00000013579","ENSMMUT00000074470","6,5,4,3,2","8:141448812-141451966|8:141458014-141490838",0.222797574183,3.08203310953,0.0752894829831
"500","8",141490838,141491478,"circular_RNA/70",0,"-",141490838,141490838,"0,0,0",2,"223,269","0,371",70,"circRNA","ENSMMUG00000013579","ENSMMUT00000019063","2,1","8:141458014-141490838|None",15.5958301928,3.08203310953,5.04710966539
"501","10",1653907,1672195,"circular_RNA/1",0,"+",1653907,1653907,"0,0,0",2,"1381,157","0,18131",1,"circRNA","ENSMMUG00000000553","ENSMMUT00000054734","1,2","None|10:1672195-1676748",0.222797574183,11.028479922,0.0210896405871
"502","10",1653907,1682166,"circular_RNA/3",0,"+",1653907,1653907,"0,0,0",6,"1381,157,132,129,313,261","0,18131,22841,23311,24190,27998",3,"circRNA","ENSMMUG00000000553","ENSMMUT00000054734","1,2,3,4,5,6","None|10:1682166-1689067",0.668392722548,11.028479922,0.0614570780888
"503","10",1697818,1699870,"circular_RNA/13",0,"+",1697818,1697818,"0,0,0",4,"136,128,110,155","0,635,1635,1897",13,"circRNA","ENSMMUG00000000553","ENSMMUT00000043907","7,8,9,10","10:1682166-1697818|10:1699870-1701041",2.89636846437,11.028479922,0.263294265597
"504","10",6333509,6334172,"circular_RNA/2",0,"-",6333509,6333509,"0,0,0",1,"663","0",2,"circRNA","ENSMMUG00000004132","ENSMMUT00000107209","5","10:6330192-6333509|10:6334172-6336305",0.445595148365,15.6276584177,0.0291344865194
"505","10",7820797,7862512,"circular_RNA/3",1,"+",7820797,7820797,"0,0,0",5,"174,169,115,134,233","0,1770,32651,35589,41482",3,"circRNA","ENSMMUG00000005769","ENSMMUT00000008098","14,15,16,17,18","10:7817891-7820797|10:7862512-7872649",0.668392722548,1.02947844622,0.652627983788
"506","10",8640218,8656716,"circular_RNA/7",0,"+",8640218,8640218,"0,0,0",5,"119,73,132,84,88","0,7099,12595,13769,16410",7,"circRNA","ENSMMUG00000002229","ENSMMUT00000003155","2,3,4,5,6","10:8629482-8640218|10:8656716-8661816",1.55958301928,69.1118075115,0.0227074938545
"507","10",9084405,9084735,"circular_RNA/12",0,"+",9084405,9084405,"0,0,0",1,"330","0",12,"circRNA","ENSMMUG00000053793","ENSMMUT00000090050","2","10:9064196-9084405|10:9084735-9086596",2.67357089019,47.7900796622,0.0561415568584
"508","10",9084405,9086709,"circular_RNA/32",0,"+",9084405,9084405,"0,0,0",2,"330,113","0,2191",32,"circRNA","ENSMMUG00000053793","ENSMMUT00000090050","2,3","10:9064196-9084405|10:9086709-9098731",7.12952237385,47.7900796622,0.149362143835
"509","10",9285401,9291092,"circular_RNA/6",0,"+",9285401,9285401,"0,0,0",1,"5691","0",6,"circRNA","ENSMMUG00000002656","ENSMMUT00000098748","2","10:9127430-9285401|10:9291092-9322311",1.3367854451,9.22381957116,0.145853558727
"510","10",10342716,10344277,"circular_RNA/4",0,"-",10342716,10342716,"0,0,0",2,"162,165","0,1396",4,"circRNA","ENSMMUG00000000893","ENSMMUT00000080799","29,28","10:10340851-10342716|10:10344277-10345915",0.891190296731,42.8616436678,0.0210206612024
"511","10",10367233,10393954,"circular_RNA/2",0,"-",10367233,10367233,"0,0,0",11,"138,110,78,175,118,138,94,246,114,262,177","0,1139,2250,7282,8227,11016,13410,20703,22292,24880,26544",2,"circRNA","ENSMMUG00000000893","ENSMMUT00000080799","13,12,11,10,9,8,7,6,5,4,3","10:10366655-10367233|10:10393954-10403706",0.445595148365,42.8616436678,0.0106269578068
"512","10",10387936,10404341,"circular_RNA/2",0,"-",10387936,10387936,"0,0,0",5,"246,114,262,177,635","0,1589,4177,5841,15770",2,"circRNA","ENSMMUG00000000893","ENSMMUT00000080799","6,5,4,3,2","10:10380737-10387936|10:10404341-10427357",0.445595148365,42.8616436678,0.0106269578068
"513","10",10653648,10669100,"circular_RNA/6",0,"-",10653648,10653648,"0,0,0",2,"408,117","0,15335",6,"circRNA","ENSMMUG00000004067","ENSMMUT00000005774","3,2","10:10649558-10653648|10:10669100-10681043",1.3367854451,10.6942835608,0.125817429765
"514","10",11165785,11166564,"circular_RNA/12",1,"-",11165785,11165785,"0,0,0",2,"177,90","0,689",12,"circRNA","ENSMMUG00000005341","ENSMMUT00000057744","12,11","10:11164391-11165785|10:11166564-11168004",2.67357089019,14.9071831453,0.179897964921
"515","10",13070818,13075494,"circular_RNA/3",0,"+",13070818,13070818,"0,0,0",7,"134,66,142,161,173,111,62","0,435,2731,3317,3561,4254,4614",3,"circRNA","ENSMMUG00000004304","ENSMMUT00000044003","4,5,6,7,8,9,10","10:13070003-13070818|10:13075494-13077101",0.668392722548,194.98215396,0.00347907702321
"516","10",13074135,13075494,"circular_RNA/4",0,"+",13074135,13074135,"0,0,0",4,"161,173,111,62","0,244,937,1297",4,"circRNA","ENSMMUG00000004304","ENSMMUT00000044003","7,8,9,10","10:13073691-13074135|10:13075494-13077101",0.891190296731,194.98215396,0.00462167465936
"517","10",15084184,15088947,"circular_RNA/7",0,"+",15084184,15084184,"0,0,0",2,"263,124","0,4639",7,"circRNA","ENSMMUG00000031300","ENSMMUT00000071627","2,3","10:15083462-15084184|10:15088947-15099843",1.55958301928,36.8729985272,0.0425557325043
"518","10",19028765,19029060,"circular_RNA/14",0,"-",19028765,19028765,"0,0,0",1,"295","0",14,"circRNA","ENSMMUG00000006728","ENSMMUT00000009418","2","10:19024110-19028765|10:19029060-19032925",3.11916603856,45.5899536171,0.0686221320494
"519","10",19773442,19773967,"circular_RNA/12",0,"+",19773442,19773442,"0,0,0",1,"525","0",12,"circRNA","ENSMMUG00000020746","ENSMMUT00000029176","2","10:19764318-19773442|10:19773967-19788041",2.67357089019,19.4470454037,0.137922836408
"520","10",19866777,19869485,"circular_RNA/7",0,"+",19866777,19866777,"0,0,0",2,"80,176","0,2532",7,"circRNA","ENSMMUG00000002182","ENSMMUT00000044066","3,4","10:19864733-19866777|10:19869485-19895628",1.55958301928,14.593241109,0.107481825957
"521","10",20041972,20043016,"circular_RNA/6",0,"+",20041972,20041972,"0,0,0",2,"287,202","0,842",6,"circRNA","ENSMMUG00000031035","ENSMMUT00000044078","5,6","10:20037447-20041972|10:20043016-20047851",1.3367854451,17.1029902534,0.0786995975079
"522","10",20110961,20111137,"circular_RNA/1",0,"-",20110961,20110961,"0,0,0",1,"176","0",1,"circRNA","ENSMMUG00000019099","ENSMMUT00000026840","3","10:20103356-20110961|10:20111137-20114027",0.222797574183,50.2130032814,0.00463527784029
"523","10",21548147,21567995,"circular_RNA/3",0,"-",21548147,21548147,"0,0,0",5,"167,83,117,90,87","0,3121,11765,12315,19761",3,"circRNA","ENSMMUG00000022236","ENSMMUT00000087476","8,7,6,5,4","10:21540723-21548147|10:21567995-21582090",0.668392722548,24.6562648762,0.0275028556595
"524","10",21708257,21718219,"circular_RNA/1",0,"+",21708257,21708257,"0,0,0",4,"98,159,171,130","0,6531,7053,9832",1,"circRNA","ENSMMUG00000001675","ENSMMUT00000002379","2,3,4,5","10:21702119-21708257|10:21718219-21724685",0.222797574183,17.5638754314,0.0132467977875
"525","10",21885162,21889030,"circular_RNA/1",0,"-",21885162,21885162,"0,0,0",2,"75,135","0,3733",1,"circRNA","ENSMMUG00000010311","ENSMMUT00000014421","9,8","10:21882813-21885162|10:21889030-21892159",0.222797574183,17.1257068688,0.0135855250073
"526","10",22060002,22060202,"circular_RNA/10",0,"-",22060002,22060002,"0,0,0",1,"200","0",10,"circRNA","ENSMMUG00000005451","ENSMMUT00000097278","2","10:22057911-22060002|10:22060202-22062372",2.22797574183,192.868433384,0.0116030377402
"527","10",22422719,22426774,"circular_RNA/19",0,"-",22422719,22422719,"0,0,0",2,"154,125","0,3930",19,"circRNA","ENSMMUG00000021370","ENSMMUT00000030079","5,4","10:22411963-22422719|10:22426774-22450945",4.23315390947,5.06864481266,0.835489400419
"528","10",23665622,23669009,"circular_RNA/18",0,"+",23665622,23665622,"0,0,0",3,"92,83,84","0,1258,3303",18,"circRNA","ENSMMUG00000014534","ENSMMUT00000057564","4,5,6","10:23652151-23665622|10:23669009-23689725",4.01035633529,35.8385812185,0.112148269154
"529","10",23665622,23689803,"circular_RNA/8",0,"+",23665622,23665622,"0,0,0",4,"92,83,84,78","0,1258,3303,24103",8,"circRNA","ENSMMUG00000014534","ENSMMUT00000057564","4,5,6,7","10:23652151-23665622|10:23689803-23703240",1.78238059346,35.8385812185,0.0499986479949
"530","10",27958926,27970367,"circular_RNA/2",0,"+",27958926,27958926,"0,0,0",4,"139,130,138,128","0,1799,8657,11313",2,"circRNA","ENSMMUG00000009098","ENSMMUT00000012729","2,3,4,5","10:27953917-27958926|10:27970367-27980594",0.445595148365,51.9675341781,0.00876523204821
"531","10",28893864,28900185,"circular_RNA/6",0,"-",28893864,28893864,"0,0,0",3,"103,157,84","0,3996,6237",6,"circRNA","ENSMMUG00000008516","ENSMMUT00000062992","15,14,13","10:28824318-28893864|10:28900185-28916646",1.3367854451,21.0115250729,0.0640669713748
"532","10",28893864,28916737,"circular_RNA/44",0,"-",28893864,28893864,"0,0,0",4,"103,157,84,91","0,3996,6237,22782",44,"circRNA","ENSMMUG00000008516","ENSMMUT00000062992","15,14,13,12","10:28824318-28893864|10:28916737-28925366",9.80309326404,21.0115250729,0.466811671846
"533","10",28897860,28916737,"circular_RNA/11",0,"-",28897860,28897860,"0,0,0",3,"157,84,91","0,2241,18786",11,"circRNA","ENSMMUG00000008516","ENSMMUT00000062992","14,13,12","10:28893967-28897860|10:28916737-28925366",2.45077331601,21.0115250729,0.117059695121
"534","10",28925366,28957803,"circular_RNA/1",0,"-",28925366,28925366,"0,0,0",9,"92,164,176,74,208,1514,36,154,190","0,4075,7939,9762,15133,16944,18539,23761,32247",1,"circRNA","ENSMMUG00000008516","ENSMMUT00000062992","11,10,9,8,7,6,5,4,3","10:28916737-28925366|10:28957803-28988188",0.222797574183,21.0115250729,0.0110742476284
"535","10",28940499,28957803,"circular_RNA/2",0,"-",28940499,28940499,"0,0,0",5,"208,1514,36,154,190","0,1811,3406,8628,17114",2,"circRNA","ENSMMUG00000008516","ENSMMUT00000062992","7,6,5,4,3","10:28935202-28940499|10:28957803-28988188",0.445595148365,21.0115250729,0.0216727923776
"536","10",31132655,31134961,"circular_RNA/5",0,"+",31132655,31132655,"0,0,0",2,"183,190","0,2116",5,"circRNA","ENSMMUG00000012524","ENSMMUT00000017561","2,3","10:31073675-31132655|10:31134961-31141427",1.11398787091,70.2926346546,0.0159878484844
"537","10",31132655,31141544,"circular_RNA/30",0,"+",31132655,31132655,"0,0,0",3,"183,190,117","0,2116,8772",30,"circRNA","ENSMMUG00000012524","ENSMMUT00000017561","2,3,4","10:31073675-31132655|10:31141544-31151070",6.68392722548,70.2926346546,0.0952158800075
"538","10",31132655,31151619,"circular_RNA/7",0,"+",31132655,31132655,"0,0,0",5,"183,190,117,115,132","0,2116,8772,18415,18832",7,"circRNA","ENSMMUG00000012524","ENSMMUT00000017561","2,3,4,5,6","10:31073675-31132655|10:31151619-31168874",1.55958301928,70.2926346546,0.0223260910063
"539","10",31132655,31173032,"circular_RNA/20",0,"+",31132655,31132655,"0,0,0",7,"183,190,117,115,132,110,126","0,2116,8772,18415,18832,36219,40251",20,"circRNA","ENSMMUG00000012524","ENSMMUT00000017561","2,3,4,5,6,7,8","10:31073675-31132655|10:31173032-31179272",4.45595148365,70.2926346546,0.0635246673982
"540","10",31235021,31246984,"circular_RNA/1",1,"+",31235021,31235021,"0,0,0",4,"281,44,109,241","0,9115,9489,11722",1,"circRNA","ENSMMUG00000064215","ENSMMUT00000101063","2,3,4,5","10:31210641-31235021|None",0.222797574183,0.278496967728,0.806932481878
"541","10",31259819,31262181,"circular_RNA/9",0,"-",31259819,31259819,"0,0,0",5,"118,34,90,107,76","0,742,1116,1848,2286",9,"circRNA","ENSMMUG00000018531","ENSMMUT00000058813","16,15,14,13,12","10:31254028-31259819|10:31262181-31263743",2.00517816764,17.0636730345,0.118028391639
"542","10",31730122,31730588,"circular_RNA/45",0,"+",31730122,31730122,"0,0,0",1,"466","0",45,"circRNA","ENSMMUG00000020478","ENSMMUT00000098904","2","10:31708467-31730122|10:31730588-31746046",10.0258908382,17.1554132121,0.5846576901
"543","10",32032187,32044749,"circular_RNA/2",0,"-",32032187,32032187,"0,0,0",3,"354,239,213","0,2189,12349",2,"circRNA","ENSMMUG00000023263","ENSMMUT00000032722","7,6,5","10:32030544-32032187|10:32044749-32046519",0.445595148365,44.7544627139,0.0101776078779
"544","10",33562909,33580560,"circular_RNA/2",0,"+",33562909,33562909,"0,0,0",2,"123,126","0,17525",2,"circRNA","ENSMMUG00000019925","ENSMMUT00000044303","2,3","10:33529079-33562909|10:33580560-33583563",0.445595148365,18.1208693669,0.0251281468718
"545","10",41176242,41189482,"circular_RNA/3",0,"-",41176242,41176242,"0,0,0",4,"117,91,99,65","0,8582,9578,13175",3,"circRNA","ENSMMUG00000002397","ENSMMUT00000080110","5,4,3,2","10:41157666-41176242|10:41189482-41196095",0.668392722548,10.5828847737,0.0640423016998
"546","10",48354374,48355090,"circular_RNA/3",0,"-",48354374,48354374,"0,0,0",1,"716","0",3,"circRNA","ENSMMUG00000023140","ENSMMUT00000094267","2","10:48352095-48354374|10:48355090-48359203",0.668392722548,7.87218095445,0.0860666262889
"547","10",50122138,50148365,"circular_RNA/1",1,"+",50122138,50122138,"0,0,0",6,"54,1359,153,97,51,123","0,1594,7337,9999,11125,26104",1,"circRNA","ENSMMUG00000009658","ENSMMUT00000013492","19,20,21,22,23,24","10:50121784-50122138|10:50148365-50168665",0.222797574183,11.4687703663,0.0202807066222
"548","10",60535098,60545421,"circular_RNA/1",0,"-",60535098,60535098,"0,0,0",5,"142,141,31,196,152","0,4195,5376,9733,10171",1,"circRNA","ENSMMUG00000013740","ENSMMUT00000044502","12,11,10,9,8","10:60529831-60535098|10:60545421-60549507",0.222797574183,30.2262042308,0.0076992989069
"549","10",63537245,63538178,"circular_RNA/16",0,"-",63537245,63537245,"0,0,0",2,"342,79","0,854",16,"circRNA","ENSMMUG00000005878","ENSMMUT00000086376","4,3","10:63526896-63537245|10:63538178-63553098",3.56476118692,16.353341945,0.218461558705
"550","10",66774206,66774778,"circular_RNA/4",0,"+",66774206,66774206,"0,0,0",2,"99,129","0,443",4,"circRNA","ENSMMUG00000005119","ENSMMUT00000007217","2,3","10:66762269-66774206|10:66774778-66785507",0.891190296731,27.3230843248,0.0329706770748
"551","10",67963089,67963341,"circular_RNA/20",0,"-",67963089,67963089,"0,0,0",2,"103,54","0,198",20,"circRNA","ENSMMUG00000022721","ENSMMUT00000085056","3,2","10:67944973-67963089|10:67963341-67978395",4.45595148365,9.13470054149,0.488364978535
"552","10",68793081,68793323,"circular_RNA/4",0,"+",68793081,68793081,"0,0,0",1,"242","0",4,"circRNA","ENSMMUG00000023541","ENSMMUT00000055953","3","10:68788765-68793081|10:68793323-68803182",0.891190296731,11.7247223414,0.0767968998765
"553","10",68806875,68813958,"circular_RNA/6",1,"+",68806875,68806875,"0,0,0",4,"182,254,86,196","0,1639,5510,6887",6,"circRNA","ENSMMUG00000023541","ENSMMUT00000055953","5,6,7,8","10:68803272-68806875|10:68813958-68822177",1.3367854451,11.7247223414,0.114769263892
"554","10",68808514,68808768,"circular_RNA/2",0,"+",68808514,68808514,"0,0,0",1,"254","0",2,"circRNA","ENSMMUG00000023541","ENSMMUT00000055953","6","10:68807057-68808514|10:68808768-68812385",0.445595148365,11.7247223414,0.0388245358612
"555","10",69614634,69620455,"circular_RNA/2",0,"+",69614634,69614634,"0,0,0",3,"142,125,138","0,4470,5683",2,"circRNA","ENSMMUG00000012912","ENSMMUT00000098033","4,5,6","10:69600360-69614634|10:69620455-69628604",0.445595148365,79.5758669122,0.00572457354605
"556","10",69691767,69694918,"circular_RNA/1",0,"+",69691767,69691767,"0,0,0",3,"121,105,97","0,562,3054",1,"circRNA","ENSMMUG00000012912","ENSMMUT00000098033","21,22,23","10:69683522-69691767|10:69694918-69700539",0.222797574183,79.5758669122,0.00292511199809
"557","10",69983162,69994087,"circular_RNA/3",0,"-",69983162,69983162,"0,0,0",2,"284,114","0,10811",3,"circRNA","ENSMMUG00000010715","ENSMMUT00000065084","2,1","10:69977766-69983162|None",0.668392722548,18.6978579564,0.0362624477976
"558","10",70726409,70726862,"circular_RNA/10",1,"+",70726409,70726409,"0,0,0",2,"111,159","0,294",10,"circRNA","ENSMMUG00000007335","ENSMMUT00000010252","30,31","10:70723271-70726409|10:70726862-70727618",2.22797574183,5.41676602232,0.412395841764
"559","10",70947168,70948380,"circular_RNA/5",0,"-",70947168,70947168,"0,0,0",2,"153,118","0,1094",5,"circRNA","ENSMMUG00000031284","ENSMMUT00000106470","6,5","10:70944514-70947168|10:70948380-70951752",1.11398787091,78.8406349174,0.014254645788
"560","10",71042010,71101778,"circular_RNA/1",1,"+",71042010,71042010,"0,0,0",5,"115,172,85,80,388","0,39298,43472,54318,59380",1,"circRNA","ENSMMUG00000010633","ENSMMUT00000044820","2,3,4,5,6","10:71005514-71042010|10:71101778-71107736",0.222797574183,13.4155967883,0.0173398306127
"561","10",71085482,71101778,"circular_RNA/2",0,"+",71085482,71085482,"0,0,0",3,"85,80,388","0,10846,15908",2,"circRNA","ENSMMUG00000010633","ENSMMUT00000044820","4,5,6","10:71081480-71085482|10:71101778-71107736",0.445595148365,13.4155967883,0.0339348153791
"562","10",71101390,71110114,"circular_RNA/8",0,"+",71101390,71101390,"0,0,0",4,"388,114,180,180","0,6346,7849,8544",8,"circRNA","ENSMMUG00000010633","ENSMMUT00000044820","6,7,8,9","10:71096408-71101390|10:71110114-71136285",1.78238059346,13.4155967883,0.133504723978
"563","10",73102714,73105087,"circular_RNA/5",0,"+",73102714,73102714,"0,0,0",2,"98,81","0,2292",5,"circRNA","ENSMMUG00000017224","ENSMMUT00000024214","13,14","10:73066225-73102714|10:73105087-73122453",1.11398787091,15.5958301928,0.0720235871481
"564","10",73322623,73331377,"circular_RNA/6",0,"+",73322623,73322623,"0,0,0",3,"113,127,176","0,1877,8578",6,"circRNA","ENSMMUG00000018924","ENSMMUT00000100353","4,5,6","10:73313592-73322623|10:73331377-73354139",1.3367854451,13.1004973619,0.102725732512
"565","10",76776685,76796924,"circular_RNA/3",0,"-",76776685,76776685,"0,0,0",3,"150,148,521","0,1892,19718",3,"circRNA","ENSMMUG00000020458","ENSMMUT00000028780","4,3,2","10:76763082-76776685|10:76796924-76813501",0.668392722548,10.2868822823,0.0658833134097
"566","10",76796403,76813557,"circular_RNA/16",0,"-",76796403,76796403,"0,0,0",2,"521,56","0,17098",16,"circRNA","ENSMMUG00000020458","ENSMMUT00000028784","3,2","10:76778725-76796403|10:76813557-76876317",3.56476118692,10.2868822823,0.347169277934
"567","10",79729708,79730801,"circular_RNA/6",0,"-",79729708,79729708,"0,0,0",2,"181,91","0,1002",6,"circRNA","ENSMMUG00000013969","ENSMMUT00000019608","8,7","10:79726852-79729708|10:79730801-79732737",1.3367854451,20.8594228829,0.0645339093782
"568","10",79732737,79739154,"circular_RNA/4",0,"-",79732737,79732737,"0,0,0",4,"170,138,80,194","0,3028,4718,6223",4,"circRNA","ENSMMUG00000013969","ENSMMUT00000019608","6,5,4,3","10:79730801-79732737|10:79739154-79740026",0.891190296731,20.8594228829,0.0431823295636
"569","10",80223842,80229946,"circular_RNA/6",0,"+",80223842,80223842,"0,0,0",2,"115,165","0,5939",6,"circRNA","ENSMMUG00000013212","ENSMMUT00000018534","4,5","10:80220536-80223842|10:80229946-80237734",1.3367854451,24.38395673,0.0552097988861
"570","10",81255046,81272147,"circular_RNA/2",0,"-",81255046,81255046,"0,0,0",6,"321,200,127,137,327,67","0,1710,3746,5513,7553,17034",2,"circRNA","ENSMMUG00000016555","ENSMMUT00000109997","7,6,5,4,3,2","10:81254595-81255046|10:81272147-81282520",0.445595148365,10.917081135,0.0416941306408
"571","10",82415705,82431640,"circular_RNA/3",0,"-",82415705,82415705,"0,0,0",6,"67,161,240,79,81,191","0,1049,3694,6560,9085,15744",3,"circRNA","ENSMMUG00000015710","ENSMMUT00000022062","20,19,18,17,16,15","10:82408179-82415705|10:82431640-82434084",0.668392722548,28.8608549941,0.0234974933263
"572","10",82422265,82431640,"circular_RNA/7",0,"-",82422265,82422265,"0,0,0",3,"79,81,191","0,2525,9184",7,"circRNA","ENSMMUG00000015710","ENSMMUT00000022062","17,16,15","10:82419639-82422265|10:82431640-82434084",1.55958301928,28.8608549941,0.0543656576711
"573","10",82471338,82490613,"circular_RNA/6",0,"-",82471338,82471338,"0,0,0",7,"482,116,78,56,88,93,114","0,5552,7022,10972,13948,15843,19161",6,"circRNA","ENSMMUG00000015710","ENSMMUT00000022062","10,9,8,7,6,5,4","10:82457372-82471338|10:82490613-82494924",1.3367854451,28.8608549941,0.046648616585
"574","10",82832637,82836226,"circular_RNA/6",0,"+",82832637,82832637,"0,0,0",3,"102,173,101","0,1721,3488",6,"circRNA","ENSMMUG00000012020","ENSMMUT00000016842","3,4,5","10:82793502-82832637|10:82836226-82838063",1.3367854451,23.9173195885,0.0562865155087
"575","10",83932589,83952678,"circular_RNA/7",0,"-",83932589,83932589,"0,0,0",4,"102,105,123,72","0,6933,17273,20017",7,"circRNA","ENSMMUG00000015072","ENSMMUT00000109673","5,4,3,2","10:83915070-83932589|10:83952678-84033038",1.55958301928,39.627024097,0.0395989117508
"576","10",84153088,84168949,"circular_RNA/3",0,"+",84153088,84153088,"0,0,0",5,"180,235,69,152,131","0,843,10423,12422,15730",3,"circRNA","ENSMMUG00000019635","ENSMMUT00000027578","5,6,7,8,9","10:84151838-84153088|10:84168949-84170474",0.668392722548,32.8776960821,0.0206275538686
"577","10",84188874,84189274,"circular_RNA/7",0,"+",84188874,84188874,"0,0,0",2,"152,129","0,271",7,"circRNA","ENSMMUG00000019635","ENSMMUT00000027578","19,20","10:84188254-84188874|10:84189274-84190931",1.55958301928,32.8776960821,0.0477255389177
"578","10",84258637,84264157,"circular_RNA/5",0,"+",84258637,84258637,"0,0,0",4,"85,146,96,143","0,1200,2156,5377",5,"circRNA","ENSMMUG00000019636","ENSMMUT00000093819","2,3,4,5","10:84248823-84258637|10:84264157-84266958",1.11398787091,54.5977833178,0.0205829243126
"579","10",84289855,84294385,"circular_RNA/6",0,"+",84289855,84289855,"0,0,0",5,"98,86,82,147,232","0,192,1292,3698,4298",6,"circRNA","ENSMMUG00000019636","ENSMMUT00000088647","20,21,22,23,24","10:84288869-84289855|10:84294385-84295916",1.3367854451,54.5977833178,0.0246628843596
"580","10",84352519,84374082,"circular_RNA/6",0,"-",84352519,84352519,"0,0,0",4,"139,61,289,71","0,4491,12287,21492",6,"circRNA","ENSMMUG00000002302","ENSMMUT00000098493","5,4,3,2","10:84350700-84352519|10:84374082-84392119",1.3367854451,63.8416321658,0.0210924200278
"581","10",84863024,84867020,"circular_RNA/2",1,"-",84863024,84863024,"0,0,0",3,"102,123,188","0,2978,3808",2,"circRNA","ENSMMUG00000002124","ENSMMUT00000089037","8,7,6","10:84836939-84863024|10:84867020-84868886",0.445595148365,24.9254786117,0.0182709606445
"582","10",84863024,84869947,"circular_RNA/4",0,"-",84863024,84863024,"0,0,0",5,"102,123,188,117,125","0,2978,3808,5862,6798",4,"circRNA","ENSMMUG00000002124","ENSMMUT00000089037","8,7,6,5,4","10:84836939-84863024|10:84869947-84873248",0.891190296731,24.9254786117,0.0361408862755
"583","10",85075466,85085205,"circular_RNA/1",1,"+",85075466,85075466,"0,0,0",3,"144,139,106","0,7838,9633",1,"circRNA","ENSMMUG00000002715","ENSMMUT00000003864","9,10,11","10:85070770-85075466|10:85085205-85097078",0.222797574183,4.5116508772,0.0514850837682
"584","10",93588772,93610984,"circular_RNA/4",0,"+",93588772,93588772,"0,0,0",4,"153,104,81,177","0,15787,20068,22035",4,"circRNA","ENSMMUG00000063760","ENSMMUT00000104704","2,3,4,5","10:93559843-93588772|10:93610984-93614010",0.891190296731,23.6165428634,0.0381431300356
"585","10",93604559,93610984,"circular_RNA/2",0,"+",93604559,93604559,"0,0,0",3,"104,81,177","0,4281,6248",2,"circRNA","ENSMMUG00000063760","ENSMMUT00000104704","3,4,5","10:93588925-93604559|10:93610984-93614010",0.445595148365,23.6165428634,0.0192831914089
"586","10",93608840,93610984,"circular_RNA/9",0,"+",93608840,93608840,"0,0,0",2,"81,177","0,1967",9,"circRNA","ENSMMUG00000063760","ENSMMUT00000104041","3,4","10:93588925-93608840|10:93610984-93614010",2.00517816764,23.6165428634,0.0852929766022
"587","10",97451594,97452058,"circular_RNA/3",0,"+",97451594,97451594,"0,0,0",2,"82,233","0,231",3,"circRNA","ENSMMUG00000012623","ENSMMUT00000017708","18,19","10:97450916-97451594|10:97452058-97452247",0.668392722548,59.734505167,0.0113548973358
"588","10",98403327,98404848,"circular_RNA/17",0,"-",98403327,98403327,"0,0,0",1,"1521","0",17,"circRNA","ENSMMUG00000009227","ENSMMUT00000012897","4","10:98398614-98403327|10:98404848-98416418",3.78755876111,0,379.755876111
"589","10",98809957,98815960,"circular_RNA/9",0,"-",98809957,98809957,"0,0,0",4,"138,72,158,104","0,491,3774,5899",9,"circRNA","ENSMMUG00000039256","ENSMMUT00000086947","7,6,5,4","10:98808751-98809957|10:98815960-98821341",2.00517816764,10.1150098679,0.199029748507
"590","10",99208859,99243107,"circular_RNA/8",0,"+",99208859,99208859,"0,0,0",12,"169,119,58,177,31,86,95,156,161,119,219,123","0,2000,12748,14198,14913,14982,17209,17756,19516,28127,29551,34125",8,"circRNA","ENSMMUG00000015558","ENSMMUT00000021821","2,3,4,5,6,7,8,9,10,11,12,13","10:99207131-99208859|10:99243107-99248844",1.78238059346,34.890100117,0.0513574627996
"591","9",950814,979486,"circular_RNA/41",0,"+",950814,950814,"0,0,0",2,"135,160","0,28512",41,"circRNA","ENSMMUG00000021279","ENSMMUT00000062021","2,3","9:907709-950814|9:979486-990543",9.13470054149,40.5491585012,0.225465736456
"592","9",950814,990705,"circular_RNA/100",0,"+",950814,950814,"0,0,0",3,"135,160,162","0,28512,39729",100,"circRNA","ENSMMUG00000021279","ENSMMUT00000062021","2,3,4","9:907709-950814|9:990705-1006743",22.2797574183,40.5491585012,0.549561633968
"593","9",1546649,1561100,"circular_RNA/1",0,"-",1546649,1546649,"0,0,0",6,"252,107,210,54,111,104","0,694,4696,4992,6149,14347",1,"circRNA","ENSMMUG00000005279","ENSMMUT00000007426","12,11,10,9,8,7","9:1542563-1546649|9:1561100-1570181",0.222797574183,51.5080141814,0.00451876062931
"594","9",1570181,1611647,"circular_RNA/2",0,"-",1570181,1570181,"0,0,0",6,"137,79,141,148,60,120","0,2039,18997,19381,39831,41346",2,"circRNA","ENSMMUG00000005279","ENSMMUT00000081252","8,7,6,5,4,3","9:1561100-1570181|9:1611647-1687643",0.445595148365,51.5080141814,0.00884341439794
"595","9",1741022,1743905,"circular_RNA/14",0,"+",1741022,1741022,"0,0,0",4,"78,52,101,198","0,514,1318,2685",14,"circRNA","ENSMMUG00000010813","ENSMMUT00000058768","11,12,13,14","9:1739179-1741022|9:1743905-1746488",3.11916603856,16.6584032389,0.187730401869
"596","9",1828088,1829757,"circular_RNA/5",0,"+",1828088,1828088,"0,0,0",2,"238,142","0,1527",5,"circRNA","ENSMMUG00000017119","ENSMMUT00000043389","10,11","9:1820370-1828088|9:1829757-1848710",1.11398787091,26.9399400116,0.0417065073401
"597","9",4275109,4279975,"circular_RNA/2",0,"-",4275109,4275109,"0,0,0",7,"139,135,97,114,129,89,127","0,1327,1831,2435,3172,4114,4739",2,"circRNA","ENSMMUG00000004938","ENSMMUT00000006968","14,13,12,11,10,9,8","9:4270589-4275109|9:4279975-4283895",0.445595148365,26.8228905614,0.0169789813484
"598","9",4277544,4279975,"circular_RNA/5",0,"-",4277544,4277544,"0,0,0",4,"114,129,89,127","0,737,1679,2304",5,"circRNA","ENSMMUG00000004938","ENSMMUT00000006968","11,10,9,8","9:4277037-4277544|9:4279975-4283895",1.11398787091,26.8228905614,0.0418884379355
"599","9",6888146,6892953,"circular_RNA/6",0,"+",6888146,6888146,"0,0,0",2,"717,243","0,4564",6,"circRNA","ENSMMUG00000013180","ENSMMUT00000095352","13,14","9:6884742-6888146|9:6892953-6897322",1.3367854451,19.5475555875,0.0688626673755
"600","9",6888146,6908067,"circular_RNA/1",0,"+",6888146,6888146,"0,0,0",5,"717,243,880,430,3858","0,4564,9176,11656,16063",1,"circRNA","ENSMMUG00000013180","ENSMMUT00000095352","13,14,15,16,17","9:6884742-6888146|9:6908067-6914859",0.222797574183,19.5475555875,0.0119032040145
"601","9",6914859,6919662,"circular_RNA/7",0,"+",6914859,6914859,"0,0,0",4,"126,154,106,182","0,917,2282,4621",7,"circRNA","ENSMMUG00000013180","ENSMMUT00000095352","18,19,20,21","9:6908067-6914859|9:6919662-6920769",1.55958301928,19.5475555875,0.0802545600475
"602","9",7393790,7406710,"circular_RNA/1",0,"+",7393790,7393790,"0,0,0",13,"126,97,67,75,57,125,208,147,105,130,63,65,174","0,1613,2486,3066,3509,6086,7176,7890,8130,9342,10443,10634,12746",1,"circRNA","ENSMMUG00000010596","ENSMMUT00000014828","2,3,4,5,6,7,8,9,10,11,12,13,14","9:7326456-7393790|9:7406710-7408519",0.222797574183,58.1056073468,0.00400576686386
"603","9",8359908,8401619,"circular_RNA/7",0,"-",8359908,8359908,"0,0,0",5,"148,102,98,247,89","0,5010,32291,39603,41622",7,"circRNA","ENSMMUG00000019194","ENSMMUT00000026967","8,7,6,5,4","9:8344515-8359908|9:8401619-8484068",1.55958301928,1.38134495993,1.12810486578
"604","9",8865903,8876868,"circular_RNA/2",0,"-",8865903,8865903,"0,0,0",6,"130,61,49,182,123,44","0,5531,6446,9499,10713,10921",2,"circRNA","ENSMMUG00000009206","ENSMMUT00000012872","8,7,6,5,4,3","9:8863474-8865903|9:8876868-8882984",0.445595148365,7.96501327703,0.0571278231821
"605","9",8899336,8902976,"circular_RNA/32",0,"+",8899336,8899336,"0,0,0",5,"205,144,65,156,97","0,795,1051,3055,3543",32,"circRNA","ENSMMUG00000009207","ENSMMUT00000106144","4,5,6,7,8","9:8897837-8899336|9:8902976-8904668",7.12952237385,90.5449341478,0.0788418923943
"606","9",12636840,12654087,"circular_RNA/8",0,"-",12636840,12636840,"0,0,0",3,"108,81,40","0,8184,17207",8,"circRNA","ENSMMUG00000006790","ENSMMUT00000086639","6,5,4","9:12625604-12636840|9:12654087-12660652",1.78238059346,13.3307215219,0.134354097004
"607","9",12986537,12986756,"circular_RNA/4",0,"+",12986537,12986537,"0,0,0",1,"219","0",4,"circRNA","ENSMMUG00000023632","ENSMMUT00000033245","2","9:12957558-12986537|9:12986756-13001380",0.891190296731,8.39204196088,0.107258485607
"608","9",13067847,13070076,"circular_RNA/8",0,"-",13067847,13067847,"0,0,0",2,"121,142","0,2087",8,"circRNA","ENSMMUG00000008241","ENSMMUT00000097589","20,19","9:13060591-13067847|9:13070076-13081546",1.78238059346,22.5174081641,0.0795644390337
"609","9",13067847,13081714,"circular_RNA/2",0,"-",13067847,13067847,"0,0,0",3,"121,142,168","0,2087,13699",2,"circRNA","ENSMMUG00000008241","ENSMMUT00000097589","20,19,18","9:13060591-13067847|9:13081714-13087909",0.445595148365,22.5174081641,0.0202240375389
"610","9",13140835,13157563,"circular_RNA/7",0,"-",13140835,13140835,"0,0,0",5,"86,104,150,198,161","0,2229,3965,6788,16567",7,"circRNA","ENSMMUG00000008241","ENSMMUT00000097589","7,6,5,4,3","9:13122003-13140835|9:13157563-13172649",1.55958301928,22.5174081641,0.069674372118
"611","9",13222773,13243229,"circular_RNA/1",1,"+",13222773,13222773,"0,0,0",9,"156,212,195,270,172,199,313,85,140","0,3200,6493,7943,10778,13352,16933,19755,20316",1,"circRNA","ENSMMUG00000017139","ENSMMUT00000097043","2,3,4,5,6,7,8,9,10","9:13212220-13222773|9:13243229-13254194",0.222797574183,11.9270968046,0.0195020261621
"612","9",13259407,13262997,"circular_RNA/7",0,"+",13259407,13259407,"0,0,0",2,"170,86","0,3504",7,"circRNA","ENSMMUG00000017139","ENSMMUT00000097043","13,14","9:13258450-13259407|9:13262997-13264768",1.55958301928,11.9270968046,0.131487835357
"613","9",18117587,18154216,"circular_RNA/4",0,"-",18117587,18117587,"0,0,0",4,"170,175,182,151","0,1624,7899,36478",4,"circRNA","ENSMMUG00000016069","ENSMMUT00000022609","31,30,29,28","9:18090096-18117587|9:18154216-18175199",0.891190296731,0.0405086498514,17.8422963073
"614","9",18857180,18858500,"circular_RNA/4",0,"+",18857180,18857180,"0,0,0",3,"88,55,154","0,540,1166",4,"circRNA","ENSMMUG00000001700","ENSMMUT00000102754","10,11,12","9:18852761-18857180|9:18858500-18859456",0.891190296731,22.2968956932,0.0403996283986
"615","9",18973115,19001834,"circular_RNA/6",0,"+",18973115,18973115,"0,0,0",7,"402,174,165,114,147,186,158","0,2959,8902,16280,20832,25158,28561",6,"circRNA","ENSMMUG00000011620","ENSMMUT00000106203","2,3,4,5,6,7,8","9:18959320-18973115|9:19001834-19004922",1.3367854451,75.6930541158,0.0177903713507
"616","9",19097163,19143722,"circular_RNA/5",1,"+",19097163,19097163,"0,0,0",11,"347,282,208,173,172,173,153,111,67,159,188","0,8350,12306,22901,26310,32561,36267,38278,40757,45647,46371",5,"circRNA","ENSMMUG00000011624","ENSMMUT00000016285","2,3,4,5,6,7,8,9,10,11,12","9:19096000-19097163|9:19143722-19175856",1.11398787091,0.445595148365,2.46707603218
"617","9",21133129,21178997,"circular_RNA/1",0,"+",21133129,21133129,"0,0,0",2,"212,147","0,45721",1,"circRNA","ENSMMUG00000015370","ENSMMUT00000021549","2,3","9:20948487-21133129|9:21178997-21199980",0.222797574183,50.0780393663,0.00464776775311
"618","9",21133129,21200050,"circular_RNA/3",0,"+",21133129,21133129,"0,0,0",3,"212,147,70","0,45721,66851",3,"circRNA","ENSMMUG00000015370","ENSMMUT00000021549","2,3,4","9:20948487-21133129|9:21200050-21273513",0.668392722548,50.0780393663,0.0135440063363
"619","9",21133129,21278159,"circular_RNA/1",0,"+",21133129,21133129,"0,0,0",5,"212,147,70,123,119","0,45721,66851,140384,144911",1,"circRNA","ENSMMUG00000015370","ENSMMUT00000021549","2,3,4,5,6","9:20948487-21133129|9:21278159-21294844",0.222797574183,50.0780393663,0.00464776775311
"620","9",22928298,22965005,"circular_RNA/29",0,"-",22928298,22928298,"0,0,0",5,"158,91,94,98,166","0,19982,34512,35571,36541",29,"circRNA","ENSMMUG00000023649","ENSMMUT00000043153","8,7,6,5,4","9:22851662-22928298|9:22965005-22972568",6.4611296513,10.089547288,0.640734625698
"621","9",22948280,22965005,"circular_RNA/7",0,"-",22948280,22948280,"0,0,0",4,"91,94,98,166","0,14530,15589,16559",7,"circRNA","ENSMMUG00000023649","ENSMMUT00000043153","7,6,5,4","9:22928456-22948280|9:22965005-22972568",1.55958301928,10.089547288,0.155411225327
"622","9",23621182,23637674,"circular_RNA/1",0,"-",23621182,23621182,"0,0,0",2,"153,97","0,16395",1,"circRNA","ENSMMUG00000015034","ENSMMUT00000017339","4,3","9:23603834-23621182|9:23637674-23639422",0.222797574183,26.0991444043,0.00891632336082
"623","9",23621182,23639520,"circular_RNA/10",0,"-",23621182,23621182,"0,0,0",3,"153,97,98","0,16395,18240",10,"circRNA","ENSMMUG00000015034","ENSMMUT00000017339","4,3,2","9:23603834-23621182|9:23639520-23744505",2.22797574183,26.0991444043,0.085716165462
"624","9",25657710,25663106,"circular_RNA/4",0,"-",25657710,25657710,"0,0,0",3,"55,79,93","0,3705,5303",4,"circRNA","ENSMMUG00000016123","ENSMMUT00000022672","7,6,5","9:25649150-25657710|9:25663106-25689371",0.891190296731,18.306534012,0.0492009184784
"625","9",27683010,27690627,"circular_RNA/4",0,"-",27683010,27683010,"0,0,0",3,"186,87,177","0,4073,7440",4,"circRNA","ENSMMUG00000005078","ENSMMUT00000007162","9,8,7","9:27680118-27683010|9:27690627-27696813",0.891190296731,61.2198223282,0.0147181595906
"626","9",27687083,27690624,"circular_RNA/2",0,"-",27687083,27687083,"0,0,0",2,"87,174","0,3367",2,"circRNA","ENSMMUG00000005078","ENSMMUT00000007161","9,8","9:27683196-27687083|9:27690624-27696813",0.445595148365,61.2198223282,0.00744073934958
"627","9",27951495,27963451,"circular_RNA/3",0,"-",27951495,27951495,"0,0,0",4,"130,203,61,73","0,10127,10422,11883",3,"circRNA","ENSMMUG00000016403","ENSMMUT00000023030","10,9,8,7","9:27949115-27951495|9:27963451-27967399",0.668392722548,8.18409755831,0.0827904131871
"628","9",28001080,28008659,"circular_RNA/3",0,"-",28001080,28001080,"0,0,0",6,"156,113,63,133,153,91","0,1151,2431,3873,4580,7488",3,"circRNA","ENSMMUG00000016406","ENSMMUT00000065722","14,13,12,11,10,9","9:27999495-28001080|9:28008659-28014359",0.668392722548,53.706593021,0.0126291092639
"629","9",28025080,28026651,"circular_RNA/2",0,"-",28025080,28025080,"0,0,0",2,"102,163","0,1408",2,"circRNA","ENSMMUG00000016406","ENSMMUT00000065722","4,3","9:28018810-28025080|9:28026651-28032667",0.445595148365,53.706593021,0.00848146024799
"630","9",28045634,28060064,"circular_RNA/2",1,"+",28045634,28045634,"0,0,0",8,"138,140,89,107,154,173,1140,142","0,2154,3607,6749,7379,9091,11821,14288",2,"circRNA","ENSMMUG00000016407","ENSMMUT00000043098","2,3,4,5,6,7,8,9","9:28039492-28045634|9:28060064-28064578",0.445595148365,4.04748926432,0.1122849917
"631","9",29477273,29490080,"circular_RNA/13",0,"+",29477273,29477273,"0,0,0",4,"107,116,113,309","0,6362,7346,12498",13,"circRNA","ENSMMUG00000008268","ENSMMUT00000096416","4,5,6,7","9:29427678-29477273|9:29490080-29502118",2.89636846437,126.482182864,0.0229766646331
"632","9",31371792,31372960,"circular_RNA/1",0,"+",31371792,31371792,"0,0,0",1,"1168","0",1,"ciRNA","ENSMMUG00000004930","ENSMMUT00000104905","7","9:31371792-31372961",0.222797574183,4.49308441268,0.0516973595981
"633","9",32732468,32773660,"circular_RNA/2",0,"-",32732468,32732468,"0,0,0",9,"102,82,62,15,75,126,81,141,264","0,6296,11390,18909,19240,23065,32107,33674,40928",2,"circRNA","ENSMMUG00000004778","ENSMMUT00000006751","12,11,10,9,8,7,6,5,4","9:32729984-32732468|9:32773660-32815778",0.445595148365,18.4773454856,0.024643621699
"634","9",32755533,32773660,"circular_RNA/5",0,"-",32755533,32755533,"0,0,0",4,"126,81,141,264","0,9042,10609,17863",5,"circRNA","ENSMMUG00000004778","ENSMMUT00000006751","7,6,5,4","9:32751783-32755533|9:32773660-32815778",1.11398787091,18.4773454856,0.0607976884397
"635","9",32938936,32948451,"circular_RNA/2",0,"-",32938936,32938936,"0,0,0",9,"144,207,69,194,149,146,105,125,88","0,2325,3944,5666,6516,7335,7776,9165,9427",2,"circRNA","ENSMMUG00000015058","ENSMMUT00000015811","15,14,13,12,11,10,9,8,7","9:32934621-32938936|9:32948451-32948957",0.445595148365,65.3242487504,0.00697329742178
"636","9",32945452,32948451,"circular_RNA/2",0,"-",32945452,32945452,"0,0,0",5,"149,146,105,125,88","0,819,1260,2649,2911",2,"circRNA","ENSMMUG00000015058","ENSMMUT00000015811","11,10,9,8,7","9:32944796-32945452|9:32948451-32948957",0.445595148365,65.3242487504,0.00697329742178
"637","9",35216840,35231757,"circular_RNA/7",0,"-",35216840,35216840,"0,0,0",2,"243,111","0,14806",7,"circRNA","ENSMMUG00000019156","ENSMMUT00000043003","22,21","9:35075442-35216840|9:35231757-35264612",1.55958301928,12.405774017,0.126418459061
"638","9",35231646,35330585,"circular_RNA/1",0,"-",35231646,35231646,"0,0,0",14,"111,232,228,45,152,190,151,171,189,39,129,140,383,126","0,32966,45996,51126,52190,56387,63003,72564,73532,87082,89482,92899,97276,98813",1,"circRNA","ENSMMUG00000019156","ENSMMUT00000043003","21,20,19,18,17,16,15,14,13,12,11,10,9,8","9:35217083-35231646|9:35330585-35344969",0.222797574183,12.405774017,0.0187501458922
"639","9",35264612,35305367,"circular_RNA/2",0,"-",35264612,35264612,"0,0,0",8,"232,228,45,152,190,151,171,189","0,13030,18160,19224,23421,30037,39598,40566",2,"circRNA","ENSMMUG00000019156","ENSMMUT00000043003","20,19,18,17,16,15,14,13","9:35231757-35264612|9:35305367-35318728",0.445595148365,12.405774017,0.0366948647536
"640","9",35972033,35985679,"circular_RNA/1",0,"-",35972033,35972033,"0,0,0",4,"102,203,67,78","0,2497,10126,13568",1,"circRNA","ENSMMUG00000002469","ENSMMUT00000043001","18,17,16,15","9:35970310-35972033|9:35985679-35986277",0.222797574183,18.1023029023,0.0128530080045
"641","9",36473491,36486075,"circular_RNA/10",0,"+",36473491,36473491,"0,0,0",4,"101,36,58,120","0,8288,12314,12464",10,"circRNA","ENSMMUG00000006713","ENSMMUT00000009399","4,5,6,7","9:36458516-36473491|9:36486075-36507384",2.22797574183,31.0802615985,0.0719831750125
"642","9",46866304,46866605,"circular_RNA/10",0,"-",46866304,46866304,"0,0,0",1,"301","0",10,"circRNA","ENSMMUG00000011030","ENSMMUT00000015419","1","9:46855862-46866304|None",2.22797574183,1.07685494188,2.05913011534
"643","9",47379173,47381401,"circular_RNA/6",0,"+",47379173,47379173,"0,0,0",3,"90,144,987","0,605,1241",6,"circRNA","ENSMMUG00000015182","ENSMMUT00000021291","6,7,8","9:47378372-47379173|9:47381401-47382070",1.3367854451,143.227011975,0.00940249609043
"644","9",47380414,47381401,"circular_RNA/2",0,"+",47380414,47380414,"0,0,0",1,"987","0",2,"circRNA","ENSMMUG00000015182","ENSMMUT00000021291","8","9:47379922-47380414|9:47381401-47382070",0.445595148365,143.227011975,0.00318070826865
"645","9",47909813,47910641,"circular_RNA/4",0,"+",47909813,47909813,"0,0,0",2,"171,177","0,651",4,"circRNA","ENSMMUG00000017943","ENSMMUT00000025211","9,10","9:47900245-47909813|9:47910641-47915161",0.891190296731,9.90862895707,0.090858353572
"646","9",48958515,48967310,"circular_RNA/4",0,"-",48958515,48958515,"0,0,0",4,"139,59,130,171","0,230,5183,8624",4,"circRNA","ENSMMUG00000004060","ENSMMUT00000005767","5,4,3,2","9:48948603-48958515|9:48967310-49062963",0.891190296731,14.8059115207,0.0608258422353
"647","9",50260320,50276964,"circular_RNA/3",0,"-",50260320,50260320,"0,0,0",5,"116,229,207,135,195","0,7169,11063,16147,16449",3,"circRNA","ENSMMUG00000013439","ENSMMUT00000018854","9,8,7,6,5","9:50257028-50260320|9:50276964-50289323",0.668392722548,9.45651925975,0.071662318951
"648","9",50294574,50296107,"circular_RNA/10",0,"-",50294574,50294574,"0,0,0",1,"1533","0",10,"circRNA","ENSMMUG00000013439","ENSMMUT00000018854","3","9:50289431-50294574|9:50296107-50320373",2.22797574183,9.45651925975,0.236409569391
"649","9",51559309,51586862,"circular_RNA/4",0,"+",51559309,51559309,"0,0,0",11,"96,137,112,228,112,98,77,176,116,165,208","0,1621,2857,7005,13660,14450,16219,19369,19868,21326,27345",4,"circRNA","ENSMMUG00000003924","ENSMMUT00000005561","6,7,8,9,10,11,12,13,14,15,16","9:51534913-51559309|9:51586862-51589688",0.891190296731,37.776566467,0.023849488879
"650","9",53683815,53686620,"circular_RNA/5",0,"-",53683815,53683815,"0,0,0",2,"197,1456","0,1349",5,"circRNA","ENSMMUG00000019720","ENSMMUT00000063347","3,2","9:53631022-53683815|9:53686620-53728900",1.11398787091,25.3153743665,0.0443818857184
"651","9",58539643,58540615,"circular_RNA/3",0,"-",58539643,58539643,"0,0,0",1,"972","0",3,"ciRNA","ENSMMUG00000008790","ENSMMUT00000087967","11","9:58539636-58540615",0.668392722548,44.0632838759,0.0153923797568
"652","9",59803041,59808036,"circular_RNA/5",0,"+",59803041,59803041,"0,0,0",2,"142,141","0,4854",5,"circRNA","ENSMMUG00000005514","ENSMMUT00000007763","10,11","9:59800961-59803041|9:59808036-59811753",1.11398787091,10.6635528609,0.105305879453
"653","9",62945391,62950202,"circular_RNA/3",0,"-",62945391,62945391,"0,0,0",2,"879,70","0,4741",3,"circRNA","ENSMMUG00000023488","ENSMMUT00000033048","3,2","9:62824429-62945391|9:62950202-62961965",0.668392722548,9.03722660279,0.074983500727
"654","9",64175522,64175851,"circular_RNA/12",0,"+",64175522,64175522,"0,0,0",2,"114,83","0,246",12,"circRNA","ENSMMUG00000001821","ENSMMUT00000002561","4,5","9:64172500-64175522|9:64175851-64176915",2.67357089019,16.2005664656,0.165544547495
"655","9",64175522,64177279,"circular_RNA/5",0,"+",64175522,64175522,"0,0,0",4,"114,83,106,147","0,246,1393,1610",5,"circRNA","ENSMMUG00000001821","ENSMMUT00000002561","4,5,6,7","9:64172500-64175522|9:64177279-64180573",1.11398787091,16.2005664656,0.0693367423831
"656","9",64189634,64197276,"circular_RNA/6",0,"+",64189634,64189634,"0,0,0",5,"132,381,232,134,168","0,312,932,4168,7474",6,"circRNA","ENSMMUG00000001821","ENSMMUT00000002561","11,12,13,14,15","9:64185516-64189634|9:64197276-64199872",1.3367854451,16.2005664656,0.0830807145425
"657","9",64573364,64589318,"circular_RNA/2",1,"+",64573364,64573364,"0,0,0",7,"218,118,88,179,193,129,86","0,3409,7277,7479,9489,13822,15868",2,"circRNA","ENSMMUG00000011280","ENSMMUT00000015778","2,3,4,5,6,7,8","9:64569458-64573364|9:64589318-64596186",0.445595148365,11.8241855441,0.0384982258954
"658","9",64655578,64683348,"circular_RNA/10",1,"+",64655578,64655578,"0,0,0",7,"108,97,152,138,240,197,177","0,1079,3041,6193,22380,24726,27593",10,"circRNA","ENSMMUG00000011274","ENSMMUT00000015768","2,3,4,5,6,7,8","9:64640702-64655578|9:64683348-64685245",2.22797574183,4.42810178688,0.504264176285
"659","9",64677958,64683348,"circular_RNA/4",0,"+",64677958,64677958,"0,0,0",3,"240,197,177","0,2346,5213",4,"circRNA","ENSMMUG00000011274","ENSMMUT00000015768","6,7,8","9:64661909-64677958|9:64683348-64685245",0.891190296731,4.42810178688,0.203057599849
"660","9",65438332,65438705,"circular_RNA/3",0,"+",65438332,65438332,"0,0,0",2,"186,80","0,293",3,"circRNA","ENSMMUG00000010431","ENSMMUT00000014595","4,5","9:65436133-65438332|9:65438705-65441225",0.668392722548,21.8898616634,0.0309770323199
"661","9",65620368,65630618,"circular_RNA/2",0,"+",65620368,65620368,"0,0,0",2,"137,120","0,10130",2,"circRNA","ENSMMUG00000009479","ENSMMUT00000013228","6,7","9:65586781-65620368|9:65630618-65644734",0.445595148365,11.6102291435,0.0392070709397
"662","9",65620368,65649851,"circular_RNA/2",0,"+",65620368,65620368,"0,0,0",4,"137,120,125,86","0,10130,24366,29397",2,"circRNA","ENSMMUG00000009479","ENSMMUT00000013228","6,7,8,9","9:65586781-65620368|9:65649851-65681020",0.445595148365,11.6102291435,0.0392070709397
"663","9",68597596,68600704,"circular_RNA/2",0,"-",68597596,68597596,"0,0,0",3,"177,81,220","0,521,2888",2,"circRNA","ENSMMUG00000052636","ENSMMUT00000085776","13,12,11","9:68593626-68597596|9:68600704-68601737",0.445595148365,5.93596394072,0.0766225885167
"664","9",68823928,68825125,"circular_RNA/4",0,"-",68823928,68823928,"0,0,0",2,"74,120","0,1077",4,"circRNA","ENSMMUG00000008985","ENSMMUT00000100866","11,10","9:68821519-68823928|9:68825125-68827242",0.891190296731,41.3607782358,0.0217832570515
"665","9",68839936,68840380,"circular_RNA/9",0,"-",68839936,68839936,"0,0,0",1,"444","0",9,"circRNA","ENSMMUG00000008985","ENSMMUT00000100866","2","9:68837855-68839936|9:68840380-68843860",2.00517816764,41.3607782358,0.0487101827322
"666","9",68864906,68894954,"circular_RNA/7",0,"-",68864906,68864906,"0,0,0",12,"160,74,120,162,150,146,186,118,179,76,297,112","0,682,1805,2364,16520,21462,22097,22392,25006,25870,29275,29936",7,"circRNA","ENSMMUG00000001006","ENSMMUT00000055162","13,12,11,10,9,8,7,6,5,4,3,2","9:68860626-68864906|9:68894954-68899709",1.55958301928,14.4075764638,0.108865940349
"667","9",68881426,68894478,"circular_RNA/1",0,"-",68881426,68881426,"0,0,0",7,"150,146,186,118,179,76,297","0,4942,5577,5872,8486,9350,12755",1,"circRNA","ENSMMUG00000001006","ENSMMUT00000001435","8,7,6,5,4,3,2","9:68867432-68881426|9:68894478-68899709",0.222797574183,14.4075764638,0.0161467896333
"668","9",69008938,69011297,"circular_RNA/5",1,"-",69008938,69008938,"0,0,0",1,"2359","0",5,"circRNA","ENSMMUG00000000826","ENSMMUT00000042806","3","9:69004258-69008938|9:69011297-69013678",1.11398787091,0.445595148365,2.46707603218
"669","9",69114926,69115338,"circular_RNA/1",0,"-",69114926,69114926,"0,0,0",2,"186,121","0,291",1,"circRNA","ENSMMUG00000016652","ENSMMUT00000023402","22,21","9:69113571-69114926|9:69115338-69116891",0.222797574183,68.8444504224,0.00338100983676
"670","9",69114926,69144364,"circular_RNA/2",0,"-",69114926,69114926,"0,0,0",8,"186,121,147,83,112,240,192,186","0,291,1965,2432,16126,18393,24091,29252",2,"circRNA","ENSMMUG00000016652","ENSMMUT00000023402","22,21,20,19,18,17,16,15","9:69113571-69114926|9:69144364-69147306",0.445595148365,68.8444504224,0.00661678577884
"671","9",69116891,69117441,"circular_RNA/1",0,"-",69116891,69116891,"0,0,0",2,"147,83","0,467",1,"circRNA","ENSMMUG00000016652","ENSMMUT00000023402","20,19","9:69115338-69116891|9:69117441-69131052",0.222797574183,68.8444504224,0.00338100983676
"672","9",69131052,69169025,"circular_RNA/9",0,"-",69131052,69131052,"0,0,0",17,"112,240,192,186,84,211,167,114,226,162,130,193,115,194,33,45,173","0,2267,7965,13126,16254,17148,18093,18805,19550,23640,24059,29156,29448,32063,33918,36972,37800",9,"circRNA","ENSMMUG00000016652","ENSMMUT00000023402","18,17,16,15,14,13,12,11,10,9,8,7,6,5,4,3,2","9:69117441-69131052|9:69169025-69187698",2.00517816764,68.8444504224,0.0292672173734
"673","9",69133319,69163309,"circular_RNA/4",0,"-",69133319,69133319,"0,0,0",13,"240,192,186,84,211,167,114,226,162,130,193,115,194","0,5698,10859,13987,14881,15826,16538,17283,21373,21792,26889,27181,29796",4,"circRNA","ENSMMUG00000016652","ENSMMUT00000023402","17,16,15,14,13,12,11,10,9,8,7,6,5","9:69131164-69133319|9:69163309-69164970",0.891190296731,68.8444504224,0.013088337663
"674","9",69139017,69147390,"circular_RNA/3",0,"-",69139017,69139017,"0,0,0",3,"192,186,84","0,5161,8289",3,"circRNA","ENSMMUG00000016652","ENSMMUT00000023402","16,15,14","9:69133559-69139017|9:69147390-69148200",0.668392722548,68.8444504224,0.00985256172094
"675","9",69139017,69149971,"circular_RNA/3",0,"-",69139017,69139017,"0,0,0",6,"192,186,84,211,167,114","0,5161,8289,9183,10128,10840",3,"circRNA","ENSMMUG00000016652","ENSMMUT00000023402","16,15,14,13,12,11","9:69133559-69139017|9:69149971-69150602",0.668392722548,68.8444504224,0.00985256172094
"676","9",69150602,69169025,"circular_RNA/2",0,"-",69150602,69150602,"0,0,0",9,"226,162,130,193,115,194,33,45,173","0,4090,4509,9606,9898,12513,14368,17422,18250",2,"circRNA","ENSMMUG00000016652","ENSMMUT00000023402","10,9,8,7,6,5,4,3,2","9:69149971-69150602|9:69169025-69187698",0.445595148365,68.8444504224,0.00661678577884
"677","9",69154692,69163309,"circular_RNA/2",0,"-",69154692,69154692,"0,0,0",5,"162,130,193,115,194","0,419,5516,5808,8423",2,"circRNA","ENSMMUG00000016652","ENSMMUT00000023402","9,8,7,6,5","9:69150828-69154692|9:69163309-69164970",0.445595148365,68.8444504224,0.00661678577884
"678","9",69154692,69169025,"circular_RNA/4",0,"-",69154692,69154692,"0,0,0",8,"162,130,193,115,194,33,45,173","0,419,5516,5808,8423,10278,13332,14160",4,"circRNA","ENSMMUG00000016652","ENSMMUT00000023402","9,8,7,6,5,4,3,2","9:69150828-69154692|9:69169025-69187698",0.891190296731,68.8444504224,0.013088337663
"679","9",69428072,69430189,"circular_RNA/5",0,"+",69428072,69428072,"0,0,0",2,"163,69","0,2048",5,"circRNA","ENSMMUG00000030532","ENSMMUT00000042799","7,8","9:69423267-69428072|9:69430189-69434301",1.11398787091,9.70760858939,0.115665069299
"680","9",69449881,69481906,"circular_RNA/4",0,"+",69449881,69449881,"0,0,0",8,"183,184,146,132,220,118,163,195","0,1705,4242,10447,20332,28576,30174,31830",4,"circRNA","ENSMMUG00000030532","ENSMMUT00000107005","9,10,11,12,13,14,15,16","9:69430189-69449881|9:69481906-69487389",0.891190296731,9.70760858939,0.0927378673921
"681","9",69454123,69470433,"circular_RNA/7",0,"+",69454123,69454123,"0,0,0",3,"146,132,220","0,6205,16090",7,"circRNA","ENSMMUG00000030532","ENSMMUT00000107005","11,12,13","9:69451770-69454123|9:69470433-69478457",1.55958301928,9.70760858939,0.161519473113
"682","9",69520432,69526228,"circular_RNA/4",0,"+",69520432,69520432,"0,0,0",3,"174,118,102","0,3089,5694",4,"circRNA","ENSMMUG00000019703","ENSMMUT00000059552","2,3,4","9:69518108-69520432|9:69526228-69528223",0.891190296731,4.17745451593,0.215211960704
"683","9",69544087,69546744,"circular_RNA/4",0,"+",69544087,69544087,"0,0,0",2,"98,120","0,2537",4,"circRNA","ENSMMUG00000019703","ENSMMUT00000027681","12,13","9:69542373-69544087|9:69546744-69561126",0.891190296731,4.17745451593,0.215211960704
"684","9",69906973,69966738,"circular_RNA/5",0,"+",69906973,69906973,"0,0,0",11,"161,77,125,60,112,190,173,120,99,168,144","0,21384,21739,22880,23065,23687,25244,47341,57486,59231,59621",5,"circRNA","ENSMMUG00000010105","ENSMMUT00000014107","9,10,11,12,13,14,15,16,17,18,19","9:69899418-69906973|9:69966738-69982510",1.11398787091,14.4022717597,0.0779882512383
"685","9",69964459,69966738,"circular_RNA/1",0,"+",69964459,69964459,"0,0,0",3,"99,168,144","0,1745,2135",1,"circRNA","ENSMMUG00000010105","ENSMMUT00000014107","17,18,19","9:69954434-69964459|9:69966738-69982510",0.222797574183,14.4022717597,0.0161527327589
"686","9",69964459,69991035,"circular_RNA/4",0,"+",69964459,69964459,"0,0,0",7,"99,168,144,167,67,83,184","0,1745,2135,18051,19510,22914,26392",4,"circRNA","ENSMMUG00000010105","ENSMMUT00000014107","17,18,19,20,21,22,23","9:69954434-69964459|9:69991035-69998637",0.891190296731,14.4022717597,0.0625293716186
"687","9",70015584,70036936,"circular_RNA/4",0,"-",70015584,70015584,"0,0,0",4,"148,153,242,117","0,16553,19640,21235",4,"circRNA","ENSMMUG00000030531","ENSMMUT00000042797","5,4,3,2","9:70014500-70015584|9:70036936-70039544",0.891190296731,12.8944096058,0.0698358409459
"688","9",74757308,74793965,"circular_RNA/10",1,"+",74757308,74757308,"0,0,0",18,"106,125,144,193,1679,173,2204,202,215,153,90,128,214,215,279,169,91,131","0,2979,4635,4876,5177,11164,11597,19743,21716,22891,26638,27216,27522,29545,31117,34835,35565,36526",10,"circRNA","ENSMMUG00000017727","ENSMMUT00000024916","4,5,6,7,8,9,10,11,12,13,14,15,16,17,18,19,20,21","9:74711894-74757308|9:74793965-74794997",2.22797574183,9.27394902535,0.241058598633
"689","9",74768472,74771109,"circular_RNA/1",0,"+",74768472,74768472,"0,0,0",2,"173,2204","0,433",1,"circRNA","ENSMMUG00000017727","ENSMMUT00000024916","9,10","9:74764164-74768472|9:74771109-74777051",0.222797574183,9.27394902535,0.0250752749231
"690","9",74768472,74802355,"circular_RNA/1",0,"+",74768472,74768472,"0,0,0",16,"173,2204,202,215,153,90,128,214,215,279,169,91,131,123,140,177","0,433,8579,10552,11727,15474,16052,16358,18381,19953,23671,24401,25362,26525,32029,33706",1,"circRNA","ENSMMUG00000017727","ENSMMUT00000024916","9,10,11,12,13,14,15,16,17,18,19,20,21,22,23,24","9:74764164-74768472|9:74802355-74810007",0.222797574183,9.27394902535,0.0250752749231
"691","9",75923547,75931974,"circular_RNA/2",0,"-",75923547,75923547,"0,0,0",3,"53,205,113","0,1982,8314",2,"circRNA","ENSMMUG00000000424","ENSMMUT00000033102","5,4,3","9:75913215-75923547|9:75931974-76040746",0.445595148365,29.4092797921,0.0154862781001
"692","9",75923547,75981933,"circular_RNA/3",0,"-",75923547,75923547,"0,0,0",4,"53,205,113,231","0,1982,8314,58155",3,"circRNA","ENSMMUG00000000424","ENSMMUT00000000621","6,5,4,3","9:75913215-75923547|9:75981933-76040746",0.668392722548,29.4092797921,0.0230594605763
"693","9",75981702,76040972,"circular_RNA/3",0,"-",75981702,75981702,"0,0,0",2,"231,226","0,59044",3,"circRNA","ENSMMUG00000000424","ENSMMUT00000000621","3,2","9:75931974-75981702|9:76040972-76078251",0.668392722548,29.4092797921,0.0230594605763
"694","9",78142947,78162614,"circular_RNA/8",0,"+",78142947,78142947,"0,0,0",2,"150,129","0,19538",8,"circRNA","ENSMMUG00000018198","ENSMMUT00000076825","2,3","9:78087283-78142947|9:78162614-78181317",1.78238059346,47.1057728272,0.0380420501651
"695","9",87455779,87611826,"circular_RNA/7",0,"-",87455779,87455779,"0,0,0",5,"81,142,43,96,95","0,28718,34196,85654,155952",7,"circRNA","ENSMMUG00000007081","ENSMMUT00000106134","6,5,4,3,2","9:87372523-87455779|9:87611826-87646829",1.55958301928,7.05525651579,0.222155135595
"696","9",88045259,88074363,"circular_RNA/5",1,"-",88045259,88045259,"0,0,0",4,"201,121,99,175","0,4799,7133,28929",5,"circRNA","ENSMMUG00000006414","ENSMMUT00000058397","5,4,3,2","9:88038315-88045259|9:88074363-88077919",1.11398787091,6.90672479966,0.162502904693
"697","9",88045259,88052491,"circular_RNA/2",0,"-",88045259,88045259,"0,0,0",3,"201,121,99","0,4799,7133",2,"circRNA","ENSMMUG00000006414","ENSMMUT00000058397","5,4,3","9:88038315-88045259|9:88052491-88074188",0.445595148365,6.90672479966,0.0658686244662
"698","9",92025258,92028839,"circular_RNA/5",0,"+",92025258,92025258,"0,0,0",2,"121,98","0,3483",5,"circRNA","ENSMMUG00000007478","ENSMMUT00000010463","19,20","9:92023639-92025258|9:92028839-92029299",1.11398787091,21.1390338385,0.0531460623446
"699","9",92157805,92176955,"circular_RNA/1",0,"+",92157805,92157805,"0,0,0",11,"154,110,202,149,153,122,168,78,130,142,131","0,856,2704,3936,14509,15210,15422,17402,17617,18787,19019",1,"circRNA","ENSMMUG00000017627","ENSMMUT00000024785","22,23,24,25,26,27,28,29,30,31,32","9:92156421-92157805|9:92176955-92179219",0.222797574183,24.2728924738,0.00958689638947
"700","9",92158661,92176955,"circular_RNA/4",0,"+",92158661,92158661,"0,0,0",10,"110,202,149,153,122,168,78,130,142,131","0,1848,3080,13653,14354,14566,16546,16761,17931,18163",4,"circRNA","ENSMMUG00000017627","ENSMMUT00000024785","23,24,25,26,27,28,29,30,31,32","9:92157959-92158661|9:92176955-92179219",0.891190296731,24.2728924738,0.0371121478919
"701","9",92317388,92319476,"circular_RNA/12",0,"-",92317388,92317388,"0,0,0",2,"90,168","0,1920",12,"circRNA","ENSMMUG00000015050","ENSMMUT00000090427","5,4","9:92278049-92317388|9:92319476-92357509",2.67357089019,5.37897000527,0.497974731269
"702","9",92699020,92701726,"circular_RNA/3",0,"-",92699020,92699020,"0,0,0",2,"208,185","0,2521",3,"circRNA","ENSMMUG00000023267","ENSMMUT00000042759","3,2","9:92696434-92699020|9:92701726-92734875",0.668392722548,38.7482114433,0.0175031998971
"703","9",92790977,92807929,"circular_RNA/15",0,"+",92790977,92790977,"0,0,0",7,"189,208,173,126,159,107,280","0,1926,3104,7328,7531,9943,16672",15,"circRNA","ENSMMUG00000023266","ENSMMUT00000032729","12,13,14,15,16,17,18","9:92789379-92790977|9:92807929-92810767",3.34196361274,8.94160931053,0.37445374306
"704","9",93091616,93107060,"circular_RNA/3",0,"+",93091616,93091616,"0,0,0",5,"98,106,110,112,135","0,7690,12010,14367,15309",3,"circRNA","ENSMMUG00000010874","ENSMMUT00000083935","13,14,15,16,17","9:93087156-93091616|9:93107060-93124755",0.668392722548,12.1689913137,0.0557018808105
"705","9",94182960,94184530,"circular_RNA/52",0,"+",94182960,94182960,"0,0,0",1,"1570","0",52,"circRNA","ENSMMUG00000001608","ENSMMUT00000002286","2","9:94144472-94182960|9:94184530-94292357",11.5854738575,8.03421555386,1.44146732268
"706","9",94411736,94412412,"circular_RNA/3",0,"+",94411736,94411736,"0,0,0",1,"676","0",3,"circRNA","ENSMMUG00000001608","ENSMMUT00000002286","8","9:94401964-94411736|9:94412412-94418139",0.668392722548,8.03421555386,0.0843329866046
"707","9",94668709,94676087,"circular_RNA/9",0,"+",94668709,94668709,"0,0,0",2,"107,81","0,7297",9,"circRNA","ENSMMUG00000055733","ENSMMUT00000085797","6,7","9:94665703-94668709|9:94676087-94681279",2.00517816764,5.40790475516,0.371947876293
"708","9",97069200,97069390,"circular_RNA/1",0,"-",97069200,97069200,"0,0,0",1,"190","0",1,"circRNA","ENSMMUG00000001876","ENSMMUT00000085956","8","9:97052071-97069200|9:97069390-97072718",0.222797574183,33.1411391597,0.00702230994421
"709","9",97830095,97831239,"circular_RNA/2",0,"-",97830095,97830095,"0,0,0",2,"92,99","0,1045",2,"circRNA","ENSMMUG00000019634","ENSMMUT00000027582","10,9","9:97826585-97830095|9:97831239-97833487",0.445595148365,14.4548365553,0.0314967366982
"710","9",100373465,100373613,"circular_RNA/2",0,"-",100373465,100373465,"0,0,0",1,"148","0",2,"circRNA","ENSMMUG00000023765","ENSMMUT00000082226","7","9:100372328-100373465|9:100373613-100380132",0.445595148365,5.51423996102,0.0824720054849
"711","9",101410796,101412125,"circular_RNA/2",0,"+",101410796,101410796,"0,0,0",2,"76,142","0,1187",2,"circRNA","ENSMMUG00000013418","ENSMMUT00000018822","10,11","9:101404230-101410796|9:101412125-101417170",0.445595148365,11.1750572735,0.0407324823847
"712","9",102157831,102166746,"circular_RNA/30",0,"-",102157831,102157831,"0,0,0",4,"95,133,186,96","0,5374,5945,8819",30,"circRNA","ENSMMUG00000052198","ENSMMUT00000093292","5,4,3,2","9:102113216-102157831|9:102166746-102184729",6.68392722548,37.073516344,0.180509506256
"713","9",102163205,102166746,"circular_RNA/2",0,"-",102163205,102163205,"0,0,0",3,"133,186,96","0,571,3445",2,"circRNA","ENSMMUG00000052198","ENSMMUT00000093292","4,3,2","9:102157926-102163205|9:102166746-102184729",0.445595148365,37.073516344,0.0122856512349
"714","9",102287771,102305493,"circular_RNA/8",0,"-",102287771,102287771,"0,0,0",9,"105,86,175,614,159,285,99,172,131","0,1062,5125,5958,7671,11496,13496,15161,17591",8,"circRNA","ENSMMUG00000015775","ENSMMUT00000053745","12,11,10,9,8,7,6,5,4","9:102286338-102287771|9:102305493-102308356",1.78238059346,36.9207408646,0.048533567199
"715","9",102292896,102305493,"circular_RNA/2",0,"-",102292896,102292896,"0,0,0",7,"175,614,159,285,99,172,131","0,833,2546,6371,8371,10036,12466",2,"circRNA","ENSMMUG00000015775","ENSMMUT00000053745","10,9,8,7,6,5,4","9:102288919-102292896|9:102305493-102308356",0.445595148365,36.9207408646,0.0123364746468
"716","9",102444718,102462930,"circular_RNA/2",0,"-",102444718,102444718,"0,0,0",3,"76,127,83","0,17084,18129",2,"circRNA","ENSMMUG00000001539","ENSMMUT00000067769","22,21,20","9:102391626-102444718|9:102462930-102479402",0.445595148365,14.0640968703,0.0323711817933
"717","9",102881647,102881859,"circular_RNA/4",0,"+",102881647,102881647,"0,0,0",1,"212","0",4,"circRNA","ENSMMUG00000002985","ENSMMUT00000085421","12","9:102880897-102881647|9:102881859-102882489",0.891190296731,31.1459583191,0.0289251348811
"718","9",103995574,103996680,"circular_RNA/2",0,"+",103995574,103995574,"0,0,0",3,"123,292,117","0,545,989",2,"circRNA","ENSMMUG00000007058","ENSMMUT00000009857","28,29,30","9:103994630-103995574|9:103996680-103997657",0.445595148365,8.73366490796,0.0521057420613
"719","9",110651224,110669031,"circular_RNA/8",0,"+",110651224,110651224,"0,0,0",5,"224,139,152,81,150","0,11849,15347,16434,17657",8,"circRNA","ENSMMUG00000006233","ENSMMUT00000008722","2,3,4,5,6","9:110556176-110651224|9:110669031-110669782",1.78238059346,45.6735027075,0.039234745307
"720","9",110651224,110672327,"circular_RNA/2",0,"+",110651224,110651224,"0,0,0",8,"224,139,152,81,150,144,99,183","0,11849,15347,16434,17657,18558,18813,20920",2,"circRNA","ENSMMUG00000006233","ENSMMUT00000008722","2,3,4,5,6,7,8,9","9:110556176-110651224|9:110672327-110674227",0.445595148365,45.6735027075,0.00997285937731
"721","9",110676672,110680915,"circular_RNA/2",0,"+",110676672,110676672,"0,0,0",3,"120,87,124","0,590,4119",2,"circRNA","ENSMMUG00000006233","ENSMMUT00000008722","11,12,13","9:110674485-110676672|9:110680915-110683374",0.445595148365,45.6735027075,0.00997285937731
"722","9",111161572,111163819,"circular_RNA/5",0,"+",111161572,111161572,"0,0,0",2,"153,152","0,2095",5,"circRNA","ENSMMUG00000007982","ENSMMUT00000011165","19,20","9:111158422-111161572|9:111163819-111165165",1.11398787091,21.3707433156,0.0525701026535
"723","9",111441384,111453509,"circular_RNA/3",0,"+",111441384,111441384,"0,0,0",5,"105,303,95,114,222","0,5477,7263,9496,11903",3,"circRNA","ENSMMUG00000017204","ENSMMUT00000024185","2,3,4,5,6","9:111437186-111441384|9:111453509-111455461",0.668392722548,329.116576583,0.00206119095453
"724","9",111441384,111456592,"circular_RNA/9",0,"+",111441384,111441384,"0,0,0",7,"105,303,95,114,222,98,115","0,5477,7263,9496,11903,14077,15093",9,"circRNA","ENSMMUG00000017204","ENSMMUT00000024185","2,3,4,5,6,7,8","9:111437186-111441384|9:111456592-111459994",2.00517816764,329.116576583,0.00612280596894
"725","9",111446861,111456592,"circular_RNA/4",0,"+",111446861,111446861,"0,0,0",6,"303,95,114,222,98,115","0,1786,4019,6426,8600,9616",4,"circRNA","ENSMMUG00000017204","ENSMMUT00000024185","3,4,5,6,7,8","9:111441489-111446861|9:111456592-111459994",0.891190296731,329.116576583,0.00273812679027
"726","9",111450880,111456592,"circular_RNA/2",0,"+",111450880,111450880,"0,0,0",4,"114,222,98,115","0,2407,4581,5597",2,"circRNA","ENSMMUG00000017204","ENSMMUT00000024185","5,6,7,8","9:111448742-111450880|9:111456592-111459994",0.445595148365,329.116576583,0.00138425511879
"727","9",111528755,111529692,"circular_RNA/1",0,"+",111528755,111528755,"0,0,0",1,"937","0",1,"circRNA","ENSMMUG00000017206","ENSMMUT00000042637","2","9:111485898-111528755|9:111529692-111564029",0.222797574183,46.5646930042,0.00499837055634
"728","9",111528755,111550060,"circular_RNA/48",0,"+",111528755,111528755,"0,0,0",2,"937,138","0,21167",48,"circRNA","ENSMMUG00000017206","ENSMMUT00000084968","2,3","9:111485898-111528755|9:111550060-111564029",10.6942835608,46.5646930042,0.229830469518
"729","9",111528755,111580659,"circular_RNA/4",0,"+",111528755,111528755,"0,0,0",9,"937,138,131,189,123,138,118,186,161","0,21167,35274,39432,42034,43734,44196,46121,51743",4,"circRNA","ENSMMUG00000017206","ENSMMUT00000024187","1,2,3,4,5,6,7,8,9","None|None",0.891190296731,46.5646930042,0.0193493555964
"730","9",114407266,114438176,"circular_RNA/5",0,"+",114407266,114407266,"0,0,0",9,"456,122,130,100,232,123,210,220,244","0,3098,7773,20865,24432,25233,26280,27563,30666",5,"circRNA","ENSMMUG00000016646","ENSMMUT00000088572","3,4,5,6,7,8,9,10,11","9:114389424-114407266|9:114438176-114444688",1.11398787091,0,112.398787091
"731","9",114428131,114438176,"circular_RNA/5",0,"+",114428131,114428131,"0,0,0",6,"100,232,123,210,220,244","0,3567,4368,5415,6698,9801",5,"circRNA","ENSMMUG00000016646","ENSMMUT00000088572","6,7,8,9,10,11","9:114415169-114428131|9:114438176-114444688",1.11398787091,0,112.398787091
"732","9",117393004,117412403,"circular_RNA/3",0,"-",117393004,117393004,"0,0,0",5,"193,121,54,110,83","0,4590,9722,13291,19316",3,"circRNA","ENSMMUG00000007578","ENSMMUT00000010599","16,15,14,13,12","9:117377871-117393004|9:117412403-117418686",0.668392722548,26.5825355697,0.025510644548
"733","9",118488190,118519553,"circular_RNA/3",0,"-",118488190,118488190,"0,0,0",5,"144,46,60,469,443","0,5985,24507,29777,30920",3,"circRNA","ENSMMUG00000021805","ENSMMUT00000095613","6,5,4,3,2","9:118450679-118488190|9:118519553-118524831",0.668392722548,18.7595557462,0.0361432487652
"734","9",119177254,119214589,"circular_RNA/4",0,"-",119177254,119177254,"0,0,0",6,"139,90,103,96,103,127","0,3894,9299,13775,36213,37208",4,"circRNA","ENSMMUG00000016370","ENSMMUT00000096372","7,6,5,4,3,2","9:119170496-119177254|9:119214589-119235676",0.891190296731,25.7609695149,0.0349692042517
"735","9",120398634,120405279,"circular_RNA/3",0,"+",120398634,120398634,"0,0,0",5,"121,90,142,209,119","0,2877,3897,5959,6526",3,"circRNA","ENSMMUG00000009561","ENSMMUT00000013341","6,7,8,9,10","9:120395427-120398634|9:120405279-120406197",0.668392722548,32.5036905447,0.0208648329729
"736","9",122012606,122039111,"circular_RNA/3",0,"-",122012606,122012606,"0,0,0",4,"124,170,78,267","0,12397,25293,26238",3,"circRNA","ENSMMUG00000009594","ENSMMUT00000060476","5,4,3,2","9:121994268-122012606|9:122039111-122068649",0.668392722548,1.55958301928,0.432212067928
"737","9",124486479,124494636,"circular_RNA/7",0,"-",124486479,124486479,"0,0,0",4,"157,147,340,1054","0,3793,6005,7103",7,"circRNA","ENSMMUG00000010115","ENSMMUT00000102272","7,6,5,4","9:124470806-124486479|9:124494636-124532241",1.55958301928,7.96501327703,0.196812590118
"738","9",125130410,125131183,"circular_RNA/8",0,"-",125130410,125130410,"0,0,0",1,"773","0",8,"circRNA","ENSMMUG00000015216","ENSMMUT00000086577","2","9:125072771-125130410|9:125131183-125135523",1.78238059346,10.917081135,0.164031050133
"739","9",125391501,125392352,"circular_RNA/10",0,"+",125391501,125391501,"0,0,0",1,"851","0",10,"circRNA","ENSMMUG00000022028","ENSMMUT00000030993","2","9:125389628-125391501|9:125392352-125415519",2.22797574183,18.9377938055,0.118112734644
"740","9",125488372,125560210,"circular_RNA/5",0,"-",125488372,125488372,"0,0,0",2,"159,104","0,71734",5,"circRNA","ENSMMUG00000022032","ENSMMUT00000088413","3,2","9:125452226-125488372|9:125560210-125610922",1.11398787091,104.15786593,0.0107901593344
"741","9",125560106,125585014,"circular_RNA/5",0,"-",125560106,125560106,"0,0,0",2,"104,174","0,24734",5,"circRNA","ENSMMUG00000022032","ENSMMUT00000104823","3,2","9:125488531-125560106|9:125585014-125610922",1.11398787091,104.15786593,0.0107901593344
"742","9",126938812,126948080,"circular_RNA/17",0,"-",126938812,126938812,"0,0,0",2,"1126,92","0,9176",17,"circRNA","ENSMMUG00000009663","ENSMMUT00000013489","3,2","9:126899824-126938812|9:126948080-126955230",3.78755876111,5.48639026425,0.690918690001
"743","9",127464090,127469450,"circular_RNA/3",1,"+",127464090,127464090,"0,0,0",3,"104,184,98","0,488,5262",3,"circRNA","ENSMMUG00000018547","ENSMMUT00000026078","16,17,18","9:127458870-127464090|9:127469450-127474552",0.668392722548,32.2829138101,0.0210074794284
"744","12",2867455,2908159,"circular_RNA/1",0,"+",2867455,2867455,"0,0,0",13,"236,159,112,125,125,148,91,105,142,122,303,178,105","0,1678,3330,4962,7420,17700,18008,18309,24214,27388,31225,34196,40599",1,"circRNA","ENSMMUG00000021287","ENSMMUT00000029951","3,4,5,6,7,8,9,10,11,12,13,14,15","12:2858209-2867455|12:2908159-2928199",0.222797574183,15.2323183612,0.0152731079791
"745","12",2898680,2898983,"circular_RNA/6",1,"+",2898680,2898680,"0,0,0",1,"303","0",6,"circRNA","ENSMMUG00000021287","ENSMMUT00000029950","13","12:2894965-2898680|12:2898983-2901651",1.3367854451,15.2323183612,0.0883583069967
"746","12",3119223,3127075,"circular_RNA/1",0,"+",3119223,3119223,"0,0,0",6,"227,69,105,96,152,98","0,1861,2572,5637,5925,7754",1,"circRNA","ENSMMUG00000019277","ENSMMUT00000086065","1,2,3,4,5,6","None|12:3127075-3164335",0.222797574183,16.0785582702,0.0144697598301
"747","12",9330400,9334682,"circular_RNA/5",1,"-",9330400,9330400,"0,0,0",3,"116,97,94","0,2714,4188",5,"circRNA","ENSMMUG00000021119","ENSMMUT00000053484","4,3,2","12:9328924-9330400|12:9334682-9336067",1.11398787091,4.53021734171,0.247562569436
"748","12",9556326,9586592,"circular_RNA/4",0,"+",9556326,9556326,"0,0,0",6,"79,104,92,76,98,68","0,1554,2449,4411,14903,30198",4,"circRNA","ENSMMUG00000007499","ENSMMUT00000002801","2,3,4,5,6,7","12:9483224-9556326|12:9586592-9619267",0.891190296731,12.546686249,0.0717697550819
"749","12",10813642,10825313,"circular_RNA/8",0,"-",10813642,10813642,"0,0,0",3,"178,209,165","0,4298,11506",8,"circRNA","ENSMMUG00000046774","ENSMMUT00000043021","4,3,2","12:10809955-10813642|12:10825313-10860882",1.78238059346,4.12175512238,0.433806104275
"750","12",11142629,11165803,"circular_RNA/5",0,"-",11142629,11142629,"0,0,0",11,"136,149,129,147,62,91,167,157,57,84,160","0,2367,5276,7418,11783,11925,13186,16404,21772,21922,23014",5,"circRNA","ENSMMUG00000005610","ENSMMUT00000007891","26,25,24,23,22,21,20,19,18,17,16","12:11134330-11142629|12:11165803-11175982",1.11398787091,7.78399024801,0.144212121794
"751","12",11164401,11165803,"circular_RNA/2",0,"-",11164401,11164401,"0,0,0",3,"57,84,160","0,150,1242",2,"circRNA","ENSMMUG00000005610","ENSMMUT00000007891","18,17,16","12:11159190-11164401|12:11165803-11175982",0.445595148365,7.78399024801,0.0584546726218
"752","12",11190254,11302577,"circular_RNA/2",0,"-",11190254,11190254,"0,0,0",11,"173,64,89,88,121,53,45,79,43,108,155","0,5057,19574,33978,37254,37734,38048,42346,42519,56741,112168",2,"circRNA","ENSMMUG00000005610","ENSMMUT00000007891","12,11,10,9,8,7,6,5,4,3,2","12:11184361-11190254|12:11302577-11361291",0.445595148365,7.78399024801,0.0584546726218
"753","12",11224232,11302577,"circular_RNA/3",0,"-",11224232,11224232,"0,0,0",8,"88,121,53,45,79,43,108,155","0,3276,3756,4070,8368,8541,22763,78190",3,"circRNA","ENSMMUG00000005610","ENSMMUT00000007891","9,8,7,6,5,4,3,2","12:11209917-11224232|12:11302577-11361291",0.668392722548,7.78399024801,0.0870404890128
"754","12",17439061,17444366,"circular_RNA/10",0,"+",17439061,17439061,"0,0,0",4,"82,88,65,105","0,1183,3045,5200",10,"circRNA","ENSMMUG00000008875","ENSMMUT00000012408","8,9,10,11","12:17431896-17439061|12:17444366-17448222",2.22797574183,20.7758737925,0.107668109802
"755","12",19412168,19412548,"circular_RNA/7",0,"+",19412168,19412168,"0,0,0",1,"380","0",7,"circRNA","ENSMMUG00000010563","ENSMMUT00000077147","2","12:19282996-19412168|12:19412548-19428334",1.55958301928,22.6278786279,0.0693343685192
"756","12",19502091,19520413,"circular_RNA/1",0,"+",19502091,19502091,"0,0,0",3,"135,134,134","0,5756,18188",1,"circRNA","ENSMMUG00000010563","ENSMMUT00000077147","9,10,11","12:19498661-19502091|12:19520413-19563946",0.222797574183,22.6278786279,0.0102835419347
"757","12",19502091,19583611,"circular_RNA/1",0,"+",19502091,19502091,"0,0,0",5,"135,134,134,150,117","0,5756,18188,61855,81403",1,"circRNA","ENSMMUG00000010563","ENSMMUT00000077147","9,10,11,12,13","12:19498661-19502091|12:19583611-19591147",0.222797574183,22.6278786279,0.0102835419347
"758","12",20306619,20307347,"circular_RNA/4",0,"+",20306619,20306619,"0,0,0",2,"93,170","0,558",4,"circRNA","ENSMMUG00000014630","ENSMMUT00000075223","11,12","12:20304088-20306619|12:20307347-20309485",0.891190296731,24.0520108493,0.0374528256335
"759","12",20752006,20755152,"circular_RNA/3",0,"+",20752006,20752006,"0,0,0",2,"209,211","0,2935",3,"circRNA","ENSMMUG00000009844","ENSMMUT00000013750","1,2","None|12:20755152-20766799",0.668392722548,13.1964717016,0.0513682032473
"760","12",20772110,20832455,"circular_RNA/4",0,"+",20772110,20772110,"0,0,0",14,"115,79,60,141,109,96,38,51,227,149,303,124,155,152","0,1138,10058,10201,14412,14609,17149,17270,17427,24278,30400,40179,55359,60193",4,"circRNA","ENSMMUG00000009844","ENSMMUT00000013750","5,6,7,8,9,10,11,12,13,14,15,16,17,18","12:20767405-20772110|12:20832455-20861582",0.891190296731,13.1964717016,0.0682385361581
"761","12",20782168,20802813,"circular_RNA/10",0,"+",20782168,20782168,"0,0,0",9,"60,141,109,96,38,51,227,149,303","0,143,4354,4551,7091,7212,7369,14220,20342",10,"circRNA","ENSMMUG00000009844","ENSMMUT00000013750","7,8,9,10,11,12,13,14,15","12:20773327-20782168|12:20802813-20812289",2.22797574183,13.1964717016,0.169460533623
"762","12",20812289,20832455,"circular_RNA/5",0,"+",20812289,20812289,"0,0,0",3,"124,155,152","0,15180,20014",5,"circRNA","ENSMMUG00000009844","ENSMMUT00000013750","16,17,18","12:20802813-20812289|12:20832455-20861582",1.11398787091,13.1964717016,0.0851088690686
"763","12",31546387,31580014,"circular_RNA/2",0,"-",31546387,31546387,"0,0,0",7,"181,1970,106,215,189,72,258","0,1887,5134,7852,8771,28390,33369",2,"circRNA","ENSMMUG00000016845","ENSMMUT00000053340","9,8,7,6,5,4,3","12:31539988-31546387|12:31580014-31667251",0.445595148365,26.2653584675,0.0173392552923
"764","12",35062119,35065715,"circular_RNA/6",0,"+",35062119,35062119,"0,0,0",3,"208,110,155","0,3141,3441",6,"circRNA","ENSMMUG00000000042","ENSMMUT00000092911","2,3,4","12:35010446-35062119|12:35065715-35080975",1.3367854451,0.58484363223,2.26409996195
"765","12",35137829,35141060,"circular_RNA/63",0,"-",35137829,35137829,"0,0,0",3,"91,77,74","0,699,3157",63,"circRNA","ENSMMUG00000000043","ENSMMUT00000100143","4,3,2","12:35124107-35137829|12:35141060-35186636",14.0362471735,15.395312376,0.911779445341
"766","12",35943304,35951075,"circular_RNA/1",0,"+",35943304,35943304,"0,0,0",4,"149,133,192,90","0,891,3170,7681",1,"circRNA","ENSMMUG00000023176","ENSMMUT00000032599","6,7,8,9","12:35936024-35943304|12:35951075-35952647",0.222797574183,18.5399409945,0.0125497743767
"767","12",38607819,38641876,"circular_RNA/1",0,"+",38607819,38607819,"0,0,0",24,"111,63,101,87,71,181,108,150,100,265,43,203,100,120,152,81,55,3219,147,78,116,154,109,364","0,1434,2607,4480,5811,6092,8216,9628,11243,15062,16784,17930,18997,20192,21411,22541,22707,23183,28273,28746,28913,29986,32786,33693",1,"circRNA","ENSMMUG00000008611","ENSMMUT00000096964","13,14,15,16,17,18,19,20,21,22,23,24,25,26,27,28,29,30,31,32,33,34,35,36","12:38607578-38607819|None",0.222797574183,14.7113913377,0.0158135578929
"768","12",39642067,39680009,"circular_RNA/7",0,"+",39642067,39642067,"0,0,0",5,"84,81,77,84,153","0,18417,24696,34350,37789",7,"circRNA","ENSMMUG00000031452","ENSMMUT00000075379","2,3,4,5,6","12:39455428-39642067|12:39680009-39694491",1.55958301928,13.949065514,0.112441840588
"769","12",39789682,39790826,"circular_RNA/7",0,"-",39789682,39789682,"0,0,0",2,"151,109","0,1035",7,"circRNA","ENSMMUG00000010812","ENSMMUT00000081277","15,14","12:39788736-39789682|12:39790826-39791893",1.55958301928,48.1521257202,0.032589571075
"770","12",43595256,43612823,"circular_RNA/3",0,"+",43595256,43595256,"0,0,0",4,"172,125,98,164","0,14834,16283,17403",3,"circRNA","ENSMMUG00000004897","ENSMMUT00000060993","3,4,5,6","12:43575055-43595256|12:43612823-43646368",0.668392722548,16.8212168508,0.0403056254673
"771","12",45710449,45719755,"circular_RNA/4",0,"+",45710449,45710449,"0,0,0",3,"189,220,133","0,2319,9173",4,"circRNA","ENSMMUG00000011638","ENSMMUT00000016310","8,9,10","12:45704078-45710449|12:45719755-45721474",0.891190296731,30.4702206216,0.0295663967764
"772","12",46174553,46188912,"circular_RNA/10",0,"+",46174553,46174553,"0,0,0",3,"105,131,187","0,12944,14172",10,"circRNA","ENSMMUG00000006180","ENSMMUT00000085159","3,4,5","12:46104972-46174553|12:46188912-46202009",2.22797574183,18.8215515929,0.118841813474
"773","12",46293475,46322012,"circular_RNA/2",0,"-",46293475,46293475,"0,0,0",9,"141,180,107,41,34,94,93,185,422","0,7453,9016,9199,11088,17341,21162,25409,28115",2,"circRNA","ENSMMUG00000006181","ENSMMUT00000078170","10,9,8,7,6,5,4,3,2","12:46275596-46293475|12:46322012-46324935",0.445595148365,11.8082714317,0.0385500663949
"774","12",46300928,46304597,"circular_RNA/1",0,"-",46300928,46300928,"0,0,0",4,"180,107,41,34","0,1563,1746,3635",1,"circRNA","ENSMMUG00000006181","ENSMMUT00000078170","9,8,7,6","12:46293616-46300928|12:46304597-46310816",0.222797574183,11.8082714317,0.0196981069125
"775","12",46304563,46322012,"circular_RNA/2",1,"-",46304563,46304563,"0,0,0",5,"34,94,93,185,422","0,6253,10074,14321,17027",2,"circRNA","ENSMMUG00000006181","ENSMMUT00000078170","6,5,4,3,2","12:46302715-46304563|12:46322012-46324935",0.445595148365,11.8082714317,0.0385500663949
"776","12",46785351,46808348,"circular_RNA/12",0,"+",46785351,46785351,"0,0,0",5,"167,193,168,1099,170","0,14035,16417,18233,22827",12,"circRNA","ENSMMUG00000020719","ENSMMUT00000029145","3,4,5,6,7","12:46771406-46785351|12:46808348-46814751",2.67357089019,53.961572467,0.0497219326309
"777","12",46799386,46814884,"circular_RNA/4",0,"+",46799386,46799386,"0,0,0",5,"193,168,1099,170,133","0,2382,4198,8792,15365",4,"circRNA","ENSMMUG00000020719","ENSMMUT00000060751","3,4,5,6,7","12:46785518-46799386|12:46814884-46818665",0.891190296731,53.961572467,0.0166974993601
"778","12",47219579,47224475,"circular_RNA/11",0,"-",47219579,47219579,"0,0,0",3,"96,162,166","0,3326,4730",11,"circRNA","ENSMMUG00000002678","ENSMMUT00000064326","9,8,7","12:47191517-47219579|12:47224475-47244189",2.45077331601,14.1953882979,0.173228162751
"779","12",47334424,47348149,"circular_RNA/4",0,"-",47334424,47334424,"0,0,0",2,"107,80","0,13645",4,"circRNA","ENSMMUG00000016825","ENSMMUT00000078640","7,6","12:47332501-47334424|12:47348149-47350720",0.891190296731,25.0047431333,0.0360263662085
"780","12",47415156,47417810,"circular_RNA/20",0,"-",47415156,47415156,"0,0,0",2,"176,127","0,2527",20,"circRNA","ENSMMUG00000016825","ENSMMUT00000023654","2,1","12:47364656-47415156|None",4.45595148365,25.0047431333,0.178532774047
"781","12",51861676,51870052,"circular_RNA/1",0,"-",51861676,51861676,"0,0,0",4,"237,98,229,202","0,350,5900,8174",1,"circRNA","ENSMMUG00000009400","ENSMMUT00000088797","7,6,5,4","12:51842736-51861676|12:51870052-51883875",0.222797574183,34.429651797,0.00675957978772
"782","12",55825300,55848779,"circular_RNA/1",0,"+",55825300,55825300,"0,0,0",4,"51,93,129,107","0,3902,20479,23372",1,"circRNA","ENSMMUG00000043509","ENSMMUT00000020123","5,6,7,8","12:55765324-55825300|12:55848779-55894758",0.222797574183,16.0661806272,0.0144809006307
"783","12",56637615,56658497,"circular_RNA/4",0,"-",56637615,56637615,"0,0,0",7,"114,129,129,115,487,132,111","0,787,2795,7759,9250,18743,20771",4,"circRNA","ENSMMUG00000020511","ENSMMUT00000028866","12,11,10,9,8,7,6","12:56632157-56637615|12:56658497-56661915",0.891190296731,14.2247681978,0.0633090953227
"784","12",56638402,56645489,"circular_RNA/1",0,"-",56638402,56638402,"0,0,0",3,"129,129,115","0,2008,6972",1,"circRNA","ENSMMUG00000020511","ENSMMUT00000028866","11,10,9","12:56637729-56638402|12:56645489-56646865",0.222797574183,14.2247681978,0.0163541528003
"785","12",56638402,56668318,"circular_RNA/1",0,"-",56638402,56638402,"0,0,0",8,"129,129,115,487,132,111,399,126","0,2008,6972,8463,17956,19984,23513,29790",1,"circRNA","ENSMMUG00000020511","ENSMMUT00000028866","11,10,9,8,7,6,5,4","12:56637729-56638402|12:56668318-56675533",0.222797574183,14.2247681978,0.0163541528003
"786","12",56638402,56679157,"circular_RNA/3",0,"-",56638402,56638402,"0,0,0",9,"129,129,115,487,132,111,399,126,519","0,2008,6972,8463,17956,19984,23513,29790,40236",3,"circRNA","ENSMMUG00000020511","ENSMMUT00000028864","10,9,8,7,6,5,4,3,2","12:56637729-56638402|12:56679157-56680878",0.668392722548,14.2247681978,0.0476574478152
"787","12",56988046,56992078,"circular_RNA/2",0,"+",56988046,56988046,"0,0,0",2,"140,159","0,3873",2,"circRNA","ENSMMUG00000023062","ENSMMUT00000032452","2,3","12:56941291-56988046|12:56992078-56993272",0.445595148365,18.1814546721,0.0250444594221
"788","12",57140996,57179824,"circular_RNA/3",0,"+",57140996,57140996,"0,0,0",5,"103,104,125,108,126","0,11937,26731,38460,38702",3,"circRNA","ENSMMUG00000023062","ENSMMUT00000032452","32,33,34,35,36","12:57127415-57140996|12:57179824-57197913",0.668392722548,18.1814546721,0.0372918348079
"789","12",60447354,60447591,"circular_RNA/3",0,"+",60447354,60447354,"0,0,0",1,"237","0",3,"circRNA","ENSMMUG00000014228","ENSMMUT00000076034","3","12:60442935-60447354|12:60447591-60447948",0.668392722548,3.73185936756,0.181298294754
"790","12",61044332,61045692,"circular_RNA/15",0,"-",61044332,61044332,"0,0,0",1,"1360","0",15,"circRNA","ENSMMUG00000021818","ENSMMUT00000030702","4","12:61009892-61044332|12:61045692-61053786",3.34196361274,20.5610332746,0.162945806756
"791","12",61218618,61236784,"circular_RNA/6",0,"-",61218618,61218618,"0,0,0",3,"98,81,176","0,414,17990",6,"circRNA","ENSMMUG00000007092","ENSMMUT00000009900","7,6,5","12:61176528-61218618|12:61236784-61315747",1.3367854451,52.7751753845,0.025514463773
"792","12",61474200,61475985,"circular_RNA/4",0,"-",61474200,61474200,"0,0,0",3,"118,49,65","0,1275,1720",4,"circRNA","ENSMMUG00000023006","ENSMMUT00000032374","7,6,5","12:61448495-61474200|12:61475985-61476073",0.891190296731,16.0166700551,0.0562306638642
"793","12",76962939,76982848,"circular_RNA/6",1,"+",76962939,76962939,"0,0,0",4,"126,152,183,103","0,5363,9635,19806",6,"circRNA","ENSMMUG00000014318","ENSMMUT00000059731","2,3,4,5","12:76962191-76962939|12:76982848-76995326",1.3367854451,11.3849560407,0.118191368206
"794","12",77866696,77876965,"circular_RNA/7",0,"+",77866696,77866696,"0,0,0",2,"838,134","0,10135",7,"circRNA","ENSMMUG00000022664","ENSMMUT00000079499","2,3","12:77856243-77866696|12:77876965-77879589",1.55958301928,43.3898275721,0.0361656510426
"795","12",77866696,77879641,"circular_RNA/22",0,"+",77866696,77866696,"0,0,0",3,"838,134,52","0,10135,12893",22,"circRNA","ENSMMUG00000022664","ENSMMUT00000079499","2,3,4","12:77856243-77866696|12:77879641-77890239",4.90154663202,43.3898275721,0.113169726858
"796","12",82812451,82816315,"circular_RNA/8",0,"+",82812451,82812451,"0,0,0",2,"1019,208","0,3656",8,"circRNA","ENSMMUG00000005621","ENSMMUT00000068674","2,3","12:82736369-82812451|12:82816315-82839103",1.78238059346,2.06087756119,0.86551741496
"797","12",83911879,83912748,"circular_RNA/20",0,"-",83911879,83911879,"0,0,0",2,"166,192","0,677",20,"circRNA","ENSMMUG00000008643","ENSMMUT00000012085","6,5","12:83908577-83911879|12:83912748-83914336",4.45595148365,23.6304677118,0.188911299814
"798","12",84604515,84607205,"circular_RNA/3",0,"-",84604515,84604515,"0,0,0",4,"169,94,96,83","0,850,1329,2607",3,"circRNA","ENSMMUG00000010489","ENSMMUT00000014673","7,6,5,4","12:84601880-84604515|12:84607205-84610241",0.668392722548,110.44683382,0.00614169987575
"799","12",87520842,87521089,"circular_RNA/7",0,"+",87520842,87520842,"0,0,0",1,"247","0",7,"circRNA","ENSMMUG00000008101","ENSMMUT00000057045","6","12:87518057-87520842|12:87521089-87541340",1.55958301928,12.8817506527,0.121750960096
"800","12",88118128,88126102,"circular_RNA/5",0,"-",88118128,88118128,"0,0,0",11,"91,80,83,130,95,167,117,67,91,229,161","0,405,816,2774,2987,3847,4102,5784,6233,7350,7813",5,"circRNA","ENSMMUG00000006640","ENSMMUT00000044897","12,11,10,9,8,7,6,5,4,3,2","12:88087105-88118128|12:88126102-88128359",1.11398787091,18.7149962313,0.0600260666024
"801","12",88120902,88121210,"circular_RNA/5",0,"-",88120902,88120902,"0,0,0",2,"130,95","0,213",5,"circRNA","ENSMMUG00000006640","ENSMMUT00000044897","9,8","12:88119027-88120902|12:88121210-88121975",1.11398787091,18.7149962313,0.0600260666024
"802","12",88406403,88411055,"circular_RNA/37",0,"+",88406403,88406403,"0,0,0",3,"55,50,82","0,3821,4570",37,"circRNA","ENSMMUG00000012310","ENSMMUT00000044879","6,7,8","12:88400813-88406403|12:88411055-88421453",8.24351024476,45.2836069526,0.182222410624
"803","12",89633081,89643012,"circular_RNA/2",0,"+",89633081,89633081,"0,0,0",7,"135,146,127,164,135,62,134","0,819,2629,5243,6927,7386,9797",2,"circRNA","ENSMMUG00000000582","ENSMMUT00000072712","7,8,9,10,11,12,13","12:89630227-89633081|12:89643012-89644013",0.445595148365,31.9077954454,0.0142740167987
"804","12",90116173,90118147,"circular_RNA/7",0,"+",90116173,90116173,"0,0,0",2,"144,226","0,1748",7,"circRNA","ENSMMUG00000021152","ENSMMUT00000029754","5,6","12:90086935-90116173|12:90118147-90120257",1.55958301928,6.72848674032,0.232928115728
"805","12",90116173,90120378,"circular_RNA/5",0,"+",90116173,90116173,"0,0,0",3,"144,226,121","0,1748,4084",5,"circRNA","ENSMMUG00000021152","ENSMMUT00000029754","5,6,7","12:90086935-90116173|12:90120378-90129198",1.11398787091,6.72848674032,0.166801229152
"806","12",90334332,90353821,"circular_RNA/2",0,"+",90334332,90334332,"0,0,0",7,"121,130,85,190,121,144,234","0,1487,3174,9292,14750,17675,19255",2,"circRNA","ENSMMUG00000006418","ENSMMUT00000008998","2,3,4,5,6,7,8","12:90324394-90334332|12:90353821-90356422",0.445595148365,2.87923018944,0.157687383314
"807","12",90352007,90353821,"circular_RNA/1",1,"+",90352007,90352007,"0,0,0",2,"144,234","0,1580",1,"circRNA","ENSMMUG00000006418","ENSMMUT00000008998","7,8","12:90349203-90352007|12:90353821-90356422",0.222797574183,2.87923018944,0.0805742564348
"808","12",90352007,90364806,"circular_RNA/2",0,"+",90352007,90352007,"0,0,0",6,"144,234,163,64,131,370","0,1580,4415,7678,11914,12429",2,"circRNA","ENSMMUG00000006418","ENSMMUT00000008998","7,8,9,10,11,12","12:90349203-90352007|12:90364806-90365891",0.445595148365,2.87923018944,0.157687383314
"809","12",90444589,90445921,"circular_RNA/4",0,"+",90444589,90444589,"0,0,0",2,"82,128","0,1204",4,"circRNA","ENSMMUG00000006420","ENSMMUT00000009002","6,7","12:90437867-90444589|12:90445921-90456650",0.891190296731,7.07487391225,0.127199200422
"810","12",90630599,90651756,"circular_RNA/4",0,"+",90630599,90630599,"0,0,0",5,"55,50,167,143,168","0,1264,2170,7322,20989",4,"circRNA","ENSMMUG00000005971","ENSMMUT00000054695","2,3,4,5,6","12:90624647-90630599|12:90651756-90657770",0.891190296731,6.78519885011,0.132621622503
"811","12",90657770,90663354,"circular_RNA/2",0,"+",90657770,90657770,"0,0,0",2,"79,116","0,5468",2,"circRNA","ENSMMUG00000005971","ENSMMUT00000091856","5,6","12:90651756-90657770|12:90663354-90665449",0.445595148365,6.78519885011,0.0670466248913
"812","12",90885615,90887332,"circular_RNA/11",0,"-",90885615,90885615,"0,0,0",2,"506,106","0,1611",11,"circRNA","ENSMMUG00000000314","ENSMMUT00000000457","3,2","12:90865512-90885615|12:90887332-90891216",2.45077331601,25.885027255,0.0950287980691
"813","12",92510290,92594125,"circular_RNA/2",1,"+",92510290,92510290,"0,0,0",10,"87,126,359,140,129,186,171,133,100,116","0,5382,8073,10788,12070,43873,63002,67246,76280,83719",2,"circRNA","ENSMMUG00000014814","ENSMMUT00000020782","6,7,8,9,10,11,12,13,14,15","12:92497000-92510290|12:92594125-92642843",0.445595148365,3.57488834939,0.12708768139
"814","12",95155497,95168795,"circular_RNA/6",0,"+",95155497,95155497,"0,0,0",5,"36,52,120,167,163","0,3575,4353,9220,13135",6,"circRNA","ENSMMUG00000020211","ENSMMUT00000044764","5,6,7,8,9","12:95152459-95155497|12:95168795-95171055",1.3367854451,17.7346869049,0.0758979548255
"815","12",95401825,95402761,"circular_RNA/9",0,"-",95401825,95401825,"0,0,0",1,"936","0",9,"circRNA","ENSMMUG00000008113","ENSMMUT00000084000","3","12:95369811-95401825|12:95402761-95426559",2.00517816764,4.07401278505,0.493430915549
"816","12",95684863,95702450,"circular_RNA/5",1,"+",95684863,95684863,"0,0,0",7,"181,150,36,119,172,208,90","0,2385,2819,5511,6335,14516,17497",5,"circRNA","ENSMMUG00000017524","ENSMMUT00000044747","1,2,3,4,5,6,7","None|12:95702450-95712211",1.11398787091,15.0865785947,0.0744531526703
"817","12",95684863,95687398,"circular_RNA/2",0,"+",95684863,95684863,"0,0,0",2,"181,150","0,2385",2,"circRNA","ENSMMUG00000017524","ENSMMUT00000044747","1,2","None|12:95687398-95687682",0.445595148365,15.0865785947,0.030178702115
"818","12",95684863,95691370,"circular_RNA/13",0,"+",95684863,95684863,"0,0,0",5,"181,150,36,119,172","0,2385,2819,5511,6335",13,"circRNA","ENSMMUG00000017524","ENSMMUT00000044747","1,2,3,4,5","None|12:95691370-95699379",2.89636846437,15.0865785947,0.192518354151
"819","12",95687248,95717899,"circular_RNA/2",0,"+",95687248,95687248,"0,0,0",10,"150,36,119,172,208,90,139,158,112,148","0,434,3126,3950,12131,15112,24963,27248,28538,30503",2,"circRNA","ENSMMUG00000017524","ENSMMUT00000044747","2,3,4,5,6,7,8,9,10,11","12:95685044-95687248|12:95717899-95718426",0.445595148365,15.0865785947,0.030178702115
"820","12",97429503,97475083,"circular_RNA/3",1,"-",97429503,97429503,"0,0,0",4,"122,198,142,1117","0,4536,19793,44463",3,"circRNA","ENSMMUG00000010515","ENSMMUT00000044731","5,4,3,2","12:97406876-97429503|12:97475083-97491797",0.668392722548,5.90413571584,0.114706992728
"821","12",97434039,97475083,"circular_RNA/3",0,"-",97434039,97434039,"0,0,0",3,"198,142,1117","0,15257,39927",3,"circRNA","ENSMMUG00000010515","ENSMMUT00000044731","4,3,2","12:97429625-97434039|12:97475083-97491797",0.668392722548,5.90413571584,0.114706992728
"822","12",97473966,97475083,"circular_RNA/52",0,"-",97473966,97473966,"0,0,0",1,"1117","0",52,"circRNA","ENSMMUG00000010515","ENSMMUT00000044731","2","12:97449438-97473966|12:97475083-97491797",11.5854738575,5.90413571584,1.960637093
"823","12",100649563,100723512,"circular_RNA/5",0,"+",100649563,100649563,"0,0,0",7,"96,119,138,108,118,70,110","0,14353,21498,44865,51479,65249,73839",5,"circRNA","ENSMMUG00000000382","ENSMMUT00000000555","3,4,5,6,7,8,9","12:100648424-100649563|12:100723512-100848985",1.11398787091,2.52503917407,0.44338086859
"824","12",100663916,100701160,"circular_RNA/13",0,"+",100663916,100663916,"0,0,0",4,"119,138,108,118","0,7145,30512,37126",13,"circRNA","ENSMMUG00000000382","ENSMMUT00000000555","4,5,6,7","12:100649659-100663916|12:100701160-100714812",2.89636846437,2.52503917407,1.14647871879
"825","12",102709777,102712652,"circular_RNA/10",0,"+",102709777,102709777,"0,0,0",2,"90,129","0,2746",10,"circRNA","ENSMMUG00000012318","ENSMMUT00000084525","11,12","12:102708750-102709777|12:102712652-102718495",2.22797574183,29.7753043783,0.0751369102496
"826","12",105641866,105642688,"circular_RNA/1",0,"+",105641866,105641866,"0,0,0",2,"187,94","0,728",1,"circRNA","ENSMMUG00000022808","ENSMMUT00000100175","6,7","12:105637647-105641866|12:105642688-105648477",0.222797574183,60.8460175093,0.0038253829894
"827","12",105744789,105747125,"circular_RNA/2",0,"+",105744789,105744789,"0,0,0",5,"116,113,59,93,164","0,235,914,1722,2172",2,"circRNA","ENSMMUG00000038299","ENSMMUT00000032115","3,4,5,6,7","12:105673927-105744789|12:105747125-105748458",0.445595148365,4.31670299979,0.105298456674
"828","12",105925064,105925479,"circular_RNA/6",0,"-",105925064,105925064,"0,0,0",2,"124,132","0,283",6,"circRNA","ENSMMUG00000015218","ENSMMUT00000099802","13,12","12:105923261-105925064|12:105925479-105936328",1.3367854451,5.27933382302,0.25462288639
"829","12",106012491,106014193,"circular_RNA/1",0,"+",106012491,106012491,"0,0,0",2,"116,110","0,1592",1,"circRNA","ENSMMUG00000009626","ENSMMUT00000071695","3,4","12:106010273-106012491|12:106014193-106018208",0.222797574183,32.8347924952,0.00708780773138
"830","12",110043955,110062441,"circular_RNA/5",0,"-",110043955,110043955,"0,0,0",3,"156,118,93","0,12675,18393",5,"circRNA","ENSMMUG00000007685","ENSMMUT00000106929","16,15,14","12:110016562-110043955|12:110062441-110066646",1.11398787091,122.570494025,0.0091693860418
"831","12",110141799,110142921,"circular_RNA/3",0,"+",110141799,110141799,"0,0,0",2,"179,205","0,917",3,"circRNA","ENSMMUG00000015649","ENSMMUT00000021952","2,3","12:110124565-110141799|12:110142921-110147773",0.668392722548,41.1061524367,0.0164994213306
"832","12",110141799,110148718,"circular_RNA/6",0,"+",110141799,110141799,"0,0,0",4,"179,205,175,200","0,917,5974,6719",6,"circRNA","ENSMMUG00000015649","ENSMMUT00000021952","2,3,4,5","12:110124565-110141799|12:110148718-110165358",1.3367854451,41.1061524367,0.0327556292426
"833","12",111331736,111334311,"circular_RNA/2",0,"-",111331736,111331736,"0,0,0",2,"131,102","0,2473",2,"circRNA","ENSMMUG00000006159","ENSMMUT00000044489","10,9","12:111330008-111331736|12:111334311-111344686",0.445595148365,40.0428003781,0.0113748637814
"834","12",111940287,111959528,"circular_RNA/6",0,"-",111940287,111940287,"0,0,0",10,"135,97,125,108,171,177,146,229,115,161","0,2224,4878,7448,8135,10392,11259,15780,17962,19080",6,"circRNA","ENSMMUG00000022259","ENSMMUT00000044483","13,12,11,10,9,8,7,6,5,4","12:111926383-111940287|12:111959528-111980354",1.3367854451,42.5543366689,0.0316411707664
"835","12",111980354,112002451,"circular_RNA/20",0,"-",111980354,111980354,"0,0,0",2,"114,198","0,21899",20,"circRNA","ENSMMUG00000022259","ENSMMUT00000044483","3,2","12:111959528-111980354|12:112002451-112030196",4.45595148365,42.5543366689,0.104922379465
"836","12",114979516,115000394,"circular_RNA/1",0,"+",114979516,114979516,"0,0,0",7,"120,210,181,80,93,48,159","0,2444,3725,5260,5539,18818,20719",1,"circRNA","ENSMMUG00000013247","ENSMMUT00000044444","6,7,8,9,10,11,12","12:114973041-114979516|12:115000394-115001954",0.222797574183,26.999015126,0.00861925446363
"837","12",115343690,115352747,"circular_RNA/3",1,"+",115343690,115343690,"0,0,0",5,"100,108,107,103,115","0,4815,6740,8038,8942",3,"circRNA","ENSMMUG00000013252","ENSMMUT00000093738","6,7,8,9,10","12:115337665-115343690|12:115352747-115367193",0.668392722548,0.222797574183,2.91408845186
"838","12",117217052,117222512,"circular_RNA/3",0,"-",117217052,117217052,"0,0,0",3,"155,115,99","0,443,5361",3,"circRNA","ENSMMUG00000015842","ENSMMUT00000057218","35,34,33","12:117216089-117217052|12:117222512-117224152",0.668392722548,57.2168256725,0.0118544531271
"839","12",117271633,117315309,"circular_RNA/10",0,"-",117271633,117271633,"0,0,0",4,"137,106,803,147","0,3647,22499,43529",10,"circRNA","ENSMMUG00000015842","ENSMMUT00000057218","5,4,3,2","12:117265329-117271633|12:117315309-117357620",2.22797574183,57.2168256725,0.0391071095685
"840","12",117294132,117294935,"circular_RNA/5",0,"-",117294132,117294132,"0,0,0",1,"803","0",5,"circRNA","ENSMMUG00000015842","ENSMMUT00000057218","3","12:117275386-117294132|12:117294935-117315162",1.11398787091,57.2168256725,0.019640926396
"841","12",117294132,117315309,"circular_RNA/10",0,"-",117294132,117294132,"0,0,0",2,"803,147","0,21030",10,"circRNA","ENSMMUG00000015842","ENSMMUT00000057218","3,2","12:117275386-117294132|12:117315309-117357620",2.22797574183,57.2168256725,0.0391071095685
"842","12",118644695,118669325,"circular_RNA/5",1,"+",118644695,118644695,"0,0,0",6,"171,156,93,25,158,99","0,1883,8589,12880,19051,24531",5,"circRNA","ENSMMUG00000011775","ENSMMUT00000016506","4,5,6,7,8,9","12:118637868-118644695|12:118669325-118685443",1.11398787091,2.32544968053,0.481272570452
"843","12",118706980,118712827,"circular_RNA/1",0,"+",118706980,118706980,"0,0,0",3,"140,77,75","0,1733,5772",1,"circRNA","ENSMMUG00000011775","ENSMMUT00000016506","15,16,17","12:118703127-118706980|12:118712827-118724609",0.222797574183,2.32544968053,0.0996799786027
"844","12",119546546,119567424,"circular_RNA/3",0,"+",119546546,119546546,"0,0,0",2,"248,174","0,20704",3,"circRNA","ENSMMUG00000015167","ENSMMUT00000021267","8,9","12:119546296-119546546|12:119567424-119610591",0.668392722548,9.67203586746,0.070067156519
"845","12",120219254,120227078,"circular_RNA/3",0,"+",120219254,120219254,"0,0,0",5,"180,218,163,189,197","0,3543,3856,4106,7627",3,"circRNA","ENSMMUG00000012211","ENSMMUT00000044384","9,10,11,12,13","12:120192673-120219254|12:120227078-120228194",0.668392722548,31.9517932857,0.0212251145136
"846","12",120219254,120228354,"circular_RNA/6",0,"+",120219254,120219254,"0,0,0",6,"180,218,163,189,197,160","0,3543,3856,4106,7627,8940",6,"circRNA","ENSMMUG00000012211","ENSMMUT00000044384","9,10,11,12,13,14","12:120192673-120219254|12:120228354-120240266",1.3367854451,31.9517932857,0.0421373554688
"847","12",120245349,120273606,"circular_RNA/5",0,"+",120245349,120245349,"0,0,0",7,"108,101,101,162,159,237,123","0,1179,4377,5614,8534,21250,28134",5,"circRNA","ENSMMUG00000012211","ENSMMUT00000017100","17,18,19,20,21,22,23","12:120243893-120245349|12:120273606-120277696",1.11398787091,31.9517932857,0.0351666084835
"848","12",120638213,120643932,"circular_RNA/3",0,"+",120638213,120638213,"0,0,0",3,"88,150,97","0,4000,5622",3,"circRNA","ENSMMUG00000009772","ENSMMUT00000013644","22,23,24","12:120634009-120638213|12:120643932-120646538",0.668392722548,5.76600121985,0.117450238794
"849","12",120838978,120841219,"circular_RNA/7",0,"+",120838978,120838978,"0,0,0",3,"111,115,81","0,1673,2160",7,"circRNA","ENSMMUG00000005646","ENSMMUT00000072007","3,4,5","12:120805855-120838978|12:120841219-120884148",1.55958301928,8.12798557666,0.192871196993
"850","12",120987741,121014865,"circular_RNA/4",0,"-",120987741,120987741,"0,0,0",8,"82,301,102,96,129,144,147,165","0,4073,11197,12795,19508,21781,24816,26959",4,"circRNA","ENSMMUG00000005650","ENSMMUT00000069660","12,11,10,9,8,7,6,5","12:120985885-120987741|12:121014865-121017627",0.891190296731,8.34005586024,0.107926259634
"851","12",121007249,121009666,"circular_RNA/18",0,"-",121007249,121007249,"0,0,0",2,"129,144","0,2273",18,"circRNA","ENSMMUG00000005650","ENSMMUT00000069660","8,7","12:121000632-121007249|12:121009666-121012557",4.01035633529,8.34005586024,0.481476579628
"852","12",123120096,123164249,"circular_RNA/9",0,"+",123120096,123120096,"0,0,0",6,"59,88,12,86,142,135","0,8610,9441,35065,38399,44018",9,"circRNA","ENSMMUG00000009346","ENSMMUT00000013063","2,3,4,5,6,7","12:122909811-123120096|12:123164249-123210570",2.00517816764,39.3052053787,0.0512569665662
"853","12",123210570,123386675,"circular_RNA/2",0,"+",123210570,123210570,"0,0,0",7,"128,156,93,105,169,159,162","0,1605,8927,89829,116776,139216,175943",2,"circRNA","ENSMMUG00000009346","ENSMMUT00000013063","8,9,10,11,12,13,14","12:123164249-123210570|12:123386675-123456265",0.445595148365,39.3052053787,0.0115882683042
"854","12",123300399,123386675,"circular_RNA/4",0,"+",123300399,123300399,"0,0,0",4,"105,169,159,162","0,26947,49387,86114",4,"circRNA","ENSMMUG00000009346","ENSMMUT00000013063","11,12,13,14","12:123219590-123300399|12:123386675-123456265",0.891190296731,39.3052053787,0.0229221820934
"855","12",123349786,123386675,"circular_RNA/5",0,"+",123349786,123349786,"0,0,0",2,"159,162","0,36727",5,"circRNA","ENSMMUG00000009346","ENSMMUT00000013063","13,14","12:123327515-123349786|12:123386675-123456265",1.11398787091,39.3052053787,0.0285891389879
"856","12",125574375,125588578,"circular_RNA/5",0,"-",125574375,125574375,"0,0,0",6,"120,122,88,94,107,127","0,8261,9840,10207,11360,14076",5,"circRNA","ENSMMUG00000018908","ENSMMUT00000026584","10,9,8,7,6,5","12:125571887-125574375|12:125588578-125590186",1.11398787091,21.945561057,0.0511937667178
"857","12",125750845,125762824,"circular_RNA/4",0,"+",125750845,125750845,"0,0,0",9,"102,21,85,59,2,20,124,37,77","0,2950,4244,4799,4860,4863,8491,8838,11902",4,"circRNA","ENSMMUG00000010080","ENSMMUT00000014074","9,10,11,12,13,14,15,16,17","12:125744528-125750845|12:125762824-125803520",0.891190296731,3.4162294708,0.263026835888
"858","12",126751957,126752198,"circular_RNA/3",0,"-",126751957,126751957,"0,0,0",1,"241","0",3,"circRNA","ENSMMUG00000006077","ENSMMUT00000008496","2","12:126638104-126751957|12:126752198-126800091",0.668392722548,7.72079285918,0.0877520242626
"859","12",129045863,129067312,"circular_RNA/2",0,"-",129045863,129045863,"0,0,0",3,"160,385,679","0,20286,20770",2,"circRNA","ENSMMUG00000005662","ENSMMUT00000044259","4,3,2","12:129042681-129045863|12:129067312-129070482",0.445595148365,60.8237377519,0.00748918552766
"860","X",1074966,1075152,"circular_RNA/5",0,"+",1074966,1074966,"0,0,0",1,"186","0",5,"circRNA","ENSMMUG00000005113","ENSMMUT00000007210","2","X:1057526-1074966|X:1075152-1086488",1.11398787091,1.7995188684,0.621152887952
"861","X",9641928,9678517,"circular_RNA/3",1,"+",9641928,9641928,"0,0,0",7,"110,204,77,80,130,150,74","0,4189,15623,16544,28397,32469,36515",3,"circRNA","ENSMMUG00000016290","ENSMMUT00000079318","2,3,4,5,6,7,8","X:9596116-9641928|X:9678517-9690158",0.668392722548,31.1612788982,0.0217633907407
"862","X",9641928,9646321,"circular_RNA/3",0,"+",9641928,9641928,"0,0,0",2,"110,204","0,4189",3,"circRNA","ENSMMUG00000016290","ENSMMUT00000079318","2,3","X:9596116-9641928|X:9646321-9657551",0.668392722548,31.1612788982,0.0217633907407
"863","X",9641928,9658552,"circular_RNA/4",0,"+",9641928,9641928,"0,0,0",4,"110,204,77,80","0,4189,15623,16544",4,"circRNA","ENSMMUG00000016290","ENSMMUT00000079318","2,3,4,5","X:9596116-9641928|X:9658552-9670325",0.891190296731,31.1612788982,0.0289109182743
"864","X",13395542,13417966,"circular_RNA/6",0,"+",13395542,13395542,"0,0,0",13,"99,201,69,31,105,137,174,107,120,74,92,190,131","0,1234,3565,3721,9029,10937,11395,14041,15880,17971,19759,21160,22293",6,"circRNA","ENSMMUG00000019410","ENSMMUT00000027270","2,3,4,5,6,7,8,9,10,11,12,13,14","X:13395372-13395542|X:13417966-13418512",1.3367854451,12.4989439116,0.107665799337
"865","X",13409583,13415393,"circular_RNA/3",0,"+",13409583,13409583,"0,0,0",4,"107,120,74,92","0,1839,3930,5718",3,"circRNA","ENSMMUG00000019410","ENSMMUT00000027270","9,10,11,12","X:13407111-13409583|X:13415393-13416702",0.668392722548,12.4989439116,0.0542326136676
"866","X",13675084,13680709,"circular_RNA/2",0,"-",13675084,13675084,"0,0,0",3,"457,48,171","0,1089,5454",2,"circRNA","ENSMMUG00000013595","ENSMMUT00000099568","4,3,2","X:13663976-13675084|X:13680709-13684249",0.445595148365,24.5634325536,0.0185401509281
"867","X",16505234,16506913,"circular_RNA/1",0,"+",16505234,16505234,"0,0,0",2,"304,92","0,1587",1,"circRNA","ENSMMUG00000016237","ENSMMUT00000022813","2,3","X:16475703-16505234|X:16506913-16515376",0.222797574183,8.86239239527,0.0262384218159
"868","X",18007477,18016865,"circular_RNA/4",0,"-",18007477,18007477,"0,0,0",2,"114,183","0,9205",4,"circRNA","ENSMMUG00000005084","ENSMMUT00000007173","12,11","X:18006508-18007477|X:18016865-18017896",0.891190296731,2.51442976578,0.35698766864
"869","X",23823557,23824269,"circular_RNA/2",0,"-",23823557,23823557,"0,0,0",1,"712","0",2,"circRNA","ENSMMUG00000037633","ENSMMUT00000062737","2","X:23802476-23823557|X:23824269-23844059",0.445595148365,14.3704435348,0.0316815783368
"870","X",24000803,24007517,"circular_RNA/9",0,"+",24000803,24000803,"0,0,0",3,"86,55,579","0,2684,6135",9,"circRNA","ENSMMUG00000009801","ENSMMUT00000056522","2,3,4","X:23976018-24000803|X:24007517-24035077",2.00517816764,8.65197246409,0.232646568203
"871","X",24530583,24657325,"circular_RNA/9",0,"+",24530583,24530583,"0,0,0",31,"116,97,81,116,63,93,88,202,179,113,117,75,139,155,85,62,90,117,176,130,120,100,125,150,123,33,93,206,133,132,175","0,3786,4920,13353,13937,15159,15681,16077,16367,22035,23240,24883,26415,27262,31811,33234,35354,37578,38995,40952,41569,42810,45000,47853,48413,108676,109487,111405,113718,121319,126567",9,"circRNA","ENSMMUG00000018433","ENSMMUT00000095416","2,3,4,5,6,7,8,9,10,11,12,13,14,15,16,17,18,19,20,21,22,23,24,25,26,27,28,29,30,31,32","X:24525136-24530583|X:24657325-24672325",2.00517816764,8.83763710925,0.227764559368
"872","X",40553098,40554910,"circular_RNA/5",0,"-",40553098,40553098,"0,0,0",3,"129,130,174","0,864,1638",5,"circRNA","ENSMMUG00000005264","ENSMMUT00000059747","4,3,2","X:40552470-40553098|X:40554910-40569776",1.11398787091,26.775494183,0.0419625586607
"873","X",40986384,40992356,"circular_RNA/4",0,"+",40986384,40986384,"0,0,0",3,"153,105,207","0,1922,5765",4,"circRNA","ENSMMUG00000013753","ENSMMUT00000019315","10,11,12","X:40984538-40986384|X:40992356-40994711",0.891190296731,62.3225577964,0.0144577782236
"874","X",44983017,44985638,"circular_RNA/12",0,"+",44983017,44983017,"0,0,0",3,"130,106,206","0,1688,2415",12,"circRNA","ENSMMUG00000003317","ENSMMUT00000092809","18,19,20","X:44974391-44983017|X:44985638-44988556",2.67357089019,18.1065874711,0.14812783558
"875","X",50353708,50366105,"circular_RNA/4",1,"-",50353708,50353708,"0,0,0",4,"1265,270,181,822","0,2584,6958,11575",4,"circRNA","ENSMMUG00000000378","ENSMMUT00000063090","9,8,7,6","None|X:50366105-50386101",0.891190296731,0.58484363223,1.5150036882
"876","X",53137395,53137786,"circular_RNA/6",0,"-",53137395,53137395,"0,0,0",2,"154,146","0,245",6,"circRNA","ENSMMUG00000009293","ENSMMUT00000012991","18,17","X:53136076-53137395|X:53137786-53141403",1.3367854451,15.3932869435,0.0874349384024
"877","X",53141403,53145694,"circular_RNA/2",0,"-",53141403,53141403,"0,0,0",3,"142,107,117","0,3963,4174",2,"circRNA","ENSMMUG00000009293","ENSMMUT00000012991","16,15,14","X:53137786-53141403|X:53145694-53146813",0.445595148365,15.3932869435,0.0295777875226
"878","X",53145366,53145694,"circular_RNA/5",1,"-",53145366,53145366,"0,0,0",2,"107,117","0,211",5,"circRNA","ENSMMUG00000009293","ENSMMUT00000012991","15,14","X:53141545-53145366|X:53145694-53146813",1.11398787091,15.3932869435,0.0729706506821
"879","X",53315251,53323013,"circular_RNA/2",0,"-",53315251,53315251,"0,0,0",8,"82,128,153,270,96,123,231,238","0,292,1880,3041,3893,4821,6556,7524",2,"circRNA","ENSMMUG00000006362","ENSMMUT00000008929","38,37,36,35,34,33,32,31","X:53313646-53315251|X:53323013-53323886",0.445595148365,47.127399698,0.00966525839957
"880","X",53329499,53334259,"circular_RNA/3",0,"-",53329499,53329499,"0,0,0",4,"192,95,134,246","0,2445,3289,4514",3,"circRNA","ENSMMUG00000006362","ENSMMUT00000008929","28,27,26,25","X:53324803-53329499|X:53334259-53337263",0.668392722548,47.127399698,0.0143918147139
"881","X",53344905,53346217,"circular_RNA/9",0,"-",53344905,53344905,"0,0,0",2,"212,92","0,1220",9,"circRNA","ENSMMUG00000006362","ENSMMUT00000008929","22,21","X:53338974-53344905|X:53346217-53347349",2.00517816764,47.127399698,0.0427511525997
"882","X",53375021,53383844,"circular_RNA/6",0,"-",53375021,53375021,"0,0,0",4,"153,207,99,69","0,2046,2889,8754",6,"circRNA","ENSMMUG00000006362","ENSMMUT00000008929","6,5,4,3","X:53365349-53375021|X:53383844-53410353",1.3367854451,47.127399698,0.0285714836569
"883","X",54296320,54302818,"circular_RNA/5",0,"+",54296320,54296320,"0,0,0",3,"128,220,128","0,3945,6370",5,"circRNA","ENSMMUG00000008231","ENSMMUT00000011504","14,15,16","X:54294161-54296320|X:54302818-54302916",1.11398787091,13.0422272272,0.0861146416887
"884","X",67522586,67536373,"circular_RNA/1",0,"+",67522586,67522586,"0,0,0",4,"115,177,76,100","0,12418,12831,13687",1,"circRNA","ENSMMUG00000013948","ENSMMUT00000047962","11,12,13,14","X:67499778-67522586|X:67536373-67540092",0.222797574183,3.28007539769,0.0707575195226
"885","X",68095177,68095451,"circular_RNA/2",1,"-",68095177,68095177,"0,0,0",1,"274","0",2,"ciRNA","ENSMMUG00000017795","ENSMMUT00000106990","7","X:68095096-68095451",0.445595148365,5.01294541911,0.0907027869807
"886","X",68239676,68240375,"circular_RNA/6",0,"-",68239676,68239676,"0,0,0",2,"178,295","0,404",6,"circRNA","ENSMMUG00000000667","ENSMMUT00000073727","5,4","X:68239332-68239676|X:68240375-68240826",1.3367854451,11.7114029212,0.114899680026
"887","X",68281822,68285703,"circular_RNA/2",0,"+",68281822,68281822,"0,0,0",3,"163,194,302","0,1159,3579",2,"circRNA","ENSMMUG00000020481","ENSMMUT00000094535","2,3,4","X:68273692-68281822|X:68285703-68287699",0.445595148365,117.373812944,0.00388124339241
"888","X",68361313,68368262,"circular_RNA/5",0,"+",68361313,68361313,"0,0,0",2,"117,120","0,6829",5,"circRNA","ENSMMUG00000005663","ENSMMUT00000047948","3,4","X:68360875-68361313|X:68368262-68370235",1.11398787091,10.7437941328,0.104520121645
"889","X",68374544,68380464,"circular_RNA/4",0,"+",68374544,68374544,"0,0,0",7,"177,128,108,174,174,105,201","0,717,938,1168,2383,3073,5719",4,"circRNA","ENSMMUG00000005663","ENSMMUT00000047948","9,10,11,12,13,14,15","X:68372319-68374544|X:68380464-68381227",0.891190296731,10.7437941328,0.0838020781877
"890","X",71832996,71839344,"circular_RNA/4",0,"-",71832996,71832996,"0,0,0",3,"130,4375,126","0,731,6222",4,"circRNA","ENSMMUG00000011440","ENSMMUT00000016014","3,2,1","None|None",0.891190296731,6.4611296513,0.139263211416
"891","X",74211546,74214141,"circular_RNA/3",0,"-",74211546,74211546,"0,0,0",4,"129,96,126,150","0,616,1455,2445",3,"circRNA","ENSMMUG00000022574","ENSMMUT00000031764","31,30,29,28","X:74199250-74211546|X:74214141-74248014",0.668392722548,16.3384887734,0.0414957450778
"892","X",74280689,74291316,"circular_RNA/4",0,"-",74280689,74280689,"0,0,0",5,"107,154,170,89,131","0,3770,9477,9795,10496",4,"circRNA","ENSMMUG00000022574","ENSMMUT00000031764","24,23,22,21,20","X:74264929-74280689|X:74291316-74310556",0.891190296731,16.3384887734,0.0551237676596
"893","X",74280689,74361891,"circular_RNA/3",0,"-",74280689,74280689,"0,0,0",17,"107,154,170,89,131,118,176,138,178,147,110,142,237,103,94,177,134","0,3770,9477,9795,10496,29867,32049,33629,49643,49978,51007,52381,68826,70807,73258,79692,81068",3,"circRNA","ENSMMUG00000022574","ENSMMUT00000031764","24,23,22,21,20,19,18,17,16,15,14,13,12,11,10,9,8","X:74264929-74280689|X:74361891-74373360",0.668392722548,16.3384887734,0.0414957450778
"894","X",74290166,74361891,"circular_RNA/9",0,"-",74290166,74290166,"0,0,0",15,"170,89,131,118,176,138,178,147,110,142,237,103,94,177,134","0,318,1019,20390,22572,24152,40166,40501,41530,42904,59349,61330,63781,70215,71591",9,"circRNA","ENSMMUG00000022574","ENSMMUT00000031764","22,21,20,19,18,17,16,15,14,13,12,11,10,9,8","X:74284613-74290166|X:74361891-74373360",2.00517816764,16.3384887734,0.123263880569
"895","X",74548962,74565825,"circular_RNA/2",0,"-",74548962,74548962,"0,0,0",4,"90,141,141,118","0,1235,2168,16745",2,"circRNA","ENSMMUG00000014407","ENSMMUT00000061255","6,5,4,3","X:74547429-74548962|X:74565825-74570371",0.445595148365,11.2141445672,0.0405906343808
"896","X",74714321,74719719,"circular_RNA/15",1,"+",74714321,74714321,"0,0,0",3,"92,128,155","0,1098,5243",15,"circRNA","ENSMMUG00000012871","ENSMMUT00000018060","11,12,13","X:74712786-74714321|X:74719719-74720259",3.34196361274,5.59221911199,0.598327831478
"897","X",77443876,77452053,"circular_RNA/8",0,"-",77443876,77443876,"0,0,0",4,"125,108,114,169","0,3231,6790,8008",8,"circRNA","ENSMMUG00000010763","ENSMMUT00000047921","27,26,25,24","X:77442821-77443876|X:77452053-77454562",1.78238059346,6.34973086421,0.281832774331
"898","X",82799111,82806962,"circular_RNA/3",0,"-",82799111,82799111,"0,0,0",4,"226,121,117,388","0,1672,2683,7463",3,"circRNA","ENSMMUG00000016776","ENSMMUT00000023568","8,7,6,5","X:82749029-82799111|X:82806962-82819712",0.668392722548,13.367854451,0.0507101288202
"899","X",82799111,82822742,"circular_RNA/2",0,"-",82799111,82799111,"0,0,0",6,"226,121,117,388,125,73","0,1672,2683,7463,20601,23558",2,"circRNA","ENSMMUG00000016776","ENSMMUT00000023568","8,7,6,5,4,3","X:82749029-82799111|X:82822742-82872406",0.445595148365,13.367854451,0.0340559205539
"900","X",104584287,104598330,"circular_RNA/22",0,"+",104584287,104584287,"0,0,0",2,"716,96","0,13947",22,"circRNA","ENSMMUG00000005632","ENSMMUT00000086839","2,3","X:104569429-104584287|X:104598330-104642090",4.90154663202,11.4183756769,0.429767691479
"901","X",106408864,106432434,"circular_RNA/1",0,"-",106408864,106408864,"0,0,0",13,"158,115,192,75,173,140,72,124,151,139,110,178,240","0,2128,3835,6049,8823,9704,14332,18177,18454,21193,21456,22913,23330",1,"circRNA","ENSMMUG00000004188","ENSMMUT00000086255","15,14,13,12,11,10,9,8,7,6,5,4,3","X:106401499-106408864|X:106432434-106445239",0.222797574183,41.6631463722,0.00558627304269
"902","X",106927534,106929566,"circular_RNA/10",0,"+",106927534,106927534,"0,0,0",2,"101,209","0,1823",10,"circRNA","ENSMMUG00000022822","ENSMMUT00000067817","7,8","X:106899598-106927534|None",2.22797574183,13.1450568768,0.170122848026
"903","X",109492625,109504409,"circular_RNA/1",0,"-",109492625,109492625,"0,0,0",4,"146,93,145,517","0,5471,6833,11267",1,"circRNA","ENSMMUG00000007688","ENSMMUT00000047838","7,6,5,4","X:109479587-109492625|X:109504409-109510841",0.222797574183,8.94903589634,0.0259846680911
"904","X",116648643,116662876,"circular_RNA/3",0,"-",116648643,116648643,"0,0,0",7,"165,64,123,185,159,214,119","0,909,4599,5827,6970,12814,14114",3,"circRNA","ENSMMUG00000001484","ENSMMUT00000002095","8,7,6,5,4,3,2","X:116646158-116648643|X:116662876-116675379",0.668392722548,35.6476118692,0.0190251866849
"905","X",116735786,116745367,"circular_RNA/1",0,"-",116735786,116735786,"0,0,0",8,"153,173,106,114,108,86,111,105","0,2315,4380,5712,6812,8017,8552,9476",1,"circRNA","ENSMMUG00000009037","ENSMMUT00000083639","19,18,17,16,15,14,13,12","X:116732526-116735786|X:116745367-116746359",0.222797574183,64.716832206,0.00359661621385
"906","X",126470631,126493556,"circular_RNA/8",0,"-",126470631,126470631,"0,0,0",9,"141,311,132,147,101,158,224,107,171","0,1236,6129,12473,13387,14680,16191,22502,22754",8,"circRNA","ENSMMUG00000015609","ENSMMUT00000021894","15,14,13,12,11,10,9,8,7","X:126465165-126470631|X:126493556-126496794",1.78238059346,6.38686379324,0.280196773199
"907","X",126471867,126496906,"circular_RNA/5",0,"-",126471867,126471867,"0,0,0",9,"311,132,147,101,158,224,107,171,112","0,4893,11237,12151,13444,14955,21266,21518,24927",5,"circRNA","ENSMMUG00000015609","ENSMMUT00000021894","14,13,12,11,10,9,8,7,6","X:126470772-126471867|X:126496906-126500919",1.11398787091,6.38686379324,0.175709208018
"908","X",130674287,130677953,"circular_RNA/2",0,"+",130674287,130674287,"0,0,0",4,"167,144,105,134","0,330,1525,3532",2,"circRNA","ENSMMUG00000007997","ENSMMUT00000011185","6,7,8,9","X:130654280-130674287|X:130677953-130686831",0.445595148365,19.1605913797,0.0237653152864
"909","X",131823041,131829963,"circular_RNA/4",1,"+",131823041,131823041,"0,0,0",6,"150,90,184,129,164,153","0,960,1279,1722,4200,6769",4,"circRNA","ENSMMUG00000017881","ENSMMUT00000025127","3,4,5,6,7,8","X:131798571-131823041|X:131829963-131833956",0.891190296731,8.42579916909,0.106829273512
"910","X",131823041,131834089,"circular_RNA/15",0,"+",131823041,131823041,"0,0,0",7,"150,90,184,129,164,153,133","0,960,1279,1722,4200,6769,10915",15,"circRNA","ENSMMUG00000017881","ENSMMUT00000025127","3,4,5,6,7,8,9","X:131798571-131823041|X:131834089-131847371",3.34196361274,8.42579916909,0.397349859279
"911","X",144670417,144680873,"circular_RNA/2",0,"+",144670417,144670417,"0,0,0",2,"121,861","0,9595",2,"circRNA","ENSMMUG00000000466","ENSMMUT00000000689","2,3","X:144523863-144670417|X:144680873-144833715",0.445595148365,0.797380791812,0.564287821788
"912","X",144680012,144680873,"circular_RNA/66",0,"+",144680012,144680012,"0,0,0",1,"861","0",66,"circRNA","ENSMMUG00000000466","ENSMMUT00000000689","3","X:144670538-144680012|X:144680873-144833715",14.7046398961,0.797380791812,18.2251547787
"913","X",149758091,149758315,"circular_RNA/1",1,"+",149758091,149758091,"0,0,0",1,"224","0",1,"circRNA","ENSMMUG00000003368","ENSMMUT00000004765","24","X:149758018-149758091|X:149758315-149758436",0.222797574183,1.75055236858,0.132229849187
"914","X",151472434,151482797,"circular_RNA/3",0,"-",151472434,151472434,"0,0,0",4,"237,120,280,177","0,3900,5763,10186",3,"circRNA","ENSMMUG00000009481","ENSMMUT00000013234","6,5,4,3","X:151460325-151472434|X:151482797-151503616",0.668392722548,14.5773269965,0.0465056224976
"915","3",2629447,2649968,"circular_RNA/2",0,"-",2629447,2629447,"0,0,0",10,"178,171,127,101,230,159,142,515,113,141","0,4237,6440,8563,10177,11139,13827,15111,19953,20380",2,"circRNA","ENSMMUG00000005269","ENSMMUT00000007415","21,20,19,18,17,16,15,14,13,12","3:2624734-2629447|3:2649968-2651724",0.445595148365,18.3605455451,0.0248003058617
"916","3",4767962,4779068,"circular_RNA/1",1,"+",4767962,4767962,"0,0,0",6,"109,65,125,175,114,128","0,2921,4660,5269,6598,10978",1,"circRNA","ENSMMUG00000007030","ENSMMUT00000009628","7,8,9,10,11,12","3:4766076-4767962|3:4779068-4781272",0.222797574183,2.5364646907,0.0914199105266
"917","3",7404956,7430047,"circular_RNA/2",0,"+",7404956,7404956,"0,0,0",11,"125,83,112,62,121,126,73,42,144,153,167","0,851,4209,4939,11649,14433,16230,17117,19972,20753,24924",2,"circRNA","ENSMMUG00000008504","ENSMMUT00000082807","26,27,28,29,30,31,32,33,34,35,36","3:7401926-7404956|3:7430047-7433363",0.445595148365,23.8950398311,0.0190585396044
"918","3",7416225,7419515,"circular_RNA/2",0,"+",7416225,7416225,"0,0,0",3,"156,121,126","0,380,3164",2,"circRNA","ENSMMUG00000008504","ENSMMUT00000011888","30,31,32","3:7409957-7416225|3:7419515-7421186",0.445595148365,23.8950398311,0.0190585396044
"919","3",9142764,9164441,"circular_RNA/6",0,"-",9142764,9142764,"0,0,0",7,"141,147,287,148,189,93,197","0,2556,5232,9072,13816,15977,21480",6,"circRNA","ENSMMUG00000018131","ENSMMUT00000025478","8,7,6,5,4,3,2","3:9133511-9142764|3:9164441-9216698",1.3367854451,45.3950057397,0.0296616071986
"920","3",9164244,9216784,"circular_RNA/2",0,"-",9164244,9164244,"0,0,0",2,"197,86","0,52454",2,"circRNA","ENSMMUG00000018131","ENSMMUT00000025478","2,1","3:9158834-9164244|None",0.445595148365,45.3950057397,0.0100340290887
"921","3",9481643,9503775,"circular_RNA/10",0,"-",9481643,9481643,"0,0,0",10,"113,81,135,85,61,64,124,46,163,55","0,1954,5107,7897,11920,14832,16551,18262,19275,22077",10,"circRNA","ENSMMUG00000017505","ENSMMUT00000024613","19,18,17,16,15,14,13,12,11,10","3:9477458-9481643|3:9503775-9515561",2.22797574183,41.0670123223,0.054482437142
"922","3",9486750,9503775,"circular_RNA/7",0,"-",9486750,9486750,"0,0,0",8,"135,85,61,64,124,46,163,55","0,2790,6813,9725,11444,13155,14168,16970",7,"circRNA","ENSMMUG00000017505","ENSMMUT00000024613","17,16,15,14,13,12,11,10","3:9483678-9486750|3:9503775-9515561",1.55958301928,41.0670123223,0.0382107395486
"923","3",10239127,10241250,"circular_RNA/11",0,"-",10239127,10239127,"0,0,0",2,"167,46","0,2077",11,"circRNA","ENSMMUG00000020043","ENSMMUT00000106489","14,13","3:10234083-10239127|3:10241250-10243190",2.45077331601,25.2618172573,0.0973722344917
"924","3",10258351,10263813,"circular_RNA/20",0,"-",10258351,10258351,"0,0,0",3,"129,148,143","0,3059,5319",20,"circRNA","ENSMMUG00000020043","ENSMMUT00000028179","7,6,5","3:10258142-10258351|3:10263813-10264940",4.45595148365,25.2618172573,0.176716673684
"925","3",10336933,10337202,"circular_RNA/5",0,"-",10336933,10336933,"0,0,0",2,"67,105","0,164",5,"circRNA","ENSMMUG00000010336","ENSMMUT00000101483","27,26","3:10330555-10336933|3:10337202-10339626",1.11398787091,25.8940291772,0.0433904649822
"926","3",12969202,12973173,"circular_RNA/3",0,"+",12969202,12969202,"0,0,0",5,"179,82,105,199,213","0,1102,1296,1848,3758",3,"circRNA","ENSMMUG00000003701","ENSMMUT00000005239","5,6,7,8,9","3:12968291-12969202|3:12973173-12974061",0.668392722548,178.163793488,0.00380747757158
"927","3",13012302,13020624,"circular_RNA/5",0,"+",13012302,13012302,"0,0,0",6,"186,96,175,112,69,126","0,4114,4679,6617,7519,8196",5,"circRNA","ENSMMUG00000022702","ENSMMUT00000100376","2,3,4,5,6,7","3:13009607-13012302|3:13020624-13022337",1.11398787091,26.0394664826,0.0431482107958
"928","3",13112403,13132467,"circular_RNA/7",0,"-",13112403,13112403,"0,0,0",5,"158,160,149,206,133","0,536,5658,13274,19931",7,"circRNA","ENSMMUG00000005508","ENSMMUT00000088108","6,5,4,3,2","3:13108749-13112403|3:13132467-13144287",1.55958301928,58.0387680746,0.0270390409881
"929","3",15231117,15242042,"circular_RNA/4",0,"+",15231117,15231117,"0,0,0",2,"175,974","0,9951",4,"circRNA","ENSMMUG00000019571","ENSMMUT00000069284","3,4","3:15168318-15231117|3:15242042-15255976",0.891190296731,3.31625620033,0.27093231623
"930","3",17339307,17343932,"circular_RNA/1",0,"-",17339307,17339307,"0,0,0",2,"207,1335","0,3290",1,"circRNA","ENSMMUG00000011095","ENSMMUT00000107435","4,3","3:17326639-17339307|3:17343932-17348090",0.222797574183,30.3561694824,0.00766634640296
"931","3",17339307,17348384,"circular_RNA/2",0,"-",17339307,17339307,"0,0,0",3,"207,1335,294","0,3290,8783",2,"circRNA","ENSMMUG00000011095","ENSMMUT00000107435","4,3,2","3:17326639-17339307|3:17348384-17370833",0.445595148365,30.3561694824,0.0150033789619
"932","3",20663796,20689323,"circular_RNA/5",0,"+",20663796,20663796,"0,0,0",5,"168,57,134,75,159","0,2777,18010,24569,25368",5,"circRNA","ENSMMUG00000014384","ENSMMUT00000056454","7,8,9,10,11","3:20641905-20663796|3:20689323-20711255",1.11398787091,101.614260292,0.0110602317565
"933","3",20681806,20689323,"circular_RNA/1",0,"+",20681806,20681806,"0,0,0",3,"134,75,159","0,6559,7358",1,"circRNA","ENSMMUG00000014384","ENSMMUT00000056454","9,10,11","3:20666630-20681806|3:20689323-20711255",0.222797574183,101.614260292,0.00229076771151
"934","3",20681806,20711355,"circular_RNA/4",0,"+",20681806,20681806,"0,0,0",4,"134,75,159,100","0,6559,7358,29449",4,"circRNA","ENSMMUG00000014384","ENSMMUT00000056454","9,10,11,12","3:20666630-20681806|3:20711355-20750439",0.891190296731,101.614260292,0.00886786574526
"935","3",30974339,30983583,"circular_RNA/4",0,"-",30974339,30974339,"0,0,0",4,"124,80,79,179","0,3314,7199,9065",4,"circRNA","ENSMMUG00000018743","ENSMMUT00000026355","22,21,20,19","3:30971087-30974339|3:30983583-31004458",0.891190296731,30.3004700888,0.0297319802065
"936","3",31004458,31037337,"circular_RNA/4",0,"-",31004458,31004458,"0,0,0",12,"143,201,229,71,227,162,96,128,149,74,77,138","0,8094,9993,11084,14754,15595,16894,17730,23074,26593,28891,32741",4,"circRNA","ENSMMUG00000018743","ENSMMUT00000026355","18,17,16,15,14,13,12,11,10,9,8,7","3:30983583-31004458|3:31037337-31044027",0.891190296731,30.3004700888,0.0297319802065
"937","3",31022188,31031125,"circular_RNA/1",0,"-",31022188,31022188,"0,0,0",3,"128,149,74","0,5344,8863",1,"circRNA","ENSMMUG00000018743","ENSMMUT00000026355","11,10,9","3:31021448-31022188|3:31031125-31033349",0.222797574183,30.3004700888,0.00768043430211
"938","3",31031051,31037337,"circular_RNA/3",0,"-",31031051,31031051,"0,0,0",3,"74,77,138","0,2298,6148",3,"circRNA","ENSMMUG00000018743","ENSMMUT00000026355","9,8,7","3:31027681-31031051|3:31037337-31044027",0.668392722548,30.3004700888,0.022381464905
"939","3",31033349,31081045,"circular_RNA/4",0,"-",31033349,31033349,"0,0,0",7,"77,138,87,163,124,145,78","0,3850,10678,18912,32403,44193,47618",4,"circRNA","ENSMMUG00000018743","ENSMMUT00000026355","8,7,6,5,4,3,2","3:31031125-31033349|3:31081045-31112784",0.891190296731,30.3004700888,0.0297319802065
"940","3",31044027,31081045,"circular_RNA/6",0,"-",31044027,31044027,"0,0,0",5,"87,163,124,145,78","0,8234,21725,33515,36940",6,"circRNA","ENSMMUG00000018743","ENSMMUT00000026355","6,5,4,3,2","3:31037337-31044027|3:31081045-31112784",1.3367854451,30.3004700888,0.0444330108096
"941","3",31052261,31081045,"circular_RNA/8",0,"-",31052261,31052261,"0,0,0",4,"163,124,145,78","0,13491,25281,28706",8,"circRNA","ENSMMUG00000018743","ENSMMUT00000026355","5,4,3,2","3:31044114-31052261|3:31081045-31112784",1.78238059346,30.3004700888,0.0591340414124
"942","3",31077542,31081045,"circular_RNA/47",0,"-",31077542,31077542,"0,0,0",2,"145,78","0,3425",47,"circRNA","ENSMMUG00000018743","ENSMMUT00000026355","3,2","3:31065876-31077542|3:31081045-31112784",10.4714859866,30.3004700888,0.34580413817
"943","3",33993060,33999946,"circular_RNA/5",0,"-",33993060,33993060,"0,0,0",2,"83,92","0,6794",5,"circRNA","ENSMMUG00000017064","ENSMMUT00000091462","4,3","3:33979713-33993060|3:33999946-34011461",1.11398787091,5.05007834814,0.222128550899
"944","3",35067112,35101062,"circular_RNA/2",1,"-",35067112,35067112,"0,0,0",3,"89,57,141","0,20942,33809",2,"circRNA","ENSMMUG00000011659","ENSMMUT00000068581","12,11,10","3:35044962-35067112|3:35101062-35156427",0.445595148365,3.3837381579,0.13424581602
"945","3",35359261,35372450,"circular_RNA/1",0,"-",35359261,35359261,"0,0,0",6,"133,161,81,122,118,206","0,1396,4322,7466,11019,12983",1,"circRNA","ENSMMUG00000022074","ENSMMUT00000065154","7,6,5,4,3,2","3:35353402-35359261|3:35372450-35406951",0.222797574183,22.8367513537,0.0101895263173
"946","3",38462734,38464972,"circular_RNA/4",1,"-",38462734,38462734,"0,0,0",1,"2238","0",4,"ciRNA","ENSMMUG00000008220","ENSMMUT00000011491","14","3:38462734-38464972",0.891190296731,16.3054817254,0.0552352858407
"947","3",38873507,38875543,"circular_RNA/8",0,"-",38873507,38873507,"0,0,0",2,"77,669","0,1367",8,"circRNA","ENSMMUG00000000182","ENSMMUT00000105492","5,4","3:38865922-38873507|3:38875543-38887019",1.78238059346,24.7899434207,0.0722735759132
"948","3",39295337,39302748,"circular_RNA/5",0,"-",39295337,39295337,"0,0,0",6,"245,126,179,74,124,180","0,1838,3033,3620,4625,7231",5,"circRNA","ENSMMUG00000015545","ENSMMUT00000107185","7,6,5,4,3,2","3:39291684-39295337|3:39302748-39303590",1.11398787091,3.45336239983,0.324536603783
"949","3",39741396,39742174,"circular_RNA/10",0,"+",39741396,39741396,"0,0,0",3,"113,149,112","0,332,666",10,"circRNA","ENSMMUG00000003167","ENSMMUT00000004485","7,8,9","3:39738670-39741396|3:39742174-39746934",2.22797574183,9.92461921359,0.225270409838
"950","3",39755822,39766070,"circular_RNA/4",0,"-",39755822,39755822,"0,0,0",5,"302,1443,95,720,154","0,1879,7505,7709,10094",4,"circRNA","ENSMMUG00000020321","ENSMMUT00000099840","14,13,12,11,10","3:39753258-39755822|3:39766070-39767573",0.891190296731,6.72848674032,0.133737785865
"951","3",39938912,39944460,"circular_RNA/3",0,"+",39938912,39938912,"0,0,0",2,"85,862","0,4686",3,"circRNA","ENSMMUG00000030421","ENSMMUT00000017405","9,10","3:39935461-39938912|3:39944460-39948577",0.668392722548,4.41139196882,0.153434196138
"952","3",39952907,39953980,"circular_RNA/4",0,"+",39952907,39952907,"0,0,0",2,"101,170","0,903",4,"circRNA","ENSMMUG00000030421","ENSMMUT00000017405","12,13","3:39948745-39952907|3:39953980-39957919",0.891190296731,4.41139196882,0.203825017797
"953","3",40207518,40225769,"circular_RNA/12",0,"+",40207518,40207518,"0,0,0",4,"128,145,74,119","0,4212,14747,18132",12,"circRNA","ENSMMUG00000015477","ENSMMUT00000089383","2,3,4,5","3:40172298-40207518|3:40225769-40229967",2.67357089019,7.82267038241,0.34261251389
"954","3",40207518,40230055,"circular_RNA/10",0,"+",40207518,40207518,"0,0,0",5,"128,145,74,119,88","0,4212,14747,18132,22449",10,"circRNA","ENSMMUG00000015477","ENSMMUT00000089383","2,3,4,5,6","3:40172298-40207518|3:40230055-40242707",2.22797574183,7.82267038241,0.285723212208
"955","3",41065516,41070508,"circular_RNA/8",0,"+",41065516,41065516,"0,0,0",5,"200,122,214,180,147","0,1321,1756,3310,4845",8,"circRNA","ENSMMUG00000023318","ENSMMUT00000083022","47,48,49,50,51","3:41064594-41065516|3:41070508-41074646",1.78238059346,24.1600339155,0.0741571401896
"956","3",41066837,41070508,"circular_RNA/21",0,"+",41066837,41066837,"0,0,0",4,"122,214,180,147","0,435,1989,3524",21,"circRNA","ENSMMUG00000023318","ENSMMUT00000083022","48,49,50,51","3:41065716-41066837|3:41070508-41074646",4.67874905784,24.1600339155,0.193990172882
"957","3",41447689,41453150,"circular_RNA/2",0,"+",41447689,41447689,"0,0,0",2,"93,105","0,5356",2,"circRNA","ENSMMUG00000001458","ENSMMUT00000095343","3,4","3:41442481-41447689|3:41453150-41459176",0.445595148365,146.774090814,0.00310384555873
"958","3",41517694,41519247,"circular_RNA/3",0,"-",41517694,41517694,"0,0,0",2,"108,92","0,1461",3,"circRNA","ENSMMUG00000001460","ENSMMUT00000002059","3,2","3:41514892-41517694|3:41519247-41522144",0.668392722548,85.5542684862,0.00792845815841
"959","3",42285489,42285773,"circular_RNA/2",0,"+",42285489,42285489,"0,0,0",2,"111,81","0,203",2,"circRNA","ENSMMUG00000013447","ENSMMUT00000018873","5,6","3:42285055-42285489|3:42285773-42286444",0.445595148365,5.92004982828,0.0768282158764
"960","3",44380217,44380520,"circular_RNA/16",0,"+",44380217,44380217,"0,0,0",1,"303","0",16,"circRNA","ENSMMUG00000021461","ENSMMUT00000011402","21","3:44358606-44380217|3:44380520-44386628",3.56476118692,27.2661793166,0.131057988196
"961","3",44727295,44756358,"circular_RNA/9",0,"-",44727295,44727295,"0,0,0",4,"101,640,357,173","0,9168,11532,28890",9,"circRNA","ENSMMUG00000017570","ENSMMUT00000090271","5,4,3,2","3:44716541-44727295|3:44756358-44758046",2.00517816764,5.85639337852,0.343512280479
"962","3",45542271,45555050,"circular_RNA/4",1,"+",45542271,45542271,"0,0,0",6,"141,58,76,141,98,73","0,5504,10866,11054,11940,12706",4,"circRNA","ENSMMUG00000005229","ENSMMUT00000042384","8,9,10,11,12,13","3:45534022-45542271|3:45555050-45556415",0.891190296731,18.573891101,0.0484930896244
"963","3",45812658,45835419,"circular_RNA/5",0,"-",45812658,45812658,"0,0,0",5,"134,139,1702,198,122","0,1418,7841,19569,22639",5,"circRNA","ENSMMUG00000014270","ENSMMUT00000085832","9,8,7,6,5","3:45809511-45812658|3:45835419-45842652",1.11398787091,33.894937619,0.0331511558446
"964","3",45814076,45832425,"circular_RNA/5",0,"-",45814076,45814076,"0,0,0",3,"139,1702,198","0,6423,18151",5,"circRNA","ENSMMUG00000014270","ENSMMUT00000085832","8,7,6","3:45812792-45814076|3:45832425-45835297",1.11398787091,33.894937619,0.0331511558446
"965","3",45814076,45835419,"circular_RNA/4",0,"-",45814076,45814076,"0,0,0",4,"139,1702,198,122","0,6423,18151,21221",4,"circRNA","ENSMMUG00000014270","ENSMMUT00000085832","8,7,6,5","3:45812792-45814076|3:45835419-45842652",0.891190296731,33.894937619,0.0265799131341
"966","3",45820499,45822201,"circular_RNA/3",0,"-",45820499,45820499,"0,0,0",1,"1702","0",3,"circRNA","ENSMMUG00000014270","ENSMMUT00000085832","7","3:45814215-45820499|3:45822201-45832227",0.668392722548,33.894937619,0.0200086704235
"967","3",46725661,46728709,"circular_RNA/3",1,"+",46725661,46725661,"0,0,0",3,"214,198,104","0,883,2944",3,"circRNA","ENSMMUG00000048526","ENSMMUT00000073826","5,6,7","3:46723275-46725661|3:46728709-46731222",0.668392722548,3.92680724497,0.172320532943
"968","3",47294611,47296086,"circular_RNA/3",0,"-",47294611,47294611,"0,0,0",2,"111,124","0,1351",3,"circRNA","ENSMMUG00000014804","ENSMMUT00000076480","6,5","3:47293196-47294611|3:47296086-47296924",0.668392722548,6.96242419321,0.0972965361472
"969","3",50932800,50941283,"circular_RNA/2",0,"+",50932800,50932800,"0,0,0",5,"472,254,221,45,96","0,1885,3244,5156,8387",2,"circRNA","ENSMMUG00000017675","ENSMMUT00000024846","6,7,8,9,10","3:50868685-50932800|3:50941283-50943768",0.445595148365,22.0045368855,0.0206951956671
"970","3",51505575,51598890,"circular_RNA/2",0,"+",51505575,51505575,"0,0,0",4,"184,167,175,198","0,59570,88028,93117",2,"circRNA","ENSMMUG00000022555","ENSMMUT00000031733","2,3,4,5","3:51299422-51505575|3:51598890-51759993",0.445595148365,2.62901137536,0.172638569359
"971","3",53071344,53074450,"circular_RNA/4",0,"-",53071344,53071344,"0,0,0",2,"286,177","0,2929",4,"circRNA","ENSMMUG00000015843","ENSMMUT00000067097","3,2","3:53068094-53071344|3:53074450-53095807",0.891190296731,37.4671253917,0.0240464093047
"972","3",53188442,53194525,"circular_RNA/3",0,"-",53188442,53188442,"0,0,0",2,"257,92","0,5991",3,"circRNA","ENSMMUG00000041473","ENSMMUT00000059459","8,7","3:53184940-53188442|3:53194525-53196366",0.668392722548,4.95724602556,0.13657320758
"973","3",59073513,59080052,"circular_RNA/6",0,"+",59073513,59073513,"0,0,0",9,"135,174,104,111,160,83,97,148,134","0,1255,1937,3627,3999,4257,5186,5860,6405",6,"circRNA","ENSMMUG00000015272","ENSMMUT00000021412","3,4,5,6,7,8,9,10,11","3:59071655-59073513|3:59080052-59080875",1.3367854451,119.86509491,0.0112349061839
"974","3",64249053,64265416,"circular_RNA/4",0,"+",64249053,64249053,"0,0,0",3,"310,98,1880","0,13122,14483",4,"circRNA","ENSMMUG00000000246","ENSMMUT00000000362","9,10,11","3:64207547-64249053|3:64265416-64266512",0.891190296731,17.5402453857,0.051349156489
"975","3",64533492,64557201,"circular_RNA/16",0,"+",64533492,64533492,"0,0,0",2,"170,97","0,23612",16,"circRNA","ENSMMUG00000019992","ENSMMUT00000042308","1,2","None|3:64557201-64586147",3.56476118692,14.1476459606,0.252496862605
"976","3",64533492,64587651,"circular_RNA/5",0,"+",64533492,64533492,"0,0,0",4,"170,97,65,88","0,23612,52655,54071",5,"circRNA","ENSMMUG00000019992","ENSMMUT00000042308","1,2,3,4","None|3:64587651-64616669",1.11398787091,14.1476459606,0.0793908728921
"977","3",64533492,64621625,"circular_RNA/6",0,"+",64533492,64533492,"0,0,0",3,"170,220,142","0,83177,87991",6,"circRNA","ENSMMUG00000019992","ENSMMUT00000028098","2,3,4","3:64498003-64533492|3:64621625-64662784",1.3367854451,14.1476459606,0.0951277810483
"978","3",64616669,64621625,"circular_RNA/2",0,"+",64616669,64616669,"0,0,0",2,"220,142","0,4814",2,"circRNA","ENSMMUG00000019992","ENSMMUT00000028098","3,4","3:64533662-64616669|3:64621625-64662784",0.445595148365,14.1476459606,0.0321801484253
"979","3",68007555,68008812,"circular_RNA/1",0,"+",68007555,68007555,"0,0,0",1,"1257","0",1,"circRNA","ENSMMUG00000019393","ENSMMUT00000053306","17","3:67979872-68007555|3:68008812-68030916",0.222797574183,56.3359580433,0.00413157540074
"980","3",75192015,75264310,"circular_RNA/6",0,"-",75192015,75192015,"0,0,0",8,"78,102,57,190,171,140,171,660","0,173,15794,17646,58046,60559,62390,71635",6,"circRNA","ENSMMUG00000018064","ENSMMUT00000025375","9,8,7,6,5,4,3,2","3:75176790-75192015|3:75264310-75292827",1.3367854451,31.5258567469,0.0427064803062
"981","3",75250061,75254576,"circular_RNA/5",0,"-",75250061,75250061,"0,0,0",3,"171,140,171","0,2513,4344",5,"circRNA","ENSMMUG00000018064","ENSMMUT00000025375","5,4,3","3:75209851-75250061|3:75254576-75263650",1.11398787091,31.5258567469,0.0356415834817
"982","3",75250061,75264310,"circular_RNA/16",0,"-",75250061,75250061,"0,0,0",4,"171,140,171,660","0,2513,4344,13589",16,"circRNA","ENSMMUG00000018064","ENSMMUT00000025375","5,4,3,2","3:75209851-75250061|3:75264310-75292827",3.56476118692,31.5258567469,0.113355448549
"983","3",77448531,77449366,"circular_RNA/2",0,"-",77448531,77448531,"0,0,0",2,"122,99","0,736",2,"circRNA","ENSMMUG00000040368","ENSMMUT00000103639","4,3","3:77437937-77448531|3:77449366-77477150",0.445595148365,1.55958301928,0.29026508491
"984","3",79398433,79404074,"circular_RNA/74",0,"+",79398433,79398433,"0,0,0",3,"78,114,155","0,2791,5486",74,"circRNA","ENSMMUG00000001350","ENSMMUT00000001908","2,3,4","3:79324177-79398433|3:79404074-79427197",16.4870204895,14.4075764638,1.14422979
"985","3",81903196,81931943,"circular_RNA/2",0,"-",81903196,81903196,"0,0,0",4,"114,65,151,123","0,19401,22229,28624",2,"circRNA","ENSMMUG00000002886","ENSMMUT00000004087","5,4,3,2","3:81820968-81903196|3:81931943-81947729",0.445595148365,4.99703130667,0.0909910724461
"986","3",83238498,83245964,"circular_RNA/1",0,"+",83238498,83238498,"0,0,0",4,"114,183,67,117","0,1694,2835,7349",1,"circRNA","ENSMMUG00000001625","ENSMMUT00000002306","4,5,6,7","3:82961959-83238498|3:83245964-83255125",0.222797574183,2.26510867086,0.102323716297
"987","3",87269816,87353440,"circular_RNA/4",0,"-",87269816,87269816,"0,0,0",17,"156,83,149,46,72,126,104,124,147,225,186,91,149,159,188,103,169","0,758,11854,12498,25843,29216,33089,34852,36063,37047,41970,44099,44277,60152,63917,73352,83455",4,"circRNA","ENSMMUG00000022454","ENSMMUT00000075860","17,16,15,14,13,12,11,10,9,8,7,6,5,4,3,2,1","3:87269517-87269816|None",0.891190296731,144.886976318,0.00621952451757
"988","3",87313915,87314242,"circular_RNA/10",0,"-",87313915,87313915,"0,0,0",2,"91,149","0,178",10,"circRNA","ENSMMUG00000022454","ENSMMUT00000080016","7,6","3:87311972-87313915|3:87314242-87329968",2.22797574183,144.886976318,0.015445289465
"989","3",87329968,87353440,"circular_RNA/37",0,"-",87329968,87329968,"0,0,0",4,"159,188,103,169","0,3765,13200,23303",37,"circRNA","ENSMMUG00000022454","ENSMMUT00000080016","5,4,3,2","3:87314242-87329968|3:87353440-87360046",8.24351024476,144.886976318,0.0569612317282
"990","3",87343168,87353440,"circular_RNA/6",0,"-",87343168,87343168,"0,0,0",2,"103,169","0,10103",6,"circRNA","ENSMMUG00000022454","ENSMMUT00000080016","3,2","3:87333921-87343168|3:87353440-87360046",1.3367854451,144.886976318,0.00929477950005
"991","3",87470819,87473861,"circular_RNA/2",0,"+",87470819,87470819,"0,0,0",2,"110,122","0,2920",2,"circRNA","ENSMMUG00000023134","ENSMMUT00000042179","3,4","3:87453610-87470819|3:87473861-87563855",0.445595148365,46.703941488,0.00975287320771
"992","3",90303695,90311648,"circular_RNA/2",1,"+",90303695,90303695,"0,0,0",3,"135,94,251","0,1641,7702",2,"circRNA","ENSMMUG00000016939","ENSMMUT00000023798","12,13,14","3:90297374-90303695|3:90311648-90315565",0.445595148365,3.21942494694,0.141076246035
"993","3",90475982,90513384,"circular_RNA/1",0,"-",90475982,90475982,"0,0,0",8,"162,69,100,132,228,153,153,119","0,2565,2964,4938,17892,18834,24010,37283",1,"circRNA","ENSMMUG00000016936","ENSMMUT00000023793","9,8,7,6,5,4,3,2","3:90467518-90475982|3:90513384-90561726",0.222797574183,4.84078365724,0.0479917453823
"994","3",91493232,91493615,"circular_RNA/18",0,"-",91493232,91493232,"0,0,0",1,"383","0",18,"circRNA","ENSMMUG00000014987","ENSMMUT00000021012","3","3:91467910-91493232|3:91493615-91506530",4.01035633529,8.76337125119,0.458245322144
"995","3",91831121,91835061,"circular_RNA/2",0,"-",91831121,91831121,"0,0,0",2,"94,209","0,3731",2,"circRNA","ENSMMUG00000012648","ENSMMUT00000017739","10,9","3:91830721-91831121|3:91835061-91837018",0.445595148365,459.809633598,0.000990812734115
"996","3",91976987,91997193,"circular_RNA/10",0,"-",91976987,91976987,"0,0,0",5,"175,176,125,94,103","0,3427,18826,19220,20103",10,"circRNA","ENSMMUG00000001562","ENSMMUT00000002209","6,5,4,3,2","3:91968837-91976987|3:91997193-92014376",2.22797574183,6.57252843839,0.339987250002
"997","3",92125654,92157058,"circular_RNA/8",1,"+",92125654,92125654,"0,0,0",9,"79,102,180,81,116,96,117,88,160","0,7379,13299,14327,14933,15436,27128,30343,31244",8,"circRNA","ENSMMUG00000000517","ENSMMUT00000000759","2,3,4,5,6,7,8,9,10","3:92102881-92125654|3:92157058-92170397",1.78238059346,2.52503917407,0.707042562416
"998","3",94667205,94681188,"circular_RNA/7",0,"-",94667205,94667205,"0,0,0",3,"166,247,175","0,1534,13808",7,"circRNA","ENSMMUG00000006898","ENSMMUT00000086486","5,4,3","3:94666261-94667205|3:94681188-94684513",1.55958301928,19.07957408,0.0822220031051
"999","3",97142128,97149131,"circular_RNA/16",0,"+",97142128,97142128,"0,0,0",4,"113,103,90,122","0,3950,5739,6881",16,"circRNA","ENSMMUG00000021915","ENSMMUT00000098686","2,3,4,5","3:97098706-97142128|3:97149131-97163951",3.56476118692,14.7046398961,0.242939087342
"1000","3",97142128,97171788,"circular_RNA/3",0,"+",97142128,97142128,"0,0,0",8,"113,103,90,122,122,96,89,84","0,3950,5739,6881,21823,22038,24345,29576",3,"circRNA","ENSMMUG00000021915","ENSMMUT00000098686","2,3,4,5,6,7,8,9","3:97098706-97142128|3:97171788-97187390",0.668392722548,14.7046398961,0.0461032500515
"1001","3",97163951,97204099,"circular_RNA/5",0,"+",97163951,97163951,"0,0,0",10,"122,96,89,84,139,89,100,194,105,133","0,215,2522,7753,23439,23965,28677,34331,39394,40015",5,"circRNA","ENSMMUG00000021915","ENSMMUT00000098686","6,7,8,9,10,11,12,13,14,15","3:97149131-97163951|3:97204099-97208438",1.11398787091,14.7046398961,0.0763856865575
"1002","3",97675903,97707082,"circular_RNA/10",0,"-",97675903,97675903,"0,0,0",9,"1249,142,110,203,131,124,90,107,188","0,3897,4701,5595,8772,9556,11760,17330,30991",10,"circRNA","ENSMMUG00000012203","ENSMMUT00000017091","10,9,8,7,6,5,4,3,2","3:97572839-97675903|3:97707082-97717739",2.22797574183,38.3211827594,0.058385251399
"1003","3",97679800,97707082,"circular_RNA/4",0,"-",97679800,97679800,"0,0,0",8,"142,110,203,131,124,90,107,188","0,804,1698,4875,5659,7863,13433,27094",4,"circRNA","ENSMMUG00000012203","ENSMMUT00000017091","9,8,7,6,5,4,3,2","3:97677152-97679800|3:97707082-97717739",0.891190296731,38.3211827594,0.0235106310804
"1004","3",98724656,98784568,"circular_RNA/5",0,"+",98724656,98724656,"0,0,0",4,"98,93,93,132","0,18160,18696,59780",5,"circRNA","ENSMMUG00000037624","ENSMMUT00000082026","6,7,8,9","3:98702325-98724656|3:98784568-98861754",1.11398787091,2.85923553534,0.391737749329
"1005","3",107184059,107259123,"circular_RNA/9",0,"-",107184059,107184059,"0,0,0",5,"211,153,117,87,152","0,10988,17696,56400,74912",9,"circRNA","ENSMMUG00000045449","ENSMMUT00000106632","6,5,4,3,2","3:107170696-107184059|3:107259123-107296511",2.00517816764,4.97581249008,0.40418250218
"1006","3",108027000,108032964,"circular_RNA/1",0,"-",108027000,108027000,"0,0,0",2,"227,668","0,5296",1,"circRNA","ENSMMUG00000054913","ENSMMUT00000089351","5,4","3:108024593-108027000|3:108032964-108036614",0.222797574183,5.21346323587,0.0445676677849
"1007","3",109905123,109969236,"circular_RNA/1",0,"+",109905123,109905123,"0,0,0",10,"140,147,139,94,85,85,159,53,81,141","0,15877,17796,19666,19970,24251,24826,38113,39508,63972",1,"circRNA","ENSMMUG00000005250","ENSMMUT00000007393","5,6,7,8,9,10,11,12,13,14","3:109877721-109905123|3:109969236-109989343",0.222797574183,26.5260170674,0.00877289058082
"1008","3",113549632,113561401,"circular_RNA/3",0,"+",113549632,113549632,"0,0,0",8,"98,79,75,33,63,93,51,93","0,2244,3250,3461,3924,4438,5804,11676",3,"circRNA","ENSMMUG00000019802","ENSMMUT00000027828","2,3,4,5,6,7,8,9","3:113540332-113549632|3:113561401-113564993",0.668392722548,0.668392722548,1
"1009","3",113625536,113626515,"circular_RNA/11",0,"+",113625536,113625536,"0,0,0",2,"115,767","0,212",11,"circRNA","ENSMMUG00000040007","ENSMMUT00000094328","4,5","3:113624818-113625536|3:113626515-113629675",2.45077331601,9.08227758286,0.270644323557
"1010","3",113625536,113632700,"circular_RNA/1",0,"+",113625536,113625536,"0,0,0",5,"115,767,120,124,104","0,212,4139,6406,7060",1,"circRNA","ENSMMUG00000040007","ENSMMUT00000094328","4,5,6,7,8","3:113624818-113625536|3:113632700-113634207",0.222797574183,9.08227758286,0.0256038789029
"1011","3",113625536,113634290,"circular_RNA/6",0,"+",113625536,113625536,"0,0,0",6,"115,767,120,124,104,83","0,212,4139,6406,7060,8671",6,"circRNA","ENSMMUG00000040007","ENSMMUT00000094328","4,5,6,7,8,9","3:113624818-113625536|3:113634290-113636477",1.3367854451,9.08227758286,0.148124101231
"1012","3",113851363,113851872,"circular_RNA/2",1,"-",113851363,113851363,"0,0,0",2,"195,217","0,292",2,"circRNA","ENSMMUG00000005120","ENSMMUT00000099476","3,2","3:113834414-113851363|3:113851872-113892145",0.445595148365,21.7722740549,0.0209158670585
"1013","3",113903842,113938206,"circular_RNA/5",0,"+",113903842,113903842,"0,0,0",10,"116,144,157,108,157,152,167,88,207,117","0,332,8509,9374,12270,13497,20721,21517,22084,34247",5,"circRNA","ENSMMUG00000014907","ENSMMUT00000020913","8,9,10,11,12,13,14,15,16,17","3:113903353-113903842|3:113938206-113938709",1.11398787091,11.3849560407,0.098639070383
"1014","3",113912351,113926133,"circular_RNA/12",0,"+",113912351,113912351,"0,0,0",7,"157,108,157,152,167,88,207","0,865,3761,4988,12212,13008,13575",12,"circRNA","ENSMMUG00000014907","ENSMMUT00000020913","10,11,12,13,14,15,16","3:113904318-113912351|3:113926133-113938089",2.67357089019,11.3849560407,0.235505155141
"1015","3",114015120,114026794,"circular_RNA/2",0,"-",114015120,114015120,"0,0,0",9,"140,130,86,233,201,183,106,209,669","0,1041,2711,5245,6965,8174,10148,10568,11005",2,"circRNA","ENSMMUG00000002364","ENSMMUT00000003355","49,48,47,46,45,44,43,42,41","3:114013649-114015120|3:114026794-114027897",0.445595148365,16.6609112791,0.0273287489051
"1016","3",114020365,114026794,"circular_RNA/8",0,"-",114020365,114020365,"0,0,0",6,"233,201,183,106,209,669","0,1720,2929,4903,5323,5760",8,"circRNA","ENSMMUG00000002364","ENSMMUT00000003355","46,45,44,43,42,41","3:114017917-114020365|3:114026794-114027897",1.78238059346,16.6609112791,0.107515453922
"1017","3",114022085,114026794,"circular_RNA/2",0,"-",114022085,114022085,"0,0,0",5,"201,183,106,209,669","0,1209,3183,3603,4040",2,"circRNA","ENSMMUG00000002364","ENSMMUT00000003355","45,44,43,42,41","3:114020598-114022085|3:114026794-114027897",0.445595148365,16.6609112791,0.0273287489051
"1018","3",114027897,114036798,"circular_RNA/9",0,"-",114027897,114027897,"0,0,0",4,"151,220,145,189","0,1859,5636,8712",9,"circRNA","ENSMMUG00000002364","ENSMMUT00000003355","40,39,38,37","3:114026794-114027897|3:114036798-114037337",2.00517816764,16.6609112791,0.120879904758
"1019","3",114045411,114057783,"circular_RNA/2",0,"-",114045411,114045411,"0,0,0",5,"180,153,105,177,120","0,865,7847,8619,12252",2,"circRNA","ENSMMUG00000002364","ENSMMUT00000003355","30,29,28,27,26","3:114044216-114045411|3:114057783-114059046",0.445595148365,16.6609112791,0.0273287489051
"1020","3",114131096,114133966,"circular_RNA/1",0,"-",114131096,114131096,"0,0,0",3,"198,156,171","0,1010,2699",1,"circRNA","ENSMMUG00000002364","ENSMMUT00000003355","8,7,6","3:114125780-114131096|3:114133966-114134630",0.222797574183,16.6609112791,0.013964298069
"1021","3",118765968,118768607,"circular_RNA/3",0,"-",118765968,118765968,"0,0,0",3,"125,182,125","0,283,2514",3,"circRNA","ENSMMUG00000010787","ENSMMUT00000099466","5,4,3","3:118759277-118765968|3:118768607-118777905",0.668392722548,0.821566054799,0.815801364946
"1022","3",127872027,127874272,"circular_RNA/1",1,"+",127872027,127872027,"0,0,0",2,"122,183","0,2062",1,"circRNA","ENSMMUG00000001801","ENSMMUT00000064936","8,9","3:127848630-127872027|3:127874272-127972338",0.222797574183,1.58080183587,0.146339769627
"1023","3",128454095,128461676,"circular_RNA/4",1,"-",128454095,128454095,"0,0,0",3,"168,143,138","0,4582,7443",4,"circRNA","ENSMMUG00000009006","ENSMMUT00000012582","7,6,5","3:128449812-128454095|3:128461676-128477308",0.891190296731,4.95724602556,0.181426547446
"1024","3",128615978,128616949,"circular_RNA/8",0,"-",128615978,128615978,"0,0,0",1,"971","0",8,"circRNA","ENSMMUG00000009004","ENSMMUT00000012577","13","3:128610964-128615978|3:128616949-128625081",1.78238059346,28.570512454,0.0627133819362
"1025","3",129176052,129191432,"circular_RNA/1",0,"+",129176052,129176052,"0,0,0",3,"42,96,135","0,5238,15245",1,"circRNA","ENSMMUG00000037761","ENSMMUT00000070164","5,6,7","3:129163733-129176052|3:129191432-129214354",0.222797574183,3.40562006251,0.0681567533632
"1026","3",129280599,129443992,"circular_RNA/2",0,"-",129280599,129280599,"0,0,0",13,"127,120,163,118,99,130,101,51,96,168,110,149,68","0,864,10255,10519,11165,39880,52726,58401,103499,159036,161408,162572,163325",2,"circRNA","ENSMMUG00000012427","ENSMMUT00000017419","13,12,11,10,9,8,7,6,5,4,3,2,1","3:129257450-129280599|None",0.445595148365,0.264572119342,1.65929137109
"1027","3",130442109,130469892,"circular_RNA/2",0,"-",130442109,130442109,"0,0,0",6,"113,79,1277,15,111,48","0,6290,16759,19516,23556,27735",2,"circRNA","ENSMMUG00000012066","ENSMMUT00000103569","16,15,14,13,12,11","3:130426274-130442109|3:130469892-130471387",0.445595148365,16.4551922646,0.0276701991112
"1028","3",131394835,131395601,"circular_RNA/6",0,"+",131394835,131394835,"0,0,0",2,"165,309","0,457",6,"circRNA","ENSMMUG00000022727","ENSMMUT00000031987","15,16","3:131384549-131394835|3:131395601-131398734",1.3367854451,26.2065646632,0.0513715455248
"1029","3",131845547,131856534,"circular_RNA/4",0,"+",131845547,131845547,"0,0,0",3,"185,242,174","0,6056,10813",4,"circRNA","ENSMMUG00000004298","ENSMMUT00000006111","3,4,5","3:131841168-131845547|3:131856534-131856634",0.891190296731,23.2155072298,0.0388017487762
"1030","3",131851603,131860476,"circular_RNA/2",0,"+",131851603,131851603,"0,0,0",6,"242,174,150,157,111,226","0,4757,5031,6927,8445,8647",2,"circRNA","ENSMMUG00000004298","ENSMMUT00000006111","4,5,6,7,8,9","3:131845732-131851603|3:131860476-131861910",0.445595148365,23.2155072298,0.0196161549394
"1031","3",131858530,131864791,"circular_RNA/5",0,"+",131858530,131858530,"0,0,0",5,"157,111,226,138,200","0,1518,1720,3380,6061",5,"circRNA","ENSMMUG00000004298","ENSMMUT00000006111","7,8,9,10,11","3:131856784-131858530|3:131864791-131873877",1.11398787091,23.2155072298,0.0483945456945
"1032","3",131950107,131954861,"circular_RNA/1",0,"-",131950107,131950107,"0,0,0",3,"257,83,284","0,1136,4470",1,"circRNA","ENSMMUG00000000383","ENSMMUT00000000553","7,6,5","3:131935873-131950107|3:131954861-131976792",0.222797574183,8.1766709725,0.0284361708153
"1033","3",132406294,132407899,"circular_RNA/28",0,"-",132406294,132406294,"0,0,0",2,"208,125","0,1480",28,"circRNA","ENSMMUG00000019593","ENSMMUT00000027514","4,3","3:132401107-132406294|3:132407899-132420687",6.23833207712,30.9688628114,0.201696625056
"1034","3",133544401,133611086,"circular_RNA/5",0,"-",133544401,133544401,"0,0,0",8,"77,238,104,63,111,100,162,205","0,6291,17371,26427,27942,49516,51777,66480",5,"circRNA","ENSMMUG00000015411","ENSMMUT00000021609","19,18,17,16,15,14,13,12","3:133525291-133544401|3:133611086-133639482",1.11398787091,26.2741996411,0.0427628722296
"1035","3",133561772,133572454,"circular_RNA/2",0,"-",133561772,133561772,"0,0,0",3,"104,63,111","0,9056,10571",2,"circRNA","ENSMMUG00000015411","ENSMMUT00000021609","17,16,15","3:133550930-133561772|3:133572454-133593917",0.445595148365,26.2741996411,0.0173334229151
"1036","3",133593917,133596340,"circular_RNA/7",0,"-",133593917,133593917,"0,0,0",2,"100,162","0,2261",7,"circRNA","ENSMMUG00000015411","ENSMMUT00000021609","14,13","3:133572454-133593917|3:133596340-133610881",1.55958301928,26.2741996411,0.0597158384395
"1037","3",133902613,133935021,"circular_RNA/6",0,"+",133902613,133902613,"0,0,0",6,"108,101,151,136,109,101","0,3238,13322,14936,19072,32307",6,"circRNA","ENSMMUG00000030218","ENSMMUT00000091138","2,3,4,5,6,7","3:133902174-133902613|3:133935021-133940247",1.3367854451,5.23574299329,0.256738739741
"1038","3",134068219,134074246,"circular_RNA/4",0,"+",134068219,134068219,"0,0,0",4,"168,101,84,74","0,3954,4439,5953",4,"circRNA","ENSMMUG00000053111","ENSMMUT00000085262","2,3,4,5","3:134063537-134068219|3:134074246-134076895",0.891190296731,9.09014102665,0.0990303660231
"1039","3",134799106,134830689,"circular_RNA/3",0,"-",134799106,134799106,"0,0,0",8,"196,195,58,172,95,152,150,1139","0,7664,10922,16094,16990,21677,30152,30444",3,"circRNA","ENSMMUG00000011831","ENSMMUT00000102122","9,8,7,6,5,4,3,2","3:134792582-134799106|3:134830689-134841452",0.668392722548,13.7144284552,0.0494295791451
"1040","3",148524819,148545177,"circular_RNA/4",0,"-",148524819,148524819,"0,0,0",10,"112,123,149,128,79,147,68,85,177,225","0,489,1977,3852,4095,5488,5743,12890,15930,20133",4,"circRNA","ENSMMUG00000044304","ENSMMUT00000074062","10,9,8,7,6,5,4,3,2,1","3:148513637-148524819|None",0.891190296731,2.95713143915,0.303724427182
"1041","3",149878819,149928724,"circular_RNA/5",1,"-",149878819,149878819,"0,0,0",9,"183,186,249,177,171,176,211,156,173","0,4595,7432,10918,15488,27469,43519,49385,49732",5,"circRNA","ENSMMUG00000011536","ENSMMUT00000016159","12,11,10,9,8,7,6,5,4","None|3:149928724-149928809",1.11398787091,2.00517816764,0.55776104017
"1042","3",150118635,150122492,"circular_RNA/10",0,"-",150118635,150118635,"0,0,0",2,"109,521","0,3336",10,"circRNA","ENSMMUG00000011544","ENSMMUT00000016169","10,9","3:150114254-150118635|3:150122492-150124346",2.22797574183,33.3453702693,0.0670949152644
"1043","3",151234614,151264540,"circular_RNA/7",0,"-",151234614,151234614,"0,0,0",8,"206,157,57,80,167,156,291,131","0,1834,5754,10681,11814,17723,22140,29795",7,"circRNA","ENSMMUG00000020587","ENSMMUT00000041853","14,13,12,11,10,9,8,7","3:151229094-151234614|3:151264540-151292570",1.55958301928,16.4870204895,0.0951434242492
"1044","3",151264409,151315471,"circular_RNA/10",0,"-",151264409,151264409,"0,0,0",5,"131,115,48,114,73","0,28161,33027,34243,50989",10,"circRNA","ENSMMUG00000020587","ENSMMUT00000041853","7,6,5,4,3","3:151257045-151264409|3:151315471-151329608",2.22797574183,16.4870204895,0.135659390328
"1045","3",151292570,151315471,"circular_RNA/17",0,"-",151292570,151292570,"0,0,0",4,"115,48,114,73","0,4866,6082,22828",17,"circRNA","ENSMMUG00000020587","ENSMMUT00000041853","6,5,4,3","3:151264540-151292570|3:151315471-151329608",3.78755876111,16.4870204895,0.230196644511
"1046","3",154154692,154175767,"circular_RNA/3",0,"+",154154692,154154692,"0,0,0",8,"150,121,79,161,92,159,107,91","0,8157,12253,14574,15843,16578,18275,20984",3,"circRNA","ENSMMUG00000015432","ENSMMUT00000021638","2,3,4,5,6,7,8,9","3:154121566-154154692|3:154175767-154189906",0.668392722548,116.784676276,0.00580842161799
"1047","3",155114364,155115824,"circular_RNA/3",0,"+",155114364,155114364,"0,0,0",1,"1460","0",3,"circRNA","ENSMMUG00000054920","ENSMMUT00000105530","2","3:155112088-155114364|3:155115824-155120558",0.668392722548,85.6656672732,0.00791814927317
"1048","3",155228839,155229890,"circular_RNA/3",0,"-",155228839,155228839,"0,0,0",2,"141,61","0,990",3,"circRNA","ENSMMUG00000004311","ENSMMUT00000069905","16,15","3:155226072-155228839|3:155229890-155232034",0.668392722548,46.7874905784,0.0144963482905
"1049","3",155265125,155268286,"circular_RNA/30",0,"-",155265125,155265125,"0,0,0",3,"157,74,201","0,1987,2960",30,"circRNA","ENSMMUG00000004311","ENSMMUT00000069905","4,3,2","3:155255400-155265125|3:155268286-155304985",6.68392722548,46.7874905784,0.143040302861
"1050","3",156144236,156145753,"circular_RNA/3",0,"-",156144236,156144236,"0,0,0",2,"53,40","0,1477",3,"circRNA","ENSMMUG00000017542","ENSMMUT00000024670","5,4","3:156125118-156144236|3:156145753-156166590",0.668392722548,43.4826598947,0.0155978669548
"1051","3",156415822,156417299,"circular_RNA/2",0,"+",156415822,156415822,"0,0,0",2,"155,149","0,1328",2,"circRNA","ENSMMUG00000009325","ENSMMUT00000013032","5,6","3:156411723-156415822|3:156417299-156420176",0.445595148365,20.0796313732,0.0226781238491
"1052","3",156848001,156866395,"circular_RNA/3",0,"-",156848001,156848001,"0,0,0",11,"172,140,63,126,104,76,244,96,189,68,134","0,730,1627,2847,3536,4644,6760,7316,15079,17288,18260",3,"circRNA","ENSMMUG00000004801","ENSMMUT00000087111","22,21,20,19,18,17,16,15,14,13,12","3:156809583-156848001|3:156866395-156908072",0.668392722548,22.7253525666,0.0298386717585
"1053","3",156908072,156950558,"circular_RNA/3",0,"-",156908072,156908072,"0,0,0",5,"158,87,93,76,80","0,1191,2609,6060,42406",3,"circRNA","ENSMMUG00000004801","ENSMMUT00000087111","11,10,9,8,7","3:156866395-156908072|3:156950558-156962131",0.668392722548,22.7253525666,0.0298386717585
"1054","3",157697365,157709661,"circular_RNA/11",0,"+",157697365,157697365,"0,0,0",4,"143,89,110,193","0,1739,10117,12103",11,"circRNA","ENSMMUG00000018259","ENSMMUT00000025658","5,6,7,8","3:157684007-157697365|3:157709661-157721292",2.45077331601,21.7068493704,0.113311708989
"1055","3",159585075,159599335,"circular_RNA/3",0,"+",159585075,159585075,"0,0,0",2,"190,195","0,14065",3,"circRNA","ENSMMUG00000040076","ENSMMUT00000057734","2,3","3:159562723-159585075|3:159599335-159623584",0.668392722548,28.3819354223,0.0238938526894
"1056","3",162037202,162040205,"circular_RNA/4",1,"+",162037202,162037202,"0,0,0",4,"121,82,165,125","0,1798,2385,2878",4,"circRNA","ENSMMUG00000016384","ENSMMUT00000023003","19,20,21,22","3:162035872-162037202|3:162040205-162046739",0.891190296731,11.9196702188,0.0755419286705
"1057","3",164332511,164335792,"circular_RNA/2",0,"-",164332511,164332511,"0,0,0",2,"88,176","0,3105",2,"circRNA","ENSMMUG00000016833","ENSMMUT00000023653","4,3","3:164328157-164332511|3:164335792-164348048",0.445595148365,21.6518733456,0.0210321213265
"1058","3",165265074,165275747,"circular_RNA/1",0,"-",165265074,165265074,"0,0,0",2,"47,318","0,10355",1,"circRNA","ENSMMUG00000006548","ENSMMUT00000009174","17,16","3:165257398-165265074|3:165275747-165282557",0.222797574183,1.71202346477,0.13518838677
"1059","3",165682846,165689689,"circular_RNA/11",0,"+",165682846,165682846,"0,0,0",4,"138,104,490,71","0,792,2788,6772",11,"circRNA","ENSMMUG00000002277","ENSMMUT00000003229","4,5,6,7","3:165676917-165682846|3:165689689-165692672",2.45077331601,9.18244287881,0.267695252334
"1060","3",165822444,165831308,"circular_RNA/3",0,"+",165822444,165822444,"0,0,0",4,"99,111,144,177","0,3453,6942,8687",3,"circRNA","ENSMMUG00000006770","ENSMMUT00000065802","4,5,6,7","3:165798861-165822444|3:165831308-165833520",0.668392722548,63.2745110679,0.0107197276411
"1061","3",165990046,166012606,"circular_RNA/1",0,"-",165990046,165990046,"0,0,0",3,"161,248,282","0,8662,22278",1,"circRNA","ENSMMUG00000002481","ENSMMUT00000003530","14,13,12","3:165988299-165990046|3:166012606-166016367",0.222797574183,82.4553567725,0.0028229741954
"1062","3",166012324,166030864,"circular_RNA/5",0,"-",166012324,166012324,"0,0,0",5,"282,177,143,122,208","0,4043,8018,17248,18332",5,"circRNA","ENSMMUG00000002481","ENSMMUT00000003530","12,11,10,9,8","3:165998956-166012324|3:166030864-166037474",1.11398787091,82.4553567725,0.01362981881
"1063","3",166135022,166136106,"circular_RNA/20",0,"-",166135022,166135022,"0,0,0",1,"1084","0",20,"circRNA","ENSMMUG00000002481","ENSMMUT00000003530","2","3:166049601-166135022|3:166136106-166196529",4.45595148365,82.4553567725,0.0541554861149
"1064","3",166459894,166476902,"circular_RNA/3",0,"-",166459894,166459894,"0,0,0",5,"196,124,102,298,136","0,5186,13616,15822,16872",3,"circRNA","ENSMMUG00000004224","ENSMMUT00000005996","6,5,4,3,2","3:166456146-166459894|3:166476902-166481071",0.668392722548,16.9326156379,0.0400406133886
"1065","3",166879224,166885949,"circular_RNA/1",0,"-",166879224,166879224,"0,0,0",2,"230,129","0,6596",1,"circRNA","ENSMMUG00000010420","ENSMMUT00000084057","3,2","3:166878460-166879224|3:166885949-166892830",0.222797574183,25.3670952319,0.00917353117272
"1066","3",167181261,167198178,"circular_RNA/3",0,"-",167181261,167181261,"0,0,0",6,"177,85,118,137,37,160","0,1080,4454,5242,9467,16757",3,"circRNA","ENSMMUG00000042793","ENSMMUT00000083203","13,12,11,10,9,8","3:167163749-167181261|3:167198178-167204397",0.668392722548,10.5501204245,0.064241002496
"1067","3",167981889,167989939,"circular_RNA/5",0,"+",167981889,167981889,"0,0,0",3,"40,80,76","0,3359,7974",5,"circRNA","ENSMMUG00000021017","ENSMMUT00000029553","3,4,5","3:167949781-167981889|3:167989939-167998238",1.11398787091,34.1394436748,0.0329137974139
"1068","3",168138965,168140956,"circular_RNA/3",0,"+",168138965,168138965,"0,0,0",3,"141,88,89","0,336,1902",3,"circRNA","ENSMMUG00000022442","ENSMMUT00000101496","4,5,6","3:168137625-168138965|3:168140956-168145174",0.668392722548,54.8527627638,0.01236526723
"1069","3",175215003,175228994,"circular_RNA/6",0,"-",175215003,175215003,"0,0,0",3,"117,129,124","0,13191,13867",6,"circRNA","ENSMMUG00000013494","ENSMMUT00000018943","4,3,2","3:175212228-175215003|3:175228994-175232137",1.3367854451,24.0472848401,0.055982437505
"1070","3",175400683,175403841,"circular_RNA/4",0,"-",175400683,175400683,"0,0,0",2,"206,178","0,2980",4,"circRNA","ENSMMUG00000042048","ENSMMUT00000057283","3,2","3:175396507-175400683|3:175403841-175411574",0.891190296731,31.0183733834,0.0290440715533
"1071","3",177481956,177488278,"circular_RNA/3",0,"-",177481956,177481956,"0,0,0",2,"68,72","0,6250",3,"circRNA","ENSMMUG00000051076","ENSMMUT00000092928","3,2","3:177475029-177481956|3:177488278-177515933",0.668392722548,83.2944645194,0.00814353380052
"1072","3",178140984,178161493,"circular_RNA/1",0,"-",178140984,178140984,"0,0,0",9,"162,210,1725,233,64,79,112,307,742","0,1083,4289,9354,11402,13442,16310,18692,19767",1,"circRNA","ENSMMUG00000007212","ENSMMUT00000084959","48,47,46,45,44,43,42,41,40","3:178139559-178140984|3:178161493-178163294",0.222797574183,29.3152097052,0.00793847943538
"1073","3",178159676,178161493,"circular_RNA/13",0,"-",178159676,178159676,"0,0,0",2,"307,742","0,1075",13,"circRNA","ENSMMUG00000007212","ENSMMUT00000084959","41,40","3:178157406-178159676|3:178161493-178163294",2.89636846437,29.3152097052,0.0991081903109
"1074","3",178209363,178227962,"circular_RNA/3",0,"-",178209363,178209363,"0,0,0",9,"213,66,110,165,182,105,102,117,120","0,1484,2054,3495,3914,9673,9968,15603,18479",3,"circRNA","ENSMMUG00000007212","ENSMMUT00000084959","24,23,22,21,20,19,18,17,16","3:178196136-178209363|3:178227962-178237266",0.668392722548,29.3152097052,0.023133431248
"1075","3",178209363,178242345,"circular_RNA/5",0,"-",178209363,178209363,"0,0,0",14,"213,66,110,165,182,105,102,117,120,719,78,114,152,170","0,1484,2054,3495,3914,9673,9968,15603,18479,27903,30142,31112,32192,32812",5,"circRNA","ENSMMUG00000007212","ENSMMUT00000084959","24,23,22,21,20,19,18,17,16,15,14,13,12,11","3:178196136-178209363|3:178242345-178251486",1.11398787091,29.3152097052,0.0383283830605
"1076","3",178227842,178240589,"circular_RNA/4",0,"-",178227842,178227842,"0,0,0",4,"120,719,78,114","0,9424,11663,12633",4,"circRNA","ENSMMUG00000007212","ENSMMUT00000084959","16,15,14,13","3:178225083-178227842|3:178240589-178241555",0.891190296731,29.3152097052,0.0307309071543
"1077","3",178237266,178240589,"circular_RNA/2",0,"-",178237266,178237266,"0,0,0",3,"719,78,114","0,2239,3209",2,"circRNA","ENSMMUG00000007212","ENSMMUT00000084959","15,14,13","3:178227962-178237266|3:178240589-178241555",0.445595148365,29.3152097052,0.0155359553417
"1078","3",178237266,178242345,"circular_RNA/5",0,"-",178237266,178237266,"0,0,0",5,"719,78,114,152,170","0,2239,3209,4289,4909",5,"circRNA","ENSMMUG00000007212","ENSMMUT00000084959","15,14,13,12,11","3:178227962-178237266|3:178242345-178251486",1.11398787091,29.3152097052,0.0383283830605
"1079","3",178237266,178261837,"circular_RNA/5",0,"-",178237266,178237266,"0,0,0",8,"719,78,114,152,170,115,172,163","0,2239,3209,4289,4909,14220,16181,24408",5,"circRNA","ENSMMUG00000007212","ENSMMUT00000084959","15,14,13,12,11,10,9,8","3:178227962-178237266|3:178261837-178296867",1.11398787091,29.3152097052,0.0383283830605
"1080","3",181735434,181743788,"circular_RNA/20",0,"+",181735434,181735434,"0,0,0",5,"133,344,309,288,648","0,535,2436,4535,7706",20,"circRNA","ENSMMUG00000007351","ENSMMUT00000084121","10,11,12,13,14","3:181715758-181735434|3:181743788-181762039",4.45595148365,18.9749267346,0.23523669836
"1081","3",181762039,181765536,"circular_RNA/5",0,"+",181762039,181762039,"0,0,0",2,"207,189","0,3308",5,"circRNA","ENSMMUG00000007351","ENSMMUT00000084121","15,16","3:181743788-181762039|3:181765536-181773731",1.11398787091,18.9749267346,0.059204224837
"1082","3",183165680,183178072,"circular_RNA/7",0,"+",183165680,183165680,"0,0,0",4,"54,75,147,116","0,5638,6908,12276",7,"circRNA","ENSMMUG00000008733","ENSMMUT00000069798","2,3,4,5","3:183137836-183165680|3:183178072-183182635",1.55958301928,27.1813040503,0.0577237125655
"1083","3",183205378,183235115,"circular_RNA/10",0,"+",183205378,183205378,"0,0,0",8,"87,158,233,105,88,98,133,248","0,5658,5963,15075,19178,21686,23812,29489",10,"circRNA","ENSMMUG00000008733","ENSMMUT00000069798","11,12,13,14,15,16,17,18","3:183190950-183205378|3:183235115-183254511",2.22797574183,27.1813040503,0.0823048331073
"1084","3",183211036,183229323,"circular_RNA/6",0,"+",183211036,183211036,"0,0,0",6,"158,233,105,88,98,133","0,305,9417,13520,16028,18154",6,"circRNA","ENSMMUG00000008733","ENSMMUT00000069798","12,13,14,15,16,17","3:183205465-183211036|3:183229323-183234867",1.3367854451,27.1813040503,0.0495300057183
"1085","3",183377913,183378878,"circular_RNA/12",0,"+",183377913,183377913,"0,0,0",2,"60,111","0,854",12,"circRNA","ENSMMUG00000003176","ENSMMUT00000004497","4,5","3:183374986-183377913|3:183378878-183394727",2.67357089019,17.1554132121,0.15633593302
"1086","3",183394727,183398085,"circular_RNA/11",0,"+",183394727,183394727,"0,0,0",3,"132,142,71","0,2591,3287",11,"circRNA","ENSMMUG00000003176","ENSMMUT00000004497","6,7,8","3:183378878-183394727|3:183398085-183422691",2.45077331601,17.1554132121,0.143356485836
"1087","3",184706025,184711305,"circular_RNA/6",0,"-",184706025,184706025,"0,0,0",5,"96,90,49,83,177","0,573,2009,3414,5103",6,"circRNA","ENSMMUG00000022361","ENSMMUT00000031458","13,12,11,10,9","3:184699188-184706025|3:184711305-184714142",1.3367854451,21.7846516979,0.0617943091621
"1088","3",184818053,184823969,"circular_RNA/43",1,"+",184818053,184818053,"0,0,0",3,"54,421,83","0,1328,5833",43,"circRNA","ENSMMUG00000006973","ENSMMUT00000009747","2,3,4","3:184806017-184818053|3:184823969-184827697",9.58029568986,12.9323864651,0.740999020213
"1089","7",773652,777068,"circular_RNA/3",0,"+",773652,773652,"0,0,0",3,"185,156,186","0,2403,3230",3,"circRNA","ENSMMUG00000004370","ENSMMUT00000006214","17,18,19","7:768092-773652|7:777068-784069",0.668392722548,10.7799749355,0.0628725021701
"1090","7",817891,826865,"circular_RNA/1",0,"+",817891,817891,"0,0,0",6,"143,268,137,99,169,126","0,4090,4458,5474,8582,8848",1,"circRNA","ENSMMUG00000004370","ENSMMUT00000006214","41,42,43,44,45,46","7:811307-817891|7:826865-828998",0.222797574183,10.7799749355,0.0215753581982
"1091","7",7328873,7335620,"circular_RNA/9",0,"-",7328873,7328873,"0,0,0",3,"109,132,234","0,2341,6513",9,"circRNA","ENSMMUG00000009426","ENSMMUT00000086545","6,5,4","7:7327273-7328873|7:7335620-7338588",2.00517816764,6.25858640204,0.32147250407
"1092","7",7791305,7793831,"circular_RNA/2",0,"+",7791305,7791305,"0,0,0",3,"873,98,228","0,1016,2298",2,"circRNA","ENSMMUG00000017878","ENSMMUT00000025122","22,23,24","7:7790660-7791305|7:7793831-7799431",0.445595148365,22.4200373724,0.0203118318887
"1093","7",9311247,9316652,"circular_RNA/5",0,"-",9311247,9311247,"0,0,0",2,"151,794","0,4611",5,"circRNA","ENSMMUG00000029785","ENSMMUT00000002550","4,3","7:9275456-9311247|7:9316652-9352914",1.11398787091,7.67259146092,0.146303220291
"1094","7",10617852,10622355,"circular_RNA/4",0,"-",10617852,10617852,"0,0,0",4,"55,147,132,95","0,1420,2585,4408",4,"circRNA","ENSMMUG00000020935","ENSMMUT00000089796","6,5,4,3","7:10617030-10617852|7:10622355-10637028",0.891190296731,29.7898923147,0.0302413944055
"1095","7",11348222,11349028,"circular_RNA/3",0,"-",11348222,11348222,"0,0,0",2,"70,147","0,659",3,"circRNA","ENSMMUG00000002337","ENSMMUT00000082104","22,21","7:11345165-11348222|7:11349028-11351684",0.668392722548,31.6499868239,0.0214274480378
"1096","7",11383398,11390110,"circular_RNA/4",0,"-",11383398,11383398,"0,0,0",3,"117,65,77","0,2326,6635",4,"circRNA","ENSMMUG00000002337","ENSMMUT00000082104","11,10,9","7:11381470-11383398|7:11390110-11392470",0.891190296731,31.6499868239,0.0284646453501
"1097","7",14927043,14930652,"circular_RNA/11",0,"-",14927043,14927043,"0,0,0",3,"110,105,81","0,961,3528",11,"circRNA","ENSMMUG00000018333","ENSMMUT00000025766","11,10,9","7:14926037-14927043|7:14930652-14932933",2.45077331601,15.134320932,0.162488191254
"1098","7",16351550,16382937,"circular_RNA/2",0,"+",16351550,16351550,"0,0,0",8,"113,103,153,81,149,116,158,536","0,3998,11675,17101,18823,24975,28863,30851",2,"circRNA","ENSMMUG00000038966","ENSMMUT00000085662","2,3,4,5,6,7,8,9","7:16346376-16351550|7:16382937-16387984",0.445595148365,17.4602941031,0.026078275825
"1099","7",16571746,16592241,"circular_RNA/5",0,"+",16571746,16571746,"0,0,0",7,"144,60,145,197,170,215,92","0,5001,5476,10506,18562,20017,20403",5,"circRNA","ENSMMUG00000016686","ENSMMUT00000023445","2,3,4,5,6,7,8","7:16567866-16571746|7:16592241-16603429",1.11398787091,7.60296721898,0.147641233514
"1100","7",17512389,17515076,"circular_RNA/10",0,"-",17512389,17512389,"0,0,0",4,"94,65,134,168","0,799,1878,2519",10,"circRNA","ENSMMUG00000001737","ENSMMUT00000095764","22,21,20,19","7:17509717-17512389|7:17515076-17518613",2.22797574183,15.5958301928,0.143406388137
"1101","7",17512389,17521385,"circular_RNA/12",0,"-",17512389,17512389,"0,0,0",7,"94,65,134,168,86,118,85","0,799,1878,2519,6224,7518,8911",12,"circRNA","ENSMMUG00000001737","ENSMMUT00000095764","22,21,20,19,18,17,16","7:17509717-17512389|7:17521385-17523648",2.67357089019,15.5958301928,0.171959508532
"1102","7",17534596,17550986,"circular_RNA/3",0,"-",17534596,17534596,"0,0,0",8,"96,81,210,68,196,204,54,215","0,886,2248,3779,4727,10633,11969,16175",3,"circRNA","ENSMMUG00000001737","ENSMMUT00000095764","13,12,11,10,9,8,7,6","7:17524909-17534596|7:17550986-17553291",0.668392722548,15.5958301928,0.0434704667529
"1103","7",18194010,18231171,"circular_RNA/1",0,"+",18194010,18194010,"0,0,0",11,"949,79,96,132,105,668,349,227,186,73,518","0,3452,3649,12262,12638,15534,17936,26872,28848,34987,36643",1,"circRNA","ENSMMUG00000010168","ENSMMUT00000014196","2,3,4,5,6,7,8,9,10,11,12","7:18172002-18194010|7:18231171-18234559",0.222797574183,20.1910301603,0.0115240446817
"1104","7",18209544,18234710,"circular_RNA/7",0,"+",18209544,18209544,"0,0,0",7,"668,349,227,186,73,518,151","0,2402,11338,13314,19453,21109,25015",7,"circRNA","ENSMMUG00000010168","ENSMMUT00000014196","7,8,9,10,11,12,13","7:18206753-18209544|7:18234710-18237044",1.55958301928,20.1910301603,0.0776981672135
"1105","7",18256702,18257325,"circular_RNA/4",0,"+",18256702,18256702,"0,0,0",2,"112,234","0,389",4,"circRNA","ENSMMUG00000010168","ENSMMUT00000014196","20,21","7:18255120-18256702|7:18257325-18259210",0.891190296731,20.1910301603,0.0446111059476
"1106","7",18731833,18747708,"circular_RNA/2",0,"-",18731833,18731833,"0,0,0",3,"118,45,54","0,15584,15821",2,"circRNA","ENSMMUG00000014515","ENSMMUT00000020364","7,6,5","7:18727305-18731833|7:18747708-18750563",0.445595148365,12.5633076553,0.0362351070104
"1107","7",18750563,18754749,"circular_RNA/10",0,"-",18750563,18750563,"0,0,0",2,"114,86","0,4100",10,"circRNA","ENSMMUG00000014515","ENSMMUT00000020364","4,3","7:18747708-18750563|7:18754749-18758435",2.22797574183,12.5633076553,0.177994192394
"1108","7",19471989,19534070,"circular_RNA/3",0,"-",19471989,19471989,"0,0,0",22,"109,134,88,151,68,97,56,149,91,98,150,94,206,182,87,101,100,155,49,103,53,125","0,1873,6577,12456,13611,19602,20595,24188,25412,33608,38077,39361,41005,47069,48528,52686,54099,56504,57056,58214,59420,61956",3,"circRNA","ENSMMUG00000006498","ENSMMUT00000009115","42,41,40,39,38,37,36,35,34,33,32,31,30,29,28,27,26,25,24,23,22,21","7:19468679-19471989|7:19534070-19536573",0.668392722548,7.2124237968,0.0939286784651
"1109","7",19519058,19526188,"circular_RNA/5",1,"-",19519058,19519058,"0,0,0",4,"182,87,101,100","0,1459,5617,7030",5,"circRNA","ENSMMUG00000006498","ENSMMUT00000009115","29,28,27,26","7:19513200-19519058|7:19526188-19528493",1.11398787091,7.2124237968,0.155624746281
"1110","7",20238877,20245131,"circular_RNA/1",0,"+",20238877,20238877,"0,0,0",3,"118,108,130","0,4497,6124",1,"circRNA","ENSMMUG00000001682","ENSMMUT00000105442","3,4,5","7:20235986-20238877|7:20245131-20247426",0.222797574183,7.87218095445,0.0295346650284
"1111","7",20827112,20835560,"circular_RNA/10",0,"+",20827112,20827112,"0,0,0",4,"103,91,148,81","0,2729,7896,8367",10,"circRNA","ENSMMUG00000006676","ENSMMUT00000055660","3,4,5,6","7:20821345-20827112|7:20835560-20873452",2.22797574183,37.2071948885,0.0601328431263
"1112","7",20829841,20835560,"circular_RNA/7",0,"+",20829841,20829841,"0,0,0",3,"91,148,81","0,5167,5638",7,"circRNA","ENSMMUG00000006676","ENSMMUT00000055660","4,5,6","7:20827215-20829841|7:20835560-20873452",1.55958301928,37.2071948885,0.0421735980904
"1113","7",20835008,20835560,"circular_RNA/5",0,"+",20835008,20835008,"0,0,0",2,"148,81","0,471",5,"circRNA","ENSMMUG00000006676","ENSMMUT00000055660","5,6","7:20829932-20835008|7:20835560-20873452",1.11398787091,37.2071948885,0.0302007680664
"1114","7",20966405,20997510,"circular_RNA/6",0,"+",20966405,20966405,"0,0,0",4,"210,139,150,216","0,24399,26691,30889",6,"circRNA","ENSMMUG00000016742","ENSMMUT00000023521","2,3,4,5","7:20926541-20966405|7:20997510-21003324",1.3367854451,19.8784946743,0.0677168115111
"1115","7",21003324,21004080,"circular_RNA/4",0,"+",21003324,21003324,"0,0,0",2,"79,112","0,644",4,"circRNA","ENSMMUG00000016742","ENSMMUT00000023521","6,7","7:20997510-21003324|7:21004080-21007110",0.891190296731,19.8784946743,0.0453121420947
"1116","7",21078120,21079673,"circular_RNA/7",0,"-",21078120,21078120,"0,0,0",2,"108,134","0,1419",7,"circRNA","ENSMMUG00000014291","ENSMMUT00000054876","35,34","7:21076273-21078120|7:21079673-21081699",1.55958301928,27.7870349551,0.0564658432748
"1117","7",21104834,21106510,"circular_RNA/3",0,"-",21104834,21104834,"0,0,0",3,"201,273,160","0,824,1516",3,"circRNA","ENSMMUG00000014291","ENSMMUT00000054876","26,25,24","7:21101698-21104834|7:21106510-21107848",0.668392722548,27.7870349551,0.0244052188891
"1118","7",21136380,21171008,"circular_RNA/4",0,"-",21136380,21136380,"0,0,0",10,"177,176,156,133,146,449,138,202,225,185","0,2675,3238,7450,22886,25192,25831,30791,32796,34443",4,"circRNA","ENSMMUG00000014291","ENSMMUT00000040654","11,10,9,8,7,6,5,4,3,2","7:21132836-21136380|7:21171008-21172380",0.891190296731,27.7870349551,0.0324203749856
"1119","7",21143830,21171008,"circular_RNA/7",0,"-",21143830,21143830,"0,0,0",7,"133,146,449,138,202,225,185","0,15436,17742,18381,23341,25346,26993",7,"circRNA","ENSMMUG00000014291","ENSMMUT00000040654","8,7,6,5,4,3,2","7:21139774-21143830|7:21171008-21172380",1.55958301928,27.7870349551,0.0564658432748
"1120","7",25417389,25445728,"circular_RNA/2",0,"-",25417389,25417389,"0,0,0",10,"155,221,163,133,170,142,168,81,135,116","0,1040,9320,11832,12757,16793,17081,17811,19659,28223",2,"circRNA","ENSMMUG00000009837","ENSMMUT00000013742","16,15,14,13,12,11,10,9,8,7","7:25414152-25417389|7:25445728-25446385",0.445595148365,74.7813504874,0.00609154862689
"1121","7",25429221,25445728,"circular_RNA/2",0,"-",25429221,25429221,"0,0,0",7,"133,170,142,168,81,135,116","0,925,4961,5249,5979,7827,16391",2,"circRNA","ENSMMUG00000009837","ENSMMUT00000013742","13,12,11,10,9,8,7","7:25426872-25429221|7:25445728-25446385",0.445595148365,74.7813504874,0.00609154862689
"1122","7",25430146,25453984,"circular_RNA/2",0,"-",25430146,25430146,"0,0,0",10,"170,142,168,81,135,116,25,230,136,325","0,4036,4324,5054,6902,15466,16239,16543,21041,23513",2,"circRNA","ENSMMUG00000009837","ENSMMUT00000013742","12,11,10,9,8,7,6,5,4,3","7:25429354-25430146|7:25453984-25455913",0.445595148365,74.7813504874,0.00609154862689
"1123","7",25445612,25456092,"circular_RNA/3",0,"-",25445612,25445612,"0,0,0",6,"116,25,230,136,325,179","0,773,1077,5575,8047,10301",3,"circRNA","ENSMMUG00000009837","ENSMMUT00000013742","7,6,5,4,3,2","7:25437183-25445612|7:25456092-25464710",0.668392722548,74.7813504874,0.00907047029004
"1124","7",25451187,25453984,"circular_RNA/4",0,"-",25451187,25451187,"0,0,0",2,"136,325","0,2472",4,"circRNA","ENSMMUG00000009837","ENSMMUT00000013742","4,3","7:25446919-25451187|7:25453984-25455913",0.891190296731,74.7813504874,0.0120493919532
"1125","7",26042437,26045353,"circular_RNA/14",0,"+",26042437,26042437,"0,0,0",2,"144,259","0,2657",14,"circRNA","ENSMMUG00000013496","ENSMMUT00000018946","3,4","7:26035835-26042437|7:26045353-26066526",3.11916603856,29.1122163599,0.107449446838
"1126","7",26713126,26717732,"circular_RNA/2",0,"-",26713126,26713126,"0,0,0",2,"168,108","0,4498",2,"circRNA","ENSMMUG00000002879","ENSMMUT00000067945","3,2","7:26710422-26713126|7:26717732-26763070",0.445595148365,10.4436362898,0.043582456452
"1127","7",26980869,27049449,"circular_RNA/3",0,"-",26980869,26980869,"0,0,0",31,"206,83,284,66,51,26,35,71,97,68,716,133,185,127,175,279,129,144,156,229,281,135,141,54,135,101,73,124,175,172,125","0,364,578,1456,1601,4833,7032,9647,12747,16182,18516,20820,21631,23748,26924,32845,35309,37986,38207,39478,41232,42385,42795,47977,52775,56756,60036,61863,63384,66787,68455",3,"circRNA","ENSMMUG00000008575","ENSMMUT00000080134","36,35,34,33,32,31,30,29,28,27,26,25,24,23,22,21,20,19,18,17,16,15,14,13,12,11,10,9,8,7,6","7:26979470-26980869|7:27049449-27050743",0.668392722548,12.2241602368,0.0554506978344
"1128","7",27023254,27023805,"circular_RNA/2",0,"-",27023254,27023254,"0,0,0",2,"135,141","0,410",2,"circRNA","ENSMMUG00000008575","ENSMMUT00000080134","15,14","7:27022382-27023254|7:27023805-27028846",0.445595148365,12.2241602368,0.0372395930368
"1129","7",27023254,27049449,"circular_RNA/2",0,"-",27023254,27023254,"0,0,0",10,"135,141,54,135,101,73,124,175,172,125","0,410,5592,10390,14371,17651,19478,20999,24402,26070",2,"circRNA","ENSMMUG00000008575","ENSMMUT00000080134","15,14,13,12,11,10,9,8,7,6","7:27022382-27023254|7:27049449-27050743",0.445595148365,12.2241602368,0.0372395930368
"1130","7",27033644,27049449,"circular_RNA/8",0,"-",27033644,27033644,"0,0,0",7,"135,101,73,124,175,172,125","0,3981,7261,9088,10609,14012,15680",8,"circRNA","ENSMMUG00000008575","ENSMMUT00000080134","12,11,10,9,8,7,6","7:27028900-27033644|7:27049449-27050743",1.78238059346,12.2241602368,0.146506221822
"1131","7",27047656,27049449,"circular_RNA/4",0,"-",27047656,27047656,"0,0,0",2,"172,125","0,1668",4,"circRNA","ENSMMUG00000008575","ENSMMUT00000080134","7,6","7:27044428-27047656|7:27049449-27050743",0.891190296731,12.2241602368,0.073661802632
"1132","7",27137214,27152496,"circular_RNA/4",0,"-",27137214,27137214,"0,0,0",7,"102,97,149,134,90,183,111","0,873,4384,12973,13591,14210,15171",4,"circRNA","ENSMMUG00000008575","ENSMMUT00000006141","8,7,6,5,4,3,2","7:27133851-27137214|7:27152496-27171384",0.891190296731,12.2241602368,0.073661802632
"1133","7",27880331,27906894,"circular_RNA/7",0,"-",27880331,27880331,"0,0,0",8,"166,98,170,111,1680,228,120,118","0,578,3611,7036,10581,14522,18845,26445",7,"circRNA","ENSMMUG00000000754","ENSMMUT00000001084","21,20,19,18,17,16,15,14","7:27872435-27880331|7:27906894-27909404",1.55958301928,20.3302786442,0.077166249624
"1134","7",27928393,27940051,"circular_RNA/2",0,"-",27928393,27928393,"0,0,0",7,"122,697,272,240,175,184,179","0,505,1828,2573,6658,9860,11479",2,"circRNA","ENSMMUG00000000754","ENSMMUT00000001084","12,11,10,9,8,7,6","7:27909494-27928393|7:27940051-27955887",0.445595148365,20.3302786442,0.0223986679993
"1135","7",28567031,28583038,"circular_RNA/2",0,"-",28567031,28567031,"0,0,0",3,"81,175,283","0,907,15724",2,"circRNA","ENSMMUG00000007504","ENSMMUT00000070909","39,38,37","7:28565441-28567031|7:28583038-28584024",0.445595148365,26.7357089019,0.0170343268909
"1136","7",28647641,28653623,"circular_RNA/17",0,"-",28647641,28647641,"0,0,0",4,"108,82,144,157","0,1907,2860,5825",17,"circRNA","ENSMMUG00000007504","ENSMMUT00000070909","7,6,5,4","7:28642216-28647641|7:28653623-28657045",3.78755876111,26.7357089019,0.141987590422
"1137","7",28790877,28796081,"circular_RNA/4",0,"-",28790877,28790877,"0,0,0",4,"107,108,82,144","0,2023,2785,5060",4,"circRNA","ENSMMUG00000007509","ENSMMUT00000060436","6,5,4,3","7:28782891-28790877|7:28796081-28801773",0.891190296731,22.6625122252,0.039748144704
"1138","7",31799745,31812177,"circular_RNA/4",0,"-",31799745,31799745,"0,0,0",4,"202,77,115,69","0,1352,8574,12363",4,"circRNA","ENSMMUG00000010798","ENSMMUT00000095495","5,4,3,2","7:31794787-31799745|7:31812177-31826861",0.891190296731,10.6200177027,0.0847778735591
"1139","7",33629850,33632672,"circular_RNA/8",0,"+",33629850,33629850,"0,0,0",4,"106,140,145,65","0,1139,1558,2757",8,"circRNA","ENSMMUG00000004091","ENSMMUT00000055022","9,10,11,12","7:33595146-33629850|7:33632672-33642041",1.78238059346,25.1499144033,0.0712395346315
"1140","7",33842600,33867079,"circular_RNA/6",0,"+",33842600,33842600,"0,0,0",7,"1617,95,106,102,149,136,213","0,2424,4403,13661,14308,15850,24266",6,"circRNA","ENSMMUG00000005179","ENSMMUT00000102450","2,3,4,5,6,7,8","7:33840037-33842600|7:33867079-33920662",1.3367854451,19.0937521075,0.0704984778656
"1141","7",33856261,33867079,"circular_RNA/8",0,"+",33856261,33856261,"0,0,0",4,"102,149,136,213","0,647,2189,10605",8,"circRNA","ENSMMUG00000005179","ENSMMUT00000102450","5,6,7,8","7:33847109-33856261|7:33867079-33920662",1.78238059346,19.0937521075,0.0938234846942
"1142","7",35297537,35316080,"circular_RNA/2",0,"-",35297537,35297537,"0,0,0",15,"161,142,312,171,125,181,164,86,167,104,150,119,50,469,28","0,3664,3905,5062,6070,6921,9548,9930,10475,10740,11082,13796,16057,16715,18515",2,"circRNA","ENSMMUG00000022200","ENSMMUT00000069333","20,19,18,17,16,15,14,13,12,11,10,9,8,7,6","7:35293974-35297537|7:35316080-35327049",0.445595148365,15.6515295863,0.0290900799858
"1143","7",35580949,35635407,"circular_RNA/3",0,"-",35580949,35580949,"0,0,0",14,"158,147,146,170,115,145,99,107,82,86,168,87,87,81","0,2031,10833,12687,13067,17341,27846,34739,42193,45276,48587,50247,53963,54377",3,"circRNA","ENSMMUG00000012933","ENSMMUT00000060664","24,23,22,21,20,19,18,17,16,15,14,13,12,11","7:35577783-35580949|7:35635407-35638410",0.668392722548,21.5701058857,0.0314360238148
"1144","7",39571281,39572109,"circular_RNA/2",0,"+",39571281,39571281,"0,0,0",2,"191,337","0,491",2,"circRNA","ENSMMUG00000003544","ENSMMUT00000005010","3,4","7:39567945-39571281|7:39572109-39573924",0.445595148365,17.6752742185,0.0257612713683
"1145","7",39571281,39574090,"circular_RNA/9",0,"+",39571281,39571281,"0,0,0",3,"191,337,166","0,491,2643",9,"circRNA","ENSMMUG00000003544","ENSMMUT00000005010","3,4,5","7:39567945-39571281|7:39574090-39585817",2.00517816764,17.6752742185,0.113946673529
"1146","7",39780749,39783997,"circular_RNA/8",0,"-",39780749,39780749,"0,0,0",4,"127,158,64,96","0,1465,1897,3152",8,"circRNA","ENSMMUG00000021338","ENSMMUT00000030040","8,7,6,5","7:39757090-39780749|7:39783997-39787954",1.78238059346,0.98667497138,1.79836019257
"1147","7",39987997,40004487,"circular_RNA/3",0,"+",39987997,39987997,"0,0,0",2,"132,84","0,16406",3,"circRNA","ENSMMUG00000012114","ENSMMUT00000040455","3,4","7:39983670-39987997|7:40004487-40007819",0.668392722548,51.6253807606,0.0131381373112
"1148","7",39987997,40009397,"circular_RNA/3",0,"+",39987997,39987997,"0,0,0",4,"132,84,82,83","0,16406,19822,21317",3,"circRNA","ENSMMUG00000012114","ENSMMUT00000040455","3,4,5,6","7:39983670-39987997|7:40009397-40011044",0.668392722548,51.6253807606,0.0131381373112
"1149","7",40009314,40011158,"circular_RNA/10",0,"+",40009314,40009314,"0,0,0",2,"83,114","0,1730",10,"circRNA","ENSMMUG00000012114","ENSMMUT00000040455","6,7","7:40007901-40009314|7:40011158-40014086",2.22797574183,51.6253807606,0.0433419045016
"1150","7",40089844,40105028,"circular_RNA/5",0,"-",40089844,40089844,"0,0,0",10,"200,131,201,128,128,206,214,271,175,201","0,2607,4286,5828,6994,9031,10663,11009,13783,14983",5,"circRNA","ENSMMUG00000012117","ENSMMUT00000016962","55,54,53,52,51,50,49,48,47,46","7:40089152-40089844|7:40105028-40106054",1.11398787091,12.1208531029,0.0926553030834
"1151","7",40179184,40181433,"circular_RNA/2",0,"-",40179184,40179184,"0,0,0",2,"222,126","0,2123",2,"circRNA","ENSMMUG00000012117","ENSMMUT00000016962","13,12","7:40175413-40179184|7:40181433-40187371",0.445595148365,12.1208531029,0.0375567278328
"1152","7",40768080,40768481,"circular_RNA/4",0,"-",40768080,40768080,"0,0,0",1,"401","0",4,"circRNA","ENSMMUG00000021124","ENSMMUT00000029715","2","7:40726548-40768080|7:40768481-40855407",0.891190296731,13.4083631008,0.067160971123
"1153","7",41010319,41141953,"circular_RNA/2",1,"+",41010319,41010319,"0,0,0",2,"874,226","0,131408",2,"circRNA","ENSMMUG00000001247","ENSMMUT00000001769","1,2","None|7:41141953-41193312",0.445595148365,13.6463514187,0.0333614107016
"1154","7",41010319,41011193,"circular_RNA/15",0,"+",41010319,41010319,"0,0,0",1,"874","0",15,"circRNA","ENSMMUG00000001247","ENSMMUT00000001769","1","None|7:41011193-41141727",3.34196361274,13.6463514187,0.24545089021
"1155","7",41508018,41516975,"circular_RNA/5",0,"-",41508018,41508018,"0,0,0",3,"81,162,87","0,4396,8870",5,"circRNA","ENSMMUG00000010949","ENSMMUT00000015323","4,3,2","7:41506297-41508018|7:41516975-41523009",1.11398787091,104.15786593,0.0107901593344
"1156","7",42025907,42028315,"circular_RNA/4",0,"-",42025907,42025907,"0,0,0",3,"160,178,101","0,1024,2307",4,"circRNA","ENSMMUG00000015447","ENSMMUT00000091858","11,10,9","7:42021037-42025907|7:42028315-42032318",0.891190296731,18.9115823262,0.047627639232
"1157","7",42046534,42055867,"circular_RNA/9",0,"-",42046534,42046534,"0,0,0",3,"169,174,113","0,2734,9220",9,"circRNA","ENSMMUG00000015447","ENSMMUT00000091858","5,4,3","7:42038561-42046534|7:42055867-42061146",2.00517816764,18.9115823262,0.106501566988
"1158","7",42061146,42061416,"circular_RNA/14",0,"-",42061146,42061146,"0,0,0",1,"270","0",14,"circRNA","ENSMMUG00000015447","ENSMMUT00000091858","2","7:42055867-42061146|7:42061416-42064557",3.11916603856,18.9115823262,0.165375494745
"1159","7",42222441,42222852,"circular_RNA/6",0,"-",42222441,42222441,"0,0,0",2,"147,176","0,235",6,"circRNA","ENSMMUG00000022056","ENSMMUT00000082729","25,24","7:42220781-42222441|7:42222852-42224791",1.3367854451,21.3050180312,0.0631848137838
"1160","7",42224791,42255921,"circular_RNA/4",0,"-",42224791,42224791,"0,0,0",7,"95,190,1097,132,117,142,129","0,4941,19275,25938,26839,30293,31001",4,"circRNA","ENSMMUG00000022056","ENSMMUT00000082729","23,22,21,20,19,18,17","7:42222852-42224791|7:42255921-42256330",0.891190296731,21.3050180312,0.0422795934496
"1161","7",43870835,43875843,"circular_RNA/11",0,"-",43870835,43870835,"0,0,0",4,"84,90,97,191","0,4164,4595,4817",11,"circRNA","ENSMMUG00000041415","ENSMMUT00000094163","5,4,3,2","7:43847233-43870835|7:43875843-43898817",2.45077331601,14.2961776767,0.172007741804
"1162","7",44804900,44809615,"circular_RNA/7",0,"+",44804900,44804900,"0,0,0",4,"85,48,91,135","0,333,3834,4580",7,"circRNA","ENSMMUG00000011699","ENSMMUT00000016388","3,4,5,6","7:44747520-44804900|7:44809615-44816471",1.55958301928,23.7279416505,0.0661212771684
"1163","7",46150599,46151190,"circular_RNA/7",0,"+",46150599,46150599,"0,0,0",2,"124,159","0,432",7,"circRNA","ENSMMUG00000014887","ENSMMUT00000020887","13,14","7:46150229-46150599|7:46151190-46152710",1.55958301928,4.32863858412,0.361768556852
"1164","7",48553694,48616480,"circular_RNA/2",0,"-",48553694,48553694,"0,0,0",14,"143,203,54,124,132,106,129,193,62,112,48,192,117,224","0,2227,19471,20899,22083,23289,24156,26705,43808,46568,57723,60307,61949,62562",2,"circRNA","ENSMMUG00000019278","ENSMMUT00000027079","41,40,39,38,37,36,35,34,33,32,31,30,29,28","7:48552564-48553694|7:48616480-48619823",0.445595148365,14.6687048034,0.0310378302764
"1165","7",48619823,48629912,"circular_RNA/4",0,"-",48619823,48619823,"0,0,0",3,"143,113,100","0,4297,9989",4,"circRNA","ENSMMUG00000019278","ENSMMUT00000027079","27,26,25","7:48616480-48619823|7:48629912-48633856",0.891190296731,14.6687048034,0.0613944015362
"1166","7",48686035,48747069,"circular_RNA/6",0,"-",48686035,48686035,"0,0,0",9,"120,196,142,122,135,117,90,127,98","0,13586,21762,31733,42433,45772,50761,58464,60936",6,"circRNA","ENSMMUG00000019278","ENSMMUT00000027079","14,13,12,11,10,9,8,7,6","7:48673287-48686035|7:48747069-48755713",1.3367854451,14.6687048034,0.0917509727962
"1167","7",48728468,48747069,"circular_RNA/3",0,"-",48728468,48728468,"0,0,0",5,"135,117,90,127,98","0,3339,8328,16031,18503",3,"circRNA","ENSMMUG00000019278","ENSMMUT00000027079","10,9,8,7,6","7:48717890-48728468|7:48747069-48755713",0.668392722548,14.6687048034,0.0462161159063
"1168","7",48736796,48780547,"circular_RNA/3",0,"-",48736796,48736796,"0,0,0",8,"90,127,98,57,100,63,95,911","0,7703,10175,18917,20762,27244,29403,42840",3,"circRNA","ENSMMUG00000019278","ENSMMUT00000027079","8,7,6,5,4,3,2,1","7:48731924-48736796|None",0.668392722548,14.6687048034,0.0462161159063
"1169","7",48764040,48780547,"circular_RNA/14",0,"-",48764040,48764040,"0,0,0",3,"63,95,911","0,2159,15596",14,"circRNA","ENSMMUG00000019278","ENSMMUT00000027079","3,2,1","7:48757658-48764040|None",3.11916603856,14.6687048034,0.213177257835
"1170","7",48779636,48780547,"circular_RNA/4",0,"-",48779636,48779636,"0,0,0",1,"911","0",4,"circRNA","ENSMMUG00000019278","ENSMMUT00000027079","1","7:48766294-48779636|None",0.891190296731,14.6687048034,0.0613944015362
"1171","7",48988957,48989180,"circular_RNA/10",0,"-",48988957,48988957,"0,0,0",1,"223","0",10,"ciRNA","ENSMMUG00000023454","ENSMMUT00000033005","16","7:48988928-48989180",2.22797574183,95.5801593244,0.023412198051
"1172","7",49091470,49092532,"circular_RNA/2",0,"-",49091470,49091470,"0,0,0",2,"66,93","0,969",2,"circRNA","ENSMMUG00000046622","ENSMMUT00000040385","3,2","7:49089371-49091470|7:49092532-49112921",0.445595148365,57.6860052488,0.00789647647875
"1173","7",49286075,49289805,"circular_RNA/4",0,"+",49286075,49286075,"0,0,0",3,"107,43,72","0,3118,3658",4,"circRNA","ENSMMUG00000006490","ENSMMUT00000040381","7,8,9","7:49284218-49286075|7:49289805-49292767",0.891190296731,31.3630431349,0.0287249882919
"1174","7",52535723,52547821,"circular_RNA/6",0,"-",52535723,52535723,"0,0,0",7,"211,119,90,156,144,252,283","0,1436,6353,8885,9185,10544,11815",6,"circRNA","ENSMMUG00000009281","ENSMMUT00000079617","11,10,9,8,7,6,5","7:52535167-52535723|7:52547821-52548983",1.3367854451,25.2960938072,0.0532198076622
"1175","7",52542076,52547821,"circular_RNA/14",0,"-",52542076,52542076,"0,0,0",5,"90,156,144,252,283","0,2532,2832,4191,5462",14,"circRNA","ENSMMUG00000009281","ENSMMUT00000079617","9,8,7,6,5","7:52537278-52542076|7:52547821-52548983",3.11916603856,25.2960938072,0.123652668895
"1176","7",52546267,52547821,"circular_RNA/87",0,"-",52546267,52546267,"0,0,0",2,"252,283","0,1271",87,"circRNA","ENSMMUG00000009281","ENSMMUT00000079617","6,5","7:52545052-52546267|7:52547821-52548983",19.3833889539,25.2960938072,0.766352527642
"1177","7",52548983,52557573,"circular_RNA/13",0,"-",52548983,52548983,"0,0,0",2,"107,177","0,8413",13,"circRNA","ENSMMUG00000009281","ENSMMUT00000079617","4,3","7:52547821-52548983|7:52557573-52564946",2.89636846437,25.2960938072,0.11484856124
"1178","7",53485192,53506244,"circular_RNA/10",0,"-",53485192,53485192,"0,0,0",8,"83,69,102,111,100,83,82,147","0,9185,10971,11696,13157,17743,17928,20905",10,"circRNA","ENSMMUG00000011045","ENSMMUT00000059248","9,8,7,6,5,4,3,2","7:53435316-53485192|7:53506244-53522777",2.22797574183,48.4584723847,0.0461738452177
"1179","7",53498349,53506244,"circular_RNA/6",0,"-",53498349,53498349,"0,0,0",4,"100,83,82,147","0,4586,4771,7748",6,"circRNA","ENSMMUG00000011045","ENSMMUT00000059248","5,4,3,2","7:53496999-53498349|7:53506244-53522777",1.3367854451,48.4584723847,0.027786835005
"1180","7",53970050,54013841,"circular_RNA/3",0,"-",53970050,53970050,"0,0,0",8,"141,112,118,76,171,213,263,161","0,11476,11852,12079,13420,18462,21589,43630",3,"circRNA","ENSMMUG00000011047","ENSMMUT00000080365","14,13,12,11,10,9,8,7","7:53949998-53970050|7:54013841-54018689",0.668392722548,8.72623832216,0.0776527262114
"1181","7",54064425,54108432,"circular_RNA/1",0,"-",54064425,54064425,"0,0,0",4,"198,71,118,65","0,21780,26419,43942",1,"circRNA","ENSMMUG00000011047","ENSMMUT00000091944","5,4,3,2","7:54023124-54064425|7:54108432-54108568",0.222797574183,8.72623832216,0.0266473470158
"1182","7",55533813,55534295,"circular_RNA/3",0,"-",55533813,55533813,"0,0,0",2,"94,149","0,333",3,"circRNA","ENSMMUG00000014207","ENSMMUT00000057156","7,6","7:55532593-55533813|7:55534295-55536815",0.668392722548,17.846085692,0.0379922416508
"1183","7",55697073,55710909,"circular_RNA/8",0,"+",55697073,55697073,"0,0,0",7,"166,138,219,70,184,140,172","0,2357,3407,7677,8878,10368,13664",8,"circRNA","ENSMMUG00000045680","ENSMMUT00000033025","3,4,5,6,7,8,9","7:55674469-55697073|7:55710909-55713155",1.78238059346,36.8358655982,0.0486453653445
"1184","7",55725531,55725871,"circular_RNA/3",0,"+",55725531,55725531,"0,0,0",2,"105,143","0,197",3,"circRNA","ENSMMUG00000045680","ENSMMUT00000033025","17,18","7:55723926-55725531|7:55725871-55729021",0.668392722548,36.8358655982,0.0184116375483
"1185","7",55749020,55751017,"circular_RNA/2",1,"+",55749020,55749020,"0,0,0",2,"342,140","0,1857",2,"circRNA","ENSMMUG00000010738","ENSMMUT00000105402","2,3","7:55743257-55749020|7:55751017-55762555",0.445595148365,4.84584723847,0.0938240282263
"1186","7",57413509,57415434,"circular_RNA/1",0,"+",57413509,57413509,"0,0,0",3,"171,109,101","0,851,1824",1,"circRNA","ENSMMUG00000056992","ENSMMUT00000102928","3,4,5","7:57392044-57413509|7:57415434-57424062",0.222797574183,40.6382775309,0.00572712026988
"1187","7",58249063,58261410,"circular_RNA/5",0,"+",58249063,58249063,"0,0,0",7,"86,132,36,156,181,216,212","0,1007,4360,4477,7329,8713,12135",5,"circRNA","ENSMMUG00000002038","ENSMMUT00000002884","17,18,19,20,21,22,23","7:58246564-58249063|7:58261410-58262348",1.11398787091,3.96984768544,0.282419820995
"1188","7",58303696,58305955,"circular_RNA/8",0,"-",58303696,58303696,"0,0,0",2,"291,233","0,2026",8,"circRNA","ENSMMUG00000009409","ENSMMUT00000087475","3,2","7:58273498-58303696|7:58305955-58313349",1.78238059346,6.23833207712,0.28685744793
"1189","7",62887603,62900909,"circular_RNA/11",0,"-",62887603,62887603,"0,0,0",7,"96,87,188,166,170,151,174","0,313,3514,7277,8679,9918,13132",11,"circRNA","ENSMMUG00000003498","ENSMMUT00000004948","8,7,6,5,4,3,2","7:62883919-62887603|7:62900909-62904113",2.45077331601,15.3730326186,0.159966722884
"1190","7",62891117,62900909,"circular_RNA/2",0,"-",62891117,62891117,"0,0,0",5,"188,166,170,151,174","0,3763,5165,6404,9618",2,"circRNA","ENSMMUG00000003498","ENSMMUT00000004948","6,5,4,3,2","7:62888003-62891117|7:62900909-62904113",0.445595148365,15.3730326186,0.0296167316069
"1191","7",62894880,62900909,"circular_RNA/3",0,"-",62894880,62894880,"0,0,0",4,"166,170,151,174","0,1402,2641,5855",3,"circRNA","ENSMMUG00000003498","ENSMMUT00000004948","5,4,3,2","7:62891305-62894880|7:62900909-62904113",0.668392722548,15.3730326186,0.044100063971
"1192","7",64420666,64433549,"circular_RNA/2",0,"+",64420666,64420666,"0,0,0",4,"371,66,193,109","0,5132,7328,12774",2,"circRNA","ENSMMUG00000011251","ENSMMUT00000060170","11,12,13,14","7:64411126-64420666|7:64433549-64445747",0.445595148365,26.847107689,0.0169636713544
"1193","7",64445747,64457253,"circular_RNA/5",0,"+",64445747,64445747,"0,0,0",3,"55,133,178","0,2880,11328",5,"circRNA","ENSMMUG00000011251","ENSMMUT00000060170","15,16,17","7:64433549-64445747|7:64457253-64470562",1.11398787091,26.847107689,0.0418506670162
"1194","7",64448627,64473097,"circular_RNA/11",0,"+",64448627,64448627,"0,0,0",4,"133,178,68,67","0,8448,21935,24403",11,"circRNA","ENSMMUG00000011251","ENSMMUT00000060170","16,17,18,19","7:64445802-64448627|7:64473097-64478090",2.45077331601,26.847107689,0.0916246583402
"1195","7",67885167,67926729,"circular_RNA/13",0,"+",67885167,67885167,"0,0,0",4,"100,200,176,168","0,2502,37968,41394",13,"circRNA","ENSMMUG00000014414","ENSMMUT00000107353","2,3,4,5","7:67859703-67885167|7:67926729-67948422",2.89636846437,20.1012922485,0.144514257386
"1196","7",68056215,68064014,"circular_RNA/3",0,"+",68056215,68056215,"0,0,0",5,"88,131,71,115,123","0,2473,3061,5396,7676",3,"circRNA","ENSMMUG00000011155","ENSMMUT00000015600","14,15,16,17,18","7:68054442-68056215|7:68064014-68069279",0.668392722548,9.06043468343,0.074791644086
"1197","7",69291023,69293052,"circular_RNA/15",0,"+",69291023,69291023,"0,0,0",2,"179,85","0,1944",15,"circRNA","ENSMMUG00000011882","ENSMMUT00000062935","8,9","7:69290151-69291023|7:69293052-69298443",3.34196361274,62.8846153131,0.053294921927
"1198","7",69291023,69306472,"circular_RNA/4",0,"+",69291023,69291023,"0,0,0",8,"179,85,164,85,164,161,125,164","0,1944,7420,8717,11905,12260,13570,15285",4,"circRNA","ENSMMUG00000011882","ENSMMUT00000062935","8,9,10,11,12,13,14,15","7:69290151-69291023|7:69306472-69316006",0.891190296731,62.8846153131,0.0143285763375
"1199","7",69298443,69299825,"circular_RNA/6",0,"+",69298443,69298443,"0,0,0",2,"164,85","0,1297",6,"circRNA","ENSMMUG00000011882","ENSMMUT00000062935","10,11","7:69293052-69298443|7:69299825-69302928",1.3367854451,62.8846153131,0.0214133664447
"1200","7",69302928,69306472,"circular_RNA/13",0,"+",69302928,69302928,"0,0,0",4,"164,161,125,164","0,355,1665,3380",13,"circRNA","ENSMMUG00000011882","ENSMMUT00000062935","12,13,14,15","7:69299825-69302928|7:69306472-69316006",2.89636846437,62.8846153131,0.0462101318197
"1201","7",72000761,72002920,"circular_RNA/2",0,"+",72000761,72000761,"0,0,0",2,"108,141","0,2018",2,"circRNA","ENSMMUG00000011782","ENSMMUT00000016513","5,6","7:71991850-72000761|7:72002920-72004837",0.445595148365,21.298055607,0.0213813572091
"1202","7",72041960,72043016,"circular_RNA/3",0,"+",72041960,72041960,"0,0,0",2,"150,149","0,907",3,"circRNA","ENSMMUG00000011782","ENSMMUT00000016513","20,21","7:72038734-72041960|7:72043016-72044517",0.668392722548,21.298055607,0.0318373827749
"1203","7",72065242,72073975,"circular_RNA/2",0,"+",72065242,72065242,"0,0,0",4,"129,141,135,179","0,1622,4059,8554",2,"circRNA","ENSMMUG00000011782","ENSMMUT00000016513","31,32,33,34","7:72063078-72065242|7:72073975-72077012",0.445595148365,21.298055607,0.0213813572091
"1204","7",72065242,72079546,"circular_RNA/8",0,"+",72065242,72065242,"0,0,0",6,"129,141,135,179,100,214","0,1622,4059,8554,11770,14090",8,"circRNA","ENSMMUG00000011782","ENSMMUT00000016513","31,32,33,34,35,36","7:72063078-72065242|7:72079546-72084671",1.78238059346,21.298055607,0.0841175106034
"1205","7",72079332,72079546,"circular_RNA/1",0,"+",72079332,72079332,"0,0,0",1,"214","0",1,"circRNA","ENSMMUG00000011782","ENSMMUT00000016513","36","7:72077112-72079332|7:72079546-72084671",0.222797574183,21.298055607,0.0109253316434
"1206","7",73429262,73443464,"circular_RNA/10",1,"+",73429262,73429262,"0,0,0",4,"165,131,187,94","0,2338,11587,14108",10,"circRNA","ENSMMUG00000004787","ENSMMUT00000068000","9,10,11,12","7:73419032-73429262|7:73443464-73455904",2.22797574183,2.55474551729,0.872591735415
"1207","7",73455904,73475476,"circular_RNA/6",0,"+",73455904,73455904,"0,0,0",5,"103,103,102,75,120","0,1428,16162,17493,19452",6,"circRNA","ENSMMUG00000004787","ENSMMUT00000068000","13,14,15,16,17","7:73443464-73455904|7:73475476-73519957",1.3367854451,2.55474551729,0.525114650175
"1208","7",78480510,78491631,"circular_RNA/7",0,"+",78480510,78480510,"0,0,0",3,"41,38,138","0,10423,10983",7,"circRNA","ENSMMUG00000005226","ENSMMUT00000099630","3,4,5","7:78459717-78480510|7:78491631-78536653",1.55958301928,4.39229503389,0.356537444037
"1209","7",80522074,80522570,"circular_RNA/6",0,"-",80522074,80522074,"0,0,0",1,"496","0",6,"circRNA","ENSMMUG00000011819","ENSMMUT00000016555","2","7:80466945-80522074|7:80522570-80537826",1.3367854451,13.5906520251,0.0990235940611
"1210","7",80605580,80658169,"circular_RNA/4",0,"-",80605580,80605580,"0,0,0",8,"104,88,197,103,39,180,137,189","0,4219,6587,8054,13336,13538,48240,52400",4,"circRNA","ENSMMUG00000011829","ENSMMUT00000016570","19,18,17,16,15,14,13,12","7:80600774-80605580|7:80658169-80669762",0.891190296731,25.5874444811,0.0352062604295
"1211","7",80653820,80681413,"circular_RNA/8",0,"-",80653820,80653820,"0,0,0",6,"137,189,118,104,101,213","0,4160,15942,18504,23606,27380",8,"circRNA","ENSMMUG00000011829","ENSMMUT00000016570","13,12,11,10,9,8","7:80619298-80653820|7:80681413-80686356",1.78238059346,25.5874444811,0.0700218568609
"1212","7",80653820,80717957,"circular_RNA/3",0,"-",80653820,80653820,"0,0,0",11,"137,189,118,104,101,213,173,89,77,144,111","0,4160,15942,18504,23606,27380,32536,59954,62026,63357,64026",3,"circRNA","ENSMMUG00000011829","ENSMMUT00000016570","13,12,11,10,9,8,7,6,5,4,3","7:80619298-80653820|7:80717957-80729782",0.668392722548,25.5874444811,0.0265023613216
"1213","7",80713774,80717957,"circular_RNA/20",0,"-",80713774,80713774,"0,0,0",4,"89,77,144,111","0,2072,3403,4072",20,"circRNA","ENSMMUG00000011829","ENSMMUT00000016570","6,5,4,3","7:80686529-80713774|7:80717957-80729782",4.45595148365,25.5874444811,0.174468646155
"1214","7",80713774,80729887,"circular_RNA/2",0,"-",80713774,80713774,"0,0,0",5,"89,77,144,111,105","0,2072,3403,4072,16008",2,"circRNA","ENSMMUG00000011829","ENSMMUT00000016570","6,5,4,3,2","7:80686529-80713774|7:80729887-80777120",0.445595148365,25.5874444811,0.0177984622137
"1215","7",82201633,82209187,"circular_RNA/6",0,"+",82201633,82201633,"0,0,0",5,"51,97,76,103,163","0,4111,4631,5846,7391",6,"circRNA","ENSMMUG00000016253","ENSMMUT00000084685","4,5,6,7,8","7:82200309-82201633|7:82209187-82209750",1.3367854451,29.996655215,0.0448828913269
"1216","7",83259055,83262436,"circular_RNA/1",0,"-",83259055,83259055,"0,0,0",7,"170,76,113,126,119,127,136","0,711,1105,1959,2584,3013,3245",1,"circRNA","ENSMMUG00000015000","ENSMMUT00000021030","22,21,20,19,18,17,16","7:83255778-83259055|7:83262436-83263484",0.222797574183,26.2366423358,0.00886961353778
"1217","7",83390405,83391212,"circular_RNA/1",0,"+",83390405,83390405,"0,0,0",2,"261,231","0,576",1,"circRNA","ENSMMUG00000015004","ENSMMUT00000021034","4,5","7:83389516-83390405|7:83391212-83393237",0.222797574183,30.9688628114,0.00751472304197
"1218","7",83395993,83396156,"circular_RNA/2",1,"+",83395993,83395993,"0,0,0",1,"163","0",2,"ciRNA","ENSMMUG00000015004","ENSMMUT00000021034","8","7:83395993-83397148",0.445595148365,30.9688628114,0.0147066453387
"1219","7",83403832,83404541,"circular_RNA/53",0,"-",83403832,83403832,"0,0,0",2,"405,218","0,491",53,"circRNA","ENSMMUG00000062638","ENSMMUT00000101972","3,2","7:83402535-83403832|7:83404541-83412050",11.8082714317,10.0258908382,1.17760063578
"1220","7",84931797,84935213,"circular_RNA/12",0,"-",84931797,84931797,"0,0,0",2,"171,116","0,3300",12,"circRNA","ENSMMUG00000018381","ENSMMUT00000025831","4,3","7:84930937-84931797|7:84935213-84937272",2.67357089019,20.185460221,0.132879907703
"1221","7",84931797,84937348,"circular_RNA/6",0,"-",84931797,84931797,"0,0,0",3,"171,116,76","0,3300,5475",6,"circRNA","ENSMMUG00000018381","ENSMMUT00000025831","4,3,2","7:84930937-84931797|7:84937348-84944943",1.3367854451,20.185460221,0.0666875342459
"1222","7",84935097,84937348,"circular_RNA/13",0,"-",84935097,84935097,"0,0,0",2,"116,76","0,2175",13,"circRNA","ENSMMUG00000018381","ENSMMUT00000025831","3,2","7:84931968-84935097|7:84937348-84944943",2.89636846437,20.185460221,0.143911969946
"1223","7",84952015,84953510,"circular_RNA/8",0,"-",84952015,84952015,"0,0,0",4,"164,50,113,135","0,372,556,1360",8,"circRNA","ENSMMUG00000001035","ENSMMUT00000060960","7,6,5,4","7:84950967-84952015|7:84953510-84953995",1.78238059346,17.8238059346,0.100504659523
"1224","7",85069538,85069845,"circular_RNA/4",0,"-",85069538,85069538,"0,0,0",1,"307","0",4,"circRNA","ENSMMUG00000006007","ENSMMUT00000008403","2","7:85062331-85069538|7:85069845-85070757",0.891190296731,156.738093438,0.00574929032287
"1225","7",86248086,86248255,"circular_RNA/4",0,"+",86248086,86248086,"0,0,0",1,"169","0",4,"circRNA","ENSMMUG00000012474","ENSMMUT00000096835","21","7:86247807-86248086|7:86248255-86248364",0.891190296731,29.8325951831,0.0301981208806
"1226","7",86299796,86300211,"circular_RNA/8",0,"-",86299796,86299796,"0,0,0",2,"178,150","0,265",8,"circRNA","ENSMMUG00000012493","ENSMMUT00000017519","3,2","7:86298739-86299796|7:86300211-86301799",1.78238059346,8.4106084254,0.21285642354
"1227","7",92724777,92735793,"circular_RNA/9",0,"+",92724777,92724777,"0,0,0",4,"88,90,56,86","0,3529,9897,10930",9,"circRNA","ENSMMUG00000019692","ENSMMUT00000027663","6,7,8,9","7:92723243-92724777|7:92735793-92738850",2.00517816764,39.2972483225,0.0512673426312
"1228","7",93016503,93037171,"circular_RNA/2",0,"-",93016503,93016503,"0,0,0",5,"111,142,130,174,82","0,5924,6871,17173,20586",2,"circRNA","ENSMMUG00000011515","ENSMMUT00000016128","8,7,6,5,4","7:93000728-93016503|7:93037171-93042185",0.445595148365,15.6376047379,0.0291159673315
"1229","7",93204254,93210760,"circular_RNA/6",0,"-",93204254,93204254,"0,0,0",4,"138,202,128,86","0,1821,5730,6420",6,"circRNA","ENSMMUG00000003120","ENSMMUT00000080052","36,35,34,33","7:93203943-93204254|7:93210760-93210847",1.3367854451,34.6945333574,0.0388071907272
"1230","7",93214111,93231612,"circular_RNA/3",0,"-",93214111,93214111,"0,0,0",8,"223,157,123,134,222,837,177,167","0,3405,5072,6853,11469,12376,17063,17334",3,"circRNA","ENSMMUG00000003120","ENSMMUT00000080052","29,28,27,26,25,24,23,22","7:93211912-93214111|7:93231612-93232816",0.668392722548,34.6945333574,0.0195476687602
"1231","7",93217516,93221098,"circular_RNA/5",0,"-",93217516,93217516,"0,0,0",3,"157,123,134","0,1667,3448",5,"circRNA","ENSMMUG00000003120","ENSMMUT00000080052","28,27,26","7:93214334-93217516|7:93221098-93225580",1.11398787091,34.6945333574,0.0323873500714
"1232","7",93231174,93276532,"circular_RNA/4",0,"-",93231174,93231174,"0,0,0",22,"177,167,324,140,135,106,95,147,135,77,264,223,171,139,175,115,99,77,271,282,228,235","0,271,1642,2247,3289,6237,8153,10440,11135,15991,16166,17281,24941,25314,35081,35820,38299,38484,39917,40286,41663,45123",4,"circRNA","ENSMMUG00000003120","ENSMMUT00000080052","23,22,21,20,19,18,17,16,15,14,13,12,11,10,9,8,7,6,5,4,3,2","7:93227324-93231174|7:93276532-93306339",0.891190296731,34.6945333574,0.0259675094159
"1233","7",94164665,94168548,"circular_RNA/112",0,"+",94164665,94164665,"0,0,0",2,"1404,2478","0,1405",112,"circRNA","ENSMMUG00000016346","ENSMMUT00000039936","2,3","7:94150873-94164665|7:94168548-94186752",24.9533283085,58.5066429804,0.426602194471
"1234","7",94164665,94186900,"circular_RNA/67",0,"+",94164665,94164665,"0,0,0",3,"1404,2478,148","0,1405,22087",67,"circRNA","ENSMMUG00000016346","ENSMMUT00000039936","2,3,4","7:94150873-94164665|7:94186900-94210920",14.9274374702,58.5066429804,0.255268188833
"1235","7",96870473,96944346,"circular_RNA/4",0,"-",96870473,96870473,"0,0,0",10,"147,139,96,167,100,135,88,102,144,279","0,1969,2885,11961,12812,14577,19240,23044,38341,73594",4,"circRNA","ENSMMUG00000058073","ENSMMUT00000104638","11,10,9,8,7,6,5,4,3,2","7:96864054-96870473|7:96944346-96958597",0.891190296731,46.2884240122,0.0194648158325
"1236","7",96882434,96893619,"circular_RNA/1",0,"-",96882434,96882434,"0,0,0",5,"167,100,135,88,102","0,851,2616,7279,11083",1,"circRNA","ENSMMUG00000058073","ENSMMUT00000104638","8,7,6,5,4","7:96873454-96882434|7:96893619-96908814",0.222797574183,46.2884240122,0.00502819651316
"1237","7",96944067,96944346,"circular_RNA/35",0,"-",96944067,96944067,"0,0,0",1,"279","0",35,"circRNA","ENSMMUG00000058073","ENSMMUT00000104638","2","7:96908958-96944067|7:96944346-96958597",7.79791509639,46.2884240122,0.168643215465
"1238","7",97668111,97706652,"circular_RNA/11",0,"-",97668111,97668111,"0,0,0",4,"156,124,72,862","0,16212,35940,37679",11,"circRNA","ENSMMUG00000016487","ENSMMUT00000023152","36,35,34,33","7:97645404-97668111|7:97706652-97715717",2.45077331601,14.8001245707,0.166154802025
"1239","7",97832470,97834884,"circular_RNA/19",0,"-",97832470,97832470,"0,0,0",2,"139,116","0,2298",19,"circRNA","ENSMMUG00000016487","ENSMMUT00000023152","8,7","7:97831173-97832470|7:97834884-97838020",4.23315390947,14.8001245707,0.286503593485
"1240","7",101133853,101146950,"circular_RNA/3",0,"-",101133853,101133853,"0,0,0",4,"116,159,145,80","0,1546,11840,13017",3,"circRNA","ENSMMUG00000003184","ENSMMUT00000080512","9,8,7,6","7:101126817-101133853|7:101146950-101160236",0.668392722548,19.1482137367,0.0354100195285
"1241","7",101187500,101201548,"circular_RNA/4",0,"+",101187500,101187500,"0,0,0",6,"90,60,114,45,69,111","0,529,4353,6946,10206,13937",4,"circRNA","ENSMMUG00000021028","ENSMMUT00000039900","3,4,5,6,7,8","7:101184121-101187500|7:101201548-101203000",0.891190296731,4.99066566169,0.180214067026
"1242","7",101251211,101251583,"circular_RNA/11",0,"+",101251211,101251211,"0,0,0",2,"156,139","0,233",11,"circRNA","ENSMMUG00000049567","ENSMMUT00000093885","7,8","7:101250024-101251211|7:101251583-101252556",2.45077331601,58.0228539621,0.042403106999
"1243","7",101375954,101390240,"circular_RNA/7",0,"+",101375954,101375954,"0,0,0",7,"123,121,47,91,139,102,61","0,2022,3377,4196,8321,12838,14225",7,"circRNA","ENSMMUG00000021121","ENSMMUT00000039893","14,15,16,17,18,19,20","7:101370982-101375954|7:101390240-101391075",1.55958301928,9.43851541538,0.166119538391
"1244","7",101388792,101402022,"circular_RNA/9",0,"+",101388792,101388792,"0,0,0",7,"102,61,36,68,83,129,159","0,1387,2283,4589,5874,7578,13071",9,"circRNA","ENSMMUG00000021121","ENSMMUT00000039893","19,20,21,22,23,24,25","7:101384414-101388792|7:101402022-101422897",2.00517816764,9.43851541538,0.21327987298
"1245","7",107239526,107240425,"circular_RNA/4",0,"-",107239526,107239526,"0,0,0",1,"899","0",4,"circRNA","ENSMMUG00000017678","ENSMMUT00000062053","2","7:107228818-107239526|7:107240425-107257241",0.891190296731,4.84584723847,0.185588683596
"1246","7",107303972,107351551,"circular_RNA/4",1,"+",107303972,107303972,"0,0,0",11,"233,101,99,176,154,154,106,236,159,127,119","0,3376,17517,19335,20214,24588,36315,37261,38978,45267,47460",4,"circRNA","ENSMMUG00000010860","ENSMMUT00000015190","6,7,8,9,10,11,12,13,14,15,16","7:107301009-107303972|7:107351551-107364838",0.891190296731,8.33262927443,0.108022335296
"1247","7",107307348,107328714,"circular_RNA/6",0,"+",107307348,107307348,"0,0,0",5,"101,99,176,154,154","0,14141,15959,16838,21212",6,"circRNA","ENSMMUG00000010860","ENSMMUT00000015190","7,8,9,10,11","7:107304205-107307348|7:107328714-107340287",1.3367854451,8.33262927443,0.161434171506
"1248","7",107307348,107351551,"circular_RNA/4",0,"+",107307348,107307348,"0,0,0",10,"101,99,176,154,154,106,236,159,127,119","0,14141,15959,16838,21212,32939,33885,35602,41891,44084",4,"circRNA","ENSMMUG00000010860","ENSMMUT00000015190","7,8,9,10,11,12,13,14,15,16","7:107304205-107307348|7:107351551-107364838",0.891190296731,8.33262927443,0.108022335296
"1249","7",107480400,107482309,"circular_RNA/2",0,"+",107480400,107480400,"0,0,0",1,"1909","0",2,"circRNA","ENSMMUG00000016513","ENSMMUT00000023194","14","7:107478237-107480400|7:107482309-107487072",0.445595148365,5.13447136866,0.0885601485005
"1250","7",111992787,111993175,"circular_RNA/4",0,"-",111992787,111992787,"0,0,0",2,"198,78","0,310",4,"circRNA","ENSMMUG00000008214","ENSMMUT00000094547","28,27","7:111990163-111992787|7:111993175-111999495",0.891190296731,24.7750902491,0.0363601781423
"1251","7",112005860,112006699,"circular_RNA/8",0,"-",112005860,112005860,"0,0,0",3,"121,59,58","0,216,781",8,"circRNA","ENSMMUG00000008214","ENSMMUT00000094547","22,21,20","7:112004400-112005860|7:112006699-112009429",1.78238059346,24.7750902491,0.0723168879131
"1252","7",112342028,112358678,"circular_RNA/4",0,"-",112342028,112342028,"0,0,0",6,"117,173,118,163,120,223","0,4613,5906,11622,11929,16427",4,"circRNA","ENSMMUG00000007464","ENSMMUT00000094167","18,17,16,15,14,13","7:112338792-112342028|7:112358678-112361472",0.891190296731,19.1818101963,0.046957024247
"1253","7",112353650,112354077,"circular_RNA/2",0,"-",112353650,112353650,"0,0,0",2,"163,120","0,307",2,"circRNA","ENSMMUG00000007464","ENSMMUT00000094167","15,14","7:112348052-112353650|7:112354077-112358455",0.445595148365,19.1818101963,0.0237390399189
"1254","7",112384749,112405067,"circular_RNA/2",0,"-",112384749,112384749,"0,0,0",4,"111,144,204,165","0,1899,7483,20153",2,"circRNA","ENSMMUG00000007464","ENSMMUT00000094167","6,5,4,3","7:112378451-112384749|7:112405067-112406176",0.445595148365,19.1818101963,0.0237390399189
"1255","7",116815158,116815677,"circular_RNA/6",0,"+",116815158,116815158,"0,0,0",1,"519","0",6,"circRNA","ENSMMUG00000010315","ENSMMUT00000062442","3","7:116679752-116815158|7:116815677-116850482",1.3367854451,3.34196361274,0.401789995566
"1256","7",117069875,117070789,"circular_RNA/5",1,"-",117069875,117069875,"0,0,0",2,"132,115","0,799",5,"circRNA","ENSMMUG00000000302","ENSMMUT00000067415","17,16","7:117066569-117069875|7:117070789-117086546",1.11398787091,3.46789267641,0.323180723354
"1257","7",117086546,117108479,"circular_RNA/2",0,"-",117086546,117086546,"0,0,0",9,"157,138,242,185,188,208,142,107,93","0,3195,5611,7474,9984,14868,19756,20135,21840",2,"circRNA","ENSMMUG00000000302","ENSMMUT00000067415","15,14,13,12,11,10,9,8,7","7:117070789-117086546|7:117108479-117114130",0.445595148365,3.46789267641,0.130997471962
"1258","7",117712468,117719822,"circular_RNA/1",0,"+",117712468,117712468,"0,0,0",4,"553,138,171,131","0,4549,6005,7223",1,"circRNA","ENSMMUG00000006650","ENSMMUT00000009315","1,2,3,4","None|7:117719822-117728724",0.222797574183,21.8939372288,0.0106281154731
"1259","7",119340849,119342313,"circular_RNA/8",0,"-",119340849,119340849,"0,0,0",2,"148,95","0,1369",8,"circRNA","ENSMMUG00000018278","ENSMMUT00000025683","3,2","7:119338501-119340849|7:119342313-119363529",1.78238059346,26.2204895116,0.0683319536476
"1260","7",120306136,120316939,"circular_RNA/13",0,"+",120306136,120306136,"0,0,0",4,"80,36,80,74","0,6632,10567,10729",13,"circRNA","ENSMMUG00000003508","ENSMMUT00000108418","7,8,9,10","7:120304629-120306136|7:120316939-120322969",2.89636846437,29.7558537964,0.0976410246536
"1261","7",120565981,120570621,"circular_RNA/2",0,"+",120565981,120565981,"0,0,0",2,"200,160","0,4480",2,"circRNA","ENSMMUG00000001084","ENSMMUT00000055333","21,22","7:120561086-120565981|7:120570621-120571359",0.445595148365,6.81919718123,0.0667128413889
"1262","7",121586603,121594429,"circular_RNA/10",0,"+",121586603,121586603,"0,0,0",2,"155,207","0,7619",10,"circRNA","ENSMMUG00000008715","ENSMMUT00000096016","2,3","7:121583426-121586603|7:121594429-121598016",2.22797574183,6.18263268357,0.361393264575
"1263","7",121586603,121598198,"circular_RNA/7",0,"+",121586603,121586603,"0,0,0",3,"155,207,182","0,7619,11413",7,"circRNA","ENSMMUG00000008715","ENSMMUT00000096016","2,3,4","7:121583426-121586603|7:121598198-121601607",1.55958301928,6.18263268357,0.253459731827
"1264","7",123793397,123795088,"circular_RNA/4",0,"+",123793397,123793397,"0,0,0",3,"191,146,85","0,1376,1606",4,"circRNA","ENSMMUG00000021002","ENSMMUT00000071535","2,3,4","7:123769495-123793397|7:123795088-123799985",0.891190296731,173.540743824,0.00519266167851
"1265","7",123812352,123815441,"circular_RNA/5",0,"+",123812352,123812352,"0,0,0",3,"287,123,434","0,2409,2655",5,"circRNA","ENSMMUG00000021002","ENSMMUT00000071535","10,11,12","7:123811380-123812352|7:123815441-123819304",1.11398787091,173.540743824,0.00647642208926
"1266","7",126126439,126144271,"circular_RNA/10",0,"+",126126439,126126439,"0,0,0",6,"156,266,2104,323,145,219","0,1566,3518,7815,14969,17613",10,"circRNA","ENSMMUG00000001008","ENSMMUT00000001438","46,47,48,49,50,51","7:126111290-126126439|7:126144271-126149247",2.22797574183,5.04182658613,0.443003278849
"1267","7",126204998,126207223,"circular_RNA/6",1,"+",126204998,126204998,"0,0,0",3,"153,210,102","0,272,2123",6,"circRNA","ENSMMUG00000001008","ENSMMUT00000001438","72,73,74","7:126203888-126204998|7:126207223-126208455",1.3367854451,5.04182658613,0.266593760126
"1268","7",126585620,126587536,"circular_RNA/22",0,"+",126585620,126585620,"0,0,0",1,"1916","0",22,"circRNA","ENSMMUG00000004748","ENSMMUT00000006711","1","None|7:126587536-126596001",4.90154663202,18.7149962313,0.262298938347
"1269","7",127652391,127652821,"circular_RNA/11",1,"+",127652391,127652391,"0,0,0",1,"430","0",11,"circRNA","ENSMMUG00000013848","ENSMMUT00000019435","3","7:127550971-127652391|7:127652821-127711729",2.45077331601,2.09086954233,1.17131181467
"1270","7",129085478,129184785,"circular_RNA/5",0,"+",129085478,129085478,"0,0,0",3,"135,43,138","0,59579,99169",5,"circRNA","ENSMMUG00000009520","ENSMMUT00000013280","9,10,11","7:129043909-129085478|7:129184785-129220838",1.11398787091,45.0830891359,0.024925945249
"1271","7",129474571,129479586,"circular_RNA/1",0,"-",129474571,129474571,"0,0,0",4,"104,45,68,80","0,1643,3375,4935",1,"circRNA","ENSMMUG00000021418","ENSMMUT00000060940","5,4,3,2","7:129472249-129474571|7:129479586-129488583",0.222797574183,71.5180213126,0.00325463461607
"1272","7",129493651,129505164,"circular_RNA/5",0,"+",129493651,129493651,"0,0,0",2,"242,80","0,11433",5,"circRNA","ENSMMUG00000021419","ENSMMUT00000030152","2,3","7:129489383-129493651|7:129505164-129507107",1.11398787091,54.5111398167,0.0206156341318
"1273","7",129935456,129940489,"circular_RNA/1",0,"-",129935456,129935456,"0,0,0",4,"152,69,84,609","0,563,4083,4424",1,"circRNA","ENSMMUG00000015871","ENSMMUT00000022304","13,12,11,10","7:129932039-129935456|7:129940489-129942457",0.222797574183,57.8104005611,0.00402621863432
"1274","7",133065581,133082134,"circular_RNA/1",0,"+",133065581,133065581,"0,0,0",4,"106,46,90,1710","0,5814,6637,14843",1,"circRNA","ENSMMUG00000019470","ENSMMUT00000057703","3,4,5,6","7:133054807-133065581|7:133082134-133092037",0.222797574183,10.3187105071,0.022538880727
"1275","7",133116110,133122229,"circular_RNA/4",0,"+",133116110,133116110,"0,0,0",2,"218,154","0,5965",4,"circRNA","ENSMMUG00000019470","ENSMMUT00000057703","11,12","7:133114685-133116110|7:133122229-133126533",0.891190296731,10.3187105071,0.0872509977031
"1276","7",133148280,133150881,"circular_RNA/2",0,"+",133148280,133148280,"0,0,0",3,"110,106,93","0,511,2508",2,"circRNA","ENSMMUG00000019470","ENSMMUT00000057703","17,18,19","7:133132214-133148280|7:133150881-133157686",0.445595148365,10.3187105071,0.0441095863856
"1277","7",135233274,135241429,"circular_RNA/2",0,"+",135233274,135233274,"0,0,0",7,"223,90,74,151,325,275,99","0,336,1948,3812,6738,7435,8056",2,"circRNA","ENSMMUG00000002332","ENSMMUT00000003306","10,11,12,13,14,15,16","7:135230850-135233274|7:135241429-135243751",0.445595148365,38.3473942387,0.0118776355226
"1278","7",136892803,136894725,"circular_RNA/2",0,"+",136892803,136892803,"0,0,0",2,"180,992","0,930",2,"circRNA","ENSMMUG00000004255","ENSMMUT00000086269","3,4","7:136890695-136892803|7:136894725-136910024",0.445595148365,14.0948781141,0.032300537777
"1279","7",137142481,137162344,"circular_RNA/7",1,"-",137142481,137142481,"0,0,0",8,"160,112,72,73,105,86,99,3352","0,1539,3215,8180,9693,11391,12462,16511",7,"circRNA","ENSMMUG00000002911","ENSMMUT00000085079","9,8,7,6,5,4,3,2","7:137134950-137142481|7:137162344-137176043",1.55958301928,1.87149962313,0.834219151566
"1280","7",137158992,137162344,"circular_RNA/63",0,"-",137158992,137158992,"0,0,0",1,"3352","0",63,"circRNA","ENSMMUG00000002911","ENSMMUT00000085079","2","7:137155042-137158992|7:137162344-137176043",14.0362471735,1.87149962313,7.46545308903
"1281","7",137747885,137751839,"circular_RNA/19",0,"+",137747885,137747885,"0,0,0",2,"142,141","0,3813",19,"circRNA","ENSMMUG00000017665","ENSMMUT00000060089","2,3","7:137705969-137747885|7:137751839-137760641",4.23315390947,21.945561057,0.193261010204
"1282","7",137984833,138023099,"circular_RNA/6",1,"+",137984833,137984833,"0,0,0",3,"196,218,83","0,18970,38183",6,"circRNA","ENSMMUG00000012065","ENSMMUT00000016897","29,30,31","7:137941793-137984833|7:138023099-138027483",1.3367854451,3.92123730562,0.342585639176
"1283","7",138283020,138310175,"circular_RNA/4",1,"+",138283020,138283020,"0,0,0",7,"672,65,177,80,68,55,86","0,12894,18086,19773,22888,24247,27069",4,"circRNA","ENSMMUG00000008792","ENSMMUT00000085899","2,3,4,5,6,7,8","7:138280640-138283020|7:138310175-138325493",0.891190296731,15.6453407648,0.057564399924
"1284","7",139403119,139412412,"circular_RNA/2",0,"-",139403119,139403119,"0,0,0",6,"110,83,107,160,109,109","0,2856,3618,5260,7008,9184",2,"circRNA","ENSMMUG00000001095","ENSMMUT00000039639","9,8,7,6,5,4","7:139397816-139403119|7:139412412-139413947",0.445595148365,4.34455269656,0.104625016646
"1285","7",142873862,142910429,"circular_RNA/1",1,"-",142873862,142873862,"0,0,0",4,"193,60,177,165","0,14282,18889,36402",1,"circRNA","ENSMMUG00000019710","ENSMMUT00000068991","19,18,17,16","7:142711183-142873862|7:142910429-142917321",0.222797574183,3.17779697913,0.0730277290891
"1286","7",143401456,143403295,"circular_RNA/1",0,"-",143401456,143401456,"0,0,0",1,"1839","0",1,"circRNA","ENSMMUG00000022124","ENSMMUT00000109859","4","7:143394878-143401456|7:143403295-143493109",0.222797574183,38.3490324562,0.00606891152557
"1287","7",152076272,152077368,"circular_RNA/4",1,"-",152076272,152076272,"0,0,0",2,"91,102","0,994",4,"circRNA","ENSMMUG00000004459","ENSMMUT00000066424","5,4","7:151940074-152076272|7:152077368-152095112",0.891190296731,1.73782107862,0.515607866134
"1288","7",152785909,152788832,"circular_RNA/5",0,"-",152785909,152785909,"0,0,0",2,"161,73","0,2850",5,"circRNA","ENSMMUG00000000321","ENSMMUT00000057002","15,14","7:152760225-152785909|7:152788832-152794748",1.11398787091,15.5624105567,0.0721781555153
"1289","7",153330338,153337342,"circular_RNA/1",1,"+",153330338,153330338,"0,0,0",1,"7004","0",1,"ciRNA","ENSMMUG00000008964","ENSMMUT00000039579","7","7:153330338-153337342",0.222797574183,7.77934863188,0.0298866548649
"1290","7",153935005,153945176,"circular_RNA/16",0,"-",153935005,153935005,"0,0,0",6,"192,117,101,76,92,168","0,5363,5878,6558,8159,10003",16,"circRNA","ENSMMUG00000011745","ENSMMUT00000016448","8,7,6,5,4,3","7:153930294-153935005|7:153945176-153955493",3.56476118692,107.261117857,0.0333245449319
"1291","7",153940368,153945176,"circular_RNA/3",0,"-",153940368,153940368,"0,0,0",5,"117,101,76,92,168","0,515,1195,2796,4640",3,"circRNA","ENSMMUG00000011745","ENSMMUT00000016448","7,6,5,4,3","7:153935197-153940368|7:153945176-153955493",0.668392722548,107.261117857,0.00632409483653
"1292","7",154139601,154145911,"circular_RNA/8",0,"-",154139601,154139601,"0,0,0",4,"104,164,194,141","0,1525,5450,6169",8,"circRNA","ENSMMUG00000018319","ENSMMUT00000025741","15,14,13,12","7:154135280-154139601|7:154145911-154147543",1.78238059346,14.0231414339,0.127724829248
"1293","7",154301223,154302510,"circular_RNA/5",0,"+",154301223,154301223,"0,0,0",2,"101,201","0,1086",5,"circRNA","ENSMMUG00000000699","ENSMMUT00000109761","10,11","7:154290278-154301223|7:154302510-154303663",1.11398787091,35.2975013955,0.0318342512635
"1294","7",154959922,154960150,"circular_RNA/4",0,"+",154959922,154959922,"0,0,0",1,"228","0",4,"circRNA","ENSMMUG00000015169","ENSMMUT00000021274","3","7:154950851-154959922|7:154960150-154962558",0.891190296731,31.9436021984,0.0282030893148
"1295","7",154962558,154969713,"circular_RNA/19",0,"+",154962558,154962558,"0,0,0",3,"220,124,171","0,947,6984",19,"circRNA","ENSMMUG00000015169","ENSMMUT00000021274","4,5,6","7:154960150-154962558|7:154969713-154973158",4.23315390947,31.9436021984,0.13279109764
"1296","7",154963505,154969713,"circular_RNA/3",0,"+",154963505,154963505,"0,0,0",2,"124,171","0,6037",3,"circRNA","ENSMMUG00000015169","ENSMMUT00000021274","5,6","7:154962778-154963505|7:154969713-154973158",0.668392722548,31.9436021984,0.0212305554265
"1297","7",154973158,154978442,"circular_RNA/1",0,"+",154973158,154973158,"0,0,0",2,"129,99","0,5185",1,"circRNA","ENSMMUG00000015169","ENSMMUT00000021274","7,8","7:154969713-154973158|7:154978442-154987592",0.222797574183,31.9436021984,0.0072854876498
"1298","7",158504453,158513677,"circular_RNA/14",0,"-",158504453,158504453,"0,0,0",8,"81,200,151,173,158,143,196,103","0,240,1388,2304,2860,7315,7756,9121",14,"circRNA","ENSMMUG00000003658","ENSMMUT00000005180","23,22,21,20,19,18,17,16","7:158502740-158504453|7:158513677-158515321",3.11916603856,11.565815248,0.270319279595
"1299","7",158531146,158536798,"circular_RNA/3",0,"-",158531146,158531146,"0,0,0",5,"180,163,103,153,163","0,1549,2955,3534,5489",3,"circRNA","ENSMMUG00000003658","ENSMMUT00000005180","6,5,4,3,2","7:158524459-158531146|7:158536798-158553327",0.668392722548,11.565815248,0.0586043149458
"1300","7",161660406,161667936,"circular_RNA/2",0,"-",161660406,161660406,"0,0,0",5,"257,73,149,93,111","0,853,2909,5221,7419",2,"circRNA","ENSMMUG00000001199","ENSMMUT00000001700","6,5,4,3,2","7:161614058-161660406|7:161667936-161683301",0.445595148365,32.6584110823,0.0139460455306
"1301","7",162298871,162312358,"circular_RNA/3",0,"+",162298871,162298871,"0,0,0",2,"169,178","0,13309",3,"circRNA","ENSMMUG00000015434","ENSMMUT00000107744","2,3","7:162186586-162298871|7:162312358-162335200",0.668392722548,40.6605572883,0.0166801924483
"1302","7",162479398,162479561,"circular_RNA/10",0,"+",162479398,162479398,"0,0,0",1,"163","0",10,"circRNA","ENSMMUG00000029197","ENSMMUT00000039491","3","7:162455462-162479398|7:162479561-162491830",2.22797574183,39.1232540265,0.0571885931161
"1303","7",164216837,164222917,"circular_RNA/4",0,"+",164216837,164216837,"0,0,0",7,"33,45,141,177,111,120,240","0,102,2981,3485,3796,3991,5840",4,"circRNA","ENSMMUG00000005780","ENSMMUT00000092556","11,12,13,14,15,16,17","7:164212855-164216837|7:164222917-164225703",0.891190296731,48.3324158625,0.018641813419
"1304","7",164239200,164242387,"circular_RNA/17",0,"+",164239200,164239200,"0,0,0",2,"157,228","0,2959",17,"circRNA","ENSMMUG00000005780","ENSMMUT00000092556","35,36","7:164238723-164239200|7:164242387-164242902",3.78755876111,48.3324158625,0.0785554195701
"1305","7",164310179,164313013,"circular_RNA/4",0,"-",164310179,164310179,"0,0,0",7,"148,191,166,321,134,367,162","0,250,866,1147,1762,2216,2672",4,"circRNA","ENSMMUG00000054990","ENSMMUT00000102753","8,7,6,5,4,3,2","7:164309944-164310179|7:164313013-164313611",0.891190296731,465.847447859,0.00193447652468
"1306","7",164560140,164568140,"circular_RNA/13",0,"+",164560140,164560140,"0,0,0",2,"903,225","0,7775",13,"circRNA","ENSMMUG00000010493","ENSMMUT00000014684","2,3","7:164551846-164560140|7:164568140-164572042",2.89636846437,1.7081147354,1.69160324656
"1307","7",164560140,164573324,"circular_RNA/3",0,"+",164560140,164560140,"0,0,0",4,"903,225,93,150","0,7775,11902,13034",3,"circRNA","ENSMMUG00000010493","ENSMMUT00000014684","2,3,4,5","7:164551846-164560140|7:164573324-164576917",0.668392722548,1.7081147354,0.394847159256
"1308","7",164664353,164668737,"circular_RNA/3",0,"+",164664353,164664353,"0,0,0",2,"313,133","0,4251",3,"circRNA","ENSMMUG00000003484","ENSMMUT00000004934","7,8","7:164654368-164664353|7:164668737-164672074",0.668392722548,6.57908130822,0.102957102943
"1309","7",164668604,164675785,"circular_RNA/3",0,"+",164668604,164668604,"0,0,0",3,"133,333,977","0,3470,6204",3,"circRNA","ENSMMUG00000003484","ENSMMUT00000059634","6,7,8","7:164664666-164668604|7:164675785-164678569",0.668392722548,6.57908130822,0.102957102943
"1310","7",165220503,165222711,"circular_RNA/2",0,"-",165220503,165220503,"0,0,0",6,"71,106,118,118,85,98","0,202,1495,1713,1929,2110",2,"circRNA","ENSMMUG00000008380","ENSMMUT00000094888","37,36,35,34,33,32","7:165215916-165220503|7:165222711-165226207",0.445595148365,22.8553178182,0.0199251614164
"1311","7",165971023,165971851,"circular_RNA/8",0,"+",165971023,165971023,"0,0,0",2,"79,226","0,602",8,"circRNA","ENSMMUG00000006803","ENSMMUT00000023903","7,8","7:165965824-165971023|7:165971851-165978030",1.78238059346,21.6113646957,0.0828985875168
"1312","7",165971023,165982849,"circular_RNA/5",0,"+",165971023,165971023,"0,0,0",6,"79,226,88,102,174,100","0,602,7007,7682,11417,11726",5,"circRNA","ENSMMUG00000006803","ENSMMUT00000023903","7,8,9,10,11,12","7:165965824-165971023|7:165982849-165985022",1.11398787091,21.6113646957,0.0519850567589
"1313","7",166062651,166062826,"circular_RNA/2",0,"-",166062651,166062651,"0,0,0",1,"175","0",2,"circRNA","ENSMMUG00000018123","ENSMMUT00000084359","6","7:166061777-166062651|7:166062826-166066842",0.445595148365,16.8212168508,0.0270684616807
"1314","7",166235261,166237000,"circular_RNA/3",0,"-",166235261,166235261,"0,0,0",2,"24,124","0,1615",3,"circRNA","ENSMMUG00000004915","ENSMMUT00000006936","4,3","7:166233973-166235261|7:166237000-166242760",0.668392722548,92.7951896471,0.00730985761817
"1315","7",167657861,167663118,"circular_RNA/14",0,"+",167657861,167657861,"0,0,0",3,"88,90,126","0,2652,5131",14,"circRNA","ENSMMUG00000022939","ENSMMUT00000032290","2,3,4","7:167621838-167657861|7:167663118-167676119",3.11916603856,14.6465187897,0.213499950668
"1316","6",200925,209750,"circular_RNA/6",0,"+",200925,200925,"0,0,0",6,"87,162,144,165,149,125","0,813,1876,2340,4630,8700",6,"circRNA","ENSMMUG00000014452","ENSMMUT00000066171","2,3,4,5,6,7","6:195555-200925|6:209750-212228",1.3367854451,44.4481160494,0.0302933539425
"1317","6",214307,226244,"circular_RNA/5",0,"+",214307,214307,"0,0,0",6,"196,172,119,112,131,114","0,1282,5830,9278,9602,11823",5,"circRNA","ENSMMUG00000014452","ENSMMUT00000066171","9,10,11,12,13,14","6:212397-214307|6:226244-228115",1.11398787091,44.4481160494,0.0252819500867
"1318","6",1517549,1535447,"circular_RNA/1",0,"-",1517549,1517549,"0,0,0",7,"114,131,112,671,118,172,196","0,1977,2334,4972,12197,16074,17702",1,"circRNA","ENSMMUG00000059497","ENSMMUT00000078689","13,12,11,10,9,8,7","6:1515466-1517549|6:1535447-1537026",0.222797574183,9.23753019111,0.0251740269425
"1319","6",3544864,3546323,"circular_RNA/21",0,"+",3544864,3544864,"0,0,0",2,"1036,73","0,1386",21,"circRNA","ENSMMUG00000002613","ENSMMUT00000084142","2,3","6:3542014-3544864|6:3546323-3546623",4.67874905784,110.841793156,0.0422974579332
"1320","6",5413772,5424538,"circular_RNA/2",0,"+",5413772,5413772,"0,0,0",4,"169,161,191,107","0,3093,8252,10659",2,"circRNA","ENSMMUG00000001063","ENSMMUT00000001513","12,13,14,15","6:5412652-5413772|6:5424538-5434830",0.445595148365,11.0779904941,0.0410890637584
"1321","6",7643728,7649893,"circular_RNA/3",1,"+",7643728,7643728,"0,0,0",2,"120,170","0,5995",3,"circRNA","ENSMMUG00000018742","ENSMMUT00000066281","17,18","6:7634360-7643728|6:7649893-7660741",0.668392722548,0.0928323225761,6.59707673184
"1322","6",10345209,10346237,"circular_RNA/2",0,"+",10345209,10345209,"0,0,0",2,"97,74","0,954",2,"circRNA","ENSMMUG00000009758","ENSMMUT00000013627","2,3","6:10302449-10345209|6:10346237-10348867",0.445595148365,11.8795666554,0.0383189027464
"1323","6",10345209,10354013,"circular_RNA/1",0,"+",10345209,10345209,"0,0,0",4,"97,74,144,73","0,954,3658,8731",1,"circRNA","ENSMMUG00000009758","ENSMMUT00000013627","2,3,4,5","6:10302449-10345209|6:10354013-10357285",0.222797574183,11.8795666554,0.0195799881468
"1324","6",10372274,10383099,"circular_RNA/3",0,"+",10372274,10372274,"0,0,0",6,"120,101,138,205,70,182","0,1558,5355,6536,9616,10643",3,"circRNA","ENSMMUG00000009758","ENSMMUT00000013627","16,17,18,19,20,21","6:10370241-10372274|6:10383099-10384704",0.668392722548,11.8795666554,0.0570578173461
"1325","6",14557884,14578444,"circular_RNA/2",0,"+",14557884,14557884,"0,0,0",3,"231,123,192","0,14654,20368",2,"circRNA","ENSMMUG00000015489","ENSMMUT00000021726","9,10,11","6:14545910-14557884|6:14578444-14599697",0.445595148365,17.6646648102,0.0257767348494
"1326","6",14641429,14666086,"circular_RNA/2",0,"+",14641429,14641429,"0,0,0",7,"93,112,191,102,143,100,244","0,2997,4844,6994,10792,11524,24413",2,"circRNA","ENSMMUG00000015489","ENSMMUT00000021726","28,29,30,31,32,33,34","6:14631886-14641429|6:14666086-14705234",0.445595148365,17.6646648102,0.0257767348494
"1327","6",15112926,15129541,"circular_RNA/1",1,"+",15112926,15112926,"0,0,0",3,"100,54,135","0,9492,16480",1,"circRNA","ENSMMUG00000059412","ENSMMUT00000098770","2,3,4","6:15109872-15112926|6:15129541-15134195",0.222797574183,0.222797574183,1
"1328","6",31508287,31511593,"circular_RNA/2",0,"-",31508287,31508287,"0,0,0",3,"106,158,45","0,1611,3261",2,"circRNA","ENSMMUG00000012193","ENSMMUT00000095209","26,25,24","6:31497594-31508287|6:31511593-31521363",0.445595148365,27.5679233702,0.0165202848035
"1329","6",31540892,31543982,"circular_RNA/4",0,"-",31540892,31540892,"0,0,0",3,"61,139,108","0,735,2982",4,"circRNA","ENSMMUG00000012193","ENSMMUT00000095209","19,18,17","6:31529480-31540892|6:31543982-31556816",0.891190296731,27.5679233702,0.0326779607236
"1330","6",32248549,32254979,"circular_RNA/11",0,"-",32248549,32248549,"0,0,0",2,"115,132","0,6298",11,"circRNA","ENSMMUG00000013957","ENSMMUT00000078950","3,2","6:32239032-32248549|6:32254979-32293992",2.45077331601,54.4740068877,0.045165057722
"1331","6",32500833,32522267,"circular_RNA/2",0,"-",32500833,32500833,"0,0,0",9,"96,98,142,151,206,163,146,120,197","0,956,6415,8436,9356,11151,16425,18458,21237",2,"circRNA","ENSMMUG00000001317","ENSMMUT00000041885","17,16,15,14,13,12,11,10,9","6:32487481-32500833|6:32522267-32525226",0.445595148365,40.5937180161,0.011220527839
"1332","6",32500833,32539042,"circular_RNA/5",0,"-",32500833,32500833,"0,0,0",14,"96,98,142,151,206,163,146,120,197,292,192,248,219,145","0,956,6415,8436,9356,11151,16425,18458,21237,24393,25196,28066,35790,38064",5,"circRNA","ENSMMUG00000001317","ENSMMUT00000041885","17,16,15,14,13,12,11,10,9,8,7,6,5,4","6:32487481-32500833|6:32539042-32541085",1.11398787091,40.5937180161,0.0276818952999
"1333","6",32517258,32541368,"circular_RNA/8",0,"-",32517258,32517258,"0,0,0",9,"146,120,197,292,192,248,219,145,283","0,2033,4812,7968,8771,11641,19365,21639,23827",8,"circRNA","ENSMMUG00000001317","ENSMMUT00000041885","11,10,9,8,7,6,5,4,3","6:32512147-32517258|6:32541368-32565461",1.78238059346,40.5937180161,0.044143262761
"1334","6",32536623,32541368,"circular_RNA/9",0,"-",32536623,32536623,"0,0,0",3,"219,145,283","0,2274,4462",9,"circRNA","ENSMMUG00000001317","ENSMMUT00000041885","5,4,3","6:32529147-32536623|6:32541368-32565461",2.00517816764,40.5937180161,0.049630385248
"1335","6",34733264,34737797,"circular_RNA/3",0,"+",34733264,34733264,"0,0,0",2,"43,173","0,4360",3,"circRNA","ENSMMUG00000000446","ENSMMUT00000000649","9,10","6:34732505-34733264|6:34737797-34741665",0.668392722548,27.525627574,0.024636907974
"1336","6",35420766,35438583,"circular_RNA/5",0,"+",35420766,35420766,"0,0,0",6,"253,171,141,65,187,189","0,2907,5214,7965,12866,17628",5,"circRNA","ENSMMUG00000018739","ENSMMUT00000026344","3,4,5,6,7,8","6:35408252-35420766|6:35438583-35446555",1.11398787091,13.8672283241,0.0809951270282
"1337","6",35420766,35451024,"circular_RNA/8",0,"+",35420766,35420766,"0,0,0",8,"253,171,141,65,187,189,188,169","0,2907,5214,7965,12866,17628,25789,30089",8,"circRNA","ENSMMUG00000018739","ENSMMUT00000026344","3,4,5,6,7,8,9,10","6:35408252-35420766|6:35451024-35472148",1.78238059346,13.8672283241,0.12915984025
"1338","6",35516438,35546087,"circular_RNA/4",0,"+",35516438,35516438,"0,0,0",6,"128,139,138,152,181,148","0,210,11630,17488,21483,29501",4,"circRNA","ENSMMUG00000018739","ENSMMUT00000026344","22,23,24,25,26,27","6:35508834-35516438|6:35546087-35548221",0.891190296731,13.8672283241,0.0649402226211
"1339","6",35904037,35938246,"circular_RNA/3",0,"-",35904037,35904037,"0,0,0",15,"106,47,104,98,106,134,182,184,114,75,211,168,96,98,231","0,1398,2613,5877,6455,7885,9144,13333,13899,15181,26724,27683,31899,33303,33978",3,"circRNA","ENSMMUG00000015223","ENSMMUT00000066907","16,15,14,13,12,11,10,9,8,7,6,5,4,3,2","6:35900722-35904037|6:35938246-35954603",0.668392722548,9.41319750922,0.0719917758154
"1340","6",35905435,35913363,"circular_RNA/6",0,"-",35905435,35905435,"0,0,0",6,"47,104,98,106,134,182","0,1215,4479,5057,6487,7746",6,"circRNA","ENSMMUG00000015223","ENSMMUT00000066907","15,14,13,12,11,10","6:35904143-35905435|6:35913363-35917370",1.3367854451,9.41319750922,0.142922340722
"1341","6",35930761,35938246,"circular_RNA/3",0,"-",35930761,35930761,"0,0,0",5,"211,168,96,98,231","0,959,5175,6579,7254",3,"circRNA","ENSMMUG00000015223","ENSMMUT00000066907","6,5,4,3,2","6:35919293-35930761|6:35938246-35954603",0.668392722548,9.41319750922,0.0719917758154
"1342","6",36806431,36817198,"circular_RNA/4",0,"+",36806431,36806431,"0,0,0",2,"627,1626","0,9141",4,"circRNA","ENSMMUG00000022154","ENSMMUT00000031175","9,10","6:36802644-36806431|6:36817198-36826206",0.891190296731,28.4890289422,0.0316217895901
"1343","6",36815572,36817198,"circular_RNA/20",0,"+",36815572,36815572,"0,0,0",1,"1626","0",20,"circRNA","ENSMMUG00000022154","ENSMMUT00000031175","10","6:36807058-36815572|6:36817198-36826206",4.45595148365,28.4890289422,0.156705391356
"1344","6",36815572,36826389,"circular_RNA/3",0,"+",36815572,36815572,"0,0,0",2,"1626,183","0,10634",3,"circRNA","ENSMMUG00000022154","ENSMMUT00000031175","10,11","6:36807058-36815572|6:36826389-36830946",0.668392722548,28.4890289422,0.0238040644797
"1345","6",36864636,36881023,"circular_RNA/4",0,"+",36864636,36864636,"0,0,0",10,"109,137,141,94,155,91,174,191,108,201","0,2192,7926,8222,9035,9697,12065,12680,15290,16186",4,"circRNA","ENSMMUG00000022154","ENSMMUT00000031175","33,34,35,36,37,38,39,40,41,42","6:36855605-36864636|6:36881023-36885649",0.891190296731,28.4890289422,0.0316217895901
"1346","6",36876701,36889488,"circular_RNA/1",0,"+",36876701,36876701,"0,0,0",7,"174,191,108,201,147,275,175","0,615,3225,4121,8948,10649,12612",1,"circRNA","ENSMMUG00000022154","ENSMMUT00000031175","39,40,41,42,43,44,45","6:36874424-36876701|6:36889488-36892253",0.222797574183,28.4890289422,0.00816861425893
"1347","6",36954148,37024416,"circular_RNA/5",0,"-",36954148,36954148,"0,0,0",25,"166,126,31,165,88,254,196,122,102,55,133,167,771,291,196,78,80,83,167,149,940,301,109,159,110","0,11774,12396,15635,21205,33271,38894,39431,43663,45489,47081,48592,50385,51641,55434,57936,59757,61795,62448,63604,65508,67530,69038,69839,70158",5,"circRNA","ENSMMUG00000022166","ENSMMUT00000031177","45,44,43,42,41,40,39,38,37,36,35,34,33,32,31,30,29,28,27,26,25,24,23,22,21","6:36951373-36954148|6:37024416-37033043",1.11398787091,6.88101738726,0.163109132911
"1348","6",36992686,36993701,"circular_RNA/6",0,"-",36992686,36992686,"0,0,0",3,"150,196,122","0,356,893",6,"circRNA","ENSMMUG00000022166","ENSMMUT00000064914","40,39,38","6:36987673-36992686|6:36993701-36997811",1.3367854451,6.88101738726,0.195440726588
"1349","6",37001229,37005304,"circular_RNA/2",0,"-",37001229,37001229,"0,0,0",3,"133,167,771","0,1511,3304",2,"circRNA","ENSMMUG00000022166","ENSMMUT00000031177","35,34,33","6:36999692-37001229|6:37005304-37005789",0.445595148365,6.88101738726,0.0661143518818
"1350","6",37009582,37012162,"circular_RNA/12",0,"-",37009582,37009582,"0,0,0",2,"196,78","0,2502",12,"circRNA","ENSMMUG00000022166","ENSMMUT00000031177","31,30","6:37006080-37009582|6:37012162-37013905",2.67357089019,6.88101738726,0.389430288647
"1351","6",37175995,37197068,"circular_RNA/2",0,"-",37175995,37175995,"0,0,0",10,"89,95,111,171,101,153,98,92,74,106","0,853,2477,4093,9124,12380,13816,19331,20000,20967",2,"circRNA","ENSMMUG00000000704","ENSMMUT00000061071","16,15,14,13,12,11,10,9,8,7","6:37175220-37175995|6:37197068-37198023",0.445595148365,12.2866309292,0.037050404374
"1352","6",37551222,37557112,"circular_RNA/8",1,"+",37551222,37551222,"0,0,0",3,"100,85,139","0,3594,5751",8,"circRNA","ENSMMUG00000006107","ENSMMUT00000061498","11,12,13","6:37461998-37551222|6:37557112-37576302",1.78238059346,9.95162498016,0.179928535458
"1353","6",38812504,38859904,"circular_RNA/3",0,"-",38812504,38812504,"0,0,0",9,"83,68,68,170,127,64,132,65,98","0,3736,6827,10103,16983,22829,28682,29689,47302",3,"circRNA","ENSMMUG00000001611","ENSMMUT00000002281","11,10,9,8,7,6,5,4,3","6:38809067-38812504|6:38859904-38906524",0.668392722548,16.7215442518,0.040545732799
"1354","6",38819331,38822777,"circular_RNA/3",0,"-",38819331,38819331,"0,0,0",2,"68,170","0,3276",3,"circRNA","ENSMMUG00000001611","ENSMMUT00000002281","9,8","6:38816308-38819331|6:38822777-38829487",0.668392722548,16.7215442518,0.040545732799
"1355","6",38829487,38859904,"circular_RNA/1",0,"-",38829487,38829487,"0,0,0",5,"127,64,132,65,98","0,5846,11699,12706,30319",1,"circRNA","ENSMMUG00000001611","ENSMMUT00000002281","7,6,5,4,3","6:38822777-38829487|6:38859904-38906524",0.222797574183,16.7215442518,0.0139136932419
"1356","6",38841186,38859904,"circular_RNA/1",0,"-",38841186,38841186,"0,0,0",3,"132,65,98","0,1007,18620",1,"circRNA","ENSMMUG00000001611","ENSMMUT00000002281","5,4,3","6:38835397-38841186|6:38859904-38906524",0.222797574183,16.7215442518,0.0139136932419
"1357","6",38986115,39035803,"circular_RNA/7",1,"-",38986115,38986115,"0,0,0",2,"157,1162","0,48526",7,"circRNA","ENSMMUG00000021218","ENSMMUT00000029858","3,2","6:38973973-38986115|6:39035803-39052262",1.55958301928,6.50290419646,0.240995870956
"1358","6",39034641,39035803,"circular_RNA/2",0,"-",39034641,39034641,"0,0,0",1,"1162","0",2,"circRNA","ENSMMUG00000021218","ENSMMUT00000029858","2","6:38986272-39034641|6:39035803-39052262",0.445595148365,6.50290419646,0.0699526869461
"1359","6",39165958,39175028,"circular_RNA/3",0,"-",39165958,39165958,"0,0,0",4,"139,148,145,106","0,8009,8429,8964",3,"circRNA","ENSMMUG00000019878","ENSMMUT00000027932","5,4,3,2","6:39150166-39165958|6:39175028-39190678",0.668392722548,1.24766641542,0.539405930086
"1360","6",43522234,43530413,"circular_RNA/1",0,"-",43522234,43522234,"0,0,0",5,"118,107,126,112,113","0,677,1958,4041,8066",1,"circRNA","ENSMMUG00000011878","ENSMMUT00000085988","8,7,6,5,4","6:43521373-43522234|6:43530413-43534713",0.222797574183,56.300946996,0.00413414418691
"1361","6",43604796,43651497,"circular_RNA/3",0,"+",43604796,43604796,"0,0,0",14,"218,88,89,188,134,192,154,162,111,146,196,234,161,180","0,3071,7784,11740,27854,28279,29027,33231,34572,35826,39639,42459,44049,46521",3,"circRNA","ENSMMUG00000011734","ENSMMUT00000016430","4,5,6,7,8,9,10,11,12,13,14,15,16,17","6:43602458-43604796|6:43651497-43659016",0.668392722548,12.4342265211,0.0545146555632
"1362","6",43607867,43651497,"circular_RNA/4",0,"+",43607867,43607867,"0,0,0",13,"88,89,188,134,192,154,162,111,146,196,234,161,180","0,4713,8669,24783,25208,25956,30160,31501,32755,36568,39388,40978,43450",4,"circRNA","ENSMMUG00000011734","ENSMMUT00000016430","5,6,7,8,9,10,11,12,13,14,15,16,17","6:43605014-43607867|6:43651497-43659016",0.891190296731,12.4342265211,0.072418345584
"1363","6",53573674,53597946,"circular_RNA/5",0,"-",53573674,53573674,"0,0,0",13,"85,118,145,141,177,144,609,124,166,159,127,129,146","0,1327,1580,2972,3811,9271,11080,13104,13517,17459,18411,22761,24126",5,"circRNA","ENSMMUG00000010376","ENSMMUT00000014521","17,16,15,14,13,12,11,10,9,8,7,6,5","6:53572529-53573674|6:53597946-53598935",1.11398787091,13.7020508122,0.0819708070152
"1364","6",53575001,53597946,"circular_RNA/5",0,"-",53575001,53575001,"0,0,0",12,"118,145,141,177,144,609,124,166,159,127,129,146","0,253,1645,2484,7944,9753,11777,12190,16132,17084,21434,22799",5,"circRNA","ENSMMUG00000010376","ENSMMUT00000014521","16,15,14,13,12,11,10,9,8,7,6,5","6:53573759-53575001|6:53597946-53598935",1.11398787091,13.7020508122,0.0819708070152
"1365","6",53596435,53597946,"circular_RNA/9",0,"-",53596435,53596435,"0,0,0",2,"129,146","0,1365",9,"circRNA","ENSMMUG00000010376","ENSMMUT00000014521","6,5","6:53592212-53596435|6:53597946-53598935",2.00517816764,13.7020508122,0.146964024218
"1366","6",53649309,53693189,"circular_RNA/1",0,"+",53649309,53649309,"0,0,0",14,"175,91,125,99,103,132,80,111,102,126,151,173,69,129","0,1664,3296,4487,5046,6910,9496,10827,13045,18257,24678,34480,35302,43751",1,"circRNA","ENSMMUG00000010379","ENSMMUT00000014522","5,6,7,8,9,10,11,12,13,14,15,16,17,18","6:53631600-53649309|6:53693189-53700247",0.222797574183,42.9647532529,0.0054170776226
"1367","6",53652605,53660247,"circular_RNA/7",0,"+",53652605,53652605,"0,0,0",6,"125,99,103,132,80,111","0,1191,1750,3614,6200,7531",7,"circRNA","ENSMMUG00000010379","ENSMMUT00000014522","7,8,9,10,11,12","6:53651064-53652605|6:53660247-53662354",1.55958301928,42.9647532529,0.0365233747834
"1368","6",53652605,53693189,"circular_RNA/3",0,"+",53652605,53652605,"0,0,0",12,"125,99,103,132,80,111,102,126,151,173,69,129","0,1191,1750,3614,6200,7531,9749,14961,21382,31184,32006,40455",3,"circRNA","ENSMMUG00000010379","ENSMMUT00000014522","7,8,9,10,11,12,13,14,15,16,17,18","6:53651064-53652605|6:53693189-53700247",0.668392722548,42.9647532529,0.0157858433429
"1369","6",53652605,53700358,"circular_RNA/4",0,"+",53652605,53652605,"0,0,0",13,"125,99,103,132,80,111,102,126,151,173,69,129,111","0,1191,1750,3614,6200,7531,9749,14961,21382,31184,32006,40455,47642",4,"circRNA","ENSMMUG00000010379","ENSMMUT00000014522","7,8,9,10,11,12,13,14,15,16,17,18,19","6:53651064-53652605|6:53700358-53702735",0.891190296731,42.9647532529,0.020970226203
"1370","6",53700247,53702924,"circular_RNA/16",0,"+",53700247,53700247,"0,0,0",2,"111,189","0,2488",16,"circRNA","ENSMMUG00000010379","ENSMMUT00000014522","19,20","6:53693189-53700247|6:53702924-53708327",3.56476118692,42.9647532529,0.0831828205245
"1371","6",53963935,53990859,"circular_RNA/8",1,"-",53963935,53963935,"0,0,0",9,"107,108,195,60,171,94,64,122,133","0,3697,7005,10958,18944,23508,23837,24034,26791",8,"circRNA","ENSMMUG00000010466","ENSMMUT00000041677","12,11,10,9,8,7,6,5,4","6:53951596-53963935|6:53990859-54015400",1.78238059346,2.89636846437,0.616707969218
"1372","6",53963935,53974953,"circular_RNA/3",0,"-",53963935,53963935,"0,0,0",4,"107,108,195,60","0,3697,7005,10958",3,"circRNA","ENSMMUG00000010466","ENSMMUT00000041677","12,11,10,9","6:53951596-53963935|6:53974953-53982879",0.668392722548,2.89636846437,0.233415938435
"1373","6",53967632,53983050,"circular_RNA/3",0,"-",53967632,53967632,"0,0,0",4,"108,195,60,171","0,3308,7261,15247",3,"circRNA","ENSMMUG00000010466","ENSMMUT00000041677","11,10,9,8","6:53964042-53967632|6:53983050-53987443",0.668392722548,2.89636846437,0.233415938435
"1374","6",54274201,54275804,"circular_RNA/10",0,"-",54274201,54274201,"0,0,0",2,"121,306","0,1297",10,"circRNA","ENSMMUG00000001893","ENSMMUT00000109616","5,4","6:54270326-54274201|6:54275804-54282150",2.22797574183,15.2542072457,0.146615916949
"1375","6",54274201,54282229,"circular_RNA/4",0,"-",54274201,54274201,"0,0,0",3,"121,306,79","0,1297,7949",4,"circRNA","ENSMMUG00000001893","ENSMMUT00000109616","5,4,3","6:54270326-54274201|6:54282229-54288684",0.891190296731,15.2542072457,0.0590394432036
"1376","6",55190035,55191273,"circular_RNA/4",0,"+",55190035,55190035,"0,0,0",3,"201,117,149","0,604,1089",4,"circRNA","ENSMMUG00000012387","ENSMMUT00000041654","5,6,7","6:55186848-55190035|6:55191273-55196926",0.891190296731,20.7905315277,0.0433253494283
"1377","6",55237317,55238403,"circular_RNA/3",0,"+",55237317,55237317,"0,0,0",2,"116,106","0,980",3,"circRNA","ENSMMUG00000030085","ENSMMUT00000064973","4,5","6:55236567-55237317|6:55238403-55240242",0.668392722548,4.1440348798,0.163309346738
"1378","6",55587793,55592568,"circular_RNA/25",0,"+",55587793,55587793,"0,0,0",4,"185,141,168,188","0,777,3082,4587",25,"circRNA","ENSMMUG00000014647","ENSMMUT00000020540","8,9,10,11","6:55579025-55587793|6:55592568-55602712",5.56993935457,58.484363223,0.0953927702965
"1379","6",59847107,59847464,"circular_RNA/2",1,"+",59847107,59847107,"0,0,0",1,"357","0",2,"circRNA","ENSMMUG00000002532","ENSMMUT00000041615","2","6:59708327-59847107|6:59847464-59866894",0.445595148365,7.72936199665,0.0588672746619
"1380","6",59847107,59870837,"circular_RNA/2",1,"+",59847107,59847107,"0,0,0",3,"357,149,151","0,19787,23579",2,"circRNA","ENSMMUG00000002532","ENSMMUT00000041615","2,3,4","6:59708327-59847107|6:59870837-59898249",0.445595148365,7.72936199665,0.0588672746619
"1381","6",60755763,60756372,"circular_RNA/2",0,"+",60755763,60755763,"0,0,0",2,"55,163","0,446",2,"circRNA","ENSMMUG00000000399","ENSMMUT00000000582","8,9","6:60753324-60755763|6:60756372-60759641",0.445595148365,19.7469007855,0.0230600514378
"1382","6",62720551,62834683,"circular_RNA/4",0,"+",62720551,62720551,"0,0,0",4,"96,960,36,226","0,1469,5429,113906",4,"circRNA","ENSMMUG00000021130","ENSMMUT00000041602","2,3,4,5","6:62709396-62720551|6:62834683-62856648",0.891190296731,19.3833889539,0.0464689435597
"1383","6",64328593,64362128,"circular_RNA/3",0,"+",64328593,64328593,"0,0,0",8,"260,149,108,103,161,136,367,202","0,4664,17922,20684,21756,26267,28930,33333",3,"circRNA","ENSMMUG00000016522","ENSMMUT00000079400","2,3,4,5,6,7,8,9","6:64295618-64328593|6:64362128-64378951",0.668392722548,25.009027702,0.027115071402
"1384","6",64607210,64639530,"circular_RNA/1",0,"+",64607210,64607210,"0,0,0",8,"70,100,122,174,186,115,184,1543","0,15971,20970,22034,24175,26443,28193,30777",1,"circRNA","ENSMMUG00000007683","ENSMMUT00000041569","14,15,16,17,18,19,20,21","6:64605335-64607210|6:64639530-64653349",0.222797574183,32.5814928721,0.00714289385566
"1385","6",64631385,64639530,"circular_RNA/5",0,"+",64631385,64631385,"0,0,0",4,"186,115,184,1543","0,2268,4018,6602",5,"circRNA","ENSMMUG00000007683","ENSMMUT00000041569","18,19,20,21","6:64629418-64631385|6:64639530-64653349",1.11398787091,32.5814928721,0.0344871551396
"1386","6",64635403,64654741,"circular_RNA/3",0,"+",64635403,64635403,"0,0,0",4,"184,1543,207,93","0,2584,17946,19245",3,"circRNA","ENSMMUG00000007683","ENSMMUT00000041569","20,21,22,23","6:64633768-64635403|6:64654741-64655210",0.668392722548,32.5814928721,0.0208150244977
"1387","6",64637987,64639530,"circular_RNA/1",0,"+",64637987,64637987,"0,0,0",1,"1543","0",1,"circRNA","ENSMMUG00000007683","ENSMMUT00000041569","21","6:64635587-64637987|6:64639530-64653349",0.222797574183,32.5814928721,0.00714289385566
"1388","6",66760006,66760726,"circular_RNA/7",0,"+",66760006,66760006,"0,0,0",1,"720","0",7,"circRNA","ENSMMUG00000011532","ENSMMUT00000016153","2","6:66749842-66760006|6:66760726-66807199",1.55958301928,40.1332696961,0.0390995310338
"1389","6",67928388,67948362,"circular_RNA/5",0,"+",67928388,67928388,"0,0,0",11,"157,137,53,126,70,112,183,86,147,150,121","0,3182,4648,4785,5003,7668,10440,11751,11950,15305,19853",5,"circRNA","ENSMMUG00000014881","ENSMMUT00000041533","6,7,8,9,10,11,12,13,14,15,16","6:67921080-67928388|6:67948362-67959754",1.11398787091,10.4396577617,0.107562170603
"1390","6",68058178,68068135,"circular_RNA/7",0,"+",68058178,68058178,"0,0,0",3,"117,679,162","0,4994,9795",7,"circRNA","ENSMMUG00000006216","ENSMMUT00000008695","2,3,4","6:68048124-68058178|6:68068135-68087214",1.55958301928,16.4127546315,0.0955736753364
"1391","6",68087214,68100860,"circular_RNA/4",0,"+",68087214,68087214,"0,0,0",3,"146,216,172","0,10445,13474",4,"circRNA","ENSMMUG00000006216","ENSMMUT00000008695","5,6,7","6:68068135-68087214|6:68100860-68104344",0.891190296731,16.4127546315,0.0548744907266
"1392","6",68177944,68181355,"circular_RNA/1",0,"+",68177944,68177944,"0,0,0",3,"52,120,100","0,321,3311",1,"circRNA","ENSMMUG00000020215","ENSMMUT00000084036","5,6,7","6:68176347-68177944|6:68181355-68192080",0.222797574183,12.8426887404,0.0181127528166
"1393","6",68194379,68196491,"circular_RNA/9",0,"+",68194379,68194379,"0,0,0",1,"2112","0",9,"circRNA","ENSMMUG00000020215","ENSMMUT00000084036","10","6:68193520-68194379|6:68196491-68198474",2.00517816764,12.8426887404,0.156790396807
"1394","6",68198474,68203677,"circular_RNA/1",0,"+",68198474,68198474,"0,0,0",4,"168,153,87,165","0,1924,3048,5038",1,"circRNA","ENSMMUG00000020215","ENSMMUT00000084036","11,12,13,14","6:68196491-68198474|6:68203677-68207987",0.222797574183,12.8426887404,0.0181127528166
"1395","6",68323325,68340254,"circular_RNA/1",0,"+",68323325,68323325,"0,0,0",6,"159,157,92,193,128,1696","0,2401,7013,8036,10074,15233",1,"circRNA","ENSMMUG00000009057","ENSMMUT00000012673","12,13,14,15,16,17","6:68319183-68323325|6:68340254-68341328",0.222797574183,20.1590545825,0.0115423146499
"1396","6",68330338,68345312,"circular_RNA/9",1,"+",68330338,68330338,"0,0,0",8,"92,193,128,1696,188,220,179,211","0,1023,3061,8220,10990,11928,13640,14763",9,"circRNA","ENSMMUG00000009057","ENSMMUT00000012673","14,15,16,17,18,19,20,21","6:68325883-68330338|6:68345312-68346347",2.00517816764,20.1590545825,0.0999143593666
"1397","6",68363381,68375003,"circular_RNA/7",0,"+",68363381,68363381,"0,0,0",5,"123,37,93,229,161","0,7774,8293,10809,11461",7,"circRNA","ENSMMUG00000009057","ENSMMUT00000012673","26,27,28,29,30","6:68356698-68363381|6:68375003-68377026",1.55958301928,20.1590545825,0.0778213481876
"1398","6",68371674,68374419,"circular_RNA/5",0,"+",68371674,68371674,"0,0,0",2,"93,229","0,2516",5,"circRNA","ENSMMUG00000009057","ENSMMUT00000012673","28,29","6:68371192-68371674|6:68374419-68374842",1.11398787091,20.1590545825,0.0557283370082
"1399","6",69690381,69695488,"circular_RNA/46",0,"+",69690381,69690381,"0,0,0",2,"107,134","0,4973",46,"circRNA","ENSMMUG00000020923","ENSMMUT00000053303","5,6","6:69684257-69690381|6:69695488-69702256",10.2486884124,44.2842943037,0.231602931566
"1400","6",69690381,69716335,"circular_RNA/5",0,"+",69690381,69690381,"0,0,0",8,"107,134,82,123,119,61,169,153","0,4973,11875,14892,15851,20969,21585,25801",5,"circRNA","ENSMMUG00000020923","ENSMMUT00000053303","5,6,7,8,9,10,11,12","6:69684257-69690381|6:69716335-69717250",1.11398787091,44.2842943037,0.0253754549785
"1401","6",69883942,69903301,"circular_RNA/7",0,"+",69883942,69883942,"0,0,0",5,"89,104,130,112,156","0,5391,10209,16593,19203",7,"circRNA","ENSMMUG00000015422","ENSMMUT00000060500","17,18,19,20,21","6:69881596-69883942|6:69903301-69904003",1.55958301928,22.3045127043,0.0703391124906
"1402","6",69900535,69903301,"circular_RNA/5",0,"+",69900535,69900535,"0,0,0",2,"112,156","0,2610",5,"circRNA","ENSMMUG00000015422","ENSMMUT00000060500","20,21","6:69894281-69900535|6:69903301-69904003",1.11398787091,22.3045127043,0.050370262878
"1403","6",69900535,69908591,"circular_RNA/5",0,"+",69900535,69900535,"0,0,0",5,"112,156,133,200,65","0,2610,3468,7074,7991",5,"circRNA","ENSMMUG00000015422","ENSMMUT00000060500","20,21,22,23,24","6:69894281-69900535|6:69908591-69913447",1.11398787091,22.3045127043,0.050370262878
"1404","6",71496899,71498714,"circular_RNA/2",0,"-",71496899,71496899,"0,0,0",1,"1815","0",2,"circRNA","ENSMMUG00000019996","ENSMMUT00000028103","2","6:71492213-71496899|6:71498714-71502493",0.445595148365,6.01553450293,0.0756107442657
"1405","6",71599152,71605365,"circular_RNA/8",0,"-",71599152,71599152,"0,0,0",5,"180,61,89,89,126","0,429,2021,5299,6087",8,"circRNA","ENSMMUG00000019998","ENSMMUT00000028107","10,9,8,7,6","6:71594790-71599152|6:71605365-71614177",1.78238059346,9.9423417479,0.180096367153
"1406","6",72255534,72257416,"circular_RNA/1",0,"-",72255534,72255534,"0,0,0",2,"137,130","0,1752",1,"circRNA","ENSMMUG00000006141","ENSMMUT00000093751","18,17","6:72244709-72255534|6:72257416-72258166",0.222797574183,34.0434693351,0.00683623662224
"1407","6",73535269,73539649,"circular_RNA/7",0,"+",73535269,73535269,"0,0,0",3,"161,138,109","0,2826,4271",7,"circRNA","ENSMMUG00000022982","ENSMMUT00000032352","33,34,35","6:73532908-73535269|6:73539649-73544391",1.55958301928,31.4771197775,0.0498484151733
"1408","6",73871450,73873411,"circular_RNA/2",0,"+",73871450,73871450,"0,0,0",2,"331,112","0,1849",2,"circRNA","ENSMMUG00000021358","ENSMMUT00000030060","6,7","6:73867447-73871450|6:73873411-73874089",0.445595148365,35.9389625432,0.0126733879404
"1409","6",74290467,74292175,"circular_RNA/12",0,"-",74290467,74290467,"0,0,0",2,"132,49","0,1659",12,"circRNA","ENSMMUG00000021361","ENSMMUT00000075503","5,4","6:74286509-74290467|6:74292175-74305337",2.67357089019,16.5072748144,0.162470560086
"1410","6",74914535,74947048,"circular_RNA/7",0,"-",74914535,74914535,"0,0,0",7,"107,73,148,172,109,131,187","0,9511,18842,22305,25471,31248,32326",7,"circRNA","ENSMMUG00000001360","ENSMMUT00000102431","22,21,20,19,18,17,16","6:74863038-74914535|6:74947048-74958877",1.55958301928,38.1429447001,0.0411392366072
"1411","6",74933377,74947048,"circular_RNA/12",0,"-",74933377,74933377,"0,0,0",5,"148,172,109,131,187","0,3463,6629,12406,13484",12,"circRNA","ENSMMUG00000001360","ENSMMUT00000102431","20,19,18,17,16","6:74924119-74933377|6:74947048-74958877",2.67357089019,38.1429447001,0.0703371892074
"1412","6",75271521,75279540,"circular_RNA/4",0,"+",75271521,75271521,"0,0,0",4,"99,109,129,160","0,1021,3281,7859",4,"circRNA","ENSMMUG00000039925","ENSMMUT00000074616","3,4,5,6","6:75248482-75271521|6:75279540-75316072",0.891190296731,19.4112386507,0.0464023079547
"1413","6",75782859,75799464,"circular_RNA/9",0,"-",75782859,75782859,"0,0,0",3,"208,191,187","0,8872,16418",9,"circRNA","ENSMMUG00000006792","ENSMMUT00000068575","4,3,2","6:75723099-75782859|6:75799464-75814849",2.00517816764,4.27771342431,0.469989005379
"1414","6",75861606,75866899,"circular_RNA/1",0,"-",75861606,75861606,"0,0,0",5,"218,131,166,154,170","0,1467,2706,4566,5123",1,"circRNA","ENSMMUG00000006795","ENSMMUT00000072141","12,11,10,9,8","6:75859766-75861606|6:75866899-75874549",0.222797574183,1.24766641542,0.185102799382
"1415","6",76232013,76290748,"circular_RNA/8",1,"-",76232013,76232013,"0,0,0",7,"81,111,157,140,93,132,157","0,690,4745,39625,48658,52652,58578",8,"circRNA","ENSMMUG00000017057","ENSMMUT00000053494","8,7,6,5,4,3,2","6:76212040-76232013|6:76290748-76347376",1.78238059346,1.78238059346,1
"1416","6",76271638,76290748,"circular_RNA/44",1,"-",76271638,76271638,"0,0,0",4,"140,93,132,157","0,9033,13027,18953",44,"circRNA","ENSMMUG00000017057","ENSMMUT00000053494","5,4,3,2","6:76236915-76271638|6:76290748-76347376",9.80309326404,1.78238059346,5.47489372505
"1417","6",76449776,76453727,"circular_RNA/12",0,"+",76449776,76449776,"0,0,0",3,"174,90,238","0,385,3713",12,"circRNA","ENSMMUG00000020731","ENSMMUT00000104896","2,3,4","6:76443311-76449776|6:76453727-76470238",2.67357089019,39.256932571,0.0683417500294
"1418","6",76470238,76498869,"circular_RNA/10",0,"+",76470238,76470238,"0,0,0",8,"115,92,79,70,77,129,44,137","0,255,1989,4290,8108,8553,16430,28494",10,"circRNA","ENSMMUG00000020731","ENSMMUT00000104896","5,6,7,8,9,10,11,12","6:76453727-76470238|6:76498869-76509740",2.22797574183,39.256932571,0.0569939028923
"1419","6",76991020,76994268,"circular_RNA/4",0,"-",76991020,76991020,"0,0,0",3,"94,83,179","0,2507,3069",4,"circRNA","ENSMMUG00000023533","ENSMMUT00000033103","5,4,3","6:76983308-76991020|6:76994268-77019768",0.891190296731,10.7145378857,0.0840306879733
"1420","6",77556305,77641266,"circular_RNA/4",0,"+",77556305,77556305,"0,0,0",8,"188,169,65,117,108,112,158,187","0,897,7709,10750,18445,23905,43891,84774",4,"circRNA","ENSMMUG00000018284","ENSMMUT00000066731","14,15,16,17,18,19,20,21","6:77549789-77556305|6:77641266-77652798",0.891190296731,15.3284731038,0.0587535858773
"1421","6",77564014,77580322,"circular_RNA/8",0,"+",77564014,77564014,"0,0,0",4,"65,117,108,112","0,3041,10736,16196",8,"circRNA","ENSMMUG00000018284","ENSMMUT00000066731","16,17,18,19","6:77557371-77564014|6:77580322-77600196",1.78238059346,15.3284731038,0.116855216378
"1422","6",80329483,80334748,"circular_RNA/1",0,"+",80329483,80329483,"0,0,0",1,"5265","0",1,"circRNA","ENSMMUG00000011513","ENSMMUT00000091965","8","6:80314808-80329483|6:80334748-80337424",0.222797574183,26.9213735471,0.00864410327145
"1423","6",80329483,80347460,"circular_RNA/2",0,"+",80329483,80329483,"0,0,0",6,"1194,3885,114,114,159,83","0,1380,8518,10951,16363,17894",2,"circRNA","ENSMMUG00000011513","ENSMMUT00000016124","8,9,10,11,12,13","6:80314808-80329483|6:80347460-80365171",0.445595148365,26.9213735471,0.0169168923957
"1424","6",87544458,87561408,"circular_RNA/1",0,"+",87544458,87544458,"0,0,0",8,"216,216,245,182,812,210,131,100","0,1930,2871,4675,5983,9067,16135,16850",1,"circRNA","ENSMMUG00000018976","ENSMMUT00000026675","29,30,31,32,33,34,35,36","6:87542899-87544458|6:87561408-87562330",0.222797574183,5.27584655665,0.0440416821957
"1425","6",87608948,87618850,"circular_RNA/13",0,"+",87608948,87608948,"0,0,0",6,"256,203,177,183,180,165","0,1382,2857,3401,5542,9737",13,"circRNA","ENSMMUG00000018976","ENSMMUT00000026675","54,55,56,57,58,59","6:87605752-87608948|6:87618850-87629601",2.89636846437,5.27584655665,0.549839733943
"1426","6",87612349,87629719,"circular_RNA/3",0,"+",87612349,87612349,"0,0,0",4,"183,180,165,118","0,2141,6336,17252",3,"circRNA","ENSMMUG00000018976","ENSMMUT00000026675","57,58,59,60","6:87611982-87612349|6:87629719-87631881",0.668392722548,5.27584655665,0.128341357487
"1427","6",87650056,87653352,"circular_RNA/6",0,"+",87650056,87650056,"0,0,0",3,"240,150,474","0,1646,2822",6,"circRNA","ENSMMUG00000018976","ENSMMUT00000026675","68,69,70","6:87646053-87650056|6:87653352-87664043",1.3367854451,5.27584655665,0.254790870425
"1428","6",87683897,87718040,"circular_RNA/5",0,"+",87683897,87683897,"0,0,0",7,"243,408,185,250,140,161,101","0,11646,18238,22820,23601,25271,34042",5,"circRNA","ENSMMUG00000018976","ENSMMUT00000026675","77,78,79,80,81,82,83","6:87677562-87683897|6:87718040-87815940",1.11398787091,5.27584655665,0.212641032778
"1429","6",87683897,87816057,"circular_RNA/9",0,"+",87683897,87683897,"0,0,0",8,"243,408,185,250,140,161,101,117","0,11646,18238,22820,23601,25271,34042,132043",9,"circRNA","ENSMMUG00000018976","ENSMMUT00000026675","77,78,79,80,81,82,83,84","6:87677562-87683897|6:87816057-87831377",2.00517816764,5.27584655665,0.38124038336
"1430","6",87683897,87831556,"circular_RNA/4",0,"+",87683897,87683897,"0,0,0",9,"243,408,185,250,140,161,101,117,179","0,11646,18238,22820,23601,25271,34042,132043,147480",4,"circRNA","ENSMMUG00000018976","ENSMMUT00000026675","77,78,79,80,81,82,83,84,85","6:87677562-87683897|6:87831556-87929815",0.891190296731,5.27584655665,0.170491195133
"1431","6",90904446,90906940,"circular_RNA/3",0,"-",90904446,90904446,"0,0,0",2,"101,102","0,2392",3,"circRNA","ENSMMUG00000001722","ENSMMUT00000092781","4,3","6:90824739-90904446|6:90906940-90924034",0.668392722548,15.5067111631,0.0437201360145
"1432","6",91651086,91651206,"circular_RNA/4",0,"-",91651086,91651086,"0,0,0",1,"120","0",4,"circRNA","ENSMMUG00000001397","ENSMMUT00000041297","18","6:91631599-91651086|6:91651206-91720346",0.891190296731,5.84337274106,0.153960859251
"1433","6",92585774,92612104,"circular_RNA/14",0,"+",92585774,92585774,"0,0,0",5,"187,155,112,366,113","0,11175,15069,18098,26217",14,"circRNA","ENSMMUG00000021165","ENSMMUT00000029775","3,4,5,6,7","6:92580954-92585774|6:92612104-92616498",3.11916603856,53.1849637799,0.0588244791651
"1434","6",92585774,92632646,"circular_RNA/3",0,"+",92585774,92585774,"0,0,0",8,"187,155,112,366,113,121,174,167","0,11175,15069,18098,26217,30724,43223,46705",3,"circRNA","ENSMMUG00000021165","ENSMMUT00000029775","3,4,5,6,7,8,9,10","6:92580954-92585774|6:92632646-92637506",0.668392722548,53.1849637799,0.0127529501732
"1435","6",92585774,92637603,"circular_RNA/1",0,"+",92585774,92585774,"0,0,0",9,"187,155,112,366,113,121,174,167,97","0,11175,15069,18098,26217,30724,43223,46705,51732",1,"circRNA","ENSMMUG00000021165","ENSMMUT00000029775","3,4,5,6,7,8,9,10,11","6:92580954-92585774|6:92637603-92641871",0.222797574183,53.1849637799,0.00437630853827
"1436","6",92600843,92612104,"circular_RNA/7",0,"+",92600843,92600843,"0,0,0",3,"112,366,113","0,3029,11148",7,"circRNA","ENSMMUG00000021165","ENSMMUT00000029775","5,6,7","6:92597104-92600843|6:92612104-92616498",1.55958301928,53.1849637799,0.029506233443
"1437","6",92603872,92612104,"circular_RNA/7",0,"+",92603872,92603872,"0,0,0",2,"366,113","0,8119",7,"circRNA","ENSMMUG00000021165","ENSMMUT00000029775","6,7","6:92600955-92603872|6:92612104-92616498",1.55958301928,53.1849637799,0.029506233443
"1438","6",93509194,93529366,"circular_RNA/6",0,"+",93509194,93509194,"0,0,0",2,"63,72","0,20100",6,"circRNA","ENSMMUG00000002062","ENSMMUT00000059825","2,3","6:93496671-93509194|6:93529366-93555684",1.3367854451,54.6299651896,0.0246483584026
"1439","6",93828016,93858593,"circular_RNA/6",0,"+",93828016,93828016,"0,0,0",11,"139,132,121,155,114,132,132,161,89,184,157","0,1465,8914,9717,12314,13896,19273,21940,22304,29115,30420",6,"circRNA","ENSMMUG00000018542","ENSMMUT00000026071","3,4,5,6,7,8,9,10,11,12,13","6:93822372-93828016|6:93858593-93865764",1.3367854451,18.3648857576,0.0732949016863
"1440","6",96238501,96242533,"circular_RNA/12",0,"-",96238501,96238501,"0,0,0",5,"141,129,117,151,139","0,1245,2171,3529,3893",12,"circRNA","ENSMMUG00000014090","ENSMMUT00000089035","30,29,28,27,26","6:96233619-96238501|6:96242533-96243625",2.67357089019,22.5744251777,0.118823962491
"1441","6",98264928,98307701,"circular_RNA/1",0,"-",98264928,98264928,"0,0,0",3,"294,258,132","0,32872,42641",1,"circRNA","ENSMMUG00000013109","ENSMMUT00000099912","4,3,2","6:98218153-98264928|6:98307701-98314822",0.222797574183,7.85361448994,0.0296043981404
"1442","6",107176611,107179399,"circular_RNA/12",1,"+",107176611,107176611,"0,0,0",2,"255,145","0,2643",12,"circRNA","ENSMMUG00000003316","ENSMMUT00000004690","2,3","6:107152978-107176611|6:107179399-107192372",2.67357089019,16.029699153,0.167308056379
"1443","6",107176611,107192544,"circular_RNA/13",1,"+",107176611,107176611,"0,0,0",3,"255,145,172","0,2643,15761",13,"circRNA","ENSMMUG00000003316","ENSMMUT00000004690","2,3,4","6:107152978-107176611|6:107192544-107217705",2.89636846437,16.029699153,0.181198439986
"1444","6",109631517,109637675,"circular_RNA/12",0,"-",109631517,109631517,"0,0,0",3,"122,78,92","0,5005,6066",12,"circRNA","ENSMMUG00000012192","ENSMMUT00000017070","12,11,10","6:109607338-109631517|6:109637675-109655734",2.67357089019,7.06268310159,0.37942755976
"1445","6",110295368,110322213,"circular_RNA/8",0,"+",110295368,110295368,"0,0,0",4,"109,114,84,105","0,5275,16921,26740",8,"circRNA","ENSMMUG00000000330","ENSMMUT00000000482","4,5,6,7","6:110287516-110295368|6:110322213-110338283",1.78238059346,6.8324589416,0.261949776938
"1446","6",110500457,110515367,"circular_RNA/3",0,"+",110500457,110500457,"0,0,0",6,"152,128,99,153,113,108","0,3997,4510,14322,14595,14802",3,"circRNA","ENSMMUG00000013553","ENSMMUT00000041194","2,3,4,5,6,7","6:110491619-110500457|6:110515367-110517626",0.668392722548,42.4429378818,0.0159798769272
"1447","6",110500457,110517762,"circular_RNA/13",0,"+",110500457,110500457,"0,0,0",7,"152,128,99,153,113,108,136","0,3997,4510,14322,14595,14802,17169",13,"circRNA","ENSMMUG00000013553","ENSMMUT00000041194","2,3,4,5,6,7,8","6:110491619-110500457|6:110517762-110524777",2.89636846437,42.4429378818,0.0684609501576
"1448","6",111056938,111066388,"circular_RNA/4",1,"+",111056938,111056938,"0,0,0",5,"167,103,157,149,136","0,1115,2441,7900,9314",4,"circRNA","ENSMMUG00000001376","ENSMMUT00000109654","5,6,7,8,9","6:111050893-111056938|6:111066388-111072036",0.891190296731,6.55024868097,0.137371362056
"1449","6",113405436,113408788,"circular_RNA/1",0,"+",113405436,113405436,"0,0,0",2,"92,112","0,3240",1,"circRNA","ENSMMUG00000015288","ENSMMUT00000021439","2,3","6:113382114-113405436|6:113408788-113439952",0.222797574183,4.45595148365,0.0521272062707
"1450","6",116578291,116591341,"circular_RNA/11",0,"-",116578291,116578291,"0,0,0",3,"193,95,91","0,8558,12959",11,"circRNA","ENSMMUG00000008302","ENSMMUT00000011612","4,3,2","6:116488486-116578291|6:116591341-116636860",2.45077331601,9.20896639955,0.266925076995
"1451","6",116887596,116891227,"circular_RNA/1",0,"+",116887596,116887596,"0,0,0",2,"53,218","0,3413",1,"circRNA","ENSMMUG00000018640","ENSMMUT00000041180","42,43","6:116886284-116887596|6:116891227-116893635",0.222797574183,21.5595513064,0.0107928797811
"1452","6",121049900,121061910,"circular_RNA/123",0,"+",121049900,121049900,"0,0,0",3,"426,41,70","0,7659,11940",123,"circRNA","ENSMMUG00000006646","ENSMMUT00000009302","2,3,4","6:121017210-121049900|6:121061910-121076868",27.4041016245,13.0460357327,2.09972630175
"1453","6",121091968,121095654,"circular_RNA/1",0,"+",121091968,121091968,"0,0,0",4,"86,85,146,96","0,350,2688,3590",1,"circRNA","ENSMMUG00000006646","ENSMMUT00000009302","7,8,9,10","6:121079455-121091968|6:121095654-121108945",0.222797574183,13.0460357327,0.0178306477517
"1454","6",122108684,122171499,"circular_RNA/7",0,"-",122108684,122108684,"0,0,0",7,"82,154,173,418,2455,88,256","0,2086,4342,5077,7538,10471,62559",7,"circRNA","ENSMMUG00000004409","ENSMMUT00000063073","8,7,6,5,4,3,2","6:122017705-122108684|6:122171499-122214526",1.55958301928,3.86182461917,0.405385877116
"1455","6",122113026,122171499,"circular_RNA/4",0,"-",122113026,122113026,"0,0,0",5,"173,418,2455,88,256","0,735,3196,6129,58217",4,"circRNA","ENSMMUG00000004409","ENSMMUT00000063073","6,5,4,3,2","6:122110924-122113026|6:122171499-122214526",0.891190296731,3.86182461917,0.232755970472
"1456","6",122171243,122171499,"circular_RNA/6",0,"-",122171243,122171243,"0,0,0",1,"256","0",6,"circRNA","ENSMMUG00000004409","ENSMMUT00000063073","2","6:122119243-122171243|6:122171499-122214526",1.3367854451,3.86182461917,0.347842574902
"1457","6",124296731,124297640,"circular_RNA/5",0,"+",124296731,124296731,"0,0,0",2,"157,126","0,783",5,"circRNA","ENSMMUG00000000823","ENSMMUT00000075433","2,3","6:124271649-124296731|6:124297640-124302427",1.11398787091,18.3684222271,0.0611580176481
"1458","6",124296731,124317872,"circular_RNA/3",0,"+",124296731,124296731,"0,0,0",8,"157,126,171,126,221,226,105,120","0,783,5696,7236,13740,15703,17554,21021",3,"circRNA","ENSMMUG00000000823","ENSMMUT00000075433","2,3,4,5,6,7,8,9","6:124271649-124296731|6:124317872-124324609",0.668392722548,18.3684222271,0.0369124571285
"1459","6",125634248,125660990,"circular_RNA/1",0,"+",125634248,125634248,"0,0,0",12,"140,111,109,128,85,152,108,124,102,156,100,112","0,2949,4470,7377,7604,10594,16348,17469,18707,19996,21413,26630",1,"circRNA","ENSMMUG00000011214","ENSMMUT00000056203","5,6,7,8,9,10,11,12,13,14,15,16","6:125619938-125634248|6:125660990-125664493",0.222797574183,18.7407036438,0.0124154047019
"1460","6",128904760,129005936,"circular_RNA/3",1,"-",128904760,128904760,"0,0,0",16,"124,212,384,241,158,241,109,204,108,165,153,159,137,178,132,144","0,2794,9012,11354,19543,26884,37062,40102,42755,46871,53105,53844,56614,58875,75957,101032",3,"circRNA","ENSMMUG00000006165","ENSMMUT00000104766","21,20,19,18,17,16,15,14,13,12,11,10,9,8,7,6","6:128898767-128904760|6:129005936-129020164",0.668392722548,19.6918779028,0.0344328964932
"1461","6",128941822,129005936,"circular_RNA/6",0,"-",128941822,128941822,"0,0,0",10,"109,204,108,165,153,159,137,178,132,144","0,3040,5693,9809,16043,16782,19552,21813,38895,63970",6,"circRNA","ENSMMUG00000006165","ENSMMUT00000104766","15,14,13,12,11,10,9,8,7,6","6:128931885-128941822|6:129005936-129020164",1.3367854451,19.6918779028,0.068358227157
"1462","6",128980717,129005936,"circular_RNA/5",1,"-",128980717,128980717,"0,0,0",2,"132,144","0,25075",5,"circRNA","ENSMMUG00000006165","ENSMMUT00000104766","7,6","6:128963813-128980717|6:129005936-129020164",1.11398787091,19.6918779028,0.0570497836021
"1463","6",129107143,129134092,"circular_RNA/4",0,"-",129107143,129107143,"0,0,0",4,"198,169,1420,170","0,19587,20632,26779",4,"circRNA","ENSMMUG00000006165","ENSMMUT00000008634","15,14,13,12","6:129102533-129107143|6:129134092-129135564",0.891190296731,19.6918779028,0.0457413400477
"1464","6",129126730,129135711,"circular_RNA/7",0,"-",129126730,129126730,"0,0,0",4,"169,1420,170,147","0,1045,7192,8834",7,"circRNA","ENSMMUG00000006165","ENSMMUT00000008634","14,13,12,11","6:129107341-129126730|6:129135711-129153792",1.55958301928,19.6918779028,0.0796666707115
"1465","6",130324346,130330242,"circular_RNA/10",0,"-",130324346,130324346,"0,0,0",7,"221,32,19,72,137,64,95","0,257,334,4232,4557,4810,5801",10,"circRNA","ENSMMUG00000015640","ENSMMUT00000066294","16,15,14,13,12,11,10","6:130322210-130324346|6:130330242-130333560",2.22797574183,54.9010355715,0.0407563929279
"1466","6",130333560,130334511,"circular_RNA/2",0,"-",130333560,130333560,"0,0,0",2,"238,89","0,862",2,"circRNA","ENSMMUG00000015640","ENSMMUT00000066294","9,8","6:130330242-130333560|6:130334511-130337667",0.445595148365,54.9010355715,0.00829696879003
"1467","6",130371014,130378884,"circular_RNA/21",0,"-",130371014,130371014,"0,0,0",3,"87,45,795","0,5095,7075",21,"circRNA","ENSMMUG00000015640","ENSMMUT00000021944","5,4,3","6:130346429-130371014|6:130378884-130380682",4.67874905784,54.9010355715,0.0853881011174
"1468","6",130526506,130535910,"circular_RNA/19",0,"+",130526506,130526506,"0,0,0",5,"182,90,153,126,108","0,1487,4875,6287,9296",19,"circRNA","ENSMMUG00000009396","ENSMMUT00000059541","12,13,14,15,16","6:130525041-130526506|6:130535910-130538616",4.23315390947,58.9140442589,0.0720105682296
"1469","6",131395980,131396507,"circular_RNA/4",0,"-",131395980,131395980,"0,0,0",1,"527","0",4,"circRNA","ENSMMUG00000042266","ENSMMUT00000072236","2","6:131393534-131395980|6:131396507-131405895",0.891190296731,11.3626762833,0.0792417083087
"1470","6",131762820,131781813,"circular_RNA/11",0,"-",131762820,131762820,"0,0,0",3,"98,163,113","0,3992,18880",11,"circRNA","ENSMMUG00000013047","ENSMMUT00000092079","4,3,2","6:131643917-131762820|6:131781813-131833991",2.45077331601,83.3262927443,0.0295282311581
"1471","6",131766812,131784138,"circular_RNA/4",0,"-",131766812,131766812,"0,0,0",6,"163,94,89,140,113,86","0,2218,8319,12752,14888,17240",4,"circRNA","ENSMMUG00000013047","ENSMMUT00000104581","7,6,5,4,3,2","6:131762918-131766812|6:131784138-131830083",0.891190296731,83.3262927443,0.0108138995275
"1472","6",131813551,131823223,"circular_RNA/2",0,"-",131813551,131813551,"0,0,0",2,"179,195","0,9477",2,"circRNA","ENSMMUG00000013047","ENSMMUT00000023385","4,3","6:131781813-131813551|6:131823223-131829463",0.445595148365,83.3262927443,0.00546694763304
"1473","6",132141356,132143487,"circular_RNA/1",0,"+",132141356,132141356,"0,0,0",3,"161,173,103","0,430,2028",1,"circRNA","ENSMMUG00000004418","ENSMMUT00000080188","5,6,7","6:132137662-132141356|6:132143487-132147006",0.222797574183,50.4964149015,0.00460926744923
"1474","6",132147006,132161690,"circular_RNA/7",0,"+",132147006,132147006,"0,0,0",6,"127,110,113,119,56,207","0,2769,7211,8911,13349,14477",7,"circRNA","ENSMMUG00000004418","ENSMMUT00000080188","8,9,10,11,12,13","6:132143487-132147006|6:132161690-132164002",1.55958301928,50.4964149015,0.0310769042376
"1475","6",132149775,132156036,"circular_RNA/10",0,"+",132149775,132149775,"0,0,0",3,"110,113,119","0,4442,6142",10,"circRNA","ENSMMUG00000004418","ENSMMUT00000080188","9,10,11","6:132147133-132149775|6:132156036-132160355",2.22797574183,50.4964149015,0.0443107226319
"1476","6",135349566,135351313,"circular_RNA/4",0,"-",135349566,135349566,"0,0,0",3,"82,130,211","0,709,1536",4,"circRNA","ENSMMUG00000008009","ENSMMUT00000100643","16,15,14","6:135346139-135349566|6:135351313-135356458",0.891190296731,10.847456893,0.0830019686573
"1477","6",135372519,135410104,"circular_RNA/22",0,"-",135372519,135372519,"0,0,0",8,"133,156,42,161,142,178,213,192","0,2190,3000,21222,29760,30202,36740,37393",22,"circRNA","ENSMMUG00000008009","ENSMMUT00000100643","10,9,8,7,6,5,4,3","6:135359334-135372519|6:135410104-135411984",4.90154663202,10.847456893,0.452366210653
"1478","6",135393741,135402899,"circular_RNA/2",0,"-",135393741,135393741,"0,0,0",3,"161,142,178","0,8538,8980",2,"circRNA","ENSMMUG00000008009","ENSMMUT00000100643","7,6,5","6:135375561-135393741|6:135402899-135409259",0.445595148365,10.847456893,0.0419614973244
"1479","6",135393741,135410104,"circular_RNA/12",0,"-",135393741,135393741,"0,0,0",5,"161,142,178,213,192","0,8538,8980,15518,16171",12,"circRNA","ENSMMUG00000008009","ENSMMUT00000100643","7,6,5,4,3","6:135375561-135393741|6:135410104-135411984",2.67357089019,10.847456893,0.247163853989
"1480","6",135393741,135412151,"circular_RNA/4",0,"-",135393741,135393741,"0,0,0",6,"161,142,178,213,192,167","0,8538,8980,15518,16171,18243",4,"circRNA","ENSMMUG00000008009","ENSMMUT00000100643","7,6,5,4,3,2","6:135375561-135393741|6:135412151-135425765",0.891190296731,10.847456893,0.0830019686573
"1481","6",135409259,135412151,"circular_RNA/4",0,"-",135409259,135409259,"0,0,0",3,"213,192,167","0,653,2725",4,"circRNA","ENSMMUG00000008009","ENSMMUT00000100643","4,3,2","6:135402899-135409259|6:135412151-135425765",0.891190296731,10.847456893,0.0830019686573
"1482","6",135797462,135799822,"circular_RNA/1",0,"+",135797462,135797462,"0,0,0",2,"1249,202","0,2158",1,"circRNA","ENSMMUG00000000455","ENSMMUT00000024914","7,8","6:135793367-135797462|6:135799822-135804912",0.222797574183,18.9377938055,0.0122862628004
"1483","6",136716834,136724790,"circular_RNA/1",0,"+",136716834,136716834,"0,0,0",10,"62,42,113,53,126,126,168,132,44,370","0,1030,1405,2375,2927,3934,4689,6857,7451,7586",1,"circRNA","ENSMMUG00000016741","ENSMMUT00000041033","2,3,4,5,6,7,8,9,10,11","6:136695351-136716834|6:136724790-136727337",0.222797574183,94.6571408028,0.00245911698831
"1484","6",136720768,136721691,"circular_RNA/2",0,"+",136720768,136720768,"0,0,0",2,"126,168","0,755",2,"circRNA","ENSMMUG00000016741","ENSMMUT00000081069","6,7","6:136719887-136720768|6:136721691-136723691",0.445595148365,94.6571408028,0.00481260070286
"1485","6",137004365,137004635,"circular_RNA/9",0,"+",137004365,137004365,"0,0,0",2,"78,106","0,164",9,"circRNA","ENSMMUG00000020666","ENSMMUT00000069297","4,5","6:137004287-137004365|6:137004635-137013081",2.00517816764,33.0854397661,0.0608899045271
"1486","6",137795933,137796348,"circular_RNA/6",1,"-",137795933,137795933,"0,0,0",1,"415","0",6,"circRNA","ENSMMUG00000063513","ENSMMUT00000099788","2","6:137794625-137795933|6:137796348-137803455",1.3367854451,0,134.67854451
"1487","6",137839921,137847474,"circular_RNA/8",0,"+",137839921,137839921,"0,0,0",4,"157,148,148,234","0,1663,2547,7319",8,"circRNA","ENSMMUG00000019582","ENSMMUT00000027504","3,4,5,6","6:137837713-137839921|6:137847474-137851265",1.78238059346,25.7499984222,0.0695799962439
"1488","6",139366933,139381222,"circular_RNA/1",0,"+",139366933,139366933,"0,0,0",6,"152,528,229,173,131,243","0,3514,5616,8847,10649,14046",1,"circRNA","ENSMMUG00000009768","ENSMMUT00000013638","4,5,6,7,8,9","6:139365885-139366933|6:139381222-139381346",0.222797574183,20.8594228829,0.0111549598419
"1489","6",139525756,139526292,"circular_RNA/7",0,"+",139525756,139525756,"0,0,0",2,"88,131","0,405",7,"circRNA","ENSMMUG00000016787","ENSMMUT00000023585","3,4","6:139500154-139525756|6:139526292-139529988",1.55958301928,24.6032178347,0.0637699235354
"1490","6",140294659,140319299,"circular_RNA/5",0,"+",140294659,140294659,"0,0,0",6,"102,111,105,130,101,95","0,8842,16493,18093,22508,24545",5,"circRNA","ENSMMUG00000000419","ENSMMUT00000080198","5,6,7,8,9,10","6:140288675-140294659|6:140319299-140338564",1.11398787091,26.5871771858,0.0422596677481
"1491","6",140294659,140338643,"circular_RNA/5",0,"+",140294659,140294659,"0,0,0",7,"102,111,105,130,101,95,79","0,8842,16493,18093,22508,24545,43905",5,"circRNA","ENSMMUG00000000419","ENSMMUT00000080198","5,6,7,8,9,10,11","6:140288675-140294659|6:140338643-140424016",1.11398787091,26.5871771858,0.0422596677481
"1492","6",140447305,140468159,"circular_RNA/24",0,"+",140447305,140447305,"0,0,0",5,"66,75,88,59,106","0,4555,17211,19124,20748",24,"circRNA","ENSMMUG00000000419","ENSMMUT00000080198","13,14,15,16,17","6:140424053-140447305|6:140468159-140532260",5.34714178038,26.5871771858,0.201417682146
"1493","6",140464516,140468159,"circular_RNA/8",0,"+",140464516,140464516,"0,0,0",3,"88,59,106","0,1913,3537",8,"circRNA","ENSMMUG00000000419","ENSMMUT00000080198","15,16,17","6:140451935-140464516|6:140468159-140532260",1.78238059346,26.5871771858,0.0673898805478
"1494","6",140618934,140625806,"circular_RNA/2",0,"+",140618934,140618934,"0,0,0",2,"111,92","0,6780",2,"circRNA","ENSMMUG00000000419","ENSMMUT00000097058","21,22","6:140558635-140618934|6:140625806-140634083",0.445595148365,26.5871771858,0.0171294549486
"1495","6",140811264,140812461,"circular_RNA/18",0,"-",140811264,140811264,"0,0,0",1,"1197","0",18,"circRNA","ENSMMUG00000000421","ENSMMUT00000000616","3","6:140727216-140811264|6:140812461-140814824",4.01035633529,32.6522222608,0.123088879354
"1496","6",143643511,143657700,"circular_RNA/6",0,"+",143643511,143643511,"0,0,0",6,"125,92,194,261,294,135","0,5557,6303,7436,10242,14054",6,"circRNA","ENSMMUG00000004476","ENSMMUT00000006344","4,5,6,7,8,9","6:143638946-143643511|6:143657700-143672363",1.3367854451,20.2138162758,0.0665940308562
"1497","6",143683147,143691253,"circular_RNA/12",0,"+",143683147,143683147,"0,0,0",5,"141,120,75,165,105","0,4721,6275,6488,8001",12,"circRNA","ENSMMUG00000004476","ENSMMUT00000006344","15,16,17,18,19","6:143681451-143683147|6:143691253-143691689",2.67357089019,20.2138162758,0.132693595195
"1498","6",143689635,143691253,"circular_RNA/6",0,"+",143689635,143689635,"0,0,0",2,"165,105","0,1513",6,"circRNA","ENSMMUG00000004476","ENSMMUT00000006344","18,19","6:143689497-143689635|6:143691253-143691689",1.3367854451,20.2138162758,0.0665940308562
"1499","6",143903211,143917540,"circular_RNA/5",0,"+",143903211,143903211,"0,0,0",6,"161,57,67,136,90,119","0,1343,1516,4087,5035,14210",5,"circRNA","ENSMMUG00000023288","ENSMMUT00000070109","10,11,12,13,14,15","6:143896639-143903211|6:143917540-143923399",1.11398787091,45.1982012159,0.0248624771763
"1500","6",147874108,147877239,"circular_RNA/3",0,"+",147874108,147874108,"0,0,0",2,"56,140","0,2991",3,"circRNA","ENSMMUG00000009111","ENSMMUT00000012749","2,3","6:147870688-147874108|6:147877239-147879154",0.668392722548,14.3275978474,0.0473156472771
"1501","6",148049372,148050777,"circular_RNA/5",0,"+",148049372,148049372,"0,0,0",2,"97,124","0,1281",5,"circRNA","ENSMMUG00000005414","ENSMMUT00000092278","9,10","6:148048063-148049372|6:148050777-148053217",1.11398787091,49.4796279331,0.0227115845856
"1502","6",148049372,148053392,"circular_RNA/7",0,"+",148049372,148049372,"0,0,0",3,"97,124,175","0,1281,3845",7,"circRNA","ENSMMUG00000005414","ENSMMUT00000092278","9,10,11","6:148048063-148049372|6:148053392-148056086",1.55958301928,49.4796279331,0.0317153934033
"1503","6",148776278,148779673,"circular_RNA/17",0,"-",148776278,148776278,"0,0,0",2,"170,167","0,3228",17,"circRNA","ENSMMUG00000005567","ENSMMUT00000007828","10,9","6:148771537-148776278|6:148779673-148787495",3.78755876111,16.7098180637,0.227129191636
"1504","6",151430241,151438778,"circular_RNA/4",1,"-",151430241,151430241,"0,0,0",7,"124,159,135,92,93,100,224","0,783,1742,3056,7370,7847,8313",4,"circRNA","ENSMMUG00000011988","ENSMMUT00000055308","8,7,6,5,4,3,2","6:151411831-151430241|6:151438778-151442538",0.891190296731,12.3224196798,0.0730748969083
"1505","6",152209636,152214319,"circular_RNA/3",0,"+",152209636,152209636,"0,0,0",3,"107,152,145","0,1641,4538",3,"circRNA","ENSMMUG00000009411","ENSMMUT00000013142","14,15,16","6:152209176-152209636|6:152214319-152216631",0.668392722548,74.2163474889,0.00913951373735
"1506","6",152355546,152363901,"circular_RNA/3",0,"+",152355546,152355546,"0,0,0",4,"118,66,78,70","0,4608,5401,8285",3,"circRNA","ENSMMUG00000021229","ENSMMUT00000029871","3,4,5,6","6:152345976-152355546|6:152363901-152370506",0.668392722548,46.2304966429,0.0146709653183
"1507","6",155215496,155218210,"circular_RNA/1",0,"-",155215496,155215496,"0,0,0",2,"293,75","0,2639",1,"circRNA","ENSMMUG00000002272","ENSMMUT00000098862","10,9","6:155213269-155215496|6:155218210-155227170",0.222797574183,311.27606083,0.000747857368114
"1508","6",155227170,155232945,"circular_RNA/4",0,"-",155227170,155227170,"0,0,0",3,"70,247,178","0,1879,5597",4,"circRNA","ENSMMUG00000002272","ENSMMUT00000098862","8,7,6","6:155218210-155227170|6:155232945-155236679",0.891190296731,311.27606083,0.00289505509604
"1509","6",155227170,155237913,"circular_RNA/5",0,"-",155227170,155227170,"0,0,0",5,"70,247,178,165,109","0,1879,5597,9509,10634",5,"circRNA","ENSMMUG00000002272","ENSMMUT00000098862","8,7,6,5,4","6:155218210-155227170|6:155237913-155240336",1.11398787091,311.27606083,0.003610787672
"1510","6",157483391,157484356,"circular_RNA/13",0,"-",157483391,157483391,"0,0,0",1,"965","0",13,"circRNA","ENSMMUG00000011472","ENSMMUT00000016063","2","6:157471139-157483391|6:157484356-157513812",2.89636846437,10.0258908382,0.28959745689
"1511","6",165883092,165901500,"circular_RNA/3",0,"+",165883092,165883092,"0,0,0",9,"109,101,122,121,130,105,179,110,106","0,634,1678,3928,7279,8727,12401,13451,18302",3,"circRNA","ENSMMUG00000012516","ENSMMUT00000090486","4,5,6,7,8,9,10,11,12","6:165882055-165883092|6:165901500-165907672",0.668392722548,55.5794256211,0.0122036289271
"1512","6",165963284,165963637,"circular_RNA/5",0,"-",165963284,165963284,"0,0,0",1,"353","0",5,"circRNA","ENSMMUG00000012521","ENSMMUT00000107491","2","6:165960016-165963284|6:165963637-165976058",1.11398787091,70.2767205422,0.015991468406
"1513","6",168284861,168316592,"circular_RNA/6",1,"+",168284861,168284861,"0,0,0",9,"167,66,105,166,74,120,147,173,194","0,3675,17246,18546,21652,23692,25913,26640,31537",6,"circRNA","ENSMMUG00000015840","ENSMMUT00000040694","4,5,6,7,8,9,10,11,12","6:168267990-168284861|6:168316592-168339936",1.3367854451,4.91327282013,0.273554908351
"1514","6",170341132,170344035,"circular_RNA/2",0,"+",170341132,170341132,"0,0,0",2,"101,123","0,2780",2,"circRNA","ENSMMUG00000003067","ENSMMUT00000100268","8,9","6:170335250-170341132|6:170344035-170359958",0.445595148365,41.5213660977,0.0109699051867
"1515","6",173736470,173755518,"circular_RNA/3",1,"+",173736470,173736470,"0,0,0",4,"1428,233,70,155","0,5436,6449,18893",3,"circRNA","ENSMMUG00000003919","ENSMMUT00000063108","2,3,4,5","6:173693857-173736470|6:173755518-173765251",0.668392722548,2.89636846437,0.233415938435
"1516","6",174403367,174418526,"circular_RNA/10",0,"-",174403367,174403367,"0,0,0",4,"154,104,77,62","0,7836,12641,15097",10,"circRNA","ENSMMUG00000022838","ENSMMUT00000032144","10,9,8,7","6:174371514-174403367|6:174418526-174426630",2.22797574183,4.84078365724,0.461363750678
"1517","6",174675016,174697253,"circular_RNA/22",0,"+",174675016,174675016,"0,0,0",3,"136,173,2557","0,13705,19680",22,"circRNA","ENSMMUG00000009041","ENSMMUT00000083371","4,5,6","6:174612233-174675016|6:174697253-174721212",4.90154663202,27.1478844142,0.180851592013
"1518","6",174688721,174697253,"circular_RNA/2",1,"+",174688721,174688721,"0,0,0",2,"173,2557","0,5975",2,"circRNA","ENSMMUG00000009041","ENSMMUT00000083371","5,6","6:174675152-174688721|6:174697253-174721212",0.445595148365,27.1478844142,0.0167757967232
"1519","6",174729788,174732498,"circular_RNA/7",0,"+",174729788,174729788,"0,0,0",2,"76,119","0,2591",7,"circRNA","ENSMMUG00000009041","ENSMMUT00000083371","10,11","6:174726211-174729788|6:174732498-174733885",1.55958301928,27.1478844142,0.0577947455458
"1520","6",174768395,174770385,"circular_RNA/1",0,"+",174768395,174768395,"0,0,0",2,"270,117","0,1873",1,"circRNA","ENSMMUG00000009041","ENSMMUT00000083371","19,20","6:174761670-174768395|6:174770385-174771584",0.222797574183,27.1478844142,0.00857200695873
"1521","6",174856489,174857981,"circular_RNA/2",0,"+",174856489,174856489,"0,0,0",5,"93,144,144,109,110","0,183,650,942,1382",2,"circRNA","ENSMMUG00000019807","ENSMMUT00000040610","4,5,6,7,8","6:174856142-174856489|6:174857981-174858438",0.445595148365,3.56476118692,0.127447715957
"1522","6",175030316,175033101,"circular_RNA/7",1,"-",175030316,175030316,"0,0,0",3,"388,235,243","0,1509,2542",7,"circRNA","ENSMMUG00000016910","ENSMMUT00000040590","4,3,2","6:175026674-175030316|6:175033101-175048675",1.55958301928,6.20650385223,0.252486454861
"1523","6",177109816,177110485,"circular_RNA/6",0,"+",177109816,177109816,"0,0,0",2,"142,82","0,587",6,"circRNA","ENSMMUG00000012370","ENSMMUT00000017347","5,6","6:177108466-177109816|6:177110485-177111282",1.3367854451,99.48768601,0.0135358469037
"1524","6",177109816,177111475,"circular_RNA/1",0,"+",177109816,177109816,"0,0,0",3,"142,82,193","0,587,1466",1,"circRNA","ENSMMUG00000012370","ENSMMUT00000017347","5,6,7","6:177108466-177109816|6:177111475-177117744",0.222797574183,99.48768601,0.00233972852554
"1525","6",177117744,177121602,"circular_RNA/3",0,"+",177117744,177117744,"0,0,0",2,"190,114","0,3744",3,"circRNA","ENSMMUG00000012370","ENSMMUT00000017347","8,9","6:177111475-177117744|6:177121602-177122546",0.668392722548,99.48768601,0.00681817587677
"1526","6",177179888,177182626,"circular_RNA/2",0,"+",177179888,177179888,"0,0,0",2,"240,97","0,2641",2,"circRNA","ENSMMUG00000012371","ENSMMUT00000072521","4,5","6:177177754-177179888|6:177182626-177185270",0.445595148365,21.1212100325,0.0215602962473
"1527","6",177379440,177392391,"circular_RNA/5",0,"-",177379440,177379440,"0,0,0",4,"205,97,83,72","0,2968,10962,12879",5,"circRNA","ENSMMUG00000013347","ENSMMUT00000060573","8,7,6,5","6:177333406-177379440|6:177392391-177421527",1.11398787091,72.9439257874,0.0154068181908
"1528","6",177654663,177657501,"circular_RNA/10",0,"-",177654663,177654663,"0,0,0",3,"72,64,125","0,1661,2713",10,"circRNA","ENSMMUG00000001728","ENSMMUT00000002440","11,10,9","6:177653016-177654663|6:177657501-177659285",2.22797574183,5.83729644359,0.382736836317
"1529","6",177665754,177697895,"circular_RNA/13",0,"-",177665754,177665754,"0,0,0",6,"166,139,59,130,241,169","0,12515,15598,19561,31321,31972",13,"circRNA","ENSMMUG00000001728","ENSMMUT00000070876","6,5,4,3,2,1","6:177664277-177665754|None",2.89636846437,5.83729644359,0.497044829591
"1530","6",177678269,177697895,"circular_RNA/1",0,"-",177678269,177678269,"0,0,0",5,"139,59,130,241,169","0,3083,7046,18806,19457",1,"circRNA","ENSMMUG00000001728","ENSMMUT00000070876","5,4,3,2,1","6:177665920-177678269|None",0.222797574183,5.83729644359,0.0398128564934
"1531","6",177946738,177971624,"circular_RNA/5",0,"+",177946738,177946738,"0,0,0",3,"114,187,86","0,21327,24800",5,"circRNA","ENSMMUG00000018690","ENSMMUT00000026277","2,3,4","6:177912695-177946738|6:177971624-177983055",1.11398787091,31.6372555339,0.0355161246038
"1532","6",177968065,177971624,"circular_RNA/15",0,"+",177968065,177968065,"0,0,0",2,"187,86","0,3473",15,"circRNA","ENSMMUG00000018690","ENSMMUT00000026277","3,4","6:177946852-177968065|6:177971624-177983055",3.34196361274,31.6372555339,0.10591640748
"1533","6",177971538,177990236,"circular_RNA/5",0,"+",177971538,177971538,"0,0,0",8,"86,105,69,158,155,155,231,203","0,11517,11703,12845,14126,14884,16117,18495",5,"circRNA","ENSMMUG00000018690","ENSMMUT00000026277","4,5,6,7,8,9,10,11","6:177968252-177971538|6:177990236-177993079",1.11398787091,31.6372555339,0.0355161246038
"1534","6",177985664,177986577,"circular_RNA/8",0,"+",177985664,177985664,"0,0,0",2,"155,155","0,758",8,"circRNA","ENSMMUG00000018690","ENSMMUT00000026277","8,9","6:177984541-177985664|6:177986577-177987655",1.78238059346,31.6372555339,0.0566362094666
"1535","6",178778909,178779705,"circular_RNA/15",0,"-",178778909,178778909,"0,0,0",2,"148,172","0,624",15,"circRNA","ENSMMUG00000003604","ENSMMUT00000005104","3,2","6:178777442-178778909|6:178779705-178781037",3.34196361274,1299.39258556,0.00257961901107
"1536","11",405123,415703,"circular_RNA/3",1,"+",405123,405123,"0,0,0",3,"54,232,143","0,2913,10437",3,"circRNA","ENSMMUG00000013892","ENSMMUT00000019503","2,3,4","11:400096-405123|11:415703-423276",0.668392722548,2.97738576408,0.227085745237
"1537","11",1047254,1048075,"circular_RNA/15",0,"+",1047254,1047254,"0,0,0",1,"821","0",15,"circRNA","ENSMMUG00000010933","ENSMMUT00000015294","2","11:1006737-1047254|11:1048075-1098288",3.34196361274,3.93609047723,0.849439117547
"1538","11",1127743,1201727,"circular_RNA/2",0,"+",1127743,1127743,"0,0,0",6,"168,168,138,141,141,194","0,21227,64499,65887,67255,73790",2,"circRNA","ENSMMUG00000010933","ENSMMUT00000015294","7,8,9,10,11,12","11:1124167-1127743|11:1201727-1248029",0.445595148365,3.93609047723,0.115454815594
"1539","11",1192242,1201727,"circular_RNA/8",0,"+",1192242,1192242,"0,0,0",4,"138,141,141,194","0,1388,2756,9291",8,"circRNA","ENSMMUG00000010933","ENSMMUT00000015294","9,10,11,12","11:1149138-1192242|11:1201727-1248029",1.78238059346,3.93609047723,0.45421680111
"1540","11",1832443,1832700,"circular_RNA/4",0,"+",1832443,1832443,"0,0,0",1,"257","0",4,"circRNA","ENSMMUG00000017262","ENSMMUT00000109583","3","11:1808974-1832443|11:1832700-1851515",0.891190296731,10.4436362898,0.0862083079751
"1541","11",6673047,6673287,"circular_RNA/7",0,"+",6673047,6673047,"0,0,0",1,"240","0",7,"circRNA","ENSMMUG00000018677","ENSMMUT00000066303","14","11:6672042-6673047|11:6673287-6674070",1.55958301928,9.66480511455,0.16223407094
"1542","11",6733226,6747186,"circular_RNA/2",0,"-",6733226,6733226,"0,0,0",17,"145,134,89,87,181,176,238,125,118,132,142,174,122,138,201,192,97","0,484,717,895,1066,5717,6045,6626,10025,10252,10474,10946,11248,11643,11969,13010,13863",2,"circRNA","ENSMMUG00000018685","ENSMMUT00000026271","30,29,28,27,26,25,24,23,22,21,20,19,18,17,16,15,14","11:6732897-6733226|11:6747186-6748055",0.445595148365,54.3968846504,0.00837385105382
"1543","11",6826823,6831230,"circular_RNA/1",0,"-",6826823,6826823,"0,0,0",4,"159,79,183,225","0,1719,3321,4182",1,"circRNA","ENSMMUG00000016990","ENSMMUT00000023880","10,9,8,7","11:6825921-6826823|11:6831230-6836451",0.222797574183,18.9656435023,0.0122682308062
"1544","11",6828542,6831230,"circular_RNA/7",0,"-",6828542,6828542,"0,0,0",3,"79,183,225","0,1602,2463",7,"circRNA","ENSMMUG00000016990","ENSMMUT00000023880","9,8,7","11:6826982-6828542|11:6831230-6836451",1.55958301928,18.9656435023,0.0827156675393
"1545","11",8054845,8056447,"circular_RNA/4",0,"-",8054845,8054845,"0,0,0",2,"188,163","0,1439",4,"circRNA","ENSMMUG00000000439","ENSMMUT00000110371","7,6","11:8048804-8054845|11:8056447-8057351",0.891190296731,1.69326156379,0.529096831567
"1546","11",10807384,10807890,"circular_RNA/2",0,"+",10807384,10807384,"0,0,0",2,"110,131","0,375",2,"circRNA","ENSMMUG00000017846","ENSMMUT00000025082","4,5","11:10805624-10807384|11:10807890-10808735",0.445595148365,38.5068474046,0.0118284641414
"1547","11",10829423,10831456,"circular_RNA/4",0,"-",10829423,10829423,"0,0,0",3,"150,81,111","0,684,1922",4,"circRNA","ENSMMUG00000017843","ENSMMUT00000025080","5,4,3","11:10828517-10829423|11:10831456-10833754",0.891190296731,13.908934274,0.0647456392128
"1548","11",13142910,13245266,"circular_RNA/2",0,"+",13142910,13142910,"0,0,0",3,"130,165,135","0,88135,102221",2,"circRNA","ENSMMUG00000014370","ENSMMUT00000020165","2,3,4","11:13039261-13142910|11:13245266-13260914",0.445595148365,109.934688747,0.00414385773026
"1549","11",13231045,13231210,"circular_RNA/6",0,"+",13231045,13231045,"0,0,0",1,"165","0",6,"circRNA","ENSMMUG00000014370","ENSMMUT00000020165","3","11:13143040-13231045|11:13231210-13245131",1.3367854451,109.934688747,0.0122496635394
"1550","11",13515103,13527444,"circular_RNA/1",0,"-",13515103,13515103,"0,0,0",4,"210,191,212,203","0,8772,10251,12138",1,"circRNA","ENSMMUG00000023317","ENSMMUT00000081160","16,15,14,13","11:13512180-13515103|11:13527444-13535145",0.222797574183,5.87375422845,0.039566162206
"1551","11",13623751,13624145,"circular_RNA/10",0,"-",13623751,13623751,"0,0,0",1,"394","0",10,"circRNA","ENSMMUG00000023317","ENSMMUT00000081160","2","11:13578572-13623751|11:13624145-13645271",2.22797574183,5.87375422845,0.38036526594
"1552","11",13860681,13874963,"circular_RNA/2",0,"-",13860681,13860681,"0,0,0",2,"160,164","0,14118",2,"circRNA","ENSMMUG00000018580","ENSMMUT00000026116","5,4","11:13853257-13860681|11:13874963-13895130",0.445595148365,11.5483409285,0.0394170020752
"1553","11",15825238,15826800,"circular_RNA/6",0,"+",15825238,15825238,"0,0,0",1,"1562","0",6,"circRNA","ENSMMUG00000003664","ENSMMUT00000089243","2","11:15768519-15825238|11:15826800-15836400",1.3367854451,56.6108381673,0.023786038651
"1554","11",15825238,15848777,"circular_RNA/19",0,"+",15825238,15825238,"0,0,0",5,"1562,84,146,138,66","0,11162,12946,14652,23473",19,"circRNA","ENSMMUG00000003664","ENSMMUT00000089243","2,3,4,5,6","11:15768519-15825238|11:15848777-15858262",4.23315390947,56.6108381673,0.0749397933131
"1555","11",15862195,15868248,"circular_RNA/4",0,"+",15862195,15862195,"0,0,0",2,"639,65","0,5988",4,"circRNA","ENSMMUG00000003664","ENSMMUT00000089243","9,10","11:15858994-15862195|11:15868248-15876184",0.891190296731,56.6108381673,0.0159162302414
"1556","11",19770371,19821928,"circular_RNA/5",0,"+",19770371,19770371,"0,0,0",6,"132,115,131,189,94,95","0,9542,18743,27389,48462,51462",5,"circRNA","ENSMMUG00000022174","ENSMMUT00000031187","13,14,15,16,17,18","11:19743945-19770371|11:19821928-19892173",1.11398787091,11.4947044754,0.0976981089183
"1557","11",19970508,19974834,"circular_RNA/3",0,"+",19970508,19970508,"0,0,0",3,"190,122,109","0,677,4217",3,"circRNA","ENSMMUG00000022174","ENSMMUT00000031187","27,28,29","11:19948514-19970508|11:19974834-20002397",0.668392722548,11.4947044754,0.0589665492059
"1558","11",20877659,20888785,"circular_RNA/12",0,"+",20877659,20877659,"0,0,0",2,"208,108","0,11018",12,"circRNA","ENSMMUG00000016243","ENSMMUT00000087642","2,3","11:20854199-20877659|11:20888785-20912154",2.67357089019,13.367854451,0.200598003216
"1559","11",23831654,23850304,"circular_RNA/2",0,"-",23831654,23831654,"0,0,0",6,"109,86,152,199,156,96","0,6260,10948,16364,17412,18554",2,"circRNA","ENSMMUG00000006641","ENSMMUT00000068431","11,10,9,8,7,6","11:23818325-23831654|11:23850304-23852319",0.445595148365,19.8200721993,0.0229749616535
"1560","11",27947122,27974066,"circular_RNA/9",0,"-",27947122,27947122,"0,0,0",4,"130,194,151,145","0,3799,25375,26799",9,"circRNA","ENSMMUG00000023128","ENSMMUT00000032537","22,21,20,19","11:27943430-27947122|11:27974066-27974513",2.00517816764,21.9308480096,0.0918459563075
"1561","11",28302494,28303353,"circular_RNA/3",0,"-",28302494,28302494,"0,0,0",2,"153,81","0,778",3,"circRNA","ENSMMUG00000003217","ENSMMUT00000064538","10,9","11:28298996-28302494|11:28303353-28305485",0.668392722548,9.94019946354,0.068178806368
"1562","11",28688835,28700301,"circular_RNA/7",0,"+",28688835,28688835,"0,0,0",4,"151,102,42,158","0,1869,7722,11308",7,"circRNA","ENSMMUG00000023249","ENSMMUT00000032698","2,3,4,5","11:28659551-28688835|11:28700301-28705911",1.55958301928,4.76444043252,0.328747010558
"1563","11",28963144,28969857,"circular_RNA/3",0,"+",28963144,28963144,"0,0,0",3,"132,93,115","0,4713,6598",3,"circRNA","ENSMMUG00000021737","ENSMMUT00000030593","8,9,10","11:28960692-28963144|11:28969857-28972260",0.668392722548,7.88043271646,0.085976618384
"1564","11",29691458,29719779,"circular_RNA/4",0,"+",29691458,29691458,"0,0,0",2,"78,108","0,28213",4,"circRNA","ENSMMUG00000011802","ENSMMUT00000047016","7,8","11:29638033-29691458|11:29719779-29787654",0.891190296731,18.4179327991,0.0489034937644
"1565","11",32413241,32417639,"circular_RNA/3",0,"-",32413241,32413241,"0,0,0",3,"127,100,148","0,1435,4250",3,"circRNA","ENSMMUG00000009155","ENSMMUT00000083699","4,3,2","11:32407180-32413241|11:32417639-32445855",0.668392722548,25.3989234568,0.0266989950874
"1566","11",32828558,32841042,"circular_RNA/1",0,"-",32828558,32828558,"0,0,0",4,"57,218,145,133","0,379,4932,12351",1,"circRNA","ENSMMUG00000011180","ENSMMUT00000085225","6,5,4,3","11:32819973-32828558|11:32841042-32845635",0.222797574183,3.18282248832,0.0729127832927
"1567","11",33711812,33723752,"circular_RNA/2",0,"+",33711812,33711812,"0,0,0",2,"156,184","0,11756",2,"circRNA","ENSMMUG00000004851","ENSMMUT00000046974","2,3","11:33532787-33711812|11:33723752-33729006",0.445595148365,15.8000613025,0.0288167856941
"1568","11",33723568,33729514,"circular_RNA/3",0,"+",33723568,33723568,"0,0,0",2,"184,508","0,5438",3,"circRNA","ENSMMUG00000004851","ENSMMUT00000046974","3,4","11:33711968-33723568|11:33729514-33746425",0.668392722548,15.8000613025,0.042908924233
"1569","11",33749148,33759475,"circular_RNA/7",0,"+",33749148,33749148,"0,0,0",5,"146,157,139,59,147","0,879,7026,9818,10180",7,"circRNA","ENSMMUG00000004851","ENSMMUT00000046974","6,7,8,9,10","11:33746515-33749148|11:33759475-33770207",1.55958301928,15.8000613025,0.0992774783885
"1570","11",33862144,33871282,"circular_RNA/4",0,"+",33862144,33862144,"0,0,0",4,"72,87,163,121","0,2775,5042,9017",4,"circRNA","ENSMMUG00000013655","ENSMMUT00000019172","5,6,7,8","11:33861431-33862144|11:33871282-33872980",0.891190296731,30.0776725147,0.0299521438985
"1571","11",33862144,33892815,"circular_RNA/8",0,"+",33862144,33862144,"0,0,0",15,"72,87,163,121,132,207,121,156,90,93,57,78,33,177,110","0,2775,5042,9017,10836,12572,21169,21506,22003,23858,27238,27999,28401,30216,30561",8,"circRNA","ENSMMUG00000013655","ENSMMUT00000019172","5,6,7,8,9,10,11,12,13,14,15,16,17,18,19","11:33861431-33862144|11:33892815-33894764",1.78238059346,30.0776725147,0.0595719257641
"1572","11",33867186,33874923,"circular_RNA/1",0,"+",33867186,33867186,"0,0,0",4,"163,121,132,207","0,3975,5794,7530",1,"circRNA","ENSMMUG00000013655","ENSMMUT00000019172","7,8,9,10","11:33865006-33867186|11:33874923-33883313",0.222797574183,30.0776725147,0.00773730749925
"1573","11",41490101,41506212,"circular_RNA/12",1,"-",41490101,41490101,"0,0,0",5,"173,124,252,126,172","0,467,8278,12626,15939",12,"circRNA","ENSMMUG00000010868","ENSMMUT00000090597","7,6,5,4,3","11:41480907-41490101|11:41506212-41517793",2.67357089019,5.64420521263,0.474615050086
"1574","11",41748754,41798812,"circular_RNA/1",0,"+",41748754,41748754,"0,0,0",7,"165,62,212,57,80,120,141","0,3288,26444,36646,39140,44285,49917",1,"circRNA","ENSMMUG00000021735","ENSMMUT00000057294","4,5,6,7,8,9,10","11:41734838-41748754|11:41798812-41842806",0.222797574183,26.4237922981,0.00880681710584
"1575","11",45345490,45369799,"circular_RNA/11",0,"+",45345490,45345490,"0,0,0",10,"67,251,97,210,168,82,135,197,2864,149","0,157,740,917,2574,10096,12060,12803,13259,24160",11,"circRNA","ENSMMUG00000015962","ENSMMUT00000022445","7,8,9,10,11,12,13,14,15,16","11:45330177-45345490|11:45369799-45400014",2.45077331601,13.8742125741,0.17723535295
"1576","11",45434872,45435219,"circular_RNA/11",0,"-",45434872,45434872,"0,0,0",1,"347","0",11,"circRNA","ENSMMUG00000023791","ENSMMUT00000033479","12","11:45433194-45434872|11:45435219-45436278",2.45077331601,45.3711345711,0.0542245877999
"1577","11",45436278,45438996,"circular_RNA/41",0,"-",45436278,45436278,"0,0,0",1,"2718","0",41,"circRNA","ENSMMUG00000023791","ENSMMUT00000033479","11","11:45435219-45436278|11:45438996-45441597",9.13470054149,45.3711345711,0.201508856663
"1578","11",45774607,45778298,"circular_RNA/3",0,"-",45774607,45774607,"0,0,0",2,"216,117","0,3574",3,"circRNA","ENSMMUG00000011999","ENSMMUT00000088553","3,2","11:45764926-45774607|11:45778298-45803893",0.668392722548,22.9958924781,0.0294877811497
"1579","11",47645042,47657974,"circular_RNA/1",0,"-",47645042,47645042,"0,0,0",4,"172,160,85,131","0,5165,11146,12801",1,"circRNA","ENSMMUG00000020125","ENSMMUT00000028317","5,4,3,2","11:47636683-47645042|11:47657974-47661346",0.222797574183,11.460150222,0.0202959481504
"1580","11",48736622,48793220,"circular_RNA/6",0,"-",48736622,48736622,"0,0,0",5,"223,96,34,1196,149","0,1792,46532,54938,56449",6,"circRNA","ENSMMUG00000021081","ENSMMUT00000029767","7,6,5,4,3","11:48736511-48736622|11:48793220-48793342",1.3367854451,251.835524684,0.00534766479091
"1581","11",50045461,50048664,"circular_RNA/10",0,"+",50045461,50045461,"0,0,0",3,"148,156,76","0,1305,3127",10,"circRNA","ENSMMUG00000008172","ENSMMUT00000011427","2,3,4","11:50013840-50045461|11:50048664-50053874",2.22797574183,42.9256659592,0.0521239322096
"1582","11",50045461,50054011,"circular_RNA/4",0,"+",50045461,50045461,"0,0,0",4,"148,156,76,137","0,1305,3127,8413",4,"circRNA","ENSMMUG00000008172","ENSMMUT00000011427","2,3,4,5","11:50013840-50045461|11:50054011-50056765",0.891190296731,42.9256659592,0.0209893168441
"1583","11",50045461,50056869,"circular_RNA/19",0,"+",50045461,50045461,"0,0,0",5,"148,156,76,137,104","0,1305,3127,8413,11304",19,"circRNA","ENSMMUG00000008172","ENSMMUT00000011427","2,3,4,5,6","11:50013840-50045461|11:50056869-50060084",4.23315390947,42.9256659592,0.0988258552575
"1584","11",50045461,50061298,"circular_RNA/13",0,"+",50045461,50045461,"0,0,0",7,"148,156,76,137,104,111,54","0,1305,3127,8413,11304,14623,15783",13,"circRNA","ENSMMUG00000008172","ENSMMUT00000011427","2,3,4,5,6,7,8","11:50013840-50045461|11:50061298-50073466",2.89636846437,42.9256659592,0.0676912398921
"1585","11",50073466,50074422,"circular_RNA/1",0,"+",50073466,50073466,"0,0,0",2,"213,104","0,852",1,"circRNA","ENSMMUG00000008172","ENSMMUT00000011427","9,10","11:50061298-50073466|11:50074422-50081435",0.222797574183,42.9256659592,0.00542200916143
"1586","11",50074318,50087741,"circular_RNA/7",0,"+",50074318,50074318,"0,0,0",4,"104,213,49,162","0,7117,8564,13261",7,"circRNA","ENSMMUG00000008172","ENSMMUT00000011427","10,11,12,13","11:50073679-50074318|11:50087741-50094660",1.55958301928,42.9256659592,0.0365566245268
"1587","11",50342307,50346806,"circular_RNA/6",0,"+",50342307,50342307,"0,0,0",3,"202,110,81","0,4167,4418",6,"circRNA","ENSMMUG00000010565","ENSMMUT00000058357","23,24,25","11:50336445-50342307|11:50346806-50349341",1.3367854451,14.3736263573,0.0936332334868
"1588","11",50411580,50441884,"circular_RNA/6",0,"+",50411580,50411580,"0,0,0",3,"99,101,131","0,16357,30173",6,"circRNA","ENSMMUG00000054294","ENSMMUT00000108606","2,3,4","11:50392551-50411580|11:50441884-50446254",1.3367854451,21.6113646957,0.0622895670118
"1589","11",50411580,50446685,"circular_RNA/35",0,"+",50411580,50411580,"0,0,0",5,"99,101,131,183,160","0,16357,30173,34674,34945",35,"circRNA","ENSMMUG00000054294","ENSMMUT00000108606","2,3,4,5,6","11:50392551-50411580|11:50446685-50452207",7.79791509639,21.6113646957,0.361120364338
"1590","11",50625352,50628263,"circular_RNA/1",0,"-",50625352,50625352,"0,0,0",2,"149,72","0,2839",1,"circRNA","ENSMMUG00000022961","ENSMMUT00000105451","3,2","11:50622404-50625352|11:50628263-50644590",0.222797574183,22.1405089344,0.0105098070149
"1591","11",52578263,52584493,"circular_RNA/13",0,"+",52578263,52578263,"0,0,0",5,"138,209,117,55,135","0,2321,3494,5408,6095",13,"circRNA","ENSMMUG00000001062","ENSMMUT00000001511","2,3,4,5,6","11:52568420-52578263|11:52584493-52589569",2.89636846437,259.559173923,0.0111968937622
"1592","11",52578263,52589968,"circular_RNA/3",0,"+",52578263,52578263,"0,0,0",7,"138,209,117,55,135,126,174","0,2321,3494,5408,6095,11306,11531",3,"circRNA","ENSMMUG00000001062","ENSMMUT00000001511","2,3,4,5,6,7,8","11:52568420-52578263|11:52589968-52595065",0.668392722548,259.559173923,0.00261353346507
"1593","11",52578263,52595982,"circular_RNA/2",0,"+",52578263,52578263,"0,0,0",9,"138,209,117,55,135,126,174,229,98","0,2321,3494,5408,6095,11306,11531,16802,17621",2,"circRNA","ENSMMUG00000001062","ENSMMUT00000001511","2,3,4,5,6,7,8,9,10","11:52568420-52578263|11:52595982-52598720",0.445595148365,259.559173923,0.00175519743535
"1594","11",52865481,52867288,"circular_RNA/5",1,"+",52865481,52865481,"0,0,0",1,"1807","0",5,"ciRNA","ENSMMUG00000022030","ENSMMUT00000030998","3","11:52865481-52867312",1.11398787091,136.630612368,0.00822586968421
"1595","11",52979643,52979843,"circular_RNA/5",0,"+",52979643,52979643,"0,0,0",1,"200","0",5,"circRNA","ENSMMUG00000020036","ENSMMUT00000046504","5","11:52978011-52979643|11:52979843-52980907",1.11398787091,48.3470735976,0.0232435047717
"1596","11",55353604,55368016,"circular_RNA/2",0,"-",55353604,55353604,"0,0,0",8,"69,26,29,74,52,68,47,100","0,1517,5300,5775,7033,11235,11532,14312",2,"circRNA","ENSMMUG00000006293","ENSMMUT00000090605","9,8,7,6,5,4,3,2","11:55322693-55353604|11:55368016-55381934",0.445595148365,17.6010083604,0.0258699069946
"1597","11",55731103,55731785,"circular_RNA/6",0,"-",55731103,55731103,"0,0,0",3,"167,136,65","0,249,617",6,"circRNA","ENSMMUG00000008273","ENSMMUT00000060069","25,24,23","11:55729766-55731103|11:55731785-55732822",1.3367854451,34.8884497646,0.0385915550457
"1598","11",56826449,56866592,"circular_RNA/7",0,"-",56826449,56826449,"0,0,0",11,"170,101,155,161,127,243,176,233,54,126,141","0,8156,10081,10690,11093,11522,22943,26805,32450,38982,40002",7,"circRNA","ENSMMUG00000021789","ENSMMUT00000030661","17,16,15,14,13,12,11,10,9,8,7","11:56825730-56826449|11:56866592-56867365",1.55958301928,42.1644409141,0.0372164511315
"1599","11",56849392,56853487,"circular_RNA/7",0,"-",56849392,56849392,"0,0,0",2,"176,233","0,3862",7,"circRNA","ENSMMUG00000021789","ENSMMUT00000030661","11,10","11:56838214-56849392|11:56853487-56858899",1.55958301928,42.1644409141,0.0372164511315
"1600","11",57412473,57415714,"circular_RNA/4",0,"-",57412473,57412473,"0,0,0",4,"57,102,39,149","0,643,1197,3092",4,"circRNA","ENSMMUG00000050282","ENSMMUT00000103313","5,4,3,2","11:57410460-57412473|11:57415714-57432287",0.891190296731,56.2723015936,0.0160119659505
"1601","11",57534706,57540817,"circular_RNA/24",0,"+",57534706,57534706,"0,0,0",4,"46,82,138,84","0,1065,4214,6027",24,"circRNA","ENSMMUG00000060302","ENSMMUT00000091510","2,3,4,5","11:57530574-57534706|11:57540817-57544129",5.34714178038,15.7072289799,0.340845182521
"1602","11",57535771,57540817,"circular_RNA/27",0,"+",57535771,57535771,"0,0,0",3,"82,138,84","0,3149,4962",27,"circRNA","ENSMMUG00000060302","ENSMMUT00000091510","3,4,5","11:57534752-57535771|11:57540817-57544129",6.01553450293,15.7072289799,0.383371299778
"1603","11",62092970,62095574,"circular_RNA/2",0,"+",62092970,62092970,"0,0,0",3,"174,159,225","0,2140,2379",2,"circRNA","ENSMMUG00000000955","ENSMMUT00000097633","9,10,11","11:62065692-62092970|11:62095574-62100680",0.445595148365,35.5521271946,0.0128112456792
"1604","11",62189297,62250723,"circular_RNA/7",0,"+",62189297,62189297,"0,0,0",20,"64,38,96,130,98,126,195,125,137,154,233,82,185,113,105,81,74,91,102,111","0,9608,10739,14236,16110,16991,24377,40980,41548,42414,48539,51254,51934,53565,54020,54511,54667,54830,59534,61315",7,"circRNA","ENSMMUG00000000956","ENSMMUT00000061983","2,3,4,5,6,7,8,9,10,11,12,13,14,15,16,17,18,19,20,21","11:62172473-62189297|11:62250723-62252595",1.55958301928,19.1308850365,0.0820015906415
"1605","11",62203533,62206414,"circular_RNA/2",0,"+",62203533,62203533,"0,0,0",3,"130,98,126","0,1874,2755",2,"circRNA","ENSMMUG00000000956","ENSMMUT00000061983","5,6,7","11:62200132-62203533|11:62206414-62213674",0.445595148365,19.1308850365,0.0238021986703
"1606","11",62213674,62213869,"circular_RNA/1",0,"+",62213674,62213674,"0,0,0",1,"195","0",1,"circRNA","ENSMMUG00000000956","ENSMMUT00000061983","8","11:62206414-62213674|11:62213869-62230277",0.222797574183,19.1308850365,0.0121623202762
"1607","11",62213674,62250723,"circular_RNA/1",0,"+",62213674,62213674,"0,0,0",14,"195,125,137,154,233,82,185,113,105,81,74,91,102,111","0,16603,17171,18037,24162,26877,27557,29188,29643,30134,30290,30453,35157,36938",1,"circRNA","ENSMMUG00000000956","ENSMMUT00000061983","8,9,10,11,12,13,14,15,16,17,18,19,20,21","11:62206414-62213674|11:62250723-62252595",0.222797574183,19.1308850365,0.0121623202762
"1608","11",62261998,62262197,"circular_RNA/2",0,"+",62261998,62261998,"0,0,0",1,"199","0",2,"circRNA","ENSMMUG00000000956","ENSMMUT00000061983","25","11:62258859-62261998|11:62262197-62266521",0.445595148365,19.1308850365,0.0238021986703
"1609","11",63855821,63884244,"circular_RNA/27",0,"-",63855821,63855821,"0,0,0",2,"145,73","0,28350",27,"circRNA","ENSMMUG00000020533","ENSMMUT00000028896","4,3","11:63845134-63855821|11:63884244-63905457",6.01553450293,4.5116508772,1.33259613946
"1610","11",63871279,63884244,"circular_RNA/2",0,"-",63871279,63871279,"0,0,0",2,"409,73","0,12892",2,"circRNA","ENSMMUG00000020533","ENSMMUT00000057001","4,3","11:63865760-63871279|11:63884244-63905457",0.445595148365,4.5116508772,0.10075858591
"1611","11",63959303,63988646,"circular_RNA/5",0,"+",63959303,63959303,"0,0,0",22,"134,83,57,70,219,185,169,237,39,63,125,145,120,95,70,239,286,190,117,116,48,72","0,4842,6611,7953,8781,9957,10242,11122,12880,13057,14472,14917,15213,15690,17929,19951,21445,23373,24498,24787,25625,29271",5,"circRNA","ENSMMUG00000007659","ENSMMUT00000010730","2,3,4,5,6,7,8,9,10,11,12,13,14,15,16,17,18,19,20,21,22,23","11:63954773-63959303|11:63988646-63994393",1.11398787091,24.6562648762,0.0455678180929
"1612","11",63967256,63970662,"circular_RNA/2",0,"+",63967256,63967256,"0,0,0",5,"70,219,185,169,237","0,828,2004,2289,3169",2,"circRNA","ENSMMUG00000007659","ENSMMUT00000010730","5,6,7,8,9","11:63965971-63967256|11:63970662-63972183",0.445595148365,24.6562648762,0.0184703744427
"1613","11",64036006,64038455,"circular_RNA/3",0,"+",64036006,64036006,"0,0,0",1,"2449","0",3,"ciRNA","ENSMMUG00000007658","ENSMMUT00000010727","11","11:64036006-64038470",0.668392722548,12.8108605155,0.0529131973418
"1614","11",64278061,64301215,"circular_RNA/6",0,"-",64278061,64278061,"0,0,0",9,"102,104,119,83,168,99,66,207,60","0,8067,10451,11632,13623,15285,16127,18483,23094",6,"circRNA","ENSMMUG00000006481","ENSMMUT00000056275","10,9,8,7,6,5,4,3,2","11:64272247-64278061|11:64301215-64308138",1.3367854451,89.6091843363,0.0150278699262
"1615","11",64430027,64432307,"circular_RNA/14",0,"+",64430027,64430027,"0,0,0",2,"113,140","0,2140",14,"circRNA","ENSMMUG00000003180","ENSMMUT00000004501","10,11","11:64408400-64430027|11:64432307-64435998",3.11916603856,13.0336580897,0.239899422159
"1616","11",65773821,65797524,"circular_RNA/2",0,"+",65773821,65773821,"0,0,0",7,"183,65,55,152,65,115,119","0,5577,6269,7557,13461,22020,23584",2,"circRNA","ENSMMUG00000054816","ENSMMUT00000107873","2,3,4,5,6,7,8","11:65760188-65773821|11:65797524-65809842",0.445595148365,9.41826109045,0.048322288065
"1617","11",66833235,66843134,"circular_RNA/1",0,"+",66833235,66833235,"0,0,0",6,"155,124,257,106,146,293","0,2379,4731,5072,6267,9606",1,"circRNA","ENSMMUG00000008300","ENSMMUT00000011609","3,4,5,6,7,8","11:66822520-66833235|11:66843134-66845112",0.222797574183,71.4066225256,0.0032597113382
"1618","11",68188955,68193145,"circular_RNA/8",0,"+",68188955,68188955,"0,0,0",3,"141,144,117","0,3271,4073",8,"circRNA","ENSMMUG00000011442","ENSMMUT00000077596","5,6,7","11:68186829-68188955|11:68193145-68195566",1.78238059346,54.2289295561,0.0330460170975
"1619","11",68357311,68357602,"circular_RNA/1",0,"+",68357311,68357311,"0,0,0",2,"68,97","0,194",1,"circRNA","ENSMMUG00000055447","ENSMMUT00000019919","6,7","11:68353532-68357311|11:68357602-68361998",0.222797574183,48.3693533551,0.00481191992118
"1620","11",68357311,68362159,"circular_RNA/3",0,"+",68357311,68357311,"0,0,0",3,"68,97,161","0,194,4687",3,"circRNA","ENSMMUG00000055447","ENSMMUT00000019919","6,7,8","11:68353532-68357311|11:68362159-68368878",0.668392722548,48.3693533551,0.0140223602736
"1621","11",68778829,68790791,"circular_RNA/25",0,"+",68778829,68778829,"0,0,0",8,"210,104,146,135,505,116,154,190","0,1894,6109,7146,7999,8836,9449,11772",25,"circRNA","ENSMMUG00000002921","ENSMMUT00000004146","2,3,4,5,6,7,8,9","11:68767816-68778829|11:68790791-68838862",5.56993935457,20.0517816764,0.278137776822
"1622","11",68786828,68790791,"circular_RNA/4",0,"+",68786828,68786828,"0,0,0",4,"505,116,154,190","0,837,1450,3773",4,"circRNA","ENSMMUG00000002921","ENSMMUT00000004146","6,7,8,9","11:68786110-68786828|11:68790791-68838862",0.891190296731,20.0517816764,0.0449207508718
"1623","11",69099197,69109512,"circular_RNA/4",0,"+",69099197,69099197,"0,0,0",5,"95,91,187,159,164","0,6762,8386,9328,10151",4,"circRNA","ENSMMUG00000010819","ENSMMUT00000101864","5,6,7,8,9","11:69069169-69099197|11:69109512-69111187",0.891190296731,23.8888510096,0.03770851981
"1624","11",69126221,69128883,"circular_RNA/13",0,"+",69126221,69126221,"0,0,0",2,"203,101","0,2561",13,"circRNA","ENSMMUG00000010820","ENSMMUT00000046161","7,8","11:69125441-69126221|11:69128883-69129709",2.89636846437,112.194492713,0.0259024250642
"1625","11",69294399,69295669,"circular_RNA/13",0,"+",69294399,69294399,"0,0,0",3,"95,89,259","0,187,1011",13,"circRNA","ENSMMUG00000051498","ENSMMUT00000090875","2,3,4","11:69277054-69294399|11:69295669-69318580",2.89636846437,9.35749811567,0.310260907286
"1626","11",69294399,69318676,"circular_RNA/2",0,"+",69294399,69294399,"0,0,0",4,"95,89,259,96","0,187,1011,24181",2,"circRNA","ENSMMUG00000051498","ENSMMUT00000090875","2,3,4,5","11:69277054-69294399|11:69318676-69328401",0.445595148365,9.35749811567,0.0486357341885
"1627","11",69294399,69329304,"circular_RNA/9",0,"+",69294399,69294399,"0,0,0",5,"276,259,96,78,204","0,1011,24181,34002,34701",9,"circRNA","ENSMMUG00000051498","ENSMMUT00000087681","2,3,4,5,6","11:69277054-69294399|11:69329304-69332585",2.00517816764,9.35749811567,0.215124480705
"1628","11",71172691,71179519,"circular_RNA/6",0,"-",71172691,71172691,"0,0,0",7,"189,187,184,120,102,122,132","0,2154,3647,4795,5486,6474,6696",6,"circRNA","ENSMMUG00000020943","ENSMMUT00000029455","23,22,21,20,19,18,17","11:71172119-71172691|11:71179519-71180341",1.3367854451,20.4098492064,0.065954720404
"1629","11",71488922,71492242,"circular_RNA/3",0,"+",71488922,71488922,"0,0,0",3,"98,117,87","0,2289,3233",3,"circRNA","ENSMMUG00000007727","ENSMMUT00000077746","14,15,16","11:71488261-71488922|11:71492242-71493798",0.668392722548,40.98164791,0.0165495352623
"1630","11",75928663,75933818,"circular_RNA/5",0,"-",75928663,75928663,"0,0,0",3,"90,98,99","0,1921,5056",5,"circRNA","ENSMMUG00000017864","ENSMMUT00000098961","16,15,14","11:75926738-75928663|11:75933818-75939519",1.11398787091,53.4608083956,0.0210205887032
"1631","11",77537256,77539739,"circular_RNA/5",0,"+",77537256,77537256,"0,0,0",2,"73,184","0,2299",5,"circRNA","ENSMMUG00000021329","ENSMMUT00000046060","4,5","11:77513990-77537256|11:77539739-77572644",1.11398787091,0.674945592377,1.64098854481
"1632","11",78890077,78904090,"circular_RNA/1",1,"+",78890077,78890077,"0,0,0",4,"185,123,168,168","0,6547,10530,13845",1,"circRNA","ENSMMUG00000005530","ENSMMUT00000046051","5,6,7,8","11:78817305-78890077|11:78904090-78956697",0.222797574183,0.526612448068,0.433828128701
"1633","11",80721906,80767396,"circular_RNA/3",0,"+",80721906,80721906,"0,0,0",4,"152,104,96,64","0,24810,42295,45426",3,"circRNA","ENSMMUG00000013800","ENSMMUT00000056072","7,8,9,10","11:80698833-80721906|11:80767396-80779273",0.668392722548,15.205934438,0.044584361566
"1634","11",82434375,82434946,"circular_RNA/4",0,"+",82434375,82434375,"0,0,0",1,"571","0",4,"circRNA","ENSMMUG00000011305","ENSMMUT00000068883","2","11:82264781-82434375|11:82434946-82478676",0.891190296731,3.30145496289,0.272143304629
"1635","11",84757505,84780490,"circular_RNA/2",1,"+",84757505,84757505,"0,0,0",6,"120,90,122,96,83,102","0,14477,15223,15890,16234,22883",2,"circRNA","ENSMMUG00000016535","ENSMMUT00000080482","18,19,20,21,22,23","11:84747348-84757505|11:84780490-84842440",0.445595148365,0.11996792456,3.50544297685
"1636","11",92586844,92611285,"circular_RNA/3",0,"-",92586844,92586844,"0,0,0",8,"140,156,114,201,204,120,150,339","0,2267,3983,8001,11088,18161,19890,24102",3,"circRNA","ENSMMUG00000002244","ENSMMUT00000003179","18,17,16,15,14,13,12,11","11:92580143-92586844|11:92611285-92626759",0.668392722548,11.2058928052,0.0604849506259
"1637","11",92606734,92637874,"circular_RNA/3",0,"-",92606734,92606734,"0,0,0",6,"150,339,117,156,122,114","0,4212,20025,29234,30280,31026",3,"circRNA","ENSMMUG00000002244","ENSMMUT00000003179","12,11,10,9,8,7","11:92605125-92606734|11:92637874-92638770",0.668392722548,11.2058928052,0.0604849506259
"1638","11",92635968,92637874,"circular_RNA/5",0,"-",92635968,92635968,"0,0,0",3,"156,122,114","0,1046,1792",5,"circRNA","ENSMMUG00000002244","ENSMMUT00000003179","9,8,7","11:92626876-92635968|11:92637874-92638770",1.11398787091,11.2058928052,0.100213856394
"1639","11",94017018,94034021,"circular_RNA/5",0,"+",94017018,94017018,"0,0,0",5,"115,148,88,103,87","0,9793,13983,16360,16916",5,"circRNA","ENSMMUG00000018237","ENSMMUT00000063282","5,6,7,8,9","11:93993801-94017018|11:94034021-94045064",1.11398787091,15.9814413789,0.0702868393335
"1640","11",94139850,94208195,"circular_RNA/1",0,"-",94139850,94139850,"0,0,0",10,"130,158,76,150,145,115,132,252,132,93","0,1788,3873,32186,32449,34326,40242,43112,65595,68252",1,"circRNA","ENSMMUG00000018239","ENSMMUT00000055425","13,12,11,10,9,8,7,6,5,4","11:94120615-94139850|11:94208195-94217089",0.222797574183,5.6144988694,0.0413899228338
"1641","11",94918151,94918699,"circular_RNA/5",0,"-",94918151,94918151,"0,0,0",1,"548","0",5,"ciRNA","ENSMMUG00000018901","ENSMMUT00000026573","12","11:94916211-94918699",1.11398787091,5.30023702792,0.211664350386
"1642","11",95015951,95018379,"circular_RNA/16",0,"-",95015951,95015951,"0,0,0",1,"2428","0",16,"circRNA","ENSMMUG00000018901","ENSMMUT00000079493","2","11:94978466-95015951|11:95018379-95024374",3.56476118692,5.30023702792,0.673182979992
"1643","11",95302066,95304083,"circular_RNA/5",0,"+",95302066,95302066,"0,0,0",3,"162,182,95","0,882,1922",5,"circRNA","ENSMMUG00000062006","ENSMMUT00000096658","5,6,7","11:95294068-95302066|11:95304083-95312273",1.11398787091,38.8224773013,0.0289445317173
"1644","11",99874399,99886982,"circular_RNA/1",0,"-",99874399,99874399,"0,0,0",7,"109,254,151,143,176,1505,194","0,405,2565,3472,10099,10557,12389",1,"circRNA","ENSMMUG00000023601","ENSMMUT00000093416","19,18,17,16,15,14,13","11:99866647-99874399|11:99886982-99900358",0.222797574183,21.0209511241,0.0110692841617
"1645","11",100038847,100041707,"circular_RNA/13",1,"+",100038847,100038847,"0,0,0",3,"118,69,124","0,742,2736",13,"circRNA","ENSMMUG00000023603","ENSMMUT00000033211","2,3,4","11:100006889-100038847|11:100041707-100043998",2.89636846437,5.93198541261,0.48912413319
"1646","11",101545514,101562932,"circular_RNA/3",0,"-",101545514,101545514,"0,0,0",12,"168,99,86,114,220,200,1103,204,124,171,180,162","0,3868,4228,6314,7401,7838,10399,12292,14279,16281,16666,17256",3,"circRNA","ENSMMUG00000012562","ENSMMUT00000080212","18,17,16,15,14,13,12,11,10,9,8,7","11:101540248-101545514|11:101562932-101572058",0.668392722548,41.5040052477,0.0163412977982
"1647","11",101559793,101572528,"circular_RNA/7",0,"-",101559793,101559793,"0,0,0",6,"124,171,180,162,135,65","0,2002,2387,2977,12265,12670",7,"circRNA","ENSMMUG00000012562","ENSMMUT00000080212","10,9,8,7,6,5","11:101558010-101559793|11:101572528-101577928",1.55958301928,41.5040052477,0.0378085181113
"1648","11",101559793,101578134,"circular_RNA/2",0,"-",101559793,101559793,"0,0,0",7,"124,171,180,162,135,65,206","0,2002,2387,2977,12265,12670,18135",2,"circRNA","ENSMMUG00000012562","ENSMMUT00000080212","10,9,8,7,6,5,4","11:101558010-101559793|11:101578134-101580479",0.445595148365,41.5040052477,0.0109744927199
"1649","11",101830418,101836645,"circular_RNA/7",0,"-",101830418,101830418,"0,0,0",3,"111,108,66","0,4232,6161",7,"circRNA","ENSMMUG00000046478","ENSMMUT00000073120","5,4,3","11:101816726-101830418|11:101836645-101849538",1.55958301928,47.7343802686,0.0328747176202
"1650","11",103685430,103686560,"circular_RNA/14",0,"+",103685430,103685430,"0,0,0",2,"242,70","0,1060",14,"circRNA","ENSMMUG00000021291","ENSMMUT00000029955","3,4","11:103682654-103685430|11:103686560-103688371",3.11916603856,33.8970595007,0.0922865646458
"1651","11",103690299,103691197,"circular_RNA/10",0,"+",103690299,103690299,"0,0,0",2,"172,126","0,772",10,"circRNA","ENSMMUG00000021291","ENSMMUT00000029955","8,9","11:103688965-103690299|11:103691197-103692430",2.22797574183,33.8970595007,0.0660032386997
"1652","11",108154267,108155669,"circular_RNA/1",0,"-",108154267,108154267,"0,0,0",2,"77,113","0,1289",1,"circRNA","ENSMMUG00000017124","ENSMMUT00000073231","14,13","11:108153369-108154267|11:108155669-108158679",0.222797574183,13.9248483864,0.0167061433126
"1653","11",108155556,108160907,"circular_RNA/1",0,"-",108155556,108155556,"0,0,0",5,"113,110,59,78,108","0,3123,4265,4459,5243",1,"circRNA","ENSMMUG00000017124","ENSMMUT00000073231","13,12,11,10,9","11:108154344-108155556|11:108160907-108161373",0.222797574183,13.9248483864,0.0167061433126
"1654","11",108421662,108422209,"circular_RNA/3",0,"-",108421662,108421662,"0,0,0",1,"547","0",3,"circRNA","ENSMMUG00000015107","ENSMMUT00000080575","12","11:108418431-108421662|11:108422209-108428416",0.668392722548,9.83492148892,0.068907885483
"1655","11",108768048,108768710,"circular_RNA/9",0,"+",108768048,108768048,"0,0,0",1,"662","0",9,"circRNA","ENSMMUG00000022698","ENSMMUT00000086245","1","None|11:108768710-108796961",2.00517816764,48.130464845,0.0418603803293
"1656","11",108796961,108801038,"circular_RNA/17",0,"+",108796961,108796961,"0,0,0",2,"133,139","0,3938",17,"circRNA","ENSMMUG00000022698","ENSMMUT00000086245","2,3","11:108768710-108796961|11:108801038-108804896",3.78755876111,48.130464845,0.0788849624393
"1657","11",108796961,108805006,"circular_RNA/11",0,"+",108796961,108796961,"0,0,0",3,"133,139,110","0,3938,7935",11,"circRNA","ENSMMUG00000022698","ENSMMUT00000086245","2,3,4","11:108768710-108796961|11:108805006-108805361",2.45077331601,48.130464845,0.0511165258568
"1658","11",108847130,108852582,"circular_RNA/3",0,"+",108847130,108847130,"0,0,0",3,"147,189,101","0,2409,5351",3,"circRNA","ENSMMUG00000022698","ENSMMUT00000086245","19,20,21","11:108842881-108847130|11:108852582-108856090",0.668392722548,48.130464845,0.014091943747
"1659","11",108856090,108856393,"circular_RNA/4",0,"+",108856090,108856090,"0,0,0",2,"89,125","0,178",4,"circRNA","ENSMMUG00000022698","ENSMMUT00000086245","22,23","11:108852582-108856090|11:108856393-108861986",0.891190296731,48.130464845,0.0187200165107
"1660","11",108861986,108862391,"circular_RNA/33",0,"+",108861986,108861986,"0,0,0",2,"114,114","0,291",33,"circRNA","ENSMMUG00000022698","ENSMMUT00000086245","24,25","11:108856393-108861986|11:108862391-108863312",7.35231994803,48.130464845,0.152934126659
"1661","11",108861986,108880423,"circular_RNA/5",0,"+",108861986,108861986,"0,0,0",13,"114,114,90,119,138,100,108,57,42,216,156,204,156","0,291,1326,3074,8396,9400,9590,10963,11260,13145,15690,16925,18281",5,"circRNA","ENSMMUG00000022698","ENSMMUT00000086245","24,25,26,27,28,29,30,31,32,33,34,35,36","11:108856393-108861986|11:108880423-108885978",1.11398787091,48.130464845,0.0233480892744
"1662","11",108861986,108886791,"circular_RNA/4",0,"+",108861986,108861986,"0,0,0",15,"114,114,90,119,138,100,108,57,42,216,156,204,156,123,270","0,291,1326,3074,8396,9400,9590,10963,11260,13145,15690,16925,18281,23992,24535",4,"circRNA","ENSMMUG00000022698","ENSMMUT00000086245","24,25,26,27,28,29,30,31,32,33,34,35,36,37,38","11:108856393-108861986|11:108886791-108887950",0.891190296731,48.130464845,0.0187200165107
"1663","11",109587792,109610758,"circular_RNA/2",0,"-",109587792,109587792,"0,0,0",5,"189,83,105,143,112","0,762,13440,15324,22854",2,"circRNA","ENSMMUG00000010484","ENSMMUT00000099676","16,15,14,13,12","11:109583259-109587792|11:109610758-109612058",0.445595148365,18.9996820206,0.02396647918
"1664","11",111123073,111124083,"circular_RNA/2",0,"-",111123073,111123073,"0,0,0",2,"228,146","0,864",2,"circRNA","ENSMMUG00000002226","ENSMMUT00000062319","23,22","11:111119882-111123073|11:111124083-111131793",0.445595148365,29.3181353299,0.0155344055543
"1665","11",111137248,111177448,"circular_RNA/4",0,"-",111137248,111137248,"0,0,0",9,"133,185,61,153,64,305,71,108,198","0,449,20591,21034,22067,24093,39162,39503,40002",4,"circRNA","ENSMMUG00000002226","ENSMMUT00000062319","20,19,18,17,16,15,14,13,12","11:111131847-111137248|11:111177448-111180189",0.891190296731,29.3181353299,0.0307278415963
"1666","11",111176410,111177448,"circular_RNA/5",0,"-",111176410,111176410,"0,0,0",3,"71,108,198","0,341,840",5,"circRNA","ENSMMUG00000002226","ENSMMUT00000062319","14,13,12","11:111161646-111176410|11:111177448-111180189",1.11398787091,29.3181353299,0.0383245596171
"1667","11",111180189,111186894,"circular_RNA/4",0,"-",111180189,111180189,"0,0,0",4,"183,210,179,198","0,2824,4891,6507",4,"circRNA","ENSMMUG00000002226","ENSMMUT00000062319","11,10,9,8","11:111177448-111180189|11:111186894-111187707",0.891190296731,29.3181353299,0.0307278415963
"1668","11",111343289,111350328,"circular_RNA/13",0,"-",111343289,111343289,"0,0,0",2,"114,190","0,6849",13,"circRNA","ENSMMUG00000017107","ENSMMUT00000108455","5,4","11:111338271-111343289|11:111350328-111352799",2.89636846437,25.1984056401,0.115293624907
"1669","11",111770788,111773865,"circular_RNA/5",0,"-",111770788,111770788,"0,0,0",3,"112,79,108","0,2523,2969",5,"circRNA","ENSMMUG00000013917","ENSMMUT00000045576","7,6,5","11:111769866-111770788|11:111773865-111775827",1.11398787091,18.1526975917,0.0618844125568
"1670","11",112817342,112817703,"circular_RNA/8",0,"-",112817342,112817342,"0,0,0",2,"136,138","0,223",8,"circRNA","ENSMMUG00000021793","ENSMMUT00000090878","18,17","11:112815614-112817342|11:112817703-112819104",1.78238059346,8.73601014558,0.204936944232
"1671","11",115819521,115834281,"circular_RNA/8",0,"-",115819521,115819521,"0,0,0",2,"84,85","0,14675",8,"circRNA","ENSMMUG00000001906","ENSMMUT00000002694","4,3","11:115745797-115819521|11:115834281-115959316",1.78238059346,37.622059337,0.0476290860781
"1672","11",120355572,120355973,"circular_RNA/4",0,"+",120355572,120355572,"0,0,0",2,"185,137","0,264",4,"circRNA","ENSMMUG00000004223","ENSMMUT00000106252","6,7","11:120353308-120355572|11:120355973-120359605",0.891190296731,83.5073157733,0.0107904604978
"1673","11",120592712,120594673,"circular_RNA/9",0,"-",120592712,120592712,"0,0,0",3,"113,79,120","0,1024,1841",9,"circRNA","ENSMMUG00000020650","ENSMMUT00000029047","6,5,4","11:120578568-120592712|11:120594673-120601359",2.00517816764,7.32756466201,0.274638556587
"1674","11",121061221,121062312,"circular_RNA/2",0,"+",121061221,121061221,"0,0,0",3,"72,73,97","0,182,994",2,"circRNA","ENSMMUG00000003521","ENSMMUT00000061910","2,3,4","11:121049561-121061221|11:121062312-121068093",0.445595148365,20.6211532549,0.0220828735426
"1675","11",121664882,121665377,"circular_RNA/4",0,"+",121664882,121664882,"0,0,0",1,"495","0",4,"circRNA","ENSMMUG00000012842","ENSMMUT00000017738","8","11:121663725-121664882|11:121665377-121667930",0.891190296731,15.1673733194,0.0593772240931
"1676","11",122068700,122070899,"circular_RNA/5",0,"-",122068700,122068700,"0,0,0",3,"97,111,132","0,268,2067",5,"circRNA","ENSMMUG00000018037","ENSMMUT00000017748","5,4,3","11:122058359-122068700|11:122070899-122076205",1.11398787091,38.989575482,0.0288205155317
"1677","11",122188127,122189072,"circular_RNA/7",0,"-",122188127,122188127,"0,0,0",1,"945","0",7,"circRNA","ENSMMUG00000021928","ENSMMUT00000103546","10","11:122183900-122188127|11:122189072-122195025",1.55958301928,14.4043475135,0.10889032735
"1678","11",122224248,122224820,"circular_RNA/3",0,"-",122224248,122224248,"0,0,0",1,"572","0",3,"circRNA","ENSMMUG00000021928","ENSMMUT00000103546","2","11:122210693-122224248|11:122224820-122227851",0.668392722548,14.4043475135,0.0470637135613
"1679","11",122429746,122432834,"circular_RNA/10",1,"+",122429746,122429746,"0,0,0",3,"73,68,281","0,706,2807",10,"circRNA","ENSMMUG00000007556","ENSMMUT00000010566","31,32,33","11:122427655-122429746|11:122432834-122434152",2.22797574183,3.14182341898,0.710057463357
"1680","11",123039278,123050015,"circular_RNA/2",0,"-",123039278,123039278,"0,0,0",3,"176,135,102","0,1356,10635",2,"circRNA","ENSMMUG00000019678","ENSMMUT00000105113","18,17,16","11:123038098-123039278|11:123050015-123053483",0.445595148365,2.88668161332,0.157281748284
"1681","11",123179169,123185897,"circular_RNA/1",0,"-",123179169,123179169,"0,0,0",2,"194,152","0,6576",1,"circRNA","ENSMMUG00000011496","ENSMMUT00000045409","28,27","11:123177069-123179169|11:123185897-123190391",0.222797574183,27.9503150321,0.00832599968619
"1682","11",123184002,123185897,"circular_RNA/1",0,"-",123184002,123184002,"0,0,0",2,"77,138","0,1757",1,"circRNA","ENSMMUG00000011496","ENSMMUT00000016098","30,29","11:123179363-123184002|11:123185897-123190391",0.222797574183,27.9503150321,0.00832599968619
"1683","11",123226542,123237344,"circular_RNA/1",0,"-",123226542,123226542,"0,0,0",4,"101,310,105,132","0,4698,7458,10670",1,"circRNA","ENSMMUG00000011496","ENSMMUT00000016098","5,4,3,2","11:123220378-123226542|11:123237344-123248915",0.222797574183,27.9503150321,0.00832599968619
"1684","11",123476124,123479781,"circular_RNA/24",0,"+",123476124,123476124,"0,0,0",3,"193,21,108","0,866,3549",24,"circRNA","ENSMMUG00000058836","ENSMMUT00000096460","2,3,4","11:123474120-123476124|11:123479781-123486161",5.34714178038,57.0361789908,0.0939088625242
"1685","11",124321803,124332273,"circular_RNA/3",0,"-",124321803,124321803,"0,0,0",5,"99,55,179,94,173","0,2560,6350,9331,10297",3,"circRNA","ENSMMUG00000023107","ENSMMUT00000032508","13,12,11,10,9","11:124305571-124321803|11:124332273-124340208",0.668392722548,36.5784106236,0.0185411913495
"1686","11",124698981,124728842,"circular_RNA/6",0,"-",124698981,124698981,"0,0,0",9,"52,74,119,167,116,96,204,142,158","0,5924,11176,19088,21491,23175,25512,26284,29703",6,"circRNA","ENSMMUG00000016486","ENSMMUT00000092459","10,9,8,7,6,5,4,3,2","11:124698083-124698981|11:124728842-124777160",1.3367854451,23.6722422569,0.0568690004304
"1687","11",124830334,124831474,"circular_RNA/1",1,"-",124830334,124830334,"0,0,0",2,"466,446","0,694",1,"circRNA","ENSMMUG00000002320","ENSMMUT00000065093","2,1","11:124830109-124830334|None",0.222797574183,391.900932987,0.00059400632794
"1688","11",124831081,124831309,"circular_RNA/4",1,"-",124831081,124831081,"0,0,0",1,"228","0",4,"ciRNA","ENSMMUG00000002320","ENSMMUT00000062650","1","11:124831081-124831309",0.891190296731,391.900932987,0.0022994773069
"1689","11",128656188,128673148,"circular_RNA/25",0,"-",128656188,128656188,"0,0,0",6,"159,156,169,78,169,296","0,1900,11097,11699,12249,16664",25,"circRNA","ENSMMUG00000005767","ENSMMUT00000008097","7,6,5,4,3,2","11:128650637-128656188|11:128673148-128681750",5.56993935457,13.0336580897,0.427789452636
"1690","13",772939,779830,"circular_RNA/3",0,"+",772939,772939,"0,0,0",5,"107,123,111,183,117","0,1056,4007,5411,6774",3,"circRNA","ENSMMUG00000023269","ENSMMUT00000032736","11,12,13,14,15","13:771999-772939|13:779830-781728",0.668392722548,7.92897249297,0.0854509476067
"1691","13",1128008,1166036,"circular_RNA/2",1,"+",1128008,1128008,"0,0,0",8,"144,135,144,150,170,97,134,139","0,483,34026,35736,36631,36998,37463,37889",2,"circRNA","ENSMMUG00000007590","ENSMMUT00000063230","2,3,4,5,6,7,8,9","13:1095424-1128008|13:1166036-1168956",0.445595148365,4.53021734171,0.100346550413
"1692","13",1162034,1166036,"circular_RNA/1",1,"+",1162034,1162034,"0,0,0",6,"144,150,170,97,134,139","0,1710,2605,2972,3437,3863",1,"circRNA","ENSMMUG00000007590","ENSMMUT00000063230","4,5,6,7,8,9","13:1128626-1162034|13:1166036-1168956",0.222797574183,4.53021734171,0.0512745440718
"1693","13",1495209,1498960,"circular_RNA/4",0,"-",1495209,1495209,"0,0,0",2,"125,176","0,3575",4,"circRNA","ENSMMUG00000011428","ENSMMUT00000016000","32,31","13:1489262-1495209|13:1498960-1519635",0.891190296731,19.2942699242,0.0466834695262
"1694","13",1541438,1566355,"circular_RNA/4",0,"-",1541438,1541438,"0,0,0",5,"171,154,109,109,62","0,263,1217,4482,24855",4,"circRNA","ENSMMUG00000011428","ENSMMUT00000016000","14,13,12,11,10","13:1540224-1541438|13:1566355-1567690",0.891190296731,19.2942699242,0.0466834695262
"1695","13",2012989,2015089,"circular_RNA/3",1,"+",2012989,2012989,"0,0,0",3,"120,88,157","0,1759,1943",3,"circRNA","ENSMMUG00000021185","ENSMMUT00000029809","18,19,20","13:2008551-2012989|13:2015089-2029139",0.668392722548,0.644521553886,1.03647117275
"1696","13",2860308,2912406,"circular_RNA/3",0,"-",2860308,2860308,"0,0,0",13,"186,111,169,56,155,116,152,78,171,159,168,66,216","0,3929,7009,8323,14270,16805,37697,39069,39237,42567,43123,44610,51882",3,"circRNA","ENSMMUG00000043786","ENSMMUT00000066412","15,14,13,12,11,10,9,8,7,6,5,4,3","13:2827552-2860308|13:2912406-2922250",0.668392722548,2.97845178118,0.22700474099
"1697","13",2898005,2922379,"circular_RNA/2",1,"-",2898005,2898005,"0,0,0",8,"152,78,171,159,168,66,216,129","0,1372,1540,4870,5426,6913,14185,24245",2,"circRNA","ENSMMUG00000043786","ENSMMUT00000066412","9,8,7,6,5,4,3,2","13:2877229-2898005|13:2922379-2936598",0.445595148365,2.97845178118,0.15245189875
"1698","13",3199107,3202973,"circular_RNA/3",0,"+",3199107,3199107,"0,0,0",4,"108,111,68,142","0,302,3127,3724",3,"circRNA","ENSMMUG00000018946","ENSMMUT00000080381","11,12,13,14","13:3196738-3199107|13:3202973-3210651",0.668392722548,35.9575911029,0.0188612220542
"1699","13",3231678,3256834,"circular_RNA/5",0,"-",3231678,3231678,"0,0,0",8,"173,221,120,155,129,109,117,108","0,1983,7782,10480,13303,19019,23559,25048",5,"circRNA","ENSMMUG00000015515","ENSMMUT00000055894","14,13,12,11,10,9,8,7","13:3229134-3231678|13:3256834-3259489",1.11398787091,9.99406261334,0.112353142354
"1700","13",3263498,3270714,"circular_RNA/5",0,"-",3263498,3263498,"0,0,0",2,"153,169","0,7047",5,"circRNA","ENSMMUG00000015515","ENSMMUT00000055894","5,4","13:3260199-3263498|13:3270714-3283303",1.11398787091,9.99406261334,0.112353142354
"1701","13",3840884,3841712,"circular_RNA/7",0,"-",3840884,3840884,"0,0,0",2,"386,313","0,515",7,"circRNA","ENSMMUG00000022836","ENSMMUT00000097077","5,4","13:3670438-3840884|13:3841712-3843056",1.55958301928,19.3130318252,0.0812286101622
"1702","13",3840884,3843177,"circular_RNA/11",0,"-",3840884,3840884,"0,0,0",3,"386,313,121","0,515,2172",11,"circRNA","ENSMMUG00000022836","ENSMMUT00000097077","5,4,3","13:3670438-3840884|13:3843177-3939221",2.45077331601,19.3130318252,0.127349234751
"1703","13",4855319,4864741,"circular_RNA/4",0,"-",4855319,4855319,"0,0,0",3,"241,229,119","0,4025,9303",4,"circRNA","ENSMMUG00000009874","ENSMMUT00000087584","6,5,4","13:4845126-4855319|13:4864741-4889904",0.891190296731,56.0224500282,0.016083364127
"1704","13",5068719,5076162,"circular_RNA/17",0,"+",5068719,5068719,"0,0,0",3,"165,153,203","0,4353,7240",17,"circRNA","ENSMMUG00000001147","ENSMMUT00000001617","2,3,4","13:5064701-5068719|13:5076162-5077772",3.78755876111,24.9533283085,0.152125498418
"1705","13",12155097,12164226,"circular_RNA/2",0,"+",12155097,12155097,"0,0,0",8,"105,163,101,78,138,122,177,218","0,1063,1678,1876,2557,3741,6239,8911",2,"circRNA","ENSMMUG00000022844","ENSMMUT00000043170","12,13,14,15,16,17,18,19","13:12154475-12155097|13:12164226-12166424",0.445595148365,19.8289841023,0.0229646410328
"1706","13",12161336,12168230,"circular_RNA/3",0,"+",12161336,12161336,"0,0,0",4,"177,218,195,140","0,2672,5088,6754",3,"circRNA","ENSMMUG00000022844","ENSMMUT00000043170","18,19,20,21","13:12158960-12161336|13:12168230-12170835",0.668392722548,19.8289841023,0.0341949325152
"1707","13",12433070,12433636,"circular_RNA/12",0,"+",12433070,12433070,"0,0,0",2,"162,138","0,428",12,"circRNA","ENSMMUG00000021019","ENSMMUT00000043152","13,14","13:12432067-12433070|13:12433636-12433911",2.67357089019,25.4814410769,0.105273408518
"1708","13",12461948,12463523,"circular_RNA/1",0,"+",12461948,12461948,"0,0,0",3,"161,274,326","0,854,1249",1,"circRNA","ENSMMUG00000021019","ENSMMUT00000043152","25,26,27","13:12456651-12461948|13:12463523-12464569",0.222797574183,25.4814410769,0.0091323818642
"1709","13",12472264,12535572,"circular_RNA/4",0,"+",12472264,12472264,"0,0,0",10,"128,182,159,120,78,108,165,117,193,177","0,2883,5771,9715,17583,17769,20544,45015,53229,63131",4,"circRNA","ENSMMUG00000021024","ENSMMUT00000029562","4,5,6,7,8,9,10,11,12,13","13:12469569-12472264|13:12535572-12557169",0.891190296731,1.67098180637,0.536109488702
"1710","13",13245720,13263230,"circular_RNA/1",0,"-",13245720,13245720,"0,0,0",6,"169,97,162,187,196,118","0,1381,3571,11143,16797,17392",1,"circRNA","ENSMMUG00000017177","ENSMMUT00000074229","8,7,6,5,4,3","13:13234866-13245720|13:13263230-13270484",0.222797574183,6.04028978895,0.0384770948671
"1711","13",15028208,15093432,"circular_RNA/5",0,"-",15028208,15028208,"0,0,0",25,"119,215,179,71,37,79,149,92,269,75,188,61,141,135,66,91,96,210,221,146,74,83,101,52,162","0,2413,5651,8185,8350,9000,13898,15799,17167,20340,25585,28969,29554,32625,39035,39213,41242,45744,47387,48531,52737,57692,58572,58876,65062",5,"circRNA","ENSMMUG00000012115","ENSMMUT00000091356","26,25,24,23,22,21,20,19,18,17,16,15,14,13,12,11,10,9,8,7,6,5,4,3,2","13:15024718-15028208|13:15093432-15094728",1.11398787091,10.5322489614,0.106617466067
"1712","13",15289116,15292339,"circular_RNA/1",0,"+",15289116,15289116,"0,0,0",2,"92,132","0,3091",1,"circRNA","ENSMMUG00000002231","ENSMMUT00000003162","3,4","13:15284732-15289116|13:15292339-15299612",0.222797574183,9.30798754363,0.0249836751866
"1713","13",15726482,15743181,"circular_RNA/3",0,"+",15726482,15726482,"0,0,0",7,"172,282,134,171,157,197,254","0,1401,6418,10254,11646,15446,16445",3,"circRNA","ENSMMUG00000009468","ENSMMUT00000013214","8,9,10,11,12,13,14","13:15721318-15726482|13:15743181-15744193",0.668392722548,22.3593279805,0.0303269156382
"1714","13",19135295,19148209,"circular_RNA/4",0,"-",19135295,19135295,"0,0,0",3,"101,135,143","0,1543,12771",4,"circRNA","ENSMMUG00000003523","ENSMMUT00000004983","5,4,3","13:19120668-19135295|13:19148209-19168618",0.891190296731,17.130657926,0.0525761788504
"1715","13",22316401,22319903,"circular_RNA/4",0,"+",22316401,22316401,"0,0,0",2,"224,132","0,3370",4,"circRNA","ENSMMUG00000015824","ENSMMUT00000056402","11,12","13:22309270-22316401|13:22319903-22321742",0.891190296731,26.5129113277,0.0339778045327
"1716","13",22367601,22369150,"circular_RNA/5",0,"+",22367601,22367601,"0,0,0",2,"205,150","0,1399",5,"circRNA","ENSMMUG00000015815","ENSMMUT00000022222","2,3","13:22362195-22367601|13:22369150-22377829",1.11398787091,17.081147354,0.0657643309504
"1717","13",23439724,23462481,"circular_RNA/1",0,"-",23439724,23439724,"0,0,0",5,"283,175,102,140,168","0,3337,5964,15314,22589",1,"circRNA","ENSMMUG00000001414","ENSMMUT00000093502","6,5,4,3,2","13:23434619-23439724|13:23462481-23518494",0.222797574183,40.4748926432,0.00575023321007
"1718","13",23443061,23445790,"circular_RNA/2",0,"-",23443061,23443061,"0,0,0",2,"175,102","0,2627",2,"circRNA","ENSMMUG00000001414","ENSMMUT00000093502","5,4","13:23440007-23443061|13:23445790-23455038",0.445595148365,40.4748926432,0.0112534607015
"1719","13",23671817,23728507,"circular_RNA/3",1,"-",23671817,23671817,"0,0,0",12,"152,73,186,128,130,122,120,139,147,89,161,191","0,989,1596,5571,7999,19145,20380,28255,29812,30762,32669,56499",3,"circRNA","ENSMMUG00000019116","ENSMMUT00000026864","74,73,72,71,70,69,68,67,66,65,64,63","13:23670073-23671817|13:23728507-23746310",0.668392722548,0.0653539550936,9.00274871711
"1720","13",35202030,35250231,"circular_RNA/4",0,"-",35202030,35202030,"0,0,0",6,"1163,171,135,171,126,242","0,14960,16751,26337,36039,47959",4,"circRNA","ENSMMUG00000002819","ENSMMUT00000003995","16,15,14,13,12,11","13:35175679-35202030|13:35250231-35282743",0.891190296731,4.6078589206,0.195153276058
"1721","13",36052715,36076216,"circular_RNA/1",0,"+",36052715,36052715,"0,0,0",5,"166,48,91,46,205","0,8105,10000,10190,23296",1,"circRNA","ENSMMUG00000046512","ENSMMUT00000017006","2,3,4,5,6","13:35956613-36052715|13:36076216-36212717",0.222797574183,12.0310690059,0.0193336301012
"1722","13",36060820,36076216,"circular_RNA/5",0,"+",36060820,36060820,"0,0,0",4,"48,91,46,205","0,1895,2085,15191",5,"circRNA","ENSMMUG00000046512","ENSMMUT00000017006","3,4,5,6","13:36052881-36060820|13:36076216-36212717",1.11398787091,12.0310690059,0.0933461863194
"1723","13",37420524,37427367,"circular_RNA/40",0,"-",37420524,37420524,"0,0,0",5,"123,147,278,299,39","0,1482,4289,5745,6804",40,"circRNA","ENSMMUG00000007175","ENSMMUT00000059882","8,7,6,5,4","13:37409755-37420524|13:37427367-37435063",8.91190296731,17.0281003125,0.523644232847
"1724","13",37440315,37441834,"circular_RNA/4",0,"-",37440315,37440315,"0,0,0",1,"1519","0",4,"circRNA","ENSMMUG00000007175","ENSMMUT00000059882","2","13:37435125-37440315|13:37441834-37460429",0.891190296731,17.0281003125,0.0528926511878
"1725","13",38578731,38581249,"circular_RNA/5",1,"+",38578731,38578731,"0,0,0",2,"835,111","0,2407",5,"circRNA","ENSMMUG00000039823","ENSMMUT00000072469","3,4","13:38578058-38578731|13:38581249-38585914",1.11398787091,4.90154663202,0.228846014325
"1726","13",39437592,39443035,"circular_RNA/8",0,"+",39437592,39437592,"0,0,0",3,"126,59,135","0,4444,5308",8,"circRNA","ENSMMUG00000013797","ENSMMUT00000090459","6,7,8","13:39430102-39437592|13:39443035-39444814",1.78238059346,52.7637078623,0.0339635145239
"1727","13",39437592,39444876,"circular_RNA/4",0,"+",39437592,39437592,"0,0,0",4,"126,59,135,62","0,4444,5308,7222",4,"circRNA","ENSMMUG00000013797","ENSMMUT00000090459","6,7,8,9","13:39430102-39437592|13:39444876-39446822",0.891190296731,52.7637078623,0.0170765014102
"1728","13",39437592,39451950,"circular_RNA/2",0,"+",39437592,39437592,"0,0,0",6,"126,59,135,62,80,106","0,4444,5308,7222,9230,14252",2,"circRNA","ENSMMUG00000013797","ENSMMUT00000090459","6,7,8,9,10,11","13:39430102-39437592|13:39451950-39453955",0.445595148365,52.7637078623,0.0086329948533
"1729","13",39463661,39464321,"circular_RNA/4",0,"+",39463661,39463661,"0,0,0",2,"121,158","0,502",4,"circRNA","ENSMMUG00000013797","ENSMMUT00000090459","15,16","13:39460160-39463661|13:39464321-39472066",0.891190296731,52.7637078623,0.0170765014102
"1730","13",40245308,40288757,"circular_RNA/7",0,"-",40245308,40245308,"0,0,0",7,"126,356,182,133,148,173,72","0,8665,15292,21301,21753,30482,43377",7,"circRNA","ENSMMUG00000007552","ENSMMUT00000010561","8,7,6,5,4,3,2","13:40225774-40245308|13:40288757-40310936",1.55958301928,1.7081147354,0.91354959418
"1731","13",40260600,40288757,"circular_RNA/2",0,"-",40260600,40260600,"0,0,0",5,"182,133,148,173,72","0,6009,6461,15190,28085",2,"circRNA","ENSMMUG00000007552","ENSMMUT00000010561","6,5,4,3,2","13:40254329-40260600|13:40288757-40310936",0.445595148365,1.7081147354,0.265171550524
"1732","13",43661677,43670461,"circular_RNA/5",0,"+",43661677,43661677,"0,0,0",2,"96,96","0,8688",5,"circRNA","ENSMMUG00000021721","ENSMMUT00000095555","3,4","13:43655014-43661677|13:43670461-43672689",1.11398787091,92.1824963181,0.0121917500426
"1733","13",44662880,44673959,"circular_RNA/2",0,"+",44662880,44662880,"0,0,0",2,"110,140","0,10939",2,"circRNA","ENSMMUG00000059267","ENSMMUT00000102801","2,3","13:44623748-44662880|13:44673959-44677652",0.445595148365,47.7741655497,0.00953443767666
"1734","13",45381646,45382256,"circular_RNA/2",0,"+",45381646,45381646,"0,0,0",1,"610","0",2,"circRNA","ENSMMUG00000003979","ENSMMUT00000059556","10","13:45351567-45381646|13:45382256-45404502",0.445595148365,8.74152835176,0.0520589238877
"1735","13",47263751,47266350,"circular_RNA/2",0,"+",47263751,47263751,"0,0,0",3,"62,45,182","0,283,2417",2,"circRNA","ENSMMUG00000006941","ENSMMUT00000043531","5,6,7","13:47245916-47263751|13:47266350-47267487",0.445595148365,52.4409790232,0.00868611333572
"1736","13",47263751,47267731,"circular_RNA/9",0,"+",47263751,47263751,"0,0,0",5,"62,45,182,49,120","0,283,2417,3736,3860",9,"circRNA","ENSMMUG00000006941","ENSMMUT00000043531","5,6,7,8,9","13:47245916-47263751|13:47267731-47270041",2.00517816764,52.4409790232,0.0384202202737
"1737","13",47263751,47276587,"circular_RNA/3",0,"+",47263751,47263751,"0,0,0",13,"62,45,182,49,120,129,159,198,139,182,157,164,135","0,283,2417,3736,3860,6290,7709,9225,10561,10863,11130,11361,12701",3,"circRNA","ENSMMUG00000006941","ENSMMUT00000043531","5,6,7,8,9,10,11,12,13,14,15,16,17","13:47245916-47263751|13:47276587-47277799",0.668392722548,52.4409790232,0.0129338428983
"1738","13",47270041,47275276,"circular_RNA/6",0,"+",47270041,47270041,"0,0,0",7,"129,159,198,139,182,157,164","0,1419,2935,4271,4573,4840,5071",6,"circRNA","ENSMMUG00000006941","ENSMMUT00000043531","10,11,12,13,14,15,16","13:47267731-47270041|13:47275276-47276452",1.3367854451,52.4409790232,0.0256770315861
"1739","13",47271460,47275276,"circular_RNA/12",0,"+",47271460,47271460,"0,0,0",6,"159,198,139,182,157,164","0,1516,2852,3154,3421,3652",12,"circRNA","ENSMMUG00000006941","ENSMMUT00000043531","11,12,13,14,15,16","13:47270170-47271460|13:47275276-47276452",2.67357089019,52.4409790232,0.0511634089614
"1740","13",47276452,47284772,"circular_RNA/8",0,"+",47276452,47276452,"0,0,0",7,"135,184,107,195,169,135,160","0,1347,1842,4166,6366,7350,8160",8,"circRNA","ENSMMUG00000006941","ENSMMUT00000043531","17,18,19,20,21,22,23","13:47275276-47276452|13:47284772-47286188",1.78238059346,52.4409790232,0.0341724907111
"1741","13",47445311,47462587,"circular_RNA/4",0,"+",47445311,47445311,"0,0,0",9,"126,130,36,131,611,215,116,128,90","0,311,1417,1815,2221,6620,11264,11470,17186",4,"circRNA","ENSMMUG00000008098","ENSMMUT00000011318","11,12,13,14,15,16,17,18,19","13:47426348-47445311|13:47462587-47465411",0.891190296731,24.4295585727,0.0368742460732
"1742","13",47445311,47465507,"circular_RNA/7",0,"+",47445311,47445311,"0,0,0",10,"126,130,36,131,611,215,116,128,90,96","0,311,1417,1815,2221,6620,11264,11470,17186,20100",7,"circRNA","ENSMMUG00000008098","ENSMMUT00000011318","11,12,13,14,15,16,17,18,19,20","13:47426348-47445311|13:47465507-47471885",1.55958301928,24.4295585727,0.0642230511083
"1743","13",47503566,47516862,"circular_RNA/8",0,"+",47503566,47503566,"0,0,0",7,"87,201,83,41,125,153,105","0,4658,8290,9785,9964,12299,13191",8,"circRNA","ENSMMUG00000008098","ENSMMUT00000011318","33,34,35,36,37,38,39","13:47502102-47503566|13:47516862-47518569",1.78238059346,24.4295585727,0.0733393194533
"1744","13",47582838,47594379,"circular_RNA/5",0,"+",47582838,47582838,"0,0,0",8,"635,158,79,127,108,105,125,124","0,2760,5703,7799,8557,10083,10304,11417",5,"circRNA","ENSMMUG00000008098","ENSMMUT00000011318","68,69,70,71,72,73,74,75","13:47577226-47582838|13:47594379-47606721",1.11398787091,24.4295585727,0.0459905144181
"1745","13",47776528,47777223,"circular_RNA/5",0,"-",47776528,47776528,"0,0,0",1,"695","0",5,"circRNA","ENSMMUG00000005687","ENSMMUT00000106337","2","13:47760292-47776528|13:47777223-47790656",1.11398787091,24.1364038698,0.0465488723278
"1746","13",47899029,47900792,"circular_RNA/7",0,"-",47899029,47899029,"0,0,0",3,"213,105,141","0,311,1622",7,"circRNA","ENSMMUG00000010834","ENSMMUT00000086944","7,6,5","13:47897602-47899029|13:47900792-47917162",1.55958301928,20.6087756119,0.0761239682134
"1747","13",48034307,48035648,"circular_RNA/5",0,"-",48034307,48034307,"0,0,0",3,"54,85,121","0,440,1220",5,"circRNA","ENSMMUG00000000498","ENSMMUT00000082633","13,12,11","13:48030573-48034307|13:48035648-48036766",1.11398787091,9.3946310447,0.119514297325
"1748","13",48055757,48057700,"circular_RNA/5",0,"-",48055757,48055757,"0,0,0",2,"67,162","0,1781",5,"circRNA","ENSMMUG00000000498","ENSMMUT00000082633","3,2","13:48049086-48055757|13:48057700-48061668",1.11398787091,9.3946310447,0.119514297325
"1749","13",50620938,50649691,"circular_RNA/3",0,"-",50620938,50620938,"0,0,0",5,"162,167,59,121,133","0,12903,16960,19912,28620",3,"circRNA","ENSMMUG00000002025","ENSMMUT00000002866","11,10,9,8,7","13:50608299-50620938|13:50649691-50677730",0.668392722548,15.7376104673,0.0430790896153
"1750","13",53388215,53401249,"circular_RNA/7",0,"+",53388215,53388215,"0,0,0",7,"177,140,125,205,253,141,165","0,3179,6223,8463,9028,9622,12869",7,"circRNA","ENSMMUG00000030833","ENSMMUT00000093900","9,10,11,12,13,14,15","13:53386850-53388215|13:53401249-53403756",1.55958301928,25.4267731536,0.0617052725124
"1751","13",53641097,53644239,"circular_RNA/6",1,"+",53641097,53641097,"0,0,0",2,"57,2403","0,739",6,"circRNA","ENSMMUG00000021299","ENSMMUT00000079536","2,3","13:53620755-53641097|13:53644239-53683574",1.3367854451,112.646453507,0.0119548006632
"1752","13",54733854,54734706,"circular_RNA/7",0,"+",54733854,54733854,"0,0,0",2,"141,117","0,735",7,"circRNA","ENSMMUG00000008104","ENSMMUT00000063643","2,3","13:54713158-54733854|13:54734706-54743366",1.55958301928,40.1680573875,0.0390656771715
"1753","13",54748968,54751907,"circular_RNA/4",0,"+",54748968,54748968,"0,0,0",3,"123,93,266","0,1953,2673",4,"circRNA","ENSMMUG00000008104","ENSMMUT00000063643","8,9,10","13:54747624-54748968|13:54751907-54755698",0.891190296731,40.1680573875,0.0224299121294
"1754","13",54748968,54755885,"circular_RNA/31",0,"+",54748968,54748968,"0,0,0",4,"123,93,266,187","0,1953,2673,6730",31,"circRNA","ENSMMUG00000008104","ENSMMUT00000063643","8,9,10,11","13:54747624-54748968|13:54755885-54756511",6.90672479966,40.1680573875,0.172151797509
"1755","13",54756511,54760799,"circular_RNA/5",0,"+",54756511,54756511,"0,0,0",5,"90,65,151,99,70","0,1440,1774,3912,4218",5,"circRNA","ENSMMUG00000008104","ENSMMUT00000063643","12,13,14,15,16","13:54755885-54756511|13:54760799-54761586",1.11398787091,40.1680573875,0.0279751671433
"1756","13",54799030,54809809,"circular_RNA/3",0,"+",54799030,54799030,"0,0,0",3,"86,129,156","0,9367,10623",3,"circRNA","ENSMMUG00000008104","ENSMMUT00000063643","40,41,42","13:54797516-54799030|13:54809809-54814333",0.668392722548,40.1680573875,0.0168846571153
"1757","13",54916361,54930950,"circular_RNA/1",0,"+",54916361,54916361,"0,0,0",2,"209,159","0,14430",1,"circRNA","ENSMMUG00000010634","ENSMMUT00000099359","2,3","13:54823899-54916361|13:54930950-54952238",0.222797574183,9.70407211996,0.0239649830996
"1758","13",60262836,60268201,"circular_RNA/5",0,"-",60262836,60262836,"0,0,0",2,"93,137","0,5228",5,"circRNA","ENSMMUG00000022853","ENSMMUT00000032170","13,12","13:60256024-60262836|13:60268201-60271449",1.11398787091,8.45516794023,0.132777976627
"1759","13",60943146,60943865,"circular_RNA/3",0,"+",60943146,60943146,"0,0,0",4,"107,112,107,138","0,190,393,581",3,"circRNA","ENSMMUG00000022843","ENSMMUT00000032157","8,9,10,11","13:60941306-60943146|13:60943865-60952499",0.668392722548,33.2677286905,0.0203857880103
"1760","13",60952499,60953645,"circular_RNA/3",0,"+",60952499,60952499,"0,0,0",2,"218,86","0,1060",3,"circRNA","ENSMMUG00000022843","ENSMMUT00000032157","12,13","13:60943865-60952499|13:60953645-60955107",0.668392722548,33.2677286905,0.0203857880103
"1761","13",61347754,61390284,"circular_RNA/1",0,"-",61347754,61347754,"0,0,0",7,"110,200,134,150,147,279,155","0,22866,34881,36891,38723,40604,42375",1,"circRNA","ENSMMUG00000000974","ENSMMUT00000043556","8,7,6,5,4,3,2","13:61342308-61347754|13:61390284-61395520",0.222797574183,20.0175051266,0.0116238928769
"1762","13",61386477,61390284,"circular_RNA/7",1,"-",61386477,61386477,"0,0,0",3,"147,279,155","0,1881,3652",7,"circRNA","ENSMMUG00000000974","ENSMMUT00000043556","4,3,2","13:61384795-61386477|13:61390284-61395520",1.55958301928,20.0175051266,0.078371370241
"1763","13",63243862,63249691,"circular_RNA/3",1,"+",63243862,63243862,"0,0,0",4,"108,158,91,108","0,2508,4949,5721",3,"circRNA","ENSMMUG00000003490","ENSMMUT00000004941","11,12,13,14","13:63234947-63243862|13:63249691-63307650",0.668392722548,11.373816162,0.0595927334818
"1764","13",63376361,63382228,"circular_RNA/4",0,"+",63376361,63376361,"0,0,0",3,"107,177,180","0,1343,5687",4,"circRNA","ENSMMUG00000003490","ENSMMUT00000004941","17,18,19","13:63318517-63376361|13:63382228-63401906",0.891190296731,11.373816162,0.0791641646269
"1765","13",64821666,64828966,"circular_RNA/5",0,"+",64821666,64821666,"0,0,0",6,"197,123,122,59,87,127","0,2449,5100,5327,6156,7173",5,"circRNA","ENSMMUG00000019841","ENSMMUT00000071578","2,3,4,5,6,7","13:64808163-64821666|13:64828966-64829614",1.11398787091,88.9093378385,0.0126405335243
"1766","13",64821666,64830769,"circular_RNA/1",0,"+",64821666,64821666,"0,0,0",10,"197,123,122,59,87,127,145,146,106,108","0,2449,5100,5327,6156,7173,7948,8411,8808,8995",1,"circRNA","ENSMMUG00000019841","ENSMMUT00000071578","2,3,4,5,6,7,8,9,10,11","13:64808163-64821666|13:64830769-64841673",0.222797574183,88.9093378385,0.00261807588588
"1767","13",64841673,64886874,"circular_RNA/5",0,"+",64841673,64841673,"0,0,0",16,"119,94,67,28,58,107,78,45,114,131,86,208,125,107,69,91","0,3079,6230,19585,20525,21666,21985,22404,22805,23933,24760,26271,35165,35756,44308,45110",5,"circRNA","ENSMMUG00000019841","ENSMMUT00000071578","12,13,14,15,16,17,18,19,20,21,22,23,24,25,26,27","13:64830769-64841673|13:64886874-64894109",1.11398787091,88.9093378385,0.0126405335243
"1768","13",65221004,65224330,"circular_RNA/7",0,"+",65221004,65221004,"0,0,0",3,"692,179,156","0,2037,3170",7,"circRNA","ENSMMUG00000000642","ENSMMUT00000043578","12,13,14","13:65218980-65221004|13:65224330-65225563",1.55958301928,22.7359619749,0.0690049082563
"1769","13",65221004,65225686,"circular_RNA/5",0,"+",65221004,65221004,"0,0,0",4,"692,179,156,123","0,2037,3170,4559",5,"circRNA","ENSMMUG00000000642","ENSMMUT00000043578","12,13,14,15","13:65218980-65221004|13:65225686-65229257",1.11398787091,22.7359619749,0.0494148311753
"1770","13",65221004,65358711,"circular_RNA/16",0,"+",65221004,65221004,"0,0,0",18,"692,179,156,123,124,152,211,136,137,159,158,110,133,114,123,92,90,132","0,2037,3170,4559,8253,14947,18718,22909,23325,26184,28040,41446,59493,62531,69040,81846,135422,137575",16,"circRNA","ENSMMUG00000000642","ENSMMUT00000043578","12,13,14,15,16,17,18,19,20,21,22,23,24,25,26,27,28,29","13:65218980-65221004|13:65358711-65391316",3.56476118692,22.7359619749,0.15716025512
"1771","13",66499444,66521304,"circular_RNA/1",0,"-",66499444,66499444,"0,0,0",9,"126,152,136,135,96,111,70,150,124","0,1857,6999,7257,14441,16346,17984,19727,21736",1,"circRNA","ENSMMUG00000016277","ENSMMUT00000077022","15,14,13,12,11,10,9,8,7","13:66499359-66499444|13:66521304-66537332",0.222797574183,43.2936195287,0.00537593800972
"1772","13",66513885,66540932,"circular_RNA/3",0,"-",66513885,66513885,"0,0,0",8,"96,111,70,150,124,26,129,174","0,1905,3543,5286,7295,23447,24867,26873",3,"circRNA","ENSMMUG00000016277","ENSMMUT00000077022","11,10,9,8,7,6,5,4","13:66506836-66513885|13:66540932-66545396",0.668392722548,43.2936195287,0.0156659588721
"1773","13",66537332,66540932,"circular_RNA/9",0,"-",66537332,66537332,"0,0,0",3,"26,129,174","0,1420,3426",9,"circRNA","ENSMMUG00000016277","ENSMMUT00000077022","6,5,4","13:66521304-66537332|13:66540932-66545396",2.00517816764,43.2936195287,0.046536021459
"1774","13",69868013,69881368,"circular_RNA/3",0,"+",69868013,69868013,"0,0,0",4,"111,99,128,656","0,190,11785,12699",3,"circRNA","ENSMMUG00000020575","ENSMMUT00000106005","7,8,9,10","13:69851360-69868013|13:69881368-69889075",0.668392722548,25.621721031,0.0264669204899
"1775","13",70055337,70076357,"circular_RNA/3",0,"+",70055337,70055337,"0,0,0",5,"134,55,206,117,97","0,1368,4865,10288,20923",3,"circRNA","ENSMMUG00000021066","ENSMMUT00000029625","9,10,11,12,13","13:70049308-70055337|13:70076357-70077943",0.668392722548,7.03837791168,0.0962480631783
"1776","13",70598690,70607282,"circular_RNA/7",0,"+",70598690,70598690,"0,0,0",7,"135,105,51,57,93,139,128","0,376,3709,4380,5436,7512,8464",7,"circRNA","ENSMMUG00000008463","ENSMMUT00000065498","3,4,5,6,7,8,9","13:70574084-70598690|13:70607282-70616212",1.55958301928,7.61225045124,0.205921207827
"1777","13",71593016,71594000,"circular_RNA/45",0,"+",71593016,71593016,"0,0,0",1,"984","0",45,"circRNA","ENSMMUG00000016438","ENSMMUT00000023087","3","13:71592415-71593016|13:71594000-71616564",10.0258908382,5.58231699758,1.79458547191
"1778","13",71643023,71645279,"circular_RNA/2",0,"+",71643023,71643023,"0,0,0",2,"73,107","0,2149",2,"circRNA","ENSMMUG00000016438","ENSMMUT00000023087","14,15","13:71640343-71643023|13:71645279-71653054",0.445595148365,5.58231699758,0.0814680477809
"1779","13",72463068,72533035,"circular_RNA/5",0,"-",72463068,72463068,"0,0,0",3,"122,121,174","0,22197,69793",5,"circRNA","ENSMMUG00000048261","ENSMMUT00000061885","4,3,2","13:72450797-72463068|13:72533035-72573295",1.11398787091,13.8305878743,0.0812095469584
"1780","13",72485265,72533035,"circular_RNA/2",0,"-",72485265,72485265,"0,0,0",2,"121,174","0,47596",2,"circRNA","ENSMMUG00000048261","ENSMMUT00000061885","3,2","13:72463190-72485265|13:72533035-72573295",0.445595148365,13.8305878743,0.0329173263811
"1781","13",75393716,75409014,"circular_RNA/4",0,"-",75393716,75393716,"0,0,0",5,"117,78,276,117,174","0,5171,11772,14628,15124",4,"circRNA","ENSMMUG00000045520","ENSMMUT00000056814","12,11,10,9,8","13:75389853-75393716|13:75409014-75410799",0.891190296731,3.65650136453,0.24579025265
"1782","13",76298498,76308852,"circular_RNA/9",0,"-",76298498,76298498,"0,0,0",4,"189,78,162,218","0,4499,8212,10136",9,"circRNA","ENSMMUG00000009367","ENSMMUT00000013092","72,71,70,69","13:76294436-76298498|13:76308852-76311417",2.00517816764,27.3006598936,0.0737872382246
"1783","13",76331592,76363007,"circular_RNA/13",0,"-",76331592,76331592,"0,0,0",5,"211,169,165,218,301","0,25248,26715,28831,31114",13,"circRNA","ENSMMUG00000009367","ENSMMUT00000013092","66,65,64,63,62","13:76312579-76331592|13:76363007-76372503",2.89636846437,27.3006598936,0.106418829706
"1784","13",76385138,76385836,"circular_RNA/2",0,"-",76385138,76385138,"0,0,0",2,"130,144","0,554",2,"circRNA","ENSMMUG00000009367","ENSMMUT00000013092","57,56","13:76379198-76385138|13:76385836-76388613",0.445595148365,27.3006598936,0.0166819531326
"1785","13",76385138,76389394,"circular_RNA/5",0,"-",76385138,76385138,"0,0,0",3,"130,144,781","0,554,3475",5,"circRNA","ENSMMUG00000009367","ENSMMUT00000013092","57,56,55","13:76379198-76385138|13:76389394-76391230",1.11398787091,27.3006598936,0.0411556467434
"1786","13",76426910,76427870,"circular_RNA/3",0,"-",76426910,76426910,"0,0,0",2,"156,184","0,776",3,"circRNA","ENSMMUG00000009367","ENSMMUT00000013092","37,36","13:76425019-76426910|13:76427870-76428907",0.668392722548,27.3006598936,0.0248398510029
"1787","13",76428907,76433356,"circular_RNA/8",0,"-",76428907,76428907,"0,0,0",3,"216,132,128","0,1243,4321",8,"circRNA","ENSMMUG00000009367","ENSMMUT00000013092","35,34,33","13:76427870-76428907|13:76433356-76435304",1.78238059346,27.3006598936,0.0656293403544
"1788","13",76451941,76458034,"circular_RNA/2",0,"-",76451941,76451941,"0,0,0",3,"135,134,148","0,4657,5945",2,"circRNA","ENSMMUG00000009367","ENSMMUT00000013092","23,22,21","13:76443236-76451941|13:76458034-76459947",0.445595148365,27.3006598936,0.0166819531326
"1789","13",76469995,76498374,"circular_RNA/5",0,"-",76469995,76469995,"0,0,0",7,"161,226,150,1395,59,161,223","0,2989,4778,17916,22675,27917,28156",5,"circRNA","ENSMMUG00000009367","ENSMMUT00000013092","13,12,11,10,9,8,7","13:76468338-76469995|13:76498374-76503848",1.11398787091,27.3006598936,0.0411556467434
"1790","13",76487911,76489306,"circular_RNA/2",0,"-",76487911,76487911,"0,0,0",1,"1395","0",2,"circRNA","ENSMMUG00000009367","ENSMMUT00000013092","10","13:76474923-76487911|13:76489306-76492670",0.445595148365,27.3006598936,0.0166819531326
"1791","13",76963519,76978003,"circular_RNA/14",0,"+",76963519,76963519,"0,0,0",3,"69,113,112","0,11621,14372",14,"circRNA","ENSMMUG00000003908","ENSMMUT00000005537","4,5,6","13:76952228-76963519|13:76978003-77005158",3.11916603856,27.4359298494,0.114012024943
"1792","13",77497351,77502657,"circular_RNA/7",0,"+",77497351,77497351,"0,0,0",4,"97,109,127,62","0,1808,4278,5244",7,"circRNA","ENSMMUG00000000561","ENSMMUT00000000818","3,4,5,6","13:77494605-77497351|13:77502657-77512034",1.55958301928,1216.64881564,0.00129007655976
"1793","13",79809759,79814316,"circular_RNA/7",0,"-",79809759,79809759,"0,0,0",4,"119,162,94,140","0,1857,3414,4417",7,"circRNA","ENSMMUG00000010259","ENSMMUT00000014345","5,4,3,2","13:79802393-79809759|13:79814316-79823868",1.55958301928,20.8744188734,0.0751556952001
"1794","13",83339378,83380686,"circular_RNA/1",0,"+",83339378,83339378,"0,0,0",4,"81,214,86,155","0,8408,30007,41153",1,"circRNA","ENSMMUG00000016587","ENSMMUT00000004670","3,4,5,6","13:83322791-83339378|13:83380686-83396320",0.222797574183,44.6650505296,0.00521090790997
"1795","13",83347786,83400328,"circular_RNA/2",0,"+",83347786,83347786,"0,0,0",5,"214,86,155,106,167","0,21599,32745,48534,52375",2,"circRNA","ENSMMUG00000016587","ENSMMUT00000004670","4,5,6,7,8","13:83339459-83347786|13:83400328-83443085",0.445595148365,44.6650505296,0.0101979772371
"1796","13",83369385,83400328,"circular_RNA/4",0,"+",83369385,83369385,"0,0,0",4,"86,155,106,167","0,11146,26935,30776",4,"circRNA","ENSMMUG00000016587","ENSMMUT00000004670","5,6,7,8","13:83348000-83369385|13:83400328-83443085",0.891190296731,44.6650505296,0.0201721158913
"1797","13",84246230,84246633,"circular_RNA/3",0,"-",84246230,84246230,"0,0,0",1,"403","0",3,"circRNA","ENSMMUG00000020838","ENSMMUT00000029310","15","13:84235302-84246230|13:84246633-84249200",0.668392722548,47.0938372429,0.0144020691786
"1798","13",84258765,84260586,"circular_RNA/4",0,"-",84258765,84258765,"0,0,0",2,"315,169","0,1652",4,"circRNA","ENSMMUG00000020838","ENSMMUT00000029310","13,12","13:84249302-84258765|13:84260586-84262507",0.891190296731,47.0938372429,0.0191319932617
"1799","13",84318076,84348479,"circular_RNA/12",0,"-",84318076,84318076,"0,0,0",4,"98,167,106,157","0,7574,15317,30246",12,"circRNA","ENSMMUG00000020838","ENSMMUT00000029312","5,4,3,2","13:84306398-84318076|13:84348479-84409615",2.67357089019,47.0938372429,0.0569713859266
"1800","13",84325650,84348479,"circular_RNA/4",0,"-",84325650,84325650,"0,0,0",3,"167,106,157","0,7743,22672",4,"circRNA","ENSMMUG00000020838","ENSMMUT00000029312","4,3,2","13:84318174-84325650|13:84348479-84409615",0.891190296731,47.0938372429,0.0191319932617
"1801","13",84348322,84348479,"circular_RNA/6",0,"-",84348322,84348322,"0,0,0",1,"157","0",6,"circRNA","ENSMMUG00000020838","ENSMMUT00000029312","2","13:84333499-84348322|13:84348479-84409615",1.3367854451,47.0938372429,0.028591841428
"1802","13",84409615,84430306,"circular_RNA/19",0,"-",84409615,84409615,"0,0,0",2,"85,136","0,20555",19,"circRNA","ENSMMUG00000020838","ENSMMUT00000095493","2,1","13:84333499-84409615|None",4.23315390947,47.0938372429,0.0900808545085
"1803","13",84689398,84705536,"circular_RNA/1",0,"+",84689398,84689398,"0,0,0",7,"138,86,263,150,141,88,140","0,851,1920,3262,6585,8600,15998",1,"circRNA","ENSMMUG00000009408","ENSMMUT00000070880","10,11,12,13,14,15,16","13:84685420-84689398|13:84705536-84715863",0.222797574183,16.1000562817,0.0144504507068
"1804","13",85020841,85045805,"circular_RNA/6",0,"-",85020841,85020841,"0,0,0",5,"159,138,107,139,55","0,2131,7479,13133,24909",6,"circRNA","ENSMMUG00000006487","ENSMMUT00000087900","6,5,4,3,2","13:85013204-85020841|13:85045805-85079638",1.3367854451,13.4792532381,0.0998413641829
"1805","13",85028320,85034113,"circular_RNA/2",0,"-",85028320,85028320,"0,0,0",2,"107,139","0,5654",2,"circRNA","ENSMMUG00000006487","ENSMMUT00000104376","3,2","13:85023110-85028320|13:85034113-85064978",0.445595148365,13.4792532381,0.0337746753155
"1806","13",85109007,85123267,"circular_RNA/3",0,"+",85109007,85109007,"0,0,0",6,"152,50,154,103,109,117","0,7465,7879,9748,10706,14143",3,"circRNA","ENSMMUG00000020952","ENSMMUT00000029464","2,3,4,5,6,7","13:85080695-85109007|13:85123267-85127955",0.668392722548,18.5664645152,0.0365189362052
"1807","13",85109007,85128031,"circular_RNA/5",0,"+",85109007,85109007,"0,0,0",7,"152,50,154,103,109,117,76","0,7465,7879,9748,10706,14143,18948",5,"circRNA","ENSMMUG00000020952","ENSMMUT00000029464","2,3,4,5,6,7,8","13:85080695-85109007|13:85128031-85134123",1.11398787091,18.5664645152,0.0605060166314
"1808","13",85170511,85184827,"circular_RNA/8",0,"+",85170511,85170511,"0,0,0",4,"160,91,312,136","0,5143,10525,14180",8,"circRNA","ENSMMUG00000020952","ENSMMUT00000029464","14,15,16,17","13:85146619-85170511|13:85184827-85193937",1.78238059346,18.5664645152,0.0964866372712
"1809","13",85170511,85205880,"circular_RNA/1",0,"+",85170511,85170511,"0,0,0",6,"160,91,312,136,187,186","0,5143,10525,14180,23426,35183",1,"circRNA","ENSMMUG00000020952","ENSMMUT00000029464","14,15,16,17,18,19","13:85146619-85170511|13:85205880-85214674",0.222797574183,18.5664645152,0.0125318557787
"1810","13",85181036,85184827,"circular_RNA/3",0,"+",85181036,85181036,"0,0,0",2,"312,136","0,3655",3,"circRNA","ENSMMUG00000020952","ENSMMUT00000029464","16,17","13:85175745-85181036|13:85184827-85193937",0.668392722548,18.5664645152,0.0365189362052
"1811","13",85181036,85205880,"circular_RNA/6",0,"+",85181036,85181036,"0,0,0",4,"312,136,187,186","0,3655,12901,24658",6,"circRNA","ENSMMUG00000020952","ENSMMUT00000029464","16,17,18,19","13:85175745-85181036|13:85205880-85214674",1.3367854451,18.5664645152,0.0724995568451
"1812","13",85184691,85194124,"circular_RNA/1",0,"+",85184691,85184691,"0,0,0",2,"136,187","0,9246",1,"circRNA","ENSMMUG00000020952","ENSMMUT00000029464","17,18","13:85181348-85184691|13:85194124-85205694",0.222797574183,18.5664645152,0.0125318557787
"1813","13",88675325,88721160,"circular_RNA/8",0,"+",88675325,88675325,"0,0,0",11,"69,109,188,170,271,94,126,143,139,144,288","0,8466,15600,16356,19453,19975,30383,33246,36994,45289,45547",8,"circRNA","ENSMMUG00000023181","ENSMMUT00000032605","2,3,4,5,6,7,8,9,10,11,12","13:88652879-88675325|13:88721160-88725301",1.78238059346,55.1052666812,0.0325205827966
"1814","13",91260959,91262509,"circular_RNA/7",0,"+",91260959,91260959,"0,0,0",2,"115,161","0,1389",7,"circRNA","ENSMMUG00000012056","ENSMMUT00000101954","16,17","13:91254562-91260959|13:91262509-91266436",1.55958301928,7.91376983497,0.198085387634
"1815","13",93374119,93422769,"circular_RNA/4",0,"+",93374119,93374119,"0,0,0",4,"99,139,69,129","0,26342,33466,48521",4,"circRNA","ENSMMUG00000023434","ENSMMUT00000084668","9,10,11,12","13:93372375-93374119|13:93422769-93434267",0.891190296731,10.1219995957,0.0889449597998
"1816","13",96982406,96984657,"circular_RNA/10",0,"-",96982406,96982406,"0,0,0",3,"87,149,127","0,609,2124",10,"circRNA","ENSMMUG00000021672","ENSMMUT00000060532","17,16,15","13:96972223-96982406|13:96984657-96992408",2.22797574183,11.0408575651,0.202516024539
"1817","13",97986627,97997960,"circular_RNA/4",0,"-",97986627,97986627,"0,0,0",5,"93,69,99,92,95","0,2977,3680,6818,11238",4,"circRNA","ENSMMUG00000010320","ENSMMUT00000014437","8,7,6,5,4","13:97986530-97986627|13:97997960-98007316",0.891190296731,5.86700278681,0.153341818853
"1818","13",98153216,98159714,"circular_RNA/5",0,"+",98153216,98153216,"0,0,0",4,"127,80,99,90","0,4202,4485,6408",5,"circRNA","ENSMMUG00000010671","ENSMMUT00000014927","14,15,16,17","13:98116846-98153216|13:98159714-98170566",1.11398787091,20.261473511,0.0554467769844
"1819","13",98761457,98774014,"circular_RNA/1",0,"-",98761457,98761457,"0,0,0",7,"65,86,92,38,140,52,159","0,1981,2410,5208,6319,8027,12398",1,"circRNA","ENSMMUG00000001535","ENSMMUT00000043777","15,14,13,12,11,10,9","13:98759915-98761457|13:98774014-98791186",0.222797574183,77.9791509639,0.00298499946859
"1820","13",99311227,99321986,"circular_RNA/4",0,"-",99311227,99311227,"0,0,0",5,"88,95,99,109,153","0,2616,3880,6328,10606",4,"circRNA","ENSMMUG00000018038","ENSMMUT00000057243","15,14,13,12,11","13:99303380-99311227|13:99321986-99327127",0.891190296731,23.8524461772,0.0377660483774
"1821","15",450562,487575,"circular_RNA/9",0,"-",450562,450562,"0,0,0",5,"78,189,158,181,557","0,8169,8727,23423,36456",9,"circRNA","ENSMMUG00000019613","ENSMMUT00000027541","7,6,5,4,3","15:448913-450562|15:487575-494026",2.00517816764,12.0411961683,0.167218103456
"1822","15",487018,487575,"circular_RNA/8",0,"-",487018,487018,"0,0,0",1,"557","0",8,"circRNA","ENSMMUG00000019613","ENSMMUT00000027539","3","15:474166-487018|15:487575-494026",1.78238059346,12.0411961683,0.148730513422
"1823","15",1780323,1784815,"circular_RNA/1",0,"+",1780323,1780323,"0,0,0",7,"127,199,175,143,62,139,246","0,619,945,2837,3659,3798,4246",1,"circRNA","ENSMMUG00000003106","ENSMMUT00000004405","5,6,7,8,9,10,11","15:1778698-1780323|15:1784815-1786427",0.222797574183,25.8368359302,0.00900681130997
"1824","15",2391408,2392844,"circular_RNA/110",0,"+",2391408,2391408,"0,0,0",2,"263,162","0,1274",110,"circRNA","ENSMMUG00000021497","ENSMMUT00000030260","3,4","15:2367001-2391408|15:2392844-2408558",24.5077331601,8.95646248214,2.73438194928
"1825","15",3817270,3831269,"circular_RNA/3",0,"-",3817270,3817270,"0,0,0",4,"130,170,180,151","0,4643,13036,13848",3,"circRNA","ENSMMUG00000008183","ENSMMUT00000100174","6,5,4,3","15:3807578-3817270|15:3831269-3837496",0.668392722548,24.1364038698,0.0280949795343
"1826","15",8086940,8103044,"circular_RNA/8",0,"+",8086940,8086940,"0,0,0",4,"100,174,233,168","0,11893,14693,15936",8,"circRNA","ENSMMUG00000018468","ENSMMUT00000047026","10,11,12,13","15:8070332-8086940|15:8103044-8103929",1.78238059346,18.075664062,0.0991050473632
"1827","15",8784993,8795585,"circular_RNA/6",0,"+",8784993,8784993,"0,0,0",6,"153,124,184,501,203,156","0,583,1147,2977,7685,10436",6,"circRNA","ENSMMUG00000006479","ENSMMUT00000079380","7,8,9,10,11,12","15:8784018-8784993|15:8795585-8810311",1.3367854451,30.3239224651,0.0443986578607
"1828","15",8996601,8998637,"circular_RNA/11",0,"-",8996601,8996601,"0,0,0",2,"178,170","0,1866",11,"circRNA","ENSMMUG00000009973","ENSMMUT00000087276","3,2","15:8992882-8996601|15:8998637-9036086",2.45077331601,32.2595522067,0.0762568163403
"1829","15",9243364,9303353,"circular_RNA/4",0,"-",9243364,9243364,"0,0,0",13,"153,157,71,1800,62,85,79,76,100,162,264,84,86","0,7853,21080,23882,27590,30811,34444,36540,45786,48731,50352,59714,59903",4,"circRNA","ENSMMUG00000021724","ENSMMUT00000083831","31,30,29,28,27,26,25,24,23,22,21,20,19","15:9237891-9243364|15:9303353-9304389",0.891190296731,20.5212479935,0.0438935956069
"1830","15",9274175,9303353,"circular_RNA/40",0,"-",9274175,9274175,"0,0,0",8,"85,79,76,100,162,264,84,86","0,3633,5729,14975,17920,19541,28903,29092",40,"circRNA","ENSMMUG00000021724","ENSMMUT00000083831","26,25,24,23,22,21,20,19","15:9271016-9274175|15:9303353-9304389",8.91190296731,20.5212479935,0.434552393996
"1831","15",9277808,9315940,"circular_RNA/3",0,"-",9277808,9277808,"0,0,0",10,"79,76,100,162,264,84,86,183,104,159","0,2096,11342,14287,15908,25270,25459,26581,30581,37973",3,"circRNA","ENSMMUG00000021724","ENSMMUT00000083974","26,25,24,23,22,21,20,19,18,17","15:9274260-9277808|15:9315940-9316916",0.668392722548,20.5212479935,0.0330419623183
"1832","15",9632195,9633230,"circular_RNA/4",0,"-",9632195,9632195,"0,0,0",2,"296,174","0,861",4,"circRNA","ENSMMUG00000012499","ENSMMUT00000017534","3,2","15:9623819-9632195|15:9633230-9653559",0.891190296731,18.8486747759,0.0477865124374
"1833","15",11452580,11453264,"circular_RNA/1",1,"+",11452580,11452580,"0,0,0",2,"166,175","0,509",1,"circRNA","ENSMMUG00000011767","ENSMMUT00000087062","5,6","15:11451764-11452580|15:11453264-11454772",0.222797574183,6.87244824979,0.0338248201416
"1834","15",12055521,12072216,"circular_RNA/5",0,"-",12055521,12055521,"0,0,0",6,"232,255,61,149,111,222","0,2184,2689,3223,9951,16473",5,"circRNA","ENSMMUG00000005989","ENSMMUT00000073534","7,6,5,4,3,2","15:12053781-12055521|15:12072216-12076568",1.11398787091,29.453839307,0.038148045107
"1835","15",12065472,12072216,"circular_RNA/4",0,"-",12065472,12065472,"0,0,0",2,"111,222","0,6522",4,"circRNA","ENSMMUG00000005989","ENSMMUT00000073534","3,2","15:12058893-12065472|15:12072216-12076568",0.891190296731,29.453839307,0.030586315902
"1836","15",12661409,12662184,"circular_RNA/6",1,"+",12661409,12661409,"0,0,0",1,"775","0",6,"ciRNA","ENSMMUG00000014374","ENSMMUT00000086677","2","15:12661409-12662184",1.3367854451,13.1450568768,0.102377774396
"1837","15",13551546,13587619,"circular_RNA/6",0,"-",13551546,13551546,"0,0,0",4,"127,93,90,84","0,16429,19545,35989",6,"circRNA","ENSMMUG00000023495","ENSMMUT00000090025","6,5,4,3","15:13452380-13551546|15:13587619-13641872",1.3367854451,2.89636846437,0.463391156906
"1838","15",14971785,14988249,"circular_RNA/41",0,"+",14971785,14971785,"0,0,0",3,"328,90,149","0,2747,16315",41,"circRNA","ENSMMUG00000016826","ENSMMUT00000045796","2,3,4","15:14935216-14971785|15:14988249-15056029",9.13470054149,22.7005972806,0.402662265043
"1839","15",15755473,15784453,"circular_RNA/3",0,"+",15755473,15755473,"0,0,0",9,"126,96,96,150,96,90,103,161,144","0,3570,11478,12563,13397,26792,27715,27948,28836",3,"circRNA","ENSMMUG00000020631","ENSMMUT00000098706","9,10,11,12,13,14,15,16,17","15:15745613-15755473|15:15784453-15790604",0.668392722548,12.5933676455,0.0538263059231
"1840","15",16916760,16928553,"circular_RNA/2",0,"+",16916760,16916760,"0,0,0",2,"50,120","0,11673",2,"circRNA","ENSMMUG00000006348","ENSMMUT00000082135","4,5","15:16893319-16916760|15:16928553-16937725",0.445595148365,14.9626160346,0.0304285602003
"1841","15",17490970,17501791,"circular_RNA/1",0,"+",17490970,17490970,"0,0,0",3,"171,221,166","0,5004,10655",1,"circRNA","ENSMMUG00000022919","ENSMMUT00000089281","2,3,4","15:17415607-17490970|15:17501791-17505744",0.222797574183,27.2509282922,0.00853960553682
"1842","15",17501625,17505889,"circular_RNA/4",0,"+",17501625,17501625,"0,0,0",2,"166,145","0,4119",4,"circRNA","ENSMMUG00000022919","ENSMMUT00000089281","4,5","15:17496195-17501625|15:17505889-17514688",0.891190296731,27.2509282922,0.0330579460491
"1843","15",17574082,17612275,"circular_RNA/4",0,"-",17574082,17574082,"0,0,0",12,"198,72,84,105,111,93,129,42,144,126,75,114","0,2188,2939,3898,12644,13184,26486,26966,28830,29580,32789,38079",4,"circRNA","ENSMMUG00000000670","ENSMMUT00000046821","24,23,22,21,20,19,18,17,16,15,14,13","15:17558603-17574082|15:17612275-17655106",0.891190296731,18.6654856593,0.0482552536074
"1844","15",17600568,17606946,"circular_RNA/6",0,"-",17600568,17600568,"0,0,0",5,"129,42,144,126,75","0,480,2344,3094,6303",6,"circRNA","ENSMMUG00000000670","ENSMMUT00000046821","18,17,16,15,14","15:17587359-17600568|15:17606946-17612161",1.3367854451,18.6654856593,0.0721151497567
"1845","15",17600568,17612275,"circular_RNA/2",0,"-",17600568,17600568,"0,0,0",6,"129,42,144,126,75,114","0,480,2344,3094,6303,11593",2,"circRNA","ENSMMUG00000000670","ENSMMUT00000046821","18,17,16,15,14,13","15:17587359-17600568|15:17612275-17655106",0.445595148365,18.6654856593,0.0243953574582
"1846","15",17655106,17720179,"circular_RNA/10",0,"-",17655106,17655106,"0,0,0",12,"151,94,175,170,103,67,111,158,175,205,235,199","0,4563,10764,22518,23891,24664,25118,31386,32127,35167,36860,64874",10,"circRNA","ENSMMUG00000000670","ENSMMUT00000046821","12,11,10,9,8,7,6,5,4,3,2,1","15:17612275-17655106|None",2.22797574183,18.6654856593,0.119834942055
"1847","15",17665870,17680335,"circular_RNA/1",0,"-",17665870,17665870,"0,0,0",5,"175,170,103,67,111","0,11754,13127,13900,14354",1,"circRNA","ENSMMUG00000000670","ENSMMUT00000046821","10,9,8,7,6","15:17659763-17665870|15:17680335-17686492",0.222797574183,18.6654856593,0.0124654093837
"1848","15",17817509,17822977,"circular_RNA/2",0,"+",17817509,17817509,"0,0,0",7,"434,171,147,214,85,82,135","0,1340,3536,4020,4810,5153,5333",2,"circRNA","ENSMMUG00000021134","ENSMMUT00000072022","12,13,14,15,16,17,18","15:17816696-17817509|15:17822977-17823529",0.445595148365,17.5118893308,0.0260014853286
"1849","15",20411668,20423431,"circular_RNA/4",0,"-",20411668,20411668,"0,0,0",3,"92,119,156","0,6871,11607",4,"circRNA","ENSMMUG00000012882","ENSMMUT00000018075","5,4,3","15:20389765-20411668|15:20423431-20438423",0.891190296731,20.2374463216,0.0445088374315
"1850","15",21542472,21547961,"circular_RNA/1",0,"-",21542472,21542472,"0,0,0",5,"141,206,226,189,74","0,1731,3214,3855,5415",1,"circRNA","ENSMMUG00000012668","ENSMMUT00000017767","38,37,36,35,34","15:21540797-21542472|15:21547961-21548960",0.222797574183,5.9122868466,0.0393087299236
"1851","15",21547887,21549118,"circular_RNA/3",1,"-",21547887,21547887,"0,0,0",2,"74,158","0,1073",3,"circRNA","ENSMMUG00000012668","ENSMMUT00000017767","34,33","15:21546516-21547887|15:21549118-21551694",0.668392722548,5.9122868466,0.114549115928
"1852","15",22176003,22196048,"circular_RNA/1",0,"+",22176003,22176003,"0,0,0",7,"124,155,163,54,120,93,219","0,2638,8540,9882,10752,13547,19826",1,"circRNA","ENSMMUG00000023255","ENSMMUT00000032717","6,7,8,9,10,11,12","15:22169451-22176003|15:22196048-22219483",0.222797574183,23.4001109342,0.00994431742922
"1853","15",22238904,22298828,"circular_RNA/2",0,"+",22238904,22238904,"0,0,0",12,"131,110,138,173,418,232,123,574,233,49,173,120","0,1644,3868,13223,17972,23757,28144,31980,34419,52146,54930,59804",2,"circRNA","ENSMMUG00000023255","ENSMMUT00000032717","16,17,18,19,20,21,22,23,24,25,26,27","15:22233531-22238904|15:22298828-22302358",0.445595148365,23.4001109342,0.0194614690057
"1854","15",22252127,22257294,"circular_RNA/5",0,"+",22252127,22252127,"0,0,0",2,"173,418","0,4749",5,"circRNA","ENSMMUG00000023255","ENSMMUT00000032717","19,20","15:22242910-22252127|15:22257294-22262661",1.11398787091,23.4001109342,0.0480129237349
"1855","15",28426454,28428516,"circular_RNA/4",1,"+",28426454,28426454,"0,0,0",3,"203,37,213","0,1357,1849",4,"circRNA","ENSMMUG00000031977","ENSMMUT00000046729","4,5,6","15:28386372-28426454|15:28428516-28429326",0.891190296731,1.60009166913,0.559713657309
"1856","15",30255600,30256795,"circular_RNA/20",0,"-",30255600,30255600,"0,0,0",1,"1195","0",20,"circRNA","ENSMMUG00000007168","ENSMMUT00000010011","1","15:30178197-30255600|None",4.45595148365,1.7081147354,2.59933250768
"1857","15",30528262,30557378,"circular_RNA/1",0,"+",30528262,30528262,"0,0,0",3,"85,170,147","0,20886,28969",1,"circRNA","ENSMMUG00000000464","ENSMMUT00000106699","2,3,4","15:30491481-30528262|15:30557378-30562541",0.222797574183,77.9345914491,0.00298670593886
"1858","15",30549148,30557378,"circular_RNA/8",0,"+",30549148,30549148,"0,0,0",2,"170,147","0,8083",8,"circRNA","ENSMMUG00000000464","ENSMMUT00000055869","2,3","15:30491481-30549148|15:30557378-30562541",1.78238059346,77.9345914491,0.0229955736522
"1859","15",30562541,30574278,"circular_RNA/5",0,"+",30562541,30562541,"0,0,0",3,"165,111,175","0,9849,11562",5,"circRNA","ENSMMUG00000000464","ENSMMUT00000055869","4,5,6","15:30557378-30562541|15:30574278-30590486",1.11398787091,77.9345914491,0.0144203446322
"1860","15",30572390,30574278,"circular_RNA/5",0,"+",30572390,30572390,"0,0,0",2,"111,175","0,1713",5,"circRNA","ENSMMUG00000000464","ENSMMUT00000055869","5,6","15:30562706-30572390|15:30574278-30590486",1.11398787091,77.9345914491,0.0144203446322
"1861","15",30896166,30901136,"circular_RNA/9",0,"-",30896166,30896166,"0,0,0",3,"87,179,113","0,1694,4857",9,"circRNA","ENSMMUG00000021526","ENSMMUT00000030297","7,6,5","15:30895357-30896166|15:30901136-30903008",2.00517816764,11.2141445672,0.179539576987
"1862","15",31441042,31452124,"circular_RNA/3",0,"+",31441042,31441042,"0,0,0",4,"131,117,119,150","0,6993,9061,10932",3,"circRNA","ENSMMUG00000016315","ENSMMUT00000057599","2,3,4,5","15:31408625-31441042|15:31452124-31455414",0.668392722548,33.7352660242,0.0201033449273
"1863","15",31920468,31921946,"circular_RNA/70",0,"+",31920468,31920468,"0,0,0",2,"78,148","0,1330",70,"circRNA","ENSMMUG00000006906","ENSMMUT00000009649","2,3","15:31854656-31920468|15:31921946-31955789",15.5958301928,2.33937452892,6.64254677179
"1864","15",31920468,31956537,"circular_RNA/18",0,"+",31920468,31920468,"0,0,0",3,"78,148,748","0,1330,35321",18,"circRNA","ENSMMUG00000006906","ENSMMUT00000009649","2,3,4","15:31854656-31920468|15:31956537-32021994",4.01035633529,2.33937452892,1.7112453914
"1865","15",33461883,33479627,"circular_RNA/2",0,"+",33461883,33461883,"0,0,0",7,"121,88,89,64,173,135,177","0,1261,4870,9510,11047,15326,17567",2,"circRNA","ENSMMUG00000001250","ENSMMUT00000082025","7,8,9,10,11,12,13","15:33454597-33461883|15:33479627-33489868",0.445595148365,7.61967703705,0.0597135561771
"1866","15",33819628,33852537,"circular_RNA/6",0,"+",33819628,33819628,"0,0,0",8,"234,170,24,105,83,91,99,132","0,3811,5121,10224,17544,26705,30241,32777",6,"circRNA","ENSMMUG00000000695","ENSMMUT00000069857","5,6,7,8,9,10,11,12","15:33817313-33819628|15:33852537-33859801",1.3367854451,9.60257544727,0.140106618927
"1867","15",33829852,33860212,"circular_RNA/3",0,"+",33829852,33829852,"0,0,0",7,"105,83,91,99,132,123,146","0,7320,16481,20017,22553,29949,30214",3,"circRNA","ENSMMUG00000000695","ENSMMUT00000069857","8,9,10,11,12,13,14","15:33824773-33829852|15:33860212-33872405",0.668392722548,9.60257544727,0.0705734614276
"1868","15",33837172,33860212,"circular_RNA/2",0,"+",33837172,33837172,"0,0,0",6,"83,91,99,132,123,146","0,9161,12697,15233,22629,22894",2,"circRNA","ENSMMUG00000000695","ENSMMUT00000069857","9,10,11,12,13,14","15:33829957-33837172|15:33860212-33872405",0.445595148365,9.60257544727,0.0473957422612
"1869","15",33849869,33852537,"circular_RNA/7",1,"+",33849869,33849869,"0,0,0",2,"99,132","0,2536",7,"circRNA","ENSMMUG00000000695","ENSMMUT00000069857","11,12","15:33846424-33849869|15:33852537-33859801",1.55958301928,9.60257544727,0.163284338093
"1870","15",35564725,35588305,"circular_RNA/4",0,"-",35564725,35564725,"0,0,0",8,"171,128,136,128,56,269,80,82","0,975,2667,5582,12618,17237,21604,23498",4,"circRNA","ENSMMUG00000014944","ENSMMUT00000026714","9,8,7,6,5,4,3,2","15:35560164-35564725|15:35588305-35604507",0.891190296731,103.749403711,0.00868538430735
"1871","15",35577343,35582231,"circular_RNA/1",0,"-",35577343,35577343,"0,0,0",2,"56,269","0,4619",1,"circRNA","ENSMMUG00000014944","ENSMMUT00000026714","5,4","15:35570435-35577343|15:35582231-35586329",0.222797574183,103.749403711,0.0022436286819
"1872","15",35577343,35588305,"circular_RNA/20",0,"-",35577343,35577343,"0,0,0",4,"56,269,80,82","0,4619,8986,10880",20,"circRNA","ENSMMUG00000014944","ENSMMUT00000026714","5,4,3,2","15:35570435-35577343|15:35588305-35604507",4.45595148365,103.749403711,0.0430414143097
"1873","15",35885090,35917582,"circular_RNA/3",0,"-",35885090,35885090,"0,0,0",4,"133,224,137,268","0,19811,29897,32224",3,"circRNA","ENSMMUG00000017151","ENSMMUT00000024113","9,8,7,6","15:35878973-35885090|15:35917582-35950778",0.668392722548,10.2932479272,0.0658426087911
"1874","15",35885090,35966752,"circular_RNA/4",0,"-",35885090,35885090,"0,0,0",10,"133,224,137,268,192,119,104,165,5633,250","0,19811,29897,32224,65688,69365,72455,74318,75249,81412",4,"circRNA","ENSMMUG00000017151","ENSMMUT00000060399","11,10,9,8,7,6,5,4,3,2","15:35878973-35885090|15:35966752-36024263",0.891190296731,10.2932479272,0.0874666224766
"1875","15",35904901,35917582,"circular_RNA/20",0,"-",35904901,35904901,"0,0,0",3,"224,137,268","0,10086,12413",20,"circRNA","ENSMMUG00000017151","ENSMMUT00000024113","8,7,6","15:35885223-35904901|15:35917582-35950778",4.45595148365,10.2932479272,0.433450841444
"1876","15",35954455,35966752,"circular_RNA/4",0,"-",35954455,35954455,"0,0,0",5,"119,104,165,5633,250","0,3090,4953,5884,12047",4,"circRNA","ENSMMUG00000017151","ENSMMUT00000060399","6,5,4,3,2","15:35950970-35954455|15:35966752-36024263",0.891190296731,10.2932479272,0.0874666224766
"1877","15",37979745,37979903,"circular_RNA/3",0,"+",37979745,37979745,"0,0,0",1,"158","0",3,"circRNA","ENSMMUG00000020608","ENSMMUT00000028999","2","15:37955208-37979745|15:37979903-37994846",0.668392722548,31.7009119837,0.0213930372894
"1878","15",42583973,42594078,"circular_RNA/6",0,"+",42583973,42583973,"0,0,0",6,"239,136,176,178,89,134","0,888,2181,3638,8612,9971",6,"circRNA","ENSMMUG00000001526","ENSMMUT00000074464","6,7,8,9,10,11","15:42574108-42583973|15:42594078-42603903",1.3367854451,7.57511752221,0.177556305641
"1879","15",42673434,42807737,"circular_RNA/2",1,"-",42673434,42673434,"0,0,0",6,"110,181,168,174,167,130","0,2457,13287,16833,109746,134173",2,"circRNA","ENSMMUG00000001524","ENSMMUT00000106975","7,6,5,4,3,2","15:42669347-42673434|15:42807737-42812314",0.445595148365,7.81183994478,0.0582465444935
"1880","15",42888175,42903706,"circular_RNA/6",0,"+",42888175,42888175,"0,0,0",6,"185,116,58,117,112,142","0,1472,3917,5738,14354,15389",6,"circRNA","ENSMMUG00000011415","ENSMMUT00000107505","6,7,8,9,10,11","15:42858844-42888175|15:42903706-42925262",1.3367854451,16.073253566,0.0837383704468
"1881","15",42949675,42949913,"circular_RNA/2",1,"-",42949675,42949675,"0,0,0",2,"51,116","0,122",2,"circRNA","ENSMMUG00000011414","ENSMMUT00000015982","7,6","15:42942278-42949675|15:42949913-42957990",0.445595148365,8.02071267058,0.0567315961925
"1882","15",43767887,43788150,"circular_RNA/10",0,"-",43767887,43767887,"0,0,0",8,"122,131,125,157,168,231,231,246","0,1515,2698,4318,6510,11095,16376,20017",10,"circRNA","ENSMMUG00000001304","ENSMMUT00000056224","9,8,7,6,5,4,3,2","15:43764122-43767887|15:43788150-43812543",2.22797574183,5.79273692875,0.385675892137
"1883","15",44756433,44756634,"circular_RNA/3",0,"+",44756433,44756433,"0,0,0",1,"201","0",3,"circRNA","ENSMMUG00000002853","ENSMMUT00000004043","2","15:44720927-44756433|15:44756634-44776520",0.668392722548,13.6919236498,0.0495107650492
"1884","15",44909953,44926970,"circular_RNA/2",0,"-",44909953,44909953,"0,0,0",5,"52,119,190,123,150","0,1084,7198,12985,16867",2,"circRNA","ENSMMUG00000012242","ENSMMUT00000067158","6,5,4,3,2","15:44907011-44909953|15:44926970-44937976",0.445595148365,127.707569522,0.00356720809886
"1885","15",44917151,44926970,"circular_RNA/2",0,"-",44917151,44917151,"0,0,0",3,"190,123,150","0,5787,9669",2,"circRNA","ENSMMUG00000012242","ENSMMUT00000067158","4,3,2","15:44911156-44917151|15:44926970-44937976",0.445595148365,127.707569522,0.00356720809886
"1886","15",44922938,44926970,"circular_RNA/16",0,"-",44922938,44922938,"0,0,0",2,"123,150","0,3882",16,"circRNA","ENSMMUG00000012242","ENSMMUT00000067158","3,2","15:44917341-44922938|15:44926970-44937976",3.56476118692,127.707569522,0.0279895804493
"1887","15",45564855,45568115,"circular_RNA/2",0,"-",45564855,45564855,"0,0,0",3,"147,181,176","0,1285,3084",2,"circRNA","ENSMMUG00000012266","ENSMMUT00000017190","22,21,20","15:45560728-45564855|15:45568115-45571896",0.445595148365,1.99915661159,0.226759400306
"1888","15",46336383,46337901,"circular_RNA/2",0,"-",46336383,46336383,"0,0,0",2,"124,124","0,1394",2,"circRNA","ENSMMUG00000008662","ENSMMUT00000076484","9,8","15:46329990-46336383|15:46337901-46343502",0.445595148365,9.10994525547,0.0499559082432
"1889","15",46796642,46839179,"circular_RNA/3",0,"-",46796642,46796642,"0,0,0",3,"96,36,171","0,22497,42366",3,"circRNA","ENSMMUG00000007421","ENSMMUT00000092360","7,6,5","15:46790819-46796642|15:46839179-46840391",0.668392722548,21.082220457,0.0321631723853
"1890","15",46819139,47019511,"circular_RNA/3",0,"-",46819139,46819139,"0,0,0",5,"36,171,126,44,631","0,19869,21252,23283,199741",3,"circRNA","ENSMMUG00000007421","ENSMMUT00000092360","6,5,4,3,2","15:46796738-46819139|15:47019511-47024761",0.668392722548,21.082220457,0.0321631723853
"1891","15",47481886,47496818,"circular_RNA/1",0,"-",47481886,47481886,"0,0,0",3,"232,123,132","0,8441,14800",1,"circRNA","ENSMMUG00000003782","ENSMMUT00000067938","14,13,12","15:47477688-47481886|15:47496818-47506944",0.222797574183,3.61718414555,0.0641813497306
"1892","15",47774124,47774318,"circular_RNA/1",0,"+",47774124,47774124,"0,0,0",1,"194","0",1,"circRNA","ENSMMUG00000016605","ENSMMUT00000023331","4","15:47758905-47774124|15:47774318-47778612",0.222797574183,19.7175853152,0.0118006117051
"1893","15",47774124,47778826,"circular_RNA/9",0,"+",47774124,47774124,"0,0,0",2,"194,214","0,4488",9,"circRNA","ENSMMUG00000016605","ENSMMUT00000023331","4,5","15:47758905-47774124|15:47778826-47789074",2.00517816764,19.7175853152,0.102150270063
"1894","15",47774124,47789242,"circular_RNA/2",0,"+",47774124,47774124,"0,0,0",3,"194,214,168","0,4488,14950",2,"circRNA","ENSMMUG00000016605","ENSMMUT00000023331","4,5,6","15:47758905-47774124|15:47789242-47790522",0.445595148365,19.7175853152,0.0230943189998
"1895","15",48930978,48934155,"circular_RNA/2",0,"-",48930978,48930978,"0,0,0",2,"91,315","0,2862",2,"circRNA","ENSMMUG00000016308","ENSMMUT00000057322","5,4","15:48877995-48930978|15:48934155-48948694",0.445595148365,30.0203817099,0.0151711407722
"1896","15",48930978,48948929,"circular_RNA/17",0,"-",48930978,48930978,"0,0,0",3,"91,315,235","0,2862,17716",17,"circRNA","ENSMMUG00000016308","ENSMMUT00000057322","5,4,3","15:48877995-48930978|15:48948929-48986323",3.78755876111,30.0203817099,0.126457225812
"1897","15",50177349,50198372,"circular_RNA/3",0,"+",50177349,50177349,"0,0,0",2,"140,78","0,20945",3,"circRNA","ENSMMUG00000012597","ENSMMUT00000017667","2,3","15:50146659-50177349|15:50198372-50201145",0.668392722548,37.6687041493,0.0180046723438
"1898","15",50177349,50201256,"circular_RNA/17",0,"+",50177349,50177349,"0,0,0",3,"140,78,111","0,20945,23796",17,"circRNA","ENSMMUG00000012597","ENSMMUT00000017667","2,3,4","15:50146659-50177349|15:50201256-50209061",3.78755876111,37.6687041493,0.100787934374
"1899","15",50177349,50211650,"circular_RNA/8",0,"+",50177349,50177349,"0,0,0",5,"140,78,111,154,78","0,20945,23796,31712,34223",8,"circRNA","ENSMMUG00000012597","ENSMMUT00000017667","2,3,4,5,6","15:50146659-50177349|15:50211650-50218211",1.78238059346,37.6687041493,0.0475701230689
"1900","15",50177349,50219807,"circular_RNA/9",0,"+",50177349,50177349,"0,0,0",7,"140,78,111,154,78,55,104","0,20945,23796,31712,34223,40862,42354",9,"circRNA","ENSMMUG00000012597","ENSMMUT00000017667","2,3,4,5,6,7,8","15:50146659-50177349|15:50219807-50227831",2.00517816764,37.6687041493,0.0534832132139
"1901","15",50177349,50230826,"circular_RNA/6",0,"+",50177349,50177349,"0,0,0",9,"140,78,111,154,78,55,104,66,53","0,20945,23796,31712,34223,40862,42354,50482,53424",6,"circRNA","ENSMMUG00000012597","ENSMMUT00000017667","2,3,4,5,6,7,8,9,10","15:50146659-50177349|15:50230826-50238031",1.3367854451,37.6687041493,0.035743942779
"1902","15",50177349,50238099,"circular_RNA/16",0,"+",50177349,50177349,"0,0,0",10,"140,78,111,154,78,55,104,66,53,68","0,20945,23796,31712,34223,40862,42354,50482,53424,60682",16,"circRNA","ENSMMUG00000012597","ENSMMUT00000017667","2,3,4,5,6,7,8,9,10,11","15:50146659-50177349|15:50238099-50240749",3.56476118692,37.6687041493,0.0948748442291
"1903","15",50198294,50218266,"circular_RNA/1",1,"+",50198294,50198294,"0,0,0",5,"78,111,154,78,55","0,2851,10767,13278,19917",1,"circRNA","ENSMMUG00000012597","ENSMMUT00000017667","3,4,5,6,7","15:50177489-50198294|15:50218266-50219703",0.222797574183,37.6687041493,0.00617849205378
"1904","15",50198294,50219807,"circular_RNA/1",0,"+",50198294,50198294,"0,0,0",6,"78,111,154,78,55,104","0,2851,10767,13278,19917,21409",1,"circRNA","ENSMMUG00000012597","ENSMMUT00000017667","3,4,5,6,7,8","15:50177489-50198294|15:50219807-50227831",0.222797574183,37.6687041493,0.00617849205378
"1905","15",50227831,50240939,"circular_RNA/9",0,"+",50227831,50227831,"0,0,0",4,"66,53,68,190","0,2942,10200,12918",9,"circRNA","ENSMMUG00000012597","ENSMMUT00000017667","9,10,11,12","15:50219807-50227831|15:50240939-50245624",2.00517816764,37.6687041493,0.0534832132139
"1906","15",50238031,50250139,"circular_RNA/14",0,"+",50238031,50238031,"0,0,0",4,"68,190,214,275","0,2718,7593,11833",14,"circRNA","ENSMMUG00000012597","ENSMMUT00000017667","11,12,13,14","15:50230826-50238031|15:50250139-50250928",3.11916603856,37.6687041493,0.0830486639392
"1907","15",50240749,50245838,"circular_RNA/41",0,"+",50240749,50240749,"0,0,0",2,"190,214","0,4875",41,"circRNA","ENSMMUG00000012597","ENSMMUT00000017667","12,13","15:50238099-50240749|15:50245838-50249864",9.13470054149,37.6687041493,0.242702097855
"1908","15",50240749,50250139,"circular_RNA/12",0,"+",50240749,50240749,"0,0,0",3,"190,214,275","0,4875,9115",12,"circRNA","ENSMMUG00000012597","ENSMMUT00000017667","12,13,14","15:50238099-50240749|15:50250139-50250928",2.67357089019,37.6687041493,0.071222483649
"1909","15",50245624,50245838,"circular_RNA/8",0,"+",50245624,50245624,"0,0,0",1,"214","0",8,"circRNA","ENSMMUG00000012597","ENSMMUT00000017667","13","15:50240939-50245624|15:50245838-50249864",1.78238059346,37.6687041493,0.0475701230689
"1910","15",50245624,50250139,"circular_RNA/26",0,"+",50245624,50245624,"0,0,0",2,"214,275","0,4240",26,"circRNA","ENSMMUG00000012597","ENSMMUT00000017667","13,14","15:50240939-50245624|15:50250139-50250928",5.79273692875,37.6687041493,0.154005745679
"1911","15",50245624,50252893,"circular_RNA/15",0,"+",50245624,50245624,"0,0,0",4,"214,275,170,214","0,4240,5304,7055",15,"circRNA","ENSMMUG00000012597","ENSMMUT00000017667","13,14,15,16","15:50240939-50245624|15:50252893-50263032",3.34196361274,37.6687041493,0.0889617540842
"1912","15",56872039,56900572,"circular_RNA/33",0,"+",56872039,56872039,"0,0,0",4,"201,85,76,74","0,1302,2601,28459",33,"circRNA","ENSMMUG00000006073","ENSMMUT00000008491","2,3,4,5","15:56867486-56872039|15:56900572-56918190",7.35231994803,8.68910539312,0.846330699
"1913","15",62727169,62750861,"circular_RNA/3",1,"-",62727169,62727169,"0,0,0",7,"90,239,117,109,45,89,93","0,3519,6678,9335,13857,17837,23599",3,"circRNA","ENSMMUG00000019070","ENSMMUT00000105366","27,26,25,24,23,22,21","15:62718318-62727169|15:62750861-62771637",0.668392722548,8.64765468165,0.078357563046
"1914","15",62840845,62844162,"circular_RNA/3",0,"-",62840845,62840845,"0,0,0",4,"127,131,102,105","0,2042,2687,3212",3,"circRNA","ENSMMUG00000019070","ENSMMUT00000105366","14,13,12,11","15:62794358-62840845|15:62844162-62869042",0.668392722548,8.64765468165,0.078357563046
"1915","15",63221591,63256366,"circular_RNA/1",0,"+",63221591,63221591,"0,0,0",2,"144,708","0,34067",1,"circRNA","ENSMMUG00000008325","ENSMMUT00000092200","4,5","15:63212919-63221591|15:63256366-63304301",0.222797574183,4.3891122114,0.0529192171047
"1916","15",64203013,64213567,"circular_RNA/4",0,"-",64203013,64203013,"0,0,0",3,"138,142,115","0,9558,10439",4,"circRNA","ENSMMUG00000045740","ENSMMUT00000074998","4,3,2","15:64195146-64203013|15:64213567-64228838",0.891190296731,0.980309326404,0.910008895911
"1917","15",64329716,64330139,"circular_RNA/3",0,"-",64329716,64329716,"0,0,0",2,"219,101","0,322",3,"circRNA","ENSMMUG00000004338","ENSMMUT00000006166","11,10","15:64322822-64329716|15:64330139-64339381",0.668392722548,28.9564976252,0.0234199084517
"1918","15",64339381,64346313,"circular_RNA/1",0,"-",64339381,64339381,"0,0,0",4,"176,145,59,67","0,4672,5725,6865",1,"circRNA","ENSMMUG00000004338","ENSMMUT00000006166","9,8,7,6","15:64330139-64339381|15:64346313-64348428",0.222797574183,28.9564976252,0.00803678709091
"1919","15",64523018,64524861,"circular_RNA/2",0,"+",64523018,64523018,"0,0,0",2,"182,135","0,1708",2,"circRNA","ENSMMUG00000013997","ENSMMUT00000083441","7,8","15:64521988-64523018|15:64524861-64526546",0.445595148365,637.39601004,0.000714764437719
"1920","15",64526546,64526837,"circular_RNA/1",0,"+",64526546,64526546,"0,0,0",1,"291","0",1,"circRNA","ENSMMUG00000013997","ENSMMUT00000025856","8","15:64524861-64526546|15:64526837-64535379",0.222797574183,637.39601004,0.00036522651264
"1921","15",64548204,64575342,"circular_RNA/3",0,"+",64548204,64548204,"0,0,0",11,"96,79,133,148,66,49,174,194,127,103,82","0,2665,3759,8132,10635,11007,14775,15447,18305,19963,27056",3,"circRNA","ENSMMUG00000018396","ENSMMUT00000083881","3,4,5,6,7,8,9,10,11,12,13","15:64541876-64548204|15:64575342-64581842",0.668392722548,12.5184386994,0.0541482253954
"1922","15",64556336,64566636,"circular_RNA/4",0,"+",64556336,64556336,"0,0,0",6,"148,66,49,174,194,127","0,2503,2875,6643,7315,10173",4,"circRNA","ENSMMUG00000018396","ENSMMUT00000083881","6,7,8,9,10,11","15:64552096-64556336|15:64566636-64568167",0.891190296731,12.5184386994,0.071931572509
"1923","15",64568167,64587467,"circular_RNA/2",1,"+",64568167,64568167,"0,0,0",6,"103,82,67,186,136,1041","0,7093,13675,14057,17036,18259",2,"circRNA","ENSMMUG00000018396","ENSMMUT00000083881","12,13,14,15,16,17","15:64566636-64568167|15:64587467-64589035",0.445595148365,12.5184386994,0.0363648782818
"1924","15",66258267,66273083,"circular_RNA/4",1,"-",66258267,66258267,"0,0,0",4,"120,122,126,177","0,1493,12698,14639",4,"circRNA","ENSMMUG00000023448","ENSMMUT00000032990","12,11,10,9","15:66235613-66258267|15:66273083-66298586",0.891190296731,2.61787149665,0.342935450946
"1925","15",68074572,68079001,"circular_RNA/4",0,"+",68074572,68074572,"0,0,0",3,"139,105,63","0,3516,4366",4,"circRNA","ENSMMUG00000002224","ENSMMUT00000073719","4,5,6","15:68055784-68074572|15:68079001-68085584",0.891190296731,15.3433262754,0.0586967462663
"1926","15",69287506,69288038,"circular_RNA/6",0,"+",69287506,69287506,"0,0,0",1,"532","0",6,"circRNA","ENSMMUG00000014697","ENSMMUT00000046203","2","15:69273094-69287506|15:69288038-69440878",1.3367854451,30.5975335211,0.044001763297
"1927","15",69287506,69448958,"circular_RNA/7",0,"+",69287506,69287506,"0,0,0",4,"532,69,121,119","0,153372,158976,161333",7,"circRNA","ENSMMUG00000014697","ENSMMUT00000046203","2,3,4,5","15:69273094-69287506|15:69448958-69469904",1.55958301928,30.5975335211,0.051280937688
"1928","15",69287506,69475162,"circular_RNA/18",0,"+",69287506,69287506,"0,0,0",6,"532,69,121,119,135,185","0,153372,158976,161333,182398,187471",18,"circRNA","ENSMMUG00000014697","ENSMMUT00000046203","2,3,4,5,6,7","15:69273094-69287506|15:69475162-69493025",4.01035633529,30.5975335211,0.131351855991
"1929","15",69474977,69482545,"circular_RNA/4",0,"+",69474977,69474977,"0,0,0",3,"185,166,83","0,4266,7485",4,"circRNA","ENSMMUG00000014697","ENSMMUT00000058540","8,9,10","15:69470039-69474977|15:69482545-69493025",0.891190296731,30.5975335211,0.0294434145146
"1930","15",76708862,76746166,"circular_RNA/4",0,"-",76708862,76708862,"0,0,0",5,"109,56,77,214,182","0,2444,33073,35000,37122",4,"circRNA","ENSMMUG00000015985","ENSMMUT00000022476","16,15,14,13,12","15:76653987-76708862|15:76746166-76771247",0.891190296731,9.01743866034,0.0998279058589
"1931","15",76864794,76877250,"circular_RNA/10",0,"-",76864794,76864794,"0,0,0",3,"138,104,50","0,4304,12406",10,"circRNA","ENSMMUG00000015985","ENSMMUT00000022476","7,6,5","15:76781118-76864794|15:76877250-76904427",2.22797574183,9.01743866034,0.24790816377
"1932","15",76864794,76904621,"circular_RNA/10",0,"-",76864794,76864794,"0,0,0",4,"138,104,50,194","0,4304,12406,39633",10,"circRNA","ENSMMUG00000015985","ENSMMUT00000022476","7,6,5,4","15:76781118-76864794|15:76904621-76941619",2.22797574183,9.01743866034,0.24790816377
"1933","15",77263484,77270405,"circular_RNA/3",0,"-",77263484,77263484,"0,0,0",5,"158,97,141,163,107","0,821,2588,3389,6814",3,"circRNA","ENSMMUG00000002176","ENSMMUT00000003071","14,13,12,11,10","15:77259631-77263484|15:77270405-77277638",0.668392722548,14.1390768231,0.0479460766967
"1934","15",77282508,77289110,"circular_RNA/4",0,"-",77282508,77282508,"0,0,0",4,"108,124,187,110","0,332,4288,6492",4,"circRNA","ENSMMUG00000002176","ENSMMUT00000003071","8,7,6,5","15:77277743-77282508|15:77289110-77310337",0.891190296731,14.1390768231,0.0636925156318
"1935","15",77310337,77348558,"circular_RNA/5",0,"-",77310337,77310337,"0,0,0",3,"219,260,231","0,25504,37990",5,"circRNA","ENSMMUG00000002176","ENSMMUT00000003071","4,3,2","15:77289110-77310337|15:77348558-77355803",1.11398787091,14.1390768231,0.0794389545666
"1936","15",77335841,77348558,"circular_RNA/39",0,"-",77335841,77335841,"0,0,0",2,"260,231","0,12486",39,"circRNA","ENSMMUG00000002176","ENSMMUT00000003071","3,2","15:77310556-77335841|15:77348558-77355803",8.68910539312,14.1390768231,0.614817878359
"1937","15",77779812,77800890,"circular_RNA/29",0,"+",77779812,77779812,"0,0,0",2,"201,1418","0,19660",29,"circRNA","ENSMMUG00000018306","ENSMMUT00000046171","2,3","15:77760146-77779812|15:77800890-77810563",6.4611296513,11.5112079994,0.561671107026
"1938","15",77779812,77810643,"circular_RNA/2",0,"+",77779812,77779812,"0,0,0",3,"201,1418,80","0,19660,30751",2,"circRNA","ENSMMUG00000018306","ENSMMUT00000046171","2,3,4","15:77760146-77779812|15:77810643-77835865",0.445595148365,11.5112079994,0.039544043332
"1939","15",78744863,78766364,"circular_RNA/4",0,"-",78744863,78744863,"0,0,0",12,"173,125,190,137,151,152,139,128,88,135,128,187","0,341,1066,9041,9909,10212,12069,12946,16792,17949,20465,21314",4,"circRNA","ENSMMUG00000014558","ENSMMUT00000094777","22,21,20,19,18,17,16,15,14,13,12,11","15:78712881-78744863|15:78766364-78768566",0.891190296731,11.6226067865,0.0774710529868
"1940","15",79547598,79548084,"circular_RNA/9",1,"+",79547598,79547598,"0,0,0",1,"486","0",9,"circRNA","ENSMMUG00000057568","ENSMMUT00000109597","2","15:79534737-79547598|15:79548084-79700916",2.00517816764,3.74299924627,0.536951391515
"1941","15",81686987,81697833,"circular_RNA/12",0,"-",81686987,81686987,"0,0,0",5,"99,143,133,102,106","0,1417,6660,10178,10740",12,"circRNA","ENSMMUG00000015279","ENSMMUT00000071563","32,31,30,29,28","None|15:81697833-81717570",2.67357089019,28.3933228538,0.0944808783114
"1942","15",81792777,81826870,"circular_RNA/4",0,"-",81792777,81792777,"0,0,0",14,"114,243,111,67,164,148,101,58,131,54,171,174,174,127","0,1531,4396,5171,6554,10806,12267,15044,15325,18490,27724,30226,31852,33966",4,"circRNA","ENSMMUG00000015279","ENSMMUT00000071563","18,17,16,15,14,13,12,11,10,9,8,7,6,5","15:81783408-81792777|15:81826870-81833976",0.891190296731,28.3933228538,0.0317283404259
"1943","15",81820501,81826870,"circular_RNA/6",0,"-",81820501,81820501,"0,0,0",4,"171,174,174,127","0,2502,4128,6242",6,"circRNA","ENSMMUG00000015279","ENSMMUT00000071563","8,7,6,5","15:81811321-81820501|15:81826870-81833976",1.3367854451,28.3933228538,0.0474164748974
"1944","15",85674024,85699423,"circular_RNA/6",0,"+",85674024,85674024,"0,0,0",6,"142,53,163,135,141,162","0,3572,12830,14025,16327,25237",6,"circRNA","ENSMMUG00000008346","ENSMMUT00000011671","2,3,4,5,6,7","15:85668946-85674024|15:85699423-85703360",1.3367854451,23.7898298655,0.0565880282637
"1945","15",87297521,87302514,"circular_RNA/4",0,"-",87297521,87297521,"0,0,0",2,"180,470","0,4523",4,"circRNA","ENSMMUG00000018880","ENSMMUT00000096427","3,2","15:87294750-87297521|15:87302514-87340695",0.891190296731,15.0017033283,0.0600325144337
"1946","15",90451915,90453104,"circular_RNA/15",0,"-",90451915,90451915,"0,0,0",2,"164,196","0,993",15,"circRNA","ENSMMUG00000010399","ENSMMUT00000045975","3,2","15:90435763-90451915|15:90453104-90463464",3.34196361274,29.3721468631,0.114081643808
"1947","15",92583155,92650106,"circular_RNA/6",0,"+",92583155,92583155,"0,0,0",22,"44,43,96,102,110,60,60,81,58,128,107,172,63,133,95,143,190,115,137,133,118,139","0,1423,5380,6036,9472,10699,12838,13100,14215,19859,20182,21101,26186,26723,27647,28686,44969,45239,54257,57099,59250,66812",6,"circRNA","ENSMMUG00000019754","ENSMMUT00000105015","2,3,4,5,6,7,8,9,10,11,12,13,14,15,16,17,18,19,20,21,22,23","15:92558270-92583155|15:92650106-92662677",1.3367854451,7.05887924057,0.190523193178
"1948","15",92603014,92611984,"circular_RNA/4",0,"+",92603014,92603014,"0,0,0",7,"128,107,172,63,133,95,143","0,323,1242,6327,6864,7788,8827",4,"circRNA","ENSMMUG00000019754","ENSMMUT00000105015","11,12,13,14,15,16,17","15:92597428-92603014|15:92611984-92628124",0.891190296731,7.05887924057,0.127487012589
"1949","15",92628124,92628509,"circular_RNA/6",0,"+",92628124,92628124,"0,0,0",2,"190,115","0,270",6,"circRNA","ENSMMUG00000019754","ENSMMUT00000105015","18,19","15:92611984-92628124|15:92628509-92637412",1.3367854451,7.05887924057,0.190523193178
"1950","15",92628124,92673076,"circular_RNA/8",0,"+",92628124,92628124,"0,0,0",14,"190,115,137,133,118,139,85,155,157,80,60,154,117,104","0,270,9288,12130,14281,21843,34553,37082,37682,41441,43143,43405,44652,44848",8,"circRNA","ENSMMUG00000019754","ENSMMUT00000105015","18,19,20,21,22,23,24,25,26,27,28,29,30,31","15:92611984-92628124|15:92673076-92682730",1.78238059346,7.05887924057,0.253559373765
"1951","15",93161079,93164257,"circular_RNA/14",0,"-",93161079,93161079,"0,0,0",2,"130,129","0,3049",14,"circRNA","ENSMMUG00000055875","ENSMMUT00000088839","5,4","15:93093686-93161079|15:93164257-93181576",3.11916603856,34.3108264241,0.0911739711595
"1952","15",93161079,93181731,"circular_RNA/12",0,"-",93161079,93161079,"0,0,0",3,"130,129,155","0,3049,20497",12,"circRNA","ENSMMUG00000055875","ENSMMUT00000088839","5,4,3","15:93093686-93161079|15:93181731-93287862",2.67357089019,34.3108264241,0.0781907421759
"1953","15",98974603,98988619,"circular_RNA/1",0,"-",98974603,98974603,"0,0,0",5,"169,116,84,143,235","0,1157,2465,5316,13781",1,"circRNA","ENSMMUG00000005024","ENSMMUT00000104035","10,9,8,7,6","15:98972563-98974603|15:98988619-98989095",0.222797574183,66.3565441774,0.00350775495498
"1954","15",98989095,98996499,"circular_RNA/7",0,"-",98989095,98989095,"0,0,0",4,"159,263,116,152","0,1014,4247,7252",7,"circRNA","ENSMMUG00000005024","ENSMMUT00000104035","5,4,3,2","15:98988619-98989095|15:98996499-99017885",1.55958301928,66.3565441774,0.0236502147089
"1955","15",99296949,99298201,"circular_RNA/11",1,"-",99296949,99296949,"0,0,0",1,"1252","0",11,"ciRNA","ENSMMUG00000018871","ENSMMUT00000080576","5","15:99296711-99298201",2.45077331601,206.949240072,0.0118901350583
"1956","15",99612987,99613118,"circular_RNA/1",0,"-",99612987,99612987,"0,0,0",1,"131","0",1,"circRNA","ENSMMUG00000008685","ENSMMUT00000012142","12","15:99611009-99612987|15:99613118-99615113",0.222797574183,20.222156292,0.0115063155317
"1957","15",100885701,100889441,"circular_RNA/1",0,"-",100885701,100885701,"0,0,0",2,"161,177","0,3563",1,"circRNA","ENSMMUG00000008801","ENSMMUT00000089202","25,24","15:100853866-100885701|15:100889441-100896370",0.222797574183,12.8519021739,0.0180997780138
"1958","15",100930665,100969637,"circular_RNA/6",0,"-",100930665,100930665,"0,0,0",8,"149,87,84,713,117,98,178,209","0,233,2208,13882,24389,27959,36602,38763",6,"circRNA","ENSMMUG00000008801","ENSMMUT00000089202","17,16,15,14,13,12,11,10","15:100907563-100930665|15:100969637-100972918",1.3367854451,12.8519021739,0.104711218208
"1959","15",101154475,101157849,"circular_RNA/5",1,"+",101154475,101154475,"0,0,0",3,"115,75,168","0,982,3206",5,"circRNA","ENSMMUG00000001898","ENSMMUT00000089830","4,5,6","15:101152334-101154475|15:101157849-101170837",1.11398787091,10.6348708743,0.105589620032
"1960","15",101170837,101194338,"circular_RNA/6",0,"+",101170837,101170837,"0,0,0",6,"67,44,51,84,115,179","0,147,1714,2391,3292,23322",6,"circRNA","ENSMMUG00000001898","ENSMMUT00000089830","7,8,9,10,11,12","15:101157849-101170837|15:101194338-101203831",1.3367854451,10.6348708743,0.126519660126
"1961","15",101459056,101461092,"circular_RNA/1",0,"-",101459056,101459056,"0,0,0",2,"116,92","0,1944",1,"circRNA","ENSMMUG00000003401","ENSMMUT00000004817","25,24","15:101456750-101459056|15:101461092-101461331",0.222797574183,39.4764294404,0.00589563496832
"1962","15",101466848,101474078,"circular_RNA/3",0,"-",101466848,101466848,"0,0,0",4,"104,58,101,87","0,4767,6519,7143",3,"circRNA","ENSMMUG00000003401","ENSMMUT00000004817","18,17,16,15","15:101466147-101466848|15:101474078-101476743",0.668392722548,39.4764294404,0.0171804017776
"1963","15",102728982,102729204,"circular_RNA/4",0,"+",102728982,102728982,"0,0,0",1,"222","0",4,"circRNA","ENSMMUG00000017053","ENSMMUT00000080452","3","15:102625180-102728982|15:102729204-102762017",0.891190296731,19.7042174607,0.0457127095472
"1964","15",103431267,103471939,"circular_RNA/1",0,"+",103431267,103431267,"0,0,0",4,"210,49,254,234","0,20699,34240,40438",1,"circRNA","ENSMMUG00000016295","ENSMMUT00000067727","3,4,5,6","15:103412059-103431267|15:103471939-103478569",0.222797574183,12.9222593026,0.0180013073304
"1965","15",104365755,104374416,"circular_RNA/2",0,"+",104365755,104365755,"0,0,0",4,"146,250,142,227","0,5159,5626,8434",2,"circRNA","ENSMMUG00000012532","ENSMMUT00000017569","2,3,4,5","15:104362562-104365755|15:104374416-104378670",0.445595148365,13.8789782976,0.0328026395177
"1966","15",107051419,107064584,"circular_RNA/1",0,"-",107051419,107051419,"0,0,0",3,"90,130,133","0,3811,13032",1,"circRNA","ENSMMUG00000003006","ENSMMUT00000004255","8,7,6","15:107045479-107051419|15:107064584-107073615",0.222797574183,11.2194492713,0.0207309876521
"1967","15",108428241,108433441,"circular_RNA/46",0,"+",108428241,108428241,"0,0,0",2,"247,83","0,5117",46,"circRNA","ENSMMUG00000009493","ENSMMUT00000045719","2,3","15:108409494-108428241|15:108433441-108455514",10.2486884124,59.8110215056,0.171489689648
"1968","15",108428241,108455643,"circular_RNA/2",0,"+",108428241,108428241,"0,0,0",3,"247,83,129","0,5117,27273",2,"circRNA","ENSMMUG00000009493","ENSMMUT00000045719","2,3,4","15:108409494-108428241|15:108455643-108456815",0.445595148365,59.8110215056,0.0076159707223
"1969","15",108428241,108456912,"circular_RNA/81",0,"+",108428241,108428241,"0,0,0",4,"247,83,129,97","0,5117,27273,28574",81,"circRNA","ENSMMUG00000009493","ENSMMUT00000045719","2,3,4,5","15:108409494-108428241|15:108456912-108473999",18.0466035088,59.8110215056,0.301843784247
"1970","15",108485592,108501517,"circular_RNA/6",0,"+",108485592,108485592,"0,0,0",4,"88,228,175,250","0,2179,4990,15675",6,"circRNA","ENSMMUG00000009493","ENSMMUT00000045719","8,9,10,11","15:108474606-108485592|15:108501517-108508641",1.3367854451,59.8110215056,0.0225135815338
"1971","15",108592773,108599338,"circular_RNA/8",0,"+",108592773,108592773,"0,0,0",2,"86,115","0,6450",8,"circRNA","ENSMMUG00000008281","ENSMMUT00000011583","2,3","15:108536500-108592773|15:108599338-108608499",1.78238059346,16.4424609747,0.108943008357
"1972","15",111501657,111503143,"circular_RNA/2",0,"+",111501657,111501657,"0,0,0",2,"103,93","0,1393",2,"circRNA","ENSMMUG00000007992","ENSMMUT00000045676","6,7","15:111495727-111501657|15:111503143-111509963",0.445595148365,11.0791157344,0.0410848943484
"1973","15",112511766,112678680,"circular_RNA/12",0,"+",112511766,112511766,"0,0,0",9,"405,89,243,85,60,95,111,65,165","0,44829,66161,67996,72996,74678,145266,146260,166749",12,"circRNA","ENSMMUG00000008299","ENSMMUT00000105114","1,2,3,4,5,6,7,8,9","None|15:112678680-112693416",2.67357089019,6.37758056098,0.420123216384
"1974","15",112577927,112586539,"circular_RNA/21",0,"+",112577927,112577927,"0,0,0",4,"243,85,60,95","0,1835,6835,8517",21,"circRNA","ENSMMUG00000008299","ENSMMUT00000105114","3,4,5,6","15:112556684-112577927|15:112586539-112657032",4.67874905784,6.37758056098,0.734041475184
"1975","15",112721434,112721626,"circular_RNA/2",1,"+",112721434,112721434,"0,0,0",1,"192","0",2,"ciRNA","ENSMMUG00000008299","ENSMMUT00000105114","16","15:112721434-112726775",0.445595148365,6.37758056098,0.0713251510514
"1976","15",112746555,112768584,"circular_RNA/3",0,"-",112746555,112746555,"0,0,0",2,"87,117","0,21912",3,"circRNA","ENSMMUG00000008298","ENSMMUT00000011605","14,13","15:112726254-112746555|15:112768584-112824039",0.668392722548,6.68392722548,0.101344502218
"1977","15",112904521,112909091,"circular_RNA/6",0,"-",112904521,112904521,"0,0,0",2,"107,190","0,4380",6,"circRNA","ENSMMUG00000008298","ENSMMUT00000011605","6,5","15:112873926-112904521|15:112909091-113033309",1.3367854451,6.68392722548,0.201195113083
"1978","14",660895,662347,"circular_RNA/4",0,"+",660895,660895,"0,0,0",3,"182,120,155","0,486,1297",4,"circRNA","ENSMMUG00000004012","ENSMMUT00000005686","11,12,13","14:657501-660895|14:662347-663147",0.891190296731,17.2389623024,0.0522460586864
"1979","14",3017634,3035043,"circular_RNA/7",0,"-",3017634,3017634,"0,0,0",7,"23,146,140,72,132,87,142","0,3248,4612,9600,14983,16609,17267",7,"circRNA","ENSMMUG00000007753","ENSMMUT00000084493","10,9,8,7,6,5,4","14:3016282-3017634|14:3035043-3039001",1.55958301928,40.6976902174,0.0385574079713
"1980","14",3020882,3035043,"circular_RNA/2",0,"-",3020882,3020882,"0,0,0",6,"146,140,72,132,87,142","0,1364,6352,11735,13361,14019",2,"circRNA","ENSMMUG00000007753","ENSMMUT00000084493","9,8,7,6,5,4","14:3017657-3020882|14:3035043-3039001",0.445595148365,40.6976902174,0.0111918692987
"1981","14",3032617,3035043,"circular_RNA/1",0,"-",3032617,3032617,"0,0,0",3,"132,87,142","0,1626,2284",1,"circRNA","ENSMMUG00000007753","ENSMMUT00000084493","6,5,4","14:3027306-3032617|14:3035043-3039001",0.222797574183,40.6976902174,0.00571876156421
"1982","14",3101624,3104694,"circular_RNA/3",0,"-",3101624,3101624,"0,0,0",4,"99,97,89,92","0,640,1707,2978",3,"circRNA","ENSMMUG00000000511","ENSMMUT00000067777","6,5,4,3","14:3100521-3101624|14:3104694-3110680",0.668392722548,19.9707643767,0.0339522908012
"1983","14",3760037,4012672,"circular_RNA/3",0,"+",3760037,3760037,"0,0,0",12,"219,204,72,109,152,168,117,78,67,319,170,114","0,24972,30669,34016,48103,49509,69286,87568,155303,228790,242514,252521",3,"circRNA","ENSMMUG00000019736","ENSMMUT00000028996","3,4,5,6,7,8,9,10,11,12,13,14","14:3706259-3760037|14:4012672-4112517",0.668392722548,37.895841936,0.0178967855059
"1984","14",4311530,4329444,"circular_RNA/2",0,"+",4311530,4311530,"0,0,0",6,"136,81,131,112,21,2407","0,649,10759,12867,13910,15507",2,"circRNA","ENSMMUG00000019736","ENSMMUT00000028996","18,19,20,21,22,23","14:4151466-4311530|14:4329444-4341189",0.445595148365,37.895841936,0.0120191275301
"1985","14",4460386,4462348,"circular_RNA/14",0,"-",4460386,4460386,"0,0,0",3,"94,173,152","0,444,1810",14,"circRNA","ENSMMUG00000013265","ENSMMUT00000073520","18,17,16","14:4453695-4460386|14:4462348-4468161",3.11916603856,29.5392450437,0.105896649269
"1986","14",6194524,6223024,"circular_RNA/14",0,"-",6194524,6194524,"0,0,0",8,"65,150,153,130,114,113,66,138","0,2076,4489,7190,17631,22342,25406,28362",14,"circRNA","ENSMMUG00000016213","ENSMMUT00000056745","14,13,12,11,10,9,8,7","14:6191537-6194524|14:6223024-6226417",3.11916603856,30.8771226338,0.101309729484
"1987","14",6201714,6219996,"circular_RNA/22",0,"-",6201714,6201714,"0,0,0",4,"130,114,113,66","0,10441,15152,18216",22,"circRNA","ENSMMUG00000016213","ENSMMUT00000056745","11,10,9,8","14:6199166-6201714|14:6219996-6222886",4.90154663202,30.8771226338,0.159015998034
"1988","14",6411117,6419256,"circular_RNA/4",1,"-",6411117,6411117,"0,0,0",3,"132,197,198","0,2098,7941",4,"circRNA","ENSMMUG00000031237","ENSMMUT00000044668","5,4,3","14:6389709-6411117|14:6419256-6428300",0.891190296731,13.9957385237,0.0643443610779
"1989","14",6428300,6428697,"circular_RNA/25",0,"-",6428300,6428300,"0,0,0",1,"397","0",25,"circRNA","ENSMMUG00000031237","ENSMMUT00000044668","2","14:6419256-6428300|14:6428697-6464857",5.56993935457,13.9957385237,0.398403793211
"1990","14",6579353,6603648,"circular_RNA/8",0,"+",6579353,6579353,"0,0,0",8,"236,148,166,110,167,20,137,197","0,4540,15830,17092,19266,19724,19824,24098",8,"circRNA","ENSMMUG00000014237","ENSMMUT00000019979","2,3,4,5,6,7,8,9","14:6556838-6579353|14:6603648-6611768",1.78238059346,18.6035974443,0.0962941526389
"1991","14",6909311,6909482,"circular_RNA/1",0,"-",6909311,6909311,"0,0,0",1,"171","0",1,"circRNA","ENSMMUG00000018526","ENSMMUT00000026045","3","14:6908586-6909311|14:6909482-6909555",0.222797574183,48.0252548794,0.00484638990191
"1992","14",7321904,7322083,"circular_RNA/3",0,"-",7321904,7321904,"0,0,0",1,"179","0",3,"circRNA","ENSMMUG00000008771","ENSMMUT00000108882","6","14:7313741-7321904|14:7322083-7348640",0.668392722548,33.8652312758,0.0200262167076
"1993","14",7702788,7798638,"circular_RNA/4",0,"-",7702788,7702788,"0,0,0",13,"76,99,111,122,147,144,198,72,56,84,110,54,139","0,14812,20151,21045,26643,28822,40286,43387,43781,45917,53985,83660,95711",4,"circRNA","ENSMMUG00000004529","ENSMMUT00000044597","14,13,12,11,10,9,8,7,6,5,4,3,2","14:7698605-7702788|14:7798638-7802320",0.891190296731,4.15358334726,0.216445840414
"1994","14",7717600,7798638,"circular_RNA/1",0,"-",7717600,7717600,"0,0,0",12,"99,111,122,147,144,198,72,56,84,110,54,139","0,5339,6233,11831,14010,25474,28575,28969,31105,39173,68848,80899",1,"circRNA","ENSMMUG00000004529","ENSMMUT00000044597","13,12,11,10,9,8,7,6,5,4,3,2","14:7702864-7717600|14:7798638-7802320",0.222797574183,4.15358334726,0.0559127930839
"1995","14",8064371,8065829,"circular_RNA/2",0,"-",8064371,8064371,"0,0,0",3,"94,75,138","0,660,1320",2,"circRNA","ENSMMUG00000031207","ENSMMUT00000015596","6,5,4","14:8061168-8064371|14:8065829-8067068",0.445595148365,17.9679690709,0.0253418585029
"1996","14",9485175,9485349,"circular_RNA/11",0,"+",9485175,9485175,"0,0,0",1,"174","0",11,"circRNA","ENSMMUG00000012315","ENSMMUT00000044482","15","14:9485093-9485175|14:9485349-9485496",2.45077331601,10.1307367555,0.242662182772
"1997","14",10348462,10353110,"circular_RNA/4",0,"-",10348462,10348462,"0,0,0",6,"121,103,127,169,142,142","0,667,863,2428,4217,4506",4,"circRNA","ENSMMUG00000012953","ENSMMUT00000086981","8,7,6,5,4,3","14:10346202-10348462|14:10353110-10354027",0.891190296731,104.029328868,0.00866201566789
"1998","14",11492375,11496431,"circular_RNA/12",0,"+",11492375,11492375,"0,0,0",2,"317,82","0,3974",12,"circRNA","ENSMMUG00000014363","ENSMMUT00000073765","4,5","14:11490561-11492375|14:11496431-11503707",2.67357089019,18.6481569591,0.143828294299
"1999","14",12170519,12171005,"circular_RNA/1",1,"-",12170519,12170519,"0,0,0",1,"486","0",1,"ciRNA","ENSMMUG00000015147","ENSMMUT00000044319","4","14:12169791-12171005",0.222797574183,1.14183756769,0.202109725115
"2000","14",12738966,12739485,"circular_RNA/11",0,"-",12738966,12738966,"0,0,0",2,"110,224","0,295",11,"circRNA","ENSMMUG00000015281","ENSMMUT00000105678","3,2","14:12730059-12738966|14:12739485-12748010",2.45077331601,44.4481160494,0.0553503732204
"2001","14",12762058,12762974,"circular_RNA/6",0,"+",12762058,12762058,"0,0,0",2,"415,119","0,797",6,"circRNA","ENSMMUG00000015280","ENSMMUT00000021422","6,7","14:12758688-12762058|14:12762974-12766728",1.3367854451,26.5686107213,0.0506717773635
"2002","14",13313756,13315055,"circular_RNA/6",0,"-",13313756,13313756,"0,0,0",2,"103,245","0,1054",6,"circRNA","ENSMMUG00000014531","ENSMMUT00000020386","3,2","14:13312973-13313756|14:13315055-13320797",1.3367854451,11.6968726446,0.115042290626
"2003","14",14243618,14248391,"circular_RNA/4",0,"-",14243618,14243618,"0,0,0",5,"111,135,74,109,68","0,1942,2282,3207,4705",4,"circRNA","ENSMMUG00000062571","ENSMMUT00000099864","9,8,7,6,5","14:14241802-14243618|14:14248391-14249972",0.891190296731,63.9651835478,0.0140865605498
"2004","14",14381919,14393008,"circular_RNA/2",0,"+",14381919,14381919,"0,0,0",6,"209,251,199,103,55,132","0,1845,9781,10234,10707,10957",2,"circRNA","ENSMMUG00000001745","ENSMMUT00000002466","2,3,4,5,6,7","14:14376932-14381919|14:14393008-14399814",0.445595148365,28.9636846437,0.0157244463025
"2005","14",14381919,14400794,"circular_RNA/18",0,"+",14381919,14381919,"0,0,0",8,"209,251,199,103,55,132,246,121","0,1845,9781,10234,10707,10957,17895,18754",18,"circRNA","ENSMMUG00000001745","ENSMMUT00000002466","2,3,4,5,6,7,8,9","14:14376932-14381919|14:14400794-14412401",4.01035633529,28.9636846437,0.138758890515
"2006","14",14391700,14400794,"circular_RNA/2",0,"+",14391700,14391700,"0,0,0",6,"199,103,55,132,246,121","0,453,926,1176,8114,8973",2,"circRNA","ENSMMUG00000001745","ENSMMUT00000002466","4,5,6,7,8,9","14:14384015-14391700|14:14400794-14412401",0.445595148365,28.9636846437,0.0157244463025
"2007","14",18129762,18131498,"circular_RNA/7",0,"+",18129762,18129762,"0,0,0",2,"48,68","0,1668",7,"circRNA","ENSMMUG00000043682","ENSMMUT00000056250","10,11","14:18127949-18129762|14:18131498-18134420",1.55958301928,31.5157295844,0.0497873654304
"2008","14",18269240,18271505,"circular_RNA/1",0,"+",18269240,18269240,"0,0,0",3,"188,83,49","0,1774,2216",1,"circRNA","ENSMMUG00000011657","ENSMMUT00000096993","2,3,4","14:18191565-18269240|14:18271505-18274089",0.222797574183,32.3947672862,0.00718405326374
"2009","14",18269240,18275908,"circular_RNA/2",0,"+",18269240,18269240,"0,0,0",6,"188,83,49,135,80,162","0,1774,2216,4849,5841,6506",2,"circRNA","ENSMMUG00000011657","ENSMMUT00000096993","2,3,4,5,6,7","14:18191565-18269240|14:18275908-18280035",0.445595148365,32.3947672862,0.0140595099586
"2010","14",18275746,18282154,"circular_RNA/7",0,"+",18275746,18275746,"0,0,0",4,"162,76,129,111","0,4289,5820,6297",7,"circRNA","ENSMMUG00000011657","ENSMMUT00000096993","7,8,9,10","14:18275161-18275746|14:18282154-18283485",1.55958301928,32.3947672862,0.0484367934328
"2011","14",18400958,18402135,"circular_RNA/1",0,"+",18400958,18400958,"0,0,0",2,"188,163","0,1014",1,"circRNA","ENSMMUG00000015606","ENSMMUT00000021888","3,4","14:18383585-18400958|14:18402135-18405461",0.222797574183,64.0543025775,0.00363381110567
"2012","14",18948290,18951814,"circular_RNA/6",0,"+",18948290,18948290,"0,0,0",4,"172,133,101,114","0,1318,1687,3410",6,"circRNA","ENSMMUG00000003631","ENSMMUT00000063672","5,6,7,8","14:18942707-18948290|14:18951814-18958760",1.3367854451,24.5244429782,0.0548936630148
"2013","14",18973145,18974517,"circular_RNA/1",0,"+",18973145,18973145,"0,0,0",2,"186,95","0,1277",1,"circRNA","ENSMMUG00000003631","ENSMMUT00000063672","17,18","14:18968429-18973145|14:18974517-18977599",0.222797574183,24.5244429782,0.00948860238604
"2014","14",19082645,19083815,"circular_RNA/2",0,"+",19082645,19082645,"0,0,0",5,"87,99,108,77,78","0,269,628,811,1092",2,"circRNA","ENSMMUG00000007831","ENSMMUT00000044120","6,7,8,9,10","14:19081576-19082645|14:19083815-19084228",0.445595148365,50.6864481266,0.00898672718111
"2015","14",19114549,19120890,"circular_RNA/3",0,"-",19114549,19114549,"0,0,0",5,"141,47,120,81,82","0,1133,4640,5208,6259",3,"circRNA","ENSMMUG00000019672","ENSMMUT00000095557","9,8,7,6,5","14:19108281-19114549|14:19120890-19131239",0.668392722548,20.6923247022,0.032768915197
"2016","14",19334196,19335774,"circular_RNA/3",0,"+",19334196,19334196,"0,0,0",2,"189,155","0,1423",3,"circRNA","ENSMMUG00000011526","ENSMMUT00000016142","13,14","14:19324958-19334196|14:19335774-19350646",0.668392722548,28.0462828677,0.0241797078304
"2017","14",19452714,19453917,"circular_RNA/2",0,"-",19452714,19452714,"0,0,0",2,"127,100","0,1103",2,"circRNA","ENSMMUG00000018571","ENSMMUT00000026104","10,9","14:19449565-19452714|14:19453917-19457292",0.445595148365,121.300901499,0.00375559939573
"2018","14",19457292,19457876,"circular_RNA/6",0,"-",19457292,19457292,"0,0,0",3,"69,59,150","0,238,434",6,"circRNA","ENSMMUG00000018571","ENSMMUT00000026104","8,7,6","14:19453917-19457292|14:19457876-19458988",1.3367854451,121.300901499,0.0111019325424
"2019","14",19793652,19808416,"circular_RNA/3",0,"+",19793652,19793652,"0,0,0",4,"207,252,90,294","0,8685,10162,14470",3,"circRNA","ENSMMUG00000002617","ENSMMUT00000003724","6,7,8,9","14:19695469-19793652|14:19808416-19820271",0.668392722548,14.8101755891,0.0457749450045
"2020","14",21637688,21643860,"circular_RNA/1",0,"-",21637688,21637688,"0,0,0",3,"117,90,566","0,4573,5606",1,"circRNA","ENSMMUG00000013095","ENSMMUT00000090969","4,3,2","14:21627557-21637688|14:21643860-21657014",0.222797574183,7.96929784577,0.0291751954474
"2021","14",30268794,30273771,"circular_RNA/3",0,"-",30268794,30268794,"0,0,0",4,"117,114,126,129","0,588,3534,4848",3,"circRNA","ENSMMUG00000004327","ENSMMUT00000006142","9,8,7,6","14:30266110-30268794|14:30273771-30280476",0.668392722548,146.712202599,0.00462365416093
"2022","14",30478537,30502599,"circular_RNA/28",0,"-",30478537,30478537,"0,0,0",6,"159,59,148,175,99,200","0,3439,11318,14781,20959,23862",28,"circRNA","ENSMMUG00000006448","ENSMMUT00000009043","9,8,7,6,5,4","14:30470909-30478537|14:30502599-30509131",6.23833207712,30.2262042308,0.206650677096
"2023","14",30489855,30502599,"circular_RNA/2",0,"-",30489855,30489855,"0,0,0",4,"148,175,99,200","0,3463,9641,12544",2,"circRNA","ENSMMUG00000006448","ENSMMUT00000009043","7,6,5,4","14:30482035-30489855|14:30502599-30509131",0.445595148365,30.2262042308,0.0150678684694
"2024","14",30489855,30525632,"circular_RNA/9",0,"-",30489855,30489855,"0,0,0",6,"148,175,99,200,101,81","0,3463,9641,12544,19276,35696",9,"circRNA","ENSMMUG00000006448","ENSMMUT00000009043","7,6,5,4,3,2","14:30482035-30489855|14:30525632-30540470",2.00517816764,30.2262042308,0.0666478554073
"2025","14",31367498,31369391,"circular_RNA/14",0,"-",31367498,31367498,"0,0,0",3,"151,150,111","0,1393,1782",14,"circRNA","ENSMMUG00000021643","ENSMMUT00000030460","15,14,13","14:31362641-31367498|14:31369391-31370111",3.11916603856,131.95186331,0.0237126542478
"2026","14",31368891,31369391,"circular_RNA/12",0,"-",31368891,31368891,"0,0,0",2,"150,111","0,389",12,"circRNA","ENSMMUG00000021643","ENSMMUT00000030460","14,13","14:31367649-31368891|14:31369391-31370111",2.67357089019,131.95186331,0.0203359578508
"2027","14",32122555,32123597,"circular_RNA/4",0,"-",32122555,32122555,"0,0,0",2,"124,160","0,882",4,"circRNA","ENSMMUG00000019988","ENSMMUT00000098548","8,7","14:32117083-32122555|14:32123597-32125032",0.891190296731,51.0354976594,0.0176546480699
"2028","14",32176493,32177592,"circular_RNA/105",0,"-",32176493,32176493,"0,0,0",1,"1099","0",105,"circRNA","ENSMMUG00000019988","ENSMMUT00000098548","2","14:32136059-32176493|14:32177592-32207325",23.3937452892,51.0354976594,0.458487944331
"2029","14",32501024,32503603,"circular_RNA/1",0,"-",32501024,32501024,"0,0,0",3,"134,117,323","0,723,2256",1,"circRNA","ENSMMUG00000001536","ENSMMUT00000102896","6,5,4","14:32499306-32501024|14:32503603-32515863",0.222797574183,13.367854451,0.0174017122877
"2030","14",32515863,32524423,"circular_RNA/5",0,"-",32515863,32515863,"0,0,0",3,"3690,162,113","0,7598,8447",5,"circRNA","ENSMMUG00000001536","ENSMMUT00000081794","4,3,2","14:32503603-32515863|14:32524423-32561347",1.11398787091,13.367854451,0.0840185453525
"2031","14",32838508,32844952,"circular_RNA/2",0,"-",32838508,32838508,"0,0,0",4,"82,100,84,95","0,1041,2091,6349",2,"circRNA","ENSMMUG00000009026","ENSMMUT00000012612","8,7,6,5","14:32833493-32838508|14:32844952-32845349",0.445595148365,167.915105076,0.00271308538505
"2032","14",32838508,32845473,"circular_RNA/23",0,"-",32838508,32838508,"0,0,0",5,"82,100,84,95,124","0,1041,2091,6349,6841",23,"circRNA","ENSMMUG00000009026","ENSMMUT00000012612","8,7,6,5,4","14:32833493-32838508|14:32845473-32846069",5.1243442062,167.915105076,0.0305752031769
"2033","14",33344527,33345876,"circular_RNA/5",0,"-",33344527,33344527,"0,0,0",2,"179,194","0,1155",5,"circRNA","ENSMMUG00000018360","ENSMMUT00000064373","3,2","14:33342518-33344527|14:33345876-33351225",1.11398787091,11.4183756769,0.0983506232808
"2034","14",45691483,45749151,"circular_RNA/2",0,"-",45691483,45691483,"0,0,0",5,"161,259,73,53,118","0,12771,23520,47707,57550",2,"circRNA","ENSMMUG00000016942","ENSMMUT00000023809","6,5,4,3,2","14:45650973-45691483|14:45749151-45868112",0.445595148365,16.6974404207,0.0272689973385
"2035","14",45704254,45749151,"circular_RNA/1",0,"-",45704254,45704254,"0,0,0",4,"259,73,53,118","0,10749,34936,44779",1,"circRNA","ENSMMUG00000016942","ENSMMUT00000023809","5,4,3,2","14:45691644-45704254|14:45749151-45868112",0.222797574183,16.6974404207,0.0139337665328
"2036","14",47234475,47262145,"circular_RNA/3",0,"-",47234475,47234475,"0,0,0",13,"93,116,91,118,89,88,128,80,150,94,166,193,169","0,2050,2652,7836,8340,12602,12805,18596,18793,20605,21971,24201,27501",3,"circRNA","ENSMMUG00000017959","ENSMMUT00000100901","14,13,12,11,10,9,8,7,6,5,4,3,2","14:47223911-47234475|14:47262145-47272885",0.668392722548,28.2952919212,0.0239669926188
"2037","14",48321282,48338524,"circular_RNA/2",0,"-",48321282,48321282,"0,0,0",8,"93,59,91,186,104,127,108,144","0,192,840,1115,2474,10672,16354,17098",2,"circRNA","ENSMMUG00000005895","ENSMMUT00000055041","11,10,9,8,7,6,5,4","14:48317882-48321282|14:48338524-48351178",0.445595148365,15.551270678,0.0292775029618
"2038","14",48323756,48338524,"circular_RNA/3",0,"-",48323756,48323756,"0,0,0",4,"104,127,108,144","0,8198,13880,14624",3,"circRNA","ENSMMUG00000005895","ENSMMUT00000055041","7,6,5,4","14:48322583-48323756|14:48338524-48351178",0.668392722548,15.551270678,0.0435949439211
"2039","14",48331954,48338524,"circular_RNA/3",0,"-",48331954,48331954,"0,0,0",3,"127,108,144","0,5682,6426",3,"circRNA","ENSMMUG00000005895","ENSMMUT00000055041","6,5,4","14:48323860-48331954|14:48338524-48351178",0.668392722548,15.551270678,0.0435949439211
"2040","14",48487166,48541807,"circular_RNA/4",0,"+",48487166,48487166,"0,0,0",27,"112,80,64,144,49,211,123,168,112,146,189,94,95,181,105,93,130,137,170,157,110,208,125,118,73,110,126","0,1710,1921,8293,9786,9921,12538,15107,21787,22269,24776,25742,26316,27053,30271,32440,34558,40515,43282,44373,45875,48592,51571,53701,53909,54318,54515",4,"circRNA","ENSMMUG00000022548","ENSMMUT00000031726","6,7,8,9,10,11,12,13,14,15,16,17,18,19,20,21,22,23,24,25,26,27,28,29,30,31,32","14:48486184-48487166|14:48541807-48542330",0.891190296731,39.5094364884,0.0228037233526
"2041","14",48502273,48512131,"circular_RNA/1",0,"+",48502273,48502273,"0,0,0",4,"168,112,146,189","0,6680,7162,9669",1,"circRNA","ENSMMUG00000022548","ENSMMUT00000031726","13,14,15,16","14:48499827-48502273|14:48512131-48512908",0.222797574183,39.5094364884,0.00589071087214
"2042","14",48519606,48527818,"circular_RNA/8",0,"+",48519606,48519606,"0,0,0",3,"93,130,137","0,2118,8075",8,"circRNA","ENSMMUG00000022548","ENSMMUT00000031726","21,22,23","14:48517542-48519606|14:48527818-48530448",1.78238059346,39.5094364884,0.0453544066598
"2043","14",48527681,48541807,"circular_RNA/7",0,"+",48527681,48527681,"0,0,0",10,"137,170,157,110,208,125,118,73,110,126","0,2767,3858,5360,8077,11056,13186,13394,13803,14000",7,"circRNA","ENSMMUG00000022548","ENSMMUT00000031726","23,24,25,26,27,28,29,30,31,32","14:48521854-48527681|14:48541807-48542330",1.55958301928,39.5094364884,0.039716735833
"2044","14",48531539,48538862,"circular_RNA/6",0,"+",48531539,48531539,"0,0,0",4,"157,110,208,125","0,1502,4219,7198",6,"circRNA","ENSMMUG00000022548","ENSMMUT00000031726","25,26,27,28","14:48530618-48531539|14:48538862-48540867",1.3367854451,39.5094364884,0.0340790650063
"2045","14",51116420,51132431,"circular_RNA/3",0,"+",51116420,51116420,"0,0,0",7,"148,230,170,115,93,138,120","0,4541,5169,8021,10145,12524,15891",3,"circRNA","ENSMMUG00000016444","ENSMMUT00000053771","2,3,4,5,6,7,8","14:51115713-51116420|14:51132431-51134369",0.668392722548,59.966824005,0.0113109144041
"2046","14",51124441,51139399,"circular_RNA/7",0,"+",51124441,51124441,"0,0,0",9,"115,93,138,120,108,147,146,97,161","0,2124,4503,7870,9928,10119,11303,13706,14797",7,"circRNA","ENSMMUG00000016444","ENSMMUT00000053771","5,6,7,8,9,10,11,12,13","14:51121759-51124441|14:51139399-51140543",1.55958301928,59.966824005,0.0261698255171
"2047","14",52170539,52178438,"circular_RNA/13",0,"+",52170539,52170539,"0,0,0",4,"197,286,103,121","0,2038,4527,7778",13,"circRNA","ENSMMUG00000009695","ENSMMUT00000099590","3,4,5,6","14:52147294-52170539|14:52178438-52186941",2.89636846437,9.89221229371,0.293506983911
"2048","14",52695787,52741250,"circular_RNA/3",0,"-",52695787,52695787,"0,0,0",6,"141,174,125,62,47,135","0,23664,41865,43197,44106,45328",3,"circRNA","ENSMMUG00000010875","ENSMMUT00000053907","12,11,10,9,8,7","14:52690632-52695787|14:52741250-52742058",0.668392722548,7.26662857334,0.0932289886327
"2049","14",53726494,53744092,"circular_RNA/1",0,"-",53726494,53726494,"0,0,0",4,"97,139,114,204","0,5589,13178,17394",1,"circRNA","ENSMMUG00000022860","ENSMMUT00000107012","5,4,3,2","14:53721821-53726494|14:53744092-53781398",0.222797574183,25.4649375529,0.00913829812927
"2050","14",54872323,54872702,"circular_RNA/3",0,"+",54872323,54872323,"0,0,0",2,"126,105","0,274",3,"circRNA","ENSMMUG00000011436","ENSMMUT00000043964","15,16","14:54871734-54872323|14:54872702-54872785",0.668392722548,280.555192937,0.00241795040734
"2051","14",55669290,55709673,"circular_RNA/3",0,"+",55669290,55669290,"0,0,0",10,"133,109,114,78,114,129,99,205,110,150","0,1377,4368,7684,8612,9491,12412,33535,38146,40233",3,"circRNA","ENSMMUG00000009205","ENSMMUT00000012873","7,8,9,10,11,12,13,14,15,16","14:55642330-55669290|14:55709673-55790081",0.668392722548,15.4701495099,0.0438233960282
"2052","14",55937295,55946392,"circular_RNA/4",0,"-",55937295,55937295,"0,0,0",4,"97,199,167,108","0,1140,6977,8989",4,"circRNA","ENSMMUG00000009204","ENSMMUT00000012870","11,10,9,8","14:55936622-55937295|14:55946392-55951863",0.891190296731,54.9499835234,0.016397208277
"2053","14",55951863,55959665,"circular_RNA/2",0,"-",55951863,55951863,"0,0,0",4,"182,109,147,228","0,3208,4424,7574",2,"circRNA","ENSMMUG00000009204","ENSMMUT00000012870","7,6,5,4","14:55946392-55951863|14:55959665-55971076",0.445595148365,54.9499835234,0.00828957942047
"2054","14",55951863,55971250,"circular_RNA/3",0,"-",55951863,55951863,"0,0,0",5,"182,109,147,228,174","0,3208,4424,7574,19213",3,"circRNA","ENSMMUG00000009204","ENSMMUT00000012870","7,6,5,4,3","14:55946392-55951863|14:55971250-55988258",0.668392722548,54.9499835234,0.0123433938487
"2055","14",56384834,56390311,"circular_RNA/5",0,"+",56384834,56384834,"0,0,0",3,"129,94,105","0,4671,5372",5,"circRNA","ENSMMUG00000005639","ENSMMUT00000007926","3,4,5","14:56380068-56384834|14:56390311-56391393",1.11398787091,9.58029568986,0.117200543889
"2056","14",56384834,56391532,"circular_RNA/6",0,"+",56384834,56384834,"0,0,0",4,"129,94,105,139","0,4671,5372,6559",6,"circRNA","ENSMMUG00000005639","ENSMMUT00000007926","3,4,5,6","14:56380068-56384834|14:56391532-56395259",1.3367854451,9.58029568986,0.140432108524
"2057","14",64681972,64684355,"circular_RNA/15",0,"+",64681972,64681972,"0,0,0",2,"140,108","0,2275",15,"circRNA","ENSMMUG00000003950","ENSMMUT00000063378","5,6","14:64679139-64681972|14:64684355-64686361",3.34196361274,31.629572859,0.105942125947
"2058","14",64681972,64689727,"circular_RNA/5",0,"+",64681972,64681972,"0,0,0",4,"140,108,181,164","0,2275,4389,7591",5,"circRNA","ENSMMUG00000003950","ENSMMUT00000063378","5,6,7,8","14:64679139-64681972|14:64689727-64695442",1.11398787091,31.629572859,0.0355247485773
"2059","14",64727376,64727564,"circular_RNA/8",0,"+",64727376,64727376,"0,0,0",1,"188","0",8,"circRNA","ENSMMUG00000003950","ENSMMUT00000063378","13","14:64723190-64727376|14:64727564-64735499",1.78238059346,31.629572859,0.0566499617883
"2060","14",64757489,64757919,"circular_RNA/7",0,"+",64757489,64757489,"0,0,0",1,"430","0",7,"circRNA","ENSMMUG00000003950","ENSMMUT00000063378","22","14:64755201-64757489|14:64757919-64760418",1.55958301928,31.629572859,0.0496082240514
"2061","14",64757489,64762184,"circular_RNA/1",0,"+",64757489,64757489,"0,0,0",3,"430,230,267","0,2929,4428",1,"circRNA","ENSMMUG00000003950","ENSMMUT00000063378","22,23,24","14:64755201-64757489|14:64762184-64765340",0.222797574183,31.629572859,0.00735779762958
"2062","14",65983631,66017603,"circular_RNA/9",1,"-",65983631,65983631,"0,0,0",5,"129,55,134,145,77","0,985,4614,12798,33895",9,"circRNA","ENSMMUG00000001294","ENSMMUT00000001834","8,7,6,5,4","14:65917340-65983631|14:66017603-66093210",2.00517816764,12.2817162768,0.163946036685
"2063","14",65983631,65996574,"circular_RNA/3",0,"-",65983631,65983631,"0,0,0",4,"129,55,134,145","0,985,4614,12798",3,"circRNA","ENSMMUG00000001294","ENSMMUT00000001834","8,7,6,5","14:65917340-65983631|14:65996574-66017526",0.668392722548,12.2817162768,0.0551910495875
"2064","14",66742294,66755700,"circular_RNA/5",0,"-",66742294,66742294,"0,0,0",3,"94,112,106","0,10939,13300",5,"circRNA","ENSMMUG00000030964","ENSMMUT00000043853","7,6,5","14:66707263-66742294|14:66755700-66758207",1.11398787091,73.6568780248,0.0152577101276
"2065","14",66941020,66954758,"circular_RNA/5",1,"+",66941020,66941020,"0,0,0",4,"104,90,99,151","0,5152,12531,13587",5,"circRNA","ENSMMUG00000007382","ENSMMUT00000098198","3,4,5,6","14:66932343-66941020|14:66954758-66964092",1.11398787091,4.31670299979,0.259779298686
"2066","14",67755152,67770891,"circular_RNA/1",0,"-",67755152,67755152,"0,0,0",8,"174,195,169,56,94,143,94,113","0,497,1670,3674,5489,7706,10268,15626",1,"circRNA","ENSMMUG00000020644","ENSMMUT00000043846","9,8,7,6,5,4,3,2","14:67749637-67755152|14:67770891-67782870",0.222797574183,45.9185800391,0.00506868651251
"2067","14",67836241,67868317,"circular_RNA/5",0,"+",67836241,67836241,"0,0,0",3,"74,147,119","0,24622,31957",5,"circRNA","ENSMMUG00000052870","ENSMMUT00000095478","2,3,4","14:67798821-67836241|14:67868317-67887830",1.11398787091,73.3746677642,0.0153163856314
"2068","14",67860863,67868317,"circular_RNA/1",0,"+",67860863,67860863,"0,0,0",2,"147,119","0,7335",1,"circRNA","ENSMMUG00000052870","ENSMMUT00000095478","3,4","14:67836315-67860863|14:67868317-67887830",0.222797574183,73.3746677642,0.00317229172354
"2069","14",68216820,68217011,"circular_RNA/7",0,"+",68216820,68216820,"0,0,0",1,"191","0",7,"circRNA","ENSMMUG00000009126","ENSMMUT00000061362","7","14:68214222-68216820|14:68217011-68230663",1.55958301928,83.9261323671,0.0186997300807
"2070","14",69555981,69588391,"circular_RNA/2",0,"+",69555981,69555981,"0,0,0",6,"255,150,171,137,174,199","0,17327,20082,27076,30380,32211",2,"circRNA","ENSMMUG00000022401","ENSMMUT00000031506","10,11,12,13,14,15","14:69536185-69555981|14:69588391-69595842",0.445595148365,13.5703977002,0.0335479975199
"2071","14",69573308,69588391,"circular_RNA/6",0,"+",69573308,69573308,"0,0,0",5,"150,171,137,174,199","0,2755,9749,13053,14884",6,"circRNA","ENSMMUG00000022401","ENSMMUT00000031506","11,12,13,14,15","14:69556236-69573308|14:69588391-69595842",1.3367854451,13.5703977002,0.0991712816393
"2072","14",69586361,69597901,"circular_RNA/7",0,"+",69586361,69586361,"0,0,0",4,"174,199,165,156","0,1831,9481,11384",7,"circRNA","ENSMMUG00000022401","ENSMMUT00000031506","14,15,16,17","14:69583194-69586361|14:69597901-69599546",1.55958301928,13.5703977002,0.115577102669
"2073","14",70702427,70703295,"circular_RNA/23",0,"-",70702427,70702427,"0,0,0",2,"108,102","0,766",23,"circRNA","ENSMMUG00000018945","ENSMMUT00000043829","4,3","14:70699814-70702427|14:70703295-70706736",5.1243442062,45.2724670739,0.113384816199
"2074","14",70749336,70761251,"circular_RNA/2",0,"-",70749336,70749336,"0,0,0",5,"189,221,208,68,110","0,3008,4741,6033,11805",2,"circRNA","ENSMMUG00000017355","ENSMMUT00000024405","15,14,13,12,11","14:70744931-70749336|14:70761251-70762529",0.445595148365,11.7247223414,0.0388245358612
"2075","14",70749336,70770869,"circular_RNA/7",0,"-",70749336,70749336,"0,0,0",8,"189,221,208,68,110,55,80,105","0,3008,4741,6033,11805,13193,19365,21428",7,"circRNA","ENSMMUG00000017355","ENSMMUT00000024405","15,14,13,12,11,10,9,8","14:70744931-70749336|14:70770869-70775646",1.55958301928,11.7247223414,0.133755445899
"2076","14",70752344,70770869,"circular_RNA/4",0,"-",70752344,70752344,"0,0,0",7,"221,208,68,110,55,80,105","0,1733,3025,8797,10185,16357,18420",4,"circRNA","ENSMMUG00000017355","ENSMMUT00000024405","14,13,12,11,10,9,8","14:70749525-70752344|14:70770869-70775646",0.891190296731,11.7247223414,0.0767968998765
"2077","14",70761141,70770869,"circular_RNA/3",0,"-",70761141,70761141,"0,0,0",4,"110,55,80,105","0,1388,7560,9623",3,"circRNA","ENSMMUG00000017355","ENSMMUT00000024405","11,10,9,8","14:70755437-70761141|14:70770869-70775646",0.668392722548,11.7247223414,0.0578107178689
"2078","14",70768701,70770869,"circular_RNA/7",0,"-",70768701,70768701,"0,0,0",2,"80,105","0,2063",7,"circRNA","ENSMMUG00000017355","ENSMMUT00000024405","9,8","14:70762584-70768701|14:70770869-70775646",1.55958301928,11.7247223414,0.133755445899
"2079","14",70991011,71002943,"circular_RNA/4",0,"-",70991011,70991011,"0,0,0",5,"158,134,116,143,206","0,2072,3064,7568,11726",4,"circRNA","ENSMMUG00000010120","ENSMMUT00000014127","14,13,12,11,10","14:70981207-70991011|14:71002943-71011852",0.891190296731,12.9328687109,0.0696283271399
"2080","14",71152301,71152445,"circular_RNA/1",0,"-",71152301,71152301,"0,0,0",1,"144","0",1,"circRNA","ENSMMUG00000050672","ENSMMUT00000069052","2","14:71142067-71152301|14:71152445-71159109",0.222797574183,84.7373440475,0.00274696011774
"2081","14",71200839,71202836,"circular_RNA/8",0,"-",71200839,71200839,"0,0,0",2,"68,110","0,1887",8,"circRNA","ENSMMUG00000017472","ENSMMUT00000043827","5,4","14:71195669-71200839|14:71202836-71205650",1.78238059346,4.80252548794,0.3724407482
"2082","14",71200839,71205844,"circular_RNA/7",0,"-",71200839,71200839,"0,0,0",3,"68,110,194","0,1887,4811",7,"circRNA","ENSMMUG00000017472","ENSMMUT00000043827","5,4,3","14:71195669-71200839|14:71205844-71208654",1.55958301928,4.80252548794,0.32614539356
"2083","14",71303600,71307233,"circular_RNA/4",0,"-",71303600,71303600,"0,0,0",3,"265,95,587","0,1696,3046",4,"circRNA","ENSMMUG00000017477","ENSMMUT00000024575","6,5,4","14:71302405-71303600|14:71307233-71330722",0.891190296731,36.5140468799,0.0246738894979
"2084","14",71542829,71565539,"circular_RNA/10",0,"-",71542829,71542829,"0,0,0",5,"138,67,38,99,133","0,3025,12268,12417,22577",10,"circRNA","ENSMMUG00000004649","ENSMMUT00000085603","11,10,9,8,7","14:71523831-71542829|14:71565539-71603486",2.22797574183,8.6643501071,0.257999240773
"2085","14",76433965,76439140,"circular_RNA/2",0,"-",76433965,76433965,"0,0,0",6,"54,72,42,102,104,120","0,146,303,994,3987,5055",2,"circRNA","ENSMMUG00000020154","ENSMMUT00000073742","7,6,5,4,3,2","14:76426815-76433965|14:76439140-76445086",0.445595148365,20.9429719732,0.021743700557
"2086","14",79212883,79270159,"circular_RNA/6",0,"-",79212883,79212883,"0,0,0",19,"105,60,24,100,31,132,108,150,104,137,124,86,42,107,112,94,103,76,143","0,1906,3347,6699,7613,7739,9417,16178,22787,26330,26714,29040,33207,36473,37708,40364,48009,51998,57133",6,"circRNA","ENSMMUG00000019618","ENSMMUT00000097134","20,19,18,17,16,15,14,13,12,11,10,9,8,7,6,5,4,3,2","14:79199045-79212883|14:79270159-79307877",1.3367854451,85.7770660603,0.0156991666337
"2087","14",79235670,79242009,"circular_RNA/6",0,"-",79235670,79235670,"0,0,0",4,"104,137,124,86","0,3543,3927,6253",6,"circRNA","ENSMMUG00000019618","ENSMMUT00000097134","12,11,10,9","14:79229211-79235670|14:79242009-79246090",1.3367854451,85.7770660603,0.0156991666337
"2088","14",79249356,79270159,"circular_RNA/14",0,"-",79249356,79249356,"0,0,0",6,"107,112,94,103,76,143","0,1235,3891,11536,15525,20660",14,"circRNA","ENSMMUG00000019618","ENSMMUT00000097134","7,6,5,4,3,2","14:79246132-79249356|14:79270159-79307877",3.11916603856,85.7770660603,0.0364759652272
"2089","14",79260892,79270159,"circular_RNA/14",0,"-",79260892,79260892,"0,0,0",3,"103,76,143","0,3989,9124",14,"circRNA","ENSMMUG00000019618","ENSMMUT00000097134","4,3,2","14:79253341-79260892|14:79270159-79307877",3.11916603856,85.7770660603,0.0364759652272
"2090","14",86956941,86960813,"circular_RNA/20",0,"+",86956941,86956941,"0,0,0",4,"98,958,1,2552","0,358,1317,1320",20,"circRNA","ENSMMUG00000008025","ENSMMUT00000043789","13,14,15,16","14:86956249-86956941|14:86960813-86963125",4.45595148365,8.68910539312,0.51338054683
"2091","14",86956941,86963579,"circular_RNA/12",0,"+",86956941,86956941,"0,0,0",6,"98,958,1,2552,178,144","0,358,1317,1320,6184,6494",12,"circRNA","ENSMMUG00000008025","ENSMMUT00000043789","13,14,15,16,17,18","14:86956249-86956941|14:86963579-86967131",2.67357089019,8.68910539312,0.308488145495
"2092","14",87048216,87055674,"circular_RNA/6",0,"+",87048216,87048216,"0,0,0",6,"220,137,85,153,131,185","0,3179,3402,4352,6146,7273",6,"circRNA","ENSMMUG00000013601","ENSMMUT00000086375","9,10,11,12,13,14","14:87045405-87048216|14:87055674-87060042",1.3367854451,7.53798459318,0.178429808444
"2093","14",87662967,87664604,"circular_RNA/4",0,"-",87662967,87662967,"0,0,0",2,"84,220","0,1417",4,"circRNA","ENSMMUG00000004112","ENSMMUT00000005845","15,14","14:87654189-87662967|14:87664604-87673711",0.891190296731,9.76791469969,0.0921658988045
"2094","14",88010540,88015849,"circular_RNA/1",0,"+",88010540,88010540,"0,0,0",2,"150,925","0,4384",1,"circRNA","ENSMMUG00000001730","ENSMMUT00000043780","4,5","14:87955850-88010540|14:88015849-88038831",0.222797574183,52.0455133291,0.00447210217122
"2095","14",88014924,88015849,"circular_RNA/3",0,"+",88014924,88014924,"0,0,0",1,"925","0",3,"circRNA","ENSMMUG00000001730","ENSMMUT00000043780","5","14:88010690-88014924|14:88015849-88038831",0.668392722548,52.0455133291,0.0130321012927
"2096","14",88038831,88048841,"circular_RNA/8",0,"+",88038831,88038831,"0,0,0",3,"292,145,90","0,8540,9920",8,"circRNA","ENSMMUG00000001730","ENSMMUT00000043780","6,7,8","14:88015849-88038831|14:88048841-88067764",1.78238059346,52.0455133291,0.0344320990964
"2097","14",88047371,88077691,"circular_RNA/1",0,"+",88047371,88047371,"0,0,0",5,"145,90,146,150,191","0,1380,20393,24518,30129",1,"circRNA","ENSMMUG00000001730","ENSMMUT00000043780","7,8,9,10,11","14:88039123-88047371|14:88077691-88082700",0.222797574183,52.0455133291,0.00447210217122
"2098","14",89056472,89070853,"circular_RNA/1",0,"+",89056472,89056472,"0,0,0",8,"117,78,108,78,239,145,242,141","0,1049,4081,4708,9369,10790,12618,14240",1,"circRNA","ENSMMUG00000014796","ENSMMUT00000071091","5,6,7,8,9,10,11,12","14:89052654-89056472|None",0.222797574183,11.1175989517,0.0209207372762
"2099","14",89330438,89332049,"circular_RNA/20",0,"-",89330438,89330438,"0,0,0",1,"1611","0",20,"circRNA","ENSMMUG00000014806","ENSMMUT00000020770","3","14:89228578-89330438|14:89332049-89580141",4.45595148365,15.3730326186,0.29031671416
"2100","14",101427160,101427990,"circular_RNA/2",0,"-",101427160,101427160,"0,0,0",2,"129,97","0,733",2,"circRNA","ENSMMUG00000004157","ENSMMUT00000063415","12,11","14:101424785-101427160|14:101427990-101432221",0.445595148365,14.1541988304,0.0321652607267
"2101","14",101474696,101483106,"circular_RNA/23",0,"+",101474696,101474696,"0,0,0",4,"98,113,146,165","0,177,1556,8245",23,"circRNA","ENSMMUG00000004153","ENSMMUT00000005904","1,2,3,4","None|14:101483106-101491465",5.1243442062,10.3229542705,0.496890247628
"2102","14",101474696,101555090,"circular_RNA/2",0,"+",101474696,101474696,"0,0,0",38,"98,113,146,165,166,239,164,170,372,195,96,226,126,126,90,172,200,83,156,76,131,118,174,170,247,116,127,200,175,165,133,96,172,142,177,178,88,156","0,177,1556,8245,16769,17600,19777,21748,23316,24434,25414,26519,28926,31065,32595,34790,36050,38687,38867,40131,40321,47353,50472,52551,54063,57324,58715,59337,62313,63026,64723,67064,69543,71479,72681,74509,77690,80238",2,"circRNA","ENSMMUG00000004153","ENSMMUT00000005904","1,2,3,4,5,6,7,8,9,10,11,12,13,14,15,16,17,18,19,20,21,22,23,24,25,26,27,28,29,30,31,32,33,34,35,36,37,38","None|14:101555090-101557202",0.445595148365,10.3229542705,0.044091470497
"2103","14",101496444,101510946,"circular_RNA/3",0,"+",101496444,101496444,"0,0,0",10,"170,372,195,96,226,126,126,90,172,200","0,1568,2686,3666,4771,7178,9317,10847,13042,14302",3,"circRNA","ENSMMUG00000004153","ENSMMUT00000005904","8,9,10,11,12,13,14,15,16,17","14:101494637-101496444|14:101510946-101513383",0.668392722548,10.3229542705,0.0656533170271
"2104","14",101513383,101575576,"circular_RNA/3",1,"+",101513383,101513383,"0,0,0",34,"83,156,76,131,118,174,170,247,116,127,200,175,165,133,96,172,142,177,178,88,156,88,89,103,149,105,120,235,168,114,218,208,114,159","0,180,1444,1634,8666,11785,13864,15376,18637,20028,20650,23626,24339,26036,28377,30856,32792,33994,35822,39003,41551,43819,46911,47099,48436,50961,52320,55501,56241,57809,59165,60353,61606,62034",3,"circRNA","ENSMMUG00000004153","ENSMMUT00000005904","18,19,20,21,22,23,24,25,26,27,28,29,30,31,32,33,34,35,36,37,38,39,40,41,42,43,44,45,46,47,48,49,50,51","14:101510946-101513383|14:101575576-101576270",0.668392722548,10.3229542705,0.0656533170271
"2105","14",101546175,101569792,"circular_RNA/2",0,"+",101546175,101546175,"0,0,0",13,"142,177,178,88,156,88,89,103,149,105,120,235,168","0,1202,3030,6211,8759,11027,14119,14307,15644,18169,19528,22709,23449",2,"circRNA","ENSMMUG00000004153","ENSMMUT00000005904","34,35,36,37,38,39,40,41,42,43,44,45,46","14:101544411-101546175|14:101569792-101571192",0.445595148365,10.3229542705,0.044091470497
"2106","14",101564344,101569792,"circular_RNA/2",1,"+",101564344,101564344,"0,0,0",4,"105,120,235,168","0,1359,4540,5280",2,"circRNA","ENSMMUG00000004153","ENSMMUT00000005904","43,44,45,46","14:101561968-101564344|14:101569792-101571192",0.445595148365,10.3229542705,0.044091470497
"2107","14",101571192,101586726,"circular_RNA/7",1,"+",101571192,101571192,"0,0,0",10,"114,218,208,114,159,139,83,141,117,150","0,1356,2544,3797,4225,5078,6195,7278,8147,15384",7,"circRNA","ENSMMUG00000004153","ENSMMUT00000005904","47,48,49,50,51,52,53,54,55,56","14:101569792-101571192|14:101586726-101589125",1.55958301928,10.3229542705,0.151900703148
"2108","14",101958123,101958589,"circular_RNA/7",0,"+",101958123,101958123,"0,0,0",1,"466","0",7,"circRNA","ENSMMUG00000014415","ENSMMUT00000088579","13","14:101955002-101958123|14:101958589-102071655",1.55958301928,17.3921356346,0.0901948503469
"2109","14",106906015,106908375,"circular_RNA/5",0,"-",106906015,106906015,"0,0,0",4,"153,160,78,102","0,1653,1957,2258",5,"circRNA","ENSMMUG00000023772","ENSMMUT00000033457","6,5,4,3","14:106905297-106906015|14:106908375-106916350",1.11398787091,20.144613999,0.0557682658157
"2110","14",106996210,106998004,"circular_RNA/4",0,"-",106996210,106996210,"0,0,0",2,"133,78","0,1716",4,"circRNA","ENSMMUG00000023773","ENSMMUT00000088257","3,2","14:106985366-106996210|14:106998004-107019888",0.891190296731,6.76494452518,0.133018107142
"2111","14",109921129,109928019,"circular_RNA/1",0,"-",109921129,109921129,"0,0,0",5,"110,86,126,151,144","0,569,930,2391,6746",1,"circRNA","ENSMMUG00000016128","ENSMMUT00000071141","19,18,17,16,15","14:109919436-109921129|14:109928019-109930255",0.222797574183,11.7247223414,0.0198383538536
"2112","14",110211403,110221487,"circular_RNA/5",0,"+",110211403,110211403,"0,0,0",3,"88,90,117","0,8743,9967",5,"circRNA","ENSMMUG00000002050","ENSMMUT00000002903","2,3,4","14:110203392-110211403|14:110221487-110224643",1.11398787091,25.4731893149,0.044107032955
"2113","14",111431585,111433430,"circular_RNA/5",0,"+",111431585,111431585,"0,0,0",2,"334,121","0,1724",5,"circRNA","ENSMMUG00000045160","ENSMMUT00000095785","9,10","14:111430335-111431585|14:111433430-111436237",1.11398787091,97.2263858447,0.0115593341026
"2114","14",111530866,111536223,"circular_RNA/8",0,"+",111530866,111530866,"0,0,0",2,"70,2651","0,2706",8,"circRNA","ENSMMUG00000005482","ENSMMUT00000007721","2,3","14:111497324-111530866|14:111536223-111538731",1.78238059346,14.8680247838,0.120471676819
"2115","14",111538731,111544873,"circular_RNA/29",0,"+",111538731,111538731,"0,0,0",5,"178,235,65,378,74","0,1348,3823,5371,6068",29,"circRNA","ENSMMUG00000005482","ENSMMUT00000007721","4,5,6,7,8","14:111536223-111538731|14:111544873-111546263",6.4611296513,14.8680247838,0.434945481362
"2116","14",111540079,111544873,"circular_RNA/4",0,"+",111540079,111540079,"0,0,0",4,"235,65,378,74","0,2475,4023,4720",4,"circRNA","ENSMMUG00000005482","ENSMMUT00000007721","5,6,7,8","14:111538909-111540079|14:111544873-111546263",0.891190296731,14.8680247838,0.0605719045254
"2117","14",111556003,111564091,"circular_RNA/3",0,"+",111556003,111556003,"0,0,0",10,"111,74,194,107,138,159,118,79,161,186","0,406,1391,1950,3568,3973,4911,5443,7219,7902",3,"circRNA","ENSMMUG00000005482","ENSMMUT00000007721","17,18,19,20,21,22,23,24,25,26","14:111554962-111556003|14:111564091-111564644",0.668392722548,14.8680247838,0.0455969614519
"2118","14",111658453,111659919,"circular_RNA/7",0,"+",111658453,111658453,"0,0,0",3,"180,206,165","0,630,1301",7,"circRNA","ENSMMUG00000002543","ENSMMUT00000078795","3,4,5","14:111656524-111658453|14:111659919-111665273",1.55958301928,96.4395213962,0.0162736216475
"2119","14",111823184,111829371,"circular_RNA/9",0,"-",111823184,111823184,"0,0,0",4,"117,129,123,95","0,1655,2802,6092",9,"circRNA","ENSMMUG00000018651","ENSMMUT00000088150","9,8,7,6","14:111822028-111823184|14:111829371-111830931",2.00517816764,41.6383910861,0.0483854985772
"2120","14",111851459,111851926,"circular_RNA/6",0,"-",111851459,111851459,"0,0,0",1,"467","0",6,"circRNA","ENSMMUG00000018651","ENSMMUT00000083904","2","14:111846316-111851459|14:111851926-111857160",1.3367854451,41.6383910861,0.0323370341562
"2121","14",112304486,112357580,"circular_RNA/2",0,"+",112304486,112304486,"0,0,0",10,"248,147,157,122,138,88,132,204,132,378","0,39189,41337,42297,43448,45479,45913,46257,52496,52716",2,"circRNA","ENSMMUG00000004761","ENSMMUT00000078411","2,3,4,5,6,7,8,9,10,11","14:112276666-112304486|14:112357580-112359890",0.445595148365,27.9239626309,0.0163097214092
"2122","14",112741498,112745142,"circular_RNA/13",0,"-",112741498,112741498,"0,0,0",4,"152,118,303,360","0,1971,2424,3284",13,"circRNA","ENSMMUG00000008274","ENSMMUT00000011564","5,4,3,2","14:112702799-112741498|14:112745142-112794825",2.89636846437,1.18825372897,2.42550337554
"2123","14",113516286,113540822,"circular_RNA/3",0,"+",113516286,113516286,"0,0,0",15,"106,138,33,115,106,213,133,36,155,147,86,126,115,101,78","0,545,1474,1831,2722,5436,8396,8991,9357,10451,11940,16510,18480,20671,24458",3,"circRNA","ENSMMUG00000012254","ENSMMUT00000017178","16,17,18,19,20,21,22,23,24,25,26,27,28,29,30","14:113515665-113516286|14:113540822-113542263",0.668392722548,19.4751291315,0.0348159213095
"2124","14",113516286,113542339,"circular_RNA/3",0,"+",113516286,113516286,"0,0,0",16,"106,138,33,115,106,213,133,36,155,147,86,126,115,101,78,76","0,545,1474,1831,2722,5436,8396,8991,9357,10451,11940,16510,18480,20671,24458,25977",3,"circRNA","ENSMMUG00000012254","ENSMMUT00000017178","16,17,18,19,20,21,22,23,24,25,26,27,28,29,30,31","14:113515665-113516286|14:113542339-113543049",0.668392722548,19.4751291315,0.0348159213095
"2125","14",113516286,113549299,"circular_RNA/6",0,"+",113516286,113516286,"0,0,0",23,"106,138,33,115,106,213,133,36,155,147,86,126,115,101,78,76,168,88,87,80,234,471,317","0,545,1474,1831,2722,5436,8396,8991,9357,10451,11940,16510,18480,20671,24458,25977,26763,28071,28643,28871,29579,31392,32696",6,"circRNA","ENSMMUG00000012254","ENSMMUT00000017178","16,17,18,19,20,21,22,23,24,25,26,27,28,29,30,31,32,33,34,35,36,37,38","14:113515665-113516286|14:113549299-113550454",1.3367854451,19.4751291315,0.0691186307266
"2126","14",113542263,113545237,"circular_RNA/3",0,"+",113542263,113542263,"0,0,0",5,"76,168,88,87,80","0,786,2094,2666,2894",3,"circRNA","ENSMMUG00000012254","ENSMMUT00000017178","31,32,33,34,35","14:113540822-113542263|14:113545237-113545865",0.668392722548,19.4751291315,0.0348159213095
"2127","14",114106447,114121113,"circular_RNA/37",1,"+",114106447,114106447,"0,0,0",6,"150,140,182,257,127,117","0,1845,7858,9347,12918,14549",37,"circRNA","ENSMMUG00000039397","ENSMMUT00000096105","2,3,4,5,6,7","14:114084990-114106447|14:114121113-114146303",8.24351024476,3.78755876111,2.17337262277
"2128","14",114106447,114114487,"circular_RNA/19",0,"+",114106447,114106447,"0,0,0",3,"150,140,182","0,1845,7858",19,"circRNA","ENSMMUG00000039397","ENSMMUT00000096105","2,3,4","14:114084990-114106447|14:114114487-114115794",4.23315390947,3.78755876111,1.11733726228
"2129","14",116578231,116580195,"circular_RNA/3",0,"+",116578231,116578231,"0,0,0",3,"85,104,96","0,653,1868",3,"circRNA","ENSMMUG00000015522","ENSMMUT00000071263","5,6,7","14:116568149-116578231|14:116580195-116584591",0.668392722548,4.96343484707,0.136403259198
"2130","14",118353353,118367929,"circular_RNA/6",0,"+",118353353,118353353,"0,0,0",9,"123,61,122,146,91,107,165,181,156","0,1192,6414,6923,8267,10020,10687,12476,14420",6,"circRNA","ENSMMUG00000054773","ENSMMUT00000013980","2,3,4,5,6,7,8,9,10","14:118350358-118353353|14:118367929-118369728",1.3367854451,11.1151234231,0.121058022808
"2131","14",121491935,121496772,"circular_RNA/2",0,"+",121491935,121491935,"0,0,0",2,"155,204","0,4633",2,"circRNA","ENSMMUG00000003141","ENSMMUT00000075584","3,4","14:121482236-121491935|14:121496772-121505742",0.445595148365,4.42810178688,0.102655407704
"2132","14",121774170,121799624,"circular_RNA/5",1,"-",121774170,121774170,"0,0,0",5,"82,78,123,93,138","0,20746,22369,23301,25316",5,"circRNA","ENSMMUG00000002963","ENSMMUT00000004197","11,10,9,8,7","14:121727812-121774170|14:121799624-121825537",1.11398787091,8.92362915542,0.125815371486
"2133","14",121774170,121854451,"circular_RNA/4",0,"-",121774170,121774170,"0,0,0",9,"82,78,123,93,138,87,85,42,92","0,20746,22369,23301,25316,51367,78536,79279,80189",4,"circRNA","ENSMMUG00000002963","ENSMMUT00000004197","11,10,9,8,7,6,5,4,3","14:121727812-121774170|14:121854451-121891252",0.891190296731,8.92362915542,0.100876170373
"2134","14",121794916,121799624,"circular_RNA/15",0,"-",121794916,121794916,"0,0,0",4,"78,123,93,138","0,1623,2555,4570",15,"circRNA","ENSMMUG00000002963","ENSMMUT00000004197","10,9,8,7","14:121774252-121794916|14:121799624-121825537",3.34196361274,8.92362915542,0.375207382624
"2135","14",121852706,121854451,"circular_RNA/1",0,"-",121852706,121852706,"0,0,0",3,"85,42,92","0,743,1653",1,"circRNA","ENSMMUG00000002963","ENSMMUT00000004197","5,4,3","14:121825624-121852706|14:121854451-121891252",0.222797574183,8.92362915542,0.0260585670317
"2136","14",122155045,122161242,"circular_RNA/11",0,"+",122155045,122155045,"0,0,0",2,"301,85","0,6112",11,"circRNA","ENSMMUG00000052765","ENSMMUT00000087878","2,3","14:122095881-122155045|14:122161242-122169415",2.45077331601,27.1813040503,0.0904985399545
"2137","14",122615589,122617844,"circular_RNA/2",0,"-",122615589,122615589,"0,0,0",2,"204,242","0,2013",2,"circRNA","ENSMMUG00000017555","ENSMMUT00000043584","7,6","14:122610515-122615589|14:122617844-122619067",0.445595148365,7.55283776479,0.0602412959969
"2138","14",122769387,122770639,"circular_RNA/16",0,"+",122769387,122769387,"0,0,0",2,"174,124","0,1128",16,"circRNA","ENSMMUG00000018029","ENSMMUT00000025328","2,3","14:122733583-122769387|14:122770639-122780733",3.56476118692,143.606961409,0.0248909401219
"2139","14",122855217,122855805,"circular_RNA/69",0,"+",122855217,122855217,"0,0,0",2,"140,98","0,490",69,"circRNA","ENSMMUG00000018034","ENSMMUT00000025330","8,9","14:122851544-122855217|14:122855805-122857369",15.3730326186,32.7636210479,0.469372383238
"2140","14",126782563,126803592,"circular_RNA/4",0,"-",126782563,126782563,"0,0,0",11,"116,98,192,221,135,74,90,57,253,126,73","0,236,668,8215,9519,10167,18589,19248,19716,20108,20956",4,"circRNA","ENSMMUG00000007102","ENSMMUT00000060643","19,18,17,16,15,14,13,12,11,10,9","14:126779023-126782563|14:126803592-126805203",0.891190296731,16.6652585489,0.0540435576509
"2141","17",365686,367204,"circular_RNA/7",0,"+",365686,365686,"0,0,0",3,"177,143,146","0,734,1372",7,"circRNA","ENSMMUG00000013371","ENSMMUT00000043507","10,11,12","17:352557-365686|17:367204-368008",1.55958301928,20.7084482109,0.0757577499677
"2142","17",365686,368186,"circular_RNA/10",0,"+",365686,365686,"0,0,0",4,"177,143,146,178","0,734,1372,2322",10,"circRNA","ENSMMUG00000013371","ENSMMUT00000043507","10,11,12,13","17:352557-365686|17:368186-374475",2.22797574183,20.7084482109,0.108018502112
"2143","17",419294,428012,"circular_RNA/3",0,"+",419294,419294,"0,0,0",3,"163,83,281","0,2324,8437",3,"circRNA","ENSMMUG00000013370","ENSMMUT00000087113","2,3,4","17:401135-419294|17:428012-449719",0.668392722548,12.4321046394,0.0545239525152
"2144","17",523395,547646,"circular_RNA/8",0,"-",523395,523395,"0,0,0",7,"151,109,187,87,100,87,71","0,2211,4911,11102,16586,20192,24180",8,"circRNA","ENSMMUG00000013367","ENSMMUT00000018758","18,17,16,15,14,13,12","17:522160-523395|17:547646-550956",1.78238059346,16.6355522056,0.107679250969
"2145","17",539981,547646,"circular_RNA/3",0,"-",539981,539981,"0,0,0",3,"100,87,71","0,3606,7594",3,"circRNA","ENSMMUG00000013367","ENSMMUT00000018758","14,13,12","17:534584-539981|17:547646-550956",0.668392722548,16.6355522056,0.0407551947913
"2146","17",539981,581486,"circular_RNA/4",0,"-",539981,539981,"0,0,0",13,"100,87,71,229,115,103,105,91,70,64,54,63,96","0,3606,7594,10975,13700,14532,15864,17040,21409,22125,22783,30840,41409",4,"circRNA","ENSMMUG00000013367","ENSMMUT00000018758","14,13,12,11,10,9,8,7,6,5,4,3,2","17:534584-539981|17:581486-589407",0.891190296731,16.6355522056,0.0541400060268
"2147","17",964423,966168,"circular_RNA/8",0,"-",964423,964423,"0,0,0",3,"121,252,115","0,744,1630",8,"circRNA","ENSMMUG00000030812","ENSMMUT00000088357","24,23,22","17:962345-964423|17:966168-980844",1.78238059346,32.6175648603,0.0549345500081
"2148","17",964423,981383,"circular_RNA/6",0,"-",964423,964423,"0,0,0",5,"121,252,115,152,169","0,744,1630,16421,16791",6,"circRNA","ENSMMUG00000030812","ENSMMUT00000088357","24,23,22,21,20","17:962345-964423|17:981383-983519",1.3367854451,32.6175648603,0.0412775348349
"2149","17",1042310,1076887,"circular_RNA/1",0,"-",1042310,1042310,"0,0,0",6,"213,166,286,94,502,47","0,1346,3411,12609,12964,34530",1,"circRNA","ENSMMUG00000030812","ENSMMUT00000043503","7,6,5,4,3,2","17:1028818-1042310|17:1076887-1087419",0.222797574183,32.6175648603,0.00713499690154
"2150","17",4123328,4126225,"circular_RNA/4",0,"+",4123328,4123328,"0,0,0",3,"137,180,186","0,2090,2711",4,"circRNA","ENSMMUG00000022610","ENSMMUT00000031819","5,6,7","17:4087437-4123328|17:4126225-4128293",0.891190296731,13.2935885929,0.0677403912815
"2151","17",4786877,4795990,"circular_RNA/5",0,"+",4786877,4786877,"0,0,0",6,"150,138,111,25,66,175","0,1085,2818,7386,8559,8938",5,"circRNA","ENSMMUG00000018420","ENSMMUT00000025890","3,4,5,6,7,8","17:4783341-4786877|17:4795990-4799838",1.11398787091,21.6856305538,0.0518071078009
"2152","17",7377132,7381108,"circular_RNA/9",0,"+",7377132,7377132,"0,0,0",3,"122,67,71","0,2526,3905",9,"circRNA","ENSMMUG00000022522","ENSMMUT00000069693","2,3,4","17:7343554-7377132|17:7381108-7425225",2.00517816764,3.78755876111,0.530650950889
"2153","17",7377132,7401483,"circular_RNA/5",0,"+",7377132,7377132,"0,0,0",4,"122,67,71,162","0,2526,3905,24189",5,"circRNA","ENSMMUG00000022522","ENSMMUT00000043450","2,3,4,5","17:7343554-7377132|17:7401483-7425225",1.11398787091,3.78755876111,0.295976426335
"2154","17",7401321,7425373,"circular_RNA/6",0,"+",7401321,7401321,"0,0,0",2,"162,148","0,23904",6,"circRNA","ENSMMUG00000022522","ENSMMUT00000043450","5,6","17:7381108-7401321|17:7425373-7462422",1.3367854451,3.78755876111,0.354645057475
"2155","17",7401321,7468431,"circular_RNA/12",0,"+",7401321,7401321,"0,0,0",5,"162,148,248,105,58","0,23904,61101,66109,67052",12,"circRNA","ENSMMUG00000022522","ENSMMUT00000043450","5,6,7,8,9","17:7381108-7401321|17:7468431-7473381",2.67357089019,3.78755876111,0.706656844305
"2156","17",7425225,7468431,"circular_RNA/8",0,"+",7425225,7425225,"0,0,0",4,"148,248,105,58","0,37197,42205,43148",8,"circRNA","ENSMMUG00000022522","ENSMMUT00000069693","5,6,7,8","17:7381108-7425225|17:7468431-7473381",1.78238059346,3.78755876111,0.471982319751
"2157","17",7462422,7468431,"circular_RNA/58",0,"+",7462422,7462422,"0,0,0",3,"248,105,58","0,5008,5951",58,"circRNA","ENSMMUG00000022522","ENSMMUT00000069693","6,7,8","17:7425373-7462422|17:7468431-7473381",12.9222593026,3.78755876111,3.40541387668
"2158","17",7462422,7479058,"circular_RNA/4",0,"+",7462422,7462422,"0,0,0",8,"248,105,58,162,117,102,166,91","0,5008,5951,10959,11338,11543,15274,16545",4,"circRNA","ENSMMUG00000022522","ENSMMUT00000069693","6,7,8,9,10,11,12,13","17:7425373-7462422|17:7479058-7484196",0.891190296731,3.78755876111,0.237307795197
"2159","17",7462422,7488370,"circular_RNA/11",0,"+",7462422,7462422,"0,0,0",11,"248,105,58,162,117,102,166,91,140,130,65","0,5008,5951,10959,11338,11543,15274,16545,21774,24983,25883",11,"circRNA","ENSMMUG00000022522","ENSMMUT00000069693","6,7,8,9,10,11,12,13,14,15,16","17:7425373-7462422|17:7488370-7495118",2.45077331601,3.78755876111,0.647988213167
"2160","17",9317528,9351314,"circular_RNA/5",0,"-",9317528,9317528,"0,0,0",5,"106,128,169,161,176","0,497,14133,30444,33610",5,"circRNA","ENSMMUG00000004922","ENSMMUT00000006945","6,5,4,3,2","17:9308201-9317528|17:9351314-9374715",1.11398787091,1.06942835608,1.04128065988
"2161","17",9695256,9695896,"circular_RNA/2",0,"+",9695256,9695256,"0,0,0",1,"640","0",2,"circRNA","ENSMMUG00000007597","ENSMMUT00000010632","4","17:9688382-9695256|17:9695896-9702040",0.445595148365,10.3322375027,0.0440518938234
"2162","17",10306003,10329094,"circular_RNA/9",0,"+",10306003,10306003,"0,0,0",6,"137,64,120,70,114,100","0,8618,11807,14027,20908,22991",9,"circRNA","ENSMMUG00000013713","ENSMMUT00000019254","7,8,9,10,11,12","17:10293381-10306003|17:10329094-10350627",2.00517816764,14.1105130316,0.142712815259
"2163","17",11532343,11533602,"circular_RNA/16",0,"-",11532343,11532343,"0,0,0",1,"1259","0",16,"circRNA","ENSMMUG00000007200","ENSMMUT00000091309","2","17:11524136-11532343|17:11533602-11535174",3.56476118692,16.5612863476,0.215720198899
"2164","17",11638284,11668131,"circular_RNA/2",0,"+",11638284,11638284,"0,0,0",9,"127,204,87,98,127,81,141,116,95","0,3054,9441,9636,10365,18617,24097,26754,29752",2,"circRNA","ENSMMUG00000007201","ENSMMUT00000109436","2,3,4,5,6,7,8,9,10","17:11578303-11638284|17:11668131-11673455",0.445595148365,14.5653914122,0.0312578328417
"2165","17",11720841,11724073,"circular_RNA/9",0,"+",11720841,11720841,"0,0,0",2,"124,159","0,3073",9,"circRNA","ENSMMUG00000007201","ENSMMUT00000109436","20,21","17:11696853-11720841|17:11724073-11729816",2.00517816764,14.5653914122,0.138258940062
"2166","17",14109929,14147849,"circular_RNA/1",0,"+",14109929,14109929,"0,0,0",4,"439,155,127,128","0,13090,15451,37792",1,"circRNA","ENSMMUG00000019831","ENSMMUT00000043419","31,32,33,34","17:14098011-14109929|17:14147849-14201624",0.222797574183,4.33087214376,0.0536292170037
"2167","17",14744873,14756449,"circular_RNA/4",0,"-",14744873,14744873,"0,0,0",4,"120,58,109,85","0,616,8405,11491",4,"circRNA","ENSMMUG00000016791","ENSMMUT00000073490","6,5,4,3","17:14740196-14744873|17:14756449-14771918",0.891190296731,7.61225045124,0.118231525256
"2168","17",15696165,15711568,"circular_RNA/2",0,"-",15696165,15696165,"0,0,0",3,"257,222,111","0,13565,15292",2,"circRNA","ENSMMUG00000009914","ENSMMUT00000058764","6,5,4","17:15691574-15696165|17:15711568-15716906",0.445595148365,9.8773591221,0.0460785476424
"2169","17",15709730,15724136,"circular_RNA/5",0,"-",15709730,15709730,"0,0,0",3,"222,258,598","0,7176,13808",5,"circRNA","ENSMMUG00000009914","ENSMMUT00000043404","4,3,2","17:15696422-15709730|17:15724136-15761823",1.11398787091,9.8773591221,0.113679280486
"2170","17",15854765,15856915,"circular_RNA/4",0,"-",15854765,15854765,"0,0,0",2,"120,56","0,2094",4,"circRNA","ENSMMUG00000003590","ENSMMUT00000064472","24,23","17:15849671-15854765|17:15856915-15859268",0.891190296731,22.3540232763,0.0402964299222
"2171","17",15859268,15862264,"circular_RNA/4",0,"-",15859268,15859268,"0,0,0",4,"155,70,159,103","0,560,2588,2893",4,"circRNA","ENSMMUG00000003590","ENSMMUT00000064472","22,21,20,19","17:15856915-15859268|17:15862264-15863139",0.891190296731,22.3540232763,0.0402964299222
"2172","17",18369045,18382702,"circular_RNA/5",0,"+",18369045,18369045,"0,0,0",2,"59,112","0,13545",5,"circRNA","ENSMMUG00000004486","ENSMMUT00000072091","4,5","17:18364492-18369045|17:18382702-18383919",1.11398787091,24.1014552307,0.0466163431512
"2173","17",18391841,18399364,"circular_RNA/3",0,"+",18391841,18391841,"0,0,0",4,"129,92,65,92","0,205,2546,7431",3,"circRNA","ENSMMUG00000004486","ENSMMUT00000072091","9,10,11,12","17:18386669-18391841|17:18399364-18404370",0.668392722548,24.1014552307,0.0281357021406
"2174","17",19888965,19908886,"circular_RNA/1",0,"-",19888965,19888965,"0,0,0",5,"173,108,82,92,423","0,12785,13089,14678,19498",1,"circRNA","ENSMMUG00000017978","ENSMMUT00000025258","6,5,4,3,2","17:19882940-19888965|17:19908886-19910928",0.222797574183,9.92686969414,0.0234276569331
"2175","17",19959052,19980188,"circular_RNA/10",0,"+",19959052,19959052,"0,0,0",8,"85,105,158,135,154,120,96,107","0,1923,3772,6143,8474,12397,15332,21029",10,"circRNA","ENSMMUG00000011590","ENSMMUT00000043372","2,3,4,5,6,7,8,9","17:19953486-19959052|17:19980188-19997652",2.22797574183,6.51682904484,0.342888671736
"2176","17",20362643,20371857,"circular_RNA/1",0,"-",20362643,20362643,"0,0,0",3,"72,107,107","0,5392,9107",1,"circRNA","ENSMMUG00000011594","ENSMMUT00000016250","20,19,18","17:20340217-20362643|17:20371857-20396995",0.222797574183,15.9883782997,0.0145513232543
"2177","17",20396995,20405155,"circular_RNA/7",0,"-",20396995,20396995,"0,0,0",3,"116,78,169","0,5461,7991",7,"circRNA","ENSMMUG00000011594","ENSMMUT00000016250","17,16,15","17:20371857-20396995|17:20405155-20416134",1.55958301928,15.9883782997,0.0981088826553
"2178","17",20396995,20419201,"circular_RNA/3",0,"-",20396995,20396995,"0,0,0",5,"116,78,169,114,161","0,5461,7991,19139,22045",3,"circRNA","ENSMMUG00000011594","ENSMMUT00000016250","17,16,15,14,13","17:20371857-20396995|17:20419201-20451669",0.668392722548,15.9883782997,0.0424038430546
"2179","17",20746214,20747071,"circular_RNA/3",0,"+",20746214,20746214,"0,0,0",2,"107,126","0,731",3,"circRNA","ENSMMUG00000023076","ENSMMUT00000043368","7,8","17:20739801-20746214|17:20747071-20750889",0.668392722548,11.3703589583,0.0596108369722
"2180","17",20795631,20800696,"circular_RNA/3",1,"+",20795631,20795631,"0,0,0",3,"164,106,93","0,3912,4972",3,"circRNA","ENSMMUG00000023076","ENSMMUT00000043368","24,25,26","17:20794468-20795631|17:20800696-20804240",0.668392722548,11.3703589583,0.0596108369722
"2181","17",23524388,23527708,"circular_RNA/2",0,"-",23524388,23524388,"0,0,0",4,"77,63,99,83","0,1025,1869,3237",2,"circRNA","ENSMMUG00000016609","ENSMMUT00000108647","5,4,3,2","17:23509824-23524388|17:23527708-23534332",0.445595148365,9.95162498016,0.0457350230783
"2182","17",23551974,23575906,"circular_RNA/3",0,"+",23551974,23551974,"0,0,0",7,"133,111,85,132,165,99,219","0,1893,4822,11043,11501,16214,23713",3,"circRNA","ENSMMUG00000016612","ENSMMUT00000023339","2,3,4,5,6,7,8","17:23535051-23551974|17:23575906-23585010",0.668392722548,10.2208387156,0.0663086127546
"2183","17",23553867,23563640,"circular_RNA/1",0,"+",23553867,23553867,"0,0,0",4,"111,85,132,165","0,2929,9150,9608",1,"circRNA","ENSMMUG00000016612","ENSMMUT00000023339","3,4,5,6","17:23552107-23553867|17:23563640-23568188",0.222797574183,10.2208387156,0.0227544955653
"2184","17",23886420,23886611,"circular_RNA/4",0,"-",23886420,23886420,"0,0,0",1,"191","0",4,"circRNA","ENSMMUG00000022979","ENSMMUT00000000231","3","17:23886034-23886420|17:23886611-23887136",0.891190296731,3768.88832439,0.000239112392844
"2185","17",24463722,24470177,"circular_RNA/10",0,"-",24463722,24463722,"0,0,0",4,"201,153,525,1224","0,1441,3992,5231",10,"circRNA","ENSMMUG00000017025","ENSMMUT00000023934","18,17,16,15","17:24459576-24463722|17:24470177-24470572",2.22797574183,45.0608093784,0.0496546605818
"2186","17",24463722,24488230,"circular_RNA/3",0,"-",24463722,24463722,"0,0,0",10,"201,153,525,1224,104,556,84,192,465,311","0,1441,3992,5231,6850,11603,12503,16155,20479,24197",3,"circRNA","ENSMMUG00000017025","ENSMMUT00000023934","18,17,16,15,14,13,12,11,10,9","17:24459576-24463722|17:24488230-24502286",0.668392722548,45.0608093784,0.0150517093415
"2187","17",24475325,24488230,"circular_RNA/2",0,"-",24475325,24475325,"0,0,0",5,"556,84,192,465,311","0,900,4552,8876,12594",2,"circRNA","ENSMMUG00000017025","ENSMMUT00000023934","13,12,11,10,9","17:24470676-24475325|17:24488230-24502286",0.445595148365,45.0608093784,0.0101084305928
"2188","17",24502286,24545471,"circular_RNA/2",0,"-",24502286,24502286,"0,0,0",7,"198,158,140,109,112,110,126","0,7149,8210,17523,39834,42628,43059",2,"circRNA","ENSMMUG00000017025","ENSMMUT00000023934","8,7,6,5,4,3,2","17:24488230-24502286|17:24545471-24552151",0.445595148365,45.0608093784,0.0101084305928
"2189","17",24519809,24545471,"circular_RNA/5",0,"-",24519809,24519809,"0,0,0",4,"109,112,110,126","0,22311,25105,25536",5,"circRNA","ENSMMUG00000017025","ENSMMUT00000023934","5,4,3,2","17:24510636-24519809|17:24545471-24552151",1.11398787091,45.0608093784,0.0249382668386
"2190","17",24876265,24881197,"circular_RNA/1",0,"-",24876265,24876265,"0,0,0",3,"211,83,660","0,694,4272",1,"circRNA","ENSMMUG00000009862","ENSMMUT00000060776","4,3,2","17:24870921-24876265|17:24881197-24883624",0.222797574183,12.7680148282,0.0182186026009
"2191","17",26395140,26401117,"circular_RNA/2",0,"-",26395140,26395140,"0,0,0",4,"89,121,143,162","0,544,5559,5815",2,"circRNA","ENSMMUG00000007539","ENSMMUT00000012166","10,9,8,7","17:26389193-26395140|17:26401117-26414420",0.445595148365,11.0183527596,0.0413112600128
"2192","17",27910514,27910872,"circular_RNA/16",0,"+",27910514,27910514,"0,0,0",1,"358","0",16,"circRNA","ENSMMUG00000013473","ENSMMUT00000018912","2","17:27905555-27910514|17:27910872-27918734",3.56476118692,16.8371309632,0.212188128336
"2193","17",27910514,27926450,"circular_RNA/5",0,"+",27910514,27910514,"0,0,0",5,"358,126,66,36,97","0,8220,9198,12083,15839",5,"circRNA","ENSMMUG00000013473","ENSMMUT00000018912","2,3,4,5,6","17:27905555-27910514|17:27926450-27940241",1.11398787091,16.8371309632,0.0667168714581
"2194","17",27943997,27947360,"circular_RNA/5",0,"+",27943997,27943997,"0,0,0",4,"117,170,226,100","0,736,2533,3263",5,"circRNA","ENSMMUG00000013473","ENSMMUT00000018912","8,9,10,11","17:27940805-27943997|17:27947360-27949529",1.11398787091,16.8371309632,0.0667168714581
"2195","17",30612067,30624227,"circular_RNA/5",0,"-",30612067,30612067,"0,0,0",8,"201,55,87,68,84,98,94,174","0,3702,6458,6637,7913,9822,10007,11986",5,"circRNA","ENSMMUG00000016530","ENSMMUT00000093318","13,12,11,10,9,8,7,6","17:30611368-30612067|17:30624227-30639017",1.11398787091,1.02115554834,1.09002746746
"2196","17",38587485,38604468,"circular_RNA/3",0,"-",38587485,38587485,"0,0,0",3,"102,95,96","0,4424,16887",3,"circRNA","ENSMMUG00000013780","ENSMMUT00000019347","22,21,20","17:38554890-38587485|17:38604468-38650029",0.668392722548,6.01553450293,0.112586314495
"2197","17",39107016,39134941,"circular_RNA/13",0,"+",39107016,39107016,"0,0,0",3,"85,66,161","0,5329,27764",13,"circRNA","ENSMMUG00000007169","ENSMMUT00000090992","2,3,4","17:39065191-39107016|17:39134941-39141391",2.89636846437,9.67578036451,0.300065493434
"2198","17",39107016,39141533,"circular_RNA/16",0,"+",39107016,39107016,"0,0,0",4,"85,66,161,142","0,5329,27764,34375",16,"circRNA","ENSMMUG00000007169","ENSMMUT00000090992","2,3,4,5","17:39065191-39107016|17:39141533-39159489",3.56476118692,9.67578036451,0.369073120842
"2199","17",39107016,39169986,"circular_RNA/5",0,"+",39107016,39107016,"0,0,0",7,"85,66,161,142,72,150,141","0,5329,27764,34375,52473,54500,62829",5,"circRNA","ENSMMUG00000007169","ENSMMUT00000090992","2,3,4,5,6,7,8","17:39065191-39107016|17:39169986-39197733",1.11398787091,9.67578036451,0.11604515368
"2200","17",57113680,57114142,"circular_RNA/14",0,"-",57113680,57113680,"0,0,0",2,"111,92","0,370",14,"circRNA","ENSMMUG00000021197","ENSMMUT00000043195","5,4","17:57109111-57113680|17:57114142-57121659",3.11916603856,54.0811795858,0.0578498391516
"2201","17",58824754,58831472,"circular_RNA/1",0,"-",58824754,58824754,"0,0,0",3,"172,123,349","0,3473,6369",1,"circRNA","ENSMMUG00000021458","ENSMMUT00000030204","4,3,2","17:58817111-58824754|17:58831472-58836473",0.222797574183,6.01553450293,0.0386351740364
"2202","17",58936084,58939002,"circular_RNA/2",0,"-",58936084,58936084,"0,0,0",2,"225,75","0,2843",2,"circRNA","ENSMMUG00000021459","ENSMMUT00000058522","52,51","17:58935235-58936084|17:58939002-58948967",0.445595148365,15.2658641652,0.0298245090057
"2203","17",58998064,59037443,"circular_RNA/4",0,"-",58998064,58998064,"0,0,0",13,"97,84,135,92,128,126,173,154,205,118,82,120,108","0,1318,2752,5519,10501,10716,11699,15864,16654,22556,30620,31608,39271",4,"circRNA","ENSMMUG00000021459","ENSMMUT00000058522","28,27,26,25,24,23,22,21,20,19,18,17,16","17:58995518-58998064|17:59037443-59054216",0.891190296731,15.2658641652,0.0589943905618
"2204","17",59020620,59037443,"circular_RNA/10",0,"-",59020620,59020620,"0,0,0",4,"118,82,120,108","0,8064,9052,16715",10,"circRNA","ENSMMUG00000021459","ENSMMUT00000058522","19,18,17,16","17:59014923-59020620|17:59037443-59054216",2.22797574183,15.2658641652,0.14650403523
"2205","17",59527762,59562744,"circular_RNA/10",0,"+",59527762,59527762,"0,0,0",4,"140,150,342,156","0,25304,27564,34826",10,"circRNA","ENSMMUG00000000049","ENSMMUT00000000069","2,3,4,5","17:59508186-59527762|17:59562744-59570193",2.22797574183,3.0449001805,0.732585554224
"2206","17",60485038,60494241,"circular_RNA/7",0,"-",60485038,60485038,"0,0,0",4,"89,249,92,136","0,3736,6292,9067",7,"circRNA","ENSMMUG00000011697","ENSMMUT00000016387","5,4,3,2","17:60467363-60485038|17:60494241-60507162",1.55958301928,4.90154663202,0.319570012641
"2207","17",76837169,76837325,"circular_RNA/3",1,"-",76837169,76837169,"0,0,0",1,"156","0",3,"circRNA","ENSMMUG00000021807","ENSMMUT00000084409","23","17:76826024-76837169|17:76837325-76846095",0.668392722548,4.24906802191,0.159281964753
"2208","17",77533407,77537356,"circular_RNA/4",0,"+",77533407,77533407,"0,0,0",4,"182,120,106,121","0,649,3638,3828",4,"circRNA","ENSMMUG00000040500","ENSMMUT00000061678","6,7,8,9","17:77531148-77533407|17:77537356-77557816",0.891190296731,12.800733353,0.0703465033499
"2209","17",77608216,77612445,"circular_RNA/4",1,"-",77608216,77608216,"0,0,0",2,"127,117","0,4112",4,"circRNA","ENSMMUG00000005842","ENSMMUT00000008192","38,37","17:77573399-77608216|17:77612445-77629556",0.891190296731,0.701812358675,1.26605036531
"2210","17",79939481,79939675,"circular_RNA/7",0,"+",79939481,79939481,"0,0,0",1,"194","0",7,"circRNA","ENSMMUG00000009890","ENSMMUT00000043113","2","17:79873958-79939481|17:79939675-80068724",1.55958301928,24.9961739958,0.062767819641
"2211","17",80970253,80975127,"circular_RNA/16",0,"+",80970253,80970253,"0,0,0",3,"128,120,110","0,4090,4764",16,"circRNA","ENSMMUG00000012332","ENSMMUT00000017290","2,3,4","17:80929383-80970253|17:80975127-81045956",3.56476118692,15.6329631218,0.22852199798
"2212","17",81999382,82132615,"circular_RNA/4",0,"+",81999382,81999382,"0,0,0",8,"144,75,69,76,111,103,103,99","0,1457,5761,8774,29429,39137,73744,133134",4,"circRNA","ENSMMUG00000004493","ENSMMUT00000089595","14,15,16,17,18,19,20,21","17:81975255-81999382|17:82132615-82156508",0.891190296731,19.8871052086,0.0452925331239
"2213","17",84411204,84412275,"circular_RNA/3",0,"-",84411204,84411204,"0,0,0",2,"172,206","0,865",3,"circRNA","ENSMMUG00000000345","ENSMMUT00000000505","5,4","17:84403440-84411204|17:84412275-84413052",0.668392722548,12.0310690059,0.0563399082104
"2214","17",84451773,84477467,"circular_RNA/4",0,"+",84451773,84451773,"0,0,0",7,"599,127,96,105,95,133,87","0,8941,13554,14258,14580,22789,25607",4,"circRNA","ENSMMUG00000000350","ENSMMUT00000096754","3,4,5,6,7,8,9","17:84449962-84451773|17:84477467-84481529",0.891190296731,22.343413868,0.0403155554696
"2215","17",92593769,92605280,"circular_RNA/2",0,"+",92593769,92593769,"0,0,0",3,"89,95,96","0,11089,11415",2,"circRNA","ENSMMUG00000013138","ENSMMUT00000018434","6,7,8","17:92578171-92593769|17:92605280-92628624",0.445595148365,7.33994230502,0.061986221042
"2216","17",92593769,92628747,"circular_RNA/5",0,"+",92593769,92593769,"0,0,0",4,"89,95,96,123","0,11089,11415,34855",5,"circRNA","ENSMMUG00000013138","ENSMMUT00000018434","6,7,8,9","17:92578171-92593769|17:92628747-92634860",1.11398787091,7.33994230502,0.152924720258
"2217","17",93818398,93840381,"circular_RNA/1",0,"-",93818398,93818398,"0,0,0",10,"167,133,69,126,119,173,218,78,68,108","0,1579,2076,7086,7921,9725,12442,13539,18768,21875",1,"circRNA","ENSMMUG00000013617","ENSMMUT00000076883","11,10,9,8,7,6,5,4,3,2","17:93804938-93818398|17:93840381-93860716",0.222797574183,13.63521154,0.0170607523013
"2218","17",93830840,93832015,"circular_RNA/5",0,"-",93830840,93830840,"0,0,0",2,"218,78","0,1097",5,"circRNA","ENSMMUG00000013617","ENSMMUT00000076883","5,4","17:93828296-93830840|17:93832015-93837166",1.11398787091,13.63521154,0.0823723302211
"2219","17",94058730,94075125,"circular_RNA/3",0,"+",94058730,94058730,"0,0,0",8,"108,129,104,51,65,82,151,198","0,5881,8925,9534,13026,14030,15022,16197",3,"circRNA","ENSMMUG00000013625","ENSMMUT00000019129","5,6,7,8,9,10,11,12","17:94054440-94058730|17:94075125-94079214",0.668392722548,14.378400591,0.0471485846017
"2220","17",94561943,94566842,"circular_RNA/9",0,"+",94561943,94561943,"0,0,0",3,"122,220,159","0,3681,4740",9,"circRNA","ENSMMUG00000009790","ENSMMUT00000061668","2,3,4","17:94551183-94561943|17:94566842-94573975",2.00517816764,258.222388478,0.0078037390256
"2221","17",94617012,94617202,"circular_RNA/1",1,"-",94617012,94617012,"0,0,0",1,"190","0",1,"ciRNA","ENSMMUG00000009791","ENSMMUT00000056906","2","17:94607918-94617202",0.222797574183,14.1476459606,0.0164432402697
"2222","17",95317736,95334205,"circular_RNA/1",0,"+",95317736,95317736,"0,0,0",6,"126,153,64,62,136,91","0,8356,10565,13077,14067,16378",1,"circRNA","ENSMMUG00000007439","ENSMMUT00000042973","12,13,14,15,16,17","17:95313729-95317736|17:95334205-95340528",0.222797574183,26.1787149665,0.00888923242247
"2223","17",95360813,95361117,"circular_RNA/2",0,"+",95360813,95360813,"0,0,0",2,"56,159","0,145",2,"circRNA","ENSMMUG00000007449","ENSMMUT00000010408","6,7","17:95355014-95360813|17:95361117-95367606",0.445595148365,6.23833207712,0.0729146823091
"2224","16",139505,216870,"circular_RNA/2",0,"-",139505,139505,"0,0,0",5,"175,87,130,144,113","0,34951,70532,72458,77252",2,"circRNA","ENSMMUG00000038897","ENSMMUT00000071804","6,5,4,3,2","16:114331-139505|16:216870-258612",0.445595148365,6.31259793518,0.0720582192693
"2225","16",139505,265435,"circular_RNA/4",0,"-",139505,139505,"0,0,0",5,"175,87,130,144,113","0,86934,119107,121020,125817",4,"circRNA","ENSMMUG00000038897","ENSMMUT00000069627","7,6,5,4,3","16:114331-139505|16:265435-267038",0.891190296731,6.31259793518,0.142534810211
"2226","16",497752,506626,"circular_RNA/7",0,"-",497752,497752,"0,0,0",4,"142,143,144,79","0,3629,4545,8795",7,"circRNA","ENSMMUG00000003042","ENSMMUT00000004301","11,10,9,8","16:481114-497752|16:506626-517322",1.55958301928,27.3923754364,0.057279086002
"2227","16",904671,955965,"circular_RNA/11",0,"-",904671,904671,"0,0,0",14,"132,98,75,105,76,123,166,122,141,53,61,108,186,99","0,574,6015,7040,8098,9151,14718,18266,21601,22664,28248,32553,42727,51195",11,"circRNA","ENSMMUG00000008130","ENSMMUT00000011359","16,15,14,13,12,11,10,9,8,7,6,5,4,3","16:867646-904671|16:955965-980582",2.45077331601,62.4111704679,0.0394220950611
"2228","16",1498270,1498624,"circular_RNA/6",0,"-",1498270,1498270,"0,0,0",2,"147,122","0,232",6,"circRNA","ENSMMUG00000002376","ENSMMUT00000042447","12,11","16:1497152-1498270|16:1498624-1500438",1.3367854451,4.69900338276,0.286002225021
"2229","16",2147564,2165511,"circular_RNA/4",0,"-",2147564,2147564,"0,0,0",7,"213,111,79,107,111,193,1759","0,970,9847,10181,14847,15454,16188",4,"circRNA","ENSMMUG00000023161","ENSMMUT00000106584","8,7,6,5,4,3,2","16:2113117-2147564|16:2165511-2168365",0.891190296731,8.39204196088,0.107258485607
"2230","16",2916104,2917171,"circular_RNA/4",1,"+",2916104,2916104,"0,0,0",3,"114,115,127","0,362,940",4,"circRNA","ENSMMUG00000022989","ENSMMUT00000102374","20,21,22","16:2910672-2916104|16:2917171-2921408",0.891190296731,3.09131634178,0.290583158058
"2231","16",3429073,3430541,"circular_RNA/9",0,"+",3429073,3429073,"0,0,0",2,"79,85","0,1383",9,"circRNA","ENSMMUG00000023389","ENSMMUT00000105715","4,5","16:3421083-3429073|16:3430541-3437269",2.00517816764,10.1991778404,0.197388878825
"2232","16",3852966,3853435,"circular_RNA/8",0,"-",3852966,3852966,"0,0,0",1,"469","0",8,"circRNA","ENSMMUG00000019180","ENSMMUT00000026949","28","16:3851538-3852966|16:3853435-3855192",1.78238059346,15.6783478129,0.11424916217
"2233","16",3995852,3999399,"circular_RNA/1",0,"-",3995852,3995852,"0,0,0",3,"166,150,124","0,1507,3423",1,"circRNA","ENSMMUG00000019184","ENSMMUT00000054847","6,5,4","16:3987466-3995852|16:3999399-4007646",0.222797574183,27.6268991987,0.00842343319738
"2234","16",4072699,4087895,"circular_RNA/4",0,"-",4072699,4072699,"0,0,0",3,"124,179,98","0,6698,15098",4,"circRNA","ENSMMUG00000005080","ENSMMUT00000071927","5,4,3","16:4062117-4072699|16:4087895-4101041",0.891190296731,68.1760576999,0.0132166358803
"2235","16",4072699,4101144,"circular_RNA/21",0,"-",4072699,4072699,"0,0,0",4,"124,179,98,103","0,6698,15098,28342",21,"circRNA","ENSMMUG00000005080","ENSMMUT00000071927","5,4,3,2","16:4062117-4072699|16:4101144-4162256",4.67874905784,68.1760576999,0.0687640437943
"2236","16",5128211,5148906,"circular_RNA/2",0,"+",5128211,5128211,"0,0,0",5,"161,120,136,179,132","0,2824,11914,15834,20563",2,"circRNA","ENSMMUG00000010465","ENSMMUT00000075077","4,5,6,7,8","16:5125191-5128211|16:5148906-5154970",0.445595148365,23.210264934,0.0196205835575
"2237","16",5140125,5148906,"circular_RNA/3",0,"+",5140125,5140125,"0,0,0",3,"136,179,132","0,3920,8649",3,"circRNA","ENSMMUG00000010465","ENSMMUT00000075077","6,7,8","16:5131155-5140125|16:5148906-5154970",0.668392722548,23.210264934,0.0292155461824
"2238","16",6515232,6525409,"circular_RNA/8",0,"+",6515232,6515232,"0,0,0",3,"196,86,342","0,1740,9835",8,"circRNA","ENSMMUG00000009602","ENSMMUT00000013401","3,4,5","16:6513921-6515232|16:6525409-6527809",1.78238059346,1.3367854451,1.33085830411
"2239","16",7097360,7098373,"circular_RNA/3",0,"-",7097360,7097360,"0,0,0",2,"146,132","0,881",3,"circRNA","ENSMMUG00000006207","ENSMMUT00000008687","17,16","16:7097283-7097360|16:7098373-7098454",0.668392722548,7.21704999227,0.0938685526285
"2240","16",7354233,7354497,"circular_RNA/2",1,"+",7354233,7354233,"0,0,0",1,"264","0",2,"ciRNA","ENSMMUG00000013499","ENSMMUT00000018949","9","16:7354233-7354497",0.445595148365,238.73997838,0.00190825210313
"2241","16",11847447,11873755,"circular_RNA/13",0,"+",11847447,11847447,"0,0,0",2,"103,175","0,26133",13,"circRNA","ENSMMUG00000019842","ENSMMUT00000027885","2,3","16:11814001-11847447|16:11873755-11887198",2.89636846437,18.8486747759,0.154113080527
"2242","16",11847447,11887318,"circular_RNA/22",0,"+",11847447,11847447,"0,0,0",3,"103,175,120","0,26133,39751",22,"circRNA","ENSMMUG00000019842","ENSMMUT00000027885","2,3,4","16:11814001-11847447|16:11887318-11899657",4.90154663202,18.8486747759,0.260439648617
"2243","16",11847447,11905246,"circular_RNA/58",0,"+",11847447,11847447,"0,0,0",6,"103,175,120,120,52,128","0,26133,39751,52210,54794,57671",58,"circRNA","ENSMMUG00000019842","ENSMMUT00000027885","2,3,4,5,6,7","16:11814001-11847447|16:11905246-11917583",12.9222593026,18.8486747759,0.685745920977
"2244","16",11873580,11887318,"circular_RNA/10",0,"+",11873580,11873580,"0,0,0",2,"175,120","0,13618",10,"circRNA","ENSMMUG00000019842","ENSMMUT00000027885","3,4","16:11847550-11873580|16:11887318-11899657",2.22797574183,18.8486747759,0.118670891164
"2245","16",11873580,11905246,"circular_RNA/5",0,"+",11873580,11873580,"0,0,0",5,"175,120,120,52,128","0,13618,26077,28661,31538",5,"circRNA","ENSMMUG00000019842","ENSMMUT00000027885","3,4,5,6,7","16:11847550-11873580|16:11905246-11917583",1.11398787091,18.8486747759,0.0596005755583
"2246","16",16392220,16396888,"circular_RNA/1",0,"-",16392220,16392220,"0,0,0",5,"95,62,57,39,111","0,2312,2688,3751,4557",1,"circRNA","ENSMMUG00000008949","ENSMMUT00000012511","7,6,5,4,3","16:16372302-16392220|16:16396888-16398530",0.222797574183,6.90672479966,0.0336571977238
"2247","16",17001969,17004086,"circular_RNA/3",0,"+",17001969,17001969,"0,0,0",3,"120,87,163","0,1129,1954",3,"circRNA","ENSMMUG00000013343","ENSMMUT00000018727","19,20,21","16:17000734-17001969|16:17004086-17006541",0.668392722548,18.1845258166,0.0372855401337
"2248","16",17696265,17723812,"circular_RNA/4",0,"-",17696265,17696265,"0,0,0",7,"124,49,134,117,159,135,150","0,580,3092,13054,16432,18382,27397",4,"circRNA","ENSMMUG00000003349","ENSMMUT00000004733","10,9,8,7,6,5,4","16:17692564-17696265|16:17723812-17728872",0.891190296731,14.6728116712,0.0613772291651
"2249","16",18435291,18435775,"circular_RNA/4",0,"+",18435291,18435291,"0,0,0",2,"96,151","0,333",4,"circRNA","ENSMMUG00000005323","ENSMMUT00000089692","2,3","16:18425688-18435291|16:18435775-18441205",0.891190296731,10.954214064,0.0821937889456
"2250","16",19289864,19298544,"circular_RNA/3",0,"-",19289864,19289864,"0,0,0",2,"172,89","0,8591",3,"circRNA","ENSMMUG00000021156","ENSMMUT00000097543","13,12","16:19283477-19289864|16:19298544-19299184",0.668392722548,6.51254447611,0.104007373968
"2251","16",19719053,19720633,"circular_RNA/57",0,"+",19719053,19719053,"0,0,0",1,"1580","0",57,"circRNA","ENSMMUG00000018579","ENSMMUT00000026114","3","16:19620073-19719053|16:19720633-19742646",12.6994617284,2.59930503213,4.87082252627
"2252","16",20473312,20475438,"circular_RNA/3",0,"+",20473312,20473312,"0,0,0",3,"49,114,120","0,1677,2006",3,"circRNA","ENSMMUG00000010904","ENSMMUT00000015264","3,4,5","16:20472915-20473312|16:20475438-20476619",0.668392722548,22.558254386,0.0300596010194
"2253","16",22927935,22932430,"circular_RNA/29",0,"+",22927935,22927935,"0,0,0",3,"132,101,173","0,1969,4322",29,"circRNA","ENSMMUG00000020226","ENSMMUT00000108530","4,5,6","16:22926801-22927935|16:22932430-22933255",6.4611296513,66.0594807452,0.0979443092077
"2254","16",23776411,23785290,"circular_RNA/5",0,"+",23776411,23776411,"0,0,0",3,"86,210,102","0,4889,8777",5,"circRNA","ENSMMUG00000018719","ENSMMUT00000026312","5,6,7","16:23774144-23776411|16:23785290-23797869",1.11398787091,13.6185017219,0.0824733264042
"2255","16",25146254,25148473,"circular_RNA/4",0,"+",25146254,25146254,"0,0,0",2,"94,82","0,2137",4,"circRNA","ENSMMUG00000019667","ENSMMUT00000061023","10,11","16:25138614-25146254|16:25148473-25153450",0.891190296731,29.4649791857,0.0305747560008
"2256","16",25324548,25342705,"circular_RNA/10",0,"-",25324548,25324548,"0,0,0",6,"129,94,195,66,69,122","0,263,6736,12300,13154,18035",10,"circRNA","ENSMMUG00000014413","ENSMMUT00000020228","9,8,7,6,5,4","16:25312539-25324548|16:25342705-25353348",2.22797574183,9.41319750922,0.237496427263
"2257","16",25353348,25360516,"circular_RNA/2",0,"-",25353348,25353348,"0,0,0",2,"65,104","0,7064",2,"circRNA","ENSMMUG00000014413","ENSMMUT00000020228","3,2","16:25342705-25353348|16:25360516-25419473",0.445595148365,9.41319750922,0.0483482541801
"2258","16",27403273,27422068,"circular_RNA/2",0,"+",27403273,27403273,"0,0,0",4,"191,107,68,76","0,6729,18422,18719",2,"circRNA","ENSMMUG00000008605","ENSMMUT00000076386","4,5,6,7","16:27398792-27403273|16:27422068-27423107",0.445595148365,18.7342029188,0.0243059227612
"2259","16",27466538,27470412,"circular_RNA/2",0,"+",27466538,27466538,"0,0,0",5,"124,156,250,74,84","0,1652,2696,3482,3790",2,"circRNA","ENSMMUG00000008605","ENSMMUT00000076386","16,17,18,19,20","16:27465034-27466538|16:27470412-27471824",0.445595148365,18.7342029188,0.0243059227612
"2260","16",28155077,28157957,"circular_RNA/2",0,"-",28155077,28155077,"0,0,0",3,"82,82,78","0,1558,2802",2,"circRNA","ENSMMUG00000020403","ENSMMUT00000028692","10,9,8","16:28150779-28155077|16:28157957-28159967",0.445595148365,16.3508664164,0.0278466394609
"2261","16",28157879,28160086,"circular_RNA/2",0,"-",28157879,28157879,"0,0,0",2,"78,119","0,2088",2,"circRNA","ENSMMUG00000020403","ENSMMUT00000028692","8,7","16:28156717-28157879|16:28160086-28163197",0.445595148365,16.3508664164,0.0278466394609
"2262","16",28220352,28220553,"circular_RNA/7",0,"+",28220352,28220352,"0,0,0",2,"47,65","0,136",7,"circRNA","ENSMMUG00000001116","ENSMMUT00000089049","2,3","16:28216961-28220352|16:28220553-28248926",1.55958301928,35.2577161144,0.0445048104104
"2263","16",28220352,28270663,"circular_RNA/19",0,"+",28220352,28220352,"0,0,0",8,"47,65,50,86,232,94,106,178","0,136,28574,34384,37100,38138,45064,50133",19,"circRNA","ENSMMUG00000001116","ENSMMUT00000089049","2,3,4,5,6,7,8,9","16:28216961-28220352|16:28270663-28275063",4.23315390947,35.2577161144,0.120312693221
"2264","16",28270485,28270663,"circular_RNA/9",0,"+",28270485,28270485,"0,0,0",1,"178","0",9,"circRNA","ENSMMUG00000001116","ENSMMUT00000089049","9","16:28265522-28270485|16:28270663-28275063",2.00517816764,35.2577161144,0.0571394575453
"2265","16",28275679,28277544,"circular_RNA/3",0,"+",28275679,28275679,"0,0,0",3,"144,158,199","0,671,1666",3,"circRNA","ENSMMUG00000001116","ENSMMUT00000089049","11,12,13","16:28275155-28275679|16:28277544-28279855",0.668392722548,35.2577161144,0.0192355161402
"2266","16",28275679,28279935,"circular_RNA/9",0,"+",28275679,28275679,"0,0,0",4,"144,158,199,80","0,671,1666,4176",9,"circRNA","ENSMMUG00000001116","ENSMMUT00000089049","11,12,13,14","16:28275155-28275679|16:28279935-28282791",2.00517816764,35.2577161144,0.0571394575453
"2267","16",28367751,28376477,"circular_RNA/4",0,"+",28367751,28367751,"0,0,0",3,"109,165,127","0,5214,8599",4,"circRNA","ENSMMUG00000040177","ENSMMUT00000082965","3,4,5","16:28366512-28367751|16:28376477-28376951",0.891190296731,3.07865738871,0.29177412167
"2268","16",28367751,28403405,"circular_RNA/1",0,"+",28367751,28367751,"0,0,0",12,"109,165,127,82,185,158,163,180,97,80,140,151","0,5214,8599,9200,20425,22634,24419,26502,32062,34654,35267,35503",1,"circRNA","ENSMMUG00000040177","ENSMMUT00000082965","3,4,5,6,7,8,9,10,11,12,13,14","16:28366512-28367751|16:28403405-28411191",0.222797574183,3.07865738871,0.0753717699587
"2269","16",28595769,28597315,"circular_RNA/7",0,"+",28595769,28595769,"0,0,0",2,"82,44","0,1502",7,"circRNA","ENSMMUG00000018222","ENSMMUT00000042010","3,4","16:28592741-28595769|16:28597315-28597907",1.55958301928,25.2008811687,0.0622581578477
"2270","16",31362754,31363305,"circular_RNA/3",0,"+",31362754,31362754,"0,0,0",1,"551","0",3,"circRNA","ENSMMUG00000004794","ENSMMUT00000084453","2","16:31360405-31362754|16:31363305-31365584",0.668392722548,10.6323953457,0.0637443639812
"2271","16",31362754,31365728,"circular_RNA/6",0,"+",31362754,31362754,"0,0,0",2,"551,144","0,2830",6,"circRNA","ENSMMUG00000004794","ENSMMUT00000084453","2,3","16:31360405-31362754|16:31365728-31368769",1.3367854451,10.6323953457,0.126549089876
"2272","16",33473882,33482563,"circular_RNA/19",0,"+",33473882,33473882,"0,0,0",8,"73,204,91,123,151,76,72,93","0,908,2510,5437,5680,6008,7121,8588",19,"circRNA","ENSMMUG00000002980","ENSMMUT00000090854","7,8,9,10,11,12,13,14","16:33472171-33473882|16:33482563-33486151",4.23315390947,17.5174592701,0.242086080138
"2273","16",33521777,33564894,"circular_RNA/1",0,"+",33521777,33521777,"0,0,0",13,"303,78,197,249,134,119,63,945,594,164,54,97,149","0,3023,7506,8622,10589,16658,17298,24989,36544,38565,39896,40702,42968",1,"circRNA","ENSMMUG00000002976","ENSMMUT00000004218","6,7,8,9,10,11,12,13,14,15,16,17,18","16:33516340-33521777|16:33564894-33580176",0.222797574183,18.5558551069,0.0125390170742
"2274","16",34807247,34813667,"circular_RNA/5",0,"-",34807247,34807247,"0,0,0",4,"63,116,108,132","0,579,4390,6288",5,"circRNA","ENSMMUG00000017113","ENSMMUT00000072148","9,8,7,6","16:34796332-34807247|16:34813667-34831618",1.11398787091,20.6310553693,0.0544539923371
"2275","16",34811637,34813667,"circular_RNA/10",0,"-",34811637,34811637,"0,0,0",2,"108,132","0,1898",10,"circRNA","ENSMMUG00000017113","ENSMMUT00000072148","7,6","16:34807942-34811637|16:34813667-34831618",2.22797574183,20.6310553693,0.108423513323
"2276","16",35249354,35271953,"circular_RNA/4",0,"+",35249354,35249354,"0,0,0",3,"55,76,107","0,6084,22492",4,"circRNA","ENSMMUG00000017197","ENSMMUT00000068400","3,4,5","16:35244944-35249354|16:35271953-35307904",0.891190296731,11.1027457801,0.0810951959636
"2277","16",36442546,36447195,"circular_RNA/2",0,"-",36442546,36442546,"0,0,0",2,"105,109","0,4540",2,"circRNA","ENSMMUG00000007242","ENSMMUT00000099920","15,14","16:36438488-36442546|16:36447195-36448932",0.445595148365,6.20927152396,0.0732553879678
"2278","16",36447086,36449109,"circular_RNA/2",0,"-",36447086,36447086,"0,0,0",2,"109,177","0,1846",2,"circRNA","ENSMMUG00000007242","ENSMMUT00000099920","14,13","16:36442651-36447086|16:36449109-36451183",0.445595148365,6.20927152396,0.0732553879678
"2279","16",36520453,36570931,"circular_RNA/5",0,"-",36520453,36520453,"0,0,0",11,"220,463,162,917,197,215,91,122,82,214,684","0,2227,10133,20840,22817,23300,23647,26341,30808,33722,49794",5,"circRNA","ENSMMUG00000023750","ENSMMUT00000041727","19,18,17,16,15,14,13,12,11,10,9","16:36519470-36520453|16:36570931-36587262",1.11398787091,26.0411047001,0.0431454974309
"2280","16",37234617,37237352,"circular_RNA/11",0,"-",37234617,37234617,"0,0,0",2,"120,146","0,2589",11,"circRNA","ENSMMUG00000063317","ENSMMUT00000031016","4,3","16:37234125-37234617|16:37237352-37240754",2.45077331601,16.4730956411,0.149290726062
"2281","16",37615161,37615667,"circular_RNA/5",0,"-",37615161,37615161,"0,0,0",2,"123,151","0,355",5,"circRNA","ENSMMUG00000003390","ENSMMUT00000004796","3,2","16:37606993-37615161|16:37615667-37629598",1.11398787091,2.86454023949,0.391014832727
"2282","16",38442059,38443415,"circular_RNA/7",0,"+",38442059,38442059,"0,0,0",1,"1356","0",7,"circRNA","ENSMMUG00000007004","ENSMMUT00000041765","8","16:38441083-38442059|16:38443415-38445889",1.55958301928,8.18781085121,0.191463678263
"2283","16",38535698,38537311,"circular_RNA/3",0,"-",38535698,38535698,"0,0,0",2,"174,253","0,1360",3,"circRNA","ENSMMUG00000002264","ENSMMUT00000003201","10,9","16:38534673-38535698|16:38537311-38547048",0.668392722548,9.4587697403,0.0716452866797
"2284","16",45511850,45522210,"circular_RNA/4",0,"-",45511850,45511850,"0,0,0",4,"89,68,99,113","0,4785,7051,10247",4,"circRNA","ENSMMUG00000007858","ENSMMUT00000108264","5,4,3,2","16:45509464-45511850|16:45522210-45524829",0.891190296731,18.6293048567,0.0483489220043
"2285","16",45561399,45568931,"circular_RNA/5",0,"+",45561399,45561399,"0,0,0",4,"202,134,115,83","0,4339,5761,7449",5,"circRNA","ENSMMUG00000001942","ENSMMUT00000002749","2,3,4,5","16:45525636-45561399|16:45568931-45579222",1.11398787091,12.8108605155,0.0876686763382
"2286","16",45583614,45584968,"circular_RNA/6",0,"+",45583614,45583614,"0,0,0",3,"235,56,105","0,868,1249",6,"circRNA","ENSMMUG00000001942","ENSMMUT00000002749","9,10,11","16:45583088-45583614|16:45584968-45591153",1.3367854451,12.8108605155,0.105046415837
"2287","16",45752332,45774503,"circular_RNA/4",0,"+",45752332,45752332,"0,0,0",4,"151,42,208,100","0,10503,20663,22071",4,"circRNA","ENSMMUG00000022528","ENSMMUT00000031703","5,6,7,8","16:45746556-45752332|16:45774503-45780309",0.891190296731,101.20314572,0.00890388585712
"2288","16",45772995,45780431,"circular_RNA/8",0,"+",45772995,45772995,"0,0,0",3,"208,100,122","0,1408,7314",8,"circRNA","ENSMMUG00000022528","ENSMMUT00000031703","7,8,9","16:45762877-45772995|16:45780431-45787219",1.78238059346,101.20314572,0.0177089703191
"2289","16",45801574,45805025,"circular_RNA/10",0,"+",45801574,45801574,"0,0,0",2,"172,219","0,3232",10,"circRNA","ENSMMUG00000022528","ENSMMUT00000031703","19,20","16:45800434-45801574|16:45805025-45805595",2.22797574183,101.20314572,0.0221115125502
"2290","16",45801574,45805791,"circular_RNA/3",0,"+",45801574,45801574,"0,0,0",3,"172,219,196","0,3232,4021",3,"circRNA","ENSMMUG00000022528","ENSMMUT00000031703","19,20,21","16:45800434-45801574|16:45805791-45808227",0.668392722548,101.20314572,0.00670261474161
"2291","16",45801574,45815376,"circular_RNA/8",0,"+",45801574,45801574,"0,0,0",8,"172,219,196,126,81,68,149,172","0,3232,4021,6653,8135,8924,10945,13630",8,"circRNA","ENSMMUG00000022528","ENSMMUT00000031703","19,20,21,22,23,24,25,26","16:45800434-45801574|16:45815376-45817974",1.78238059346,101.20314572,0.0177089703191
"2292","16",45804806,45805791,"circular_RNA/7",0,"+",45804806,45804806,"0,0,0",2,"219,196","0,789",7,"circRNA","ENSMMUG00000022528","ENSMMUT00000031703","20,21","16:45801746-45804806|16:45805791-45808227",1.55958301928,101.20314572,0.0155076992036
"2293","16",45809709,45812668,"circular_RNA/4",0,"+",45809709,45809709,"0,0,0",3,"81,68,149","0,789,2810",4,"circRNA","ENSMMUG00000022528","ENSMMUT00000031703","23,24,25","16:45808353-45809709|16:45812668-45815204",0.891190296731,101.20314572,0.00890388585712
"2294","16",46976678,46996221,"circular_RNA/1",0,"-",46976678,46976678,"0,0,0",5,"99,83,240,177,148","0,6523,12531,14183,19395",1,"circRNA","ENSMMUG00000047550","ENSMMUT00000076647","6,5,4,3,2","16:46972202-46976678|16:46996221-46999607",0.222797574183,36.8729985272,0.0063117854697
"2295","16",46990861,46996221,"circular_RNA/9",0,"-",46990861,46990861,"0,0,0",2,"177,148","0,5212",9,"circRNA","ENSMMUG00000047550","ENSMMUT00000076647","3,2","16:46989449-46990861|16:46996221-46999607",2.00517816764,36.8729985272,0.0546370481823
"2296","16",47480745,47485941,"circular_RNA/3",0,"+",47480745,47480745,"0,0,0",2,"1158,148","0,5048",3,"circRNA","ENSMMUG00000003453","ENSMMUT00000041895","2,3","16:47435505-47480745|16:47485941-47486592",0.668392722548,47.6786808751,0.0142254453279
"2297","16",47480745,47487350,"circular_RNA/14",0,"+",47480745,47480745,"0,0,0",4,"1158,148,116,145","0,5048,5847,6460",14,"circRNA","ENSMMUG00000003453","ENSMMUT00000041895","2,3,4,5","16:47435505-47480745|16:47487350-47499672",3.11916603856,47.6786808751,0.0656165358559
"2298","16",47485793,47487350,"circular_RNA/3",0,"+",47485793,47485793,"0,0,0",3,"148,116,145","0,799,1412",3,"circRNA","ENSMMUG00000003453","ENSMMUT00000041895","3,4,5","16:47481903-47485793|16:47487350-47499672",0.668392722548,47.6786808751,0.0142254453279
"2299","16",49200064,49200858,"circular_RNA/11",0,"-",49200064,49200064,"0,0,0",2,"156,108","0,686",11,"circRNA","ENSMMUG00000005869","ENSMMUT00000091163","21,20","16:49199493-49200064|16:49200858-49206455",2.45077331601,41.4514886767,0.0593508191469
"2300","16",49206455,49235397,"circular_RNA/2",0,"-",49206455,49206455,"0,0,0",10,"57,143,220,135,140,64,110,61,105,165","0,1108,8573,10064,12688,17321,22458,26651,27126,28777",2,"circRNA","ENSMMUG00000005869","ENSMMUT00000101458","19,18,17,16,15,14,13,12,11,10","16:49200220-49206455|16:49235397-49239733",0.445595148365,41.4514886767,0.010988393396
"2301","16",49215028,49233686,"circular_RNA/3",0,"-",49215028,49215028,"0,0,0",7,"220,135,140,64,110,61,105","0,1491,4115,8748,13885,18078,18553",3,"circRNA","ENSMMUG00000005869","ENSMMUT00000101458","17,16,15,14,13,12,11","16:49207706-49215028|16:49233686-49235232",0.668392722548,41.4514886767,0.0163619962572
"2302","16",49228913,49235397,"circular_RNA/3",0,"-",49228913,49228913,"0,0,0",4,"110,61,105,165","0,4193,4668,6319",3,"circRNA","ENSMMUG00000005869","ENSMMUT00000101458","13,12,11,10","16:49223840-49228913|16:49235397-49239733",0.668392722548,41.4514886767,0.0163619962572
"2303","16",49447701,49448392,"circular_RNA/4",0,"+",49447701,49447701,"0,0,0",2,"136,151","0,540",4,"circRNA","ENSMMUG00000020531","ENSMMUT00000028895","9,10","16:49427125-49447701|16:49448392-49449713",0.891190296731,10.7499829543,0.08375387773
"2304","16",49842859,49852957,"circular_RNA/12",0,"-",49842859,49842859,"0,0,0",6,"114,39,147,153,97,98","0,643,1697,2756,7437,10000",12,"circRNA","ENSMMUG00000012365","ENSMMUT00000093783","7,6,5,4,3,2","16:49835820-49842859|16:49852957-49867811",2.67357089019,15.8743271605,0.168944574301
"2305","16",49875835,49876518,"circular_RNA/1",0,"-",49875835,49875835,"0,0,0",2,"99,212","0,471",1,"circRNA","ENSMMUG00000002944","ENSMMUT00000100795","8,7","16:49871447-49875835|16:49876518-49878481",0.222797574183,8.0454679566,0.0288993234704
"2306","16",50325796,50327477,"circular_RNA/24",0,"-",50325796,50325796,"0,0,0",3,"91,98,307","0,266,1374",24,"circRNA","ENSMMUG00000000296","ENSMMUT00000000433","4,3,2","16:50323730-50325796|16:50327477-50334311",5.34714178038,1.05828847737,5.01469583718
"2307","16",50613522,50618145,"circular_RNA/12",0,"+",50613522,50613522,"0,0,0",3,"177,140,171","0,2388,4452",12,"circRNA","ENSMMUG00000021350","ENSMMUT00000030054","3,4,5","16:50593685-50613522|16:50618145-50624077",2.67357089019,36.6056414382,0.0732902875597
"2308","16",50613522,50624267,"circular_RNA/7",0,"+",50613522,50613522,"0,0,0",4,"177,140,171,190","0,2388,4452,10555",7,"circRNA","ENSMMUG00000021350","ENSMMUT00000030054","3,4,5,6","16:50593685-50613522|16:50624267-50632999",1.55958301928,36.6056414382,0.0428664624633
"2309","16",50613522,50652102,"circular_RNA/4",0,"+",50613522,50613522,"0,0,0",11,"177,140,171,190,57,102,78,117,132,212,453","0,2388,4452,10555,19477,21880,27015,28730,31579,36951,38127",4,"circRNA","ENSMMUG00000021350","ENSMMUT00000030054","3,4,5,6,7,8,9,10,11,12,13","16:50593685-50613522|16:50652102-50656401",0.891190296731,36.6056414382,0.0246121674053
"2310","16",51427130,51427340,"circular_RNA/1",0,"+",51427130,51427130,"0,0,0",1,"210","0",1,"circRNA","ENSMMUG00000004750","ENSMMUT00000075112","7","16:51417541-51427130|16:51427340-51430748",0.222797574183,13.6861366998,0.0169973167825
"2311","16",52875212,52879823,"circular_RNA/4",0,"-",52875212,52875212,"0,0,0",4,"336,104,145,202","0,1750,1965,4409",4,"circRNA","ENSMMUG00000013048","ENSMMUT00000018312","8,7,6,5","16:52870448-52875212|16:52879823-52881209",0.891190296731,139.02568629,0.00648171933968
"2312","16",52969543,52971202,"circular_RNA/1",0,"-",52969543,52969543,"0,0,0",1,"1659","0",1,"circRNA","ENSMMUG00000005962","ENSMMUT00000008346","2","16:52966197-52969543|16:52971202-52981529",0.222797574183,9.24609932858,0.0251507212616
"2313","16",52986723,52988020,"circular_RNA/6",0,"-",52986723,52986723,"0,0,0",3,"77,83,114","0,749,1183",6,"circRNA","ENSMMUG00000018931","ENSMMUT00000060356","27,26,25","16:52985890-52986723|16:52988020-52990692",1.3367854451,116.790488387,0.0115306490897
"2314","16",52990692,52991179,"circular_RNA/2",0,"-",52990692,52990692,"0,0,0",2,"144,151","0,336",2,"circRNA","ENSMMUG00000018931","ENSMMUT00000060356","24,23","16:52988020-52990692|16:52991179-52992993",0.445595148365,116.790488387,0.00390062708347
"2315","16",53120824,53121500,"circular_RNA/1",0,"-",53120824,53120824,"0,0,0",1,"676","0",1,"ciRNA","ENSMMUG00000016118","ENSMMUT00000090997","3","16:53120798-53121500",0.222797574183,30.9502963469,0.00751922951817
"2316","16",53147897,53148139,"circular_RNA/5",0,"+",53147897,53147897,"0,0,0",1,"242","0",5,"circRNA","ENSMMUG00000014275","ENSMMUT00000020032","3","16:53147096-53147897|16:53148139-53149067",1.11398787091,6.68392722548,0.167911576127
"2317","16",53628471,53655006,"circular_RNA/3",0,"+",53628471,53628471,"0,0,0",11,"213,151,140,155,91,119,217,108,108,118,172","0,2360,6328,7023,7611,11286,13045,13535,20055,25938,26363",3,"circRNA","ENSMMUG00000022644","ENSMMUT00000031867","10,11,12,13,14,15,16,17,18,19,20","16:53624497-53628471|16:53655006-53661584",0.668392722548,26.1898548452,0.0258929954596
"2318","16",53726344,53726451,"circular_RNA/1",1,"-",53726344,53726344,"0,0,0",1,"107","0",1,"circRNA","ENSMMUG00000016796","ENSMMUT00000059491","2","16:53721279-53726344|16:53726451-53742723",0.222797574183,7.93716358026,0.0292931650182
"2319","16",53860772,53863742,"circular_RNA/7",0,"-",53860772,53860772,"0,0,0",3,"129,128,91","0,1204,2879",7,"circRNA","ENSMMUG00000006093","ENSMMUT00000008519","4,3,2","16:53857290-53860772|16:53863742-53877797",1.55958301928,9.40700868771,0.166675328794
"2320","16",55695748,55746631,"circular_RNA/3",0,"-",55695748,55695748,"0,0,0",5,"144,87,68,73,75","0,7704,9060,40504,50808",3,"circRNA","ENSMMUG00000012658","ENSMMUT00000068900","6,5,4,3,2","16:55676446-55695748|16:55746631-55772721",0.668392722548,6.0791909527,0.111409336284
"2321","16",56355485,56359056,"circular_RNA/11",0,"+",56355485,56355485,"0,0,0",3,"119,92,117","0,2516,3454",11,"circRNA","ENSMMUG00000013586","ENSMMUT00000062679","5,6,7","16:56347955-56355485|16:56359056-56360179",2.45077331601,60.935136539,0.0403768611534
"2322","16",58224135,58235405,"circular_RNA/2",0,"+",58224135,58224135,"0,0,0",5,"72,75,119,1817,105","0,621,6413,8763,11165",2,"circRNA","ENSMMUG00000063877","ENSMMUT00000041228","1,2,3,4,5","None|16:58235405-58238126",0.445595148365,2.2887387166,0.198193533295
"2323","16",58309615,58334758,"circular_RNA/1",0,"-",58309615,58309615,"0,0,0",9,"129,118,209,153,173,208,100,113,115","0,3346,7776,9373,12093,12469,13982,22179,25028",1,"circRNA","ENSMMUG00000018599","ENSMMUT00000072059","16,15,14,13,12,11,10,9,8","16:58162270-58309615|16:58334758-58337207",0.222797574183,26.5500442568,0.00876495430249
"2324","16",58331794,58347323,"circular_RNA/7",0,"-",58331794,58331794,"0,0,0",7,"113,115,212,155,98,126,148","0,2849,5413,5729,6730,13379,15381",7,"circRNA","ENSMMUG00000018599","ENSMMUT00000072059","9,8,7,6,5,4,3","16:58323697-58331794|16:58347323-58357685",1.55958301928,26.5500442568,0.059095647737
"2325","16",60215615,60216410,"circular_RNA/8",0,"-",60215615,60215615,"0,0,0",2,"175,108","0,687",8,"circRNA","ENSMMUG00000016761","ENSMMUT00000094997","3,2","16:60212627-60215615|16:60216410-60217811",1.78238059346,8.88962320989,0.201399604364
"2326","16",60610483,60627406,"circular_RNA/5",1,"-",60610483,60610483,"0,0,0",9,"91,274,192,119,166,79,262,102,123","0,940,2732,5337,8843,10073,11508,13024,16800",5,"circRNA","ENSMMUG00000015185","ENSMMUT00000021295","14,13,12,11,10,9,8,7,6","16:60610181-60610483|16:60627406-60630460",1.11398787091,10.5743156362,0.106193721875
"2327","16",60746657,60753682,"circular_RNA/10",0,"-",60746657,60746657,"0,0,0",3,"248,331,201","0,5485,6824",10,"circRNA","ENSMMUG00000017521","ENSMMUT00000058689","5,4,3","16:60733626-60746657|16:60753682-60771962",2.22797574183,22.7253525666,0.098435937392
"2328","16",60771962,60773631,"circular_RNA/26",0,"-",60771962,60771962,"0,0,0",1,"1669","0",26,"circRNA","ENSMMUG00000017521","ENSMMUT00000058689","2","16:60753682-60771962|16:60773631-60820138",5.79273692875,22.7253525666,0.255229687411
"2329","16",60899852,60949508,"circular_RNA/4",0,"-",60899852,60899852,"0,0,0",15,"57,63,54,74,28,108,288,276,249,276,306,294,27,162,114","0,7922,10122,13274,14368,15782,16947,20987,24082,27087,31285,34279,46999,47112,49542",4,"circRNA","ENSMMUG00000011809","ENSMMUT00000094392","16,15,14,13,12,11,10,9,8,7,6,5,4,3,2","16:60887811-60899852|16:60949508-60963885",0.891190296731,56.0972463567,0.0160619234635
"2330","16",60909974,60913200,"circular_RNA/2",0,"-",60909974,60909974,"0,0,0",2,"54,74","0,3152",2,"circRNA","ENSMMUG00000011809","ENSMMUT00000105489","13,12","16:60907837-60909974|16:60913200-60914220",0.445595148365,56.0972463567,0.00812007678061
"2331","16",60920839,60934425,"circular_RNA/2",0,"-",60920839,60920839,"0,0,0",5,"276,249,276,306,294","0,3095,6100,10298,13292",2,"circRNA","ENSMMUG00000011809","ENSMMUT00000105489","8,7,6,5,4","16:60917087-60920839|16:60934425-60946851",0.445595148365,56.0972463567,0.00812007678061
"2332","16",61107585,61124183,"circular_RNA/5",0,"-",61107585,61107585,"0,0,0",4,"104,196,159,85","0,2307,10120,16513",5,"circRNA","ENSMMUG00000009461","ENSMMUT00000083162","12,11,10,9","16:61103497-61107585|16:61124183-61126697",1.11398787091,11.5409143427,0.0973072639587
"2333","16",61449174,61449401,"circular_RNA/5",0,"-",61449174,61449174,"0,0,0",1,"227","0",5,"circRNA","ENSMMUG00000016371","ENSMMUT00000089956","2","16:61413032-61449174|16:61449401-61451963",1.11398787091,38.8410437658,0.0289306994604
"2334","16",63490633,63497860,"circular_RNA/3",0,"-",63490633,63490633,"0,0,0",4,"517,235,571,80","0,1320,1938,7147",3,"circRNA","ENSMMUG00000002959","ENSMMUT00000004193","30,29,28,27","16:63470988-63490633|16:63497860-63503856",0.668392722548,25.7108400607,0.0263752163983
"2335","16",63490633,63576352,"circular_RNA/3",0,"-",63490633,63490633,"0,0,0",22,"517,235,571,80,208,191,52,205,229,184,148,146,119,179,102,180,131,334,268,298,108,199","0,1320,1938,7147,13223,15388,16400,21091,28453,30428,38183,40961,42259,43461,52957,53580,59503,60488,72139,83673,84956,85520",3,"circRNA","ENSMMUG00000002959","ENSMMUT00000004193","30,29,28,27,26,25,24,23,22,21,20,19,18,17,16,15,14,13,12,11,10,9","16:63470988-63490633|16:63576352-63580544",0.668392722548,25.7108400607,0.0263752163983
"2336","16",63511724,63563040,"circular_RNA/6",0,"-",63511724,63511724,"0,0,0",12,"205,229,184,148,146,119,179,102,180,131,334,268","0,7362,9337,17092,19870,21168,22370,31866,32489,38412,39397,51048",6,"circRNA","ENSMMUG00000002959","ENSMMUT00000004193","23,22,21,20,19,18,17,16,15,14,13,12","16:63507085-63511724|16:63563040-63574306",1.3367854451,25.7108400607,0.0523616430071
"2337","16",64338475,64350341,"circular_RNA/2",0,"+",64338475,64338475,"0,0,0",4,"917,83,226,335","0,2605,2957,11531",2,"circRNA","ENSMMUG00000009734","ENSMMUT00000013601","23,24,25,26","16:64337446-64338475|16:64350341-64353781",0.445595148365,28.9927451969,0.0157086905144
"2338","16",64338475,64354856,"circular_RNA/18",0,"+",64338475,64338475,"0,0,0",6,"917,83,226,335,174,193","0,2605,2957,11531,15306,16188",18,"circRNA","ENSMMUG00000009734","ENSMMUT00000013601","23,24,25,26,27,28","16:64337446-64338475|16:64354856-64357320",4.01035633529,28.9927451969,0.138619855052
"2339","16",64338475,64367234,"circular_RNA/45",0,"+",64338475,64338475,"0,0,0",8,"917,83,226,335,174,193,85,187","0,2605,2957,11531,15306,16188,18845,28572",45,"circRNA","ENSMMUG00000009734","ENSMMUT00000013601","23,24,25,26,27,28,29,30","16:64337446-64338475|16:64367234-64374056",10.0258908382,28.9927451969,0.346032445207
"2340","16",65443927,65450065,"circular_RNA/2",0,"-",65443927,65443927,"0,0,0",4,"186,142,227,104","0,988,5038,6034",2,"circRNA","ENSMMUG00000018592","ENSMMUT00000026149","7,6,5,4","16:65440341-65443927|16:65450065-65451398",0.445595148365,0.192689793888,2.24774587623
"2341","16",71286413,71286881,"circular_RNA/4",0,"-",71286413,71286413,"0,0,0",2,"117,107","0,361",4,"circRNA","ENSMMUG00000023406","ENSMMUT00000097601","6,5","16:71284146-71286413|16:71286881-71287513",0.891190296731,88.6239239527,0.0101675550009
"2342","16",72725237,72728953,"circular_RNA/7",0,"-",72725237,72725237,"0,0,0",4,"146,56,116,173","0,1305,1811,3543",7,"circRNA","ENSMMUG00000049537","ENSMMUT00000087155","7,6,5,4","16:72709234-72725237|16:72728953-72742790",1.55958301928,22.7996184247,0.0688123312743
"2343","16",73774052,73774697,"circular_RNA/1",0,"+",73774052,73774052,"0,0,0",1,"645","0",1,"circRNA","ENSMMUG00000001321","ENSMMUT00000081742","3","16:73685054-73774052|16:73774697-73855162",0.222797574183,111.175989517,0.00209376716612
"2344","16",74458046,74460997,"circular_RNA/10",1,"+",74458046,74458046,"0,0,0",3,"168,192,144","0,2111,2807",10,"circRNA","ENSMMUG00000011924","ENSMMUT00000016704","14,15,16","16:74453475-74458046|16:74460997-74465532",2.22797574183,3.61718414555,0.617000861281
"2345","16",76630111,76638057,"circular_RNA/4",0,"+",76630111,76630111,"0,0,0",7,"549,123,179,159,203,284,251","0,809,1856,2696,3783,6861,7695",4,"circRNA","ENSMMUG00000005455","ENSMMUT00000007679","3,4,5,6,7,8,9","16:76612266-76630111|16:76638057-76640609",0.891190296731,21.8240351074,0.0412745647929
"2346","16",77947268,77953966,"circular_RNA/7",0,"-",77947268,77947268,"0,0,0",4,"180,124,95,49","0,2773,5130,6649",7,"circRNA","ENSMMUG00000001586","ENSMMUT00000002241","8,7,6,5","16:77942309-77947268|16:77953966-77956434",1.55958301928,34.1394436748,0.045962184164
"2347","16",78918914,78923654,"circular_RNA/3",0,"+",78918914,78918914,"0,0,0",2,"195,148","0,4592",3,"circRNA","ENSMMUG00000009129","ENSMMUT00000076304","2,3","16:78873730-78918914|16:78923654-78927195",0.668392722548,35.5362130821,0.0190848099903
"2348","16",78918914,78927342,"circular_RNA/17",0,"+",78918914,78918914,"0,0,0",3,"195,148,147","0,4592,8281",17,"circRNA","ENSMMUG00000009129","ENSMMUT00000076304","2,3,4","16:78873730-78918914|16:78927342-78937118",3.78755876111,35.5362130821,0.106834411653
"2349","16",78918914,78941532,"circular_RNA/18",0,"+",78918914,78918914,"0,0,0",7,"195,148,147,194,176,297,210","0,4592,8281,18204,19445,21259,22408",18,"circRNA","ENSMMUG00000009129","ENSMMUT00000076304","2,3,4,5,6,7,8","16:78873730-78918914|16:78941532-78950828",4.01035633529,35.5362130821,0.113102240343
"2350","16",78927195,78941532,"circular_RNA/4",0,"+",78927195,78927195,"0,0,0",5,"147,194,176,297,210","0,9923,11164,12978,14127",4,"circRNA","ENSMMUG00000009129","ENSMMUT00000076304","4,5,6,7,8","16:78923654-78927195|16:78941532-78950828",0.891190296731,35.5362130821,0.0253526386805
"2351","16",79115357,79120329,"circular_RNA/13",0,"+",79115357,79115357,"0,0,0",3,"98,72,147","0,1919,4825",13,"circRNA","ENSMMUG00000005376","ENSMMUT00000060078","3,4,5","16:79112461-79115357|16:79120329-79125065",2.89636846437,18.3774241493,0.158062839078
"2352","19",803716,805497,"circular_RNA/3",0,"+",803716,803716,"0,0,0",3,"122,67,138","0,1476,1643",3,"circRNA","ENSMMUG00000015306","ENSMMUT00000021459","2,3,4","19:799798-803716|19:805497-808606",0.668392722548,77.6226748452,0.00873849476268
"2353","19",805192,805497,"circular_RNA/6",0,"+",805192,805192,"0,0,0",2,"67,138","0,167",6,"circRNA","ENSMMUG00000015306","ENSMMUT00000021459","3,4","19:803838-805192|19:805497-808606",1.3367854451,77.6226748452,0.0173481777845
"2354","19",2059631,2060062,"circular_RNA/4",0,"+",2059631,2059631,"0,0,0",2,"102,138","0,293",4,"circRNA","ENSMMUG00000010107","ENSMMUT00000014110","16,17","19:2057926-2059631|19:2060062-2060549",0.891190296731,24.8790624504,0.0362082862111
"2355","19",4013922,4021931,"circular_RNA/4",0,"-",4013922,4013922,"0,0,0",2,"147,211","0,7798",4,"circRNA","ENSMMUG00000019564","ENSMMUT00000078712","4,3","19:4005470-4013922|19:4021931-4028376",0.891190296731,95.6409222991,0.00942165820328
"2356","19",4272807,4273868,"circular_RNA/2",0,"-",4272807,4272807,"0,0,0",2,"144,73","0,988",2,"circRNA","ENSMMUG00000000273","ENSMMUT00000080613","4,3","19:4271613-4272807|19:4273868-4274527",0.445595148365,25.2751470267,0.0180182914453
"2357","19",4363170,4364905,"circular_RNA/6",0,"-",4363170,4363170,"0,0,0",3,"129,65,164","0,1091,1571",6,"circRNA","ENSMMUG00000016709","ENSMMUT00000090983","4,3,2","19:4359508-4363170|19:4364905-4368080",1.3367854451,28.2117428309,0.0477215547307
"2358","19",4969751,4978523,"circular_RNA/5",0,"+",4969751,4969751,"0,0,0",3,"166,176,115","0,7293,8657",5,"circRNA","ENSMMUG00000012677","ENSMMUT00000067101","3,4,5","19:4954342-4969751|19:4978523-4985034",1.11398787091,19.1019604391,0.058810705186
"2359","19",4977044,4985228,"circular_RNA/5",1,"+",4977044,4977044,"0,0,0",3,"176,115,194","0,1364,7990",5,"circRNA","ENSMMUG00000012677","ENSMMUT00000067101","4,5,6","19:4969917-4977044|19:4985228-5008977",1.11398787091,19.1019604391,0.058810705186
"2360","19",4977044,4978523,"circular_RNA/3",0,"+",4977044,4977044,"0,0,0",2,"176,115","0,1364",3,"circRNA","ENSMMUG00000012677","ENSMMUT00000067101","4,5","19:4969917-4977044|19:4978523-4985034",0.668392722548,19.1019604391,0.035495716136
"2361","19",7093030,7116009,"circular_RNA/14",0,"-",7093030,7093030,"0,0,0",6,"166,125,215,77,63,320","0,6593,9166,10907,10986,22659",14,"circRNA","ENSMMUG00000028907","ENSMMUT00000005264","8,7,6,5,4,3","19:7083092-7093030|19:7116009-7206717",3.11916603856,5.41569488013,0.576730927133
"2362","19",8347247,8355922,"circular_RNA/3",0,"+",8347247,8347247,"0,0,0",4,"170,53,8,94","0,7522,8485,8581",3,"circRNA","ENSMMUG00000018806","ENSMMUT00000026443","2,3,4,5","19:8336706-8347247|19:8355922-8357554",0.668392722548,87.589152997,0.00774428404087
"2363","19",9882238,9882799,"circular_RNA/12",0,"-",9882238,9882238,"0,0,0",2,"117,167","0,394",12,"circRNA","ENSMMUG00000014604","ENSMMUT00000020484","38,37","19:9880816-9882238|19:9882799-9883640",2.67357089019,180.697744565,0.0148503369164
"2364","19",9882238,9887729,"circular_RNA/4",0,"-",9882238,9882238,"0,0,0",8,"117,1204,178,167,142,283,129,85","0,394,2157,2746,3973,4341,5081,5406",4,"circRNA","ENSMMUG00000014604","ENSMMUT00000060219","37,36,35,34,33,32,31,30","19:9880816-9882238|19:9887729-9888570",0.891190296731,180.697744565,0.0049870042864
"2365","19",9887319,9895598,"circular_RNA/6",0,"-",9887319,9887319,"0,0,0",6,"129,85,193,222,174,134","0,325,1251,3400,5980,8145",6,"circRNA","ENSMMUG00000014604","ENSMMUT00000060219","31,30,29,28,27,26","19:9886862-9887319|19:9895598-9896058",1.3367854451,180.697744565,0.00745283744392
"2366","19",9890719,9893473,"circular_RNA/5",0,"-",9890719,9890719,"0,0,0",2,"222,174","0,2580",5,"circRNA","ENSMMUG00000014604","ENSMMUT00000060219","28,27","19:9888763-9890719|19:9893473-9895464",1.11398787091,180.697744565,0.00621992086513
"2367","19",9896058,9903745,"circular_RNA/6",0,"-",9896058,9896058,"0,0,0",9,"205,116,148,98,187,188,152,93,119","0,394,1940,2293,5410,5703,6022,6967,7568",6,"circRNA","ENSMMUG00000014604","ENSMMUT00000060219","25,24,23,22,21,20,19,18,17","19:9895598-9896058|19:9903745-9906883",1.3367854451,180.697744565,0.00745283744392
"2368","19",10331933,10332399,"circular_RNA/64",0,"-",10331933,10331933,"0,0,0",2,"68,157","0,309",64,"circRNA","ENSMMUG00000016593","ENSMMUT00000023308","4,3","19:10329554-10331933|19:10332399-10332784",14.2590447477,81.5641664758,0.174921122264
"2369","19",10540585,10545241,"circular_RNA/5",0,"+",10540585,10540585,"0,0,0",3,"150,204,99","0,3152,4557",5,"circRNA","ENSMMUG00000014677","ENSMMUT00000020580","3,4,5","19:10527326-10540585|19:10545241-10549248",1.11398787091,73.2065924012,0.015351545791
"2370","19",10874082,10874567,"circular_RNA/3",1,"+",10874082,10874082,"0,0,0",2,"172,228","0,257",3,"circRNA","ENSMMUG00000003611","ENSMMUT00000054424","9,10","19:10872387-10874082|19:10874567-10877549",0.668392722548,6.79532601257,0.099685558237
"2371","19",10880210,10880639,"circular_RNA/10",1,"+",10880210,10880210,"0,0,0",2,"142,153","0,276",10,"circRNA","ENSMMUG00000003611","ENSMMUT00000054424","13,14","19:10878452-10880210|19:10880639-10883437",2.22797574183,6.79532601257,0.32885650705
"2372","19",11172822,11173930,"circular_RNA/14",1,"-",11172822,11172822,"0,0,0",3,"212,54,224","0,662,884",14,"circRNA","ENSMMUG00000010826","ENSMMUT00000015146","5,4,3","19:11162994-11172822|19:11173930-11175774",3.11916603856,3.87110785142,0.806255883205
"2373","19",12514635,12515141,"circular_RNA/61",0,"-",12514635,12514635,"0,0,0",3,"116,129,93","0,193,413",61,"circRNA","ENSMMUG00000004390","ENSMMUT00000028453","7,6,5","19:12511877-12514635|19:12515141-12516669",13.5906520251,26.8977435013,0.505454945505
"2374","19",12616674,12617206,"circular_RNA/7",0,"+",12616674,12616674,"0,0,0",1,"532","0",7,"circRNA","ENSMMUG00000019292","ENSMMUT00000079052","2","19:12563664-12616674|19:12617206-12664758",1.55958301928,104.615838722,0.015001867975
"2375","19",14376011,14379579,"circular_RNA/14",0,"-",14376011,14376011,"0,0,0",4,"111,169,92,67","0,196,2829,3501",14,"circRNA","ENSMMUG00000018932","ENSMMUT00000026623","15,14,13,12","19:14358891-14376011|19:14379579-14383854",3.11916603856,18.3668750217,0.170277374954
"2376","19",14773601,14774344,"circular_RNA/7",1,"-",14773601,14773601,"0,0,0",3,"85,223,155","0,246,588",7,"circRNA","ENSMMUG00000013637","ENSMMUT00000071265","29,28,27","19:14770208-14773601|19:14774344-14776519",1.55958301928,3.6538802166,0.428393650035
"2377","19",14967011,14968673,"circular_RNA/3",0,"-",14967011,14967011,"0,0,0",3,"131,94,142","0,1141,1520",3,"circRNA","ENSMMUG00000051452","ENSMMUT00000025266","12,11,10","19:14965566-14967011|19:14968673-14972054",0.668392722548,8.62055229338,0.0786036280747
"2378","19",15023067,15026314,"circular_RNA/4",0,"-",15023067,15023067,"0,0,0",4,"196,420,528,552","0,429,1060,2695",4,"circRNA","ENSMMUG00000028863","ENSMMUT00000038695","6,5,4,3","19:15022128-15023067|19:15026314-15028342",0.891190296731,21.1657695474,0.0425576173142
"2379","19",16671414,16676843,"circular_RNA/5",0,"+",16671414,16671414,"0,0,0",2,"79,114","0,5315",5,"circRNA","ENSMMUG00000011588","ENSMMUT00000016240","12,13","19:16668742-16671414|19:16676843-16679631",1.11398787091,23.3214866165,0.048174721542
"2380","19",16760336,16761071,"circular_RNA/2",1,"-",16760336,16760336,"0,0,0",3,"141,137,126","0,307,609",2,"circRNA","ENSMMUG00000013924","ENSMMUT00000019545","6,5,4","19:16759442-16760336|19:16761071-16763641",0.445595148365,1.47856571958,0.306063173679
"2381","19",17657827,17659066,"circular_RNA/9",0,"+",17657827,17657827,"0,0,0",3,"133,166,102","0,238,1137",9,"circRNA","ENSMMUG00000003161","ENSMMUT00000004479","16,17,18","19:17653402-17657827|19:17659066-17660488",2.00517816764,7.76363854652,0.259232295865
"2382","19",18095250,18096083,"circular_RNA/4",0,"-",18095250,18095250,"0,0,0",2,"173,218","0,615",4,"circRNA","ENSMMUG00000009587","ENSMMUT00000083624","6,5","19:18092347-18095250|19:18096083-18096698",0.891190296731,78.8066848109,0.0114340040931
"2383","19",18095250,18096086,"circular_RNA/4",0,"-",18095250,18095250,"0,0,0",2,"173,221","0,615",4,"circRNA","ENSMMUG00000009587","ENSMMUT00000059860","6,5","19:18092347-18095250|19:18096086-18096698",0.891190296731,78.8066848109,0.0114340040931
"2384","19",18604574,18606185,"circular_RNA/7",0,"-",18604574,18604574,"0,0,0",1,"1611","0",7,"circRNA","ENSMMUG00000019665","ENSMMUT00000027626","3","19:18598853-18604574|19:18606185-18610718",1.55958301928,9.77833797802,0.160352352238
"2385","19",19038449,19070207,"circular_RNA/10",0,"+",19038449,19038449,"0,0,0",2,"81,275","0,31483",10,"circRNA","ENSMMUG00000003164","ENSMMUT00000100335","2,3","19:18987854-19038449|19:19070207-19098937",2.22797574183,25.358414807,0.0882189824968
"2386","19",19170232,19174444,"circular_RNA/1",1,"-",19170232,19170232,"0,0,0",2,"157,136","0,4076",1,"circRNA","ENSMMUG00000048108","ENSMMUT00000074409","6,5","19:19169178-19170232|19:19174444-19174980",0.222797574183,0,23.2797574183
"2387","19",29432843,29434008,"circular_RNA/12",0,"+",29432843,29432843,"0,0,0",2,"79,136","0,1029",12,"circRNA","ENSMMUG00000018441","ENSMMUT00000065427","3,4","19:29419161-29432843|19:29434008-29454123",2.67357089019,22.8243737107,0.117523297297
"2388","19",33707085,33707623,"circular_RNA/7",0,"+",33707085,33707085,"0,0,0",2,"177,66","0,472",7,"circRNA","ENSMMUG00000021614","ENSMMUT00000059465","5,6","19:33700462-33707085|19:33707623-33711352",1.55958301928,54.557555978,0.0287640337037
"2389","19",33961796,33974544,"circular_RNA/5",0,"+",33961796,33961796,"0,0,0",6,"167,94,113,156,97,106","0,2556,2738,7418,9125,12642",5,"circRNA","ENSMMUG00000005884","ENSMMUT00000008236","10,11,12,13,14,15","19:33960178-33961796|19:33974544-33976905",1.11398787091,21.945561057,0.0511937667178
"2390","19",33961796,33977042,"circular_RNA/2",0,"+",33961796,33961796,"0,0,0",7,"167,94,113,156,97,106,137","0,2556,2738,7418,9125,12642,15109",2,"circRNA","ENSMMUG00000005884","ENSMMUT00000008236","10,11,12,13,14,15,16","19:33960178-33961796|19:33977042-33979064",0.445595148365,21.945561057,0.0207507859709
"2391","19",33964352,33974544,"circular_RNA/5",0,"+",33964352,33964352,"0,0,0",5,"94,113,156,97,106","0,182,4862,6569,10086",5,"circRNA","ENSMMUG00000005884","ENSMMUT00000008236","11,12,13,14,15","19:33961963-33964352|19:33974544-33976905",1.11398787091,21.945561057,0.0511937667178
"2392","19",33964352,33977042,"circular_RNA/5",0,"+",33964352,33964352,"0,0,0",6,"94,113,156,97,106,137","0,182,4862,6569,10086,12553",5,"circRNA","ENSMMUG00000005884","ENSMMUT00000008236","11,12,13,14,15,16","19:33961963-33964352|19:33977042-33979064",1.11398787091,21.945561057,0.0511937667178
"2393","19",33974438,33977042,"circular_RNA/4",0,"+",33974438,33974438,"0,0,0",2,"106,137","0,2467",4,"circRNA","ENSMMUG00000005884","ENSMMUT00000008236","15,16","19:33971018-33974438|19:33977042-33979064",0.891190296731,21.945561057,0.0410461064689
"2394","19",34438771,34439114,"circular_RNA/22",0,"+",34438771,34438771,"0,0,0",2,"119,143","0,200",22,"circRNA","ENSMMUG00000001538","ENSMMUT00000054506","12,13","19:34435639-34438771|19:34439114-34440916",4.90154663202,52.0822094001,0.0942856271328
"2395","19",36480023,36480513,"circular_RNA/1",0,"-",36480023,36480023,"0,0,0",2,"93,127","0,363",1,"circRNA","ENSMMUG00000000107","ENSMMUT00000009811","5,4","19:36478044-36480023|19:36480513-36491738",0.222797574183,5.79273692875,0.0401185814628
"2396","19",38608320,38634059,"circular_RNA/3",0,"+",38608320,38608320,"0,0,0",11,"401,471,240,110,87,340,86,119,199,124,84","0,12577,17424,18536,18804,19598,20613,22083,22705,23107,25655",3,"circRNA","ENSMMUG00000023802","ENSMMUT00000073268","2,3,4,5,6,7,8,9,10,11,12","19:38592635-38608320|19:38634059-38634266",0.668392722548,55.8411738202,0.0121464362545
"2397","19",39461095,39462995,"circular_RNA/9",0,"-",39461095,39461095,"0,0,0",2,"112,129","0,1771",9,"circRNA","ENSMMUG00000003621","ENSMMUT00000107208","4,3","19:39448349-39461095|19:39462995-39469435",2.00517816764,54.0587932267,0.0372706333428
"2398","19",39461095,39469565,"circular_RNA/5",0,"-",39461095,39461095,"0,0,0",3,"112,129,130","0,1771,8340",5,"circRNA","ENSMMUG00000003621","ENSMMUT00000107208","4,3,2","19:39448349-39461095|19:39469565-39470382",1.11398787091,54.0587932267,0.0207881072211
"2399","19",39922323,39922676,"circular_RNA/3",0,"-",39922323,39922323,"0,0,0",2,"86,123","0,230",3,"circRNA","ENSMMUG00000004228","ENSMMUT00000006003","7,6","19:39921093-39922323|19:39922676-39927431",0.668392722548,10.3123448622,0.0657207961567
"2400","19",40511001,40548356,"circular_RNA/4",0,"+",40511001,40511001,"0,0,0",12,"123,154,74,140,100,113,267,123,129,169,285,290","0,4776,6819,8638,11475,13514,24649,26740,26960,34307,35765,37065",4,"circRNA","ENSMMUG00000008139","ENSMMUT00000011372","2,3,4,5,6,7,8,9,10,11,12,13","19:40507560-40511001|19:40548356-40550095",0.891190296731,42.7612201306,0.0210700160991
"2401","19",41448771,41453869,"circular_RNA/2",0,"+",41448771,41448771,"0,0,0",11,"226,104,1234,188,122,167,294,326,245,155,132","0,660,1035,2358,2879,3094,3360,3750,4386,4728,4966",2,"circRNA","ENSMMUG00000012174","ENSMMUT00000059763","8,9,10,11,12,13,14,15,16,17,18","19:41448684-41448771|19:41453869-41454158",0.445595148365,20.0986864289,0.0226566339863
"2402","19",43439030,43445133,"circular_RNA/2",0,"-",43439030,43439030,"0,0,0",4,"141,117,123,186","0,3977,4301,5917",2,"circRNA","ENSMMUG00000021062","ENSMMUT00000060827","6,5,4,3","19:43438816-43439030|19:43445133-43445347",0.445595148365,30.5727782351,0.0148971144761
"2403","19",43719187,43719349,"circular_RNA/6",0,"-",43719187,43719187,"0,0,0",1,"162","0",6,"circRNA","ENSMMUG00000004616","ENSMMUT00000006528","2","19:43718307-43719187|19:43719349-43729053",1.3367854451,56.8133814166,0.0237012548624
"2404","19",45012778,45015804,"circular_RNA/2",0,"+",45012778,45012778,"0,0,0",2,"159,118","0,2908",2,"circRNA","ENSMMUG00000002472","ENSMMUT00000003517","4,5","19:45011548-45012778|19:45015804-45024526",0.445595148365,35.3562611953,0.0128821971271
"2405","19",45063151,45070481,"circular_RNA/1",0,"+",45063151,45063151,"0,0,0",4,"158,92,132,105","0,2821,3098,7225",1,"circRNA","ENSMMUG00000014153","ENSMMUT00000019866","4,5,6,7","19:45053551-45063151|19:45070481-45076101",0.222797574183,19.2497104094,0.0120872832059
"2406","19",45324348,45324585,"circular_RNA/6",0,"+",45324348,45324348,"0,0,0",1,"237","0",6,"circRNA","ENSMMUG00000018672","ENSMMUT00000092658","8","19:45319909-45324348|19:45324585-45331293",1.3367854451,13.2405415514,0.101640030324
"2407","19",46416406,46416729,"circular_RNA/2",0,"+",46416406,46416406,"0,0,0",2,"41,179","0,144",2,"circRNA","ENSMMUG00000000217","ENSMMUT00000095489","11,12","19:46415476-46416406|19:46416729-46418292",0.445595148365,23.8022075085,0.0191328396665
"2408","19",46921667,46925536,"circular_RNA/2",0,"+",46921667,46921667,"0,0,0",1,"3869","0",2,"circRNA","ENSMMUG00000011332","ENSMMUT00000063146","2","19:46862661-46921667|19:46925536-46941339",0.445595148365,15.818627767,0.0287829845437
"2409","19",47727672,47728638,"circular_RNA/3",0,"+",47727672,47727672,"0,0,0",4,"305,4,300,181","0,306,312,785",3,"circRNA","ENSMMUG00000019356","ENSMMUT00000027187","6,7,8,9","19:47715416-47727672|19:47728638-47728923",0.668392722548,4.71057728272,0.143709695217
"2410","19",48625921,48626133,"circular_RNA/6",1,"-",48625921,48625921,"0,0,0",1,"212","0",6,"circRNA","ENSMMUG00000022160","ENSMMUT00000064577","2","19:48623230-48625921|19:48626133-48628368",1.3367854451,19.1605913797,0.0702526812254
"2411","19",51620171,51623716,"circular_RNA/1",0,"-",51620171,51620171,"0,0,0",4,"96,127,79,199","0,1078,2989,3346",1,"circRNA","ENSMMUG00000002310","ENSMMUT00000091302","5,4,3,2","19:51616556-51620171|19:51623716-51630228",0.222797574183,5.68133814166,0.0409038381464
"2412","19",52110007,52118056,"circular_RNA/3",0,"+",52110007,52110007,"0,0,0",5,"253,68,82,127,129","0,4045,4305,7002,7920",3,"circRNA","ENSMMUG00000020234","ENSMMUT00000091214","2,3,4,5,6","19:52109545-52110007|19:52118056-52126936",0.668392722548,1.55958301928,0.432212067928
"2413","19",53927511,53928023,"circular_RNA/2",1,"-",53927511,53927511,"0,0,0",2,"122,233","0,279",2,"circRNA","ENSMMUG00000009704","ENSMMUT00000013549","5,4","19:53923343-53927511|19:53928023-53928709",0.445595148365,2.71070381922,0.167454886176
"2414","18",522120,522324,"circular_RNA/2",1,"-",522120,522120,"0,0,0",1,"204","0",2,"ciRNA","ENSMMUG00000009151","ENSMMUT00000012798","7","18:514122-522324",0.445595148365,16.1785315407,0.0281430806259
"2415","18",829175,830274,"circular_RNA/2",0,"-",829175,829175,"0,0,0",1,"1099","0",2,"circRNA","ENSMMUG00000022596","ENSMMUT00000031795","2","18:807630-829175|18:830274-840154",0.445595148365,7.64938338027,0.059481961634
"2416","18",910699,911970,"circular_RNA/3",1,"-",910699,910699,"0,0,0",2,"93,162","0,1109",3,"circRNA","ENSMMUG00000021792","ENSMMUT00000030667","17,16","18:904205-910699|18:911970-932918",0.668392722548,4.65089936106,0.145549746947
"2417","18",932918,1131328,"circular_RNA/2",1,"-",932918,932918,"0,0,0",14,"249,113,143,161,77,76,81,95,52,59,109,114,151,174","0,3509,23944,48491,87726,94859,108149,124868,145924,153899,171415,182450,185295,198236",2,"circRNA","ENSMMUG00000021792","ENSMMUT00000030667","15,14,13,12,11,10,9,8,7,6,5,4,3,2","18:911970-932918|18:1131328-1154881",0.445595148365,4.65089936106,0.0977483341887
"2418","18",981409,1057881,"circular_RNA/6",1,"-",981409,981409,"0,0,0",5,"161,77,76,81,95","0,39235,46368,59658,76377",6,"circRNA","ENSMMUG00000021792","ENSMMUT00000030667","12,11,10,9,8","18:957005-981409|18:1057881-1078842",1.3367854451,4.65089936106,0.288953985223
"2419","18",1020644,1131328,"circular_RNA/3",1,"-",1020644,1020644,"0,0,0",10,"77,76,81,95,52,59,109,114,151,174","0,7133,20423,37142,58198,66173,83689,94724,97569,110510",3,"circRNA","ENSMMUG00000021792","ENSMMUT00000030667","11,10,9,8,7,6,5,4,3,2","18:981570-1020644|18:1131328-1154881",0.668392722548,4.65089936106,0.145549746947
"2420","18",1078842,1131328,"circular_RNA/2",0,"-",1078842,1078842,"0,0,0",6,"52,59,109,114,151,174","0,7975,25491,36526,39371,52312",2,"circRNA","ENSMMUG00000021792","ENSMMUT00000030667","7,6,5,4,3,2","18:1057881-1078842|18:1131328-1154881",0.445595148365,4.65089936106,0.0977483341887
"2421","18",1115368,1131328,"circular_RNA/4",1,"-",1115368,1115368,"0,0,0",3,"114,151,174","0,2845,15786",4,"circRNA","ENSMMUG00000021792","ENSMMUT00000030667","4,3,2","18:1104442-1115368|18:1131328-1154881",0.891190296731,4.65089936106,0.193351159705
"2422","18",3105663,3219636,"circular_RNA/3",0,"-",3105663,3105663,"0,0,0",29,"177,130,198,132,188,180,241,146,366,104,283,213,152,104,152,102,254,261,142,204,273,229,204,144,173,125,179,165,143","0,1042,4685,13491,23012,32391,32978,33313,35328,37835,40922,45461,47416,48849,50698,51337,52880,56020,56922,62278,66428,79358,80564,84408,86891,90556,94163,111451,113830",3,"circRNA","ENSMMUG00000011329","ENSMMUT00000060540","30,29,28,27,26,25,24,23,22,21,20,19,18,17,16,15,14,13,12,11,10,9,8,7,6,5,4,3,2","18:3096507-3105663|18:3219636-3244579",0.668392722548,8.35875036934,0.0810626070331
"2423","18",3158543,3219636,"circular_RNA/4",0,"-",3158543,3158543,"0,0,0",13,"254,261,142,204,273,229,204,144,173,125,179,165,143","0,3140,4042,9398,13548,26478,27684,31528,34011,37676,41283,58571,60950",4,"circRNA","ENSMMUG00000011329","ENSMMUT00000060540","14,13,12,11,10,9,8,7,6,5,4,3,2","18:3157102-3158543|18:3219636-3244579",0.891190296731,8.35875036934,0.107685168867
"2424","18",3185021,3219636,"circular_RNA/3",0,"-",3185021,3185021,"0,0,0",8,"229,204,144,173,125,179,165,143","0,1206,5050,7533,11198,14805,32093,34472",3,"circRNA","ENSMMUG00000011329","ENSMMUT00000060540","9,8,7,6,5,4,3,2","18:3172364-3185021|18:3219636-3244579",0.668392722548,8.35875036934,0.0810626070331
"2425","18",3196219,3219636,"circular_RNA/3",0,"-",3196219,3196219,"0,0,0",4,"125,179,165,143","0,3607,20895,23274",3,"circRNA","ENSMMUG00000011329","ENSMMUT00000060540","5,4,3,2","18:3192727-3196219|18:3219636-3244579",0.668392722548,8.35875036934,0.0810626070331
"2426","18",3217114,3219636,"circular_RNA/8",0,"-",3217114,3217114,"0,0,0",2,"165,143","0,2379",8,"circRNA","ENSMMUG00000011329","ENSMMUT00000060540","3,2","18:3200005-3217114|18:3219636-3244579",1.78238059346,8.35875036934,0.214175416204
"2427","18",16138459,16152458,"circular_RNA/2",0,"-",16138459,16138459,"0,0,0",4,"143,118,150,175","0,1310,12598,13824",2,"circRNA","ENSMMUG00000022874","ENSMMUT00000099769","5,4,3,2","18:16133739-16138459|18:16152458-16174994",0.445595148365,10.8056823479,0.0421235696196
"2428","18",16152283,16193578,"circular_RNA/3",0,"-",16152283,16152283,"0,0,0",2,"175,150","0,41145",3,"circRNA","ENSMMUG00000022874","ENSMMUT00000088055","3,2","18:16151207-16152283|18:16193578-16194457",0.668392722548,10.8056823479,0.062723062746
"2429","18",17200293,17284833,"circular_RNA/1",0,"-",17200293,17200293,"0,0,0",9,"156,96,61,203,231,147,167,126,197","0,5004,7769,9843,16670,17522,52135,75413,84343",1,"circRNA","ENSMMUG00000005145","ENSMMUT00000092708","10,9,8,7,6,5,4,3,2","18:17172812-17200293|18:17284833-17399410",0.222797574183,16.2483088029,0.0143186832656
"2430","18",17252428,17284833,"circular_RNA/7",0,"-",17252428,17252428,"0,0,0",3,"167,126,197","0,23278,32208",7,"circRNA","ENSMMUG00000005145","ENSMMUT00000092708","4,3,2","18:17217962-17252428|18:17284833-17399410",1.55958301928,16.2483088029,0.0965403621193
"2431","18",17548511,17576881,"circular_RNA/1",0,"-",17548511,17548511,"0,0,0",9,"1494,129,95,65,136,58,84,95,113","0,5274,10719,11178,12659,15142,17277,20280,28257",1,"circRNA","ENSMMUG00000004434","ENSMMUT00000083024","13,12,11,10,9,8,7,6,5","18:17540928-17548511|18:17576881-17582126",0.222797574183,17.2890917566,0.0134572136768
"2432","18",17568791,17584414,"circular_RNA/15",0,"-",17568791,17568791,"0,0,0",4,"95,113,72,77","0,7977,13335,15546",15,"circRNA","ENSMMUG00000004434","ENSMMUT00000083024","6,5,4,3","18:17565872-17568791|18:17584414-17587097",3.34196361274,17.2890917566,0.193765294728
"2433","18",17895769,17917127,"circular_RNA/2",0,"-",17895769,17895769,"0,0,0",9,"96,76,294,92,204,114,56,72,90","0,1108,3775,4681,4878,10938,11160,11326,21268",2,"circRNA","ENSMMUG00000002209","ENSMMUT00000079620","10,9,8,7,6,5,4,3,2","18:17882876-17895769|18:17917127-17940748",0.445595148365,29.8867031654,0.0152389762123
"2434","18",18046733,18060012,"circular_RNA/3",1,"+",18046733,18046733,"0,0,0",6,"103,103,87,56,76,74","0,5332,7038,10600,11263,13205",3,"circRNA","ENSMMUG00000002204","ENSMMUT00000072039","21,22,23,24,25,26","18:18042684-18046733|18:18060012-18068198",0.668392722548,4.05809867261,0.166759161255
"2435","18",21239963,21246097,"circular_RNA/5",0,"-",21239963,21239963,"0,0,0",2,"282,163","0,5971",5,"circRNA","ENSMMUG00000001245","ENSMMUT00000001767","5,4","18:21213685-21239963|18:21246097-21254876",1.11398787091,24.5077331601,0.045843874047
"2436","18",21239963,21255053,"circular_RNA/4",0,"-",21239963,21239963,"0,0,0",3,"282,163,177","0,5971,14913",4,"circRNA","ENSMMUG00000001245","ENSMMUT00000001767","5,4,3","18:21213685-21239963|18:21255053-21259724",0.891190296731,24.5077331601,0.0367566728476
"2437","18",21239963,21259906,"circular_RNA/132",0,"-",21239963,21239963,"0,0,0",4,"282,163,177,182","0,5971,14913,19761",132,"circRNA","ENSMMUG00000001245","ENSMMUT00000001767","5,4,3,2","18:21213685-21239963|18:21259906-21274324",29.4092797921,24.5077331601,1.19991842639
"2438","18",21245934,21259906,"circular_RNA/9",0,"-",21245934,21245934,"0,0,0",3,"163,177,182","0,8942,13790",9,"circRNA","ENSMMUG00000001245","ENSMMUT00000001767","4,3,2","18:21240245-21245934|18:21259906-21274324",2.00517816764,24.5077331601,0.0821926788452
"2439","18",21471716,21473647,"circular_RNA/4",0,"-",21471716,21471716,"0,0,0",3,"128,75,178","0,953,1753",4,"circRNA","ENSMMUG00000014235","ENSMMUT00000019975","13,12,11","18:21464307-21471716|18:21473647-21484071",0.891190296731,11.5436993123,0.0780001514988
"2440","18",21856348,21858422,"circular_RNA/10",0,"-",21856348,21856348,"0,0,0",3,"198,120,132","0,1304,1942",10,"circRNA","ENSMMUG00000006616","ENSMMUT00000009280","15,14,13","18:21849826-21856348|18:21858422-21865320",2.22797574183,23.8162924126,0.0939288288364
"2441","18",21868608,21870668,"circular_RNA/3",0,"-",21868608,21868608,"0,0,0",2,"177,133","0,1927",3,"circRNA","ENSMMUG00000006616","ENSMMUT00000009280","11,10","18:21865395-21868608|18:21870668-21874488",0.668392722548,23.8162924126,0.0284724417379
"2442","18",23383633,23419903,"circular_RNA/11",0,"-",23383633,23383633,"0,0,0",3,"114,124,119","0,34045,36151",11,"circRNA","ENSMMUG00000012916","ENSMMUT00000018119","19,18,17","18:23313357-23383633|18:23419903-23439572",2.45077331601,16.4192125322,0.149780356861
"2443","18",23439572,23441966,"circular_RNA/5",0,"-",23439572,23439572,"0,0,0",2,"89,770","0,1624",5,"circRNA","ENSMMUG00000012916","ENSMMUT00000018119","16,15","18:23419903-23439572|18:23441966-23471920",1.11398787091,16.4192125322,0.0684139832452
"2444","18",31351069,31367492,"circular_RNA/8",0,"-",31351069,31351069,"0,0,0",6,"169,184,51,117,120,213","0,1560,11441,12905,13118,16210",8,"circRNA","ENSMMUG00000018334","ENSMMUT00000025767","10,9,8,7,6,5","18:31339942-31351069|18:31367492-31372622",1.78238059346,9.72882740598,0.184044805267
"2445","18",31351069,31375026,"circular_RNA/5",0,"-",31351069,31351069,"0,0,0",9,"169,184,51,117,120,213,30,175,376","0,1560,11441,12905,13118,16210,21553,22015,23581",5,"circRNA","ENSMMUG00000018334","ENSMMUT00000025767","10,9,8,7,6,5,4,3,2","18:31339942-31351069|18:31375026-31442397",1.11398787091,9.72882740598,0.115413059915
"2446","18",31442397,31442562,"circular_RNA/1",1,"-",31442397,31442397,"0,0,0",1,"165","0",1,"circRNA","ENSMMUG00000003127","ENSMMUT00000073311","2","18:31432831-31442397|18:31442562-31448715",0.222797574183,1.18825372897,0.194280700785
"2447","18",31478156,31495110,"circular_RNA/1",0,"-",31478156,31478156,"0,0,0",5,"99,71,103,143,115","0,748,8269,15161,16839",1,"circRNA","ENSMMUG00000022001","ENSMMUT00000093918","16,15,14,13,12","18:31471554-31478156|18:31495110-31498060",0.222797574183,19.1457382081,0.0121528897323
"2448","18",32152619,32154554,"circular_RNA/5",0,"+",32152619,32152619,"0,0,0",4,"117,69,300,138","0,200,1404,1797",5,"circRNA","ENSMMUG00000009050","ENSMMUT00000102038","9,10,11,12","18:32152265-32152619|18:32154554-32154931",1.11398787091,29.7434761534,0.0377766908685
"2449","18",33078015,33125397,"circular_RNA/1",0,"+",33078015,33078015,"0,0,0",5,"94,134,73,126,143","0,1051,16456,45418,47239",1,"circRNA","ENSMMUG00000001760","ENSMMUT00000048189","5,6,7,8,9","18:33065684-33078015|18:33125397-33170770",0.222797574183,38.7839161827,0.00600087841317
"2450","18",33170770,33199730,"circular_RNA/11",0,"+",33170770,33170770,"0,0,0",5,"183,179,126,114,95","0,4467,13167,27067,28865",11,"circRNA","ENSMMUG00000001760","ENSMMUT00000048189","10,11,12,13,14","18:33125397-33170770|18:33199730-33282378",2.45077331601,38.7839161827,0.0634319387716
"2451","18",33686427,33690242,"circular_RNA/12",0,"-",33686427,33686427,"0,0,0",2,"300,487","0,3328",12,"circRNA","ENSMMUG00000020898","ENSMMUT00000101573","9,8","18:33631155-33686427|18:33690242-33737348",2.67357089019,9.58029568986,0.279821496331
"2452","18",35522421,35535481,"circular_RNA/12",0,"+",35522421,35522421,"0,0,0",3,"109,93,475","0,3149,12585",12,"circRNA","ENSMMUG00000004498","ENSMMUT00000048193","2,3,4","18:35508333-35522421|18:35535481-35560383",2.67357089019,18.7149962313,0.143314896144
"2453","18",35587761,35609015,"circular_RNA/4",0,"+",35587761,35587761,"0,0,0",5,"161,134,172,140,38","0,6387,8123,15460,21216",4,"circRNA","ENSMMUG00000004498","ENSMMUT00000066878","9,10,11,12,13","18:35580037-35587761|18:35609015-35610679",0.891190296731,18.7149962313,0.0481276623824
"2454","18",36511385,36518855,"circular_RNA/6",0,"+",36511385,36511385,"0,0,0",5,"137,108,74,106,115","0,1623,2620,4422,7355",6,"circRNA","ENSMMUG00000003562","ENSMMUT00000005034","4,5,6,7,8","18:36510210-36511385|18:36518855-36519846",1.3367854451,13.3621416926,0.100715762371
"2455","18",36584357,36598356,"circular_RNA/1",0,"+",36584357,36584357,"0,0,0",8,"143,157,195,214,149,202,73,107","0,2059,5477,7770,9995,10982,11757,13892",1,"circRNA","ENSMMUG00000003562","ENSMMUT00000005034","28,29,30,31,32,33,34,35","18:36572877-36584357|18:36598356-36603862",0.222797574183,13.3621416926,0.0174091465327
"2456","18",37482541,37486001,"circular_RNA/5",0,"-",37482541,37482541,"0,0,0",1,"3460","0",5,"circRNA","ENSMMUG00000004997","ENSMMUT00000007041","4","18:37402668-37482541|18:37486001-37566243",1.11398787091,2.8072494347,0.398966402146
"2457","18",40450838,40473615,"circular_RNA/13",0,"-",40450838,40450838,"0,0,0",8,"75,85,65,70,129,132,117,106","0,6430,9442,11334,12368,16234,20698,22671",13,"circRNA","ENSMMUG00000014553","ENSMMUT00000020418","21,20,19,18,17,16,15,14","18:40442886-40450838|18:40473615-40479816",2.89636846437,20.9691834525,0.138535823901
"2458","18",46363037,46377147,"circular_RNA/4",0,"-",46363037,46363037,"0,0,0",6,"209,114,146,122,193,73","0,3584,4541,7471,10387,14037",4,"circRNA","ENSMMUG00000018785","ENSMMUT00000026419","22,21,20,19,18,17","18:46360512-46363037|18:46377147-46378063",0.891190296731,14.0574659901,0.0640620206486
"2459","18",46485951,46492250,"circular_RNA/4",0,"+",46485951,46485951,"0,0,0",5,"130,107,98,127,176","0,2715,2906,5889,6123",4,"circRNA","ENSMMUG00000018777","ENSMMUT00000026602","2,3,4,5,6","18:46454269-46485951|18:46492250-46524501",0.891190296731,24.9533283085,0.0361005666229
"2460","18",47033270,47035557,"circular_RNA/6",0,"+",47033270,47033270,"0,0,0",3,"111,112,68","0,1153,2219",6,"circRNA","ENSMMUG00000020108","ENSMMUT00000056758","2,3,4","18:47015801-47033270|18:47035557-47044056",1.3367854451,21.6113646957,0.0622895670118
"2461","18",50624175,50640872,"circular_RNA/4",0,"+",50624175,50624175,"0,0,0",7,"154,94,257,116,151,101,106","0,3837,4927,5514,6628,13483,16591",4,"circRNA","ENSMMUG00000018006","ENSMMUT00000025301","5,6,7,8,9,10,11","18:50621458-50624175|18:50640872-50646918",0.891190296731,16.9840304627,0.0530298153054
"2462","18",50628012,50630954,"circular_RNA/6",0,"+",50628012,50628012,"0,0,0",4,"94,257,116,151","0,1090,1677,2791",6,"circRNA","ENSMMUG00000018006","ENSMMUT00000025301","6,7,8,9","18:50624329-50628012|18:50630954-50637658",1.3367854451,16.9840304627,0.0792505019957
"2463","18",56132114,56172896,"circular_RNA/1",0,"-",56132114,56132114,"0,0,0",8,"131,170,106,136,618,90,123,162","0,5835,22566,23721,29909,34378,40391,40620",1,"circRNA","ENSMMUG00000016190","ENSMMUT00000022747","11,10,9,8,7,6,5,4","18:56126227-56132114|18:56172896-56179816",0.222797574183,10.5229008114,0.0221019430783
"2464","18",56154680,56155971,"circular_RNA/9",0,"-",56154680,56154680,"0,0,0",2,"106,136","0,1155",9,"circRNA","ENSMMUG00000016190","ENSMMUT00000022747","9,8","18:56138119-56154680|18:56155971-56162023",2.00517816764,10.5229008114,0.191322239118
"2465","18",56355017,56381269,"circular_RNA/11",0,"+",56355017,56355017,"0,0,0",3,"85,154,222","0,21117,26030",11,"circRNA","ENSMMUG00000018059","ENSMMUT00000025371","3,4,5","18:56345435-56355017|18:56381269-56391006",2.45077331601,54.1398105264,0.0454438028885
"2466","18",56355017,56398140,"circular_RNA/15",0,"+",56355017,56355017,"0,0,0",7,"85,154,222,168,105,123,134","0,21117,26030,35989,36799,40337,42989",15,"circRNA","ENSMMUG00000018059","ENSMMUT00000025371","3,4,5,6,7,8,9","18:56345435-56355017|18:56398140-56411858",3.34196361274,54.1398105264,0.0619016683559
"2467","18",57974894,57979996,"circular_RNA/1",0,"-",57974894,57974894,"0,0,0",3,"91,74,104","0,2715,4998",1,"circRNA","ENSMMUG00000004664","ENSMMUT00000006591","9,8,7","18:57973260-57974894|18:57979996-57982419",0.222797574183,12.0533487633,0.0192979228862
"2468","18",57988829,57998892,"circular_RNA/3",0,"-",57988829,57988829,"0,0,0",4,"86,63,53,129","0,7598,9052,9934",3,"circRNA","ENSMMUG00000004664","ENSMMUT00000006591","5,4,3,2","18:57982542-57988829|18:57998892-58000006",0.668392722548,12.0533487633,0.0562358542275
"2469","18",58100965,58124368,"circular_RNA/2",0,"+",58100965,58100965,"0,0,0",3,"123,82,107","0,8006,23296",2,"circRNA","ENSMMUG00000004350","ENSMMUT00000006190","12,13,14","18:58097448-58100965|18:58124368-58166706",0.445595148365,17.2933355199,0.0263299031473
"2470","18",58228631,58240768,"circular_RNA/9",0,"+",58228631,58228631,"0,0,0",6,"183,108,90,127,117,124","0,5769,6759,8183,11272,12013",9,"circRNA","ENSMMUG00000004350","ENSMMUT00000006190","20,21,22,23,24,25","18:58227303-58228631|18:58240768-58242518",2.00517816764,17.2933355199,0.116461832768
"2471","18",58262260,58262583,"circular_RNA/7",0,"-",58262260,58262260,"0,0,0",2,"54,169","0,154",7,"circRNA","ENSMMUG00000004346","ENSMMUT00000006177","3,2","18:58251531-58262260|18:58262583-58266532",1.55958301928,4.41139196882,0.354997482772
"2472","18",58323794,58342406,"circular_RNA/7",0,"-",58323794,58323794,"0,0,0",5,"169,355,115,129,49","0,1973,13480,16595,18563",7,"circRNA","ENSMMUG00000004343","ENSMMUT00000006168","6,5,4,3,2","18:58291909-58323794|18:58342406-58391943",1.55958301928,4.71057728272,0.33249810887
"2473","18",58944764,58945424,"circular_RNA/2",0,"-",58944764,58944764,"0,0,0",3,"110,108,146","0,313,514",2,"circRNA","ENSMMUG00000021478","ENSMMUT00000062065","5,4,3","18:58942948-58944764|18:58945424-58946311",0.445595148365,48.1242760235,0.00946508779196
"2474","18",59396246,59420552,"circular_RNA/7",0,"-",59396246,59396246,"0,0,0",8,"142,97,70,144,115,89,127,895","0,6046,9838,14737,18753,20055,23203,23411",7,"circRNA","ENSMMUG00000012715","ENSMMUT00000074216","18,17,16,15,14,13,12,11","18:59391788-59396246|18:59420552-59422248",1.55958301928,48.0635130487,0.032649642594
"2475","18",59410983,59420552,"circular_RNA/5",0,"-",59410983,59410983,"0,0,0",5,"144,115,89,127,895","0,4016,5318,8466,8674",5,"circRNA","ENSMMUG00000012715","ENSMMUT00000074216","15,14,13,12,11","18:59406154-59410983|18:59420552-59422248",1.11398787091,48.0635130487,0.0233806060683
"2476","18",59410983,59422361,"circular_RNA/4",0,"-",59410983,59410983,"0,0,0",6,"144,115,89,127,895,113","0,4016,5318,8466,8674,11265",4,"circRNA","ENSMMUG00000012715","ENSMMUT00000074216","15,14,13,12,11,10","18:59406154-59410983|18:59422361-59423958",0.891190296731,48.0635130487,0.0187460878055
"2477","18",59463611,59482072,"circular_RNA/3",0,"-",59463611,59463611,"0,0,0",3,"96,43,207","0,9068,18254",3,"circRNA","ENSMMUG00000012715","ENSMMUT00000074216","4,3,2","18:59444673-59463611|18:59482072-59485977",0.668392722548,48.0635130487,0.0141115695427
"2478","18",60584987,60605792,"circular_RNA/6",0,"-",60584987,60584987,"0,0,0",4,"152,198,108,134","0,4184,16628,20671",6,"circRNA","ENSMMUG00000055822","ENSMMUT00000095027","12,11,10,9","18:60564160-60584987|18:60605792-60607737",1.3367854451,19.8067043448,0.0679621304162
"2479","18",60584987,60640368,"circular_RNA/166",0,"-",60584987,60584987,"0,0,0",11,"152,198,108,134,145,184,205,67,105,130,172","0,4184,16628,20671,22750,27630,41281,42806,47108,52089,55209",166,"circRNA","ENSMMUG00000055822","ENSMMUT00000095027","12,11,10,9,8,7,6,5,4,3,2","18:60564160-60584987|18:60640368-60665308",36.9843973143,19.8067043448,1.86682894747
"2480","18",60601615,60640368,"circular_RNA/7",0,"-",60601615,60601615,"0,0,0",9,"108,134,145,184,205,67,105,130,172","0,4043,6122,11002,24653,26178,30480,35461,38581",7,"circRNA","ENSMMUG00000055822","ENSMMUT00000095027","10,9,8,7,6,5,4,3,2","18:60589369-60601615|18:60640368-60665308",1.55958301928,19.8067043448,0.0792050480226
"2481","18",60605658,60640368,"circular_RNA/14",0,"-",60605658,60605658,"0,0,0",8,"134,145,184,205,67,105,130,172","0,2079,6959,20610,22135,26437,31418,34538",14,"circRNA","ENSMMUG00000055822","ENSMMUT00000095027","9,8,7,6,5,4,3,2","18:60601723-60605658|18:60640368-60665308",3.11916603856,19.8067043448,0.157905471269
"2482","18",60612617,60640368,"circular_RNA/5",0,"-",60612617,60612617,"0,0,0",6,"184,205,67,105,130,172","0,13651,15176,19478,24459,27579",5,"circRNA","ENSMMUG00000055822","ENSMMUT00000095027","7,6,5,4,3,2","18:60607882-60612617|18:60640368-60665308",1.11398787091,19.8067043448,0.0567192128092
"2483","18",60626268,60627860,"circular_RNA/4",0,"-",60626268,60626268,"0,0,0",2,"205,67","0,1525",4,"circRNA","ENSMMUG00000055822","ENSMMUT00000095027","6,5","18:60612801-60626268|18:60627860-60632095",0.891190296731,19.8067043448,0.0454762952028
"2484","18",60626268,60640368,"circular_RNA/55",0,"-",60626268,60626268,"0,0,0",5,"205,67,105,130,172","0,1525,5827,10808,13928",55,"circRNA","ENSMMUG00000055822","ENSMMUT00000095027","6,5,4,3,2","18:60612801-60626268|18:60640368-60665308",12.25386658,19.8067043448,0.618865093136
"2485","18",60843790,60884733,"circular_RNA/11",0,"+",60843790,60843790,"0,0,0",6,"115,61,115,132,90,144","0,2176,3939,8196,36257,40799",11,"circRNA","ENSMMUG00000012987","ENSMMUT00000018212","5,6,7,8,9,10","18:60837731-60843790|18:60884733-60888096",2.45077331601,15.1873679735,0.161921019502
"2486","18",60901405,60904121,"circular_RNA/7",0,"-",60901405,60901405,"0,0,0",2,"139,201","0,2515",7,"circRNA","ENSMMUG00000003974","ENSMMUT00000005633","31,30","18:60898317-60901405|18:60904121-60905419",1.55958301928,7.98506505871,0.19631898024
"2487","18",61013764,61036563,"circular_RNA/3",0,"-",61013764,61013764,"0,0,0",5,"123,177,177,198,166","0,3420,9047,21909,22633",3,"circRNA","ENSMMUG00000003974","ENSMMUT00000005633","6,5,4,3,2","18:60984869-61013764|18:61036563-61054289",0.668392722548,7.98506505871,0.0848514324232
"2488","18",61013764,61054399,"circular_RNA/12",0,"-",61013764,61013764,"0,0,0",6,"123,177,177,198,166,110","0,3420,9047,21909,22633,40525",12,"circRNA","ENSMMUG00000003974","ENSMMUT00000005633","6,5,4,3,2,1","18:60984869-61013764|None",2.67357089019,7.98506505871,0.335653415011
"2489","18",61035673,61054399,"circular_RNA/8",0,"-",61035673,61035673,"0,0,0",3,"198,166,110","0,724,18616",8,"circRNA","ENSMMUG00000003974","ENSMMUT00000005633","3,2,1","18:61022988-61035673|None",1.78238059346,7.98506505871,0.224185867194
"2490","18",61536830,61539543,"circular_RNA/1",0,"+",61536830,61536830,"0,0,0",4,"131,81,86,115","0,978,1412,2598",1,"circRNA","ENSMMUG00000004660","ENSMMUT00000048273","6,7,8,9","18:61532681-61536830|18:61539543-61543420",0.222797574183,40.1778292109,0.00579273821836
"2491","18",61536830,61544960,"circular_RNA/1",0,"+",61536830,61536830,"0,0,0",7,"131,81,86,115,66,93,129","0,978,1412,2598,6590,6808,8001",1,"circRNA","ENSMMUG00000004660","ENSMMUT00000048273","6,7,8,9,10,11,12","18:61532681-61536830|18:61544960-61550512",0.222797574183,40.1778292109,0.00579273821836
"2492","18",61977927,61984457,"circular_RNA/4",0,"-",61977927,61977927,"0,0,0",5,"82,100,130,42,135","0,2036,2431,3358,6395",4,"circRNA","ENSMMUG00000004051","ENSMMUT00000005749","15,14,13,12,11","18:61977011-61977927|18:61984457-61987000",0.891190296731,11.0210533362,0.0816957609817
"2493","18",64019899,64020310,"circular_RNA/5",0,"+",64019899,64019899,"0,0,0",2,"127,120","0,291",5,"circRNA","ENSMMUG00000005461","ENSMMUT00000048277","37,38","18:64014353-64019899|18:64020310-64022040",1.11398787091,21.4902790576,0.0522778270877
"2494","18",64046391,64046971,"circular_RNA/4",0,"+",64046391,64046391,"0,0,0",2,"159,115","0,465",4,"circRNA","ENSMMUG00000005461","ENSMMUT00000048277","45,46","18:64035372-64046391|18:64046971-64053193",0.891190296731,21.4902790576,0.0419152837187
"2495","18",69001362,69130446,"circular_RNA/9",1,"+",69001362,69001362,"0,0,0",6,"175,294,309,110,202,103","0,5613,109868,116715,125901,128981",9,"circRNA","ENSMMUG00000000768","ENSMMUT00000063014","6,7,8,9,10,11","18:68978362-69001362|18:69130446-69153620",2.00517816764,8.32705933508,0.241713305213
"2496","18",70158418,70193171,"circular_RNA/1",0,"+",70158418,70158418,"0,0,0",6,"138,148,69,147,201,143","0,12794,22093,26568,29485,34610",1,"circRNA","ENSMMUG00000049523","ENSMMUT00000099065","1,2,3,4,5,6","None|18:70193171-70198134",0.222797574183,13.5906520251,0.0171166480661
"2497","18",70158418,70198282,"circular_RNA/88",0,"+",70158418,70158418,"0,0,0",7,"138,148,69,147,201,143,148","0,12794,22093,26568,29485,34610,39716",88,"circRNA","ENSMMUG00000049523","ENSMMUT00000099065","1,2,3,4,5,6,7","None|18:70198282-70231156",19.6061865281,13.5906520251,1.44229750838
"2498","18",70171212,70198282,"circular_RNA/9",0,"+",70171212,70171212,"0,0,0",6,"148,69,147,201,143,148","0,9299,13774,16691,21816,26922",9,"circRNA","ENSMMUG00000049523","ENSMMUT00000099065","2,3,4,5,6,7","18:70158556-70171212|18:70198282-70231156",2.00517816764,13.5906520251,0.148167761657
"2499","18",70240510,70245373,"circular_RNA/8",0,"+",70240510,70240510,"0,0,0",2,"99,144","0,4719",8,"circRNA","ENSMMUG00000049523","ENSMMUT00000099572","6,7","18:70235865-70240510|18:70245373-70249210",1.78238059346,13.5906520251,0.131786372459
"2500","18",70458846,70459145,"circular_RNA/6",0,"+",70458846,70458846,"0,0,0",1,"299","0",6,"circRNA","ENSMMUG00000058728","ENSMMUT00000102434","2","18:70421437-70458846|18:70459145-70462999",1.3367854451,39.6084576325,0.0339938888483
"2501","18",70516956,70535402,"circular_RNA/5",0,"-",70516956,70516956,"0,0,0",8,"128,159,66,108,147,143,107,85","0,6042,7175,7371,10986,11626,17038,18361",5,"circRNA","ENSMMUG00000060986","ENSMMUT00000085986","10,9,8,7,6,5,4,3","18:70509946-70516956|18:70535402-70557720",1.11398787091,21.0915036893,0.0532657713621
"2502","18",70872743,70877889,"circular_RNA/8",0,"+",70872743,70872743,"0,0,0",3,"153,104,81","0,3918,5065",8,"circRNA","ENSMMUG00000062614","ENSMMUT00000091990","2,3,4","18:70855560-70872743|18:70877889-70885407",1.78238059346,212.54888577,0.00843239550757
"2503","18",70872743,70891406,"circular_RNA/5",0,"+",70872743,70872743,"0,0,0",5,"153,104,81,135,174","0,3918,5065,12664,18489",5,"circRNA","ENSMMUG00000062614","ENSMMUT00000091990","2,3,4,5,6","18:70855560-70872743|18:70891406-70894851",1.11398787091,212.54888577,0.00528788936223
"2504","18",73031809,73047017,"circular_RNA/8",0,"-",73031809,73031809,"0,0,0",8,"138,274,125,75,153,116,78,100","0,2616,3866,7677,10537,10846,14359,15108",8,"circRNA","ENSMMUG00000058099","ENSMMUT00000100228","9,8,7,6,5,4,3,2","18:73028271-73031809|18:73047017-73052276",1.78238059346,23.6412981494,0.0757836031721
"2505","18",73162564,73162729,"circular_RNA/2",0,"-",73162564,73162564,"0,0,0",1,"165","0",2,"circRNA","ENSMMUG00000061977","ENSMMUT00000093813","6","18:73153987-73162564|18:73162729-73168524",0.445595148365,42.1922906108,0.0107955075843
"2506","18",73162564,73193047,"circular_RNA/1",0,"-",73162564,73162564,"0,0,0",3,"165,78,126","0,5960,30357",1,"circRNA","ENSMMUG00000061977","ENSMMUT00000093813","6,5,4","18:73153987-73162564|18:73193047-73204945",0.222797574183,42.1922906108,0.00551623077358
"2507","18",73348613,73360407,"circular_RNA/2",0,"+",73348613,73348613,"0,0,0",3,"172,59,119","0,8087,11675",2,"circRNA","ENSMMUG00000063218","ENSMMUT00000089996","2,3,4","18:73344980-73348613|18:73360407-73362211",0.445595148365,57.5931729262,0.00790920230989
"2508","18",73443598,73443780,"circular_RNA/4",0,"-",73443598,73443598,"0,0,0",1,"182","0",4,"circRNA","ENSMMUG00000055629","ENSMMUT00000101084","8","18:73435630-73443598|18:73443780-73454784",0.891190296731,28.5817459452,0.0315192467945
"2509","18",73470661,73499503,"circular_RNA/8",0,"-",73470661,73470661,"0,0,0",3,"99,101,91","0,6268,28751",8,"circRNA","ENSMMUG00000055629","ENSMMUT00000101084","4,3,2","18:73465219-73470661|18:73499503-73525404",1.78238059346,28.5817459452,0.0626887422998
"2510","18",73627700,73655057,"circular_RNA/7",0,"+",73627700,73627700,"0,0,0",8,"168,126,176,53,121,149,136,125","0,1971,9881,15039,17452,19302,20585,27232",7,"circRNA","ENSMMUG00000064902","ENSMMUT00000096683","9,10,11,12,13,14,15,16","18:73623352-73627700|18:73655057-73666141",1.55958301928,54.4183074941,0.028837623133
"2511","18",73726970,73756256,"circular_RNA/2",0,"+",73726970,73726970,"0,0,0",14,"261,116,110,151,179,124,106,208,80,96,120,122,130,59","0,516,2483,6013,9096,9776,12095,12938,16141,17620,25546,26090,28319,29227",2,"circRNA","ENSMMUG00000064902","ENSMMUT00000096683","38,39,40,41,42,43,44,45,46,47,48,49,50,51","18:73711614-73726970|18:73756256-73763523",0.445595148365,54.4183074941,0.0083705551273
"2512","1",2119314,2120627,"circular_RNA/4",0,"+",2119314,2119314,"0,0,0",3,"124,57,147","0,284,1166",4,"circRNA","ENSMMUG00000016408","ENSMMUT00000110364","18,19,20","1:2117548-2119314|1:2120627-2122455",0.891190296731,32.9132780043,0.0273724352907
"2513","1",2119314,2140639,"circular_RNA/10",0,"+",2119314,2119314,"0,0,0",8,"124,57,147,188,145,132,151,151","0,284,1166,3141,11800,12021,12940,21174",10,"circRNA","ENSMMUG00000016408","ENSMMUT00000110364","18,19,20,21,22,23,24,25","1:2117548-2119314|1:2140639-2141249",2.22797574183,32.9132780043,0.0679754835329
"2514","1",2119314,2147236,"circular_RNA/7",0,"+",2119314,2119314,"0,0,0",12,"124,57,147,188,145,132,151,151,108,193,195,397","0,284,1166,3141,11800,12021,12940,21174,21935,24998,26670,27525",7,"circRNA","ENSMMUG00000016408","ENSMMUT00000110364","18,19,20,21,22,23,24,25,26,27,28,29","1:2117548-2119314|1:2147236-2150601",1.55958301928,32.9132780043,0.0476739594118
"2515","1",2141249,2150725,"circular_RNA/11",0,"+",2141249,2141249,"0,0,0",5,"108,193,195,397,124","0,3063,4735,5590,9352",11,"circRNA","ENSMMUG00000016408","ENSMMUT00000110364","26,27,28,29,30","1:2140639-2141249|1:2150725-2153629",2.45077331601,32.9132780043,0.0747426582398
"2516","1",2158100,2159925,"circular_RNA/2",0,"+",2158100,2158100,"0,0,0",1,"1825","0",2,"circRNA","ENSMMUG00000016408","ENSMMUT00000110364","33","1:2156507-2158100|1:2159925-2165398",0.445595148365,32.9132780043,0.0138380858767
"2517","1",2517871,2518825,"circular_RNA/1",0,"+",2517871,2517871,"0,0,0",2,"154,149","0,805",1,"circRNA","ENSMMUG00000055490","ENSMMUT00000101527","3,4","1:2512298-2517871|1:2518825-2524401",0.222797574183,28.61357417,0.00813307146062
"2518","1",4697642,4699457,"circular_RNA/3",0,"+",4697642,4697642,"0,0,0",2,"125,98","0,1717",3,"circRNA","ENSMMUG00000000016","ENSMMUT00000000024","10,11","1:4696634-4697642|1:4699457-4704208",0.668392722548,27.5340668761,0.0246293594043
"2519","1",5279767,5487483,"circular_RNA/3",0,"+",5279767,5279767,"0,0,0",5,"158,126,112,145,132","0,143689,177415,199305,207584",3,"circRNA","ENSMMUG00000019995","ENSMMUT00000044490","3,4,5,6,7","1:5268799-5279767|1:5487483-5511512",0.668392722548,8.39204196088,0.0807414109221
"2520","1",5709773,5720573,"circular_RNA/10",0,"-",5709773,5709773,"0,0,0",3,"132,109,128","0,8433,10672",10,"circRNA","ENSMMUG00000019994","ENSMMUT00000028100","16,15,14","1:5640652-5709773|1:5720573-5757652",2.22797574183,9.13470054149,0.244729254028
"2521","1",5946182,5968819,"circular_RNA/1",0,"+",5946182,5946182,"0,0,0",5,"164,294,150,127,1833","0,350,13739,17177,20804",1,"circRNA","ENSMMUG00000019914","ENSMMUT00000044484","8,9,10,11,12","1:5941875-5946182|1:5968819-5976613",0.222797574183,11.5607185715,0.0201195433753
"2522","1",11622810,11687576,"circular_RNA/9",0,"-",11622810,11622810,"0,0,0",8,"165,157,75,97,100,113,79,75","0,17736,24458,46531,47333,56823,59798,64691",9,"circRNA","ENSMMUG00000001060","ENSMMUT00000001510","13,12,11,10,9,8,7,6","1:11616987-11622810|1:11687576-11693148",2.00517816764,1.50729379268,1.32813972967
"2523","1",12481663,12486214,"circular_RNA/8",0,"+",12481663,12481663,"0,0,0",4,"129,231,127,161","0,2202,3026,4390",8,"circRNA","ENSMMUG00000015135","ENSMMUT00000021216","29,30,31,32","1:12479843-12481663|1:12486214-12489305",1.78238059346,23.4154816379,0.0765141405059
"2524","1",13203960,13207415,"circular_RNA/9",0,"+",13203960,13203960,"0,0,0",2,"90,199","0,3256",9,"circRNA","ENSMMUG00000012729","ENSMMUT00000017849","2,3","1:13193788-13203960|1:13207415-13224221",2.00517816764,16.3035401343,0.123527949853
"2525","1",13588839,13594434,"circular_RNA/5",0,"-",13588839,13588839,"0,0,0",4,"60,69,154,153","0,1039,3986,5442",5,"circRNA","ENSMMUG00000008426","ENSMMUT00000102916","14,13,12,11","1:13583453-13588839|1:13594434-13595128",1.11398787091,12.7153758409,0.0883264969902
"2526","1",13592825,13594434,"circular_RNA/1",0,"-",13592825,13592825,"0,0,0",2,"154,153","0,1456",1,"circRNA","ENSMMUG00000008426","ENSMMUT00000102916","12,11","1:13589947-13592825|1:13594434-13595128",0.222797574183,12.7153758409,0.0182939645236
"2527","1",13806548,13839721,"circular_RNA/1",0,"+",13806548,13806548,"0,0,0",7,"73,95,98,244,176,85,199","0,1453,3342,4446,5031,30239,32974",1,"circRNA","ENSMMUG00000007141","ENSMMUT00000106833","13,14,15,16,17,18,19","1:13801504-13806548|1:13839721-13850954",0.222797574183,21.6210515468,0.0107621940468
"2528","1",15643367,15643984,"circular_RNA/3",0,"-",15643367,15643367,"0,0,0",2,"98,151","0,466",3,"circRNA","ENSMMUG00000009226","ENSMMUT00000012899","8,7","1:15640620-15643367|1:15643984-15647708",0.668392722548,15.5958301928,0.0434704667529
"2529","1",15657828,15670901,"circular_RNA/41",0,"-",15657828,15657828,"0,0,0",4,"241,176,149,181","0,6978,8700,12892",41,"circRNA","ENSMMUG00000009226","ENSMMUT00000012899","5,4,3,2","1:15647831-15657828|1:15670901-15688261",9.13470054149,15.5958301928,0.585979754266
"2530","1",15808022,15879315,"circular_RNA/1",1,"+",15808022,15808022,"0,0,0",9,"172,111,92,110,97,93,151,142,178","0,9463,10731,30617,31907,46791,47729,66453,71115",1,"circRNA","ENSMMUG00000012615","ENSMMUT00000017688","13,14,15,16,17,18,19,20,21","1:15798818-15808022|1:15879315-15918193",0.222797574183,0.445595148365,0.510974655938
"2531","1",17612811,17616317,"circular_RNA/1",0,"+",17612811,17612811,"0,0,0",2,"120,137","0,3369",1,"circRNA","ENSMMUG00000053396","ENSMMUT00000098156","2,3","1:17566633-17612811|1:17616317-17619299",0.222797574183,40.6605572883,0.00572398289339
"2532","1",18029069,18036001,"circular_RNA/14",0,"+",18029069,18029069,"0,0,0",3,"95,76,71","0,2943,6861",14,"circRNA","ENSMMUG00000005888","ENSMMUT00000058100","2,3,4","1:18010262-18029069|1:18036001-18049430",3.11916603856,4.3710762173,0.71424597139
"2533","1",19526995,19537963,"circular_RNA/6",0,"+",19526995,19526995,"0,0,0",4,"95,225,123,100","0,5555,9619,10868",6,"circRNA","ENSMMUG00000022091","ENSMMUT00000088643","14,15,16,17","1:19525446-19526995|1:19537963-19538831",1.3367854451,23.6266700258,0.0569786456227
"2534","1",19540027,19542957,"circular_RNA/2",0,"+",19540027,19540027,"0,0,0",2,"134,159","0,2771",2,"circRNA","ENSMMUG00000022091","ENSMMUT00000088643","19,20","1:19539083-19540027|1:19542957-19545713",0.445595148365,23.6266700258,0.0192749295001
"2535","1",23382803,23383926,"circular_RNA/14",0,"+",23382803,23382803,"0,0,0",2,"160,97","0,1026",14,"circRNA","ENSMMUG00000053859","ENSMMUT00000083644","2,3","1:23319974-23382803|1:23383926-23388762",3.11916603856,36.8952782847,0.0847891191721
"2536","1",24737295,24749726,"circular_RNA/7",0,"+",24737295,24737295,"0,0,0",3,"127,95,174","0,6955,12257",7,"circRNA","ENSMMUG00000008155","ENSMMUT00000058589","8,9,10","1:24735533-24737295|1:24749726-24756641",1.55958301928,6.35830000168,0.246468134175
"2537","1",25299229,25324883,"circular_RNA/33",0,"+",25299229,25299229,"0,0,0",3,"62,93,186","0,14568,25468",33,"circRNA","ENSMMUG00000010389","ENSMMUT00000087061","2,3,4","1:25284121-25299229|1:25324883-25337669",7.35231994803,39.8979040536,0.184482751541
"2538","1",25313797,25324883,"circular_RNA/2",0,"+",25313797,25313797,"0,0,0",2,"93,186","0,10900",2,"circRNA","ENSMMUG00000010389","ENSMMUT00000087061","3,4","1:25299291-25313797|1:25324883-25337669",0.445595148365,39.8979040536,0.0114161632681
"2539","1",25388948,25395765,"circular_RNA/11",0,"+",25388948,25388948,"0,0,0",4,"118,116,87,328","0,4629,6174,6489",11,"circRNA","ENSMMUG00000010389","ENSMMUT00000087061","11,12,13,14","1:25355061-25388948|1:25395765-25412891",2.45077331601,39.8979040536,0.0616613017989
"2540","1",25645687,25651513,"circular_RNA/3",1,"+",25645687,25645687,"0,0,0",3,"62,189,136","0,1948,5690",3,"circRNA","ENSMMUG00000060729","ENSMMUT00000096575","5,6,7","1:25643127-25645687|1:25651513-25655312",0.668392722548,1.46409834463,0.460208591251
"2541","1",28854661,28864263,"circular_RNA/24",0,"+",28854661,28854661,"0,0,0",5,"134,88,145,54,613","0,214,1587,4489,8989",24,"circRNA","ENSMMUG00000013639","ENSMMUT00000019157","7,8,9,10,11","1:28853699-28854661|1:28864263-28866799",5.34714178038,50.3681658777,0.106338563285
"2542","1",29341297,29356667,"circular_RNA/13",0,"+",29341297,29341297,"0,0,0",6,"99,161,143,136,68,139","0,700,4448,8795,11186,15231",13,"circRNA","ENSMMUG00000007273","ENSMMUT00000010159","5,6,7,8,9,10","1:29300144-29341297|1:29356667-29372772",2.89636846437,1.75267425024,1.6488403708
"2543","1",31253323,31266963,"circular_RNA/3",0,"-",31253323,31253323,"0,0,0",5,"153,168,371,215,282","0,9595,10241,12473,13358",3,"circRNA","ENSMMUG00000000630","ENSMMUT00000000906","13,12,11,10,9","1:31248560-31253323|1:31266963-31272360",0.668392722548,16.8459721368,0.0402464311784
"2544","1",31600775,31894918,"circular_RNA/2",0,"+",31600775,31600775,"0,0,0",4,"142,94,151,114","0,61900,78591,294029",2,"circRNA","ENSMMUG00000001565","ENSMMUT00000002215","10,11,12,13","1:31582886-31600775|1:31894918-31939680",0.445595148365,9.28323225761,0.0490244013854
"2545","1",33338220,33342615,"circular_RNA/3",0,"-",33338220,33338220,"0,0,0",2,"136,115","0,4280",3,"circRNA","ENSMMUG00000059669","ENSMMUT00000100035","11,10","1:33306952-33338220|1:33342615-33371673",0.668392722548,20.720174399,0.0327248922026
"2546","1",33338220,33391747,"circular_RNA/9",0,"-",33338220,33338220,"0,0,0",5,"136,115,58,77,60","0,4280,33453,51981,53467",9,"circRNA","ENSMMUG00000059669","ENSMMUT00000100035","11,10,9,8,7","1:33306952-33338220|1:33391747-33405066",2.00517816764,20.720174399,0.0972098993888
"2547","1",33419607,33440786,"circular_RNA/5",0,"-",33419607,33419607,"0,0,0",4,"120,77,98,60","0,934,12637,21119",5,"circRNA","ENSMMUG00000059669","ENSMMUT00000100035","5,4,3,2","1:33405135-33419607|1:33440786-33462855",1.11398787091,20.720174399,0.0542198945979
"2548","1",36246555,36257384,"circular_RNA/4",1,"+",36246555,36246555,"0,0,0",3,"510,87,110","0,6515,10719",4,"circRNA","ENSMMUG00000006260","ENSMMUT00000091103","2,3,4","1:36229662-36246555|1:36257384-36266683",0.891190296731,13.0495722021,0.0690061115927
"2549","1",36323228,36324912,"circular_RNA/3",0,"-",36323228,36323228,"0,0,0",2,"85,273","0,1411",3,"circRNA","ENSMMUG00000006262","ENSMMUT00000044774","6,5","1:36321815-36323228|1:36324912-36329375",0.668392722548,16.1426969658,0.0419987277657
"2550","1",36334777,36336826,"circular_RNA/4",0,"-",36334777,36334777,"0,0,0",2,"171,63","0,1986",4,"circRNA","ENSMMUG00000006262","ENSMMUT00000044774","3,2","1:36329671-36334777|1:36336826-36428930",0.891190296731,16.1426969658,0.0557919398005
"2551","1",37222210,37254939,"circular_RNA/4",0,"+",37222210,37222210,"0,0,0",12,"122,1061,151,164,175,221,164,111,141,137,123,170","0,4419,7170,8900,15475,18037,21101,25599,26127,27537,28524,32559",4,"circRNA","ENSMMUG00000002135","ENSMMUT00000090047","10,11,12,13,14,15,16,17,18,19,20,21","1:37221205-37222210|1:37254939-37259238",0.891190296731,17.7371624335,0.0507794020654
"2552","1",37294464,37302474,"circular_RNA/1",0,"+",37294464,37294464,"0,0,0",5,"140,83,2003,408,147","0,2539,4443,7359,7863",1,"circRNA","ENSMMUG00000002135","ENSMMUT00000090047","32,33,34,35,36","1:37291093-37294464|1:37302474-37305134",0.222797574183,17.7371624335,0.0131174532861
"2553","1",37595323,37611137,"circular_RNA/1",0,"-",37595323,37595323,"0,0,0",2,"90,106","0,15708",1,"circRNA","ENSMMUG00000012051","ENSMMUT00000081030","6,5","1:37455724-37595323|1:37611137-37627862",0.222797574183,24.0303097868,0.00968363453914
"2554","1",37595323,37627945,"circular_RNA/3",0,"-",37595323,37595323,"0,0,0",3,"90,106,83","0,15708,32539",3,"circRNA","ENSMMUG00000012051","ENSMMUT00000081030","6,5,4","1:37455724-37595323|1:37627945-37691959",0.668392722548,24.0303097868,0.0282189675825
"2555","1",41967064,41972291,"circular_RNA/2",0,"-",41967064,41967064,"0,0,0",4,"166,192,154,155","0,1507,3743,5072",2,"circRNA","ENSMMUG00000005410","ENSMMUT00000007610","18,17,16,15","1:41963377-41967064|1:41972291-41972841",0.445595148365,13.3121550574,0.0341983069858
"2556","1",41972841,41979633,"circular_RNA/7",0,"-",41972841,41972841,"0,0,0",4,"166,125,84,84","0,4430,5093,6708",7,"circRNA","ENSMMUG00000005410","ENSMMUT00000007610","14,13,12,11","1:41972291-41972841|1:41979633-41979830",1.55958301928,13.3121550574,0.117817501186
"2557","1",42390118,42399328,"circular_RNA/1",0,"-",42390118,42390118,"0,0,0",6,"80,124,130,65,114,111","0,551,2087,3850,7669,9099",1,"circRNA","ENSMMUG00000013879","ENSMMUT00000019482","7,6,5,4,3,2","1:42386955-42390118|1:42399328-42403992",0.222797574183,16.1687382407,0.0143891056719
"2558","1",42421864,42422606,"circular_RNA/13",0,"+",42421864,42421864,"0,0,0",1,"742","0",13,"circRNA","ENSMMUG00000013882","ENSMMUT00000091537","5","1:42415765-42421864|1:42422606-42427978",2.89636846437,12.6576871833,0.22943165728
"2559","1",42447185,42466483,"circular_RNA/2",0,"+",42447185,42447185,"0,0,0",5,"146,164,139,149,188","0,2051,3990,11480,19110",2,"circRNA","ENSMMUG00000013882","ENSMMUT00000091537","11,12,13,14,15","1:42438854-42447185|1:42466483-42477451",0.445595148365,12.6576871833,0.0359651404217
"2560","1",43553992,43556961,"circular_RNA/1",0,"-",43553992,43553992,"0,0,0",4,"149,273,209,62","0,956,2168,2907",1,"circRNA","ENSMMUG00000009081","ENSMMUT00000012704","38,37,36,35","1:43553383-43553992|1:43556961-43557171",0.222797574183,21.4554063938,0.0108452441995
"2561","1",43627748,43639211,"circular_RNA/4",0,"+",43627748,43627748,"0,0,0",2,"186,111","0,11352",4,"circRNA","ENSMMUG00000009085","ENSMMUT00000012709","12,13","1:43620592-43627748|1:43639211-43640369",0.891190296731,5.5870776295,0.161010862522
"2562","1",44127338,44128539,"circular_RNA/10",0,"+",44127338,44127338,"0,0,0",2,"149,114","0,1087",10,"circRNA","ENSMMUG00000021423","ENSMMUT00000099629","4,5","1:44105105-44127338|1:44128539-44141447",2.22797574183,7.14344722223,0.312852764871
"2563","1",50551071,50554272,"circular_RNA/12",0,"+",50551071,50551071,"0,0,0",2,"162,101","0,3100",12,"circRNA","ENSMMUG00000022647","ENSMMUT00000090661","14,15","1:50528085-50551071|1:50554272-50568133",2.67357089019,27.6417523703,0.0970488544181
"2564","1",54508845,54530647,"circular_RNA/2",0,"-",54508845,54508845,"0,0,0",13,"195,129,143,208,222,86,146,176,131,142,68,147,105","0,4113,4359,4592,6341,7077,7253,10776,11468,12193,14261,17058,21697",2,"circRNA","ENSMMUG00000000245","ENSMMUT00000044978","14,13,12,11,10,9,8,7,6,5,4,3,2","1:54496189-54508845|1:54530647-54533071",0.445595148365,3.24294246866,0.140056319088
"2565","1",54586218,54587419,"circular_RNA/6",0,"-",54586218,54586218,"0,0,0",2,"70,208","0,993",6,"circRNA","ENSMMUG00000058395","ENSMMUT00000086607","3,2","1:54583862-54586218|1:54587419-54594787",1.3367854451,4.87369693525,0.275771707982
"2566","1",54934648,55058352,"circular_RNA/7",0,"-",54934648,54934648,"0,0,0",14,"108,57,69,41,91,102,126,102,46,101,111,54,81,70","0,994,5781,6566,13070,45431,62751,74640,79483,85165,108415,111362,117901,123634",7,"circRNA","ENSMMUG00000013962","ENSMMUT00000102508","19,18,17,16,15,14,13,12,11,10,9,8,7,6","1:54922487-54934648|1:55058352-55072009",1.55958301928,32.0085848242,0.0490209991446
"2567","1",54934648,55179136,"circular_RNA/4",0,"-",54934648,54934648,"0,0,0",19,"108,57,69,41,91,102,126,102,46,101,111,54,60,81,70,120,50,44,65","0,994,5781,6566,13070,45431,62751,74640,79483,85165,108415,111362,112726,117901,123634,137361,139457,184582,244423",4,"circRNA","ENSMMUG00000013962","ENSMMUT00000088759","20,19,18,17,16,15,14,13,12,11,10,9,8,7,6,5,4,3,2","1:54922487-54934648|1:55179136-55181336",0.891190296731,32.0085848242,0.0281458503453
"2568","1",54980079,55019914,"circular_RNA/5",0,"-",54980079,54980079,"0,0,0",5,"102,126,102,46,101","0,17320,29209,34052,39734",5,"circRNA","ENSMMUG00000013962","ENSMMUT00000102508","14,13,12,11,10","1:54947809-54980079|1:55019914-55043063",1.11398787091,32.0085848242,0.0351042332783
"2569","1",54980079,55058352,"circular_RNA/17",0,"-",54980079,54980079,"0,0,0",9,"102,126,102,46,101,111,54,81,70","0,17320,29209,34052,39734,62984,65931,72470,78203",17,"circRNA","ENSMMUG00000013962","ENSMMUT00000102508","14,13,12,11,10,9,8,7,6","1:54947809-54980079|1:55058352-55072009",3.78755876111,32.0085848242,0.118604828476
"2570","1",54980079,55179136,"circular_RNA/44",0,"-",54980079,54980079,"0,0,0",14,"102,126,102,46,101,111,54,60,81,70,120,50,44,65","0,17320,29209,34052,39734,62984,65931,67295,72470,78203,91930,94026,139151,198992",44,"circRNA","ENSMMUG00000013962","ENSMMUT00000088759","15,14,13,12,11,10,9,8,7,6,5,4,3,2","1:54947809-54980079|1:55179136-55181336",9.80309326404,32.0085848242,0.306481167669
"2571","1",54997399,55058352,"circular_RNA/9",0,"-",54997399,54997399,"0,0,0",8,"126,102,46,101,111,54,81,70","0,11889,16732,22414,45664,48611,55150,60883",9,"circRNA","ENSMMUG00000013962","ENSMMUT00000102508","13,12,11,10,9,8,7,6","1:54980181-54997399|1:55058352-55072009",2.00517816764,32.0085848242,0.0629377650107
"2572","1",55009288,55179136,"circular_RNA/6",0,"-",55009288,55009288,"0,0,0",12,"102,46,101,111,54,60,81,70,120,50,44,65","0,4843,10525,33775,36722,38086,43261,48994,62721,64817,109942,169783",6,"circRNA","ENSMMUG00000013962","ENSMMUT00000088759","13,12,11,10,9,8,7,6,5,4,3,2","1:54997525-55009288|1:55179136-55181336",1.3367854451,32.0085848242,0.0420626162116
"2573","1",55043063,55058352,"circular_RNA/51",0,"-",55043063,55043063,"0,0,0",4,"111,54,81,70","0,2947,9486,15219",51,"circRNA","ENSMMUG00000013962","ENSMMUT00000102508","9,8,7,6","1:55019914-55043063|1:55058352-55072009",11.3626762833,32.0085848242,0.3551898482
"2574","1",55043063,55179136,"circular_RNA/44",0,"-",55043063,55043063,"0,0,0",9,"111,54,60,81,70,120,50,44,65","0,2947,4311,9486,15219,28946,31042,76167,136008",44,"circRNA","ENSMMUG00000013962","ENSMMUT00000088759","10,9,8,7,6,5,4,3,2","1:55019914-55043063|1:55179136-55181336",9.80309326404,32.0085848242,0.306481167669
"2575","1",59277212,59285049,"circular_RNA/4",0,"+",59277212,59277212,"0,0,0",9,"89,87,120,101,59,152,99,107,140","0,909,2493,2717,3018,3681,5639,7291,7697",4,"circRNA","ENSMMUG00000001916","ENSMMUT00000096650","5,6,7,8,9,10,11,12,13","1:59273366-59277212|1:59285049-59289942",0.891190296731,16.7195049148,0.0538683183585
"2576","1",59711014,59715536,"circular_RNA/4",0,"+",59711014,59711014,"0,0,0",2,"216,72","0,4450",4,"circRNA","ENSMMUG00000013790","ENSMMUT00000019366","5,6","1:59672388-59711014|1:59715536-59732876",0.891190296731,8.29593320339,0.108499583932
"2577","1",60194348,60200429,"circular_RNA/3",0,"-",60194348,60194348,"0,0,0",4,"159,110,97,135","0,2562,4147,5946",3,"circRNA","ENSMMUG00000015233","ENSMMUT00000021356","8,7,6,5","1:60192441-60194348|1:60200429-60205712",0.668392722548,24.3449195482,0.0278544431734
"2578","1",63142708,63143581,"circular_RNA/6",0,"-",63142708,63142708,"0,0,0",1,"873","0",6,"circRNA","ENSMMUG00000001024","ENSMMUT00000005840","3","1:63141506-63142708|1:63143581-63146445",1.3367854451,39.9364651722,0.0337147589729
"2579","1",64542132,64542318,"circular_RNA/8",1,"-",64542132,64542132,"0,0,0",1,"186","0",8,"circRNA","ENSMMUG00000022173","ENSMMUT00000073303","2","1:64539709-64542132|1:64542318-64549790",1.78238059346,7.50085166415,0.238638795387
"2580","1",64843619,64849739,"circular_RNA/1",1,"+",64843619,64843619,"0,0,0",3,"189,114,81","0,5316,6039",1,"circRNA","ENSMMUG00000011711","ENSMMUT00000095111","6,7,8","1:64839353-64843619|1:64849739-64851751",0.222797574183,42.3315390947,0.00549808956312
"2581","1",65587964,65592054,"circular_RNA/5",0,"-",65587964,65587964,"0,0,0",3,"115,97,154","0,3235,3936",5,"circRNA","ENSMMUG00000004563","ENSMMUT00000006453","9,8,7","1:65579779-65587964|1:65592054-65594013",1.11398787091,12.3230106548,0.0911365361119
"2582","1",67209648,67211889,"circular_RNA/3",1,"+",67209648,67209648,"0,0,0",4,"114,131,112,186","0,894,1820,2055",3,"circRNA","ENSMMUG00000059587","ENSMMUT00000095736","1,2,3,4","None|1:67211889-67237713",0.668392722548,1.96061865281,0.344253679717
"2583","1",68424765,68425195,"circular_RNA/2",1,"-",68424765,68424765,"0,0,0",1,"430","0",2,"circRNA","ENSMMUG00000016102","ENSMMUT00000086708","7","1:68307489-68424765|1:68425195-68515594",0.445595148365,0.289636846437,1.52049106705
"2584","1",69273875,69288390,"circular_RNA/5",0,"-",69273875,69273875,"0,0,0",4,"127,274,96,119","0,4247,8323,14396",5,"circRNA","ENSMMUG00000020560","ENSMMUT00000028931","6,5,4,3","1:69243486-69273875|1:69288390-69329993",1.11398787091,4.93867956105,0.227128844582
"2585","1",70570447,70637396,"circular_RNA/13",0,"+",70570447,70570447,"0,0,0",5,"116,94,363,116,93","0,9577,22065,58303,66856",13,"circRNA","ENSMMUG00000005210","ENSMMUT00000103919","4,5,6,7,8","1:70543474-70570447|1:70637396-70685568",2.89636846437,8.24351024476,0.352137257746
"2586","1",71775459,71794512,"circular_RNA/1",0,"+",71775459,71775459,"0,0,0",9,"111,61,125,68,103,111,121,178,109","0,2885,3664,9477,12424,14960,15743,16793,18944",1,"circRNA","ENSMMUG00000015631","ENSMMUT00000021928","3,4,5,6,7,8,9,10,11","1:71765965-71775459|1:71794512-71796530",0.222797574183,22.340520393,0.0104157563265
"2587","1",71820751,71842455,"circular_RNA/1",0,"-",71820751,71820751,"0,0,0",7,"164,235,129,219,144,1478,79","0,4630,7605,11105,12839,18165,21625",1,"circRNA","ENSMMUG00000015632","ENSMMUT00000073153","18,17,16,15,14,13,12","1:71814327-71820751|1:71842455-71846512",0.222797574183,13.0955463047,0.0177632865331
"2588","1",77529808,77530042,"circular_RNA/2",0,"-",77529808,77529808,"0,0,0",1,"234","0",2,"circRNA","ENSMMUG00000008722","ENSMMUT00000075821","20","1:77528656-77529808|1:77530042-77538201",0.445595148365,56.7228699021,0.00803053237305
"2589","1",81725953,81738710,"circular_RNA/6",0,"-",81725953,81725953,"0,0,0",3,"100,120,63","0,6994,12694",6,"circRNA","ENSMMUG00000022510","ENSMMUT00000031671","18,17,16","1:81708045-81725953|1:81738710-81743914",1.3367854451,16.620699034,0.080981890319
"2590","1",83521282,83521775,"circular_RNA/1",1,"-",83521282,83521282,"0,0,0",1,"493","0",1,"circRNA","ENSMMUG00000042699","ENSMMUT00000058647","6","1:83518903-83521282|1:83521775-83524642",0.222797574183,4.71588198687,0.0492601327815
"2591","1",84578982,84615991,"circular_RNA/9",0,"-",84578982,84578982,"0,0,0",11,"118,118,124,85,98,594,63,217,82,140,137","0,10966,11775,18073,20914,23525,25589,26471,28516,36052,36872",9,"circRNA","ENSMMUG00000008638","ENSMMUT00000012089","35,34,33,32,31,30,29,28,27,26,25","1:84568768-84578982|1:84615991-84620230",2.00517816764,8.19209541995,0.24569065153
"2592","1",88454964,88468595,"circular_RNA/8",0,"-",88454964,88454964,"0,0,0",4,"89,99,77,95","0,3750,3997,13536",8,"circRNA","ENSMMUG00000019513","ENSMMUT00000027409","7,6,5,4","1:88450440-88454964|1:88468595-88471231",1.78238059346,59.0413571584,0.0303529110881
"2593","1",89076795,89197576,"circular_RNA/2",0,"-",89076795,89076795,"0,0,0",11,"85,115,68,100,114,132,92,186,221,204,130","0,49773,52789,65983,67391,72506,91999,93347,109035,119594,120651",2,"circRNA","ENSMMUG00000004049","ENSMMUT00000091464","15,14,13,12,11,10,9,8,7,6,5","1:89028210-89076795|1:89197576-89205131",0.445595148365,20.3488451087,0.0223782412967
"2594","1",89126568,89197576,"circular_RNA/6",0,"-",89126568,89126568,"0,0,0",10,"115,68,100,114,132,92,186,221,204,130","0,3016,16210,17618,22733,42226,43574,59262,69821,70878",6,"circRNA","ENSMMUG00000004049","ENSMMUT00000091464","14,13,12,11,10,9,8,7,6,5","1:89076880-89126568|1:89197576-89205131",1.3367854451,20.3488451087,0.0661523498955
"2595","1",89168794,89197576,"circular_RNA/5",0,"-",89168794,89168794,"0,0,0",5,"92,186,221,204,130","0,1348,17036,27595,28652",5,"circRNA","ENSMMUG00000004049","ENSMMUT00000091464","9,8,7,6,5","1:89149433-89168794|1:89197576-89205131",1.11398787091,20.3488451087,0.0552088227455
"2596","1",89196389,89197576,"circular_RNA/4",0,"-",89196389,89196389,"0,0,0",2,"204,130","0,1057",4,"circRNA","ENSMMUG00000004049","ENSMMUT00000091464","6,5","1:89186051-89196389|1:89197576-89205131",0.891190296731,20.3488451087,0.0442652955961
"2597","1",90606362,90626291,"circular_RNA/3",0,"+",90606362,90606362,"0,0,0",6,"110,110,100,136,83,151","0,7011,9429,17960,18615,19778",3,"circRNA","ENSMMUG00000021854","ENSMMUT00000057634","6,7,8,9,10,11","1:90605321-90606362|1:90626291-90627579",0.668392722548,75.5492649205,0.00897828642539
"2598","1",95066750,95067232,"circular_RNA/1",0,"+",95066750,95066750,"0,0,0",2,"53,164","0,318",1,"circRNA","ENSMMUG00000004648","ENSMMUT00000006575","5,6","1:95064666-95066750|1:95067232-95068072",0.222797574183,15.8529043168,0.0146755959397
"2599","1",95090943,95091437,"circular_RNA/1",0,"+",95090943,95090943,"0,0,0",2,"74,192","0,302",1,"circRNA","ENSMMUG00000053454","ENSMMUT00000109780","4,5","1:95085037-95090943|1:95091437-95094712",0.222797574183,15.2393540741,0.0152660613067
"2600","1",95215800,95222227,"circular_RNA/3",0,"+",95215800,95215800,"0,0,0",5,"199,87,172,145,151","0,1030,2335,4286,6276",3,"circRNA","ENSMMUG00000009987","ENSMMUT00000045782","13,14,15,16,17","1:95209675-95215800|1:95222227-95339072",0.668392722548,10.0258908382,0.0675966621683
"2601","1",95234311,95241206,"circular_RNA/4",1,"+",95234311,95234311,"0,0,0",5,"198,144,144,120,114","0,2941,3652,3898,6781",4,"circRNA","ENSMMUG00000009987","ENSMMUT00000013946","25,26,27,28,29","1:95232500-95234311|1:95241206-95242173",0.891190296731,10.0258908382,0.0897967416406
"2602","1",95266098,95266761,"circular_RNA/1",0,"-",95266098,95266098,"0,0,0",2,"93,109","0,554",1,"circRNA","ENSMMUG00000018080","ENSMMUT00000045790","7,6","1:95264431-95266098|1:95266761-95270852",0.222797574183,19.8512638597,0.0117211863166
"2603","1",95319285,95322602,"circular_RNA/2",0,"+",95319285,95319285,"0,0,0",2,"104,199","0,3118",2,"circRNA","ENSMMUG00000009987","ENSMMUT00000045770","2,3","1:95318388-95319285|1:95322602-95324025",0.445595148365,10.0258908382,0.0453965826961
"2604","1",95319285,95324112,"circular_RNA/1",0,"+",95319285,95319285,"0,0,0",3,"104,199,87","0,3118,4740",1,"circRNA","ENSMMUG00000009987","ENSMMUT00000045770","2,3,4","1:95318388-95319285|1:95324112-95326397",0.222797574183,10.0258908382,0.0231965032239
"2605","1",95319285,95329440,"circular_RNA/5",0,"+",95319285,95319285,"0,0,0",5,"104,199,87,172,145","0,3118,4740,7112,10010",5,"circRNA","ENSMMUG00000009987","ENSMMUT00000045770","2,3,4,5,6","1:95318388-95319285|1:95329440-95330970",1.11398787091,10.0258908382,0.111996821112
"2606","1",95557817,95580368,"circular_RNA/7",0,"+",95557817,95557817,"0,0,0",2,"102,742","0,21809",7,"circRNA","ENSMMUG00000023146","ENSMMUT00000032564","4,5","1:95538710-95557817|1:95580368-95600982",1.55958301928,21.5919909936,0.0726591831163
"2607","1",95557817,95601162,"circular_RNA/9",0,"+",95557817,95557817,"0,0,0",3,"102,742,180","0,21809,43165",9,"circRNA","ENSMMUG00000023146","ENSMMUT00000032564","4,5,6","1:95538710-95557817|1:95601162-95616056",2.00517816764,21.5919909936,0.0932866867798
"2608","1",95557817,95616151,"circular_RNA/21",0,"+",95557817,95557817,"0,0,0",4,"102,742,180,95","0,21809,43165,58239",21,"circRNA","ENSMMUG00000023146","ENSMMUT00000032564","4,5,6,7","1:95538710-95557817|1:95616151-95631072",4.67874905784,21.5919909936,0.217051708763
"2609","1",95579626,95601162,"circular_RNA/3",0,"+",95579626,95579626,"0,0,0",2,"742,180","0,21356",3,"circRNA","ENSMMUG00000023146","ENSMMUT00000032564","5,6","1:95557919-95579626|1:95601162-95616056",0.668392722548,21.5919909936,0.0314041757887
"2610","1",95600982,95616151,"circular_RNA/5",0,"+",95600982,95600982,"0,0,0",2,"180,95","0,15074",5,"circRNA","ENSMMUG00000023146","ENSMMUT00000032564","6,7","1:95580368-95600982|1:95616151-95631072",1.11398787091,21.5919909936,0.0520316794523
"2611","1",96816928,96817632,"circular_RNA/3",0,"-",96816928,96816928,"0,0,0",2,"96,169","0,535",3,"circRNA","ENSMMUG00000010810","ENSMMUT00000086311","5,4","1:96814234-96816928|1:96817632-96827841",0.668392722548,77.1892322918,0.00878755788638
"2612","1",96827841,96829276,"circular_RNA/7",0,"-",96827841,96827841,"0,0,0",2,"111,78","0,1357",7,"circRNA","ENSMMUG00000010810","ENSMMUT00000086311","3,2","1:96817632-96827841|1:96829276-96831362",1.55958301928,77.1892322918,0.0203315884457
"2613","1",99434539,99461753,"circular_RNA/3",0,"-",99434539,99434539,"0,0,0",6,"164,79,105,65,193,232","0,2277,5631,7005,9726,26982",3,"circRNA","ENSMMUG00000016920","ENSMMUT00000023771","7,6,5,4,3,2","1:99414774-99434539|1:99461753-99488759",0.668392722548,17.2566848367,0.0392891124709
"2614","1",99444265,99444458,"circular_RNA/4",0,"-",99444265,99444265,"0,0,0",1,"193","0",4,"circRNA","ENSMMUG00000016920","ENSMMUT00000023771","3","1:99441609-99444265|1:99444458-99461521",0.891190296731,17.2566848367,0.0521924333046
"2615","1",99672251,99675267,"circular_RNA/6",0,"+",99672251,99672251,"0,0,0",4,"176,109,291,219","0,1130,2425,2797",6,"circRNA","ENSMMUG00000020925","ENSMMUT00000063410","3,4,5,6","1:99662180-99672251|1:99675267-99679112",1.3367854451,20.7373126739,0.0649137296125
"2616","1",99679112,99680781,"circular_RNA/7",0,"+",99679112,99679112,"0,0,0",3,"107,338,155","0,779,1514",7,"circRNA","ENSMMUG00000020925","ENSMMUT00000063410","7,8,9","1:99675267-99679112|1:99680781-99692330",1.55958301928,20.7373126739,0.0756523528589
"2617","1",99696738,99697462,"circular_RNA/1",0,"+",99696738,99696738,"0,0,0",3,"135,173,141","0,245,583",1,"circRNA","ENSMMUG00000020925","ENSMMUT00000063410","12,13,14","1:99693107-99696738|1:99697462-99698231",0.222797574183,20.7373126739,0.0112206133798
"2618","1",99786708,99787645,"circular_RNA/2",0,"+",99786708,99786708,"0,0,0",1,"937","0",2,"circRNA","ENSMMUG00000013170","ENSMMUT00000067365","2","1:99775034-99786708|1:99787645-99795733",0.445595148365,20.185460221,0.022559285274
"2619","1",99845386,99846956,"circular_RNA/14",0,"-",99845386,99845386,"0,0,0",2,"115,141","0,1429",14,"circRNA","ENSMMUG00000049004","ENSMMUT00000011164","3,2","1:99844583-99845386|1:99846956-99851806",3.11916603856,39.2123730562,0.0797801304392
"2620","1",99944021,99944501,"circular_RNA/16",0,"-",99944021,99944021,"0,0,0",3,"89,98,89","0,196,391",16,"circRNA","ENSMMUG00000007900","ENSMMUT00000011062","5,4,3","1:99942988-99944021|1:99944501-99944857",3.56476118692,14.8160386831,0.241113709692
"2621","1",100169129,100201391,"circular_RNA/5",1,"-",100169129,100169129,"0,0,0",13,"170,117,633,159,157,127,191,74,202,126,100,35,152","0,8160,8554,10128,10376,12715,14953,16071,17013,17378,18323,19798,32110",5,"circRNA","ENSMMUG00000023235","ENSMMUT00000046077","15,14,13,12,11,10,9,8,7,6,5,4,3","1:100167942-100169129|1:100201391-100203419",1.11398787091,15.3730326186,0.0730667286989
"2622","1",100703499,100706628,"circular_RNA/2",1,"-",100703499,100703499,"0,0,0",4,"127,53,78,101","0,766,2086,3028",2,"circRNA","ENSMMUG00000007303","ENSMMUT00000096847","6,5,4,3","1:100701655-100703499|1:100706628-100730940",0.445595148365,25.3989234568,0.0179305175656
"2623","1",103657523,103659696,"circular_RNA/1",0,"-",103657523,103657523,"0,0,0",2,"104,60","0,2113",1,"circRNA","ENSMMUG00000019640","ENSMMUT00000027588","3,2","1:103653175-103657523|1:103659696-103667911",0.222797574183,5.94698140318,0.0390797886424
"2624","1",106311979,106314354,"circular_RNA/3",0,"-",106311979,106311979,"0,0,0",4,"112,101,57,136","0,331,1479,2239",3,"circRNA","ENSMMUG00000008513","ENSMMUT00000011907","18,17,16,15","1:106311831-106311979|1:106314354-106314514",0.668392722548,16.1099784409,0.0420839720745
"2625","1",106342693,106364395,"circular_RNA/2",0,"+",106342693,106342693,"0,0,0",7,"243,140,154,89,77,160,157","0,1679,8094,8685,14191,19284,21545",2,"circRNA","ENSMMUG00000008509","ENSMMUT00000098427","2,3,4,5,6,7,8","1:106335126-106342693|1:106364395-106375093",0.445595148365,12.2881431299,0.037045848593
"2626","1",106740136,106829790,"circular_RNA/4",0,"-",106740136,106740136,"0,0,0",8,"113,116,173,220,116,94,124,95","0,20350,23781,26445,30079,65348,71118,89559",4,"circRNA","ENSMMUG00000047035","ENSMMUT00000079851","13,12,11,10,9,8,7,6","1:106698798-106740136|1:106829790-106849970",0.891190296731,5.79273692875,0.155304351687
"2627","1",106829695,106868467,"circular_RNA/22",0,"-",106829695,106829695,"0,0,0",5,"95,81,119,97,256","0,20275,26084,35293,38516",22,"circRNA","ENSMMUG00000047035","ENSMMUT00000070255","6,5,4,3,2","1:106811378-106829695|1:106868467-106896534",4.90154663202,5.79273692875,0.846418973034
"2628","1",106849970,106868467,"circular_RNA/32",0,"-",106849970,106849970,"0,0,0",4,"81,119,97,256","0,5809,15018,18241",32,"circRNA","ENSMMUG00000047035","ENSMMUT00000070255","5,4,3,2","1:106829790-106849970|1:106868467-106896534",7.12952237385,5.79273692875,1.23037154045
"2629","1",109478241,109491082,"circular_RNA/17",0,"+",109478241,109478241,"0,0,0",11,"110,98,82,129,126,213,141,165,108,176,113","0,1221,3497,3904,4159,5241,7412,7639,10959,11664,12728",17,"circRNA","ENSMMUG00000001974","ENSMMUT00000002789","4,5,6,7,8,9,10,11,12,13,14","1:109476932-109478241|1:109491082-109492304",3.78755876111,251.844807917,0.0150783651601
"2630","1",110268257,110269335,"circular_RNA/10",0,"-",110268257,110268257,"0,0,0",1,"1078","0",10,"circRNA","ENSMMUG00000021535","ENSMMUT00000046325","2","1:110256664-110268257|1:110269335-110280110",2.22797574183,31.6372555339,0.0707162660419
"2631","1",110304225,110305395,"circular_RNA/12",0,"-",110304225,110304225,"0,0,0",2,"183,166","0,1004",12,"circRNA","ENSMMUG00000019527","ENSMMUT00000027430","3,2","1:110301334-110304225|1:110305395-110306603",2.67357089019,2.22797574183,1.19910633526
"2632","1",110362532,110392216,"circular_RNA/1",1,"+",110362532,110362532,"0,0,0",10,"143,67,78,87,77,818,131,28,81,116","0,512,3211,6610,20710,20923,24870,26145,29244,29568",1,"circRNA","ENSMMUG00000006786","ENSMMUT00000046334","8,9,10,11,12,13,14,15,16,17","1:110361194-110362532|1:110392216-110396288",0.222797574183,2.06087756119,0.112414938742
"2633","1",110387402,110392216,"circular_RNA/13",0,"+",110387402,110387402,"0,0,0",4,"131,28,81,116","0,1275,4374,4698",13,"circRNA","ENSMMUG00000006786","ENSMMUT00000046334","14,15,16,17","1:110384273-110387402|1:110392216-110396288",2.89636846437,2.06087756119,1.40344775511
"2634","1",110484376,110484849,"circular_RNA/4",1,"+",110484376,110484376,"0,0,0",1,"473","0",4,"ciRNA","ENSMMUG00000017819","ENSMMUT00000046336","4","1:110484376-110484849",0.891190296731,6.62203901043,0.135884347983
"2635","1",111119247,111120591,"circular_RNA/5",1,"-",111119247,111119247,"0,0,0",4,"144,144,135,75","0,273,973,1269",5,"circRNA","ENSMMUG00000019098","ENSMMUT00000084051","6,5,4,3","1:111117785-111119247|1:111120591-111123096",1.11398787091,2.69070916513,0.416182492148
"2636","1",111557151,111564471,"circular_RNA/6",0,"-",111557151,111557151,"0,0,0",4,"207,64,52,64","0,999,5059,7256",6,"circRNA","ENSMMUG00000015668","ENSMMUT00000078284","6,5,4,3","1:111552508-111557151|1:111564471-111567734",1.3367854451,203.302786442,0.00662420435364
"2637","1",111592884,111599248,"circular_RNA/3",0,"+",111592884,111592884,"0,0,0",2,"83,163","0,6201",3,"circRNA","ENSMMUG00000007766","ENSMMUT00000106412","2,3","1:111590580-111592884|1:111599248-111618406",0.668392722548,11.9568031478,0.0566895531053
"2638","1",111592884,111611519,"circular_RNA/4",0,"+",111592884,111592884,"0,0,0",4,"83,163,55,116","0,6201,16008,18519",4,"circRNA","ENSMMUG00000007766","ENSMMUT00000010878","2,3,4,5","1:111590509-111592884|1:111611519-111618406",0.891190296731,11.9568031478,0.0753075224519
"2639","1",111592884,111628246,"circular_RNA/3",0,"+",111592884,111592884,"0,0,0",6,"83,163,79,155,98,115","0,6201,25522,33244,34882,35247",3,"circRNA","ENSMMUG00000007766","ENSMMUT00000106412","2,3,4,5,6,7","1:111590580-111592884|1:111628246-111631801",0.668392722548,11.9568031478,0.0566895531053
"2640","1",111592884,111633204,"circular_RNA/13",0,"+",111592884,111592884,"0,0,0",8,"83,163,79,155,98,115,73,103","0,6201,25522,33244,34882,35247,38917,40217",13,"circRNA","ENSMMUG00000007766","ENSMMUT00000106412","2,3,4,5,6,7,8,9","1:111590580-111592884|1:111633204-111654179",2.89636846437,11.9568031478,0.242869246571
"2641","1",111592884,111654330,"circular_RNA/6",0,"+",111592884,111592884,"0,0,0",9,"83,163,79,155,98,115,73,103,151","0,6201,25522,33244,34882,35247,38917,40217,61295",6,"circRNA","ENSMMUG00000007766","ENSMMUT00000106412","2,3,4,5,6,7,8,9,10","1:111590580-111592884|1:111654330-111659768",1.3367854451,11.9568031478,0.112543461145
"2642","1",111592884,111668985,"circular_RNA/3",0,"+",111592884,111592884,"0,0,0",11,"83,163,79,155,98,115,73,103,151,93,140","0,6201,25522,33244,34882,35247,38917,40217,61295,66884,75961",3,"circRNA","ENSMMUG00000007766","ENSMMUT00000106412","2,3,4,5,6,7,8,9,10,11,12","1:111590580-111592884|1:111668985-111685806",0.668392722548,11.9568031478,0.0566895531053
"2643","1",113902955,113906163,"circular_RNA/2",1,"-",113902955,113902955,"0,0,0",2,"204,937","0,2271",2,"circRNA","ENSMMUG00000004614","ENSMMUT00000006522","3,2","1:113896324-113902955|1:113906163-113916947",0.445595148365,1.26251958704,0.358026039839
"2644","1",114972852,114974495,"circular_RNA/18",0,"-",114972852,114972852,"0,0,0",4,"150,106,81,148","0,257,943,1495",18,"circRNA","ENSMMUG00000017266","ENSMMUT00000046490","7,6,5,4","1:114966679-114972852|1:114974495-114981703",4.01035633529,19.5938088851,0.205080367741
"2645","1",115302491,115309429,"circular_RNA/1",0,"+",115302491,115302491,"0,0,0",4,"130,102,222,141","0,523,6355,6797",1,"circRNA","ENSMMUG00000000390","ENSMMUT00000000567","2,3,4,5","1:115288781-115302491|1:115309429-115311409",0.222797574183,2.00517816764,0.115522080341
"2646","1",115302491,115313882,"circular_RNA/5",0,"+",115302491,115302491,"0,0,0",7,"130,102,222,141,94,98,147","0,523,6355,6797,8918,10881,11244",5,"circRNA","ENSMMUG00000000390","ENSMMUT00000000567","2,3,4,5,6,7,8","1:115288781-115302491|1:115313882-115317309",1.11398787091,2.00517816764,0.55776104017
"2647","1",115308846,115313882,"circular_RNA/2",0,"+",115308846,115308846,"0,0,0",5,"222,141,94,98,147","0,442,2563,4526,4889",2,"circRNA","ENSMMUG00000000390","ENSMMUT00000000567","4,5,6,7,8","1:115303116-115308846|1:115313882-115317309",0.445595148365,2.00517816764,0.226081820298
"2648","1",116540769,116564949,"circular_RNA/4",0,"+",116540769,116540769,"0,0,0",11,"109,93,69,104,100,96,69,87,86,133,110","0,2137,4463,6409,7816,12366,15891,17687,21927,23553,24070",4,"circRNA","ENSMMUG00000019714","ENSMMUT00000098109","5,6,7,8,9,10,11,12,13,14,15","1:116536298-116540769|1:116564949-116616916",0.891190296731,9.53573617502,0.0944076266312
"2649","1",123137040,123157260,"circular_RNA/3",0,"+",123137040,123137040,"0,0,0",3,"125,109,121","0,7935,20099",3,"circRNA","ENSMMUG00000056702","ENSMMUT00000079487","3,4,5","1:123134059-123137040|1:123157260-123163564",0.668392722548,7.64938338027,0.0885701483876
"2650","1",123941027,123951477,"circular_RNA/11",0,"+",123941027,123941027,"0,0,0",3,"192,72,209","0,340,10241",11,"circRNA","ENSMMUG00000007706","ENSMMUT00000086473","10,11,12","1:123939394-123941027|None",2.45077331601,17.0997138185,0.143823172153
"2651","1",124279167,124286513,"circular_RNA/6",0,"-",124279167,124279167,"0,0,0",7,"188,140,98,103,124,112,182","0,1233,2381,2581,3028,6876,7164",6,"circRNA","ENSMMUG00000021441","ENSMMUT00000030180","11,10,9,8,7,6,5","1:124276925-124279167|1:124286513-124292352",1.3367854451,14.4304274971,0.0932649289898
"2652","1",126839983,126913482,"circular_RNA/11",0,"+",126839983,126839983,"0,0,0",3,"121,120,143","0,919,73356",11,"circRNA","ENSMMUG00000020726","ENSMMUT00000091392","17,18,19","1:126775095-126839983|1:126913482-126955100",2.45077331601,19.3462560249,0.127130645144
"2653","1",127049053,127075410,"circular_RNA/9",0,"+",127049053,127049053,"0,0,0",3,"144,141,172","0,22608,26185",9,"circRNA","ENSMMUG00000020726","ENSMMUT00000063428","20,21,22","1:126955280-127049053|None",2.00517816764,19.3462560249,0.104109914905
"2654","1",127365771,127381217,"circular_RNA/12",0,"-",127365771,127365771,"0,0,0",5,"196,111,165,144,173","0,7260,7457,14311,15273",12,"circRNA","ENSMMUG00000016130","ENSMMUT00000046622","8,7,6,5,4","1:127346836-127365771|1:127381217-127398504",2.67357089019,4.30741976753,0.621568213119
"2655","1",128987595,128996905,"circular_RNA/23",0,"-",128987595,128987595,"0,0,0",4,"95,59,90,166","0,1464,4099,9144",23,"circRNA","ENSMMUG00000004758","ENSMMUT00000096888","5,4,3,2","1:128968343-128987595|1:128996905-129027269",5.1243442062,14.3704435348,0.357036568015
"2656","1",130592038,130613832,"circular_RNA/10",0,"-",130592038,130592038,"0,0,0",9,"159,149,95,133,110,204,147,129,105","0,1999,3974,4443,7234,16535,18400,20621,21689",10,"circRNA","ENSMMUG00000015922","ENSMMUT00000061350","14,13,12,11,10,9,8,7,6","1:130582228-130592038|1:130613832-130619162",2.22797574183,66.8392722548,0.0334779372511
"2657","1",131453560,131453790,"circular_RNA/7",0,"+",131453560,131453560,"0,0,0",1,"230","0",7,"circRNA","ENSMMUG00000005070","ENSMMUT00000007152","2","1:131391725-131453560|1:131453790-131484295",1.55958301928,10.419063028,0.150500866192
"2658","1",132459452,132485503,"circular_RNA/4",0,"+",132459452,132459452,"0,0,0",9,"190,338,153,141,159,300,121,42,108","0,1914,2674,5113,5424,9255,13060,23542,25943",4,"circRNA","ENSMMUG00000001742","ENSMMUT00000002464","8,9,10,11,12,13,14,15,16","1:132453848-132459452|1:132485503-132498225",0.891190296731,22.6696531731,0.0397356295466
"2659","1",138092246,138106090,"circular_RNA/7",0,"+",138092246,138092246,"0,0,0",7,"126,63,72,117,186,110,136","0,1609,1804,2464,8450,12316,13708",7,"circRNA","ENSMMUG00000001380","ENSMMUT00000001953","4,5,6,7,8,9,10","1:138091605-138092246|1:138106090-138115795",1.55958301928,3.80983851852,0.410902977094
"2660","1",139147777,139148066,"circular_RNA/1",0,"+",139147777,139147777,"0,0,0",1,"289","0",1,"circRNA","ENSMMUG00000005720","ENSMMUT00000008025","2","1:139142344-139147777|1:139148066-139150716",0.222797574183,29.7434761534,0.00782421431979
"2661","1",139899449,139899830,"circular_RNA/1",1,"-",139899449,139899449,"0,0,0",2,"232,54","0,327",1,"circRNA","ENSMMUG00000022183","ENSMMUT00000068665","5,4","1:139892319-139899449|1:139899830-139903374",0.222797574183,0.909756761246,0.253107760651
"2662","1",146579479,146591450,"circular_RNA/11",0,"-",146579479,146579479,"0,0,0",5,"124,134,127,137,178","0,1377,5837,9257,11793",11,"circRNA","ENSMMUG00000011987","ENSMMUT00000089375","6,5,4,3,2","1:146551005-146579479|1:146591450-146601033",2.45077331601,6.72848674032,0.365181888878
"2663","1",146657214,146665467,"circular_RNA/4",0,"+",146657214,146657214,"0,0,0",7,"141,113,173,71,34,46,181","0,2329,3571,3866,4874,7484,8072",4,"circRNA","ENSMMUG00000018326","ENSMMUT00000025757","11,12,13,14,15,16,17","1:146654058-146657214|1:146665467-146667475",0.891190296731,28.3955508296,0.0317258518286
"2664","1",146668504,146682592,"circular_RNA/5",0,"+",146668504,146668504,"0,0,0",4,"170,82,109,103","0,1474,2909,13985",5,"circRNA","ENSMMUG00000018326","ENSMMUT00000025757","19,20,21,22","1:146667602-146668504|1:146682592-146685406",1.11398787091,28.3955508296,0.0395693038186
"2665","1",146669978,146671522,"circular_RNA/5",0,"+",146669978,146669978,"0,0,0",2,"82,109","0,1435",5,"circRNA","ENSMMUG00000018326","ENSMMUT00000025757","20,21","1:146668674-146669978|1:146671522-146682489",1.11398787091,28.3955508296,0.0395693038186
"2666","1",146744080,146753799,"circular_RNA/31",0,"+",146744080,146744080,"0,0,0",3,"134,156,1556","0,1997,8163",31,"circRNA","ENSMMUG00000063855","ENSMMUT00000074695","2,3,4","1:146699557-146744080|1:146753799-146800755",6.90672479966,17.6617713352,0.391399632129
"2667","1",147221610,147236856,"circular_RNA/3",0,"+",147221610,147221610,"0,0,0",6,"136,112,97,118,111,173","0,2909,5804,8006,8320,15073",3,"circRNA","ENSMMUG00000020217","ENSMMUT00000028442","4,5,6,7,8,9","1:147193199-147221610|1:147236856-147267794",0.668392722548,6.06009401777,0.111759837749
"2668","1",148666733,148667830,"circular_RNA/9",1,"-",148666733,148666733,"0,0,0",2,"96,141","0,956",9,"circRNA","ENSMMUG00000007220","ENSMMUT00000046869","10,9","1:148656211-148666733|1:148667830-148671358",2.00517816764,39.2792123284,0.0512908772718
"2669","1",154143029,154162421,"circular_RNA/4",0,"+",154143029,154143029,"0,0,0",6,"86,46,67,145,132,162","0,1871,6662,11290,15549,19230",4,"circRNA","ENSMMUG00000013853","ENSMMUT00000019442","4,5,6,7,8,9","1:154133865-154143029|1:154162421-154175916",0.891190296731,23.6536757924,0.038083276015
"2670","1",159803810,159808742,"circular_RNA/2",0,"-",159803810,159803810,"0,0,0",3,"217,145,127","0,1507,4805",2,"circRNA","ENSMMUG00000007577","ENSMMUT00000091374","7,6,5","1:159796273-159803810|1:159808742-159836090",0.445595148365,2.67357089019,0.169771981814
"2671","1",160322464,160414619,"circular_RNA/2",0,"-",160322464,160322464,"0,0,0",5,"246,318,128,31,288","0,2261,5170,90743,91867",2,"circRNA","ENSMMUG00000004668","ENSMMUT00000083056","6,5,4,3,2","1:160305786-160322464|1:160414619-160457371",0.445595148365,19.1605913797,0.0237653152864
"2672","1",160771648,160771834,"circular_RNA/4",0,"-",160771648,160771648,"0,0,0",1,"186","0",4,"circRNA","ENSMMUG00000020049","ENSMMUT00000028186","11","None|1:160771834-160816764",0.891190296731,75.2610205589,0.0119726063236
"2673","1",161611075,161649655,"circular_RNA/5",0,"-",161611075,161611075,"0,0,0",9,"120,77,79,137,71,331,234,84,144","0,6823,7559,12679,20520,23029,25767,37217,38436",5,"circRNA","ENSMMUG00000000386","ENSMMUT00000101576","10,9,8,7,6,5,4,3,2","1:161588042-161611075|1:161649655-161669042",1.11398787091,4.79014784493,0.234156927499
"2674","1",161787809,161817811,"circular_RNA/3",0,"+",161787809,161787809,"0,0,0",10,"130,213,86,67,150,81,166,143,94,163","0,230,776,12558,14102,15467,17586,23909,28705,29839",3,"circRNA","ENSMMUG00000002340","ENSMMUT00000107629","5,6,7,8,9,10,11,12,13,14","1:161783730-161787809|1:161817811-161850758",0.668392722548,17.4206484194,0.0389195345018
"2675","1",161801911,161803357,"circular_RNA/2",0,"+",161801911,161801911,"0,0,0",2,"150,81","0,1365",2,"circRNA","ENSMMUG00000002340","ENSMMUT00000107629","9,10","1:161800434-161801911|1:161803357-161805395",0.445595148365,17.4206484194,0.0261375903755
"2676","1",161850758,161860497,"circular_RNA/5",0,"+",161850758,161850758,"0,0,0",4,"118,71,139,102","0,3376,7693,9637",5,"circRNA","ENSMMUG00000002340","ENSMMUT00000107629","15,16,17,18","1:161817811-161850758|1:161860497-161868229",1.11398787091,17.4206484194,0.0644834227543
"2677","1",161858451,161873978,"circular_RNA/5",0,"+",161858451,161858451,"0,0,0",5,"139,102,87,232,165","0,1944,9778,12190,15362",5,"circRNA","ENSMMUG00000002340","ENSMMUT00000107629","17,18,19,20,21","1:161854205-161858451|1:161873978-161876835",1.11398787091,17.4206484194,0.0644834227543
"2678","1",161886290,161903005,"circular_RNA/1",0,"+",161886290,161886290,"0,0,0",8,"90,96,141,114,171,140,170,155","0,1037,3812,4043,6276,8677,15412,16560",1,"circRNA","ENSMMUG00000002340","ENSMMUT00000107629","23,24,25,26,27,28,29,30","1:161877005-161886290|1:161903005-161921426",0.222797574183,17.4206484194,0.0133556462492
"2679","1",161890102,161892737,"circular_RNA/1",0,"+",161890102,161890102,"0,0,0",3,"141,114,171","0,231,2464",1,"circRNA","ENSMMUG00000002340","ENSMMUT00000107629","25,26,27","1:161887423-161890102|1:161892737-161894967",0.222797574183,17.4206484194,0.0133556462492
"2680","1",162415384,162463985,"circular_RNA/7",0,"-",162415384,162415384,"0,0,0",3,"73,92,197","0,20324,48404",7,"circRNA","ENSMMUG00000003113","ENSMMUT00000071973","4,3,2","1:162401992-162415384|1:162463985-162498348",1.55958301928,37.1215035138,0.0422709255147
"2681","1",162611216,162658086,"circular_RNA/4",0,"-",162611216,162611216,"0,0,0",9,"132,162,135,57,77,147,142,92,100","0,5908,9715,24225,27213,31002,40392,42308,46770",4,"circRNA","ENSMMUG00000003113","ENSMMUT00000004409","16,15,14,13,12,11,10,9,8","1:162589230-162611216|1:162658086-162661419",0.891190296731,37.1215035138,0.0242702344761
"2682","1",162736952,162752812,"circular_RNA/6",0,"+",162736952,162736952,"0,0,0",3,"109,92,74","0,8947,15786",6,"circRNA","ENSMMUG00000010931","ENSMMUT00000015292","3,4,5","1:162728033-162736952|1:162752812-162764379",1.3367854451,7.74221570285,0.173729098457
"2683","1",170595721,170604046,"circular_RNA/1",0,"+",170595721,170595721,"0,0,0",3,"175,139,109","0,2282,8216",1,"circRNA","ENSMMUG00000003546","ENSMMUT00000005017","4,5,6","1:170591118-170595721|1:170604046-170608189",0.222797574183,15.2170743167,0.0152883981086
"2684","1",171202098,171203403,"circular_RNA/2",0,"-",171202098,171202098,"0,0,0",1,"1305","0",2,"circRNA","ENSMMUG00000007606","ENSMMUT00000010644","5","1:171200193-171202098|1:171203403-171210726",0.445595148365,12.2093070652,0.0372848596024
"2685","1",173071690,173077664,"circular_RNA/2",0,"+",173071690,173071690,"0,0,0",4,"198,204,114,91","0,2336,4874,5883",2,"circRNA","ENSMMUG00000012055","ENSMMUT00000053926","15,16,17,18","1:173070488-173071690|1:173077664-173079135",0.445595148365,57.1814817565,0.007966136466
"2686","1",173074026,173076678,"circular_RNA/7",0,"+",173074026,173074026,"0,0,0",2,"204,114","0,2538",7,"circRNA","ENSMMUG00000012055","ENSMMUT00000053926","16,17","1:173071888-173074026|1:173076678-173077573",1.55958301928,57.1814817565,0.0274443495967
"2687","1",173074026,173077664,"circular_RNA/2",0,"+",173074026,173074026,"0,0,0",3,"204,114,91","0,2538,3547",2,"circRNA","ENSMMUG00000012055","ENSMMUT00000053926","16,17,18","1:173071888-173074026|1:173077664-173079135",0.445595148365,57.1814817565,0.007966136466
"2688","1",177231868,177243894,"circular_RNA/6",1,"+",177231868,177231868,"0,0,0",4,"166,232,211,251","0,2336,9194,11775",6,"circRNA","ENSMMUG00000020389","ENSMMUT00000082417","13,14,15,16","1:177223574-177231868|1:177243894-177252415",1.3367854451,3.29054878793,0.408048943262
"2689","1",178311256,178315090,"circular_RNA/21",0,"+",178311256,178311256,"0,0,0",2,"109,99","0,3735",21,"circRNA","ENSMMUG00000015080","ENSMMUT00000074923","2,3","1:178214891-178311256|1:178315090-178326102",4.67874905784,21.9177113602,0.213827561884
"2690","1",178777148,178778621,"circular_RNA/2",0,"+",178777148,178777148,"0,0,0",2,"73,194","0,1279",2,"circRNA","ENSMMUG00000001960","ENSMMUT00000079518","6,7","1:178763915-178777148|1:178778621-178785302",0.445595148365,62.4845923958,0.00729015313004
"2691","1",182058382,182084049,"circular_RNA/2",1,"-",182058382,182058382,"0,0,0",5,"99,116,72,154,182","0,1706,7523,14987,25485",2,"circRNA","ENSMMUG00000013128","ENSMMUT00000068459","5,4,3,2,1","1:182021570-182058382|None",0.445595148365,1.24766641542,0.362254364734
"2692","1",182280777,182293218,"circular_RNA/6",0,"+",182280777,182280777,"0,0,0",2,"325,75","0,12366",6,"circRNA","ENSMMUG00000014138","ENSMMUT00000102104","3,4","1:182246626-182280777|1:182293218-182322847",1.3367854451,25.087006853,0.053663189917
"2693","1",183395992,183434510,"circular_RNA/11",1,"+",183395992,183395992,"0,0,0",6,"69,24,71,235,89,244","0,526,10017,18388,34432,38274",11,"circRNA","ENSMMUG00000017104","ENSMMUT00000047356","3,4,5,6,7,8","1:183376179-183395992|1:183434510-183495411",2.45077331601,10.1991778404,0.241035405052
"2694","1",183414380,183434510,"circular_RNA/3",0,"+",183414380,183414380,"0,0,0",3,"235,89,244","0,16044,19886",3,"circRNA","ENSMMUG00000017104","ENSMMUT00000047356","6,7,8","1:183406080-183414380|1:183434510-183495411",0.668392722548,10.1991778404,0.0664493001448
"2695","1",183495411,183500226,"circular_RNA/36",0,"+",183495411,183495411,"0,0,0",2,"233,127","0,4688",36,"circRNA","ENSMMUG00000017104","ENSMMUT00000047356","9,10","1:183434510-183495411|1:183500226-183521398",8.02071267058,10.1991778404,0.786616982888
"2696","1",183826022,183857002,"circular_RNA/4",0,"-",183826022,183826022,"0,0,0",5,"96,114,72,113,98","0,3871,5991,14678,30882",4,"circRNA","ENSMMUG00000014970","ENSMMUT00000047357","6,5,4,3,2","1:183821120-183826022|1:183857002-183888410",0.891190296731,35.9446753015,0.0250646206418
"2697","1",184733731,184737146,"circular_RNA/5",0,"+",184733731,184733731,"0,0,0",2,"141,99","0,3316",5,"circRNA","ENSMMUG00000016220","ENSMMUT00000047370","2,3","1:184700405-184733731|1:184737146-184738240",1.11398787091,2.67357089019,0.418840387269
"2698","1",185194733,185197960,"circular_RNA/5",0,"-",185194733,185194733,"0,0,0",2,"1472,496","0,2731",5,"circRNA","ENSMMUG00000009562","ENSMMUT00000075338","53,52","1:185161613-185194733|1:185197960-185201374",1.11398787091,13.3237846011,0.0842962373051
"2699","1",185591600,185594508,"circular_RNA/5",0,"-",185591600,185591600,"0,0,0",2,"135,141","0,2767",5,"circRNA","ENSMMUG00000009373","ENSMMUT00000066003","3,2","1:185590586-185591600|1:185594508-185601119",1.11398787091,53.0258226555,0.0211929939922
"2700","1",185681698,185685221,"circular_RNA/3",1,"+",185681698,185681698,"0,0,0",2,"371,149","0,3374",3,"circRNA","ENSMMUG00000032188","ENSMMUT00000090144","2,3","1:185657256-185681698|1:185685221-185690379",0.668392722548,0.127312899533,4.94048792834
"2701","1",186697201,186702075,"circular_RNA/5",0,"+",186697201,186697201,"0,0,0",3,"110,136,111","0,1871,4763",5,"circRNA","ENSMMUG00000023277","ENSMMUT00000069187","15,16,17","1:186694249-186697201|1:186702075-186703832",1.11398787091,6.74758367525,0.166329848793
"2702","1",186739511,186758792,"circular_RNA/1",0,"+",186739511,186739511,"0,0,0",7,"239,132,74,137,78,103,596","0,1644,4693,5228,8512,17588,18685",1,"circRNA","ENSMMUG00000023275","ENSMMUT00000075991","3,4,5,6,7,8,9","1:186721602-186739511|1:186758792-186763184",0.222797574183,8.64454587829,0.0268988780529
"2703","1",189221558,189248986,"circular_RNA/2",0,"-",189221558,189221558,"0,0,0",19,"152,96,172,95,180,54,172,119,145,38,141,151,173,151,276,116,151,213,175","0,2955,3220,9016,9550,10129,10993,11870,15106,16176,16511,18367,19350,20815,21138,22545,23140,26929,27253",2,"circRNA","ENSMMUG00000019793","ENSMMUT00000027829","26,25,24,23,22,21,20,19,18,17,16,15,14,13,12,11,10,9,8","1:189215755-189221558|1:189248986-189258751",0.445595148365,20.0682852005,0.0226909391821
"2704","1",189242373,189244219,"circular_RNA/2",0,"-",189242373,189242373,"0,0,0",3,"151,276,116","0,323,1730",2,"circRNA","ENSMMUG00000019793","ENSMMUT00000027829","13,12,11","1:189241081-189242373|1:189244219-189244698",0.445595148365,20.0682852005,0.0226909391821
"2705","1",189258751,189269960,"circular_RNA/3",0,"-",189258751,189258751,"0,0,0",5,"256,85,171,62,522","0,510,8360,8885,10687",3,"circRNA","ENSMMUG00000019793","ENSMMUT00000027829","7,6,5,4,3","1:189248986-189258751|1:189269960-189309235",0.668392722548,20.0682852005,0.0337873835227
"2706","1",189267111,189269960,"circular_RNA/22",0,"-",189267111,189267111,"0,0,0",3,"171,62,522","0,525,2327",22,"circRNA","ENSMMUG00000019793","ENSMMUT00000027829","5,4,3","1:189259346-189267111|1:189269960-189309235",4.90154663202,20.0682852005,0.244619825995
"2707","1",189618140,189623668,"circular_RNA/3",0,"+",189618140,189618140,"0,0,0",3,"250,175,192","0,5063,5336",3,"circRNA","ENSMMUG00000005000","ENSMMUT00000007049","4,5,6","1:189617319-189618140|1:189623668-189625483",0.668392722548,13.9471281438,0.0486054663652
"2708","1",191347354,191347720,"circular_RNA/11",0,"-",191347354,191347354,"0,0,0",2,"159,79","0,287",11,"circRNA","ENSMMUG00000003267","ENSMMUT00000004621","8,7","1:191343751-191347354|1:191347720-191358308",2.45077331601,8.05254089546,0.305210646112
"2709","1",191689301,191690859,"circular_RNA/12",0,"+",191689301,191689301,"0,0,0",2,"206,142","0,1416",12,"circRNA","ENSMMUG00000050209","ENSMMUT00000086117","2,3","1:191674166-191689301|1:191690859-191692527",2.67357089019,16.3756217024,0.163775957906
"2710","1",192437657,192438369,"circular_RNA/3",0,"-",192437657,192437657,"0,0,0",3,"74,90,111","0,392,601",3,"circRNA","ENSMMUG00000006119","ENSMMUT00000061492","9,8,7","1:192436028-192437657|1:192438369-192440722",0.668392722548,181.456246529,0.00373839617848
"2711","1",192440722,192441082,"circular_RNA/6",0,"-",192440722,192440722,"0,0,0",2,"128,150","0,210",6,"circRNA","ENSMMUG00000006119","ENSMMUT00000061492","6,5","1:192438369-192440722|1:192441082-192443188",1.3367854451,181.456246529,0.0074216856901
"2712","1",192749702,192753447,"circular_RNA/10",0,"+",192749702,192749702,"0,0,0",2,"688,93","0,3652",10,"circRNA","ENSMMUG00000046901","ENSMMUT00000107221","3,4","1:192734307-192749702|1:192753447-192757488",2.22797574183,36.9843973143,0.0604949912501
"2713","1",193226284,193227476,"circular_RNA/2",0,"-",193226284,193226284,"0,0,0",3,"138,80,191","0,503,1001",2,"circRNA","ENSMMUG00000013188","ENSMMUT00000054824","5,4,3","1:193225535-193226284|1:193227476-193228622",0.445595148365,91.0004314106,0.00500596625358
"2714","1",193308436,193320289,"circular_RNA/1",0,"-",193308436,193308436,"0,0,0",4,"146,101,92,101","0,2262,9967,11752",1,"circRNA","ENSMMUG00000012156","ENSMMUT00000057254","7,6,5,4","1:193292603-193308436|1:193320289-193338467",0.222797574183,13.2564556639,0.0175478349365
"2715","1",193680713,193687414,"circular_RNA/5",0,"+",193680713,193680713,"0,0,0",3,"94,102,152","0,1244,6549",5,"circRNA","ENSMMUG00000013520","ENSMMUT00000054156","6,7,8","1:193669688-193680713|1:193687414-193693224",1.11398787091,34.9049532886,0.0321921631004
"2716","1",193707999,193716738,"circular_RNA/3",0,"+",193707999,193707999,"0,0,0",4,"268,130,135,138","0,1601,3742,8601",3,"circRNA","ENSMMUG00000013520","ENSMMUT00000054156","13,14,15,16","1:193697049-193707999|1:193716738-193719974",0.668392722548,34.9049532886,0.0194298619546
"2717","1",195527626,195534066,"circular_RNA/6",1,"+",195527626,195527626,"0,0,0",4,"215,90,762,73","0,4333,5284,6367",6,"circRNA","ENSMMUG00000007110","ENSMMUT00000064790","4,5,6,7","1:195523480-195527626|None",1.3367854451,13.5163861671,0.0995672775021
"2718","1",195566145,195582943,"circular_RNA/6",0,"-",195566145,195566145,"0,0,0",4,"105,81,102,129","0,3325,6380,16669",6,"circRNA","ENSMMUG00000011377","ENSMMUT00000092187","19,18,17,16","1:195564794-195566145|1:195582943-195584154",1.3367854451,36.4942426511,0.0368939429308
"2719","1",195566145,195584604,"circular_RNA/5",0,"-",195566145,195566145,"0,0,0",5,"105,81,102,129,450","0,3325,6380,16669,18009",5,"circRNA","ENSMMUG00000011377","ENSMMUT00000092187","19,18,17,16,15","1:195564794-195566145|1:195584604-195618500",1.11398787091,36.4942426511,0.0307906092356
"2720","1",195582814,195584604,"circular_RNA/2",0,"-",195582814,195582814,"0,0,0",2,"129,450","0,1340",2,"circRNA","ENSMMUG00000011377","ENSMMUT00000092187","16,15","1:195572627-195582814|1:195584604-195618500",0.445595148365,36.4942426511,0.0124806081507
"2721","1",195618500,195667359,"circular_RNA/4",0,"-",195618500,195618500,"0,0,0",9,"177,63,206,173,98,153,88,219,76","0,5066,11884,25269,28799,31763,34184,45785,48783",4,"circRNA","ENSMMUG00000011377","ENSMMUT00000092187","14,13,12,11,10,9,8,7,6","1:195584604-195618500|1:195667359-195672860",0.891190296731,36.4942426511,0.0246872755407
"2722","1",195664285,195698567,"circular_RNA/3",0,"-",195664285,195664285,"0,0,0",5,"219,76,43,105,213","0,2998,8575,30656,34069",3,"circRNA","ENSMMUG00000011377","ENSMMUT00000092187","7,6,5,4,3","1:195652772-195664285|1:195698567-195704673",0.668392722548,36.4942426511,0.0185839418457
"2723","1",195942631,195944215,"circular_RNA/10",0,"-",195942631,195942631,"0,0,0",1,"1584","0",10,"circRNA","ENSMMUG00000011391","ENSMMUT00000015953","4","1:195829715-195942631|1:195944215-195948755",2.22797574183,119.419499762,0.0187388856714
"2724","1",196206343,196221870,"circular_RNA/3",0,"-",196206343,196206343,"0,0,0",4,"138,62,56,154","0,770,2562,15373",3,"circRNA","ENSMMUG00000019216","ENSMMUT00000087107","12,11,10,9","1:196204240-196206343|1:196221870-196226326",0.668392722548,26.8774891764,0.0252307948168
"2725","1",196221716,196229684,"circular_RNA/11",0,"-",196221716,196221716,"0,0,0",3,"154,185,598","0,4610,7370",11,"circRNA","ENSMMUG00000019216","ENSMMUT00000087107","9,8,7","1:196208961-196221716|1:196229684-196237082",2.45077331601,26.8774891764,0.0915211271631
"2726","1",196229086,196229684,"circular_RNA/2",0,"-",196229086,196229086,"0,0,0",1,"598","0",2,"circRNA","ENSMMUG00000019216","ENSMMUT00000087107","7","1:196226511-196229086|1:196229684-196237082",0.445595148365,26.8774891764,0.0169445032735
"2727","1",196674070,196698410,"circular_RNA/6",0,"+",196674070,196674070,"0,0,0",5,"101,44,80,67,137","0,11500,16904,20984,24203",6,"circRNA","ENSMMUG00000012965","ENSMMUT00000056271","2,3,4,5,6","1:196645654-196674070|1:196698410-196717333",1.3367854451,10.8313897603,0.124226273096
"2728","1",196967989,196975238,"circular_RNA/3",0,"-",196967989,196967989,"0,0,0",2,"136,87","0,7162",3,"circRNA","ENSMMUG00000012243","ENSMMUT00000100462","7,6","1:196963751-196967989|1:196975238-196978879",0.668392722548,7.82576479317,0.0865764530272
"2729","1",197307339,197321439,"circular_RNA/9",0,"+",197307339,197307339,"0,0,0",5,"173,135,154,118,131","0,9863,10521,12837,13969",9,"circRNA","ENSMMUG00000018221","ENSMMUT00000103172","2,3,4,5,6","1:197239504-197307339|1:197321439-197323571",2.00517816764,112.79127193,0.017864853234
"2730","1",197820468,197820829,"circular_RNA/4",0,"-",197820468,197820468,"0,0,0",2,"66,204","0,157",4,"circRNA","ENSMMUG00000010290","ENSMMUT00000059516","4,3","1:197819630-197820468|1:197820829-197837537",0.891190296731,22.0322045581,0.0408847624273
"2731","1",198304524,198304888,"circular_RNA/2",1,"-",198304524,198304524,"0,0,0",1,"364","0",2,"ciRNA","ENSMMUG00000051392","ENSMMUT00000098380","3","1:198304522-198304888",0.445595148365,17.6010083604,0.0258699069946
"2732","1",198334211,198336144,"circular_RNA/2",0,"-",198334211,198334211,"0,0,0",2,"102,117","0,1816",2,"circRNA","ENSMMUG00000022426","ENSMMUT00000047465","5,4","1:198321122-198334211|1:198336144-198339908",0.445595148365,10.2168601875,0.0445488781515
"2733","1",198975367,198975894,"circular_RNA/4",0,"-",198975367,198975367,"0,0,0",2,"212,110","0,417",4,"circRNA","ENSMMUG00000007854","ENSMMUT00000100308","5,4","1:198972333-198975367|1:198975894-198978773",0.891190296731,29.9662737276,0.0300634530135
"2734","1",201727466,201736663,"circular_RNA/17",0,"-",201727466,201727466,"0,0,0",6,"95,82,107,93,79,134","0,1380,2902,3768,5409,9063",17,"circRNA","ENSMMUG00000009773","ENSMMUT00000013655","8,7,6,5,4,3","1:201717702-201727466|1:201736663-201756745",3.78755876111,31.620117259,0.120061482226
"2735","1",201727466,201756911,"circular_RNA/2",0,"-",201727466,201727466,"0,0,0",7,"95,82,107,93,79,134,166","0,1380,2902,3768,5409,9063,29279",2,"circRNA","ENSMMUG00000009773","ENSMMUT00000013655","8,7,6,5,4,3,2","1:201717702-201727466|1:201756911-201768131",0.445595148365,31.620117259,0.0144038400059
"2736","1",203018950,203022387,"circular_RNA/1",1,"+",203018950,203018950,"0,0,0",2,"109,134","0,3303",1,"circRNA","ENSMMUG00000017344","ENSMMUT00000095868","7,8","1:203018033-203018950|1:203022387-203023686",0.222797574183,28.4323981207,0.00818487854628
"2737","1",203038116,203051810,"circular_RNA/1",0,"+",203038116,203038116,"0,0,0",5,"129,150,115,131,69","0,1110,8065,8663,13625",1,"circRNA","ENSMMUG00000017344","ENSMMUT00000095868","11,12,13,14,15","1:203031268-203038116|1:203051810-203060165",0.222797574183,28.4323981207,0.00818487854628
"2738","1",203712359,203745740,"circular_RNA/10",0,"+",203712359,203712359,"0,0,0",4,"96,115,98,123","0,22060,29743,33258",10,"circRNA","ENSMMUG00000004149","ENSMMUT00000073973","2,3,4,5","1:203665287-203712359|1:203745740-203766466",2.22797574183,14.2590447477,0.156841314986
"2739","1",203712359,203766575,"circular_RNA/3",0,"+",203712359,203712359,"0,0,0",5,"96,115,98,123,109","0,22060,29743,33258,54107",3,"circRNA","ENSMMUG00000004149","ENSMMUT00000073973","2,3,4,5,6","1:203665287-203712359|1:203766575-203774565",0.668392722548,14.2590447477,0.047542966929
"2740","1",203712359,203837704,"circular_RNA/6",0,"+",203712359,203712359,"0,0,0",13,"96,115,98,123,109,840,89,247,134,120,111,171,198","0,22060,29743,33258,54107,62206,99443,104436,108829,110723,111619,118299,125147",6,"circRNA","ENSMMUG00000004149","ENSMMUT00000073973","2,3,4,5,6,7,8,9,10,11,12,13,14","1:203665287-203712359|1:203837704-203851244",1.3367854451,14.2590447477,0.0943851160967
"2741","1",203733632,203734534,"circular_RNA/8",0,"+",203733632,203733632,"0,0,0",2,"180,115","0,787",8,"circRNA","ENSMMUG00000004149","ENSMMUT00000063931","2,3","1:203712455-203733632|1:203734534-203742102",1.78238059346,14.2590447477,0.125613215541
"2742","1",203766466,203775405,"circular_RNA/3",0,"+",203766466,203766466,"0,0,0",2,"109,840","0,8099",3,"circRNA","ENSMMUG00000004149","ENSMMUT00000073973","6,7","1:203745740-203766466|1:203775405-203811802",0.668392722548,14.2590447477,0.047542966929
"2743","1",203851244,203883398,"circular_RNA/6",0,"+",203851244,203851244,"0,0,0",11,"147,237,105,133,95,94,118,221,116,173,126","0,560,2932,4857,7836,10249,11640,14215,16511,22461,32028",6,"circRNA","ENSMMUG00000004149","ENSMMUT00000073973","15,16,17,18,19,20,21,22,23,24,25","1:203837704-203851244|1:203883398-203884830",1.3367854451,14.2590447477,0.0943851160967
"2744","1",203930079,203955250,"circular_RNA/9",0,"+",203930079,203930079,"0,0,0",8,"196,100,154,160,144,81,155,91","0,633,4067,7175,10066,13437,15525,25080",9,"circRNA","ENSMMUG00000008852","ENSMMUT00000093451","2,3,4,5,6,7,8,9","1:203923435-203930079|1:203955250-203962719",2.00517816764,37.9498534691,0.0530870902671
"2745","1",203937254,203955250,"circular_RNA/6",0,"+",203937254,203937254,"0,0,0",5,"160,144,81,155,91","0,2891,6262,8350,17905",6,"circRNA","ENSMMUG00000008852","ENSMMUT00000047509","4,5,6,7,8","1:203934300-203937254|1:203955250-203962719",1.3367854451,37.9498534691,0.0354792055822
"2746","1",204061415,204061900,"circular_RNA/69",0,"+",204061415,204061415,"0,0,0",2,"94,149","0,336",69,"circRNA","ENSMMUG00000008836","ENSMMUT00000061871","7,8","1:204060699-204061415|1:204061900-204062676",15.3730326186,86.6404066603,0.177529837556
"2747","1",204069478,204070720,"circular_RNA/6",0,"-",204069478,204069478,"0,0,0",2,"164,183","0,1059",6,"circRNA","ENSMMUG00000008835","ENSMMUT00000075562","5,4","1:204067600-204069478|1:204070720-204075549",1.3367854451,41.5888805141,0.0323755213711
"2748","1",205519930,205546463,"circular_RNA/6",0,"+",205519930,205519930,"0,0,0",19,"98,104,130,140,103,142,125,125,60,191,100,138,118,188,160,86,170,283,136","0,2050,3065,3312,3944,4182,4739,8107,9131,9293,14899,15138,16436,17739,18890,19169,23901,25375,26397",6,"circRNA","ENSMMUG00000006669","ENSMMUT00000009356","2,3,4,5,6,7,8,9,10,11,12,13,14,15,16,17,18,19,20","1:205511346-205519930|1:205546463-205548026",1.3367854451,27.893231931,0.0482662885945
"2749","1",205813877,205815287,"circular_RNA/6",0,"+",205813877,205813877,"0,0,0",2,"96,141","0,1269",6,"circRNA","ENSMMUG00000004754","ENSMMUT00000083784","3,4","1:205812591-205813877|1:205815287-205816603",1.3367854451,14.3147441412,0.0940181152155
"2750","1",208839914,208840785,"circular_RNA/7",0,"-",208839914,208839914,"0,0,0",2,"195,510","0,361",7,"circRNA","ENSMMUG00000008026","ENSMMUT00000068265","13,12","1:208839214-208839914|1:208840785-208841693",1.55958301928,21.5942264208,0.0726516649432
"2751","1",208867370,208869035,"circular_RNA/1",0,"-",208867370,208867370,"0,0,0",2,"201,161","0,1504",1,"circRNA","ENSMMUG00000008026","ENSMMUT00000068265","5,4","1:208862535-208867370|1:208869035-208900898",0.222797574183,21.5942264208,0.0107755570437
"2752","1",209145693,209163263,"circular_RNA/4",0,"-",209145693,209145693,"0,0,0",4,"104,129,128,127","0,6801,12194,17443",4,"circRNA","ENSMMUG00000019912","ENSMMUT00000109086","7,6,5,4","1:209143797-209145693|1:209163263-209166115",0.891190296731,20.1631804635,0.044672692953
"2753","1",209152494,209166352,"circular_RNA/8",0,"-",209152494,209152494,"0,0,0",4,"129,128,127,237","0,5393,10642,13621",8,"circRNA","ENSMMUG00000019912","ENSMMUT00000109086","6,5,4,3","1:209145797-209152494|1:209166352-209170498",1.78238059346,20.1631804635,0.0888496782499
"2754","1",211138421,211148153,"circular_RNA/12",1,"-",211138421,211138421,"0,0,0",2,"4387,111","0,9621",12,"circRNA","ENSMMUG00000017040","ENSMMUT00000047558","6,5","1:211104976-211138421|1:211148153-211172616",2.67357089019,3.03004700888,0.882739932097
"2755","1",211872299,211872992,"circular_RNA/1",0,"+",211872299,211872299,"0,0,0",2,"120,239","0,454",1,"circRNA","ENSMMUG00000005681","ENSMMUT00000007984","3,4","1:211871146-211872299|1:211872992-211878987",0.222797574183,43.0444913321,0.00540704504873
"2756","1",212062551,212086281,"circular_RNA/6",0,"-",212062551,212062551,"0,0,0",10,"150,114,180,109,164,109,236,124,176,131","0,959,3157,6294,7293,12028,16828,17913,23205,23599",6,"circRNA","ENSMMUG00000021449","ENSMMUT00000030197","59,58,57,56,55,54,53,52,51,50","1:212049628-212062551|1:212086281-212090429",1.3367854451,21.123514835,0.0637274705895
"2757","1",212461586,212464708,"circular_RNA/3",0,"-",212461586,212461586,"0,0,0",2,"195,179","0,2943",3,"circRNA","ENSMMUG00000023449","ENSMMUT00000106850","4,3","1:212458411-212461586|1:212464708-212471345",0.668392722548,23.8276142494,0.0284589185583
"2758","1",213433939,213435604,"circular_RNA/4",0,"-",213433939,213433939,"0,0,0",2,"141,164","0,1501",4,"circRNA","ENSMMUG00000007456","ENSMMUT00000047578","4,3","1:213431754-213433939|1:213435604-213439591",0.891190296731,22.636233537,0.039794268449
"2759","1",214049678,214059551,"circular_RNA/7",0,"-",214049678,214049678,"0,0,0",5,"190,135,70,119,66","0,1694,5069,8714,9807",7,"circRNA","ENSMMUG00000023029","ENSMMUT00000047582","8,7,6,5,4","1:214045819-214049678|1:214059551-214061437",1.55958301928,130.921424529,0.0119878251148
"2760","1",214111744,214119642,"circular_RNA/6",0,"-",214111744,214111744,"0,0,0",5,"85,67,109,56,119","0,892,3095,6394,7779",6,"circRNA","ENSMMUG00000002171","ENSMMUT00000090058","35,34,33,32,31","1:214108426-214111744|1:214119642-214122142",1.3367854451,19.9085546645,0.0676146170134
"2761","1",214114839,214119642,"circular_RNA/3",0,"-",214114839,214114839,"0,0,0",3,"109,56,119","0,3299,4684",3,"circRNA","ENSMMUG00000002171","ENSMMUT00000090058","33,32,31","1:214112703-214114839|1:214119642-214122142",0.668392722548,19.9085546645,0.0340583307361
"2762","1",214135737,214136755,"circular_RNA/4",0,"-",214135737,214135737,"0,0,0",2,"138,179","0,839",4,"circRNA","ENSMMUG00000002171","ENSMMUT00000090058","24,23","1:214134225-214135737|1:214136755-214139063",0.891190296731,19.9085546645,0.0452437594951
"2763","1",214140817,214169386,"circular_RNA/2",0,"-",214140817,214140817,"0,0,0",7,"94,73,181,84,107,80,76","0,23382,23550,23959,24853,25456,28493",2,"circRNA","ENSMMUG00000002171","ENSMMUT00000090058","21,20,19,18,17,16,15","1:214139212-214140817|1:214169386-214170269",0.445595148365,19.9085546645,0.022872901977
"2764","1",214920378,214925959,"circular_RNA/13",0,"-",214920378,214920378,"0,0,0",3,"67,101,78","0,2822,5503",13,"circRNA","ENSMMUG00000043999","ENSMMUT00000096338","5,4,3","1:214899220-214920378|1:214925959-214941199",2.89636846437,12.25386658,0.236986308144
"2765","1",215862152,215862621,"circular_RNA/4",0,"+",215862152,215862152,"0,0,0",1,"469","0",4,"circRNA","ENSMMUG00000021399","ENSMMUT00000047610","2","1:215695429-215862152|1:215862621-215893994",0.891190296731,35.1463173273,0.0256338082382
"2766","1",215904332,215978414,"circular_RNA/13",0,"+",215904332,215904332,"0,0,0",4,"126,106,97,105","0,58635,59596,73977",13,"circRNA","ENSMMUG00000021399","ENSMMUT00000047610","4,5,6,7","1:215894065-215904332|1:215978414-216013348",2.89636846437,35.1463173273,0.0826698779998
"2767","1",215962967,215978414,"circular_RNA/9",0,"+",215962967,215962967,"0,0,0",3,"106,97,105","0,961,15342",9,"circRNA","ENSMMUG00000021399","ENSMMUT00000047610","5,6,7","1:215904458-215962967|1:215978414-216013348",2.00517816764,35.1463173273,0.0573205136613
"2768","1",215962967,216024678,"circular_RNA/15",0,"+",215962967,215962967,"0,0,0",6,"106,97,105,49,125,100","0,961,15342,50381,59257,61611",15,"circRNA","ENSMMUG00000021399","ENSMMUT00000047610","5,6,7,8,9,10","1:215904458-215962967|1:216024678-216056535",3.34196361274,35.1463173273,0.0953445601692
"2769","1",216534062,216541797,"circular_RNA/1",0,"-",216534062,216534062,"0,0,0",2,"242,87","0,7648",1,"circRNA","ENSMMUG00000038181","ENSMMUT00000109696","6,5","1:216520475-216534062|1:216541797-216549125",0.222797574183,23.6908087214,0.00982234728441
"2770","1",220645897,220649781,"circular_RNA/2",0,"+",220645897,220645897,"0,0,0",2,"127,174","0,3710",2,"circRNA","ENSMMUG00000015173","ENSMMUT00000081620","3,4","1:220603217-220645897|1:220649781-220651077",0.445595148365,8.08436912034,0.0562854425826
"2771","1",222237211,222243206,"circular_RNA/8",0,"-",222237211,222237211,"0,0,0",6,"90,80,120,88,136,87","0,475,1281,3397,3595,5908",8,"circRNA","ENSMMUG00000018911","ENSMMUT00000069643","14,13,12,11,10,9","1:222227442-222237211|1:222243206-222259242",1.78238059346,17.3039449282,0.10352236887
"2772","1",222607054,222616589,"circular_RNA/8",0,"+",222607054,222607054,"0,0,0",3,"103,39,107","0,7104,9428",8,"circRNA","ENSMMUG00000001896","ENSMMUT00000088909","3,4,5","1:222591875-222607054|1:222616589-222626555",1.78238059346,213.563852497,0.00839232224593
"2773","1",222607054,222628995,"circular_RNA/1",0,"+",222607054,222607054,"0,0,0",5,"103,39,107,64,163","0,7104,9428,19501,21778",1,"circRNA","ENSMMUG00000001896","ENSMMUT00000088909","3,4,5,6,7","1:222591875-222607054|1:222628995-222640486",0.222797574183,213.563852497,0.00109000971543
"2774","1",222671265,222680696,"circular_RNA/10",0,"+",222671265,222671265,"0,0,0",5,"219,84,130,109,86","0,3512,8368,9077,9345",10,"circRNA","ENSMMUG00000010879","ENSMMUT00000069430","2,3,4,5,6","1:222654958-222671265|1:222680696-222681478",2.22797574183,140.362471735,0.0159431241337
"2775","1",222711168,222722938,"circular_RNA/3",0,"+",222711168,222711168,"0,0,0",7,"469,136,128,121,54,73,146","0,675,1281,5272,7067,7484,11624",3,"circRNA","ENSMMUG00000005578","ENSMMUT00000047651","2,3,4,5,6,7,8","1:222692046-222711168|1:222722938-222728378",0.668392722548,12.0589187026,0.0562099007595
"2776","2",297094,302580,"circular_RNA/9",0,"-",297094,297094,"0,0,0",3,"78,138,119","0,4295,5367",9,"circRNA","ENSMMUG00000000184","ENSMMUT00000109320","18,17,16","2:289804-297094|2:302580-305552",2.00517816764,11.6003270291,0.173567735223
"2777","2",301389,306358,"circular_RNA/3",0,"-",301389,301389,"0,0,0",4,"138,119,108,49","0,1072,4163,4920",3,"circRNA","ENSMMUG00000000184","ENSMMUT00000109320","17,16,15,14","2:297172-301389|2:306358-318790",0.668392722548,11.6003270291,0.0584301131956
"2778","2",349855,356438,"circular_RNA/14",0,"-",349855,349855,"0,0,0",3,"106,127,145","0,3089,6438",14,"circRNA","ENSMMUG00000000184","ENSMMUT00000109320","4,3,2","2:344394-349855|2:356438-386307",3.11916603856,11.6003270291,0.26951575358
"2779","2",1132503,1144701,"circular_RNA/259",0,"-",1132503,1132503,"0,0,0",3,"113,66,68","0,2169,12130",259,"circRNA","ENSMMUG00000019100","ENSMMUT00000026843","5,4,3","2:1114134-1132503|2:1144701-1149227",57.7045717133,18.018753812,3.2012513075
"2780","2",1132503,1149375,"circular_RNA/25",0,"-",1132503,1132503,"0,0,0",4,"113,66,68,148","0,2169,12130,16724",25,"circRNA","ENSMMUG00000019100","ENSMMUT00000026843","5,4,3,2","2:1114134-1132503|2:1149375-1175242",5.56993935457,18.018753812,0.309502221438
"2781","2",1557681,1565188,"circular_RNA/11",0,"+",1557681,1557681,"0,0,0",5,"108,133,64,49,113","0,1499,4671,6866,7394",11,"circRNA","ENSMMUG00000012033","ENSMMUT00000016856","6,7,8,9,10","2:1556825-1557681|2:1565188-1566787",2.45077331601,72.8993662726,0.0337511274863
"2782","2",1557681,1566905,"circular_RNA/2",0,"+",1557681,1557681,"0,0,0",6,"108,133,64,49,113,118","0,1499,4671,6866,7394,9106",2,"circRNA","ENSMMUG00000012033","ENSMMUT00000016856","6,7,8,9,10,11","2:1556825-1557681|2:1566905-1570688",0.445595148365,72.8993662726,0.0062487876614
"2783","2",1647577,1651054,"circular_RNA/8",0,"+",1647577,1647577,"0,0,0",4,"106,139,48,78","0,256,697,3399",8,"circRNA","ENSMMUG00000002259","ENSMMUT00000110114","3,4,5,6","2:1633107-1647577|2:1651054-1682259",1.78238059346,13.8877154574,0.128969440981
"2784","2",1868648,1883043,"circular_RNA/9",0,"-",1868648,1868648,"0,0,0",3,"103,157,121","0,10657,14274",9,"circRNA","ENSMMUG00000016585","ENSMMUT00000072947","15,14,13","2:1850261-1868648|2:1883043-1893135",2.00517816764,58.6219734894,0.0343699529064
"2785","2",1879305,1883043,"circular_RNA/6",0,"-",1879305,1879305,"0,0,0",2,"157,121","0,3617",6,"circRNA","ENSMMUG00000016585","ENSMMUT00000072947","14,13","2:1868751-1879305|2:1883043-1893135",1.3367854451,58.6219734894,0.0229701537395
"2786","2",1893135,1933232,"circular_RNA/5",0,"-",1893135,1893135,"0,0,0",7,"145,137,170,125,51,54,99","0,5283,7245,9095,11686,28325,39998",5,"circRNA","ENSMMUG00000016585","ENSMMUT00000072947","12,11,10,9,8,7,6","2:1883043-1893135|2:1933232-1970922",1.11398787091,58.6219734894,0.0191702206837
"2787","2",2616404,2638993,"circular_RNA/2",0,"+",2616404,2616404,"0,0,0",5,"184,45,96,75,113","0,5603,9494,16044,22476",2,"circRNA","ENSMMUG00000013092","ENSMMUT00000099379","6,7,8,9,10","2:2613731-2616404|2:2638993-2651221",0.445595148365,29.3623750397,0.0155110081411
"2788","2",2660007,2660609,"circular_RNA/6",0,"+",2660007,2660007,"0,0,0",2,"209,70","0,532",6,"circRNA","ENSMMUG00000013092","ENSMMUT00000099379","14,15","2:2653504-2660007|2:2660609-2664905",1.3367854451,29.3623750397,0.0458521125132
"2789","2",2664905,2667781,"circular_RNA/6",0,"+",2664905,2664905,"0,0,0",3,"92,185,93","0,1702,2783",6,"circRNA","ENSMMUG00000013092","ENSMMUT00000099379","16,17,18","2:2660609-2664905|2:2667781-2670008",1.3367854451,29.3623750397,0.0458521125132
"2790","2",3337236,3343989,"circular_RNA/4",0,"+",3337236,3337236,"0,0,0",2,"105,159","0,6594",4,"circRNA","ENSMMUG00000010706","ENSMMUT00000014973","11,12","2:3333318-3337236|2:3343989-3359503",0.891190296731,0.946889690276,0.941791207376
"2791","2",3491051,3493455,"circular_RNA/2",0,"+",3491051,3491051,"0,0,0",3,"98,174,183","0,1363,2221",2,"circRNA","ENSMMUG00000012032","ENSMMUT00000074957","3,4,5","2:3466858-3491051|2:3493455-3493702",0.445595148365,110.911417398,0.00410736861332
"2792","2",4271229,4308243,"circular_RNA/2",0,"-",4271229,4271229,"0,0,0",9,"75,111,94,117,141,80,109,153,166","0,24374,25212,26611,28666,32370,32931,34703,36848",2,"circRNA","ENSMMUG00000009765","ENSMMUT00000013662","28,27,26,25,24,23,22,21,20","2:4268746-4271229|2:4308243-4314692",0.445595148365,29.1652634013,0.0156158024042
"2793","2",4295603,4308243,"circular_RNA/9",0,"-",4295603,4295603,"0,0,0",8,"111,94,117,141,80,109,153,166","0,838,2237,4292,7996,8557,10329,12474",9,"circRNA","ENSMMUG00000009765","ENSMMUT00000013662","27,26,25,24,23,22,21,20","2:4271304-4295603|2:4308243-4314692",2.00517816764,29.1652634013,0.0690714644088
"2794","2",4454116,4464896,"circular_RNA/5",1,"+",4454116,4454116,"0,0,0",4,"147,71,81,70","0,8943,9106,10710",5,"circRNA","ENSMMUG00000009764","ENSMMUT00000013632","4,5,6,7","2:4441427-4454116|2:4464896-4466349",1.11398787091,5.29763120834,0.211768268516
"2795","2",8597994,8629592,"circular_RNA/2",0,"-",8597994,8597994,"0,0,0",3,"177,92,231","0,23249,31367",2,"circRNA","ENSMMUG00000016466","ENSMMUT00000083817","4,3,2","2:8528582-8597994|2:8629592-8629796",0.445595148365,10.3823669569,0.0438394015776
"2796","2",9315422,9493639,"circular_RNA/4",0,"-",9315422,9315422,"0,0,0",5,"126,113,202,123,64","0,39694,118088,146856,178153",4,"circRNA","ENSMMUG00000016823","ENSMMUT00000107951","7,6,5,4,3","2:9230583-9315422|2:9493639-9610972",0.891190296731,25.2318252762,0.0357022634802
"2797","2",11010763,11016455,"circular_RNA/9",0,"+",11010763,11010763,"0,0,0",5,"80,120,144,121,126","0,2873,4468,4805,5566",9,"circRNA","ENSMMUG00000003704","ENSMMUT00000005247","5,6,7,8,9","2:11007085-11010763|2:11016455-11017604",2.00517816764,4.77423373249,0.42121231535
"2798","2",13881935,13910972,"circular_RNA/4",0,"-",13881935,13881935,"0,0,0",9,"178,124,223,117,101,154,128,70,55","0,2413,4495,11746,14153,15370,18312,27468,28982",4,"circRNA","ENSMMUG00000014069","ENSMMUT00000019752","10,9,8,7,6,5,4,3,2","2:13874364-13881935|2:13910972-13924068",0.891190296731,86.5634104398,0.0104095506017
"2799","2",14026520,14066867,"circular_RNA/5",0,"+",14026520,14026520,"0,0,0",6,"104,92,76,98,71,147","0,1567,3093,5797,20979,40200",5,"circRNA","ENSMMUG00000031438","ENSMMUT00000057092","3,4,5,6,7,8","2:14019581-14026520|2:14066867-14078632",1.11398787091,21.4034202932,0.0524898804357
"2800","2",14047499,14066867,"circular_RNA/9",0,"+",14047499,14047499,"0,0,0",2,"71,147","0,19221",9,"circRNA","ENSMMUG00000031438","ENSMMUT00000057092","7,8","2:14032415-14047499|2:14066867-14078632",2.00517816764,21.4034202932,0.0941081872978
"2801","2",14047499,14094170,"circular_RNA/3",0,"+",14047499,14047499,"0,0,0",6,"71,147,80,93,146,136","0,19221,31133,36353,43954,46535",3,"circRNA","ENSMMUG00000031438","ENSMMUT00000057092","7,8,9,10,11,12","2:14032415-14047499|2:14094170-14101628",0.668392722548,21.4034202932,0.0316807270048
"2802","2",14272521,14290074,"circular_RNA/16",0,"+",14272521,14272521,"0,0,0",6,"152,77,106,107,153,111","0,9811,13958,15091,17188,17442",16,"circRNA","ENSMMUG00000016917","ENSMMUT00000023764","3,4,5,6,7,8","2:14258333-14272521|2:14290074-14296683",3.56476118692,47.8123594196,0.0747508326713
"2803","2",14272521,14299670,"circular_RNA/2",0,"+",14272521,14272521,"0,0,0",9,"152,77,106,107,153,111,104,55,94","0,9811,13958,15091,17188,17442,24162,26315,27055",2,"circRNA","ENSMMUG00000016917","ENSMMUT00000023764","3,4,5,6,7,8,9,10,11","2:14258333-14272521|2:14299670-14302689",0.445595148365,47.8123594196,0.00952682288984
"2804","2",14976167,15001738,"circular_RNA/6",0,"-",14976167,14976167,"0,0,0",10,"177,122,203,150,118,84,87,143,93,151","0,1424,8107,10708,15346,18921,19853,21297,23290,25420",6,"circRNA","ENSMMUG00000006596","ENSMMUT00000071062","13,12,11,10,9,8,7,6,5,4","2:14973133-14976167|2:15001738-15005744",1.3367854451,19.0046330778,0.0708288947564
"2805","2",14986875,15001738,"circular_RNA/6",0,"-",14986875,14986875,"0,0,0",7,"150,118,84,87,143,93,151","0,4638,8213,9145,10589,12582,14712",6,"circRNA","ENSMMUG00000006596","ENSMMUT00000071062","10,9,8,7,6,5,4","2:14984477-14986875|2:15001738-15005744",1.3367854451,19.0046330778,0.0708288947564
"2806","2",15479531,15479757,"circular_RNA/7",1,"+",15479531,15479531,"0,0,0",1,"226","0",7,"circRNA","ENSMMUG00000057542","ENSMMUT00000083544","3","2:15475187-15479531|2:15479757-15517445",1.55958301928,1.69326156379,0.921516138594
"2807","2",15953236,15972390,"circular_RNA/3",0,"+",15953236,15953236,"0,0,0",2,"211,155","0,18999",3,"circRNA","ENSMMUG00000008610","ENSMMUT00000056077","5,6","2:15866175-15953236|2:15972390-16001969",0.668392722548,13.8580091142,0.0489178163182
"2808","2",17055158,17057795,"circular_RNA/2",0,"-",17055158,17055158,"0,0,0",2,"142,800","0,1837",2,"circRNA","ENSMMUG00000010031","ENSMMUT00000063908","5,4","2:17040868-17055158|2:17057795-17079312",0.445595148365,92.5352591439,0.00492294421756
"2809","2",17055158,17085028,"circular_RNA/1",0,"-",17055158,17055158,"0,0,0",4,"142,800,191,169","0,1837,24154,29701",1,"circRNA","ENSMMUG00000010031","ENSMMUT00000063908","5,4,3,2","2:17040868-17055158|2:17085028-17122739",0.222797574183,92.5352591439,0.00251549972777
"2810","2",17079312,17106491,"circular_RNA/1",0,"-",17079312,17079312,"0,0,0",3,"191,169,75","0,5547,27104",1,"circRNA","ENSMMUG00000010031","ENSMMUT00000014002","4,3,2","2:17057795-17079312|2:17106491-17122739",0.222797574183,92.5352591439,0.00251549972777
"2811","2",20277452,20288186,"circular_RNA/6",0,"+",20277452,20277452,"0,0,0",2,"147,139","0,10595",6,"circRNA","ENSMMUG00000019327","ENSMMUT00000027141","3,4","2:20273547-20277452|2:20288186-20289049",1.3367854451,12.999754111,0.103521206751
"2812","2",20321013,20344434,"circular_RNA/3",0,"+",20321013,20321013,"0,0,0",11,"246,106,162,114,162,252,69,174,132,98,108","0,2532,5042,5596,8278,8623,10949,12639,16731,19480,23313",3,"circRNA","ENSMMUG00000019327","ENSMMUT00000027143","14,15,16,17,18,19,20,21,22,23,24","2:20319535-20321013|2:20344434-20346849",0.668392722548,12.999754111,0.052144930393
"2813","2",22048681,22052331,"circular_RNA/4",0,"+",22048681,22048681,"0,0,0",3,"195,145,162","0,3119,3488",4,"circRNA","ENSMMUG00000007371","ENSMMUT00000010316","28,29,30","2:22046166-22048681|2:22052331-22054146",0.891190296731,52.4210863827,0.0171880912433
"2814","2",29287531,29293380,"circular_RNA/7",0,"+",29287531,29287531,"0,0,0",4,"235,177,127,124","0,3883,4824,5725",7,"circRNA","ENSMMUG00000019009","ENSMMUT00000095043","2,3,4,5","2:29264146-29287531|2:29293380-29311371",1.55958301928,9.65456154792,0.162406024474
"2815","2",29287531,29330536,"circular_RNA/81",0,"+",29287531,29287531,"0,0,0",8,"235,177,127,124,112,455,213,156","0,3883,4824,5725,23840,26212,34250,42849",81,"circRNA","ENSMMUG00000019009","ENSMMUT00000095043","2,3,4,5,6,7,8,9","2:29264146-29287531|2:29330536-29356751",18.0466035088,9.65456154792,1.86833136912
"2816","2",31374577,31391778,"circular_RNA/11",0,"-",31374577,31374577,"0,0,0",5,"178,109,243,142,107","0,844,1713,8546,17094",11,"circRNA","ENSMMUG00000022693","ENSMMUT00000097756","10,9,8,7,6","2:31370035-31374577|2:31391778-31407932",2.45077331601,8.540573677,0.287790434767
"2817","2",31407352,31410588,"circular_RNA/1",0,"-",31407352,31407352,"0,0,0",4,"177,64,127,150","0,580,1249,3086",1,"circRNA","ENSMMUG00000022693","ENSMMUT00000055574","5,4,3,2","2:31391778-31407352|2:31410588-31415544",0.222797574183,8.540573677,0.0272259596814
"2818","2",32092878,32104438,"circular_RNA/11",0,"+",32092878,32092878,"0,0,0",7,"106,84,102,155,159,108,187","0,1829,3181,6349,6935,10246,11373",11,"circRNA","ENSMMUG00000022519","ENSMMUT00000062920","10,11,12,13,14,15,16","2:32088467-32092878|2:32104438-32128638",2.45077331601,11.4740750704,0.21427701412
"2819","2",32099227,32104438,"circular_RNA/2",0,"+",32099227,32099227,"0,0,0",4,"155,159,108,187","0,586,3897,5024",2,"circRNA","ENSMMUG00000022519","ENSMMUT00000062920","13,14,15,16","2:32096161-32099227|2:32104438-32128638",0.445595148365,11.4740750704,0.0396719061459
"2820","2",35843722,35855589,"circular_RNA/3",0,"-",35843722,35843722,"0,0,0",8,"164,112,167,221,193,103,147,124","0,4461,4807,5855,8084,10788,11008,11743",3,"circRNA","ENSMMUG00000000059","ENSMMUT00000000085","24,23,22,21,20,19,18,17","2:35842369-35843722|2:35855589-35859785",0.668392722548,24.4186141304,0.0277704137831
"2821","2",35848183,35849798,"circular_RNA/5",0,"-",35848183,35848183,"0,0,0",3,"112,167,221","0,346,1394",5,"circRNA","ENSMMUG00000000059","ENSMMUT00000000085","23,22,21","2:35843886-35848183|2:35849798-35851806",1.11398787091,24.4186141304,0.0460111189652
"2822","2",38167017,38169458,"circular_RNA/5",0,"+",38167017,38167017,"0,0,0",2,"2046,302","0,2139",5,"circRNA","ENSMMUG00000000932","ENSMMUT00000099136","2,3","2:38124971-38167017|2:38169458-38192918",1.11398787091,24.7476690092,0.0453995838822
"2823","2",38601723,38602362,"circular_RNA/3",0,"-",38601723,38601723,"0,0,0",3,"204,90,93","0,359,546",3,"circRNA","ENSMMUG00000003263","ENSMMUT00000077605","19,18,17","2:38600481-38601723|2:38602362-38614340",0.668392722548,19.2481189981,0.0352263231219
"2824","2",38647560,38674721,"circular_RNA/6",0,"-",38647560,38647560,"0,0,0",6,"108,80,99,124,74,152","0,4898,6031,9779,24561,27009",6,"circRNA","ENSMMUG00000003263","ENSMMUT00000077605","13,12,11,10,9,8","2:38634103-38647560|2:38674721-38693283",1.3367854451,19.2481189981,0.0699333847315
"2825","2",40666358,40682715,"circular_RNA/2",0,"-",40666358,40666358,"0,0,0",5,"106,75,89,88,57","0,9369,12981,13157,16300",2,"circRNA","ENSMMUG00000007760","ENSMMUT00000010866","10,9,8,7,6","2:40663380-40666358|2:40682715-40687101",0.445595148365,13.2935885929,0.034246034082
"2826","2",40870435,40907315,"circular_RNA/4",0,"-",40870435,40870435,"0,0,0",7,"131,97,252,78,171,180,224","0,4988,7233,27081,28340,31732,36656",4,"circRNA","ENSMMUG00000008666","ENSMMUT00000012114","11,10,9,8,7,6,5","2:40867040-40870435|2:40907315-40920561",0.891190296731,17.5332004031,0.051369777237
"2827","2",43646572,43669089,"circular_RNA/19",0,"+",43646572,43646572,"0,0,0",4,"118,104,95,77","0,3820,11618,22440",19,"circRNA","ENSMMUG00000009418","ENSMMUT00000013151","2,3,4,5","2:43622120-43646572|2:43669089-43683470",4.23315390947,9.98411629306,0.424565192664
"2828","2",43646572,43690121,"circular_RNA/10",0,"+",43646572,43646572,"0,0,0",8,"118,104,95,77,84,73,77,102","0,3820,11618,22440,36898,38889,42439,43447",10,"circRNA","ENSMMUG00000009418","ENSMMUT00000013151","2,3,4,5,6,7,8,9","2:43622120-43646572|2:43690121-43701227",2.22797574183,9.98411629306,0.223929327637
"2829","2",44084506,44119845,"circular_RNA/5",0,"-",44084506,44084506,"0,0,0",7,"167,152,69,144,163,48,122","0,4451,9744,13778,16488,33743,35217",5,"circRNA","ENSMMUG00000011134","ENSMMUT00000015560","11,10,9,8,7,6,5","2:44079016-44084506|2:44119845-44129857",1.11398787091,6.8324589416,0.16426665918
"2830","2",44463305,44464016,"circular_RNA/1",0,"-",44463305,44463305,"0,0,0",2,"160,123","0,588",1,"circRNA","ENSMMUG00000014038","ENSMMUT00000019705","36,35","2:44460581-44463305|2:44464016-44466428",0.222797574183,15.7885199867,0.0147354039732
"2831","2",44463305,44478632,"circular_RNA/8",0,"-",44463305,44463305,"0,0,0",4,"160,123,62,109","0,588,3123,15218",8,"circRNA","ENSMMUG00000014038","ENSMMUT00000019705","36,35,34,33","2:44460581-44463305|2:44478632-44487071",1.78238059346,15.7885199867,0.113452436998
"2832","2",44529397,44547345,"circular_RNA/2",0,"-",44529397,44529397,"0,0,0",7,"132,104,99,121,170,120,157","0,3240,7395,7591,8628,16221,17791",2,"circRNA","ENSMMUG00000014038","ENSMMUT00000019705","20,19,18,17,16,15,14","2:44515061-44529397|2:44547345-44550405",0.445595148365,15.7885199867,0.0288378372625
"2833","2",44564233,44564466,"circular_RNA/2",0,"-",44564233,44564233,"0,0,0",1,"233","0",2,"circRNA","ENSMMUG00000014038","ENSMMUT00000019705","2","2:44560174-44564233|2:44564466-44573422",0.445595148365,15.7885199867,0.0288378372625
"2834","2",51978388,52004406,"circular_RNA/3",0,"+",51978388,51978388,"0,0,0",3,"130,81,126","0,6440,25892",3,"circRNA","ENSMMUG00000023335","ENSMMUT00000060808","2,3,4","2:51945625-51978388|2:52004406-52037571",0.668392722548,31.0678839555,0.0218287938625
"2835","2",52701193,52715366,"circular_RNA/3",0,"+",52701193,52701193,"0,0,0",9,"119,100,83,74,28,30,117,572,114","0,960,1752,5470,5676,5791,5952,10047,14059",3,"circRNA","ENSMMUG00000017696","ENSMMUT00000024876","4,5,6,7,8,9,10,11,12","2:52697442-52701193|2:52715366-52719869",0.668392722548,86.3597674082,0.00785451602922
"2836","2",54556703,54557673,"circular_RNA/2",0,"+",54556703,54556703,"0,0,0",1,"970","0",2,"circRNA","ENSMMUG00000015910","ENSMMUT00000070978","4","2:54519399-54556703|2:54557673-54674643",0.445595148365,40.1704026251,0.0113387402465
"2837","2",54715787,54716269,"circular_RNA/4",0,"+",54715787,54715787,"0,0,0",1,"482","0",4,"ciRNA","ENSMMUG00000015910","ENSMMUT00000070978","9","2:54715787-54716476",0.891190296731,40.1704026251,0.0224286029471
"2838","2",56476138,56483165,"circular_RNA/2",0,"+",56476138,56476138,"0,0,0",3,"153,130,75","0,3600,6952",2,"circRNA","ENSMMUG00000009036","ENSMMUT00000012630","7,8,9","2:56438535-56476138|2:56483165-56504041",0.445595148365,8.43447959406,0.0539518324712
"2839","2",58123057,58135225,"circular_RNA/3",0,"-",58123057,58123057,"0,0,0",4,"216,118,185,191","0,3383,3772,11977",3,"circRNA","ENSMMUG00000040085","ENSMMUT00000053991","5,4,3,2","2:58121423-58123057|2:58135225-58145018",0.668392722548,5.39170129522,0.125588714642
"2840","2",58215455,58224432,"circular_RNA/3",0,"+",58215455,58215455,"0,0,0",5,"194,166,152,174,106","0,423,3758,5343,8871",3,"circRNA","ENSMMUG00000007324","ENSMMUT00000010233","6,7,8,9,10","2:58211040-58215455|2:58224432-58227771",0.668392722548,29.2904544192,0.0231529761567
"2841","2",59665756,59683674,"circular_RNA/3",0,"-",59665756,59665756,"0,0,0",3,"398,210,221","0,969,17697",3,"circRNA","ENSMMUG00000022848","ENSMMUT00000032164","9,8,7","2:59626916-59665756|2:59683674-59716633",0.668392722548,9.25466846605,0.0732236372013
"2842","2",60404133,60405569,"circular_RNA/16",0,"+",60404133,60404133,"0,0,0",2,"196,126","0,1310",16,"circRNA","ENSMMUG00000004956","ENSMMUT00000006983","3,4","2:60396307-60404133|2:60405569-60475109",3.56476118692,30.7460652372,0.116229470817
"2843","2",60404133,60475283,"circular_RNA/9",0,"+",60404133,60404133,"0,0,0",3,"196,126,174","0,1310,70976",9,"circRNA","ENSMMUG00000004956","ENSMMUT00000006983","3,4,5","2:60396307-60404133|2:60475283-60573882",2.00517816764,30.7460652372,0.0655213256994
"2844","2",60404133,60624376,"circular_RNA/11",0,"+",60404133,60404133,"0,0,0",5,"196,126,174,37,52","0,1310,70976,169749,220191",11,"circRNA","ENSMMUG00000004956","ENSMMUT00000006983","3,4,5,6,7","2:60396307-60404133|2:60624376-60798529",2.45077331601,30.7460652372,0.0800093671616
"2845","2",62685730,62688276,"circular_RNA/3",0,"+",62685730,62685730,"0,0,0",4,"165,128,141,151","0,402,1525,2395",3,"circRNA","ENSMMUG00000017291","ENSMMUT00000024310","6,7,8,9","2:62678214-62685730|2:62688276-62689983",0.668392722548,19.7844245874,0.0342719092213
"2846","2",62694666,62703784,"circular_RNA/4",0,"+",62694666,62694666,"0,0,0",6,"162,226,80,153,127,190","0,2341,2678,3854,5042,8928",4,"circRNA","ENSMMUG00000017291","ENSMMUT00000024310","13,14,15,16,17,18","2:62693471-62694666|2:62703784-62705422",0.891190296731,19.7844245874,0.045527481375
"2847","2",62697007,62699835,"circular_RNA/6",0,"+",62697007,62697007,"0,0,0",4,"226,80,153,127","0,337,1513,2701",6,"circRNA","ENSMMUG00000017291","ENSMMUT00000024310","14,15,16,17","2:62694828-62697007|2:62699835-62703594",1.3367854451,19.7844245874,0.0680386256824
"2848","2",63506422,63515063,"circular_RNA/1",0,"+",63506422,63506422,"0,0,0",5,"135,97,81,129,91","0,2283,6783,8130,8550",1,"circRNA","ENSMMUG00000009564","ENSMMUT00000081133","3,4,5,6,7","2:63503590-63506422|2:63515063-63517918",0.222797574183,24.6748313407,0.00943079460297
"2849","2",63506422,63520904,"circular_RNA/5",0,"+",63506422,63506422,"0,0,0",8,"135,97,81,129,91,79,97,118","0,2283,6783,8130,8550,11496,12095,14364",5,"circRNA","ENSMMUG00000009564","ENSMMUT00000081133","3,4,5,6,7,8,9,10","2:63503590-63506422|2:63520904-63522229",1.11398787091,24.6748313407,0.0455335446857
"2850","2",63526056,63530612,"circular_RNA/3",1,"+",63526056,63526056,"0,0,0",5,"113,73,107,71,111","0,917,3131,3916,4445",3,"circRNA","ENSMMUG00000009564","ENSMMUT00000013345","11,12,13,14,15","2:63522375-63526056|2:63530612-63532478",0.668392722548,24.6748313407,0.0274821696444
"2851","2",72514994,72545199,"circular_RNA/7",0,"-",72514994,72514994,"0,0,0",5,"127,118,54,210,73","0,1421,9456,24610,30132",7,"circRNA","ENSMMUG00000005938","ENSMMUT00000089388","6,5,4,3,2","2:72506864-72514994|2:72545199-72554450",1.55958301928,34.3665258177,0.0456585702582
"2852","2",72539604,72545199,"circular_RNA/6",0,"-",72539604,72539604,"0,0,0",2,"210,73","0,5522",6,"circRNA","ENSMMUG00000005938","ENSMMUT00000089388","3,2","2:72524504-72539604|2:72545199-72554450",1.3367854451,34.3665258177,0.0391774739612
"2853","2",75052024,75075564,"circular_RNA/8",0,"-",75052024,75052024,"0,0,0",5,"160,251,154,869,247","0,4127,9488,15565,23293",8,"circRNA","ENSMMUG00000022199","ENSMMUT00000101678","11,10,9,8,7","2:75045518-75052024|2:75075564-75084645",1.78238059346,16.6355522056,0.107679250969
"2854","2",75056151,75056402,"circular_RNA/4",0,"-",75056151,75056151,"0,0,0",1,"251","0",4,"circRNA","ENSMMUG00000022199","ENSMMUT00000101678","10","2:75052184-75056151|2:75056402-75061512",0.891190296731,16.6355522056,0.0541400060268
"2855","2",75056151,75061666,"circular_RNA/2",0,"-",75056151,75056151,"0,0,0",2,"251,154","0,5361",2,"circRNA","ENSMMUG00000022199","ENSMMUT00000101678","10,9","2:75052184-75056151|2:75061666-75067589",0.445595148365,16.6355522056,0.0273703835558
"2856","2",75061512,75075564,"circular_RNA/1",0,"-",75061512,75061512,"0,0,0",3,"154,869,247","0,6077,13805",1,"circRNA","ENSMMUG00000022199","ENSMMUT00000101678","9,8,7","2:75056402-75061512|2:75075564-75084645",0.222797574183,16.6355522056,0.0139855723203
"2857","2",75061512,75088409,"circular_RNA/5",0,"-",75061512,75061512,"0,0,0",5,"154,869,247,99,159","0,6077,13805,23133,26738",5,"circRNA","ENSMMUG00000022199","ENSMMUT00000101678","9,8,7,6,5","2:75056402-75061512|2:75088409-75109809",1.11398787091,16.6355522056,0.0675248172621
"2858","2",75067589,75088409,"circular_RNA/14",0,"-",75067589,75067589,"0,0,0",4,"869,247,99,159","0,7728,17056,20661",14,"circRNA","ENSMMUG00000022199","ENSMMUT00000101678","8,7,6,5","2:75061666-75067589|2:75088409-75109809",3.11916603856,16.6355522056,0.187988118382
"2859","2",75075317,75084744,"circular_RNA/3",0,"-",75075317,75075317,"0,0,0",2,"247,99","0,9328",3,"circRNA","ENSMMUG00000022199","ENSMMUT00000101678","7,6","2:75068458-75075317|2:75084744-75088250",0.668392722548,16.6355522056,0.0407551947913
"2860","2",75075317,75088409,"circular_RNA/16",0,"-",75075317,75075317,"0,0,0",3,"247,99,159","0,9328,12933",16,"circRNA","ENSMMUG00000022199","ENSMMUT00000101678","7,6,5","2:75068458-75075317|2:75088409-75109809",3.56476118692,16.6355522056,0.214757740853
"2861","2",75084645,75088409,"circular_RNA/26",0,"-",75084645,75084645,"0,0,0",2,"99,159","0,3605",26,"circRNA","ENSMMUG00000022199","ENSMMUT00000101678","6,5","2:75075564-75084645|2:75088409-75109809",5.79273692875,16.6355522056,0.348605853208
"2862","2",75109809,75117361,"circular_RNA/9",0,"-",75109809,75109809,"0,0,0",3,"78,156,166","0,1199,7386",9,"circRNA","ENSMMUG00000022199","ENSMMUT00000101678","4,3,2","2:75088409-75109809|2:75117361-75120161",2.00517816764,16.6355522056,0.121064062204
"2863","2",77021103,77021242,"circular_RNA/2",0,"+",77021103,77021103,"0,0,0",1,"139","0",2,"circRNA","ENSMMUG00000004189","ENSMMUT00000089338","2","2:76947547-77021103|2:77021242-77041468",0.445595148365,75.7372503737,0.00601467572905
"2864","2",77021103,77041544,"circular_RNA/8",0,"+",77021103,77021103,"0,0,0",2,"139,76","0,20365",8,"circRNA","ENSMMUG00000004189","ENSMMUT00000089338","2,3","2:76947547-77021103|2:77041544-77136366",1.78238059346,75.7372503737,0.023662648936
"2865","2",77021103,77161335,"circular_RNA/5",0,"+",77021103,77021103,"0,0,0",5,"139,76,77,244,282","0,20365,115263,136188,139950",5,"circRNA","ENSMMUG00000004189","ENSMMUT00000089338","2,3,4,5,6","2:76947547-77021103|2:77161335-77196364",1.11398787091,75.7372503737,0.0148386623325
"2866","2",77157291,77161335,"circular_RNA/56",0,"+",77157291,77157291,"0,0,0",2,"244,282","0,3762",56,"circRNA","ENSMMUG00000004189","ENSMMUT00000089338","5,6","2:77136443-77157291|2:77161335-77196364",12.4766641542,75.7372503737,0.164846434591
"2867","2",77157291,77196423,"circular_RNA/11",0,"+",77157291,77157291,"0,0,0",3,"244,282,59","0,3762,39073",11,"circRNA","ENSMMUG00000004189","ENSMMUT00000089338","5,6,7","2:77136443-77157291|2:77196423-77205899",2.45077331601,75.7372503737,0.0324866355395
"2868","2",77161053,77209312,"circular_RNA/19",0,"+",77161053,77161053,"0,0,0",4,"282,59,152,60","0,35311,44846,48199",19,"circRNA","ENSMMUG00000004189","ENSMMUT00000089338","6,7,8,9","2:77157535-77161053|2:77209312-77217653",4.23315390947,75.7372503737,0.0560172664821
"2869","2",77161053,77221138,"circular_RNA/30",0,"+",77161053,77161053,"0,0,0",6,"282,59,152,60,139,54","0,35311,44846,48199,56600,60031",30,"circRNA","ENSMMUG00000004189","ENSMMUT00000089338","6,7,8,9,10,11","2:77157535-77161053|2:77221138-77239167",6.68392722548,75.7372503737,0.0883718840282
"2870","2",80203268,80203770,"circular_RNA/26",0,"+",80203268,80203268,"0,0,0",1,"502","0",26,"circRNA","ENSMMUG00000045509","ENSMMUT00000055117","2","2:79947591-80203268|2:80203770-80342642",5.79273692875,4.61190978558,1.25548468013
"2871","2",80203268,80371842,"circular_RNA/8",0,"+",80203268,80203268,"0,0,0",3,"502,274,120","0,139374,168454",8,"circRNA","ENSMMUG00000045509","ENSMMUT00000055117","2,3,4","2:79947591-80203268|2:80371842-80443366",1.78238059346,4.61190978558,0.387800860816
"2872","2",80203268,80443517,"circular_RNA/8",0,"+",80203268,80203268,"0,0,0",4,"502,274,120,151","0,139374,168454,240098",8,"circRNA","ENSMMUG00000045509","ENSMMUT00000055117","2,3,4,5","2:79947591-80203268|2:80443517-80564870",1.78238059346,4.61190978558,0.387800860816
"2873","2",80342642,80371842,"circular_RNA/4",0,"+",80342642,80342642,"0,0,0",2,"274,120","0,29080",4,"circRNA","ENSMMUG00000045509","ENSMMUT00000055117","3,4","2:80203770-80342642|2:80371842-80443366",0.891190296731,4.61190978558,0.194982234301
"2874","2",80342642,80443517,"circular_RNA/5",0,"+",80342642,80342642,"0,0,0",3,"274,120,151","0,29080,100724",5,"circRNA","ENSMMUG00000045509","ENSMMUT00000055117","3,4,5","2:80203770-80342642|2:80443517-80564870",1.11398787091,4.61190978558,0.243186890929
"2875","2",80564870,80588386,"circular_RNA/4",0,"+",80564870,80564870,"0,0,0",4,"144,93,206,120","0,15369,18761,23396",4,"circRNA","ENSMMUG00000045509","ENSMMUT00000055117","6,7,8,9","2:80443517-80564870|2:80588386-80706726",0.891190296731,4.61190978558,0.194982234301
"2876","2",80564870,80768366,"circular_RNA/2",0,"+",80564870,80564870,"0,0,0",6,"144,93,206,120,147,96","0,15369,18761,23396,141856,203400",2,"circRNA","ENSMMUG00000045509","ENSMMUT00000055117","6,7,8,9,10,11","2:80443517-80564870|2:80768366-80882964",0.445595148365,4.61190978558,0.0985729210437
"2877","2",82149743,82218248,"circular_RNA/9",0,"-",82149743,82149743,"0,0,0",13,"166,128,75,122,61,98,64,142,133,223,146,103,76","0,1254,5235,5467,13475,14649,14835,17375,17861,18876,21113,32262,68429",9,"circRNA","ENSMMUG00000019597","ENSMMUT00000086343","14,13,12,11,10,9,8,7,6,5,4,3,2","2:82143208-82149743|2:82218248-82321919",2.00517816764,51.8375689265,0.0388673607917
"2878","2",84743071,84753302,"circular_RNA/6",0,"-",84743071,84743071,"0,0,0",5,"96,131,97,61,146","0,1162,6100,9165,10085",6,"circRNA","ENSMMUG00000009744","ENSMMUT00000013613","6,5,4,3,2","2:84739485-84743071|2:84753302-84755014",1.3367854451,29.9662737276,0.0449283809368
"2879","2",84935717,84937854,"circular_RNA/3",0,"+",84935717,84935717,"0,0,0",2,"167,154","0,1983",3,"circRNA","ENSMMUG00000003594","ENSMMUT00000005086","18,19","2:84932925-84935717|2:84937854-84952732",0.668392722548,6.89558492095,0.0982382709522
"2880","2",88299634,88299851,"circular_RNA/1",0,"-",88299634,88299634,"0,0,0",1,"217","0",1,"circRNA","ENSMMUG00000010553","ENSMMUT00000014772","13","2:88296609-88299634|2:88299851-88301445",0.222797574183,7.04287887277,0.0330074538898
"2881","2",88934461,88942184,"circular_RNA/11",0,"+",88934461,88934461,"0,0,0",2,"63,981","0,6742",11,"circRNA","ENSMMUG00000008070","ENSMMUT00000109265","2,3","2:88926711-88934461|2:88942184-88956784",2.45077331601,23.5051440763,0.104646321027
"2882","2",88934461,88958356,"circular_RNA/13",0,"+",88934461,88934461,"0,0,0",4,"63,981,185,119","0,6742,22323,23776",13,"circRNA","ENSMMUG00000008070","ENSMMUT00000109265","2,3,4,5","2:88926711-88934461|2:88958356-88964413",2.89636846437,23.5051440763,0.123595605238
"2883","2",88934461,88965874,"circular_RNA/41",0,"+",88934461,88934461,"0,0,0",6,"63,981,185,119,189,189","0,6742,22323,23776,29952,31224",41,"circRNA","ENSMMUG00000008070","ENSMMUT00000109265","2,3,4,5,6,7","2:88926711-88934461|2:88965874-88972951",9.13470054149,23.5051440763,0.388885584193
"2884","2",88941203,88942184,"circular_RNA/5",0,"+",88941203,88941203,"0,0,0",1,"981","0",5,"circRNA","ENSMMUG00000008070","ENSMMUT00000109265","3","2:88934524-88941203|2:88942184-88956784",1.11398787091,23.5051440763,0.0477984683939
"2885","2",88941203,88965874,"circular_RNA/5",0,"+",88941203,88941203,"0,0,0",5,"981,185,119,189,189","0,15581,17034,23210,24482",5,"circRNA","ENSMMUG00000008070","ENSMMUT00000109265","3,4,5,6,7","2:88934524-88941203|2:88965874-88972951",1.11398787091,23.5051440763,0.0477984683939
"2886","2",89008762,89015372,"circular_RNA/2",0,"+",89008762,89008762,"0,0,0",4,"119,98,93,246","0,2166,3008,6364",2,"circRNA","ENSMMUG00000008070","ENSMMUT00000053685","2,3,4,5","2:88965874-89008762|2:89015372-89017651",0.445595148365,23.5051440763,0.0193745420775
"2887","2",89467816,89470007,"circular_RNA/9",0,"+",89467816,89467816,"0,0,0",2,"117,266","0,1925",9,"circRNA","ENSMMUG00000006557","ENSMMUT00000009187","2,3","2:89465826-89467816|2:89470007-89471067",2.00517816764,125.707342411,0.0160294365836
"2888","2",89539043,89540255,"circular_RNA/3",0,"-",89539043,89539043,"0,0,0",4,"121,161,148,100","0,597,867,1112",3,"circRNA","ENSMMUG00000018951","ENSMMUT00000071458","5,4,3,2","2:89538159-89539043|2:89540255-89542897",0.668392722548,12.6499511564,0.0535857298474
"2889","2",90917994,90929680,"circular_RNA/2",0,"+",90917994,90917994,"0,0,0",5,"134,67,91,169,104","0,862,2690,8015,11582",2,"circRNA","ENSMMUG00000013018","ENSMMUT00000018259","3,4,5,6,7","2:90909524-90917994|2:90929680-90932318",0.445595148365,23.5422770053,0.019343995838
"2890","2",90917994,90934079,"circular_RNA/39",0,"+",90917994,90917994,"0,0,0",8,"134,67,91,169,104,95,52,64","0,862,2690,8015,11582,14324,15299,16021",39,"circRNA","ENSMMUG00000013018","ENSMMUT00000018259","3,4,5,6,7,8,9,10","2:90909524-90917994|2:90934079-90935261",8.68910539312,23.5422770053,0.369353051986
"2891","2",91253391,91256170,"circular_RNA/5",0,"-",91253391,91253391,"0,0,0",3,"84,116,189","0,846,2590",5,"circRNA","ENSMMUG00000001185","ENSMMUT00000001680","6,5,4","2:91251781-91253391|2:91256170-91257622",1.11398787091,61.5292634035,0.0182645649094
"2892","2",92483951,92511561,"circular_RNA/1",0,"-",92483951,92483951,"0,0,0",6,"133,102,93,171,72,117","0,414,9201,17798,24063,27493",1,"circRNA","ENSMMUG00000022539","ENSMMUT00000073430","11,10,9,8,7,6","2:92481933-92483951|2:92511561-92513192",0.222797574183,16.5798528121,0.0140325280049
"2893","2",92745322,92750821,"circular_RNA/6",0,"+",92745322,92745322,"0,0,0",3,"4235,122,131","0,4821,5368",6,"circRNA","ENSMMUG00000021918","ENSMMUT00000061420","15,16,17","2:92743734-92745322|2:92750821-92756751",1.3367854451,37.3026795632,0.0360945785954
"2894","2",94526739,94533441,"circular_RNA/9",0,"+",94526739,94526739,"0,0,0",6,"141,79,83,130,89,102","0,2743,3474,3671,5737,6600",9,"circRNA","ENSMMUG00000020138","ENSMMUT00000028337","2,3,4,5,6,7","2:94514386-94526739|2:94533441-94539560",2.00517816764,29.1007908432,0.0692244390918
"2895","2",98571758,98575695,"circular_RNA/1",0,"+",98571758,98571758,"0,0,0",4,"75,108,45,1503","0,1445,2085,2434",1,"circRNA","ENSMMUG00000021242","ENSMMUT00000102945","3,4,5,6","2:98554266-98571758|2:98575695-98581423",0.222797574183,11.6151802007,0.0200252873645
"2896","2",99529562,99531285,"circular_RNA/3",0,"-",99529562,99529562,"0,0,0",2,"135,198","0,1525",3,"circRNA","ENSMMUG00000001029","ENSMMUT00000055850","5,4","2:99516484-99529562|2:99531285-99536442",0.668392722548,14.8246078206,0.0457304116666
"2897","2",100287997,100322169,"circular_RNA/10",0,"+",100287997,100287997,"0,0,0",5,"253,98,92,233,132","0,29155,29498,33196,34040",10,"circRNA","ENSMMUG00000001096","ENSMMUT00000098355","5,6,7,8,9","2:100282067-100287997|2:100322169-100328196",2.22797574183,15.4844314057,0.144437422919
"2898","2",100943668,100957941,"circular_RNA/4",0,"-",100943668,100943668,"0,0,0",2,"125,330","0,13943",4,"circRNA","ENSMMUG00000019740","ENSMMUT00000098264","3,2","2:100932089-100943668|2:100957941-100973418",0.891190296731,60.4152755325,0.0149141280497
"2899","2",103047705,103090756,"circular_RNA/2",0,"-",103047705,103047705,"0,0,0",7,"670,184,49,663,120,135,127","0,5628,10753,28396,30916,32801,42924",2,"circRNA","ENSMMUG00000021117","ENSMMUT00000100211","15,14,13,12,11,10,9","2:103036270-103047705|2:103090756-103094577",0.445595148365,20.9298662335,0.0217573093966
"2900","2",103047705,103099505,"circular_RNA/3",0,"-",103047705,103047705,"0,0,0",10,"670,184,49,663,120,135,127,98,78,124","0,5628,10753,28396,30916,32801,42924,46872,48693,51676",3,"circRNA","ENSMMUG00000021117","ENSMMUT00000100211","15,14,13,12,11,10,9,8,7,6","2:103036270-103047705|2:103099505-103107252",0.668392722548,20.9298662335,0.0323971851101
"2901","2",103090629,103099505,"circular_RNA/12",0,"-",103090629,103090629,"0,0,0",4,"127,98,78,124","0,3948,5769,8752",12,"circRNA","ENSMMUG00000021117","ENSMMUT00000100211","9,8,7,6","2:103080641-103090629|2:103099505-103107252",2.67357089019,20.9298662335,0.128156066532
"2902","2",103107252,103118594,"circular_RNA/3",0,"-",103107252,103107252,"0,0,0",3,"129,132,4370","0,2719,6972",3,"circRNA","ENSMMUG00000021117","ENSMMUT00000100211","5,4,3","2:103099505-103107252|2:103118594-103120681",0.668392722548,20.9298662335,0.0323971851101
"2903","2",103436406,103439564,"circular_RNA/18",0,"-",103436406,103436406,"0,0,0",5,"127,173,106,221,158","0,498,1648,1937,3000",18,"circRNA","ENSMMUG00000014046","ENSMMUT00000019718","8,7,6,5,4","2:103434964-103436406|2:103439564-103449175",4.01035633529,13.1216045005,0.306158804519
"2904","2",103625566,103657216,"circular_RNA/1",0,"-",103625566,103625566,"0,0,0",5,"262,135,155,115,56","0,13981,27516,28642,31594",1,"circRNA","ENSMMUG00000009345","ENSMMUT00000013058","26,25,24,23,22","2:103605512-103625566|2:103657216-103679226",0.222797574183,62.8734754344,0.00370204688235
"2905","2",103625566,103680330,"circular_RNA/7",0,"-",103625566,103625566,"0,0,0",7,"262,135,155,115,56,162,259","0,13981,27516,28642,31594,53660,54505",7,"circRNA","ENSMMUG00000009345","ENSMMUT00000013058","26,25,24,23,22,21,20","2:103605512-103625566|2:103680330-103688056",1.55958301928,62.8734754344,0.0249601824396
"2906","2",103625566,103696328,"circular_RNA/1",0,"-",103625566,103625566,"0,0,0",11,"262,135,155,115,56,162,259,60,114,154,114","0,13981,27516,28642,31594,53660,54505,62490,67939,69087,70648",1,"circRNA","ENSMMUG00000009345","ENSMMUT00000013058","26,25,24,23,22,21,20,19,18,17,16","2:103605512-103625566|2:103696328-103698489",0.222797574183,62.8734754344,0.00370204688235
"2907","2",103639547,103696328,"circular_RNA/5",0,"-",103639547,103639547,"0,0,0",10,"135,155,115,56,162,259,60,114,154,114","0,13535,14661,17613,39679,40524,48509,53958,55106,56667",5,"circRNA","ENSMMUG00000009345","ENSMMUT00000013058","25,24,23,22,21,20,19,18,17,16","2:103625828-103639547|2:103696328-103698489",1.11398787091,62.8734754344,0.0178741372538
"2908","2",103688056,103700137,"circular_RNA/7",0,"-",103688056,103688056,"0,0,0",6,"60,114,154,114,72,122","0,5449,6597,8158,10433,11959",7,"circRNA","ENSMMUG00000009345","ENSMMUT00000013058","19,18,17,16,15,14","2:103680330-103688056|2:103700137-103702596",1.55958301928,62.8734754344,0.0249601824396
"2909","2",103693505,103694807,"circular_RNA/1",0,"-",103693505,103693505,"0,0,0",2,"114,154","0,1148",1,"circRNA","ENSMMUG00000009345","ENSMMUT00000013058","18,17","2:103688116-103693505|2:103694807-103696214",0.222797574183,62.8734754344,0.00370204688235
"2910","2",103696214,103700137,"circular_RNA/4",1,"-",103696214,103696214,"0,0,0",3,"114,72,122","0,2275,3801",4,"circRNA","ENSMMUG00000009345","ENSMMUT00000013058","16,15,14","2:103694807-103696214|2:103700137-103702596",0.891190296731,62.8734754344,0.014331114661
"2911","2",103719392,103781404,"circular_RNA/3",0,"-",103719392,103719392,"0,0,0",9,"122,126,76,70,70,93,82,86,120","0,4874,6426,13007,18030,26191,28141,37642,61892",3,"circRNA","ENSMMUG00000009345","ENSMMUT00000013058","10,9,8,7,6,5,4,3,2","2:103714110-103719392|2:103781404-103793210",0.668392722548,62.8734754344,0.0107880920681
"2912","2",103745583,103781404,"circular_RNA/3",0,"-",103745583,103745583,"0,0,0",4,"93,82,86,120","0,1950,11451,35701",3,"circRNA","ENSMMUG00000009345","ENSMMUT00000013058","5,4,3,2","2:103737492-103745583|2:103781404-103793210",0.668392722548,62.8734754344,0.0107880920681
"2913","2",103894176,103937267,"circular_RNA/7",0,"-",103894176,103894176,"0,0,0",5,"184,216,107,51,123","0,4741,6458,30565,42968",7,"circRNA","ENSMMUG00000003823","ENSMMUT00000005407","12,11,10,9,8","2:103892972-103894176|2:103937267-103938277",1.55958301928,26.8728151014,0.0583861107313
"2914","2",106175205,106176348,"circular_RNA/2",0,"+",106175205,106175205,"0,0,0",4,"43,82,86,147","0,184,509,996",2,"circRNA","ENSMMUG00000003494","ENSMMUT00000004945","12,13,14,15","2:106174053-106175205|2:106176348-106180832",0.445595148365,11.7092502876,0.0388757930059
"2915","2",106180832,106182938,"circular_RNA/15",0,"+",106180832,106180832,"0,0,0",2,"96,261","0,1845",15,"circRNA","ENSMMUG00000003494","ENSMMUT00000004945","16,17","2:106176348-106180832|2:106182938-106185419",3.34196361274,11.7092502876,0.286022017662
"2916","2",106180832,106185494,"circular_RNA/6",0,"+",106180832,106180832,"0,0,0",3,"96,261,75","0,1845,4587",6,"circRNA","ENSMMUG00000003494","ENSMMUT00000004945","16,17,18","2:106176348-106180832|2:106185494-106187495",1.3367854451,11.7092502876,0.114920785208
"2917","2",106225756,106227445,"circular_RNA/13",0,"+",106225756,106225756,"0,0,0",3,"161,98,88","0,877,1601",13,"circRNA","ENSMMUG00000004921","ENSMMUT00000006944","10,11,12","2:106225247-106225756|2:106227445-106227930",2.89636846437,33.3183645028,0.0872040529959
"2918","2",106227930,106229795,"circular_RNA/1",0,"+",106227930,106227930,"0,0,0",3,"78,73,86","0,162,1779",1,"circRNA","ENSMMUG00000004921","ENSMMUT00000006944","13,14,15","2:106227445-106227930|2:106229795-106230805",0.222797574183,33.3183645028,0.00698496843922
"2919","2",107621853,107675029,"circular_RNA/3",1,"+",107621853,107621853,"0,0,0",2,"153,193","0,52983",3,"circRNA","ENSMMUG00000012002","ENSMMUT00000016810","2,3","2:107619270-107621853|2:107675029-107713148",0.668392722548,9.3232215658,0.072685804978
"2920","2",108859495,108859978,"circular_RNA/2",0,"+",108859495,108859495,"0,0,0",2,"113,127","0,356",2,"circRNA","ENSMMUG00000012511","ENSMMUT00000017554","7,8","2:108858096-108859495|2:108859978-108860747",0.445595148365,60.5691119528,0.00752066403218
"2921","2",109113680,109117661,"circular_RNA/2",0,"-",109113680,109113680,"0,0,0",4,"151,102,95,247","0,2011,2610,3734",2,"circRNA","ENSMMUG00000014527","ENSMMUT00000092240","10,9,8,7","2:109111308-109113680|2:109117661-109120142",0.445595148365,13.3360262261,0.0341371386993
"2922","2",109139959,109154444,"circular_RNA/2",0,"-",109139959,109139959,"0,0,0",2,"95,154","0,14331",2,"circRNA","ENSMMUG00000014527","ENSMMUT00000092240","4,3","2:109125336-109139959|2:109154444-109175089",0.445595148365,13.3360262261,0.0341371386993
"2923","2",109377779,109389379,"circular_RNA/6",0,"+",109377779,109377779,"0,0,0",16,"134,200,61,163,32,86,130,101,97,101,174,92,63,139,189,129","0,1198,2850,3088,3345,4773,5099,6490,7220,7559,7797,8233,8968,10340,10670,11471",6,"circRNA","ENSMMUG00000007230","ENSMMUT00000010110","1,2,3,4,5,6,7,8,9,10,11,12,13,14,15,16","None|2:109389379-109391520",1.3367854451,45.0051099849,0.0299185194827
"2924","2",109483620,109511675,"circular_RNA/5",0,"-",109483620,109483620,"0,0,0",6,"219,66,759,114,139,67","0,3188,4456,18932,20963,27988",5,"circRNA","ENSMMUG00000011208","ENSMMUT00000063328","9,8,7,6,5,4","2:109483222-109483620|2:109511675-109535120",1.11398787091,10.6942835608,0.105003559045
"2925","2",109848675,109964861,"circular_RNA/6",1,"+",109848675,109848675,"0,0,0",30,"153,197,104,170,88,60,27,161,226,208,121,115,70,67,148,130,60,107,88,108,53,147,202,159,111,84,129,66,92,160","0,679,7669,41357,58498,58854,59935,62499,63619,63976,67076,70861,71497,72393,73199,75651,80564,83279,85021,85891,86090,87568,89512,91941,93762,102734,110567,112954,114736,116026",6,"circRNA","ENSMMUG00000019262","ENSMMUT00000027055","6,7,8,9,10,11,12,13,14,15,16,17,18,19,20,21,22,23,24,25,26,27,28,29,30,31,32,33,34,35","2:109843261-109848675|2:109964861-109965418",1.3367854451,0.8540573677,1.55867595769
"2926","2",112737507,112737967,"circular_RNA/27",0,"+",112737507,112737507,"0,0,0",2,"166,104","0,356",27,"circRNA","ENSMMUG00000002818","ENSMMUT00000093435","5,6","2:112735458-112737507|2:112737967-112740013",6.01553450293,10.8613817414,0.5542565468
"2927","2",112788424,112804605,"circular_RNA/1",0,"-",112788424,112788424,"0,0,0",8,"165,179,109,160,123,929,60,145","0,349,2942,3487,4401,8934,14755,16036",1,"circRNA","ENSMMUG00000002820","ENSMMUT00000108624","23,22,21,20,19,18,17,16","2:112787793-112788424|2:112804605-112805826",0.222797574183,34.7086792352,0.00670525432739
"2928","2",112791366,112792948,"circular_RNA/3",0,"-",112791366,112791366,"0,0,0",3,"109,160,123","0,545,1459",3,"circRNA","ENSMMUG00000002820","ENSMMUT00000108624","21,20,19","2:112788952-112791366|2:112792948-112797358",0.668392722548,34.7086792352,0.0195397042022
"2929","2",112825608,112825895,"circular_RNA/7",0,"-",112825608,112825608,"0,0,0",2,"104,104","0,183",7,"circRNA","ENSMMUG00000002820","ENSMMUT00000108624","11,10","2:112813493-112825608|2:112825895-112827287",1.55958301928,34.7086792352,0.045208603952
"2930","2",112825608,112839118,"circular_RNA/14",0,"-",112825608,112825608,"0,0,0",10,"104,104,106,32,125,162,92,73,93,146","0,183,1679,3131,5854,7981,9233,9608,11149,13364",14,"circRNA","ENSMMUG00000002820","ENSMMUT00000108624","11,10,9,8,7,6,5,4,3,2","2:112813493-112825608|2:112839118-112848234",3.11916603856,34.7086792352,0.090129178514
"2931","2",113418182,113425789,"circular_RNA/4",0,"+",113418182,113418182,"0,0,0",4,"175,37,147,51","0,272,871,7556",4,"circRNA","ENSMMUG00000039085","ENSMMUT00000088460","16,17,18,19","2:113417460-113418182|2:113425789-113426412",0.891190296731,44.612561878,0.0201958439588
"2932","2",113982623,114005952,"circular_RNA/4",0,"+",113982623,113982623,"0,0,0",8,"73,37,63,96,72,141,138,169","0,5200,7703,16343,16698,19335,20601,23160",4,"circRNA","ENSMMUG00000004800","ENSMMUT00000078201","4,5,6,7,8,9,10,11","2:113972015-113982623|2:114005952-114031340",0.891190296731,25.8232997886,0.0348848309781
"2933","2",120121487,120124579,"circular_RNA/2",0,"+",120121487,120121487,"0,0,0",3,"253,260,83","0,2275,3009",2,"circRNA","ENSMMUG00000001508","ENSMMUT00000002120","4,5,6","2:120094024-120121487|2:120124579-120129695",0.445595148365,15.6363388426,0.0291183230114
"2934","2",123608694,123611201,"circular_RNA/1",0,"-",123608694,123608694,"0,0,0",2,"143,162","0,2345",1,"circRNA","ENSMMUG00000009693","ENSMMUT00000013535","9,8","2:123522386-123608694|2:123611201-123622353",0.222797574183,48.7184028879,0.00477745135047
"2935","2",123608694,123622450,"circular_RNA/27",0,"-",123608694,123608694,"0,0,0",3,"143,162,97","0,2345,13659",27,"circRNA","ENSMMUG00000009693","ENSMMUT00000013535","9,8,7","2:123522386-123608694|2:123622450-123632059",6.01553450293,48.7184028879,0.123655489321
"2936","2",123608694,123634472,"circular_RNA/11",0,"-",123608694,123608694,"0,0,0",5,"143,162,97,90,153","0,2345,13659,23365,25625",11,"circRNA","ENSMMUG00000009693","ENSMMUT00000013535","9,8,7,6,5","2:123522386-123608694|2:123634472-123641888",2.45077331601,48.7184028879,0.0504997736468
"2937","2",127056018,127057100,"circular_RNA/10",0,"-",127056018,127056018,"0,0,0",3,"102,80,202","0,695,880",10,"circRNA","ENSMMUG00000002889","ENSMMUT00000011204","16,15,14","2:127051782-127056018|2:127057100-127067015",2.22797574183,8.02071267058,0.278677102971
"2938","2",127121072,127133586,"circular_RNA/1",0,"-",127121072,127121072,"0,0,0",4,"205,154,90,138","0,5639,11244,12376",1,"circRNA","ENSMMUG00000002889","ENSMMUT00000011204","10,9,8,7","2:127094736-127121072|2:127133586-127192728",0.222797574183,8.02071267058,0.0289884078453
"2939","2",134487736,134500863,"circular_RNA/3",0,"-",134487736,134487736,"0,0,0",3,"85,63,160","0,1507,12967",3,"circRNA","ENSMMUG00000017986","ENSMMUT00000086170","7,6,5","2:134486734-134487736|2:134500863-134505804",0.668392722548,24.7305307343,0.0274202978842
"2940","2",134489243,134507286,"circular_RNA/2",0,"-",134489243,134489243,"0,0,0",4,"63,160,150,203","0,11460,16561,17840",2,"circRNA","ENSMMUG00000017986","ENSMMUT00000086170","6,5,4,3","2:134487821-134489243|2:134507286-134508189",0.445595148365,24.7305307343,0.018414930272
"2941","2",134505804,134507286,"circular_RNA/2",0,"-",134505804,134505804,"0,0,0",2,"150,203","0,1279",2,"circRNA","ENSMMUG00000017986","ENSMMUT00000086170","4,3","2:134500863-134505804|2:134507286-134508189",0.445595148365,24.7305307343,0.018414930272
"2942","2",135706482,135718630,"circular_RNA/3",0,"-",135706482,135706482,"0,0,0",4,"114,115,123,83","0,9107,9986,12065",3,"circRNA","ENSMMUG00000004734","ENSMMUT00000053787","7,6,5,4","2:135670999-135706482|2:135718630-135747918",0.668392722548,9.49674659954,0.0713590833041
"2943","2",135948451,135958490,"circular_RNA/1",1,"+",135948451,135948451,"0,0,0",5,"159,99,84,147,96","0,2051,3292,3487,9943",1,"circRNA","ENSMMUG00000012574","ENSMMUT00000017629","7,8,9,10,11","2:135945505-135948451|2:135958490-135964447",0.222797574183,3.1520378118,0.0736226408534
"2944","2",136488450,136504633,"circular_RNA/1",0,"+",136488450,136488450,"0,0,0",9,"73,104,172,184,175,121,171,74,97","0,4562,6764,7974,10072,12179,13122,15147,16086",1,"circRNA","ENSMMUG00000065088","ENSMMUT00000103738","2,3,4,5,6,7,8,9,10","2:136481550-136488450|2:136504633-136506742",0.222797574183,42.1289958455,0.00552451641317
"2945","2",140271220,140277216,"circular_RNA/2",0,"-",140271220,140271220,"0,0,0",3,"185,100,338","0,3710,5658",2,"circRNA","ENSMMUG00000020013","ENSMMUT00000028126","7,6,5","2:140257385-140271220|2:140277216-140284303",0.445595148365,17.5638754314,0.0259245691221
"2946","2",140800086,140810353,"circular_RNA/3",0,"+",140800086,140800086,"0,0,0",2,"130,248","0,10019",3,"circRNA","ENSMMUG00000003943","ENSMMUT00000094603","19,20","2:140794700-140800086|2:140810353-140816103",0.668392722548,30.0098645573,0.0225981273584
"2947","2",140810105,140810353,"circular_RNA/6",0,"+",140810105,140810105,"0,0,0",1,"248","0",6,"circRNA","ENSMMUG00000003943","ENSMMUT00000094603","20","2:140800216-140810105|2:140810353-140816103",1.3367854451,30.0098645573,0.0448631419549
"2948","2",143861037,143903564,"circular_RNA/9",1,"+",143861037,143861037,"0,0,0",11,"206,82,37,523,78,51,139,37,112,90,112","0,2353,5321,11958,13839,26059,28430,38622,39509,41315,42415",9,"circRNA","ENSMMUG00000007195","ENSMMUT00000010058","2,3,4,5,6,7,8,9,10,11,12","2:143855752-143861037|2:143903564-143909692",2.00517816764,1.3367854451,1.49628745616
"2949","2",144771542,144773703,"circular_RNA/5",0,"-",144771542,144771542,"0,0,0",3,"107,69,159","0,1355,2002",5,"circRNA","ENSMMUG00000015979","ENSMMUT00000022467","9,8,7","2:144770522-144771542|2:144773703-144780220",1.11398787091,2.90841157649,0.385136860052
"2950","2",146376780,146382531,"circular_RNA/5",0,"+",146376780,146376780,"0,0,0",4,"148,94,134,178","0,1255,3704,5573",5,"circRNA","ENSMMUG00000005156","ENSMMUT00000073697","6,7,8,9","2:146374216-146376780|2:146382531-146384697",1.11398787091,14.9274374702,0.0752463649239
"2951","2",146380484,146387116,"circular_RNA/2",0,"+",146380484,146380484,"0,0,0",4,"134,178,122,140","0,1869,4213,6492",2,"circRNA","ENSMMUG00000005156","ENSMMUT00000073697","8,9,10,11","2:146378129-146380484|2:146387116-146390290",0.445595148365,14.9274374702,0.0305002212912
"2952","2",146384697,146387116,"circular_RNA/3",0,"+",146384697,146384697,"0,0,0",2,"122,140","0,2279",3,"circRNA","ENSMMUG00000005156","ENSMMUT00000073697","10,11","2:146382531-146384697|2:146387116-146390290",0.668392722548,14.9274374702,0.0454156025022
"2953","2",148247823,148250474,"circular_RNA/6",0,"-",148247823,148247823,"0,0,0",2,"165,97","0,2554",6,"circRNA","ENSMMUG00000018663","ENSMMUT00000110273","4,3","2:148169437-148247823|2:148250474-148265271",1.3367854451,8.55542684862,0.157235064744
"2954","2",148247823,148265479,"circular_RNA/4",0,"-",148247823,148247823,"0,0,0",3,"165,97,208","0,2554,17448",4,"circRNA","ENSMMUG00000018663","ENSMMUT00000110273","4,3,2","2:148169437-148247823|2:148265479-148355645",0.891190296731,8.55542684862,0.105212537876
"2955","2",150760590,150782058,"circular_RNA/2",0,"+",150760590,150760590,"0,0,0",4,"141,499,187,183","0,8202,13592,21285",2,"circRNA","ENSMMUG00000017125","ENSMMUT00000096535","8,9,10,11","2:150757042-150760590|2:150782058-150788519",0.445595148365,31.061695134,0.0146627065694
"2956","2",151001692,151019264,"circular_RNA/30",0,"+",151001692,151001692,"0,0,0",3,"81,136,349","0,7412,17223",30,"circRNA","ENSMMUG00000001169","ENSMMUT00000106242","4,5,6","2:150965887-151001692|2:151019264-151044026",6.68392722548,19.569053599,0.34189227746
"2957","2",152359706,152379357,"circular_RNA/1",0,"+",152359706,152359706,"0,0,0",7,"234,95,517,142,83,219,133","0,344,1868,4989,16609,19226,19518",1,"circRNA","ENSMMUG00000008301","ENSMMUT00000011611","5,6,7,8,9,10,11","2:152346576-152359706|2:152379357-152394097",0.222797574183,9.19039993504,0.0253029841992
"2958","2",152378932,152379357,"circular_RNA/3",1,"+",152378932,152378932,"0,0,0",2,"219,133","0,292",3,"circRNA","ENSMMUG00000008301","ENSMMUT00000011611","10,11","2:152376398-152378932|2:152379357-152394097",0.668392722548,9.19039993504,0.0737351340526
"2959","2",153192141,153198654,"circular_RNA/2",1,"-",153192141,153192141,"0,0,0",3,"137,72,92","0,6235,6421",2,"circRNA","ENSMMUG00000007696","ENSMMUT00000103552","11,10,9","2:153178227-153192141|2:153198654-153206404",0.445595148365,2.37650745795,0.190904556718
"2960","2",153198376,153198654,"circular_RNA/6",1,"-",153198376,153198376,"0,0,0",2,"72,92","0,186",6,"circRNA","ENSMMUG00000007696","ENSMMUT00000103552","10,9","2:153192278-153198376|2:153198654-153206404",1.3367854451,2.37650745795,0.56433322285
"2961","2",154300380,154306547,"circular_RNA/1",1,"+",154300380,154300380,"0,0,0",4,"171,150,120,147","0,1793,5623,6020",1,"circRNA","ENSMMUG00000000911","ENSMMUT00000001301","2,3,4,5","2:154284872-154300380|2:154306547-154313542",0.222797574183,2.03700639253,0.113725865748
"2962","2",155631704,155637077,"circular_RNA/3",1,"+",155631704,155631704,"0,0,0",2,"127,182","0,5191",3,"circRNA","ENSMMUG00000001593","ENSMMUT00000002253","11,12","2:155628567-155631704|2:155637077-155642685",0.668392722548,0.0928323225761,6.59707673184
"2963","2",155926694,155927747,"circular_RNA/8",0,"+",155926694,155926694,"0,0,0",2,"129,278","0,775",8,"circRNA","ENSMMUG00000000075","ENSMMUT00000091299","3,4","2:155915482-155926694|2:155927747-155930813",1.78238059346,3.28626421919,0.543761201855
"2964","2",156363307,156431219,"circular_RNA/4",0,"+",156363307,156363307,"0,0,0",5,"107,98,96,187,99","0,6880,35368,47860,67813",4,"circRNA","ENSMMUG00000001980","ENSMMUT00000002798","6,7,8,9,10","2:156360085-156363307|2:156431219-156447893",0.891190296731,39.3460516007,0.02289839199
"2965","2",156398675,156411354,"circular_RNA/4",0,"+",156398675,156398675,"0,0,0",2,"96,187","0,12492",4,"circRNA","ENSMMUG00000001980","ENSMMUT00000002798","8,9","2:156370285-156398675|2:156411354-156431120",0.891190296731,39.3460516007,0.02289839199
"2966","2",156398675,156431219,"circular_RNA/3",0,"+",156398675,156398675,"0,0,0",3,"96,187,99","0,12492,32445",3,"circRNA","ENSMMUG00000001980","ENSMMUT00000002798","8,9,10","2:156370285-156398675|2:156431219-156447893",0.668392722548,39.3460516007,0.0172373166249
"2967","2",161881857,161890809,"circular_RNA/7",0,"+",161881857,161881857,"0,0,0",2,"101,188","0,8764",7,"circRNA","ENSMMUG00000020641","ENSMMUT00000084958","8,9","2:161767805-161881857|2:161890809-161919105",1.55958301928,3.42551270306,0.45687009624
"2968","2",161919105,161920710,"circular_RNA/7",0,"+",161919105,161919105,"0,0,0",1,"1605","0",7,"circRNA","ENSMMUG00000020641","ENSMMUT00000084958","10","2:161890809-161919105|2:161920710-161931544",1.55958301928,3.42551270306,0.45687009624
"2969","2",162350141,162361653,"circular_RNA/6",0,"-",162350141,162350141,"0,0,0",5,"138,163,14,37,133","0,6529,7106,8072,11379",6,"circRNA","ENSMMUG00000001943","ENSMMUT00000002753","12,11,10,9,8","2:162333152-162350141|2:162361653-162364608",1.3367854451,10.6200177027,0.126696444236
"2970","2",162744585,162761533,"circular_RNA/5",0,"+",162744585,162744585,"0,0,0",6,"99,48,144,94,107,119","0,3372,6987,12002,12832,16829",5,"circRNA","ENSMMUG00000013451","ENSMMUT00000018880","2,3,4,5,6,7","2:162736948-162744585|2:162761533-162774328",1.11398787091,8.70767185764,0.128932115049
"2971","2",162820038,162864994,"circular_RNA/3",1,"+",162820038,162820038,"0,0,0",15,"153,154,163,103,217,115,165,156,48,100,95,210,111,162,243","0,1065,7100,10600,15804,18073,21110,23375,23823,24462,25102,27862,28728,43358,44713",3,"circRNA","ENSMMUG00000013448","ENSMMUT00000018871","2,3,4,5,6,7,8,9,10,11,12,13,14,15,16","2:162812125-162820038|2:162864994-162870767",0.668392722548,0.776415788818,0.862638736651
"2972","2",162913662,162932113,"circular_RNA/4",0,"+",162913662,162913662,"0,0,0",5,"178,501,204,196,111","0,3250,6105,7614,18340",4,"circRNA","ENSMMUG00000013448","ENSMMUT00000018871","24,25,26,27,28","2:162905277-162913662|2:162932113-162933947",0.891190296731,0.776415788818,1.14594634231
"2973","2",167561192,167581294,"circular_RNA/7",0,"-",167561192,167561192,"0,0,0",9,"33,618,77,53,93,102,120,115,125","0,1860,4110,9363,10219,11901,13353,17056,19977",7,"circRNA","ENSMMUG00000000898","ENSMMUT00000066264","14,13,12,11,10,9,8,7,6","2:167559849-167561192|2:167581294-167582591",1.55958301928,6.48234846789,0.241758899271
"2974","2",167646837,167654044,"circular_RNA/5",0,"+",167646837,167646837,"0,0,0",6,"196,75,111,197,114,83","0,833,994,3447,6364,7124",5,"circRNA","ENSMMUG00000000894","ENSMMUT00000001279","14,15,16,17,18,19","2:167644107-167646837|2:167654044-167655307",1.11398787091,6.99584382934,0.160435758816
"2975","2",168487233,168493930,"circular_RNA/3",0,"-",168487233,168487233,"0,0,0",2,"243,171","0,6526",3,"circRNA","ENSMMUG00000008787","ENSMMUT00000096120","4,3","2:168477482-168487233|2:168493930-168549357",0.668392722548,17.6706326024,0.0383692562254
"2976","2",174460269,174461360,"circular_RNA/6",0,"+",174460269,174460269,"0,0,0",2,"236,232","0,859",6,"circRNA","ENSMMUG00000015060","ENSMMUT00000021107","2,3","2:174455512-174460269|2:174461360-174468948",1.3367854451,11.4121868554,0.11790959666
"2977","2",175717110,175719670,"circular_RNA/9",0,"+",175717110,175717110,"0,0,0",3,"174,127,110","0,638,2450",9,"circRNA","ENSMMUG00000020025","ENSMMUT00000028143","2,3,4","2:175705113-175717110|2:175719670-175722353",2.00517816764,64.8340940872,0.0310772815321
"2978","2",175789944,175805395,"circular_RNA/3",0,"-",175789944,175789944,"0,0,0",9,"140,107,43,171,93,123,104,47,125","0,3673,5322,7966,11195,12481,14253,15186,15326",3,"circRNA","ENSMMUG00000020026","ENSMMUT00000091998","14,13,12,11,10,9,8,7,6","2:175788330-175789944|2:175805395-175809436",0.668392722548,6.07629747771,0.111462301183
"2979","2",175789944,175805637,"circular_RNA/3",0,"-",175789944,175789944,"0,0,0",10,"140,107,43,171,93,123,104,47,125,118","0,3673,5322,7966,11195,12481,14253,15186,15326,15575",3,"circRNA","ENSMMUG00000020026","ENSMMUT00000068145","10,9,8,7,6,5,4,3,2,1","2:175784178-175789944|None",0.668392722548,6.07629747771,0.111462301183
"2980","2",175801139,175817659,"circular_RNA/14",0,"-",175801139,175801139,"0,0,0",7,"93,123,104,47,125,124,205","0,1286,3058,3991,4131,8297,16315",14,"circRNA","ENSMMUG00000020026","ENSMMUT00000091998","10,9,8,7,6,5,4","2:175798081-175801139|2:175817659-175819382",3.11916603856,6.07629747771,0.514132943718
