"","chrom","start","end","name","n_reads","strand","n_uniq","uniq_bridges","best_qual_left","best_qual_right","tissues","tiss_counts","edits","anchor_overlap","breakpoints","signal","strandmatch","category"
"1","7",16914479,16914635,"hsa_circ_000002",4,"-",1,4,5,5,"my_test_sample",4,0,0,1,"GTAG",NA,"ANCHOR_UNIQUE,CANONICAL,CIRCULAR,PERFECT_EXT,UNAMBIGUOUS_BP"
"2","12",60350429,60353878,"hsa_circ_000006",2,"+",1,2,40,5,"my_test_sample",2,2,0,1,"GTAG",NA,"ANCHOR_UNIQUE,CANONICAL,CIRCULAR,OK_EXT,UNAMBIGUOUS_BP"
"3","9",130382034,130382257,"hsa_circ_000009",3,"+",2,3,5,40,"my_test_sample",3,0,0,1,"GTAG",NA,"ANCHOR_UNIQUE,CANONICAL,CIRCULAR,PERFECT_EXT,UNAMBIGUOUS_BP"
"4","8",48276531,48276681,"hsa_circ_000019",2,"-",2,2,40,40,"my_test_sample",2,1,0,1,"GTAG",NA,"ANCHOR_UNIQUE,CANONICAL,CIRCULAR,GOOD_EXT,UNAMBIGUOUS_BP"
"5","12",52701215,52701366,"hsa_circ_000026",2,"-",2,2,40,5,"my_test_sample",2,1,0,1,"GTAG",NA,"ANCHOR_UNIQUE,CANONICAL,CIRCULAR,GOOD_EXT,UNAMBIGUOUS_BP"
"6","3",105305396,105305885,"hsa_circ_000029",5,"+",1,5,5,5,"my_test_sample",5,1,0,1,"GTAG",NA,"ANCHOR_UNIQUE,CANONICAL,CIRCULAR,GOOD_EXT,UNAMBIGUOUS_BP"
"7","19",2186785,2187014,"hsa_circ_000030",2,"-",2,2,40,40,"my_test_sample",2,0,0,1,"GTAG",NA,"ANCHOR_UNIQUE,CANONICAL,CIRCULAR,PERFECT_EXT,UNAMBIGUOUS_BP"
"8","X",55907409,55907581,"hsa_circ_000035",2,"+",1,2,40,40,"my_test_sample",2,0,0,1,"GTAG",NA,"ANCHOR_UNIQUE,CANONICAL,CIRCULAR,PERFECT_EXT,UNAMBIGUOUS_BP"
"9","10",124090824,124091006,"hsa_circ_000052",2,"-",2,2,40,40,"my_test_sample",2,0,0,1,"GTAG",NA,"ANCHOR_UNIQUE,CANONICAL,CIRCULAR,PERFECT_EXT,UNAMBIGUOUS_BP"
"10","19",21878940,21879161,"hsa_circ_000054",2,"+",1,2,5,40,"my_test_sample",2,2,0,1,"GTAG",NA,"ANCHOR_UNIQUE,CANONICAL,CIRCULAR,OK_EXT,UNAMBIGUOUS_BP"
"11","10",995834,996032,"hsa_circ_000060",2,"+",1,2,40,5,"my_test_sample",2,1,0,1,"GTAG",NA,"ANCHOR_UNIQUE,CANONICAL,CIRCULAR,GOOD_EXT,UNAMBIGUOUS_BP"
"12","18",30081234,30081411,"hsa_circ_000063",2,"+",1,2,5,5,"my_test_sample",2,2,0,1,"GTAG",NA,"ANCHOR_UNIQUE,CANONICAL,CIRCULAR,OK_EXT,UNAMBIGUOUS_BP"
"13","15",93423981,93424132,"hsa_circ_000067",2,"+",1,2,40,5,"my_test_sample",2,0,0,1,"GTAG",NA,"ANCHOR_UNIQUE,CANONICAL,CIRCULAR,PERFECT_EXT,UNAMBIGUOUS_BP"
"14","9",109039523,109039681,"hsa_circ_000071",3,"+",1,3,40,40,"my_test_sample",3,0,0,1,"GTAG",NA,"ANCHOR_UNIQUE,CANONICAL,CIRCULAR,PERFECT_EXT,UNAMBIGUOUS_BP"
"15","13",83832240,83832454,"hsa_circ_000074",3,"-",2,3,5,5,"my_test_sample",3,0,0,1,"GTAG",NA,"ANCHOR_UNIQUE,CANONICAL,CIRCULAR,PERFECT_EXT,UNAMBIGUOUS_BP"
"16","2",10360815,10360975,"hsa_circ_000076",2,"-",1,2,5,5,"my_test_sample",2,0,0,1,"GTAG",NA,"ANCHOR_UNIQUE,CANONICAL,CIRCULAR,PERFECT_EXT,UNAMBIGUOUS_BP"
"17","5",179238727,179238973,"hsa_circ_000079",2,"+",1,2,5,40,"my_test_sample",2,0,0,1,"GTAG",NA,"ANCHOR_UNIQUE,CANONICAL,CIRCULAR,PERFECT_EXT,UNAMBIGUOUS_BP"
"18","1",15942330,15942528,"hsa_circ_000083",2,"-",2,2,40,40,"my_test_sample",2,0,0,1,"GTAG",NA,"ANCHOR_UNIQUE,CANONICAL,CIRCULAR,PERFECT_EXT,UNAMBIGUOUS_BP"
"19","10",119068550,119068715,"hsa_circ_000085",3,"-",1,3,5,40,"my_test_sample",3,0,0,1,"GTAG",NA,"ANCHOR_UNIQUE,CANONICAL,CIRCULAR,PERFECT_EXT,UNAMBIGUOUS_BP"
"20","10",93113593,93113800,"hsa_circ_000110",3,"+",2,3,40,40,"my_test_sample",3,0,0,1,"GTAG",NA,"ANCHOR_UNIQUE,CANONICAL,CIRCULAR,PERFECT_EXT,UNAMBIGUOUS_BP"
"21","1",180908639,180908797,"hsa_circ_000116",3,"+",1,3,5,40,"my_test_sample",3,2,0,1,"GTAG",NA,"ANCHOR_UNIQUE,CANONICAL,CIRCULAR,OK_EXT,UNAMBIGUOUS_BP"
"22","10",84843216,84843436,"hsa_circ_000118",2,"-",2,2,40,40,"my_test_sample",2,0,0,1,"GTAG",NA,"ANCHOR_UNIQUE,CANONICAL,CIRCULAR,PERFECT_EXT,UNAMBIGUOUS_BP"
"23","7",55389441,55389704,"hsa_circ_000125",3,"+",1,3,40,40,"my_test_sample",3,0,0,1,"GTAG",NA,"ANCHOR_UNIQUE,CANONICAL,CIRCULAR,PERFECT_EXT,UNAMBIGUOUS_BP"
"24","1",211369050,211369225,"hsa_circ_000127",2,"+",1,2,5,5,"my_test_sample",2,0,0,1,"GTAG",NA,"ANCHOR_UNIQUE,CANONICAL,CIRCULAR,PERFECT_EXT,UNAMBIGUOUS_BP"
"25","1",26017068,26017240,"hsa_circ_000147",2,"+",2,2,5,5,"my_test_sample",2,0,0,1,"GTAG",NA,"ANCHOR_UNIQUE,CANONICAL,CIRCULAR,PERFECT_EXT,UNAMBIGUOUS_BP"
"26","5",169242370,169242528,"hsa_circ_000152",2,"-",1,2,5,40,"my_test_sample",2,1,0,1,"GTAG",NA,"ANCHOR_UNIQUE,CANONICAL,CIRCULAR,GOOD_EXT,UNAMBIGUOUS_BP"
"27","12",75544590,75544935,"hsa_circ_000172",3,"+",2,3,5,40,"my_test_sample",3,0,0,1,"GTAG",NA,"ANCHOR_UNIQUE,CANONICAL,CIRCULAR,PERFECT_EXT,UNAMBIGUOUS_BP"
"28","22",46958332,46958557,"hsa_circ_000173",2,"-",1,2,5,40,"my_test_sample",2,0,0,1,"GTAG",NA,"ANCHOR_UNIQUE,CANONICAL,CIRCULAR,PERFECT_EXT,UNAMBIGUOUS_BP"
"29","2",120217315,120217554,"hsa_circ_000179",3,"-",2,3,5,40,"my_test_sample",3,0,0,1,"GTAG",NA,"ANCHOR_UNIQUE,CANONICAL,CIRCULAR,PERFECT_EXT,UNAMBIGUOUS_BP"
"30","6",69317521,69317681,"hsa_circ_000181",2,"-",1,2,40,5,"my_test_sample",2,1,0,1,"GTAG",NA,"ANCHOR_UNIQUE,CANONICAL,CIRCULAR,GOOD_EXT,UNAMBIGUOUS_BP"
"31","4",7464292,7464446,"hsa_circ_000188",3,"+",1,3,5,5,"my_test_sample",3,1,0,1,"GTAG",NA,"ANCHOR_UNIQUE,CANONICAL,CIRCULAR,GOOD_EXT,UNAMBIGUOUS_BP"
"32","22",42297466,42297640,"hsa_circ_000193",5,"-",2,5,5,5,"my_test_sample",5,0,0,1,"GTAG",NA,"ANCHOR_UNIQUE,CANONICAL,CIRCULAR,PERFECT_EXT,UNAMBIGUOUS_BP"
"33","18",10765463,10765666,"hsa_circ_000194",3,"+",2,3,40,40,"my_test_sample",3,1,0,1,"GTAG",NA,"ANCHOR_UNIQUE,CANONICAL,CIRCULAR,GOOD_EXT,UNAMBIGUOUS_BP"
"34","17",41594727,41594880,"hsa_circ_000195",2,"+",1,2,5,40,"my_test_sample",2,0,0,1,"GTAG",NA,"ANCHOR_UNIQUE,CANONICAL,CIRCULAR,PERFECT_EXT,UNAMBIGUOUS_BP"
"35","12",117510121,117510419,"hsa_circ_000197",2,"+",2,2,5,5,"my_test_sample",2,0,0,1,"GTAG",NA,"ANCHOR_UNIQUE,CANONICAL,CIRCULAR,PERFECT_EXT,UNAMBIGUOUS_BP"
"36","6",31271232,31356326,"hsa_circ_000199",3,"+",2,3,40,35,"my_test_sample",3,1,0,1,"GTAG",NA,"ANCHOR_UNIQUE,CANONICAL,CIRCULAR,GOOD_EXT,UNAMBIGUOUS_BP"
"37","19",4552997,4553178,"hsa_circ_000209",3,"+",2,3,40,40,"my_test_sample",3,1,0,1,"GTAG",NA,"ANCHOR_UNIQUE,CANONICAL,CIRCULAR,GOOD_EXT,UNAMBIGUOUS_BP"
"38","X",154358791,154359107,"hsa_circ_000217",2,"-",1,2,5,40,"my_test_sample",2,0,0,1,"GTAG",NA,"ANCHOR_UNIQUE,CANONICAL,CIRCULAR,PERFECT_EXT,UNAMBIGUOUS_BP"
"39","19",979653,979808,"hsa_circ_000218",2,"-",1,2,5,40,"my_test_sample",2,0,0,1,"GTAG",NA,"ANCHOR_UNIQUE,CANONICAL,CIRCULAR,PERFECT_EXT,UNAMBIGUOUS_BP"
"40","4",10757264,10757429,"hsa_circ_000227",3,"-",1,3,40,5,"my_test_sample",3,1,0,1,"GTAG",NA,"ANCHOR_UNIQUE,CANONICAL,CIRCULAR,GOOD_EXT,UNAMBIGUOUS_BP"
"41","10",48464277,48464428,"hsa_circ_000236",3,"+",1,3,40,5,"my_test_sample",3,2,0,1,"GTAG",NA,"ANCHOR_UNIQUE,CANONICAL,CIRCULAR,OK_EXT,UNAMBIGUOUS_BP"
"42","20",31831659,31831828,"hsa_circ_000244",2,"-",2,1,40,5,"my_test_sample",2,0,0,1,"GTAG",NA,"ANCHOR_UNIQUE,CANONICAL,CIRCULAR,PERFECT_EXT,UNAMBIGUOUS_BP"
"43","8",125802623,125802867,"hsa_circ_000245",2,"+",1,2,5,36,"my_test_sample",2,1,0,1,"GTAG",NA,"ANCHOR_UNIQUE,CANONICAL,CIRCULAR,GOOD_EXT,UNAMBIGUOUS_BP"
"44","13",25070537,25070764,"hsa_circ_000248",2,"+",1,2,5,40,"my_test_sample",2,2,0,1,"GTAG",NA,"ANCHOR_UNIQUE,CANONICAL,CIRCULAR,OK_EXT,UNAMBIGUOUS_BP"
"45","3",66183571,66183725,"hsa_circ_000256",2,"-",2,2,40,40,"my_test_sample",2,2,0,1,"GTAG",NA,"ANCHOR_UNIQUE,CANONICAL,CIRCULAR,OK_EXT,UNAMBIGUOUS_BP"
"46","22",29049450,29049643,"hsa_circ_000259",2,"-",2,2,40,37,"my_test_sample",2,0,0,1,"GTAG",NA,"ANCHOR_UNIQUE,CANONICAL,CIRCULAR,PERFECT_EXT,UNAMBIGUOUS_BP"
"47","1",204662367,204662694,"hsa_circ_000262",3,"-",2,3,5,5,"my_test_sample",3,1,0,1,"GTAG",NA,"ANCHOR_UNIQUE,CANONICAL,CIRCULAR,GOOD_EXT,UNAMBIGUOUS_BP"
"48","20",20338570,20338805,"hsa_circ_000266",2,"-",2,2,40,40,"my_test_sample",2,0,0,1,"GTAG",NA,"ANCHOR_UNIQUE,CANONICAL,CIRCULAR,PERFECT_EXT,UNAMBIGUOUS_BP"
"49","12",10068019,10068270,"hsa_circ_000272",2,"-",1,2,5,40,"my_test_sample",2,0,0,1,"GTAG",NA,"ANCHOR_UNIQUE,CANONICAL,CIRCULAR,PERFECT_EXT,UNAMBIGUOUS_BP"
"50","13",32382184,32382338,"hsa_circ_000280",2,"-",1,2,5,40,"my_test_sample",2,0,0,1,"GTAG",NA,"ANCHOR_UNIQUE,CANONICAL,CIRCULAR,PERFECT_EXT,UNAMBIGUOUS_BP"
"51","19",30783655,30783897,"hsa_circ_000282",2,"-",1,2,5,40,"my_test_sample",2,1,0,1,"GTAG",NA,"ANCHOR_UNIQUE,CANONICAL,CIRCULAR,GOOD_EXT,UNAMBIGUOUS_BP"
"52","9",79561328,79561519,"hsa_circ_000285",2,"-",1,2,40,5,"my_test_sample",2,0,0,1,"GTAG",NA,"ANCHOR_UNIQUE,CANONICAL,CIRCULAR,PERFECT_EXT,UNAMBIGUOUS_BP"
"53","18",75361587,75361896,"hsa_circ_000299",3,"+",1,3,5,40,"my_test_sample",3,0,0,1,"GTAG",NA,"ANCHOR_UNIQUE,CANONICAL,CIRCULAR,PERFECT_EXT,UNAMBIGUOUS_BP"
"54","6",27689726,27690038,"hsa_circ_000307",2,"+",2,2,40,5,"my_test_sample",2,1,0,1,"GTAG",NA,"ANCHOR_UNIQUE,CANONICAL,CIRCULAR,GOOD_EXT,UNAMBIGUOUS_BP"
"55","2",127332371,127332631,"hsa_circ_000331",2,"-",1,2,5,40,"my_test_sample",2,2,0,1,"GTAG",NA,"ANCHOR_UNIQUE,CANONICAL,CIRCULAR,OK_EXT,UNAMBIGUOUS_BP"
"56","13",80418642,80418857,"hsa_circ_000339",2,"-",1,2,5,40,"my_test_sample",2,1,0,1,"GTAG",NA,"ANCHOR_UNIQUE,CANONICAL,CIRCULAR,GOOD_EXT,UNAMBIGUOUS_BP"
"57","12",38477291,38477609,"hsa_circ_000342",3,"+",1,3,40,5,"my_test_sample",3,0,0,1,"GTAG",NA,"ANCHOR_UNIQUE,CANONICAL,CIRCULAR,PERFECT_EXT,UNAMBIGUOUS_BP"
"58","1",36880157,36880311,"hsa_circ_000346",3,"+",2,3,5,5,"my_test_sample",3,0,0,1,"GTAG",NA,"ANCHOR_UNIQUE,CANONICAL,CIRCULAR,PERFECT_EXT,UNAMBIGUOUS_BP"
"59","3",125693097,125693321,"hsa_circ_000350",2,"-",2,2,37,5,"my_test_sample",2,0,0,1,"GTAG",NA,"ANCHOR_UNIQUE,CANONICAL,CIRCULAR,PERFECT_EXT,UNAMBIGUOUS_BP"
"60","15",93854194,93854359,"hsa_circ_000353",2,"-",1,2,5,40,"my_test_sample",2,0,0,1,"GTAG",NA,"ANCHOR_UNIQUE,CANONICAL,CIRCULAR,PERFECT_EXT,UNAMBIGUOUS_BP"
"61","21",9655504,9655726,"hsa_circ_000356",2,"+",2,1,5,5,"my_test_sample",2,0,0,1,"GTAG",NA,"ANCHOR_UNIQUE,CANONICAL,CIRCULAR,PERFECT_EXT,UNAMBIGUOUS_BP"
"62","11",6654412,6654580,"hsa_circ_000367",2,"+",1,2,5,40,"my_test_sample",2,0,0,1,"GTAG",NA,"ANCHOR_UNIQUE,CANONICAL,CIRCULAR,PERFECT_EXT,UNAMBIGUOUS_BP"
"63","5",115777544,115777707,"hsa_circ_000373",2,"-",1,2,40,40,"my_test_sample",2,0,0,1,"GTAG",NA,"ANCHOR_UNIQUE,CANONICAL,CIRCULAR,PERFECT_EXT,UNAMBIGUOUS_BP"
"64","10",132790426,132790595,"hsa_circ_000377",2,"+",1,2,40,5,"my_test_sample",2,0,0,1,"GTAG",NA,"ANCHOR_UNIQUE,CANONICAL,CIRCULAR,PERFECT_EXT,UNAMBIGUOUS_BP"
"65","2",239565409,239565654,"hsa_circ_000395",2,"+",2,2,5,5,"my_test_sample",2,1,0,1,"GTAG",NA,"ANCHOR_UNIQUE,CANONICAL,CIRCULAR,GOOD_EXT,UNAMBIGUOUS_BP"
"66","20",10403522,10403754,"hsa_circ_000400",2,"+",2,2,40,5,"my_test_sample",2,0,0,1,"GTAG",NA,"ANCHOR_UNIQUE,CANONICAL,CIRCULAR,PERFECT_EXT,UNAMBIGUOUS_BP"
"67","15",99511285,99511458,"hsa_circ_000401",2,"+",1,2,40,40,"my_test_sample",2,1,0,1,"GTAG",NA,"ANCHOR_UNIQUE,CANONICAL,CIRCULAR,GOOD_EXT,UNAMBIGUOUS_BP"
"68","10",36120453,36120622,"hsa_circ_000402",3,"+",2,3,5,5,"my_test_sample",3,1,0,1,"GTAG",NA,"ANCHOR_UNIQUE,CANONICAL,CIRCULAR,GOOD_EXT,UNAMBIGUOUS_BP"
"69","20",46220886,46221130,"hsa_circ_000403",2,"+",1,2,5,40,"my_test_sample",2,2,0,1,"GTAG",NA,"ANCHOR_UNIQUE,CANONICAL,CIRCULAR,OK_EXT,UNAMBIGUOUS_BP"
"70","17",4783120,4783270,"hsa_circ_000405",2,"-",2,2,40,5,"my_test_sample",2,0,0,1,"GTAG",NA,"ANCHOR_UNIQUE,CANONICAL,CIRCULAR,PERFECT_EXT,UNAMBIGUOUS_BP"
"71","12",34303042,34303259,"hsa_circ_000412",3,"-",3,3,40,4,"my_test_sample",3,0,0,1,"GTAG",NA,"ANCHOR_UNIQUE,CANONICAL,CIRCULAR,PERFECT_EXT,UNAMBIGUOUS_BP"
"72","13",22156264,22156435,"hsa_circ_000414",2,"-",1,2,5,5,"my_test_sample",2,0,0,1,"GTAG",NA,"ANCHOR_UNIQUE,CANONICAL,CIRCULAR,PERFECT_EXT,UNAMBIGUOUS_BP"
"73","4",7720704,7720891,"hsa_circ_000419",3,"-",1,3,5,5,"my_test_sample",3,1,0,1,"GTAG",NA,"ANCHOR_UNIQUE,CANONICAL,CIRCULAR,GOOD_EXT,UNAMBIGUOUS_BP"
"74","17",22571438,22571591,"hsa_circ_000430",2,"+",1,2,5,5,"my_test_sample",2,0,0,1,"GTAG",NA,"ANCHOR_UNIQUE,CANONICAL,CIRCULAR,PERFECT_EXT,UNAMBIGUOUS_BP"
"75","12",7311332,7311489,"hsa_circ_000431",3,"-",1,3,5,40,"my_test_sample",3,1,0,1,"GTAG",NA,"ANCHOR_UNIQUE,CANONICAL,CIRCULAR,GOOD_EXT,UNAMBIGUOUS_BP"
"76","1",35269207,35269371,"hsa_circ_000437",3,"+",1,3,40,40,"my_test_sample",3,1,0,1,"GTAG",NA,"ANCHOR_UNIQUE,CANONICAL,CIRCULAR,GOOD_EXT,UNAMBIGUOUS_BP"
"77","X",44780807,44781023,"hsa_circ_000438",2,"-",1,2,35,40,"my_test_sample",2,0,2,1,"GTAG",NA,"ANCHOR_UNIQUE,CANONICAL,CIRCULAR,OK_EXT,UNAMBIGUOUS_BP"
"78","2",118565893,118566128,"hsa_circ_000441",2,"+",1,2,5,5,"my_test_sample",2,2,0,1,"GTAG",NA,"ANCHOR_UNIQUE,CANONICAL,CIRCULAR,OK_EXT,UNAMBIGUOUS_BP"
"79","19",20910933,20912221,"hsa_circ_000461",2,"-",1,2,5,5,"my_test_sample",2,2,0,1,"GTAG",NA,"ANCHOR_UNIQUE,CANONICAL,CIRCULAR,OK_EXT,UNAMBIGUOUS_BP"
"80","5",1157359,1157747,"hsa_circ_000463",4,"-",1,4,5,5,"my_test_sample",4,0,0,1,"GTAG",NA,"ANCHOR_UNIQUE,CANONICAL,CIRCULAR,PERFECT_EXT,UNAMBIGUOUS_BP"
"81","1",117034840,117035057,"hsa_circ_000465",2,"+",1,2,4,40,"my_test_sample",2,0,0,1,"GTAG",NA,"ANCHOR_UNIQUE,CANONICAL,CIRCULAR,PERFECT_EXT,UNAMBIGUOUS_BP"
"82","5",135229200,135229387,"hsa_circ_000471",2,"-",1,2,5,40,"my_test_sample",2,2,0,1,"GTAG",NA,"ANCHOR_UNIQUE,CANONICAL,CIRCULAR,OK_EXT,UNAMBIGUOUS_BP"
"83","1",35672691,35672865,"hsa_circ_000473",2,"-",1,2,40,5,"my_test_sample",2,0,0,1,"GTAG",NA,"ANCHOR_UNIQUE,CANONICAL,CIRCULAR,PERFECT_EXT,UNAMBIGUOUS_BP"
"84","16",89908255,89908423,"hsa_circ_000483",2,"-",2,2,5,5,"my_test_sample",2,0,2,1,"GTAG",NA,"ANCHOR_UNIQUE,CANONICAL,CIRCULAR,OK_EXT,UNAMBIGUOUS_BP"
"85","20",58589370,58589523,"hsa_circ_000486",3,"-",1,3,40,40,"my_test_sample",3,0,0,1,"GTAG",NA,"ANCHOR_UNIQUE,CANONICAL,CIRCULAR,PERFECT_EXT,UNAMBIGUOUS_BP"
"86","5",159832748,159832928,"hsa_circ_000487",2,"-",1,2,40,5,"my_test_sample",2,0,0,1,"GTAG",NA,"ANCHOR_UNIQUE,CANONICAL,CIRCULAR,PERFECT_EXT,UNAMBIGUOUS_BP"
"87","10",60385096,60385249,"hsa_circ_000489",2,"+",2,2,40,5,"my_test_sample",2,0,0,1,"GTAG",NA,"ANCHOR_UNIQUE,CANONICAL,CIRCULAR,PERFECT_EXT,UNAMBIGUOUS_BP"
"88","16",1651448,1651604,"hsa_circ_000496",2,"+",1,2,5,40,"my_test_sample",2,1,0,1,"GTAG",NA,"ANCHOR_UNIQUE,CANONICAL,CIRCULAR,GOOD_EXT,UNAMBIGUOUS_BP"
"89","1",183197168,183197329,"hsa_circ_000499",2,"+",1,2,40,5,"my_test_sample",2,1,0,1,"GTAG",NA,"ANCHOR_UNIQUE,CANONICAL,CIRCULAR,GOOD_EXT,UNAMBIGUOUS_BP"
"90","17",10477949,10478140,"hsa_circ_000513",2,"+",1,2,40,5,"my_test_sample",2,1,0,1,"GTAG",NA,"ANCHOR_UNIQUE,CANONICAL,CIRCULAR,GOOD_EXT,UNAMBIGUOUS_BP"
"91","16",30088720,30089038,"hsa_circ_000519",2,"+",1,2,40,40,"my_test_sample",2,1,0,1,"GTAG",NA,"ANCHOR_UNIQUE,CANONICAL,CIRCULAR,GOOD_EXT,UNAMBIGUOUS_BP"
"92","5",150295787,150295957,"hsa_circ_000526",2,"-",1,2,40,40,"my_test_sample",2,0,0,1,"GTAG",NA,"ANCHOR_UNIQUE,CANONICAL,CIRCULAR,PERFECT_EXT,UNAMBIGUOUS_BP"
"93","2",237444765,237444949,"hsa_circ_000527",2,"+",1,2,40,5,"my_test_sample",2,2,0,1,"GTAG",NA,"ANCHOR_UNIQUE,CANONICAL,CIRCULAR,OK_EXT,UNAMBIGUOUS_BP"
"94","10",18401562,18401752,"hsa_circ_000529",2,"-",2,2,40,40,"my_test_sample",2,2,0,1,"GTAG",NA,"ANCHOR_UNIQUE,CANONICAL,CIRCULAR,OK_EXT,UNAMBIGUOUS_BP"
"95","22",50253210,50253365,"hsa_circ_000530",2,"+",2,2,40,40,"my_test_sample",2,1,0,1,"GTAG",NA,"ANCHOR_UNIQUE,CANONICAL,CIRCULAR,GOOD_EXT,UNAMBIGUOUS_BP"
"96","10",125032796,125032958,"hsa_circ_000531",3,"-",1,3,40,5,"my_test_sample",3,0,0,1,"GTAG",NA,"ANCHOR_UNIQUE,CANONICAL,CIRCULAR,PERFECT_EXT,UNAMBIGUOUS_BP"
"97","17",5288994,5289362,"hsa_circ_000535",5,"-",1,5,5,40,"my_test_sample",5,0,0,1,"GTAG",NA,"ANCHOR_UNIQUE,CANONICAL,CIRCULAR,PERFECT_EXT,UNAMBIGUOUS_BP"
"98","7",33690702,33690867,"hsa_circ_000539",4,"-",1,4,40,35,"my_test_sample",4,0,0,1,"GTAG",NA,"ANCHOR_UNIQUE,CANONICAL,CIRCULAR,PERFECT_EXT,UNAMBIGUOUS_BP"
"99","14",70339802,70339953,"hsa_circ_000540",2,"-",1,2,40,5,"my_test_sample",2,0,0,1,"GTAG",NA,"ANCHOR_UNIQUE,CANONICAL,CIRCULAR,PERFECT_EXT,UNAMBIGUOUS_BP"
"100","11",83128845,83129028,"hsa_circ_000542",2,"-",1,2,5,5,"my_test_sample",2,1,0,1,"GTAG",NA,"ANCHOR_UNIQUE,CANONICAL,CIRCULAR,GOOD_EXT,UNAMBIGUOUS_BP"
"101","17",6148072,6148271,"hsa_circ_000549",2,"+",2,2,5,5,"my_test_sample",2,1,0,1,"GTAG",NA,"ANCHOR_UNIQUE,CANONICAL,CIRCULAR,GOOD_EXT,UNAMBIGUOUS_BP"
"102","9",112384348,112384681,"hsa_circ_000555",2,"+",1,2,40,40,"my_test_sample",2,1,0,1,"GTAG",NA,"ANCHOR_UNIQUE,CANONICAL,CIRCULAR,GOOD_EXT,UNAMBIGUOUS_BP"
"103","12",97738321,97738494,"hsa_circ_000558",4,"-",1,4,40,5,"my_test_sample",4,1,0,1,"GTAG",NA,"ANCHOR_UNIQUE,CANONICAL,CIRCULAR,GOOD_EXT,UNAMBIGUOUS_BP"
"104","5",170087739,170087948,"hsa_circ_000561",2,"-",1,2,40,40,"my_test_sample",2,0,0,1,"GTAG",NA,"ANCHOR_UNIQUE,CANONICAL,CIRCULAR,PERFECT_EXT,UNAMBIGUOUS_BP"
"105","14",75675603,75675797,"hsa_circ_000570",2,"+",1,2,40,40,"my_test_sample",2,1,0,1,"GTAG",NA,"ANCHOR_UNIQUE,CANONICAL,CIRCULAR,GOOD_EXT,UNAMBIGUOUS_BP"
"106","4",121487032,121487201,"hsa_circ_000584",3,"+",1,3,40,40,"my_test_sample",3,1,0,1,"GTAG",NA,"ANCHOR_UNIQUE,CANONICAL,CIRCULAR,GOOD_EXT,UNAMBIGUOUS_BP"
"107","17",32513278,32513428,"hsa_circ_000587",2,"+",1,2,40,40,"my_test_sample",2,2,0,1,"GTAG",NA,"ANCHOR_UNIQUE,CANONICAL,CIRCULAR,OK_EXT,UNAMBIGUOUS_BP"
"108","3",116539218,116539414,"hsa_circ_000589",2,"+",1,2,5,40,"my_test_sample",2,2,0,1,"GTAG",NA,"ANCHOR_UNIQUE,CANONICAL,CIRCULAR,OK_EXT,UNAMBIGUOUS_BP"
"109","12",106249573,106249759,"hsa_circ_000590",2,"-",1,2,5,5,"my_test_sample",2,0,0,1,"GTAG",NA,"ANCHOR_UNIQUE,CANONICAL,CIRCULAR,PERFECT_EXT,UNAMBIGUOUS_BP"
"110","5",98700700,98700861,"hsa_circ_000596",2,"-",1,2,5,40,"my_test_sample",2,2,0,1,"GTAG",NA,"ANCHOR_UNIQUE,CANONICAL,CIRCULAR,OK_EXT,UNAMBIGUOUS_BP"
"111","16",78628004,78628188,"hsa_circ_000598",2,"-",1,2,5,5,"my_test_sample",2,0,0,1,"GTAG",NA,"ANCHOR_UNIQUE,CANONICAL,CIRCULAR,PERFECT_EXT,UNAMBIGUOUS_BP"
"112","2",29256685,29256859,"hsa_circ_000609",2,"+",2,2,40,40,"my_test_sample",2,0,0,1,"GTAG",NA,"ANCHOR_UNIQUE,CANONICAL,CIRCULAR,PERFECT_EXT,UNAMBIGUOUS_BP"
"113","9",98506751,98506982,"hsa_circ_000611",2,"-",1,2,5,5,"my_test_sample",2,1,0,1,"GTAG",NA,"ANCHOR_UNIQUE,CANONICAL,CIRCULAR,GOOD_EXT,UNAMBIGUOUS_BP"
"114","X",28439245,28439418,"hsa_circ_000615",2,"-",1,2,5,40,"my_test_sample",2,0,0,1,"GTAG",NA,"ANCHOR_UNIQUE,CANONICAL,CIRCULAR,PERFECT_EXT,UNAMBIGUOUS_BP"
"115","6",44045420,44045649,"hsa_circ_000622",2,"-",1,2,5,4,"my_test_sample",2,1,0,1,"GTAG",NA,"ANCHOR_UNIQUE,CANONICAL,CIRCULAR,GOOD_EXT,UNAMBIGUOUS_BP"
"116","2",82259544,82259773,"hsa_circ_000637",2,"+",2,2,5,40,"my_test_sample",2,1,0,1,"GTAG",NA,"ANCHOR_UNIQUE,CANONICAL,CIRCULAR,GOOD_EXT,UNAMBIGUOUS_BP"
"117","16",24505279,24505466,"hsa_circ_000647",3,"-",1,3,40,5,"my_test_sample",3,1,0,1,"GTAG",NA,"ANCHOR_UNIQUE,CANONICAL,CIRCULAR,GOOD_EXT,UNAMBIGUOUS_BP"
"118","5",147230565,147230716,"hsa_circ_000650",2,"+",1,2,5,3,"my_test_sample",2,0,0,1,"GTAG",NA,"ANCHOR_UNIQUE,CANONICAL,CIRCULAR,PERFECT_EXT,UNAMBIGUOUS_BP"
"119","20",1862382,1862616,"hsa_circ_000654",2,"-",2,2,5,40,"my_test_sample",2,0,0,1,"GTAG",NA,"ANCHOR_UNIQUE,CANONICAL,CIRCULAR,PERFECT_EXT,UNAMBIGUOUS_BP"
"120","8",65537105,65537319,"hsa_circ_000656",2,"+",1,2,35,5,"my_test_sample",2,1,0,1,"GTAG",NA,"ANCHOR_UNIQUE,CANONICAL,CIRCULAR,GOOD_EXT,UNAMBIGUOUS_BP"
"121","5",124781283,124781456,"hsa_circ_000669",2,"+",2,2,5,5,"my_test_sample",2,1,0,1,"GTAG",NA,"ANCHOR_UNIQUE,CANONICAL,CIRCULAR,GOOD_EXT,UNAMBIGUOUS_BP"
"122","19",39424566,39424770,"hsa_circ_000670",3,"-",3,2,5,40,"my_test_sample",3,0,0,1,"GTAG",NA,"ANCHOR_UNIQUE,CANONICAL,CIRCULAR,PERFECT_EXT,UNAMBIGUOUS_BP"
"123","8",142626428,142626612,"hsa_circ_000671",2,"-",2,2,5,40,"my_test_sample",2,0,0,1,"GTAG",NA,"ANCHOR_UNIQUE,CANONICAL,CIRCULAR,PERFECT_EXT,UNAMBIGUOUS_BP"
"124","18",12430854,12431010,"hsa_circ_000673",2,"+",1,2,5,5,"my_test_sample",2,1,0,1,"GTAG",NA,"ANCHOR_UNIQUE,CANONICAL,CIRCULAR,GOOD_EXT,UNAMBIGUOUS_BP"
"125","16",13203811,13203990,"hsa_circ_000680",2,"-",1,2,5,35,"my_test_sample",2,1,0,1,"GTAG",NA,"ANCHOR_UNIQUE,CANONICAL,CIRCULAR,GOOD_EXT,UNAMBIGUOUS_BP"
"126","19",13796312,13796495,"hsa_circ_000688",2,"-",2,2,40,40,"my_test_sample",2,1,0,1,"GTAG",NA,"ANCHOR_UNIQUE,CANONICAL,CIRCULAR,GOOD_EXT,UNAMBIGUOUS_BP"
"127","1",182744920,182745109,"hsa_circ_000689",2,"-",2,1,5,5,"my_test_sample",2,1,0,1,"GTAG",NA,"ANCHOR_UNIQUE,CANONICAL,CIRCULAR,GOOD_EXT,UNAMBIGUOUS_BP"
"128","7",33634941,33635125,"hsa_circ_000694",5,"+",2,5,40,40,"my_test_sample",5,0,1,1,"GTAG",NA,"ANCHOR_UNIQUE,CANONICAL,CIRCULAR,GOOD_EXT,UNAMBIGUOUS_BP"
"129","7",30908828,30908991,"hsa_circ_000711",2,"+",1,2,40,5,"my_test_sample",2,0,0,1,"GTAG",NA,"ANCHOR_UNIQUE,CANONICAL,CIRCULAR,PERFECT_EXT,UNAMBIGUOUS_BP"
"130","1",94322164,94322333,"hsa_circ_000714",2,"-",1,2,40,40,"my_test_sample",2,2,0,1,"GTAG",NA,"ANCHOR_UNIQUE,CANONICAL,CIRCULAR,OK_EXT,UNAMBIGUOUS_BP"
"131","X",154328694,154328882,"hsa_circ_000717",4,"+",2,4,40,40,"my_test_sample",4,0,2,1,"GTAG",NA,"ANCHOR_UNIQUE,CANONICAL,CIRCULAR,OK_EXT,UNAMBIGUOUS_BP"
"132","1",34420642,34420802,"hsa_circ_000718",3,"-",1,3,5,40,"my_test_sample",3,0,0,1,"GTAG",NA,"ANCHOR_UNIQUE,CANONICAL,CIRCULAR,PERFECT_EXT,UNAMBIGUOUS_BP"
"133","1",71583251,71583427,"hsa_circ_000721",2,"+",1,2,5,5,"my_test_sample",2,1,0,1,"GTAG",NA,"ANCHOR_UNIQUE,CANONICAL,CIRCULAR,GOOD_EXT,UNAMBIGUOUS_BP"
"134","5",94918933,94919162,"hsa_circ_000723",2,"+",1,2,5,5,"my_test_sample",2,2,0,1,"GTAG",NA,"ANCHOR_UNIQUE,CANONICAL,CIRCULAR,OK_EXT,UNAMBIGUOUS_BP"
"135","11",117900009,117900236,"hsa_circ_000742",2,"+",1,2,40,35,"my_test_sample",2,1,0,1,"GTAG",NA,"ANCHOR_UNIQUE,CANONICAL,CIRCULAR,GOOD_EXT,UNAMBIGUOUS_BP"
"136","10",131889745,131889915,"hsa_circ_000756",2,"+",1,2,40,40,"my_test_sample",2,2,0,1,"GTAG",NA,"ANCHOR_UNIQUE,CANONICAL,CIRCULAR,OK_EXT,UNAMBIGUOUS_BP"
"137","17",12928628,12928928,"hsa_circ_000765",2,"+",1,2,40,40,"my_test_sample",2,1,1,1,"GTAG",NA,"ANCHOR_UNIQUE,CANONICAL,CIRCULAR,GOOD_EXT,UNAMBIGUOUS_BP"
"138","18",76251893,76252069,"hsa_circ_000769",3,"-",2,3,35,40,"my_test_sample",3,0,0,1,"GTAG",NA,"ANCHOR_UNIQUE,CANONICAL,CIRCULAR,PERFECT_EXT,UNAMBIGUOUS_BP"
"139","10",105217948,105218749,"hsa_circ_000770",2,"-",1,2,5,5,"my_test_sample",2,2,0,1,"GTAG",NA,"ANCHOR_UNIQUE,CANONICAL,CIRCULAR,OK_EXT,UNAMBIGUOUS_BP"
"140","2",21277755,21277919,"hsa_circ_000782",2,"-",2,2,40,40,"my_test_sample",2,2,0,1,"GTAG",NA,"ANCHOR_UNIQUE,CANONICAL,CIRCULAR,OK_EXT,UNAMBIGUOUS_BP"
"141","1",111887815,111888081,"hsa_circ_000790",2,"-",2,2,40,5,"my_test_sample",2,0,0,1,"GTAG",NA,"ANCHOR_UNIQUE,CANONICAL,CIRCULAR,PERFECT_EXT,UNAMBIGUOUS_BP"
"142","6",90497291,90497498,"hsa_circ_000797",2,"-",1,2,40,5,"my_test_sample",2,1,0,1,"GTAG",NA,"ANCHOR_UNIQUE,CANONICAL,CIRCULAR,GOOD_EXT,UNAMBIGUOUS_BP"
"143","7",159146114,159146317,"hsa_circ_000799",2,"-",2,2,5,37,"my_test_sample",2,0,0,1,"GTAG",NA,"ANCHOR_UNIQUE,CANONICAL,CIRCULAR,PERFECT_EXT,UNAMBIGUOUS_BP"
"144","6",31394509,31489157,"hsa_circ_000801",2,"-",1,2,35,5,"my_test_sample",2,2,0,1,"GTAG",NA,"ANCHOR_UNIQUE,CANONICAL,CIRCULAR,OK_EXT,UNAMBIGUOUS_BP"
"145","19",50791248,50791402,"hsa_circ_000806",2,"-",1,2,40,5,"my_test_sample",2,1,0,1,"GTAG",NA,"ANCHOR_UNIQUE,CANONICAL,CIRCULAR,GOOD_EXT,UNAMBIGUOUS_BP"
"146","9",121685822,121686015,"hsa_circ_000815",2,"+",1,2,5,40,"my_test_sample",2,2,0,1,"GTAG",NA,"ANCHOR_UNIQUE,CANONICAL,CIRCULAR,OK_EXT,UNAMBIGUOUS_BP"
"147","5",66347953,66348137,"hsa_circ_000817",2,"-",2,2,5,5,"my_test_sample",2,0,0,1,"GTAG",NA,"ANCHOR_UNIQUE,CANONICAL,CIRCULAR,PERFECT_EXT,UNAMBIGUOUS_BP"
"148","10",4279954,4280106,"hsa_circ_000822",2,"-",1,2,40,5,"my_test_sample",2,0,0,1,"GTAG",NA,"ANCHOR_UNIQUE,CANONICAL,CIRCULAR,PERFECT_EXT,UNAMBIGUOUS_BP"
"149","1",6011848,6012023,"hsa_circ_000829",2,"+",1,2,40,5,"my_test_sample",2,0,0,1,"GTAG",NA,"ANCHOR_UNIQUE,CANONICAL,CIRCULAR,PERFECT_EXT,UNAMBIGUOUS_BP"
"150","12",34370783,34371157,"hsa_circ_000833",2,"-",1,2,5,35,"my_test_sample",2,2,0,1,"GTAG",NA,"ANCHOR_UNIQUE,CANONICAL,CIRCULAR,OK_EXT,UNAMBIGUOUS_BP"
"151","5",965704,965856,"hsa_circ_000834",2,"+",1,2,5,40,"my_test_sample",2,0,0,1,"GTAG",NA,"ANCHOR_UNIQUE,CANONICAL,CIRCULAR,PERFECT_EXT,UNAMBIGUOUS_BP"
"152","22",24935703,24936286,"hsa_circ_000841",2,"-",1,2,5,5,"my_test_sample",2,2,0,1,"GTAG",NA,"ANCHOR_UNIQUE,CANONICAL,CIRCULAR,OK_EXT,UNAMBIGUOUS_BP"
"153","13",113403858,113404014,"hsa_circ_000847",2,"+",1,2,5,5,"my_test_sample",2,0,0,1,"GTAG",NA,"ANCHOR_UNIQUE,CANONICAL,CIRCULAR,PERFECT_EXT,UNAMBIGUOUS_BP"
"154","19",3556709,3556864,"hsa_circ_000848",2,"+",1,2,5,5,"my_test_sample",2,0,0,1,"GTAG",NA,"ANCHOR_UNIQUE,CANONICAL,CIRCULAR,PERFECT_EXT,UNAMBIGUOUS_BP"
"155","20",48726050,48726216,"hsa_circ_000850",2,"-",1,2,5,5,"my_test_sample",2,1,0,1,"GTAG",NA,"ANCHOR_UNIQUE,CANONICAL,CIRCULAR,GOOD_EXT,UNAMBIGUOUS_BP"
"156","5",155070450,155070663,"hsa_circ_000854",3,"+",1,3,5,5,"my_test_sample",3,1,0,1,"GTAG",NA,"ANCHOR_UNIQUE,CANONICAL,CIRCULAR,GOOD_EXT,UNAMBIGUOUS_BP"
"157","17",9889199,9889355,"hsa_circ_000860",2,"+",2,2,5,40,"my_test_sample",2,2,0,1,"GTAG",NA,"ANCHOR_UNIQUE,CANONICAL,CIRCULAR,OK_EXT,UNAMBIGUOUS_BP"
"158","21",44703057,44703275,"hsa_circ_000879",4,"+",2,4,5,40,"my_test_sample",4,1,1,1,"GTAG",NA,"ANCHOR_UNIQUE,CANONICAL,CIRCULAR,GOOD_EXT,UNAMBIGUOUS_BP"
"159","10",132113886,132114065,"hsa_circ_000882",2,"-",1,2,40,40,"my_test_sample",2,1,0,1,"GTAG",NA,"ANCHOR_UNIQUE,CANONICAL,CIRCULAR,GOOD_EXT,UNAMBIGUOUS_BP"
"160","11",122319878,122320046,"hsa_circ_000889",3,"-",2,3,40,40,"my_test_sample",3,1,0,1,"GTAG",NA,"ANCHOR_UNIQUE,CANONICAL,CIRCULAR,GOOD_EXT,UNAMBIGUOUS_BP"
"161","2",239498668,239498870,"hsa_circ_000890",2,"+",2,2,5,5,"my_test_sample",2,0,0,1,"GTAG",NA,"ANCHOR_UNIQUE,CANONICAL,CIRCULAR,PERFECT_EXT,UNAMBIGUOUS_BP"
"162","2",75557338,75557500,"hsa_circ_000894",2,"-",1,2,5,40,"my_test_sample",2,2,0,1,"GTAG",NA,"ANCHOR_UNIQUE,CANONICAL,CIRCULAR,OK_EXT,UNAMBIGUOUS_BP"
"163","15",99933944,99934134,"hsa_circ_000895",2,"-",1,2,40,5,"my_test_sample",2,1,0,1,"GTAG",NA,"ANCHOR_UNIQUE,CANONICAL,CIRCULAR,GOOD_EXT,UNAMBIGUOUS_BP"
"164","1",47891911,47892109,"hsa_circ_000897",3,"+",1,3,5,5,"my_test_sample",3,1,0,1,"GTAG",NA,"ANCHOR_UNIQUE,CANONICAL,CIRCULAR,GOOD_EXT,UNAMBIGUOUS_BP"
"165","17",36878478,36878819,"hsa_circ_000905",3,"-",3,1,5,5,"my_test_sample",3,0,0,1,"GTAG",NA,"ANCHOR_UNIQUE,CANONICAL,CIRCULAR,PERFECT_EXT,UNAMBIGUOUS_BP"
"166","21",45527150,45527311,"hsa_circ_000908",2,"+",1,2,4,5,"my_test_sample",2,2,1,1,"GTAG",NA,"ANCHOR_UNIQUE,CANONICAL,CIRCULAR,OK_EXT,UNAMBIGUOUS_BP"
"167","3",118767895,118768126,"hsa_circ_000911",3,"+",1,3,5,5,"my_test_sample",3,0,0,1,"GTAG",NA,"ANCHOR_UNIQUE,CANONICAL,CIRCULAR,PERFECT_EXT,UNAMBIGUOUS_BP"
"168","13",41281012,41281315,"hsa_circ_000922",2,"+",2,2,5,5,"my_test_sample",2,2,0,1,"GTAG",NA,"ANCHOR_UNIQUE,CANONICAL,CIRCULAR,OK_EXT,UNAMBIGUOUS_BP"
"169","21",44329200,44329427,"hsa_circ_000939",2,"-",1,2,40,40,"my_test_sample",2,1,0,1,"GTAG",NA,"ANCHOR_UNIQUE,CANONICAL,CIRCULAR,GOOD_EXT,UNAMBIGUOUS_BP"
"170","2",238547633,238547789,"hsa_circ_000941",2,"-",1,2,5,40,"my_test_sample",2,0,0,1,"GTAG",NA,"ANCHOR_UNIQUE,CANONICAL,CIRCULAR,PERFECT_EXT,UNAMBIGUOUS_BP"
"171","X",58187618,58188037,"hsa_circ_000942",2,"-",1,2,40,40,"my_test_sample",2,1,0,1,"GTAG",NA,"ANCHOR_UNIQUE,CANONICAL,CIRCULAR,GOOD_EXT,UNAMBIGUOUS_BP"
"172","3",54226657,54226863,"hsa_circ_000943",2,"+",2,2,40,37,"my_test_sample",2,1,0,1,"GTAG",NA,"ANCHOR_UNIQUE,CANONICAL,CIRCULAR,GOOD_EXT,UNAMBIGUOUS_BP"
"173","14",101548597,101548800,"hsa_circ_000948",2,"+",2,2,5,5,"my_test_sample",2,0,0,1,"GTAG",NA,"ANCHOR_UNIQUE,CANONICAL,CIRCULAR,PERFECT_EXT,UNAMBIGUOUS_BP"
"174","12",68233151,68233351,"hsa_circ_000954",2,"-",1,2,40,40,"my_test_sample",2,0,0,1,"GTAG",NA,"ANCHOR_UNIQUE,CANONICAL,CIRCULAR,PERFECT_EXT,UNAMBIGUOUS_BP"
"175","16",27288799,27289085,"hsa_circ_000958",2,"+",2,2,5,5,"my_test_sample",2,0,0,1,"GTAG",NA,"ANCHOR_UNIQUE,CANONICAL,CIRCULAR,PERFECT_EXT,UNAMBIGUOUS_BP"
"176","19",20899871,20900023,"hsa_circ_000961",2,"-",2,2,40,5,"my_test_sample",2,0,0,1,"GTAG",NA,"ANCHOR_UNIQUE,CANONICAL,CIRCULAR,PERFECT_EXT,UNAMBIGUOUS_BP"
"177","1",236951067,236951224,"hsa_circ_000963",3,"-",3,2,5,37,"my_test_sample",3,0,0,1,"GTAG",NA,"ANCHOR_UNIQUE,CANONICAL,CIRCULAR,PERFECT_EXT,UNAMBIGUOUS_BP"
"178","3",133415955,133416161,"hsa_circ_000965",3,"-",1,3,5,5,"my_test_sample",3,0,0,1,"GTAG",NA,"ANCHOR_UNIQUE,CANONICAL,CIRCULAR,PERFECT_EXT,UNAMBIGUOUS_BP"
"179","12",49051267,49051429,"hsa_circ_000966",3,"+",2,3,5,40,"my_test_sample",3,0,0,1,"GTAG",NA,"ANCHOR_UNIQUE,CANONICAL,CIRCULAR,PERFECT_EXT,UNAMBIGUOUS_BP"
"180","11",118908787,118908939,"hsa_circ_000977",2,"-",1,2,40,5,"my_test_sample",2,0,0,1,"GTAG",NA,"ANCHOR_UNIQUE,CANONICAL,CIRCULAR,PERFECT_EXT,UNAMBIGUOUS_BP"
"181","15",41848332,41848485,"hsa_circ_000986",2,"-",2,2,5,40,"my_test_sample",2,1,0,1,"GTAG",NA,"ANCHOR_UNIQUE,CANONICAL,CIRCULAR,GOOD_EXT,UNAMBIGUOUS_BP"
"182","3",33954082,33954344,"hsa_circ_000997",3,"+",1,3,5,40,"my_test_sample",3,1,0,1,"GTAG",NA,"ANCHOR_UNIQUE,CANONICAL,CIRCULAR,GOOD_EXT,UNAMBIGUOUS_BP"
"183","3",127195252,127195425,"hsa_circ_001000",2,"-",2,2,40,5,"my_test_sample",2,1,0,1,"GTAG",NA,"ANCHOR_UNIQUE,CANONICAL,CIRCULAR,GOOD_EXT,UNAMBIGUOUS_BP"
"184","7",37518326,37518523,"hsa_circ_001014",2,"+",1,2,40,40,"my_test_sample",2,0,0,1,"GTAG",NA,"ANCHOR_UNIQUE,CANONICAL,CIRCULAR,PERFECT_EXT,UNAMBIGUOUS_BP"
"185","8",145057443,145057610,"hsa_circ_001017",2,"+",1,2,5,5,"my_test_sample",2,1,0,1,"GTAG",NA,"ANCHOR_UNIQUE,CANONICAL,CIRCULAR,GOOD_EXT,UNAMBIGUOUS_BP"
"186","19",40838522,40869139,"hsa_circ_001020",2,"-",1,2,40,5,"my_test_sample",2,1,0,1,"GTAG",NA,"ANCHOR_UNIQUE,CANONICAL,CIRCULAR,GOOD_EXT,UNAMBIGUOUS_BP"
"187","15",76962446,76962635,"hsa_circ_001022",3,"-",1,3,40,5,"my_test_sample",3,2,0,1,"GTAG",NA,"ANCHOR_UNIQUE,CANONICAL,CIRCULAR,OK_EXT,UNAMBIGUOUS_BP"
"188","1",202731617,202731867,"hsa_circ_001042",3,"+",1,3,5,35,"my_test_sample",3,1,1,1,"GTAG",NA,"ANCHOR_UNIQUE,CANONICAL,CIRCULAR,GOOD_EXT,UNAMBIGUOUS_BP"
"189","6",8363755,8363952,"hsa_circ_001045",2,"+",1,2,5,40,"my_test_sample",2,0,0,1,"GTAG",NA,"ANCHOR_UNIQUE,CANONICAL,CIRCULAR,PERFECT_EXT,UNAMBIGUOUS_BP"
"190","18",45187642,45187863,"hsa_circ_001047",2,"+",1,2,40,5,"my_test_sample",2,0,0,1,"GTAG",NA,"ANCHOR_UNIQUE,CANONICAL,CIRCULAR,PERFECT_EXT,UNAMBIGUOUS_BP"
"191","5",166598174,166598360,"hsa_circ_001052",2,"+",2,2,40,5,"my_test_sample",2,0,0,1,"GTAG",NA,"ANCHOR_UNIQUE,CANONICAL,CIRCULAR,PERFECT_EXT,UNAMBIGUOUS_BP"
"192","X",46491792,46491983,"hsa_circ_001055",2,"+",1,2,40,5,"my_test_sample",2,0,0,1,"GTAG",NA,"ANCHOR_UNIQUE,CANONICAL,CIRCULAR,PERFECT_EXT,UNAMBIGUOUS_BP"
"193","21",36892489,36892654,"hsa_circ_001070",2,"-",1,2,5,5,"my_test_sample",2,1,0,1,"GTAG",NA,"ANCHOR_UNIQUE,CANONICAL,CIRCULAR,GOOD_EXT,UNAMBIGUOUS_BP"
"194","5",140184472,140184626,"hsa_circ_001072",2,"+",1,2,5,5,"my_test_sample",2,0,0,1,"GTAG",NA,"ANCHOR_UNIQUE,CANONICAL,CIRCULAR,PERFECT_EXT,UNAMBIGUOUS_BP"
"195","16",27230906,27231080,"hsa_circ_001080",3,"+",1,3,40,40,"my_test_sample",3,2,0,1,"GTAG",NA,"ANCHOR_UNIQUE,CANONICAL,CIRCULAR,OK_EXT,UNAMBIGUOUS_BP"
"196","10",33899258,33899457,"hsa_circ_001086",3,"-",1,3,40,40,"my_test_sample",3,0,0,1,"GTAG",NA,"ANCHOR_UNIQUE,CANONICAL,CIRCULAR,PERFECT_EXT,UNAMBIGUOUS_BP"
"197","22",42764286,42764475,"hsa_circ_001087",2,"-",2,2,5,40,"my_test_sample",2,0,0,1,"GTAG",NA,"ANCHOR_UNIQUE,CANONICAL,CIRCULAR,PERFECT_EXT,UNAMBIGUOUS_BP"
"198","3",14286315,14286474,"hsa_circ_001095",2,"+",2,2,5,40,"my_test_sample",2,0,0,1,"GTAG",NA,"ANCHOR_UNIQUE,CANONICAL,CIRCULAR,PERFECT_EXT,UNAMBIGUOUS_BP"
"199","17",65611149,65611309,"hsa_circ_001096",4,"-",1,4,5,5,"my_test_sample",4,2,0,1,"GTAG",NA,"ANCHOR_UNIQUE,CANONICAL,CIRCULAR,OK_EXT,UNAMBIGUOUS_BP"
"200","22",43326862,43327023,"hsa_circ_001103",2,"-",2,2,40,40,"my_test_sample",2,1,0,1,"GTAG",NA,"ANCHOR_UNIQUE,CANONICAL,CIRCULAR,GOOD_EXT,UNAMBIGUOUS_BP"
"201","12",131576521,131576687,"hsa_circ_001135",2,"-",2,2,40,40,"my_test_sample",2,0,0,1,"GTAG",NA,"ANCHOR_UNIQUE,CANONICAL,CIRCULAR,PERFECT_EXT,UNAMBIGUOUS_BP"
"202","10",44908293,44908469,"hsa_circ_001136",2,"-",1,2,40,40,"my_test_sample",2,0,2,1,"GTAG",NA,"ANCHOR_UNIQUE,CANONICAL,CIRCULAR,OK_EXT,UNAMBIGUOUS_BP"
"203","1",54332069,54332257,"hsa_circ_001137",2,"+",2,2,5,40,"my_test_sample",2,0,0,1,"GTAG",NA,"ANCHOR_UNIQUE,CANONICAL,CIRCULAR,PERFECT_EXT,UNAMBIGUOUS_BP"
"204","9",21965383,21965624,"hsa_circ_001138",4,"-",3,4,5,40,"my_test_sample",4,0,0,1,"GTAG",NA,"ANCHOR_UNIQUE,CANONICAL,CIRCULAR,PERFECT_EXT,UNAMBIGUOUS_BP"
"205","6",159158116,159158269,"hsa_circ_001145",3,"+",1,3,40,40,"my_test_sample",3,0,0,1,"GTAG",NA,"ANCHOR_UNIQUE,CANONICAL,CIRCULAR,PERFECT_EXT,UNAMBIGUOUS_BP"
"206","12",66231762,66231930,"hsa_circ_001146",2,"+",1,2,40,40,"my_test_sample",2,0,0,1,"GTAG",NA,"ANCHOR_UNIQUE,CANONICAL,CIRCULAR,PERFECT_EXT,UNAMBIGUOUS_BP"
"207","22",33605617,33605869,"hsa_circ_001153",2,"+",1,2,40,40,"my_test_sample",2,1,0,1,"GTAG",NA,"ANCHOR_UNIQUE,CANONICAL,CIRCULAR,GOOD_EXT,UNAMBIGUOUS_BP"
"208","12",55955286,55955449,"hsa_circ_001154",5,"+",1,5,5,40,"my_test_sample",5,2,0,1,"GTAG",NA,"ANCHOR_UNIQUE,CANONICAL,CIRCULAR,OK_EXT,UNAMBIGUOUS_BP"
"209","9",116635628,116635829,"hsa_circ_001159",2,"-",1,2,40,40,"my_test_sample",2,2,0,1,"GTAG",NA,"ANCHOR_UNIQUE,CANONICAL,CIRCULAR,OK_EXT,UNAMBIGUOUS_BP"
"210","2",16004238,16004395,"hsa_circ_001163",2,"-",1,2,40,40,"my_test_sample",2,1,0,1,"GTAG",NA,"ANCHOR_UNIQUE,CANONICAL,CIRCULAR,GOOD_EXT,UNAMBIGUOUS_BP"
"211","13",63917318,63917557,"hsa_circ_001184",2,"-",1,2,40,40,"my_test_sample",2,0,0,1,"GTAG",NA,"ANCHOR_UNIQUE,CANONICAL,CIRCULAR,PERFECT_EXT,UNAMBIGUOUS_BP"
"212","21",35779046,35779204,"hsa_circ_001190",3,"+",1,3,5,5,"my_test_sample",3,0,0,1,"GTAG",NA,"ANCHOR_UNIQUE,CANONICAL,CIRCULAR,PERFECT_EXT,UNAMBIGUOUS_BP"
"213","11",46976834,46977015,"hsa_circ_001192",2,"+",1,2,40,3,"my_test_sample",2,1,0,1,"GTAG",NA,"ANCHOR_UNIQUE,CANONICAL,CIRCULAR,GOOD_EXT,UNAMBIGUOUS_BP"
"214","5",179224028,179224186,"hsa_circ_001202",2,"+",2,2,40,40,"my_test_sample",2,0,0,1,"GTAG",NA,"ANCHOR_UNIQUE,CANONICAL,CIRCULAR,PERFECT_EXT,UNAMBIGUOUS_BP"
"215","19",18461462,18461661,"hsa_circ_001205",4,"+",1,4,40,40,"my_test_sample",4,1,0,1,"GTAG",NA,"ANCHOR_UNIQUE,CANONICAL,CIRCULAR,GOOD_EXT,UNAMBIGUOUS_BP"
"216","X",140721822,140721996,"hsa_circ_001208",2,"-",2,2,5,40,"my_test_sample",2,2,0,1,"GTAG",NA,"ANCHOR_UNIQUE,CANONICAL,CIRCULAR,OK_EXT,UNAMBIGUOUS_BP"
"217","19",32131710,32132340,"hsa_circ_001223",4,"+",2,3,5,40,"my_test_sample",4,1,0,1,"GTAG",NA,"ANCHOR_UNIQUE,CANONICAL,CIRCULAR,GOOD_EXT,UNAMBIGUOUS_BP"
"218","7",91721130,91721313,"hsa_circ_001236",2,"-",2,2,40,5,"my_test_sample",2,0,0,1,"GTAG",NA,"ANCHOR_UNIQUE,CANONICAL,CIRCULAR,PERFECT_EXT,UNAMBIGUOUS_BP"
"219","4",11778920,11779080,"hsa_circ_001238",6,"+",1,6,5,40,"my_test_sample",6,2,0,1,"GTAG",NA,"ANCHOR_UNIQUE,CANONICAL,CIRCULAR,OK_EXT,UNAMBIGUOUS_BP"
"220","6",93716410,93716595,"hsa_circ_001246",2,"+",2,2,40,40,"my_test_sample",2,0,0,1,"GTAG",NA,"ANCHOR_UNIQUE,CANONICAL,CIRCULAR,PERFECT_EXT,UNAMBIGUOUS_BP"
"221","10",47448651,47448804,"hsa_circ_001253",2,"+",1,2,40,40,"my_test_sample",2,2,0,1,"GTAG",NA,"ANCHOR_UNIQUE,CANONICAL,CIRCULAR,OK_EXT,UNAMBIGUOUS_BP"
"222","4",153889371,153889549,"hsa_circ_001254",2,"-",1,2,5,5,"my_test_sample",2,1,0,1,"GTAG",NA,"ANCHOR_UNIQUE,CANONICAL,CIRCULAR,GOOD_EXT,UNAMBIGUOUS_BP"
"223","2",29280378,29280550,"hsa_circ_001259",3,"+",3,2,5,40,"my_test_sample",3,0,0,1,"GTAG",NA,"ANCHOR_UNIQUE,CANONICAL,CIRCULAR,PERFECT_EXT,UNAMBIGUOUS_BP"
"224","19",24335954,24336126,"hsa_circ_001265",2,"-",1,2,40,40,"my_test_sample",2,1,0,1,"GTAG",NA,"ANCHOR_UNIQUE,CANONICAL,CIRCULAR,GOOD_EXT,UNAMBIGUOUS_BP"
"225","10",78955554,78955715,"hsa_circ_001268",2,"-",1,2,5,40,"my_test_sample",2,1,2,1,"GTAG",NA,"ANCHOR_UNIQUE,CANONICAL,CIRCULAR,OK_EXT,UNAMBIGUOUS_BP"
"226","22",20658618,20658768,"hsa_circ_001271",2,"+",1,2,40,5,"my_test_sample",2,2,0,1,"GTAG",NA,"ANCHOR_UNIQUE,CANONICAL,CIRCULAR,OK_EXT,UNAMBIGUOUS_BP"
"227","16",15416641,15416796,"hsa_circ_001276",2,"-",1,2,40,5,"my_test_sample",2,0,0,1,"GTAG",NA,"ANCHOR_UNIQUE,CANONICAL,CIRCULAR,PERFECT_EXT,UNAMBIGUOUS_BP"
"228","2",106364169,106364355,"hsa_circ_001277",2,"-",2,2,3,5,"my_test_sample",2,1,0,1,"GTAG",NA,"ANCHOR_UNIQUE,CANONICAL,CIRCULAR,GOOD_EXT,UNAMBIGUOUS_BP"
"229","9",122841555,122841788,"hsa_circ_001283",2,"+",2,2,5,5,"my_test_sample",2,1,0,1,"GTAG",NA,"ANCHOR_UNIQUE,CANONICAL,CIRCULAR,GOOD_EXT,UNAMBIGUOUS_BP"
"230","20",21805207,21805362,"hsa_circ_001286",2,"+",1,2,40,40,"my_test_sample",2,0,0,1,"GTAG",NA,"ANCHOR_UNIQUE,CANONICAL,CIRCULAR,PERFECT_EXT,UNAMBIGUOUS_BP"
"231","10",30732439,30732642,"hsa_circ_001292",2,"-",1,2,5,40,"my_test_sample",2,0,0,1,"GTAG",NA,"ANCHOR_UNIQUE,CANONICAL,CIRCULAR,PERFECT_EXT,UNAMBIGUOUS_BP"
"232","20",22523497,22523722,"hsa_circ_001302",2,"+",1,2,5,40,"my_test_sample",2,1,0,1,"GTAG",NA,"ANCHOR_UNIQUE,CANONICAL,CIRCULAR,GOOD_EXT,UNAMBIGUOUS_BP"
"233","12",79897845,79898000,"hsa_circ_001310",2,"-",1,2,40,40,"my_test_sample",2,2,0,1,"GTAG",NA,"ANCHOR_UNIQUE,CANONICAL,CIRCULAR,OK_EXT,UNAMBIGUOUS_BP"
"234","1",104476315,104476515,"hsa_circ_001313",2,"+",2,2,40,5,"my_test_sample",2,0,0,1,"GTAG",NA,"ANCHOR_UNIQUE,CANONICAL,CIRCULAR,PERFECT_EXT,UNAMBIGUOUS_BP"
"235","14",59782969,59783165,"hsa_circ_001319",4,"-",2,4,5,5,"my_test_sample",4,1,0,1,"GTAG",NA,"ANCHOR_UNIQUE,CANONICAL,CIRCULAR,GOOD_EXT,UNAMBIGUOUS_BP"
"236","2",74067056,74067264,"hsa_circ_001323",2,"-",1,2,5,5,"my_test_sample",2,0,0,1,"GTAG",NA,"ANCHOR_UNIQUE,CANONICAL,CIRCULAR,PERFECT_EXT,UNAMBIGUOUS_BP"
"237","5",151592957,151593122,"hsa_circ_001324",4,"-",1,4,40,5,"my_test_sample",4,0,0,1,"GTAG",NA,"ANCHOR_UNIQUE,CANONICAL,CIRCULAR,PERFECT_EXT,UNAMBIGUOUS_BP"
"238","6",21122868,21123058,"hsa_circ_001343",2,"-",2,2,5,40,"my_test_sample",2,2,0,1,"GTAG",NA,"ANCHOR_UNIQUE,CANONICAL,CIRCULAR,OK_EXT,UNAMBIGUOUS_BP"
"239","2",1164658,1164828,"hsa_circ_001344",2,"-",2,2,40,5,"my_test_sample",2,0,0,1,"GTAG",NA,"ANCHOR_UNIQUE,CANONICAL,CIRCULAR,PERFECT_EXT,UNAMBIGUOUS_BP"
"240","19",20973863,20974069,"hsa_circ_001353",2,"+",1,2,5,5,"my_test_sample",2,0,0,1,"GTAG",NA,"ANCHOR_UNIQUE,CANONICAL,CIRCULAR,PERFECT_EXT,UNAMBIGUOUS_BP"
"241","16",50377211,50377361,"hsa_circ_001359",2,"-",2,1,40,40,"my_test_sample",2,0,0,1,"GTAG",NA,"ANCHOR_UNIQUE,CANONICAL,CIRCULAR,PERFECT_EXT,UNAMBIGUOUS_BP"
"242","5",149904933,149905096,"hsa_circ_001361",4,"-",3,4,40,40,"my_test_sample",4,0,1,1,"GTAG",NA,"ANCHOR_UNIQUE,CANONICAL,CIRCULAR,GOOD_EXT,UNAMBIGUOUS_BP"
"243","1",43423328,43423482,"hsa_circ_001368",2,"+",1,2,5,5,"my_test_sample",2,0,0,1,"GTAG",NA,"ANCHOR_UNIQUE,CANONICAL,CIRCULAR,PERFECT_EXT,UNAMBIGUOUS_BP"
"244","16",64735673,64735894,"hsa_circ_001391",2,"-",2,2,40,40,"my_test_sample",2,0,0,1,"GTAG",NA,"ANCHOR_UNIQUE,CANONICAL,CIRCULAR,PERFECT_EXT,UNAMBIGUOUS_BP"
"245","2",235371143,235371311,"hsa_circ_001400",2,"-",2,2,5,5,"my_test_sample",2,1,0,1,"GTAG",NA,"ANCHOR_UNIQUE,CANONICAL,CIRCULAR,GOOD_EXT,UNAMBIGUOUS_BP"
"246","21",46604396,46604580,"hsa_circ_001402",2,"+",1,2,40,5,"my_test_sample",2,1,0,1,"GTAG",NA,"ANCHOR_UNIQUE,CANONICAL,CIRCULAR,GOOD_EXT,UNAMBIGUOUS_BP"
"247","17",19337038,19337334,"hsa_circ_001403",2,"+",1,2,5,40,"my_test_sample",2,0,0,1,"GTAG",NA,"ANCHOR_UNIQUE,CANONICAL,CIRCULAR,PERFECT_EXT,UNAMBIGUOUS_BP"
"248","13",114026334,114026507,"hsa_circ_001412",4,"-",2,4,5,40,"my_test_sample",4,0,0,1,"GTAG",NA,"ANCHOR_UNIQUE,CANONICAL,CIRCULAR,PERFECT_EXT,UNAMBIGUOUS_BP"
"249","5",2398065,2398422,"hsa_circ_001417",3,"+",1,3,40,35,"my_test_sample",3,2,0,1,"GTAG",NA,"ANCHOR_UNIQUE,CANONICAL,CIRCULAR,OK_EXT,UNAMBIGUOUS_BP"
"250","15",43492907,43493095,"hsa_circ_001418",2,"+",1,2,5,5,"my_test_sample",2,1,0,1,"GTAG",NA,"ANCHOR_UNIQUE,CANONICAL,CIRCULAR,GOOD_EXT,UNAMBIGUOUS_BP"
"251","6",44111246,44111412,"hsa_circ_001427",3,"-",2,3,5,40,"my_test_sample",3,0,0,1,"GTAG",NA,"ANCHOR_UNIQUE,CANONICAL,CIRCULAR,PERFECT_EXT,UNAMBIGUOUS_BP"
"252","10",109845276,109845430,"hsa_circ_001436",3,"-",1,3,5,5,"my_test_sample",3,1,0,1,"GTAG",NA,"ANCHOR_UNIQUE,CANONICAL,CIRCULAR,GOOD_EXT,UNAMBIGUOUS_BP"
"253","11",6503014,6503175,"hsa_circ_001443",2,"-",2,2,5,5,"my_test_sample",2,1,0,1,"GTAG",NA,"ANCHOR_UNIQUE,CANONICAL,CIRCULAR,GOOD_EXT,UNAMBIGUOUS_BP"
"254","5",14290715,14316743,"hsa_circ_001444",2,"+",1,2,40,40,"my_test_sample",2,0,0,1,"GTAG",NA,"ANCHOR_UNIQUE,CANONICAL,CIRCULAR,PERFECT_EXT,UNAMBIGUOUS_BP"
"255","3",39125298,39125448,"hsa_circ_001449",2,"-",2,2,35,36,"my_test_sample",2,1,0,1,"GTAG",NA,"ANCHOR_UNIQUE,CANONICAL,CIRCULAR,GOOD_EXT,UNAMBIGUOUS_BP"
"256","5",139366406,139366594,"hsa_circ_001461",2,"+",1,2,40,40,"my_test_sample",2,2,0,1,"GTAG",NA,"ANCHOR_UNIQUE,CANONICAL,CIRCULAR,OK_EXT,UNAMBIGUOUS_BP"
"257","17",71412299,71412453,"hsa_circ_001463",2,"+",1,2,40,5,"my_test_sample",2,1,0,1,"GTAG",NA,"ANCHOR_UNIQUE,CANONICAL,CIRCULAR,GOOD_EXT,UNAMBIGUOUS_BP"
"258","2",240632632,240632795,"hsa_circ_001468",2,"+",2,2,5,5,"my_test_sample",2,1,0,1,"GTAG",NA,"ANCHOR_UNIQUE,CANONICAL,CIRCULAR,GOOD_EXT,UNAMBIGUOUS_BP"
"259","3",10473765,10474063,"hsa_circ_001470",2,"+",1,2,40,5,"my_test_sample",2,0,0,1,"GTAG",NA,"ANCHOR_UNIQUE,CANONICAL,CIRCULAR,PERFECT_EXT,UNAMBIGUOUS_BP"
"260","14",105349080,105349248,"hsa_circ_001474",2,"+",2,2,5,40,"my_test_sample",2,1,0,1,"GTAG",NA,"ANCHOR_UNIQUE,CANONICAL,CIRCULAR,GOOD_EXT,UNAMBIGUOUS_BP"
"261","3",45005613,45005798,"hsa_circ_001478",2,"+",1,2,40,40,"my_test_sample",2,2,0,1,"GTAG",NA,"ANCHOR_UNIQUE,CANONICAL,CIRCULAR,OK_EXT,UNAMBIGUOUS_BP"
"262","8",1801976,1802186,"hsa_circ_001486",3,"-",1,3,40,40,"my_test_sample",3,1,0,1,"GTAG",NA,"ANCHOR_UNIQUE,CANONICAL,CIRCULAR,GOOD_EXT,UNAMBIGUOUS_BP"
"263","8",104886750,104886955,"hsa_circ_001488",2,"-",1,2,5,40,"my_test_sample",2,1,0,1,"GTAG",NA,"ANCHOR_UNIQUE,CANONICAL,CIRCULAR,GOOD_EXT,UNAMBIGUOUS_BP"
"264","13",93092907,93093068,"hsa_circ_001489",3,"-",2,3,5,5,"my_test_sample",3,1,0,1,"GTAG",NA,"ANCHOR_UNIQUE,CANONICAL,CIRCULAR,GOOD_EXT,UNAMBIGUOUS_BP"
"265","14",82917375,82917545,"hsa_circ_001492",2,"-",1,2,5,5,"my_test_sample",2,1,0,1,"GTAG",NA,"ANCHOR_UNIQUE,CANONICAL,CIRCULAR,GOOD_EXT,UNAMBIGUOUS_BP"
"266","9",88778099,88778313,"hsa_circ_001497",2,"+",1,2,40,5,"my_test_sample",2,2,0,1,"GTAG",NA,"ANCHOR_UNIQUE,CANONICAL,CIRCULAR,OK_EXT,UNAMBIGUOUS_BP"
"267","14",100589908,100590063,"hsa_circ_001504",3,"+",1,3,40,5,"my_test_sample",3,1,0,1,"GTAG",NA,"ANCHOR_UNIQUE,CANONICAL,CIRCULAR,GOOD_EXT,UNAMBIGUOUS_BP"
"268","19",31045280,31045459,"hsa_circ_001513",2,"+",1,2,40,40,"my_test_sample",2,0,0,1,"GTAG",NA,"ANCHOR_UNIQUE,CANONICAL,CIRCULAR,PERFECT_EXT,UNAMBIGUOUS_BP"
"269","16",11096738,11096920,"hsa_circ_001522",2,"+",2,2,5,40,"my_test_sample",2,1,0,1,"GTAG",NA,"ANCHOR_UNIQUE,CANONICAL,CIRCULAR,GOOD_EXT,UNAMBIGUOUS_BP"
"270","10",25883469,25883643,"hsa_circ_001525",3,"-",2,3,5,40,"my_test_sample",3,0,0,1,"GTAG",NA,"ANCHOR_UNIQUE,CANONICAL,CIRCULAR,PERFECT_EXT,UNAMBIGUOUS_BP"
"271","X",51221765,51221975,"hsa_circ_001533",2,"-",1,2,5,40,"my_test_sample",2,1,0,1,"GTAG",NA,"ANCHOR_UNIQUE,CANONICAL,CIRCULAR,GOOD_EXT,UNAMBIGUOUS_BP"
"272","2",54757904,54758078,"hsa_circ_001535",2,"+",1,2,5,40,"my_test_sample",2,0,0,1,"GTAG",NA,"ANCHOR_UNIQUE,CANONICAL,CIRCULAR,PERFECT_EXT,UNAMBIGUOUS_BP"
"273","4",164513447,164513597,"hsa_circ_001544",2,"+",2,2,3,40,"my_test_sample",2,0,0,1,"GTAG",NA,"ANCHOR_UNIQUE,CANONICAL,CIRCULAR,PERFECT_EXT,UNAMBIGUOUS_BP"
"274","2",234617053,234617244,"hsa_circ_001549",2,"+",2,2,5,5,"my_test_sample",2,1,0,1,"GTAG",NA,"ANCHOR_UNIQUE,CANONICAL,CIRCULAR,GOOD_EXT,UNAMBIGUOUS_BP"
"275","10",12988125,12988317,"hsa_circ_001553",2,"-",1,2,5,40,"my_test_sample",2,1,0,1,"GTAG",NA,"ANCHOR_UNIQUE,CANONICAL,CIRCULAR,GOOD_EXT,UNAMBIGUOUS_BP"
"276","22",45792454,45792608,"hsa_circ_001564",2,"-",1,2,5,5,"my_test_sample",2,1,0,1,"GTAG",NA,"ANCHOR_UNIQUE,CANONICAL,CIRCULAR,GOOD_EXT,UNAMBIGUOUS_BP"
"277","2",236019001,236019156,"hsa_circ_001573",2,"-",2,2,5,40,"my_test_sample",2,2,0,1,"GTAG",NA,"ANCHOR_UNIQUE,CANONICAL,CIRCULAR,OK_EXT,UNAMBIGUOUS_BP"
"278","X",58139875,58140082,"hsa_circ_001584",3,"-",1,3,40,40,"my_test_sample",3,2,0,1,"GTAG",NA,"ANCHOR_UNIQUE,CANONICAL,CIRCULAR,OK_EXT,UNAMBIGUOUS_BP"
"279","20",13522766,13522950,"hsa_circ_001586",2,"+",1,2,5,5,"my_test_sample",2,1,0,1,"GTAG",NA,"ANCHOR_UNIQUE,CANONICAL,CIRCULAR,GOOD_EXT,UNAMBIGUOUS_BP"
"280","13",18995011,18995167,"hsa_circ_001593",3,"+",2,3,40,35,"my_test_sample",3,0,0,1,"GTAG",NA,"ANCHOR_UNIQUE,CANONICAL,CIRCULAR,PERFECT_EXT,UNAMBIGUOUS_BP"
"281","20",979848,980021,"hsa_circ_001595",3,"-",1,3,40,40,"my_test_sample",3,0,0,1,"GTAG",NA,"ANCHOR_UNIQUE,CANONICAL,CIRCULAR,PERFECT_EXT,UNAMBIGUOUS_BP"
"282","17",43070903,43071256,"hsa_circ_001599",2,"+",1,2,40,40,"my_test_sample",2,0,0,1,"GTAG",NA,"ANCHOR_UNIQUE,CANONICAL,CIRCULAR,PERFECT_EXT,UNAMBIGUOUS_BP"
"283","10",129223424,129223599,"hsa_circ_001600",3,"+",2,3,5,5,"my_test_sample",3,2,0,1,"GTAG",NA,"ANCHOR_UNIQUE,CANONICAL,CIRCULAR,OK_EXT,UNAMBIGUOUS_BP"
"284","1",14099236,14099605,"hsa_circ_001606",3,"-",1,3,40,40,"my_test_sample",3,0,0,1,"GTAG",NA,"ANCHOR_UNIQUE,CANONICAL,CIRCULAR,PERFECT_EXT,UNAMBIGUOUS_BP"
"285","5",115777556,115777707,"hsa_circ_001616",2,"-",1,2,40,5,"my_test_sample",2,0,0,1,"GTAG",NA,"ANCHOR_UNIQUE,CANONICAL,CIRCULAR,PERFECT_EXT,UNAMBIGUOUS_BP"
"286","3",66188902,66189095,"hsa_circ_001626",2,"-",1,2,40,5,"my_test_sample",2,0,0,1,"GTAG",NA,"ANCHOR_UNIQUE,CANONICAL,CIRCULAR,PERFECT_EXT,UNAMBIGUOUS_BP"
"287","22",42516010,42577098,"hsa_circ_001630",2,"-",2,1,5,5,"my_test_sample",2,1,0,1,"GTAG",NA,"ANCHOR_UNIQUE,CANONICAL,CIRCULAR,GOOD_EXT,UNAMBIGUOUS_BP"
"288","9",137648758,137648963,"hsa_circ_001633",2,"+",1,2,5,40,"my_test_sample",2,2,0,1,"GTAG",NA,"ANCHOR_UNIQUE,CANONICAL,CIRCULAR,OK_EXT,UNAMBIGUOUS_BP"
"289","7",29248323,29248502,"hsa_circ_001650",3,"-",1,3,35,5,"my_test_sample",3,0,0,1,"GTAG",NA,"ANCHOR_UNIQUE,CANONICAL,CIRCULAR,PERFECT_EXT,UNAMBIGUOUS_BP"
"290","20",37571091,37571286,"hsa_circ_001652",3,"-",3,3,5,5,"my_test_sample",3,2,0,1,"GTAG",NA,"ANCHOR_UNIQUE,CANONICAL,CIRCULAR,OK_EXT,UNAMBIGUOUS_BP"
"291","7",140653384,140653534,"hsa_circ_001657",6,"-",2,5,40,40,"my_test_sample",6,0,0,1,"GTAG",NA,"ANCHOR_UNIQUE,CANONICAL,CIRCULAR,PERFECT_EXT,UNAMBIGUOUS_BP"
"292","2",132874392,132875142,"hsa_circ_001661",2,"+",1,2,5,40,"my_test_sample",2,2,0,1,"GTAG",NA,"ANCHOR_UNIQUE,CANONICAL,CIRCULAR,OK_EXT,UNAMBIGUOUS_BP"
"293","8",90649474,90649697,"hsa_circ_001665",2,"-",1,2,40,5,"my_test_sample",2,2,0,1,"GTAG",NA,"ANCHOR_UNIQUE,CANONICAL,CIRCULAR,OK_EXT,UNAMBIGUOUS_BP"
"294","5",32249720,32249923,"hsa_circ_001666",4,"+",1,4,5,5,"my_test_sample",4,0,0,1,"GTAG",NA,"ANCHOR_UNIQUE,CANONICAL,CIRCULAR,PERFECT_EXT,UNAMBIGUOUS_BP"
"295","22",19570095,19570312,"hsa_circ_001669",2,"+",2,2,40,5,"my_test_sample",2,0,0,1,"GTAG",NA,"ANCHOR_UNIQUE,CANONICAL,CIRCULAR,PERFECT_EXT,UNAMBIGUOUS_BP"
"296","6",29427970,29428145,"hsa_circ_001672",2,"-",1,2,40,5,"my_test_sample",2,1,0,1,"GTAG",NA,"ANCHOR_UNIQUE,CANONICAL,CIRCULAR,GOOD_EXT,UNAMBIGUOUS_BP"
"297","2",205615792,205616048,"hsa_circ_001673",2,"-",1,2,40,40,"my_test_sample",2,0,0,1,"GTAG",NA,"ANCHOR_UNIQUE,CANONICAL,CIRCULAR,PERFECT_EXT,UNAMBIGUOUS_BP"
"298","13",32538617,32538777,"hsa_circ_001674",2,"-",2,2,40,40,"my_test_sample",2,0,0,1,"GTAG",NA,"ANCHOR_UNIQUE,CANONICAL,CIRCULAR,PERFECT_EXT,UNAMBIGUOUS_BP"
"299","1",203487263,203487461,"hsa_circ_001679",2,"+",1,2,40,5,"my_test_sample",2,0,0,1,"GTAG",NA,"ANCHOR_UNIQUE,CANONICAL,CIRCULAR,PERFECT_EXT,UNAMBIGUOUS_BP"
"300","21",46264848,46265019,"hsa_circ_001681",2,"+",1,2,40,5,"my_test_sample",2,0,0,1,"GTAG",NA,"ANCHOR_UNIQUE,CANONICAL,CIRCULAR,PERFECT_EXT,UNAMBIGUOUS_BP"
"301","6",43253364,43253534,"hsa_circ_001700",2,"+",2,2,35,5,"my_test_sample",2,0,0,1,"GTAG",NA,"ANCHOR_UNIQUE,CANONICAL,CIRCULAR,PERFECT_EXT,UNAMBIGUOUS_BP"
"302","16",57799624,57799835,"hsa_circ_001702",2,"+",1,2,40,40,"my_test_sample",2,0,0,1,"GTAG",NA,"ANCHOR_UNIQUE,CANONICAL,CIRCULAR,PERFECT_EXT,UNAMBIGUOUS_BP"
"303","2",40046829,40047000,"hsa_circ_001712",3,"-",1,3,5,5,"my_test_sample",3,1,0,1,"GTAG",NA,"ANCHOR_UNIQUE,CANONICAL,CIRCULAR,GOOD_EXT,UNAMBIGUOUS_BP"
"304","17",44775192,44775381,"hsa_circ_001713",2,"-",1,2,40,40,"my_test_sample",2,0,0,1,"GTAG",NA,"ANCHOR_UNIQUE,CANONICAL,CIRCULAR,PERFECT_EXT,UNAMBIGUOUS_BP"
"305","X",122584362,122584562,"hsa_circ_001715",2,"+",1,2,40,5,"my_test_sample",2,2,2,1,"GTAG",NA,"ANCHOR_UNIQUE,CANONICAL,CIRCULAR,OK_EXT,UNAMBIGUOUS_BP"
"306","10",117896636,117896985,"hsa_circ_001716",2,"-",1,2,5,40,"my_test_sample",2,1,0,1,"GTAG",NA,"ANCHOR_UNIQUE,CANONICAL,CIRCULAR,GOOD_EXT,UNAMBIGUOUS_BP"
"307","4",83051809,83052001,"hsa_circ_001719",3,"+",1,3,5,5,"my_test_sample",3,0,0,1,"GTAG",NA,"ANCHOR_UNIQUE,CANONICAL,CIRCULAR,PERFECT_EXT,UNAMBIGUOUS_BP"
"308","4",95192042,95192195,"hsa_circ_001726",2,"-",1,2,5,5,"my_test_sample",2,1,0,1,"GTAG",NA,"ANCHOR_UNIQUE,CANONICAL,CIRCULAR,GOOD_EXT,UNAMBIGUOUS_BP"
"309","16",15598587,15598768,"hsa_circ_001728",2,"-",2,2,40,40,"my_test_sample",2,0,0,1,"GTAG",NA,"ANCHOR_UNIQUE,CANONICAL,CIRCULAR,PERFECT_EXT,UNAMBIGUOUS_BP"
"310","11",868140,868312,"hsa_circ_001729",3,"-",1,3,40,5,"my_test_sample",3,2,0,1,"GTAG",NA,"ANCHOR_UNIQUE,CANONICAL,CIRCULAR,OK_EXT,UNAMBIGUOUS_BP"
"311","1",175815478,175815647,"hsa_circ_001730",2,"+",1,2,40,40,"my_test_sample",2,0,0,1,"GTAG",NA,"ANCHOR_UNIQUE,CANONICAL,CIRCULAR,PERFECT_EXT,UNAMBIGUOUS_BP"
"312","22",47941528,47941792,"hsa_circ_001734",2,"-",2,2,35,40,"my_test_sample",2,0,2,1,"GTAG",NA,"ANCHOR_UNIQUE,CANONICAL,CIRCULAR,OK_EXT,UNAMBIGUOUS_BP"
"313","9",21550982,21551210,"hsa_circ_001739",2,"+",1,2,40,5,"my_test_sample",2,1,0,1,"GTAG",NA,"ANCHOR_UNIQUE,CANONICAL,CIRCULAR,GOOD_EXT,UNAMBIGUOUS_BP"
"314","19",3476852,3477060,"hsa_circ_001746",2,"+",1,2,5,5,"my_test_sample",2,0,0,1,"GTAG",NA,"ANCHOR_UNIQUE,CANONICAL,CIRCULAR,PERFECT_EXT,UNAMBIGUOUS_BP"
"315","11",27213203,27213415,"hsa_circ_001750",2,"-",1,2,40,5,"my_test_sample",2,0,0,1,"GTAG",NA,"ANCHOR_UNIQUE,CANONICAL,CIRCULAR,PERFECT_EXT,UNAMBIGUOUS_BP"
"316","6",17604325,17604480,"hsa_circ_001751",2,"-",2,2,40,40,"my_test_sample",2,1,0,1,"GTAG",NA,"ANCHOR_UNIQUE,CANONICAL,CIRCULAR,GOOD_EXT,UNAMBIGUOUS_BP"
"317","4",3860974,3861126,"hsa_circ_001752",3,"-",2,3,40,40,"my_test_sample",3,2,0,1,"GTAG",NA,"ANCHOR_UNIQUE,CANONICAL,CIRCULAR,OK_EXT,UNAMBIGUOUS_BP"
"318","11",73381818,73382016,"hsa_circ_001766",2,"+",1,2,5,40,"my_test_sample",2,2,0,1,"GTAG",NA,"ANCHOR_UNIQUE,CANONICAL,CIRCULAR,OK_EXT,UNAMBIGUOUS_BP"
"319","6",125945920,125946104,"hsa_circ_001767",2,"+",1,2,40,40,"my_test_sample",2,2,2,1,"GTAG",NA,"ANCHOR_UNIQUE,CANONICAL,CIRCULAR,OK_EXT,UNAMBIGUOUS_BP"
"320","4",174948548,174948787,"hsa_circ_001768",2,"+",1,2,40,5,"my_test_sample",2,0,0,1,"GTAG",NA,"ANCHOR_UNIQUE,CANONICAL,CIRCULAR,PERFECT_EXT,UNAMBIGUOUS_BP"
"321","19",49623930,49624095,"hsa_circ_001769",2,"+",2,2,37,5,"my_test_sample",2,2,0,1,"GTAG",NA,"ANCHOR_UNIQUE,CANONICAL,CIRCULAR,OK_EXT,UNAMBIGUOUS_BP"
"322","9",101391200,101391397,"hsa_circ_001775",2,"-",1,2,40,5,"my_test_sample",2,2,0,1,"GTAG",NA,"ANCHOR_UNIQUE,CANONICAL,CIRCULAR,OK_EXT,UNAMBIGUOUS_BP"
"323","20",42451080,42451253,"hsa_circ_001781",4,"+",1,4,40,5,"my_test_sample",4,1,0,1,"GTAG",NA,"ANCHOR_UNIQUE,CANONICAL,CIRCULAR,GOOD_EXT,UNAMBIGUOUS_BP"
"324","20",36390767,36390937,"hsa_circ_001789",2,"-",1,2,40,5,"my_test_sample",2,1,0,1,"GTAG",NA,"ANCHOR_UNIQUE,CANONICAL,CIRCULAR,GOOD_EXT,UNAMBIGUOUS_BP"
"325","1",11782545,11782751,"hsa_circ_001797",4,"-",1,4,5,5,"my_test_sample",4,1,0,1,"GTAG",NA,"ANCHOR_UNIQUE,CANONICAL,CIRCULAR,GOOD_EXT,UNAMBIGUOUS_BP"
"326","17",72181374,72181536,"hsa_circ_001799",2,"-",1,2,40,5,"my_test_sample",2,0,0,1,"GTAG",NA,"ANCHOR_UNIQUE,CANONICAL,CIRCULAR,PERFECT_EXT,UNAMBIGUOUS_BP"
"327","9",5871878,5872134,"hsa_circ_001802",2,"+",1,2,5,35,"my_test_sample",2,1,0,1,"GTAG",NA,"ANCHOR_UNIQUE,CANONICAL,CIRCULAR,GOOD_EXT,UNAMBIGUOUS_BP"
"328","15",40225799,40225998,"hsa_circ_001809",2,"+",1,2,40,5,"my_test_sample",2,2,0,1,"GTAG",NA,"ANCHOR_UNIQUE,CANONICAL,CIRCULAR,OK_EXT,UNAMBIGUOUS_BP"
"329","3",50425219,50425466,"hsa_circ_001810",2,"+",1,2,5,5,"my_test_sample",2,0,0,1,"GTAG",NA,"ANCHOR_UNIQUE,CANONICAL,CIRCULAR,PERFECT_EXT,UNAMBIGUOUS_BP"
"330","21",33267887,33268040,"hsa_circ_001818",2,"-",1,2,40,5,"my_test_sample",2,0,0,1,"GTAG",NA,"ANCHOR_UNIQUE,CANONICAL,CIRCULAR,PERFECT_EXT,UNAMBIGUOUS_BP"
"331","6",15086472,15086765,"hsa_circ_001833",2,"-",1,2,5,5,"my_test_sample",2,1,0,1,"GTAG",NA,"ANCHOR_UNIQUE,CANONICAL,CIRCULAR,GOOD_EXT,UNAMBIGUOUS_BP"
"332","6",33670624,33670844,"hsa_circ_001835",2,"+",2,2,40,5,"my_test_sample",2,0,0,1,"GTAG",NA,"ANCHOR_UNIQUE,CANONICAL,CIRCULAR,PERFECT_EXT,UNAMBIGUOUS_BP"
"333","22",20071655,20071954,"hsa_circ_001837",2,"+",1,2,40,5,"my_test_sample",2,1,0,1,"GTAG",NA,"ANCHOR_UNIQUE,CANONICAL,CIRCULAR,GOOD_EXT,UNAMBIGUOUS_BP"
"334","13",53010152,53010307,"hsa_circ_001838",2,"-",1,2,5,5,"my_test_sample",2,2,0,1,"GTAG",NA,"ANCHOR_UNIQUE,CANONICAL,CIRCULAR,OK_EXT,UNAMBIGUOUS_BP"
"335","12",118608620,118608823,"hsa_circ_001841",5,"+",2,5,5,5,"my_test_sample",5,0,0,1,"GTAG",NA,"ANCHOR_UNIQUE,CANONICAL,CIRCULAR,PERFECT_EXT,UNAMBIGUOUS_BP"
"336","1",17619349,17619499,"hsa_circ_001853",4,"+",1,4,5,5,"my_test_sample",4,0,0,1,"GTAG",NA,"ANCHOR_UNIQUE,CANONICAL,CIRCULAR,PERFECT_EXT,UNAMBIGUOUS_BP"
"337","10",109944135,109944289,"hsa_circ_001885",2,"-",1,2,40,5,"my_test_sample",2,1,0,1,"GTAG",NA,"ANCHOR_UNIQUE,CANONICAL,CIRCULAR,GOOD_EXT,UNAMBIGUOUS_BP"
"338","11",68825700,68825854,"hsa_circ_001897",2,"-",2,2,5,37,"my_test_sample",2,1,0,1,"GTAG",NA,"ANCHOR_UNIQUE,CANONICAL,CIRCULAR,GOOD_EXT,UNAMBIGUOUS_BP"
"339","4",177397522,177397702,"hsa_circ_001905",2,"+",1,2,40,40,"my_test_sample",2,1,0,1,"GTAG",NA,"ANCHOR_UNIQUE,CANONICAL,CIRCULAR,GOOD_EXT,UNAMBIGUOUS_BP"
"340","15",64772619,64772797,"hsa_circ_001907",2,"-",2,2,40,40,"my_test_sample",2,1,0,1,"GTAG",NA,"ANCHOR_UNIQUE,CANONICAL,CIRCULAR,GOOD_EXT,UNAMBIGUOUS_BP"
"341","10",91020630,91020784,"hsa_circ_001911",3,"+",3,3,40,5,"my_test_sample",3,2,0,1,"GTAG",NA,"ANCHOR_UNIQUE,CANONICAL,CIRCULAR,OK_EXT,UNAMBIGUOUS_BP"
"342","3",40850304,40850471,"hsa_circ_001920",2,"+",2,2,40,5,"my_test_sample",2,1,0,1,"GTAG",NA,"ANCHOR_UNIQUE,CANONICAL,CIRCULAR,GOOD_EXT,UNAMBIGUOUS_BP"
"343","7",4020005,4020234,"hsa_circ_001924",2,"+",1,2,40,40,"my_test_sample",2,2,0,1,"GTAG",NA,"ANCHOR_UNIQUE,CANONICAL,CIRCULAR,OK_EXT,UNAMBIGUOUS_BP"
"344","7",95450257,95450413,"hsa_circ_001928",4,"+",1,4,5,5,"my_test_sample",4,0,0,1,"GTAG",NA,"ANCHOR_UNIQUE,CANONICAL,CIRCULAR,PERFECT_EXT,UNAMBIGUOUS_BP"
"345","1",34614159,34614377,"hsa_circ_001929",3,"-",2,3,40,40,"my_test_sample",3,0,0,1,"GTAG",NA,"ANCHOR_UNIQUE,CANONICAL,CIRCULAR,PERFECT_EXT,UNAMBIGUOUS_BP"
"346","22",20635196,20635479,"hsa_circ_001932",2,"+",1,2,5,5,"my_test_sample",2,2,0,1,"GTAG",NA,"ANCHOR_UNIQUE,CANONICAL,CIRCULAR,OK_EXT,UNAMBIGUOUS_BP"
"347","20",25240250,25240452,"hsa_circ_001933",3,"+",2,3,5,40,"my_test_sample",3,1,0,1,"GTAG",NA,"ANCHOR_UNIQUE,CANONICAL,CIRCULAR,GOOD_EXT,UNAMBIGUOUS_BP"
"348","12",34402645,34402832,"hsa_circ_001935",2,"+",1,2,5,5,"my_test_sample",2,0,2,1,"GTAG",NA,"ANCHOR_UNIQUE,CANONICAL,CIRCULAR,OK_EXT,UNAMBIGUOUS_BP"
"349","14",105162488,105162674,"hsa_circ_001938",8,"-",4,8,40,40,"my_test_sample",8,2,0,1,"GTAG",NA,"ANCHOR_UNIQUE,CANONICAL,CIRCULAR,OK_EXT,UNAMBIGUOUS_BP"
"350","4",778873,779167,"hsa_circ_001940",2,"-",1,2,5,5,"my_test_sample",2,2,0,1,"GTAG",NA,"ANCHOR_UNIQUE,CANONICAL,CIRCULAR,OK_EXT,UNAMBIGUOUS_BP"
"351","5",41676147,41676388,"hsa_circ_001944",2,"-",1,2,40,5,"my_test_sample",2,0,0,1,"GTAG",NA,"ANCHOR_UNIQUE,CANONICAL,CIRCULAR,PERFECT_EXT,UNAMBIGUOUS_BP"
"352","14",24062694,24062862,"hsa_circ_001947",2,"-",2,2,40,5,"my_test_sample",2,0,0,1,"GTAG",NA,"ANCHOR_UNIQUE,CANONICAL,CIRCULAR,PERFECT_EXT,UNAMBIGUOUS_BP"
"353","X",154384433,154384601,"hsa_circ_001948",2,"+",2,2,40,35,"my_test_sample",2,0,0,1,"GTAG",NA,"ANCHOR_UNIQUE,CANONICAL,CIRCULAR,PERFECT_EXT,UNAMBIGUOUS_BP"
"354","5",131233934,131234125,"hsa_circ_001951",2,"-",1,2,40,5,"my_test_sample",2,2,0,1,"GTAG",NA,"ANCHOR_UNIQUE,CANONICAL,CIRCULAR,OK_EXT,UNAMBIGUOUS_BP"
"355","17",9312694,9312899,"hsa_circ_001975",2,"+",2,2,40,40,"my_test_sample",2,1,0,1,"GTAG",NA,"ANCHOR_UNIQUE,CANONICAL,CIRCULAR,GOOD_EXT,UNAMBIGUOUS_BP"
"356","11",117457440,117457651,"hsa_circ_001988",4,"+",1,4,5,5,"my_test_sample",4,0,0,1,"GTAG",NA,"ANCHOR_UNIQUE,CANONICAL,CIRCULAR,PERFECT_EXT,UNAMBIGUOUS_BP"
"357","9",38446240,38446398,"hsa_circ_001992",2,"-",1,2,5,40,"my_test_sample",2,1,0,1,"GTAG",NA,"ANCHOR_UNIQUE,CANONICAL,CIRCULAR,GOOD_EXT,UNAMBIGUOUS_BP"
"358","5",134000954,134001106,"hsa_circ_002002",3,"-",1,3,40,40,"my_test_sample",3,0,0,1,"GTAG",NA,"ANCHOR_UNIQUE,CANONICAL,CIRCULAR,PERFECT_EXT,UNAMBIGUOUS_BP"
"359","6",102139062,102139249,"hsa_circ_002008",2,"-",1,2,5,5,"my_test_sample",2,0,0,1,"GTAG",NA,"ANCHOR_UNIQUE,CANONICAL,CIRCULAR,PERFECT_EXT,UNAMBIGUOUS_BP"
"360","11",134019430,134019623,"hsa_circ_002010",2,"-",2,2,5,40,"my_test_sample",2,0,0,1,"GTAG",NA,"ANCHOR_UNIQUE,CANONICAL,CIRCULAR,PERFECT_EXT,UNAMBIGUOUS_BP"
"361","8",49398361,49398525,"hsa_circ_002016",2,"-",1,2,5,5,"my_test_sample",2,0,0,1,"GTAG",NA,"ANCHOR_UNIQUE,CANONICAL,CIRCULAR,PERFECT_EXT,UNAMBIGUOUS_BP"
"362","4",153669101,153669258,"hsa_circ_002019",2,"+",1,2,40,40,"my_test_sample",2,0,0,1,"GTAG",NA,"ANCHOR_UNIQUE,CANONICAL,CIRCULAR,PERFECT_EXT,UNAMBIGUOUS_BP"
"363","11",134219073,134219251,"hsa_circ_002024",3,"-",2,3,40,40,"my_test_sample",3,0,0,1,"GTAG",NA,"ANCHOR_UNIQUE,CANONICAL,CIRCULAR,PERFECT_EXT,UNAMBIGUOUS_BP"
"364","8",64447552,64447708,"hsa_circ_002025",2,"-",1,2,5,40,"my_test_sample",2,0,0,1,"GTAG",NA,"ANCHOR_UNIQUE,CANONICAL,CIRCULAR,PERFECT_EXT,UNAMBIGUOUS_BP"
"365","6",31865908,31866149,"hsa_circ_002039",2,"+",1,2,40,40,"my_test_sample",2,0,0,1,"GTAG",NA,"ANCHOR_UNIQUE,CANONICAL,CIRCULAR,PERFECT_EXT,UNAMBIGUOUS_BP"
"366","10",9392288,9392481,"hsa_circ_002046",2,"-",1,2,40,5,"my_test_sample",2,0,0,1,"GTAG",NA,"ANCHOR_UNIQUE,CANONICAL,CIRCULAR,PERFECT_EXT,UNAMBIGUOUS_BP"
"367","1",178788033,178788195,"hsa_circ_002050",2,"-",1,2,40,40,"my_test_sample",2,0,0,1,"GTAG",NA,"ANCHOR_UNIQUE,CANONICAL,CIRCULAR,PERFECT_EXT,UNAMBIGUOUS_BP"
"368","8",26779293,26779470,"hsa_circ_002051",4,"-",1,4,5,5,"my_test_sample",4,2,0,1,"GTAG",NA,"ANCHOR_UNIQUE,CANONICAL,CIRCULAR,OK_EXT,UNAMBIGUOUS_BP"
"369","14",34982650,34982921,"hsa_circ_002053",2,"+",1,2,35,40,"my_test_sample",2,1,0,1,"GTAG",NA,"ANCHOR_UNIQUE,CANONICAL,CIRCULAR,GOOD_EXT,UNAMBIGUOUS_BP"
"370","17",52714183,52714548,"hsa_circ_002054",2,"-",2,2,40,5,"my_test_sample",2,1,0,1,"GTAG",NA,"ANCHOR_UNIQUE,CANONICAL,CIRCULAR,GOOD_EXT,UNAMBIGUOUS_BP"
"371","5",158700967,158701143,"hsa_circ_002065",2,"+",1,2,5,40,"my_test_sample",2,2,0,1,"GTAG",NA,"ANCHOR_UNIQUE,CANONICAL,CIRCULAR,OK_EXT,UNAMBIGUOUS_BP"
"372","19",8529816,8529970,"hsa_circ_002085",4,"+",4,3,5,40,"my_test_sample",4,0,0,1,"GTAG",NA,"ANCHOR_UNIQUE,CANONICAL,CIRCULAR,PERFECT_EXT,UNAMBIGUOUS_BP"
"373","18",66249647,66249806,"hsa_circ_002088",2,"-",1,2,5,5,"my_test_sample",2,0,0,1,"GTAG",NA,"ANCHOR_UNIQUE,CANONICAL,CIRCULAR,PERFECT_EXT,UNAMBIGUOUS_BP"
"374","10",20674550,20674775,"hsa_circ_002089",2,"-",1,2,40,40,"my_test_sample",2,0,0,1,"GTAG",NA,"ANCHOR_UNIQUE,CANONICAL,CIRCULAR,PERFECT_EXT,UNAMBIGUOUS_BP"
"375","4",166039109,166039418,"hsa_circ_002090",2,"-",1,2,5,40,"my_test_sample",2,2,0,1,"GTAG",NA,"ANCHOR_UNIQUE,CANONICAL,CIRCULAR,OK_EXT,UNAMBIGUOUS_BP"
"376","11",72245292,72245444,"hsa_circ_002094",2,"-",1,2,5,40,"my_test_sample",2,1,0,1,"GTAG",NA,"ANCHOR_UNIQUE,CANONICAL,CIRCULAR,GOOD_EXT,UNAMBIGUOUS_BP"
"377","11",98844749,98844961,"hsa_circ_002102",2,"-",1,2,40,4,"my_test_sample",2,1,0,1,"GTAG",NA,"ANCHOR_UNIQUE,CANONICAL,CIRCULAR,GOOD_EXT,UNAMBIGUOUS_BP"
"378","10",123252262,123252472,"hsa_circ_002105",2,"+",1,2,40,5,"my_test_sample",2,0,0,1,"GTAG",NA,"ANCHOR_UNIQUE,CANONICAL,CIRCULAR,PERFECT_EXT,UNAMBIGUOUS_BP"
"379","5",20469799,20469959,"hsa_circ_002115",2,"-",1,2,40,5,"my_test_sample",2,0,0,1,"GTAG",NA,"ANCHOR_UNIQUE,CANONICAL,CIRCULAR,PERFECT_EXT,UNAMBIGUOUS_BP"
"380","17",31339871,31340119,"hsa_circ_002117",2,"+",2,2,40,35,"my_test_sample",2,0,2,1,"GTAG",NA,"ANCHOR_UNIQUE,CANONICAL,CIRCULAR,OK_EXT,UNAMBIGUOUS_BP"
"381","2",169459272,169459430,"hsa_circ_002126",2,"-",1,2,5,5,"my_test_sample",2,0,0,1,"GTAG",NA,"ANCHOR_UNIQUE,CANONICAL,CIRCULAR,PERFECT_EXT,UNAMBIGUOUS_BP"
"382","18",34402986,34403138,"hsa_circ_002134",2,"+",1,2,5,40,"my_test_sample",2,1,0,1,"GTAG",NA,"ANCHOR_UNIQUE,CANONICAL,CIRCULAR,GOOD_EXT,UNAMBIGUOUS_BP"
"383","4",173034083,173034270,"hsa_circ_002137",3,"-",2,3,5,40,"my_test_sample",3,0,0,1,"GTAG",NA,"ANCHOR_UNIQUE,CANONICAL,CIRCULAR,PERFECT_EXT,UNAMBIGUOUS_BP"
"384","X",48533311,48533462,"hsa_circ_002145",2,"-",1,2,40,5,"my_test_sample",2,1,0,1,"GTAG",NA,"ANCHOR_UNIQUE,CANONICAL,CIRCULAR,GOOD_EXT,UNAMBIGUOUS_BP"
"385","9",117443629,117443818,"hsa_circ_002150",3,"+",1,3,40,5,"my_test_sample",3,0,0,1,"GTAG",NA,"ANCHOR_UNIQUE,CANONICAL,CIRCULAR,PERFECT_EXT,UNAMBIGUOUS_BP"
"386","16",26611072,26611225,"hsa_circ_002156",2,"-",2,2,5,40,"my_test_sample",2,2,0,1,"GTAG",NA,"ANCHOR_UNIQUE,CANONICAL,CIRCULAR,OK_EXT,UNAMBIGUOUS_BP"
"387","22",19446971,19447143,"hsa_circ_002168",3,"-",2,3,5,40,"my_test_sample",3,0,0,1,"GTAG",NA,"ANCHOR_UNIQUE,CANONICAL,CIRCULAR,PERFECT_EXT,UNAMBIGUOUS_BP"
"388","19",20872267,20872419,"hsa_circ_002197",2,"-",1,2,5,40,"my_test_sample",2,0,0,1,"GTAG",NA,"ANCHOR_UNIQUE,CANONICAL,CIRCULAR,PERFECT_EXT,UNAMBIGUOUS_BP"
"389","19",48090735,48090894,"hsa_circ_002203",3,"-",1,3,5,5,"my_test_sample",3,2,0,1,"GTAG",NA,"ANCHOR_UNIQUE,CANONICAL,CIRCULAR,OK_EXT,UNAMBIGUOUS_BP"
"390","10",11755631,11755804,"hsa_circ_002206",3,"-",1,3,35,40,"my_test_sample",3,0,0,1,"GTAG",NA,"ANCHOR_UNIQUE,CANONICAL,CIRCULAR,PERFECT_EXT,UNAMBIGUOUS_BP"
"391","5",43044442,43044594,"hsa_circ_002209",3,"+",2,3,40,40,"my_test_sample",3,0,0,1,"GTAG",NA,"ANCHOR_UNIQUE,CANONICAL,CIRCULAR,PERFECT_EXT,UNAMBIGUOUS_BP"
"392","8",43758151,43758323,"hsa_circ_002214",2,"-",1,2,4,5,"my_test_sample",2,1,0,1,"GTAG",NA,"ANCHOR_UNIQUE,CANONICAL,CIRCULAR,GOOD_EXT,UNAMBIGUOUS_BP"
"393","22",23575959,23641294,"hsa_circ_002227",2,"-",1,2,5,5,"my_test_sample",2,2,0,1,"GTAG",NA,"ANCHOR_UNIQUE,CANONICAL,CIRCULAR,OK_EXT,UNAMBIGUOUS_BP"
"394","1",220279980,220280135,"hsa_circ_002239",2,"+",1,2,40,5,"my_test_sample",2,1,0,1,"GTAG",NA,"ANCHOR_UNIQUE,CANONICAL,CIRCULAR,GOOD_EXT,UNAMBIGUOUS_BP"
"395","5",173079175,173079529,"hsa_circ_002241",2,"+",1,2,5,40,"my_test_sample",2,0,0,1,"GTAG",NA,"ANCHOR_UNIQUE,CANONICAL,CIRCULAR,PERFECT_EXT,UNAMBIGUOUS_BP"
"396","1",18360384,18360602,"hsa_circ_002244",2,"-",2,2,40,5,"my_test_sample",2,0,0,1,"GTAG",NA,"ANCHOR_UNIQUE,CANONICAL,CIRCULAR,PERFECT_EXT,UNAMBIGUOUS_BP"
"397","19",11265955,11266109,"hsa_circ_002257",2,"+",1,2,4,40,"my_test_sample",2,0,0,1,"GTAG",NA,"ANCHOR_UNIQUE,CANONICAL,CIRCULAR,PERFECT_EXT,UNAMBIGUOUS_BP"
"398","5",94487534,94487702,"hsa_circ_002260",3,"-",1,3,40,5,"my_test_sample",3,1,0,1,"GTAG",NA,"ANCHOR_UNIQUE,CANONICAL,CIRCULAR,GOOD_EXT,UNAMBIGUOUS_BP"
"399","6",124955816,124956068,"hsa_circ_002261",3,"-",1,3,5,40,"my_test_sample",3,1,0,1,"GTAG",NA,"ANCHOR_UNIQUE,CANONICAL,CIRCULAR,GOOD_EXT,UNAMBIGUOUS_BP"
"400","18",27630825,27631131,"hsa_circ_002268",2,"+",1,2,5,5,"my_test_sample",2,1,0,1,"GTAG",NA,"ANCHOR_UNIQUE,CANONICAL,CIRCULAR,GOOD_EXT,UNAMBIGUOUS_BP"
"401","9",6072751,6072903,"hsa_circ_002273",2,"-",1,2,5,5,"my_test_sample",2,0,0,1,"GTAG",NA,"ANCHOR_UNIQUE,CANONICAL,CIRCULAR,PERFECT_EXT,UNAMBIGUOUS_BP"
"402","19",8399845,8400353,"hsa_circ_002281",2,"-",1,2,40,5,"my_test_sample",2,0,0,1,"GTAG",NA,"ANCHOR_UNIQUE,CANONICAL,CIRCULAR,PERFECT_EXT,UNAMBIGUOUS_BP"
"403","3",97961798,97962115,"hsa_circ_002285",2,"+",1,2,40,40,"my_test_sample",2,1,0,1,"GTAG",NA,"ANCHOR_UNIQUE,CANONICAL,CIRCULAR,GOOD_EXT,UNAMBIGUOUS_BP"
"404","X",63664057,63664245,"hsa_circ_002293",2,"+",1,2,40,40,"my_test_sample",2,0,0,1,"GTAG",NA,"ANCHOR_UNIQUE,CANONICAL,CIRCULAR,PERFECT_EXT,UNAMBIGUOUS_BP"
"405","10",48730110,48730309,"hsa_circ_002301",2,"-",2,2,40,5,"my_test_sample",2,2,0,1,"GTAG",NA,"ANCHOR_UNIQUE,CANONICAL,CIRCULAR,OK_EXT,UNAMBIGUOUS_BP"
"406","8",132412551,132412727,"hsa_circ_002307",2,"-",1,2,5,40,"my_test_sample",2,0,0,1,"GTAG",NA,"ANCHOR_UNIQUE,CANONICAL,CIRCULAR,PERFECT_EXT,UNAMBIGUOUS_BP"
"407","6",22399943,22400157,"hsa_circ_002309",4,"-",1,4,40,40,"my_test_sample",4,2,0,1,"GTAG",NA,"ANCHOR_UNIQUE,CANONICAL,CIRCULAR,OK_EXT,UNAMBIGUOUS_BP"
"408","3",93762562,93762752,"hsa_circ_002311",2,"-",2,1,5,5,"my_test_sample",2,1,0,1,"GTAG",NA,"ANCHOR_UNIQUE,CANONICAL,CIRCULAR,GOOD_EXT,UNAMBIGUOUS_BP"
"409","6",36920259,36920423,"hsa_circ_002312",3,"-",2,2,40,5,"my_test_sample",3,0,0,1,"GTAG",NA,"ANCHOR_UNIQUE,CANONICAL,CIRCULAR,PERFECT_EXT,UNAMBIGUOUS_BP"
"410","1",64759834,64760018,"hsa_circ_002313",2,"+",2,2,5,40,"my_test_sample",2,1,0,1,"GTAG",NA,"ANCHOR_UNIQUE,CANONICAL,CIRCULAR,GOOD_EXT,UNAMBIGUOUS_BP"
"411","10",123669354,123669552,"hsa_circ_002320",3,"-",1,3,5,5,"my_test_sample",3,2,0,1,"GTAG",NA,"ANCHOR_UNIQUE,CANONICAL,CIRCULAR,OK_EXT,UNAMBIGUOUS_BP"
"412","14",94576283,94576447,"hsa_circ_002324",4,"-",1,4,40,5,"my_test_sample",4,0,0,1,"GTAG",NA,"ANCHOR_UNIQUE,CANONICAL,CIRCULAR,PERFECT_EXT,UNAMBIGUOUS_BP"
"413","12",2537258,2537426,"hsa_circ_002329",2,"-",1,2,40,40,"my_test_sample",2,1,0,1,"GTAG",NA,"ANCHOR_UNIQUE,CANONICAL,CIRCULAR,GOOD_EXT,UNAMBIGUOUS_BP"
"414","4",86162561,86162730,"hsa_circ_002334",2,"+",1,2,40,5,"my_test_sample",2,1,0,1,"GTAG",NA,"ANCHOR_UNIQUE,CANONICAL,CIRCULAR,GOOD_EXT,UNAMBIGUOUS_BP"
"415","5",860924,861087,"hsa_circ_002337",2,"-",2,2,40,4,"my_test_sample",2,0,0,1,"GTAG",NA,"ANCHOR_UNIQUE,CANONICAL,CIRCULAR,PERFECT_EXT,UNAMBIGUOUS_BP"
"416","4",189021931,189022101,"hsa_circ_002339",2,"+",1,2,5,40,"my_test_sample",2,0,0,1,"GTAG",NA,"ANCHOR_UNIQUE,CANONICAL,CIRCULAR,PERFECT_EXT,UNAMBIGUOUS_BP"
"417","7",142120941,142121114,"hsa_circ_002345",2,"-",1,2,40,5,"my_test_sample",2,1,0,1,"GTAG",NA,"ANCHOR_UNIQUE,CANONICAL,CIRCULAR,GOOD_EXT,UNAMBIGUOUS_BP"
"418","1",16176787,16176953,"hsa_circ_002346",2,"-",1,2,5,40,"my_test_sample",2,2,0,1,"GTAG",NA,"ANCHOR_UNIQUE,CANONICAL,CIRCULAR,OK_EXT,UNAMBIGUOUS_BP"
"419","2",164144876,164145053,"hsa_circ_002351",2,"+",2,2,40,5,"my_test_sample",2,0,0,1,"GTAG",NA,"ANCHOR_UNIQUE,CANONICAL,CIRCULAR,PERFECT_EXT,UNAMBIGUOUS_BP"
"420","19",39297767,39297939,"hsa_circ_002354",2,"-",2,2,5,5,"my_test_sample",2,2,0,1,"GTAG",NA,"ANCHOR_UNIQUE,CANONICAL,CIRCULAR,OK_EXT,UNAMBIGUOUS_BP"
"421","2",134247830,134248029,"hsa_circ_002357",2,"+",1,2,40,40,"my_test_sample",2,0,0,1,"GTAG",NA,"ANCHOR_UNIQUE,CANONICAL,CIRCULAR,PERFECT_EXT,UNAMBIGUOUS_BP"
"422","12",46897520,46897755,"hsa_circ_002363",2,"-",1,2,5,40,"my_test_sample",2,1,0,1,"GTAG",NA,"ANCHOR_UNIQUE,CANONICAL,CIRCULAR,GOOD_EXT,UNAMBIGUOUS_BP"
"423","16",411930,412093,"hsa_circ_002371",2,"+",1,2,5,5,"my_test_sample",2,0,0,1,"GTAG",NA,"ANCHOR_UNIQUE,CANONICAL,CIRCULAR,PERFECT_EXT,UNAMBIGUOUS_BP"
"424","17",74550321,74550592,"hsa_circ_002375",2,"-",1,2,40,40,"my_test_sample",2,0,0,1,"GTAG",NA,"ANCHOR_UNIQUE,CANONICAL,CIRCULAR,PERFECT_EXT,UNAMBIGUOUS_BP"
"425","20",57028922,57029731,"hsa_circ_002379",2,"-",1,2,5,40,"my_test_sample",2,1,0,1,"GTAG",NA,"ANCHOR_UNIQUE,CANONICAL,CIRCULAR,GOOD_EXT,UNAMBIGUOUS_BP"
"426","12",110528191,110528343,"hsa_circ_002383",3,"+",1,3,5,5,"my_test_sample",3,1,0,1,"GTAG",NA,"ANCHOR_UNIQUE,CANONICAL,CIRCULAR,GOOD_EXT,UNAMBIGUOUS_BP"
"427","5",19239549,19239829,"hsa_circ_002387",2,"+",2,2,40,40,"my_test_sample",2,1,0,1,"GTAG",NA,"ANCHOR_UNIQUE,CANONICAL,CIRCULAR,GOOD_EXT,UNAMBIGUOUS_BP"
"428","18",60833939,60834260,"hsa_circ_002394",2,"-",2,2,40,5,"my_test_sample",2,1,0,1,"GTAG",NA,"ANCHOR_UNIQUE,CANONICAL,CIRCULAR,GOOD_EXT,UNAMBIGUOUS_BP"
"429","11",75653741,75653917,"hsa_circ_002398",2,"+",1,2,40,5,"my_test_sample",2,2,0,1,"GTAG",NA,"ANCHOR_UNIQUE,CANONICAL,CIRCULAR,OK_EXT,UNAMBIGUOUS_BP"
"430","1",2651483,2651684,"hsa_circ_002410",2,"+",2,2,5,37,"my_test_sample",2,0,0,1,"GTAG",NA,"ANCHOR_UNIQUE,CANONICAL,CIRCULAR,PERFECT_EXT,UNAMBIGUOUS_BP"
"431","21",36257669,36257922,"hsa_circ_002411",2,"+",2,2,3,5,"my_test_sample",2,0,0,1,"GTAG",NA,"ANCHOR_UNIQUE,CANONICAL,CIRCULAR,PERFECT_EXT,UNAMBIGUOUS_BP"
"432","22",26206290,26206447,"hsa_circ_002412",2,"-",1,2,5,40,"my_test_sample",2,1,0,1,"GTAG",NA,"ANCHOR_UNIQUE,CANONICAL,CIRCULAR,GOOD_EXT,UNAMBIGUOUS_BP"
"433","19",24190505,24190676,"hsa_circ_002413",4,"-",2,4,5,5,"my_test_sample",4,0,0,1,"GTAG",NA,"ANCHOR_UNIQUE,CANONICAL,CIRCULAR,PERFECT_EXT,UNAMBIGUOUS_BP"
"434","19",51180660,51181531,"hsa_circ_002418",2,"-",1,2,5,40,"my_test_sample",2,0,0,1,"GTAG",NA,"ANCHOR_UNIQUE,CANONICAL,CIRCULAR,PERFECT_EXT,UNAMBIGUOUS_BP"
"435","12",48776389,48776566,"hsa_circ_002423",2,"-",2,2,40,37,"my_test_sample",2,0,0,1,"GTAG",NA,"ANCHOR_UNIQUE,CANONICAL,CIRCULAR,PERFECT_EXT,UNAMBIGUOUS_BP"
"436","16",23652259,23652408,"hsa_circ_002426",2,"-",1,2,40,40,"my_test_sample",2,0,0,1,"GTAG",NA,"ANCHOR_UNIQUE,CANONICAL,CIRCULAR,PERFECT_EXT,UNAMBIGUOUS_BP"
"437","20",39265415,39265583,"hsa_circ_002431",2,"+",1,2,40,5,"my_test_sample",2,1,0,1,"GTAG",NA,"ANCHOR_UNIQUE,CANONICAL,CIRCULAR,GOOD_EXT,UNAMBIGUOUS_BP"
"438","1",153305882,153306082,"hsa_circ_002435",2,"+",1,2,40,5,"my_test_sample",2,0,0,1,"GTAG",NA,"ANCHOR_UNIQUE,CANONICAL,CIRCULAR,PERFECT_EXT,UNAMBIGUOUS_BP"
"439","8",26614424,26614579,"hsa_circ_002445",2,"+",2,2,5,40,"my_test_sample",2,0,0,1,"GTAG",NA,"ANCHOR_UNIQUE,CANONICAL,CIRCULAR,PERFECT_EXT,UNAMBIGUOUS_BP"
"440","20",20354633,20354810,"hsa_circ_002446",2,"+",1,2,5,5,"my_test_sample",2,2,0,1,"GTAG",NA,"ANCHOR_UNIQUE,CANONICAL,CIRCULAR,OK_EXT,UNAMBIGUOUS_BP"
"441","5",3280942,3281105,"hsa_circ_002448",2,"+",1,2,40,40,"my_test_sample",2,0,0,1,"GTAG",NA,"ANCHOR_UNIQUE,CANONICAL,CIRCULAR,PERFECT_EXT,UNAMBIGUOUS_BP"
"442","1",96107080,96107251,"hsa_circ_002458",2,"+",1,2,40,5,"my_test_sample",2,1,0,1,"GTAG",NA,"ANCHOR_UNIQUE,CANONICAL,CIRCULAR,GOOD_EXT,UNAMBIGUOUS_BP"
"443","3",46366037,46366190,"hsa_circ_002459",2,"+",2,2,35,5,"my_test_sample",2,0,0,1,"GTAG",NA,"ANCHOR_UNIQUE,CANONICAL,CIRCULAR,PERFECT_EXT,UNAMBIGUOUS_BP"
"444","6",39692911,39693103,"hsa_circ_002462",3,"-",1,3,5,40,"my_test_sample",3,2,0,1,"GTAG",NA,"ANCHOR_UNIQUE,CANONICAL,CIRCULAR,OK_EXT,UNAMBIGUOUS_BP"
"445","11",115531035,115531306,"hsa_circ_002469",2,"+",2,2,40,40,"my_test_sample",2,0,0,1,"GTAG",NA,"ANCHOR_UNIQUE,CANONICAL,CIRCULAR,PERFECT_EXT,UNAMBIGUOUS_BP"
"446","22",44457040,44457283,"hsa_circ_002470",4,"-",1,4,5,40,"my_test_sample",4,2,0,1,"GTAG",NA,"ANCHOR_UNIQUE,CANONICAL,CIRCULAR,OK_EXT,UNAMBIGUOUS_BP"
"447","22",35050160,35050388,"hsa_circ_002474",2,"-",2,1,4,4,"my_test_sample",2,0,0,1,"GTAG",NA,"ANCHOR_UNIQUE,CANONICAL,CIRCULAR,PERFECT_EXT,UNAMBIGUOUS_BP"
"448","17",5732445,5732602,"hsa_circ_002491",2,"+",1,2,5,40,"my_test_sample",2,1,0,1,"GTAG",NA,"ANCHOR_UNIQUE,CANONICAL,CIRCULAR,GOOD_EXT,UNAMBIGUOUS_BP"
"449","6",151251128,151251302,"hsa_circ_002494",2,"+",2,2,40,37,"my_test_sample",2,2,0,1,"GTAG",NA,"ANCHOR_UNIQUE,CANONICAL,CIRCULAR,OK_EXT,UNAMBIGUOUS_BP"
"450","14",94677323,94677544,"hsa_circ_002496",4,"+",1,4,5,5,"my_test_sample",4,1,0,1,"GTAG",NA,"ANCHOR_UNIQUE,CANONICAL,CIRCULAR,GOOD_EXT,UNAMBIGUOUS_BP"
"451","17",80313607,80313775,"hsa_circ_002498",3,"+",2,3,5,5,"my_test_sample",3,0,0,1,"GTAG",NA,"ANCHOR_UNIQUE,CANONICAL,CIRCULAR,PERFECT_EXT,UNAMBIGUOUS_BP"
"452","2",178740119,178740331,"hsa_circ_002503",2,"-",1,2,5,5,"my_test_sample",2,1,0,1,"GTAG",NA,"ANCHOR_UNIQUE,CANONICAL,CIRCULAR,GOOD_EXT,UNAMBIGUOUS_BP"
"453","4",27780069,27780221,"hsa_circ_002507",2,"+",1,2,5,40,"my_test_sample",2,2,0,1,"GTAG",NA,"ANCHOR_UNIQUE,CANONICAL,CIRCULAR,OK_EXT,UNAMBIGUOUS_BP"
"454","1",62072185,62072478,"hsa_circ_002518",2,"-",2,2,40,40,"my_test_sample",2,2,0,1,"GTAG",NA,"ANCHOR_UNIQUE,CANONICAL,CIRCULAR,OK_EXT,UNAMBIGUOUS_BP"
"455","18",79832523,79832705,"hsa_circ_002527",2,"-",1,2,5,40,"my_test_sample",2,1,0,1,"GTAG",NA,"ANCHOR_UNIQUE,CANONICAL,CIRCULAR,GOOD_EXT,UNAMBIGUOUS_BP"
"456","4",166314115,166314281,"hsa_circ_002533",2,"+",1,2,5,5,"my_test_sample",2,1,0,1,"GTAG",NA,"ANCHOR_UNIQUE,CANONICAL,CIRCULAR,GOOD_EXT,UNAMBIGUOUS_BP"
"457","1",163200300,163200514,"hsa_circ_002536",2,"+",1,2,5,5,"my_test_sample",2,1,0,1,"GTAG",NA,"ANCHOR_UNIQUE,CANONICAL,CIRCULAR,GOOD_EXT,UNAMBIGUOUS_BP"
"458","18",36745947,36746136,"hsa_circ_002539",2,"-",2,2,40,37,"my_test_sample",2,1,0,1,"GTAG",NA,"ANCHOR_UNIQUE,CANONICAL,CIRCULAR,GOOD_EXT,UNAMBIGUOUS_BP"
"459","12",128647426,128648602,"hsa_circ_002540",2,"-",2,1,5,5,"my_test_sample",2,1,0,1,"GTAG",NA,"ANCHOR_UNIQUE,CANONICAL,CIRCULAR,GOOD_EXT,UNAMBIGUOUS_BP"
"460","7",123727575,123727738,"hsa_circ_002542",2,"+",2,2,5,40,"my_test_sample",2,1,0,1,"GTAG",NA,"ANCHOR_UNIQUE,CANONICAL,CIRCULAR,GOOD_EXT,UNAMBIGUOUS_BP"
"461","5",160562287,160562475,"hsa_circ_002547",4,"-",1,4,40,5,"my_test_sample",4,1,0,1,"GTAG",NA,"ANCHOR_UNIQUE,CANONICAL,CIRCULAR,GOOD_EXT,UNAMBIGUOUS_BP"
"462","6",166416041,166416236,"hsa_circ_002556",2,"-",1,2,5,5,"my_test_sample",2,0,0,1,"GTAG",NA,"ANCHOR_UNIQUE,CANONICAL,CIRCULAR,PERFECT_EXT,UNAMBIGUOUS_BP"
"463","X",64905170,64905390,"hsa_circ_002560",2,"+",1,2,40,40,"my_test_sample",2,1,0,1,"GTAG",NA,"ANCHOR_UNIQUE,CANONICAL,CIRCULAR,GOOD_EXT,UNAMBIGUOUS_BP"
"464","2",206240174,206240377,"hsa_circ_002561",2,"-",1,2,5,40,"my_test_sample",2,2,0,1,"GTAG",NA,"ANCHOR_UNIQUE,CANONICAL,CIRCULAR,OK_EXT,UNAMBIGUOUS_BP"
"465","7",117283866,117284042,"hsa_circ_002562",2,"+",1,2,40,5,"my_test_sample",2,2,0,1,"GTAG",NA,"ANCHOR_UNIQUE,CANONICAL,CIRCULAR,OK_EXT,UNAMBIGUOUS_BP"
"466","15",98486782,98486949,"hsa_circ_002571",2,"+",1,2,5,40,"my_test_sample",2,0,0,1,"GTAG",NA,"ANCHOR_UNIQUE,CANONICAL,CIRCULAR,PERFECT_EXT,UNAMBIGUOUS_BP"
"467","19",727304,727454,"hsa_circ_002575",2,"-",1,2,5,5,"my_test_sample",2,2,0,1,"GTAG",NA,"ANCHOR_UNIQUE,CANONICAL,CIRCULAR,OK_EXT,UNAMBIGUOUS_BP"
"468","X",30801770,30802006,"hsa_circ_002576",3,"-",1,3,5,5,"my_test_sample",3,2,0,1,"GTAG",NA,"ANCHOR_UNIQUE,CANONICAL,CIRCULAR,OK_EXT,UNAMBIGUOUS_BP"
"469","6",157627099,157627384,"hsa_circ_002579",3,"-",1,3,40,40,"my_test_sample",3,1,0,1,"GTAG",NA,"ANCHOR_UNIQUE,CANONICAL,CIRCULAR,GOOD_EXT,UNAMBIGUOUS_BP"
"470","1",227572869,227573039,"hsa_circ_002583",2,"+",1,2,5,5,"my_test_sample",2,0,0,1,"GTAG",NA,"ANCHOR_UNIQUE,CANONICAL,CIRCULAR,PERFECT_EXT,UNAMBIGUOUS_BP"
"471","7",4147592,4148144,"hsa_circ_002584",2,"-",1,2,5,5,"my_test_sample",2,1,0,1,"GTAG",NA,"ANCHOR_UNIQUE,CANONICAL,CIRCULAR,GOOD_EXT,UNAMBIGUOUS_BP"
"472","2",127639022,127639197,"hsa_circ_002588",5,"+",4,5,40,40,"my_test_sample",5,0,0,1,"GTAG",NA,"ANCHOR_UNIQUE,CANONICAL,CIRCULAR,PERFECT_EXT,UNAMBIGUOUS_BP"
"473","5",81696193,81696467,"hsa_circ_002603",2,"-",1,2,40,5,"my_test_sample",2,2,0,1,"GTAG",NA,"ANCHOR_UNIQUE,CANONICAL,CIRCULAR,OK_EXT,UNAMBIGUOUS_BP"
"474","1",114047655,114047913,"hsa_circ_002608",2,"-",2,2,40,40,"my_test_sample",2,1,0,1,"GTAG",NA,"ANCHOR_UNIQUE,CANONICAL,CIRCULAR,GOOD_EXT,UNAMBIGUOUS_BP"
"475","12",132071596,132071766,"hsa_circ_002611",5,"-",5,4,40,40,"my_test_sample",5,1,0,1,"GTAG",NA,"ANCHOR_UNIQUE,CANONICAL,CIRCULAR,GOOD_EXT,UNAMBIGUOUS_BP"
"476","15",33791788,33791969,"hsa_circ_002614",2,"+",1,2,5,5,"my_test_sample",2,0,0,1,"GTAG",NA,"ANCHOR_UNIQUE,CANONICAL,CIRCULAR,PERFECT_EXT,UNAMBIGUOUS_BP"
"477","6",96176040,96176204,"hsa_circ_002620",2,"+",1,2,5,40,"my_test_sample",2,2,0,1,"GTAG",NA,"ANCHOR_UNIQUE,CANONICAL,CIRCULAR,OK_EXT,UNAMBIGUOUS_BP"
"478","15",64862149,64862423,"hsa_circ_002628",2,"+",2,1,3,40,"my_test_sample",2,0,0,1,"GTAG",NA,"ANCHOR_UNIQUE,CANONICAL,CIRCULAR,PERFECT_EXT,UNAMBIGUOUS_BP"
"479","19",56390230,56391000,"hsa_circ_002636",2,"+",1,2,35,5,"my_test_sample",2,2,0,1,"GTAG",NA,"ANCHOR_UNIQUE,CANONICAL,CIRCULAR,OK_EXT,UNAMBIGUOUS_BP"
"480","X",17826262,17826472,"hsa_circ_002646",3,"+",1,3,5,5,"my_test_sample",3,0,0,1,"GTAG",NA,"ANCHOR_UNIQUE,CANONICAL,CIRCULAR,PERFECT_EXT,UNAMBIGUOUS_BP"
"481","2",76843009,76843239,"hsa_circ_002648",2,"+",1,2,40,5,"my_test_sample",2,2,0,1,"GTAG",NA,"ANCHOR_UNIQUE,CANONICAL,CIRCULAR,OK_EXT,UNAMBIGUOUS_BP"
"482","5",12447004,12447261,"hsa_circ_002651",5,"-",2,5,5,40,"my_test_sample",5,2,0,1,"GTAG",NA,"ANCHOR_UNIQUE,CANONICAL,CIRCULAR,OK_EXT,UNAMBIGUOUS_BP"
"483","6",49007600,49007781,"hsa_circ_002658",2,"-",1,2,40,5,"my_test_sample",2,1,0,1,"GTAG",NA,"ANCHOR_UNIQUE,CANONICAL,CIRCULAR,GOOD_EXT,UNAMBIGUOUS_BP"
"484","22",38615985,38616140,"hsa_circ_002659",2,"+",1,2,5,5,"my_test_sample",2,0,0,1,"GTAG",NA,"ANCHOR_UNIQUE,CANONICAL,CIRCULAR,PERFECT_EXT,UNAMBIGUOUS_BP"
"485","16",29009098,29009278,"hsa_circ_002666",2,"-",1,2,5,40,"my_test_sample",2,1,0,1,"GTAG",NA,"ANCHOR_UNIQUE,CANONICAL,CIRCULAR,GOOD_EXT,UNAMBIGUOUS_BP"
"486","16",85317924,85318082,"hsa_circ_002667",2,"+",1,2,40,40,"my_test_sample",2,0,0,1,"GTAG",NA,"ANCHOR_UNIQUE,CANONICAL,CIRCULAR,PERFECT_EXT,UNAMBIGUOUS_BP"
"487","1",188397304,188397457,"hsa_circ_002672",2,"+",1,2,5,5,"my_test_sample",2,1,0,1,"GTAG",NA,"ANCHOR_UNIQUE,CANONICAL,CIRCULAR,GOOD_EXT,UNAMBIGUOUS_BP"
"488","2",239565687,239565925,"hsa_circ_002679",2,"+",2,2,5,40,"my_test_sample",2,1,0,1,"GTAG",NA,"ANCHOR_UNIQUE,CANONICAL,CIRCULAR,GOOD_EXT,UNAMBIGUOUS_BP"
"489","6",138963278,138963443,"hsa_circ_002683",3,"-",1,3,5,5,"my_test_sample",3,0,1,1,"GTAG",NA,"ANCHOR_UNIQUE,CANONICAL,CIRCULAR,GOOD_EXT,UNAMBIGUOUS_BP"
"490","8",128163773,128163945,"hsa_circ_002692",2,"-",2,2,40,5,"my_test_sample",2,1,0,1,"GTAG",NA,"ANCHOR_UNIQUE,CANONICAL,CIRCULAR,GOOD_EXT,UNAMBIGUOUS_BP"
"491","18",7249219,7249418,"hsa_circ_002695",2,"+",1,2,40,40,"my_test_sample",2,1,0,1,"GTAG",NA,"ANCHOR_UNIQUE,CANONICAL,CIRCULAR,GOOD_EXT,UNAMBIGUOUS_BP"
"492","14",99765268,99765456,"hsa_circ_002698",2,"+",1,2,5,5,"my_test_sample",2,1,0,1,"GTAG",NA,"ANCHOR_UNIQUE,CANONICAL,CIRCULAR,GOOD_EXT,UNAMBIGUOUS_BP"
"493","7",4130468,4130632,"hsa_circ_002699",3,"+",3,3,40,40,"my_test_sample",3,1,0,1,"GTAG",NA,"ANCHOR_UNIQUE,CANONICAL,CIRCULAR,GOOD_EXT,UNAMBIGUOUS_BP"
"494","19",35859500,35859699,"hsa_circ_002700",2,"-",1,2,40,5,"my_test_sample",2,2,0,1,"GTAG",NA,"ANCHOR_UNIQUE,CANONICAL,CIRCULAR,OK_EXT,UNAMBIGUOUS_BP"
"495","16",89991908,89992061,"hsa_circ_002705",2,"+",1,2,5,40,"my_test_sample",2,1,0,1,"GTAG",NA,"ANCHOR_UNIQUE,CANONICAL,CIRCULAR,GOOD_EXT,UNAMBIGUOUS_BP"
"496","3",43013472,43013678,"hsa_circ_002714",3,"+",2,3,40,5,"my_test_sample",3,1,0,1,"GTAG",NA,"ANCHOR_UNIQUE,CANONICAL,CIRCULAR,GOOD_EXT,UNAMBIGUOUS_BP"
"497","1",175372090,175372243,"hsa_circ_002715",2,"-",1,2,5,40,"my_test_sample",2,0,0,1,"GTAG",NA,"ANCHOR_UNIQUE,CANONICAL,CIRCULAR,PERFECT_EXT,UNAMBIGUOUS_BP"
"498","1",152632870,152633032,"hsa_circ_002721",3,"-",2,2,4,5,"my_test_sample",3,1,0,1,"GTAG",NA,"ANCHOR_UNIQUE,CANONICAL,CIRCULAR,GOOD_EXT,UNAMBIGUOUS_BP"
"499","19",3736961,3737128,"hsa_circ_002735",2,"-",1,2,5,5,"my_test_sample",2,0,0,1,"GTAG",NA,"ANCHOR_UNIQUE,CANONICAL,CIRCULAR,PERFECT_EXT,UNAMBIGUOUS_BP"
"500","12",47715810,47716152,"hsa_circ_002736",2,"-",2,2,40,40,"my_test_sample",2,0,0,1,"GTAG",NA,"ANCHOR_UNIQUE,CANONICAL,CIRCULAR,PERFECT_EXT,UNAMBIGUOUS_BP"
"501","6",2999496,2999657,"hsa_circ_002738",3,"+",2,3,5,40,"my_test_sample",3,1,0,1,"GTAG",NA,"ANCHOR_UNIQUE,CANONICAL,CIRCULAR,GOOD_EXT,UNAMBIGUOUS_BP"
"502","21",30386860,30387021,"hsa_circ_002740",2,"+",1,2,5,40,"my_test_sample",2,0,0,1,"GTAG",NA,"ANCHOR_UNIQUE,CANONICAL,CIRCULAR,PERFECT_EXT,UNAMBIGUOUS_BP"
"503","10",7686991,7687172,"hsa_circ_002742",2,"-",1,2,40,40,"my_test_sample",2,2,0,1,"GTAG",NA,"ANCHOR_UNIQUE,CANONICAL,CIRCULAR,OK_EXT,UNAMBIGUOUS_BP"
"504","2",200452981,200453144,"hsa_circ_002743",2,"+",1,2,5,40,"my_test_sample",2,2,0,1,"GTAG",NA,"ANCHOR_UNIQUE,CANONICAL,CIRCULAR,OK_EXT,UNAMBIGUOUS_BP"
"505","15",25086275,25089678,"hsa_circ_002748",2,"-",1,2,5,5,"my_test_sample",2,2,0,1,"GTAG",NA,"ANCHOR_UNIQUE,CANONICAL,CIRCULAR,OK_EXT,UNAMBIGUOUS_BP"
"506","2",62922571,62922740,"hsa_circ_002749",4,"+",2,4,5,40,"my_test_sample",4,0,0,1,"GTAG",NA,"ANCHOR_UNIQUE,CANONICAL,CIRCULAR,PERFECT_EXT,UNAMBIGUOUS_BP"
"507","8",116459550,116459810,"hsa_circ_002754",2,"-",2,2,5,3,"my_test_sample",2,0,0,1,"GTAG",NA,"ANCHOR_UNIQUE,CANONICAL,CIRCULAR,PERFECT_EXT,UNAMBIGUOUS_BP"
"508","22",31629252,31629348,"hsa_circ_002759",2,"+",2,2,5,40,"my_test_sample",2,0,0,1,"GTAG",NA,"ANCHOR_UNIQUE,CANONICAL,CIRCULAR,PERFECT_EXT,UNAMBIGUOUS_BP"
"509","12",61646223,61646444,"hsa_circ_002767",2,"-",2,2,40,40,"my_test_sample",2,2,0,1,"GTAG",NA,"ANCHOR_UNIQUE,CANONICAL,CIRCULAR,OK_EXT,UNAMBIGUOUS_BP"
"510","16",27519056,27519215,"hsa_circ_002771",2,"+",1,2,5,5,"my_test_sample",2,1,0,1,"GTAG",NA,"ANCHOR_UNIQUE,CANONICAL,CIRCULAR,GOOD_EXT,UNAMBIGUOUS_BP"
"511","4",9491102,9493258,"hsa_circ_002772",2,"-",2,1,5,5,"my_test_sample",2,2,0,1,"GTAG",NA,"ANCHOR_UNIQUE,CANONICAL,CIRCULAR,OK_EXT,UNAMBIGUOUS_BP"
"512","14",81491099,81491459,"hsa_circ_002773",4,"+",4,4,40,40,"my_test_sample",4,0,0,1,"GTAG",NA,"ANCHOR_UNIQUE,CANONICAL,CIRCULAR,PERFECT_EXT,UNAMBIGUOUS_BP"
"513","X",132735429,132735584,"hsa_circ_002785",2,"+",1,2,40,40,"my_test_sample",2,1,0,1,"GTAG",NA,"ANCHOR_UNIQUE,CANONICAL,CIRCULAR,GOOD_EXT,UNAMBIGUOUS_BP"
"514","X",106610563,106610721,"hsa_circ_002797",2,"-",1,2,5,40,"my_test_sample",2,0,0,1,"GTAG",NA,"ANCHOR_UNIQUE,CANONICAL,CIRCULAR,PERFECT_EXT,UNAMBIGUOUS_BP"
"515","12",48859649,48859815,"hsa_circ_002803",3,"+",3,3,40,5,"my_test_sample",3,0,0,1,"GTAG",NA,"ANCHOR_UNIQUE,CANONICAL,CIRCULAR,PERFECT_EXT,UNAMBIGUOUS_BP"
"516","7",412046,412224,"hsa_circ_002804",2,"+",1,2,3,40,"my_test_sample",2,0,0,1,"GTAG",NA,"ANCHOR_UNIQUE,CANONICAL,CIRCULAR,PERFECT_EXT,UNAMBIGUOUS_BP"
"517","8",48276508,48276658,"hsa_circ_002808",2,"-",2,2,5,40,"my_test_sample",2,1,0,1,"GTAG",NA,"ANCHOR_UNIQUE,CANONICAL,CIRCULAR,GOOD_EXT,UNAMBIGUOUS_BP"
"518","11",116808521,116808739,"hsa_circ_002809",2,"+",1,2,40,5,"my_test_sample",2,0,2,1,"GTAG",NA,"ANCHOR_UNIQUE,CANONICAL,CIRCULAR,OK_EXT,UNAMBIGUOUS_BP"
"519","19",51083907,51084095,"hsa_circ_002817",3,"+",2,3,36,5,"my_test_sample",3,1,0,1,"GTAG",NA,"ANCHOR_UNIQUE,CANONICAL,CIRCULAR,GOOD_EXT,UNAMBIGUOUS_BP"
"520","2",127677438,127677604,"hsa_circ_002818",2,"+",1,2,5,40,"my_test_sample",2,0,0,1,"GTAG",NA,"ANCHOR_UNIQUE,CANONICAL,CIRCULAR,PERFECT_EXT,UNAMBIGUOUS_BP"
"521","12",40484802,40484982,"hsa_circ_002819",2,"+",2,1,5,5,"my_test_sample",2,1,0,1,"GTAG",NA,"ANCHOR_UNIQUE,CANONICAL,CIRCULAR,GOOD_EXT,UNAMBIGUOUS_BP"
"522","13",113980178,113980421,"hsa_circ_002821",2,"-",2,1,5,40,"my_test_sample",2,0,0,1,"GTAG",NA,"ANCHOR_UNIQUE,CANONICAL,CIRCULAR,PERFECT_EXT,UNAMBIGUOUS_BP"
"523","2",18802789,18802944,"hsa_circ_002826",5,"+",1,5,40,5,"my_test_sample",5,1,0,1,"GTAG",NA,"ANCHOR_UNIQUE,CANONICAL,CIRCULAR,GOOD_EXT,UNAMBIGUOUS_BP"
"524","8",109737766,109737928,"hsa_circ_002831",2,"+",1,2,5,5,"my_test_sample",2,0,0,1,"GTAG",NA,"ANCHOR_UNIQUE,CANONICAL,CIRCULAR,PERFECT_EXT,UNAMBIGUOUS_BP"
"525","22",50769502,50769724,"hsa_circ_002837",2,"+",2,2,40,5,"my_test_sample",2,0,0,1,"GTAG",NA,"ANCHOR_UNIQUE,CANONICAL,CIRCULAR,PERFECT_EXT,UNAMBIGUOUS_BP"
"526","9",33107105,33107328,"hsa_circ_002839",3,"-",1,3,5,40,"my_test_sample",3,0,0,1,"GTAG",NA,"ANCHOR_UNIQUE,CANONICAL,CIRCULAR,PERFECT_EXT,UNAMBIGUOUS_BP"
"527","22",21828211,21828429,"hsa_circ_002842",3,"+",1,3,5,40,"my_test_sample",3,1,0,1,"GTAG",NA,"ANCHOR_UNIQUE,CANONICAL,CIRCULAR,GOOD_EXT,UNAMBIGUOUS_BP"
"528","7",64604430,64604643,"hsa_circ_002851",2,"+",1,2,5,35,"my_test_sample",2,1,0,1,"GTAG",NA,"ANCHOR_UNIQUE,CANONICAL,CIRCULAR,GOOD_EXT,UNAMBIGUOUS_BP"
"529","5",139910922,139911088,"hsa_circ_002865",3,"-",1,3,5,5,"my_test_sample",3,1,0,1,"GTAG",NA,"ANCHOR_UNIQUE,CANONICAL,CIRCULAR,GOOD_EXT,UNAMBIGUOUS_BP"
"530","19",38486766,38487040,"hsa_circ_002869",3,"-",1,3,40,5,"my_test_sample",3,1,0,1,"GTAG",NA,"ANCHOR_UNIQUE,CANONICAL,CIRCULAR,GOOD_EXT,UNAMBIGUOUS_BP"
"531","12",69504942,69505107,"hsa_circ_002874",2,"-",2,2,5,40,"my_test_sample",2,1,0,1,"GTAG",NA,"ANCHOR_UNIQUE,CANONICAL,CIRCULAR,GOOD_EXT,UNAMBIGUOUS_BP"
"532","7",124044976,124045205,"hsa_circ_002876",2,"-",2,2,40,5,"my_test_sample",2,0,0,1,"GTAG",NA,"ANCHOR_UNIQUE,CANONICAL,CIRCULAR,PERFECT_EXT,UNAMBIGUOUS_BP"
"533","20",41450764,41450965,"hsa_circ_002877",2,"+",1,2,5,40,"my_test_sample",2,0,0,1,"GTAG",NA,"ANCHOR_UNIQUE,CANONICAL,CIRCULAR,PERFECT_EXT,UNAMBIGUOUS_BP"
"534","1",44597563,44597762,"hsa_circ_002885",3,"-",2,3,5,40,"my_test_sample",3,0,0,1,"GTAG",NA,"ANCHOR_UNIQUE,CANONICAL,CIRCULAR,PERFECT_EXT,UNAMBIGUOUS_BP"
"535","15",100717759,100718091,"hsa_circ_002894",2,"+",1,2,40,40,"my_test_sample",2,0,0,1,"GTAG",NA,"ANCHOR_UNIQUE,CANONICAL,CIRCULAR,PERFECT_EXT,UNAMBIGUOUS_BP"
"536","16",1394364,1394570,"hsa_circ_002910",2,"-",1,2,40,40,"my_test_sample",2,2,0,1,"GTAG",NA,"ANCHOR_UNIQUE,CANONICAL,CIRCULAR,OK_EXT,UNAMBIGUOUS_BP"
"537","3",132790909,132791162,"hsa_circ_002925",2,"-",2,2,5,5,"my_test_sample",2,0,0,1,"GTAG",NA,"ANCHOR_UNIQUE,CANONICAL,CIRCULAR,PERFECT_EXT,UNAMBIGUOUS_BP"
"538","18",38436001,38436152,"hsa_circ_002929",2,"+",2,1,5,3,"my_test_sample",2,1,0,1,"GTAG",NA,"ANCHOR_UNIQUE,CANONICAL,CIRCULAR,GOOD_EXT,UNAMBIGUOUS_BP"
"539","19",20906167,20906356,"hsa_circ_002938",2,"-",2,1,5,5,"my_test_sample",2,0,0,1,"GTAG",NA,"ANCHOR_UNIQUE,CANONICAL,CIRCULAR,PERFECT_EXT,UNAMBIGUOUS_BP"
"540","3",124113585,124113758,"hsa_circ_002946",4,"-",1,4,40,5,"my_test_sample",4,0,0,1,"GTAG",NA,"ANCHOR_UNIQUE,CANONICAL,CIRCULAR,PERFECT_EXT,UNAMBIGUOUS_BP"
"541","18",12087337,12087588,"hsa_circ_002950",3,"-",3,3,5,5,"my_test_sample",3,0,0,1,"GTAG",NA,"ANCHOR_UNIQUE,CANONICAL,CIRCULAR,PERFECT_EXT,UNAMBIGUOUS_BP"
"542","3",54891626,54891834,"hsa_circ_002952",2,"-",2,2,5,40,"my_test_sample",2,0,0,1,"GTAG",NA,"ANCHOR_UNIQUE,CANONICAL,CIRCULAR,PERFECT_EXT,UNAMBIGUOUS_BP"
"543","6",7914683,7914857,"hsa_circ_002953",2,"-",1,2,40,5,"my_test_sample",2,1,0,1,"GTAG",NA,"ANCHOR_UNIQUE,CANONICAL,CIRCULAR,GOOD_EXT,UNAMBIGUOUS_BP"
"544","11",1251240,1251414,"hsa_circ_002954",3,"-",1,3,5,40,"my_test_sample",3,0,0,1,"GTAG",NA,"ANCHOR_UNIQUE,CANONICAL,CIRCULAR,PERFECT_EXT,UNAMBIGUOUS_BP"
"545","12",2255799,2255949,"hsa_circ_002970",2,"-",2,1,5,3,"my_test_sample",2,2,0,1,"GTAG",NA,"ANCHOR_UNIQUE,CANONICAL,CIRCULAR,OK_EXT,UNAMBIGUOUS_BP"
"546","6",169314948,169315128,"hsa_circ_002976",3,"-",2,2,5,5,"my_test_sample",3,2,0,1,"GTAG",NA,"ANCHOR_UNIQUE,CANONICAL,CIRCULAR,OK_EXT,UNAMBIGUOUS_BP"
"547","5",74620373,74620570,"hsa_circ_002980",2,"+",2,2,5,40,"my_test_sample",2,0,0,1,"GTAG",NA,"ANCHOR_UNIQUE,CANONICAL,CIRCULAR,PERFECT_EXT,UNAMBIGUOUS_BP"
"548","15",84764046,84764216,"hsa_circ_002984",2,"-",1,2,5,5,"my_test_sample",2,1,0,1,"GTAG",NA,"ANCHOR_UNIQUE,CANONICAL,CIRCULAR,GOOD_EXT,UNAMBIGUOUS_BP"
"549","1",59827467,59827639,"hsa_circ_002987",2,"+",1,2,40,5,"my_test_sample",2,1,1,1,"GTAG",NA,"ANCHOR_UNIQUE,CANONICAL,CIRCULAR,GOOD_EXT,UNAMBIGUOUS_BP"
"550","12",34353429,34353619,"hsa_circ_002989",2,"+",2,2,5,40,"my_test_sample",2,1,0,1,"GTAG",NA,"ANCHOR_UNIQUE,CANONICAL,CIRCULAR,GOOD_EXT,UNAMBIGUOUS_BP"
"551","5",153531107,153531267,"hsa_circ_002992",5,"+",4,5,40,35,"my_test_sample",5,0,0,1,"GTAG",NA,"ANCHOR_UNIQUE,CANONICAL,CIRCULAR,PERFECT_EXT,UNAMBIGUOUS_BP"
"552","12",52528834,52529070,"hsa_circ_002993",2,"-",1,2,40,35,"my_test_sample",2,2,0,1,"GTAG",NA,"ANCHOR_UNIQUE,CANONICAL,CIRCULAR,OK_EXT,UNAMBIGUOUS_BP"
"553","1",174131732,174131891,"hsa_circ_002995",2,"-",1,2,5,40,"my_test_sample",2,0,0,1,"GTAG",NA,"ANCHOR_UNIQUE,CANONICAL,CIRCULAR,PERFECT_EXT,UNAMBIGUOUS_BP"
"554","1",204461590,204461794,"hsa_circ_003004",2,"+",1,2,35,5,"my_test_sample",2,0,0,1,"GTAG",NA,"ANCHOR_UNIQUE,CANONICAL,CIRCULAR,PERFECT_EXT,UNAMBIGUOUS_BP"
"555","17",56732784,56732998,"hsa_circ_003010",2,"+",1,2,5,5,"my_test_sample",2,0,0,1,"GTAG",NA,"ANCHOR_UNIQUE,CANONICAL,CIRCULAR,PERFECT_EXT,UNAMBIGUOUS_BP"
"556","10",132698822,132699550,"hsa_circ_003011",2,"+",1,2,40,5,"my_test_sample",2,1,0,1,"GTAG",NA,"ANCHOR_UNIQUE,CANONICAL,CIRCULAR,GOOD_EXT,UNAMBIGUOUS_BP"
"557","17",225612,225901,"hsa_circ_003017",2,"+",1,2,40,5,"my_test_sample",2,0,0,1,"GTAG",NA,"ANCHOR_UNIQUE,CANONICAL,CIRCULAR,PERFECT_EXT,UNAMBIGUOUS_BP"
"558","X",58317066,58317237,"hsa_circ_003018",4,"-",2,4,40,40,"my_test_sample",4,1,0,1,"GTAG",NA,"ANCHOR_UNIQUE,CANONICAL,CIRCULAR,GOOD_EXT,UNAMBIGUOUS_BP"
"559","6",148905365,148905519,"hsa_circ_003025",3,"-",1,3,5,5,"my_test_sample",3,2,0,1,"GTAG",NA,"ANCHOR_UNIQUE,CANONICAL,CIRCULAR,OK_EXT,UNAMBIGUOUS_BP"
"560","3",99101380,99101535,"hsa_circ_003037",2,"+",1,2,40,5,"my_test_sample",2,2,0,1,"GTAG",NA,"ANCHOR_UNIQUE,CANONICAL,CIRCULAR,OK_EXT,UNAMBIGUOUS_BP"
"561","3",185942813,185943009,"hsa_circ_003041",2,"+",1,2,5,40,"my_test_sample",2,2,0,1,"GTAG",NA,"ANCHOR_UNIQUE,CANONICAL,CIRCULAR,OK_EXT,UNAMBIGUOUS_BP"
"562","6",40890430,40890638,"hsa_circ_003053",3,"-",2,2,5,40,"my_test_sample",3,0,0,1,"GTAG",NA,"ANCHOR_UNIQUE,CANONICAL,CIRCULAR,PERFECT_EXT,UNAMBIGUOUS_BP"
"563","3",155494140,155494337,"hsa_circ_003059",2,"-",1,2,5,40,"my_test_sample",2,0,0,1,"GTAG",NA,"ANCHOR_UNIQUE,CANONICAL,CIRCULAR,PERFECT_EXT,UNAMBIGUOUS_BP"
"564","8",141404001,141404155,"hsa_circ_003063",2,"-",1,2,40,5,"my_test_sample",2,0,0,1,"GTAG",NA,"ANCHOR_UNIQUE,CANONICAL,CIRCULAR,PERFECT_EXT,UNAMBIGUOUS_BP"
"565","1",201209214,201209427,"hsa_circ_003064",2,"+",1,2,36,5,"my_test_sample",2,0,2,1,"GTAG",NA,"ANCHOR_UNIQUE,CANONICAL,CIRCULAR,OK_EXT,UNAMBIGUOUS_BP"
"566","19",17082165,17082334,"hsa_circ_003066",3,"-",3,3,37,5,"my_test_sample",3,0,0,1,"GTAG",NA,"ANCHOR_UNIQUE,CANONICAL,CIRCULAR,PERFECT_EXT,UNAMBIGUOUS_BP"
"567","15",99650255,99650518,"hsa_circ_003070",2,"-",1,2,40,4,"my_test_sample",2,0,0,1,"GTAG",NA,"ANCHOR_UNIQUE,CANONICAL,CIRCULAR,PERFECT_EXT,UNAMBIGUOUS_BP"
"568","17",14113343,14118966,"hsa_circ_003071",2,"-",1,2,40,40,"my_test_sample",2,2,0,1,"GTAG",NA,"ANCHOR_UNIQUE,CANONICAL,CIRCULAR,OK_EXT,UNAMBIGUOUS_BP"
"569","15",31276787,31276949,"hsa_circ_003072",2,"+",1,2,5,5,"my_test_sample",2,0,0,1,"GTAG",NA,"ANCHOR_UNIQUE,CANONICAL,CIRCULAR,PERFECT_EXT,UNAMBIGUOUS_BP"
"570","3",136333329,136333503,"hsa_circ_003076",6,"-",1,6,40,5,"my_test_sample",6,0,0,1,"GTAG",NA,"ANCHOR_UNIQUE,CANONICAL,CIRCULAR,PERFECT_EXT,UNAMBIGUOUS_BP"
"571","11",66012869,66013144,"hsa_circ_003078",2,"+",1,2,5,5,"my_test_sample",2,1,0,1,"GTAG",NA,"ANCHOR_UNIQUE,CANONICAL,CIRCULAR,GOOD_EXT,UNAMBIGUOUS_BP"
"572","X",53429700,53429876,"hsa_circ_003083",4,"-",2,4,40,40,"my_test_sample",4,1,0,1,"GTAG",NA,"ANCHOR_UNIQUE,CANONICAL,CIRCULAR,GOOD_EXT,UNAMBIGUOUS_BP"
"573","X",47640784,47641028,"hsa_circ_003087",2,"+",1,2,5,40,"my_test_sample",2,0,0,1,"GTAG",NA,"ANCHOR_UNIQUE,CANONICAL,CIRCULAR,PERFECT_EXT,UNAMBIGUOUS_BP"
"574","10",19889966,19890120,"hsa_circ_003091",6,"+",1,6,5,40,"my_test_sample",6,0,0,1,"GTAG",NA,"ANCHOR_UNIQUE,CANONICAL,CIRCULAR,PERFECT_EXT,UNAMBIGUOUS_BP"
"575","17",67525726,67525948,"hsa_circ_003094",2,"+",1,2,5,40,"my_test_sample",2,0,0,1,"GTAG",NA,"ANCHOR_UNIQUE,CANONICAL,CIRCULAR,PERFECT_EXT,UNAMBIGUOUS_BP"
"576","3",13931365,13931517,"hsa_circ_003104",2,"-",2,1,5,40,"my_test_sample",2,2,0,1,"GTAG",NA,"ANCHOR_UNIQUE,CANONICAL,CIRCULAR,OK_EXT,UNAMBIGUOUS_BP"
"577","19",20872600,20872752,"hsa_circ_003105",2,"-",2,2,40,40,"my_test_sample",2,0,0,1,"GTAG",NA,"ANCHOR_UNIQUE,CANONICAL,CIRCULAR,PERFECT_EXT,UNAMBIGUOUS_BP"
"578","19",38917858,38918071,"hsa_circ_003112",3,"+",2,3,40,35,"my_test_sample",3,0,0,1,"GTAG",NA,"ANCHOR_UNIQUE,CANONICAL,CIRCULAR,PERFECT_EXT,UNAMBIGUOUS_BP"
"579","7",156070704,156070895,"hsa_circ_003115",2,"-",1,2,35,40,"my_test_sample",2,1,0,1,"GTAG",NA,"ANCHOR_UNIQUE,CANONICAL,CIRCULAR,GOOD_EXT,UNAMBIGUOUS_BP"
"580","20",21674189,21674393,"hsa_circ_003116",4,"+",3,4,5,40,"my_test_sample",4,0,0,1,"GTAG",NA,"ANCHOR_UNIQUE,CANONICAL,CIRCULAR,PERFECT_EXT,UNAMBIGUOUS_BP"
"581","3",96068652,96068845,"hsa_circ_003118",2,"+",2,2,5,5,"my_test_sample",2,1,0,1,"GTAG",NA,"ANCHOR_UNIQUE,CANONICAL,CIRCULAR,GOOD_EXT,UNAMBIGUOUS_BP"
"582","1",44562388,44562575,"hsa_circ_003121",4,"+",2,4,5,40,"my_test_sample",4,1,0,1,"GTAG",NA,"ANCHOR_UNIQUE,CANONICAL,CIRCULAR,GOOD_EXT,UNAMBIGUOUS_BP"
"583","18",50067657,50068867,"hsa_circ_003124",3,"-",1,3,35,5,"my_test_sample",3,0,0,1,"GTAG",NA,"ANCHOR_UNIQUE,CANONICAL,CIRCULAR,PERFECT_EXT,UNAMBIGUOUS_BP"
"584","4",128445730,128445901,"hsa_circ_003129",3,"+",2,3,5,5,"my_test_sample",3,1,0,1,"GTAG",NA,"ANCHOR_UNIQUE,CANONICAL,CIRCULAR,GOOD_EXT,UNAMBIGUOUS_BP"
"585","15",87304293,87304453,"hsa_circ_003133",2,"-",2,2,5,5,"my_test_sample",2,0,0,1,"GTAG",NA,"ANCHOR_UNIQUE,CANONICAL,CIRCULAR,PERFECT_EXT,UNAMBIGUOUS_BP"
"586","6",63104522,63104677,"hsa_circ_003140",2,"+",1,2,5,5,"my_test_sample",2,0,1,1,"GTAG",NA,"ANCHOR_UNIQUE,CANONICAL,CIRCULAR,GOOD_EXT,UNAMBIGUOUS_BP"
"587","14",96928927,96929296,"hsa_circ_003155",2,"-",2,2,37,5,"my_test_sample",2,0,0,1,"GTAG",NA,"ANCHOR_UNIQUE,CANONICAL,CIRCULAR,PERFECT_EXT,UNAMBIGUOUS_BP"
"588","6",52394044,52394220,"hsa_circ_003173",2,"+",1,2,5,40,"my_test_sample",2,1,0,1,"GTAG",NA,"ANCHOR_UNIQUE,CANONICAL,CIRCULAR,GOOD_EXT,UNAMBIGUOUS_BP"
"589","12",108496381,108496575,"hsa_circ_003176",2,"-",1,2,5,5,"my_test_sample",2,0,0,1,"GTAG",NA,"ANCHOR_UNIQUE,CANONICAL,CIRCULAR,PERFECT_EXT,UNAMBIGUOUS_BP"
"590","7",151231696,151231866,"hsa_circ_003186",2,"-",1,2,40,40,"my_test_sample",2,0,0,1,"GTAG",NA,"ANCHOR_UNIQUE,CANONICAL,CIRCULAR,PERFECT_EXT,UNAMBIGUOUS_BP"
"591","9",137211699,137211869,"hsa_circ_003197",2,"+",1,2,40,5,"my_test_sample",2,1,0,1,"GTAG",NA,"ANCHOR_UNIQUE,CANONICAL,CIRCULAR,GOOD_EXT,UNAMBIGUOUS_BP"
"592","5",111224875,111225071,"hsa_circ_003198",3,"-",2,3,40,40,"my_test_sample",3,1,0,1,"GTAG",NA,"ANCHOR_UNIQUE,CANONICAL,CIRCULAR,GOOD_EXT,UNAMBIGUOUS_BP"
"593","X",119735602,119735796,"hsa_circ_003200",2,"+",2,2,37,5,"my_test_sample",2,2,0,1,"GTAG",NA,"ANCHOR_UNIQUE,CANONICAL,CIRCULAR,OK_EXT,UNAMBIGUOUS_BP"
"594","13",41954385,41954541,"hsa_circ_003202",2,"-",2,2,40,37,"my_test_sample",2,1,0,1,"GTAG",NA,"ANCHOR_UNIQUE,CANONICAL,CIRCULAR,GOOD_EXT,UNAMBIGUOUS_BP"
"595","7",105983931,105984094,"hsa_circ_003203",2,"-",1,2,5,40,"my_test_sample",2,1,0,1,"GTAG",NA,"ANCHOR_UNIQUE,CANONICAL,CIRCULAR,GOOD_EXT,UNAMBIGUOUS_BP"
"596","22",44092930,44093120,"hsa_circ_003204",2,"-",1,2,5,40,"my_test_sample",2,2,0,1,"GTAG",NA,"ANCHOR_UNIQUE,CANONICAL,CIRCULAR,OK_EXT,UNAMBIGUOUS_BP"
"597","3",143104477,143104654,"hsa_circ_003205",2,"-",1,2,5,40,"my_test_sample",2,2,0,1,"GTAG",NA,"ANCHOR_UNIQUE,CANONICAL,CIRCULAR,OK_EXT,UNAMBIGUOUS_BP"
"598","12",109006806,109006987,"hsa_circ_003209",6,"+",3,6,40,5,"my_test_sample",6,0,0,1,"GTAG",NA,"ANCHOR_UNIQUE,CANONICAL,CIRCULAR,PERFECT_EXT,UNAMBIGUOUS_BP"
"599","8",80533927,80534311,"hsa_circ_003214",2,"-",2,2,5,5,"my_test_sample",2,1,0,1,"GTAG",NA,"ANCHOR_UNIQUE,CANONICAL,CIRCULAR,GOOD_EXT,UNAMBIGUOUS_BP"
"600","15",77209831,77209985,"hsa_circ_003217",2,"-",1,2,5,40,"my_test_sample",2,1,0,1,"GTAG",NA,"ANCHOR_UNIQUE,CANONICAL,CIRCULAR,GOOD_EXT,UNAMBIGUOUS_BP"
"601","3",45229476,45229647,"hsa_circ_003218",2,"-",1,2,5,5,"my_test_sample",2,0,0,1,"GTAG",NA,"ANCHOR_UNIQUE,CANONICAL,CIRCULAR,PERFECT_EXT,UNAMBIGUOUS_BP"
"602","5",138421889,138422064,"hsa_circ_003221",4,"-",1,4,5,5,"my_test_sample",4,0,0,1,"GTAG",NA,"ANCHOR_UNIQUE,CANONICAL,CIRCULAR,PERFECT_EXT,UNAMBIGUOUS_BP"
"603","10",89145677,89145859,"hsa_circ_003222",2,"-",1,2,40,5,"my_test_sample",2,1,0,1,"GTAG",NA,"ANCHOR_UNIQUE,CANONICAL,CIRCULAR,GOOD_EXT,UNAMBIGUOUS_BP"
"604","1",80622814,80623075,"hsa_circ_003224",2,"-",1,2,40,5,"my_test_sample",2,0,2,1,"GTAG",NA,"ANCHOR_UNIQUE,CANONICAL,CIRCULAR,OK_EXT,UNAMBIGUOUS_BP"
"605","4",116005773,116005942,"hsa_circ_003226",2,"-",1,2,5,5,"my_test_sample",2,1,0,1,"GTAG",NA,"ANCHOR_UNIQUE,CANONICAL,CIRCULAR,GOOD_EXT,UNAMBIGUOUS_BP"
"606","8",141991585,141991954,"hsa_circ_003230",2,"-",1,2,40,5,"my_test_sample",2,0,0,1,"GTAG",NA,"ANCHOR_UNIQUE,CANONICAL,CIRCULAR,PERFECT_EXT,UNAMBIGUOUS_BP"
"607","11",99960616,99960819,"hsa_circ_003231",4,"-",2,4,40,40,"my_test_sample",4,1,0,1,"GTAG",NA,"ANCHOR_UNIQUE,CANONICAL,CIRCULAR,GOOD_EXT,UNAMBIGUOUS_BP"
"608","1",47998986,47999140,"hsa_circ_003236",3,"+",1,3,40,5,"my_test_sample",3,1,0,1,"GTAG",NA,"ANCHOR_UNIQUE,CANONICAL,CIRCULAR,GOOD_EXT,UNAMBIGUOUS_BP"
"609","16",3007700,3007904,"hsa_circ_003239",2,"+",2,2,5,5,"my_test_sample",2,1,0,1,"GTAG",NA,"ANCHOR_UNIQUE,CANONICAL,CIRCULAR,GOOD_EXT,UNAMBIGUOUS_BP"
"610","19",12130651,12130841,"hsa_circ_003241",2,"-",1,2,40,5,"my_test_sample",2,2,1,1,"GTAG",NA,"ANCHOR_UNIQUE,CANONICAL,CIRCULAR,OK_EXT,UNAMBIGUOUS_BP"
"611","X",149832508,149832661,"hsa_circ_003248",3,"-",1,3,5,40,"my_test_sample",3,0,0,1,"GTAG",NA,"ANCHOR_UNIQUE,CANONICAL,CIRCULAR,PERFECT_EXT,UNAMBIGUOUS_BP"
"612","15",69550005,69550190,"hsa_circ_003255",2,"-",1,2,40,40,"my_test_sample",2,1,0,1,"GTAG",NA,"ANCHOR_UNIQUE,CANONICAL,CIRCULAR,GOOD_EXT,UNAMBIGUOUS_BP"
"613","16",88486473,88486795,"hsa_circ_003263",2,"+",1,2,40,5,"my_test_sample",2,2,0,1,"GTAG",NA,"ANCHOR_UNIQUE,CANONICAL,CIRCULAR,OK_EXT,UNAMBIGUOUS_BP"
"614","X",110498624,110498778,"hsa_circ_003268",2,"+",2,2,40,5,"my_test_sample",2,0,0,1,"GTAG",NA,"ANCHOR_UNIQUE,CANONICAL,CIRCULAR,PERFECT_EXT,UNAMBIGUOUS_BP"
"615","3",132995895,132996093,"hsa_circ_003277",2,"-",1,2,5,5,"my_test_sample",2,2,0,1,"GTAG",NA,"ANCHOR_UNIQUE,CANONICAL,CIRCULAR,OK_EXT,UNAMBIGUOUS_BP"
"616","12",106088303,106088499,"hsa_circ_003287",2,"+",1,2,40,40,"my_test_sample",2,1,0,1,"GTAG",NA,"ANCHOR_UNIQUE,CANONICAL,CIRCULAR,GOOD_EXT,UNAMBIGUOUS_BP"
"617","2",132984507,132984668,"hsa_circ_003295",2,"-",2,2,5,5,"my_test_sample",2,1,0,1,"GTAG",NA,"ANCHOR_UNIQUE,CANONICAL,CIRCULAR,GOOD_EXT,UNAMBIGUOUS_BP"
"618","1",57634846,57635056,"hsa_circ_003301",2,"+",1,2,40,40,"my_test_sample",2,0,0,1,"GTAG",NA,"ANCHOR_UNIQUE,CANONICAL,CIRCULAR,PERFECT_EXT,UNAMBIGUOUS_BP"
"619","1",42994883,42995087,"hsa_circ_003302",2,"+",1,2,40,40,"my_test_sample",2,2,0,1,"GTAG",NA,"ANCHOR_UNIQUE,CANONICAL,CIRCULAR,OK_EXT,UNAMBIGUOUS_BP"
"620","18",61592830,61593008,"hsa_circ_003304",2,"-",1,2,5,40,"my_test_sample",2,1,0,1,"GTAG",NA,"ANCHOR_UNIQUE,CANONICAL,CIRCULAR,GOOD_EXT,UNAMBIGUOUS_BP"
"621","6",70291318,70291514,"hsa_circ_003311",3,"-",1,3,5,40,"my_test_sample",3,0,0,1,"GTAG",NA,"ANCHOR_UNIQUE,CANONICAL,CIRCULAR,PERFECT_EXT,UNAMBIGUOUS_BP"
"622","2",25311274,25311449,"hsa_circ_003313",2,"+",1,2,5,5,"my_test_sample",2,0,0,1,"GTAG",NA,"ANCHOR_UNIQUE,CANONICAL,CIRCULAR,PERFECT_EXT,UNAMBIGUOUS_BP"
"623","16",57569810,57569960,"hsa_circ_003317",2,"-",1,2,5,5,"my_test_sample",2,0,0,1,"GTAG",NA,"ANCHOR_UNIQUE,CANONICAL,CIRCULAR,PERFECT_EXT,UNAMBIGUOUS_BP"
"624","9",26248807,26248968,"hsa_circ_003321",2,"+",1,2,40,5,"my_test_sample",2,1,0,1,"GTAG",NA,"ANCHOR_UNIQUE,CANONICAL,CIRCULAR,GOOD_EXT,UNAMBIGUOUS_BP"
"625","19",42389433,42389618,"hsa_circ_003333",2,"+",2,2,5,40,"my_test_sample",2,0,0,1,"GTAG",NA,"ANCHOR_UNIQUE,CANONICAL,CIRCULAR,PERFECT_EXT,UNAMBIGUOUS_BP"
"626","2",207617566,207617771,"hsa_circ_003340",2,"+",1,2,40,5,"my_test_sample",2,0,0,1,"GTAG",NA,"ANCHOR_UNIQUE,CANONICAL,CIRCULAR,PERFECT_EXT,UNAMBIGUOUS_BP"
"627","6",167271077,167271232,"hsa_circ_003344",3,"-",3,3,40,5,"my_test_sample",3,0,0,1,"GTAG",NA,"ANCHOR_UNIQUE,CANONICAL,CIRCULAR,PERFECT_EXT,UNAMBIGUOUS_BP"
"628","18",61606613,61606773,"hsa_circ_003345",2,"-",2,2,40,40,"my_test_sample",2,2,0,1,"GTAG",NA,"ANCHOR_UNIQUE,CANONICAL,CIRCULAR,OK_EXT,UNAMBIGUOUS_BP"
"629","2",60599721,60599937,"hsa_circ_003348",2,"+",1,2,35,5,"my_test_sample",2,1,0,1,"GTAG",NA,"ANCHOR_UNIQUE,CANONICAL,CIRCULAR,GOOD_EXT,UNAMBIGUOUS_BP"
"630","2",203489793,203489966,"hsa_circ_003349",3,"-",1,3,5,40,"my_test_sample",3,2,0,1,"GTAG",NA,"ANCHOR_UNIQUE,CANONICAL,CIRCULAR,OK_EXT,UNAMBIGUOUS_BP"
"631","1",16981381,16981533,"hsa_circ_003350",2,"-",1,2,40,5,"my_test_sample",2,0,0,1,"GTAG",NA,"ANCHOR_UNIQUE,CANONICAL,CIRCULAR,PERFECT_EXT,UNAMBIGUOUS_BP"
"632","16",13106007,13106194,"hsa_circ_003356",3,"-",2,3,5,5,"my_test_sample",3,0,0,1,"GTAG",NA,"ANCHOR_UNIQUE,CANONICAL,CIRCULAR,PERFECT_EXT,UNAMBIGUOUS_BP"
"633","16",66000285,66000515,"hsa_circ_003371",2,"-",1,2,5,40,"my_test_sample",2,0,0,1,"GTAG",NA,"ANCHOR_UNIQUE,CANONICAL,CIRCULAR,PERFECT_EXT,UNAMBIGUOUS_BP"
"634","12",2858432,2858637,"hsa_circ_003375",2,"-",1,2,40,5,"my_test_sample",2,2,0,1,"GTAG",NA,"ANCHOR_UNIQUE,CANONICAL,CIRCULAR,OK_EXT,UNAMBIGUOUS_BP"
"635","11",119100420,119100612,"hsa_circ_003380",2,"+",1,2,40,40,"my_test_sample",2,1,0,1,"GTAG",NA,"ANCHOR_UNIQUE,CANONICAL,CIRCULAR,GOOD_EXT,UNAMBIGUOUS_BP"
"636","X",58126122,58136073,"hsa_circ_003386",2,"-",1,2,5,5,"my_test_sample",2,1,0,1,"GTAG",NA,"ANCHOR_UNIQUE,CANONICAL,CIRCULAR,GOOD_EXT,UNAMBIGUOUS_BP"
"637","20",33619519,33623081,"hsa_circ_003388",3,"-",1,3,5,5,"my_test_sample",3,1,0,1,"GTAG",NA,"ANCHOR_UNIQUE,CANONICAL,CIRCULAR,GOOD_EXT,UNAMBIGUOUS_BP"
"638","4",142104398,142104636,"hsa_circ_003393",3,"+",1,3,40,5,"my_test_sample",3,1,0,1,"GTAG",NA,"ANCHOR_UNIQUE,CANONICAL,CIRCULAR,GOOD_EXT,UNAMBIGUOUS_BP"
"639","16",1637490,1637687,"hsa_circ_003408",3,"+",1,3,40,4,"my_test_sample",3,2,0,1,"GTAG",NA,"ANCHOR_UNIQUE,CANONICAL,CIRCULAR,OK_EXT,UNAMBIGUOUS_BP"
"640","17",80969038,80969266,"hsa_circ_003412",2,"-",1,2,40,5,"my_test_sample",2,2,0,1,"GTAG",NA,"ANCHOR_UNIQUE,CANONICAL,CIRCULAR,OK_EXT,UNAMBIGUOUS_BP"
"641","10",130001437,130001640,"hsa_circ_003416",2,"+",1,2,35,5,"my_test_sample",2,1,0,1,"GTAG",NA,"ANCHOR_UNIQUE,CANONICAL,CIRCULAR,GOOD_EXT,UNAMBIGUOUS_BP"
"642","13",112876440,112876743,"hsa_circ_003417",2,"+",1,2,40,5,"my_test_sample",2,0,0,1,"GTAG",NA,"ANCHOR_UNIQUE,CANONICAL,CIRCULAR,PERFECT_EXT,UNAMBIGUOUS_BP"
"643","20",32879751,32880043,"hsa_circ_003427",3,"-",1,3,40,40,"my_test_sample",3,1,0,1,"GTAG",NA,"ANCHOR_UNIQUE,CANONICAL,CIRCULAR,GOOD_EXT,UNAMBIGUOUS_BP"
"644","16",4884160,4884316,"hsa_circ_003428",4,"-",2,4,40,40,"my_test_sample",4,0,0,1,"GTAG",NA,"ANCHOR_UNIQUE,CANONICAL,CIRCULAR,PERFECT_EXT,UNAMBIGUOUS_BP"
"645","X",50345157,50345316,"hsa_circ_003435",2,"-",1,2,5,5,"my_test_sample",2,0,2,1,"GTAG",NA,"ANCHOR_UNIQUE,CANONICAL,CIRCULAR,OK_EXT,UNAMBIGUOUS_BP"
"646","11",6647342,6647580,"hsa_circ_003439",3,"+",1,3,40,5,"my_test_sample",3,2,0,1,"GTAG",NA,"ANCHOR_UNIQUE,CANONICAL,CIRCULAR,OK_EXT,UNAMBIGUOUS_BP"
"647","1",243932812,243932981,"hsa_circ_003441",2,"+",1,2,5,5,"my_test_sample",2,2,0,1,"GTAG",NA,"ANCHOR_UNIQUE,CANONICAL,CIRCULAR,OK_EXT,UNAMBIGUOUS_BP"
"648","2",240576415,240576724,"hsa_circ_003448",2,"-",1,2,5,40,"my_test_sample",2,2,0,1,"GTAG",NA,"ANCHOR_UNIQUE,CANONICAL,CIRCULAR,OK_EXT,UNAMBIGUOUS_BP"
"649","7",45708597,45708775,"hsa_circ_003456",2,"-",2,2,35,40,"my_test_sample",2,0,2,1,"GTAG",NA,"ANCHOR_UNIQUE,CANONICAL,CIRCULAR,OK_EXT,UNAMBIGUOUS_BP"
"650","14",57775329,57775746,"hsa_circ_003463",4,"-",1,4,5,5,"my_test_sample",4,1,0,1,"GTAG",NA,"ANCHOR_UNIQUE,CANONICAL,CIRCULAR,GOOD_EXT,UNAMBIGUOUS_BP"
"651","X",36782913,36783075,"hsa_circ_003469",2,"+",1,2,5,5,"my_test_sample",2,2,0,1,"GTAG",NA,"ANCHOR_UNIQUE,CANONICAL,CIRCULAR,OK_EXT,UNAMBIGUOUS_BP"
"652","4",961687,961966,"hsa_circ_003471",2,"-",1,2,40,40,"my_test_sample",2,1,2,1,"GTAG",NA,"ANCHOR_UNIQUE,CANONICAL,CIRCULAR,OK_EXT,UNAMBIGUOUS_BP"
"653","10",553832,554009,"hsa_circ_003472",3,"-",3,3,5,5,"my_test_sample",3,0,0,1,"GTAG",NA,"ANCHOR_UNIQUE,CANONICAL,CIRCULAR,PERFECT_EXT,UNAMBIGUOUS_BP"
"654","2",74845773,74845948,"hsa_circ_003474",3,"+",3,3,40,4,"my_test_sample",3,1,0,1,"GTAG",NA,"ANCHOR_UNIQUE,CANONICAL,CIRCULAR,GOOD_EXT,UNAMBIGUOUS_BP"
"655","22",22986118,22986308,"hsa_circ_003479",2,"-",1,2,40,4,"my_test_sample",2,0,0,1,"GTAG",NA,"ANCHOR_UNIQUE,CANONICAL,CIRCULAR,PERFECT_EXT,UNAMBIGUOUS_BP"
"656","6",56138694,56138852,"hsa_circ_003481",2,"+",1,2,5,40,"my_test_sample",2,2,0,1,"GTAG",NA,"ANCHOR_UNIQUE,CANONICAL,CIRCULAR,OK_EXT,UNAMBIGUOUS_BP"
"657","X",70925642,70925801,"hsa_circ_003486",2,"+",2,2,40,40,"my_test_sample",2,0,0,1,"GTAG",NA,"ANCHOR_UNIQUE,CANONICAL,CIRCULAR,PERFECT_EXT,UNAMBIGUOUS_BP"
"658","2",46286866,46287037,"hsa_circ_003492",2,"-",1,2,40,35,"my_test_sample",2,2,0,1,"GTAG",NA,"ANCHOR_UNIQUE,CANONICAL,CIRCULAR,OK_EXT,UNAMBIGUOUS_BP"
"659","10",88123911,88124088,"hsa_circ_003511",5,"+",2,5,5,40,"my_test_sample",5,0,0,1,"GTAG",NA,"ANCHOR_UNIQUE,CANONICAL,CIRCULAR,PERFECT_EXT,UNAMBIGUOUS_BP"
"660","15",90336775,90336955,"hsa_circ_003512",2,"-",1,2,40,40,"my_test_sample",2,1,0,1,"GTAG",NA,"ANCHOR_UNIQUE,CANONICAL,CIRCULAR,GOOD_EXT,UNAMBIGUOUS_BP"
"661","13",102516067,102516218,"hsa_circ_003517",2,"-",2,2,5,40,"my_test_sample",2,0,0,1,"GTAG",NA,"ANCHOR_UNIQUE,CANONICAL,CIRCULAR,PERFECT_EXT,UNAMBIGUOUS_BP"
"662","22",19911743,19912016,"hsa_circ_003521",2,"+",2,2,5,40,"my_test_sample",2,1,0,1,"GTAG",NA,"ANCHOR_UNIQUE,CANONICAL,CIRCULAR,GOOD_EXT,UNAMBIGUOUS_BP"
"663","17",76813604,76813804,"hsa_circ_003531",2,"-",2,2,5,40,"my_test_sample",2,2,0,1,"GTAG",NA,"ANCHOR_UNIQUE,CANONICAL,CIRCULAR,OK_EXT,UNAMBIGUOUS_BP"
"664","3",99960404,99960580,"hsa_circ_003534",2,"-",1,2,40,5,"my_test_sample",2,2,1,1,"GTAG",NA,"ANCHOR_UNIQUE,CANONICAL,CIRCULAR,OK_EXT,UNAMBIGUOUS_BP"
"665","X",69316402,69316604,"hsa_circ_003552",2,"-",2,1,40,35,"my_test_sample",2,0,0,1,"GTAG",NA,"ANCHOR_UNIQUE,CANONICAL,CIRCULAR,PERFECT_EXT,UNAMBIGUOUS_BP"
"666","4",1764866,1765067,"hsa_circ_003554",2,"+",1,2,40,5,"my_test_sample",2,0,0,1,"GTAG",NA,"ANCHOR_UNIQUE,CANONICAL,CIRCULAR,PERFECT_EXT,UNAMBIGUOUS_BP"
"667","2",133982332,133982490,"hsa_circ_003566",2,"-",1,2,40,5,"my_test_sample",2,1,0,1,"GTAG",NA,"ANCHOR_UNIQUE,CANONICAL,CIRCULAR,GOOD_EXT,UNAMBIGUOUS_BP"
"668","22",36063889,36064153,"hsa_circ_003574",2,"-",1,2,5,40,"my_test_sample",2,0,0,1,"GTAG",NA,"ANCHOR_UNIQUE,CANONICAL,CIRCULAR,PERFECT_EXT,UNAMBIGUOUS_BP"
"669","11",45750597,45750833,"hsa_circ_003575",2,"-",1,2,5,5,"my_test_sample",2,2,0,1,"GTAG",NA,"ANCHOR_UNIQUE,CANONICAL,CIRCULAR,OK_EXT,UNAMBIGUOUS_BP"
"670","2",112713520,112713727,"hsa_circ_003577",3,"-",1,3,40,40,"my_test_sample",3,2,0,1,"GTAG",NA,"ANCHOR_UNIQUE,CANONICAL,CIRCULAR,OK_EXT,UNAMBIGUOUS_BP"
"671","16",27722428,27722612,"hsa_circ_003579",2,"-",1,2,5,5,"my_test_sample",2,2,0,1,"GTAG",NA,"ANCHOR_UNIQUE,CANONICAL,CIRCULAR,OK_EXT,UNAMBIGUOUS_BP"
"672","X",48786836,48787049,"hsa_circ_003580",2,"-",2,2,5,5,"my_test_sample",2,0,0,1,"GTAG",NA,"ANCHOR_UNIQUE,CANONICAL,CIRCULAR,PERFECT_EXT,UNAMBIGUOUS_BP"
"673","5",64098394,64098613,"hsa_circ_003594",2,"-",1,2,5,35,"my_test_sample",2,0,0,1,"GTAG",NA,"ANCHOR_UNIQUE,CANONICAL,CIRCULAR,PERFECT_EXT,UNAMBIGUOUS_BP"
"674","3",73613180,73613351,"hsa_circ_003602",3,"-",1,3,40,5,"my_test_sample",3,0,0,1,"GTAG",NA,"ANCHOR_UNIQUE,CANONICAL,CIRCULAR,PERFECT_EXT,UNAMBIGUOUS_BP"
"675","18",68887116,68887309,"hsa_circ_003611",2,"+",2,2,37,40,"my_test_sample",2,0,0,1,"GTAG",NA,"ANCHOR_UNIQUE,CANONICAL,CIRCULAR,PERFECT_EXT,UNAMBIGUOUS_BP"
"676","14",53796933,53797104,"hsa_circ_003612",2,"-",1,2,5,40,"my_test_sample",2,1,0,1,"GTAG",NA,"ANCHOR_UNIQUE,CANONICAL,CIRCULAR,GOOD_EXT,UNAMBIGUOUS_BP"
"677","1",174764833,174764992,"hsa_circ_003614",2,"-",1,2,5,5,"my_test_sample",2,2,0,1,"GTAG",NA,"ANCHOR_UNIQUE,CANONICAL,CIRCULAR,OK_EXT,UNAMBIGUOUS_BP"
"678","X",153029184,153029352,"hsa_circ_003628",2,"+",1,2,40,40,"my_test_sample",2,1,0,1,"GTAG",NA,"ANCHOR_UNIQUE,CANONICAL,CIRCULAR,GOOD_EXT,UNAMBIGUOUS_BP"
"679","4",7657297,7657451,"hsa_circ_003632",6,"+",6,6,40,5,"my_test_sample",6,0,0,1,"GTAG",NA,"ANCHOR_UNIQUE,CANONICAL,CIRCULAR,PERFECT_EXT,UNAMBIGUOUS_BP"
"680","17",80339884,80340076,"hsa_circ_003640",2,"+",1,2,40,5,"my_test_sample",2,0,0,1,"GTAG",NA,"ANCHOR_UNIQUE,CANONICAL,CIRCULAR,PERFECT_EXT,UNAMBIGUOUS_BP"
"681","4",59274397,59274567,"hsa_circ_003642",2,"-",1,2,5,40,"my_test_sample",2,1,0,1,"GTAG",NA,"ANCHOR_UNIQUE,CANONICAL,CIRCULAR,GOOD_EXT,UNAMBIGUOUS_BP"
"682","2",122558268,122558486,"hsa_circ_003644",2,"+",1,2,5,40,"my_test_sample",2,0,0,1,"GTAG",NA,"ANCHOR_UNIQUE,CANONICAL,CIRCULAR,PERFECT_EXT,UNAMBIGUOUS_BP"
"683","22",43504976,43505139,"hsa_circ_003651",4,"+",3,4,5,5,"my_test_sample",4,1,0,1,"GTAG",NA,"ANCHOR_UNIQUE,CANONICAL,CIRCULAR,GOOD_EXT,UNAMBIGUOUS_BP"
"684","7",95921590,95921932,"hsa_circ_003661",2,"+",1,2,40,40,"my_test_sample",2,2,0,1,"GTAG",NA,"ANCHOR_UNIQUE,CANONICAL,CIRCULAR,OK_EXT,UNAMBIGUOUS_BP"
"685","22",32804291,32804502,"hsa_circ_003664",6,"-",3,6,40,40,"my_test_sample",6,0,0,1,"GTAG",NA,"ANCHOR_UNIQUE,CANONICAL,CIRCULAR,PERFECT_EXT,UNAMBIGUOUS_BP"
"686","5",170066920,170067092,"hsa_circ_003665",2,"-",1,2,5,40,"my_test_sample",2,1,0,1,"GTAG",NA,"ANCHOR_UNIQUE,CANONICAL,CIRCULAR,GOOD_EXT,UNAMBIGUOUS_BP"
"687","X",48786841,48787021,"hsa_circ_003670",2,"-",1,2,40,40,"my_test_sample",2,0,0,1,"GTAG",NA,"ANCHOR_UNIQUE,CANONICAL,CIRCULAR,PERFECT_EXT,UNAMBIGUOUS_BP"
"688","15",45133090,45133285,"hsa_circ_003680",2,"+",1,2,5,40,"my_test_sample",2,1,0,1,"GTAG",NA,"ANCHOR_UNIQUE,CANONICAL,CIRCULAR,GOOD_EXT,UNAMBIGUOUS_BP"
"689","17",75708565,75708725,"hsa_circ_003694",2,"-",1,2,40,40,"my_test_sample",2,2,0,1,"GTAG",NA,"ANCHOR_UNIQUE,CANONICAL,CIRCULAR,OK_EXT,UNAMBIGUOUS_BP"
"690","20",40630404,40630614,"hsa_circ_003696",2,"+",1,2,35,5,"my_test_sample",2,0,0,1,"GTAG",NA,"ANCHOR_UNIQUE,CANONICAL,CIRCULAR,PERFECT_EXT,UNAMBIGUOUS_BP"
"691","18",48710441,48710678,"hsa_circ_003698",2,"-",1,2,40,5,"my_test_sample",2,0,0,1,"GTAG",NA,"ANCHOR_UNIQUE,CANONICAL,CIRCULAR,PERFECT_EXT,UNAMBIGUOUS_BP"
"692","12",102242236,102242389,"hsa_circ_003712",3,"-",1,3,5,40,"my_test_sample",3,0,0,1,"GTAG",NA,"ANCHOR_UNIQUE,CANONICAL,CIRCULAR,PERFECT_EXT,UNAMBIGUOUS_BP"
"693","3",79291036,79291215,"hsa_circ_003713",2,"-",1,2,5,40,"my_test_sample",2,1,0,1,"GTAG",NA,"ANCHOR_UNIQUE,CANONICAL,CIRCULAR,GOOD_EXT,UNAMBIGUOUS_BP"
"694","12",108703882,108704076,"hsa_circ_003718",2,"-",1,2,40,5,"my_test_sample",2,1,0,1,"GTAG",NA,"ANCHOR_UNIQUE,CANONICAL,CIRCULAR,GOOD_EXT,UNAMBIGUOUS_BP"
"695","3",193802881,193803033,"hsa_circ_003724",3,"-",2,3,40,40,"my_test_sample",3,1,0,1,"GTAG",NA,"ANCHOR_UNIQUE,CANONICAL,CIRCULAR,GOOD_EXT,UNAMBIGUOUS_BP"
"696","13",113876542,113876644,"hsa_circ_003730",2,"+",1,2,5,5,"my_test_sample",2,1,0,1,"GTAG",NA,"ANCHOR_UNIQUE,CANONICAL,CIRCULAR,GOOD_EXT,UNAMBIGUOUS_BP"
"697","9",138100050,138100206,"hsa_circ_003731",2,"+",2,2,5,5,"my_test_sample",2,0,0,1,"GTAG",NA,"ANCHOR_UNIQUE,CANONICAL,CIRCULAR,PERFECT_EXT,UNAMBIGUOUS_BP"
"698","16",1466320,1466485,"hsa_circ_003748",2,"-",1,2,40,5,"my_test_sample",2,2,0,1,"GTAG",NA,"ANCHOR_UNIQUE,CANONICAL,CIRCULAR,OK_EXT,UNAMBIGUOUS_BP"
"699","9",1440324,1440486,"hsa_circ_003754",2,"+",1,2,5,40,"my_test_sample",2,0,0,1,"GTAG",NA,"ANCHOR_UNIQUE,CANONICAL,CIRCULAR,PERFECT_EXT,UNAMBIGUOUS_BP"
"700","1",54118268,54118434,"hsa_circ_003757",2,"-",2,2,40,5,"my_test_sample",2,0,0,1,"GTAG",NA,"ANCHOR_UNIQUE,CANONICAL,CIRCULAR,PERFECT_EXT,UNAMBIGUOUS_BP"
"701","4",77127513,77127720,"hsa_circ_003760",2,"-",2,2,5,3,"my_test_sample",2,0,0,1,"GTAG",NA,"ANCHOR_UNIQUE,CANONICAL,CIRCULAR,PERFECT_EXT,UNAMBIGUOUS_BP"
"702","7",54957144,54957316,"hsa_circ_003763",2,"+",1,2,40,40,"my_test_sample",2,1,2,1,"GTAG",NA,"ANCHOR_UNIQUE,CANONICAL,CIRCULAR,OK_EXT,UNAMBIGUOUS_BP"
"703","22",19530918,19531207,"hsa_circ_003777",2,"-",1,2,5,40,"my_test_sample",2,0,0,1,"GTAG",NA,"ANCHOR_UNIQUE,CANONICAL,CIRCULAR,PERFECT_EXT,UNAMBIGUOUS_BP"
"704","1",20969473,21002808,"hsa_circ_003779",2,"-",1,2,40,40,"my_test_sample",2,0,0,1,"GTAG",NA,"ANCHOR_UNIQUE,CANONICAL,CIRCULAR,PERFECT_EXT,UNAMBIGUOUS_BP"
"705","7",47282039,47282193,"hsa_circ_003780",4,"+",3,4,40,40,"my_test_sample",4,1,0,1,"GTAG",NA,"ANCHOR_UNIQUE,CANONICAL,CIRCULAR,GOOD_EXT,UNAMBIGUOUS_BP"
"706","2",8430588,8430750,"hsa_circ_003783",2,"+",1,2,40,5,"my_test_sample",2,0,0,1,"GTAG",NA,"ANCHOR_UNIQUE,CANONICAL,CIRCULAR,PERFECT_EXT,UNAMBIGUOUS_BP"
"707","16",26757264,26757427,"hsa_circ_003789",2,"+",1,2,40,40,"my_test_sample",2,0,0,1,"GTAG",NA,"ANCHOR_UNIQUE,CANONICAL,CIRCULAR,PERFECT_EXT,UNAMBIGUOUS_BP"
"708","17",5931852,5932123,"hsa_circ_003790",2,"-",1,2,5,5,"my_test_sample",2,1,0,1,"GTAG",NA,"ANCHOR_UNIQUE,CANONICAL,CIRCULAR,GOOD_EXT,UNAMBIGUOUS_BP"
"709","1",177562574,177562900,"hsa_circ_003793",2,"-",1,2,5,5,"my_test_sample",2,2,0,1,"GTAG",NA,"ANCHOR_UNIQUE,CANONICAL,CIRCULAR,OK_EXT,UNAMBIGUOUS_BP"
"710","11",58421531,58421787,"hsa_circ_003795",2,"+",1,2,5,5,"my_test_sample",2,2,0,1,"GTAG",NA,"ANCHOR_UNIQUE,CANONICAL,CIRCULAR,OK_EXT,UNAMBIGUOUS_BP"
"711","11",123490713,123490866,"hsa_circ_003796",2,"+",1,2,5,40,"my_test_sample",2,0,0,1,"GTAG",NA,"ANCHOR_UNIQUE,CANONICAL,CIRCULAR,PERFECT_EXT,UNAMBIGUOUS_BP"
"712","1",196743432,196743616,"hsa_circ_003797",4,"-",1,4,5,35,"my_test_sample",4,0,1,1,"GTAG",NA,"ANCHOR_UNIQUE,CANONICAL,CIRCULAR,GOOD_EXT,UNAMBIGUOUS_BP"
"713","3",172342043,172342226,"hsa_circ_003801",3,"+",3,3,40,37,"my_test_sample",3,0,0,1,"GTAG",NA,"ANCHOR_UNIQUE,CANONICAL,CIRCULAR,PERFECT_EXT,UNAMBIGUOUS_BP"
"714","1",33250979,33251143,"hsa_circ_003803",3,"+",1,3,40,5,"my_test_sample",3,0,0,1,"GTAG",NA,"ANCHOR_UNIQUE,CANONICAL,CIRCULAR,PERFECT_EXT,UNAMBIGUOUS_BP"
"715","4",134328666,134328847,"hsa_circ_003806",2,"+",1,2,5,5,"my_test_sample",2,1,0,1,"GTAG",NA,"ANCHOR_UNIQUE,CANONICAL,CIRCULAR,GOOD_EXT,UNAMBIGUOUS_BP"
"716","X",69373094,69373248,"hsa_circ_003809",2,"-",1,2,5,5,"my_test_sample",2,1,0,1,"GTAG",NA,"ANCHOR_UNIQUE,CANONICAL,CIRCULAR,GOOD_EXT,UNAMBIGUOUS_BP"
"717","1",4466716,4466877,"hsa_circ_003829",2,"-",2,2,40,40,"my_test_sample",2,0,0,1,"GTAG",NA,"ANCHOR_UNIQUE,CANONICAL,CIRCULAR,PERFECT_EXT,UNAMBIGUOUS_BP"
"718","16",22677340,22677562,"hsa_circ_003830",3,"-",1,3,5,5,"my_test_sample",3,1,0,1,"GTAG",NA,"ANCHOR_UNIQUE,CANONICAL,CIRCULAR,GOOD_EXT,UNAMBIGUOUS_BP"
"719","17",11223433,11223585,"hsa_circ_003838",2,"-",1,2,5,5,"my_test_sample",2,0,0,1,"GTAG",NA,"ANCHOR_UNIQUE,CANONICAL,CIRCULAR,PERFECT_EXT,UNAMBIGUOUS_BP"
"720","13",67597055,67597290,"hsa_circ_003847",2,"+",1,2,5,5,"my_test_sample",2,2,0,1,"GTAG",NA,"ANCHOR_UNIQUE,CANONICAL,CIRCULAR,OK_EXT,UNAMBIGUOUS_BP"
"721","X",73397452,73397800,"hsa_circ_003851",2,"+",1,2,5,5,"my_test_sample",2,2,0,1,"GTAG",NA,"ANCHOR_UNIQUE,CANONICAL,CIRCULAR,OK_EXT,UNAMBIGUOUS_BP"
"722","3",64445561,64445732,"hsa_circ_003866",2,"+",2,2,40,40,"my_test_sample",2,1,0,1,"GTAG",NA,"ANCHOR_UNIQUE,CANONICAL,CIRCULAR,GOOD_EXT,UNAMBIGUOUS_BP"
"723","22",20991032,20991193,"hsa_circ_003870",5,"+",1,5,40,5,"my_test_sample",5,0,0,1,"GTAG",NA,"ANCHOR_UNIQUE,CANONICAL,CIRCULAR,PERFECT_EXT,UNAMBIGUOUS_BP"
"724","10",16779756,16780078,"hsa_circ_003875",3,"-",2,1,5,40,"my_test_sample",3,1,0,1,"GTAG",NA,"ANCHOR_UNIQUE,CANONICAL,CIRCULAR,GOOD_EXT,UNAMBIGUOUS_BP"
"725","2",68966880,68967034,"hsa_circ_003879",2,"+",2,1,40,40,"my_test_sample",2,1,0,1,"GTAG",NA,"ANCHOR_UNIQUE,CANONICAL,CIRCULAR,GOOD_EXT,UNAMBIGUOUS_BP"
"726","12",44668080,44668267,"hsa_circ_003880",2,"-",1,2,5,40,"my_test_sample",2,1,0,1,"GTAG",NA,"ANCHOR_UNIQUE,CANONICAL,CIRCULAR,GOOD_EXT,UNAMBIGUOUS_BP"
"727","2",241939056,241939223,"hsa_circ_003881",2,"+",1,2,40,5,"my_test_sample",2,1,0,1,"GTAG",NA,"ANCHOR_UNIQUE,CANONICAL,CIRCULAR,GOOD_EXT,UNAMBIGUOUS_BP"
"728","1",3992405,3992584,"hsa_circ_003882",3,"+",3,3,40,40,"my_test_sample",3,0,0,1,"GTAG",NA,"ANCHOR_UNIQUE,CANONICAL,CIRCULAR,PERFECT_EXT,UNAMBIGUOUS_BP"
"729","6",121922422,121922589,"hsa_circ_003900",2,"-",1,2,40,40,"my_test_sample",2,2,0,1,"GTAG",NA,"ANCHOR_UNIQUE,CANONICAL,CIRCULAR,OK_EXT,UNAMBIGUOUS_BP"
"730","8",112999943,113000187,"hsa_circ_003905",3,"+",2,3,5,40,"my_test_sample",3,0,0,1,"GTAG",NA,"ANCHOR_UNIQUE,CANONICAL,CIRCULAR,PERFECT_EXT,UNAMBIGUOUS_BP"
"731","5",130988166,130988320,"hsa_circ_003915",3,"+",2,1,40,5,"my_test_sample",3,1,0,1,"GTAG",NA,"ANCHOR_UNIQUE,CANONICAL,CIRCULAR,GOOD_EXT,UNAMBIGUOUS_BP"
"732","12",34336558,34336726,"hsa_circ_003922",2,"-",2,2,5,4,"my_test_sample",2,2,0,1,"GTAG",NA,"ANCHOR_UNIQUE,CANONICAL,CIRCULAR,OK_EXT,UNAMBIGUOUS_BP"
"733","11",119385951,119386115,"hsa_circ_003929",3,"-",1,3,5,40,"my_test_sample",3,1,0,1,"GTAG",NA,"ANCHOR_UNIQUE,CANONICAL,CIRCULAR,GOOD_EXT,UNAMBIGUOUS_BP"
"734","11",50576014,50576186,"hsa_circ_003934",3,"+",1,3,40,5,"my_test_sample",3,2,0,1,"GTAG",NA,"ANCHOR_UNIQUE,CANONICAL,CIRCULAR,OK_EXT,UNAMBIGUOUS_BP"
"735","11",1517393,1517549,"hsa_circ_003945",3,"-",1,3,5,5,"my_test_sample",3,1,0,1,"GTAG",NA,"ANCHOR_UNIQUE,CANONICAL,CIRCULAR,GOOD_EXT,UNAMBIGUOUS_BP"
"736","1",18770292,18770470,"hsa_circ_003946",2,"-",1,2,40,40,"my_test_sample",2,0,0,1,"GTAG",NA,"ANCHOR_UNIQUE,CANONICAL,CIRCULAR,PERFECT_EXT,UNAMBIGUOUS_BP"
"737","2",234967120,234967314,"hsa_circ_003948",2,"+",2,2,40,5,"my_test_sample",2,0,0,1,"GTAG",NA,"ANCHOR_UNIQUE,CANONICAL,CIRCULAR,PERFECT_EXT,UNAMBIGUOUS_BP"
"738","12",58876802,58877004,"hsa_circ_003956",2,"-",1,2,40,40,"my_test_sample",2,1,0,1,"GTAG",NA,"ANCHOR_UNIQUE,CANONICAL,CIRCULAR,GOOD_EXT,UNAMBIGUOUS_BP"
"739","10",627895,628206,"hsa_circ_003961",2,"-",1,2,5,40,"my_test_sample",2,1,2,1,"GTAG",NA,"ANCHOR_UNIQUE,CANONICAL,CIRCULAR,OK_EXT,UNAMBIGUOUS_BP"
"740","10",119460526,119460688,"hsa_circ_003963",2,"-",2,2,5,5,"my_test_sample",2,2,0,1,"GTAG",NA,"ANCHOR_UNIQUE,CANONICAL,CIRCULAR,OK_EXT,UNAMBIGUOUS_BP"
"741","2",2307956,2308132,"hsa_circ_003967",3,"-",1,3,5,5,"my_test_sample",3,0,0,1,"GTAG",NA,"ANCHOR_UNIQUE,CANONICAL,CIRCULAR,PERFECT_EXT,UNAMBIGUOUS_BP"
"742","1",176845824,176846029,"hsa_circ_003978",2,"+",1,2,5,35,"my_test_sample",2,0,0,1,"GTAG",NA,"ANCHOR_UNIQUE,CANONICAL,CIRCULAR,PERFECT_EXT,UNAMBIGUOUS_BP"
"743","12",68549546,68549700,"hsa_circ_003979",2,"-",1,2,5,40,"my_test_sample",2,1,0,1,"GTAG",NA,"ANCHOR_UNIQUE,CANONICAL,CIRCULAR,GOOD_EXT,UNAMBIGUOUS_BP"
"744","15",80909841,80910015,"hsa_circ_003983",4,"-",2,4,5,40,"my_test_sample",4,2,0,1,"GTAG",NA,"ANCHOR_UNIQUE,CANONICAL,CIRCULAR,OK_EXT,UNAMBIGUOUS_BP"
"745","20",5355964,5358327,"hsa_circ_003984",2,"+",1,2,5,40,"my_test_sample",2,0,0,1,"GTAG",NA,"ANCHOR_UNIQUE,CANONICAL,CIRCULAR,PERFECT_EXT,UNAMBIGUOUS_BP"
"746","8",64445739,64445927,"hsa_circ_003988",4,"+",3,4,40,40,"my_test_sample",4,0,0,1,"GTAG",NA,"ANCHOR_UNIQUE,CANONICAL,CIRCULAR,PERFECT_EXT,UNAMBIGUOUS_BP"
"747","18",79741018,79741180,"hsa_circ_004014",2,"+",2,2,40,5,"my_test_sample",2,0,0,1,"GTAG",NA,"ANCHOR_UNIQUE,CANONICAL,CIRCULAR,PERFECT_EXT,UNAMBIGUOUS_BP"
"748","11",117699359,117699562,"hsa_circ_004018",3,"+",2,3,40,5,"my_test_sample",3,0,0,1,"GTAG",NA,"ANCHOR_UNIQUE,CANONICAL,CIRCULAR,PERFECT_EXT,UNAMBIGUOUS_BP"
"749","4",2657802,2672372,"hsa_circ_004021",2,"+",2,2,40,40,"my_test_sample",2,0,1,1,"GTAG",NA,"ANCHOR_UNIQUE,CANONICAL,CIRCULAR,GOOD_EXT,UNAMBIGUOUS_BP"
"750","18",75757656,75757834,"hsa_circ_004030",2,"+",1,2,5,40,"my_test_sample",2,1,0,1,"GTAG",NA,"ANCHOR_UNIQUE,CANONICAL,CIRCULAR,GOOD_EXT,UNAMBIGUOUS_BP"
"751","12",75136904,75137064,"hsa_circ_004033",5,"-",2,5,5,40,"my_test_sample",5,0,0,1,"GTAG",NA,"ANCHOR_UNIQUE,CANONICAL,CIRCULAR,PERFECT_EXT,UNAMBIGUOUS_BP"
"752","1",16035554,16058809,"hsa_circ_004036",9,"-",4,5,5,5,"my_test_sample",9,0,0,1,"GTAG",NA,"ANCHOR_UNIQUE,CANONICAL,CIRCULAR,PERFECT_EXT,UNAMBIGUOUS_BP"
"753","3",88438351,88438520,"hsa_circ_004037",2,"-",1,2,5,5,"my_test_sample",2,0,0,1,"GTAG",NA,"ANCHOR_UNIQUE,CANONICAL,CIRCULAR,PERFECT_EXT,UNAMBIGUOUS_BP"
"754","7",19442555,19442932,"hsa_circ_004043",2,"+",1,2,40,5,"my_test_sample",2,2,0,1,"GTAG",NA,"ANCHOR_UNIQUE,CANONICAL,CIRCULAR,OK_EXT,UNAMBIGUOUS_BP"
"755","8",118172894,118173101,"hsa_circ_004048",2,"-",1,2,5,40,"my_test_sample",2,1,0,1,"GTAG",NA,"ANCHOR_UNIQUE,CANONICAL,CIRCULAR,GOOD_EXT,UNAMBIGUOUS_BP"
"756","5",34485028,34485256,"hsa_circ_004050",2,"-",2,2,5,3,"my_test_sample",2,2,0,1,"GTAG",NA,"ANCHOR_UNIQUE,CANONICAL,CIRCULAR,OK_EXT,UNAMBIGUOUS_BP"
"757","X",151103765,151103915,"hsa_circ_004051",2,"-",1,2,5,40,"my_test_sample",2,0,0,1,"GTAG",NA,"ANCHOR_UNIQUE,CANONICAL,CIRCULAR,PERFECT_EXT,UNAMBIGUOUS_BP"
"758","8",56537945,56538117,"hsa_circ_004057",3,"+",3,3,40,40,"my_test_sample",3,0,0,1,"GTAG",NA,"ANCHOR_UNIQUE,CANONICAL,CIRCULAR,PERFECT_EXT,UNAMBIGUOUS_BP"
"759","6",153458708,153458864,"hsa_circ_004070",2,"-",1,2,5,40,"my_test_sample",2,0,0,1,"GTAG",NA,"ANCHOR_UNIQUE,CANONICAL,CIRCULAR,PERFECT_EXT,UNAMBIGUOUS_BP"
"760","1",230981579,230981753,"hsa_circ_004072",2,"-",1,2,5,40,"my_test_sample",2,0,0,1,"GTAG",NA,"ANCHOR_UNIQUE,CANONICAL,CIRCULAR,PERFECT_EXT,UNAMBIGUOUS_BP"
"761","6",37591878,37592085,"hsa_circ_004074",2,"+",1,2,5,40,"my_test_sample",2,0,0,1,"GTAG",NA,"ANCHOR_UNIQUE,CANONICAL,CIRCULAR,PERFECT_EXT,UNAMBIGUOUS_BP"
"762","2",20957537,20957711,"hsa_circ_004075",3,"+",1,3,5,5,"my_test_sample",3,0,0,1,"GTAG",NA,"ANCHOR_UNIQUE,CANONICAL,CIRCULAR,PERFECT_EXT,UNAMBIGUOUS_BP"
"763","5",179493060,179493222,"hsa_circ_004076",2,"-",1,2,40,5,"my_test_sample",2,0,2,1,"GTAG",NA,"ANCHOR_UNIQUE,CANONICAL,CIRCULAR,OK_EXT,UNAMBIGUOUS_BP"
"764","2",102034783,102034959,"hsa_circ_004083",2,"+",1,2,40,5,"my_test_sample",2,0,0,1,"GTAG",NA,"ANCHOR_UNIQUE,CANONICAL,CIRCULAR,PERFECT_EXT,UNAMBIGUOUS_BP"
"765","17",83082364,83082591,"hsa_circ_004085",2,"-",1,2,40,40,"my_test_sample",2,0,0,1,"GTAG",NA,"ANCHOR_UNIQUE,CANONICAL,CIRCULAR,PERFECT_EXT,UNAMBIGUOUS_BP"
"766","16",14070135,14070291,"hsa_circ_004088",3,"-",1,3,40,40,"my_test_sample",3,0,0,1,"GTAG",NA,"ANCHOR_UNIQUE,CANONICAL,CIRCULAR,PERFECT_EXT,UNAMBIGUOUS_BP"
"767","1",223068114,223068338,"hsa_circ_004092",2,"+",2,2,5,40,"my_test_sample",2,0,0,1,"GTAG",NA,"ANCHOR_UNIQUE,CANONICAL,CIRCULAR,PERFECT_EXT,UNAMBIGUOUS_BP"
"768","16",1221422,1221649,"hsa_circ_004095",2,"-",2,2,5,5,"my_test_sample",2,0,0,1,"GTAG",NA,"ANCHOR_UNIQUE,CANONICAL,CIRCULAR,PERFECT_EXT,UNAMBIGUOUS_BP"
"769","4",71664582,71664737,"hsa_circ_004101",2,"+",2,2,40,5,"my_test_sample",2,1,0,1,"GTAG",NA,"ANCHOR_UNIQUE,CANONICAL,CIRCULAR,GOOD_EXT,UNAMBIGUOUS_BP"
"770","X",119202927,119203095,"hsa_circ_004112",3,"-",1,3,40,5,"my_test_sample",3,0,0,1,"GTAG",NA,"ANCHOR_UNIQUE,CANONICAL,CIRCULAR,PERFECT_EXT,UNAMBIGUOUS_BP"
"771","2",31043022,31043188,"hsa_circ_004113",2,"-",1,2,5,40,"my_test_sample",2,0,1,1,"GTAG",NA,"ANCHOR_UNIQUE,CANONICAL,CIRCULAR,GOOD_EXT,UNAMBIGUOUS_BP"
"772","2",201939461,201939657,"hsa_circ_004116",2,"-",2,2,40,37,"my_test_sample",2,0,0,1,"GTAG",NA,"ANCHOR_UNIQUE,CANONICAL,CIRCULAR,PERFECT_EXT,UNAMBIGUOUS_BP"
"773","4",26819208,26819365,"hsa_circ_004118",2,"-",1,2,5,40,"my_test_sample",2,0,0,1,"GTAG",NA,"ANCHOR_UNIQUE,CANONICAL,CIRCULAR,PERFECT_EXT,UNAMBIGUOUS_BP"
"774","16",87502013,87502194,"hsa_circ_004119",2,"+",2,1,5,5,"my_test_sample",2,1,0,1,"GTAG",NA,"ANCHOR_UNIQUE,CANONICAL,CIRCULAR,GOOD_EXT,UNAMBIGUOUS_BP"
"775","9",134981519,134981696,"hsa_circ_004120",3,"+",1,3,5,40,"my_test_sample",3,1,0,1,"GTAG",NA,"ANCHOR_UNIQUE,CANONICAL,CIRCULAR,GOOD_EXT,UNAMBIGUOUS_BP"
"776","10",116472916,116473078,"hsa_circ_004121",2,"-",1,2,5,5,"my_test_sample",2,1,0,1,"GTAG",NA,"ANCHOR_UNIQUE,CANONICAL,CIRCULAR,GOOD_EXT,UNAMBIGUOUS_BP"
"777","3",129369765,129369950,"hsa_circ_004123",2,"+",1,2,5,5,"my_test_sample",2,0,0,1,"GTAG",NA,"ANCHOR_UNIQUE,CANONICAL,CIRCULAR,PERFECT_EXT,UNAMBIGUOUS_BP"
"778","22",50011640,50011791,"hsa_circ_004126",2,"-",2,2,40,40,"my_test_sample",2,0,0,1,"GTAG",NA,"ANCHOR_UNIQUE,CANONICAL,CIRCULAR,PERFECT_EXT,UNAMBIGUOUS_BP"
"779","10",49397732,49397931,"hsa_circ_004132",3,"+",1,3,40,40,"my_test_sample",3,0,0,1,"GTAG",NA,"ANCHOR_UNIQUE,CANONICAL,CIRCULAR,PERFECT_EXT,UNAMBIGUOUS_BP"
"780","1",33328869,33329024,"hsa_circ_004134",2,"-",1,2,40,5,"my_test_sample",2,1,0,1,"GTAG",NA,"ANCHOR_UNIQUE,CANONICAL,CIRCULAR,GOOD_EXT,UNAMBIGUOUS_BP"
"781","1",209033067,209033226,"hsa_circ_004140",2,"+",1,2,5,40,"my_test_sample",2,0,0,1,"GTAG",NA,"ANCHOR_UNIQUE,CANONICAL,CIRCULAR,PERFECT_EXT,UNAMBIGUOUS_BP"
"782","14",41722703,41722891,"hsa_circ_004142",2,"+",2,2,5,5,"my_test_sample",2,0,0,1,"GTAG",NA,"ANCHOR_UNIQUE,CANONICAL,CIRCULAR,PERFECT_EXT,UNAMBIGUOUS_BP"
"783","1",4372885,4373054,"hsa_circ_004154",2,"-",2,2,5,40,"my_test_sample",2,0,0,1,"GTAG",NA,"ANCHOR_UNIQUE,CANONICAL,CIRCULAR,PERFECT_EXT,UNAMBIGUOUS_BP"
"784","5",110028581,110028751,"hsa_circ_004157",3,"-",2,3,40,40,"my_test_sample",3,2,0,1,"GTAG",NA,"ANCHOR_UNIQUE,CANONICAL,CIRCULAR,OK_EXT,UNAMBIGUOUS_BP"
"785","3",122808808,122808986,"hsa_circ_004173",2,"+",1,2,5,5,"my_test_sample",2,2,0,1,"GTAG",NA,"ANCHOR_UNIQUE,CANONICAL,CIRCULAR,OK_EXT,UNAMBIGUOUS_BP"
"786","8",124693140,124693402,"hsa_circ_004178",2,"+",1,2,5,5,"my_test_sample",2,2,0,1,"GTAG",NA,"ANCHOR_UNIQUE,CANONICAL,CIRCULAR,OK_EXT,UNAMBIGUOUS_BP"
"787","1",226213757,226213948,"hsa_circ_004179",2,"+",1,2,40,40,"my_test_sample",2,0,1,1,"GTAG",NA,"ANCHOR_UNIQUE,CANONICAL,CIRCULAR,GOOD_EXT,UNAMBIGUOUS_BP"
"788","16",88231799,88231987,"hsa_circ_004190",2,"-",2,2,40,5,"my_test_sample",2,1,0,1,"GTAG",NA,"ANCHOR_UNIQUE,CANONICAL,CIRCULAR,GOOD_EXT,UNAMBIGUOUS_BP"
"789","6",25447885,25448070,"hsa_circ_004196",3,"-",2,3,5,40,"my_test_sample",3,1,0,1,"GTAG",NA,"ANCHOR_UNIQUE,CANONICAL,CIRCULAR,GOOD_EXT,UNAMBIGUOUS_BP"
"790","X",45897531,45897723,"hsa_circ_004200",2,"+",2,2,5,5,"my_test_sample",2,0,0,1,"GTAG",NA,"ANCHOR_UNIQUE,CANONICAL,CIRCULAR,PERFECT_EXT,UNAMBIGUOUS_BP"
"791","11",102268587,102268799,"hsa_circ_004202",2,"-",2,2,5,40,"my_test_sample",2,0,0,1,"GTAG",NA,"ANCHOR_UNIQUE,CANONICAL,CIRCULAR,PERFECT_EXT,UNAMBIGUOUS_BP"
"792","X",23398797,23398981,"hsa_circ_004205",2,"-",1,2,40,40,"my_test_sample",2,0,0,1,"GTAG",NA,"ANCHOR_UNIQUE,CANONICAL,CIRCULAR,PERFECT_EXT,UNAMBIGUOUS_BP"
"793","17",49443494,49443687,"hsa_circ_004208",2,"-",1,2,40,5,"my_test_sample",2,1,0,1,"GTAG",NA,"ANCHOR_UNIQUE,CANONICAL,CIRCULAR,GOOD_EXT,UNAMBIGUOUS_BP"
"794","4",14880678,14880858,"hsa_circ_004213",2,"-",1,2,5,40,"my_test_sample",2,1,0,1,"GTAG",NA,"ANCHOR_UNIQUE,CANONICAL,CIRCULAR,GOOD_EXT,UNAMBIGUOUS_BP"
"795","1",17675737,17675925,"hsa_circ_004216",2,"+",2,2,4,5,"my_test_sample",2,1,0,1,"GTAG",NA,"ANCHOR_UNIQUE,CANONICAL,CIRCULAR,GOOD_EXT,UNAMBIGUOUS_BP"
"796","8",81535621,81535789,"hsa_circ_004218",4,"-",2,4,40,40,"my_test_sample",4,0,0,1,"GTAG",NA,"ANCHOR_UNIQUE,CANONICAL,CIRCULAR,PERFECT_EXT,UNAMBIGUOUS_BP"
"797","6",104468835,104469002,"hsa_circ_004223",2,"-",2,2,5,40,"my_test_sample",2,2,0,1,"GTAG",NA,"ANCHOR_UNIQUE,CANONICAL,CIRCULAR,OK_EXT,UNAMBIGUOUS_BP"
"798","1",154539852,154540007,"hsa_circ_004249",2,"+",1,2,40,5,"my_test_sample",2,0,0,1,"GTAG",NA,"ANCHOR_UNIQUE,CANONICAL,CIRCULAR,PERFECT_EXT,UNAMBIGUOUS_BP"
"799","2",117514082,117514270,"hsa_circ_004254",2,"+",1,2,40,40,"my_test_sample",2,0,0,1,"GTAG",NA,"ANCHOR_UNIQUE,CANONICAL,CIRCULAR,PERFECT_EXT,UNAMBIGUOUS_BP"
"800","2",1250781,1252526,"hsa_circ_004261",3,"+",2,3,5,5,"my_test_sample",3,1,0,1,"GTAG",NA,"ANCHOR_UNIQUE,CANONICAL,CIRCULAR,GOOD_EXT,UNAMBIGUOUS_BP"
"801","1",113665187,113665372,"hsa_circ_004262",2,"+",2,2,40,5,"my_test_sample",2,2,0,1,"GTAG",NA,"ANCHOR_UNIQUE,CANONICAL,CIRCULAR,OK_EXT,UNAMBIGUOUS_BP"
"802","1",30900521,30900673,"hsa_circ_004263",2,"+",1,2,4,5,"my_test_sample",2,0,0,1,"GTAG",NA,"ANCHOR_UNIQUE,CANONICAL,CIRCULAR,PERFECT_EXT,UNAMBIGUOUS_BP"
"803","22",35321741,35321896,"hsa_circ_004268",2,"+",2,2,40,5,"my_test_sample",2,2,0,1,"GTAG",NA,"ANCHOR_UNIQUE,CANONICAL,CIRCULAR,OK_EXT,UNAMBIGUOUS_BP"
"804","7",45611062,45611256,"hsa_circ_004273",2,"+",1,2,5,5,"my_test_sample",2,0,2,1,"GTAG",NA,"ANCHOR_UNIQUE,CANONICAL,CIRCULAR,OK_EXT,UNAMBIGUOUS_BP"
"805","9",130949405,130949589,"hsa_circ_004275",2,"+",2,1,3,5,"my_test_sample",2,2,0,1,"GTAG",NA,"ANCHOR_UNIQUE,CANONICAL,CIRCULAR,OK_EXT,UNAMBIGUOUS_BP"
"806","2",78398080,78398255,"hsa_circ_004277",3,"+",1,3,40,5,"my_test_sample",3,0,0,1,"GTAG",NA,"ANCHOR_UNIQUE,CANONICAL,CIRCULAR,PERFECT_EXT,UNAMBIGUOUS_BP"
"807","11",79152598,79152803,"hsa_circ_004287",2,"+",1,2,40,4,"my_test_sample",2,1,0,1,"GTAG",NA,"ANCHOR_UNIQUE,CANONICAL,CIRCULAR,GOOD_EXT,UNAMBIGUOUS_BP"
"808","1",17570609,17570778,"hsa_circ_004294",2,"+",2,2,37,5,"my_test_sample",2,0,0,1,"GTAG",NA,"ANCHOR_UNIQUE,CANONICAL,CIRCULAR,PERFECT_EXT,UNAMBIGUOUS_BP"
"809","11",43982458,43982650,"hsa_circ_004297",3,"-",1,3,40,40,"my_test_sample",3,0,0,1,"GTAG",NA,"ANCHOR_UNIQUE,CANONICAL,CIRCULAR,PERFECT_EXT,UNAMBIGUOUS_BP"
"810","3",133957608,133957771,"hsa_circ_004298",2,"+",1,2,40,40,"my_test_sample",2,0,1,1,"GTAG",NA,"ANCHOR_UNIQUE,CANONICAL,CIRCULAR,GOOD_EXT,UNAMBIGUOUS_BP"
"811","17",7367092,7367368,"hsa_circ_004299",2,"-",1,2,5,5,"my_test_sample",2,0,0,1,"GTAG",NA,"ANCHOR_UNIQUE,CANONICAL,CIRCULAR,PERFECT_EXT,UNAMBIGUOUS_BP"
"812","7",74418669,74418822,"hsa_circ_004300",3,"+",1,3,5,5,"my_test_sample",3,0,0,1,"GTAG",NA,"ANCHOR_UNIQUE,CANONICAL,CIRCULAR,PERFECT_EXT,UNAMBIGUOUS_BP"
"813","8",71246905,71247099,"hsa_circ_004306",2,"-",1,2,40,40,"my_test_sample",2,2,0,1,"GTAG",NA,"ANCHOR_UNIQUE,CANONICAL,CIRCULAR,OK_EXT,UNAMBIGUOUS_BP"
"814","3",129320983,129321151,"hsa_circ_004315",2,"-",1,2,5,5,"my_test_sample",2,0,0,1,"GTAG",NA,"ANCHOR_UNIQUE,CANONICAL,CIRCULAR,PERFECT_EXT,UNAMBIGUOUS_BP"
"815","20",47180495,47180717,"hsa_circ_004331",2,"-",1,2,5,5,"my_test_sample",2,0,0,1,"GTAG",NA,"ANCHOR_UNIQUE,CANONICAL,CIRCULAR,PERFECT_EXT,UNAMBIGUOUS_BP"
"816","16",86244745,86244904,"hsa_circ_004338",3,"+",2,3,40,5,"my_test_sample",3,0,0,1,"GTAG",NA,"ANCHOR_UNIQUE,CANONICAL,CIRCULAR,PERFECT_EXT,UNAMBIGUOUS_BP"
"817","6",168115852,168116046,"hsa_circ_004356",2,"-",1,2,5,5,"my_test_sample",2,1,0,1,"GTAG",NA,"ANCHOR_UNIQUE,CANONICAL,CIRCULAR,GOOD_EXT,UNAMBIGUOUS_BP"
"818","4",55924280,55924457,"hsa_circ_004357",3,"-",1,3,40,40,"my_test_sample",3,2,0,1,"GTAG",NA,"ANCHOR_UNIQUE,CANONICAL,CIRCULAR,OK_EXT,UNAMBIGUOUS_BP"
"819","X",14646470,14646792,"hsa_circ_004359",2,"+",1,2,40,40,"my_test_sample",2,2,0,1,"GTAG",NA,"ANCHOR_UNIQUE,CANONICAL,CIRCULAR,OK_EXT,UNAMBIGUOUS_BP"
"820","1",29466603,29466812,"hsa_circ_004372",2,"-",2,2,40,5,"my_test_sample",2,1,0,1,"GTAG",NA,"ANCHOR_UNIQUE,CANONICAL,CIRCULAR,GOOD_EXT,UNAMBIGUOUS_BP"
"821","10",86283883,86284067,"hsa_circ_004374",2,"-",2,1,5,5,"my_test_sample",2,0,0,1,"GTAG",NA,"ANCHOR_UNIQUE,CANONICAL,CIRCULAR,PERFECT_EXT,UNAMBIGUOUS_BP"
"822","12",51818121,51818354,"hsa_circ_004375",2,"-",1,2,40,40,"my_test_sample",2,2,0,1,"GTAG",NA,"ANCHOR_UNIQUE,CANONICAL,CIRCULAR,OK_EXT,UNAMBIGUOUS_BP"
"823","20",37885166,37885351,"hsa_circ_004380",2,"+",1,2,5,5,"my_test_sample",2,2,0,1,"GTAG",NA,"ANCHOR_UNIQUE,CANONICAL,CIRCULAR,OK_EXT,UNAMBIGUOUS_BP"
"824","19",952711,952882,"hsa_circ_004382",2,"+",2,2,37,5,"my_test_sample",2,0,0,1,"GTAG",NA,"ANCHOR_UNIQUE,CANONICAL,CIRCULAR,PERFECT_EXT,UNAMBIGUOUS_BP"
"825","10",86059056,86059301,"hsa_circ_004391",4,"+",2,4,5,40,"my_test_sample",4,1,0,1,"GTAG",NA,"ANCHOR_UNIQUE,CANONICAL,CIRCULAR,GOOD_EXT,UNAMBIGUOUS_BP"
"826","17",78150525,78150768,"hsa_circ_004397",2,"+",2,2,5,40,"my_test_sample",2,0,0,1,"GTAG",NA,"ANCHOR_UNIQUE,CANONICAL,CIRCULAR,PERFECT_EXT,UNAMBIGUOUS_BP"
"827","2",233907767,233907927,"hsa_circ_004404",2,"+",2,2,40,5,"my_test_sample",2,1,0,1,"GTAG",NA,"ANCHOR_UNIQUE,CANONICAL,CIRCULAR,GOOD_EXT,UNAMBIGUOUS_BP"
"828","X",69526858,69527028,"hsa_circ_004405",2,"+",1,2,40,5,"my_test_sample",2,1,1,1,"GTAG",NA,"ANCHOR_UNIQUE,CANONICAL,CIRCULAR,GOOD_EXT,UNAMBIGUOUS_BP"
"829","1",34897315,34897537,"hsa_circ_004406",2,"-",1,2,5,5,"my_test_sample",2,0,0,1,"GTAG",NA,"ANCHOR_UNIQUE,CANONICAL,CIRCULAR,PERFECT_EXT,UNAMBIGUOUS_BP"
"830","13",50444788,50444944,"hsa_circ_004411",2,"+",1,2,40,40,"my_test_sample",2,2,0,1,"GTAG",NA,"ANCHOR_UNIQUE,CANONICAL,CIRCULAR,OK_EXT,UNAMBIGUOUS_BP"
"831","10",80465841,80466007,"hsa_circ_004424",2,"+",1,2,5,40,"my_test_sample",2,1,0,1,"GTAG",NA,"ANCHOR_UNIQUE,CANONICAL,CIRCULAR,GOOD_EXT,UNAMBIGUOUS_BP"
"832","10",17549436,17549745,"hsa_circ_004431",2,"+",1,2,5,5,"my_test_sample",2,2,0,1,"GTAG",NA,"ANCHOR_UNIQUE,CANONICAL,CIRCULAR,OK_EXT,UNAMBIGUOUS_BP"
"833","20",57733983,57734136,"hsa_circ_004432",2,"+",2,2,5,40,"my_test_sample",2,1,0,1,"GTAG",NA,"ANCHOR_UNIQUE,CANONICAL,CIRCULAR,GOOD_EXT,UNAMBIGUOUS_BP"
"834","6",10195962,10196125,"hsa_circ_004434",5,"+",2,5,40,40,"my_test_sample",5,2,0,1,"GTAG",NA,"ANCHOR_UNIQUE,CANONICAL,CIRCULAR,OK_EXT,UNAMBIGUOUS_BP"
"835","1",24508418,24508602,"hsa_circ_004435",4,"+",1,4,5,5,"my_test_sample",4,1,0,1,"GTAG",NA,"ANCHOR_UNIQUE,CANONICAL,CIRCULAR,GOOD_EXT,UNAMBIGUOUS_BP"
"836","15",70061371,70061525,"hsa_circ_004440",3,"+",2,3,40,5,"my_test_sample",3,0,0,1,"GTAG",NA,"ANCHOR_UNIQUE,CANONICAL,CIRCULAR,PERFECT_EXT,UNAMBIGUOUS_BP"
"837","19",12855542,12855777,"hsa_circ_004441",2,"-",2,2,40,3,"my_test_sample",2,0,0,1,"GTAG",NA,"ANCHOR_UNIQUE,CANONICAL,CIRCULAR,PERFECT_EXT,UNAMBIGUOUS_BP"
"838","X",1296041,1296215,"hsa_circ_004442",2,"-",2,2,40,40,"my_test_sample",2,2,0,1,"GTAG",NA,"ANCHOR_UNIQUE,CANONICAL,CIRCULAR,OK_EXT,UNAMBIGUOUS_BP"
"839","1",64859503,64859720,"hsa_circ_004444",2,"-",1,2,40,5,"my_test_sample",2,0,0,1,"GTAG",NA,"ANCHOR_UNIQUE,CANONICAL,CIRCULAR,PERFECT_EXT,UNAMBIGUOUS_BP"
"840","14",83308789,83308952,"hsa_circ_004449",3,"+",1,3,40,5,"my_test_sample",3,0,0,1,"GTAG",NA,"ANCHOR_UNIQUE,CANONICAL,CIRCULAR,PERFECT_EXT,UNAMBIGUOUS_BP"
"841","9",28900120,28900278,"hsa_circ_004450",3,"+",1,3,5,5,"my_test_sample",3,2,0,1,"GTAG",NA,"ANCHOR_UNIQUE,CANONICAL,CIRCULAR,OK_EXT,UNAMBIGUOUS_BP"
"842","5",71482166,71482338,"hsa_circ_004453",2,"+",2,2,5,40,"my_test_sample",2,0,0,1,"GTAG",NA,"ANCHOR_UNIQUE,CANONICAL,CIRCULAR,PERFECT_EXT,UNAMBIGUOUS_BP"
"843","15",79302545,79302705,"hsa_circ_004457",2,"+",1,2,40,40,"my_test_sample",2,1,0,1,"GTAG",NA,"ANCHOR_UNIQUE,CANONICAL,CIRCULAR,GOOD_EXT,UNAMBIGUOUS_BP"
"844","8",132524639,132524795,"hsa_circ_004458",2,"-",1,2,5,5,"my_test_sample",2,2,0,1,"GTAG",NA,"ANCHOR_UNIQUE,CANONICAL,CIRCULAR,OK_EXT,UNAMBIGUOUS_BP"
"845","1",199973631,199973785,"hsa_circ_004474",2,"+",1,2,40,5,"my_test_sample",2,1,0,1,"GTAG",NA,"ANCHOR_UNIQUE,CANONICAL,CIRCULAR,GOOD_EXT,UNAMBIGUOUS_BP"
"846","19",35222500,35222683,"hsa_circ_004477",2,"-",2,2,40,40,"my_test_sample",2,1,0,1,"GTAG",NA,"ANCHOR_UNIQUE,CANONICAL,CIRCULAR,GOOD_EXT,UNAMBIGUOUS_BP"
"847","1",157316279,157316443,"hsa_circ_004485",2,"+",1,2,5,5,"my_test_sample",2,0,0,1,"GTAG",NA,"ANCHOR_UNIQUE,CANONICAL,CIRCULAR,PERFECT_EXT,UNAMBIGUOUS_BP"
"848","19",20892287,20892438,"hsa_circ_004497",2,"-",1,2,5,40,"my_test_sample",2,1,0,1,"GTAG",NA,"ANCHOR_UNIQUE,CANONICAL,CIRCULAR,GOOD_EXT,UNAMBIGUOUS_BP"
"849","17",46912133,46912386,"hsa_circ_004498",2,"-",1,2,5,5,"my_test_sample",2,0,0,1,"GTAG",NA,"ANCHOR_UNIQUE,CANONICAL,CIRCULAR,PERFECT_EXT,UNAMBIGUOUS_BP"
"850","17",71311989,71312163,"hsa_circ_004500",2,"-",1,2,5,40,"my_test_sample",2,2,0,1,"GTAG",NA,"ANCHOR_UNIQUE,CANONICAL,CIRCULAR,OK_EXT,UNAMBIGUOUS_BP"
"851","3",153044608,153044771,"hsa_circ_004508",2,"-",2,2,5,40,"my_test_sample",2,0,0,1,"GTAG",NA,"ANCHOR_UNIQUE,CANONICAL,CIRCULAR,PERFECT_EXT,UNAMBIGUOUS_BP"
"852","2",1524677,1524846,"hsa_circ_004525",4,"-",3,2,35,40,"my_test_sample",4,0,0,1,"GTAG",NA,"ANCHOR_UNIQUE,CANONICAL,CIRCULAR,PERFECT_EXT,UNAMBIGUOUS_BP"
"853","10",132918782,132918986,"hsa_circ_004527",2,"-",1,2,5,40,"my_test_sample",2,0,0,1,"GTAG",NA,"ANCHOR_UNIQUE,CANONICAL,CIRCULAR,PERFECT_EXT,UNAMBIGUOUS_BP"
"854","8",25099012,25099185,"hsa_circ_004530",3,"-",1,3,40,5,"my_test_sample",3,2,0,1,"GTAG",NA,"ANCHOR_UNIQUE,CANONICAL,CIRCULAR,OK_EXT,UNAMBIGUOUS_BP"
"855","17",79251826,79251989,"hsa_circ_004532",2,"-",1,2,5,5,"my_test_sample",2,1,1,1,"GTAG",NA,"ANCHOR_UNIQUE,CANONICAL,CIRCULAR,GOOD_EXT,UNAMBIGUOUS_BP"
"856","X",108237062,108237236,"hsa_circ_004536",2,"+",1,2,40,40,"my_test_sample",2,0,0,1,"GTAG",NA,"ANCHOR_UNIQUE,CANONICAL,CIRCULAR,PERFECT_EXT,UNAMBIGUOUS_BP"
"857","6",169805094,169805304,"hsa_circ_004546",2,"+",1,2,40,40,"my_test_sample",2,2,0,1,"GTAG",NA,"ANCHOR_UNIQUE,CANONICAL,CIRCULAR,OK_EXT,UNAMBIGUOUS_BP"
"858","5",2711590,2711821,"hsa_circ_004558",2,"-",1,2,40,40,"my_test_sample",2,1,0,1,"GTAG",NA,"ANCHOR_UNIQUE,CANONICAL,CIRCULAR,GOOD_EXT,UNAMBIGUOUS_BP"
"859","10",129224115,129224267,"hsa_circ_004568",2,"+",2,2,5,5,"my_test_sample",2,1,0,1,"GTAG",NA,"ANCHOR_UNIQUE,CANONICAL,CIRCULAR,GOOD_EXT,UNAMBIGUOUS_BP"
"860","5",75978115,75978396,"hsa_circ_004574",2,"+",2,2,5,40,"my_test_sample",2,0,0,1,"GTAG",NA,"ANCHOR_UNIQUE,CANONICAL,CIRCULAR,PERFECT_EXT,UNAMBIGUOUS_BP"
"861","X",100482319,100482490,"hsa_circ_004575",3,"-",1,3,5,5,"my_test_sample",3,1,0,1,"GTAG",NA,"ANCHOR_UNIQUE,CANONICAL,CIRCULAR,GOOD_EXT,UNAMBIGUOUS_BP"
"862","7",51908259,51908503,"hsa_circ_004577",2,"-",1,2,5,40,"my_test_sample",2,1,0,1,"GTAG",NA,"ANCHOR_UNIQUE,CANONICAL,CIRCULAR,GOOD_EXT,UNAMBIGUOUS_BP"
"863","19",10221461,10221664,"hsa_circ_004579",2,"+",2,2,40,37,"my_test_sample",2,1,0,1,"GTAG",NA,"ANCHOR_UNIQUE,CANONICAL,CIRCULAR,GOOD_EXT,UNAMBIGUOUS_BP"
"864","8",144020371,144020531,"hsa_circ_004580",2,"-",1,2,5,5,"my_test_sample",2,1,0,1,"GTAG",NA,"ANCHOR_UNIQUE,CANONICAL,CIRCULAR,GOOD_EXT,UNAMBIGUOUS_BP"
"865","6",115442486,115442638,"hsa_circ_004583",2,"-",2,2,5,40,"my_test_sample",2,1,0,1,"GTAG",NA,"ANCHOR_UNIQUE,CANONICAL,CIRCULAR,GOOD_EXT,UNAMBIGUOUS_BP"
"866","11",15651892,15652047,"hsa_circ_004585",2,"+",2,2,40,5,"my_test_sample",2,0,0,1,"GTAG",NA,"ANCHOR_UNIQUE,CANONICAL,CIRCULAR,PERFECT_EXT,UNAMBIGUOUS_BP"
"867","1",78167088,78167265,"hsa_circ_004599",2,"+",1,2,5,40,"my_test_sample",2,1,0,1,"GTAG",NA,"ANCHOR_UNIQUE,CANONICAL,CIRCULAR,GOOD_EXT,UNAMBIGUOUS_BP"
"868","X",9733202,9733356,"hsa_circ_004603",3,"+",3,3,40,40,"my_test_sample",3,0,0,1,"GTAG",NA,"ANCHOR_UNIQUE,CANONICAL,CIRCULAR,PERFECT_EXT,UNAMBIGUOUS_BP"
"869","7",83483972,83484568,"hsa_circ_004612",5,"-",1,5,40,40,"my_test_sample",5,0,0,1,"GTAG",NA,"ANCHOR_UNIQUE,CANONICAL,CIRCULAR,PERFECT_EXT,UNAMBIGUOUS_BP"
"870","9",127028631,127028984,"hsa_circ_004613",2,"+",1,2,4,40,"my_test_sample",2,0,0,1,"GTAG",NA,"ANCHOR_UNIQUE,CANONICAL,CIRCULAR,PERFECT_EXT,UNAMBIGUOUS_BP"
"871","10",78261519,78261708,"hsa_circ_004614",2,"+",2,2,5,5,"my_test_sample",2,0,0,1,"GTAG",NA,"ANCHOR_UNIQUE,CANONICAL,CIRCULAR,PERFECT_EXT,UNAMBIGUOUS_BP"
"872","20",39893425,39893577,"hsa_circ_004623",2,"+",1,2,40,5,"my_test_sample",2,1,0,1,"GTAG",NA,"ANCHOR_UNIQUE,CANONICAL,CIRCULAR,GOOD_EXT,UNAMBIGUOUS_BP"
"873","5",139838904,139839110,"hsa_circ_004630",3,"-",1,3,5,5,"my_test_sample",3,1,0,1,"GTAG",NA,"ANCHOR_UNIQUE,CANONICAL,CIRCULAR,GOOD_EXT,UNAMBIGUOUS_BP"
"874","22",36469602,36469784,"hsa_circ_004632",2,"+",2,2,4,40,"my_test_sample",2,1,0,1,"GTAG",NA,"ANCHOR_UNIQUE,CANONICAL,CIRCULAR,GOOD_EXT,UNAMBIGUOUS_BP"
"875","15",93853685,93853867,"hsa_circ_004647",2,"-",1,2,40,5,"my_test_sample",2,1,0,1,"GTAG",NA,"ANCHOR_UNIQUE,CANONICAL,CIRCULAR,GOOD_EXT,UNAMBIGUOUS_BP"
"876","2",169091111,169091413,"hsa_circ_004652",2,"-",1,2,40,5,"my_test_sample",2,1,0,1,"GTAG",NA,"ANCHOR_UNIQUE,CANONICAL,CIRCULAR,GOOD_EXT,UNAMBIGUOUS_BP"
"877","2",186980179,186980358,"hsa_circ_004658",2,"-",1,2,40,40,"my_test_sample",2,1,0,1,"GTAG",NA,"ANCHOR_UNIQUE,CANONICAL,CIRCULAR,GOOD_EXT,UNAMBIGUOUS_BP"
"878","18",49067338,49067418,"hsa_circ_004671",2,"+",2,1,3,4,"my_test_sample",2,1,0,1,"GTAG",NA,"ANCHOR_UNIQUE,CANONICAL,CIRCULAR,GOOD_EXT,UNAMBIGUOUS_BP"
"879","5",179355995,179356155,"hsa_circ_004674",2,"-",2,1,40,40,"my_test_sample",2,2,0,1,"GTAG",NA,"ANCHOR_UNIQUE,CANONICAL,CIRCULAR,OK_EXT,UNAMBIGUOUS_BP"
"880","4",189490812,189490992,"hsa_circ_004677",2,"+",1,2,5,5,"my_test_sample",2,2,0,1,"GTAG",NA,"ANCHOR_UNIQUE,CANONICAL,CIRCULAR,OK_EXT,UNAMBIGUOUS_BP"
"881","9",116486449,116486652,"hsa_circ_004696",3,"+",1,3,5,40,"my_test_sample",3,0,0,1,"GTAG",NA,"ANCHOR_UNIQUE,CANONICAL,CIRCULAR,PERFECT_EXT,UNAMBIGUOUS_BP"
"882","18",9866477,9866657,"hsa_circ_004702",3,"+",2,3,5,5,"my_test_sample",3,0,0,1,"GTAG",NA,"ANCHOR_UNIQUE,CANONICAL,CIRCULAR,PERFECT_EXT,UNAMBIGUOUS_BP"
"883","18",75825983,75826139,"hsa_circ_004703",3,"-",3,3,40,40,"my_test_sample",3,0,0,1,"GTAG",NA,"ANCHOR_UNIQUE,CANONICAL,CIRCULAR,PERFECT_EXT,UNAMBIGUOUS_BP"
"884","11",94550547,94550764,"hsa_circ_004705",2,"+",1,2,5,5,"my_test_sample",2,0,0,1,"GTAG",NA,"ANCHOR_UNIQUE,CANONICAL,CIRCULAR,PERFECT_EXT,UNAMBIGUOUS_BP"
"885","16",1651410,1651648,"hsa_circ_004723",2,"+",2,2,35,40,"my_test_sample",2,0,0,1,"GTAG",NA,"ANCHOR_UNIQUE,CANONICAL,CIRCULAR,PERFECT_EXT,UNAMBIGUOUS_BP"
"886","2",118263936,118264099,"hsa_circ_004726",2,"-",1,2,40,40,"my_test_sample",2,0,0,1,"GTAG",NA,"ANCHOR_UNIQUE,CANONICAL,CIRCULAR,PERFECT_EXT,UNAMBIGUOUS_BP"
"887","9",136477123,136477314,"hsa_circ_004727",2,"-",1,2,40,5,"my_test_sample",2,2,0,1,"GTAG",NA,"ANCHOR_UNIQUE,CANONICAL,CIRCULAR,OK_EXT,UNAMBIGUOUS_BP"
"888","16",72196810,72196960,"hsa_circ_004731",2,"+",1,2,40,40,"my_test_sample",2,1,0,1,"GTAG",NA,"ANCHOR_UNIQUE,CANONICAL,CIRCULAR,GOOD_EXT,UNAMBIGUOUS_BP"
"889","16",4666660,4666868,"hsa_circ_004735",2,"-",1,2,5,40,"my_test_sample",2,0,0,1,"GTAG",NA,"ANCHOR_UNIQUE,CANONICAL,CIRCULAR,PERFECT_EXT,UNAMBIGUOUS_BP"
"890","15",40590901,40591054,"hsa_circ_004738",2,"+",1,2,40,4,"my_test_sample",2,1,0,1,"GTAG",NA,"ANCHOR_UNIQUE,CANONICAL,CIRCULAR,GOOD_EXT,UNAMBIGUOUS_BP"
"891","2",19807032,19808885,"hsa_circ_004749",2,"+",2,2,40,40,"my_test_sample",2,1,0,1,"GTAG",NA,"ANCHOR_UNIQUE,CANONICAL,CIRCULAR,GOOD_EXT,UNAMBIGUOUS_BP"
"892","19",20872297,20872524,"hsa_circ_004752",2,"-",2,2,40,40,"my_test_sample",2,0,0,1,"GTAG",NA,"ANCHOR_UNIQUE,CANONICAL,CIRCULAR,PERFECT_EXT,UNAMBIGUOUS_BP"
"893","1",180266151,180266305,"hsa_circ_004753",2,"+",1,2,40,40,"my_test_sample",2,0,0,1,"GTAG",NA,"ANCHOR_UNIQUE,CANONICAL,CIRCULAR,PERFECT_EXT,UNAMBIGUOUS_BP"
"894","17",4007534,4007698,"hsa_circ_004759",4,"+",1,4,40,40,"my_test_sample",4,2,0,1,"GTAG",NA,"ANCHOR_UNIQUE,CANONICAL,CIRCULAR,OK_EXT,UNAMBIGUOUS_BP"
"895","1",184248371,184249990,"hsa_circ_004760",2,"+",1,2,5,5,"my_test_sample",2,0,0,1,"GTAG",NA,"ANCHOR_UNIQUE,CANONICAL,CIRCULAR,PERFECT_EXT,UNAMBIGUOUS_BP"
"896","17",50836239,50836434,"hsa_circ_004763",2,"+",2,2,37,5,"my_test_sample",2,0,1,1,"GTAG",NA,"ANCHOR_UNIQUE,CANONICAL,CIRCULAR,GOOD_EXT,UNAMBIGUOUS_BP"
"897","1",202109170,202109339,"hsa_circ_004769",2,"+",2,2,40,5,"my_test_sample",2,1,0,1,"GTAG",NA,"ANCHOR_UNIQUE,CANONICAL,CIRCULAR,GOOD_EXT,UNAMBIGUOUS_BP"
"898","7",46765993,46766252,"hsa_circ_004775",2,"+",1,2,5,40,"my_test_sample",2,0,0,1,"GTAG",NA,"ANCHOR_UNIQUE,CANONICAL,CIRCULAR,PERFECT_EXT,UNAMBIGUOUS_BP"
"899","6",44184150,44184318,"hsa_circ_004779",2,"-",1,2,40,5,"my_test_sample",2,1,0,1,"GTAG",NA,"ANCHOR_UNIQUE,CANONICAL,CIRCULAR,GOOD_EXT,UNAMBIGUOUS_BP"
"900","5",98791975,98792180,"hsa_circ_004782",2,"+",1,2,40,40,"my_test_sample",2,1,0,1,"GTAG",NA,"ANCHOR_UNIQUE,CANONICAL,CIRCULAR,GOOD_EXT,UNAMBIGUOUS_BP"
"901","11",69951214,69951408,"hsa_circ_004785",2,"+",1,2,40,5,"my_test_sample",2,0,0,1,"GTAG",NA,"ANCHOR_UNIQUE,CANONICAL,CIRCULAR,PERFECT_EXT,UNAMBIGUOUS_BP"
"902","10",101833977,101834131,"hsa_circ_004789",2,"-",1,2,5,5,"my_test_sample",2,0,0,1,"GTAG",NA,"ANCHOR_UNIQUE,CANONICAL,CIRCULAR,PERFECT_EXT,UNAMBIGUOUS_BP"
"903","8",724874,725065,"hsa_circ_004794",2,"-",1,2,40,5,"my_test_sample",2,0,0,1,"GTAG",NA,"ANCHOR_UNIQUE,CANONICAL,CIRCULAR,PERFECT_EXT,UNAMBIGUOUS_BP"
"904","2",208569754,208569959,"hsa_circ_004796",3,"+",1,3,40,5,"my_test_sample",3,1,0,1,"GTAG",NA,"ANCHOR_UNIQUE,CANONICAL,CIRCULAR,GOOD_EXT,UNAMBIGUOUS_BP"
"905","19",44986419,44986597,"hsa_circ_004802",2,"-",2,2,40,5,"my_test_sample",2,0,0,1,"GTAG",NA,"ANCHOR_UNIQUE,CANONICAL,CIRCULAR,PERFECT_EXT,UNAMBIGUOUS_BP"
"906","14",76049998,76050169,"hsa_circ_004804",2,"-",1,2,40,5,"my_test_sample",2,1,0,1,"GTAG",NA,"ANCHOR_UNIQUE,CANONICAL,CIRCULAR,GOOD_EXT,UNAMBIGUOUS_BP"
"907","2",15274410,15274569,"hsa_circ_004807",2,"+",1,2,3,40,"my_test_sample",2,0,0,1,"GTAG",NA,"ANCHOR_UNIQUE,CANONICAL,CIRCULAR,PERFECT_EXT,UNAMBIGUOUS_BP"
"908","19",20885179,20885331,"hsa_circ_004817",2,"-",1,2,5,5,"my_test_sample",2,1,0,1,"GTAG",NA,"ANCHOR_UNIQUE,CANONICAL,CIRCULAR,GOOD_EXT,UNAMBIGUOUS_BP"
"909","7",157723382,157723592,"hsa_circ_004819",2,"-",1,2,5,4,"my_test_sample",2,1,0,1,"GTAG",NA,"ANCHOR_UNIQUE,CANONICAL,CIRCULAR,GOOD_EXT,UNAMBIGUOUS_BP"
"910","2",168478559,168478858,"hsa_circ_004820",2,"-",1,2,5,40,"my_test_sample",2,1,0,1,"GTAG",NA,"ANCHOR_UNIQUE,CANONICAL,CIRCULAR,GOOD_EXT,UNAMBIGUOUS_BP"
"911","10",131615428,131615649,"hsa_circ_004828",2,"+",1,2,5,5,"my_test_sample",2,1,0,1,"GTAG",NA,"ANCHOR_UNIQUE,CANONICAL,CIRCULAR,GOOD_EXT,UNAMBIGUOUS_BP"
"912","19",4610343,4610505,"hsa_circ_004829",3,"+",2,3,5,40,"my_test_sample",3,0,0,1,"GTAG",NA,"ANCHOR_UNIQUE,CANONICAL,CIRCULAR,PERFECT_EXT,UNAMBIGUOUS_BP"
"913","3",137847887,137848083,"hsa_circ_004837",2,"-",1,2,5,3,"my_test_sample",2,1,0,1,"GTAG",NA,"ANCHOR_UNIQUE,CANONICAL,CIRCULAR,GOOD_EXT,UNAMBIGUOUS_BP"
"914","19",27524488,27524660,"hsa_circ_004839",3,"+",2,3,5,5,"my_test_sample",3,2,0,1,"GTAG",NA,"ANCHOR_UNIQUE,CANONICAL,CIRCULAR,OK_EXT,UNAMBIGUOUS_BP"
"915","17",45231455,45231609,"hsa_circ_004842",2,"+",1,2,5,5,"my_test_sample",2,2,0,1,"GTAG",NA,"ANCHOR_UNIQUE,CANONICAL,CIRCULAR,OK_EXT,UNAMBIGUOUS_BP"
"916","1",214128459,214128629,"hsa_circ_004863",4,"+",2,4,5,5,"my_test_sample",4,1,0,1,"GTAG",NA,"ANCHOR_UNIQUE,CANONICAL,CIRCULAR,GOOD_EXT,UNAMBIGUOUS_BP"
"917","7",103876983,103877161,"hsa_circ_004879",2,"-",1,2,40,40,"my_test_sample",2,1,0,1,"GTAG",NA,"ANCHOR_UNIQUE,CANONICAL,CIRCULAR,GOOD_EXT,UNAMBIGUOUS_BP"
"918","7",156449579,156449737,"hsa_circ_004888",5,"+",2,5,5,40,"my_test_sample",5,2,0,1,"GTAG",NA,"ANCHOR_UNIQUE,CANONICAL,CIRCULAR,OK_EXT,UNAMBIGUOUS_BP"
"919","X",79249715,79250529,"hsa_circ_004896",2,"+",1,2,5,40,"my_test_sample",2,1,0,1,"GTAG",NA,"ANCHOR_UNIQUE,CANONICAL,CIRCULAR,GOOD_EXT,UNAMBIGUOUS_BP"
"920","3",65264750,65264984,"hsa_circ_004902",2,"+",1,2,5,5,"my_test_sample",2,2,0,1,"GTAG",NA,"ANCHOR_UNIQUE,CANONICAL,CIRCULAR,OK_EXT,UNAMBIGUOUS_BP"
"921","7",34582090,34582271,"hsa_circ_004907",2,"-",2,1,5,4,"my_test_sample",2,2,0,1,"GTAG",NA,"ANCHOR_UNIQUE,CANONICAL,CIRCULAR,OK_EXT,UNAMBIGUOUS_BP"
"922","10",60979854,60980005,"hsa_circ_004909",2,"+",1,2,40,40,"my_test_sample",2,0,0,1,"GTAG",NA,"ANCHOR_UNIQUE,CANONICAL,CIRCULAR,PERFECT_EXT,UNAMBIGUOUS_BP"
"923","3",46870441,46870639,"hsa_circ_004914",2,"-",2,2,5,40,"my_test_sample",2,0,0,1,"GTAG",NA,"ANCHOR_UNIQUE,CANONICAL,CIRCULAR,PERFECT_EXT,UNAMBIGUOUS_BP"
"924","1",4131282,4131453,"hsa_circ_004917",2,"+",1,2,40,5,"my_test_sample",2,0,0,1,"GTAG",NA,"ANCHOR_UNIQUE,CANONICAL,CIRCULAR,PERFECT_EXT,UNAMBIGUOUS_BP"
"925","19",20897307,20911728,"hsa_circ_004928",3,"-",2,3,5,5,"my_test_sample",3,0,0,1,"GTAG",NA,"ANCHOR_UNIQUE,CANONICAL,CIRCULAR,PERFECT_EXT,UNAMBIGUOUS_BP"
"926","5",58776032,58776229,"hsa_circ_004931",2,"-",1,2,40,5,"my_test_sample",2,2,0,1,"GTAG",NA,"ANCHOR_UNIQUE,CANONICAL,CIRCULAR,OK_EXT,UNAMBIGUOUS_BP"
"927","16",89158493,89158866,"hsa_circ_004936",3,"-",2,2,5,40,"my_test_sample",3,1,0,1,"GTAG",NA,"ANCHOR_UNIQUE,CANONICAL,CIRCULAR,GOOD_EXT,UNAMBIGUOUS_BP"
"928","3",86768195,86768360,"hsa_circ_004938",2,"+",2,2,40,40,"my_test_sample",2,0,0,1,"GTAG",NA,"ANCHOR_UNIQUE,CANONICAL,CIRCULAR,PERFECT_EXT,UNAMBIGUOUS_BP"
"929","X",3396918,3397092,"hsa_circ_004939",2,"+",2,2,4,5,"my_test_sample",2,0,0,1,"GTAG",NA,"ANCHOR_UNIQUE,CANONICAL,CIRCULAR,PERFECT_EXT,UNAMBIGUOUS_BP"
"930","2",5553054,5553212,"hsa_circ_004942",3,"-",2,3,40,5,"my_test_sample",3,0,0,1,"GTAG",NA,"ANCHOR_UNIQUE,CANONICAL,CIRCULAR,PERFECT_EXT,UNAMBIGUOUS_BP"
"931","21",16337961,16338134,"hsa_circ_004944",2,"+",1,2,5,40,"my_test_sample",2,2,0,1,"GTAG",NA,"ANCHOR_UNIQUE,CANONICAL,CIRCULAR,OK_EXT,UNAMBIGUOUS_BP"
"932","1",187838431,187838617,"hsa_circ_004946",3,"+",2,3,5,40,"my_test_sample",3,1,0,1,"GTAG",NA,"ANCHOR_UNIQUE,CANONICAL,CIRCULAR,GOOD_EXT,UNAMBIGUOUS_BP"
"933","17",50884067,50884297,"hsa_circ_004953",2,"-",1,2,40,40,"my_test_sample",2,2,0,1,"GTAG",NA,"ANCHOR_UNIQUE,CANONICAL,CIRCULAR,OK_EXT,UNAMBIGUOUS_BP"
"934","17",17624624,17624801,"hsa_circ_004958",2,"+",1,2,4,40,"my_test_sample",2,1,0,1,"GTAG",NA,"ANCHOR_UNIQUE,CANONICAL,CIRCULAR,GOOD_EXT,UNAMBIGUOUS_BP"
"935","17",10477579,10477738,"hsa_circ_004966",2,"+",2,1,5,40,"my_test_sample",2,1,0,1,"GTAG",NA,"ANCHOR_UNIQUE,CANONICAL,CIRCULAR,GOOD_EXT,UNAMBIGUOUS_BP"
"936","10",101807232,101807419,"hsa_circ_004979",4,"+",3,4,40,5,"my_test_sample",4,0,0,1,"GTAG",NA,"ANCHOR_UNIQUE,CANONICAL,CIRCULAR,PERFECT_EXT,UNAMBIGUOUS_BP"
"937","9",113488088,113488261,"hsa_circ_005005",2,"+",1,2,40,5,"my_test_sample",2,0,0,1,"GTAG",NA,"ANCHOR_UNIQUE,CANONICAL,CIRCULAR,PERFECT_EXT,UNAMBIGUOUS_BP"
"938","9",75824245,75824399,"hsa_circ_005007",2,"-",1,2,40,5,"my_test_sample",2,0,0,1,"GTAG",NA,"ANCHOR_UNIQUE,CANONICAL,CIRCULAR,PERFECT_EXT,UNAMBIGUOUS_BP"
"939","9",27873869,27874042,"hsa_circ_005009",2,"+",2,2,5,5,"my_test_sample",2,1,0,1,"GTAG",NA,"ANCHOR_UNIQUE,CANONICAL,CIRCULAR,GOOD_EXT,UNAMBIGUOUS_BP"
"940","12",52026920,52027128,"hsa_circ_005011",2,"+",1,2,5,40,"my_test_sample",2,0,0,1,"GTAG",NA,"ANCHOR_UNIQUE,CANONICAL,CIRCULAR,PERFECT_EXT,UNAMBIGUOUS_BP"
"941","9",126474803,126474986,"hsa_circ_005023",2,"-",2,2,5,40,"my_test_sample",2,1,0,1,"GTAG",NA,"ANCHOR_UNIQUE,CANONICAL,CIRCULAR,GOOD_EXT,UNAMBIGUOUS_BP"
"942","8",144822844,144823038,"hsa_circ_005024",2,"-",2,2,40,40,"my_test_sample",2,0,0,1,"GTAG",NA,"ANCHOR_UNIQUE,CANONICAL,CIRCULAR,PERFECT_EXT,UNAMBIGUOUS_BP"
"943","6",153690632,153690811,"hsa_circ_005025",3,"+",1,3,40,40,"my_test_sample",3,0,0,1,"GTAG",NA,"ANCHOR_UNIQUE,CANONICAL,CIRCULAR,PERFECT_EXT,UNAMBIGUOUS_BP"
"944","1",230012490,230012777,"hsa_circ_005026",3,"+",1,3,5,5,"my_test_sample",3,1,0,1,"GTAG",NA,"ANCHOR_UNIQUE,CANONICAL,CIRCULAR,GOOD_EXT,UNAMBIGUOUS_BP"
"945","7",1006717,1007002,"hsa_circ_005032",2,"-",2,2,40,40,"my_test_sample",2,0,0,1,"GTAG",NA,"ANCHOR_UNIQUE,CANONICAL,CIRCULAR,PERFECT_EXT,UNAMBIGUOUS_BP"
"946","21",44884566,44884738,"hsa_circ_005037",2,"+",1,2,5,5,"my_test_sample",2,0,0,1,"GTAG",NA,"ANCHOR_UNIQUE,CANONICAL,CIRCULAR,PERFECT_EXT,UNAMBIGUOUS_BP"
"947","13",54686713,54686879,"hsa_circ_005040",2,"+",1,2,40,5,"my_test_sample",2,1,0,1,"GTAG",NA,"ANCHOR_UNIQUE,CANONICAL,CIRCULAR,GOOD_EXT,UNAMBIGUOUS_BP"
"948","7",69954363,69954525,"hsa_circ_005049",3,"-",1,3,5,4,"my_test_sample",3,1,0,1,"GTAG",NA,"ANCHOR_UNIQUE,CANONICAL,CIRCULAR,GOOD_EXT,UNAMBIGUOUS_BP"
"949","7",31511780,31512040,"hsa_circ_005069",2,"+",1,2,5,5,"my_test_sample",2,0,0,1,"GTAG",NA,"ANCHOR_UNIQUE,CANONICAL,CIRCULAR,PERFECT_EXT,UNAMBIGUOUS_BP"
"950","11",44903256,44903436,"hsa_circ_005071",2,"+",1,2,5,5,"my_test_sample",2,2,0,1,"GTAG",NA,"ANCHOR_UNIQUE,CANONICAL,CIRCULAR,OK_EXT,UNAMBIGUOUS_BP"
"951","1",14695212,14695405,"hsa_circ_005073",2,"-",1,2,5,5,"my_test_sample",2,0,0,1,"GTAG",NA,"ANCHOR_UNIQUE,CANONICAL,CIRCULAR,PERFECT_EXT,UNAMBIGUOUS_BP"
"952","12",52518004,52518210,"hsa_circ_005075",2,"+",1,2,5,5,"my_test_sample",2,0,1,1,"GTAG",NA,"ANCHOR_UNIQUE,CANONICAL,CIRCULAR,GOOD_EXT,UNAMBIGUOUS_BP"
"953","19",20878109,20878261,"hsa_circ_005076",9,"-",4,9,5,40,"my_test_sample",9,0,0,1,"GTAG",NA,"ANCHOR_UNIQUE,CANONICAL,CIRCULAR,PERFECT_EXT,UNAMBIGUOUS_BP"
"954","11",63148790,63148961,"hsa_circ_005080",6,"-",6,6,40,40,"my_test_sample",6,0,0,1,"GTAG",NA,"ANCHOR_UNIQUE,CANONICAL,CIRCULAR,PERFECT_EXT,UNAMBIGUOUS_BP"
"955","12",127937285,127937516,"hsa_circ_005084",2,"+",1,2,40,5,"my_test_sample",2,1,0,1,"GTAG",NA,"ANCHOR_UNIQUE,CANONICAL,CIRCULAR,GOOD_EXT,UNAMBIGUOUS_BP"
"956","4",84785345,84785544,"hsa_circ_005087",3,"-",1,3,35,40,"my_test_sample",3,2,0,1,"GTAG",NA,"ANCHOR_UNIQUE,CANONICAL,CIRCULAR,OK_EXT,UNAMBIGUOUS_BP"
"957","13",41644054,41644425,"hsa_circ_005089",2,"+",1,2,40,5,"my_test_sample",2,1,0,1,"GTAG",NA,"ANCHOR_UNIQUE,CANONICAL,CIRCULAR,GOOD_EXT,UNAMBIGUOUS_BP"
"958","7",68983605,68983771,"hsa_circ_005096",2,"-",1,2,5,5,"my_test_sample",2,2,0,1,"GTAG",NA,"ANCHOR_UNIQUE,CANONICAL,CIRCULAR,OK_EXT,UNAMBIGUOUS_BP"
"959","8",122157361,122157649,"hsa_circ_005100",2,"-",2,2,40,5,"my_test_sample",2,1,0,1,"GTAG",NA,"ANCHOR_UNIQUE,CANONICAL,CIRCULAR,GOOD_EXT,UNAMBIGUOUS_BP"
"960","11",116694301,116694455,"hsa_circ_005103",2,"-",1,2,35,5,"my_test_sample",2,1,0,1,"GTAG",NA,"ANCHOR_UNIQUE,CANONICAL,CIRCULAR,GOOD_EXT,UNAMBIGUOUS_BP"
"961","X",6833332,6833494,"hsa_circ_005107",2,"+",1,2,5,5,"my_test_sample",2,1,0,1,"GTAG",NA,"ANCHOR_UNIQUE,CANONICAL,CIRCULAR,GOOD_EXT,UNAMBIGUOUS_BP"
"962","5",1665829,1666016,"hsa_circ_005120",2,"+",1,2,40,5,"my_test_sample",2,2,0,1,"GTAG",NA,"ANCHOR_UNIQUE,CANONICAL,CIRCULAR,OK_EXT,UNAMBIGUOUS_BP"
"963","3",170021848,170022042,"hsa_circ_005121",2,"-",2,2,40,5,"my_test_sample",2,1,0,1,"GTAG",NA,"ANCHOR_UNIQUE,CANONICAL,CIRCULAR,GOOD_EXT,UNAMBIGUOUS_BP"
"964","1",10849661,10849826,"hsa_circ_005124",2,"-",2,2,40,5,"my_test_sample",2,0,0,1,"GTAG",NA,"ANCHOR_UNIQUE,CANONICAL,CIRCULAR,PERFECT_EXT,UNAMBIGUOUS_BP"
"965","1",61426638,61426796,"hsa_circ_005125",2,"+",1,2,5,5,"my_test_sample",2,0,0,1,"GTAG",NA,"ANCHOR_UNIQUE,CANONICAL,CIRCULAR,PERFECT_EXT,UNAMBIGUOUS_BP"
"966","X",48906273,48906436,"hsa_circ_005129",2,"+",1,2,40,5,"my_test_sample",2,2,0,1,"GTAG",NA,"ANCHOR_UNIQUE,CANONICAL,CIRCULAR,OK_EXT,UNAMBIGUOUS_BP"
"967","14",84498898,84499075,"hsa_circ_005143",3,"+",2,3,40,40,"my_test_sample",3,1,0,1,"GTAG",NA,"ANCHOR_UNIQUE,CANONICAL,CIRCULAR,GOOD_EXT,UNAMBIGUOUS_BP"
"968","10",132347541,132347711,"hsa_circ_005149",3,"-",2,3,5,40,"my_test_sample",3,0,0,1,"GTAG",NA,"ANCHOR_UNIQUE,CANONICAL,CIRCULAR,PERFECT_EXT,UNAMBIGUOUS_BP"
"969","10",78335987,78336181,"hsa_circ_005151",3,"+",2,3,5,40,"my_test_sample",3,1,0,1,"GTAG",NA,"ANCHOR_UNIQUE,CANONICAL,CIRCULAR,GOOD_EXT,UNAMBIGUOUS_BP"
"970","8",141171965,141172179,"hsa_circ_005152",2,"+",2,2,40,40,"my_test_sample",2,0,0,1,"GTAG",NA,"ANCHOR_UNIQUE,CANONICAL,CIRCULAR,PERFECT_EXT,UNAMBIGUOUS_BP"
"971","22",44993664,44993819,"hsa_circ_005157",2,"+",2,2,5,40,"my_test_sample",2,2,0,1,"GTAG",NA,"ANCHOR_UNIQUE,CANONICAL,CIRCULAR,OK_EXT,UNAMBIGUOUS_BP"
"972","6",72321598,72321790,"hsa_circ_005158",2,"-",2,2,5,3,"my_test_sample",2,0,0,1,"GTAG",NA,"ANCHOR_UNIQUE,CANONICAL,CIRCULAR,PERFECT_EXT,UNAMBIGUOUS_BP"
"973","19",17036808,17036962,"hsa_circ_005162",2,"-",2,2,5,40,"my_test_sample",2,1,0,1,"GTAG",NA,"ANCHOR_UNIQUE,CANONICAL,CIRCULAR,GOOD_EXT,UNAMBIGUOUS_BP"
"974","X",85243309,85243466,"hsa_circ_005165",2,"-",1,2,5,40,"my_test_sample",2,0,0,1,"GTAG",NA,"ANCHOR_UNIQUE,CANONICAL,CIRCULAR,PERFECT_EXT,UNAMBIGUOUS_BP"
"975","4",151934207,151934420,"hsa_circ_005181",2,"+",2,2,5,5,"my_test_sample",2,1,0,1,"GTAG",NA,"ANCHOR_UNIQUE,CANONICAL,CIRCULAR,GOOD_EXT,UNAMBIGUOUS_BP"
"976","1",178954391,178954549,"hsa_circ_005185",2,"-",2,2,5,5,"my_test_sample",2,0,0,1,"GTAG",NA,"ANCHOR_UNIQUE,CANONICAL,CIRCULAR,PERFECT_EXT,UNAMBIGUOUS_BP"
"977","12",3274400,3274572,"hsa_circ_005196",3,"+",1,3,40,5,"my_test_sample",3,0,0,1,"GTAG",NA,"ANCHOR_UNIQUE,CANONICAL,CIRCULAR,PERFECT_EXT,UNAMBIGUOUS_BP"
"978","11",122521086,122521263,"hsa_circ_005197",2,"-",1,2,40,5,"my_test_sample",2,0,0,1,"GTAG",NA,"ANCHOR_UNIQUE,CANONICAL,CIRCULAR,PERFECT_EXT,UNAMBIGUOUS_BP"
"979","1",158724344,158724513,"hsa_circ_005202",2,"+",1,2,5,35,"my_test_sample",2,1,0,1,"GTAG",NA,"ANCHOR_UNIQUE,CANONICAL,CIRCULAR,GOOD_EXT,UNAMBIGUOUS_BP"
"980","5",151823605,151823769,"hsa_circ_005208",2,"-",1,2,40,5,"my_test_sample",2,1,0,1,"GTAG",NA,"ANCHOR_UNIQUE,CANONICAL,CIRCULAR,GOOD_EXT,UNAMBIGUOUS_BP"
"981","5",82640169,82640367,"hsa_circ_005211",2,"-",1,2,5,5,"my_test_sample",2,0,0,1,"GTAG",NA,"ANCHOR_UNIQUE,CANONICAL,CIRCULAR,PERFECT_EXT,UNAMBIGUOUS_BP"
"982","8",109723503,109723707,"hsa_circ_005212",2,"-",1,2,5,5,"my_test_sample",2,1,0,1,"GTAG",NA,"ANCHOR_UNIQUE,CANONICAL,CIRCULAR,GOOD_EXT,UNAMBIGUOUS_BP"
"983","21",46530262,46530467,"hsa_circ_005214",3,"-",1,3,5,5,"my_test_sample",3,1,0,1,"GTAG",NA,"ANCHOR_UNIQUE,CANONICAL,CIRCULAR,GOOD_EXT,UNAMBIGUOUS_BP"
"984","9",104907082,104907249,"hsa_circ_005216",2,"-",1,2,40,5,"my_test_sample",2,0,0,1,"GTAG",NA,"ANCHOR_UNIQUE,CANONICAL,CIRCULAR,PERFECT_EXT,UNAMBIGUOUS_BP"
"985","10",129527722,129527918,"hsa_circ_005218",2,"-",2,2,40,5,"my_test_sample",2,0,0,1,"GTAG",NA,"ANCHOR_UNIQUE,CANONICAL,CIRCULAR,PERFECT_EXT,UNAMBIGUOUS_BP"
"986","2",227623930,227624135,"hsa_circ_005226",2,"+",1,2,40,40,"my_test_sample",2,1,0,1,"GTAG",NA,"ANCHOR_UNIQUE,CANONICAL,CIRCULAR,GOOD_EXT,UNAMBIGUOUS_BP"
"987","19",55598015,55598212,"hsa_circ_005231",3,"-",1,3,5,5,"my_test_sample",3,0,0,1,"GTAG",NA,"ANCHOR_UNIQUE,CANONICAL,CIRCULAR,PERFECT_EXT,UNAMBIGUOUS_BP"
"988","2",45332942,45333125,"hsa_circ_005236",4,"+",1,4,40,40,"my_test_sample",4,0,0,1,"GTAG",NA,"ANCHOR_UNIQUE,CANONICAL,CIRCULAR,PERFECT_EXT,UNAMBIGUOUS_BP"
"989","22",44344015,44344267,"hsa_circ_005242",2,"-",1,2,5,40,"my_test_sample",2,2,0,1,"GTAG",NA,"ANCHOR_UNIQUE,CANONICAL,CIRCULAR,OK_EXT,UNAMBIGUOUS_BP"
"990","5",54334610,54334801,"hsa_circ_005251",2,"-",1,2,5,5,"my_test_sample",2,2,2,1,"GTAG",NA,"ANCHOR_UNIQUE,CANONICAL,CIRCULAR,OK_EXT,UNAMBIGUOUS_BP"
"991","14",98872340,98872552,"hsa_circ_005258",2,"-",1,2,35,5,"my_test_sample",2,2,0,1,"GTAG",NA,"ANCHOR_UNIQUE,CANONICAL,CIRCULAR,OK_EXT,UNAMBIGUOUS_BP"
"992","14",87853292,87853452,"hsa_circ_005268",2,"+",1,2,5,5,"my_test_sample",2,1,0,1,"GTAG",NA,"ANCHOR_UNIQUE,CANONICAL,CIRCULAR,GOOD_EXT,UNAMBIGUOUS_BP"
"993","8",41715512,41715762,"hsa_circ_005271",2,"+",1,2,40,5,"my_test_sample",2,0,0,1,"GTAG",NA,"ANCHOR_UNIQUE,CANONICAL,CIRCULAR,PERFECT_EXT,UNAMBIGUOUS_BP"
"994","9",129406385,129406540,"hsa_circ_005272",2,"-",1,2,40,5,"my_test_sample",2,0,0,1,"GTAG",NA,"ANCHOR_UNIQUE,CANONICAL,CIRCULAR,PERFECT_EXT,UNAMBIGUOUS_BP"
"995","18",4211615,4211796,"hsa_circ_005276",3,"+",1,3,40,40,"my_test_sample",3,0,0,1,"GTAG",NA,"ANCHOR_UNIQUE,CANONICAL,CIRCULAR,PERFECT_EXT,UNAMBIGUOUS_BP"
"996","3",124729783,124729992,"hsa_circ_005279",2,"-",1,2,40,4,"my_test_sample",2,2,0,1,"GTAG",NA,"ANCHOR_UNIQUE,CANONICAL,CIRCULAR,OK_EXT,UNAMBIGUOUS_BP"
"997","13",97163617,97163773,"hsa_circ_005293",3,"-",2,3,40,40,"my_test_sample",3,0,0,1,"GTAG",NA,"ANCHOR_UNIQUE,CANONICAL,CIRCULAR,PERFECT_EXT,UNAMBIGUOUS_BP"
"998","19",30170969,30171164,"hsa_circ_005299",2,"+",1,2,5,5,"my_test_sample",2,1,0,1,"GTAG",NA,"ANCHOR_UNIQUE,CANONICAL,CIRCULAR,GOOD_EXT,UNAMBIGUOUS_BP"
"999","16",87824103,87824288,"hsa_circ_005301",2,"+",1,2,5,40,"my_test_sample",2,0,0,1,"GTAG",NA,"ANCHOR_UNIQUE,CANONICAL,CIRCULAR,PERFECT_EXT,UNAMBIGUOUS_BP"
"1000","16",68433472,68433684,"hsa_circ_005307",3,"+",2,3,40,40,"my_test_sample",3,0,0,1,"GTAG",NA,"ANCHOR_UNIQUE,CANONICAL,CIRCULAR,PERFECT_EXT,UNAMBIGUOUS_BP"
"1001","21",21519268,21519424,"hsa_circ_005316",2,"+",1,2,5,5,"my_test_sample",2,2,0,1,"GTAG",NA,"ANCHOR_UNIQUE,CANONICAL,CIRCULAR,OK_EXT,UNAMBIGUOUS_BP"
"1002","15",83944227,83944402,"hsa_circ_005327",3,"+",1,3,5,5,"my_test_sample",3,1,0,1,"GTAG",NA,"ANCHOR_UNIQUE,CANONICAL,CIRCULAR,GOOD_EXT,UNAMBIGUOUS_BP"
"1003","3",160091887,160092069,"hsa_circ_005328",3,"-",2,3,5,40,"my_test_sample",3,0,0,1,"GTAG",NA,"ANCHOR_UNIQUE,CANONICAL,CIRCULAR,PERFECT_EXT,UNAMBIGUOUS_BP"
"1004","14",39763998,39764230,"hsa_circ_005331",2,"-",1,2,40,40,"my_test_sample",2,1,0,1,"GTAG",NA,"ANCHOR_UNIQUE,CANONICAL,CIRCULAR,GOOD_EXT,UNAMBIGUOUS_BP"
"1005","8",21162529,21162719,"hsa_circ_005343",2,"-",1,2,5,40,"my_test_sample",2,0,0,1,"GTAG",NA,"ANCHOR_UNIQUE,CANONICAL,CIRCULAR,PERFECT_EXT,UNAMBIGUOUS_BP"
"1006","1",205472792,205472944,"hsa_circ_005349",2,"+",2,2,5,5,"my_test_sample",2,2,0,1,"GTAG",NA,"ANCHOR_UNIQUE,CANONICAL,CIRCULAR,OK_EXT,UNAMBIGUOUS_BP"
"1007","12",60716109,60716280,"hsa_circ_005354",2,"-",1,2,40,40,"my_test_sample",2,2,2,1,"GTAG",NA,"ANCHOR_UNIQUE,CANONICAL,CIRCULAR,OK_EXT,UNAMBIGUOUS_BP"
"1008","3",124540350,124540518,"hsa_circ_005357",2,"+",1,2,5,40,"my_test_sample",2,0,0,1,"GTAG",NA,"ANCHOR_UNIQUE,CANONICAL,CIRCULAR,PERFECT_EXT,UNAMBIGUOUS_BP"
"1009","18",38419369,38419630,"hsa_circ_005361",2,"-",1,2,40,5,"my_test_sample",2,0,0,1,"GTAG",NA,"ANCHOR_UNIQUE,CANONICAL,CIRCULAR,PERFECT_EXT,UNAMBIGUOUS_BP"
"1010","10",78591399,78591574,"hsa_circ_005364",2,"+",1,2,5,5,"my_test_sample",2,0,0,1,"GTAG",NA,"ANCHOR_UNIQUE,CANONICAL,CIRCULAR,PERFECT_EXT,UNAMBIGUOUS_BP"
"1011","17",14007823,14008025,"hsa_circ_005368",2,"+",1,2,40,5,"my_test_sample",2,0,0,1,"GTAG",NA,"ANCHOR_UNIQUE,CANONICAL,CIRCULAR,PERFECT_EXT,UNAMBIGUOUS_BP"
"1012","12",115762648,115762815,"hsa_circ_005371",2,"+",1,2,5,5,"my_test_sample",2,0,0,1,"GTAG",NA,"ANCHOR_UNIQUE,CANONICAL,CIRCULAR,PERFECT_EXT,UNAMBIGUOUS_BP"
"1013","2",28702327,28702521,"hsa_circ_005372",2,"+",1,2,5,40,"my_test_sample",2,0,0,1,"GTAG",NA,"ANCHOR_UNIQUE,CANONICAL,CIRCULAR,PERFECT_EXT,UNAMBIGUOUS_BP"
"1014","4",112401388,112401540,"hsa_circ_005374",3,"+",2,3,40,5,"my_test_sample",3,0,0,1,"GTAG",NA,"ANCHOR_UNIQUE,CANONICAL,CIRCULAR,PERFECT_EXT,UNAMBIGUOUS_BP"
"1015","8",6929485,6929691,"hsa_circ_005376",2,"+",2,2,5,5,"my_test_sample",2,0,1,1,"GTAG",NA,"ANCHOR_UNIQUE,CANONICAL,CIRCULAR,GOOD_EXT,UNAMBIGUOUS_BP"
"1016","2",120883779,120884032,"hsa_circ_005384",2,"-",1,2,40,40,"my_test_sample",2,0,0,1,"GTAG",NA,"ANCHOR_UNIQUE,CANONICAL,CIRCULAR,PERFECT_EXT,UNAMBIGUOUS_BP"
"1017","1",110686823,110687097,"hsa_circ_005417",3,"-",1,3,40,40,"my_test_sample",3,0,1,1,"GTAG",NA,"ANCHOR_UNIQUE,CANONICAL,CIRCULAR,GOOD_EXT,UNAMBIGUOUS_BP"
"1018","3",136906613,136906803,"hsa_circ_005428",5,"+",1,5,5,40,"my_test_sample",5,0,0,1,"GTAG",NA,"ANCHOR_UNIQUE,CANONICAL,CIRCULAR,PERFECT_EXT,UNAMBIGUOUS_BP"
"1019","15",25121344,25121553,"hsa_circ_005435",2,"+",1,2,5,40,"my_test_sample",2,2,0,1,"GTAG",NA,"ANCHOR_UNIQUE,CANONICAL,CIRCULAR,OK_EXT,UNAMBIGUOUS_BP"
"1020","6",151041147,151041494,"hsa_circ_005441",2,"+",2,1,40,5,"my_test_sample",2,1,0,1,"GTAG",NA,"ANCHOR_UNIQUE,CANONICAL,CIRCULAR,GOOD_EXT,UNAMBIGUOUS_BP"
"1021","18",48818365,48818584,"hsa_circ_005442",2,"+",1,2,5,40,"my_test_sample",2,1,0,1,"GTAG",NA,"ANCHOR_UNIQUE,CANONICAL,CIRCULAR,GOOD_EXT,UNAMBIGUOUS_BP"
"1022","22",35403285,35403446,"hsa_circ_005443",2,"+",1,2,5,5,"my_test_sample",2,0,0,1,"GTAG",NA,"ANCHOR_UNIQUE,CANONICAL,CIRCULAR,PERFECT_EXT,UNAMBIGUOUS_BP"
"1023","X",122432597,122432762,"hsa_circ_005446",3,"-",3,3,5,40,"my_test_sample",3,0,0,1,"GTAG",NA,"ANCHOR_UNIQUE,CANONICAL,CIRCULAR,PERFECT_EXT,UNAMBIGUOUS_BP"
"1024","8",94521136,94521320,"hsa_circ_005460",2,"-",1,2,5,5,"my_test_sample",2,0,0,1,"GTAG",NA,"ANCHOR_UNIQUE,CANONICAL,CIRCULAR,PERFECT_EXT,UNAMBIGUOUS_BP"
"1025","2",239565533,239565720,"hsa_circ_005462",3,"+",3,3,5,40,"my_test_sample",3,0,0,1,"GTAG",NA,"ANCHOR_UNIQUE,CANONICAL,CIRCULAR,PERFECT_EXT,UNAMBIGUOUS_BP"
"1026","12",49282043,49282194,"hsa_circ_005477",2,"-",1,2,40,40,"my_test_sample",2,0,0,1,"GTAG",NA,"ANCHOR_UNIQUE,CANONICAL,CIRCULAR,PERFECT_EXT,UNAMBIGUOUS_BP"
"1027","13",48800586,48800756,"hsa_circ_005480",2,"+",2,2,4,5,"my_test_sample",2,0,0,1,"GTAG",NA,"ANCHOR_UNIQUE,CANONICAL,CIRCULAR,PERFECT_EXT,UNAMBIGUOUS_BP"
"1028","7",45610855,45611014,"hsa_circ_005494",4,"+",3,4,5,5,"my_test_sample",4,0,0,1,"GTAG",NA,"ANCHOR_UNIQUE,CANONICAL,CIRCULAR,PERFECT_EXT,UNAMBIGUOUS_BP"
"1029","1",209769093,209769265,"hsa_circ_005495",2,"+",2,2,40,40,"my_test_sample",2,0,0,1,"GTAG",NA,"ANCHOR_UNIQUE,CANONICAL,CIRCULAR,PERFECT_EXT,UNAMBIGUOUS_BP"
"1030","22",18975027,18975225,"hsa_circ_005497",3,"+",2,3,40,37,"my_test_sample",3,2,0,1,"GTAG",NA,"ANCHOR_UNIQUE,CANONICAL,CIRCULAR,OK_EXT,UNAMBIGUOUS_BP"
"1031","1",202270924,202271100,"hsa_circ_005513",2,"+",2,2,40,40,"my_test_sample",2,2,0,1,"GTAG",NA,"ANCHOR_UNIQUE,CANONICAL,CIRCULAR,OK_EXT,UNAMBIGUOUS_BP"
"1032","22",41694636,41694865,"hsa_circ_005514",4,"+",1,4,5,40,"my_test_sample",4,2,0,1,"GTAG",NA,"ANCHOR_UNIQUE,CANONICAL,CIRCULAR,OK_EXT,UNAMBIGUOUS_BP"
"1033","11",21959248,21959400,"hsa_circ_005524",2,"+",1,2,5,5,"my_test_sample",2,2,0,1,"GTAG",NA,"ANCHOR_UNIQUE,CANONICAL,CIRCULAR,OK_EXT,UNAMBIGUOUS_BP"
"1034","5",175013534,175013695,"hsa_circ_005532",2,"-",2,2,5,5,"my_test_sample",2,1,0,1,"GTAG",NA,"ANCHOR_UNIQUE,CANONICAL,CIRCULAR,GOOD_EXT,UNAMBIGUOUS_BP"
"1035","13",21707665,21707839,"hsa_circ_005534",2,"-",1,2,5,40,"my_test_sample",2,1,0,1,"GTAG",NA,"ANCHOR_UNIQUE,CANONICAL,CIRCULAR,GOOD_EXT,UNAMBIGUOUS_BP"
"1036","16",74451074,74451259,"hsa_circ_005536",2,"-",1,2,40,40,"my_test_sample",2,2,0,1,"GTAG",NA,"ANCHOR_UNIQUE,CANONICAL,CIRCULAR,OK_EXT,UNAMBIGUOUS_BP"
"1037","4",172570104,172570266,"hsa_circ_005539",2,"+",1,2,40,40,"my_test_sample",2,1,0,1,"GTAG",NA,"ANCHOR_UNIQUE,CANONICAL,CIRCULAR,GOOD_EXT,UNAMBIGUOUS_BP"
"1038","13",113666050,113666220,"hsa_circ_005553",2,"+",1,2,5,5,"my_test_sample",2,0,2,1,"GTAG",NA,"ANCHOR_UNIQUE,CANONICAL,CIRCULAR,OK_EXT,UNAMBIGUOUS_BP"
"1039","3",171212479,171212635,"hsa_circ_005557",2,"+",1,2,40,40,"my_test_sample",2,1,0,1,"GTAG",NA,"ANCHOR_UNIQUE,CANONICAL,CIRCULAR,GOOD_EXT,UNAMBIGUOUS_BP"
"1040","8",19420535,19420699,"hsa_circ_005560",5,"+",1,5,40,5,"my_test_sample",5,0,0,1,"GTAG",NA,"ANCHOR_UNIQUE,CANONICAL,CIRCULAR,PERFECT_EXT,UNAMBIGUOUS_BP"
"1041","15",48524817,48525028,"hsa_circ_005563",3,"-",1,3,5,5,"my_test_sample",3,2,0,1,"GTAG",NA,"ANCHOR_UNIQUE,CANONICAL,CIRCULAR,OK_EXT,UNAMBIGUOUS_BP"
"1042","2",105096409,105096560,"hsa_circ_005564",2,"-",1,2,5,40,"my_test_sample",2,0,1,1,"GTAG",NA,"ANCHOR_UNIQUE,CANONICAL,CIRCULAR,GOOD_EXT,UNAMBIGUOUS_BP"
"1043","9",122070186,122070379,"hsa_circ_005567",2,"+",1,2,40,5,"my_test_sample",2,0,0,1,"GTAG",NA,"ANCHOR_UNIQUE,CANONICAL,CIRCULAR,PERFECT_EXT,UNAMBIGUOUS_BP"
"1044","1",166859255,166859904,"hsa_circ_005570",3,"-",1,3,40,5,"my_test_sample",3,0,0,1,"GTAG",NA,"ANCHOR_UNIQUE,CANONICAL,CIRCULAR,PERFECT_EXT,UNAMBIGUOUS_BP"
"1045","8",6800507,6800668,"hsa_circ_005571",2,"-",1,2,5,5,"my_test_sample",2,2,0,1,"GTAG",NA,"ANCHOR_UNIQUE,CANONICAL,CIRCULAR,OK_EXT,UNAMBIGUOUS_BP"
"1046","15",72959698,72960019,"hsa_circ_005572",5,"-",1,5,5,40,"my_test_sample",5,1,0,1,"GTAG",NA,"ANCHOR_UNIQUE,CANONICAL,CIRCULAR,GOOD_EXT,UNAMBIGUOUS_BP"
"1047","1",51686056,51686220,"hsa_circ_005573",2,"+",2,2,40,40,"my_test_sample",2,2,0,1,"GTAG",NA,"ANCHOR_UNIQUE,CANONICAL,CIRCULAR,OK_EXT,UNAMBIGUOUS_BP"
"1048","11",111450865,111451030,"hsa_circ_005582",2,"-",2,2,40,5,"my_test_sample",2,0,0,1,"GTAG",NA,"ANCHOR_UNIQUE,CANONICAL,CIRCULAR,PERFECT_EXT,UNAMBIGUOUS_BP"
"1049","6",27254910,27255119,"hsa_circ_005584",2,"-",2,2,40,5,"my_test_sample",2,1,0,1,"GTAG",NA,"ANCHOR_UNIQUE,CANONICAL,CIRCULAR,GOOD_EXT,UNAMBIGUOUS_BP"
"1050","10",132615576,132615779,"hsa_circ_005589",2,"-",1,2,40,40,"my_test_sample",2,1,0,1,"GTAG",NA,"ANCHOR_UNIQUE,CANONICAL,CIRCULAR,GOOD_EXT,UNAMBIGUOUS_BP"
"1051","7",151863012,151863200,"hsa_circ_005598",2,"+",2,2,40,40,"my_test_sample",2,1,0,1,"GTAG",NA,"ANCHOR_UNIQUE,CANONICAL,CIRCULAR,GOOD_EXT,UNAMBIGUOUS_BP"
"1052","22",35588739,35588929,"hsa_circ_005610",5,"+",2,5,37,40,"my_test_sample",5,0,0,1,"GTAG",NA,"ANCHOR_UNIQUE,CANONICAL,CIRCULAR,PERFECT_EXT,UNAMBIGUOUS_BP"
"1053","4",4726249,4726458,"hsa_circ_005611",3,"-",1,3,40,5,"my_test_sample",3,2,0,1,"GTAG",NA,"ANCHOR_UNIQUE,CANONICAL,CIRCULAR,OK_EXT,UNAMBIGUOUS_BP"
"1054","19",20877030,20877219,"hsa_circ_005621",3,"-",1,3,5,4,"my_test_sample",3,0,0,1,"GTAG",NA,"ANCHOR_UNIQUE,CANONICAL,CIRCULAR,PERFECT_EXT,UNAMBIGUOUS_BP"
"1055","7",23018793,23018951,"hsa_circ_005623",3,"+",1,3,40,40,"my_test_sample",3,2,0,1,"GTAG",NA,"ANCHOR_UNIQUE,CANONICAL,CIRCULAR,OK_EXT,UNAMBIGUOUS_BP"
"1056","5",94782348,94782671,"hsa_circ_005635",2,"+",1,2,5,40,"my_test_sample",2,2,0,1,"GTAG",NA,"ANCHOR_UNIQUE,CANONICAL,CIRCULAR,OK_EXT,UNAMBIGUOUS_BP"
"1057","9",114036466,114036643,"hsa_circ_005641",2,"+",2,2,40,5,"my_test_sample",2,0,0,1,"GTAG",NA,"ANCHOR_UNIQUE,CANONICAL,CIRCULAR,PERFECT_EXT,UNAMBIGUOUS_BP"
"1058","6",135619514,135619685,"hsa_circ_005643",2,"-",1,2,40,40,"my_test_sample",2,1,0,1,"GTAG",NA,"ANCHOR_UNIQUE,CANONICAL,CIRCULAR,GOOD_EXT,UNAMBIGUOUS_BP"
"1059","16",75259221,75259432,"hsa_circ_005652",2,"+",1,2,40,5,"my_test_sample",2,0,0,1,"GTAG",NA,"ANCHOR_UNIQUE,CANONICAL,CIRCULAR,PERFECT_EXT,UNAMBIGUOUS_BP"
"1060","3",194271486,194271670,"hsa_circ_005654",3,"+",1,3,40,5,"my_test_sample",3,2,0,1,"GTAG",NA,"ANCHOR_UNIQUE,CANONICAL,CIRCULAR,OK_EXT,UNAMBIGUOUS_BP"
"1061","16",56224000,56224176,"hsa_circ_005656",2,"+",1,2,40,5,"my_test_sample",2,0,0,1,"GTAG",NA,"ANCHOR_UNIQUE,CANONICAL,CIRCULAR,PERFECT_EXT,UNAMBIGUOUS_BP"
"1062","7",130898441,130898599,"hsa_circ_005659",3,"+",1,3,5,5,"my_test_sample",3,1,0,1,"GTAG",NA,"ANCHOR_UNIQUE,CANONICAL,CIRCULAR,GOOD_EXT,UNAMBIGUOUS_BP"
"1063","18",46575117,46575278,"hsa_circ_005664",3,"-",3,2,5,37,"my_test_sample",3,1,0,1,"GTAG",NA,"ANCHOR_UNIQUE,CANONICAL,CIRCULAR,GOOD_EXT,UNAMBIGUOUS_BP"
"1064","22",44059687,44059902,"hsa_circ_005666",3,"+",1,3,40,5,"my_test_sample",3,0,0,1,"GTAG",NA,"ANCHOR_UNIQUE,CANONICAL,CIRCULAR,PERFECT_EXT,UNAMBIGUOUS_BP"
"1065","2",18630809,18630981,"hsa_circ_005669",2,"-",1,2,40,5,"my_test_sample",2,0,0,1,"GTAG",NA,"ANCHOR_UNIQUE,CANONICAL,CIRCULAR,PERFECT_EXT,UNAMBIGUOUS_BP"
"1066","2",48255144,48255305,"hsa_circ_005674",4,"+",2,4,40,40,"my_test_sample",4,0,0,1,"GTAG",NA,"ANCHOR_UNIQUE,CANONICAL,CIRCULAR,PERFECT_EXT,UNAMBIGUOUS_BP"
"1067","8",9342246,9342411,"hsa_circ_005681",2,"-",2,2,5,40,"my_test_sample",2,0,0,1,"GTAG",NA,"ANCHOR_UNIQUE,CANONICAL,CIRCULAR,PERFECT_EXT,UNAMBIGUOUS_BP"
"1068","11",65396972,65397183,"hsa_circ_005687",2,"-",2,2,5,40,"my_test_sample",2,0,0,1,"GTAG",NA,"ANCHOR_UNIQUE,CANONICAL,CIRCULAR,PERFECT_EXT,UNAMBIGUOUS_BP"
"1069","9",106953304,106953597,"hsa_circ_005689",2,"-",2,2,5,40,"my_test_sample",2,0,0,1,"GTAG",NA,"ANCHOR_UNIQUE,CANONICAL,CIRCULAR,PERFECT_EXT,UNAMBIGUOUS_BP"
"1070","3",184594506,184594704,"hsa_circ_005692",2,"-",2,2,40,40,"my_test_sample",2,1,0,1,"GTAG",NA,"ANCHOR_UNIQUE,CANONICAL,CIRCULAR,GOOD_EXT,UNAMBIGUOUS_BP"
"1071","X",129736029,129736202,"hsa_circ_005706",2,"-",1,2,40,5,"my_test_sample",2,0,0,1,"GTAG",NA,"ANCHOR_UNIQUE,CANONICAL,CIRCULAR,PERFECT_EXT,UNAMBIGUOUS_BP"
"1072","3",150117731,150117883,"hsa_circ_005710",2,"-",1,2,40,40,"my_test_sample",2,0,0,1,"GTAG",NA,"ANCHOR_UNIQUE,CANONICAL,CIRCULAR,PERFECT_EXT,UNAMBIGUOUS_BP"
"1073","20",44853845,44854047,"hsa_circ_005721",4,"+",3,4,40,35,"my_test_sample",4,1,0,1,"GTAG",NA,"ANCHOR_UNIQUE,CANONICAL,CIRCULAR,GOOD_EXT,UNAMBIGUOUS_BP"
"1074","21",44523422,44523700,"hsa_circ_005728",2,"+",1,2,40,5,"my_test_sample",2,2,0,1,"GTAG",NA,"ANCHOR_UNIQUE,CANONICAL,CIRCULAR,OK_EXT,UNAMBIGUOUS_BP"
"1075","14",104022156,104026939,"hsa_circ_005738",2,"+",2,2,40,40,"my_test_sample",2,0,0,1,"GTAG",NA,"ANCHOR_UNIQUE,CANONICAL,CIRCULAR,PERFECT_EXT,UNAMBIGUOUS_BP"
"1076","1",105741708,105741876,"hsa_circ_005745",2,"+",1,2,5,5,"my_test_sample",2,1,0,1,"GTAG",NA,"ANCHOR_UNIQUE,CANONICAL,CIRCULAR,GOOD_EXT,UNAMBIGUOUS_BP"
"1077","17",74877968,74878163,"hsa_circ_005748",2,"+",1,2,5,40,"my_test_sample",2,1,0,1,"GTAG",NA,"ANCHOR_UNIQUE,CANONICAL,CIRCULAR,GOOD_EXT,UNAMBIGUOUS_BP"
"1078","9",112527275,112527435,"hsa_circ_005753",2,"+",2,2,40,5,"my_test_sample",2,1,0,1,"GTAG",NA,"ANCHOR_UNIQUE,CANONICAL,CIRCULAR,GOOD_EXT,UNAMBIGUOUS_BP"
"1079","6",1068620,1068793,"hsa_circ_005760",2,"+",1,2,4,40,"my_test_sample",2,2,0,1,"GTAG",NA,"ANCHOR_UNIQUE,CANONICAL,CIRCULAR,OK_EXT,UNAMBIGUOUS_BP"
"1080","2",158023432,158023692,"hsa_circ_005761",2,"+",2,2,40,5,"my_test_sample",2,1,0,1,"GTAG",NA,"ANCHOR_UNIQUE,CANONICAL,CIRCULAR,GOOD_EXT,UNAMBIGUOUS_BP"
"1081","14",76114997,76115164,"hsa_circ_005774",2,"-",1,2,40,40,"my_test_sample",2,1,0,1,"GTAG",NA,"ANCHOR_UNIQUE,CANONICAL,CIRCULAR,GOOD_EXT,UNAMBIGUOUS_BP"
"1082","7",68427599,68428464,"hsa_circ_005775",2,"+",1,2,40,5,"my_test_sample",2,2,2,1,"GTAG",NA,"ANCHOR_UNIQUE,CANONICAL,CIRCULAR,OK_EXT,UNAMBIGUOUS_BP"
"1083","10",47364532,47364744,"hsa_circ_005790",2,"-",1,2,5,40,"my_test_sample",2,0,0,1,"GTAG",NA,"ANCHOR_UNIQUE,CANONICAL,CIRCULAR,PERFECT_EXT,UNAMBIGUOUS_BP"
"1084","18",9048341,9048506,"hsa_circ_005791",2,"+",1,2,5,5,"my_test_sample",2,0,0,1,"GTAG",NA,"ANCHOR_UNIQUE,CANONICAL,CIRCULAR,PERFECT_EXT,UNAMBIGUOUS_BP"
"1085","18",53163064,53163434,"hsa_circ_005793",2,"-",2,2,40,5,"my_test_sample",2,2,0,1,"GTAG",NA,"ANCHOR_UNIQUE,CANONICAL,CIRCULAR,OK_EXT,UNAMBIGUOUS_BP"
"1086","7",94213038,94213321,"hsa_circ_005797",2,"-",2,2,5,40,"my_test_sample",2,2,0,1,"GTAG",NA,"ANCHOR_UNIQUE,CANONICAL,CIRCULAR,OK_EXT,UNAMBIGUOUS_BP"
"1087","3",16083107,16083270,"hsa_circ_005803",2,"+",2,2,5,40,"my_test_sample",2,0,0,1,"GTAG",NA,"ANCHOR_UNIQUE,CANONICAL,CIRCULAR,PERFECT_EXT,UNAMBIGUOUS_BP"
"1088","20",60501020,60501233,"hsa_circ_005810",3,"+",2,3,37,5,"my_test_sample",3,0,0,1,"GTAG",NA,"ANCHOR_UNIQUE,CANONICAL,CIRCULAR,PERFECT_EXT,UNAMBIGUOUS_BP"
"1089","16",5465834,5466058,"hsa_circ_005811",2,"+",1,2,40,5,"my_test_sample",2,0,0,1,"GTAG",NA,"ANCHOR_UNIQUE,CANONICAL,CIRCULAR,PERFECT_EXT,UNAMBIGUOUS_BP"
"1090","12",131576823,131576956,"hsa_circ_005812",2,"-",1,2,40,5,"my_test_sample",2,2,0,1,"GTAG",NA,"ANCHOR_UNIQUE,CANONICAL,CIRCULAR,OK_EXT,UNAMBIGUOUS_BP"
"1091","12",121795603,121795757,"hsa_circ_005813",2,"+",2,2,40,40,"my_test_sample",2,1,0,1,"GTAG",NA,"ANCHOR_UNIQUE,CANONICAL,CIRCULAR,GOOD_EXT,UNAMBIGUOUS_BP"
"1092","X",4229559,4229714,"hsa_circ_005827",2,"-",1,2,5,5,"my_test_sample",2,0,0,1,"GTAG",NA,"ANCHOR_UNIQUE,CANONICAL,CIRCULAR,PERFECT_EXT,UNAMBIGUOUS_BP"
"1093","11",45930699,45930855,"hsa_circ_005828",2,"+",1,2,5,5,"my_test_sample",2,1,0,1,"GTAG",NA,"ANCHOR_UNIQUE,CANONICAL,CIRCULAR,GOOD_EXT,UNAMBIGUOUS_BP"
"1094","8",73054574,73054799,"hsa_circ_005831",2,"-",1,2,5,5,"my_test_sample",2,2,0,1,"GTAG",NA,"ANCHOR_UNIQUE,CANONICAL,CIRCULAR,OK_EXT,UNAMBIGUOUS_BP"
"1095","5",133431172,133431323,"hsa_circ_005833",3,"+",2,3,5,5,"my_test_sample",3,0,0,1,"GTAG",NA,"ANCHOR_UNIQUE,CANONICAL,CIRCULAR,PERFECT_EXT,UNAMBIGUOUS_BP"
"1096","5",175786862,175787041,"hsa_circ_005836",3,"-",3,3,5,5,"my_test_sample",3,0,0,1,"GTAG",NA,"ANCHOR_UNIQUE,CANONICAL,CIRCULAR,PERFECT_EXT,UNAMBIGUOUS_BP"
"1097","1",202058396,202058609,"hsa_circ_005839",2,"+",1,2,40,40,"my_test_sample",2,0,0,1,"GTAG",NA,"ANCHOR_UNIQUE,CANONICAL,CIRCULAR,PERFECT_EXT,UNAMBIGUOUS_BP"
"1098","12",6460977,6461127,"hsa_circ_005846",2,"-",2,1,5,5,"my_test_sample",2,1,0,1,"GTAG",NA,"ANCHOR_UNIQUE,CANONICAL,CIRCULAR,GOOD_EXT,UNAMBIGUOUS_BP"
"1099","9",69653894,69654053,"hsa_circ_005867",2,"+",1,2,5,5,"my_test_sample",2,2,0,1,"GTAG",NA,"ANCHOR_UNIQUE,CANONICAL,CIRCULAR,OK_EXT,UNAMBIGUOUS_BP"
"1100","15",40050020,40050288,"hsa_circ_005868",2,"+",2,2,40,40,"my_test_sample",2,0,0,1,"GTAG",NA,"ANCHOR_UNIQUE,CANONICAL,CIRCULAR,PERFECT_EXT,UNAMBIGUOUS_BP"
"1101","12",61534268,61534473,"hsa_circ_005869",2,"-",1,2,40,5,"my_test_sample",2,0,0,1,"GTAG",NA,"ANCHOR_UNIQUE,CANONICAL,CIRCULAR,PERFECT_EXT,UNAMBIGUOUS_BP"
"1102","3",86911671,86911898,"hsa_circ_005878",2,"-",1,2,40,40,"my_test_sample",2,1,0,1,"GTAG",NA,"ANCHOR_UNIQUE,CANONICAL,CIRCULAR,GOOD_EXT,UNAMBIGUOUS_BP"
"1103","6",159954629,159954964,"hsa_circ_005880",2,"+",1,2,5,5,"my_test_sample",2,2,0,1,"GTAG",NA,"ANCHOR_UNIQUE,CANONICAL,CIRCULAR,OK_EXT,UNAMBIGUOUS_BP"
"1104","2",84152929,84153248,"hsa_circ_005885",2,"-",2,2,40,40,"my_test_sample",2,0,0,1,"GTAG",NA,"ANCHOR_UNIQUE,CANONICAL,CIRCULAR,PERFECT_EXT,UNAMBIGUOUS_BP"
"1105","16",2699128,2699283,"hsa_circ_005888",2,"-",1,2,5,40,"my_test_sample",2,0,0,1,"GTAG",NA,"ANCHOR_UNIQUE,CANONICAL,CIRCULAR,PERFECT_EXT,UNAMBIGUOUS_BP"
"1106","13",113748433,113748605,"hsa_circ_005894",2,"-",1,2,5,40,"my_test_sample",2,0,0,1,"GTAG",NA,"ANCHOR_UNIQUE,CANONICAL,CIRCULAR,PERFECT_EXT,UNAMBIGUOUS_BP"
"1107","2",688460,688665,"hsa_circ_005895",3,"-",3,3,40,40,"my_test_sample",3,0,0,1,"GTAG",NA,"ANCHOR_UNIQUE,CANONICAL,CIRCULAR,PERFECT_EXT,UNAMBIGUOUS_BP"
"1108","18",3520363,3520528,"hsa_circ_005898",2,"-",2,2,40,40,"my_test_sample",2,0,0,1,"GTAG",NA,"ANCHOR_UNIQUE,CANONICAL,CIRCULAR,PERFECT_EXT,UNAMBIGUOUS_BP"
"1109","15",87351906,87352133,"hsa_circ_005904",2,"+",1,2,5,5,"my_test_sample",2,0,0,1,"GTAG",NA,"ANCHOR_UNIQUE,CANONICAL,CIRCULAR,PERFECT_EXT,UNAMBIGUOUS_BP"
"1110","11",14032918,14033153,"hsa_circ_005906",3,"-",1,3,40,40,"my_test_sample",3,1,0,1,"GTAG",NA,"ANCHOR_UNIQUE,CANONICAL,CIRCULAR,GOOD_EXT,UNAMBIGUOUS_BP"
"1111","5",9174799,9175210,"hsa_circ_005908",3,"-",1,3,5,5,"my_test_sample",3,2,0,1,"GTAG",NA,"ANCHOR_UNIQUE,CANONICAL,CIRCULAR,OK_EXT,UNAMBIGUOUS_BP"
"1112","1",1170080,1170266,"hsa_circ_005909",2,"-",1,2,5,5,"my_test_sample",2,0,1,1,"GTAG",NA,"ANCHOR_UNIQUE,CANONICAL,CIRCULAR,GOOD_EXT,UNAMBIGUOUS_BP"
"1113","12",7068813,7068996,"hsa_circ_005911",2,"+",1,2,40,40,"my_test_sample",2,2,0,1,"GTAG",NA,"ANCHOR_UNIQUE,CANONICAL,CIRCULAR,OK_EXT,UNAMBIGUOUS_BP"
"1114","15",45926563,45926718,"hsa_circ_005912",6,"+",4,6,40,40,"my_test_sample",6,1,0,1,"GTAG",NA,"ANCHOR_UNIQUE,CANONICAL,CIRCULAR,GOOD_EXT,UNAMBIGUOUS_BP"
"1115","1",227747296,227747458,"hsa_circ_005928",2,"+",2,2,5,40,"my_test_sample",2,0,0,1,"GTAG",NA,"ANCHOR_UNIQUE,CANONICAL,CIRCULAR,PERFECT_EXT,UNAMBIGUOUS_BP"
"1116","10",122211543,122211819,"hsa_circ_005931",2,"-",1,2,5,40,"my_test_sample",2,0,0,1,"GTAG",NA,"ANCHOR_UNIQUE,CANONICAL,CIRCULAR,PERFECT_EXT,UNAMBIGUOUS_BP"
"1117","19",38568191,38568403,"hsa_circ_005938",2,"-",2,2,40,5,"my_test_sample",2,0,0,1,"GTAG",NA,"ANCHOR_UNIQUE,CANONICAL,CIRCULAR,PERFECT_EXT,UNAMBIGUOUS_BP"
"1118","11",76238416,76238574,"hsa_circ_005939",2,"-",1,2,5,5,"my_test_sample",2,0,0,1,"GTAG",NA,"ANCHOR_UNIQUE,CANONICAL,CIRCULAR,PERFECT_EXT,UNAMBIGUOUS_BP"
"1119","7",151759245,151759395,"hsa_circ_005943",2,"-",1,2,5,5,"my_test_sample",2,0,0,1,"GTAG",NA,"ANCHOR_UNIQUE,CANONICAL,CIRCULAR,PERFECT_EXT,UNAMBIGUOUS_BP"
"1120","13",105525836,105525992,"hsa_circ_005950",4,"-",2,4,40,5,"my_test_sample",4,0,0,1,"GTAG",NA,"ANCHOR_UNIQUE,CANONICAL,CIRCULAR,PERFECT_EXT,UNAMBIGUOUS_BP"
"1121","3",49926105,49926272,"hsa_circ_005956",2,"-",1,2,5,40,"my_test_sample",2,2,0,1,"GTAG",NA,"ANCHOR_UNIQUE,CANONICAL,CIRCULAR,OK_EXT,UNAMBIGUOUS_BP"
"1122","22",48075012,48075165,"hsa_circ_005961",2,"+",1,2,40,40,"my_test_sample",2,2,0,1,"GTAG",NA,"ANCHOR_UNIQUE,CANONICAL,CIRCULAR,OK_EXT,UNAMBIGUOUS_BP"
"1123","X",80390095,80390260,"hsa_circ_005965",2,"+",1,2,5,5,"my_test_sample",2,0,0,1,"GTAG",NA,"ANCHOR_UNIQUE,CANONICAL,CIRCULAR,PERFECT_EXT,UNAMBIGUOUS_BP"
"1124","11",7578066,7578378,"hsa_circ_005967",4,"-",2,4,40,40,"my_test_sample",4,1,0,1,"GTAG",NA,"ANCHOR_UNIQUE,CANONICAL,CIRCULAR,GOOD_EXT,UNAMBIGUOUS_BP"
"1125","20",3745614,3745802,"hsa_circ_005970",2,"-",2,2,35,40,"my_test_sample",2,0,2,1,"GTAG",NA,"ANCHOR_UNIQUE,CANONICAL,CIRCULAR,OK_EXT,UNAMBIGUOUS_BP"
"1126","18",60160891,60161224,"hsa_circ_005973",2,"+",1,2,40,40,"my_test_sample",2,1,0,1,"GTAG",NA,"ANCHOR_UNIQUE,CANONICAL,CIRCULAR,GOOD_EXT,UNAMBIGUOUS_BP"
"1127","10",20550283,20550452,"hsa_circ_005975",2,"+",2,2,5,40,"my_test_sample",2,0,0,1,"GTAG",NA,"ANCHOR_UNIQUE,CANONICAL,CIRCULAR,PERFECT_EXT,UNAMBIGUOUS_BP"
"1128","2",229608579,229608747,"hsa_circ_005980",2,"+",1,2,4,5,"my_test_sample",2,2,0,1,"GTAG",NA,"ANCHOR_UNIQUE,CANONICAL,CIRCULAR,OK_EXT,UNAMBIGUOUS_BP"
"1129","3",38173972,38174135,"hsa_circ_005983",2,"+",2,2,40,40,"my_test_sample",2,0,0,1,"GTAG",NA,"ANCHOR_UNIQUE,CANONICAL,CIRCULAR,PERFECT_EXT,UNAMBIGUOUS_BP"
"1130","5",152994520,152994711,"hsa_circ_005986",2,"+",1,2,40,5,"my_test_sample",2,2,0,1,"GTAG",NA,"ANCHOR_UNIQUE,CANONICAL,CIRCULAR,OK_EXT,UNAMBIGUOUS_BP"
"1131","14",105646175,105744451,"hsa_circ_005988",6,"-",3,5,5,5,"my_test_sample",6,1,0,1,"GTAG",NA,"ANCHOR_UNIQUE,CANONICAL,CIRCULAR,GOOD_EXT,UNAMBIGUOUS_BP"
"1132","2",74777238,74777401,"hsa_circ_005989",2,"+",2,2,40,40,"my_test_sample",2,0,0,1,"GTAG",NA,"ANCHOR_UNIQUE,CANONICAL,CIRCULAR,PERFECT_EXT,UNAMBIGUOUS_BP"
"1133","1",2147372,2147630,"hsa_circ_005993",2,"-",1,2,5,5,"my_test_sample",2,1,0,1,"GTAG",NA,"ANCHOR_UNIQUE,CANONICAL,CIRCULAR,GOOD_EXT,UNAMBIGUOUS_BP"
"1134","17",42166270,42166563,"hsa_circ_005999",2,"+",2,2,40,5,"my_test_sample",2,0,0,1,"GTAG",NA,"ANCHOR_UNIQUE,CANONICAL,CIRCULAR,PERFECT_EXT,UNAMBIGUOUS_BP"
"1135","12",117128172,117128329,"hsa_circ_006002",2,"-",2,2,40,5,"my_test_sample",2,1,0,1,"GTAG",NA,"ANCHOR_UNIQUE,CANONICAL,CIRCULAR,GOOD_EXT,UNAMBIGUOUS_BP"
"1136","2",85254891,85255041,"hsa_circ_006007",2,"+",1,2,5,40,"my_test_sample",2,2,0,1,"GTAG",NA,"ANCHOR_UNIQUE,CANONICAL,CIRCULAR,OK_EXT,UNAMBIGUOUS_BP"
"1137","9",7188832,7188997,"hsa_circ_006013",2,"+",2,2,40,5,"my_test_sample",2,0,0,1,"GTAG",NA,"ANCHOR_UNIQUE,CANONICAL,CIRCULAR,PERFECT_EXT,UNAMBIGUOUS_BP"
"1138","9",129425952,129426121,"hsa_circ_006015",2,"-",1,2,5,5,"my_test_sample",2,0,0,1,"GTAG",NA,"ANCHOR_UNIQUE,CANONICAL,CIRCULAR,PERFECT_EXT,UNAMBIGUOUS_BP"
"1139","2",2521751,2521946,"hsa_circ_006017",2,"-",2,2,40,40,"my_test_sample",2,0,0,1,"GTAG",NA,"ANCHOR_UNIQUE,CANONICAL,CIRCULAR,PERFECT_EXT,UNAMBIGUOUS_BP"
"1140","X",13478342,13478541,"hsa_circ_006023",2,"-",1,2,5,40,"my_test_sample",2,0,0,1,"GTAG",NA,"ANCHOR_UNIQUE,CANONICAL,CIRCULAR,PERFECT_EXT,UNAMBIGUOUS_BP"
"1141","12",13530130,13530304,"hsa_circ_006039",2,"-",2,2,5,40,"my_test_sample",2,2,0,1,"GTAG",NA,"ANCHOR_UNIQUE,CANONICAL,CIRCULAR,OK_EXT,UNAMBIGUOUS_BP"
"1142","X",47658803,47659054,"hsa_circ_006040",2,"-",1,2,5,5,"my_test_sample",2,2,0,1,"GTAG",NA,"ANCHOR_UNIQUE,CANONICAL,CIRCULAR,OK_EXT,UNAMBIGUOUS_BP"
"1143","7",156331876,156332037,"hsa_circ_006041",3,"+",1,3,40,5,"my_test_sample",3,2,0,1,"GTAG",NA,"ANCHOR_UNIQUE,CANONICAL,CIRCULAR,OK_EXT,UNAMBIGUOUS_BP"
"1144","15",74291632,74291793,"hsa_circ_006048",2,"+",1,2,5,5,"my_test_sample",2,0,0,1,"GTAG",NA,"ANCHOR_UNIQUE,CANONICAL,CIRCULAR,PERFECT_EXT,UNAMBIGUOUS_BP"
"1145","17",16069225,16069525,"hsa_circ_006064",2,"-",1,2,40,40,"my_test_sample",2,2,0,1,"GTAG",NA,"ANCHOR_UNIQUE,CANONICAL,CIRCULAR,OK_EXT,UNAMBIGUOUS_BP"
"1146","12",52824287,52824445,"hsa_circ_006067",3,"+",1,3,5,40,"my_test_sample",3,0,0,1,"GTAG",NA,"ANCHOR_UNIQUE,CANONICAL,CIRCULAR,PERFECT_EXT,UNAMBIGUOUS_BP"
"1147","11",64025412,64025577,"hsa_circ_006073",2,"+",2,2,5,40,"my_test_sample",2,1,0,1,"GTAG",NA,"ANCHOR_UNIQUE,CANONICAL,CIRCULAR,GOOD_EXT,UNAMBIGUOUS_BP"
"1148","1",2648927,2649090,"hsa_circ_006074",3,"+",2,3,5,40,"my_test_sample",3,2,0,1,"GTAG",NA,"ANCHOR_UNIQUE,CANONICAL,CIRCULAR,OK_EXT,UNAMBIGUOUS_BP"
"1149","8",24431492,24431671,"hsa_circ_006077",4,"+",2,4,5,40,"my_test_sample",4,0,0,1,"GTAG",NA,"ANCHOR_UNIQUE,CANONICAL,CIRCULAR,PERFECT_EXT,UNAMBIGUOUS_BP"
"1150","2",137907542,137907784,"hsa_circ_006079",2,"+",2,2,40,40,"my_test_sample",2,0,0,1,"GTAG",NA,"ANCHOR_UNIQUE,CANONICAL,CIRCULAR,PERFECT_EXT,UNAMBIGUOUS_BP"
"1151","X",153581370,153581575,"hsa_circ_006080",2,"+",1,2,40,5,"my_test_sample",2,2,0,1,"GTAG",NA,"ANCHOR_UNIQUE,CANONICAL,CIRCULAR,OK_EXT,UNAMBIGUOUS_BP"
"1152","2",11957622,11957777,"hsa_circ_006081",3,"+",1,3,40,35,"my_test_sample",3,0,0,1,"GTAG",NA,"ANCHOR_UNIQUE,CANONICAL,CIRCULAR,PERFECT_EXT,UNAMBIGUOUS_BP"
"1153","12",52358937,52359177,"hsa_circ_006082",2,"-",1,2,40,5,"my_test_sample",2,2,0,1,"GTAG",NA,"ANCHOR_UNIQUE,CANONICAL,CIRCULAR,OK_EXT,UNAMBIGUOUS_BP"
"1154","19",46491311,46491476,"hsa_circ_006083",2,"+",1,2,5,40,"my_test_sample",2,0,0,1,"GTAG",NA,"ANCHOR_UNIQUE,CANONICAL,CIRCULAR,PERFECT_EXT,UNAMBIGUOUS_BP"
"1155","1",64859856,64861706,"hsa_circ_006085",3,"+",1,3,5,5,"my_test_sample",3,1,0,1,"GTAG",NA,"ANCHOR_UNIQUE,CANONICAL,CIRCULAR,GOOD_EXT,UNAMBIGUOUS_BP"
"1156","9",121760984,121761142,"hsa_circ_006090",3,"-",2,3,40,40,"my_test_sample",3,0,0,1,"GTAG",NA,"ANCHOR_UNIQUE,CANONICAL,CIRCULAR,PERFECT_EXT,UNAMBIGUOUS_BP"
"1157","19",6416489,6416737,"hsa_circ_006096",2,"-",1,2,40,5,"my_test_sample",2,0,0,1,"GTAG",NA,"ANCHOR_UNIQUE,CANONICAL,CIRCULAR,PERFECT_EXT,UNAMBIGUOUS_BP"
"1158","2",120313780,120313997,"hsa_circ_006097",2,"-",2,2,5,40,"my_test_sample",2,2,0,1,"GTAG",NA,"ANCHOR_UNIQUE,CANONICAL,CIRCULAR,OK_EXT,UNAMBIGUOUS_BP"
"1159","15",39823591,39823775,"hsa_circ_006099",2,"-",1,2,40,40,"my_test_sample",2,2,0,1,"GTAG",NA,"ANCHOR_UNIQUE,CANONICAL,CIRCULAR,OK_EXT,UNAMBIGUOUS_BP"
"1160","13",103015853,103016181,"hsa_circ_006106",2,"+",1,2,40,5,"my_test_sample",2,0,0,1,"GTAG",NA,"ANCHOR_UNIQUE,CANONICAL,CIRCULAR,PERFECT_EXT,UNAMBIGUOUS_BP"
"1161","X",17771937,17772089,"hsa_circ_006116",2,"-",2,1,40,5,"my_test_sample",2,0,0,1,"GTAG",NA,"ANCHOR_UNIQUE,CANONICAL,CIRCULAR,PERFECT_EXT,UNAMBIGUOUS_BP"
"1162","3",193765673,193765827,"hsa_circ_006120",2,"+",2,2,5,40,"my_test_sample",2,0,0,1,"GTAG",NA,"ANCHOR_UNIQUE,CANONICAL,CIRCULAR,PERFECT_EXT,UNAMBIGUOUS_BP"
"1163","21",36722151,36722308,"hsa_circ_006124",2,"-",1,2,40,40,"my_test_sample",2,0,0,1,"GTAG",NA,"ANCHOR_UNIQUE,CANONICAL,CIRCULAR,PERFECT_EXT,UNAMBIGUOUS_BP"
"1164","4",76280826,76281051,"hsa_circ_006126",2,"+",2,2,5,40,"my_test_sample",2,1,0,1,"GTAG",NA,"ANCHOR_UNIQUE,CANONICAL,CIRCULAR,GOOD_EXT,UNAMBIGUOUS_BP"
"1165","22",34313604,34313919,"hsa_circ_006129",2,"-",1,2,40,40,"my_test_sample",2,1,0,1,"GTAG",NA,"ANCHOR_UNIQUE,CANONICAL,CIRCULAR,GOOD_EXT,UNAMBIGUOUS_BP"
"1166","14",87590744,87590906,"hsa_circ_006130",2,"-",1,2,5,5,"my_test_sample",2,1,0,1,"GTAG",NA,"ANCHOR_UNIQUE,CANONICAL,CIRCULAR,GOOD_EXT,UNAMBIGUOUS_BP"
"1167","6",70543649,70543981,"hsa_circ_006131",3,"-",1,3,5,40,"my_test_sample",3,2,0,1,"GTAG",NA,"ANCHOR_UNIQUE,CANONICAL,CIRCULAR,OK_EXT,UNAMBIGUOUS_BP"
"1168","16",20387932,20388090,"hsa_circ_006133",3,"+",1,3,5,40,"my_test_sample",3,2,0,1,"GTAG",NA,"ANCHOR_UNIQUE,CANONICAL,CIRCULAR,OK_EXT,UNAMBIGUOUS_BP"
"1169","12",3350136,3350292,"hsa_circ_006137",2,"+",1,2,40,5,"my_test_sample",2,0,0,1,"GTAG",NA,"ANCHOR_UNIQUE,CANONICAL,CIRCULAR,PERFECT_EXT,UNAMBIGUOUS_BP"
"1170","5",128080618,128080775,"hsa_circ_006139",4,"-",1,4,5,5,"my_test_sample",4,0,0,1,"GTAG",NA,"ANCHOR_UNIQUE,CANONICAL,CIRCULAR,PERFECT_EXT,UNAMBIGUOUS_BP"
"1171","6",160200796,160201052,"hsa_circ_006148",2,"-",1,2,40,40,"my_test_sample",2,0,0,1,"GTAG",NA,"ANCHOR_UNIQUE,CANONICAL,CIRCULAR,PERFECT_EXT,UNAMBIGUOUS_BP"
"1172","X",110958242,110958418,"hsa_circ_006157",2,"-",2,2,35,40,"my_test_sample",2,1,1,1,"GTAG",NA,"ANCHOR_UNIQUE,CANONICAL,CIRCULAR,GOOD_EXT,UNAMBIGUOUS_BP"
"1173","20",60598593,60598778,"hsa_circ_006171",2,"+",1,2,40,40,"my_test_sample",2,1,0,1,"GTAG",NA,"ANCHOR_UNIQUE,CANONICAL,CIRCULAR,GOOD_EXT,UNAMBIGUOUS_BP"
"1174","8",81727673,81728049,"hsa_circ_006181",3,"+",1,3,5,40,"my_test_sample",3,0,0,1,"GTAG",NA,"ANCHOR_UNIQUE,CANONICAL,CIRCULAR,PERFECT_EXT,UNAMBIGUOUS_BP"
"1175","11",6566639,6566811,"hsa_circ_006196",4,"-",1,4,5,40,"my_test_sample",4,1,0,1,"GTAG",NA,"ANCHOR_UNIQUE,CANONICAL,CIRCULAR,GOOD_EXT,UNAMBIGUOUS_BP"
"1176","9",26330017,26330258,"hsa_circ_006198",2,"-",1,2,5,40,"my_test_sample",2,2,0,1,"GTAG",NA,"ANCHOR_UNIQUE,CANONICAL,CIRCULAR,OK_EXT,UNAMBIGUOUS_BP"
"1177","19",20870476,20870628,"hsa_circ_006200",2,"-",1,2,5,5,"my_test_sample",2,2,0,1,"GTAG",NA,"ANCHOR_UNIQUE,CANONICAL,CIRCULAR,OK_EXT,UNAMBIGUOUS_BP"
"1178","10",86295235,86295404,"hsa_circ_006209",2,"+",2,2,5,40,"my_test_sample",2,2,0,1,"GTAG",NA,"ANCHOR_UNIQUE,CANONICAL,CIRCULAR,OK_EXT,UNAMBIGUOUS_BP"
"1179","12",123265888,123266098,"hsa_circ_006214",3,"-",2,3,5,40,"my_test_sample",3,2,0,1,"GTAG",NA,"ANCHOR_UNIQUE,CANONICAL,CIRCULAR,OK_EXT,UNAMBIGUOUS_BP"
"1180","10",128700264,128700482,"hsa_circ_006216",2,"+",2,2,3,40,"my_test_sample",2,2,0,1,"GTAG",NA,"ANCHOR_UNIQUE,CANONICAL,CIRCULAR,OK_EXT,UNAMBIGUOUS_BP"
"1181","11",66049569,66049727,"hsa_circ_006217",2,"-",1,2,40,5,"my_test_sample",2,1,0,1,"GTAG",NA,"ANCHOR_UNIQUE,CANONICAL,CIRCULAR,GOOD_EXT,UNAMBIGUOUS_BP"
"1182","1",36494824,36494982,"hsa_circ_006218",2,"-",1,2,40,5,"my_test_sample",2,1,0,1,"GTAG",NA,"ANCHOR_UNIQUE,CANONICAL,CIRCULAR,GOOD_EXT,UNAMBIGUOUS_BP"
"1183","3",26289063,26289456,"hsa_circ_006219",2,"+",2,2,5,5,"my_test_sample",2,0,0,1,"GTAG",NA,"ANCHOR_UNIQUE,CANONICAL,CIRCULAR,PERFECT_EXT,UNAMBIGUOUS_BP"
"1184","11",43501965,43502130,"hsa_circ_006227",3,"-",3,2,5,5,"my_test_sample",3,0,0,1,"GTAG",NA,"ANCHOR_UNIQUE,CANONICAL,CIRCULAR,PERFECT_EXT,UNAMBIGUOUS_BP"
"1185","11",6230114,6230325,"hsa_circ_006229",2,"-",1,2,40,40,"my_test_sample",2,2,0,1,"GTAG",NA,"ANCHOR_UNIQUE,CANONICAL,CIRCULAR,OK_EXT,UNAMBIGUOUS_BP"
"1186","17",14120367,14120576,"hsa_circ_006233",2,"-",2,2,40,40,"my_test_sample",2,0,0,1,"GTAG",NA,"ANCHOR_UNIQUE,CANONICAL,CIRCULAR,PERFECT_EXT,UNAMBIGUOUS_BP"
"1187","3",66370187,66370406,"hsa_circ_006246",2,"+",2,2,40,40,"my_test_sample",2,1,0,1,"GTAG",NA,"ANCHOR_UNIQUE,CANONICAL,CIRCULAR,GOOD_EXT,UNAMBIGUOUS_BP"
"1188","5",28561824,28562016,"hsa_circ_006252",2,"-",1,2,5,40,"my_test_sample",2,2,0,1,"GTAG",NA,"ANCHOR_UNIQUE,CANONICAL,CIRCULAR,OK_EXT,UNAMBIGUOUS_BP"
"1189","11",66314309,66314487,"hsa_circ_006256",4,"-",2,4,5,5,"my_test_sample",4,0,0,1,"GTAG",NA,"ANCHOR_UNIQUE,CANONICAL,CIRCULAR,PERFECT_EXT,UNAMBIGUOUS_BP"
"1190","18",72692361,72692612,"hsa_circ_006257",3,"-",1,3,5,5,"my_test_sample",3,0,0,1,"GTAG",NA,"ANCHOR_UNIQUE,CANONICAL,CIRCULAR,PERFECT_EXT,UNAMBIGUOUS_BP"
"1191","19",27657376,27657586,"hsa_circ_006260",2,"+",1,2,5,5,"my_test_sample",2,1,0,1,"GTAG",NA,"ANCHOR_UNIQUE,CANONICAL,CIRCULAR,GOOD_EXT,UNAMBIGUOUS_BP"
"1192","21",45078383,45078534,"hsa_circ_006269",4,"+",4,4,37,40,"my_test_sample",4,0,0,1,"GTAG",NA,"ANCHOR_UNIQUE,CANONICAL,CIRCULAR,PERFECT_EXT,UNAMBIGUOUS_BP"
"1193","X",66198227,66198382,"hsa_circ_006270",2,"-",1,2,40,5,"my_test_sample",2,0,1,1,"GTAG",NA,"ANCHOR_UNIQUE,CANONICAL,CIRCULAR,GOOD_EXT,UNAMBIGUOUS_BP"
"1194","16",31531829,31532084,"hsa_circ_006273",2,"-",2,2,5,40,"my_test_sample",2,1,0,1,"GTAG",NA,"ANCHOR_UNIQUE,CANONICAL,CIRCULAR,GOOD_EXT,UNAMBIGUOUS_BP"
"1195","1",1278966,1279148,"hsa_circ_006274",2,"+",1,2,5,5,"my_test_sample",2,1,0,1,"GTAG",NA,"ANCHOR_UNIQUE,CANONICAL,CIRCULAR,GOOD_EXT,UNAMBIGUOUS_BP"
"1196","1",48861714,48861869,"hsa_circ_006282",2,"+",1,2,5,5,"my_test_sample",2,1,0,1,"GTAG",NA,"ANCHOR_UNIQUE,CANONICAL,CIRCULAR,GOOD_EXT,UNAMBIGUOUS_BP"
"1197","2",10011546,10013240,"hsa_circ_006289",2,"+",1,2,5,40,"my_test_sample",2,1,0,1,"GTAG",NA,"ANCHOR_UNIQUE,CANONICAL,CIRCULAR,GOOD_EXT,UNAMBIGUOUS_BP"
"1198","X",153059614,153059809,"hsa_circ_006290",2,"-",2,2,5,5,"my_test_sample",2,0,0,1,"GTAG",NA,"ANCHOR_UNIQUE,CANONICAL,CIRCULAR,PERFECT_EXT,UNAMBIGUOUS_BP"
"1199","6",55408910,55409106,"hsa_circ_006295",2,"+",1,2,5,35,"my_test_sample",2,2,0,1,"GTAG",NA,"ANCHOR_UNIQUE,CANONICAL,CIRCULAR,OK_EXT,UNAMBIGUOUS_BP"
"1200","10",42997693,42997863,"hsa_circ_006302",2,"+",1,2,40,40,"my_test_sample",2,0,0,1,"GTAG",NA,"ANCHOR_UNIQUE,CANONICAL,CIRCULAR,PERFECT_EXT,UNAMBIGUOUS_BP"
"1201","8",133737993,133738182,"hsa_circ_006309",2,"-",2,2,5,5,"my_test_sample",2,0,0,1,"GTAG",NA,"ANCHOR_UNIQUE,CANONICAL,CIRCULAR,PERFECT_EXT,UNAMBIGUOUS_BP"
"1202","22",34827443,34827603,"hsa_circ_006313",3,"+",2,3,35,40,"my_test_sample",3,0,0,1,"GTAG",NA,"ANCHOR_UNIQUE,CANONICAL,CIRCULAR,PERFECT_EXT,UNAMBIGUOUS_BP"
"1203","2",9971925,9972077,"hsa_circ_006319",2,"-",1,2,40,5,"my_test_sample",2,1,0,1,"GTAG",NA,"ANCHOR_UNIQUE,CANONICAL,CIRCULAR,GOOD_EXT,UNAMBIGUOUS_BP"
"1204","5",171574890,171575164,"hsa_circ_006325",3,"-",1,3,40,4,"my_test_sample",3,0,0,1,"GTAG",NA,"ANCHOR_UNIQUE,CANONICAL,CIRCULAR,PERFECT_EXT,UNAMBIGUOUS_BP"
"1205","5",180646395,180646568,"hsa_circ_006330",3,"-",1,3,5,5,"my_test_sample",3,1,0,1,"GTAG",NA,"ANCHOR_UNIQUE,CANONICAL,CIRCULAR,GOOD_EXT,UNAMBIGUOUS_BP"
"1206","12",54035924,54036125,"hsa_circ_006331",2,"+",1,2,40,5,"my_test_sample",2,2,0,1,"GTAG",NA,"ANCHOR_UNIQUE,CANONICAL,CIRCULAR,OK_EXT,UNAMBIGUOUS_BP"
"1207","19",55896881,55897041,"hsa_circ_006335",2,"-",1,2,5,5,"my_test_sample",2,0,0,1,"GTAG",NA,"ANCHOR_UNIQUE,CANONICAL,CIRCULAR,PERFECT_EXT,UNAMBIGUOUS_BP"
"1208","17",76291956,76292106,"hsa_circ_006337",2,"+",1,2,5,5,"my_test_sample",2,0,0,1,"GTAG",NA,"ANCHOR_UNIQUE,CANONICAL,CIRCULAR,PERFECT_EXT,UNAMBIGUOUS_BP"
"1209","X",124552664,124552852,"hsa_circ_006339",2,"-",1,2,40,5,"my_test_sample",2,0,0,1,"GTAG",NA,"ANCHOR_UNIQUE,CANONICAL,CIRCULAR,PERFECT_EXT,UNAMBIGUOUS_BP"
"1210","20",8325641,8325812,"hsa_circ_006344",2,"+",1,2,5,5,"my_test_sample",2,1,0,1,"GTAG",NA,"ANCHOR_UNIQUE,CANONICAL,CIRCULAR,GOOD_EXT,UNAMBIGUOUS_BP"
"1211","5",19471206,19471384,"hsa_circ_006345",2,"-",1,2,40,5,"my_test_sample",2,2,0,1,"GTAG",NA,"ANCHOR_UNIQUE,CANONICAL,CIRCULAR,OK_EXT,UNAMBIGUOUS_BP"
"1212","3",186540335,186540552,"hsa_circ_006352",2,"+",1,2,40,4,"my_test_sample",2,1,0,1,"GTAG",NA,"ANCHOR_UNIQUE,CANONICAL,CIRCULAR,GOOD_EXT,UNAMBIGUOUS_BP"
"1213","11",77779878,77780041,"hsa_circ_006362",2,"+",1,2,5,40,"my_test_sample",2,2,0,1,"GTAG",NA,"ANCHOR_UNIQUE,CANONICAL,CIRCULAR,OK_EXT,UNAMBIGUOUS_BP"
"1214","2",29607637,29607798,"hsa_circ_006364",2,"-",1,2,5,40,"my_test_sample",2,0,0,1,"GTAG",NA,"ANCHOR_UNIQUE,CANONICAL,CIRCULAR,PERFECT_EXT,UNAMBIGUOUS_BP"
"1215","1",180653714,180653881,"hsa_circ_006365",4,"-",1,4,40,5,"my_test_sample",4,2,0,1,"GTAG",NA,"ANCHOR_UNIQUE,CANONICAL,CIRCULAR,OK_EXT,UNAMBIGUOUS_BP"
"1216","1",177589263,177589439,"hsa_circ_006366",3,"-",1,3,40,5,"my_test_sample",3,1,0,1,"GTAG",NA,"ANCHOR_UNIQUE,CANONICAL,CIRCULAR,GOOD_EXT,UNAMBIGUOUS_BP"
"1217","17",56908615,56908799,"hsa_circ_006398",2,"-",1,2,40,40,"my_test_sample",2,1,0,1,"GTAG",NA,"ANCHOR_UNIQUE,CANONICAL,CIRCULAR,GOOD_EXT,UNAMBIGUOUS_BP"
"1218","2",177327144,177327326,"hsa_circ_006402",4,"+",1,4,5,5,"my_test_sample",4,0,0,1,"GTAG",NA,"ANCHOR_UNIQUE,CANONICAL,CIRCULAR,PERFECT_EXT,UNAMBIGUOUS_BP"
"1219","4",154550299,154550453,"hsa_circ_006404",3,"-",3,3,40,40,"my_test_sample",3,0,0,1,"GTAG",NA,"ANCHOR_UNIQUE,CANONICAL,CIRCULAR,PERFECT_EXT,UNAMBIGUOUS_BP"
"1220","22",47218917,47219067,"hsa_circ_006405",3,"+",2,3,40,40,"my_test_sample",3,0,0,1,"GTAG",NA,"ANCHOR_UNIQUE,CANONICAL,CIRCULAR,PERFECT_EXT,UNAMBIGUOUS_BP"
"1221","17",8166594,8166808,"hsa_circ_006410",3,"+",2,3,40,40,"my_test_sample",3,2,0,1,"GTAG",NA,"ANCHOR_UNIQUE,CANONICAL,CIRCULAR,OK_EXT,UNAMBIGUOUS_BP"
"1222","10",72573940,72574116,"hsa_circ_006411",2,"-",1,2,5,5,"my_test_sample",2,2,0,1,"GTAG",NA,"ANCHOR_UNIQUE,CANONICAL,CIRCULAR,OK_EXT,UNAMBIGUOUS_BP"
"1223","22",17413283,17413492,"hsa_circ_006415",6,"-",1,6,40,5,"my_test_sample",6,0,0,1,"GTAG",NA,"ANCHOR_UNIQUE,CANONICAL,CIRCULAR,PERFECT_EXT,UNAMBIGUOUS_BP"
"1224","1",71023145,71023339,"hsa_circ_006421",2,"-",1,2,35,40,"my_test_sample",2,0,0,1,"GTAG",NA,"ANCHOR_UNIQUE,CANONICAL,CIRCULAR,PERFECT_EXT,UNAMBIGUOUS_BP"
"1225","1",227769820,227770013,"hsa_circ_006422",2,"-",1,2,5,40,"my_test_sample",2,2,0,1,"GTAG",NA,"ANCHOR_UNIQUE,CANONICAL,CIRCULAR,OK_EXT,UNAMBIGUOUS_BP"
"1226","19",4511510,4511906,"hsa_circ_006428",2,"-",2,1,40,5,"my_test_sample",2,1,0,1,"GTAG",NA,"ANCHOR_UNIQUE,CANONICAL,CIRCULAR,GOOD_EXT,UNAMBIGUOUS_BP"
"1227","3",129070468,129070707,"hsa_circ_006438",2,"+",2,2,5,5,"my_test_sample",2,1,0,1,"GTAG",NA,"ANCHOR_UNIQUE,CANONICAL,CIRCULAR,GOOD_EXT,UNAMBIGUOUS_BP"
"1228","9",10176563,10176726,"hsa_circ_006442",2,"-",1,2,5,40,"my_test_sample",2,1,0,1,"GTAG",NA,"ANCHOR_UNIQUE,CANONICAL,CIRCULAR,GOOD_EXT,UNAMBIGUOUS_BP"
"1229","3",184718571,184718734,"hsa_circ_006444",2,"+",1,2,40,5,"my_test_sample",2,0,0,1,"GTAG",NA,"ANCHOR_UNIQUE,CANONICAL,CIRCULAR,PERFECT_EXT,UNAMBIGUOUS_BP"
"1230","4",185623691,185623904,"hsa_circ_006451",2,"+",2,2,40,40,"my_test_sample",2,1,0,1,"GTAG",NA,"ANCHOR_UNIQUE,CANONICAL,CIRCULAR,GOOD_EXT,UNAMBIGUOUS_BP"
"1231","16",2515277,2515480,"hsa_circ_006456",2,"-",1,2,40,40,"my_test_sample",2,2,0,1,"GTAG",NA,"ANCHOR_UNIQUE,CANONICAL,CIRCULAR,OK_EXT,UNAMBIGUOUS_BP"
"1232","3",194961744,194961947,"hsa_circ_006466",3,"-",2,3,40,40,"my_test_sample",3,0,0,1,"GTAG",NA,"ANCHOR_UNIQUE,CANONICAL,CIRCULAR,PERFECT_EXT,UNAMBIGUOUS_BP"
"1233","6",109069655,109069806,"hsa_circ_006471",3,"-",1,3,5,5,"my_test_sample",3,2,0,1,"GTAG",NA,"ANCHOR_UNIQUE,CANONICAL,CIRCULAR,OK_EXT,UNAMBIGUOUS_BP"
"1234","2",84153363,84153615,"hsa_circ_006473",2,"+",1,2,40,40,"my_test_sample",2,0,0,1,"GTAG",NA,"ANCHOR_UNIQUE,CANONICAL,CIRCULAR,PERFECT_EXT,UNAMBIGUOUS_BP"
"1235","1",4514954,4515169,"hsa_circ_006487",2,"-",1,2,40,40,"my_test_sample",2,1,0,1,"GTAG",NA,"ANCHOR_UNIQUE,CANONICAL,CIRCULAR,GOOD_EXT,UNAMBIGUOUS_BP"
"1236","6",44208741,44208895,"hsa_circ_006490",2,"-",2,2,5,40,"my_test_sample",2,0,0,1,"GTAG",NA,"ANCHOR_UNIQUE,CANONICAL,CIRCULAR,PERFECT_EXT,UNAMBIGUOUS_BP"
"1237","1",64369700,64369891,"hsa_circ_006517",2,"+",1,2,5,5,"my_test_sample",2,0,0,1,"GTAG",NA,"ANCHOR_UNIQUE,CANONICAL,CIRCULAR,PERFECT_EXT,UNAMBIGUOUS_BP"
"1238","10",92787712,92787978,"hsa_circ_006534",2,"+",1,2,5,5,"my_test_sample",2,0,0,1,"GTAG",NA,"ANCHOR_UNIQUE,CANONICAL,CIRCULAR,PERFECT_EXT,UNAMBIGUOUS_BP"
"1239","14",52905901,52906176,"hsa_circ_006544",2,"+",1,2,3,5,"my_test_sample",2,1,0,1,"GTAG",NA,"ANCHOR_UNIQUE,CANONICAL,CIRCULAR,GOOD_EXT,UNAMBIGUOUS_BP"
"1240","15",70764075,70764231,"hsa_circ_006547",2,"+",2,2,40,5,"my_test_sample",2,0,1,1,"GTAG",NA,"ANCHOR_UNIQUE,CANONICAL,CIRCULAR,GOOD_EXT,UNAMBIGUOUS_BP"
"1241","7",154436305,154436460,"hsa_circ_006558",2,"-",1,2,5,40,"my_test_sample",2,1,0,1,"GTAG",NA,"ANCHOR_UNIQUE,CANONICAL,CIRCULAR,GOOD_EXT,UNAMBIGUOUS_BP"
"1242","X",151794821,151795010,"hsa_circ_006559",2,"-",1,2,5,40,"my_test_sample",2,1,0,1,"GTAG",NA,"ANCHOR_UNIQUE,CANONICAL,CIRCULAR,GOOD_EXT,UNAMBIGUOUS_BP"
"1243","8",60806797,60806954,"hsa_circ_006567",3,"+",2,1,5,5,"my_test_sample",3,2,0,1,"GTAG",NA,"ANCHOR_UNIQUE,CANONICAL,CIRCULAR,OK_EXT,UNAMBIGUOUS_BP"
"1244","1",242189738,242189886,"hsa_circ_006583",2,"+",2,2,5,5,"my_test_sample",2,0,0,1,"GTAG",NA,"ANCHOR_UNIQUE,CANONICAL,CIRCULAR,PERFECT_EXT,UNAMBIGUOUS_BP"
"1245","5",158224332,158224485,"hsa_circ_006587",3,"-",3,3,40,40,"my_test_sample",3,0,0,1,"GTAG",NA,"ANCHOR_UNIQUE,CANONICAL,CIRCULAR,PERFECT_EXT,UNAMBIGUOUS_BP"
"1246","11",18726460,18726604,"hsa_circ_006590",3,"-",3,3,37,5,"my_test_sample",3,0,0,1,"GTAG",NA,"ANCHOR_UNIQUE,CANONICAL,CIRCULAR,PERFECT_EXT,UNAMBIGUOUS_BP"
"1247","18",43588240,43588463,"hsa_circ_006606",2,"+",1,2,40,40,"my_test_sample",2,2,0,1,"GTAG",NA,"ANCHOR_UNIQUE,CANONICAL,CIRCULAR,OK_EXT,UNAMBIGUOUS_BP"
"1248","1",201610528,201610706,"hsa_circ_006612",5,"+",2,5,40,40,"my_test_sample",5,0,0,1,"GTAG",NA,"ANCHOR_UNIQUE,CANONICAL,CIRCULAR,PERFECT_EXT,UNAMBIGUOUS_BP"
"1249","17",40262947,40263097,"hsa_circ_006614",2,"+",1,2,5,5,"my_test_sample",2,2,0,1,"GTAG",NA,"ANCHOR_UNIQUE,CANONICAL,CIRCULAR,OK_EXT,UNAMBIGUOUS_BP"
"1250","4",97593615,97593786,"hsa_circ_006624",2,"-",1,2,5,5,"my_test_sample",2,2,0,1,"GTAG",NA,"ANCHOR_UNIQUE,CANONICAL,CIRCULAR,OK_EXT,UNAMBIGUOUS_BP"
"1251","17",72986491,72986642,"hsa_circ_006638",2,"-",2,2,5,40,"my_test_sample",2,2,0,1,"GTAG",NA,"ANCHOR_UNIQUE,CANONICAL,CIRCULAR,OK_EXT,UNAMBIGUOUS_BP"
"1252","7",82404120,82404339,"hsa_circ_006641",2,"+",1,2,40,40,"my_test_sample",2,0,1,1,"GTAG",NA,"ANCHOR_UNIQUE,CANONICAL,CIRCULAR,GOOD_EXT,UNAMBIGUOUS_BP"
"1253","16",23836820,23836971,"hsa_circ_006643",2,"-",1,2,5,5,"my_test_sample",2,1,0,1,"GTAG",NA,"ANCHOR_UNIQUE,CANONICAL,CIRCULAR,GOOD_EXT,UNAMBIGUOUS_BP"
"1254","15",38497537,38497693,"hsa_circ_006645",2,"-",2,2,35,40,"my_test_sample",2,0,0,1,"GTAG",NA,"ANCHOR_UNIQUE,CANONICAL,CIRCULAR,PERFECT_EXT,UNAMBIGUOUS_BP"
"1255","5",141495776,141495942,"hsa_circ_006651",3,"-",1,3,40,5,"my_test_sample",3,2,0,1,"GTAG",NA,"ANCHOR_UNIQUE,CANONICAL,CIRCULAR,OK_EXT,UNAMBIGUOUS_BP"
"1256","10",10000133,10000294,"hsa_circ_006652",4,"-",1,4,5,5,"my_test_sample",4,0,0,1,"GTAG",NA,"ANCHOR_UNIQUE,CANONICAL,CIRCULAR,PERFECT_EXT,UNAMBIGUOUS_BP"
"1257","8",6474122,6474311,"hsa_circ_006659",3,"-",1,3,5,5,"my_test_sample",3,1,0,1,"GTAG",NA,"ANCHOR_UNIQUE,CANONICAL,CIRCULAR,GOOD_EXT,UNAMBIGUOUS_BP"
"1258","2",133111164,133111353,"hsa_circ_006660",2,"-",1,2,5,40,"my_test_sample",2,0,0,1,"GTAG",NA,"ANCHOR_UNIQUE,CANONICAL,CIRCULAR,PERFECT_EXT,UNAMBIGUOUS_BP"
"1259","2",20182812,20182968,"hsa_circ_006665",3,"+",2,3,5,40,"my_test_sample",3,2,0,1,"GTAG",NA,"ANCHOR_UNIQUE,CANONICAL,CIRCULAR,OK_EXT,UNAMBIGUOUS_BP"
"1260","3",4592791,4592951,"hsa_circ_006666",4,"+",1,4,40,5,"my_test_sample",4,0,0,1,"GTAG",NA,"ANCHOR_UNIQUE,CANONICAL,CIRCULAR,PERFECT_EXT,UNAMBIGUOUS_BP"
"1261","1",1343212,1343385,"hsa_circ_006668",2,"-",2,2,5,40,"my_test_sample",2,0,0,1,"GTAG",NA,"ANCHOR_UNIQUE,CANONICAL,CIRCULAR,PERFECT_EXT,UNAMBIGUOUS_BP"
"1262","13",34843009,34843209,"hsa_circ_006683",4,"+",1,4,40,40,"my_test_sample",4,0,1,1,"GTAG",NA,"ANCHOR_UNIQUE,CANONICAL,CIRCULAR,GOOD_EXT,UNAMBIGUOUS_BP"
"1263","19",20914486,20914638,"hsa_circ_006685",3,"-",2,3,5,5,"my_test_sample",3,0,0,1,"GTAG",NA,"ANCHOR_UNIQUE,CANONICAL,CIRCULAR,PERFECT_EXT,UNAMBIGUOUS_BP"
"1264","2",128452235,128452388,"hsa_circ_006689",2,"-",2,2,5,4,"my_test_sample",2,1,0,1,"GTAG",NA,"ANCHOR_UNIQUE,CANONICAL,CIRCULAR,GOOD_EXT,UNAMBIGUOUS_BP"
"1265","X",54494130,54494307,"hsa_circ_006691",2,"-",1,2,40,5,"my_test_sample",2,0,0,1,"GTAG",NA,"ANCHOR_UNIQUE,CANONICAL,CIRCULAR,PERFECT_EXT,UNAMBIGUOUS_BP"
"1266","4",38223128,38223297,"hsa_circ_006696",3,"+",1,3,5,40,"my_test_sample",3,0,0,1,"GTAG",NA,"ANCHOR_UNIQUE,CANONICAL,CIRCULAR,PERFECT_EXT,UNAMBIGUOUS_BP"
"1267","8",18034671,18034889,"hsa_circ_006698",2,"-",1,2,5,5,"my_test_sample",2,0,0,1,"GTAG",NA,"ANCHOR_UNIQUE,CANONICAL,CIRCULAR,PERFECT_EXT,UNAMBIGUOUS_BP"
"1268","3",12442842,12443232,"hsa_circ_006704",2,"-",1,2,40,40,"my_test_sample",2,0,0,1,"GTAG",NA,"ANCHOR_UNIQUE,CANONICAL,CIRCULAR,PERFECT_EXT,UNAMBIGUOUS_BP"
"1269","9",125263700,125263859,"hsa_circ_006705",2,"+",1,2,40,40,"my_test_sample",2,1,0,1,"GTAG",NA,"ANCHOR_UNIQUE,CANONICAL,CIRCULAR,GOOD_EXT,UNAMBIGUOUS_BP"
"1270","13",62546276,62546451,"hsa_circ_006711",2,"+",2,2,40,40,"my_test_sample",2,1,0,1,"GTAG",NA,"ANCHOR_UNIQUE,CANONICAL,CIRCULAR,GOOD_EXT,UNAMBIGUOUS_BP"
"1271","16",88511593,88511772,"hsa_circ_006727",2,"-",1,2,5,40,"my_test_sample",2,1,0,1,"GTAG",NA,"ANCHOR_UNIQUE,CANONICAL,CIRCULAR,GOOD_EXT,UNAMBIGUOUS_BP"
"1272","2",220171079,220171343,"hsa_circ_006729",3,"+",1,3,5,5,"my_test_sample",3,2,0,1,"GTAG",NA,"ANCHOR_UNIQUE,CANONICAL,CIRCULAR,OK_EXT,UNAMBIGUOUS_BP"
"1273","20",63862197,63862362,"hsa_circ_006731",2,"-",1,2,40,40,"my_test_sample",2,0,1,1,"GTAG",NA,"ANCHOR_UNIQUE,CANONICAL,CIRCULAR,GOOD_EXT,UNAMBIGUOUS_BP"
"1274","11",1607160,1607342,"hsa_circ_006733",2,"+",2,2,37,40,"my_test_sample",2,0,0,1,"GTAG",NA,"ANCHOR_UNIQUE,CANONICAL,CIRCULAR,PERFECT_EXT,UNAMBIGUOUS_BP"
"1275","2",12251181,12251335,"hsa_circ_006736",2,"+",1,2,5,5,"my_test_sample",2,0,0,1,"GTAG",NA,"ANCHOR_UNIQUE,CANONICAL,CIRCULAR,PERFECT_EXT,UNAMBIGUOUS_BP"
"1276","22",50702055,50702214,"hsa_circ_006743",2,"-",2,2,40,5,"my_test_sample",2,1,0,1,"GTAG",NA,"ANCHOR_UNIQUE,CANONICAL,CIRCULAR,GOOD_EXT,UNAMBIGUOUS_BP"
"1277","X",3656347,3656497,"hsa_circ_006747",2,"+",2,2,5,5,"my_test_sample",2,2,0,1,"GTAG",NA,"ANCHOR_UNIQUE,CANONICAL,CIRCULAR,OK_EXT,UNAMBIGUOUS_BP"
"1278","14",96197369,96197548,"hsa_circ_006757",2,"+",1,2,40,40,"my_test_sample",2,0,0,1,"GTAG",NA,"ANCHOR_UNIQUE,CANONICAL,CIRCULAR,PERFECT_EXT,UNAMBIGUOUS_BP"
"1279","2",20534409,20534587,"hsa_circ_006765",2,"+",2,2,5,5,"my_test_sample",2,0,0,1,"GTAG",NA,"ANCHOR_UNIQUE,CANONICAL,CIRCULAR,PERFECT_EXT,UNAMBIGUOUS_BP"
"1280","6",69093295,69093461,"hsa_circ_006771",2,"+",2,2,40,5,"my_test_sample",2,1,0,1,"GTAG",NA,"ANCHOR_UNIQUE,CANONICAL,CIRCULAR,GOOD_EXT,UNAMBIGUOUS_BP"
"1281","1",27568190,27568365,"hsa_circ_006778",2,"+",2,2,40,5,"my_test_sample",2,1,0,1,"GTAG",NA,"ANCHOR_UNIQUE,CANONICAL,CIRCULAR,GOOD_EXT,UNAMBIGUOUS_BP"
"1282","1",115740616,115740828,"hsa_circ_006787",3,"-",1,3,5,40,"my_test_sample",3,1,1,1,"GTAG",NA,"ANCHOR_UNIQUE,CANONICAL,CIRCULAR,GOOD_EXT,UNAMBIGUOUS_BP"
"1283","10",95584409,95586701,"hsa_circ_006796",2,"-",1,2,40,40,"my_test_sample",2,2,0,1,"GTAG",NA,"ANCHOR_UNIQUE,CANONICAL,CIRCULAR,OK_EXT,UNAMBIGUOUS_BP"
"1284","7",3041881,3042086,"hsa_circ_006801",2,"+",1,2,5,5,"my_test_sample",2,1,0,1,"GTAG",NA,"ANCHOR_UNIQUE,CANONICAL,CIRCULAR,GOOD_EXT,UNAMBIGUOUS_BP"
"1285","1",24093459,24093627,"hsa_circ_006810",3,"+",1,3,5,40,"my_test_sample",3,2,0,1,"GTAG",NA,"ANCHOR_UNIQUE,CANONICAL,CIRCULAR,OK_EXT,UNAMBIGUOUS_BP"
"1286","5",131470788,131470952,"hsa_circ_006817",2,"+",1,2,40,40,"my_test_sample",2,0,0,1,"GTAG",NA,"ANCHOR_UNIQUE,CANONICAL,CIRCULAR,PERFECT_EXT,UNAMBIGUOUS_BP"
"1287","14",94030053,94030265,"hsa_circ_006822",2,"+",2,2,5,5,"my_test_sample",2,0,0,1,"GTAG",NA,"ANCHOR_UNIQUE,CANONICAL,CIRCULAR,PERFECT_EXT,UNAMBIGUOUS_BP"
"1288","12",41766639,41766848,"hsa_circ_006825",2,"-",1,2,35,5,"my_test_sample",2,1,0,1,"GTAG",NA,"ANCHOR_UNIQUE,CANONICAL,CIRCULAR,GOOD_EXT,UNAMBIGUOUS_BP"
"1289","2",127092663,127092829,"hsa_circ_006826",2,"+",2,2,40,40,"my_test_sample",2,0,0,1,"GTAG",NA,"ANCHOR_UNIQUE,CANONICAL,CIRCULAR,PERFECT_EXT,UNAMBIGUOUS_BP"
"1290","20",13814288,13814515,"hsa_circ_006840",2,"+",1,2,5,40,"my_test_sample",2,1,1,1,"GTAG",NA,"ANCHOR_UNIQUE,CANONICAL,CIRCULAR,GOOD_EXT,UNAMBIGUOUS_BP"
"1291","2",9156512,9156664,"hsa_circ_006844",3,"+",3,3,40,5,"my_test_sample",3,1,0,1,"GTAG",NA,"ANCHOR_UNIQUE,CANONICAL,CIRCULAR,GOOD_EXT,UNAMBIGUOUS_BP"
"1292","14",105162471,105162657,"hsa_circ_006847",38,"-",23,34,40,40,"my_test_sample",38,1,0,1,"GTAG",NA,"ANCHOR_UNIQUE,CANONICAL,CIRCULAR,GOOD_EXT,UNAMBIGUOUS_BP"
"1293","1",214405018,214405209,"hsa_circ_006849",2,"-",2,2,5,40,"my_test_sample",2,0,0,1,"GTAG",NA,"ANCHOR_UNIQUE,CANONICAL,CIRCULAR,PERFECT_EXT,UNAMBIGUOUS_BP"
"1294","10",71631765,71632026,"hsa_circ_006851",2,"+",1,2,40,40,"my_test_sample",2,2,0,1,"GTAG",NA,"ANCHOR_UNIQUE,CANONICAL,CIRCULAR,OK_EXT,UNAMBIGUOUS_BP"
"1295","12",3534467,3534621,"hsa_circ_006852",2,"-",1,2,5,35,"my_test_sample",2,1,0,1,"GTAG",NA,"ANCHOR_UNIQUE,CANONICAL,CIRCULAR,GOOD_EXT,UNAMBIGUOUS_BP"
"1296","1",30066854,30067293,"hsa_circ_006863",2,"+",1,2,40,40,"my_test_sample",2,0,0,1,"GTAG",NA,"ANCHOR_UNIQUE,CANONICAL,CIRCULAR,PERFECT_EXT,UNAMBIGUOUS_BP"
"1297","18",74514282,74514467,"hsa_circ_006874",3,"+",2,3,5,5,"my_test_sample",3,1,0,1,"GTAG",NA,"ANCHOR_UNIQUE,CANONICAL,CIRCULAR,GOOD_EXT,UNAMBIGUOUS_BP"
"1298","3",115606896,115614609,"hsa_circ_006877",3,"-",1,3,5,40,"my_test_sample",3,1,0,1,"GTAG",NA,"ANCHOR_UNIQUE,CANONICAL,CIRCULAR,GOOD_EXT,UNAMBIGUOUS_BP"
"1299","15",20340993,20342559,"hsa_circ_006879",5,"+",1,5,35,5,"my_test_sample",5,2,0,1,"GTAG",NA,"ANCHOR_UNIQUE,CANONICAL,CIRCULAR,OK_EXT,UNAMBIGUOUS_BP"
"1300","10",1378598,1378760,"hsa_circ_006887",2,"+",1,2,5,5,"my_test_sample",2,0,0,1,"GTAG",NA,"ANCHOR_UNIQUE,CANONICAL,CIRCULAR,PERFECT_EXT,UNAMBIGUOUS_BP"
"1301","19",20884648,20884800,"hsa_circ_006890",2,"-",2,2,5,5,"my_test_sample",2,2,0,1,"GTAG",NA,"ANCHOR_UNIQUE,CANONICAL,CIRCULAR,OK_EXT,UNAMBIGUOUS_BP"
"1302","1",191781271,191781475,"hsa_circ_006896",2,"-",1,2,40,40,"my_test_sample",2,0,2,1,"GTAG",NA,"ANCHOR_UNIQUE,CANONICAL,CIRCULAR,OK_EXT,UNAMBIGUOUS_BP"
"1303","3",13931347,13931499,"hsa_circ_006900",2,"-",1,2,40,5,"my_test_sample",2,2,0,1,"GTAG",NA,"ANCHOR_UNIQUE,CANONICAL,CIRCULAR,OK_EXT,UNAMBIGUOUS_BP"
"1304","2",19643498,19643685,"hsa_circ_006904",2,"+",2,2,40,4,"my_test_sample",2,0,0,1,"GTAG",NA,"ANCHOR_UNIQUE,CANONICAL,CIRCULAR,PERFECT_EXT,UNAMBIGUOUS_BP"
"1305","3",164572994,164573236,"hsa_circ_006918",3,"+",1,3,5,5,"my_test_sample",3,0,0,1,"GTAG",NA,"ANCHOR_UNIQUE,CANONICAL,CIRCULAR,PERFECT_EXT,UNAMBIGUOUS_BP"
"1306","X",149185707,149185874,"hsa_circ_006925",2,"-",1,2,5,5,"my_test_sample",2,0,0,1,"GTAG",NA,"ANCHOR_UNIQUE,CANONICAL,CIRCULAR,PERFECT_EXT,UNAMBIGUOUS_BP"
"1307","3",148626741,148626895,"hsa_circ_006929",3,"-",2,3,5,5,"my_test_sample",3,0,0,1,"GTAG",NA,"ANCHOR_UNIQUE,CANONICAL,CIRCULAR,PERFECT_EXT,UNAMBIGUOUS_BP"
"1308","14",78589442,78589594,"hsa_circ_006937",3,"-",2,3,40,5,"my_test_sample",3,1,0,1,"GTAG",NA,"ANCHOR_UNIQUE,CANONICAL,CIRCULAR,GOOD_EXT,UNAMBIGUOUS_BP"
"1309","11",1198968,1199381,"hsa_circ_006942",2,"-",1,2,40,40,"my_test_sample",2,2,0,1,"GTAG",NA,"ANCHOR_UNIQUE,CANONICAL,CIRCULAR,OK_EXT,UNAMBIGUOUS_BP"
"1310","16",86932471,86932662,"hsa_circ_006943",2,"+",2,2,5,5,"my_test_sample",2,0,0,1,"GTAG",NA,"ANCHOR_UNIQUE,CANONICAL,CIRCULAR,PERFECT_EXT,UNAMBIGUOUS_BP"
"1311","13",59288024,59288208,"hsa_circ_006950",2,"+",2,2,40,40,"my_test_sample",2,0,0,1,"GTAG",NA,"ANCHOR_UNIQUE,CANONICAL,CIRCULAR,PERFECT_EXT,UNAMBIGUOUS_BP"
"1312","11",119599813,119600044,"hsa_circ_006955",2,"+",1,2,40,5,"my_test_sample",2,1,0,1,"GTAG",NA,"ANCHOR_UNIQUE,CANONICAL,CIRCULAR,GOOD_EXT,UNAMBIGUOUS_BP"
"1313","1",46527853,46528047,"hsa_circ_006964",2,"+",2,2,40,5,"my_test_sample",2,1,0,1,"GTAG",NA,"ANCHOR_UNIQUE,CANONICAL,CIRCULAR,GOOD_EXT,UNAMBIGUOUS_BP"
"1314","14",61669408,61669590,"hsa_circ_006989",2,"+",1,2,40,5,"my_test_sample",2,1,0,1,"GTAG",NA,"ANCHOR_UNIQUE,CANONICAL,CIRCULAR,GOOD_EXT,UNAMBIGUOUS_BP"
"1315","17",56894796,56894955,"hsa_circ_006993",4,"+",1,4,40,5,"my_test_sample",4,1,0,1,"GTAG",NA,"ANCHOR_UNIQUE,CANONICAL,CIRCULAR,GOOD_EXT,UNAMBIGUOUS_BP"
"1316","12",56082137,56082353,"hsa_circ_006995",2,"+",2,2,37,40,"my_test_sample",2,1,0,1,"GTAG",NA,"ANCHOR_UNIQUE,CANONICAL,CIRCULAR,GOOD_EXT,UNAMBIGUOUS_BP"
"1317","6",110070851,110071042,"hsa_circ_006998",3,"+",2,3,5,5,"my_test_sample",3,0,0,1,"GTAG",NA,"ANCHOR_UNIQUE,CANONICAL,CIRCULAR,PERFECT_EXT,UNAMBIGUOUS_BP"
"1318","19",55567778,55568394,"hsa_circ_007002",3,"+",1,3,5,5,"my_test_sample",3,1,0,1,"GTAG",NA,"ANCHOR_UNIQUE,CANONICAL,CIRCULAR,GOOD_EXT,UNAMBIGUOUS_BP"
"1319","6",21992814,21993068,"hsa_circ_007015",3,"-",2,3,40,37,"my_test_sample",3,1,0,1,"GTAG",NA,"ANCHOR_UNIQUE,CANONICAL,CIRCULAR,GOOD_EXT,UNAMBIGUOUS_BP"
"1320","1",172187430,172187610,"hsa_circ_007018",2,"+",2,2,5,40,"my_test_sample",2,1,0,1,"GTAG",NA,"ANCHOR_UNIQUE,CANONICAL,CIRCULAR,GOOD_EXT,UNAMBIGUOUS_BP"
"1321","2",120690610,120690789,"hsa_circ_007019",2,"-",1,2,5,5,"my_test_sample",2,1,0,1,"GTAG",NA,"ANCHOR_UNIQUE,CANONICAL,CIRCULAR,GOOD_EXT,UNAMBIGUOUS_BP"
"1322","20",34979660,34979868,"hsa_circ_007026",2,"+",2,2,40,40,"my_test_sample",2,0,0,1,"GTAG",NA,"ANCHOR_UNIQUE,CANONICAL,CIRCULAR,PERFECT_EXT,UNAMBIGUOUS_BP"
"1323","4",152405271,152405444,"hsa_circ_007029",3,"+",2,3,40,5,"my_test_sample",3,0,0,1,"GTAG",NA,"ANCHOR_UNIQUE,CANONICAL,CIRCULAR,PERFECT_EXT,UNAMBIGUOUS_BP"
"1324","9",13502433,13502587,"hsa_circ_007041",2,"+",2,1,4,5,"my_test_sample",2,0,0,1,"GTAG",NA,"ANCHOR_UNIQUE,CANONICAL,CIRCULAR,PERFECT_EXT,UNAMBIGUOUS_BP"
"1325","X",143786570,143786725,"hsa_circ_007042",2,"+",2,2,40,5,"my_test_sample",2,0,0,1,"GTAG",NA,"ANCHOR_UNIQUE,CANONICAL,CIRCULAR,PERFECT_EXT,UNAMBIGUOUS_BP"
"1326","10",130565098,130565251,"hsa_circ_007048",2,"-",1,2,40,5,"my_test_sample",2,1,0,1,"GTAG",NA,"ANCHOR_UNIQUE,CANONICAL,CIRCULAR,GOOD_EXT,UNAMBIGUOUS_BP"
"1327","16",5653116,5653233,"hsa_circ_007050",2,"+",2,2,40,40,"my_test_sample",2,2,1,1,"GTAG",NA,"ANCHOR_UNIQUE,CANONICAL,CIRCULAR,OK_EXT,UNAMBIGUOUS_BP"
"1328","20",38349606,38349767,"hsa_circ_007053",3,"-",1,3,40,5,"my_test_sample",3,2,0,1,"GTAG",NA,"ANCHOR_UNIQUE,CANONICAL,CIRCULAR,OK_EXT,UNAMBIGUOUS_BP"
"1329","1",37309388,37309739,"hsa_circ_007060",4,"-",1,4,5,40,"my_test_sample",4,2,0,1,"GTAG",NA,"ANCHOR_UNIQUE,CANONICAL,CIRCULAR,OK_EXT,UNAMBIGUOUS_BP"
"1330","5",169705315,169705465,"hsa_circ_007061",2,"+",2,1,5,40,"my_test_sample",2,1,0,1,"GTAG",NA,"ANCHOR_UNIQUE,CANONICAL,CIRCULAR,GOOD_EXT,UNAMBIGUOUS_BP"
"1331","11",77193342,77193548,"hsa_circ_007063",2,"+",2,2,5,5,"my_test_sample",2,0,0,1,"GTAG",NA,"ANCHOR_UNIQUE,CANONICAL,CIRCULAR,PERFECT_EXT,UNAMBIGUOUS_BP"
"1332","14",82376494,82376872,"hsa_circ_007067",2,"-",1,2,5,5,"my_test_sample",2,1,0,1,"GTAG",NA,"ANCHOR_UNIQUE,CANONICAL,CIRCULAR,GOOD_EXT,UNAMBIGUOUS_BP"
"1333","1",34779853,34780005,"hsa_circ_007077",4,"+",2,4,40,5,"my_test_sample",4,0,0,1,"GTAG",NA,"ANCHOR_UNIQUE,CANONICAL,CIRCULAR,PERFECT_EXT,UNAMBIGUOUS_BP"
"1334","X",21278841,21279015,"hsa_circ_007081",2,"+",2,2,5,5,"my_test_sample",2,1,0,1,"GTAG",NA,"ANCHOR_UNIQUE,CANONICAL,CIRCULAR,GOOD_EXT,UNAMBIGUOUS_BP"
"1335","3",139202843,139203028,"hsa_circ_007083",2,"+",1,2,5,5,"my_test_sample",2,0,0,1,"GTAG",NA,"ANCHOR_UNIQUE,CANONICAL,CIRCULAR,PERFECT_EXT,UNAMBIGUOUS_BP"
"1336","1",223659364,223659515,"hsa_circ_007085",2,"-",2,2,40,40,"my_test_sample",2,0,0,1,"GTAG",NA,"ANCHOR_UNIQUE,CANONICAL,CIRCULAR,PERFECT_EXT,UNAMBIGUOUS_BP"
"1337","7",15817125,15817297,"hsa_circ_007088",2,"-",1,2,40,5,"my_test_sample",2,0,0,1,"GTAG",NA,"ANCHOR_UNIQUE,CANONICAL,CIRCULAR,PERFECT_EXT,UNAMBIGUOUS_BP"
"1338","18",12358230,12358451,"hsa_circ_007091",2,"+",1,2,5,5,"my_test_sample",2,0,0,1,"GTAG",NA,"ANCHOR_UNIQUE,CANONICAL,CIRCULAR,PERFECT_EXT,UNAMBIGUOUS_BP"
"1339","5",160929491,160929660,"hsa_circ_007094",2,"-",1,2,40,5,"my_test_sample",2,1,0,1,"GTAG",NA,"ANCHOR_UNIQUE,CANONICAL,CIRCULAR,GOOD_EXT,UNAMBIGUOUS_BP"
"1340","3",9532731,9534397,"hsa_circ_007103",2,"-",1,2,40,5,"my_test_sample",2,1,0,1,"GTAG",NA,"ANCHOR_UNIQUE,CANONICAL,CIRCULAR,GOOD_EXT,UNAMBIGUOUS_BP"
"1341","14",100024331,100024498,"hsa_circ_007114",2,"-",2,2,4,5,"my_test_sample",2,0,0,1,"GTAG",NA,"ANCHOR_UNIQUE,CANONICAL,CIRCULAR,PERFECT_EXT,UNAMBIGUOUS_BP"
"1342","6",31274390,31359386,"hsa_circ_007118",2,"-",2,1,5,5,"my_test_sample",2,2,0,1,"GTAG",NA,"ANCHOR_UNIQUE,CANONICAL,CIRCULAR,OK_EXT,UNAMBIGUOUS_BP"
"1343","9",113683866,113684031,"hsa_circ_007120",2,"+",1,2,5,40,"my_test_sample",2,0,0,1,"GTAG",NA,"ANCHOR_UNIQUE,CANONICAL,CIRCULAR,PERFECT_EXT,UNAMBIGUOUS_BP"
"1344","12",131455271,131455501,"hsa_circ_007125",2,"+",2,2,40,5,"my_test_sample",2,0,0,1,"GTAG",NA,"ANCHOR_UNIQUE,CANONICAL,CIRCULAR,PERFECT_EXT,UNAMBIGUOUS_BP"
"1345","X",153633029,153633196,"hsa_circ_007126",3,"+",1,3,5,5,"my_test_sample",3,1,0,1,"GTAG",NA,"ANCHOR_UNIQUE,CANONICAL,CIRCULAR,GOOD_EXT,UNAMBIGUOUS_BP"
"1346","12",22641042,22641267,"hsa_circ_007141",2,"+",1,2,5,40,"my_test_sample",2,0,0,1,"GTAG",NA,"ANCHOR_UNIQUE,CANONICAL,CIRCULAR,PERFECT_EXT,UNAMBIGUOUS_BP"
"1347","X",101217263,101217437,"hsa_circ_007152",2,"-",1,2,40,40,"my_test_sample",2,1,0,1,"GTAG",NA,"ANCHOR_UNIQUE,CANONICAL,CIRCULAR,GOOD_EXT,UNAMBIGUOUS_BP"
"1348","9",111683386,111683547,"hsa_circ_007158",2,"-",1,2,5,5,"my_test_sample",2,1,0,1,"GTAG",NA,"ANCHOR_UNIQUE,CANONICAL,CIRCULAR,GOOD_EXT,UNAMBIGUOUS_BP"
"1349","18",47961823,47962171,"hsa_circ_007161",2,"+",1,2,40,5,"my_test_sample",2,2,0,1,"GTAG",NA,"ANCHOR_UNIQUE,CANONICAL,CIRCULAR,OK_EXT,UNAMBIGUOUS_BP"
"1350","9",92176925,92177105,"hsa_circ_007163",2,"+",2,2,40,40,"my_test_sample",2,1,0,1,"GTAG",NA,"ANCHOR_UNIQUE,CANONICAL,CIRCULAR,GOOD_EXT,UNAMBIGUOUS_BP"
"1351","11",133546566,133546762,"hsa_circ_007164",2,"-",1,2,5,5,"my_test_sample",2,2,0,1,"GTAG",NA,"ANCHOR_UNIQUE,CANONICAL,CIRCULAR,OK_EXT,UNAMBIGUOUS_BP"
"1352","2",122162655,122162815,"hsa_circ_007166",3,"+",2,3,37,5,"my_test_sample",3,1,0,1,"GTAG",NA,"ANCHOR_UNIQUE,CANONICAL,CIRCULAR,GOOD_EXT,UNAMBIGUOUS_BP"
"1353","4",147720301,147720463,"hsa_circ_007169",2,"-",1,2,5,5,"my_test_sample",2,2,0,1,"GTAG",NA,"ANCHOR_UNIQUE,CANONICAL,CIRCULAR,OK_EXT,UNAMBIGUOUS_BP"
"1354","6",159903092,159903340,"hsa_circ_007184",4,"-",1,4,40,40,"my_test_sample",4,1,0,1,"GTAG",NA,"ANCHOR_UNIQUE,CANONICAL,CIRCULAR,GOOD_EXT,UNAMBIGUOUS_BP"
"1355","20",23654464,23654659,"hsa_circ_007187",2,"+",1,2,40,40,"my_test_sample",2,2,0,1,"GTAG",NA,"ANCHOR_UNIQUE,CANONICAL,CIRCULAR,OK_EXT,UNAMBIGUOUS_BP"
"1356","1",175650775,175650987,"hsa_circ_007188",2,"-",1,2,5,5,"my_test_sample",2,0,1,1,"GTAG",NA,"ANCHOR_UNIQUE,CANONICAL,CIRCULAR,GOOD_EXT,UNAMBIGUOUS_BP"
"1357","16",12601447,12601585,"hsa_circ_007190",6,"-",1,6,35,40,"my_test_sample",6,2,0,1,"GTAG",NA,"ANCHOR_UNIQUE,CANONICAL,CIRCULAR,OK_EXT,UNAMBIGUOUS_BP"
"1358","X",131840235,131840410,"hsa_circ_007193",4,"+",4,2,5,40,"my_test_sample",4,0,0,1,"GTAG",NA,"ANCHOR_UNIQUE,CANONICAL,CIRCULAR,PERFECT_EXT,UNAMBIGUOUS_BP"
"1359","22",37076646,37076819,"hsa_circ_007198",2,"+",1,2,5,5,"my_test_sample",2,0,0,1,"GTAG",NA,"ANCHOR_UNIQUE,CANONICAL,CIRCULAR,PERFECT_EXT,UNAMBIGUOUS_BP"
"1360","8",6203554,6203750,"hsa_circ_007205",2,"+",1,2,40,5,"my_test_sample",2,2,0,1,"GTAG",NA,"ANCHOR_UNIQUE,CANONICAL,CIRCULAR,OK_EXT,UNAMBIGUOUS_BP"
"1361","12",42295942,42296099,"hsa_circ_007206",2,"-",2,2,3,4,"my_test_sample",2,1,0,1,"GTAG",NA,"ANCHOR_UNIQUE,CANONICAL,CIRCULAR,GOOD_EXT,UNAMBIGUOUS_BP"
"1362","2",18387071,18387238,"hsa_circ_007209",4,"+",2,4,5,5,"my_test_sample",4,1,0,1,"GTAG",NA,"ANCHOR_UNIQUE,CANONICAL,CIRCULAR,GOOD_EXT,UNAMBIGUOUS_BP"
"1363","1",154326298,154326498,"hsa_circ_007217",2,"-",2,2,5,40,"my_test_sample",2,0,0,1,"GTAG",NA,"ANCHOR_UNIQUE,CANONICAL,CIRCULAR,PERFECT_EXT,UNAMBIGUOUS_BP"
"1364","19",40336105,40336282,"hsa_circ_007224",2,"-",2,2,40,40,"my_test_sample",2,0,0,1,"GTAG",NA,"ANCHOR_UNIQUE,CANONICAL,CIRCULAR,PERFECT_EXT,UNAMBIGUOUS_BP"
"1365","19",6792344,6792494,"hsa_circ_007225",2,"+",1,2,40,40,"my_test_sample",2,0,0,1,"GTAG",NA,"ANCHOR_UNIQUE,CANONICAL,CIRCULAR,PERFECT_EXT,UNAMBIGUOUS_BP"
"1366","1",152132158,152132355,"hsa_circ_007228",2,"+",1,2,5,5,"my_test_sample",2,2,0,1,"GTAG",NA,"ANCHOR_UNIQUE,CANONICAL,CIRCULAR,OK_EXT,UNAMBIGUOUS_BP"
"1367","6",14628709,14628871,"hsa_circ_007230",3,"+",1,3,5,40,"my_test_sample",3,1,0,1,"GTAG",NA,"ANCHOR_UNIQUE,CANONICAL,CIRCULAR,GOOD_EXT,UNAMBIGUOUS_BP"
"1368","5",181071316,181071532,"hsa_circ_007231",2,"+",1,2,5,40,"my_test_sample",2,0,0,1,"GTAG",NA,"ANCHOR_UNIQUE,CANONICAL,CIRCULAR,PERFECT_EXT,UNAMBIGUOUS_BP"
"1369","19",15440696,15440876,"hsa_circ_007239",2,"+",1,2,5,5,"my_test_sample",2,1,0,1,"GTAG",NA,"ANCHOR_UNIQUE,CANONICAL,CIRCULAR,GOOD_EXT,UNAMBIGUOUS_BP"
"1370","5",168876111,168876530,"hsa_circ_007246",3,"-",1,3,40,5,"my_test_sample",3,1,0,1,"GTAG",NA,"ANCHOR_UNIQUE,CANONICAL,CIRCULAR,GOOD_EXT,UNAMBIGUOUS_BP"
"1371","17",44105974,44106237,"hsa_circ_007261",2,"+",1,2,40,40,"my_test_sample",2,0,0,1,"GTAG",NA,"ANCHOR_UNIQUE,CANONICAL,CIRCULAR,PERFECT_EXT,UNAMBIGUOUS_BP"
"1372","2",8547513,8547676,"hsa_circ_007264",2,"-",1,2,5,5,"my_test_sample",2,2,0,1,"GTAG",NA,"ANCHOR_UNIQUE,CANONICAL,CIRCULAR,OK_EXT,UNAMBIGUOUS_BP"
"1373","13",32762438,32762727,"hsa_circ_007269",2,"+",1,2,5,5,"my_test_sample",2,1,0,1,"GTAG",NA,"ANCHOR_UNIQUE,CANONICAL,CIRCULAR,GOOD_EXT,UNAMBIGUOUS_BP"
"1374","4",52783112,52783402,"hsa_circ_007274",2,"-",1,2,5,40,"my_test_sample",2,0,0,1,"GTAG",NA,"ANCHOR_UNIQUE,CANONICAL,CIRCULAR,PERFECT_EXT,UNAMBIGUOUS_BP"
"1375","X",17379953,17380283,"hsa_circ_007282",2,"+",1,2,40,40,"my_test_sample",2,1,0,1,"GTAG",NA,"ANCHOR_UNIQUE,CANONICAL,CIRCULAR,GOOD_EXT,UNAMBIGUOUS_BP"
"1376","19",530339,530491,"hsa_circ_007284",3,"+",2,3,5,40,"my_test_sample",3,0,0,1,"GTAG",NA,"ANCHOR_UNIQUE,CANONICAL,CIRCULAR,PERFECT_EXT,UNAMBIGUOUS_BP"
"1377","22",40819099,40819256,"hsa_circ_007287",3,"-",2,3,40,40,"my_test_sample",3,0,0,1,"GTAG",NA,"ANCHOR_UNIQUE,CANONICAL,CIRCULAR,PERFECT_EXT,UNAMBIGUOUS_BP"
"1378","X",101117952,101118197,"hsa_circ_007288",4,"+",1,4,40,40,"my_test_sample",4,2,0,1,"GTAG",NA,"ANCHOR_UNIQUE,CANONICAL,CIRCULAR,OK_EXT,UNAMBIGUOUS_BP"
"1379","22",27050796,27050966,"hsa_circ_007289",2,"+",1,2,40,5,"my_test_sample",2,1,0,1,"GTAG",NA,"ANCHOR_UNIQUE,CANONICAL,CIRCULAR,GOOD_EXT,UNAMBIGUOUS_BP"
"1380","7",158781758,158781928,"hsa_circ_007292",2,"+",1,2,5,35,"my_test_sample",2,1,0,1,"GTAG",NA,"ANCHOR_UNIQUE,CANONICAL,CIRCULAR,GOOD_EXT,UNAMBIGUOUS_BP"
"1381","18",31489594,31489772,"hsa_circ_007303",2,"+",2,2,5,5,"my_test_sample",2,0,0,1,"GTAG",NA,"ANCHOR_UNIQUE,CANONICAL,CIRCULAR,PERFECT_EXT,UNAMBIGUOUS_BP"
"1382","17",37010443,37010597,"hsa_circ_007306",2,"+",1,2,5,5,"my_test_sample",2,2,2,1,"GTAG",NA,"ANCHOR_UNIQUE,CANONICAL,CIRCULAR,OK_EXT,UNAMBIGUOUS_BP"
"1383","19",39869778,39869937,"hsa_circ_007311",2,"-",1,2,5,5,"my_test_sample",2,1,0,1,"GTAG",NA,"ANCHOR_UNIQUE,CANONICAL,CIRCULAR,GOOD_EXT,UNAMBIGUOUS_BP"
"1384","20",11496724,11496889,"hsa_circ_007312",2,"-",2,2,40,40,"my_test_sample",2,1,0,1,"GTAG",NA,"ANCHOR_UNIQUE,CANONICAL,CIRCULAR,GOOD_EXT,UNAMBIGUOUS_BP"
"1385","6",103731344,103731513,"hsa_circ_007320",2,"-",1,2,5,5,"my_test_sample",2,0,0,1,"GTAG",NA,"ANCHOR_UNIQUE,CANONICAL,CIRCULAR,PERFECT_EXT,UNAMBIGUOUS_BP"
"1386","15",39115276,39115503,"hsa_circ_007321",2,"-",2,2,5,40,"my_test_sample",2,1,0,1,"GTAG",NA,"ANCHOR_UNIQUE,CANONICAL,CIRCULAR,GOOD_EXT,UNAMBIGUOUS_BP"
"1387","3",26952452,26952776,"hsa_circ_007326",2,"-",1,2,5,5,"my_test_sample",2,2,0,1,"GTAG",NA,"ANCHOR_UNIQUE,CANONICAL,CIRCULAR,OK_EXT,UNAMBIGUOUS_BP"
"1388","5",139903673,139904049,"hsa_circ_007327",2,"-",1,2,40,35,"my_test_sample",2,1,0,1,"GTAG",NA,"ANCHOR_UNIQUE,CANONICAL,CIRCULAR,GOOD_EXT,UNAMBIGUOUS_BP"
"1389","MT",2224,8821,"hsa_circ_007329",2,"-",2,2,5,35,"my_test_sample",2,1,0,1,"GTAG",NA,"ANCHOR_UNIQUE,CANONICAL,CIRCULAR,GOOD_EXT,UNAMBIGUOUS_BP"
"1390","12",34336313,34336502,"hsa_circ_007333",2,"+",2,2,40,40,"my_test_sample",2,0,0,1,"GTAG",NA,"ANCHOR_UNIQUE,CANONICAL,CIRCULAR,PERFECT_EXT,UNAMBIGUOUS_BP"
"1391","2",200968425,200968604,"hsa_circ_007334",2,"+",1,2,5,5,"my_test_sample",2,0,0,1,"GTAG",NA,"ANCHOR_UNIQUE,CANONICAL,CIRCULAR,PERFECT_EXT,UNAMBIGUOUS_BP"
"1392","X",138066060,138066238,"hsa_circ_007345",3,"+",1,3,5,5,"my_test_sample",3,1,0,1,"GTAG",NA,"ANCHOR_UNIQUE,CANONICAL,CIRCULAR,GOOD_EXT,UNAMBIGUOUS_BP"
"1393","5",168876425,168876576,"hsa_circ_007352",2,"-",1,2,5,4,"my_test_sample",2,0,0,1,"GTAG",NA,"ANCHOR_UNIQUE,CANONICAL,CIRCULAR,PERFECT_EXT,UNAMBIGUOUS_BP"
"1394","12",26526992,26527157,"hsa_circ_007360",2,"-",1,2,40,5,"my_test_sample",2,0,0,1,"GTAG",NA,"ANCHOR_UNIQUE,CANONICAL,CIRCULAR,PERFECT_EXT,UNAMBIGUOUS_BP"
"1395","14",82724541,82724735,"hsa_circ_007367",2,"+",1,2,40,40,"my_test_sample",2,0,0,1,"GTAG",NA,"ANCHOR_UNIQUE,CANONICAL,CIRCULAR,PERFECT_EXT,UNAMBIGUOUS_BP"
"1396","X",102068771,102069074,"hsa_circ_007390",3,"-",1,3,5,5,"my_test_sample",3,1,0,1,"GTAG",NA,"ANCHOR_UNIQUE,CANONICAL,CIRCULAR,GOOD_EXT,UNAMBIGUOUS_BP"
"1397","11",110968881,110969074,"hsa_circ_007408",3,"-",1,3,40,5,"my_test_sample",3,0,0,1,"GTAG",NA,"ANCHOR_UNIQUE,CANONICAL,CIRCULAR,PERFECT_EXT,UNAMBIGUOUS_BP"
"1398","12",22035511,22035804,"hsa_circ_007409",4,"+",1,4,5,5,"my_test_sample",4,1,0,1,"GTAG",NA,"ANCHOR_UNIQUE,CANONICAL,CIRCULAR,GOOD_EXT,UNAMBIGUOUS_BP"
"1399","9",93905361,93905577,"hsa_circ_007410",2,"-",2,2,5,40,"my_test_sample",2,1,0,1,"GTAG",NA,"ANCHOR_UNIQUE,CANONICAL,CIRCULAR,GOOD_EXT,UNAMBIGUOUS_BP"
"1400","11",116694158,116694310,"hsa_circ_007432",3,"-",2,3,40,40,"my_test_sample",3,2,0,1,"GTAG",NA,"ANCHOR_UNIQUE,CANONICAL,CIRCULAR,OK_EXT,UNAMBIGUOUS_BP"
"1401","10",105106324,105109333,"hsa_circ_007434",2,"-",2,2,37,40,"my_test_sample",2,0,0,1,"GTAG",NA,"ANCHOR_UNIQUE,CANONICAL,CIRCULAR,PERFECT_EXT,UNAMBIGUOUS_BP"
"1402","X",1787684,1787946,"hsa_circ_007451",3,"-",1,3,5,5,"my_test_sample",3,0,0,1,"GTAG",NA,"ANCHOR_UNIQUE,CANONICAL,CIRCULAR,PERFECT_EXT,UNAMBIGUOUS_BP"
"1403","5",45957073,45957245,"hsa_circ_007458",2,"+",1,2,40,5,"my_test_sample",2,1,0,1,"GTAG",NA,"ANCHOR_UNIQUE,CANONICAL,CIRCULAR,GOOD_EXT,UNAMBIGUOUS_BP"
"1404","2",10190942,10191176,"hsa_circ_007461",2,"-",1,2,5,5,"my_test_sample",2,1,0,1,"GTAG",NA,"ANCHOR_UNIQUE,CANONICAL,CIRCULAR,GOOD_EXT,UNAMBIGUOUS_BP"
"1405","19",54100814,54101032,"hsa_circ_007465",2,"+",2,2,40,5,"my_test_sample",2,0,0,1,"GTAG",NA,"ANCHOR_UNIQUE,CANONICAL,CIRCULAR,PERFECT_EXT,UNAMBIGUOUS_BP"
"1406","4",138984054,138984290,"hsa_circ_007471",2,"-",1,2,5,5,"my_test_sample",2,2,0,1,"GTAG",NA,"ANCHOR_UNIQUE,CANONICAL,CIRCULAR,OK_EXT,UNAMBIGUOUS_BP"
"1407","7",1737153,1737327,"hsa_circ_007478",2,"-",1,2,40,5,"my_test_sample",2,1,0,1,"GTAG",NA,"ANCHOR_UNIQUE,CANONICAL,CIRCULAR,GOOD_EXT,UNAMBIGUOUS_BP"
"1408","18",9732839,9733031,"hsa_circ_007486",2,"+",1,2,5,40,"my_test_sample",2,1,0,1,"GTAG",NA,"ANCHOR_UNIQUE,CANONICAL,CIRCULAR,GOOD_EXT,UNAMBIGUOUS_BP"
"1409","4",103305530,103305737,"hsa_circ_007488",2,"-",1,2,40,5,"my_test_sample",2,1,0,1,"GTAG",NA,"ANCHOR_UNIQUE,CANONICAL,CIRCULAR,GOOD_EXT,UNAMBIGUOUS_BP"
"1410","13",114028472,114028632,"hsa_circ_007491",2,"-",1,2,5,40,"my_test_sample",2,1,0,1,"GTAG",NA,"ANCHOR_UNIQUE,CANONICAL,CIRCULAR,GOOD_EXT,UNAMBIGUOUS_BP"
"1411","22",34637297,34637465,"hsa_circ_007498",2,"-",2,2,5,5,"my_test_sample",2,2,0,1,"GTAG",NA,"ANCHOR_UNIQUE,CANONICAL,CIRCULAR,OK_EXT,UNAMBIGUOUS_BP"
"1412","10",20549777,20549933,"hsa_circ_007499",2,"+",2,2,37,5,"my_test_sample",2,0,0,1,"GTAG",NA,"ANCHOR_UNIQUE,CANONICAL,CIRCULAR,PERFECT_EXT,UNAMBIGUOUS_BP"
"1413","4",184054329,184054514,"hsa_circ_007509",2,"+",1,2,5,40,"my_test_sample",2,2,0,1,"GTAG",NA,"ANCHOR_UNIQUE,CANONICAL,CIRCULAR,OK_EXT,UNAMBIGUOUS_BP"
"1414","15",101085182,101085351,"hsa_circ_007516",2,"-",1,2,40,5,"my_test_sample",2,2,0,1,"GTAG",NA,"ANCHOR_UNIQUE,CANONICAL,CIRCULAR,OK_EXT,UNAMBIGUOUS_BP"
"1415","16",2213480,2213660,"hsa_circ_007536",5,"-",1,5,5,40,"my_test_sample",5,0,2,1,"GTAG",NA,"ANCHOR_UNIQUE,CANONICAL,CIRCULAR,OK_EXT,UNAMBIGUOUS_BP"
"1416","X",48823801,48824015,"hsa_circ_007542",2,"+",1,2,5,40,"my_test_sample",2,2,1,1,"GTAG",NA,"ANCHOR_UNIQUE,CANONICAL,CIRCULAR,OK_EXT,UNAMBIGUOUS_BP"
"1417","5",173805580,173805731,"hsa_circ_007547",4,"-",3,2,5,40,"my_test_sample",4,0,0,1,"GTAG",NA,"ANCHOR_UNIQUE,CANONICAL,CIRCULAR,PERFECT_EXT,UNAMBIGUOUS_BP"
"1418","11",120793916,120794114,"hsa_circ_007549",2,"+",1,2,40,5,"my_test_sample",2,1,0,1,"GTAG",NA,"ANCHOR_UNIQUE,CANONICAL,CIRCULAR,GOOD_EXT,UNAMBIGUOUS_BP"
"1419","10",11284609,11284821,"hsa_circ_007553",2,"+",1,2,5,5,"my_test_sample",2,1,1,1,"GTAG",NA,"ANCHOR_UNIQUE,CANONICAL,CIRCULAR,GOOD_EXT,UNAMBIGUOUS_BP"
"1420","5",169019144,169019355,"hsa_circ_007555",2,"+",1,2,40,40,"my_test_sample",2,0,0,1,"GTAG",NA,"ANCHOR_UNIQUE,CANONICAL,CIRCULAR,PERFECT_EXT,UNAMBIGUOUS_BP"
"1421","18",48185099,48185260,"hsa_circ_007558",2,"-",2,2,40,40,"my_test_sample",2,0,0,1,"GTAG",NA,"ANCHOR_UNIQUE,CANONICAL,CIRCULAR,PERFECT_EXT,UNAMBIGUOUS_BP"
"1422","18",38202152,38202308,"hsa_circ_007566",2,"-",1,2,5,40,"my_test_sample",2,1,0,1,"GTAG",NA,"ANCHOR_UNIQUE,CANONICAL,CIRCULAR,GOOD_EXT,UNAMBIGUOUS_BP"
"1423","8",4227852,4228004,"hsa_circ_007568",2,"-",1,2,5,5,"my_test_sample",2,1,0,1,"GTAG",NA,"ANCHOR_UNIQUE,CANONICAL,CIRCULAR,GOOD_EXT,UNAMBIGUOUS_BP"
"1424","10",104426422,104429500,"hsa_circ_007572",2,"-",1,2,40,40,"my_test_sample",2,0,0,1,"GTAG",NA,"ANCHOR_UNIQUE,CANONICAL,CIRCULAR,PERFECT_EXT,UNAMBIGUOUS_BP"
"1425","19",20876650,20876802,"hsa_circ_007574",2,"-",1,2,5,5,"my_test_sample",2,0,0,1,"GTAG",NA,"ANCHOR_UNIQUE,CANONICAL,CIRCULAR,PERFECT_EXT,UNAMBIGUOUS_BP"
"1426","15",62800344,62800524,"hsa_circ_007576",2,"-",2,2,40,40,"my_test_sample",2,0,0,1,"GTAG",NA,"ANCHOR_UNIQUE,CANONICAL,CIRCULAR,PERFECT_EXT,UNAMBIGUOUS_BP"
"1427","10",133566427,133566654,"hsa_circ_007583",2,"+",1,2,5,40,"my_test_sample",2,1,0,1,"GTAG",NA,"ANCHOR_UNIQUE,CANONICAL,CIRCULAR,GOOD_EXT,UNAMBIGUOUS_BP"
"1428","1",232599651,232599825,"hsa_circ_007584",3,"-",1,3,5,5,"my_test_sample",3,1,0,1,"GTAG",NA,"ANCHOR_UNIQUE,CANONICAL,CIRCULAR,GOOD_EXT,UNAMBIGUOUS_BP"
"1429","10",58723558,58723728,"hsa_circ_007585",2,"+",1,2,40,5,"my_test_sample",2,2,0,1,"GTAG",NA,"ANCHOR_UNIQUE,CANONICAL,CIRCULAR,OK_EXT,UNAMBIGUOUS_BP"
"1430","12",31656334,31656492,"hsa_circ_007588",2,"+",1,2,40,5,"my_test_sample",2,0,0,1,"GTAG",NA,"ANCHOR_UNIQUE,CANONICAL,CIRCULAR,PERFECT_EXT,UNAMBIGUOUS_BP"
"1431","3",126036515,126036682,"hsa_circ_007589",2,"-",1,2,40,5,"my_test_sample",2,2,0,1,"GTAG",NA,"ANCHOR_UNIQUE,CANONICAL,CIRCULAR,OK_EXT,UNAMBIGUOUS_BP"
"1432","1",33729248,33729418,"hsa_circ_007597",2,"+",1,2,40,5,"my_test_sample",2,0,0,1,"GTAG",NA,"ANCHOR_UNIQUE,CANONICAL,CIRCULAR,PERFECT_EXT,UNAMBIGUOUS_BP"
"1433","X",151849182,151849436,"hsa_circ_007599",3,"+",3,2,40,5,"my_test_sample",3,0,0,1,"GTAG",NA,"ANCHOR_UNIQUE,CANONICAL,CIRCULAR,PERFECT_EXT,UNAMBIGUOUS_BP"
"1434","3",37238495,37238663,"hsa_circ_007600",2,"+",1,2,40,5,"my_test_sample",2,1,0,1,"GTAG",NA,"ANCHOR_UNIQUE,CANONICAL,CIRCULAR,GOOD_EXT,UNAMBIGUOUS_BP"
"1435","2",218033370,218033524,"hsa_circ_007609",2,"-",1,2,5,4,"my_test_sample",2,1,0,1,"GTAG",NA,"ANCHOR_UNIQUE,CANONICAL,CIRCULAR,GOOD_EXT,UNAMBIGUOUS_BP"
"1436","19",46747051,46747275,"hsa_circ_007614",2,"-",1,2,5,40,"my_test_sample",2,0,0,1,"GTAG",NA,"ANCHOR_UNIQUE,CANONICAL,CIRCULAR,PERFECT_EXT,UNAMBIGUOUS_BP"
"1437","12",54142882,54143033,"hsa_circ_007619",2,"+",1,2,40,40,"my_test_sample",2,0,0,1,"GTAG",NA,"ANCHOR_UNIQUE,CANONICAL,CIRCULAR,PERFECT_EXT,UNAMBIGUOUS_BP"
"1438","X",43487372,43487542,"hsa_circ_007624",2,"-",1,2,5,5,"my_test_sample",2,0,0,1,"GTAG",NA,"ANCHOR_UNIQUE,CANONICAL,CIRCULAR,PERFECT_EXT,UNAMBIGUOUS_BP"
"1439","10",79377420,79377604,"hsa_circ_007636",2,"+",1,2,5,5,"my_test_sample",2,1,0,1,"GTAG",NA,"ANCHOR_UNIQUE,CANONICAL,CIRCULAR,GOOD_EXT,UNAMBIGUOUS_BP"
"1440","7",143903881,143904199,"hsa_circ_007638",2,"-",1,2,40,5,"my_test_sample",2,0,0,1,"GTAG",NA,"ANCHOR_UNIQUE,CANONICAL,CIRCULAR,PERFECT_EXT,UNAMBIGUOUS_BP"
"1441","7",109134513,109134730,"hsa_circ_007641",2,"-",1,2,5,5,"my_test_sample",2,0,0,1,"GTAG",NA,"ANCHOR_UNIQUE,CANONICAL,CIRCULAR,PERFECT_EXT,UNAMBIGUOUS_BP"
"1442","14",89295256,89295409,"hsa_circ_007654",4,"-",3,4,5,40,"my_test_sample",4,0,0,1,"GTAG",NA,"ANCHOR_UNIQUE,CANONICAL,CIRCULAR,PERFECT_EXT,UNAMBIGUOUS_BP"
"1443","9",34598764,34598990,"hsa_circ_007659",3,"+",3,3,40,5,"my_test_sample",3,1,0,1,"GTAG",NA,"ANCHOR_UNIQUE,CANONICAL,CIRCULAR,GOOD_EXT,UNAMBIGUOUS_BP"
"1444","7",151994091,151994345,"hsa_circ_007667",2,"-",2,2,40,40,"my_test_sample",2,0,0,1,"GTAG",NA,"ANCHOR_UNIQUE,CANONICAL,CIRCULAR,PERFECT_EXT,UNAMBIGUOUS_BP"
"1445","6",16603541,16603750,"hsa_circ_007671",3,"+",1,3,40,40,"my_test_sample",3,0,0,1,"GTAG",NA,"ANCHOR_UNIQUE,CANONICAL,CIRCULAR,PERFECT_EXT,UNAMBIGUOUS_BP"
"1446","8",124034602,124034764,"hsa_circ_007678",2,"+",1,2,40,5,"my_test_sample",2,1,0,1,"GTAG",NA,"ANCHOR_UNIQUE,CANONICAL,CIRCULAR,GOOD_EXT,UNAMBIGUOUS_BP"
"1447","3",66184056,66184232,"hsa_circ_007691",2,"-",1,2,5,4,"my_test_sample",2,2,0,1,"GTAG",NA,"ANCHOR_UNIQUE,CANONICAL,CIRCULAR,OK_EXT,UNAMBIGUOUS_BP"
"1448","11",21515442,21515690,"hsa_circ_007703",3,"-",2,3,5,40,"my_test_sample",3,0,0,1,"GTAG",NA,"ANCHOR_UNIQUE,CANONICAL,CIRCULAR,PERFECT_EXT,UNAMBIGUOUS_BP"
"1449","2",238433567,238433741,"hsa_circ_007716",2,"+",1,2,40,40,"my_test_sample",2,0,0,1,"GTAG",NA,"ANCHOR_UNIQUE,CANONICAL,CIRCULAR,PERFECT_EXT,UNAMBIGUOUS_BP"
"1450","19",20881076,20881337,"hsa_circ_007722",3,"-",1,3,5,36,"my_test_sample",3,1,0,1,"GTAG",NA,"ANCHOR_UNIQUE,CANONICAL,CIRCULAR,GOOD_EXT,UNAMBIGUOUS_BP"
"1451","17",1080218,1080399,"hsa_circ_007730",2,"+",2,2,5,40,"my_test_sample",2,1,0,1,"GTAG",NA,"ANCHOR_UNIQUE,CANONICAL,CIRCULAR,GOOD_EXT,UNAMBIGUOUS_BP"
"1452","X",15011093,15011252,"hsa_circ_007734",2,"+",2,2,5,40,"my_test_sample",2,0,0,1,"GTAG",NA,"ANCHOR_UNIQUE,CANONICAL,CIRCULAR,PERFECT_EXT,UNAMBIGUOUS_BP"
"1453","10",37699776,37699987,"hsa_circ_007738",2,"+",1,2,40,5,"my_test_sample",2,1,0,1,"GTAG",NA,"ANCHOR_UNIQUE,CANONICAL,CIRCULAR,GOOD_EXT,UNAMBIGUOUS_BP"
"1454","9",92807629,92807834,"hsa_circ_007742",5,"+",1,5,5,40,"my_test_sample",5,1,0,1,"GTAG",NA,"ANCHOR_UNIQUE,CANONICAL,CIRCULAR,GOOD_EXT,UNAMBIGUOUS_BP"
"1455","5",169937303,169937456,"hsa_circ_007746",5,"+",1,5,40,40,"my_test_sample",5,2,0,1,"GTAG",NA,"ANCHOR_UNIQUE,CANONICAL,CIRCULAR,OK_EXT,UNAMBIGUOUS_BP"
"1456","5",55975313,55975467,"hsa_circ_007750",2,"-",2,2,5,5,"my_test_sample",2,0,0,1,"GTAG",NA,"ANCHOR_UNIQUE,CANONICAL,CIRCULAR,PERFECT_EXT,UNAMBIGUOUS_BP"
"1457","16",88195849,88196208,"hsa_circ_007751",4,"-",2,4,40,40,"my_test_sample",4,2,0,1,"GTAG",NA,"ANCHOR_UNIQUE,CANONICAL,CIRCULAR,OK_EXT,UNAMBIGUOUS_BP"
"1458","12",33075555,33075720,"hsa_circ_007756",3,"-",3,3,5,35,"my_test_sample",3,0,0,1,"GTAG",NA,"ANCHOR_UNIQUE,CANONICAL,CIRCULAR,PERFECT_EXT,UNAMBIGUOUS_BP"
"1459","20",44257093,44257251,"hsa_circ_007759",2,"-",2,2,40,40,"my_test_sample",2,0,0,1,"GTAG",NA,"ANCHOR_UNIQUE,CANONICAL,CIRCULAR,PERFECT_EXT,UNAMBIGUOUS_BP"
"1460","2",11876022,11876195,"hsa_circ_007762",3,"+",2,3,5,40,"my_test_sample",3,0,0,1,"GTAG",NA,"ANCHOR_UNIQUE,CANONICAL,CIRCULAR,PERFECT_EXT,UNAMBIGUOUS_BP"
"1461","19",15041815,15041986,"hsa_circ_007769",2,"-",2,2,5,40,"my_test_sample",2,2,0,1,"GTAG",NA,"ANCHOR_UNIQUE,CANONICAL,CIRCULAR,OK_EXT,UNAMBIGUOUS_BP"
"1462","7",4717223,4717422,"hsa_circ_007771",2,"+",2,2,37,5,"my_test_sample",2,0,0,1,"GTAG",NA,"ANCHOR_UNIQUE,CANONICAL,CIRCULAR,PERFECT_EXT,UNAMBIGUOUS_BP"
"1463","14",72656902,72657290,"hsa_circ_007775",6,"-",2,6,5,40,"my_test_sample",6,1,0,1,"GTAG",NA,"ANCHOR_UNIQUE,CANONICAL,CIRCULAR,GOOD_EXT,UNAMBIGUOUS_BP"
"1464","8",72154513,72154693,"hsa_circ_007776",4,"-",3,1,5,40,"my_test_sample",4,1,0,1,"GTAG",NA,"ANCHOR_UNIQUE,CANONICAL,CIRCULAR,GOOD_EXT,UNAMBIGUOUS_BP"
"1465","19",17813506,17813662,"hsa_circ_007778",2,"-",2,2,5,37,"my_test_sample",2,0,0,1,"GTAG",NA,"ANCHOR_UNIQUE,CANONICAL,CIRCULAR,PERFECT_EXT,UNAMBIGUOUS_BP"
"1466","X",151151197,151151369,"hsa_circ_007779",2,"-",1,2,40,40,"my_test_sample",2,1,1,1,"GTAG",NA,"ANCHOR_UNIQUE,CANONICAL,CIRCULAR,GOOD_EXT,UNAMBIGUOUS_BP"
"1467","10",64197408,64197573,"hsa_circ_007786",2,"+",2,2,5,5,"my_test_sample",2,1,0,1,"GTAG",NA,"ANCHOR_UNIQUE,CANONICAL,CIRCULAR,GOOD_EXT,UNAMBIGUOUS_BP"
"1468","X",116421563,116421746,"hsa_circ_007788",2,"-",1,2,5,40,"my_test_sample",2,0,0,1,"GTAG",NA,"ANCHOR_UNIQUE,CANONICAL,CIRCULAR,PERFECT_EXT,UNAMBIGUOUS_BP"
"1469","14",71195574,71196173,"hsa_circ_007793",2,"-",1,2,5,5,"my_test_sample",2,1,0,1,"GTAG",NA,"ANCHOR_UNIQUE,CANONICAL,CIRCULAR,GOOD_EXT,UNAMBIGUOUS_BP"
"1470","19",45241585,45241743,"hsa_circ_007794",2,"-",1,2,40,5,"my_test_sample",2,1,0,1,"GTAG",NA,"ANCHOR_UNIQUE,CANONICAL,CIRCULAR,GOOD_EXT,UNAMBIGUOUS_BP"
"1471","5",169311962,169312135,"hsa_circ_007796",2,"-",1,2,40,40,"my_test_sample",2,2,0,1,"GTAG",NA,"ANCHOR_UNIQUE,CANONICAL,CIRCULAR,OK_EXT,UNAMBIGUOUS_BP"
"1472","13",18994946,18995175,"hsa_circ_007799",2,"+",1,2,5,40,"my_test_sample",2,2,0,1,"GTAG",NA,"ANCHOR_UNIQUE,CANONICAL,CIRCULAR,OK_EXT,UNAMBIGUOUS_BP"
"1473","19",1659076,1659228,"hsa_circ_007804",2,"-",1,2,40,40,"my_test_sample",2,0,0,1,"GTAG",NA,"ANCHOR_UNIQUE,CANONICAL,CIRCULAR,PERFECT_EXT,UNAMBIGUOUS_BP"
"1474","12",117128290,117128510,"hsa_circ_007805",3,"-",1,3,5,5,"my_test_sample",3,0,0,1,"GTAG",NA,"ANCHOR_UNIQUE,CANONICAL,CIRCULAR,PERFECT_EXT,UNAMBIGUOUS_BP"
"1475","6",40169005,40169192,"hsa_circ_007806",2,"-",1,2,5,40,"my_test_sample",2,2,0,1,"GTAG",NA,"ANCHOR_UNIQUE,CANONICAL,CIRCULAR,OK_EXT,UNAMBIGUOUS_BP"
"1476","10",48724937,48725095,"hsa_circ_007807",2,"+",1,2,3,40,"my_test_sample",2,1,0,1,"GTAG",NA,"ANCHOR_UNIQUE,CANONICAL,CIRCULAR,GOOD_EXT,UNAMBIGUOUS_BP"
"1477","4",665770,666004,"hsa_circ_007808",2,"+",1,2,5,5,"my_test_sample",2,0,0,1,"GTAG",NA,"ANCHOR_UNIQUE,CANONICAL,CIRCULAR,PERFECT_EXT,UNAMBIGUOUS_BP"
"1478","6",133834230,133834422,"hsa_circ_007811",4,"-",2,4,5,40,"my_test_sample",4,0,0,1,"GTAG",NA,"ANCHOR_UNIQUE,CANONICAL,CIRCULAR,PERFECT_EXT,UNAMBIGUOUS_BP"
"1479","8",35911008,35911192,"hsa_circ_007812",2,"+",1,2,5,4,"my_test_sample",2,1,0,1,"GTAG",NA,"ANCHOR_UNIQUE,CANONICAL,CIRCULAR,GOOD_EXT,UNAMBIGUOUS_BP"
"1480","7",111337749,111337913,"hsa_circ_007813",2,"-",2,2,40,5,"my_test_sample",2,0,0,1,"GTAG",NA,"ANCHOR_UNIQUE,CANONICAL,CIRCULAR,PERFECT_EXT,UNAMBIGUOUS_BP"
"1481","15",94360140,94360340,"hsa_circ_007814",2,"-",1,2,5,40,"my_test_sample",2,0,1,1,"GTAG",NA,"ANCHOR_UNIQUE,CANONICAL,CIRCULAR,GOOD_EXT,UNAMBIGUOUS_BP"
"1482","8",10390089,10390299,"hsa_circ_007816",2,"-",2,2,40,40,"my_test_sample",2,0,0,1,"GTAG",NA,"ANCHOR_UNIQUE,CANONICAL,CIRCULAR,PERFECT_EXT,UNAMBIGUOUS_BP"
"1483","16",50970076,50970231,"hsa_circ_007826",2,"+",1,2,40,5,"my_test_sample",2,0,0,1,"GTAG",NA,"ANCHOR_UNIQUE,CANONICAL,CIRCULAR,PERFECT_EXT,UNAMBIGUOUS_BP"
"1484","1",214050958,214051202,"hsa_circ_007830",2,"+",2,2,40,40,"my_test_sample",2,0,0,1,"GTAG",NA,"ANCHOR_UNIQUE,CANONICAL,CIRCULAR,PERFECT_EXT,UNAMBIGUOUS_BP"
"1485","11",123490702,123490854,"hsa_circ_007832",2,"+",1,2,5,40,"my_test_sample",2,1,0,1,"GTAG",NA,"ANCHOR_UNIQUE,CANONICAL,CIRCULAR,GOOD_EXT,UNAMBIGUOUS_BP"
"1486","8",13529413,13529719,"hsa_circ_007833",2,"-",2,2,37,5,"my_test_sample",2,0,0,1,"GTAG",NA,"ANCHOR_UNIQUE,CANONICAL,CIRCULAR,PERFECT_EXT,UNAMBIGUOUS_BP"
"1487","7",154778779,154779079,"hsa_circ_007839",2,"-",2,2,40,5,"my_test_sample",2,0,0,1,"GTAG",NA,"ANCHOR_UNIQUE,CANONICAL,CIRCULAR,PERFECT_EXT,UNAMBIGUOUS_BP"
"1488","6",42362996,42363169,"hsa_circ_007840",2,"-",2,2,40,5,"my_test_sample",2,0,0,1,"GTAG",NA,"ANCHOR_UNIQUE,CANONICAL,CIRCULAR,PERFECT_EXT,UNAMBIGUOUS_BP"
"1489","6",108435077,108435245,"hsa_circ_007848",2,"+",1,2,40,40,"my_test_sample",2,0,0,1,"GTAG",NA,"ANCHOR_UNIQUE,CANONICAL,CIRCULAR,PERFECT_EXT,UNAMBIGUOUS_BP"
"1490","16",85633913,85634132,"hsa_circ_007852",2,"+",1,2,35,40,"my_test_sample",2,0,0,1,"GTAG",NA,"ANCHOR_UNIQUE,CANONICAL,CIRCULAR,PERFECT_EXT,UNAMBIGUOUS_BP"
"1491","14",94685809,94686079,"hsa_circ_007866",3,"-",1,3,40,40,"my_test_sample",3,0,0,1,"GTAG",NA,"ANCHOR_UNIQUE,CANONICAL,CIRCULAR,PERFECT_EXT,UNAMBIGUOUS_BP"
"1492","2",28641735,28641893,"hsa_circ_007877",2,"-",1,2,40,5,"my_test_sample",2,2,0,1,"GTAG",NA,"ANCHOR_UNIQUE,CANONICAL,CIRCULAR,OK_EXT,UNAMBIGUOUS_BP"
"1493","16",31532124,31532333,"hsa_circ_007885",2,"-",1,2,5,5,"my_test_sample",2,0,0,1,"GTAG",NA,"ANCHOR_UNIQUE,CANONICAL,CIRCULAR,PERFECT_EXT,UNAMBIGUOUS_BP"
"1494","10",124616282,124616455,"hsa_circ_007895",3,"+",3,3,5,5,"my_test_sample",3,0,0,1,"GTAG",NA,"ANCHOR_UNIQUE,CANONICAL,CIRCULAR,PERFECT_EXT,UNAMBIGUOUS_BP"
"1495","8",2105271,2105424,"hsa_circ_007900",2,"-",2,2,40,40,"my_test_sample",2,0,0,1,"GTAG",NA,"ANCHOR_UNIQUE,CANONICAL,CIRCULAR,PERFECT_EXT,UNAMBIGUOUS_BP"
"1496","19",2763303,2763487,"hsa_circ_007902",2,"-",1,2,5,40,"my_test_sample",2,0,0,1,"GTAG",NA,"ANCHOR_UNIQUE,CANONICAL,CIRCULAR,PERFECT_EXT,UNAMBIGUOUS_BP"
"1497","16",1035757,1035935,"hsa_circ_007910",2,"+",1,2,40,40,"my_test_sample",2,2,0,1,"GTAG",NA,"ANCHOR_UNIQUE,CANONICAL,CIRCULAR,OK_EXT,UNAMBIGUOUS_BP"
"1498","20",53149385,53149551,"hsa_circ_007911",2,"+",2,1,40,5,"my_test_sample",2,1,0,1,"GTAG",NA,"ANCHOR_UNIQUE,CANONICAL,CIRCULAR,GOOD_EXT,UNAMBIGUOUS_BP"
"1499","X",107457804,107457955,"hsa_circ_007913",3,"-",1,3,5,5,"my_test_sample",3,0,0,1,"GTAG",NA,"ANCHOR_UNIQUE,CANONICAL,CIRCULAR,PERFECT_EXT,UNAMBIGUOUS_BP"
"1500","17",56737964,56738168,"hsa_circ_007918",2,"-",2,2,5,40,"my_test_sample",2,0,0,1,"GTAG",NA,"ANCHOR_UNIQUE,CANONICAL,CIRCULAR,PERFECT_EXT,UNAMBIGUOUS_BP"
"1501","9",136686442,136686616,"hsa_circ_007920",2,"-",1,2,5,40,"my_test_sample",2,0,0,1,"GTAG",NA,"ANCHOR_UNIQUE,CANONICAL,CIRCULAR,PERFECT_EXT,UNAMBIGUOUS_BP"
"1502","15",90980883,90981981,"hsa_circ_007926",2,"-",2,2,40,40,"my_test_sample",2,0,0,1,"GTAG",NA,"ANCHOR_UNIQUE,CANONICAL,CIRCULAR,PERFECT_EXT,UNAMBIGUOUS_BP"
"1503","16",55879362,55879518,"hsa_circ_007927",6,"-",5,6,5,5,"my_test_sample",6,0,0,1,"GTAG",NA,"ANCHOR_UNIQUE,CANONICAL,CIRCULAR,PERFECT_EXT,UNAMBIGUOUS_BP"
"1504","21",40849209,40849363,"hsa_circ_007933",2,"+",2,2,5,40,"my_test_sample",2,0,0,1,"GTAG",NA,"ANCHOR_UNIQUE,CANONICAL,CIRCULAR,PERFECT_EXT,UNAMBIGUOUS_BP"
"1505","X",44162576,44162797,"hsa_circ_007939",2,"-",2,2,5,5,"my_test_sample",2,0,0,1,"GTAG",NA,"ANCHOR_UNIQUE,CANONICAL,CIRCULAR,PERFECT_EXT,UNAMBIGUOUS_BP"
"1506","7",28380845,28381066,"hsa_circ_007941",3,"-",2,3,5,5,"my_test_sample",3,1,0,1,"GTAG",NA,"ANCHOR_UNIQUE,CANONICAL,CIRCULAR,GOOD_EXT,UNAMBIGUOUS_BP"
"1507","2",108928418,108928794,"hsa_circ_007949",3,"-",1,3,5,40,"my_test_sample",3,0,0,1,"GTAG",NA,"ANCHOR_UNIQUE,CANONICAL,CIRCULAR,PERFECT_EXT,UNAMBIGUOUS_BP"
"1508","X",71356330,71356523,"hsa_circ_007957",2,"-",1,2,40,5,"my_test_sample",2,2,0,1,"GTAG",NA,"ANCHOR_UNIQUE,CANONICAL,CIRCULAR,OK_EXT,UNAMBIGUOUS_BP"
"1509","17",580920,581080,"hsa_circ_007964",2,"-",1,2,35,5,"my_test_sample",2,2,0,1,"GTAG",NA,"ANCHOR_UNIQUE,CANONICAL,CIRCULAR,OK_EXT,UNAMBIGUOUS_BP"
"1510","14",96452797,96452963,"hsa_circ_007966",4,"+",2,4,40,40,"my_test_sample",4,1,0,1,"GTAG",NA,"ANCHOR_UNIQUE,CANONICAL,CIRCULAR,GOOD_EXT,UNAMBIGUOUS_BP"
"1511","5",31956878,31957036,"hsa_circ_007972",2,"+",2,2,40,40,"my_test_sample",2,0,0,1,"GTAG",NA,"ANCHOR_UNIQUE,CANONICAL,CIRCULAR,PERFECT_EXT,UNAMBIGUOUS_BP"
"1512","16",57679487,57679655,"hsa_circ_007978",2,"+",1,2,5,35,"my_test_sample",2,1,0,1,"GTAG",NA,"ANCHOR_UNIQUE,CANONICAL,CIRCULAR,GOOD_EXT,UNAMBIGUOUS_BP"
"1513","15",60767514,60767668,"hsa_circ_007980",2,"+",1,2,40,35,"my_test_sample",2,0,1,1,"GTAG",NA,"ANCHOR_UNIQUE,CANONICAL,CIRCULAR,GOOD_EXT,UNAMBIGUOUS_BP"
"1514","19",10001640,10001807,"hsa_circ_007984",2,"+",2,2,40,40,"my_test_sample",2,0,1,1,"GTAG",NA,"ANCHOR_UNIQUE,CANONICAL,CIRCULAR,GOOD_EXT,UNAMBIGUOUS_BP"
"1515","X",16511111,16511335,"hsa_circ_008000",2,"-",1,2,5,40,"my_test_sample",2,2,0,1,"GTAG",NA,"ANCHOR_UNIQUE,CANONICAL,CIRCULAR,OK_EXT,UNAMBIGUOUS_BP"
"1516","4",3031025,3031253,"hsa_circ_008015",2,"+",1,2,5,40,"my_test_sample",2,2,2,1,"GTAG",NA,"ANCHOR_UNIQUE,CANONICAL,CIRCULAR,OK_EXT,UNAMBIGUOUS_BP"
"1517","5",65464894,65465045,"hsa_circ_008017",2,"-",1,2,5,40,"my_test_sample",2,0,0,1,"GTAG",NA,"ANCHOR_UNIQUE,CANONICAL,CIRCULAR,PERFECT_EXT,UNAMBIGUOUS_BP"
"1518","11",34658458,34658701,"hsa_circ_008018",2,"-",2,2,5,3,"my_test_sample",2,0,0,1,"GTAG",NA,"ANCHOR_UNIQUE,CANONICAL,CIRCULAR,PERFECT_EXT,UNAMBIGUOUS_BP"
"1519","13",73617089,73617254,"hsa_circ_008023",2,"-",2,2,40,40,"my_test_sample",2,0,0,1,"GTAG",NA,"ANCHOR_UNIQUE,CANONICAL,CIRCULAR,PERFECT_EXT,UNAMBIGUOUS_BP"
"1520","5",61658641,61658806,"hsa_circ_008032",3,"+",2,3,40,5,"my_test_sample",3,1,0,1,"GTAG",NA,"ANCHOR_UNIQUE,CANONICAL,CIRCULAR,GOOD_EXT,UNAMBIGUOUS_BP"
"1521","5",175875152,175875310,"hsa_circ_008035",3,"+",1,3,40,5,"my_test_sample",3,0,0,1,"GTAG",NA,"ANCHOR_UNIQUE,CANONICAL,CIRCULAR,PERFECT_EXT,UNAMBIGUOUS_BP"
"1522","5",95952901,95953108,"hsa_circ_008043",3,"+",1,3,40,40,"my_test_sample",3,2,0,1,"GTAG",NA,"ANCHOR_UNIQUE,CANONICAL,CIRCULAR,OK_EXT,UNAMBIGUOUS_BP"
"1523","4",8097082,8097349,"hsa_circ_008048",2,"+",1,2,40,40,"my_test_sample",2,1,0,1,"GTAG",NA,"ANCHOR_UNIQUE,CANONICAL,CIRCULAR,GOOD_EXT,UNAMBIGUOUS_BP"
"1524","7",8677380,8677573,"hsa_circ_008053",2,"+",1,2,5,5,"my_test_sample",2,0,0,1,"GTAG",NA,"ANCHOR_UNIQUE,CANONICAL,CIRCULAR,PERFECT_EXT,UNAMBIGUOUS_BP"
"1525","18",36577838,36578022,"hsa_circ_008060",2,"+",1,2,40,40,"my_test_sample",2,1,0,1,"GTAG",NA,"ANCHOR_UNIQUE,CANONICAL,CIRCULAR,GOOD_EXT,UNAMBIGUOUS_BP"
"1526","19",18639796,18639976,"hsa_circ_008061",2,"+",1,2,40,5,"my_test_sample",2,1,0,1,"GTAG",NA,"ANCHOR_UNIQUE,CANONICAL,CIRCULAR,GOOD_EXT,UNAMBIGUOUS_BP"
"1527","15",71321819,71322064,"hsa_circ_008066",3,"-",1,3,5,5,"my_test_sample",3,1,0,1,"GTAG",NA,"ANCHOR_UNIQUE,CANONICAL,CIRCULAR,GOOD_EXT,UNAMBIGUOUS_BP"
"1528","9",110978775,110978933,"hsa_circ_008069",2,"+",1,2,5,5,"my_test_sample",2,1,0,1,"GTAG",NA,"ANCHOR_UNIQUE,CANONICAL,CIRCULAR,GOOD_EXT,UNAMBIGUOUS_BP"
"1529","1",20566486,20566672,"hsa_circ_008071",2,"-",2,1,5,4,"my_test_sample",2,0,0,1,"GTAG",NA,"ANCHOR_UNIQUE,CANONICAL,CIRCULAR,PERFECT_EXT,UNAMBIGUOUS_BP"
"1530","6",163961429,163961625,"hsa_circ_008083",2,"-",1,2,5,40,"my_test_sample",2,2,0,1,"GTAG",NA,"ANCHOR_UNIQUE,CANONICAL,CIRCULAR,OK_EXT,UNAMBIGUOUS_BP"
"1531","4",6161042,6161220,"hsa_circ_008084",2,"-",2,2,5,5,"my_test_sample",2,1,0,1,"GTAG",NA,"ANCHOR_UNIQUE,CANONICAL,CIRCULAR,GOOD_EXT,UNAMBIGUOUS_BP"
"1532","X",11870904,11871079,"hsa_circ_008091",2,"-",1,2,40,40,"my_test_sample",2,2,0,1,"GTAG",NA,"ANCHOR_UNIQUE,CANONICAL,CIRCULAR,OK_EXT,UNAMBIGUOUS_BP"
"1533","X",23857963,23858255,"hsa_circ_008095",4,"+",1,4,40,5,"my_test_sample",4,2,1,1,"GTAG",NA,"ANCHOR_UNIQUE,CANONICAL,CIRCULAR,OK_EXT,UNAMBIGUOUS_BP"
"1534","14",98759062,98759235,"hsa_circ_008097",2,"-",1,2,40,5,"my_test_sample",2,1,0,1,"GTAG",NA,"ANCHOR_UNIQUE,CANONICAL,CIRCULAR,GOOD_EXT,UNAMBIGUOUS_BP"
"1535","5",135019361,135019543,"hsa_circ_008102",2,"-",2,2,40,40,"my_test_sample",2,1,0,1,"GTAG",NA,"ANCHOR_UNIQUE,CANONICAL,CIRCULAR,GOOD_EXT,UNAMBIGUOUS_BP"
"1536","11",112418159,112418348,"hsa_circ_008104",3,"+",1,3,5,40,"my_test_sample",3,0,0,1,"GTAG",NA,"ANCHOR_UNIQUE,CANONICAL,CIRCULAR,PERFECT_EXT,UNAMBIGUOUS_BP"
"1537","6",43200366,43200629,"hsa_circ_008112",2,"-",1,2,5,5,"my_test_sample",2,2,0,1,"GTAG",NA,"ANCHOR_UNIQUE,CANONICAL,CIRCULAR,OK_EXT,UNAMBIGUOUS_BP"
"1538","9",17585460,17585611,"hsa_circ_008115",5,"+",3,4,5,5,"my_test_sample",5,0,0,1,"GTAG",NA,"ANCHOR_UNIQUE,CANONICAL,CIRCULAR,PERFECT_EXT,UNAMBIGUOUS_BP"
"1539","7",28768236,28768393,"hsa_circ_008120",3,"+",2,3,40,40,"my_test_sample",3,2,0,1,"GTAG",NA,"ANCHOR_UNIQUE,CANONICAL,CIRCULAR,OK_EXT,UNAMBIGUOUS_BP"
"1540","8",138804964,138805122,"hsa_circ_008122",2,"+",1,2,5,5,"my_test_sample",2,1,0,1,"GTAG",NA,"ANCHOR_UNIQUE,CANONICAL,CIRCULAR,GOOD_EXT,UNAMBIGUOUS_BP"
"1541","12",11955810,11955992,"hsa_circ_008124",2,"-",2,2,40,5,"my_test_sample",2,0,0,1,"GTAG",NA,"ANCHOR_UNIQUE,CANONICAL,CIRCULAR,PERFECT_EXT,UNAMBIGUOUS_BP"
"1542","6",156213009,156213172,"hsa_circ_008134",3,"+",1,3,40,35,"my_test_sample",3,0,0,1,"GTAG",NA,"ANCHOR_UNIQUE,CANONICAL,CIRCULAR,PERFECT_EXT,UNAMBIGUOUS_BP"
"1543","2",138221910,138222072,"hsa_circ_008141",3,"-",3,3,40,40,"my_test_sample",3,0,0,1,"GTAG",NA,"ANCHOR_UNIQUE,CANONICAL,CIRCULAR,PERFECT_EXT,UNAMBIGUOUS_BP"
"1544","11",130639899,130640124,"hsa_circ_008142",2,"-",1,2,5,40,"my_test_sample",2,2,0,1,"GTAG",NA,"ANCHOR_UNIQUE,CANONICAL,CIRCULAR,OK_EXT,UNAMBIGUOUS_BP"
"1545","1",43423859,43424110,"hsa_circ_008148",2,"+",2,2,40,5,"my_test_sample",2,2,0,1,"GTAG",NA,"ANCHOR_UNIQUE,CANONICAL,CIRCULAR,OK_EXT,UNAMBIGUOUS_BP"
"1546","2",179142671,179142886,"hsa_circ_008149",2,"-",1,2,40,40,"my_test_sample",2,0,0,1,"GTAG",NA,"ANCHOR_UNIQUE,CANONICAL,CIRCULAR,PERFECT_EXT,UNAMBIGUOUS_BP"
"1547","2",173032795,173032955,"hsa_circ_008151",2,"+",1,2,5,35,"my_test_sample",2,2,0,1,"GTAG",NA,"ANCHOR_UNIQUE,CANONICAL,CIRCULAR,OK_EXT,UNAMBIGUOUS_BP"
"1548","2",238519145,238519309,"hsa_circ_008156",2,"+",1,2,5,40,"my_test_sample",2,1,1,1,"GTAG",NA,"ANCHOR_UNIQUE,CANONICAL,CIRCULAR,GOOD_EXT,UNAMBIGUOUS_BP"
"1549","19",34850437,34850604,"hsa_circ_008157",2,"+",1,2,40,40,"my_test_sample",2,2,0,1,"GTAG",NA,"ANCHOR_UNIQUE,CANONICAL,CIRCULAR,OK_EXT,UNAMBIGUOUS_BP"
"1550","7",106631561,106631813,"hsa_circ_008159",2,"-",2,2,5,4,"my_test_sample",2,2,0,1,"GTAG",NA,"ANCHOR_UNIQUE,CANONICAL,CIRCULAR,OK_EXT,UNAMBIGUOUS_BP"
"1551","8",11439333,11439523,"hsa_circ_008161",2,"-",2,2,40,5,"my_test_sample",2,0,0,1,"GTAG",NA,"ANCHOR_UNIQUE,CANONICAL,CIRCULAR,PERFECT_EXT,UNAMBIGUOUS_BP"
"1552","7",74551424,74551633,"hsa_circ_008163",2,"+",2,1,5,40,"my_test_sample",2,0,0,1,"GTAG",NA,"ANCHOR_UNIQUE,CANONICAL,CIRCULAR,PERFECT_EXT,UNAMBIGUOUS_BP"
"1553","3",36956548,36956775,"hsa_circ_008178",2,"-",1,2,40,40,"my_test_sample",2,1,0,1,"GTAG",NA,"ANCHOR_UNIQUE,CANONICAL,CIRCULAR,GOOD_EXT,UNAMBIGUOUS_BP"
"1554","12",34296005,34296197,"hsa_circ_008198",2,"-",1,2,4,40,"my_test_sample",2,0,1,1,"GTAG",NA,"ANCHOR_UNIQUE,CANONICAL,CIRCULAR,GOOD_EXT,UNAMBIGUOUS_BP"
"1555","18",61949716,61950053,"hsa_circ_008205",2,"+",1,2,5,4,"my_test_sample",2,0,0,1,"GTAG",NA,"ANCHOR_UNIQUE,CANONICAL,CIRCULAR,PERFECT_EXT,UNAMBIGUOUS_BP"
"1556","19",20883027,20883217,"hsa_circ_008207",2,"-",1,2,5,5,"my_test_sample",2,1,0,1,"GTAG",NA,"ANCHOR_UNIQUE,CANONICAL,CIRCULAR,GOOD_EXT,UNAMBIGUOUS_BP"
"1557","18",76129237,76129437,"hsa_circ_008210",2,"-",1,2,5,5,"my_test_sample",2,0,0,1,"GTAG",NA,"ANCHOR_UNIQUE,CANONICAL,CIRCULAR,PERFECT_EXT,UNAMBIGUOUS_BP"
"1558","2",194257974,194258166,"hsa_circ_008220",2,"+",2,2,5,40,"my_test_sample",2,1,0,1,"GTAG",NA,"ANCHOR_UNIQUE,CANONICAL,CIRCULAR,GOOD_EXT,UNAMBIGUOUS_BP"
"1559","5",923805,924092,"hsa_circ_008222",3,"-",1,3,40,5,"my_test_sample",3,1,0,1,"GTAG",NA,"ANCHOR_UNIQUE,CANONICAL,CIRCULAR,GOOD_EXT,UNAMBIGUOUS_BP"
"1560","17",43025610,43025766,"hsa_circ_008224",3,"+",1,3,5,5,"my_test_sample",3,2,0,1,"GTAG",NA,"ANCHOR_UNIQUE,CANONICAL,CIRCULAR,OK_EXT,UNAMBIGUOUS_BP"
"1561","12",121748986,121749139,"hsa_circ_008225",2,"-",1,2,5,5,"my_test_sample",2,0,0,1,"GTAG",NA,"ANCHOR_UNIQUE,CANONICAL,CIRCULAR,PERFECT_EXT,UNAMBIGUOUS_BP"
"1562","2",62107831,62108071,"hsa_circ_008231",2,"-",1,2,40,5,"my_test_sample",2,1,0,1,"GTAG",NA,"ANCHOR_UNIQUE,CANONICAL,CIRCULAR,GOOD_EXT,UNAMBIGUOUS_BP"
"1563","11",36217748,36217995,"hsa_circ_008234",2,"+",2,1,40,4,"my_test_sample",2,2,0,1,"GTAG",NA,"ANCHOR_UNIQUE,CANONICAL,CIRCULAR,OK_EXT,UNAMBIGUOUS_BP"
"1564","10",100723282,100723455,"hsa_circ_008246",2,"+",2,2,40,40,"my_test_sample",2,2,0,1,"GTAG",NA,"ANCHOR_UNIQUE,CANONICAL,CIRCULAR,OK_EXT,UNAMBIGUOUS_BP"
"1565","19",55343743,55343900,"hsa_circ_008247",2,"+",2,2,40,5,"my_test_sample",2,1,0,1,"GTAG",NA,"ANCHOR_UNIQUE,CANONICAL,CIRCULAR,GOOD_EXT,UNAMBIGUOUS_BP"
"1566","1",20723970,20724120,"hsa_circ_008248",2,"+",1,2,35,5,"my_test_sample",2,1,0,1,"GTAG",NA,"ANCHOR_UNIQUE,CANONICAL,CIRCULAR,GOOD_EXT,UNAMBIGUOUS_BP"
"1567","10",109087709,109087872,"hsa_circ_008264",2,"-",2,2,40,5,"my_test_sample",2,0,0,1,"GTAG",NA,"ANCHOR_UNIQUE,CANONICAL,CIRCULAR,PERFECT_EXT,UNAMBIGUOUS_BP"
"1568","19",2242446,2242629,"hsa_circ_008265",3,"-",1,3,5,5,"my_test_sample",3,1,0,1,"GTAG",NA,"ANCHOR_UNIQUE,CANONICAL,CIRCULAR,GOOD_EXT,UNAMBIGUOUS_BP"
"1569","X",65293168,65293326,"hsa_circ_008268",3,"-",3,3,5,5,"my_test_sample",3,0,0,1,"GTAG",NA,"ANCHOR_UNIQUE,CANONICAL,CIRCULAR,PERFECT_EXT,UNAMBIGUOUS_BP"
"1570","4",1476120,1476292,"hsa_circ_008276",2,"+",2,2,5,5,"my_test_sample",2,0,0,1,"GTAG",NA,"ANCHOR_UNIQUE,CANONICAL,CIRCULAR,PERFECT_EXT,UNAMBIGUOUS_BP"
"1571","21",14841640,14841795,"hsa_circ_008279",2,"+",1,2,5,5,"my_test_sample",2,1,1,1,"GTAG",NA,"ANCHOR_UNIQUE,CANONICAL,CIRCULAR,GOOD_EXT,UNAMBIGUOUS_BP"
"1572","12",103212926,103213281,"hsa_circ_008281",2,"-",1,2,5,40,"my_test_sample",2,2,0,1,"GTAG",NA,"ANCHOR_UNIQUE,CANONICAL,CIRCULAR,OK_EXT,UNAMBIGUOUS_BP"
"1573","2",238893974,238894183,"hsa_circ_008282",2,"-",1,2,5,5,"my_test_sample",2,1,0,1,"GTAG",NA,"ANCHOR_UNIQUE,CANONICAL,CIRCULAR,GOOD_EXT,UNAMBIGUOUS_BP"
"1574","8",138901983,138902135,"hsa_circ_008283",2,"+",1,2,5,5,"my_test_sample",2,0,0,1,"GTAG",NA,"ANCHOR_UNIQUE,CANONICAL,CIRCULAR,PERFECT_EXT,UNAMBIGUOUS_BP"
"1575","7",23203192,23203390,"hsa_circ_008284",2,"-",1,2,40,40,"my_test_sample",2,1,0,1,"GTAG",NA,"ANCHOR_UNIQUE,CANONICAL,CIRCULAR,GOOD_EXT,UNAMBIGUOUS_BP"
"1576","16",80459768,80459962,"hsa_circ_008286",3,"-",2,3,5,5,"my_test_sample",3,1,0,1,"GTAG",NA,"ANCHOR_UNIQUE,CANONICAL,CIRCULAR,GOOD_EXT,UNAMBIGUOUS_BP"
"1577","11",62518297,62518474,"hsa_circ_008287",2,"+",1,2,40,40,"my_test_sample",2,1,0,1,"GTAG",NA,"ANCHOR_UNIQUE,CANONICAL,CIRCULAR,GOOD_EXT,UNAMBIGUOUS_BP"
"1578","1",234399246,234399419,"hsa_circ_008288",2,"+",1,2,5,5,"my_test_sample",2,2,0,1,"GTAG",NA,"ANCHOR_UNIQUE,CANONICAL,CIRCULAR,OK_EXT,UNAMBIGUOUS_BP"
"1579","11",6651704,6651859,"hsa_circ_008294",2,"+",1,2,40,5,"my_test_sample",2,1,0,1,"GTAG",NA,"ANCHOR_UNIQUE,CANONICAL,CIRCULAR,GOOD_EXT,UNAMBIGUOUS_BP"
"1580","1",157479034,157479192,"hsa_circ_008299",3,"+",2,3,40,5,"my_test_sample",3,1,0,1,"GTAG",NA,"ANCHOR_UNIQUE,CANONICAL,CIRCULAR,GOOD_EXT,UNAMBIGUOUS_BP"
"1581","15",23441208,23441394,"hsa_circ_008308",2,"-",2,2,5,37,"my_test_sample",2,0,0,1,"GTAG",NA,"ANCHOR_UNIQUE,CANONICAL,CIRCULAR,PERFECT_EXT,UNAMBIGUOUS_BP"
"1582","19",11056867,11057073,"hsa_circ_008309",2,"-",1,2,40,40,"my_test_sample",2,1,0,1,"GTAG",NA,"ANCHOR_UNIQUE,CANONICAL,CIRCULAR,GOOD_EXT,UNAMBIGUOUS_BP"
"1583","11",116565593,116565800,"hsa_circ_008311",2,"-",2,2,40,40,"my_test_sample",2,1,0,1,"GTAG",NA,"ANCHOR_UNIQUE,CANONICAL,CIRCULAR,GOOD_EXT,UNAMBIGUOUS_BP"
"1584","14",78033401,78033583,"hsa_circ_008319",3,"-",3,3,5,35,"my_test_sample",3,0,0,1,"GTAG",NA,"ANCHOR_UNIQUE,CANONICAL,CIRCULAR,PERFECT_EXT,UNAMBIGUOUS_BP"
"1585","7",158706335,158706494,"hsa_circ_008325",2,"+",1,2,40,40,"my_test_sample",2,1,0,1,"GTAG",NA,"ANCHOR_UNIQUE,CANONICAL,CIRCULAR,GOOD_EXT,UNAMBIGUOUS_BP"
"1586","3",4357035,4358758,"hsa_circ_008326",2,"-",1,1,5,2,"my_test_sample",2,1,0,1,"GTAG",NA,"ANCHOR_UNIQUE,CANONICAL,CIRCULAR,GOOD_EXT,UNAMBIGUOUS_BP"
"1587","14",34686253,34686412,"hsa_circ_008333",2,"+",1,2,40,40,"my_test_sample",2,0,0,1,"GTAG",NA,"ANCHOR_UNIQUE,CANONICAL,CIRCULAR,PERFECT_EXT,UNAMBIGUOUS_BP"
"1588","3",184589053,184589230,"hsa_circ_008352",2,"+",1,2,3,40,"my_test_sample",2,2,1,1,"GTAG",NA,"ANCHOR_UNIQUE,CANONICAL,CIRCULAR,OK_EXT,UNAMBIGUOUS_BP"
"1589","15",74198746,74198996,"hsa_circ_008362",2,"-",2,2,40,35,"my_test_sample",2,2,0,1,"GTAG",NA,"ANCHOR_UNIQUE,CANONICAL,CIRCULAR,OK_EXT,UNAMBIGUOUS_BP"
"1590","3",128439855,128440025,"hsa_circ_008372",2,"+",2,2,5,5,"my_test_sample",2,1,0,1,"GTAG",NA,"ANCHOR_UNIQUE,CANONICAL,CIRCULAR,GOOD_EXT,UNAMBIGUOUS_BP"
"1591","1",243558726,243558881,"hsa_circ_008376",4,"-",1,4,5,5,"my_test_sample",4,0,0,1,"GTAG",NA,"ANCHOR_UNIQUE,CANONICAL,CIRCULAR,PERFECT_EXT,UNAMBIGUOUS_BP"
"1592","6",43339385,43339643,"hsa_circ_008380",2,"+",2,2,5,40,"my_test_sample",2,0,0,1,"GTAG",NA,"ANCHOR_UNIQUE,CANONICAL,CIRCULAR,PERFECT_EXT,UNAMBIGUOUS_BP"
"1593","15",76381377,76381554,"hsa_circ_008381",2,"-",1,2,40,5,"my_test_sample",2,1,0,1,"GTAG",NA,"ANCHOR_UNIQUE,CANONICAL,CIRCULAR,GOOD_EXT,UNAMBIGUOUS_BP"
"1594","10",119990038,119990198,"hsa_circ_008384",3,"+",3,3,5,5,"my_test_sample",3,1,0,1,"GTAG",NA,"ANCHOR_UNIQUE,CANONICAL,CIRCULAR,GOOD_EXT,UNAMBIGUOUS_BP"
"1595","5",9430312,9430505,"hsa_circ_008393",2,"-",2,1,5,5,"my_test_sample",2,1,0,1,"GTAG",NA,"ANCHOR_UNIQUE,CANONICAL,CIRCULAR,GOOD_EXT,UNAMBIGUOUS_BP"
"1596","5",4560228,4577655,"hsa_circ_008411",2,"-",1,2,40,5,"my_test_sample",2,1,0,1,"GTAG",NA,"ANCHOR_UNIQUE,CANONICAL,CIRCULAR,GOOD_EXT,UNAMBIGUOUS_BP"
"1597","10",21798222,21798466,"hsa_circ_008412",4,"-",2,4,40,5,"my_test_sample",4,0,0,1,"GTAG",NA,"ANCHOR_UNIQUE,CANONICAL,CIRCULAR,PERFECT_EXT,UNAMBIGUOUS_BP"
"1598","11",63015088,63015228,"hsa_circ_008415",2,"+",1,2,40,40,"my_test_sample",2,0,0,1,"GTAG",NA,"ANCHOR_UNIQUE,CANONICAL,CIRCULAR,PERFECT_EXT,UNAMBIGUOUS_BP"
"1599","10",74310734,74310897,"hsa_circ_008430",3,"-",1,3,5,5,"my_test_sample",3,0,0,1,"GTAG",NA,"ANCHOR_UNIQUE,CANONICAL,CIRCULAR,PERFECT_EXT,UNAMBIGUOUS_BP"
"1600","1",236163867,236164058,"hsa_circ_008436",2,"-",1,2,5,4,"my_test_sample",2,2,0,1,"GTAG",NA,"ANCHOR_UNIQUE,CANONICAL,CIRCULAR,OK_EXT,UNAMBIGUOUS_BP"
"1601","3",134672787,134672979,"hsa_circ_008443",3,"-",2,3,37,40,"my_test_sample",3,0,0,1,"GTAG",NA,"ANCHOR_UNIQUE,CANONICAL,CIRCULAR,PERFECT_EXT,UNAMBIGUOUS_BP"
"1602","4",165539032,165539214,"hsa_circ_008445",2,"-",1,2,5,5,"my_test_sample",2,2,0,1,"GTAG",NA,"ANCHOR_UNIQUE,CANONICAL,CIRCULAR,OK_EXT,UNAMBIGUOUS_BP"
"1603","8",138479573,138479919,"hsa_circ_008463",2,"-",2,2,5,5,"my_test_sample",2,1,0,1,"GTAG",NA,"ANCHOR_UNIQUE,CANONICAL,CIRCULAR,GOOD_EXT,UNAMBIGUOUS_BP"
"1604","9",98437522,98437785,"hsa_circ_008466",2,"-",2,2,4,5,"my_test_sample",2,1,0,1,"GTAG",NA,"ANCHOR_UNIQUE,CANONICAL,CIRCULAR,GOOD_EXT,UNAMBIGUOUS_BP"
"1605","3",66184056,66184250,"hsa_circ_008468",2,"-",2,2,5,5,"my_test_sample",2,1,0,1,"GTAG",NA,"ANCHOR_UNIQUE,CANONICAL,CIRCULAR,GOOD_EXT,UNAMBIGUOUS_BP"
"1606","12",26388880,26389065,"hsa_circ_008472",3,"-",1,3,5,40,"my_test_sample",3,0,0,1,"GTAG",NA,"ANCHOR_UNIQUE,CANONICAL,CIRCULAR,PERFECT_EXT,UNAMBIGUOUS_BP"
"1607","12",27944706,27944939,"hsa_circ_008473",3,"-",2,3,40,40,"my_test_sample",3,0,0,1,"GTAG",NA,"ANCHOR_UNIQUE,CANONICAL,CIRCULAR,PERFECT_EXT,UNAMBIGUOUS_BP"
"1608","10",133590935,133591115,"hsa_circ_008485",3,"-",1,3,40,40,"my_test_sample",3,0,2,1,"GTAG",NA,"ANCHOR_UNIQUE,CANONICAL,CIRCULAR,OK_EXT,UNAMBIGUOUS_BP"
"1609","12",71951960,71952188,"hsa_circ_008492",2,"+",2,2,40,40,"my_test_sample",2,0,0,1,"GTAG",NA,"ANCHOR_UNIQUE,CANONICAL,CIRCULAR,PERFECT_EXT,UNAMBIGUOUS_BP"
"1610","GL000225.1",76146,76351,"hsa_circ_008494",3,"+",1,3,5,5,"my_test_sample",3,2,0,1,"GTAG",NA,"ANCHOR_UNIQUE,CANONICAL,CIRCULAR,OK_EXT,UNAMBIGUOUS_BP"
"1611","8",129475886,129476066,"hsa_circ_008501",2,"-",1,2,5,40,"my_test_sample",2,1,0,1,"GTAG",NA,"ANCHOR_UNIQUE,CANONICAL,CIRCULAR,GOOD_EXT,UNAMBIGUOUS_BP"
"1612","10",52135909,52136091,"hsa_circ_008520",2,"+",1,2,35,5,"my_test_sample",2,2,0,1,"GTAG",NA,"ANCHOR_UNIQUE,CANONICAL,CIRCULAR,OK_EXT,UNAMBIGUOUS_BP"
"1613","19",20907476,20907665,"hsa_circ_008521",3,"-",1,3,5,5,"my_test_sample",3,2,0,1,"GTAG",NA,"ANCHOR_UNIQUE,CANONICAL,CIRCULAR,OK_EXT,UNAMBIGUOUS_BP"
"1614","11",87661735,87661886,"hsa_circ_008534",3,"-",2,3,5,40,"my_test_sample",3,0,0,1,"GTAG",NA,"ANCHOR_UNIQUE,CANONICAL,CIRCULAR,PERFECT_EXT,UNAMBIGUOUS_BP"
"1615","17",60655579,60655767,"hsa_circ_008536",3,"-",3,3,5,40,"my_test_sample",3,1,0,1,"GTAG",NA,"ANCHOR_UNIQUE,CANONICAL,CIRCULAR,GOOD_EXT,UNAMBIGUOUS_BP"
"1616","14",99098127,99098339,"hsa_circ_008545",2,"+",1,2,40,5,"my_test_sample",2,1,0,1,"GTAG",NA,"ANCHOR_UNIQUE,CANONICAL,CIRCULAR,GOOD_EXT,UNAMBIGUOUS_BP"
"1617","5",3054725,3054880,"hsa_circ_008548",2,"+",2,2,5,4,"my_test_sample",2,0,0,1,"GTAG",NA,"ANCHOR_UNIQUE,CANONICAL,CIRCULAR,PERFECT_EXT,UNAMBIGUOUS_BP"
"1618","14",35922118,35922289,"hsa_circ_008558",2,"-",1,2,5,40,"my_test_sample",2,1,0,1,"GTAG",NA,"ANCHOR_UNIQUE,CANONICAL,CIRCULAR,GOOD_EXT,UNAMBIGUOUS_BP"
"1619","2",152451674,152451938,"hsa_circ_008564",2,"+",1,2,5,5,"my_test_sample",2,0,0,1,"GTAG",NA,"ANCHOR_UNIQUE,CANONICAL,CIRCULAR,PERFECT_EXT,UNAMBIGUOUS_BP"
"1620","9",134788652,134788891,"hsa_circ_008572",2,"+",1,2,5,5,"my_test_sample",2,0,0,1,"GTAG",NA,"ANCHOR_UNIQUE,CANONICAL,CIRCULAR,PERFECT_EXT,UNAMBIGUOUS_BP"
"1621","5",138337242,138337402,"hsa_circ_008577",2,"-",1,2,5,5,"my_test_sample",2,2,0,1,"GTAG",NA,"ANCHOR_UNIQUE,CANONICAL,CIRCULAR,OK_EXT,UNAMBIGUOUS_BP"
"1622","1",53301002,53301160,"hsa_circ_008579",2,"-",2,2,40,5,"my_test_sample",2,1,0,1,"GTAG",NA,"ANCHOR_UNIQUE,CANONICAL,CIRCULAR,GOOD_EXT,UNAMBIGUOUS_BP"
"1623","19",19743901,19744080,"hsa_circ_008580",5,"-",1,5,40,5,"my_test_sample",5,1,0,1,"GTAG",NA,"ANCHOR_UNIQUE,CANONICAL,CIRCULAR,GOOD_EXT,UNAMBIGUOUS_BP"
"1624","19",17005177,17005333,"hsa_circ_008582",2,"+",1,2,40,5,"my_test_sample",2,2,0,1,"GTAG",NA,"ANCHOR_UNIQUE,CANONICAL,CIRCULAR,OK_EXT,UNAMBIGUOUS_BP"
"1625","5",128903645,128903798,"hsa_circ_008584",2,"+",1,2,5,5,"my_test_sample",2,0,0,1,"GTAG",NA,"ANCHOR_UNIQUE,CANONICAL,CIRCULAR,PERFECT_EXT,UNAMBIGUOUS_BP"
"1626","14",79475566,79475868,"hsa_circ_008589",2,"+",1,2,40,5,"my_test_sample",2,0,0,1,"GTAG",NA,"ANCHOR_UNIQUE,CANONICAL,CIRCULAR,PERFECT_EXT,UNAMBIGUOUS_BP"
"1627","4",1354164,1354314,"hsa_circ_008603",2,"+",2,2,40,40,"my_test_sample",2,1,0,1,"GTAG",NA,"ANCHOR_UNIQUE,CANONICAL,CIRCULAR,GOOD_EXT,UNAMBIGUOUS_BP"
"1628","10",86249490,86249650,"hsa_circ_008604",2,"-",1,2,5,5,"my_test_sample",2,2,0,1,"GTAG",NA,"ANCHOR_UNIQUE,CANONICAL,CIRCULAR,OK_EXT,UNAMBIGUOUS_BP"
"1629","11",47078667,47080600,"hsa_circ_008608",2,"+",1,2,5,5,"my_test_sample",2,2,0,1,"GTAG",NA,"ANCHOR_UNIQUE,CANONICAL,CIRCULAR,OK_EXT,UNAMBIGUOUS_BP"
"1630","17",17827956,17828126,"hsa_circ_008615",2,"-",2,2,40,5,"my_test_sample",2,0,0,1,"GTAG",NA,"ANCHOR_UNIQUE,CANONICAL,CIRCULAR,PERFECT_EXT,UNAMBIGUOUS_BP"
"1631","15",80851787,80852044,"hsa_circ_008620",2,"+",2,2,4,5,"my_test_sample",2,0,0,1,"GTAG",NA,"ANCHOR_UNIQUE,CANONICAL,CIRCULAR,PERFECT_EXT,UNAMBIGUOUS_BP"
"1632","9",94557634,94557824,"hsa_circ_008641",2,"+",1,2,35,5,"my_test_sample",2,1,0,1,"GTAG",NA,"ANCHOR_UNIQUE,CANONICAL,CIRCULAR,GOOD_EXT,UNAMBIGUOUS_BP"
"1633","9",126146602,126146753,"hsa_circ_008643",4,"-",3,4,40,40,"my_test_sample",4,0,0,1,"GTAG",NA,"ANCHOR_UNIQUE,CANONICAL,CIRCULAR,PERFECT_EXT,UNAMBIGUOUS_BP"
"1634","20",54084230,54084384,"hsa_circ_008645",4,"-",1,4,40,5,"my_test_sample",4,2,0,1,"GTAG",NA,"ANCHOR_UNIQUE,CANONICAL,CIRCULAR,OK_EXT,UNAMBIGUOUS_BP"
"1635","11",90646737,90647073,"hsa_circ_008663",2,"+",1,2,5,40,"my_test_sample",2,0,0,1,"GTAG",NA,"ANCHOR_UNIQUE,CANONICAL,CIRCULAR,PERFECT_EXT,UNAMBIGUOUS_BP"
"1636","12",101829039,101829217,"hsa_circ_008664",4,"-",2,4,5,40,"my_test_sample",4,0,0,1,"GTAG",NA,"ANCHOR_UNIQUE,CANONICAL,CIRCULAR,PERFECT_EXT,UNAMBIGUOUS_BP"
"1637","12",107451469,107451627,"hsa_circ_008667",3,"-",2,3,35,40,"my_test_sample",3,0,0,1,"GTAG",NA,"ANCHOR_UNIQUE,CANONICAL,CIRCULAR,PERFECT_EXT,UNAMBIGUOUS_BP"
"1638","19",21931546,21931773,"hsa_circ_008668",2,"+",2,2,5,40,"my_test_sample",2,0,0,1,"GTAG",NA,"ANCHOR_UNIQUE,CANONICAL,CIRCULAR,PERFECT_EXT,UNAMBIGUOUS_BP"
"1639","X",1403788,1403946,"hsa_circ_008670",2,"+",2,1,5,5,"my_test_sample",2,0,0,1,"GTAG",NA,"ANCHOR_UNIQUE,CANONICAL,CIRCULAR,PERFECT_EXT,UNAMBIGUOUS_BP"
"1640","10",69552081,69552253,"hsa_circ_008677",3,"+",1,3,40,40,"my_test_sample",3,0,0,1,"GTAG",NA,"ANCHOR_UNIQUE,CANONICAL,CIRCULAR,PERFECT_EXT,UNAMBIGUOUS_BP"
"1641","7",30139791,30139945,"hsa_circ_008678",2,"+",1,2,40,5,"my_test_sample",2,0,0,1,"GTAG",NA,"ANCHOR_UNIQUE,CANONICAL,CIRCULAR,PERFECT_EXT,UNAMBIGUOUS_BP"
"1642","X",104250544,104250697,"hsa_circ_008680",3,"+",2,3,40,5,"my_test_sample",3,1,0,1,"GTAG",NA,"ANCHOR_UNIQUE,CANONICAL,CIRCULAR,GOOD_EXT,UNAMBIGUOUS_BP"
"1643","6",15642397,15642607,"hsa_circ_008683",2,"-",2,1,5,5,"my_test_sample",2,0,0,1,"GTAG",NA,"ANCHOR_UNIQUE,CANONICAL,CIRCULAR,PERFECT_EXT,UNAMBIGUOUS_BP"
"1644","19",20866913,20867065,"hsa_circ_008692",2,"-",1,2,5,4,"my_test_sample",2,1,0,1,"GTAG",NA,"ANCHOR_UNIQUE,CANONICAL,CIRCULAR,GOOD_EXT,UNAMBIGUOUS_BP"
"1645","7",25960744,25960929,"hsa_circ_008701",2,"-",1,2,5,5,"my_test_sample",2,2,0,1,"GTAG",NA,"ANCHOR_UNIQUE,CANONICAL,CIRCULAR,OK_EXT,UNAMBIGUOUS_BP"
"1646","19",20906394,20906546,"hsa_circ_008704",2,"-",2,1,5,5,"my_test_sample",2,0,0,1,"GTAG",NA,"ANCHOR_UNIQUE,CANONICAL,CIRCULAR,PERFECT_EXT,UNAMBIGUOUS_BP"
"1647","9",120384422,120384602,"hsa_circ_008713",2,"-",1,2,5,40,"my_test_sample",2,2,0,1,"GTAG",NA,"ANCHOR_UNIQUE,CANONICAL,CIRCULAR,OK_EXT,UNAMBIGUOUS_BP"
"1648","3",183447428,183447619,"hsa_circ_008716",2,"+",2,2,5,40,"my_test_sample",2,0,0,1,"GTAG",NA,"ANCHOR_UNIQUE,CANONICAL,CIRCULAR,PERFECT_EXT,UNAMBIGUOUS_BP"
"1649","11",2216795,2216964,"hsa_circ_008719",2,"+",1,2,5,5,"my_test_sample",2,0,0,1,"GTAG",NA,"ANCHOR_UNIQUE,CANONICAL,CIRCULAR,PERFECT_EXT,UNAMBIGUOUS_BP"
"1650","8",52592526,52592684,"hsa_circ_008721",2,"-",1,2,40,40,"my_test_sample",2,0,0,1,"GTAG",NA,"ANCHOR_UNIQUE,CANONICAL,CIRCULAR,PERFECT_EXT,UNAMBIGUOUS_BP"
"1651","19",20897914,20898066,"hsa_circ_008736",2,"-",1,2,40,5,"my_test_sample",2,1,0,1,"GTAG",NA,"ANCHOR_UNIQUE,CANONICAL,CIRCULAR,GOOD_EXT,UNAMBIGUOUS_BP"
"1652","11",44779756,44779920,"hsa_circ_008741",2,"-",2,2,40,40,"my_test_sample",2,1,0,1,"GTAG",NA,"ANCHOR_UNIQUE,CANONICAL,CIRCULAR,GOOD_EXT,UNAMBIGUOUS_BP"
"1653","18",79200715,79200780,"hsa_circ_008747",2,"+",2,1,37,37,"my_test_sample",2,1,0,1,"GTAG",NA,"ANCHOR_UNIQUE,CANONICAL,CIRCULAR,GOOD_EXT,UNAMBIGUOUS_BP"
"1654","7",92773403,92773602,"hsa_circ_008751",2,"-",1,2,40,40,"my_test_sample",2,0,0,1,"GTAG",NA,"ANCHOR_UNIQUE,CANONICAL,CIRCULAR,PERFECT_EXT,UNAMBIGUOUS_BP"
"1655","7",4021923,4022107,"hsa_circ_008752",2,"+",1,2,5,5,"my_test_sample",2,0,0,1,"GTAG",NA,"ANCHOR_UNIQUE,CANONICAL,CIRCULAR,PERFECT_EXT,UNAMBIGUOUS_BP"
"1656","22",36872362,36872724,"hsa_circ_008753",2,"+",2,2,4,5,"my_test_sample",2,2,0,1,"GTAG",NA,"ANCHOR_UNIQUE,CANONICAL,CIRCULAR,OK_EXT,UNAMBIGUOUS_BP"
"1657","1",184289955,184290174,"hsa_circ_008754",3,"+",1,3,5,5,"my_test_sample",3,1,0,1,"GTAG",NA,"ANCHOR_UNIQUE,CANONICAL,CIRCULAR,GOOD_EXT,UNAMBIGUOUS_BP"
"1658","20",33038182,33038346,"hsa_circ_008758",5,"-",3,5,40,40,"my_test_sample",5,0,0,1,"GTAG",NA,"ANCHOR_UNIQUE,CANONICAL,CIRCULAR,PERFECT_EXT,UNAMBIGUOUS_BP"
"1659","22",47996639,47996808,"hsa_circ_008759",2,"-",1,2,5,5,"my_test_sample",2,0,0,1,"GTAG",NA,"ANCHOR_UNIQUE,CANONICAL,CIRCULAR,PERFECT_EXT,UNAMBIGUOUS_BP"
"1660","10",79113540,79113703,"hsa_circ_008765",2,"-",1,2,40,5,"my_test_sample",2,1,0,1,"GTAG",NA,"ANCHOR_UNIQUE,CANONICAL,CIRCULAR,GOOD_EXT,UNAMBIGUOUS_BP"
"1661","5",140369091,140369770,"hsa_circ_008766",2,"+",1,2,5,40,"my_test_sample",2,1,0,1,"GTAG",NA,"ANCHOR_UNIQUE,CANONICAL,CIRCULAR,GOOD_EXT,UNAMBIGUOUS_BP"
"1662","4",15918661,15918836,"hsa_circ_008767",2,"-",1,2,40,5,"my_test_sample",2,2,0,1,"GTAG",NA,"ANCHOR_UNIQUE,CANONICAL,CIRCULAR,OK_EXT,UNAMBIGUOUS_BP"
"1663","7",55406846,55407048,"hsa_circ_008773",2,"-",1,2,40,40,"my_test_sample",2,1,0,1,"GTAG",NA,"ANCHOR_UNIQUE,CANONICAL,CIRCULAR,GOOD_EXT,UNAMBIGUOUS_BP"
"1664","7",45685727,45685961,"hsa_circ_008774",2,"+",1,2,5,40,"my_test_sample",2,0,0,1,"GTAG",NA,"ANCHOR_UNIQUE,CANONICAL,CIRCULAR,PERFECT_EXT,UNAMBIGUOUS_BP"
"1665","3",160095258,160095495,"hsa_circ_008784",2,"-",2,2,5,37,"my_test_sample",2,1,0,1,"GTAG",NA,"ANCHOR_UNIQUE,CANONICAL,CIRCULAR,GOOD_EXT,UNAMBIGUOUS_BP"
"1666","19",20898459,20898684,"hsa_circ_008793",2,"-",1,2,5,40,"my_test_sample",2,1,0,1,"GTAG",NA,"ANCHOR_UNIQUE,CANONICAL,CIRCULAR,GOOD_EXT,UNAMBIGUOUS_BP"
"1667","5",161567510,161567699,"hsa_circ_008801",2,"+",1,2,4,40,"my_test_sample",2,1,0,1,"GTAG",NA,"ANCHOR_UNIQUE,CANONICAL,CIRCULAR,GOOD_EXT,UNAMBIGUOUS_BP"
"1668","6",169984584,169984736,"hsa_circ_008803",4,"-",2,4,5,40,"my_test_sample",4,1,0,1,"GTAG",NA,"ANCHOR_UNIQUE,CANONICAL,CIRCULAR,GOOD_EXT,UNAMBIGUOUS_BP"
"1669","11",45554442,45554686,"hsa_circ_008809",2,"+",1,2,35,5,"my_test_sample",2,1,0,1,"GTAG",NA,"ANCHOR_UNIQUE,CANONICAL,CIRCULAR,GOOD_EXT,UNAMBIGUOUS_BP"
"1670","7",46662278,46662477,"hsa_circ_008816",2,"-",1,2,5,40,"my_test_sample",2,0,0,1,"GTAG",NA,"ANCHOR_UNIQUE,CANONICAL,CIRCULAR,PERFECT_EXT,UNAMBIGUOUS_BP"
"1671","11",86300672,86300825,"hsa_circ_008821",2,"+",1,2,5,40,"my_test_sample",2,0,0,1,"GTAG",NA,"ANCHOR_UNIQUE,CANONICAL,CIRCULAR,PERFECT_EXT,UNAMBIGUOUS_BP"
"1672","15",101354161,101354339,"hsa_circ_008822",2,"-",1,2,5,5,"my_test_sample",2,1,0,1,"GTAG",NA,"ANCHOR_UNIQUE,CANONICAL,CIRCULAR,GOOD_EXT,UNAMBIGUOUS_BP"
"1673","19",44870073,44870234,"hsa_circ_008824",2,"+",1,2,40,40,"my_test_sample",2,1,0,1,"GTAG",NA,"ANCHOR_UNIQUE,CANONICAL,CIRCULAR,GOOD_EXT,UNAMBIGUOUS_BP"
"1674","22",47005359,47005526,"hsa_circ_008830",2,"-",1,2,5,5,"my_test_sample",2,0,0,1,"GTAG",NA,"ANCHOR_UNIQUE,CANONICAL,CIRCULAR,PERFECT_EXT,UNAMBIGUOUS_BP"
"1675","1",54836670,54836884,"hsa_circ_008832",2,"+",1,2,5,40,"my_test_sample",2,0,0,1,"GTAG",NA,"ANCHOR_UNIQUE,CANONICAL,CIRCULAR,PERFECT_EXT,UNAMBIGUOUS_BP"
"1676","1",106003280,106003430,"hsa_circ_008842",3,"+",2,3,40,5,"my_test_sample",3,2,0,1,"GTAG",NA,"ANCHOR_UNIQUE,CANONICAL,CIRCULAR,OK_EXT,UNAMBIGUOUS_BP"
"1677","7",50211702,50211862,"hsa_circ_008845",2,"+",2,2,40,5,"my_test_sample",2,0,0,1,"GTAG",NA,"ANCHOR_UNIQUE,CANONICAL,CIRCULAR,PERFECT_EXT,UNAMBIGUOUS_BP"
"1678","8",70425508,70425679,"hsa_circ_008847",4,"-",3,4,5,5,"my_test_sample",4,1,0,1,"GTAG",NA,"ANCHOR_UNIQUE,CANONICAL,CIRCULAR,GOOD_EXT,UNAMBIGUOUS_BP"
"1679","1",17351872,17351974,"hsa_circ_008852",5,"+",3,3,5,5,"my_test_sample",5,2,0,1,"GTAG",NA,"ANCHOR_UNIQUE,CANONICAL,CIRCULAR,OK_EXT,UNAMBIGUOUS_BP"
"1680","5",110361536,110361767,"hsa_circ_008853",2,"+",1,2,40,40,"my_test_sample",2,1,0,1,"GTAG",NA,"ANCHOR_UNIQUE,CANONICAL,CIRCULAR,GOOD_EXT,UNAMBIGUOUS_BP"
"1681","6",33805285,33805439,"hsa_circ_008854",2,"-",1,2,40,3,"my_test_sample",2,1,0,1,"GTAG",NA,"ANCHOR_UNIQUE,CANONICAL,CIRCULAR,GOOD_EXT,UNAMBIGUOUS_BP"
"1682","7",70090451,70090724,"hsa_circ_008858",2,"-",1,2,5,4,"my_test_sample",2,0,0,1,"GTAG",NA,"ANCHOR_UNIQUE,CANONICAL,CIRCULAR,PERFECT_EXT,UNAMBIGUOUS_BP"
"1683","3",62451692,62451939,"hsa_circ_008860",2,"+",1,2,40,40,"my_test_sample",2,0,0,1,"GTAG",NA,"ANCHOR_UNIQUE,CANONICAL,CIRCULAR,PERFECT_EXT,UNAMBIGUOUS_BP"
"1684","1",71023861,71024109,"hsa_circ_008862",3,"-",2,3,40,5,"my_test_sample",3,1,0,1,"GTAG",NA,"ANCHOR_UNIQUE,CANONICAL,CIRCULAR,GOOD_EXT,UNAMBIGUOUS_BP"
"1685","2",181165068,181165348,"hsa_circ_008863",2,"+",1,2,5,40,"my_test_sample",2,0,0,1,"GTAG",NA,"ANCHOR_UNIQUE,CANONICAL,CIRCULAR,PERFECT_EXT,UNAMBIGUOUS_BP"
"1686","6",65102987,65103196,"hsa_circ_008865",2,"+",1,2,40,5,"my_test_sample",2,0,0,1,"GTAG",NA,"ANCHOR_UNIQUE,CANONICAL,CIRCULAR,PERFECT_EXT,UNAMBIGUOUS_BP"
"1687","19",42144834,42144995,"hsa_circ_008866",2,"+",1,2,40,5,"my_test_sample",2,2,0,1,"GTAG",NA,"ANCHOR_UNIQUE,CANONICAL,CIRCULAR,OK_EXT,UNAMBIGUOUS_BP"
"1688","13",21339008,21339168,"hsa_circ_008868",2,"-",2,2,5,5,"my_test_sample",2,1,0,1,"GTAG",NA,"ANCHOR_UNIQUE,CANONICAL,CIRCULAR,GOOD_EXT,UNAMBIGUOUS_BP"
"1689","8",144020541,144021281,"hsa_circ_008872",2,"+",2,1,5,35,"my_test_sample",2,1,0,1,"GTAG",NA,"ANCHOR_UNIQUE,CANONICAL,CIRCULAR,GOOD_EXT,UNAMBIGUOUS_BP"
"1690","3",128658122,128658288,"hsa_circ_008874",2,"-",1,2,5,40,"my_test_sample",2,1,0,1,"GTAG",NA,"ANCHOR_UNIQUE,CANONICAL,CIRCULAR,GOOD_EXT,UNAMBIGUOUS_BP"
"1691","13",114066564,114066761,"hsa_circ_008875",2,"+",1,2,5,5,"my_test_sample",2,0,0,1,"GTAG",NA,"ANCHOR_UNIQUE,CANONICAL,CIRCULAR,PERFECT_EXT,UNAMBIGUOUS_BP"
"1692","X",53211841,53212010,"hsa_circ_008877",2,"+",2,1,40,5,"my_test_sample",2,1,0,1,"GTAG",NA,"ANCHOR_UNIQUE,CANONICAL,CIRCULAR,GOOD_EXT,UNAMBIGUOUS_BP"
"1693","15",45792660,45792859,"hsa_circ_008882",2,"+",1,2,40,5,"my_test_sample",2,0,0,1,"GTAG",NA,"ANCHOR_UNIQUE,CANONICAL,CIRCULAR,PERFECT_EXT,UNAMBIGUOUS_BP"
"1694","18",79917902,79918073,"hsa_circ_008884",2,"-",2,2,40,40,"my_test_sample",2,0,0,1,"GTAG",NA,"ANCHOR_UNIQUE,CANONICAL,CIRCULAR,PERFECT_EXT,UNAMBIGUOUS_BP"
"1695","X",74086695,74086887,"hsa_circ_008888",2,"-",2,2,40,40,"my_test_sample",2,0,0,1,"GTAG",NA,"ANCHOR_UNIQUE,CANONICAL,CIRCULAR,PERFECT_EXT,UNAMBIGUOUS_BP"
"1696","6",169808144,169808465,"hsa_circ_008892",2,"-",2,2,5,5,"my_test_sample",2,0,0,1,"GTAG",NA,"ANCHOR_UNIQUE,CANONICAL,CIRCULAR,PERFECT_EXT,UNAMBIGUOUS_BP"
"1697","11",72370727,72370882,"hsa_circ_008893",2,"-",1,2,5,5,"my_test_sample",2,1,0,1,"GTAG",NA,"ANCHOR_UNIQUE,CANONICAL,CIRCULAR,GOOD_EXT,UNAMBIGUOUS_BP"
"1698","14",47691147,47691303,"hsa_circ_008903",3,"-",1,3,5,5,"my_test_sample",3,2,0,1,"GTAG",NA,"ANCHOR_UNIQUE,CANONICAL,CIRCULAR,OK_EXT,UNAMBIGUOUS_BP"
"1699","15",76997831,76998006,"hsa_circ_008906",3,"+",2,3,5,40,"my_test_sample",3,0,0,1,"GTAG",NA,"ANCHOR_UNIQUE,CANONICAL,CIRCULAR,PERFECT_EXT,UNAMBIGUOUS_BP"
"1700","9",131468080,131468240,"hsa_circ_008912",2,"+",2,2,40,5,"my_test_sample",2,0,0,1,"GTAG",NA,"ANCHOR_UNIQUE,CANONICAL,CIRCULAR,PERFECT_EXT,UNAMBIGUOUS_BP"
"1701","3",175955745,175955938,"hsa_circ_008930",2,"+",1,2,5,5,"my_test_sample",2,2,0,1,"GTAG",NA,"ANCHOR_UNIQUE,CANONICAL,CIRCULAR,OK_EXT,UNAMBIGUOUS_BP"
"1702","13",34554384,34554552,"hsa_circ_008933",2,"-",2,2,5,40,"my_test_sample",2,1,0,1,"GTAG",NA,"ANCHOR_UNIQUE,CANONICAL,CIRCULAR,GOOD_EXT,UNAMBIGUOUS_BP"
"1703","1",248702872,248703037,"hsa_circ_008938",3,"-",1,3,40,5,"my_test_sample",3,2,0,1,"GTAG",NA,"ANCHOR_UNIQUE,CANONICAL,CIRCULAR,OK_EXT,UNAMBIGUOUS_BP"
"1704","7",155277003,155277217,"hsa_circ_008943",2,"+",2,2,40,40,"my_test_sample",2,0,0,1,"GTAG",NA,"ANCHOR_UNIQUE,CANONICAL,CIRCULAR,PERFECT_EXT,UNAMBIGUOUS_BP"
"1705","22",48886977,48887132,"hsa_circ_008946",2,"-",1,2,40,40,"my_test_sample",2,0,0,1,"GTAG",NA,"ANCHOR_UNIQUE,CANONICAL,CIRCULAR,PERFECT_EXT,UNAMBIGUOUS_BP"
"1706","13",61407215,61407404,"hsa_circ_008951",3,"-",2,2,40,5,"my_test_sample",3,1,0,1,"GTAG",NA,"ANCHOR_UNIQUE,CANONICAL,CIRCULAR,GOOD_EXT,UNAMBIGUOUS_BP"
"1707","X",150204692,150204939,"hsa_circ_008956",2,"-",2,2,5,5,"my_test_sample",2,1,0,1,"GTAG",NA,"ANCHOR_UNIQUE,CANONICAL,CIRCULAR,GOOD_EXT,UNAMBIGUOUS_BP"
"1708","2",7551402,7551559,"hsa_circ_008960",2,"-",1,2,40,5,"my_test_sample",2,0,0,1,"GTAG",NA,"ANCHOR_UNIQUE,CANONICAL,CIRCULAR,PERFECT_EXT,UNAMBIGUOUS_BP"
"1709","9",114081553,114081749,"hsa_circ_008963",2,"+",2,2,5,5,"my_test_sample",2,0,0,1,"GTAG",NA,"ANCHOR_UNIQUE,CANONICAL,CIRCULAR,PERFECT_EXT,UNAMBIGUOUS_BP"
"1710","4",6831785,6831971,"hsa_circ_008968",2,"-",1,2,5,5,"my_test_sample",2,0,0,1,"GTAG",NA,"ANCHOR_UNIQUE,CANONICAL,CIRCULAR,PERFECT_EXT,UNAMBIGUOUS_BP"
"1711","20",16385312,16385468,"hsa_circ_008969",2,"+",1,2,40,5,"my_test_sample",2,0,0,1,"GTAG",NA,"ANCHOR_UNIQUE,CANONICAL,CIRCULAR,PERFECT_EXT,UNAMBIGUOUS_BP"
"1712","16",66379633,66379789,"hsa_circ_008975",2,"+",2,2,40,40,"my_test_sample",2,0,0,1,"GTAG",NA,"ANCHOR_UNIQUE,CANONICAL,CIRCULAR,PERFECT_EXT,UNAMBIGUOUS_BP"
"1713","17",36667044,36667290,"hsa_circ_008977",3,"+",1,3,5,5,"my_test_sample",3,2,0,1,"GTAG",NA,"ANCHOR_UNIQUE,CANONICAL,CIRCULAR,OK_EXT,UNAMBIGUOUS_BP"
"1714","2",135022407,135022560,"hsa_circ_008979",2,"+",2,2,40,40,"my_test_sample",2,0,0,1,"GTAG",NA,"ANCHOR_UNIQUE,CANONICAL,CIRCULAR,PERFECT_EXT,UNAMBIGUOUS_BP"
"1715","15",66599884,66600049,"hsa_circ_008981",2,"-",1,2,5,5,"my_test_sample",2,0,0,1,"GTAG",NA,"ANCHOR_UNIQUE,CANONICAL,CIRCULAR,PERFECT_EXT,UNAMBIGUOUS_BP"
"1716","2",134103555,134103726,"hsa_circ_008989",2,"+",2,2,5,40,"my_test_sample",2,1,0,1,"GTAG",NA,"ANCHOR_UNIQUE,CANONICAL,CIRCULAR,GOOD_EXT,UNAMBIGUOUS_BP"
"1717","11",71064179,71064347,"hsa_circ_009003",2,"-",1,2,40,5,"my_test_sample",2,1,0,1,"GTAG",NA,"ANCHOR_UNIQUE,CANONICAL,CIRCULAR,GOOD_EXT,UNAMBIGUOUS_BP"
"1718","3",157167204,157167389,"hsa_circ_009007",2,"-",1,2,40,40,"my_test_sample",2,2,0,1,"GTAG",NA,"ANCHOR_UNIQUE,CANONICAL,CIRCULAR,OK_EXT,UNAMBIGUOUS_BP"
"1719","21",10722795,10722954,"hsa_circ_009008",2,"-",2,1,5,3,"my_test_sample",2,2,0,1,"GTAG",NA,"ANCHOR_UNIQUE,CANONICAL,CIRCULAR,OK_EXT,UNAMBIGUOUS_BP"
"1720","20",62191457,62191634,"hsa_circ_009011",2,"+",2,2,40,5,"my_test_sample",2,1,0,1,"GTAG",NA,"ANCHOR_UNIQUE,CANONICAL,CIRCULAR,GOOD_EXT,UNAMBIGUOUS_BP"
"1721","16",57759384,57759591,"hsa_circ_009018",2,"+",2,2,40,40,"my_test_sample",2,0,0,1,"GTAG",NA,"ANCHOR_UNIQUE,CANONICAL,CIRCULAR,PERFECT_EXT,UNAMBIGUOUS_BP"
"1722","7",101998948,101999112,"hsa_circ_009020",2,"-",1,2,5,5,"my_test_sample",2,1,0,1,"GTAG",NA,"ANCHOR_UNIQUE,CANONICAL,CIRCULAR,GOOD_EXT,UNAMBIGUOUS_BP"
"1723","7",129862465,129862634,"hsa_circ_009033",2,"+",1,2,40,40,"my_test_sample",2,0,0,1,"GTAG",NA,"ANCHOR_UNIQUE,CANONICAL,CIRCULAR,PERFECT_EXT,UNAMBIGUOUS_BP"
"1724","5",35764381,35764544,"hsa_circ_009037",2,"-",1,2,40,40,"my_test_sample",2,2,0,1,"GTAG",NA,"ANCHOR_UNIQUE,CANONICAL,CIRCULAR,OK_EXT,UNAMBIGUOUS_BP"
"1725","1",7408647,7408807,"hsa_circ_009038",2,"+",2,2,5,40,"my_test_sample",2,1,0,1,"GTAG",NA,"ANCHOR_UNIQUE,CANONICAL,CIRCULAR,GOOD_EXT,UNAMBIGUOUS_BP"
"1726","X",68937657,68937807,"hsa_circ_009040",2,"+",1,2,5,40,"my_test_sample",2,2,0,1,"GTAG",NA,"ANCHOR_UNIQUE,CANONICAL,CIRCULAR,OK_EXT,UNAMBIGUOUS_BP"
"1727","6",103490763,103490921,"hsa_circ_009043",3,"+",1,3,40,5,"my_test_sample",3,1,0,1,"GTAG",NA,"ANCHOR_UNIQUE,CANONICAL,CIRCULAR,GOOD_EXT,UNAMBIGUOUS_BP"
"1728","4",104832931,104833157,"hsa_circ_009044",2,"+",1,2,5,5,"my_test_sample",2,1,0,1,"GTAG",NA,"ANCHOR_UNIQUE,CANONICAL,CIRCULAR,GOOD_EXT,UNAMBIGUOUS_BP"
"1729","15",66054132,66054358,"hsa_circ_009047",2,"+",1,2,5,5,"my_test_sample",2,1,0,1,"GTAG",NA,"ANCHOR_UNIQUE,CANONICAL,CIRCULAR,GOOD_EXT,UNAMBIGUOUS_BP"
"1730","3",44014988,44015346,"hsa_circ_009054",2,"-",2,2,40,5,"my_test_sample",2,1,0,1,"GTAG",NA,"ANCHOR_UNIQUE,CANONICAL,CIRCULAR,GOOD_EXT,UNAMBIGUOUS_BP"
"1731","5",160198651,160198811,"hsa_circ_009058",2,"-",1,2,5,40,"my_test_sample",2,2,0,1,"GTAG",NA,"ANCHOR_UNIQUE,CANONICAL,CIRCULAR,OK_EXT,UNAMBIGUOUS_BP"
"1732","5",137773833,137774015,"hsa_circ_009070",2,"+",2,2,40,40,"my_test_sample",2,0,0,1,"GTAG",NA,"ANCHOR_UNIQUE,CANONICAL,CIRCULAR,PERFECT_EXT,UNAMBIGUOUS_BP"
"1733","7",100410659,100410815,"hsa_circ_009074",2,"-",1,2,5,40,"my_test_sample",2,2,0,1,"GTAG",NA,"ANCHOR_UNIQUE,CANONICAL,CIRCULAR,OK_EXT,UNAMBIGUOUS_BP"
"1734","20",51670345,51670540,"hsa_circ_009075",2,"+",1,2,5,40,"my_test_sample",2,0,0,1,"GTAG",NA,"ANCHOR_UNIQUE,CANONICAL,CIRCULAR,PERFECT_EXT,UNAMBIGUOUS_BP"
"1735","1",228072168,228072336,"hsa_circ_009078",3,"+",2,3,40,5,"my_test_sample",3,0,0,1,"GTAG",NA,"ANCHOR_UNIQUE,CANONICAL,CIRCULAR,PERFECT_EXT,UNAMBIGUOUS_BP"
"1736","2",11596521,11596672,"hsa_circ_009080",2,"+",1,2,40,40,"my_test_sample",2,1,0,1,"GTAG",NA,"ANCHOR_UNIQUE,CANONICAL,CIRCULAR,GOOD_EXT,UNAMBIGUOUS_BP"
"1737","12",104140957,104141112,"hsa_circ_009085",2,"+",1,2,40,5,"my_test_sample",2,0,0,1,"GTAG",NA,"ANCHOR_UNIQUE,CANONICAL,CIRCULAR,PERFECT_EXT,UNAMBIGUOUS_BP"
"1738","6",62189744,62189947,"hsa_circ_009092",2,"+",1,2,40,40,"my_test_sample",2,0,0,1,"GTAG",NA,"ANCHOR_UNIQUE,CANONICAL,CIRCULAR,PERFECT_EXT,UNAMBIGUOUS_BP"
"1739","19",35746814,35746965,"hsa_circ_009100",3,"-",2,3,35,5,"my_test_sample",3,1,0,1,"GTAG",NA,"ANCHOR_UNIQUE,CANONICAL,CIRCULAR,GOOD_EXT,UNAMBIGUOUS_BP"
"1740","5",142035006,142035278,"hsa_circ_009115",2,"-",2,2,40,40,"my_test_sample",2,0,0,1,"GTAG",NA,"ANCHOR_UNIQUE,CANONICAL,CIRCULAR,PERFECT_EXT,UNAMBIGUOUS_BP"
"1741","X",118571865,118572021,"hsa_circ_009116",3,"+",1,3,40,5,"my_test_sample",3,1,0,1,"GTAG",NA,"ANCHOR_UNIQUE,CANONICAL,CIRCULAR,GOOD_EXT,UNAMBIGUOUS_BP"
"1742","X",121373748,121373909,"hsa_circ_009119",2,"+",1,2,40,40,"my_test_sample",2,0,0,1,"GTAG",NA,"ANCHOR_UNIQUE,CANONICAL,CIRCULAR,PERFECT_EXT,UNAMBIGUOUS_BP"
"1743","13",44586224,44586413,"hsa_circ_009135",2,"-",2,2,5,40,"my_test_sample",2,2,0,1,"GTAG",NA,"ANCHOR_UNIQUE,CANONICAL,CIRCULAR,OK_EXT,UNAMBIGUOUS_BP"
"1744","1",29283081,29283272,"hsa_circ_009147",2,"-",2,2,40,5,"my_test_sample",2,0,0,1,"GTAG",NA,"ANCHOR_UNIQUE,CANONICAL,CIRCULAR,PERFECT_EXT,UNAMBIGUOUS_BP"
"1745","X",86975621,86975802,"hsa_circ_009148",2,"-",1,2,5,5,"my_test_sample",2,0,0,1,"GTAG",NA,"ANCHOR_UNIQUE,CANONICAL,CIRCULAR,PERFECT_EXT,UNAMBIGUOUS_BP"
"1746","3",76018725,76018995,"hsa_circ_009149",2,"+",1,2,5,5,"my_test_sample",2,0,0,1,"GTAG",NA,"ANCHOR_UNIQUE,CANONICAL,CIRCULAR,PERFECT_EXT,UNAMBIGUOUS_BP"
"1747","20",46724459,46724609,"hsa_circ_009159",2,"+",1,2,5,5,"my_test_sample",2,0,0,1,"GTAG",NA,"ANCHOR_UNIQUE,CANONICAL,CIRCULAR,PERFECT_EXT,UNAMBIGUOUS_BP"
"1748","14",100549008,100549161,"hsa_circ_009169",2,"-",1,2,5,40,"my_test_sample",2,1,0,1,"GTAG",NA,"ANCHOR_UNIQUE,CANONICAL,CIRCULAR,GOOD_EXT,UNAMBIGUOUS_BP"
"1749","5",141029159,141029331,"hsa_circ_009170",2,"-",2,2,40,5,"my_test_sample",2,1,0,1,"GTAG",NA,"ANCHOR_UNIQUE,CANONICAL,CIRCULAR,GOOD_EXT,UNAMBIGUOUS_BP"
"1750","16",5725696,5725851,"hsa_circ_009172",2,"-",1,2,5,40,"my_test_sample",2,0,0,1,"GTAG",NA,"ANCHOR_UNIQUE,CANONICAL,CIRCULAR,PERFECT_EXT,UNAMBIGUOUS_BP"
"1751","12",112297092,112297303,"hsa_circ_009175",2,"+",2,2,5,40,"my_test_sample",2,2,0,1,"GTAG",NA,"ANCHOR_UNIQUE,CANONICAL,CIRCULAR,OK_EXT,UNAMBIGUOUS_BP"
"1752","12",31002484,31002666,"hsa_circ_009180",3,"-",1,3,5,5,"my_test_sample",3,2,0,1,"GTAG",NA,"ANCHOR_UNIQUE,CANONICAL,CIRCULAR,OK_EXT,UNAMBIGUOUS_BP"
"1753","1",94197182,94197423,"hsa_circ_009182",3,"+",1,3,5,35,"my_test_sample",3,1,0,1,"GTAG",NA,"ANCHOR_UNIQUE,CANONICAL,CIRCULAR,GOOD_EXT,UNAMBIGUOUS_BP"
"1754","1",10662384,10662555,"hsa_circ_009184",2,"-",1,2,40,40,"my_test_sample",2,1,0,1,"GTAG",NA,"ANCHOR_UNIQUE,CANONICAL,CIRCULAR,GOOD_EXT,UNAMBIGUOUS_BP"
"1755","5",68380361,68380525,"hsa_circ_009185",4,"-",2,4,5,40,"my_test_sample",4,0,0,1,"GTAG",NA,"ANCHOR_UNIQUE,CANONICAL,CIRCULAR,PERFECT_EXT,UNAMBIGUOUS_BP"
"1756","2",59945051,59945250,"hsa_circ_009192",2,"-",2,2,5,37,"my_test_sample",2,0,0,1,"GTAG",NA,"ANCHOR_UNIQUE,CANONICAL,CIRCULAR,PERFECT_EXT,UNAMBIGUOUS_BP"
"1757","4",6865759,6865918,"hsa_circ_009193",2,"-",1,2,5,5,"my_test_sample",2,0,0,1,"GTAG",NA,"ANCHOR_UNIQUE,CANONICAL,CIRCULAR,PERFECT_EXT,UNAMBIGUOUS_BP"
"1758","18",64381139,64381300,"hsa_circ_009196",2,"+",1,2,40,40,"my_test_sample",2,1,0,1,"GTAG",NA,"ANCHOR_UNIQUE,CANONICAL,CIRCULAR,GOOD_EXT,UNAMBIGUOUS_BP"
"1759","17",4535684,4535837,"hsa_circ_009203",5,"+",1,5,5,5,"my_test_sample",5,2,2,1,"GTAG",NA,"ANCHOR_UNIQUE,CANONICAL,CIRCULAR,OK_EXT,UNAMBIGUOUS_BP"
"1760","11",74938766,74938923,"hsa_circ_009209",2,"+",1,2,5,5,"my_test_sample",2,2,0,1,"GTAG",NA,"ANCHOR_UNIQUE,CANONICAL,CIRCULAR,OK_EXT,UNAMBIGUOUS_BP"
"1761","8",116065357,116065610,"hsa_circ_009213",2,"+",1,2,40,5,"my_test_sample",2,1,0,1,"GTAG",NA,"ANCHOR_UNIQUE,CANONICAL,CIRCULAR,GOOD_EXT,UNAMBIGUOUS_BP"
"1762","16",8676317,8676479,"hsa_circ_009217",3,"+",2,3,5,40,"my_test_sample",3,1,0,1,"GTAG",NA,"ANCHOR_UNIQUE,CANONICAL,CIRCULAR,GOOD_EXT,UNAMBIGUOUS_BP"
"1763","6",142976319,142976471,"hsa_circ_009220",2,"+",1,2,5,40,"my_test_sample",2,1,0,1,"GTAG",NA,"ANCHOR_UNIQUE,CANONICAL,CIRCULAR,GOOD_EXT,UNAMBIGUOUS_BP"
"1764","7",3152286,3152448,"hsa_circ_009225",2,"+",1,2,40,5,"my_test_sample",2,0,0,1,"GTAG",NA,"ANCHOR_UNIQUE,CANONICAL,CIRCULAR,PERFECT_EXT,UNAMBIGUOUS_BP"
"1765","8",69074563,69074727,"hsa_circ_009240",2,"+",2,2,3,5,"my_test_sample",2,0,0,1,"GTAG",NA,"ANCHOR_UNIQUE,CANONICAL,CIRCULAR,PERFECT_EXT,UNAMBIGUOUS_BP"
"1766","17",578712,578874,"hsa_circ_009250",3,"-",2,3,40,5,"my_test_sample",3,1,0,1,"GTAG",NA,"ANCHOR_UNIQUE,CANONICAL,CIRCULAR,GOOD_EXT,UNAMBIGUOUS_BP"
"1767","13",74363018,74363178,"hsa_circ_009259",3,"-",2,3,5,40,"my_test_sample",3,1,0,1,"GTAG",NA,"ANCHOR_UNIQUE,CANONICAL,CIRCULAR,GOOD_EXT,UNAMBIGUOUS_BP"
"1768","5",175012550,175012704,"hsa_circ_009270",2,"-",1,2,40,40,"my_test_sample",2,0,0,1,"GTAG",NA,"ANCHOR_UNIQUE,CANONICAL,CIRCULAR,PERFECT_EXT,UNAMBIGUOUS_BP"
"1769","2",241711285,241711452,"hsa_circ_009272",2,"+",1,2,40,5,"my_test_sample",2,2,0,1,"GTAG",NA,"ANCHOR_UNIQUE,CANONICAL,CIRCULAR,OK_EXT,UNAMBIGUOUS_BP"
"1770","14",22458632,22458812,"hsa_circ_009279",2,"-",1,2,5,5,"my_test_sample",2,0,0,1,"GTAG",NA,"ANCHOR_UNIQUE,CANONICAL,CIRCULAR,PERFECT_EXT,UNAMBIGUOUS_BP"
"1771","5",1665712,1665922,"hsa_circ_009280",2,"+",1,2,5,5,"my_test_sample",2,0,0,1,"GTAG",NA,"ANCHOR_UNIQUE,CANONICAL,CIRCULAR,PERFECT_EXT,UNAMBIGUOUS_BP"
"1772","2",197168506,197168858,"hsa_circ_009281",3,"-",2,3,40,40,"my_test_sample",3,1,0,1,"GTAG",NA,"ANCHOR_UNIQUE,CANONICAL,CIRCULAR,GOOD_EXT,UNAMBIGUOUS_BP"
"1773","11",81085998,81086260,"hsa_circ_009291",2,"+",1,2,40,5,"my_test_sample",2,1,0,1,"GTAG",NA,"ANCHOR_UNIQUE,CANONICAL,CIRCULAR,GOOD_EXT,UNAMBIGUOUS_BP"
"1774","19",50678472,50678689,"hsa_circ_009297",2,"+",1,2,5,5,"my_test_sample",2,0,0,1,"GTAG",NA,"ANCHOR_UNIQUE,CANONICAL,CIRCULAR,PERFECT_EXT,UNAMBIGUOUS_BP"
"1775","7",109999552,109999913,"hsa_circ_009301",3,"+",1,3,40,5,"my_test_sample",3,2,0,1,"GTAG",NA,"ANCHOR_UNIQUE,CANONICAL,CIRCULAR,OK_EXT,UNAMBIGUOUS_BP"
"1776","3",18827828,18828079,"hsa_circ_009302",2,"+",1,2,5,40,"my_test_sample",2,1,0,1,"GTAG",NA,"ANCHOR_UNIQUE,CANONICAL,CIRCULAR,GOOD_EXT,UNAMBIGUOUS_BP"
"1777","16",68103247,68103420,"hsa_circ_009306",2,"+",1,2,5,5,"my_test_sample",2,0,0,1,"GTAG",NA,"ANCHOR_UNIQUE,CANONICAL,CIRCULAR,PERFECT_EXT,UNAMBIGUOUS_BP"
"1778","5",62851739,62851897,"hsa_circ_009310",2,"-",1,2,5,40,"my_test_sample",2,0,0,1,"GTAG",NA,"ANCHOR_UNIQUE,CANONICAL,CIRCULAR,PERFECT_EXT,UNAMBIGUOUS_BP"
"1779","X",99813505,99813702,"hsa_circ_009312",2,"-",1,2,40,5,"my_test_sample",2,1,0,1,"GTAG",NA,"ANCHOR_UNIQUE,CANONICAL,CIRCULAR,GOOD_EXT,UNAMBIGUOUS_BP"
"1780","X",131679061,131679239,"hsa_circ_009314",2,"-",2,1,40,2,"my_test_sample",2,0,0,1,"GTAG",NA,"ANCHOR_UNIQUE,CANONICAL,CIRCULAR,PERFECT_EXT,UNAMBIGUOUS_BP"
"1781","2",84946344,84946540,"hsa_circ_009319",2,"-",1,2,5,5,"my_test_sample",2,2,0,1,"GTAG",NA,"ANCHOR_UNIQUE,CANONICAL,CIRCULAR,OK_EXT,UNAMBIGUOUS_BP"
"1782","7",1235053,1235281,"hsa_circ_009320",3,"-",3,3,5,5,"my_test_sample",3,1,0,1,"GTAG",NA,"ANCHOR_UNIQUE,CANONICAL,CIRCULAR,GOOD_EXT,UNAMBIGUOUS_BP"
"1783","1",190460837,190461016,"hsa_circ_009321",2,"-",2,2,5,40,"my_test_sample",2,1,0,1,"GTAG",NA,"ANCHOR_UNIQUE,CANONICAL,CIRCULAR,GOOD_EXT,UNAMBIGUOUS_BP"
"1784","1",44618860,44619090,"hsa_circ_009325",3,"+",1,3,40,5,"my_test_sample",3,0,1,1,"GTAG",NA,"ANCHOR_UNIQUE,CANONICAL,CIRCULAR,GOOD_EXT,UNAMBIGUOUS_BP"
"1785","7",103915278,103915428,"hsa_circ_009327",3,"-",1,3,40,40,"my_test_sample",3,2,0,1,"GTAG",NA,"ANCHOR_UNIQUE,CANONICAL,CIRCULAR,OK_EXT,UNAMBIGUOUS_BP"
"1786","1",162263879,162264050,"hsa_circ_009335",3,"-",1,3,5,5,"my_test_sample",3,2,0,1,"GTAG",NA,"ANCHOR_UNIQUE,CANONICAL,CIRCULAR,OK_EXT,UNAMBIGUOUS_BP"
"1787","17",10477474,10477697,"hsa_circ_009336",2,"+",1,2,5,40,"my_test_sample",2,2,0,1,"GTAG",NA,"ANCHOR_UNIQUE,CANONICAL,CIRCULAR,OK_EXT,UNAMBIGUOUS_BP"
"1788","22",46317406,46317610,"hsa_circ_009350",2,"-",1,2,35,40,"my_test_sample",2,2,0,1,"GTAG",NA,"ANCHOR_UNIQUE,CANONICAL,CIRCULAR,OK_EXT,UNAMBIGUOUS_BP"
"1789","21",43300466,43300638,"hsa_circ_009357",2,"-",1,2,5,5,"my_test_sample",2,2,0,1,"GTAG",NA,"ANCHOR_UNIQUE,CANONICAL,CIRCULAR,OK_EXT,UNAMBIGUOUS_BP"
"1790","19",7643749,7643920,"hsa_circ_009361",2,"+",2,1,40,5,"my_test_sample",2,2,0,1,"GTAG",NA,"ANCHOR_UNIQUE,CANONICAL,CIRCULAR,OK_EXT,UNAMBIGUOUS_BP"
"1791","17",8144502,8144657,"hsa_circ_009364",2,"-",2,2,5,5,"my_test_sample",2,1,0,1,"GTAG",NA,"ANCHOR_UNIQUE,CANONICAL,CIRCULAR,GOOD_EXT,UNAMBIGUOUS_BP"
"1792","18",12088449,12088644,"hsa_circ_009366",2,"-",1,2,5,5,"my_test_sample",2,2,0,1,"GTAG",NA,"ANCHOR_UNIQUE,CANONICAL,CIRCULAR,OK_EXT,UNAMBIGUOUS_BP"
"1793","9",5020589,5020812,"hsa_circ_009367",2,"+",1,2,40,40,"my_test_sample",2,1,0,1,"GTAG",NA,"ANCHOR_UNIQUE,CANONICAL,CIRCULAR,GOOD_EXT,UNAMBIGUOUS_BP"
"1794","1",41011231,41011474,"hsa_circ_009369",2,"+",2,2,40,5,"my_test_sample",2,0,0,1,"GTAG",NA,"ANCHOR_UNIQUE,CANONICAL,CIRCULAR,PERFECT_EXT,UNAMBIGUOUS_BP"
"1795","20",19107545,19108414,"hsa_circ_009373",2,"+",1,2,40,5,"my_test_sample",2,0,0,1,"GTAG",NA,"ANCHOR_UNIQUE,CANONICAL,CIRCULAR,PERFECT_EXT,UNAMBIGUOUS_BP"
"1796","1",3124514,3124685,"hsa_circ_009378",3,"+",1,3,40,35,"my_test_sample",3,2,0,1,"GTAG",NA,"ANCHOR_UNIQUE,CANONICAL,CIRCULAR,OK_EXT,UNAMBIGUOUS_BP"
"1797","10",133338263,133338452,"hsa_circ_009379",2,"-",2,2,35,5,"my_test_sample",2,0,0,1,"GTAG",NA,"ANCHOR_UNIQUE,CANONICAL,CIRCULAR,PERFECT_EXT,UNAMBIGUOUS_BP"
"1798","1",158859200,158859396,"hsa_circ_009381",3,"-",1,3,5,5,"my_test_sample",3,2,0,1,"GTAG",NA,"ANCHOR_UNIQUE,CANONICAL,CIRCULAR,OK_EXT,UNAMBIGUOUS_BP"
"1799","2",219777441,219777611,"hsa_circ_009386",2,"+",1,2,5,5,"my_test_sample",2,0,0,1,"GTAG",NA,"ANCHOR_UNIQUE,CANONICAL,CIRCULAR,PERFECT_EXT,UNAMBIGUOUS_BP"
"1800","10",47187038,47187282,"hsa_circ_009398",2,"+",1,2,40,5,"my_test_sample",2,0,0,1,"GTAG",NA,"ANCHOR_UNIQUE,CANONICAL,CIRCULAR,PERFECT_EXT,UNAMBIGUOUS_BP"
"1801","X",68075084,68075251,"hsa_circ_009407",5,"+",1,5,5,5,"my_test_sample",5,2,0,1,"GTAG",NA,"ANCHOR_UNIQUE,CANONICAL,CIRCULAR,OK_EXT,UNAMBIGUOUS_BP"
"1802","5",138195080,138195266,"hsa_circ_009410",3,"+",1,3,40,40,"my_test_sample",3,2,0,1,"GTAG",NA,"ANCHOR_UNIQUE,CANONICAL,CIRCULAR,OK_EXT,UNAMBIGUOUS_BP"
"1803","6",79192882,79193040,"hsa_circ_009413",2,"-",2,2,40,5,"my_test_sample",2,2,0,1,"GTAG",NA,"ANCHOR_UNIQUE,CANONICAL,CIRCULAR,OK_EXT,UNAMBIGUOUS_BP"
"1804","10",101323661,101323828,"hsa_circ_009414",2,"-",2,2,5,40,"my_test_sample",2,1,0,1,"GTAG",NA,"ANCHOR_UNIQUE,CANONICAL,CIRCULAR,GOOD_EXT,UNAMBIGUOUS_BP"
"1805","12",52283049,52283200,"hsa_circ_009418",3,"-",2,3,35,40,"my_test_sample",3,0,0,1,"GTAG",NA,"ANCHOR_UNIQUE,CANONICAL,CIRCULAR,PERFECT_EXT,UNAMBIGUOUS_BP"
"1806","9",130816115,130816266,"hsa_circ_009437",3,"-",1,3,5,40,"my_test_sample",3,0,0,1,"GTAG",NA,"ANCHOR_UNIQUE,CANONICAL,CIRCULAR,PERFECT_EXT,UNAMBIGUOUS_BP"
"1807","15",25901113,25901267,"hsa_circ_009438",3,"-",1,3,5,40,"my_test_sample",3,1,0,1,"GTAG",NA,"ANCHOR_UNIQUE,CANONICAL,CIRCULAR,GOOD_EXT,UNAMBIGUOUS_BP"
"1808","8",123163452,123163620,"hsa_circ_009441",2,"-",1,2,5,4,"my_test_sample",2,0,0,1,"GTAG",NA,"ANCHOR_UNIQUE,CANONICAL,CIRCULAR,PERFECT_EXT,UNAMBIGUOUS_BP"
"1809","14",97896127,97896315,"hsa_circ_009447",2,"-",2,2,5,40,"my_test_sample",2,1,0,1,"GTAG",NA,"ANCHOR_UNIQUE,CANONICAL,CIRCULAR,GOOD_EXT,UNAMBIGUOUS_BP"
"1810","10",100826430,100826592,"hsa_circ_009454",2,"-",1,2,40,40,"my_test_sample",2,1,0,1,"GTAG",NA,"ANCHOR_UNIQUE,CANONICAL,CIRCULAR,GOOD_EXT,UNAMBIGUOUS_BP"
"1811","X",123054199,123054373,"hsa_circ_009458",2,"-",1,2,5,5,"my_test_sample",2,1,0,1,"GTAG",NA,"ANCHOR_UNIQUE,CANONICAL,CIRCULAR,GOOD_EXT,UNAMBIGUOUS_BP"
"1812","7",93316893,93317116,"hsa_circ_009459",2,"+",2,2,40,5,"my_test_sample",2,0,0,1,"GTAG",NA,"ANCHOR_UNIQUE,CANONICAL,CIRCULAR,PERFECT_EXT,UNAMBIGUOUS_BP"
"1813","9",10804591,10804769,"hsa_circ_009461",2,"+",1,2,5,5,"my_test_sample",2,1,0,1,"GTAG",NA,"ANCHOR_UNIQUE,CANONICAL,CIRCULAR,GOOD_EXT,UNAMBIGUOUS_BP"
"1814","7",50336631,50336837,"hsa_circ_009464",2,"+",1,2,5,40,"my_test_sample",2,1,0,1,"GTAG",NA,"ANCHOR_UNIQUE,CANONICAL,CIRCULAR,GOOD_EXT,UNAMBIGUOUS_BP"
"1815","6",51307564,51307773,"hsa_circ_009469",2,"-",1,2,5,40,"my_test_sample",2,1,2,1,"GTAG",NA,"ANCHOR_UNIQUE,CANONICAL,CIRCULAR,OK_EXT,UNAMBIGUOUS_BP"
"1816","1",160813750,160813911,"hsa_circ_009478",2,"+",1,2,5,5,"my_test_sample",2,0,0,1,"GTAG",NA,"ANCHOR_UNIQUE,CANONICAL,CIRCULAR,PERFECT_EXT,UNAMBIGUOUS_BP"
"1817","21",42689004,42689196,"hsa_circ_009485",2,"+",2,2,40,40,"my_test_sample",2,1,0,1,"GTAG",NA,"ANCHOR_UNIQUE,CANONICAL,CIRCULAR,GOOD_EXT,UNAMBIGUOUS_BP"
"1818","17",72685319,72685446,"hsa_circ_009491",2,"-",1,2,40,5,"my_test_sample",2,2,0,1,"GTAG",NA,"ANCHOR_UNIQUE,CANONICAL,CIRCULAR,OK_EXT,UNAMBIGUOUS_BP"
"1819","1",109886293,109886496,"hsa_circ_009497",2,"+",2,2,5,5,"my_test_sample",2,0,0,1,"GTAG",NA,"ANCHOR_UNIQUE,CANONICAL,CIRCULAR,PERFECT_EXT,UNAMBIGUOUS_BP"
"1820","8",73081386,73081584,"hsa_circ_009498",2,"-",1,2,40,40,"my_test_sample",2,0,0,1,"GTAG",NA,"ANCHOR_UNIQUE,CANONICAL,CIRCULAR,PERFECT_EXT,UNAMBIGUOUS_BP"
"1821","1",160770555,160770803,"hsa_circ_009499",2,"-",1,2,5,5,"my_test_sample",2,0,0,1,"GTAG",NA,"ANCHOR_UNIQUE,CANONICAL,CIRCULAR,PERFECT_EXT,UNAMBIGUOUS_BP"
"1822","10",60131641,60131815,"hsa_circ_009505",3,"+",2,3,5,40,"my_test_sample",3,0,0,1,"GTAG",NA,"ANCHOR_UNIQUE,CANONICAL,CIRCULAR,PERFECT_EXT,UNAMBIGUOUS_BP"
"1823","3",7811269,7811463,"hsa_circ_009510",2,"+",1,2,5,35,"my_test_sample",2,1,0,1,"GTAG",NA,"ANCHOR_UNIQUE,CANONICAL,CIRCULAR,GOOD_EXT,UNAMBIGUOUS_BP"
"1824","12",4718019,4718209,"hsa_circ_009512",2,"+",2,2,40,40,"my_test_sample",2,0,0,1,"GTAG",NA,"ANCHOR_UNIQUE,CANONICAL,CIRCULAR,PERFECT_EXT,UNAMBIGUOUS_BP"
"1825","3",24342711,24342910,"hsa_circ_009515",3,"+",1,3,40,5,"my_test_sample",3,1,0,1,"GTAG",NA,"ANCHOR_UNIQUE,CANONICAL,CIRCULAR,GOOD_EXT,UNAMBIGUOUS_BP"
"1826","8",37646771,37646929,"hsa_circ_009519",2,"-",2,2,40,5,"my_test_sample",2,1,0,1,"GTAG",NA,"ANCHOR_UNIQUE,CANONICAL,CIRCULAR,GOOD_EXT,UNAMBIGUOUS_BP"
"1827","X",65274695,65274862,"hsa_circ_009529",3,"-",1,3,5,5,"my_test_sample",3,2,0,1,"GTAG",NA,"ANCHOR_UNIQUE,CANONICAL,CIRCULAR,OK_EXT,UNAMBIGUOUS_BP"
"1828","8",142359397,142359676,"hsa_circ_009534",2,"-",2,2,5,37,"my_test_sample",2,1,0,1,"GTAG",NA,"ANCHOR_UNIQUE,CANONICAL,CIRCULAR,GOOD_EXT,UNAMBIGUOUS_BP"
"1829","11",93149426,93149659,"hsa_circ_009537",2,"+",1,2,40,5,"my_test_sample",2,2,1,1,"GTAG",NA,"ANCHOR_UNIQUE,CANONICAL,CIRCULAR,OK_EXT,UNAMBIGUOUS_BP"
"1830","2",219743673,219743838,"hsa_circ_009543",2,"-",1,2,5,40,"my_test_sample",2,2,0,1,"GTAG",NA,"ANCHOR_UNIQUE,CANONICAL,CIRCULAR,OK_EXT,UNAMBIGUOUS_BP"
"1831","17",29099538,29099696,"hsa_circ_009558",4,"+",4,4,40,40,"my_test_sample",4,0,0,1,"GTAG",NA,"ANCHOR_UNIQUE,CANONICAL,CIRCULAR,PERFECT_EXT,UNAMBIGUOUS_BP"
"1832","5",1619315,1619554,"hsa_circ_009563",3,"+",1,3,5,5,"my_test_sample",3,0,0,1,"GTAG",NA,"ANCHOR_UNIQUE,CANONICAL,CIRCULAR,PERFECT_EXT,UNAMBIGUOUS_BP"
"1833","1",196336333,196336512,"hsa_circ_009573",4,"-",1,4,40,40,"my_test_sample",4,1,0,1,"GTAG",NA,"ANCHOR_UNIQUE,CANONICAL,CIRCULAR,GOOD_EXT,UNAMBIGUOUS_BP"
"1834","9",3677579,3677810,"hsa_circ_009576",4,"-",1,4,5,5,"my_test_sample",4,2,0,1,"GTAG",NA,"ANCHOR_UNIQUE,CANONICAL,CIRCULAR,OK_EXT,UNAMBIGUOUS_BP"
"1835","9",96152629,96152780,"hsa_circ_009579",3,"-",2,3,4,5,"my_test_sample",3,1,0,1,"GTAG",NA,"ANCHOR_UNIQUE,CANONICAL,CIRCULAR,GOOD_EXT,UNAMBIGUOUS_BP"
"1836","19",1142043,1142203,"hsa_circ_009587",5,"-",5,1,5,40,"my_test_sample",5,1,0,1,"GTAG",NA,"ANCHOR_UNIQUE,CANONICAL,CIRCULAR,GOOD_EXT,UNAMBIGUOUS_BP"
"1837","1",227465351,227465505,"hsa_circ_009588",2,"-",2,2,5,40,"my_test_sample",2,1,0,1,"GTAG",NA,"ANCHOR_UNIQUE,CANONICAL,CIRCULAR,GOOD_EXT,UNAMBIGUOUS_BP"
"1838","3",74939542,74939797,"hsa_circ_009590",2,"-",1,2,5,5,"my_test_sample",2,1,0,1,"GTAG",NA,"ANCHOR_UNIQUE,CANONICAL,CIRCULAR,GOOD_EXT,UNAMBIGUOUS_BP"
"1839","1",83518620,83518801,"hsa_circ_009591",3,"+",2,3,40,40,"my_test_sample",3,1,0,1,"GTAG",NA,"ANCHOR_UNIQUE,CANONICAL,CIRCULAR,GOOD_EXT,UNAMBIGUOUS_BP"
"1840","19",17191539,17191704,"hsa_circ_009596",2,"+",2,2,40,5,"my_test_sample",2,1,0,1,"GTAG",NA,"ANCHOR_UNIQUE,CANONICAL,CIRCULAR,GOOD_EXT,UNAMBIGUOUS_BP"
"1841","9",115008795,115008947,"hsa_circ_009601",2,"+",1,2,40,5,"my_test_sample",2,1,0,1,"GTAG",NA,"ANCHOR_UNIQUE,CANONICAL,CIRCULAR,GOOD_EXT,UNAMBIGUOUS_BP"
"1842","1",171168556,171168713,"hsa_circ_009607",2,"-",2,2,40,5,"my_test_sample",2,0,0,1,"GTAG",NA,"ANCHOR_UNIQUE,CANONICAL,CIRCULAR,PERFECT_EXT,UNAMBIGUOUS_BP"
"1843","2",228251824,228251976,"hsa_circ_009610",3,"+",1,3,5,40,"my_test_sample",3,0,0,1,"GTAG",NA,"ANCHOR_UNIQUE,CANONICAL,CIRCULAR,PERFECT_EXT,UNAMBIGUOUS_BP"
"1844","5",3796076,3796370,"hsa_circ_009619",3,"-",3,3,40,40,"my_test_sample",3,2,0,1,"GTAG",NA,"ANCHOR_UNIQUE,CANONICAL,CIRCULAR,OK_EXT,UNAMBIGUOUS_BP"
"1845","1",26365414,26365672,"hsa_circ_009620",3,"+",1,3,40,5,"my_test_sample",3,1,0,1,"GTAG",NA,"ANCHOR_UNIQUE,CANONICAL,CIRCULAR,GOOD_EXT,UNAMBIGUOUS_BP"
"1846","8",52709897,52710113,"hsa_circ_009621",2,"+",1,2,5,40,"my_test_sample",2,0,0,1,"GTAG",NA,"ANCHOR_UNIQUE,CANONICAL,CIRCULAR,PERFECT_EXT,UNAMBIGUOUS_BP"
"1847","12",34359715,34359901,"hsa_circ_009629",2,"-",2,2,5,40,"my_test_sample",2,0,0,1,"GTAG",NA,"ANCHOR_UNIQUE,CANONICAL,CIRCULAR,PERFECT_EXT,UNAMBIGUOUS_BP"
"1848","11",85855593,85855932,"hsa_circ_009630",2,"-",2,2,40,40,"my_test_sample",2,0,0,1,"GTAG",NA,"ANCHOR_UNIQUE,CANONICAL,CIRCULAR,PERFECT_EXT,UNAMBIGUOUS_BP"
"1849","3",128439609,128439792,"hsa_circ_009635",2,"+",2,2,40,5,"my_test_sample",2,2,0,1,"GTAG",NA,"ANCHOR_UNIQUE,CANONICAL,CIRCULAR,OK_EXT,UNAMBIGUOUS_BP"
"1850","5",112799317,112799544,"hsa_circ_009643",3,"-",1,3,40,5,"my_test_sample",3,1,0,1,"GTAG",NA,"ANCHOR_UNIQUE,CANONICAL,CIRCULAR,GOOD_EXT,UNAMBIGUOUS_BP"
"1851","19",34392642,34392792,"hsa_circ_009644",2,"+",1,2,5,5,"my_test_sample",2,0,0,1,"GTAG",NA,"ANCHOR_UNIQUE,CANONICAL,CIRCULAR,PERFECT_EXT,UNAMBIGUOUS_BP"
"1852","3",105862461,105862658,"hsa_circ_009647",2,"-",1,2,40,5,"my_test_sample",2,0,0,1,"GTAG",NA,"ANCHOR_UNIQUE,CANONICAL,CIRCULAR,PERFECT_EXT,UNAMBIGUOUS_BP"
"1853","17",41447981,41448131,"hsa_circ_009649",2,"+",1,2,40,40,"my_test_sample",2,1,0,1,"GTAG",NA,"ANCHOR_UNIQUE,CANONICAL,CIRCULAR,GOOD_EXT,UNAMBIGUOUS_BP"
"1854","5",16606566,16606745,"hsa_circ_009653",2,"-",2,2,40,37,"my_test_sample",2,2,0,1,"GTAG",NA,"ANCHOR_UNIQUE,CANONICAL,CIRCULAR,OK_EXT,UNAMBIGUOUS_BP"
"1855","19",28713557,28713751,"hsa_circ_009654",2,"+",2,2,4,5,"my_test_sample",2,0,0,1,"GTAG",NA,"ANCHOR_UNIQUE,CANONICAL,CIRCULAR,PERFECT_EXT,UNAMBIGUOUS_BP"
"1856","7",141304774,141304950,"hsa_circ_009661",2,"-",2,2,5,40,"my_test_sample",2,1,0,1,"GTAG",NA,"ANCHOR_UNIQUE,CANONICAL,CIRCULAR,GOOD_EXT,UNAMBIGUOUS_BP"
"1857","14",62811358,62811527,"hsa_circ_009668",3,"-",1,3,40,40,"my_test_sample",3,0,0,1,"GTAG",NA,"ANCHOR_UNIQUE,CANONICAL,CIRCULAR,PERFECT_EXT,UNAMBIGUOUS_BP"
"1858","8",100864167,100864333,"hsa_circ_009675",5,"-",1,5,40,40,"my_test_sample",5,1,0,1,"GTAG",NA,"ANCHOR_UNIQUE,CANONICAL,CIRCULAR,GOOD_EXT,UNAMBIGUOUS_BP"
"1859","7",97936140,97936300,"hsa_circ_009680",2,"-",1,2,5,5,"my_test_sample",2,1,0,1,"GTAG",NA,"ANCHOR_UNIQUE,CANONICAL,CIRCULAR,GOOD_EXT,UNAMBIGUOUS_BP"
"1860","13",113439787,113439959,"hsa_circ_009700",3,"-",1,3,40,5,"my_test_sample",3,1,0,1,"GTAG",NA,"ANCHOR_UNIQUE,CANONICAL,CIRCULAR,GOOD_EXT,UNAMBIGUOUS_BP"
"1861","4",52197932,52198089,"hsa_circ_009704",4,"+",2,4,5,40,"my_test_sample",4,1,0,1,"GTAG",NA,"ANCHOR_UNIQUE,CANONICAL,CIRCULAR,GOOD_EXT,UNAMBIGUOUS_BP"
"1862","2",122740378,122740551,"hsa_circ_009705",2,"+",1,2,40,40,"my_test_sample",2,1,0,1,"GTAG",NA,"ANCHOR_UNIQUE,CANONICAL,CIRCULAR,GOOD_EXT,UNAMBIGUOUS_BP"
"1863","3",77602767,77602921,"hsa_circ_009711",2,"-",1,2,5,40,"my_test_sample",2,1,0,1,"GTAG",NA,"ANCHOR_UNIQUE,CANONICAL,CIRCULAR,GOOD_EXT,UNAMBIGUOUS_BP"
"1864","8",92133639,92133859,"hsa_circ_009714",2,"-",2,2,5,5,"my_test_sample",2,0,0,1,"GTAG",NA,"ANCHOR_UNIQUE,CANONICAL,CIRCULAR,PERFECT_EXT,UNAMBIGUOUS_BP"
"1865","15",63190361,63190698,"hsa_circ_009721",6,"+",2,6,40,40,"my_test_sample",6,0,0,1,"GTAG",NA,"ANCHOR_UNIQUE,CANONICAL,CIRCULAR,PERFECT_EXT,UNAMBIGUOUS_BP"
"1866","19",13524391,13524571,"hsa_circ_009724",2,"+",1,2,40,40,"my_test_sample",2,0,0,1,"GTAG",NA,"ANCHOR_UNIQUE,CANONICAL,CIRCULAR,PERFECT_EXT,UNAMBIGUOUS_BP"
"1867","11",77440861,77441026,"hsa_circ_009745",3,"-",2,2,5,40,"my_test_sample",3,0,0,1,"GTAG",NA,"ANCHOR_UNIQUE,CANONICAL,CIRCULAR,PERFECT_EXT,UNAMBIGUOUS_BP"
"1868","12",19241871,19242151,"hsa_circ_009746",2,"+",2,2,40,39,"my_test_sample",2,1,0,1,"GTAG",NA,"ANCHOR_UNIQUE,CANONICAL,CIRCULAR,GOOD_EXT,UNAMBIGUOUS_BP"
"1869","9",90457475,90457673,"hsa_circ_009747",2,"-",1,2,5,40,"my_test_sample",2,1,0,1,"GTAG",NA,"ANCHOR_UNIQUE,CANONICAL,CIRCULAR,GOOD_EXT,UNAMBIGUOUS_BP"
"1870","12",102848708,102848882,"hsa_circ_009757",2,"+",1,2,5,40,"my_test_sample",2,2,0,1,"GTAG",NA,"ANCHOR_UNIQUE,CANONICAL,CIRCULAR,OK_EXT,UNAMBIGUOUS_BP"
"1871","10",117212969,117213218,"hsa_circ_009762",2,"+",2,2,40,40,"my_test_sample",2,1,0,1,"GTAG",NA,"ANCHOR_UNIQUE,CANONICAL,CIRCULAR,GOOD_EXT,UNAMBIGUOUS_BP"
"1872","6",85358864,85360404,"hsa_circ_009764",2,"+",1,2,5,40,"my_test_sample",2,2,0,1,"GTAG",NA,"ANCHOR_UNIQUE,CANONICAL,CIRCULAR,OK_EXT,UNAMBIGUOUS_BP"
"1873","19",47435874,47436034,"hsa_circ_009765",2,"-",1,2,5,5,"my_test_sample",2,2,1,1,"GTAG",NA,"ANCHOR_UNIQUE,CANONICAL,CIRCULAR,OK_EXT,UNAMBIGUOUS_BP"
"1874","2",171618491,171618727,"hsa_circ_009768",4,"-",1,4,40,5,"my_test_sample",4,0,0,1,"GTAG",NA,"ANCHOR_UNIQUE,CANONICAL,CIRCULAR,PERFECT_EXT,UNAMBIGUOUS_BP"
"1875","X",72302461,72302615,"hsa_circ_009773",3,"-",1,3,40,5,"my_test_sample",3,0,0,1,"GTAG",NA,"ANCHOR_UNIQUE,CANONICAL,CIRCULAR,PERFECT_EXT,UNAMBIGUOUS_BP"
"1876","10",133618750,133618910,"hsa_circ_009777",3,"+",2,3,5,40,"my_test_sample",3,0,0,1,"GTAG",NA,"ANCHOR_UNIQUE,CANONICAL,CIRCULAR,PERFECT_EXT,UNAMBIGUOUS_BP"
"1877","10",97061415,97061601,"hsa_circ_009780",2,"-",1,2,40,5,"my_test_sample",2,1,0,1,"GTAG",NA,"ANCHOR_UNIQUE,CANONICAL,CIRCULAR,GOOD_EXT,UNAMBIGUOUS_BP"
"1878","15",57518876,57519429,"hsa_circ_009785",3,"-",1,3,40,5,"my_test_sample",3,2,0,1,"GTAG",NA,"ANCHOR_UNIQUE,CANONICAL,CIRCULAR,OK_EXT,UNAMBIGUOUS_BP"
"1879","4",179486689,179486853,"hsa_circ_009796",2,"-",1,2,40,40,"my_test_sample",2,0,0,1,"GTAG",NA,"ANCHOR_UNIQUE,CANONICAL,CIRCULAR,PERFECT_EXT,UNAMBIGUOUS_BP"
"1880","7",136360213,136360407,"hsa_circ_009798",2,"+",1,2,5,5,"my_test_sample",2,0,0,1,"GTAG",NA,"ANCHOR_UNIQUE,CANONICAL,CIRCULAR,PERFECT_EXT,UNAMBIGUOUS_BP"
"1881","12",129327921,129328073,"hsa_circ_009803",3,"-",1,3,5,40,"my_test_sample",3,1,0,1,"GTAG",NA,"ANCHOR_UNIQUE,CANONICAL,CIRCULAR,GOOD_EXT,UNAMBIGUOUS_BP"
"1882","10",49055146,49055314,"hsa_circ_009805",2,"-",1,2,40,5,"my_test_sample",2,1,0,1,"GTAG",NA,"ANCHOR_UNIQUE,CANONICAL,CIRCULAR,GOOD_EXT,UNAMBIGUOUS_BP"
"1883","7",50804196,50804390,"hsa_circ_009806",2,"+",1,2,5,40,"my_test_sample",2,1,0,1,"GTAG",NA,"ANCHOR_UNIQUE,CANONICAL,CIRCULAR,GOOD_EXT,UNAMBIGUOUS_BP"
"1884","3",36380466,36380978,"hsa_circ_009809",2,"+",2,2,40,40,"my_test_sample",2,0,0,1,"GTAG",NA,"ANCHOR_UNIQUE,CANONICAL,CIRCULAR,PERFECT_EXT,UNAMBIGUOUS_BP"
"1885","12",106485415,106485574,"hsa_circ_009823",2,"-",1,2,5,5,"my_test_sample",2,2,0,1,"GTAG",NA,"ANCHOR_UNIQUE,CANONICAL,CIRCULAR,OK_EXT,UNAMBIGUOUS_BP"
"1886","10",85857317,85857477,"hsa_circ_009824",2,"-",1,2,5,5,"my_test_sample",2,1,0,1,"GTAG",NA,"ANCHOR_UNIQUE,CANONICAL,CIRCULAR,GOOD_EXT,UNAMBIGUOUS_BP"
"1887","8",27610514,27610687,"hsa_circ_009830",2,"-",2,2,5,40,"my_test_sample",2,1,0,1,"GTAG",NA,"ANCHOR_UNIQUE,CANONICAL,CIRCULAR,GOOD_EXT,UNAMBIGUOUS_BP"
"1888","6",86307809,86308011,"hsa_circ_009832",2,"-",1,2,5,40,"my_test_sample",2,0,0,1,"GTAG",NA,"ANCHOR_UNIQUE,CANONICAL,CIRCULAR,PERFECT_EXT,UNAMBIGUOUS_BP"
"1889","12",3261485,3261650,"hsa_circ_009845",2,"+",1,2,40,40,"my_test_sample",2,2,0,1,"GTAG",NA,"ANCHOR_UNIQUE,CANONICAL,CIRCULAR,OK_EXT,UNAMBIGUOUS_BP"
"1890","5",3343199,3343352,"hsa_circ_009847",2,"+",1,2,4,35,"my_test_sample",2,2,0,1,"GTAG",NA,"ANCHOR_UNIQUE,CANONICAL,CIRCULAR,OK_EXT,UNAMBIGUOUS_BP"
"1891","8",503446,503604,"hsa_circ_009851",2,"-",2,2,5,40,"my_test_sample",2,1,0,1,"GTAG",NA,"ANCHOR_UNIQUE,CANONICAL,CIRCULAR,GOOD_EXT,UNAMBIGUOUS_BP"
"1892","19",34391845,34392042,"hsa_circ_009853",2,"+",1,2,5,40,"my_test_sample",2,1,0,1,"GTAG",NA,"ANCHOR_UNIQUE,CANONICAL,CIRCULAR,GOOD_EXT,UNAMBIGUOUS_BP"
"1893","19",20876726,20876878,"hsa_circ_009862",3,"-",3,3,40,40,"my_test_sample",3,0,0,1,"GTAG",NA,"ANCHOR_UNIQUE,CANONICAL,CIRCULAR,PERFECT_EXT,UNAMBIGUOUS_BP"
"1894","9",79648494,79648657,"hsa_circ_009866",2,"+",2,2,40,5,"my_test_sample",2,0,0,1,"GTAG",NA,"ANCHOR_UNIQUE,CANONICAL,CIRCULAR,PERFECT_EXT,UNAMBIGUOUS_BP"
"1895","7",117167186,117167507,"hsa_circ_009870",2,"+",1,2,5,5,"my_test_sample",2,2,0,1,"GTAG",NA,"ANCHOR_UNIQUE,CANONICAL,CIRCULAR,OK_EXT,UNAMBIGUOUS_BP"
"1896","7",56170968,56171119,"hsa_circ_009875",2,"-",1,2,5,40,"my_test_sample",2,2,0,1,"GTAG",NA,"ANCHOR_UNIQUE,CANONICAL,CIRCULAR,OK_EXT,UNAMBIGUOUS_BP"
"1897","2",49163320,49163563,"hsa_circ_009878",4,"+",3,4,37,40,"my_test_sample",4,0,0,1,"GTAG",NA,"ANCHOR_UNIQUE,CANONICAL,CIRCULAR,PERFECT_EXT,UNAMBIGUOUS_BP"
"1898","1",53096168,53096361,"hsa_circ_009882",2,"-",2,2,40,5,"my_test_sample",2,0,0,1,"GTAG",NA,"ANCHOR_UNIQUE,CANONICAL,CIRCULAR,PERFECT_EXT,UNAMBIGUOUS_BP"
"1899","17",76880303,76880468,"hsa_circ_009889",2,"+",1,2,5,5,"my_test_sample",2,0,2,1,"GTAG",NA,"ANCHOR_UNIQUE,CANONICAL,CIRCULAR,OK_EXT,UNAMBIGUOUS_BP"
"1900","14",59850317,59850620,"hsa_circ_009897",2,"-",1,2,5,5,"my_test_sample",2,2,0,1,"GTAG",NA,"ANCHOR_UNIQUE,CANONICAL,CIRCULAR,OK_EXT,UNAMBIGUOUS_BP"
"1901","7",154999845,155000004,"hsa_circ_009908",3,"+",1,3,40,40,"my_test_sample",3,0,0,1,"GTAG",NA,"ANCHOR_UNIQUE,CANONICAL,CIRCULAR,PERFECT_EXT,UNAMBIGUOUS_BP"
"1902","14",52090901,52091093,"hsa_circ_009913",2,"-",1,2,5,40,"my_test_sample",2,1,0,1,"GTAG",NA,"ANCHOR_UNIQUE,CANONICAL,CIRCULAR,GOOD_EXT,UNAMBIGUOUS_BP"
"1903","20",13242022,13242176,"hsa_circ_009914",2,"+",1,2,5,5,"my_test_sample",2,0,0,1,"GTAG",NA,"ANCHOR_UNIQUE,CANONICAL,CIRCULAR,PERFECT_EXT,UNAMBIGUOUS_BP"
"1904","2",75616100,75616346,"hsa_circ_009916",5,"-",1,5,5,40,"my_test_sample",5,0,1,1,"GTAG",NA,"ANCHOR_UNIQUE,CANONICAL,CIRCULAR,GOOD_EXT,UNAMBIGUOUS_BP"
"1905","8",21161933,21162153,"hsa_circ_009921",3,"-",3,3,40,40,"my_test_sample",3,1,0,1,"GTAG",NA,"ANCHOR_UNIQUE,CANONICAL,CIRCULAR,GOOD_EXT,UNAMBIGUOUS_BP"
"1906","17",3974016,3974171,"hsa_circ_009930",3,"-",2,3,5,40,"my_test_sample",3,1,0,1,"GTAG",NA,"ANCHOR_UNIQUE,CANONICAL,CIRCULAR,GOOD_EXT,UNAMBIGUOUS_BP"
"1907","5",104575798,104577295,"hsa_circ_009931",4,"-",1,4,40,5,"my_test_sample",4,1,0,1,"GTAG",NA,"ANCHOR_UNIQUE,CANONICAL,CIRCULAR,GOOD_EXT,UNAMBIGUOUS_BP"
"1908","1",34777712,34777898,"hsa_circ_009933",2,"-",2,1,5,3,"my_test_sample",2,1,0,1,"GTAG",NA,"ANCHOR_UNIQUE,CANONICAL,CIRCULAR,GOOD_EXT,UNAMBIGUOUS_BP"
"1909","2",137757545,137757698,"hsa_circ_009934",4,"-",1,4,40,5,"my_test_sample",4,0,0,1,"GTAG",NA,"ANCHOR_UNIQUE,CANONICAL,CIRCULAR,PERFECT_EXT,UNAMBIGUOUS_BP"
"1910","1",25648564,25648691,"hsa_circ_009939",2,"-",1,2,40,40,"my_test_sample",2,0,0,1,"GTAG",NA,"ANCHOR_UNIQUE,CANONICAL,CIRCULAR,PERFECT_EXT,UNAMBIGUOUS_BP"
"1911","10",96526272,96526511,"hsa_circ_009945",2,"-",1,2,5,5,"my_test_sample",2,2,0,1,"GTAG",NA,"ANCHOR_UNIQUE,CANONICAL,CIRCULAR,OK_EXT,UNAMBIGUOUS_BP"
"1912","6",157492569,157492727,"hsa_circ_009946",3,"+",1,3,40,40,"my_test_sample",3,1,0,1,"GTAG",NA,"ANCHOR_UNIQUE,CANONICAL,CIRCULAR,GOOD_EXT,UNAMBIGUOUS_BP"
"1913","14",101463284,101463480,"hsa_circ_009951",2,"+",1,2,40,5,"my_test_sample",2,2,0,1,"GTAG",NA,"ANCHOR_UNIQUE,CANONICAL,CIRCULAR,OK_EXT,UNAMBIGUOUS_BP"
"1914","6",39302158,39302376,"hsa_circ_009954",2,"+",2,2,40,5,"my_test_sample",2,1,0,1,"GTAG",NA,"ANCHOR_UNIQUE,CANONICAL,CIRCULAR,GOOD_EXT,UNAMBIGUOUS_BP"
"1915","22",42233552,42233801,"hsa_circ_009958",2,"-",1,2,5,5,"my_test_sample",2,1,0,1,"GTAG",NA,"ANCHOR_UNIQUE,CANONICAL,CIRCULAR,GOOD_EXT,UNAMBIGUOUS_BP"
"1916","6",169902120,169902289,"hsa_circ_009959",3,"+",1,3,5,40,"my_test_sample",3,1,0,1,"GTAG",NA,"ANCHOR_UNIQUE,CANONICAL,CIRCULAR,GOOD_EXT,UNAMBIGUOUS_BP"
"1917","2",23702501,23702662,"hsa_circ_009962",2,"-",2,2,5,40,"my_test_sample",2,1,0,1,"GTAG",NA,"ANCHOR_UNIQUE,CANONICAL,CIRCULAR,GOOD_EXT,UNAMBIGUOUS_BP"
"1918","19",28166179,28166362,"hsa_circ_009968",2,"+",2,2,37,35,"my_test_sample",2,0,0,1,"GTAG",NA,"ANCHOR_UNIQUE,CANONICAL,CIRCULAR,PERFECT_EXT,UNAMBIGUOUS_BP"
"1919","17",27805032,27805187,"hsa_circ_009969",3,"+",2,3,40,40,"my_test_sample",3,0,0,1,"GTAG",NA,"ANCHOR_UNIQUE,CANONICAL,CIRCULAR,PERFECT_EXT,UNAMBIGUOUS_BP"
"1920","9",98749255,98749429,"hsa_circ_009972",3,"-",2,3,5,5,"my_test_sample",3,0,0,1,"GTAG",NA,"ANCHOR_UNIQUE,CANONICAL,CIRCULAR,PERFECT_EXT,UNAMBIGUOUS_BP"
"1921","12",72036199,72036359,"hsa_circ_009973",2,"+",1,2,5,40,"my_test_sample",2,0,0,1,"GTAG",NA,"ANCHOR_UNIQUE,CANONICAL,CIRCULAR,PERFECT_EXT,UNAMBIGUOUS_BP"
"1922","9",85169265,85169463,"hsa_circ_009977",3,"-",1,3,5,40,"my_test_sample",3,1,0,1,"GTAG",NA,"ANCHOR_UNIQUE,CANONICAL,CIRCULAR,GOOD_EXT,UNAMBIGUOUS_BP"
"1923","7",9175429,9175643,"hsa_circ_009978",2,"+",1,2,4,40,"my_test_sample",2,0,0,1,"GTAG",NA,"ANCHOR_UNIQUE,CANONICAL,CIRCULAR,PERFECT_EXT,UNAMBIGUOUS_BP"
"1924","1",30322119,30322274,"hsa_circ_009984",2,"+",1,2,5,4,"my_test_sample",2,1,0,1,"GTAG",NA,"ANCHOR_UNIQUE,CANONICAL,CIRCULAR,GOOD_EXT,UNAMBIGUOUS_BP"
"1925","1",41648162,41648348,"hsa_circ_009986",2,"-",2,2,40,40,"my_test_sample",2,0,0,1,"GTAG",NA,"ANCHOR_UNIQUE,CANONICAL,CIRCULAR,PERFECT_EXT,UNAMBIGUOUS_BP"
"1926","6",25152570,25152777,"hsa_circ_010007",2,"-",2,2,40,40,"my_test_sample",2,0,0,1,"GTAG",NA,"ANCHOR_UNIQUE,CANONICAL,CIRCULAR,PERFECT_EXT,UNAMBIGUOUS_BP"
"1927","3",43265097,43265269,"hsa_circ_010020",2,"-",1,2,40,40,"my_test_sample",2,0,1,1,"GTAG",NA,"ANCHOR_UNIQUE,CANONICAL,CIRCULAR,GOOD_EXT,UNAMBIGUOUS_BP"
"1928","2",182372826,182373039,"hsa_circ_010021",2,"+",1,2,40,5,"my_test_sample",2,2,0,1,"GTAG",NA,"ANCHOR_UNIQUE,CANONICAL,CIRCULAR,OK_EXT,UNAMBIGUOUS_BP"
"1929","1",239921363,239921517,"hsa_circ_010024",2,"+",1,2,5,5,"my_test_sample",2,0,0,1,"GTAG",NA,"ANCHOR_UNIQUE,CANONICAL,CIRCULAR,PERFECT_EXT,UNAMBIGUOUS_BP"
"1930","4",79141226,79141457,"hsa_circ_010026",2,"+",1,2,40,5,"my_test_sample",2,0,0,1,"GTAG",NA,"ANCHOR_UNIQUE,CANONICAL,CIRCULAR,PERFECT_EXT,UNAMBIGUOUS_BP"
"1931","5",443514,443699,"hsa_circ_010030",2,"+",1,2,5,5,"my_test_sample",2,1,0,1,"GTAG",NA,"ANCHOR_UNIQUE,CANONICAL,CIRCULAR,GOOD_EXT,UNAMBIGUOUS_BP"
"1932","22",20991028,20991186,"hsa_circ_010045",2,"+",1,2,5,5,"my_test_sample",2,0,0,1,"GTAG",NA,"ANCHOR_UNIQUE,CANONICAL,CIRCULAR,PERFECT_EXT,UNAMBIGUOUS_BP"
"1933","7",129263703,129263940,"hsa_circ_010047",2,"+",1,2,5,5,"my_test_sample",2,0,0,1,"GTAG",NA,"ANCHOR_UNIQUE,CANONICAL,CIRCULAR,PERFECT_EXT,UNAMBIGUOUS_BP"
"1934","19",38011650,38011804,"hsa_circ_010055",3,"+",2,3,40,40,"my_test_sample",3,2,0,1,"GTAG",NA,"ANCHOR_UNIQUE,CANONICAL,CIRCULAR,OK_EXT,UNAMBIGUOUS_BP"
"1935","8",134741890,134742046,"hsa_circ_010060",2,"-",1,2,40,40,"my_test_sample",2,1,0,1,"GTAG",NA,"ANCHOR_UNIQUE,CANONICAL,CIRCULAR,GOOD_EXT,UNAMBIGUOUS_BP"
"1936","X",252789,252956,"hsa_circ_010066",2,"+",2,1,40,40,"my_test_sample",2,1,0,1,"GTAG",NA,"ANCHOR_UNIQUE,CANONICAL,CIRCULAR,GOOD_EXT,UNAMBIGUOUS_BP"
"1937","12",32064440,32064645,"hsa_circ_010077",2,"+",2,1,4,5,"my_test_sample",2,1,0,1,"GTAG",NA,"ANCHOR_UNIQUE,CANONICAL,CIRCULAR,GOOD_EXT,UNAMBIGUOUS_BP"
"1938","8",138993250,138993469,"hsa_circ_010079",3,"+",2,3,40,5,"my_test_sample",3,0,0,1,"GTAG",NA,"ANCHOR_UNIQUE,CANONICAL,CIRCULAR,PERFECT_EXT,UNAMBIGUOUS_BP"
"1939","17",11048076,11048278,"hsa_circ_010084",2,"-",1,2,40,35,"my_test_sample",2,2,0,1,"GTAG",NA,"ANCHOR_UNIQUE,CANONICAL,CIRCULAR,OK_EXT,UNAMBIGUOUS_BP"
"1940","3",50707953,50708130,"hsa_circ_010089",3,"+",1,3,5,40,"my_test_sample",3,0,0,1,"GTAG",NA,"ANCHOR_UNIQUE,CANONICAL,CIRCULAR,PERFECT_EXT,UNAMBIGUOUS_BP"
"1941","12",89454339,89454498,"hsa_circ_010094",2,"-",1,2,40,5,"my_test_sample",2,0,0,1,"GTAG",NA,"ANCHOR_UNIQUE,CANONICAL,CIRCULAR,PERFECT_EXT,UNAMBIGUOUS_BP"
"1942","9",112717693,112717874,"hsa_circ_010095",2,"+",1,2,40,5,"my_test_sample",2,0,0,1,"GTAG",NA,"ANCHOR_UNIQUE,CANONICAL,CIRCULAR,PERFECT_EXT,UNAMBIGUOUS_BP"
"1943","7",115487152,115487306,"hsa_circ_010098",3,"+",1,3,40,5,"my_test_sample",3,1,0,1,"GTAG",NA,"ANCHOR_UNIQUE,CANONICAL,CIRCULAR,GOOD_EXT,UNAMBIGUOUS_BP"
"1944","17",41160275,41160440,"hsa_circ_010101",2,"+",1,2,5,40,"my_test_sample",2,1,0,1,"GTAG",NA,"ANCHOR_UNIQUE,CANONICAL,CIRCULAR,GOOD_EXT,UNAMBIGUOUS_BP"
"1945","1",160677344,160677705,"hsa_circ_010103",2,"+",2,1,5,40,"my_test_sample",2,0,0,1,"GTAG",NA,"ANCHOR_UNIQUE,CANONICAL,CIRCULAR,PERFECT_EXT,UNAMBIGUOUS_BP"
"1946","9",15658224,15658407,"hsa_circ_010104",3,"-",1,3,5,40,"my_test_sample",3,1,0,1,"GTAG",NA,"ANCHOR_UNIQUE,CANONICAL,CIRCULAR,GOOD_EXT,UNAMBIGUOUS_BP"
"1947","10",54713280,54713510,"hsa_circ_010111",3,"+",1,3,40,5,"my_test_sample",3,2,0,1,"GTAG",NA,"ANCHOR_UNIQUE,CANONICAL,CIRCULAR,OK_EXT,UNAMBIGUOUS_BP"
"1948","12",48245778,48245960,"hsa_circ_010120",3,"-",1,3,5,40,"my_test_sample",3,0,1,1,"GTAG",NA,"ANCHOR_UNIQUE,CANONICAL,CIRCULAR,GOOD_EXT,UNAMBIGUOUS_BP"
"1949","22",36873097,36873262,"hsa_circ_010127",2,"+",1,2,5,5,"my_test_sample",2,1,0,1,"GTAG",NA,"ANCHOR_UNIQUE,CANONICAL,CIRCULAR,GOOD_EXT,UNAMBIGUOUS_BP"
"1950","15",98731031,98731242,"hsa_circ_010128",3,"+",1,3,5,5,"my_test_sample",3,2,0,1,"GTAG",NA,"ANCHOR_UNIQUE,CANONICAL,CIRCULAR,OK_EXT,UNAMBIGUOUS_BP"
"1951","12",105538292,105538526,"hsa_circ_010145",2,"-",1,2,5,40,"my_test_sample",2,0,0,1,"GTAG",NA,"ANCHOR_UNIQUE,CANONICAL,CIRCULAR,PERFECT_EXT,UNAMBIGUOUS_BP"
"1952","5",98510048,98510208,"hsa_circ_010148",2,"+",1,2,5,5,"my_test_sample",2,1,0,1,"GTAG",NA,"ANCHOR_UNIQUE,CANONICAL,CIRCULAR,GOOD_EXT,UNAMBIGUOUS_BP"
"1953","7",2374606,2375344,"hsa_circ_010153",2,"+",1,2,40,40,"my_test_sample",2,0,0,1,"GTAG",NA,"ANCHOR_UNIQUE,CANONICAL,CIRCULAR,PERFECT_EXT,UNAMBIGUOUS_BP"
"1954","6",44227974,44228220,"hsa_circ_010168",2,"-",2,2,5,37,"my_test_sample",2,0,0,1,"GTAG",NA,"ANCHOR_UNIQUE,CANONICAL,CIRCULAR,PERFECT_EXT,UNAMBIGUOUS_BP"
"1955","5",62860627,62860812,"hsa_circ_010169",2,"+",1,2,5,5,"my_test_sample",2,1,0,1,"GTAG",NA,"ANCHOR_UNIQUE,CANONICAL,CIRCULAR,GOOD_EXT,UNAMBIGUOUS_BP"
"1956","7",95224093,95224243,"hsa_circ_010176",2,"-",2,2,40,40,"my_test_sample",2,0,0,1,"GTAG",NA,"ANCHOR_UNIQUE,CANONICAL,CIRCULAR,PERFECT_EXT,UNAMBIGUOUS_BP"
"1957","15",94613563,94613832,"hsa_circ_010179",2,"+",1,2,5,5,"my_test_sample",2,1,0,1,"GTAG",NA,"ANCHOR_UNIQUE,CANONICAL,CIRCULAR,GOOD_EXT,UNAMBIGUOUS_BP"
"1958","19",23099778,23099984,"hsa_circ_010191",2,"+",1,2,40,5,"my_test_sample",2,0,0,1,"GTAG",NA,"ANCHOR_UNIQUE,CANONICAL,CIRCULAR,PERFECT_EXT,UNAMBIGUOUS_BP"
"1959","3",13353253,13353407,"hsa_circ_010192",3,"-",2,3,40,5,"my_test_sample",3,2,0,1,"GTAG",NA,"ANCHOR_UNIQUE,CANONICAL,CIRCULAR,OK_EXT,UNAMBIGUOUS_BP"
"1960","5",676354,676571,"hsa_circ_010198",4,"+",3,4,5,5,"my_test_sample",4,0,0,1,"GTAG",NA,"ANCHOR_UNIQUE,CANONICAL,CIRCULAR,PERFECT_EXT,UNAMBIGUOUS_BP"
"1961","14",54828557,54828936,"hsa_circ_010200",3,"-",1,3,5,5,"my_test_sample",3,2,0,1,"GTAG",NA,"ANCHOR_UNIQUE,CANONICAL,CIRCULAR,OK_EXT,UNAMBIGUOUS_BP"
"1962","8",26866134,26866291,"hsa_circ_010202",2,"+",1,2,40,40,"my_test_sample",2,1,0,1,"GTAG",NA,"ANCHOR_UNIQUE,CANONICAL,CIRCULAR,GOOD_EXT,UNAMBIGUOUS_BP"
"1963","17",9077715,9077921,"hsa_circ_010205",2,"+",1,2,40,40,"my_test_sample",2,0,0,1,"GTAG",NA,"ANCHOR_UNIQUE,CANONICAL,CIRCULAR,PERFECT_EXT,UNAMBIGUOUS_BP"
"1964","19",29037285,29037496,"hsa_circ_010209",3,"+",2,3,40,40,"my_test_sample",3,0,0,1,"GTAG",NA,"ANCHOR_UNIQUE,CANONICAL,CIRCULAR,PERFECT_EXT,UNAMBIGUOUS_BP"
"1965","14",68890702,68890877,"hsa_circ_010213",3,"+",2,3,5,37,"my_test_sample",3,1,0,1,"GTAG",NA,"ANCHOR_UNIQUE,CANONICAL,CIRCULAR,GOOD_EXT,UNAMBIGUOUS_BP"
"1966","2",13492075,13492259,"hsa_circ_010219",3,"+",2,3,5,5,"my_test_sample",3,1,0,1,"GTAG",NA,"ANCHOR_UNIQUE,CANONICAL,CIRCULAR,GOOD_EXT,UNAMBIGUOUS_BP"
"1967","1",103497660,103497862,"hsa_circ_010235",2,"+",1,2,5,4,"my_test_sample",2,2,0,1,"GTAG",NA,"ANCHOR_UNIQUE,CANONICAL,CIRCULAR,OK_EXT,UNAMBIGUOUS_BP"
"1968","17",28988178,28988364,"hsa_circ_010237",3,"-",1,3,40,5,"my_test_sample",3,1,0,1,"GTAG",NA,"ANCHOR_UNIQUE,CANONICAL,CIRCULAR,GOOD_EXT,UNAMBIGUOUS_BP"
"1969","22",37008433,37008782,"hsa_circ_010244",2,"-",2,2,40,40,"my_test_sample",2,1,0,1,"GTAG",NA,"ANCHOR_UNIQUE,CANONICAL,CIRCULAR,GOOD_EXT,UNAMBIGUOUS_BP"
"1970","8",20671203,20671366,"hsa_circ_010252",2,"+",1,2,5,5,"my_test_sample",2,2,0,1,"GTAG",NA,"ANCHOR_UNIQUE,CANONICAL,CIRCULAR,OK_EXT,UNAMBIGUOUS_BP"
"1971","1",88423306,88423490,"hsa_circ_010254",2,"-",2,2,5,40,"my_test_sample",2,1,0,1,"GTAG",NA,"ANCHOR_UNIQUE,CANONICAL,CIRCULAR,GOOD_EXT,UNAMBIGUOUS_BP"
"1972","5",177460246,177460643,"hsa_circ_010262",2,"-",1,2,5,40,"my_test_sample",2,0,0,1,"GTAG",NA,"ANCHOR_UNIQUE,CANONICAL,CIRCULAR,PERFECT_EXT,UNAMBIGUOUS_BP"
"1973","5",139620077,139620294,"hsa_circ_010264",4,"+",1,4,5,5,"my_test_sample",4,1,0,1,"GTAG",NA,"ANCHOR_UNIQUE,CANONICAL,CIRCULAR,GOOD_EXT,UNAMBIGUOUS_BP"
"1974","5",25596149,25596321,"hsa_circ_010269",2,"+",1,2,40,5,"my_test_sample",2,2,0,1,"GTAG",NA,"ANCHOR_UNIQUE,CANONICAL,CIRCULAR,OK_EXT,UNAMBIGUOUS_BP"
"1975","19",20889737,20890003,"hsa_circ_010277",2,"-",2,1,40,5,"my_test_sample",2,2,0,1,"GTAG",NA,"ANCHOR_UNIQUE,CANONICAL,CIRCULAR,OK_EXT,UNAMBIGUOUS_BP"
"1976","6",5571750,5571935,"hsa_circ_010283",2,"-",2,2,40,5,"my_test_sample",2,0,0,1,"GTAG",NA,"ANCHOR_UNIQUE,CANONICAL,CIRCULAR,PERFECT_EXT,UNAMBIGUOUS_BP"
"1977","22",29073633,29073839,"hsa_circ_010284",2,"-",2,2,40,37,"my_test_sample",2,0,0,1,"GTAG",NA,"ANCHOR_UNIQUE,CANONICAL,CIRCULAR,PERFECT_EXT,UNAMBIGUOUS_BP"
"1978","8",72722212,72722388,"hsa_circ_010289",3,"-",3,3,40,5,"my_test_sample",3,1,0,1,"GTAG",NA,"ANCHOR_UNIQUE,CANONICAL,CIRCULAR,GOOD_EXT,UNAMBIGUOUS_BP"
"1979","5",165905760,165905910,"hsa_circ_010290",4,"+",3,4,40,40,"my_test_sample",4,0,0,1,"GTAG",NA,"ANCHOR_UNIQUE,CANONICAL,CIRCULAR,PERFECT_EXT,UNAMBIGUOUS_BP"
"1980","7",141083080,141083353,"hsa_circ_010293",2,"-",1,2,5,5,"my_test_sample",2,0,0,1,"GTAG",NA,"ANCHOR_UNIQUE,CANONICAL,CIRCULAR,PERFECT_EXT,UNAMBIGUOUS_BP"
"1981","2",85265145,85265333,"hsa_circ_010301",2,"+",1,2,40,40,"my_test_sample",2,2,0,1,"GTAG",NA,"ANCHOR_UNIQUE,CANONICAL,CIRCULAR,OK_EXT,UNAMBIGUOUS_BP"
"1982","14",87590582,87590980,"hsa_circ_010305",2,"+",1,2,40,40,"my_test_sample",2,2,0,1,"GTAG",NA,"ANCHOR_UNIQUE,CANONICAL,CIRCULAR,OK_EXT,UNAMBIGUOUS_BP"
"1983","2",174590207,174590393,"hsa_circ_010308",2,"-",1,2,40,40,"my_test_sample",2,0,0,1,"GTAG",NA,"ANCHOR_UNIQUE,CANONICAL,CIRCULAR,PERFECT_EXT,UNAMBIGUOUS_BP"
"1984","7",55205365,55205550,"hsa_circ_010315",2,"-",2,1,40,40,"my_test_sample",2,1,0,1,"GTAG",NA,"ANCHOR_UNIQUE,CANONICAL,CIRCULAR,GOOD_EXT,UNAMBIGUOUS_BP"
"1985","1",101096787,101096943,"hsa_circ_010319",3,"+",1,3,5,40,"my_test_sample",3,0,0,1,"GTAG",NA,"ANCHOR_UNIQUE,CANONICAL,CIRCULAR,PERFECT_EXT,UNAMBIGUOUS_BP"
"1986","1",152317029,152317191,"hsa_circ_010327",2,"-",2,2,40,40,"my_test_sample",2,0,0,1,"GTAG",NA,"ANCHOR_UNIQUE,CANONICAL,CIRCULAR,PERFECT_EXT,UNAMBIGUOUS_BP"
"1987","20",42213265,42215742,"hsa_circ_010328",10,"+",5,10,40,40,"my_test_sample",10,0,0,1,"GTAG",NA,"ANCHOR_UNIQUE,CANONICAL,CIRCULAR,PERFECT_EXT,UNAMBIGUOUS_BP"
"1988","14",36379603,36379787,"hsa_circ_010338",2,"-",1,2,40,5,"my_test_sample",2,0,0,1,"GTAG",NA,"ANCHOR_UNIQUE,CANONICAL,CIRCULAR,PERFECT_EXT,UNAMBIGUOUS_BP"
"1989","4",78622694,78622883,"hsa_circ_010342",2,"+",1,2,5,40,"my_test_sample",2,1,0,1,"GTAG",NA,"ANCHOR_UNIQUE,CANONICAL,CIRCULAR,GOOD_EXT,UNAMBIGUOUS_BP"
"1990","5",640559,640898,"hsa_circ_010343",2,"+",1,2,5,40,"my_test_sample",2,1,0,1,"GTAG",NA,"ANCHOR_UNIQUE,CANONICAL,CIRCULAR,GOOD_EXT,UNAMBIGUOUS_BP"
"1991","15",92467058,92467293,"hsa_circ_010344",2,"-",1,2,40,5,"my_test_sample",2,0,0,1,"GTAG",NA,"ANCHOR_UNIQUE,CANONICAL,CIRCULAR,PERFECT_EXT,UNAMBIGUOUS_BP"
"1992","18",46663317,46663531,"hsa_circ_010351",2,"-",2,2,5,40,"my_test_sample",2,0,0,1,"GTAG",NA,"ANCHOR_UNIQUE,CANONICAL,CIRCULAR,PERFECT_EXT,UNAMBIGUOUS_BP"
"1993","13",105273384,105273657,"hsa_circ_010354",5,"+",1,5,40,5,"my_test_sample",5,0,0,1,"GTAG",NA,"ANCHOR_UNIQUE,CANONICAL,CIRCULAR,PERFECT_EXT,UNAMBIGUOUS_BP"
"1994","16",50859340,50859585,"hsa_circ_010358",3,"+",2,3,40,5,"my_test_sample",3,0,0,1,"GTAG",NA,"ANCHOR_UNIQUE,CANONICAL,CIRCULAR,PERFECT_EXT,UNAMBIGUOUS_BP"
"1995","4",174558411,174558590,"hsa_circ_010360",2,"-",1,2,40,5,"my_test_sample",2,0,0,1,"GTAG",NA,"ANCHOR_UNIQUE,CANONICAL,CIRCULAR,PERFECT_EXT,UNAMBIGUOUS_BP"
"1996","1",203537180,203537384,"hsa_circ_010363",2,"-",1,2,40,5,"my_test_sample",2,2,0,1,"GTAG",NA,"ANCHOR_UNIQUE,CANONICAL,CIRCULAR,OK_EXT,UNAMBIGUOUS_BP"
"1997","8",138712193,138712363,"hsa_circ_010372",3,"+",1,3,5,40,"my_test_sample",3,1,0,1,"GTAG",NA,"ANCHOR_UNIQUE,CANONICAL,CIRCULAR,GOOD_EXT,UNAMBIGUOUS_BP"
"1998","1",175092865,175093024,"hsa_circ_010378",2,"-",2,2,40,5,"my_test_sample",2,0,0,1,"GTAG",NA,"ANCHOR_UNIQUE,CANONICAL,CIRCULAR,PERFECT_EXT,UNAMBIGUOUS_BP"
"1999","15",51279190,51279372,"hsa_circ_010380",3,"+",3,3,40,40,"my_test_sample",3,0,0,1,"GTAG",NA,"ANCHOR_UNIQUE,CANONICAL,CIRCULAR,PERFECT_EXT,UNAMBIGUOUS_BP"
"2000","7",4412520,4412726,"hsa_circ_010384",2,"+",1,2,40,35,"my_test_sample",2,0,0,1,"GTAG",NA,"ANCHOR_UNIQUE,CANONICAL,CIRCULAR,PERFECT_EXT,UNAMBIGUOUS_BP"
"2001","18",75703837,75704013,"hsa_circ_010386",2,"-",2,2,4,5,"my_test_sample",2,2,0,1,"GTAG",NA,"ANCHOR_UNIQUE,CANONICAL,CIRCULAR,OK_EXT,UNAMBIGUOUS_BP"
"2002","19",16204008,16204167,"hsa_circ_010389",2,"+",1,2,5,5,"my_test_sample",2,2,0,1,"GTAG",NA,"ANCHOR_UNIQUE,CANONICAL,CIRCULAR,OK_EXT,UNAMBIGUOUS_BP"
"2003","12",55752802,55753032,"hsa_circ_010390",2,"+",1,2,40,5,"my_test_sample",2,1,0,1,"GTAG",NA,"ANCHOR_UNIQUE,CANONICAL,CIRCULAR,GOOD_EXT,UNAMBIGUOUS_BP"
"2004","1",230398115,230398329,"hsa_circ_010394",2,"-",1,2,40,40,"my_test_sample",2,1,0,1,"GTAG",NA,"ANCHOR_UNIQUE,CANONICAL,CIRCULAR,GOOD_EXT,UNAMBIGUOUS_BP"
"2005","5",40557897,40558048,"hsa_circ_010396",3,"-",1,3,5,5,"my_test_sample",3,2,0,1,"GTAG",NA,"ANCHOR_UNIQUE,CANONICAL,CIRCULAR,OK_EXT,UNAMBIGUOUS_BP"
"2006","11",131498489,131498812,"hsa_circ_010398",2,"-",1,2,40,40,"my_test_sample",2,0,0,1,"GTAG",NA,"ANCHOR_UNIQUE,CANONICAL,CIRCULAR,PERFECT_EXT,UNAMBIGUOUS_BP"
"2007","17",66967475,66967626,"hsa_circ_010399",2,"-",2,2,5,40,"my_test_sample",2,0,0,1,"GTAG",NA,"ANCHOR_UNIQUE,CANONICAL,CIRCULAR,PERFECT_EXT,UNAMBIGUOUS_BP"
"2008","2",3199708,3199860,"hsa_circ_010402",2,"+",2,1,5,40,"my_test_sample",2,0,0,1,"GTAG",NA,"ANCHOR_UNIQUE,CANONICAL,CIRCULAR,PERFECT_EXT,UNAMBIGUOUS_BP"
"2009","18",42240525,42240697,"hsa_circ_010405",4,"-",1,4,40,40,"my_test_sample",4,1,0,1,"GTAG",NA,"ANCHOR_UNIQUE,CANONICAL,CIRCULAR,GOOD_EXT,UNAMBIGUOUS_BP"
"2010","14",105162588,105162657,"hsa_circ_010421",2,"-",1,2,40,40,"my_test_sample",2,2,0,1,"GTAG",NA,"ANCHOR_UNIQUE,CANONICAL,CIRCULAR,OK_EXT,UNAMBIGUOUS_BP"
"2011","18",45469339,45469559,"hsa_circ_010423",2,"+",1,2,5,40,"my_test_sample",2,0,0,1,"GTAG",NA,"ANCHOR_UNIQUE,CANONICAL,CIRCULAR,PERFECT_EXT,UNAMBIGUOUS_BP"
"2012","11",60977311,60977463,"hsa_circ_010428",2,"-",1,2,40,5,"my_test_sample",2,0,0,1,"GTAG",NA,"ANCHOR_UNIQUE,CANONICAL,CIRCULAR,PERFECT_EXT,UNAMBIGUOUS_BP"
"2013","12",131896435,131896656,"hsa_circ_010434",3,"+",1,3,5,40,"my_test_sample",3,0,0,1,"GTAG",NA,"ANCHOR_UNIQUE,CANONICAL,CIRCULAR,PERFECT_EXT,UNAMBIGUOUS_BP"
"2014","19",35432739,35432974,"hsa_circ_010435",2,"+",1,2,40,40,"my_test_sample",2,1,0,1,"GTAG",NA,"ANCHOR_UNIQUE,CANONICAL,CIRCULAR,GOOD_EXT,UNAMBIGUOUS_BP"
"2015","19",31165077,31165275,"hsa_circ_010439",2,"-",1,2,40,40,"my_test_sample",2,0,0,1,"GTAG",NA,"ANCHOR_UNIQUE,CANONICAL,CIRCULAR,PERFECT_EXT,UNAMBIGUOUS_BP"
"2016","11",71067875,71068109,"hsa_circ_010440",6,"-",1,6,5,5,"my_test_sample",6,0,0,1,"GTAG",NA,"ANCHOR_UNIQUE,CANONICAL,CIRCULAR,PERFECT_EXT,UNAMBIGUOUS_BP"
"2017","4",56708924,56709113,"hsa_circ_010447",2,"+",1,2,40,40,"my_test_sample",2,0,0,1,"GTAG",NA,"ANCHOR_UNIQUE,CANONICAL,CIRCULAR,PERFECT_EXT,UNAMBIGUOUS_BP"
"2018","10",101489064,101489229,"hsa_circ_010459",2,"-",2,2,5,40,"my_test_sample",2,1,0,1,"GTAG",NA,"ANCHOR_UNIQUE,CANONICAL,CIRCULAR,GOOD_EXT,UNAMBIGUOUS_BP"
"2019","3",162130667,162130865,"hsa_circ_010462",2,"+",2,2,40,40,"my_test_sample",2,0,0,1,"GTAG",NA,"ANCHOR_UNIQUE,CANONICAL,CIRCULAR,PERFECT_EXT,UNAMBIGUOUS_BP"
"2020","X",30189313,30189528,"hsa_circ_010466",3,"+",1,3,5,5,"my_test_sample",3,0,0,1,"GTAG",NA,"ANCHOR_UNIQUE,CANONICAL,CIRCULAR,PERFECT_EXT,UNAMBIGUOUS_BP"
"2021","6",14761461,14761670,"hsa_circ_010475",2,"+",1,2,5,5,"my_test_sample",2,1,0,1,"GTAG",NA,"ANCHOR_UNIQUE,CANONICAL,CIRCULAR,GOOD_EXT,UNAMBIGUOUS_BP"
"2022","9",37934169,37934404,"hsa_circ_010476",2,"-",2,2,5,40,"my_test_sample",2,0,0,1,"GTAG",NA,"ANCHOR_UNIQUE,CANONICAL,CIRCULAR,PERFECT_EXT,UNAMBIGUOUS_BP"
"2023","19",33721625,33721813,"hsa_circ_010480",2,"+",2,2,4,5,"my_test_sample",2,1,0,1,"GTAG",NA,"ANCHOR_UNIQUE,CANONICAL,CIRCULAR,GOOD_EXT,UNAMBIGUOUS_BP"
"2024","8",136166390,136166551,"hsa_circ_010486",2,"+",1,2,40,5,"my_test_sample",2,0,0,1,"GTAG",NA,"ANCHOR_UNIQUE,CANONICAL,CIRCULAR,PERFECT_EXT,UNAMBIGUOUS_BP"
"2025","22",31141474,31141656,"hsa_circ_010490",2,"+",1,2,40,5,"my_test_sample",2,0,0,1,"GTAG",NA,"ANCHOR_UNIQUE,CANONICAL,CIRCULAR,PERFECT_EXT,UNAMBIGUOUS_BP"
"2026","16",86932162,86932325,"hsa_circ_010491",2,"+",1,2,40,5,"my_test_sample",2,2,0,1,"GTAG",NA,"ANCHOR_UNIQUE,CANONICAL,CIRCULAR,OK_EXT,UNAMBIGUOUS_BP"
"2027","15",23440214,23440667,"hsa_circ_010494",2,"-",1,2,5,5,"my_test_sample",2,1,0,1,"GTAG",NA,"ANCHOR_UNIQUE,CANONICAL,CIRCULAR,GOOD_EXT,UNAMBIGUOUS_BP"
"2028","11",99138401,99138964,"hsa_circ_010502",3,"+",1,3,5,40,"my_test_sample",3,1,0,1,"GTAG",NA,"ANCHOR_UNIQUE,CANONICAL,CIRCULAR,GOOD_EXT,UNAMBIGUOUS_BP"
"2029","19",47440166,47440380,"hsa_circ_010504",3,"-",2,3,40,5,"my_test_sample",3,0,0,1,"GTAG",NA,"ANCHOR_UNIQUE,CANONICAL,CIRCULAR,PERFECT_EXT,UNAMBIGUOUS_BP"
"2030","3",38794902,38795091,"hsa_circ_010509",2,"-",1,2,5,40,"my_test_sample",2,0,0,1,"GTAG",NA,"ANCHOR_UNIQUE,CANONICAL,CIRCULAR,PERFECT_EXT,UNAMBIGUOUS_BP"
"2031","5",2216556,2216711,"hsa_circ_010515",2,"+",1,2,5,5,"my_test_sample",2,2,0,1,"GTAG",NA,"ANCHOR_UNIQUE,CANONICAL,CIRCULAR,OK_EXT,UNAMBIGUOUS_BP"
"2032","7",153064476,153064639,"hsa_circ_010516",2,"-",1,2,5,3,"my_test_sample",2,0,0,1,"GTAG",NA,"ANCHOR_UNIQUE,CANONICAL,CIRCULAR,PERFECT_EXT,UNAMBIGUOUS_BP"
"2033","6",160325519,160325714,"hsa_circ_010529",2,"+",2,2,5,5,"my_test_sample",2,1,0,1,"GTAG",NA,"ANCHOR_UNIQUE,CANONICAL,CIRCULAR,GOOD_EXT,UNAMBIGUOUS_BP"
"2034","2",235695747,235695990,"hsa_circ_010537",3,"+",1,3,40,40,"my_test_sample",3,1,0,1,"GTAG",NA,"ANCHOR_UNIQUE,CANONICAL,CIRCULAR,GOOD_EXT,UNAMBIGUOUS_BP"
"2035","15",84992590,84992759,"hsa_circ_010544",2,"+",1,2,40,40,"my_test_sample",2,0,0,1,"GTAG",NA,"ANCHOR_UNIQUE,CANONICAL,CIRCULAR,PERFECT_EXT,UNAMBIGUOUS_BP"
"2036","19",3231809,3231975,"hsa_circ_010545",3,"+",2,3,5,5,"my_test_sample",3,0,0,1,"GTAG",NA,"ANCHOR_UNIQUE,CANONICAL,CIRCULAR,PERFECT_EXT,UNAMBIGUOUS_BP"
"2037","3",36434677,36434860,"hsa_circ_010554",2,"+",2,2,5,4,"my_test_sample",2,2,0,1,"GTAG",NA,"ANCHOR_UNIQUE,CANONICAL,CIRCULAR,OK_EXT,UNAMBIGUOUS_BP"
"2038","2",136379398,136382405,"hsa_circ_010555",2,"-",2,2,40,40,"my_test_sample",2,1,0,1,"GTAG",NA,"ANCHOR_UNIQUE,CANONICAL,CIRCULAR,GOOD_EXT,UNAMBIGUOUS_BP"
"2039","11",3639378,3639546,"hsa_circ_010556",3,"+",1,3,5,5,"my_test_sample",3,1,0,1,"GTAG",NA,"ANCHOR_UNIQUE,CANONICAL,CIRCULAR,GOOD_EXT,UNAMBIGUOUS_BP"
"2040","16",1374426,1374651,"hsa_circ_010560",2,"-",1,2,5,40,"my_test_sample",2,0,0,1,"GTAG",NA,"ANCHOR_UNIQUE,CANONICAL,CIRCULAR,PERFECT_EXT,UNAMBIGUOUS_BP"
"2041","4",59060709,59060912,"hsa_circ_010567",3,"+",3,3,40,37,"my_test_sample",3,0,1,1,"GTAG",NA,"ANCHOR_UNIQUE,CANONICAL,CIRCULAR,GOOD_EXT,UNAMBIGUOUS_BP"
"2042","21",39632999,39633164,"hsa_circ_010572",2,"+",2,1,40,5,"my_test_sample",2,1,0,1,"GTAG",NA,"ANCHOR_UNIQUE,CANONICAL,CIRCULAR,GOOD_EXT,UNAMBIGUOUS_BP"
"2043","18",11165614,11165907,"hsa_circ_010574",2,"+",1,2,5,5,"my_test_sample",2,0,0,1,"GTAG",NA,"ANCHOR_UNIQUE,CANONICAL,CIRCULAR,PERFECT_EXT,UNAMBIGUOUS_BP"
"2044","10",70559371,70559523,"hsa_circ_010576",2,"+",2,2,40,5,"my_test_sample",2,2,0,1,"GTAG",NA,"ANCHOR_UNIQUE,CANONICAL,CIRCULAR,OK_EXT,UNAMBIGUOUS_BP"
"2045","2",193966347,193966630,"hsa_circ_010579",2,"-",1,2,40,5,"my_test_sample",2,1,0,1,"GTAG",NA,"ANCHOR_UNIQUE,CANONICAL,CIRCULAR,GOOD_EXT,UNAMBIGUOUS_BP"
"2046","18",54538699,54538861,"hsa_circ_010581",2,"-",1,2,5,5,"my_test_sample",2,1,0,1,"GTAG",NA,"ANCHOR_UNIQUE,CANONICAL,CIRCULAR,GOOD_EXT,UNAMBIGUOUS_BP"
"2047","12",89783952,89784110,"hsa_circ_010590",3,"+",2,3,40,40,"my_test_sample",3,0,0,1,"GTAG",NA,"ANCHOR_UNIQUE,CANONICAL,CIRCULAR,PERFECT_EXT,UNAMBIGUOUS_BP"
"2048","3",150983369,150983944,"hsa_circ_010593",2,"-",1,2,40,5,"my_test_sample",2,0,0,1,"GTAG",NA,"ANCHOR_UNIQUE,CANONICAL,CIRCULAR,PERFECT_EXT,UNAMBIGUOUS_BP"
"2049","10",73854114,73854264,"hsa_circ_010600",2,"-",1,2,5,40,"my_test_sample",2,1,0,1,"GTAG",NA,"ANCHOR_UNIQUE,CANONICAL,CIRCULAR,GOOD_EXT,UNAMBIGUOUS_BP"
"2050","22",21635357,21635518,"hsa_circ_010604",2,"-",2,1,5,5,"my_test_sample",2,0,0,1,"GTAG",NA,"ANCHOR_UNIQUE,CANONICAL,CIRCULAR,PERFECT_EXT,UNAMBIGUOUS_BP"
"2051","11",47589295,47589467,"hsa_circ_010613",2,"+",1,2,5,40,"my_test_sample",2,0,0,1,"GTAG",NA,"ANCHOR_UNIQUE,CANONICAL,CIRCULAR,PERFECT_EXT,UNAMBIGUOUS_BP"
"2052","1",231298178,231298383,"hsa_circ_010615",2,"-",1,2,40,40,"my_test_sample",2,2,0,1,"GTAG",NA,"ANCHOR_UNIQUE,CANONICAL,CIRCULAR,OK_EXT,UNAMBIGUOUS_BP"
"2053","12",108857065,108857233,"hsa_circ_010617",2,"-",1,2,40,40,"my_test_sample",2,1,0,1,"GTAG",NA,"ANCHOR_UNIQUE,CANONICAL,CIRCULAR,GOOD_EXT,UNAMBIGUOUS_BP"
"2054","1",2146967,2147132,"hsa_circ_010618",3,"-",1,3,40,5,"my_test_sample",3,2,0,1,"GTAG",NA,"ANCHOR_UNIQUE,CANONICAL,CIRCULAR,OK_EXT,UNAMBIGUOUS_BP"
"2055","X",729793,730039,"hsa_circ_010619",2,"+",2,2,5,5,"my_test_sample",2,0,0,1,"GTAG",NA,"ANCHOR_UNIQUE,CANONICAL,CIRCULAR,PERFECT_EXT,UNAMBIGUOUS_BP"
"2056","X",36774689,36774878,"hsa_circ_010621",2,"-",1,2,40,40,"my_test_sample",2,0,0,1,"GTAG",NA,"ANCHOR_UNIQUE,CANONICAL,CIRCULAR,PERFECT_EXT,UNAMBIGUOUS_BP"
"2057","19",55428954,55429105,"hsa_circ_010627",2,"-",1,2,5,5,"my_test_sample",2,0,0,1,"GTAG",NA,"ANCHOR_UNIQUE,CANONICAL,CIRCULAR,PERFECT_EXT,UNAMBIGUOUS_BP"
"2058","X",50312218,50312968,"hsa_circ_010637",4,"-",1,4,5,40,"my_test_sample",4,0,0,1,"GTAG",NA,"ANCHOR_UNIQUE,CANONICAL,CIRCULAR,PERFECT_EXT,UNAMBIGUOUS_BP"
"2059","5",38018788,38018939,"hsa_circ_010646",2,"+",1,2,5,40,"my_test_sample",2,0,0,1,"GTAG",NA,"ANCHOR_UNIQUE,CANONICAL,CIRCULAR,PERFECT_EXT,UNAMBIGUOUS_BP"
"2060","22",46617133,46617353,"hsa_circ_010650",2,"+",2,2,5,37,"my_test_sample",2,1,0,1,"GTAG",NA,"ANCHOR_UNIQUE,CANONICAL,CIRCULAR,GOOD_EXT,UNAMBIGUOUS_BP"
"2061","3",147929807,147930760,"hsa_circ_010652",2,"-",1,2,5,40,"my_test_sample",2,0,0,1,"GTAG",NA,"ANCHOR_UNIQUE,CANONICAL,CIRCULAR,PERFECT_EXT,UNAMBIGUOUS_BP"
"2062","10",82688031,82688203,"hsa_circ_010653",2,"-",2,2,5,40,"my_test_sample",2,1,0,1,"GTAG",NA,"ANCHOR_UNIQUE,CANONICAL,CIRCULAR,GOOD_EXT,UNAMBIGUOUS_BP"
"2063","15",95587035,95587276,"hsa_circ_010668",4,"+",1,4,40,5,"my_test_sample",4,0,0,1,"GTAG",NA,"ANCHOR_UNIQUE,CANONICAL,CIRCULAR,PERFECT_EXT,UNAMBIGUOUS_BP"
"2064","16",23847962,23848145,"hsa_circ_010671",2,"+",2,2,5,5,"my_test_sample",2,0,2,1,"GTAG",NA,"ANCHOR_UNIQUE,CANONICAL,CIRCULAR,OK_EXT,UNAMBIGUOUS_BP"
"2065","3",148626739,148626895,"hsa_circ_010676",2,"-",1,2,5,40,"my_test_sample",2,1,0,1,"GTAG",NA,"ANCHOR_UNIQUE,CANONICAL,CIRCULAR,GOOD_EXT,UNAMBIGUOUS_BP"
"2066","19",29275410,29275560,"hsa_circ_010684",5,"-",3,5,40,5,"my_test_sample",5,0,0,1,"GTAG",NA,"ANCHOR_UNIQUE,CANONICAL,CIRCULAR,PERFECT_EXT,UNAMBIGUOUS_BP"
"2067","20",12617675,12617832,"hsa_circ_010686",2,"-",2,2,40,40,"my_test_sample",2,0,0,1,"GTAG",NA,"ANCHOR_UNIQUE,CANONICAL,CIRCULAR,PERFECT_EXT,UNAMBIGUOUS_BP"
"2068","15",62847388,62847561,"hsa_circ_010689",2,"+",2,2,4,5,"my_test_sample",2,1,0,1,"GTAG",NA,"ANCHOR_UNIQUE,CANONICAL,CIRCULAR,GOOD_EXT,UNAMBIGUOUS_BP"
"2069","11",71069258,71069421,"hsa_circ_010691",2,"-",2,2,5,4,"my_test_sample",2,1,0,1,"GTAG",NA,"ANCHOR_UNIQUE,CANONICAL,CIRCULAR,GOOD_EXT,UNAMBIGUOUS_BP"
"2070","17",47737159,47737317,"hsa_circ_010700",3,"+",2,3,40,40,"my_test_sample",3,1,0,1,"GTAG",NA,"ANCHOR_UNIQUE,CANONICAL,CIRCULAR,GOOD_EXT,UNAMBIGUOUS_BP"
"2071","5",139846837,139847022,"hsa_circ_010701",2,"+",1,2,5,5,"my_test_sample",2,0,0,1,"GTAG",NA,"ANCHOR_UNIQUE,CANONICAL,CIRCULAR,PERFECT_EXT,UNAMBIGUOUS_BP"
"2072","14",37248185,37248361,"hsa_circ_010703",2,"-",1,2,5,5,"my_test_sample",2,0,0,1,"GTAG",NA,"ANCHOR_UNIQUE,CANONICAL,CIRCULAR,PERFECT_EXT,UNAMBIGUOUS_BP"
"2073","10",86266162,86266334,"hsa_circ_010711",2,"-",2,2,5,5,"my_test_sample",2,0,0,1,"GTAG",NA,"ANCHOR_UNIQUE,CANONICAL,CIRCULAR,PERFECT_EXT,UNAMBIGUOUS_BP"
"2074","19",20909988,20910140,"hsa_circ_010712",2,"-",1,2,5,5,"my_test_sample",2,0,0,1,"GTAG",NA,"ANCHOR_UNIQUE,CANONICAL,CIRCULAR,PERFECT_EXT,UNAMBIGUOUS_BP"
"2075","2",238544164,238544331,"hsa_circ_010714",2,"-",1,2,40,5,"my_test_sample",2,0,0,1,"GTAG",NA,"ANCHOR_UNIQUE,CANONICAL,CIRCULAR,PERFECT_EXT,UNAMBIGUOUS_BP"
"2076","16",70586559,70586746,"hsa_circ_010719",2,"-",1,2,5,40,"my_test_sample",2,2,0,1,"GTAG",NA,"ANCHOR_UNIQUE,CANONICAL,CIRCULAR,OK_EXT,UNAMBIGUOUS_BP"
"2077","1",147121044,147121195,"hsa_circ_010720",2,"-",2,2,5,5,"my_test_sample",2,0,0,1,"GTAG",NA,"ANCHOR_UNIQUE,CANONICAL,CIRCULAR,PERFECT_EXT,UNAMBIGUOUS_BP"
"2078","1",246501429,246501614,"hsa_circ_010722",3,"-",1,3,40,40,"my_test_sample",3,0,0,1,"GTAG",NA,"ANCHOR_UNIQUE,CANONICAL,CIRCULAR,PERFECT_EXT,UNAMBIGUOUS_BP"
"2079","7",36019682,36019845,"hsa_circ_010723",3,"+",1,3,5,40,"my_test_sample",3,1,0,1,"GTAG",NA,"ANCHOR_UNIQUE,CANONICAL,CIRCULAR,GOOD_EXT,UNAMBIGUOUS_BP"
"2080","11",73840995,73841233,"hsa_circ_010733",2,"+",1,2,5,40,"my_test_sample",2,1,2,1,"GTAG",NA,"ANCHOR_UNIQUE,CANONICAL,CIRCULAR,OK_EXT,UNAMBIGUOUS_BP"
"2081","19",17362335,17362505,"hsa_circ_010737",2,"-",2,2,40,40,"my_test_sample",2,1,0,1,"GTAG",NA,"ANCHOR_UNIQUE,CANONICAL,CIRCULAR,GOOD_EXT,UNAMBIGUOUS_BP"
"2082","5",169891069,169891257,"hsa_circ_010739",3,"-",2,3,40,5,"my_test_sample",3,0,0,1,"GTAG",NA,"ANCHOR_UNIQUE,CANONICAL,CIRCULAR,PERFECT_EXT,UNAMBIGUOUS_BP"
"2083","12",80816,80970,"hsa_circ_010745",2,"-",2,2,40,40,"my_test_sample",2,0,0,1,"GTAG",NA,"ANCHOR_UNIQUE,CANONICAL,CIRCULAR,PERFECT_EXT,UNAMBIGUOUS_BP"
"2084","2",96898843,96899002,"hsa_circ_010746",3,"+",1,3,5,5,"my_test_sample",3,0,0,1,"GTAG",NA,"ANCHOR_UNIQUE,CANONICAL,CIRCULAR,PERFECT_EXT,UNAMBIGUOUS_BP"
"2085","16",86911493,86911674,"hsa_circ_010757",2,"-",1,2,5,5,"my_test_sample",2,0,0,1,"GTAG",NA,"ANCHOR_UNIQUE,CANONICAL,CIRCULAR,PERFECT_EXT,UNAMBIGUOUS_BP"
"2086","14",22799931,22800122,"hsa_circ_010758",3,"-",1,3,40,40,"my_test_sample",3,1,0,1,"GTAG",NA,"ANCHOR_UNIQUE,CANONICAL,CIRCULAR,GOOD_EXT,UNAMBIGUOUS_BP"
"2087","19",35804030,35804232,"hsa_circ_010761",4,"+",2,4,40,40,"my_test_sample",4,0,0,1,"GTAG",NA,"ANCHOR_UNIQUE,CANONICAL,CIRCULAR,PERFECT_EXT,UNAMBIGUOUS_BP"
"2088","9",14061151,14061369,"hsa_circ_010762",3,"-",1,3,40,5,"my_test_sample",3,2,0,1,"GTAG",NA,"ANCHOR_UNIQUE,CANONICAL,CIRCULAR,OK_EXT,UNAMBIGUOUS_BP"
"2089","6",43438167,43438356,"hsa_circ_010764",4,"+",2,4,40,40,"my_test_sample",4,0,0,1,"GTAG",NA,"ANCHOR_UNIQUE,CANONICAL,CIRCULAR,PERFECT_EXT,UNAMBIGUOUS_BP"
"2090","X",7473124,7473286,"hsa_circ_010765",2,"-",2,2,40,40,"my_test_sample",2,0,0,1,"GTAG",NA,"ANCHOR_UNIQUE,CANONICAL,CIRCULAR,PERFECT_EXT,UNAMBIGUOUS_BP"
"2091","22",27087448,27087640,"hsa_circ_010766",3,"-",1,3,5,40,"my_test_sample",3,2,0,1,"GTAG",NA,"ANCHOR_UNIQUE,CANONICAL,CIRCULAR,OK_EXT,UNAMBIGUOUS_BP"
"2092","11",133557315,133557465,"hsa_circ_010769",2,"-",2,2,40,5,"my_test_sample",2,0,0,1,"GTAG",NA,"ANCHOR_UNIQUE,CANONICAL,CIRCULAR,PERFECT_EXT,UNAMBIGUOUS_BP"
"2093","2",127077459,127077667,"hsa_circ_010774",2,"+",1,2,40,40,"my_test_sample",2,2,0,1,"GTAG",NA,"ANCHOR_UNIQUE,CANONICAL,CIRCULAR,OK_EXT,UNAMBIGUOUS_BP"
"2094","16",51963652,51963899,"hsa_circ_010776",2,"+",2,2,5,40,"my_test_sample",2,0,0,1,"GTAG",NA,"ANCHOR_UNIQUE,CANONICAL,CIRCULAR,PERFECT_EXT,UNAMBIGUOUS_BP"
"2095","10",109676763,109676973,"hsa_circ_010781",2,"+",2,2,40,40,"my_test_sample",2,0,0,1,"GTAG",NA,"ANCHOR_UNIQUE,CANONICAL,CIRCULAR,PERFECT_EXT,UNAMBIGUOUS_BP"
"2096","18",24122915,24123099,"hsa_circ_010785",2,"-",1,2,5,40,"my_test_sample",2,1,0,1,"GTAG",NA,"ANCHOR_UNIQUE,CANONICAL,CIRCULAR,GOOD_EXT,UNAMBIGUOUS_BP"
"2097","2",101947644,101947852,"hsa_circ_010802",2,"+",1,2,5,5,"my_test_sample",2,2,0,1,"GTAG",NA,"ANCHOR_UNIQUE,CANONICAL,CIRCULAR,OK_EXT,UNAMBIGUOUS_BP"
"2098","15",31062073,31062278,"hsa_circ_010805",2,"+",1,2,40,5,"my_test_sample",2,2,0,1,"GTAG",NA,"ANCHOR_UNIQUE,CANONICAL,CIRCULAR,OK_EXT,UNAMBIGUOUS_BP"
"2099","16",89133409,89133632,"hsa_circ_010806",2,"-",1,2,40,40,"my_test_sample",2,2,1,1,"GTAG",NA,"ANCHOR_UNIQUE,CANONICAL,CIRCULAR,OK_EXT,UNAMBIGUOUS_BP"
"2100","21",27557112,27557345,"hsa_circ_010807",3,"+",2,3,40,40,"my_test_sample",3,0,0,1,"GTAG",NA,"ANCHOR_UNIQUE,CANONICAL,CIRCULAR,PERFECT_EXT,UNAMBIGUOUS_BP"
"2101","9",118590645,118590853,"hsa_circ_010818",2,"-",1,2,5,5,"my_test_sample",2,0,0,1,"GTAG",NA,"ANCHOR_UNIQUE,CANONICAL,CIRCULAR,PERFECT_EXT,UNAMBIGUOUS_BP"
"2102","11",8358447,8358643,"hsa_circ_010823",2,"+",1,2,5,5,"my_test_sample",2,1,0,1,"GTAG",NA,"ANCHOR_UNIQUE,CANONICAL,CIRCULAR,GOOD_EXT,UNAMBIGUOUS_BP"
"2103","14",106141451,106141720,"hsa_circ_010824",2,"+",2,2,40,5,"my_test_sample",2,2,0,1,"GTAG",NA,"ANCHOR_UNIQUE,CANONICAL,CIRCULAR,OK_EXT,UNAMBIGUOUS_BP"
"2104","15",89215854,89216015,"hsa_circ_010825",3,"-",2,3,35,5,"my_test_sample",3,0,0,1,"GTAG",NA,"ANCHOR_UNIQUE,CANONICAL,CIRCULAR,PERFECT_EXT,UNAMBIGUOUS_BP"
"2105","4",140617023,140617240,"hsa_circ_010826",2,"-",1,2,5,40,"my_test_sample",2,2,0,1,"GTAG",NA,"ANCHOR_UNIQUE,CANONICAL,CIRCULAR,OK_EXT,UNAMBIGUOUS_BP"
"2106","2",73345357,73345539,"hsa_circ_010837",2,"-",2,2,40,40,"my_test_sample",2,1,0,1,"GTAG",NA,"ANCHOR_UNIQUE,CANONICAL,CIRCULAR,GOOD_EXT,UNAMBIGUOUS_BP"
"2107","17",10694157,10694309,"hsa_circ_010839",2,"+",2,2,40,5,"my_test_sample",2,0,0,1,"GTAG",NA,"ANCHOR_UNIQUE,CANONICAL,CIRCULAR,PERFECT_EXT,UNAMBIGUOUS_BP"
"2108","12",122044904,122045063,"hsa_circ_010842",2,"+",2,2,40,5,"my_test_sample",2,0,0,1,"GTAG",NA,"ANCHOR_UNIQUE,CANONICAL,CIRCULAR,PERFECT_EXT,UNAMBIGUOUS_BP"
"2109","6",105810626,105810811,"hsa_circ_010844",2,"+",1,2,40,5,"my_test_sample",2,0,1,1,"GTAG",NA,"ANCHOR_UNIQUE,CANONICAL,CIRCULAR,GOOD_EXT,UNAMBIGUOUS_BP"
"2110","1",118171031,118171224,"hsa_circ_010853",2,"+",1,2,5,5,"my_test_sample",2,0,0,1,"GTAG",NA,"ANCHOR_UNIQUE,CANONICAL,CIRCULAR,PERFECT_EXT,UNAMBIGUOUS_BP"
"2111","17",42044819,42045005,"hsa_circ_010856",2,"-",2,2,5,37,"my_test_sample",2,0,0,1,"GTAG",NA,"ANCHOR_UNIQUE,CANONICAL,CIRCULAR,PERFECT_EXT,UNAMBIGUOUS_BP"
"2112","X",19373535,19373751,"hsa_circ_010859",2,"-",2,2,40,5,"my_test_sample",2,2,0,1,"GTAG",NA,"ANCHOR_UNIQUE,CANONICAL,CIRCULAR,OK_EXT,UNAMBIGUOUS_BP"
"2113","19",8960170,8960348,"hsa_circ_010868",4,"+",3,4,5,40,"my_test_sample",4,0,0,1,"GTAG",NA,"ANCHOR_UNIQUE,CANONICAL,CIRCULAR,PERFECT_EXT,UNAMBIGUOUS_BP"
"2114","9",118659566,118659764,"hsa_circ_010873",2,"+",2,2,40,5,"my_test_sample",2,0,0,1,"GTAG",NA,"ANCHOR_UNIQUE,CANONICAL,CIRCULAR,PERFECT_EXT,UNAMBIGUOUS_BP"
"2115","14",50019640,50019820,"hsa_circ_010881",2,"+",1,2,5,5,"my_test_sample",2,0,0,1,"GTAG",NA,"ANCHOR_UNIQUE,CANONICAL,CIRCULAR,PERFECT_EXT,UNAMBIGUOUS_BP"
"2116","7",128389184,128389335,"hsa_circ_010883",2,"+",1,2,5,5,"my_test_sample",2,0,0,1,"GTAG",NA,"ANCHOR_UNIQUE,CANONICAL,CIRCULAR,PERFECT_EXT,UNAMBIGUOUS_BP"
"2117","2",237151562,237151717,"hsa_circ_010899",2,"-",2,2,5,5,"my_test_sample",2,0,0,1,"GTAG",NA,"ANCHOR_UNIQUE,CANONICAL,CIRCULAR,PERFECT_EXT,UNAMBIGUOUS_BP"
"2118","X",4240923,4241120,"hsa_circ_010901",4,"+",2,4,5,5,"my_test_sample",4,2,0,1,"GTAG",NA,"ANCHOR_UNIQUE,CANONICAL,CIRCULAR,OK_EXT,UNAMBIGUOUS_BP"
"2119","19",53942754,53942950,"hsa_circ_010920",4,"-",3,4,40,40,"my_test_sample",4,0,0,1,"GTAG",NA,"ANCHOR_UNIQUE,CANONICAL,CIRCULAR,PERFECT_EXT,UNAMBIGUOUS_BP"
"2120","14",84735628,84735918,"hsa_circ_010924",2,"-",2,1,35,3,"my_test_sample",2,0,0,1,"GTAG",NA,"ANCHOR_UNIQUE,CANONICAL,CIRCULAR,PERFECT_EXT,UNAMBIGUOUS_BP"
"2121","6",155579956,155580116,"hsa_circ_010936",2,"-",1,2,5,40,"my_test_sample",2,0,0,1,"GTAG",NA,"ANCHOR_UNIQUE,CANONICAL,CIRCULAR,PERFECT_EXT,UNAMBIGUOUS_BP"
"2122","7",97073154,97073367,"hsa_circ_010939",2,"+",1,2,40,5,"my_test_sample",2,2,0,1,"GTAG",NA,"ANCHOR_UNIQUE,CANONICAL,CIRCULAR,OK_EXT,UNAMBIGUOUS_BP"
"2123","4",124071631,124071806,"hsa_circ_010942",2,"-",1,2,40,5,"my_test_sample",2,2,0,1,"GTAG",NA,"ANCHOR_UNIQUE,CANONICAL,CIRCULAR,OK_EXT,UNAMBIGUOUS_BP"
"2124","12",121756471,121756665,"hsa_circ_010945",2,"+",1,2,40,40,"my_test_sample",2,0,0,1,"GTAG",NA,"ANCHOR_UNIQUE,CANONICAL,CIRCULAR,PERFECT_EXT,UNAMBIGUOUS_BP"
"2125","12",127370942,127371160,"hsa_circ_010954",2,"-",2,2,37,40,"my_test_sample",2,0,0,1,"GTAG",NA,"ANCHOR_UNIQUE,CANONICAL,CIRCULAR,PERFECT_EXT,UNAMBIGUOUS_BP"
"2126","13",97537199,97537434,"hsa_circ_010955",2,"-",2,2,40,5,"my_test_sample",2,1,0,1,"GTAG",NA,"ANCHOR_UNIQUE,CANONICAL,CIRCULAR,GOOD_EXT,UNAMBIGUOUS_BP"
"2127","2",1960702,1960880,"hsa_circ_010957",3,"-",3,1,40,5,"my_test_sample",3,0,0,1,"GTAG",NA,"ANCHOR_UNIQUE,CANONICAL,CIRCULAR,PERFECT_EXT,UNAMBIGUOUS_BP"
"2128","13",76215488,76215684,"hsa_circ_010960",2,"+",1,2,5,5,"my_test_sample",2,0,0,1,"GTAG",NA,"ANCHOR_UNIQUE,CANONICAL,CIRCULAR,PERFECT_EXT,UNAMBIGUOUS_BP"
"2129","14",99550746,99550903,"hsa_circ_010985",3,"-",1,3,5,40,"my_test_sample",3,0,0,1,"GTAG",NA,"ANCHOR_UNIQUE,CANONICAL,CIRCULAR,PERFECT_EXT,UNAMBIGUOUS_BP"
"2130","3",133515519,133515671,"hsa_circ_010988",2,"-",1,2,5,40,"my_test_sample",2,2,0,1,"GTAG",NA,"ANCHOR_UNIQUE,CANONICAL,CIRCULAR,OK_EXT,UNAMBIGUOUS_BP"
"2131","5",133884436,133884648,"hsa_circ_010990",2,"-",1,2,5,5,"my_test_sample",2,0,0,1,"GTAG",NA,"ANCHOR_UNIQUE,CANONICAL,CIRCULAR,PERFECT_EXT,UNAMBIGUOUS_BP"
"2132","21",39673670,39673845,"hsa_circ_010994",2,"-",1,2,3,40,"my_test_sample",2,0,0,1,"GTAG",NA,"ANCHOR_UNIQUE,CANONICAL,CIRCULAR,PERFECT_EXT,UNAMBIGUOUS_BP"
"2133","5",140632218,140632383,"hsa_circ_010997",2,"+",1,2,40,5,"my_test_sample",2,0,0,1,"GTAG",NA,"ANCHOR_UNIQUE,CANONICAL,CIRCULAR,PERFECT_EXT,UNAMBIGUOUS_BP"
"2134","20",57981289,57981521,"hsa_circ_011009",3,"+",2,2,5,5,"my_test_sample",3,0,0,1,"GTAG",NA,"ANCHOR_UNIQUE,CANONICAL,CIRCULAR,PERFECT_EXT,UNAMBIGUOUS_BP"
"2135","10",69946234,69946394,"hsa_circ_011022",2,"-",2,2,40,40,"my_test_sample",2,1,0,1,"GTAG",NA,"ANCHOR_UNIQUE,CANONICAL,CIRCULAR,GOOD_EXT,UNAMBIGUOUS_BP"
"2136","16",89276473,89276657,"hsa_circ_011025",2,"-",2,2,40,5,"my_test_sample",2,0,0,1,"GTAG",NA,"ANCHOR_UNIQUE,CANONICAL,CIRCULAR,PERFECT_EXT,UNAMBIGUOUS_BP"
"2137","7",158151115,158151479,"hsa_circ_011030",2,"-",1,2,35,5,"my_test_sample",2,0,2,1,"GTAG",NA,"ANCHOR_UNIQUE,CANONICAL,CIRCULAR,OK_EXT,UNAMBIGUOUS_BP"
"2138","6",98030615,98030813,"hsa_circ_011033",2,"+",1,2,40,5,"my_test_sample",2,0,0,1,"GTAG",NA,"ANCHOR_UNIQUE,CANONICAL,CIRCULAR,PERFECT_EXT,UNAMBIGUOUS_BP"
"2139","10",82588305,82588538,"hsa_circ_011042",2,"+",1,2,5,5,"my_test_sample",2,1,0,1,"GTAG",NA,"ANCHOR_UNIQUE,CANONICAL,CIRCULAR,GOOD_EXT,UNAMBIGUOUS_BP"
"2140","2",54811149,54811404,"hsa_circ_011043",3,"-",2,3,5,40,"my_test_sample",3,0,0,1,"GTAG",NA,"ANCHOR_UNIQUE,CANONICAL,CIRCULAR,PERFECT_EXT,UNAMBIGUOUS_BP"
"2141","6",140978811,140979034,"hsa_circ_011054",2,"+",1,2,5,5,"my_test_sample",2,2,1,1,"GTAG",NA,"ANCHOR_UNIQUE,CANONICAL,CIRCULAR,OK_EXT,UNAMBIGUOUS_BP"
"2142","4",99218605,99218788,"hsa_circ_011055",2,"-",2,2,5,5,"my_test_sample",2,1,0,1,"GTAG",NA,"ANCHOR_UNIQUE,CANONICAL,CIRCULAR,GOOD_EXT,UNAMBIGUOUS_BP"
"2143","3",121118272,121118584,"hsa_circ_011059",2,"-",1,2,40,40,"my_test_sample",2,1,0,1,"GTAG",NA,"ANCHOR_UNIQUE,CANONICAL,CIRCULAR,GOOD_EXT,UNAMBIGUOUS_BP"
"2144","X",1768436,1768575,"hsa_circ_011060",2,"+",2,1,2,40,"my_test_sample",2,0,0,1,"GTAG",NA,"ANCHOR_UNIQUE,CANONICAL,CIRCULAR,PERFECT_EXT,UNAMBIGUOUS_BP"
"2145","7",33742198,33742410,"hsa_circ_011071",4,"+",3,4,40,5,"my_test_sample",4,0,0,1,"GTAG",NA,"ANCHOR_UNIQUE,CANONICAL,CIRCULAR,PERFECT_EXT,UNAMBIGUOUS_BP"
"2146","3",149541831,149542076,"hsa_circ_011072",3,"-",3,3,40,3,"my_test_sample",3,1,0,1,"GTAG",NA,"ANCHOR_UNIQUE,CANONICAL,CIRCULAR,GOOD_EXT,UNAMBIGUOUS_BP"
"2147","13",20392572,20392756,"hsa_circ_011082",2,"-",1,2,5,5,"my_test_sample",2,1,2,1,"GTAG",NA,"ANCHOR_UNIQUE,CANONICAL,CIRCULAR,OK_EXT,UNAMBIGUOUS_BP"
"2148","7",159114285,159114470,"hsa_circ_011084",2,"+",2,2,5,40,"my_test_sample",2,0,0,1,"GTAG",NA,"ANCHOR_UNIQUE,CANONICAL,CIRCULAR,PERFECT_EXT,UNAMBIGUOUS_BP"
"2149","18",48570617,48570785,"hsa_circ_011088",2,"+",1,2,40,5,"my_test_sample",2,0,0,1,"GTAG",NA,"ANCHOR_UNIQUE,CANONICAL,CIRCULAR,PERFECT_EXT,UNAMBIGUOUS_BP"
"2150","7",66905854,66906030,"hsa_circ_011094",3,"+",2,3,5,40,"my_test_sample",3,1,0,1,"GTAG",NA,"ANCHOR_UNIQUE,CANONICAL,CIRCULAR,GOOD_EXT,UNAMBIGUOUS_BP"
"2151","3",38585211,38585391,"hsa_circ_011100",2,"+",1,2,40,40,"my_test_sample",2,0,0,1,"GTAG",NA,"ANCHOR_UNIQUE,CANONICAL,CIRCULAR,PERFECT_EXT,UNAMBIGUOUS_BP"
"2152","16",22842535,22842766,"hsa_circ_011106",2,"-",1,2,5,4,"my_test_sample",2,2,0,1,"GTAG",NA,"ANCHOR_UNIQUE,CANONICAL,CIRCULAR,OK_EXT,UNAMBIGUOUS_BP"
"2153","7",36280532,36280895,"hsa_circ_011107",3,"+",1,3,40,5,"my_test_sample",3,2,0,1,"GTAG",NA,"ANCHOR_UNIQUE,CANONICAL,CIRCULAR,OK_EXT,UNAMBIGUOUS_BP"
"2154","X",144336878,144337062,"hsa_circ_011116",2,"+",2,2,40,40,"my_test_sample",2,1,0,1,"GTAG",NA,"ANCHOR_UNIQUE,CANONICAL,CIRCULAR,GOOD_EXT,UNAMBIGUOUS_BP"
"2155","6",19640082,19640327,"hsa_circ_011118",2,"-",1,2,5,5,"my_test_sample",2,1,0,1,"GTAG",NA,"ANCHOR_UNIQUE,CANONICAL,CIRCULAR,GOOD_EXT,UNAMBIGUOUS_BP"
"2156","11",15302658,15302819,"hsa_circ_011120",2,"-",2,2,40,40,"my_test_sample",2,0,0,1,"GTAG",NA,"ANCHOR_UNIQUE,CANONICAL,CIRCULAR,PERFECT_EXT,UNAMBIGUOUS_BP"
"2157","13",96874138,96874330,"hsa_circ_011121",3,"-",1,3,40,5,"my_test_sample",3,1,0,1,"GTAG",NA,"ANCHOR_UNIQUE,CANONICAL,CIRCULAR,GOOD_EXT,UNAMBIGUOUS_BP"
"2158","1",4732462,4732613,"hsa_circ_011122",4,"-",2,4,40,5,"my_test_sample",4,0,0,1,"GTAG",NA,"ANCHOR_UNIQUE,CANONICAL,CIRCULAR,PERFECT_EXT,UNAMBIGUOUS_BP"
"2159","3",55087500,55087691,"hsa_circ_011123",2,"-",1,2,5,5,"my_test_sample",2,1,0,1,"GTAG",NA,"ANCHOR_UNIQUE,CANONICAL,CIRCULAR,GOOD_EXT,UNAMBIGUOUS_BP"
"2160","8",145057243,145057405,"hsa_circ_011129",2,"+",1,2,40,5,"my_test_sample",2,2,0,1,"GTAG",NA,"ANCHOR_UNIQUE,CANONICAL,CIRCULAR,OK_EXT,UNAMBIGUOUS_BP"
"2161","3",166597964,166598186,"hsa_circ_011137",2,"-",1,2,5,5,"my_test_sample",2,1,0,1,"GTAG",NA,"ANCHOR_UNIQUE,CANONICAL,CIRCULAR,GOOD_EXT,UNAMBIGUOUS_BP"
"2162","4",6491352,6491542,"hsa_circ_011142",2,"+",2,2,40,5,"my_test_sample",2,0,0,1,"GTAG",NA,"ANCHOR_UNIQUE,CANONICAL,CIRCULAR,PERFECT_EXT,UNAMBIGUOUS_BP"
"2163","1",50420263,50420427,"hsa_circ_011144",3,"-",3,3,40,40,"my_test_sample",3,0,0,1,"GTAG",NA,"ANCHOR_UNIQUE,CANONICAL,CIRCULAR,PERFECT_EXT,UNAMBIGUOUS_BP"
"2164","14",96769759,96770010,"hsa_circ_011148",2,"-",1,2,5,40,"my_test_sample",2,0,0,1,"GTAG",NA,"ANCHOR_UNIQUE,CANONICAL,CIRCULAR,PERFECT_EXT,UNAMBIGUOUS_BP"
"2165","5",15495050,15495208,"hsa_circ_011152",2,"-",1,2,40,40,"my_test_sample",2,0,0,1,"GTAG",NA,"ANCHOR_UNIQUE,CANONICAL,CIRCULAR,PERFECT_EXT,UNAMBIGUOUS_BP"
"2166","X",85087289,85087523,"hsa_circ_011154",2,"-",1,2,5,40,"my_test_sample",2,2,0,1,"GTAG",NA,"ANCHOR_UNIQUE,CANONICAL,CIRCULAR,OK_EXT,UNAMBIGUOUS_BP"
"2167","2",199958017,199958218,"hsa_circ_011163",4,"+",1,4,40,40,"my_test_sample",4,2,0,1,"GTAG",NA,"ANCHOR_UNIQUE,CANONICAL,CIRCULAR,OK_EXT,UNAMBIGUOUS_BP"
"2168","8",53307219,53307404,"hsa_circ_011165",2,"-",1,2,40,40,"my_test_sample",2,1,0,1,"GTAG",NA,"ANCHOR_UNIQUE,CANONICAL,CIRCULAR,GOOD_EXT,UNAMBIGUOUS_BP"
"2169","17",46853744,46853905,"hsa_circ_011166",2,"+",2,2,5,40,"my_test_sample",2,0,0,1,"GTAG",NA,"ANCHOR_UNIQUE,CANONICAL,CIRCULAR,PERFECT_EXT,UNAMBIGUOUS_BP"
"2170","20",61865647,61865811,"hsa_circ_011167",3,"-",2,3,35,5,"my_test_sample",3,0,0,1,"GTAG",NA,"ANCHOR_UNIQUE,CANONICAL,CIRCULAR,PERFECT_EXT,UNAMBIGUOUS_BP"
"2171","22",50030847,50031030,"hsa_circ_011183",3,"-",2,3,5,5,"my_test_sample",3,0,0,1,"GTAG",NA,"ANCHOR_UNIQUE,CANONICAL,CIRCULAR,PERFECT_EXT,UNAMBIGUOUS_BP"
"2172","3",78101857,78102066,"hsa_circ_011184",5,"-",2,5,40,40,"my_test_sample",5,2,0,1,"GTAG",NA,"ANCHOR_UNIQUE,CANONICAL,CIRCULAR,OK_EXT,UNAMBIGUOUS_BP"
"2173","14",95684399,95684600,"hsa_circ_011185",2,"-",1,2,40,5,"my_test_sample",2,0,0,1,"GTAG",NA,"ANCHOR_UNIQUE,CANONICAL,CIRCULAR,PERFECT_EXT,UNAMBIGUOUS_BP"
"2174","7",153473315,153473542,"hsa_circ_011189",2,"-",1,2,35,40,"my_test_sample",2,1,0,1,"GTAG",NA,"ANCHOR_UNIQUE,CANONICAL,CIRCULAR,GOOD_EXT,UNAMBIGUOUS_BP"
"2175","19",20899150,20899302,"hsa_circ_011190",3,"-",1,3,5,5,"my_test_sample",3,2,0,1,"GTAG",NA,"ANCHOR_UNIQUE,CANONICAL,CIRCULAR,OK_EXT,UNAMBIGUOUS_BP"
"2176","13",37773297,37773456,"hsa_circ_011211",2,"-",1,2,5,40,"my_test_sample",2,0,0,1,"GTAG",NA,"ANCHOR_UNIQUE,CANONICAL,CIRCULAR,PERFECT_EXT,UNAMBIGUOUS_BP"
"2177","10",111565867,111566066,"hsa_circ_011219",2,"-",2,2,40,40,"my_test_sample",2,2,0,1,"GTAG",NA,"ANCHOR_UNIQUE,CANONICAL,CIRCULAR,OK_EXT,UNAMBIGUOUS_BP"
"2178","5",167854884,167855048,"hsa_circ_011221",4,"-",1,4,35,5,"my_test_sample",4,0,2,1,"GTAG",NA,"ANCHOR_UNIQUE,CANONICAL,CIRCULAR,OK_EXT,UNAMBIGUOUS_BP"
"2179","8",95888745,95889176,"hsa_circ_011223",2,"-",1,2,40,40,"my_test_sample",2,2,0,1,"GTAG",NA,"ANCHOR_UNIQUE,CANONICAL,CIRCULAR,OK_EXT,UNAMBIGUOUS_BP"
"2180","22",35034809,35034970,"hsa_circ_011224",2,"+",1,2,5,40,"my_test_sample",2,2,0,1,"GTAG",NA,"ANCHOR_UNIQUE,CANONICAL,CIRCULAR,OK_EXT,UNAMBIGUOUS_BP"
"2181","7",90903753,90904124,"hsa_circ_011225",2,"+",1,2,40,40,"my_test_sample",2,1,0,1,"GTAG",NA,"ANCHOR_UNIQUE,CANONICAL,CIRCULAR,GOOD_EXT,UNAMBIGUOUS_BP"
"2182","2",12178705,12178942,"hsa_circ_011229",2,"-",1,2,5,40,"my_test_sample",2,1,0,1,"GTAG",NA,"ANCHOR_UNIQUE,CANONICAL,CIRCULAR,GOOD_EXT,UNAMBIGUOUS_BP"
"2183","22",35048949,35049129,"hsa_circ_011245",3,"-",2,2,5,40,"my_test_sample",3,0,0,1,"GTAG",NA,"ANCHOR_UNIQUE,CANONICAL,CIRCULAR,PERFECT_EXT,UNAMBIGUOUS_BP"
"2184","2",66168210,66168409,"hsa_circ_011247",5,"+",1,5,5,5,"my_test_sample",5,2,0,1,"GTAG",NA,"ANCHOR_UNIQUE,CANONICAL,CIRCULAR,OK_EXT,UNAMBIGUOUS_BP"
"2185","3",99409068,99409248,"hsa_circ_011259",2,"+",1,2,5,5,"my_test_sample",2,2,0,1,"GTAG",NA,"ANCHOR_UNIQUE,CANONICAL,CIRCULAR,OK_EXT,UNAMBIGUOUS_BP"
"2186","7",134640970,134641145,"hsa_circ_011261",2,"+",2,2,40,40,"my_test_sample",2,2,0,1,"GTAG",NA,"ANCHOR_UNIQUE,CANONICAL,CIRCULAR,OK_EXT,UNAMBIGUOUS_BP"
"2187","5",2110858,2111039,"hsa_circ_011263",2,"+",1,2,5,5,"my_test_sample",2,0,0,1,"GTAG",NA,"ANCHOR_UNIQUE,CANONICAL,CIRCULAR,PERFECT_EXT,UNAMBIGUOUS_BP"
"2188","3",195879015,195879220,"hsa_circ_011269",2,"-",2,2,40,40,"my_test_sample",2,1,0,1,"GTAG",NA,"ANCHOR_UNIQUE,CANONICAL,CIRCULAR,GOOD_EXT,UNAMBIGUOUS_BP"
"2189","22",37169410,37169652,"hsa_circ_011270",2,"-",1,2,40,40,"my_test_sample",2,1,0,1,"GTAG",NA,"ANCHOR_UNIQUE,CANONICAL,CIRCULAR,GOOD_EXT,UNAMBIGUOUS_BP"
"2190","9",114278119,114278310,"hsa_circ_011276",3,"+",1,3,5,5,"my_test_sample",3,1,0,1,"GTAG",NA,"ANCHOR_UNIQUE,CANONICAL,CIRCULAR,GOOD_EXT,UNAMBIGUOUS_BP"
"2191","4",8817486,8817652,"hsa_circ_011281",2,"+",2,2,5,5,"my_test_sample",2,0,0,1,"GTAG",NA,"ANCHOR_UNIQUE,CANONICAL,CIRCULAR,PERFECT_EXT,UNAMBIGUOUS_BP"
"2192","22",47294763,47294939,"hsa_circ_011293",2,"-",1,2,40,40,"my_test_sample",2,2,0,1,"GTAG",NA,"ANCHOR_UNIQUE,CANONICAL,CIRCULAR,OK_EXT,UNAMBIGUOUS_BP"
"2193","3",133200626,133200820,"hsa_circ_011295",4,"+",1,4,5,5,"my_test_sample",4,2,0,1,"GTAG",NA,"ANCHOR_UNIQUE,CANONICAL,CIRCULAR,OK_EXT,UNAMBIGUOUS_BP"
"2194","6",34075239,34075404,"hsa_circ_011302",2,"+",1,2,5,40,"my_test_sample",2,1,0,1,"GTAG",NA,"ANCHOR_UNIQUE,CANONICAL,CIRCULAR,GOOD_EXT,UNAMBIGUOUS_BP"
"2195","4",42994078,42994256,"hsa_circ_011310",2,"+",1,2,40,40,"my_test_sample",2,0,2,1,"GTAG",NA,"ANCHOR_UNIQUE,CANONICAL,CIRCULAR,OK_EXT,UNAMBIGUOUS_BP"
"2196","15",70260844,70261032,"hsa_circ_011312",2,"-",1,2,5,5,"my_test_sample",2,0,0,1,"GTAG",NA,"ANCHOR_UNIQUE,CANONICAL,CIRCULAR,PERFECT_EXT,UNAMBIGUOUS_BP"
"2197","15",43511545,43511705,"hsa_circ_011317",2,"-",2,2,40,40,"my_test_sample",2,0,0,1,"GTAG",NA,"ANCHOR_UNIQUE,CANONICAL,CIRCULAR,PERFECT_EXT,UNAMBIGUOUS_BP"
"2198","3",57761596,57761776,"hsa_circ_011324",2,"+",2,2,40,40,"my_test_sample",2,1,0,1,"GTAG",NA,"ANCHOR_UNIQUE,CANONICAL,CIRCULAR,GOOD_EXT,UNAMBIGUOUS_BP"
"2199","16",27355452,27355672,"hsa_circ_011335",2,"+",1,2,40,5,"my_test_sample",2,0,0,1,"GTAG",NA,"ANCHOR_UNIQUE,CANONICAL,CIRCULAR,PERFECT_EXT,UNAMBIGUOUS_BP"
"2200","5",109594605,109594779,"hsa_circ_011346",5,"-",4,5,40,40,"my_test_sample",5,0,0,1,"GTAG",NA,"ANCHOR_UNIQUE,CANONICAL,CIRCULAR,PERFECT_EXT,UNAMBIGUOUS_BP"
"2201","2",113832074,113832302,"hsa_circ_011352",2,"+",2,2,4,5,"my_test_sample",2,1,0,1,"GTAG",NA,"ANCHOR_UNIQUE,CANONICAL,CIRCULAR,GOOD_EXT,UNAMBIGUOUS_BP"
"2202","14",24145450,24146123,"hsa_circ_011357",2,"-",1,2,5,40,"my_test_sample",2,1,0,1,"GTAG",NA,"ANCHOR_UNIQUE,CANONICAL,CIRCULAR,GOOD_EXT,UNAMBIGUOUS_BP"
"2203","9",116154418,116154591,"hsa_circ_011372",2,"+",1,2,40,40,"my_test_sample",2,1,0,1,"GTAG",NA,"ANCHOR_UNIQUE,CANONICAL,CIRCULAR,GOOD_EXT,UNAMBIGUOUS_BP"
"2204","10",781197,781444,"hsa_circ_011384",2,"+",2,2,40,40,"my_test_sample",2,0,0,1,"GTAG",NA,"ANCHOR_UNIQUE,CANONICAL,CIRCULAR,PERFECT_EXT,UNAMBIGUOUS_BP"
"2205","12",65331687,65331843,"hsa_circ_011385",4,"-",1,4,40,40,"my_test_sample",4,0,0,1,"GTAG",NA,"ANCHOR_UNIQUE,CANONICAL,CIRCULAR,PERFECT_EXT,UNAMBIGUOUS_BP"
"2206","13",78383131,78383305,"hsa_circ_011387",2,"-",1,2,40,40,"my_test_sample",2,0,0,1,"GTAG",NA,"ANCHOR_UNIQUE,CANONICAL,CIRCULAR,PERFECT_EXT,UNAMBIGUOUS_BP"
"2207","6",158896235,158896425,"hsa_circ_011404",2,"-",1,2,40,5,"my_test_sample",2,2,0,1,"GTAG",NA,"ANCHOR_UNIQUE,CANONICAL,CIRCULAR,OK_EXT,UNAMBIGUOUS_BP"
"2208","5",150193722,150193937,"hsa_circ_011416",2,"-",1,2,5,5,"my_test_sample",2,0,0,1,"GTAG",NA,"ANCHOR_UNIQUE,CANONICAL,CIRCULAR,PERFECT_EXT,UNAMBIGUOUS_BP"
"2209","17",339671,339858,"hsa_circ_011419",2,"+",1,2,40,40,"my_test_sample",2,1,0,1,"GTAG",NA,"ANCHOR_UNIQUE,CANONICAL,CIRCULAR,GOOD_EXT,UNAMBIGUOUS_BP"
"2210","3",184588788,184588938,"hsa_circ_011423",4,"+",2,4,40,5,"my_test_sample",4,0,0,1,"GTAG",NA,"ANCHOR_UNIQUE,CANONICAL,CIRCULAR,PERFECT_EXT,UNAMBIGUOUS_BP"
"2211","X",27095227,27095407,"hsa_circ_011447",2,"-",1,2,5,40,"my_test_sample",2,0,0,1,"GTAG",NA,"ANCHOR_UNIQUE,CANONICAL,CIRCULAR,PERFECT_EXT,UNAMBIGUOUS_BP"
"2212","3",137049277,137049435,"hsa_circ_011448",3,"-",2,3,40,5,"my_test_sample",3,0,0,1,"GTAG",NA,"ANCHOR_UNIQUE,CANONICAL,CIRCULAR,PERFECT_EXT,UNAMBIGUOUS_BP"
"2213","12",3042485,3042645,"hsa_circ_011453",2,"-",1,2,40,4,"my_test_sample",2,1,0,1,"GTAG",NA,"ANCHOR_UNIQUE,CANONICAL,CIRCULAR,GOOD_EXT,UNAMBIGUOUS_BP"
"2214","3",188168219,188168421,"hsa_circ_011454",2,"-",1,2,40,5,"my_test_sample",2,0,0,1,"GTAG",NA,"ANCHOR_UNIQUE,CANONICAL,CIRCULAR,PERFECT_EXT,UNAMBIGUOUS_BP"
"2215","16",5487897,5488050,"hsa_circ_011456",2,"+",1,2,5,40,"my_test_sample",2,2,0,1,"GTAG",NA,"ANCHOR_UNIQUE,CANONICAL,CIRCULAR,OK_EXT,UNAMBIGUOUS_BP"
"2216","14",45536409,45536658,"hsa_circ_011461",2,"-",1,2,5,5,"my_test_sample",2,0,0,1,"GTAG",NA,"ANCHOR_UNIQUE,CANONICAL,CIRCULAR,PERFECT_EXT,UNAMBIGUOUS_BP"
"2217","10",127056473,127056660,"hsa_circ_011462",3,"+",2,3,5,5,"my_test_sample",3,1,0,1,"GTAG",NA,"ANCHOR_UNIQUE,CANONICAL,CIRCULAR,GOOD_EXT,UNAMBIGUOUS_BP"
"2218","11",44721042,44721189,"hsa_circ_011464",2,"-",1,2,5,5,"my_test_sample",2,0,0,1,"GTAG",NA,"ANCHOR_UNIQUE,CANONICAL,CIRCULAR,PERFECT_EXT,UNAMBIGUOUS_BP"
"2219","22",49306801,49306981,"hsa_circ_011474",2,"-",1,2,40,40,"my_test_sample",2,1,0,1,"GTAG",NA,"ANCHOR_UNIQUE,CANONICAL,CIRCULAR,GOOD_EXT,UNAMBIGUOUS_BP"
"2220","X",70200639,70200794,"hsa_circ_011476",2,"+",1,2,5,40,"my_test_sample",2,0,0,1,"GTAG",NA,"ANCHOR_UNIQUE,CANONICAL,CIRCULAR,PERFECT_EXT,UNAMBIGUOUS_BP"
"2221","4",188504959,188506711,"hsa_circ_011490",2,"+",1,2,5,5,"my_test_sample",2,1,0,1,"GTAG",NA,"ANCHOR_UNIQUE,CANONICAL,CIRCULAR,GOOD_EXT,UNAMBIGUOUS_BP"
"2222","16",56972864,56973038,"hsa_circ_011491",2,"+",1,2,40,5,"my_test_sample",2,1,0,1,"GTAG",NA,"ANCHOR_UNIQUE,CANONICAL,CIRCULAR,GOOD_EXT,UNAMBIGUOUS_BP"
"2223","3",90465206,90465377,"hsa_circ_011494",2,"+",1,2,5,5,"my_test_sample",2,0,0,1,"GTAG",NA,"ANCHOR_UNIQUE,CANONICAL,CIRCULAR,PERFECT_EXT,UNAMBIGUOUS_BP"
"2224","X",107329084,107329239,"hsa_circ_011495",2,"-",2,1,40,40,"my_test_sample",2,2,0,1,"GTAG",NA,"ANCHOR_UNIQUE,CANONICAL,CIRCULAR,OK_EXT,UNAMBIGUOUS_BP"
"2225","4",165185565,165185724,"hsa_circ_011505",2,"+",1,2,5,40,"my_test_sample",2,2,0,1,"GTAG",NA,"ANCHOR_UNIQUE,CANONICAL,CIRCULAR,OK_EXT,UNAMBIGUOUS_BP"
"2226","11",88545380,88545559,"hsa_circ_011509",2,"-",1,2,40,36,"my_test_sample",2,0,0,1,"GTAG",NA,"ANCHOR_UNIQUE,CANONICAL,CIRCULAR,PERFECT_EXT,UNAMBIGUOUS_BP"
"2227","5",177598435,177598645,"hsa_circ_011510",2,"+",1,2,40,35,"my_test_sample",2,1,0,1,"GTAG",NA,"ANCHOR_UNIQUE,CANONICAL,CIRCULAR,GOOD_EXT,UNAMBIGUOUS_BP"
"2228","22",39646220,39646371,"hsa_circ_011513",2,"-",2,2,5,5,"my_test_sample",2,1,0,1,"GTAG",NA,"ANCHOR_UNIQUE,CANONICAL,CIRCULAR,GOOD_EXT,UNAMBIGUOUS_BP"
"2229","2",2838562,2838721,"hsa_circ_011520",2,"+",1,2,5,40,"my_test_sample",2,0,0,1,"GTAG",NA,"ANCHOR_UNIQUE,CANONICAL,CIRCULAR,PERFECT_EXT,UNAMBIGUOUS_BP"
"2230","16",88823070,88823232,"hsa_circ_011523",2,"-",1,2,5,40,"my_test_sample",2,0,0,1,"GTAG",NA,"ANCHOR_UNIQUE,CANONICAL,CIRCULAR,PERFECT_EXT,UNAMBIGUOUS_BP"
"2231","19",2492823,2493076,"hsa_circ_011529",2,"+",2,2,40,5,"my_test_sample",2,1,0,1,"GTAG",NA,"ANCHOR_UNIQUE,CANONICAL,CIRCULAR,GOOD_EXT,UNAMBIGUOUS_BP"
"2232","6",92834534,92834790,"hsa_circ_011534",2,"-",2,2,5,4,"my_test_sample",2,0,0,1,"GTAG",NA,"ANCHOR_UNIQUE,CANONICAL,CIRCULAR,PERFECT_EXT,UNAMBIGUOUS_BP"
"2233","11",117862055,117862237,"hsa_circ_011537",2,"+",1,2,5,40,"my_test_sample",2,0,0,1,"GTAG",NA,"ANCHOR_UNIQUE,CANONICAL,CIRCULAR,PERFECT_EXT,UNAMBIGUOUS_BP"
"2234","20",58403474,58403631,"hsa_circ_011540",4,"+",4,4,40,40,"my_test_sample",4,0,0,1,"GTAG",NA,"ANCHOR_UNIQUE,CANONICAL,CIRCULAR,PERFECT_EXT,UNAMBIGUOUS_BP"
"2235","8",126697573,126697739,"hsa_circ_011547",2,"-",1,2,5,40,"my_test_sample",2,1,0,1,"GTAG",NA,"ANCHOR_UNIQUE,CANONICAL,CIRCULAR,GOOD_EXT,UNAMBIGUOUS_BP"
"2236","2",61735753,61735959,"hsa_circ_011557",3,"-",1,3,5,5,"my_test_sample",3,1,0,1,"GTAG",NA,"ANCHOR_UNIQUE,CANONICAL,CIRCULAR,GOOD_EXT,UNAMBIGUOUS_BP"
"2237","5",66955026,66955203,"hsa_circ_011562",3,"-",2,3,5,40,"my_test_sample",3,2,0,1,"GTAG",NA,"ANCHOR_UNIQUE,CANONICAL,CIRCULAR,OK_EXT,UNAMBIGUOUS_BP"
"2238","1",16213189,16213375,"hsa_circ_011574",2,"-",1,2,40,40,"my_test_sample",2,0,0,1,"GTAG",NA,"ANCHOR_UNIQUE,CANONICAL,CIRCULAR,PERFECT_EXT,UNAMBIGUOUS_BP"
"2239","15",33356207,33356433,"hsa_circ_011584",2,"-",1,2,40,40,"my_test_sample",2,0,0,1,"GTAG",NA,"ANCHOR_UNIQUE,CANONICAL,CIRCULAR,PERFECT_EXT,UNAMBIGUOUS_BP"
"2240","10",4032152,4032457,"hsa_circ_011599",2,"-",1,2,5,40,"my_test_sample",2,2,0,1,"GTAG",NA,"ANCHOR_UNIQUE,CANONICAL,CIRCULAR,OK_EXT,UNAMBIGUOUS_BP"
"2241","15",68126271,68126455,"hsa_circ_011606",2,"-",2,2,5,5,"my_test_sample",2,0,0,1,"GTAG",NA,"ANCHOR_UNIQUE,CANONICAL,CIRCULAR,PERFECT_EXT,UNAMBIGUOUS_BP"
"2242","2",40051023,40051261,"hsa_circ_011613",2,"-",1,2,40,5,"my_test_sample",2,2,0,1,"GTAG",NA,"ANCHOR_UNIQUE,CANONICAL,CIRCULAR,OK_EXT,UNAMBIGUOUS_BP"
"2243","11",58027498,58027709,"hsa_circ_011614",4,"+",2,4,40,40,"my_test_sample",4,1,0,1,"GTAG",NA,"ANCHOR_UNIQUE,CANONICAL,CIRCULAR,GOOD_EXT,UNAMBIGUOUS_BP"
"2244","8",139751916,139752132,"hsa_circ_011620",3,"-",2,3,5,5,"my_test_sample",3,1,0,1,"GTAG",NA,"ANCHOR_UNIQUE,CANONICAL,CIRCULAR,GOOD_EXT,UNAMBIGUOUS_BP"
"2245","5",58832564,58832804,"hsa_circ_011627",2,"+",1,2,5,40,"my_test_sample",2,2,0,1,"GTAG",NA,"ANCHOR_UNIQUE,CANONICAL,CIRCULAR,OK_EXT,UNAMBIGUOUS_BP"
"2246","7",129758073,129758281,"hsa_circ_011631",2,"-",2,2,40,40,"my_test_sample",2,1,0,1,"GTAG",NA,"ANCHOR_UNIQUE,CANONICAL,CIRCULAR,GOOD_EXT,UNAMBIGUOUS_BP"
"2247","8",40752536,40752690,"hsa_circ_011632",2,"+",1,2,40,40,"my_test_sample",2,0,0,1,"GTAG",NA,"ANCHOR_UNIQUE,CANONICAL,CIRCULAR,PERFECT_EXT,UNAMBIGUOUS_BP"
"2248","16",1651065,1651300,"hsa_circ_011640",2,"+",2,2,5,40,"my_test_sample",2,0,0,1,"GTAG",NA,"ANCHOR_UNIQUE,CANONICAL,CIRCULAR,PERFECT_EXT,UNAMBIGUOUS_BP"
"2249","6",30554738,30554981,"hsa_circ_011644",2,"-",1,2,40,40,"my_test_sample",2,0,0,1,"GTAG",NA,"ANCHOR_UNIQUE,CANONICAL,CIRCULAR,PERFECT_EXT,UNAMBIGUOUS_BP"
"2250","14",94519110,94519280,"hsa_circ_011645",2,"+",1,2,5,35,"my_test_sample",2,2,0,1,"GTAG",NA,"ANCHOR_UNIQUE,CANONICAL,CIRCULAR,OK_EXT,UNAMBIGUOUS_BP"
"2251","20",48758981,48759144,"hsa_circ_011662",2,"-",1,2,40,5,"my_test_sample",2,0,0,1,"GTAG",NA,"ANCHOR_UNIQUE,CANONICAL,CIRCULAR,PERFECT_EXT,UNAMBIGUOUS_BP"
"2252","18",57074565,57074764,"hsa_circ_011666",2,"-",1,2,5,5,"my_test_sample",2,0,0,1,"GTAG",NA,"ANCHOR_UNIQUE,CANONICAL,CIRCULAR,PERFECT_EXT,UNAMBIGUOUS_BP"
"2253","7",159088345,159088515,"hsa_circ_011670",2,"-",1,2,40,40,"my_test_sample",2,1,0,1,"GTAG",NA,"ANCHOR_UNIQUE,CANONICAL,CIRCULAR,GOOD_EXT,UNAMBIGUOUS_BP"
"2254","10",78417087,78417373,"hsa_circ_011671",2,"-",1,2,5,40,"my_test_sample",2,0,0,1,"GTAG",NA,"ANCHOR_UNIQUE,CANONICAL,CIRCULAR,PERFECT_EXT,UNAMBIGUOUS_BP"
"2255","1",110482155,110482361,"hsa_circ_011672",2,"+",1,2,5,5,"my_test_sample",2,0,0,1,"GTAG",NA,"ANCHOR_UNIQUE,CANONICAL,CIRCULAR,PERFECT_EXT,UNAMBIGUOUS_BP"
"2256","5",157170898,157171139,"hsa_circ_011674",2,"-",1,2,40,5,"my_test_sample",2,0,0,1,"GTAG",NA,"ANCHOR_UNIQUE,CANONICAL,CIRCULAR,PERFECT_EXT,UNAMBIGUOUS_BP"
"2257","1",78403117,78403387,"hsa_circ_011679",2,"-",1,2,5,5,"my_test_sample",2,1,0,1,"GTAG",NA,"ANCHOR_UNIQUE,CANONICAL,CIRCULAR,GOOD_EXT,UNAMBIGUOUS_BP"
"2258","7",70601521,70601703,"hsa_circ_011691",3,"+",1,3,5,40,"my_test_sample",3,2,0,1,"GTAG",NA,"ANCHOR_UNIQUE,CANONICAL,CIRCULAR,OK_EXT,UNAMBIGUOUS_BP"
"2259","20",63401852,63402083,"hsa_circ_011696",2,"+",2,2,40,3,"my_test_sample",2,2,0,1,"GTAG",NA,"ANCHOR_UNIQUE,CANONICAL,CIRCULAR,OK_EXT,UNAMBIGUOUS_BP"
"2260","1",205753698,205753904,"hsa_circ_011697",2,"+",2,2,40,5,"my_test_sample",2,1,0,1,"GTAG",NA,"ANCHOR_UNIQUE,CANONICAL,CIRCULAR,GOOD_EXT,UNAMBIGUOUS_BP"
"2261","6",22705835,22706034,"hsa_circ_011703",5,"-",2,5,40,40,"my_test_sample",5,0,0,1,"GTAG",NA,"ANCHOR_UNIQUE,CANONICAL,CIRCULAR,PERFECT_EXT,UNAMBIGUOUS_BP"
"2262","2",10780023,10780189,"hsa_circ_011706",2,"-",2,2,5,40,"my_test_sample",2,2,0,1,"GTAG",NA,"ANCHOR_UNIQUE,CANONICAL,CIRCULAR,OK_EXT,UNAMBIGUOUS_BP"
"2263","10",133054380,133054619,"hsa_circ_011711",3,"+",1,3,5,5,"my_test_sample",3,1,0,1,"GTAG",NA,"ANCHOR_UNIQUE,CANONICAL,CIRCULAR,GOOD_EXT,UNAMBIGUOUS_BP"
"2264","20",37194083,37194269,"hsa_circ_011723",3,"+",1,3,40,5,"my_test_sample",3,2,0,1,"GTAG",NA,"ANCHOR_UNIQUE,CANONICAL,CIRCULAR,OK_EXT,UNAMBIGUOUS_BP"
"2265","11",66881388,66881548,"hsa_circ_011726",2,"-",2,2,40,40,"my_test_sample",2,1,0,1,"GTAG",NA,"ANCHOR_UNIQUE,CANONICAL,CIRCULAR,GOOD_EXT,UNAMBIGUOUS_BP"
"2266","2",51187396,51187591,"hsa_circ_011730",2,"-",2,2,5,5,"my_test_sample",2,0,0,1,"GTAG",NA,"ANCHOR_UNIQUE,CANONICAL,CIRCULAR,PERFECT_EXT,UNAMBIGUOUS_BP"
"2267","6",7782817,7782995,"hsa_circ_011743",3,"+",1,3,5,40,"my_test_sample",3,2,0,1,"GTAG",NA,"ANCHOR_UNIQUE,CANONICAL,CIRCULAR,OK_EXT,UNAMBIGUOUS_BP"
"2268","1",46641970,46642213,"hsa_circ_011754",2,"+",1,2,5,40,"my_test_sample",2,1,0,1,"GTAG",NA,"ANCHOR_UNIQUE,CANONICAL,CIRCULAR,GOOD_EXT,UNAMBIGUOUS_BP"
"2269","18",48745801,48746041,"hsa_circ_011758",2,"+",2,2,40,40,"my_test_sample",2,1,0,1,"GTAG",NA,"ANCHOR_UNIQUE,CANONICAL,CIRCULAR,GOOD_EXT,UNAMBIGUOUS_BP"
"2270","2",105544903,105545094,"hsa_circ_011759",2,"-",1,2,40,5,"my_test_sample",2,1,0,1,"GTAG",NA,"ANCHOR_UNIQUE,CANONICAL,CIRCULAR,GOOD_EXT,UNAMBIGUOUS_BP"
"2271","3",196970551,196970748,"hsa_circ_011765",3,"-",1,3,5,5,"my_test_sample",3,0,0,1,"GTAG",NA,"ANCHOR_UNIQUE,CANONICAL,CIRCULAR,PERFECT_EXT,UNAMBIGUOUS_BP"
"2272","1",41007412,41007599,"hsa_circ_011769",3,"+",1,3,5,40,"my_test_sample",3,1,0,1,"GTAG",NA,"ANCHOR_UNIQUE,CANONICAL,CIRCULAR,GOOD_EXT,UNAMBIGUOUS_BP"
"2273","12",76672132,76672299,"hsa_circ_011774",2,"-",1,2,5,5,"my_test_sample",2,1,0,1,"GTAG",NA,"ANCHOR_UNIQUE,CANONICAL,CIRCULAR,GOOD_EXT,UNAMBIGUOUS_BP"
"2274","1",32877422,32877676,"hsa_circ_011779",3,"-",1,3,5,40,"my_test_sample",3,1,0,1,"GTAG",NA,"ANCHOR_UNIQUE,CANONICAL,CIRCULAR,GOOD_EXT,UNAMBIGUOUS_BP"
"2275","1",152060570,152060747,"hsa_circ_011780",2,"-",2,1,40,5,"my_test_sample",2,2,0,1,"GTAG",NA,"ANCHOR_UNIQUE,CANONICAL,CIRCULAR,OK_EXT,UNAMBIGUOUS_BP"
"2276","12",34361397,34361584,"hsa_circ_011785",2,"-",1,2,40,40,"my_test_sample",2,1,0,1,"GTAG",NA,"ANCHOR_UNIQUE,CANONICAL,CIRCULAR,GOOD_EXT,UNAMBIGUOUS_BP"
"2277","7",77400123,77400280,"hsa_circ_011796",2,"-",1,2,40,40,"my_test_sample",2,1,0,1,"GTAG",NA,"ANCHOR_UNIQUE,CANONICAL,CIRCULAR,GOOD_EXT,UNAMBIGUOUS_BP"
"2278","4",6768775,6768925,"hsa_circ_011810",2,"-",1,2,40,4,"my_test_sample",2,0,0,1,"GTAG",NA,"ANCHOR_UNIQUE,CANONICAL,CIRCULAR,PERFECT_EXT,UNAMBIGUOUS_BP"
"2279","6",169867026,169867300,"hsa_circ_011811",3,"+",1,3,5,40,"my_test_sample",3,1,0,1,"GTAG",NA,"ANCHOR_UNIQUE,CANONICAL,CIRCULAR,GOOD_EXT,UNAMBIGUOUS_BP"
"2280","6",83860036,83860203,"hsa_circ_011812",2,"-",1,2,40,40,"my_test_sample",2,1,0,1,"GTAG",NA,"ANCHOR_UNIQUE,CANONICAL,CIRCULAR,GOOD_EXT,UNAMBIGUOUS_BP"
"2281","5",125131807,125132248,"hsa_circ_011817",3,"-",2,3,5,5,"my_test_sample",3,2,0,1,"GTAG",NA,"ANCHOR_UNIQUE,CANONICAL,CIRCULAR,OK_EXT,UNAMBIGUOUS_BP"
"2282","14",98866662,98866849,"hsa_circ_011823",2,"+",1,2,5,35,"my_test_sample",2,1,0,1,"GTAG",NA,"ANCHOR_UNIQUE,CANONICAL,CIRCULAR,GOOD_EXT,UNAMBIGUOUS_BP"
"2283","2",35423119,35423292,"hsa_circ_011837",3,"+",2,3,40,5,"my_test_sample",3,1,0,1,"GTAG",NA,"ANCHOR_UNIQUE,CANONICAL,CIRCULAR,GOOD_EXT,UNAMBIGUOUS_BP"
"2284","2",85681482,85681642,"hsa_circ_011839",2,"+",1,2,4,40,"my_test_sample",2,1,0,1,"GTAG",NA,"ANCHOR_UNIQUE,CANONICAL,CIRCULAR,GOOD_EXT,UNAMBIGUOUS_BP"
"2285","15",82697300,82697544,"hsa_circ_011842",2,"-",1,2,5,5,"my_test_sample",2,1,0,1,"GTAG",NA,"ANCHOR_UNIQUE,CANONICAL,CIRCULAR,GOOD_EXT,UNAMBIGUOUS_BP"
"2286","20",61173242,61173420,"hsa_circ_011845",3,"-",1,3,5,5,"my_test_sample",3,1,0,1,"GTAG",NA,"ANCHOR_UNIQUE,CANONICAL,CIRCULAR,GOOD_EXT,UNAMBIGUOUS_BP"
"2287","X",48702271,48702472,"hsa_circ_011847",2,"-",1,2,40,40,"my_test_sample",2,0,0,1,"GTAG",NA,"ANCHOR_UNIQUE,CANONICAL,CIRCULAR,PERFECT_EXT,UNAMBIGUOUS_BP"
"2288","11",10712326,10712543,"hsa_circ_011854",2,"-",2,2,5,5,"my_test_sample",2,1,0,1,"GTAG",NA,"ANCHOR_UNIQUE,CANONICAL,CIRCULAR,GOOD_EXT,UNAMBIGUOUS_BP"
"2289","6",37000672,37000834,"hsa_circ_011857",2,"+",2,2,5,40,"my_test_sample",2,0,0,1,"GTAG",NA,"ANCHOR_UNIQUE,CANONICAL,CIRCULAR,PERFECT_EXT,UNAMBIGUOUS_BP"
"2290","11",1292433,1292613,"hsa_circ_011864",2,"-",1,2,40,40,"my_test_sample",2,2,0,1,"GTAG",NA,"ANCHOR_UNIQUE,CANONICAL,CIRCULAR,OK_EXT,UNAMBIGUOUS_BP"
"2291","7",51631937,51632103,"hsa_circ_011866",2,"-",1,2,40,40,"my_test_sample",2,0,0,1,"GTAG",NA,"ANCHOR_UNIQUE,CANONICAL,CIRCULAR,PERFECT_EXT,UNAMBIGUOUS_BP"
"2292","10",78417910,78418085,"hsa_circ_011877",3,"+",2,3,40,40,"my_test_sample",3,0,0,1,"GTAG",NA,"ANCHOR_UNIQUE,CANONICAL,CIRCULAR,PERFECT_EXT,UNAMBIGUOUS_BP"
"2293","5",142882484,142882643,"hsa_circ_011878",2,"+",1,2,40,5,"my_test_sample",2,0,0,1,"GTAG",NA,"ANCHOR_UNIQUE,CANONICAL,CIRCULAR,PERFECT_EXT,UNAMBIGUOUS_BP"
"2294","1",36308390,36308555,"hsa_circ_011879",3,"-",2,3,5,40,"my_test_sample",3,0,0,1,"GTAG",NA,"ANCHOR_UNIQUE,CANONICAL,CIRCULAR,PERFECT_EXT,UNAMBIGUOUS_BP"
"2295","2",7811481,7811678,"hsa_circ_011880",2,"-",2,2,5,40,"my_test_sample",2,0,0,1,"GTAG",NA,"ANCHOR_UNIQUE,CANONICAL,CIRCULAR,PERFECT_EXT,UNAMBIGUOUS_BP"
"2296","8",71023938,71024093,"hsa_circ_011883",2,"+",1,2,40,5,"my_test_sample",2,0,0,1,"GTAG",NA,"ANCHOR_UNIQUE,CANONICAL,CIRCULAR,PERFECT_EXT,UNAMBIGUOUS_BP"
"2297","2",5552745,5552912,"hsa_circ_011887",3,"-",1,3,5,5,"my_test_sample",3,0,0,1,"GTAG",NA,"ANCHOR_UNIQUE,CANONICAL,CIRCULAR,PERFECT_EXT,UNAMBIGUOUS_BP"
"2298","6",149289773,149289936,"hsa_circ_011889",2,"+",2,2,40,5,"my_test_sample",2,0,0,1,"GTAG",NA,"ANCHOR_UNIQUE,CANONICAL,CIRCULAR,PERFECT_EXT,UNAMBIGUOUS_BP"
"2299","15",101003823,101003978,"hsa_circ_011894",2,"-",1,2,5,5,"my_test_sample",2,1,0,1,"GTAG",NA,"ANCHOR_UNIQUE,CANONICAL,CIRCULAR,GOOD_EXT,UNAMBIGUOUS_BP"
"2300","3",152398860,152399112,"hsa_circ_011899",2,"+",1,2,40,40,"my_test_sample",2,2,0,1,"GTAG",NA,"ANCHOR_UNIQUE,CANONICAL,CIRCULAR,OK_EXT,UNAMBIGUOUS_BP"
"2301","6",13353825,13354043,"hsa_circ_011900",2,"+",2,2,37,5,"my_test_sample",2,0,0,1,"GTAG",NA,"ANCHOR_UNIQUE,CANONICAL,CIRCULAR,PERFECT_EXT,UNAMBIGUOUS_BP"
