"","chrom","start","end","name","n_reads","strand","n_uniq","uniq_bridges","best_qual_left","best_qual_right","tissues","tiss_counts","edits","anchor_overlap","breakpoints","signal","strandmatch","category"
"1","3",123442896,123443066,"hsa_circ_000003",2,"-",2,2,5,40,"my_test_sample",2,1,0,1,"GTAG",NA,"ANCHOR_UNIQUE,CANONICAL,CIRCULAR,GOOD_EXT,UNAMBIGUOUS_BP"
"2","18",55054017,55054197,"hsa_circ_000005",2,"+",1,2,40,5,"my_test_sample",2,2,0,1,"GTAG",NA,"ANCHOR_UNIQUE,CANONICAL,CIRCULAR,OK_EXT,UNAMBIGUOUS_BP"
"3","8",46223358,46223547,"hsa_circ_000009",2,"+",1,2,5,5,"my_test_sample",2,1,0,1,"GTAG",NA,"ANCHOR_UNIQUE,CANONICAL,CIRCULAR,GOOD_EXT,UNAMBIGUOUS_BP"
"4","12",114698794,114698947,"hsa_circ_000011",2,"-",2,2,5,37,"my_test_sample",2,0,0,1,"GTAG",NA,"ANCHOR_UNIQUE,CANONICAL,CIRCULAR,PERFECT_EXT,UNAMBIGUOUS_BP"
"5","3",186729064,186729229,"hsa_circ_000014",2,"+",1,2,4,5,"my_test_sample",2,2,0,1,"GTAG",NA,"ANCHOR_UNIQUE,CANONICAL,CIRCULAR,OK_EXT,UNAMBIGUOUS_BP"
"6","1",247560467,247560688,"hsa_circ_000016",9,"+",2,9,5,5,"my_test_sample",9,2,0,1,"GTAG",NA,"ANCHOR_UNIQUE,CANONICAL,CIRCULAR,OK_EXT,UNAMBIGUOUS_BP"
"7","6",125278963,125279167,"hsa_circ_000019",4,"-",1,4,5,40,"my_test_sample",4,1,0,1,"GTAG",NA,"ANCHOR_UNIQUE,CANONICAL,CIRCULAR,GOOD_EXT,UNAMBIGUOUS_BP"
"8","11",803898,804082,"hsa_circ_000022",4,"+",2,4,5,5,"my_test_sample",4,0,0,1,"GTAG",NA,"ANCHOR_UNIQUE,CANONICAL,CIRCULAR,PERFECT_EXT,UNAMBIGUOUS_BP"
"9","7",5440197,5440352,"hsa_circ_000031",2,"-",1,2,40,40,"my_test_sample",2,0,0,1,"GTAG",NA,"ANCHOR_UNIQUE,CANONICAL,CIRCULAR,PERFECT_EXT,UNAMBIGUOUS_BP"
"10","3",31392718,31392887,"hsa_circ_000034",4,"+",1,4,40,5,"my_test_sample",4,2,0,1,"GTAG",NA,"ANCHOR_UNIQUE,CANONICAL,CIRCULAR,OK_EXT,UNAMBIGUOUS_BP"
"11","2",233175414,233175585,"hsa_circ_000042",2,"-",1,2,40,40,"my_test_sample",2,2,0,1,"GTAG",NA,"ANCHOR_UNIQUE,CANONICAL,CIRCULAR,OK_EXT,UNAMBIGUOUS_BP"
"12","1",108080590,108080887,"hsa_circ_000043",2,"-",2,2,5,40,"my_test_sample",2,1,0,1,"GTAG",NA,"ANCHOR_UNIQUE,CANONICAL,CIRCULAR,GOOD_EXT,UNAMBIGUOUS_BP"
"13","3",43135216,43135375,"hsa_circ_000051",3,"+",1,3,40,40,"my_test_sample",3,1,0,1,"GTAG",NA,"ANCHOR_UNIQUE,CANONICAL,CIRCULAR,GOOD_EXT,UNAMBIGUOUS_BP"
"14","6",150186497,150186674,"hsa_circ_000057",2,"+",1,2,5,5,"my_test_sample",2,0,0,1,"GTAG",NA,"ANCHOR_UNIQUE,CANONICAL,CIRCULAR,PERFECT_EXT,UNAMBIGUOUS_BP"
"15","11",1542204,1542369,"hsa_circ_000064",2,"-",2,2,5,40,"my_test_sample",2,0,0,1,"GTAG",NA,"ANCHOR_UNIQUE,CANONICAL,CIRCULAR,PERFECT_EXT,UNAMBIGUOUS_BP"
"16","5",52652336,52652487,"hsa_circ_000066",2,"+",1,2,5,40,"my_test_sample",2,2,0,1,"GTAG",NA,"ANCHOR_UNIQUE,CANONICAL,CIRCULAR,OK_EXT,UNAMBIGUOUS_BP"
"17","13",75086191,75086393,"hsa_circ_000071",2,"+",1,2,5,5,"my_test_sample",2,2,0,1,"GTAG",NA,"ANCHOR_UNIQUE,CANONICAL,CIRCULAR,OK_EXT,UNAMBIGUOUS_BP"
"18","7",75057528,75070769,"hsa_circ_000074",4,"-",2,4,40,40,"my_test_sample",4,0,0,1,"GTAG",NA,"ANCHOR_UNIQUE,CANONICAL,CIRCULAR,PERFECT_EXT,UNAMBIGUOUS_BP"
"19","4",96668414,96668570,"hsa_circ_000076",4,"+",2,4,5,5,"my_test_sample",4,0,0,1,"GTAG",NA,"ANCHOR_UNIQUE,CANONICAL,CIRCULAR,PERFECT_EXT,UNAMBIGUOUS_BP"
"20","2",140578458,140578616,"hsa_circ_000077",2,"-",1,2,5,5,"my_test_sample",2,2,0,1,"GTAG",NA,"ANCHOR_UNIQUE,CANONICAL,CIRCULAR,OK_EXT,UNAMBIGUOUS_BP"
"21","6",166382134,166382313,"hsa_circ_000079",2,"-",1,2,40,5,"my_test_sample",2,2,0,1,"GTAG",NA,"ANCHOR_UNIQUE,CANONICAL,CIRCULAR,OK_EXT,UNAMBIGUOUS_BP"
"22","11",105938012,105938208,"hsa_circ_000082",3,"-",1,3,5,40,"my_test_sample",3,1,0,1,"GTAG",NA,"ANCHOR_UNIQUE,CANONICAL,CIRCULAR,GOOD_EXT,UNAMBIGUOUS_BP"
"23","19",29190726,29190898,"hsa_circ_000084",2,"+",1,2,40,5,"my_test_sample",2,1,0,1,"GTAG",NA,"ANCHOR_UNIQUE,CANONICAL,CIRCULAR,GOOD_EXT,UNAMBIGUOUS_BP"
"24","1",16139066,16139239,"hsa_circ_000086",3,"-",1,3,5,5,"my_test_sample",3,2,0,1,"GTAG",NA,"ANCHOR_UNIQUE,CANONICAL,CIRCULAR,OK_EXT,UNAMBIGUOUS_BP"
"25","12",116230532,116237705,"hsa_circ_000087",2,"-",1,2,40,40,"my_test_sample",2,0,0,1,"GTAG",NA,"ANCHOR_UNIQUE,CANONICAL,CIRCULAR,PERFECT_EXT,UNAMBIGUOUS_BP"
"26","11",899322,899476,"hsa_circ_000089",2,"-",1,2,5,35,"my_test_sample",2,0,0,1,"GTAG",NA,"ANCHOR_UNIQUE,CANONICAL,CIRCULAR,PERFECT_EXT,UNAMBIGUOUS_BP"
"27","8",34161940,34162090,"hsa_circ_000091",2,"-",1,2,40,5,"my_test_sample",2,2,0,1,"GTAG",NA,"ANCHOR_UNIQUE,CANONICAL,CIRCULAR,OK_EXT,UNAMBIGUOUS_BP"
"28","4",17501718,17509363,"hsa_circ_000093",2,"-",2,2,5,3,"my_test_sample",2,1,0,1,"GTAG",NA,"ANCHOR_UNIQUE,CANONICAL,CIRCULAR,GOOD_EXT,UNAMBIGUOUS_BP"
"29","16",35106911,35107101,"hsa_circ_000101",2,"+",1,2,40,5,"my_test_sample",2,2,0,1,"GTAG",NA,"ANCHOR_UNIQUE,CANONICAL,CIRCULAR,OK_EXT,UNAMBIGUOUS_BP"
"30","11",81193602,81193800,"hsa_circ_000103",2,"-",1,2,5,40,"my_test_sample",2,1,0,1,"GTAG",NA,"ANCHOR_UNIQUE,CANONICAL,CIRCULAR,GOOD_EXT,UNAMBIGUOUS_BP"
"31","1",214677387,214677946,"hsa_circ_000106",3,"-",2,3,5,5,"my_test_sample",3,2,0,1,"GTAG",NA,"ANCHOR_UNIQUE,CANONICAL,CIRCULAR,OK_EXT,UNAMBIGUOUS_BP"
"32","17",2096809,2096996,"hsa_circ_000108",2,"-",1,2,5,40,"my_test_sample",2,0,0,1,"GTAG",NA,"ANCHOR_UNIQUE,CANONICAL,CIRCULAR,PERFECT_EXT,UNAMBIGUOUS_BP"
"33","11",31248701,31248930,"hsa_circ_000111",2,"+",1,2,5,5,"my_test_sample",2,0,0,1,"GTAG",NA,"ANCHOR_UNIQUE,CANONICAL,CIRCULAR,PERFECT_EXT,UNAMBIGUOUS_BP"
"34","4",41100638,41143142,"hsa_circ_000112",8,"-",2,8,40,40,"my_test_sample",8,0,0,1,"GTAG",NA,"ANCHOR_UNIQUE,CANONICAL,CIRCULAR,PERFECT_EXT,UNAMBIGUOUS_BP"
"35","7",29509084,29509443,"hsa_circ_000119",2,"-",2,2,5,40,"my_test_sample",2,2,0,1,"GTAG",NA,"ANCHOR_UNIQUE,CANONICAL,CIRCULAR,OK_EXT,UNAMBIGUOUS_BP"
"36","19",29307594,29307774,"hsa_circ_000125",2,"+",1,2,5,40,"my_test_sample",2,2,0,1,"GTAG",NA,"ANCHOR_UNIQUE,CANONICAL,CIRCULAR,OK_EXT,UNAMBIGUOUS_BP"
"37","1",77818698,77818866,"hsa_circ_000127",3,"+",1,3,5,5,"my_test_sample",3,0,0,1,"GTAG",NA,"ANCHOR_UNIQUE,CANONICAL,CIRCULAR,PERFECT_EXT,UNAMBIGUOUS_BP"
"38","8",74692558,74692734,"hsa_circ_000128",3,"-",1,3,5,5,"my_test_sample",3,2,0,1,"GTAG",NA,"ANCHOR_UNIQUE,CANONICAL,CIRCULAR,OK_EXT,UNAMBIGUOUS_BP"
"39","3",137573883,137574110,"hsa_circ_000131",2,"-",1,2,40,5,"my_test_sample",2,2,0,1,"GTAG",NA,"ANCHOR_UNIQUE,CANONICAL,CIRCULAR,OK_EXT,UNAMBIGUOUS_BP"
"40","5",115070766,115070947,"hsa_circ_000136",2,"+",1,2,40,5,"my_test_sample",2,2,0,1,"GTAG",NA,"ANCHOR_UNIQUE,CANONICAL,CIRCULAR,OK_EXT,UNAMBIGUOUS_BP"
"41","6",24751612,24751770,"hsa_circ_000142",5,"-",3,5,40,40,"my_test_sample",5,1,0,1,"GTAG",NA,"ANCHOR_UNIQUE,CANONICAL,CIRCULAR,GOOD_EXT,UNAMBIGUOUS_BP"
"42","14",25414421,25414581,"hsa_circ_000145",3,"-",1,3,40,5,"my_test_sample",3,0,0,1,"GTAG",NA,"ANCHOR_UNIQUE,CANONICAL,CIRCULAR,PERFECT_EXT,UNAMBIGUOUS_BP"
"43","10",103793973,103794154,"hsa_circ_000154",3,"-",2,3,5,40,"my_test_sample",3,1,0,1,"GTAG",NA,"ANCHOR_UNIQUE,CANONICAL,CIRCULAR,GOOD_EXT,UNAMBIGUOUS_BP"
"44","X",102655286,102655541,"hsa_circ_000158",2,"+",1,2,40,5,"my_test_sample",2,1,0,1,"GTAG",NA,"ANCHOR_UNIQUE,CANONICAL,CIRCULAR,GOOD_EXT,UNAMBIGUOUS_BP"
"45","15",78112464,78112640,"hsa_circ_000165",3,"+",2,3,40,40,"my_test_sample",3,0,0,1,"GTAG",NA,"ANCHOR_UNIQUE,CANONICAL,CIRCULAR,PERFECT_EXT,UNAMBIGUOUS_BP"
"46","9",19928019,19928182,"hsa_circ_000167",2,"+",1,2,5,40,"my_test_sample",2,0,0,1,"GTAG",NA,"ANCHOR_UNIQUE,CANONICAL,CIRCULAR,PERFECT_EXT,UNAMBIGUOUS_BP"
"47","12",119408068,119408429,"hsa_circ_000171",4,"-",1,4,5,5,"my_test_sample",4,0,0,1,"GTAG",NA,"ANCHOR_UNIQUE,CANONICAL,CIRCULAR,PERFECT_EXT,UNAMBIGUOUS_BP"
"48","3",121512372,121512681,"hsa_circ_000176",2,"-",1,2,40,5,"my_test_sample",2,2,0,1,"GTAG",NA,"ANCHOR_UNIQUE,CANONICAL,CIRCULAR,OK_EXT,UNAMBIGUOUS_BP"
"49","X",25390799,25391091,"hsa_circ_000177",2,"-",2,2,40,5,"my_test_sample",2,1,0,1,"GTAG",NA,"ANCHOR_UNIQUE,CANONICAL,CIRCULAR,GOOD_EXT,UNAMBIGUOUS_BP"
"50","20",51438534,51438721,"hsa_circ_000185",6,"+",1,6,40,40,"my_test_sample",6,1,0,1,"GTAG",NA,"ANCHOR_UNIQUE,CANONICAL,CIRCULAR,GOOD_EXT,UNAMBIGUOUS_BP"
"51","18",10185835,10186044,"hsa_circ_000197",4,"+",1,4,5,5,"my_test_sample",4,1,0,1,"GTAG",NA,"ANCHOR_UNIQUE,CANONICAL,CIRCULAR,GOOD_EXT,UNAMBIGUOUS_BP"
"52","7",155232684,155233039,"hsa_circ_000207",4,"+",1,4,40,40,"my_test_sample",4,1,2,1,"GTAG",NA,"ANCHOR_UNIQUE,CANONICAL,CIRCULAR,OK_EXT,UNAMBIGUOUS_BP"
"53","9",33971650,33973237,"hsa_circ_000215",3,"-",2,3,40,40,"my_test_sample",3,0,0,1,"GTAG",NA,"ANCHOR_UNIQUE,CANONICAL,CIRCULAR,PERFECT_EXT,UNAMBIGUOUS_BP"
"54","12",130495489,130495642,"hsa_circ_000218",2,"-",1,2,5,5,"my_test_sample",2,0,0,1,"GTAG",NA,"ANCHOR_UNIQUE,CANONICAL,CIRCULAR,PERFECT_EXT,UNAMBIGUOUS_BP"
"55","10",11578267,11578460,"hsa_circ_000220",4,"-",1,4,5,5,"my_test_sample",4,2,0,1,"GTAG",NA,"ANCHOR_UNIQUE,CANONICAL,CIRCULAR,OK_EXT,UNAMBIGUOUS_BP"
"56","11",67354681,67354847,"hsa_circ_000223",4,"-",1,4,40,5,"my_test_sample",4,0,0,1,"GTAG",NA,"ANCHOR_UNIQUE,CANONICAL,CIRCULAR,PERFECT_EXT,UNAMBIGUOUS_BP"
"57","4",23085699,23085877,"hsa_circ_000225",2,"-",1,2,5,40,"my_test_sample",2,1,0,1,"GTAG",NA,"ANCHOR_UNIQUE,CANONICAL,CIRCULAR,GOOD_EXT,UNAMBIGUOUS_BP"
"58","2",136331697,136331860,"hsa_circ_000226",2,"-",1,2,40,40,"my_test_sample",2,0,0,1,"GTAG",NA,"ANCHOR_UNIQUE,CANONICAL,CIRCULAR,PERFECT_EXT,UNAMBIGUOUS_BP"
"59","12",34169816,34169978,"hsa_circ_000228",2,"-",1,2,5,5,"my_test_sample",2,1,0,1,"GTAG",NA,"ANCHOR_UNIQUE,CANONICAL,CIRCULAR,GOOD_EXT,UNAMBIGUOUS_BP"
"60","17",32754584,32754755,"hsa_circ_000229",5,"+",1,5,5,40,"my_test_sample",5,1,0,1,"GTAG",NA,"ANCHOR_UNIQUE,CANONICAL,CIRCULAR,GOOD_EXT,UNAMBIGUOUS_BP"
"61","16",3050234,3050395,"hsa_circ_000230",4,"-",1,4,5,40,"my_test_sample",4,0,0,1,"GTAG",NA,"ANCHOR_UNIQUE,CANONICAL,CIRCULAR,PERFECT_EXT,UNAMBIGUOUS_BP"
"62","6",42441860,42442056,"hsa_circ_000231",3,"-",3,3,5,40,"my_test_sample",3,0,0,1,"GTAG",NA,"ANCHOR_UNIQUE,CANONICAL,CIRCULAR,PERFECT_EXT,UNAMBIGUOUS_BP"
"63","1",59339957,59378837,"hsa_circ_000233",2,"+",1,2,40,40,"my_test_sample",2,0,0,1,"GTAG",NA,"ANCHOR_UNIQUE,CANONICAL,CIRCULAR,PERFECT_EXT,UNAMBIGUOUS_BP"
"64","5",57625614,57627104,"hsa_circ_000235",3,"+",1,3,5,5,"my_test_sample",3,0,0,1,"GTAG",NA,"ANCHOR_UNIQUE,CANONICAL,CIRCULAR,PERFECT_EXT,UNAMBIGUOUS_BP"
"65","6",151953108,151953451,"hsa_circ_000236",3,"+",1,3,5,40,"my_test_sample",3,1,0,1,"GTAG",NA,"ANCHOR_UNIQUE,CANONICAL,CIRCULAR,GOOD_EXT,UNAMBIGUOUS_BP"
"66","15",93423981,93424132,"hsa_circ_000241",2,"+",1,2,40,5,"my_test_sample",2,1,0,1,"GTAG",NA,"ANCHOR_UNIQUE,CANONICAL,CIRCULAR,GOOD_EXT,UNAMBIGUOUS_BP"
"67","1",35210026,35210343,"hsa_circ_000242",3,"-",1,3,5,40,"my_test_sample",3,1,0,1,"GTAG",NA,"ANCHOR_UNIQUE,CANONICAL,CIRCULAR,GOOD_EXT,UNAMBIGUOUS_BP"
"68","10",96588478,96588635,"hsa_circ_000246",3,"-",1,3,40,5,"my_test_sample",3,2,0,1,"GTAG",NA,"ANCHOR_UNIQUE,CANONICAL,CIRCULAR,OK_EXT,UNAMBIGUOUS_BP"
"69","9",109039523,109039681,"hsa_circ_000247",2,"+",1,2,40,40,"my_test_sample",2,0,0,1,"GTAG",NA,"ANCHOR_UNIQUE,CANONICAL,CIRCULAR,PERFECT_EXT,UNAMBIGUOUS_BP"
"70","1",199160501,199160800,"hsa_circ_000260",3,"-",1,3,5,5,"my_test_sample",3,0,0,1,"GTAG",NA,"ANCHOR_UNIQUE,CANONICAL,CIRCULAR,PERFECT_EXT,UNAMBIGUOUS_BP"
"71","15",51109622,51109797,"hsa_circ_000262",2,"+",1,2,40,40,"my_test_sample",2,1,0,1,"GTAG",NA,"ANCHOR_UNIQUE,CANONICAL,CIRCULAR,GOOD_EXT,UNAMBIGUOUS_BP"
"72","17",319419,327579,"hsa_circ_000265",3,"-",3,3,40,40,"my_test_sample",3,0,0,1,"GTAG",NA,"ANCHOR_UNIQUE,CANONICAL,CIRCULAR,PERFECT_EXT,UNAMBIGUOUS_BP"
"73","5",39599643,39599823,"hsa_circ_000269",4,"+",1,4,5,40,"my_test_sample",4,2,0,1,"GTAG",NA,"ANCHOR_UNIQUE,CANONICAL,CIRCULAR,OK_EXT,UNAMBIGUOUS_BP"
"74","5",37903252,37903424,"hsa_circ_000270",2,"+",2,2,40,40,"my_test_sample",2,0,0,1,"GTAG",NA,"ANCHOR_UNIQUE,CANONICAL,CIRCULAR,PERFECT_EXT,UNAMBIGUOUS_BP"
"75","14",73623752,73623922,"hsa_circ_000271",2,"-",1,2,5,40,"my_test_sample",2,2,0,1,"GTAG",NA,"ANCHOR_UNIQUE,CANONICAL,CIRCULAR,OK_EXT,UNAMBIGUOUS_BP"
"76","17",67920014,67922990,"hsa_circ_000272",3,"+",2,3,40,40,"my_test_sample",3,0,0,1,"GTAG",NA,"ANCHOR_UNIQUE,CANONICAL,CIRCULAR,PERFECT_EXT,UNAMBIGUOUS_BP"
"77","12",53308413,53308592,"hsa_circ_000274",2,"-",1,2,40,40,"my_test_sample",2,2,0,1,"GTAG",NA,"ANCHOR_UNIQUE,CANONICAL,CIRCULAR,OK_EXT,UNAMBIGUOUS_BP"
"78","4",7614742,7614918,"hsa_circ_000277",3,"-",2,3,5,5,"my_test_sample",3,1,0,1,"GTAG",NA,"ANCHOR_UNIQUE,CANONICAL,CIRCULAR,GOOD_EXT,UNAMBIGUOUS_BP"
"79","1",243903175,243903345,"hsa_circ_000280",2,"+",1,2,40,5,"my_test_sample",2,1,0,1,"GTAG",NA,"ANCHOR_UNIQUE,CANONICAL,CIRCULAR,GOOD_EXT,UNAMBIGUOUS_BP"
"80","20",43896637,43896802,"hsa_circ_000281",6,"-",1,6,5,5,"my_test_sample",6,0,0,1,"GTAG",NA,"ANCHOR_UNIQUE,CANONICAL,CIRCULAR,PERFECT_EXT,UNAMBIGUOUS_BP"
"81","18",79623865,79624045,"hsa_circ_000283",2,"+",2,2,5,5,"my_test_sample",2,0,0,1,"GTAG",NA,"ANCHOR_UNIQUE,CANONICAL,CIRCULAR,PERFECT_EXT,UNAMBIGUOUS_BP"
"82","10",101359260,101359449,"hsa_circ_000284",2,"-",2,2,40,5,"my_test_sample",2,0,0,1,"GTAG",NA,"ANCHOR_UNIQUE,CANONICAL,CIRCULAR,PERFECT_EXT,UNAMBIGUOUS_BP"
"83","6",30895643,30895796,"hsa_circ_000286",2,"+",2,2,40,40,"my_test_sample",2,0,0,1,"GTAG",NA,"ANCHOR_UNIQUE,CANONICAL,CIRCULAR,PERFECT_EXT,UNAMBIGUOUS_BP"
"84","22",17007440,17007628,"hsa_circ_000287",3,"+",2,3,35,40,"my_test_sample",3,0,0,1,"GTAG",NA,"ANCHOR_UNIQUE,CANONICAL,CIRCULAR,PERFECT_EXT,UNAMBIGUOUS_BP"
"85","2",69992925,69993145,"hsa_circ_000289",2,"-",1,2,5,40,"my_test_sample",2,2,0,1,"GTAG",NA,"ANCHOR_UNIQUE,CANONICAL,CIRCULAR,OK_EXT,UNAMBIGUOUS_BP"
"86","12",104108917,104109152,"hsa_circ_000291",3,"-",1,3,5,5,"my_test_sample",3,2,0,1,"GTAG",NA,"ANCHOR_UNIQUE,CANONICAL,CIRCULAR,OK_EXT,UNAMBIGUOUS_BP"
"87","X",87608191,87608373,"hsa_circ_000292",4,"-",2,4,5,40,"my_test_sample",4,1,0,1,"GTAG",NA,"ANCHOR_UNIQUE,CANONICAL,CIRCULAR,GOOD_EXT,UNAMBIGUOUS_BP"
"88","5",10415487,10417404,"hsa_circ_000295",3,"+",2,3,40,5,"my_test_sample",3,0,0,1,"GTAG",NA,"ANCHOR_UNIQUE,CANONICAL,CIRCULAR,PERFECT_EXT,UNAMBIGUOUS_BP"
"89","12",29402633,29402783,"hsa_circ_000297",3,"+",1,3,40,35,"my_test_sample",3,2,0,1,"GTAG",NA,"ANCHOR_UNIQUE,CANONICAL,CIRCULAR,OK_EXT,UNAMBIGUOUS_BP"
"90","17",29588066,29588231,"hsa_circ_000299",2,"+",1,2,5,40,"my_test_sample",2,2,0,1,"GTAG",NA,"ANCHOR_UNIQUE,CANONICAL,CIRCULAR,OK_EXT,UNAMBIGUOUS_BP"
"91","15",55780337,55780492,"hsa_circ_000301",2,"+",2,2,40,5,"my_test_sample",2,0,0,1,"GTAG",NA,"ANCHOR_UNIQUE,CANONICAL,CIRCULAR,PERFECT_EXT,UNAMBIGUOUS_BP"
"92","5",43834757,43834980,"hsa_circ_000302",3,"+",2,3,40,5,"my_test_sample",3,1,0,1,"GTAG",NA,"ANCHOR_UNIQUE,CANONICAL,CIRCULAR,GOOD_EXT,UNAMBIGUOUS_BP"
"93","2",201279522,201279678,"hsa_circ_000304",2,"-",1,2,5,5,"my_test_sample",2,1,0,1,"GTAG",NA,"ANCHOR_UNIQUE,CANONICAL,CIRCULAR,GOOD_EXT,UNAMBIGUOUS_BP"
"94","22",27902045,27902209,"hsa_circ_000311",2,"+",1,2,40,5,"my_test_sample",2,1,0,1,"GTAG",NA,"ANCHOR_UNIQUE,CANONICAL,CIRCULAR,GOOD_EXT,UNAMBIGUOUS_BP"
"95","19",33195821,33197086,"hsa_circ_000314",3,"+",1,3,40,40,"my_test_sample",3,1,0,1,"GTAG",NA,"ANCHOR_UNIQUE,CANONICAL,CIRCULAR,GOOD_EXT,UNAMBIGUOUS_BP"
"96","7",30654000,30654153,"hsa_circ_000315",2,"-",1,2,5,5,"my_test_sample",2,2,0,1,"GTAG",NA,"ANCHOR_UNIQUE,CANONICAL,CIRCULAR,OK_EXT,UNAMBIGUOUS_BP"
"97","6",155555498,155555704,"hsa_circ_000316",2,"-",1,2,5,40,"my_test_sample",2,0,0,1,"GTAG",NA,"ANCHOR_UNIQUE,CANONICAL,CIRCULAR,PERFECT_EXT,UNAMBIGUOUS_BP"
"98","2",190308137,190308301,"hsa_circ_000317",2,"-",2,2,5,40,"my_test_sample",2,1,0,1,"GTAG",NA,"ANCHOR_UNIQUE,CANONICAL,CIRCULAR,GOOD_EXT,UNAMBIGUOUS_BP"
"99","3",129604999,129605228,"hsa_circ_000319",4,"-",1,4,40,40,"my_test_sample",4,0,0,1,"GTAG",NA,"ANCHOR_UNIQUE,CANONICAL,CIRCULAR,PERFECT_EXT,UNAMBIGUOUS_BP"
"100","15",49794726,49794914,"hsa_circ_000320",2,"-",2,2,40,5,"my_test_sample",2,1,0,1,"GTAG",NA,"ANCHOR_UNIQUE,CANONICAL,CIRCULAR,GOOD_EXT,UNAMBIGUOUS_BP"
"101","13",40568850,40569175,"hsa_circ_000321",4,"+",1,4,5,5,"my_test_sample",4,0,0,1,"GTAG",NA,"ANCHOR_UNIQUE,CANONICAL,CIRCULAR,PERFECT_EXT,UNAMBIGUOUS_BP"
"102","11",134292393,134292544,"hsa_circ_000322",3,"-",1,3,40,40,"my_test_sample",3,1,0,1,"GTAG",NA,"ANCHOR_UNIQUE,CANONICAL,CIRCULAR,GOOD_EXT,UNAMBIGUOUS_BP"
"103","9",25566445,25566616,"hsa_circ_000323",2,"-",2,2,5,37,"my_test_sample",2,1,0,1,"GTAG",NA,"ANCHOR_UNIQUE,CANONICAL,CIRCULAR,GOOD_EXT,UNAMBIGUOUS_BP"
"104","2",120625370,120625580,"hsa_circ_000325",2,"-",1,2,5,40,"my_test_sample",2,1,0,1,"GTAG",NA,"ANCHOR_UNIQUE,CANONICAL,CIRCULAR,GOOD_EXT,UNAMBIGUOUS_BP"
"105","22",34874519,34874672,"hsa_circ_000326",2,"-",1,2,5,40,"my_test_sample",2,1,0,1,"GTAG",NA,"ANCHOR_UNIQUE,CANONICAL,CIRCULAR,GOOD_EXT,UNAMBIGUOUS_BP"
"106","3",9750944,9751949,"hsa_circ_000327",2,"+",1,2,40,5,"my_test_sample",2,0,0,1,"GTAG",NA,"ANCHOR_UNIQUE,CANONICAL,CIRCULAR,PERFECT_EXT,UNAMBIGUOUS_BP"
"107","4",151807919,151808078,"hsa_circ_000328",5,"+",2,1,5,5,"my_test_sample",5,1,0,1,"GTAG",NA,"ANCHOR_UNIQUE,CANONICAL,CIRCULAR,GOOD_EXT,UNAMBIGUOUS_BP"
"108","12",2529186,2529376,"hsa_circ_000329",2,"-",1,2,5,40,"my_test_sample",2,1,0,1,"GTAG",NA,"ANCHOR_UNIQUE,CANONICAL,CIRCULAR,GOOD_EXT,UNAMBIGUOUS_BP"
"109","9",29940500,29940667,"hsa_circ_000330",3,"-",1,3,4,5,"my_test_sample",3,1,0,1,"GTAG",NA,"ANCHOR_UNIQUE,CANONICAL,CIRCULAR,GOOD_EXT,UNAMBIGUOUS_BP"
"110","14",99515253,99515593,"hsa_circ_000331",2,"+",1,2,5,5,"my_test_sample",2,1,0,1,"GTAG",NA,"ANCHOR_UNIQUE,CANONICAL,CIRCULAR,GOOD_EXT,UNAMBIGUOUS_BP"
"111","7",120474125,120474286,"hsa_circ_000335",2,"+",2,2,40,40,"my_test_sample",2,0,0,1,"GTAG",NA,"ANCHOR_UNIQUE,CANONICAL,CIRCULAR,PERFECT_EXT,UNAMBIGUOUS_BP"
"112","6",10347731,10347972,"hsa_circ_000337",4,"+",1,4,5,5,"my_test_sample",4,1,0,1,"GTAG",NA,"ANCHOR_UNIQUE,CANONICAL,CIRCULAR,GOOD_EXT,UNAMBIGUOUS_BP"
"113","9",116732748,116733096,"hsa_circ_000338",2,"+",1,2,40,5,"my_test_sample",2,1,0,1,"GTAG",NA,"ANCHOR_UNIQUE,CANONICAL,CIRCULAR,GOOD_EXT,UNAMBIGUOUS_BP"
"114","12",18828605,18828758,"hsa_circ_000339",2,"+",1,2,40,5,"my_test_sample",2,1,0,1,"GTAG",NA,"ANCHOR_UNIQUE,CANONICAL,CIRCULAR,GOOD_EXT,UNAMBIGUOUS_BP"
"115","1",222526043,222526236,"hsa_circ_000340",2,"-",1,2,40,40,"my_test_sample",2,2,0,1,"GTAG",NA,"ANCHOR_UNIQUE,CANONICAL,CIRCULAR,OK_EXT,UNAMBIGUOUS_BP"
"116","4",48389565,48389952,"hsa_circ_000347",3,"+",1,3,40,5,"my_test_sample",3,0,0,1,"GTAG",NA,"ANCHOR_UNIQUE,CANONICAL,CIRCULAR,PERFECT_EXT,UNAMBIGUOUS_BP"
"117","1",193771909,193772072,"hsa_circ_000349",3,"+",1,3,40,35,"my_test_sample",3,2,0,1,"GTAG",NA,"ANCHOR_UNIQUE,CANONICAL,CIRCULAR,OK_EXT,UNAMBIGUOUS_BP"
"118","19",27679715,27679953,"hsa_circ_000350",2,"+",1,2,5,40,"my_test_sample",2,0,0,1,"GTAG",NA,"ANCHOR_UNIQUE,CANONICAL,CIRCULAR,PERFECT_EXT,UNAMBIGUOUS_BP"
"119","11",10382699,10382851,"hsa_circ_000351",2,"-",2,2,5,2,"my_test_sample",2,0,0,1,"GTAG",NA,"ANCHOR_UNIQUE,CANONICAL,CIRCULAR,PERFECT_EXT,UNAMBIGUOUS_BP"
"120","5",167578550,167578737,"hsa_circ_000353",2,"+",1,2,5,5,"my_test_sample",2,1,0,1,"GTAG",NA,"ANCHOR_UNIQUE,CANONICAL,CIRCULAR,GOOD_EXT,UNAMBIGUOUS_BP"
"121","4",16905149,16905327,"hsa_circ_000361",2,"+",1,2,5,40,"my_test_sample",2,2,0,1,"GTAG",NA,"ANCHOR_UNIQUE,CANONICAL,CIRCULAR,OK_EXT,UNAMBIGUOUS_BP"
"122","17",15354525,15354727,"hsa_circ_000362",2,"-",1,2,5,4,"my_test_sample",2,2,0,1,"GTAG",NA,"ANCHOR_UNIQUE,CANONICAL,CIRCULAR,OK_EXT,UNAMBIGUOUS_BP"
"123","9",109525364,109525713,"hsa_circ_000364",2,"+",1,2,5,35,"my_test_sample",2,0,0,1,"GTAG",NA,"ANCHOR_UNIQUE,CANONICAL,CIRCULAR,PERFECT_EXT,UNAMBIGUOUS_BP"
"124","17",67831385,67831558,"hsa_circ_000366",5,"+",3,5,37,40,"my_test_sample",5,1,0,1,"GTAG",NA,"ANCHOR_UNIQUE,CANONICAL,CIRCULAR,GOOD_EXT,UNAMBIGUOUS_BP"
"125","7",99496646,99496802,"hsa_circ_000368",2,"-",2,1,5,3,"my_test_sample",2,0,0,1,"GTAG",NA,"ANCHOR_UNIQUE,CANONICAL,CIRCULAR,PERFECT_EXT,UNAMBIGUOUS_BP"
"126","5",125411251,125411437,"hsa_circ_000370",2,"+",1,2,40,5,"my_test_sample",2,2,0,1,"GTAG",NA,"ANCHOR_UNIQUE,CANONICAL,CIRCULAR,OK_EXT,UNAMBIGUOUS_BP"
"127","7",92845247,92845407,"hsa_circ_000371",2,"-",1,2,40,5,"my_test_sample",2,2,0,1,"GTAG",NA,"ANCHOR_UNIQUE,CANONICAL,CIRCULAR,OK_EXT,UNAMBIGUOUS_BP"
"128","12",117128302,117128521,"hsa_circ_000374",4,"-",1,4,40,5,"my_test_sample",4,2,0,1,"GTAG",NA,"ANCHOR_UNIQUE,CANONICAL,CIRCULAR,OK_EXT,UNAMBIGUOUS_BP"
"129","14",29866958,29867109,"hsa_circ_000384",2,"-",1,2,40,5,"my_test_sample",2,1,0,1,"GTAG",NA,"ANCHOR_UNIQUE,CANONICAL,CIRCULAR,GOOD_EXT,UNAMBIGUOUS_BP"
"130","6",155288646,155288795,"hsa_circ_000385",2,"-",2,2,40,40,"my_test_sample",2,0,0,1,"GTAG",NA,"ANCHOR_UNIQUE,CANONICAL,CIRCULAR,PERFECT_EXT,UNAMBIGUOUS_BP"
"131","6",33903739,33903935,"hsa_circ_000390",2,"+",1,2,5,40,"my_test_sample",2,1,0,1,"GTAG",NA,"ANCHOR_UNIQUE,CANONICAL,CIRCULAR,GOOD_EXT,UNAMBIGUOUS_BP"
"132","4",168117439,168117787,"hsa_circ_000392",3,"-",2,2,5,5,"my_test_sample",3,1,0,1,"GTAG",NA,"ANCHOR_UNIQUE,CANONICAL,CIRCULAR,GOOD_EXT,UNAMBIGUOUS_BP"
"133","17",580997,583413,"hsa_circ_000395",3,"-",1,3,5,5,"my_test_sample",3,2,0,1,"GTAG",NA,"ANCHOR_UNIQUE,CANONICAL,CIRCULAR,OK_EXT,UNAMBIGUOUS_BP"
"134","3",45711091,45711260,"hsa_circ_000396",2,"+",1,2,5,5,"my_test_sample",2,0,1,1,"GTAG",NA,"ANCHOR_UNIQUE,CANONICAL,CIRCULAR,GOOD_EXT,UNAMBIGUOUS_BP"
"135","6",111182894,111183154,"hsa_circ_000402",2,"-",1,2,40,5,"my_test_sample",2,1,0,1,"GTAG",NA,"ANCHOR_UNIQUE,CANONICAL,CIRCULAR,GOOD_EXT,UNAMBIGUOUS_BP"
"136","19",30732699,30732908,"hsa_circ_000408",2,"+",1,2,5,40,"my_test_sample",2,1,2,1,"GTAG",NA,"ANCHOR_UNIQUE,CANONICAL,CIRCULAR,OK_EXT,UNAMBIGUOUS_BP"
"137","11",93938389,93938555,"hsa_circ_000409",2,"+",1,2,5,5,"my_test_sample",2,0,0,1,"GTAG",NA,"ANCHOR_UNIQUE,CANONICAL,CIRCULAR,PERFECT_EXT,UNAMBIGUOUS_BP"
"138","11",54852602,54852773,"hsa_circ_000427",2,"-",1,1,2,5,"my_test_sample",2,2,0,1,"GTAG",NA,"ANCHOR_UNIQUE,CANONICAL,CIRCULAR,OK_EXT,UNAMBIGUOUS_BP"
"139","20",20871787,20871941,"hsa_circ_000429",2,"+",1,2,40,40,"my_test_sample",2,2,0,1,"GTAG",NA,"ANCHOR_UNIQUE,CANONICAL,CIRCULAR,OK_EXT,UNAMBIGUOUS_BP"
"140","12",78440485,78440654,"hsa_circ_000430",2,"+",1,2,5,40,"my_test_sample",2,0,0,1,"GTAG",NA,"ANCHOR_UNIQUE,CANONICAL,CIRCULAR,PERFECT_EXT,UNAMBIGUOUS_BP"
"141","9",128471279,128471473,"hsa_circ_000433",3,"+",1,3,40,35,"my_test_sample",3,0,1,1,"GTAG",NA,"ANCHOR_UNIQUE,CANONICAL,CIRCULAR,GOOD_EXT,UNAMBIGUOUS_BP"
"142","8",11623527,11623738,"hsa_circ_000435",2,"-",2,2,5,5,"my_test_sample",2,0,0,1,"GTAG",NA,"ANCHOR_UNIQUE,CANONICAL,CIRCULAR,PERFECT_EXT,UNAMBIGUOUS_BP"
"143","3",161957054,161957260,"hsa_circ_000438",2,"+",2,2,40,40,"my_test_sample",2,0,0,1,"GTAG",NA,"ANCHOR_UNIQUE,CANONICAL,CIRCULAR,PERFECT_EXT,UNAMBIGUOUS_BP"
"144","10",7890743,7890936,"hsa_circ_000441",2,"-",1,2,5,5,"my_test_sample",2,1,0,1,"GTAG",NA,"ANCHOR_UNIQUE,CANONICAL,CIRCULAR,GOOD_EXT,UNAMBIGUOUS_BP"
"145","2",57857906,57858076,"hsa_circ_000442",2,"-",1,2,5,5,"my_test_sample",2,0,0,1,"GTAG",NA,"ANCHOR_UNIQUE,CANONICAL,CIRCULAR,PERFECT_EXT,UNAMBIGUOUS_BP"
"146","3",45360526,45360691,"hsa_circ_000443",3,"-",1,3,5,5,"my_test_sample",3,1,0,1,"GTAG",NA,"ANCHOR_UNIQUE,CANONICAL,CIRCULAR,GOOD_EXT,UNAMBIGUOUS_BP"
"147","6",156444556,156444729,"hsa_circ_000444",2,"-",2,2,5,5,"my_test_sample",2,2,0,1,"GTAG",NA,"ANCHOR_UNIQUE,CANONICAL,CIRCULAR,OK_EXT,UNAMBIGUOUS_BP"
"148","8",38086008,38086199,"hsa_circ_000448",2,"-",1,2,40,40,"my_test_sample",2,2,0,1,"GTAG",NA,"ANCHOR_UNIQUE,CANONICAL,CIRCULAR,OK_EXT,UNAMBIGUOUS_BP"
"149","11",57299850,57300005,"hsa_circ_000450",2,"+",1,2,40,5,"my_test_sample",2,2,0,1,"GTAG",NA,"ANCHOR_UNIQUE,CANONICAL,CIRCULAR,OK_EXT,UNAMBIGUOUS_BP"
"150","11",83169249,83169402,"hsa_circ_000454",3,"-",2,3,40,40,"my_test_sample",3,1,0,1,"GTAG",NA,"ANCHOR_UNIQUE,CANONICAL,CIRCULAR,GOOD_EXT,UNAMBIGUOUS_BP"
"151","5",66355844,66356074,"hsa_circ_000455",3,"-",1,3,5,5,"my_test_sample",3,0,0,1,"GTAG",NA,"ANCHOR_UNIQUE,CANONICAL,CIRCULAR,PERFECT_EXT,UNAMBIGUOUS_BP"
"152","X",566107,566374,"hsa_circ_000456",2,"+",1,2,5,5,"my_test_sample",2,1,2,1,"GTAG",NA,"ANCHOR_UNIQUE,CANONICAL,CIRCULAR,OK_EXT,UNAMBIGUOUS_BP"
"153","19",28460928,28461132,"hsa_circ_000460",2,"-",1,2,40,4,"my_test_sample",2,0,0,1,"GTAG",NA,"ANCHOR_UNIQUE,CANONICAL,CIRCULAR,PERFECT_EXT,UNAMBIGUOUS_BP"
"154","19",18109072,18109236,"hsa_circ_000462",2,"+",2,2,37,40,"my_test_sample",2,0,0,1,"GTAG",NA,"ANCHOR_UNIQUE,CANONICAL,CIRCULAR,PERFECT_EXT,UNAMBIGUOUS_BP"
"155","11",119414462,119414648,"hsa_circ_000464",2,"-",1,2,5,5,"my_test_sample",2,1,0,1,"GTAG",NA,"ANCHOR_UNIQUE,CANONICAL,CIRCULAR,GOOD_EXT,UNAMBIGUOUS_BP"
"156","3",123899308,123899460,"hsa_circ_000466",2,"-",2,2,5,5,"my_test_sample",2,0,0,1,"GTAG",NA,"ANCHOR_UNIQUE,CANONICAL,CIRCULAR,PERFECT_EXT,UNAMBIGUOUS_BP"
"157","18",33690947,33691246,"hsa_circ_000470",2,"-",1,2,5,40,"my_test_sample",2,0,1,1,"GTAG",NA,"ANCHOR_UNIQUE,CANONICAL,CIRCULAR,GOOD_EXT,UNAMBIGUOUS_BP"
"158","10",34269656,34284245,"hsa_circ_000471",6,"-",5,5,40,40,"my_test_sample",6,0,0,1,"GTAG",NA,"ANCHOR_UNIQUE,CANONICAL,CIRCULAR,PERFECT_EXT,UNAMBIGUOUS_BP"
"159","2",133059488,133059650,"hsa_circ_000478",5,"+",2,5,37,5,"my_test_sample",5,2,0,1,"GTAG",NA,"ANCHOR_UNIQUE,CANONICAL,CIRCULAR,OK_EXT,UNAMBIGUOUS_BP"
"160","20",63752907,63753267,"hsa_circ_000479",2,"-",1,2,35,35,"my_test_sample",2,1,0,1,"GTAG",NA,"ANCHOR_UNIQUE,CANONICAL,CIRCULAR,GOOD_EXT,UNAMBIGUOUS_BP"
"161","2",209695428,209695598,"hsa_circ_000480",4,"+",1,4,40,40,"my_test_sample",4,0,0,1,"GTAG",NA,"ANCHOR_UNIQUE,CANONICAL,CIRCULAR,PERFECT_EXT,UNAMBIGUOUS_BP"
"162","4",4848702,4848900,"hsa_circ_000487",2,"+",2,2,40,40,"my_test_sample",2,0,0,1,"GTAG",NA,"ANCHOR_UNIQUE,CANONICAL,CIRCULAR,PERFECT_EXT,UNAMBIGUOUS_BP"
"163","19",48969957,48970115,"hsa_circ_000488",4,"-",1,4,40,40,"my_test_sample",4,1,0,1,"GTAG",NA,"ANCHOR_UNIQUE,CANONICAL,CIRCULAR,GOOD_EXT,UNAMBIGUOUS_BP"
"164","2",177816828,177840383,"hsa_circ_000489",2,"-",2,2,40,40,"my_test_sample",2,0,0,1,"GTAG",NA,"ANCHOR_UNIQUE,CANONICAL,CIRCULAR,PERFECT_EXT,UNAMBIGUOUS_BP"
"165","4",175680191,175680399,"hsa_circ_000491",3,"-",2,3,40,40,"my_test_sample",3,2,0,1,"GTAG",NA,"ANCHOR_UNIQUE,CANONICAL,CIRCULAR,OK_EXT,UNAMBIGUOUS_BP"
"166","11",69545994,69546206,"hsa_circ_000493",2,"-",1,2,40,5,"my_test_sample",2,1,0,1,"GTAG",NA,"ANCHOR_UNIQUE,CANONICAL,CIRCULAR,GOOD_EXT,UNAMBIGUOUS_BP"
"167","1",88001421,88001596,"hsa_circ_000497",5,"+",1,5,40,40,"my_test_sample",5,1,0,1,"GTAG",NA,"ANCHOR_UNIQUE,CANONICAL,CIRCULAR,GOOD_EXT,UNAMBIGUOUS_BP"
"168","1",184036164,184036340,"hsa_circ_000498",2,"+",1,2,5,40,"my_test_sample",2,1,0,1,"GTAG",NA,"ANCHOR_UNIQUE,CANONICAL,CIRCULAR,GOOD_EXT,UNAMBIGUOUS_BP"
"169","19",41332586,41332743,"hsa_circ_000499",4,"-",3,4,5,40,"my_test_sample",4,0,0,1,"GTAG",NA,"ANCHOR_UNIQUE,CANONICAL,CIRCULAR,PERFECT_EXT,UNAMBIGUOUS_BP"
"170","9",35750041,35750224,"hsa_circ_000510",3,"-",1,3,5,40,"my_test_sample",3,2,0,1,"GTAG",NA,"ANCHOR_UNIQUE,CANONICAL,CIRCULAR,OK_EXT,UNAMBIGUOUS_BP"
"171","11",83764250,83764461,"hsa_circ_000516",2,"+",2,2,5,5,"my_test_sample",2,2,0,1,"GTAG",NA,"ANCHOR_UNIQUE,CANONICAL,CIRCULAR,OK_EXT,UNAMBIGUOUS_BP"
"172","1",241285357,241285553,"hsa_circ_000517",3,"+",1,3,5,40,"my_test_sample",3,1,0,1,"GTAG",NA,"ANCHOR_UNIQUE,CANONICAL,CIRCULAR,GOOD_EXT,UNAMBIGUOUS_BP"
"173","15",36702317,36702503,"hsa_circ_000523",2,"-",1,2,35,40,"my_test_sample",2,2,0,1,"GTAG",NA,"ANCHOR_UNIQUE,CANONICAL,CIRCULAR,OK_EXT,UNAMBIGUOUS_BP"
"174","20",60181073,60181273,"hsa_circ_000528",2,"+",2,2,40,40,"my_test_sample",2,1,0,1,"GTAG",NA,"ANCHOR_UNIQUE,CANONICAL,CIRCULAR,GOOD_EXT,UNAMBIGUOUS_BP"
"175","7",143318586,143318769,"hsa_circ_000530",2,"-",1,2,5,40,"my_test_sample",2,1,0,1,"GTAG",NA,"ANCHOR_UNIQUE,CANONICAL,CIRCULAR,GOOD_EXT,UNAMBIGUOUS_BP"
"176","1",217750019,217751691,"hsa_circ_000531",2,"+",1,2,40,5,"my_test_sample",2,1,0,1,"GTAG",NA,"ANCHOR_UNIQUE,CANONICAL,CIRCULAR,GOOD_EXT,UNAMBIGUOUS_BP"
"177","X",141875120,141875275,"hsa_circ_000532",2,"+",1,2,40,5,"my_test_sample",2,2,0,1,"GTAG",NA,"ANCHOR_UNIQUE,CANONICAL,CIRCULAR,OK_EXT,UNAMBIGUOUS_BP"
"178","1",5436946,5437107,"hsa_circ_000538",2,"+",2,2,5,40,"my_test_sample",2,2,0,1,"GTAG",NA,"ANCHOR_UNIQUE,CANONICAL,CIRCULAR,OK_EXT,UNAMBIGUOUS_BP"
"179","X",8927283,8927463,"hsa_circ_000547",2,"-",1,2,5,40,"my_test_sample",2,2,0,1,"GTAG",NA,"ANCHOR_UNIQUE,CANONICAL,CIRCULAR,OK_EXT,UNAMBIGUOUS_BP"
"180","10",61910595,61910900,"hsa_circ_000550",3,"-",1,3,35,40,"my_test_sample",3,0,2,1,"GTAG",NA,"ANCHOR_UNIQUE,CANONICAL,CIRCULAR,OK_EXT,UNAMBIGUOUS_BP"
"181","15",20340993,20342559,"hsa_circ_000553",4,"+",3,3,35,5,"my_test_sample",4,1,0,1,"GTAG",NA,"ANCHOR_UNIQUE,CANONICAL,CIRCULAR,GOOD_EXT,UNAMBIGUOUS_BP"
"182","20",41512845,41533570,"hsa_circ_000557",2,"-",2,2,40,40,"my_test_sample",2,0,0,1,"GTAG",NA,"ANCHOR_UNIQUE,CANONICAL,CIRCULAR,PERFECT_EXT,UNAMBIGUOUS_BP"
"183","5",6457325,6458687,"hsa_circ_000561",2,"-",1,2,5,5,"my_test_sample",2,1,0,1,"GTAG",NA,"ANCHOR_UNIQUE,CANONICAL,CIRCULAR,GOOD_EXT,UNAMBIGUOUS_BP"
"184","16",76420419,76420609,"hsa_circ_000563",3,"-",1,3,35,40,"my_test_sample",3,1,0,1,"GTAG",NA,"ANCHOR_UNIQUE,CANONICAL,CIRCULAR,GOOD_EXT,UNAMBIGUOUS_BP"
"185","2",138854800,138854964,"hsa_circ_000564",3,"+",1,3,5,5,"my_test_sample",3,1,0,1,"GTAG",NA,"ANCHOR_UNIQUE,CANONICAL,CIRCULAR,GOOD_EXT,UNAMBIGUOUS_BP"
"186","5",113973049,113973205,"hsa_circ_000566",2,"-",2,2,5,37,"my_test_sample",2,2,0,1,"GTAG",NA,"ANCHOR_UNIQUE,CANONICAL,CIRCULAR,OK_EXT,UNAMBIGUOUS_BP"
"187","18",11999053,12014373,"hsa_circ_000567",2,"+",2,2,40,40,"my_test_sample",2,1,0,1,"GTAG",NA,"ANCHOR_UNIQUE,CANONICAL,CIRCULAR,GOOD_EXT,UNAMBIGUOUS_BP"
"188","19",48496905,48497068,"hsa_circ_000571",2,"+",1,2,5,5,"my_test_sample",2,0,0,1,"GTAG",NA,"ANCHOR_UNIQUE,CANONICAL,CIRCULAR,PERFECT_EXT,UNAMBIGUOUS_BP"
"189","1",38810143,38810334,"hsa_circ_000572",2,"-",1,2,40,40,"my_test_sample",2,0,0,1,"GTAG",NA,"ANCHOR_UNIQUE,CANONICAL,CIRCULAR,PERFECT_EXT,UNAMBIGUOUS_BP"
"190","5",75581208,75583417,"hsa_circ_000573",4,"+",2,4,40,40,"my_test_sample",4,0,0,1,"GTAG",NA,"ANCHOR_UNIQUE,CANONICAL,CIRCULAR,PERFECT_EXT,UNAMBIGUOUS_BP"
"191","1",27194310,27194539,"hsa_circ_000575",2,"-",2,2,40,40,"my_test_sample",2,0,0,1,"GTAG",NA,"ANCHOR_UNIQUE,CANONICAL,CIRCULAR,PERFECT_EXT,UNAMBIGUOUS_BP"
"192","3",44080733,44080923,"hsa_circ_000576",4,"+",1,4,40,40,"my_test_sample",4,1,0,1,"GTAG",NA,"ANCHOR_UNIQUE,CANONICAL,CIRCULAR,GOOD_EXT,UNAMBIGUOUS_BP"
"193","10",37623501,37623661,"hsa_circ_000578",3,"-",1,3,5,5,"my_test_sample",3,0,0,1,"GTAG",NA,"ANCHOR_UNIQUE,CANONICAL,CIRCULAR,PERFECT_EXT,UNAMBIGUOUS_BP"
"194","12",112410319,112411442,"hsa_circ_000579",2,"-",1,2,40,5,"my_test_sample",2,0,0,1,"GTAG",NA,"ANCHOR_UNIQUE,CANONICAL,CIRCULAR,PERFECT_EXT,UNAMBIGUOUS_BP"
"195","7",107668307,107668460,"hsa_circ_000580",3,"+",1,3,5,40,"my_test_sample",3,1,0,1,"GTAG",NA,"ANCHOR_UNIQUE,CANONICAL,CIRCULAR,GOOD_EXT,UNAMBIGUOUS_BP"
"196","3",141194395,141194663,"hsa_circ_000581",2,"-",1,2,5,5,"my_test_sample",2,0,0,1,"GTAG",NA,"ANCHOR_UNIQUE,CANONICAL,CIRCULAR,PERFECT_EXT,UNAMBIGUOUS_BP"
"197","14",55136181,55136399,"hsa_circ_000584",4,"-",1,4,5,5,"my_test_sample",4,1,0,1,"GTAG",NA,"ANCHOR_UNIQUE,CANONICAL,CIRCULAR,GOOD_EXT,UNAMBIGUOUS_BP"
"198","2",195238210,195238387,"hsa_circ_000587",2,"+",1,2,5,40,"my_test_sample",2,1,0,1,"GTAG",NA,"ANCHOR_UNIQUE,CANONICAL,CIRCULAR,GOOD_EXT,UNAMBIGUOUS_BP"
"199","2",22269887,22270074,"hsa_circ_000590",4,"-",2,4,5,5,"my_test_sample",4,0,0,1,"GTAG",NA,"ANCHOR_UNIQUE,CANONICAL,CIRCULAR,PERFECT_EXT,UNAMBIGUOUS_BP"
"200","12",65770300,65770477,"hsa_circ_000591",2,"-",2,2,5,5,"my_test_sample",2,1,0,1,"GTAG",NA,"ANCHOR_UNIQUE,CANONICAL,CIRCULAR,GOOD_EXT,UNAMBIGUOUS_BP"
"201","X",19237272,19237468,"hsa_circ_000595",3,"+",2,3,40,40,"my_test_sample",3,1,0,1,"GTAG",NA,"ANCHOR_UNIQUE,CANONICAL,CIRCULAR,GOOD_EXT,UNAMBIGUOUS_BP"
"202","12",42901233,42901393,"hsa_circ_000601",2,"+",1,2,40,40,"my_test_sample",2,2,0,1,"GTAG",NA,"ANCHOR_UNIQUE,CANONICAL,CIRCULAR,OK_EXT,UNAMBIGUOUS_BP"
"203","5",65465819,65465983,"hsa_circ_000602",2,"-",1,2,5,5,"my_test_sample",2,1,0,1,"GTAG",NA,"ANCHOR_UNIQUE,CANONICAL,CIRCULAR,GOOD_EXT,UNAMBIGUOUS_BP"
"204","3",133870671,133870884,"hsa_circ_000603",2,"-",2,2,40,40,"my_test_sample",2,1,0,1,"GTAG",NA,"ANCHOR_UNIQUE,CANONICAL,CIRCULAR,GOOD_EXT,UNAMBIGUOUS_BP"
"205","6",148758596,148758746,"hsa_circ_000605",3,"+",1,3,5,5,"my_test_sample",3,0,0,1,"GTAG",NA,"ANCHOR_UNIQUE,CANONICAL,CIRCULAR,PERFECT_EXT,UNAMBIGUOUS_BP"
"206","20",62500544,62500742,"hsa_circ_000606",2,"+",2,2,37,5,"my_test_sample",2,1,0,1,"GTAG",NA,"ANCHOR_UNIQUE,CANONICAL,CIRCULAR,GOOD_EXT,UNAMBIGUOUS_BP"
"207","1",203500430,203500626,"hsa_circ_000610",2,"-",1,2,5,5,"my_test_sample",2,0,1,1,"GTAG",NA,"ANCHOR_UNIQUE,CANONICAL,CIRCULAR,GOOD_EXT,UNAMBIGUOUS_BP"
"208","X",132779968,132780138,"hsa_circ_000612",2,"-",1,2,40,40,"my_test_sample",2,1,0,1,"GTAG",NA,"ANCHOR_UNIQUE,CANONICAL,CIRCULAR,GOOD_EXT,UNAMBIGUOUS_BP"
"209","21",21259474,21259672,"hsa_circ_000613",2,"-",1,2,5,40,"my_test_sample",2,1,0,1,"GTAG",NA,"ANCHOR_UNIQUE,CANONICAL,CIRCULAR,GOOD_EXT,UNAMBIGUOUS_BP"
"210","18",57145070,57145233,"hsa_circ_000617",2,"+",1,2,40,40,"my_test_sample",2,2,0,1,"GTAG",NA,"ANCHOR_UNIQUE,CANONICAL,CIRCULAR,OK_EXT,UNAMBIGUOUS_BP"
"211","6",48290335,48290532,"hsa_circ_000619",2,"+",1,2,5,40,"my_test_sample",2,1,0,1,"GTAG",NA,"ANCHOR_UNIQUE,CANONICAL,CIRCULAR,GOOD_EXT,UNAMBIGUOUS_BP"
"212","13",98171109,98171302,"hsa_circ_000623",2,"+",1,2,5,40,"my_test_sample",2,2,0,1,"GTAG",NA,"ANCHOR_UNIQUE,CANONICAL,CIRCULAR,OK_EXT,UNAMBIGUOUS_BP"
"213","19",5604582,5604936,"hsa_circ_000628",5,"-",3,5,5,40,"my_test_sample",5,0,0,1,"GTAG",NA,"ANCHOR_UNIQUE,CANONICAL,CIRCULAR,PERFECT_EXT,UNAMBIGUOUS_BP"
"214","8",121388579,121388764,"hsa_circ_000630",6,"-",1,6,5,40,"my_test_sample",6,0,0,1,"GTAG",NA,"ANCHOR_UNIQUE,CANONICAL,CIRCULAR,PERFECT_EXT,UNAMBIGUOUS_BP"
"215","6",143955249,143955396,"hsa_circ_000634",3,"+",1,3,40,5,"my_test_sample",3,2,0,1,"GTAG",NA,"ANCHOR_UNIQUE,CANONICAL,CIRCULAR,OK_EXT,UNAMBIGUOUS_BP"
"216","6",119858813,119859010,"hsa_circ_000638",2,"+",1,2,5,40,"my_test_sample",2,2,0,1,"GTAG",NA,"ANCHOR_UNIQUE,CANONICAL,CIRCULAR,OK_EXT,UNAMBIGUOUS_BP"
"217","1",154234590,154235291,"hsa_circ_000643",9,"+",4,9,40,40,"my_test_sample",9,0,0,1,"GTAG",NA,"ANCHOR_UNIQUE,CANONICAL,CIRCULAR,PERFECT_EXT,UNAMBIGUOUS_BP"
"218","2",95181370,95181538,"hsa_circ_000644",2,"-",1,2,40,5,"my_test_sample",2,0,0,1,"GTAG",NA,"ANCHOR_UNIQUE,CANONICAL,CIRCULAR,PERFECT_EXT,UNAMBIGUOUS_BP"
"219","2",166115746,166115905,"hsa_circ_000645",2,"-",2,2,40,5,"my_test_sample",2,1,0,1,"GTAG",NA,"ANCHOR_UNIQUE,CANONICAL,CIRCULAR,GOOD_EXT,UNAMBIGUOUS_BP"
"220","12",54000779,54000947,"hsa_circ_000648",2,"-",1,2,40,5,"my_test_sample",2,2,0,1,"GTAG",NA,"ANCHOR_UNIQUE,CANONICAL,CIRCULAR,OK_EXT,UNAMBIGUOUS_BP"
"221","17",15312592,15312754,"hsa_circ_000654",5,"+",1,5,5,5,"my_test_sample",5,0,0,1,"GTAG",NA,"ANCHOR_UNIQUE,CANONICAL,CIRCULAR,PERFECT_EXT,UNAMBIGUOUS_BP"
"222","2",136434059,136434223,"hsa_circ_000655",2,"+",2,2,5,40,"my_test_sample",2,1,0,1,"GTAG",NA,"ANCHOR_UNIQUE,CANONICAL,CIRCULAR,GOOD_EXT,UNAMBIGUOUS_BP"
"223","4",15893480,15893649,"hsa_circ_000659",2,"-",2,2,5,5,"my_test_sample",2,1,0,1,"GTAG",NA,"ANCHOR_UNIQUE,CANONICAL,CIRCULAR,GOOD_EXT,UNAMBIGUOUS_BP"
"224","1",75315472,75315644,"hsa_circ_000660",5,"+",1,5,5,5,"my_test_sample",5,2,0,1,"GTAG",NA,"ANCHOR_UNIQUE,CANONICAL,CIRCULAR,OK_EXT,UNAMBIGUOUS_BP"
"225","22",49951287,49951480,"hsa_circ_000661",2,"+",1,2,5,5,"my_test_sample",2,1,0,1,"GTAG",NA,"ANCHOR_UNIQUE,CANONICAL,CIRCULAR,GOOD_EXT,UNAMBIGUOUS_BP"
"226","5",170651344,170651549,"hsa_circ_000668",5,"+",1,5,40,40,"my_test_sample",5,0,0,1,"GTAG",NA,"ANCHOR_UNIQUE,CANONICAL,CIRCULAR,PERFECT_EXT,UNAMBIGUOUS_BP"
"227","4",25703953,25704182,"hsa_circ_000672",3,"+",1,3,40,40,"my_test_sample",3,0,0,1,"GTAG",NA,"ANCHOR_UNIQUE,CANONICAL,CIRCULAR,PERFECT_EXT,UNAMBIGUOUS_BP"
"228","3",129134779,129134975,"hsa_circ_000678",2,"-",1,2,40,40,"my_test_sample",2,0,0,1,"GTAG",NA,"ANCHOR_UNIQUE,CANONICAL,CIRCULAR,PERFECT_EXT,UNAMBIGUOUS_BP"
"229","15",43828580,43828751,"hsa_circ_000680",3,"+",1,3,5,40,"my_test_sample",3,2,0,1,"GTAG",NA,"ANCHOR_UNIQUE,CANONICAL,CIRCULAR,OK_EXT,UNAMBIGUOUS_BP"
"230","7",129803575,129803751,"hsa_circ_000681",2,"+",1,2,40,5,"my_test_sample",2,1,0,1,"GTAG",NA,"ANCHOR_UNIQUE,CANONICAL,CIRCULAR,GOOD_EXT,UNAMBIGUOUS_BP"
"231","1",184704164,184704319,"hsa_circ_000683",2,"-",2,2,40,40,"my_test_sample",2,0,0,1,"GTAG",NA,"ANCHOR_UNIQUE,CANONICAL,CIRCULAR,PERFECT_EXT,UNAMBIGUOUS_BP"
"232","16",83930533,83930717,"hsa_circ_000684",2,"+",1,2,40,5,"my_test_sample",2,1,0,1,"GTAG",NA,"ANCHOR_UNIQUE,CANONICAL,CIRCULAR,GOOD_EXT,UNAMBIGUOUS_BP"
"233","11",11263648,11263815,"hsa_circ_000686",3,"+",1,3,40,40,"my_test_sample",3,1,0,1,"GTAG",NA,"ANCHOR_UNIQUE,CANONICAL,CIRCULAR,GOOD_EXT,UNAMBIGUOUS_BP"
"234","8",132953023,132953181,"hsa_circ_000688",5,"+",1,5,5,5,"my_test_sample",5,0,0,1,"GTAG",NA,"ANCHOR_UNIQUE,CANONICAL,CIRCULAR,PERFECT_EXT,UNAMBIGUOUS_BP"
"235","1",15184402,15184588,"hsa_circ_000689",2,"+",1,2,40,5,"my_test_sample",2,2,0,1,"GTAG",NA,"ANCHOR_UNIQUE,CANONICAL,CIRCULAR,OK_EXT,UNAMBIGUOUS_BP"
"236","17",17819760,17820003,"hsa_circ_000691",3,"-",2,3,40,5,"my_test_sample",3,0,0,1,"GTAG",NA,"ANCHOR_UNIQUE,CANONICAL,CIRCULAR,PERFECT_EXT,UNAMBIGUOUS_BP"
"237","8",27748076,27748279,"hsa_circ_000693",6,"-",5,5,5,37,"my_test_sample",6,0,0,1,"GTAG",NA,"ANCHOR_UNIQUE,CANONICAL,CIRCULAR,PERFECT_EXT,UNAMBIGUOUS_BP"
"238","11",2061940,2062096,"hsa_circ_000695",4,"-",3,4,5,40,"my_test_sample",4,1,0,1,"GTAG",NA,"ANCHOR_UNIQUE,CANONICAL,CIRCULAR,GOOD_EXT,UNAMBIGUOUS_BP"
"239","2",52293688,52293859,"hsa_circ_000702",2,"+",1,2,40,40,"my_test_sample",2,1,0,1,"GTAG",NA,"ANCHOR_UNIQUE,CANONICAL,CIRCULAR,GOOD_EXT,UNAMBIGUOUS_BP"
"240","8",116625538,116625712,"hsa_circ_000704",3,"+",2,2,5,40,"my_test_sample",3,2,0,1,"GTAG",NA,"ANCHOR_UNIQUE,CANONICAL,CIRCULAR,OK_EXT,UNAMBIGUOUS_BP"
"241","1",162095138,162095289,"hsa_circ_000707",3,"-",1,3,4,5,"my_test_sample",3,1,0,1,"GTAG",NA,"ANCHOR_UNIQUE,CANONICAL,CIRCULAR,GOOD_EXT,UNAMBIGUOUS_BP"
"242","1",83563223,83563410,"hsa_circ_000709",4,"+",1,4,5,40,"my_test_sample",4,1,0,1,"GTAG",NA,"ANCHOR_UNIQUE,CANONICAL,CIRCULAR,GOOD_EXT,UNAMBIGUOUS_BP"
"243","7",100957886,100958036,"hsa_circ_000712",2,"-",2,1,5,40,"my_test_sample",2,1,0,1,"GTAG",NA,"ANCHOR_UNIQUE,CANONICAL,CIRCULAR,GOOD_EXT,UNAMBIGUOUS_BP"
"244","7",62379768,62379938,"hsa_circ_000720",3,"-",3,3,40,40,"my_test_sample",3,1,0,1,"GTAG",NA,"ANCHOR_UNIQUE,CANONICAL,CIRCULAR,GOOD_EXT,UNAMBIGUOUS_BP"
"245","19",22819541,22819837,"hsa_circ_000725",2,"-",1,2,5,5,"my_test_sample",2,1,0,1,"GTAG",NA,"ANCHOR_UNIQUE,CANONICAL,CIRCULAR,GOOD_EXT,UNAMBIGUOUS_BP"
"246","2",58274722,58274882,"hsa_circ_000726",3,"+",1,3,40,5,"my_test_sample",3,1,0,1,"GTAG",NA,"ANCHOR_UNIQUE,CANONICAL,CIRCULAR,GOOD_EXT,UNAMBIGUOUS_BP"
"247","2",3911639,3911843,"hsa_circ_000731",3,"-",1,3,40,40,"my_test_sample",3,1,0,1,"GTAG",NA,"ANCHOR_UNIQUE,CANONICAL,CIRCULAR,GOOD_EXT,UNAMBIGUOUS_BP"
"248","X",17774624,17774777,"hsa_circ_000734",2,"-",2,2,40,5,"my_test_sample",2,1,0,1,"GTAG",NA,"ANCHOR_UNIQUE,CANONICAL,CIRCULAR,GOOD_EXT,UNAMBIGUOUS_BP"
"249","7",22075881,22076062,"hsa_circ_000735",4,"-",2,4,5,40,"my_test_sample",4,1,0,1,"GTAG",NA,"ANCHOR_UNIQUE,CANONICAL,CIRCULAR,GOOD_EXT,UNAMBIGUOUS_BP"
"250","7",95728520,95728698,"hsa_circ_000737",2,"+",1,2,5,5,"my_test_sample",2,2,0,1,"GTAG",NA,"ANCHOR_UNIQUE,CANONICAL,CIRCULAR,OK_EXT,UNAMBIGUOUS_BP"
"251","2",60075047,60075228,"hsa_circ_000738",2,"-",1,2,5,5,"my_test_sample",2,0,0,1,"GTAG",NA,"ANCHOR_UNIQUE,CANONICAL,CIRCULAR,PERFECT_EXT,UNAMBIGUOUS_BP"
"252","4",37383694,37383854,"hsa_circ_000739",2,"-",1,2,5,40,"my_test_sample",2,0,0,1,"GTAG",NA,"ANCHOR_UNIQUE,CANONICAL,CIRCULAR,PERFECT_EXT,UNAMBIGUOUS_BP"
"253","1",177077899,177078067,"hsa_circ_000740",3,"+",2,3,40,40,"my_test_sample",3,0,0,1,"GTAG",NA,"ANCHOR_UNIQUE,CANONICAL,CIRCULAR,PERFECT_EXT,UNAMBIGUOUS_BP"
"254","18",63257675,63257837,"hsa_circ_000741",3,"+",1,3,5,5,"my_test_sample",3,0,0,1,"GTAG",NA,"ANCHOR_UNIQUE,CANONICAL,CIRCULAR,PERFECT_EXT,UNAMBIGUOUS_BP"
"255","9",99757829,99758021,"hsa_circ_000746",2,"+",1,2,40,40,"my_test_sample",2,2,0,1,"GTAG",NA,"ANCHOR_UNIQUE,CANONICAL,CIRCULAR,OK_EXT,UNAMBIGUOUS_BP"
"256","9",32321791,32321979,"hsa_circ_000749",2,"+",1,2,40,5,"my_test_sample",2,0,0,1,"GTAG",NA,"ANCHOR_UNIQUE,CANONICAL,CIRCULAR,PERFECT_EXT,UNAMBIGUOUS_BP"
"257","3",115235125,115235312,"hsa_circ_000751",3,"+",1,3,5,5,"my_test_sample",3,0,0,1,"GTAG",NA,"ANCHOR_UNIQUE,CANONICAL,CIRCULAR,PERFECT_EXT,UNAMBIGUOUS_BP"
"258","X",123208423,123208585,"hsa_circ_000754",2,"-",1,2,40,5,"my_test_sample",2,0,0,1,"GTAG",NA,"ANCHOR_UNIQUE,CANONICAL,CIRCULAR,PERFECT_EXT,UNAMBIGUOUS_BP"
"259","X",58272198,58272369,"hsa_circ_000755",3,"-",2,3,40,5,"my_test_sample",3,0,0,1,"GTAG",NA,"ANCHOR_UNIQUE,CANONICAL,CIRCULAR,PERFECT_EXT,UNAMBIGUOUS_BP"
"260","X",70437730,70437892,"hsa_circ_000758",3,"+",1,3,5,40,"my_test_sample",3,1,0,1,"GTAG",NA,"ANCHOR_UNIQUE,CANONICAL,CIRCULAR,GOOD_EXT,UNAMBIGUOUS_BP"
"261","18",9524593,9525851,"hsa_circ_000761",6,"+",6,1,37,5,"my_test_sample",6,0,0,1,"GTAG",NA,"ANCHOR_UNIQUE,CANONICAL,CIRCULAR,PERFECT_EXT,UNAMBIGUOUS_BP"
"262","2",102786582,102786896,"hsa_circ_000762",3,"+",1,3,5,40,"my_test_sample",3,1,0,1,"GTAG",NA,"ANCHOR_UNIQUE,CANONICAL,CIRCULAR,GOOD_EXT,UNAMBIGUOUS_BP"
"263","16",27012706,27012870,"hsa_circ_000763",2,"+",1,2,5,4,"my_test_sample",2,2,0,1,"GTAG",NA,"ANCHOR_UNIQUE,CANONICAL,CIRCULAR,OK_EXT,UNAMBIGUOUS_BP"
"264","10",37570633,37570825,"hsa_circ_000765",2,"+",1,2,40,5,"my_test_sample",2,0,0,1,"GTAG",NA,"ANCHOR_UNIQUE,CANONICAL,CIRCULAR,PERFECT_EXT,UNAMBIGUOUS_BP"
"265","2",198130769,198130968,"hsa_circ_000769",3,"-",1,3,40,5,"my_test_sample",3,0,0,1,"GTAG",NA,"ANCHOR_UNIQUE,CANONICAL,CIRCULAR,PERFECT_EXT,UNAMBIGUOUS_BP"
"266","8",16249390,16249549,"hsa_circ_000770",4,"+",1,4,40,5,"my_test_sample",4,1,0,1,"GTAG",NA,"ANCHOR_UNIQUE,CANONICAL,CIRCULAR,GOOD_EXT,UNAMBIGUOUS_BP"
"267","15",86779241,86779579,"hsa_circ_000771",3,"-",1,3,5,5,"my_test_sample",3,2,0,1,"GTAG",NA,"ANCHOR_UNIQUE,CANONICAL,CIRCULAR,OK_EXT,UNAMBIGUOUS_BP"
"268","9",135881632,135883078,"hsa_circ_000773",4,"-",4,2,40,40,"my_test_sample",4,0,0,1,"GTAG",NA,"ANCHOR_UNIQUE,CANONICAL,CIRCULAR,PERFECT_EXT,UNAMBIGUOUS_BP"
"269","5",15253922,15254158,"hsa_circ_000777",2,"-",1,2,5,40,"my_test_sample",2,1,0,1,"GTAG",NA,"ANCHOR_UNIQUE,CANONICAL,CIRCULAR,GOOD_EXT,UNAMBIGUOUS_BP"
"270","16",71552966,71553142,"hsa_circ_000782",2,"+",1,2,5,5,"my_test_sample",2,2,0,1,"GTAG",NA,"ANCHOR_UNIQUE,CANONICAL,CIRCULAR,OK_EXT,UNAMBIGUOUS_BP"
"271","20",2948018,2948190,"hsa_circ_000784",2,"+",1,2,40,40,"my_test_sample",2,1,0,1,"GTAG",NA,"ANCHOR_UNIQUE,CANONICAL,CIRCULAR,GOOD_EXT,UNAMBIGUOUS_BP"
"272","2",172810942,172811102,"hsa_circ_000787",3,"+",1,3,40,5,"my_test_sample",3,1,0,1,"GTAG",NA,"ANCHOR_UNIQUE,CANONICAL,CIRCULAR,GOOD_EXT,UNAMBIGUOUS_BP"
"273","X",6554696,6554882,"hsa_circ_000788",2,"+",2,2,40,5,"my_test_sample",2,1,0,1,"GTAG",NA,"ANCHOR_UNIQUE,CANONICAL,CIRCULAR,GOOD_EXT,UNAMBIGUOUS_BP"
"274","14",76881879,76882044,"hsa_circ_000789",2,"-",2,2,40,5,"my_test_sample",2,0,0,1,"GTAG",NA,"ANCHOR_UNIQUE,CANONICAL,CIRCULAR,PERFECT_EXT,UNAMBIGUOUS_BP"
"275","9",101266938,101267154,"hsa_circ_000791",3,"+",2,3,5,40,"my_test_sample",3,2,0,1,"GTAG",NA,"ANCHOR_UNIQUE,CANONICAL,CIRCULAR,OK_EXT,UNAMBIGUOUS_BP"
"276","8",58016935,58017118,"hsa_circ_000793",2,"+",1,2,5,40,"my_test_sample",2,2,0,1,"GTAG",NA,"ANCHOR_UNIQUE,CANONICAL,CIRCULAR,OK_EXT,UNAMBIGUOUS_BP"
"277","13",72458824,72459355,"hsa_circ_000795",4,"+",1,4,5,40,"my_test_sample",4,0,0,1,"GTAG",NA,"ANCHOR_UNIQUE,CANONICAL,CIRCULAR,PERFECT_EXT,UNAMBIGUOUS_BP"
"278","5",137842124,137842305,"hsa_circ_000801",2,"-",1,2,5,5,"my_test_sample",2,2,0,1,"GTAG",NA,"ANCHOR_UNIQUE,CANONICAL,CIRCULAR,OK_EXT,UNAMBIGUOUS_BP"
"279","4",139817534,139817702,"hsa_circ_000803",4,"-",2,4,5,37,"my_test_sample",4,0,0,1,"GTAG",NA,"ANCHOR_UNIQUE,CANONICAL,CIRCULAR,PERFECT_EXT,UNAMBIGUOUS_BP"
"280","18",56248640,56248978,"hsa_circ_000805",3,"+",1,3,5,40,"my_test_sample",3,0,0,1,"GTAG",NA,"ANCHOR_UNIQUE,CANONICAL,CIRCULAR,PERFECT_EXT,UNAMBIGUOUS_BP"
"281","16",78449750,78450097,"hsa_circ_000809",2,"+",1,2,5,5,"my_test_sample",2,1,0,1,"GTAG",NA,"ANCHOR_UNIQUE,CANONICAL,CIRCULAR,GOOD_EXT,UNAMBIGUOUS_BP"
"282","18",9182381,9195698,"hsa_circ_000812",2,"+",2,2,40,40,"my_test_sample",2,0,0,1,"GTAG",NA,"ANCHOR_UNIQUE,CANONICAL,CIRCULAR,PERFECT_EXT,UNAMBIGUOUS_BP"
"283","13",66307879,66308102,"hsa_circ_000816",3,"+",2,3,40,40,"my_test_sample",3,1,0,1,"GTAG",NA,"ANCHOR_UNIQUE,CANONICAL,CIRCULAR,GOOD_EXT,UNAMBIGUOUS_BP"
"284","7",30304283,30304581,"hsa_circ_000818",2,"+",2,2,5,35,"my_test_sample",2,0,0,1,"GTAG",NA,"ANCHOR_UNIQUE,CANONICAL,CIRCULAR,PERFECT_EXT,UNAMBIGUOUS_BP"
"285","16",51275320,51275483,"hsa_circ_000819",2,"+",2,2,5,40,"my_test_sample",2,0,0,1,"GTAG",NA,"ANCHOR_UNIQUE,CANONICAL,CIRCULAR,PERFECT_EXT,UNAMBIGUOUS_BP"
"286","1",19192187,19192540,"hsa_circ_000820",2,"-",1,2,5,40,"my_test_sample",2,0,0,1,"GTAG",NA,"ANCHOR_UNIQUE,CANONICAL,CIRCULAR,PERFECT_EXT,UNAMBIGUOUS_BP"
"287","10",20550148,20550317,"hsa_circ_000823",4,"+",2,4,5,5,"my_test_sample",4,2,0,1,"GTAG",NA,"ANCHOR_UNIQUE,CANONICAL,CIRCULAR,OK_EXT,UNAMBIGUOUS_BP"
"288","8",2785942,2786163,"hsa_circ_000825",2,"-",1,2,40,40,"my_test_sample",2,1,0,1,"GTAG",NA,"ANCHOR_UNIQUE,CANONICAL,CIRCULAR,GOOD_EXT,UNAMBIGUOUS_BP"
"289","2",54712392,54712565,"hsa_circ_000828",4,"+",2,4,5,40,"my_test_sample",4,1,0,1,"GTAG",NA,"ANCHOR_UNIQUE,CANONICAL,CIRCULAR,GOOD_EXT,UNAMBIGUOUS_BP"
"290","14",39179090,39179462,"hsa_circ_000830",4,"+",3,3,40,5,"my_test_sample",4,0,0,1,"GTAG",NA,"ANCHOR_UNIQUE,CANONICAL,CIRCULAR,PERFECT_EXT,UNAMBIGUOUS_BP"
"291","8",26832029,26832188,"hsa_circ_000832",2,"+",2,2,5,4,"my_test_sample",2,0,0,1,"GTAG",NA,"ANCHOR_UNIQUE,CANONICAL,CIRCULAR,PERFECT_EXT,UNAMBIGUOUS_BP"
"292","20",49391704,49391875,"hsa_circ_000833",2,"-",1,2,5,4,"my_test_sample",2,1,0,1,"GTAG",NA,"ANCHOR_UNIQUE,CANONICAL,CIRCULAR,GOOD_EXT,UNAMBIGUOUS_BP"
"293","X",154810921,154811095,"hsa_circ_000835",3,"-",1,3,40,40,"my_test_sample",3,0,0,1,"GTAG",NA,"ANCHOR_UNIQUE,CANONICAL,CIRCULAR,PERFECT_EXT,UNAMBIGUOUS_BP"
"294","15",32781395,32781594,"hsa_circ_000838",3,"-",2,3,40,5,"my_test_sample",3,2,0,1,"GTAG",NA,"ANCHOR_UNIQUE,CANONICAL,CIRCULAR,OK_EXT,UNAMBIGUOUS_BP"
"295","8",24310325,24310478,"hsa_circ_000839",2,"+",1,2,5,40,"my_test_sample",2,1,0,1,"GTAG",NA,"ANCHOR_UNIQUE,CANONICAL,CIRCULAR,GOOD_EXT,UNAMBIGUOUS_BP"
"296","16",83411325,83411482,"hsa_circ_000842",2,"-",1,2,5,40,"my_test_sample",2,0,0,1,"GTAG",NA,"ANCHOR_UNIQUE,CANONICAL,CIRCULAR,PERFECT_EXT,UNAMBIGUOUS_BP"
"297","7",142281092,142281266,"hsa_circ_000845",2,"+",1,2,40,5,"my_test_sample",2,0,1,1,"GTAG",NA,"ANCHOR_UNIQUE,CANONICAL,CIRCULAR,GOOD_EXT,UNAMBIGUOUS_BP"
"298","12",65108658,65108874,"hsa_circ_000846",3,"+",1,3,5,5,"my_test_sample",3,2,0,1,"GTAG",NA,"ANCHOR_UNIQUE,CANONICAL,CIRCULAR,OK_EXT,UNAMBIGUOUS_BP"
"299","1",228394736,228395252,"hsa_circ_000848",3,"-",2,3,40,40,"my_test_sample",3,0,0,1,"GTAG",NA,"ANCHOR_UNIQUE,CANONICAL,CIRCULAR,PERFECT_EXT,UNAMBIGUOUS_BP"
"300","22",21582960,21583116,"hsa_circ_000851",2,"+",2,2,40,40,"my_test_sample",2,2,0,1,"GTAG",NA,"ANCHOR_UNIQUE,CANONICAL,CIRCULAR,OK_EXT,UNAMBIGUOUS_BP"
"301","6",31664130,31664288,"hsa_circ_000852",2,"+",2,2,40,5,"my_test_sample",2,0,0,1,"GTAG",NA,"ANCHOR_UNIQUE,CANONICAL,CIRCULAR,PERFECT_EXT,UNAMBIGUOUS_BP"
"302","17",50836365,50836521,"hsa_circ_000853",2,"+",2,1,40,5,"my_test_sample",2,1,0,1,"GTAG",NA,"ANCHOR_UNIQUE,CANONICAL,CIRCULAR,GOOD_EXT,UNAMBIGUOUS_BP"
"303","10",35060873,35071339,"hsa_circ_000858",2,"-",1,2,40,35,"my_test_sample",2,0,0,1,"GTAG",NA,"ANCHOR_UNIQUE,CANONICAL,CIRCULAR,PERFECT_EXT,UNAMBIGUOUS_BP"
"304","11",94058449,94058601,"hsa_circ_000861",3,"-",3,3,40,5,"my_test_sample",3,0,0,1,"GTAG",NA,"ANCHOR_UNIQUE,CANONICAL,CIRCULAR,PERFECT_EXT,UNAMBIGUOUS_BP"
"305","X",102624462,102624633,"hsa_circ_000866",2,"-",1,2,40,5,"my_test_sample",2,0,0,1,"GTAG",NA,"ANCHOR_UNIQUE,CANONICAL,CIRCULAR,PERFECT_EXT,UNAMBIGUOUS_BP"
"306","14",79260797,79260970,"hsa_circ_000868",4,"-",3,4,5,5,"my_test_sample",4,0,0,1,"GTAG",NA,"ANCHOR_UNIQUE,CANONICAL,CIRCULAR,PERFECT_EXT,UNAMBIGUOUS_BP"
"307","5",42047278,42047433,"hsa_circ_000869",2,"+",1,2,40,5,"my_test_sample",2,1,0,1,"GTAG",NA,"ANCHOR_UNIQUE,CANONICAL,CIRCULAR,GOOD_EXT,UNAMBIGUOUS_BP"
"308","2",72919404,72919734,"hsa_circ_000870",3,"-",1,3,40,5,"my_test_sample",3,1,0,1,"GTAG",NA,"ANCHOR_UNIQUE,CANONICAL,CIRCULAR,GOOD_EXT,UNAMBIGUOUS_BP"
"309","16",88914094,88914313,"hsa_circ_000871",2,"+",1,2,5,40,"my_test_sample",2,0,0,1,"GTAG",NA,"ANCHOR_UNIQUE,CANONICAL,CIRCULAR,PERFECT_EXT,UNAMBIGUOUS_BP"
"310","4",100307204,100307404,"hsa_circ_000873",2,"-",1,2,40,40,"my_test_sample",2,1,0,1,"GTAG",NA,"ANCHOR_UNIQUE,CANONICAL,CIRCULAR,GOOD_EXT,UNAMBIGUOUS_BP"
"311","1",117671144,117671383,"hsa_circ_000875",5,"+",1,5,40,5,"my_test_sample",5,1,0,1,"GTAG",NA,"ANCHOR_UNIQUE,CANONICAL,CIRCULAR,GOOD_EXT,UNAMBIGUOUS_BP"
"312","1",208839466,208839644,"hsa_circ_000876",2,"+",2,1,5,40,"my_test_sample",2,0,0,1,"GTAG",NA,"ANCHOR_UNIQUE,CANONICAL,CIRCULAR,PERFECT_EXT,UNAMBIGUOUS_BP"
"313","2",27633931,27634107,"hsa_circ_000878",2,"+",1,2,5,5,"my_test_sample",2,2,0,1,"GTAG",NA,"ANCHOR_UNIQUE,CANONICAL,CIRCULAR,OK_EXT,UNAMBIGUOUS_BP"
"314","10",104790468,104790636,"hsa_circ_000884",2,"+",2,2,5,5,"my_test_sample",2,0,0,1,"GTAG",NA,"ANCHOR_UNIQUE,CANONICAL,CIRCULAR,PERFECT_EXT,UNAMBIGUOUS_BP"
"315","18",56779430,56816144,"hsa_circ_000887",2,"+",1,2,40,5,"my_test_sample",2,0,0,1,"GTAG",NA,"ANCHOR_UNIQUE,CANONICAL,CIRCULAR,PERFECT_EXT,UNAMBIGUOUS_BP"
"316","4",57174221,57174450,"hsa_circ_000889",5,"+",1,5,5,5,"my_test_sample",5,2,0,1,"GTAG",NA,"ANCHOR_UNIQUE,CANONICAL,CIRCULAR,OK_EXT,UNAMBIGUOUS_BP"
"317","X",111090928,111091095,"hsa_circ_000890",3,"-",1,3,40,5,"my_test_sample",3,1,0,1,"GTAG",NA,"ANCHOR_UNIQUE,CANONICAL,CIRCULAR,GOOD_EXT,UNAMBIGUOUS_BP"
"318","10",131615402,131615608,"hsa_circ_000893",3,"+",1,3,40,5,"my_test_sample",3,1,0,1,"GTAG",NA,"ANCHOR_UNIQUE,CANONICAL,CIRCULAR,GOOD_EXT,UNAMBIGUOUS_BP"
"319","22",40030296,40030451,"hsa_circ_000895",3,"-",1,3,5,5,"my_test_sample",3,2,0,1,"GTAG",NA,"ANCHOR_UNIQUE,CANONICAL,CIRCULAR,OK_EXT,UNAMBIGUOUS_BP"
"320","22",43739064,43739245,"hsa_circ_000897",2,"-",1,2,5,40,"my_test_sample",2,1,0,1,"GTAG",NA,"ANCHOR_UNIQUE,CANONICAL,CIRCULAR,GOOD_EXT,UNAMBIGUOUS_BP"
"321","14",94447618,94447774,"hsa_circ_000906",2,"-",2,2,5,40,"my_test_sample",2,0,0,1,"GTAG",NA,"ANCHOR_UNIQUE,CANONICAL,CIRCULAR,PERFECT_EXT,UNAMBIGUOUS_BP"
"322","15",55357009,55357224,"hsa_circ_000907",2,"+",2,2,5,40,"my_test_sample",2,0,0,1,"GTAG",NA,"ANCHOR_UNIQUE,CANONICAL,CIRCULAR,PERFECT_EXT,UNAMBIGUOUS_BP"
"323","22",42326015,42326244,"hsa_circ_000910",2,"-",2,2,5,40,"my_test_sample",2,2,0,1,"GTAG",NA,"ANCHOR_UNIQUE,CANONICAL,CIRCULAR,OK_EXT,UNAMBIGUOUS_BP"
"324","3",143191112,143191291,"hsa_circ_000911",2,"-",2,1,5,5,"my_test_sample",2,1,0,1,"GTAG",NA,"ANCHOR_UNIQUE,CANONICAL,CIRCULAR,GOOD_EXT,UNAMBIGUOUS_BP"
"325","1",165149931,165153119,"hsa_circ_000919",2,"+",1,2,40,5,"my_test_sample",2,0,0,1,"GTAG",NA,"ANCHOR_UNIQUE,CANONICAL,CIRCULAR,PERFECT_EXT,UNAMBIGUOUS_BP"
"326","5",26877499,26877675,"hsa_circ_000921",4,"+",1,4,5,5,"my_test_sample",4,2,0,1,"GTAG",NA,"ANCHOR_UNIQUE,CANONICAL,CIRCULAR,OK_EXT,UNAMBIGUOUS_BP"
"327","8",47324558,47324723,"hsa_circ_000922",3,"+",1,3,40,5,"my_test_sample",3,1,0,1,"GTAG",NA,"ANCHOR_UNIQUE,CANONICAL,CIRCULAR,GOOD_EXT,UNAMBIGUOUS_BP"
"328","2",211204135,211204317,"hsa_circ_000924",2,"-",1,2,40,40,"my_test_sample",2,0,0,1,"GTAG",NA,"ANCHOR_UNIQUE,CANONICAL,CIRCULAR,PERFECT_EXT,UNAMBIGUOUS_BP"
"329","12",77010556,77010749,"hsa_circ_000926",3,"+",2,3,40,40,"my_test_sample",3,2,0,1,"GTAG",NA,"ANCHOR_UNIQUE,CANONICAL,CIRCULAR,OK_EXT,UNAMBIGUOUS_BP"
"330","5",122413230,122413424,"hsa_circ_000928",2,"-",1,2,40,5,"my_test_sample",2,1,0,1,"GTAG",NA,"ANCHOR_UNIQUE,CANONICAL,CIRCULAR,GOOD_EXT,UNAMBIGUOUS_BP"
"331","13",80043510,80043687,"hsa_circ_000929",2,"-",2,2,37,40,"my_test_sample",2,2,0,1,"GTAG",NA,"ANCHOR_UNIQUE,CANONICAL,CIRCULAR,OK_EXT,UNAMBIGUOUS_BP"
"332","17",75350926,75351092,"hsa_circ_000932",3,"+",1,3,40,5,"my_test_sample",3,0,0,1,"GTAG",NA,"ANCHOR_UNIQUE,CANONICAL,CIRCULAR,PERFECT_EXT,UNAMBIGUOUS_BP"
"333","5",129621233,129621430,"hsa_circ_000934",4,"-",2,4,5,5,"my_test_sample",4,1,0,1,"GTAG",NA,"ANCHOR_UNIQUE,CANONICAL,CIRCULAR,GOOD_EXT,UNAMBIGUOUS_BP"
"334","4",115273581,115273787,"hsa_circ_000939",5,"-",2,5,5,40,"my_test_sample",5,1,0,1,"GTAG",NA,"ANCHOR_UNIQUE,CANONICAL,CIRCULAR,GOOD_EXT,UNAMBIGUOUS_BP"
"335","X",26273853,26278680,"hsa_circ_000942",2,"+",1,2,5,40,"my_test_sample",2,1,0,1,"GTAG",NA,"ANCHOR_UNIQUE,CANONICAL,CIRCULAR,GOOD_EXT,UNAMBIGUOUS_BP"
"336","12",128814774,128815070,"hsa_circ_000943",2,"-",1,2,40,5,"my_test_sample",2,0,0,1,"GTAG",NA,"ANCHOR_UNIQUE,CANONICAL,CIRCULAR,PERFECT_EXT,UNAMBIGUOUS_BP"
"337","6",26640125,26640282,"hsa_circ_000946",2,"-",1,2,5,5,"my_test_sample",2,2,0,1,"GTAG",NA,"ANCHOR_UNIQUE,CANONICAL,CIRCULAR,OK_EXT,UNAMBIGUOUS_BP"
"338","8",350254,350500,"hsa_circ_000949",2,"+",1,2,5,40,"my_test_sample",2,1,0,1,"GTAG",NA,"ANCHOR_UNIQUE,CANONICAL,CIRCULAR,GOOD_EXT,UNAMBIGUOUS_BP"
"339","4",76754981,76755128,"hsa_circ_000950",2,"-",2,2,40,5,"my_test_sample",2,0,0,1,"GTAG",NA,"ANCHOR_UNIQUE,CANONICAL,CIRCULAR,PERFECT_EXT,UNAMBIGUOUS_BP"
"340","18",10215198,10215852,"hsa_circ_000953",2,"+",2,2,40,40,"my_test_sample",2,0,0,1,"GTAG",NA,"ANCHOR_UNIQUE,CANONICAL,CIRCULAR,PERFECT_EXT,UNAMBIGUOUS_BP"
"341","2",59740116,59740336,"hsa_circ_000961",2,"-",2,2,5,40,"my_test_sample",2,0,0,1,"GTAG",NA,"ANCHOR_UNIQUE,CANONICAL,CIRCULAR,PERFECT_EXT,UNAMBIGUOUS_BP"
"342","15",47671687,47671850,"hsa_circ_000963",2,"+",1,2,40,5,"my_test_sample",2,1,0,1,"GTAG",NA,"ANCHOR_UNIQUE,CANONICAL,CIRCULAR,GOOD_EXT,UNAMBIGUOUS_BP"
"343","10",8746600,8746766,"hsa_circ_000965",2,"-",1,2,5,5,"my_test_sample",2,1,2,1,"GTAG",NA,"ANCHOR_UNIQUE,CANONICAL,CIRCULAR,OK_EXT,UNAMBIGUOUS_BP"
"344","3",127074930,127075120,"hsa_circ_000967",2,"-",1,2,40,5,"my_test_sample",2,1,0,1,"GTAG",NA,"ANCHOR_UNIQUE,CANONICAL,CIRCULAR,GOOD_EXT,UNAMBIGUOUS_BP"
"345","8",64607224,64607767,"hsa_circ_000968",2,"-",1,2,40,40,"my_test_sample",2,2,0,1,"GTAG",NA,"ANCHOR_UNIQUE,CANONICAL,CIRCULAR,OK_EXT,UNAMBIGUOUS_BP"
"346","13",113816141,113816293,"hsa_circ_000973",2,"+",2,1,5,40,"my_test_sample",2,0,0,1,"GTAG",NA,"ANCHOR_UNIQUE,CANONICAL,CIRCULAR,PERFECT_EXT,UNAMBIGUOUS_BP"
"347","12",120516566,120522363,"hsa_circ_000975",2,"-",1,2,40,40,"my_test_sample",2,0,0,1,"GTAG",NA,"ANCHOR_UNIQUE,CANONICAL,CIRCULAR,PERFECT_EXT,UNAMBIGUOUS_BP"
"348","X",14035658,14035842,"hsa_circ_000979",4,"-",1,4,5,5,"my_test_sample",4,2,0,1,"GTAG",NA,"ANCHOR_UNIQUE,CANONICAL,CIRCULAR,OK_EXT,UNAMBIGUOUS_BP"
"349","3",149794141,149794304,"hsa_circ_000984",2,"-",1,2,40,5,"my_test_sample",2,1,0,1,"GTAG",NA,"ANCHOR_UNIQUE,CANONICAL,CIRCULAR,GOOD_EXT,UNAMBIGUOUS_BP"
"350","5",106584347,106584577,"hsa_circ_000986",4,"+",1,4,40,5,"my_test_sample",4,1,0,1,"GTAG",NA,"ANCHOR_UNIQUE,CANONICAL,CIRCULAR,GOOD_EXT,UNAMBIGUOUS_BP"
"351","20",363746,363994,"hsa_circ_000987",4,"-",3,4,5,40,"my_test_sample",4,0,0,1,"GTAG",NA,"ANCHOR_UNIQUE,CANONICAL,CIRCULAR,PERFECT_EXT,UNAMBIGUOUS_BP"
"352","16",86338149,86338349,"hsa_circ_000988",2,"-",2,2,5,5,"my_test_sample",2,0,0,1,"GTAG",NA,"ANCHOR_UNIQUE,CANONICAL,CIRCULAR,PERFECT_EXT,UNAMBIGUOUS_BP"
"353","17",41518712,41518909,"hsa_circ_000991",3,"-",1,3,40,5,"my_test_sample",3,0,0,1,"GTAG",NA,"ANCHOR_UNIQUE,CANONICAL,CIRCULAR,PERFECT_EXT,UNAMBIGUOUS_BP"
"354","1",46273465,46273655,"hsa_circ_000996",2,"+",1,2,40,5,"my_test_sample",2,0,0,1,"GTAG",NA,"ANCHOR_UNIQUE,CANONICAL,CIRCULAR,PERFECT_EXT,UNAMBIGUOUS_BP"
"355","20",44149326,44149534,"hsa_circ_000998",2,"+",2,2,40,40,"my_test_sample",2,0,0,1,"GTAG",NA,"ANCHOR_UNIQUE,CANONICAL,CIRCULAR,PERFECT_EXT,UNAMBIGUOUS_BP"
"356","11",10794842,10795034,"hsa_circ_000999",2,"+",1,2,5,40,"my_test_sample",2,1,0,1,"GTAG",NA,"ANCHOR_UNIQUE,CANONICAL,CIRCULAR,GOOD_EXT,UNAMBIGUOUS_BP"
"357","11",115295635,115295816,"hsa_circ_001008",4,"-",3,4,5,40,"my_test_sample",4,1,0,1,"GTAG",NA,"ANCHOR_UNIQUE,CANONICAL,CIRCULAR,GOOD_EXT,UNAMBIGUOUS_BP"
"358","21",32036201,32036367,"hsa_circ_001012",2,"-",1,2,40,40,"my_test_sample",2,1,0,1,"GTAG",NA,"ANCHOR_UNIQUE,CANONICAL,CIRCULAR,GOOD_EXT,UNAMBIGUOUS_BP"
"359","11",123445163,123445403,"hsa_circ_001014",3,"+",1,3,40,5,"my_test_sample",3,2,0,1,"GTAG",NA,"ANCHOR_UNIQUE,CANONICAL,CIRCULAR,OK_EXT,UNAMBIGUOUS_BP"
"360","X",35430164,35430443,"hsa_circ_001015",2,"-",2,2,5,5,"my_test_sample",2,0,1,1,"GTAG",NA,"ANCHOR_UNIQUE,CANONICAL,CIRCULAR,GOOD_EXT,UNAMBIGUOUS_BP"
"361","15",50439008,50441493,"hsa_circ_001022",2,"+",1,2,40,40,"my_test_sample",2,0,0,1,"GTAG",NA,"ANCHOR_UNIQUE,CANONICAL,CIRCULAR,PERFECT_EXT,UNAMBIGUOUS_BP"
"362","11",57555374,57555526,"hsa_circ_001023",2,"+",2,2,37,5,"my_test_sample",2,0,0,1,"GTAG",NA,"ANCHOR_UNIQUE,CANONICAL,CIRCULAR,PERFECT_EXT,UNAMBIGUOUS_BP"
"363","19",16658316,16658486,"hsa_circ_001028",2,"+",1,2,5,5,"my_test_sample",2,2,1,1,"GTAG",NA,"ANCHOR_UNIQUE,CANONICAL,CIRCULAR,OK_EXT,UNAMBIGUOUS_BP"
"364","4",99679645,99680005,"hsa_circ_001029",2,"+",1,2,5,5,"my_test_sample",2,2,0,1,"GTAG",NA,"ANCHOR_UNIQUE,CANONICAL,CIRCULAR,OK_EXT,UNAMBIGUOUS_BP"
"365","2",173267656,173267874,"hsa_circ_001033",3,"+",2,3,37,5,"my_test_sample",3,0,0,1,"GTAG",NA,"ANCHOR_UNIQUE,CANONICAL,CIRCULAR,PERFECT_EXT,UNAMBIGUOUS_BP"
"366","22",27188868,27189024,"hsa_circ_001039",3,"-",1,3,40,40,"my_test_sample",3,2,0,1,"GTAG",NA,"ANCHOR_UNIQUE,CANONICAL,CIRCULAR,OK_EXT,UNAMBIGUOUS_BP"
"367","22",28010501,28010747,"hsa_circ_001043",2,"-",1,2,5,5,"my_test_sample",2,0,0,1,"GTAG",NA,"ANCHOR_UNIQUE,CANONICAL,CIRCULAR,PERFECT_EXT,UNAMBIGUOUS_BP"
"368","3",47425484,47428670,"hsa_circ_001050",3,"-",1,3,40,40,"my_test_sample",3,0,0,1,"GTAG",NA,"ANCHOR_UNIQUE,CANONICAL,CIRCULAR,PERFECT_EXT,UNAMBIGUOUS_BP"
"369","19",18698502,18698663,"hsa_circ_001054",2,"+",2,2,40,40,"my_test_sample",2,1,0,1,"GTAG",NA,"ANCHOR_UNIQUE,CANONICAL,CIRCULAR,GOOD_EXT,UNAMBIGUOUS_BP"
"370","4",6268106,6268275,"hsa_circ_001055",3,"-",1,3,5,5,"my_test_sample",3,0,0,1,"GTAG",NA,"ANCHOR_UNIQUE,CANONICAL,CIRCULAR,PERFECT_EXT,UNAMBIGUOUS_BP"
"371","20",46367876,46368055,"hsa_circ_001056",3,"+",2,3,40,40,"my_test_sample",3,1,0,1,"GTAG",NA,"ANCHOR_UNIQUE,CANONICAL,CIRCULAR,GOOD_EXT,UNAMBIGUOUS_BP"
"372","1",234078348,234078553,"hsa_circ_001061",3,"-",1,3,5,40,"my_test_sample",3,0,0,1,"GTAG",NA,"ANCHOR_UNIQUE,CANONICAL,CIRCULAR,PERFECT_EXT,UNAMBIGUOUS_BP"
"373","1",43942860,43943051,"hsa_circ_001063",2,"+",1,2,5,5,"my_test_sample",2,1,2,1,"GTAG",NA,"ANCHOR_UNIQUE,CANONICAL,CIRCULAR,OK_EXT,UNAMBIGUOUS_BP"
"374","9",119558991,119559183,"hsa_circ_001067",2,"-",1,2,5,5,"my_test_sample",2,1,0,1,"GTAG",NA,"ANCHOR_UNIQUE,CANONICAL,CIRCULAR,GOOD_EXT,UNAMBIGUOUS_BP"
"375","1",62260086,62260287,"hsa_circ_001068",3,"-",1,3,5,5,"my_test_sample",3,2,0,1,"GTAG",NA,"ANCHOR_UNIQUE,CANONICAL,CIRCULAR,OK_EXT,UNAMBIGUOUS_BP"
"376","19",14515600,14515962,"hsa_circ_001070",2,"+",1,2,5,5,"my_test_sample",2,2,0,1,"GTAG",NA,"ANCHOR_UNIQUE,CANONICAL,CIRCULAR,OK_EXT,UNAMBIGUOUS_BP"
"377","8",144662584,144662800,"hsa_circ_001073",4,"-",2,4,40,5,"my_test_sample",4,1,0,1,"GTAG",NA,"ANCHOR_UNIQUE,CANONICAL,CIRCULAR,GOOD_EXT,UNAMBIGUOUS_BP"
"378","2",132984507,132984668,"hsa_circ_001076",2,"-",2,2,40,4,"my_test_sample",2,0,0,1,"GTAG",NA,"ANCHOR_UNIQUE,CANONICAL,CIRCULAR,PERFECT_EXT,UNAMBIGUOUS_BP"
"379","8",48531349,48531530,"hsa_circ_001081",3,"-",1,3,5,40,"my_test_sample",3,1,0,1,"GTAG",NA,"ANCHOR_UNIQUE,CANONICAL,CIRCULAR,GOOD_EXT,UNAMBIGUOUS_BP"
"380","10",101348918,101349076,"hsa_circ_001083",4,"-",2,4,40,40,"my_test_sample",4,0,0,1,"GTAG",NA,"ANCHOR_UNIQUE,CANONICAL,CIRCULAR,PERFECT_EXT,UNAMBIGUOUS_BP"
"381","1",168092757,168093009,"hsa_circ_001086",2,"+",1,2,40,40,"my_test_sample",2,1,0,1,"GTAG",NA,"ANCHOR_UNIQUE,CANONICAL,CIRCULAR,GOOD_EXT,UNAMBIGUOUS_BP"
"382","10",84602705,84603101,"hsa_circ_001088",2,"-",2,1,5,35,"my_test_sample",2,1,0,1,"GTAG",NA,"ANCHOR_UNIQUE,CANONICAL,CIRCULAR,GOOD_EXT,UNAMBIGUOUS_BP"
"383","15",42009707,42009857,"hsa_circ_001091",4,"-",4,4,5,40,"my_test_sample",4,1,0,1,"GTAG",NA,"ANCHOR_UNIQUE,CANONICAL,CIRCULAR,GOOD_EXT,UNAMBIGUOUS_BP"
"384","3",127488384,127488560,"hsa_circ_001092",2,"+",1,2,5,40,"my_test_sample",2,0,0,1,"GTAG",NA,"ANCHOR_UNIQUE,CANONICAL,CIRCULAR,PERFECT_EXT,UNAMBIGUOUS_BP"
"385","15",75195888,75196038,"hsa_circ_001097",3,"-",1,3,40,5,"my_test_sample",3,2,0,1,"GTAG",NA,"ANCHOR_UNIQUE,CANONICAL,CIRCULAR,OK_EXT,UNAMBIGUOUS_BP"
"386","10",118361725,118361937,"hsa_circ_001098",2,"+",1,2,5,5,"my_test_sample",2,1,0,1,"GTAG",NA,"ANCHOR_UNIQUE,CANONICAL,CIRCULAR,GOOD_EXT,UNAMBIGUOUS_BP"
"387","8",36055039,36055218,"hsa_circ_001101",2,"-",1,2,40,40,"my_test_sample",2,0,0,1,"GTAG",NA,"ANCHOR_UNIQUE,CANONICAL,CIRCULAR,PERFECT_EXT,UNAMBIGUOUS_BP"
"388","12",10378131,10378705,"hsa_circ_001102",2,"-",2,2,40,40,"my_test_sample",2,0,0,1,"GTAG",NA,"ANCHOR_UNIQUE,CANONICAL,CIRCULAR,PERFECT_EXT,UNAMBIGUOUS_BP"
"389","1",151525641,151527107,"hsa_circ_001106",3,"+",1,3,5,40,"my_test_sample",3,0,0,1,"GTAG",NA,"ANCHOR_UNIQUE,CANONICAL,CIRCULAR,PERFECT_EXT,UNAMBIGUOUS_BP"
"390","4",160593182,160593352,"hsa_circ_001108",2,"+",2,2,40,40,"my_test_sample",2,2,0,1,"GTAG",NA,"ANCHOR_UNIQUE,CANONICAL,CIRCULAR,OK_EXT,UNAMBIGUOUS_BP"
"391","22",28138887,28139072,"hsa_circ_001112",3,"+",2,3,40,5,"my_test_sample",3,0,0,1,"GTAG",NA,"ANCHOR_UNIQUE,CANONICAL,CIRCULAR,PERFECT_EXT,UNAMBIGUOUS_BP"
"392","3",127073677,127074034,"hsa_circ_001113",3,"+",1,3,5,40,"my_test_sample",3,1,0,1,"GTAG",NA,"ANCHOR_UNIQUE,CANONICAL,CIRCULAR,GOOD_EXT,UNAMBIGUOUS_BP"
"393","14",50044573,50044898,"hsa_circ_001115",3,"-",1,3,40,5,"my_test_sample",3,0,0,1,"GTAG",NA,"ANCHOR_UNIQUE,CANONICAL,CIRCULAR,PERFECT_EXT,UNAMBIGUOUS_BP"
"394","1",228530744,228530952,"hsa_circ_001118",3,"+",2,3,37,5,"my_test_sample",3,0,0,1,"GTAG",NA,"ANCHOR_UNIQUE,CANONICAL,CIRCULAR,PERFECT_EXT,UNAMBIGUOUS_BP"
"395","12",12183120,12183266,"hsa_circ_001119",2,"-",1,2,40,5,"my_test_sample",2,1,0,1,"GTAG",NA,"ANCHOR_UNIQUE,CANONICAL,CIRCULAR,GOOD_EXT,UNAMBIGUOUS_BP"
"396","18",6824761,6837414,"hsa_circ_001121",2,"+",1,2,40,5,"my_test_sample",2,0,0,1,"GTAG",NA,"ANCHOR_UNIQUE,CANONICAL,CIRCULAR,PERFECT_EXT,UNAMBIGUOUS_BP"
"397","X",75398655,75398921,"hsa_circ_001127",3,"-",3,3,5,40,"my_test_sample",3,0,0,1,"GTAG",NA,"ANCHOR_UNIQUE,CANONICAL,CIRCULAR,PERFECT_EXT,UNAMBIGUOUS_BP"
"398","10",110358205,110358369,"hsa_circ_001130",3,"-",2,3,5,5,"my_test_sample",3,2,0,1,"GTAG",NA,"ANCHOR_UNIQUE,CANONICAL,CIRCULAR,OK_EXT,UNAMBIGUOUS_BP"
"399","1",32948221,32949774,"hsa_circ_001133",5,"-",2,5,5,40,"my_test_sample",5,0,0,1,"GTAG",NA,"ANCHOR_UNIQUE,CANONICAL,CIRCULAR,PERFECT_EXT,UNAMBIGUOUS_BP"
"400","20",33198979,33199137,"hsa_circ_001140",2,"-",1,2,40,40,"my_test_sample",2,0,0,1,"GTAG",NA,"ANCHOR_UNIQUE,CANONICAL,CIRCULAR,PERFECT_EXT,UNAMBIGUOUS_BP"
"401","2",25799384,25806337,"hsa_circ_001144",3,"-",3,3,40,40,"my_test_sample",3,0,0,1,"GTAG",NA,"ANCHOR_UNIQUE,CANONICAL,CIRCULAR,PERFECT_EXT,UNAMBIGUOUS_BP"
"402","1",34456143,34456344,"hsa_circ_001145",2,"-",2,2,5,5,"my_test_sample",2,2,0,1,"GTAG",NA,"ANCHOR_UNIQUE,CANONICAL,CIRCULAR,OK_EXT,UNAMBIGUOUS_BP"
"403","5",15256331,15256660,"hsa_circ_001146",2,"+",2,2,4,5,"my_test_sample",2,1,0,1,"GTAG",NA,"ANCHOR_UNIQUE,CANONICAL,CIRCULAR,GOOD_EXT,UNAMBIGUOUS_BP"
"404","3",51358371,51358729,"hsa_circ_001147",2,"+",1,2,40,40,"my_test_sample",2,2,0,1,"GTAG",NA,"ANCHOR_UNIQUE,CANONICAL,CIRCULAR,OK_EXT,UNAMBIGUOUS_BP"
"405","3",46679964,46680266,"hsa_circ_001152",2,"+",2,2,5,40,"my_test_sample",2,1,2,1,"GTAG",NA,"ANCHOR_UNIQUE,CANONICAL,CIRCULAR,OK_EXT,UNAMBIGUOUS_BP"
"406","16",11850992,11851167,"hsa_circ_001155",3,"-",2,3,40,40,"my_test_sample",3,1,0,1,"GTAG",NA,"ANCHOR_UNIQUE,CANONICAL,CIRCULAR,GOOD_EXT,UNAMBIGUOUS_BP"
"407","11",8373906,8374070,"hsa_circ_001157",2,"-",2,2,5,40,"my_test_sample",2,0,0,1,"GTAG",NA,"ANCHOR_UNIQUE,CANONICAL,CIRCULAR,PERFECT_EXT,UNAMBIGUOUS_BP"
"408","10",36170320,36170563,"hsa_circ_001159",2,"+",1,2,5,5,"my_test_sample",2,0,0,1,"GTAG",NA,"ANCHOR_UNIQUE,CANONICAL,CIRCULAR,PERFECT_EXT,UNAMBIGUOUS_BP"
"409","7",40374997,40375153,"hsa_circ_001160",2,"+",1,2,40,40,"my_test_sample",2,2,0,1,"GTAG",NA,"ANCHOR_UNIQUE,CANONICAL,CIRCULAR,OK_EXT,UNAMBIGUOUS_BP"
"410","1",113856275,113856441,"hsa_circ_001163",3,"-",1,3,5,5,"my_test_sample",3,1,0,1,"GTAG",NA,"ANCHOR_UNIQUE,CANONICAL,CIRCULAR,GOOD_EXT,UNAMBIGUOUS_BP"
"411","5",150987177,150987367,"hsa_circ_001164",3,"+",2,3,35,40,"my_test_sample",3,1,0,1,"GTAG",NA,"ANCHOR_UNIQUE,CANONICAL,CIRCULAR,GOOD_EXT,UNAMBIGUOUS_BP"
"412","18",35245919,35246170,"hsa_circ_001166",3,"-",1,3,5,40,"my_test_sample",3,0,0,1,"GTAG",NA,"ANCHOR_UNIQUE,CANONICAL,CIRCULAR,PERFECT_EXT,UNAMBIGUOUS_BP"
"413","1",102654823,102654995,"hsa_circ_001182",3,"+",1,3,5,5,"my_test_sample",3,2,0,1,"GTAG",NA,"ANCHOR_UNIQUE,CANONICAL,CIRCULAR,OK_EXT,UNAMBIGUOUS_BP"
"414","16",69600186,69600358,"hsa_circ_001186",2,"+",2,2,5,40,"my_test_sample",2,1,0,1,"GTAG",NA,"ANCHOR_UNIQUE,CANONICAL,CIRCULAR,GOOD_EXT,UNAMBIGUOUS_BP"
"415","19",15017967,15018125,"hsa_circ_001188",3,"+",1,3,5,40,"my_test_sample",3,1,0,1,"GTAG",NA,"ANCHOR_UNIQUE,CANONICAL,CIRCULAR,GOOD_EXT,UNAMBIGUOUS_BP"
"416","14",94939519,94939711,"hsa_circ_001190",2,"-",1,2,40,40,"my_test_sample",2,1,0,1,"GTAG",NA,"ANCHOR_UNIQUE,CANONICAL,CIRCULAR,GOOD_EXT,UNAMBIGUOUS_BP"
"417","3",154239414,154239575,"hsa_circ_001192",4,"+",2,4,40,40,"my_test_sample",4,0,0,1,"GTAG",NA,"ANCHOR_UNIQUE,CANONICAL,CIRCULAR,PERFECT_EXT,UNAMBIGUOUS_BP"
"418","2",96487319,96487480,"hsa_circ_001194",2,"-",2,2,5,40,"my_test_sample",2,1,0,1,"GTAG",NA,"ANCHOR_UNIQUE,CANONICAL,CIRCULAR,GOOD_EXT,UNAMBIGUOUS_BP"
"419","2",235370857,235371072,"hsa_circ_001196",2,"-",1,2,40,40,"my_test_sample",2,1,0,1,"GTAG",NA,"ANCHOR_UNIQUE,CANONICAL,CIRCULAR,GOOD_EXT,UNAMBIGUOUS_BP"
"420","11",12764178,12764434,"hsa_circ_001197",3,"+",2,3,40,40,"my_test_sample",3,0,0,1,"GTAG",NA,"ANCHOR_UNIQUE,CANONICAL,CIRCULAR,PERFECT_EXT,UNAMBIGUOUS_BP"
"421","5",168414390,168414590,"hsa_circ_001202",2,"+",1,2,40,40,"my_test_sample",2,2,0,1,"GTAG",NA,"ANCHOR_UNIQUE,CANONICAL,CIRCULAR,OK_EXT,UNAMBIGUOUS_BP"
"422","21",45078383,45078534,"hsa_circ_001203",2,"+",2,2,5,40,"my_test_sample",2,0,0,1,"GTAG",NA,"ANCHOR_UNIQUE,CANONICAL,CIRCULAR,PERFECT_EXT,UNAMBIGUOUS_BP"
"423","22",25497068,25497219,"hsa_circ_001205",3,"-",1,3,40,40,"my_test_sample",3,1,0,1,"GTAG",NA,"ANCHOR_UNIQUE,CANONICAL,CIRCULAR,GOOD_EXT,UNAMBIGUOUS_BP"
"424","18",25315024,25315200,"hsa_circ_001206",3,"-",1,3,5,40,"my_test_sample",3,1,0,1,"GTAG",NA,"ANCHOR_UNIQUE,CANONICAL,CIRCULAR,GOOD_EXT,UNAMBIGUOUS_BP"
"425","3",135308559,135308758,"hsa_circ_001208",2,"+",1,2,5,40,"my_test_sample",2,2,0,1,"GTAG",NA,"ANCHOR_UNIQUE,CANONICAL,CIRCULAR,OK_EXT,UNAMBIGUOUS_BP"
"426","8",131016021,131016222,"hsa_circ_001212",2,"+",1,2,5,40,"my_test_sample",2,0,0,1,"GTAG",NA,"ANCHOR_UNIQUE,CANONICAL,CIRCULAR,PERFECT_EXT,UNAMBIGUOUS_BP"
"427","5",6601597,6601747,"hsa_circ_001220",2,"-",2,2,40,5,"my_test_sample",2,0,0,1,"GTAG",NA,"ANCHOR_UNIQUE,CANONICAL,CIRCULAR,PERFECT_EXT,UNAMBIGUOUS_BP"
"428","5",1550970,1551186,"hsa_circ_001221",3,"+",2,3,5,5,"my_test_sample",3,1,0,1,"GTAG",NA,"ANCHOR_UNIQUE,CANONICAL,CIRCULAR,GOOD_EXT,UNAMBIGUOUS_BP"
"429","7",25116324,25116490,"hsa_circ_001222",3,"+",1,3,5,40,"my_test_sample",3,1,0,1,"GTAG",NA,"ANCHOR_UNIQUE,CANONICAL,CIRCULAR,GOOD_EXT,UNAMBIGUOUS_BP"
"430","5",146669161,146669329,"hsa_circ_001223",2,"+",1,2,3,5,"my_test_sample",2,2,0,1,"GTAG",NA,"ANCHOR_UNIQUE,CANONICAL,CIRCULAR,OK_EXT,UNAMBIGUOUS_BP"
"431","19",50266876,50268367,"hsa_circ_001224",2,"+",2,2,40,40,"my_test_sample",2,1,0,1,"GTAG",NA,"ANCHOR_UNIQUE,CANONICAL,CIRCULAR,GOOD_EXT,UNAMBIGUOUS_BP"
"432","X",47639665,47639949,"hsa_circ_001227",3,"-",1,3,40,40,"my_test_sample",3,1,0,1,"GTAG",NA,"ANCHOR_UNIQUE,CANONICAL,CIRCULAR,GOOD_EXT,UNAMBIGUOUS_BP"
"433","10",80253082,80253261,"hsa_circ_001233",2,"-",2,2,40,40,"my_test_sample",2,0,0,1,"GTAG",NA,"ANCHOR_UNIQUE,CANONICAL,CIRCULAR,PERFECT_EXT,UNAMBIGUOUS_BP"
"434","5",171810019,171810174,"hsa_circ_001234",2,"+",2,2,40,40,"my_test_sample",2,0,0,1,"GTAG",NA,"ANCHOR_UNIQUE,CANONICAL,CIRCULAR,PERFECT_EXT,UNAMBIGUOUS_BP"
"435","19",51473164,51473314,"hsa_circ_001237",3,"-",3,3,5,5,"my_test_sample",3,1,0,1,"GTAG",NA,"ANCHOR_UNIQUE,CANONICAL,CIRCULAR,GOOD_EXT,UNAMBIGUOUS_BP"
"436","22",38319356,38319531,"hsa_circ_001238",2,"+",1,2,40,5,"my_test_sample",2,2,0,1,"GTAG",NA,"ANCHOR_UNIQUE,CANONICAL,CIRCULAR,OK_EXT,UNAMBIGUOUS_BP"
"437","12",128998278,128998451,"hsa_circ_001239",2,"-",1,2,40,5,"my_test_sample",2,2,0,1,"GTAG",NA,"ANCHOR_UNIQUE,CANONICAL,CIRCULAR,OK_EXT,UNAMBIGUOUS_BP"
"438","1",93812684,93812936,"hsa_circ_001245",2,"-",2,2,40,40,"my_test_sample",2,1,0,1,"GTAG",NA,"ANCHOR_UNIQUE,CANONICAL,CIRCULAR,GOOD_EXT,UNAMBIGUOUS_BP"
"439","16",9123337,9123490,"hsa_circ_001247",2,"+",1,2,40,5,"my_test_sample",2,0,0,1,"GTAG",NA,"ANCHOR_UNIQUE,CANONICAL,CIRCULAR,PERFECT_EXT,UNAMBIGUOUS_BP"
"440","1",47399328,47399501,"hsa_circ_001249",3,"+",2,3,40,5,"my_test_sample",3,1,0,1,"GTAG",NA,"ANCHOR_UNIQUE,CANONICAL,CIRCULAR,GOOD_EXT,UNAMBIGUOUS_BP"
"441","17",31051853,31052031,"hsa_circ_001250",2,"+",1,2,40,5,"my_test_sample",2,0,1,1,"GTAG",NA,"ANCHOR_UNIQUE,CANONICAL,CIRCULAR,GOOD_EXT,UNAMBIGUOUS_BP"
"442","2",29646572,29646735,"hsa_circ_001254",3,"-",2,3,5,40,"my_test_sample",3,0,0,1,"GTAG",NA,"ANCHOR_UNIQUE,CANONICAL,CIRCULAR,PERFECT_EXT,UNAMBIGUOUS_BP"
"443","7",6357701,6432275,"hsa_circ_001255",3,"+",1,3,40,5,"my_test_sample",3,0,0,1,"GTAG",NA,"ANCHOR_UNIQUE,CANONICAL,CIRCULAR,PERFECT_EXT,UNAMBIGUOUS_BP"
"444","15",82541182,82541428,"hsa_circ_001260",4,"-",2,4,5,5,"my_test_sample",4,0,0,1,"GTAG",NA,"ANCHOR_UNIQUE,CANONICAL,CIRCULAR,PERFECT_EXT,UNAMBIGUOUS_BP"
"445","10",110438181,110438371,"hsa_circ_001263",2,"+",2,2,40,5,"my_test_sample",2,0,0,1,"GTAG",NA,"ANCHOR_UNIQUE,CANONICAL,CIRCULAR,PERFECT_EXT,UNAMBIGUOUS_BP"
"446","2",176142448,176142628,"hsa_circ_001264",2,"-",2,2,5,40,"my_test_sample",2,0,0,1,"GTAG",NA,"ANCHOR_UNIQUE,CANONICAL,CIRCULAR,PERFECT_EXT,UNAMBIGUOUS_BP"
"447","19",31105355,31105525,"hsa_circ_001267",3,"-",1,3,5,5,"my_test_sample",3,1,0,1,"GTAG",NA,"ANCHOR_UNIQUE,CANONICAL,CIRCULAR,GOOD_EXT,UNAMBIGUOUS_BP"
"448","8",61774956,61775168,"hsa_circ_001268",2,"-",1,2,40,5,"my_test_sample",2,0,0,1,"GTAG",NA,"ANCHOR_UNIQUE,CANONICAL,CIRCULAR,PERFECT_EXT,UNAMBIGUOUS_BP"
"449","10",47170716,47170876,"hsa_circ_001269",2,"+",1,2,5,5,"my_test_sample",2,2,0,1,"GTAG",NA,"ANCHOR_UNIQUE,CANONICAL,CIRCULAR,OK_EXT,UNAMBIGUOUS_BP"
"450","1",217728726,217728890,"hsa_circ_001272",3,"+",1,3,40,40,"my_test_sample",3,1,0,1,"GTAG",NA,"ANCHOR_UNIQUE,CANONICAL,CIRCULAR,GOOD_EXT,UNAMBIGUOUS_BP"
"451","15",71446829,71447057,"hsa_circ_001273",2,"+",2,2,35,5,"my_test_sample",2,1,0,1,"GTAG",NA,"ANCHOR_UNIQUE,CANONICAL,CIRCULAR,GOOD_EXT,UNAMBIGUOUS_BP"
"452","22",50372019,50394135,"hsa_circ_001276",2,"+",1,2,5,40,"my_test_sample",2,0,0,1,"GTAG",NA,"ANCHOR_UNIQUE,CANONICAL,CIRCULAR,PERFECT_EXT,UNAMBIGUOUS_BP"
"453","4",53855454,53855630,"hsa_circ_001277",2,"+",1,2,40,40,"my_test_sample",2,1,0,1,"GTAG",NA,"ANCHOR_UNIQUE,CANONICAL,CIRCULAR,GOOD_EXT,UNAMBIGUOUS_BP"
"454","20",48740989,48741219,"hsa_circ_001279",2,"-",1,2,40,5,"my_test_sample",2,2,0,1,"GTAG",NA,"ANCHOR_UNIQUE,CANONICAL,CIRCULAR,OK_EXT,UNAMBIGUOUS_BP"
"455","12",113749145,113749343,"hsa_circ_001285",4,"+",1,4,40,40,"my_test_sample",4,0,0,1,"GTAG",NA,"ANCHOR_UNIQUE,CANONICAL,CIRCULAR,PERFECT_EXT,UNAMBIGUOUS_BP"
"456","2",45700151,45700354,"hsa_circ_001286",2,"+",1,2,40,35,"my_test_sample",2,2,0,1,"GTAG",NA,"ANCHOR_UNIQUE,CANONICAL,CIRCULAR,OK_EXT,UNAMBIGUOUS_BP"
"457","20",48676155,48676319,"hsa_circ_001289",2,"+",2,1,40,5,"my_test_sample",2,1,0,1,"GTAG",NA,"ANCHOR_UNIQUE,CANONICAL,CIRCULAR,GOOD_EXT,UNAMBIGUOUS_BP"
"458","11",45242930,45243096,"hsa_circ_001292",2,"+",2,2,40,40,"my_test_sample",2,1,0,1,"GTAG",NA,"ANCHOR_UNIQUE,CANONICAL,CIRCULAR,GOOD_EXT,UNAMBIGUOUS_BP"
"459","10",20505705,20505875,"hsa_circ_001293",2,"+",1,2,5,5,"my_test_sample",2,0,0,1,"GTAG",NA,"ANCHOR_UNIQUE,CANONICAL,CIRCULAR,PERFECT_EXT,UNAMBIGUOUS_BP"
"460","22",39803924,39804093,"hsa_circ_001294",4,"+",2,4,5,5,"my_test_sample",4,0,0,1,"GTAG",NA,"ANCHOR_UNIQUE,CANONICAL,CIRCULAR,PERFECT_EXT,UNAMBIGUOUS_BP"
"461","2",41544960,41545135,"hsa_circ_001295",4,"-",2,4,40,37,"my_test_sample",4,2,0,1,"GTAG",NA,"ANCHOR_UNIQUE,CANONICAL,CIRCULAR,OK_EXT,UNAMBIGUOUS_BP"
"462","10",102744218,102744370,"hsa_circ_001303",2,"+",1,2,40,5,"my_test_sample",2,2,0,1,"GTAG",NA,"ANCHOR_UNIQUE,CANONICAL,CIRCULAR,OK_EXT,UNAMBIGUOUS_BP"
"463","15",95654970,95655151,"hsa_circ_001309",3,"+",1,3,40,40,"my_test_sample",3,0,0,1,"GTAG",NA,"ANCHOR_UNIQUE,CANONICAL,CIRCULAR,PERFECT_EXT,UNAMBIGUOUS_BP"
"464","3",189029051,189029214,"hsa_circ_001311",2,"+",1,2,40,5,"my_test_sample",2,0,0,1,"GTAG",NA,"ANCHOR_UNIQUE,CANONICAL,CIRCULAR,PERFECT_EXT,UNAMBIGUOUS_BP"
"465","5",99451650,99451826,"hsa_circ_001312",3,"-",1,3,5,40,"my_test_sample",3,1,0,1,"GTAG",NA,"ANCHOR_UNIQUE,CANONICAL,CIRCULAR,GOOD_EXT,UNAMBIGUOUS_BP"
"466","3",17006325,17006480,"hsa_circ_001313",2,"-",1,2,40,5,"my_test_sample",2,2,0,1,"GTAG",NA,"ANCHOR_UNIQUE,CANONICAL,CIRCULAR,OK_EXT,UNAMBIGUOUS_BP"
"467","19",2701889,2702041,"hsa_circ_001316",2,"-",1,2,40,40,"my_test_sample",2,0,0,1,"GTAG",NA,"ANCHOR_UNIQUE,CANONICAL,CIRCULAR,PERFECT_EXT,UNAMBIGUOUS_BP"
"468","4",30237261,30237427,"hsa_circ_001322",4,"+",2,4,5,5,"my_test_sample",4,0,0,1,"GTAG",NA,"ANCHOR_UNIQUE,CANONICAL,CIRCULAR,PERFECT_EXT,UNAMBIGUOUS_BP"
"469","11",61708736,61708965,"hsa_circ_001329",5,"+",1,5,40,5,"my_test_sample",5,0,0,1,"GTAG",NA,"ANCHOR_UNIQUE,CANONICAL,CIRCULAR,PERFECT_EXT,UNAMBIGUOUS_BP"
"470","16",11562498,11562665,"hsa_circ_001336",2,"+",1,2,40,5,"my_test_sample",2,2,0,1,"GTAG",NA,"ANCHOR_UNIQUE,CANONICAL,CIRCULAR,OK_EXT,UNAMBIGUOUS_BP"
"471","8",136034032,136037131,"hsa_circ_001338",3,"+",1,3,5,5,"my_test_sample",3,1,0,1,"GTAG",NA,"ANCHOR_UNIQUE,CANONICAL,CIRCULAR,GOOD_EXT,UNAMBIGUOUS_BP"
"472","16",56859604,56859787,"hsa_circ_001341",2,"-",1,2,40,5,"my_test_sample",2,1,0,1,"GTAG",NA,"ANCHOR_UNIQUE,CANONICAL,CIRCULAR,GOOD_EXT,UNAMBIGUOUS_BP"
"473","15",83713037,83713261,"hsa_circ_001343",3,"-",2,3,40,40,"my_test_sample",3,0,0,1,"GTAG",NA,"ANCHOR_UNIQUE,CANONICAL,CIRCULAR,PERFECT_EXT,UNAMBIGUOUS_BP"
"474","17",51550366,51550542,"hsa_circ_001346",2,"-",1,2,5,40,"my_test_sample",2,1,0,1,"GTAG",NA,"ANCHOR_UNIQUE,CANONICAL,CIRCULAR,GOOD_EXT,UNAMBIGUOUS_BP"
"475","11",64099659,64099816,"hsa_circ_001352",3,"+",2,3,4,5,"my_test_sample",3,1,0,1,"GTAG",NA,"ANCHOR_UNIQUE,CANONICAL,CIRCULAR,GOOD_EXT,UNAMBIGUOUS_BP"
"476","12",108590959,108591150,"hsa_circ_001354",2,"-",1,2,5,40,"my_test_sample",2,0,0,1,"GTAG",NA,"ANCHOR_UNIQUE,CANONICAL,CIRCULAR,PERFECT_EXT,UNAMBIGUOUS_BP"
"477","14",63056478,63056627,"hsa_circ_001360",2,"+",1,2,40,5,"my_test_sample",2,1,0,1,"GTAG",NA,"ANCHOR_UNIQUE,CANONICAL,CIRCULAR,GOOD_EXT,UNAMBIGUOUS_BP"
"478","16",87785968,87786137,"hsa_circ_001363",2,"-",1,2,40,40,"my_test_sample",2,1,0,1,"GTAG",NA,"ANCHOR_UNIQUE,CANONICAL,CIRCULAR,GOOD_EXT,UNAMBIGUOUS_BP"
"479","16",23183458,23183622,"hsa_circ_001364",2,"-",1,2,40,40,"my_test_sample",2,2,0,1,"GTAG",NA,"ANCHOR_UNIQUE,CANONICAL,CIRCULAR,OK_EXT,UNAMBIGUOUS_BP"
"480","20",59413153,59413513,"hsa_circ_001365",2,"+",1,2,5,5,"my_test_sample",2,2,0,1,"GTAG",NA,"ANCHOR_UNIQUE,CANONICAL,CIRCULAR,OK_EXT,UNAMBIGUOUS_BP"
"481","2",158778704,158778909,"hsa_circ_001367",2,"+",1,2,5,5,"my_test_sample",2,1,0,1,"GTAG",NA,"ANCHOR_UNIQUE,CANONICAL,CIRCULAR,GOOD_EXT,UNAMBIGUOUS_BP"
"482","7",61936071,61936243,"hsa_circ_001368",2,"-",1,2,40,5,"my_test_sample",2,0,0,1,"GTAG",NA,"ANCHOR_UNIQUE,CANONICAL,CIRCULAR,PERFECT_EXT,UNAMBIGUOUS_BP"
"483","11",114124693,114124872,"hsa_circ_001375",2,"+",2,2,40,35,"my_test_sample",2,1,0,1,"GTAG",NA,"ANCHOR_UNIQUE,CANONICAL,CIRCULAR,GOOD_EXT,UNAMBIGUOUS_BP"
"484","10",59526288,59526486,"hsa_circ_001377",2,"-",1,2,40,40,"my_test_sample",2,2,0,1,"GTAG",NA,"ANCHOR_UNIQUE,CANONICAL,CIRCULAR,OK_EXT,UNAMBIGUOUS_BP"
"485","13",87093063,87093278,"hsa_circ_001383",2,"+",1,2,5,40,"my_test_sample",2,1,0,1,"GTAG",NA,"ANCHOR_UNIQUE,CANONICAL,CIRCULAR,GOOD_EXT,UNAMBIGUOUS_BP"
"486","12",17367950,17368136,"hsa_circ_001384",3,"-",1,3,40,40,"my_test_sample",3,2,0,1,"GTAG",NA,"ANCHOR_UNIQUE,CANONICAL,CIRCULAR,OK_EXT,UNAMBIGUOUS_BP"
"487","19",56182142,56182294,"hsa_circ_001385",2,"-",2,2,40,40,"my_test_sample",2,0,0,1,"GTAG",NA,"ANCHOR_UNIQUE,CANONICAL,CIRCULAR,PERFECT_EXT,UNAMBIGUOUS_BP"
"488","X",44203401,44203582,"hsa_circ_001388",2,"-",2,2,40,40,"my_test_sample",2,1,0,1,"GTAG",NA,"ANCHOR_UNIQUE,CANONICAL,CIRCULAR,GOOD_EXT,UNAMBIGUOUS_BP"
"489","2",159967538,159969359,"hsa_circ_001390",3,"-",1,3,40,40,"my_test_sample",3,0,0,1,"GTAG",NA,"ANCHOR_UNIQUE,CANONICAL,CIRCULAR,PERFECT_EXT,UNAMBIGUOUS_BP"
"490","17",66496200,66514466,"hsa_circ_001391",3,"+",1,3,40,40,"my_test_sample",3,1,0,1,"GTAG",NA,"ANCHOR_UNIQUE,CANONICAL,CIRCULAR,GOOD_EXT,UNAMBIGUOUS_BP"
"491","1",159840119,159840278,"hsa_circ_001397",3,"-",1,3,5,40,"my_test_sample",3,0,0,1,"GTAG",NA,"ANCHOR_UNIQUE,CANONICAL,CIRCULAR,PERFECT_EXT,UNAMBIGUOUS_BP"
"492","2",144550809,144551143,"hsa_circ_001404",2,"-",1,2,5,5,"my_test_sample",2,1,0,1,"GTAG",NA,"ANCHOR_UNIQUE,CANONICAL,CIRCULAR,GOOD_EXT,UNAMBIGUOUS_BP"
"493","17",74261467,74261676,"hsa_circ_001405",2,"-",1,2,5,40,"my_test_sample",2,1,0,1,"GTAG",NA,"ANCHOR_UNIQUE,CANONICAL,CIRCULAR,GOOD_EXT,UNAMBIGUOUS_BP"
"494","20",48666966,48667144,"hsa_circ_001406",3,"+",2,3,5,40,"my_test_sample",3,0,0,1,"GTAG",NA,"ANCHOR_UNIQUE,CANONICAL,CIRCULAR,PERFECT_EXT,UNAMBIGUOUS_BP"
"495","20",46012591,46012759,"hsa_circ_001407",3,"+",2,3,40,40,"my_test_sample",3,0,0,1,"GTAG",NA,"ANCHOR_UNIQUE,CANONICAL,CIRCULAR,PERFECT_EXT,UNAMBIGUOUS_BP"
"496","11",67541224,67541403,"hsa_circ_001409",2,"-",2,2,40,40,"my_test_sample",2,1,0,1,"GTAG",NA,"ANCHOR_UNIQUE,CANONICAL,CIRCULAR,GOOD_EXT,UNAMBIGUOUS_BP"
"497","1",209352387,209352563,"hsa_circ_001412",2,"+",1,2,40,40,"my_test_sample",2,1,0,1,"GTAG",NA,"ANCHOR_UNIQUE,CANONICAL,CIRCULAR,GOOD_EXT,UNAMBIGUOUS_BP"
"498","2",6568456,6568621,"hsa_circ_001414",3,"-",1,3,5,40,"my_test_sample",3,1,0,1,"GTAG",NA,"ANCHOR_UNIQUE,CANONICAL,CIRCULAR,GOOD_EXT,UNAMBIGUOUS_BP"
"499","18",37091176,37091347,"hsa_circ_001415",2,"-",1,2,40,5,"my_test_sample",2,1,0,1,"GTAG",NA,"ANCHOR_UNIQUE,CANONICAL,CIRCULAR,GOOD_EXT,UNAMBIGUOUS_BP"
"500","17",60678097,60678259,"hsa_circ_001417",2,"+",1,2,5,40,"my_test_sample",2,0,0,1,"GTAG",NA,"ANCHOR_UNIQUE,CANONICAL,CIRCULAR,PERFECT_EXT,UNAMBIGUOUS_BP"
"501","12",34353778,34353932,"hsa_circ_001418",3,"-",2,3,40,5,"my_test_sample",3,2,0,1,"GTAG",NA,"ANCHOR_UNIQUE,CANONICAL,CIRCULAR,OK_EXT,UNAMBIGUOUS_BP"
"502","11",13899085,13899282,"hsa_circ_001419",2,"-",1,2,40,40,"my_test_sample",2,1,0,1,"GTAG",NA,"ANCHOR_UNIQUE,CANONICAL,CIRCULAR,GOOD_EXT,UNAMBIGUOUS_BP"
"503","1",58714036,58714241,"hsa_circ_001420",3,"+",1,3,40,40,"my_test_sample",3,0,0,1,"GTAG",NA,"ANCHOR_UNIQUE,CANONICAL,CIRCULAR,PERFECT_EXT,UNAMBIGUOUS_BP"
"504","5",34023783,34023946,"hsa_circ_001421",4,"+",1,4,40,40,"my_test_sample",4,1,0,1,"GTAG",NA,"ANCHOR_UNIQUE,CANONICAL,CIRCULAR,GOOD_EXT,UNAMBIGUOUS_BP"
"505","17",69760693,69760892,"hsa_circ_001422",3,"-",1,3,40,40,"my_test_sample",3,2,0,1,"GTAG",NA,"ANCHOR_UNIQUE,CANONICAL,CIRCULAR,OK_EXT,UNAMBIGUOUS_BP"
"506","2",204195371,204195541,"hsa_circ_001426",5,"-",1,5,5,5,"my_test_sample",5,2,0,1,"GTAG",NA,"ANCHOR_UNIQUE,CANONICAL,CIRCULAR,OK_EXT,UNAMBIGUOUS_BP"
"507","15",39166168,39166337,"hsa_circ_001430",2,"+",1,2,40,5,"my_test_sample",2,1,0,1,"GTAG",NA,"ANCHOR_UNIQUE,CANONICAL,CIRCULAR,GOOD_EXT,UNAMBIGUOUS_BP"
"508","22",27649503,27649674,"hsa_circ_001435",2,"-",1,2,5,40,"my_test_sample",2,1,0,1,"GTAG",NA,"ANCHOR_UNIQUE,CANONICAL,CIRCULAR,GOOD_EXT,UNAMBIGUOUS_BP"
"509","1",75749418,75750546,"hsa_circ_001436",8,"+",2,8,40,40,"my_test_sample",8,0,0,1,"GTAG",NA,"ANCHOR_UNIQUE,CANONICAL,CIRCULAR,PERFECT_EXT,UNAMBIGUOUS_BP"
"510","2",178078752,178078919,"hsa_circ_001439",3,"+",2,2,5,5,"my_test_sample",3,0,0,1,"GTAG",NA,"ANCHOR_UNIQUE,CANONICAL,CIRCULAR,PERFECT_EXT,UNAMBIGUOUS_BP"
"511","15",100697211,100697406,"hsa_circ_001441",3,"+",1,3,5,5,"my_test_sample",3,1,0,1,"GTAG",NA,"ANCHOR_UNIQUE,CANONICAL,CIRCULAR,GOOD_EXT,UNAMBIGUOUS_BP"
"512","3",124537587,124537767,"hsa_circ_001442",3,"+",1,3,5,40,"my_test_sample",3,1,0,1,"GTAG",NA,"ANCHOR_UNIQUE,CANONICAL,CIRCULAR,GOOD_EXT,UNAMBIGUOUS_BP"
"513","6",117272361,117272526,"hsa_circ_001445",2,"-",2,2,40,40,"my_test_sample",2,0,0,1,"GTAG",NA,"ANCHOR_UNIQUE,CANONICAL,CIRCULAR,PERFECT_EXT,UNAMBIGUOUS_BP"
"514","11",48121166,48121321,"hsa_circ_001447",2,"-",1,2,40,40,"my_test_sample",2,2,0,1,"GTAG",NA,"ANCHOR_UNIQUE,CANONICAL,CIRCULAR,OK_EXT,UNAMBIGUOUS_BP"
"515","20",50282717,50282869,"hsa_circ_001448",2,"-",1,2,5,5,"my_test_sample",2,1,0,1,"GTAG",NA,"ANCHOR_UNIQUE,CANONICAL,CIRCULAR,GOOD_EXT,UNAMBIGUOUS_BP"
"516","14",94290859,94291043,"hsa_circ_001450",2,"+",1,2,40,5,"my_test_sample",2,0,0,1,"GTAG",NA,"ANCHOR_UNIQUE,CANONICAL,CIRCULAR,PERFECT_EXT,UNAMBIGUOUS_BP"
"517","16",31679506,31679668,"hsa_circ_001455",2,"-",2,2,40,5,"my_test_sample",2,0,0,1,"GTAG",NA,"ANCHOR_UNIQUE,CANONICAL,CIRCULAR,PERFECT_EXT,UNAMBIGUOUS_BP"
"518","8",64357515,64357684,"hsa_circ_001457",6,"+",2,6,5,5,"my_test_sample",6,1,0,1,"GTAG",NA,"ANCHOR_UNIQUE,CANONICAL,CIRCULAR,GOOD_EXT,UNAMBIGUOUS_BP"
"519","4",152906467,152906678,"hsa_circ_001461",2,"-",2,2,40,5,"my_test_sample",2,1,0,1,"GTAG",NA,"ANCHOR_UNIQUE,CANONICAL,CIRCULAR,GOOD_EXT,UNAMBIGUOUS_BP"
"520","13",49705620,49706372,"hsa_circ_001464",2,"-",1,2,40,40,"my_test_sample",2,0,0,1,"GTAG",NA,"ANCHOR_UNIQUE,CANONICAL,CIRCULAR,PERFECT_EXT,UNAMBIGUOUS_BP"
"521","12",40484080,40484230,"hsa_circ_001469",2,"-",1,2,5,5,"my_test_sample",2,1,0,1,"GTAG",NA,"ANCHOR_UNIQUE,CANONICAL,CIRCULAR,GOOD_EXT,UNAMBIGUOUS_BP"
"522","6",42696013,42696227,"hsa_circ_001470",2,"-",1,2,40,40,"my_test_sample",2,1,0,1,"GTAG",NA,"ANCHOR_UNIQUE,CANONICAL,CIRCULAR,GOOD_EXT,UNAMBIGUOUS_BP"
"523","12",34365190,34365378,"hsa_circ_001475",2,"+",1,2,5,5,"my_test_sample",2,1,0,1,"GTAG",NA,"ANCHOR_UNIQUE,CANONICAL,CIRCULAR,GOOD_EXT,UNAMBIGUOUS_BP"
"524","20",38165743,38165912,"hsa_circ_001477",4,"+",1,4,40,5,"my_test_sample",4,2,0,1,"GTAG",NA,"ANCHOR_UNIQUE,CANONICAL,CIRCULAR,OK_EXT,UNAMBIGUOUS_BP"
"525","19",13806955,13807137,"hsa_circ_001478",2,"+",1,2,5,40,"my_test_sample",2,1,0,1,"GTAG",NA,"ANCHOR_UNIQUE,CANONICAL,CIRCULAR,GOOD_EXT,UNAMBIGUOUS_BP"
"526","16",70389404,70389559,"hsa_circ_001479",3,"+",2,3,40,40,"my_test_sample",3,1,0,1,"GTAG",NA,"ANCHOR_UNIQUE,CANONICAL,CIRCULAR,GOOD_EXT,UNAMBIGUOUS_BP"
"527","1",14944356,14960875,"hsa_circ_001481",3,"+",1,3,40,40,"my_test_sample",3,0,0,1,"GTAG",NA,"ANCHOR_UNIQUE,CANONICAL,CIRCULAR,PERFECT_EXT,UNAMBIGUOUS_BP"
"528","3",46666806,46666977,"hsa_circ_001485",2,"-",2,2,40,40,"my_test_sample",2,1,0,1,"GTAG",NA,"ANCHOR_UNIQUE,CANONICAL,CIRCULAR,GOOD_EXT,UNAMBIGUOUS_BP"
"529","16",4884160,4884316,"hsa_circ_001486",3,"-",1,3,5,40,"my_test_sample",3,0,0,1,"GTAG",NA,"ANCHOR_UNIQUE,CANONICAL,CIRCULAR,PERFECT_EXT,UNAMBIGUOUS_BP"
"530","3",197468613,197468787,"hsa_circ_001487",3,"-",3,3,40,40,"my_test_sample",3,0,0,1,"GTAG",NA,"ANCHOR_UNIQUE,CANONICAL,CIRCULAR,PERFECT_EXT,UNAMBIGUOUS_BP"
"531","19",50398850,50399484,"hsa_circ_001492",14,"+",6,14,5,40,"my_test_sample",14,0,0,1,"GTAG",NA,"ANCHOR_UNIQUE,CANONICAL,CIRCULAR,PERFECT_EXT,UNAMBIGUOUS_BP"
"532","7",129157317,129157506,"hsa_circ_001493",3,"+",1,3,40,5,"my_test_sample",3,1,0,1,"GTAG",NA,"ANCHOR_UNIQUE,CANONICAL,CIRCULAR,GOOD_EXT,UNAMBIGUOUS_BP"
"533","15",31394626,31394837,"hsa_circ_001494",2,"-",1,2,40,4,"my_test_sample",2,1,0,1,"GTAG",NA,"ANCHOR_UNIQUE,CANONICAL,CIRCULAR,GOOD_EXT,UNAMBIGUOUS_BP"
"534","1",160855860,160856013,"hsa_circ_001495",3,"+",1,3,40,5,"my_test_sample",3,2,0,1,"GTAG",NA,"ANCHOR_UNIQUE,CANONICAL,CIRCULAR,OK_EXT,UNAMBIGUOUS_BP"
"535","11",122203344,122203502,"hsa_circ_001496",6,"+",1,6,40,40,"my_test_sample",6,0,0,1,"GTAG",NA,"ANCHOR_UNIQUE,CANONICAL,CIRCULAR,PERFECT_EXT,UNAMBIGUOUS_BP"
"536","3",55063426,55063595,"hsa_circ_001497",2,"+",1,2,5,40,"my_test_sample",2,2,0,1,"GTAG",NA,"ANCHOR_UNIQUE,CANONICAL,CIRCULAR,OK_EXT,UNAMBIGUOUS_BP"
"537","2",229604326,229604514,"hsa_circ_001498",2,"+",2,2,40,40,"my_test_sample",2,2,0,1,"GTAG",NA,"ANCHOR_UNIQUE,CANONICAL,CIRCULAR,OK_EXT,UNAMBIGUOUS_BP"
"538","3",197617145,197617319,"hsa_circ_001499",3,"+",1,3,5,40,"my_test_sample",3,1,0,1,"GTAG",NA,"ANCHOR_UNIQUE,CANONICAL,CIRCULAR,GOOD_EXT,UNAMBIGUOUS_BP"
"539","14",56803034,56803361,"hsa_circ_001500",2,"-",1,2,40,40,"my_test_sample",2,2,0,1,"GTAG",NA,"ANCHOR_UNIQUE,CANONICAL,CIRCULAR,OK_EXT,UNAMBIGUOUS_BP"
"540","16",77830987,77831139,"hsa_circ_001502",2,"-",1,2,40,40,"my_test_sample",2,1,0,1,"GTAG",NA,"ANCHOR_UNIQUE,CANONICAL,CIRCULAR,GOOD_EXT,UNAMBIGUOUS_BP"
"541","5",131106019,131106223,"hsa_circ_001507",3,"+",1,3,40,5,"my_test_sample",3,1,0,1,"GTAG",NA,"ANCHOR_UNIQUE,CANONICAL,CIRCULAR,GOOD_EXT,UNAMBIGUOUS_BP"
"542","9",81705520,81705829,"hsa_circ_001508",5,"+",2,5,5,5,"my_test_sample",5,0,0,1,"GTAG",NA,"ANCHOR_UNIQUE,CANONICAL,CIRCULAR,PERFECT_EXT,UNAMBIGUOUS_BP"
"543","19",2814594,2814802,"hsa_circ_001509",3,"-",1,3,5,40,"my_test_sample",3,0,0,1,"GTAG",NA,"ANCHOR_UNIQUE,CANONICAL,CIRCULAR,PERFECT_EXT,UNAMBIGUOUS_BP"
"544","4",3514307,3514465,"hsa_circ_001510",2,"+",2,2,40,40,"my_test_sample",2,0,0,1,"GTAG",NA,"ANCHOR_UNIQUE,CANONICAL,CIRCULAR,PERFECT_EXT,UNAMBIGUOUS_BP"
"545","21",15014343,15043574,"hsa_circ_001512",2,"-",2,2,5,40,"my_test_sample",2,0,0,1,"GTAG",NA,"ANCHOR_UNIQUE,CANONICAL,CIRCULAR,PERFECT_EXT,UNAMBIGUOUS_BP"
"546","2",62218495,62218663,"hsa_circ_001513",2,"+",1,2,40,40,"my_test_sample",2,0,0,1,"GTAG",NA,"ANCHOR_UNIQUE,CANONICAL,CIRCULAR,PERFECT_EXT,UNAMBIGUOUS_BP"
"547","3",80620499,80620662,"hsa_circ_001520",9,"+",4,9,40,40,"my_test_sample",9,1,0,1,"GTAG",NA,"ANCHOR_UNIQUE,CANONICAL,CIRCULAR,GOOD_EXT,UNAMBIGUOUS_BP"
"548","2",86797067,86797232,"hsa_circ_001521",2,"+",1,2,5,5,"my_test_sample",2,0,0,1,"GTAG",NA,"ANCHOR_UNIQUE,CANONICAL,CIRCULAR,PERFECT_EXT,UNAMBIGUOUS_BP"
"549","12",7311332,7311489,"hsa_circ_001522",4,"-",2,4,5,40,"my_test_sample",4,1,0,1,"GTAG",NA,"ANCHOR_UNIQUE,CANONICAL,CIRCULAR,GOOD_EXT,UNAMBIGUOUS_BP"
"550","16",87201767,87201941,"hsa_circ_001525",2,"-",1,2,40,5,"my_test_sample",2,2,0,1,"GTAG",NA,"ANCHOR_UNIQUE,CANONICAL,CIRCULAR,OK_EXT,UNAMBIGUOUS_BP"
"551","5",133431172,133431323,"hsa_circ_001531",2,"+",1,2,5,5,"my_test_sample",2,0,0,1,"GTAG",NA,"ANCHOR_UNIQUE,CANONICAL,CIRCULAR,PERFECT_EXT,UNAMBIGUOUS_BP"
"552","18",79605710,79605945,"hsa_circ_001534",3,"-",1,3,40,5,"my_test_sample",3,1,0,1,"GTAG",NA,"ANCHOR_UNIQUE,CANONICAL,CIRCULAR,GOOD_EXT,UNAMBIGUOUS_BP"
"553","15",55246794,55247081,"hsa_circ_001536",3,"-",2,3,40,40,"my_test_sample",3,0,0,1,"GTAG",NA,"ANCHOR_UNIQUE,CANONICAL,CIRCULAR,PERFECT_EXT,UNAMBIGUOUS_BP"
"554","10",62890830,62890990,"hsa_circ_001538",2,"-",1,2,40,5,"my_test_sample",2,0,1,1,"GTAG",NA,"ANCHOR_UNIQUE,CANONICAL,CIRCULAR,GOOD_EXT,UNAMBIGUOUS_BP"
"555","1",27533755,27533971,"hsa_circ_001539",4,"+",1,4,5,5,"my_test_sample",4,2,0,1,"GTAG",NA,"ANCHOR_UNIQUE,CANONICAL,CIRCULAR,OK_EXT,UNAMBIGUOUS_BP"
"556","14",66058192,66058350,"hsa_circ_001551",2,"+",1,2,4,5,"my_test_sample",2,0,0,1,"GTAG",NA,"ANCHOR_UNIQUE,CANONICAL,CIRCULAR,PERFECT_EXT,UNAMBIGUOUS_BP"
"557","2",21949827,21950004,"hsa_circ_001556",2,"+",1,2,5,40,"my_test_sample",2,0,0,1,"GTAG",NA,"ANCHOR_UNIQUE,CANONICAL,CIRCULAR,PERFECT_EXT,UNAMBIGUOUS_BP"
"558","21",17930776,17931100,"hsa_circ_001559",4,"-",2,4,40,5,"my_test_sample",4,1,0,1,"GTAG",NA,"ANCHOR_UNIQUE,CANONICAL,CIRCULAR,GOOD_EXT,UNAMBIGUOUS_BP"
"559","11",131793932,131794130,"hsa_circ_001560",3,"-",1,3,40,5,"my_test_sample",3,2,0,1,"GTAG",NA,"ANCHOR_UNIQUE,CANONICAL,CIRCULAR,OK_EXT,UNAMBIGUOUS_BP"
"560","1",189859545,189859872,"hsa_circ_001568",4,"+",2,4,40,35,"my_test_sample",4,1,0,1,"GTAG",NA,"ANCHOR_UNIQUE,CANONICAL,CIRCULAR,GOOD_EXT,UNAMBIGUOUS_BP"
"561","17",14395381,14395565,"hsa_circ_001569",3,"+",1,3,35,5,"my_test_sample",3,1,0,1,"GTAG",NA,"ANCHOR_UNIQUE,CANONICAL,CIRCULAR,GOOD_EXT,UNAMBIGUOUS_BP"
"562","3",170586212,170586450,"hsa_circ_001570",2,"-",1,2,5,5,"my_test_sample",2,0,0,1,"GTAG",NA,"ANCHOR_UNIQUE,CANONICAL,CIRCULAR,PERFECT_EXT,UNAMBIGUOUS_BP"
"563","17",48567983,48568136,"hsa_circ_001572",2,"-",2,2,40,40,"my_test_sample",2,1,0,1,"GTAG",NA,"ANCHOR_UNIQUE,CANONICAL,CIRCULAR,GOOD_EXT,UNAMBIGUOUS_BP"
"564","13",38970621,38970790,"hsa_circ_001573",6,"-",2,6,40,40,"my_test_sample",6,1,0,1,"GTAG",NA,"ANCHOR_UNIQUE,CANONICAL,CIRCULAR,GOOD_EXT,UNAMBIGUOUS_BP"
"565","12",100530593,100530808,"hsa_circ_001576",2,"+",1,2,40,35,"my_test_sample",2,0,2,1,"GTAG",NA,"ANCHOR_UNIQUE,CANONICAL,CIRCULAR,OK_EXT,UNAMBIGUOUS_BP"
"566","2",25927577,25927735,"hsa_circ_001581",2,"-",1,2,40,40,"my_test_sample",2,1,0,1,"GTAG",NA,"ANCHOR_UNIQUE,CANONICAL,CIRCULAR,GOOD_EXT,UNAMBIGUOUS_BP"
"567","11",134867856,134868060,"hsa_circ_001585",2,"-",2,2,40,5,"my_test_sample",2,0,0,1,"GTAG",NA,"ANCHOR_UNIQUE,CANONICAL,CIRCULAR,PERFECT_EXT,UNAMBIGUOUS_BP"
"568","5",99243951,99244155,"hsa_circ_001587",2,"+",1,2,5,40,"my_test_sample",2,1,0,1,"GTAG",NA,"ANCHOR_UNIQUE,CANONICAL,CIRCULAR,GOOD_EXT,UNAMBIGUOUS_BP"
"569","4",129353892,129354060,"hsa_circ_001588",3,"+",1,3,5,5,"my_test_sample",3,2,0,1,"GTAG",NA,"ANCHOR_UNIQUE,CANONICAL,CIRCULAR,OK_EXT,UNAMBIGUOUS_BP"
"570","3",48446258,48446440,"hsa_circ_001591",2,"-",1,2,40,40,"my_test_sample",2,0,0,1,"GTAG",NA,"ANCHOR_UNIQUE,CANONICAL,CIRCULAR,PERFECT_EXT,UNAMBIGUOUS_BP"
"571","12",12094843,12095130,"hsa_circ_001593",3,"-",1,3,40,40,"my_test_sample",3,2,0,1,"GTAG",NA,"ANCHOR_UNIQUE,CANONICAL,CIRCULAR,OK_EXT,UNAMBIGUOUS_BP"
"572","19",38101659,38101863,"hsa_circ_001594",2,"-",2,2,40,5,"my_test_sample",2,0,0,1,"GTAG",NA,"ANCHOR_UNIQUE,CANONICAL,CIRCULAR,PERFECT_EXT,UNAMBIGUOUS_BP"
"573","12",34319996,34320206,"hsa_circ_001596",2,"-",2,2,5,40,"my_test_sample",2,0,0,1,"GTAG",NA,"ANCHOR_UNIQUE,CANONICAL,CIRCULAR,PERFECT_EXT,UNAMBIGUOUS_BP"
"574","1",53484371,53484538,"hsa_circ_001605",4,"+",2,4,40,40,"my_test_sample",4,1,0,1,"GTAG",NA,"ANCHOR_UNIQUE,CANONICAL,CIRCULAR,GOOD_EXT,UNAMBIGUOUS_BP"
"575","12",2692030,2692201,"hsa_circ_001617",2,"+",2,2,40,40,"my_test_sample",2,1,0,1,"GTAG",NA,"ANCHOR_UNIQUE,CANONICAL,CIRCULAR,GOOD_EXT,UNAMBIGUOUS_BP"
"576","11",61337017,61337240,"hsa_circ_001618",2,"+",1,2,5,5,"my_test_sample",2,0,1,1,"GTAG",NA,"ANCHOR_UNIQUE,CANONICAL,CIRCULAR,GOOD_EXT,UNAMBIGUOUS_BP"
"577","20",3669489,3669664,"hsa_circ_001621",2,"+",2,2,40,40,"my_test_sample",2,0,0,1,"GTAG",NA,"ANCHOR_UNIQUE,CANONICAL,CIRCULAR,PERFECT_EXT,UNAMBIGUOUS_BP"
"578","2",33243138,33243347,"hsa_circ_001626",2,"-",1,2,40,5,"my_test_sample",2,0,0,1,"GTAG",NA,"ANCHOR_UNIQUE,CANONICAL,CIRCULAR,PERFECT_EXT,UNAMBIGUOUS_BP"
"579","2",98526699,98526875,"hsa_circ_001627",2,"+",2,2,3,40,"my_test_sample",2,0,0,1,"GTAG",NA,"ANCHOR_UNIQUE,CANONICAL,CIRCULAR,PERFECT_EXT,UNAMBIGUOUS_BP"
"580","16",29924421,29924604,"hsa_circ_001628",3,"-",3,3,40,40,"my_test_sample",3,1,0,1,"GTAG",NA,"ANCHOR_UNIQUE,CANONICAL,CIRCULAR,GOOD_EXT,UNAMBIGUOUS_BP"
"581","2",2025149,2025323,"hsa_circ_001630",2,"+",1,2,5,5,"my_test_sample",2,0,0,1,"GTAG",NA,"ANCHOR_UNIQUE,CANONICAL,CIRCULAR,PERFECT_EXT,UNAMBIGUOUS_BP"
"582","13",76450653,76450877,"hsa_circ_001631",2,"+",1,2,5,5,"my_test_sample",2,2,0,1,"GTAG",NA,"ANCHOR_UNIQUE,CANONICAL,CIRCULAR,OK_EXT,UNAMBIGUOUS_BP"
"583","21",39529494,39529832,"hsa_circ_001636",2,"-",2,2,5,40,"my_test_sample",2,2,0,1,"GTAG",NA,"ANCHOR_UNIQUE,CANONICAL,CIRCULAR,OK_EXT,UNAMBIGUOUS_BP"
"584","16",66615217,66615448,"hsa_circ_001640",2,"+",1,2,5,5,"my_test_sample",2,0,0,1,"GTAG",NA,"ANCHOR_UNIQUE,CANONICAL,CIRCULAR,PERFECT_EXT,UNAMBIGUOUS_BP"
"585","5",103032492,103032695,"hsa_circ_001642",4,"-",1,4,5,5,"my_test_sample",4,1,0,1,"GTAG",NA,"ANCHOR_UNIQUE,CANONICAL,CIRCULAR,GOOD_EXT,UNAMBIGUOUS_BP"
"586","17",33473848,33474007,"hsa_circ_001648",3,"-",2,3,40,5,"my_test_sample",3,0,0,1,"GTAG",NA,"ANCHOR_UNIQUE,CANONICAL,CIRCULAR,PERFECT_EXT,UNAMBIGUOUS_BP"
"587","11",32201585,32201755,"hsa_circ_001651",2,"-",1,2,40,5,"my_test_sample",2,1,0,1,"GTAG",NA,"ANCHOR_UNIQUE,CANONICAL,CIRCULAR,GOOD_EXT,UNAMBIGUOUS_BP"
"588","1",59107371,59107643,"hsa_circ_001652",4,"-",3,4,40,5,"my_test_sample",4,0,0,1,"GTAG",NA,"ANCHOR_UNIQUE,CANONICAL,CIRCULAR,PERFECT_EXT,UNAMBIGUOUS_BP"
"589","5",68836757,68836929,"hsa_circ_001653",3,"+",1,3,40,5,"my_test_sample",3,1,0,1,"GTAG",NA,"ANCHOR_UNIQUE,CANONICAL,CIRCULAR,GOOD_EXT,UNAMBIGUOUS_BP"
"590","X",9733455,9733603,"hsa_circ_001654",2,"+",2,2,40,5,"my_test_sample",2,0,0,1,"GTAG",NA,"ANCHOR_UNIQUE,CANONICAL,CIRCULAR,PERFECT_EXT,UNAMBIGUOUS_BP"
"591","1",45535884,45536055,"hsa_circ_001656",2,"+",1,2,5,40,"my_test_sample",2,1,0,1,"GTAG",NA,"ANCHOR_UNIQUE,CANONICAL,CIRCULAR,GOOD_EXT,UNAMBIGUOUS_BP"
"592","6",3301627,3301864,"hsa_circ_001663",3,"+",1,3,5,40,"my_test_sample",3,2,0,1,"GTAG",NA,"ANCHOR_UNIQUE,CANONICAL,CIRCULAR,OK_EXT,UNAMBIGUOUS_BP"
"593","18",6979948,6980140,"hsa_circ_001664",2,"-",1,2,5,5,"my_test_sample",2,1,0,1,"GTAG",NA,"ANCHOR_UNIQUE,CANONICAL,CIRCULAR,GOOD_EXT,UNAMBIGUOUS_BP"
"594","1",199744263,199744451,"hsa_circ_001665",2,"+",1,2,4,40,"my_test_sample",2,1,0,1,"GTAG",NA,"ANCHOR_UNIQUE,CANONICAL,CIRCULAR,GOOD_EXT,UNAMBIGUOUS_BP"
"595","22",41382859,41383058,"hsa_circ_001668",3,"+",1,3,40,5,"my_test_sample",3,1,1,1,"GTAG",NA,"ANCHOR_UNIQUE,CANONICAL,CIRCULAR,GOOD_EXT,UNAMBIGUOUS_BP"
"596","17",22207109,22207319,"hsa_circ_001669",2,"-",1,2,40,40,"my_test_sample",2,0,0,1,"GTAG",NA,"ANCHOR_UNIQUE,CANONICAL,CIRCULAR,PERFECT_EXT,UNAMBIGUOUS_BP"
"597","6",129708003,129708162,"hsa_circ_001674",3,"-",2,3,5,5,"my_test_sample",3,0,0,1,"GTAG",NA,"ANCHOR_UNIQUE,CANONICAL,CIRCULAR,PERFECT_EXT,UNAMBIGUOUS_BP"
"598","X",131783886,131785258,"hsa_circ_001675",2,"-",1,2,40,5,"my_test_sample",2,1,0,1,"GTAG",NA,"ANCHOR_UNIQUE,CANONICAL,CIRCULAR,GOOD_EXT,UNAMBIGUOUS_BP"
"599","18",39271429,39271650,"hsa_circ_001676",2,"-",2,2,5,5,"my_test_sample",2,0,0,1,"GTAG",NA,"ANCHOR_UNIQUE,CANONICAL,CIRCULAR,PERFECT_EXT,UNAMBIGUOUS_BP"
"600","5",30804929,30805117,"hsa_circ_001677",2,"+",1,2,5,5,"my_test_sample",2,2,0,1,"GTAG",NA,"ANCHOR_UNIQUE,CANONICAL,CIRCULAR,OK_EXT,UNAMBIGUOUS_BP"
"601","6",90037664,90037818,"hsa_circ_001680",3,"-",1,3,40,5,"my_test_sample",3,1,0,1,"GTAG",NA,"ANCHOR_UNIQUE,CANONICAL,CIRCULAR,GOOD_EXT,UNAMBIGUOUS_BP"
"602","6",167022408,167033971,"hsa_circ_001683",2,"+",1,2,5,5,"my_test_sample",2,0,0,1,"GTAG",NA,"ANCHOR_UNIQUE,CANONICAL,CIRCULAR,PERFECT_EXT,UNAMBIGUOUS_BP"
"603","16",29817172,29817322,"hsa_circ_001686",2,"+",1,2,40,40,"my_test_sample",2,0,0,1,"GTAG",NA,"ANCHOR_UNIQUE,CANONICAL,CIRCULAR,PERFECT_EXT,UNAMBIGUOUS_BP"
"604","2",160791951,160792199,"hsa_circ_001690",3,"-",1,3,5,5,"my_test_sample",3,0,2,1,"GTAG",NA,"ANCHOR_UNIQUE,CANONICAL,CIRCULAR,OK_EXT,UNAMBIGUOUS_BP"
"605","11",78113885,78121174,"hsa_circ_001696",2,"-",2,2,37,35,"my_test_sample",2,0,0,1,"GTAG",NA,"ANCHOR_UNIQUE,CANONICAL,CIRCULAR,PERFECT_EXT,UNAMBIGUOUS_BP"
"606","20",48129762,48129932,"hsa_circ_001699",2,"+",2,2,40,5,"my_test_sample",2,1,0,1,"GTAG",NA,"ANCHOR_UNIQUE,CANONICAL,CIRCULAR,GOOD_EXT,UNAMBIGUOUS_BP"
"607","12",30257340,30257491,"hsa_circ_001701",2,"-",1,2,5,5,"my_test_sample",2,1,0,1,"GTAG",NA,"ANCHOR_UNIQUE,CANONICAL,CIRCULAR,GOOD_EXT,UNAMBIGUOUS_BP"
"608","13",55608062,55608467,"hsa_circ_001702",2,"-",1,2,5,40,"my_test_sample",2,0,0,1,"GTAG",NA,"ANCHOR_UNIQUE,CANONICAL,CIRCULAR,PERFECT_EXT,UNAMBIGUOUS_BP"
"609","11",87459349,87459503,"hsa_circ_001710",3,"-",1,3,40,5,"my_test_sample",3,0,0,1,"GTAG",NA,"ANCHOR_UNIQUE,CANONICAL,CIRCULAR,PERFECT_EXT,UNAMBIGUOUS_BP"
"610","22",44885176,44885335,"hsa_circ_001711",2,"-",2,2,5,37,"my_test_sample",2,0,0,1,"GTAG",NA,"ANCHOR_UNIQUE,CANONICAL,CIRCULAR,PERFECT_EXT,UNAMBIGUOUS_BP"
"611","4",139071865,139073567,"hsa_circ_001712",6,"-",2,4,5,5,"my_test_sample",6,0,0,1,"GTAG",NA,"ANCHOR_UNIQUE,CANONICAL,CIRCULAR,PERFECT_EXT,UNAMBIGUOUS_BP"
"612","3",155432116,155432311,"hsa_circ_001713",2,"-",2,2,40,37,"my_test_sample",2,1,0,1,"GTAG",NA,"ANCHOR_UNIQUE,CANONICAL,CIRCULAR,GOOD_EXT,UNAMBIGUOUS_BP"
"613","1",22344297,22344466,"hsa_circ_001715",2,"+",1,2,5,40,"my_test_sample",2,1,0,1,"GTAG",NA,"ANCHOR_UNIQUE,CANONICAL,CIRCULAR,GOOD_EXT,UNAMBIGUOUS_BP"
"614","7",96355990,96356154,"hsa_circ_001716",2,"-",1,2,5,40,"my_test_sample",2,1,0,1,"GTAG",NA,"ANCHOR_UNIQUE,CANONICAL,CIRCULAR,GOOD_EXT,UNAMBIGUOUS_BP"
"615","16",49051376,49051568,"hsa_circ_001726",3,"+",1,3,40,5,"my_test_sample",3,0,0,1,"GTAG",NA,"ANCHOR_UNIQUE,CANONICAL,CIRCULAR,PERFECT_EXT,UNAMBIGUOUS_BP"
"616","8",140513737,140513889,"hsa_circ_001728",2,"+",1,2,40,40,"my_test_sample",2,1,0,1,"GTAG",NA,"ANCHOR_UNIQUE,CANONICAL,CIRCULAR,GOOD_EXT,UNAMBIGUOUS_BP"
"617","20",39007033,39007215,"hsa_circ_001729",2,"+",1,2,40,5,"my_test_sample",2,2,0,1,"GTAG",NA,"ANCHOR_UNIQUE,CANONICAL,CIRCULAR,OK_EXT,UNAMBIGUOUS_BP"
"618","X",20690364,20690533,"hsa_circ_001730",4,"+",2,4,40,40,"my_test_sample",4,0,0,1,"GTAG",NA,"ANCHOR_UNIQUE,CANONICAL,CIRCULAR,PERFECT_EXT,UNAMBIGUOUS_BP"
"619","5",144132925,144135488,"hsa_circ_001732",18,"+",10,18,40,40,"my_test_sample",18,0,0,1,"GTAG",NA,"ANCHOR_UNIQUE,CANONICAL,CIRCULAR,PERFECT_EXT,UNAMBIGUOUS_BP"
"620","12",14622098,14622269,"hsa_circ_001734",4,"+",1,4,40,5,"my_test_sample",4,1,0,1,"GTAG",NA,"ANCHOR_UNIQUE,CANONICAL,CIRCULAR,GOOD_EXT,UNAMBIGUOUS_BP"
"621","12",80511838,80512030,"hsa_circ_001735",3,"+",1,3,5,40,"my_test_sample",3,2,0,1,"GTAG",NA,"ANCHOR_UNIQUE,CANONICAL,CIRCULAR,OK_EXT,UNAMBIGUOUS_BP"
"622","X",51242974,51243127,"hsa_circ_001737",2,"+",1,2,5,5,"my_test_sample",2,1,0,1,"GTAG",NA,"ANCHOR_UNIQUE,CANONICAL,CIRCULAR,GOOD_EXT,UNAMBIGUOUS_BP"
"623","10",103780254,103780493,"hsa_circ_001738",6,"-",2,6,40,40,"my_test_sample",6,1,0,1,"GTAG",NA,"ANCHOR_UNIQUE,CANONICAL,CIRCULAR,GOOD_EXT,UNAMBIGUOUS_BP"
"624","1",31005852,31007102,"hsa_circ_001739",4,"-",2,4,40,40,"my_test_sample",4,0,0,1,"GTAG",NA,"ANCHOR_UNIQUE,CANONICAL,CIRCULAR,PERFECT_EXT,UNAMBIGUOUS_BP"
"625","2",73913484,73913646,"hsa_circ_001753",2,"+",2,2,5,40,"my_test_sample",2,1,0,1,"GTAG",NA,"ANCHOR_UNIQUE,CANONICAL,CIRCULAR,GOOD_EXT,UNAMBIGUOUS_BP"
"626","3",52462123,52462322,"hsa_circ_001755",3,"-",1,3,5,40,"my_test_sample",3,2,0,1,"GTAG",NA,"ANCHOR_UNIQUE,CANONICAL,CIRCULAR,OK_EXT,UNAMBIGUOUS_BP"
"627","14",84283647,84283810,"hsa_circ_001763",2,"-",1,2,40,5,"my_test_sample",2,0,0,1,"GTAG",NA,"ANCHOR_UNIQUE,CANONICAL,CIRCULAR,PERFECT_EXT,UNAMBIGUOUS_BP"
"628","17",76287191,76290077,"hsa_circ_001766",2,"-",1,2,40,35,"my_test_sample",2,0,0,1,"GTAG",NA,"ANCHOR_UNIQUE,CANONICAL,CIRCULAR,PERFECT_EXT,UNAMBIGUOUS_BP"
"629","11",18668214,18668358,"hsa_circ_001769",2,"-",1,2,40,5,"my_test_sample",2,0,0,1,"GTAG",NA,"ANCHOR_UNIQUE,CANONICAL,CIRCULAR,PERFECT_EXT,UNAMBIGUOUS_BP"
"630","5",132062277,132062479,"hsa_circ_001770",2,"-",1,2,40,40,"my_test_sample",2,0,0,1,"GTAG",NA,"ANCHOR_UNIQUE,CANONICAL,CIRCULAR,PERFECT_EXT,UNAMBIGUOUS_BP"
"631","15",64812940,64813091,"hsa_circ_001771",2,"+",1,2,5,40,"my_test_sample",2,0,0,1,"GTAG",NA,"ANCHOR_UNIQUE,CANONICAL,CIRCULAR,PERFECT_EXT,UNAMBIGUOUS_BP"
"632","7",153912193,153912350,"hsa_circ_001772",3,"+",1,3,40,5,"my_test_sample",3,1,0,1,"GTAG",NA,"ANCHOR_UNIQUE,CANONICAL,CIRCULAR,GOOD_EXT,UNAMBIGUOUS_BP"
"633","16",74674959,74675764,"hsa_circ_001774",2,"-",2,2,40,5,"my_test_sample",2,0,0,1,"GTAG",NA,"ANCHOR_UNIQUE,CANONICAL,CIRCULAR,PERFECT_EXT,UNAMBIGUOUS_BP"
"634","9",125990759,125990964,"hsa_circ_001776",2,"-",2,2,40,40,"my_test_sample",2,0,0,1,"GTAG",NA,"ANCHOR_UNIQUE,CANONICAL,CIRCULAR,PERFECT_EXT,UNAMBIGUOUS_BP"
"635","21",25390903,25391084,"hsa_circ_001778",2,"-",2,2,5,4,"my_test_sample",2,1,0,1,"GTAG",NA,"ANCHOR_UNIQUE,CANONICAL,CIRCULAR,GOOD_EXT,UNAMBIGUOUS_BP"
"636","14",19886085,19886260,"hsa_circ_001781",2,"-",1,2,5,5,"my_test_sample",2,0,0,1,"GTAG",NA,"ANCHOR_UNIQUE,CANONICAL,CIRCULAR,PERFECT_EXT,UNAMBIGUOUS_BP"
"637","X",53378896,53379097,"hsa_circ_001782",2,"-",1,2,40,40,"my_test_sample",2,1,0,1,"GTAG",NA,"ANCHOR_UNIQUE,CANONICAL,CIRCULAR,GOOD_EXT,UNAMBIGUOUS_BP"
"638","3",194281570,194281761,"hsa_circ_001783",2,"-",2,2,40,40,"my_test_sample",2,0,0,1,"GTAG",NA,"ANCHOR_UNIQUE,CANONICAL,CIRCULAR,PERFECT_EXT,UNAMBIGUOUS_BP"
"639","15",47738699,47738865,"hsa_circ_001787",2,"+",1,2,5,5,"my_test_sample",2,0,0,1,"GTAG",NA,"ANCHOR_UNIQUE,CANONICAL,CIRCULAR,PERFECT_EXT,UNAMBIGUOUS_BP"
"640","8",3372494,3372677,"hsa_circ_001788",3,"+",1,3,40,36,"my_test_sample",3,0,0,1,"GTAG",NA,"ANCHOR_UNIQUE,CANONICAL,CIRCULAR,PERFECT_EXT,UNAMBIGUOUS_BP"
"641","16",25767792,25767961,"hsa_circ_001789",2,"+",1,2,40,40,"my_test_sample",2,2,0,1,"GTAG",NA,"ANCHOR_UNIQUE,CANONICAL,CIRCULAR,OK_EXT,UNAMBIGUOUS_BP"
"642","12",125471582,125471877,"hsa_circ_001792",2,"+",1,2,40,40,"my_test_sample",2,1,0,1,"GTAG",NA,"ANCHOR_UNIQUE,CANONICAL,CIRCULAR,GOOD_EXT,UNAMBIGUOUS_BP"
"643","7",155972320,155972476,"hsa_circ_001793",2,"+",1,2,40,40,"my_test_sample",2,0,0,1,"GTAG",NA,"ANCHOR_UNIQUE,CANONICAL,CIRCULAR,PERFECT_EXT,UNAMBIGUOUS_BP"
"644","8",3109532,3109688,"hsa_circ_001794",2,"-",1,2,40,5,"my_test_sample",2,2,0,1,"GTAG",NA,"ANCHOR_UNIQUE,CANONICAL,CIRCULAR,OK_EXT,UNAMBIGUOUS_BP"
"645","11",29377995,29378176,"hsa_circ_001795",2,"-",1,2,5,5,"my_test_sample",2,1,0,1,"GTAG",NA,"ANCHOR_UNIQUE,CANONICAL,CIRCULAR,GOOD_EXT,UNAMBIGUOUS_BP"
"646","3",176126614,176126793,"hsa_circ_001796",3,"-",2,3,40,5,"my_test_sample",3,0,0,1,"GTAG",NA,"ANCHOR_UNIQUE,CANONICAL,CIRCULAR,PERFECT_EXT,UNAMBIGUOUS_BP"
"647","19",53691469,53691638,"hsa_circ_001798",2,"-",2,2,5,40,"my_test_sample",2,0,0,1,"GTAG",NA,"ANCHOR_UNIQUE,CANONICAL,CIRCULAR,PERFECT_EXT,UNAMBIGUOUS_BP"
"648","1",44688057,44688215,"hsa_circ_001804",2,"-",1,2,5,5,"my_test_sample",2,1,0,1,"GTAG",NA,"ANCHOR_UNIQUE,CANONICAL,CIRCULAR,GOOD_EXT,UNAMBIGUOUS_BP"
"649","X",52505422,52505583,"hsa_circ_001806",2,"-",1,2,5,40,"my_test_sample",2,1,0,1,"GTAG",NA,"ANCHOR_UNIQUE,CANONICAL,CIRCULAR,GOOD_EXT,UNAMBIGUOUS_BP"
"650","16",65658574,65659117,"hsa_circ_001807",2,"+",1,2,40,40,"my_test_sample",2,2,0,1,"GTAG",NA,"ANCHOR_UNIQUE,CANONICAL,CIRCULAR,OK_EXT,UNAMBIGUOUS_BP"
"651","19",20896134,20896285,"hsa_circ_001813",2,"-",1,2,5,5,"my_test_sample",2,2,0,1,"GTAG",NA,"ANCHOR_UNIQUE,CANONICAL,CIRCULAR,OK_EXT,UNAMBIGUOUS_BP"
"652","19",3041606,3041791,"hsa_circ_001817",2,"+",1,2,5,40,"my_test_sample",2,1,0,1,"GTAG",NA,"ANCHOR_UNIQUE,CANONICAL,CIRCULAR,GOOD_EXT,UNAMBIGUOUS_BP"
"653","1",21050865,21089213,"hsa_circ_001819",2,"-",1,2,5,40,"my_test_sample",2,0,0,1,"GTAG",NA,"ANCHOR_UNIQUE,CANONICAL,CIRCULAR,PERFECT_EXT,UNAMBIGUOUS_BP"
"654","2",10419733,10420135,"hsa_circ_001822",4,"+",2,4,40,40,"my_test_sample",4,0,0,1,"GTAG",NA,"ANCHOR_UNIQUE,CANONICAL,CIRCULAR,PERFECT_EXT,UNAMBIGUOUS_BP"
"655","11",71395001,71395191,"hsa_circ_001824",2,"+",1,2,40,5,"my_test_sample",2,2,0,1,"GTAG",NA,"ANCHOR_UNIQUE,CANONICAL,CIRCULAR,OK_EXT,UNAMBIGUOUS_BP"
"656","20",39292608,39292996,"hsa_circ_001825",3,"+",1,3,40,5,"my_test_sample",3,2,0,1,"GTAG",NA,"ANCHOR_UNIQUE,CANONICAL,CIRCULAR,OK_EXT,UNAMBIGUOUS_BP"
"657","7",144062853,144064290,"hsa_circ_001827",2,"-",2,2,5,40,"my_test_sample",2,0,0,1,"GTAG",NA,"ANCHOR_UNIQUE,CANONICAL,CIRCULAR,PERFECT_EXT,UNAMBIGUOUS_BP"
"658","3",3137298,3137473,"hsa_circ_001830",2,"+",1,2,40,40,"my_test_sample",2,0,0,1,"GTAG",NA,"ANCHOR_UNIQUE,CANONICAL,CIRCULAR,PERFECT_EXT,UNAMBIGUOUS_BP"
"659","2",26098661,26109906,"hsa_circ_001832",4,"+",1,4,5,40,"my_test_sample",4,0,0,1,"GTAG",NA,"ANCHOR_UNIQUE,CANONICAL,CIRCULAR,PERFECT_EXT,UNAMBIGUOUS_BP"
"660","14",102187738,102187892,"hsa_circ_001833",3,"+",1,3,40,5,"my_test_sample",3,2,0,1,"GTAG",NA,"ANCHOR_UNIQUE,CANONICAL,CIRCULAR,OK_EXT,UNAMBIGUOUS_BP"
"661","21",15213529,15213731,"hsa_circ_001835",3,"+",1,3,5,5,"my_test_sample",3,0,0,1,"GTAG",NA,"ANCHOR_UNIQUE,CANONICAL,CIRCULAR,PERFECT_EXT,UNAMBIGUOUS_BP"
"662","7",40713064,40713266,"hsa_circ_001836",2,"+",1,2,5,40,"my_test_sample",2,2,0,1,"GTAG",NA,"ANCHOR_UNIQUE,CANONICAL,CIRCULAR,OK_EXT,UNAMBIGUOUS_BP"
"663","7",104484312,104484526,"hsa_circ_001838",3,"-",2,3,5,40,"my_test_sample",3,1,0,1,"GTAG",NA,"ANCHOR_UNIQUE,CANONICAL,CIRCULAR,GOOD_EXT,UNAMBIGUOUS_BP"
"664","7",39422674,39422835,"hsa_circ_001840",2,"+",2,2,5,40,"my_test_sample",2,0,0,1,"GTAG",NA,"ANCHOR_UNIQUE,CANONICAL,CIRCULAR,PERFECT_EXT,UNAMBIGUOUS_BP"
"665","17",65258556,65258753,"hsa_circ_001845",2,"+",2,2,40,40,"my_test_sample",2,0,0,1,"GTAG",NA,"ANCHOR_UNIQUE,CANONICAL,CIRCULAR,PERFECT_EXT,UNAMBIGUOUS_BP"
"666","6",138475954,138476608,"hsa_circ_001846",6,"-",2,5,5,40,"my_test_sample",6,0,0,1,"GTAG",NA,"ANCHOR_UNIQUE,CANONICAL,CIRCULAR,PERFECT_EXT,UNAMBIGUOUS_BP"
"667","4",3823617,3823768,"hsa_circ_001850",3,"-",1,3,40,40,"my_test_sample",3,2,0,1,"GTAG",NA,"ANCHOR_UNIQUE,CANONICAL,CIRCULAR,OK_EXT,UNAMBIGUOUS_BP"
"668","20",41014995,41015207,"hsa_circ_001851",2,"+",2,2,37,40,"my_test_sample",2,0,0,1,"GTAG",NA,"ANCHOR_UNIQUE,CANONICAL,CIRCULAR,PERFECT_EXT,UNAMBIGUOUS_BP"
"669","2",119638361,119638511,"hsa_circ_001856",2,"+",2,2,40,40,"my_test_sample",2,0,0,1,"GTAG",NA,"ANCHOR_UNIQUE,CANONICAL,CIRCULAR,PERFECT_EXT,UNAMBIGUOUS_BP"
"670","X",133749026,133749196,"hsa_circ_001857",4,"+",1,4,5,5,"my_test_sample",4,1,0,1,"GTAG",NA,"ANCHOR_UNIQUE,CANONICAL,CIRCULAR,GOOD_EXT,UNAMBIGUOUS_BP"
"671","11",110842250,110842402,"hsa_circ_001858",2,"-",1,2,40,40,"my_test_sample",2,1,0,1,"GTAG",NA,"ANCHOR_UNIQUE,CANONICAL,CIRCULAR,GOOD_EXT,UNAMBIGUOUS_BP"
"672","7",38122099,38122276,"hsa_circ_001859",2,"+",1,2,5,5,"my_test_sample",2,1,0,1,"GTAG",NA,"ANCHOR_UNIQUE,CANONICAL,CIRCULAR,GOOD_EXT,UNAMBIGUOUS_BP"
"673","X",107515515,107515681,"hsa_circ_001866",2,"+",2,2,40,5,"my_test_sample",2,0,0,1,"GTAG",NA,"ANCHOR_UNIQUE,CANONICAL,CIRCULAR,PERFECT_EXT,UNAMBIGUOUS_BP"
"674","11",72682364,72682597,"hsa_circ_001868",2,"+",1,2,5,5,"my_test_sample",2,2,0,1,"GTAG",NA,"ANCHOR_UNIQUE,CANONICAL,CIRCULAR,OK_EXT,UNAMBIGUOUS_BP"
"675","13",25033170,25033326,"hsa_circ_001872",3,"-",1,3,5,5,"my_test_sample",3,2,0,1,"GTAG",NA,"ANCHOR_UNIQUE,CANONICAL,CIRCULAR,OK_EXT,UNAMBIGUOUS_BP"
"676","7",139382581,139382835,"hsa_circ_001873",3,"-",2,3,5,5,"my_test_sample",3,1,0,1,"GTAG",NA,"ANCHOR_UNIQUE,CANONICAL,CIRCULAR,GOOD_EXT,UNAMBIGUOUS_BP"
"677","2",234425107,234425278,"hsa_circ_001875",2,"+",1,2,40,40,"my_test_sample",2,2,0,1,"GTAG",NA,"ANCHOR_UNIQUE,CANONICAL,CIRCULAR,OK_EXT,UNAMBIGUOUS_BP"
"678","11",72100670,72100825,"hsa_circ_001876",3,"+",1,3,5,40,"my_test_sample",3,1,0,1,"GTAG",NA,"ANCHOR_UNIQUE,CANONICAL,CIRCULAR,GOOD_EXT,UNAMBIGUOUS_BP"
"679","8",14561369,14561730,"hsa_circ_001877",2,"-",1,2,40,5,"my_test_sample",2,0,0,1,"GTAG",NA,"ANCHOR_UNIQUE,CANONICAL,CIRCULAR,PERFECT_EXT,UNAMBIGUOUS_BP"
"680","9",23369959,23370134,"hsa_circ_001883",6,"+",1,6,5,40,"my_test_sample",6,1,0,1,"GTAG",NA,"ANCHOR_UNIQUE,CANONICAL,CIRCULAR,GOOD_EXT,UNAMBIGUOUS_BP"
"681","20",51347145,51347319,"hsa_circ_001885",2,"+",1,2,5,5,"my_test_sample",2,0,1,1,"GTAG",NA,"ANCHOR_UNIQUE,CANONICAL,CIRCULAR,GOOD_EXT,UNAMBIGUOUS_BP"
"682","5",180238331,180241155,"hsa_circ_001892",3,"-",1,3,5,40,"my_test_sample",3,0,0,1,"GTAG",NA,"ANCHOR_UNIQUE,CANONICAL,CIRCULAR,PERFECT_EXT,UNAMBIGUOUS_BP"
"683","1",201366067,201366230,"hsa_circ_001894",2,"-",1,2,40,40,"my_test_sample",2,2,0,1,"GTAG",NA,"ANCHOR_UNIQUE,CANONICAL,CIRCULAR,OK_EXT,UNAMBIGUOUS_BP"
"684","19",45780408,45780628,"hsa_circ_001895",2,"-",1,2,40,5,"my_test_sample",2,1,0,1,"GTAG",NA,"ANCHOR_UNIQUE,CANONICAL,CIRCULAR,GOOD_EXT,UNAMBIGUOUS_BP"
"685","6",76691912,76692077,"hsa_circ_001898",2,"+",1,2,40,5,"my_test_sample",2,1,0,1,"GTAG",NA,"ANCHOR_UNIQUE,CANONICAL,CIRCULAR,GOOD_EXT,UNAMBIGUOUS_BP"
"686","7",134403229,134403387,"hsa_circ_001900",6,"+",2,6,5,40,"my_test_sample",6,1,0,1,"GTAG",NA,"ANCHOR_UNIQUE,CANONICAL,CIRCULAR,GOOD_EXT,UNAMBIGUOUS_BP"
"687","6",1146211,1146392,"hsa_circ_001901",2,"+",2,2,40,5,"my_test_sample",2,0,0,1,"GTAG",NA,"ANCHOR_UNIQUE,CANONICAL,CIRCULAR,PERFECT_EXT,UNAMBIGUOUS_BP"
"688","13",92024409,92024586,"hsa_circ_001903",5,"-",3,5,5,5,"my_test_sample",5,0,0,1,"GTAG",NA,"ANCHOR_UNIQUE,CANONICAL,CIRCULAR,PERFECT_EXT,UNAMBIGUOUS_BP"
"689","20",49461660,49461826,"hsa_circ_001905",2,"-",2,2,35,40,"my_test_sample",2,0,0,1,"GTAG",NA,"ANCHOR_UNIQUE,CANONICAL,CIRCULAR,PERFECT_EXT,UNAMBIGUOUS_BP"
"690","6",158429735,158431663,"hsa_circ_001907",2,"+",1,2,5,5,"my_test_sample",2,0,0,1,"GTAG",NA,"ANCHOR_UNIQUE,CANONICAL,CIRCULAR,PERFECT_EXT,UNAMBIGUOUS_BP"
"691","13",76387146,76387374,"hsa_circ_001908",2,"+",1,2,40,40,"my_test_sample",2,1,0,1,"GTAG",NA,"ANCHOR_UNIQUE,CANONICAL,CIRCULAR,GOOD_EXT,UNAMBIGUOUS_BP"
"692","3",129013739,129013892,"hsa_circ_001909",3,"-",3,3,5,40,"my_test_sample",3,0,0,1,"GTAG",NA,"ANCHOR_UNIQUE,CANONICAL,CIRCULAR,PERFECT_EXT,UNAMBIGUOUS_BP"
"693","14",73077363,73077694,"hsa_circ_001912",2,"-",1,2,5,40,"my_test_sample",2,2,0,1,"GTAG",NA,"ANCHOR_UNIQUE,CANONICAL,CIRCULAR,OK_EXT,UNAMBIGUOUS_BP"
"694","11",77683709,77693611,"hsa_circ_001915",2,"-",2,2,5,5,"my_test_sample",2,0,0,1,"GTAG",NA,"ANCHOR_UNIQUE,CANONICAL,CIRCULAR,PERFECT_EXT,UNAMBIGUOUS_BP"
"695","6",146864251,146864418,"hsa_circ_001921",2,"+",1,2,5,40,"my_test_sample",2,1,0,1,"GTAG",NA,"ANCHOR_UNIQUE,CANONICAL,CIRCULAR,GOOD_EXT,UNAMBIGUOUS_BP"
"696","6",101492936,101493297,"hsa_circ_001922",2,"-",2,2,5,5,"my_test_sample",2,0,0,1,"GTAG",NA,"ANCHOR_UNIQUE,CANONICAL,CIRCULAR,PERFECT_EXT,UNAMBIGUOUS_BP"
"697","1",24441379,24441666,"hsa_circ_001926",2,"+",2,2,5,5,"my_test_sample",2,0,0,1,"GTAG",NA,"ANCHOR_UNIQUE,CANONICAL,CIRCULAR,PERFECT_EXT,UNAMBIGUOUS_BP"
"698","21",16248856,16249009,"hsa_circ_001929",2,"-",1,2,40,5,"my_test_sample",2,2,0,1,"GTAG",NA,"ANCHOR_UNIQUE,CANONICAL,CIRCULAR,OK_EXT,UNAMBIGUOUS_BP"
"699","17",72241941,72242102,"hsa_circ_001931",2,"-",1,2,40,5,"my_test_sample",2,1,0,1,"GTAG",NA,"ANCHOR_UNIQUE,CANONICAL,CIRCULAR,GOOD_EXT,UNAMBIGUOUS_BP"
"700","1",237448215,237448400,"hsa_circ_001932",3,"-",1,3,5,5,"my_test_sample",3,1,0,1,"GTAG",NA,"ANCHOR_UNIQUE,CANONICAL,CIRCULAR,GOOD_EXT,UNAMBIGUOUS_BP"
"701","16",9494477,9494990,"hsa_circ_001934",5,"+",1,5,40,40,"my_test_sample",5,0,1,1,"GTAG",NA,"ANCHOR_UNIQUE,CANONICAL,CIRCULAR,GOOD_EXT,UNAMBIGUOUS_BP"
"702","8",142150062,142150231,"hsa_circ_001938",2,"+",1,2,5,5,"my_test_sample",2,0,0,1,"GTAG",NA,"ANCHOR_UNIQUE,CANONICAL,CIRCULAR,PERFECT_EXT,UNAMBIGUOUS_BP"
"703","3",105400603,105400783,"hsa_circ_001943",2,"+",1,2,40,5,"my_test_sample",2,0,0,1,"GTAG",NA,"ANCHOR_UNIQUE,CANONICAL,CIRCULAR,PERFECT_EXT,UNAMBIGUOUS_BP"
"704","16",74823416,74823569,"hsa_circ_001945",4,"-",2,4,40,5,"my_test_sample",4,1,0,1,"GTAG",NA,"ANCHOR_UNIQUE,CANONICAL,CIRCULAR,GOOD_EXT,UNAMBIGUOUS_BP"
"705","17",4404091,4404260,"hsa_circ_001946",2,"+",1,2,5,40,"my_test_sample",2,2,0,1,"GTAG",NA,"ANCHOR_UNIQUE,CANONICAL,CIRCULAR,OK_EXT,UNAMBIGUOUS_BP"
"706","9",133066529,133067205,"hsa_circ_001947",4,"+",1,4,36,40,"my_test_sample",4,0,0,1,"GTAG",NA,"ANCHOR_UNIQUE,CANONICAL,CIRCULAR,PERFECT_EXT,UNAMBIGUOUS_BP"
"707","4",114545420,114545602,"hsa_circ_001948",2,"+",1,2,5,5,"my_test_sample",2,1,0,1,"GTAG",NA,"ANCHOR_UNIQUE,CANONICAL,CIRCULAR,GOOD_EXT,UNAMBIGUOUS_BP"
"708","1",40065920,40066149,"hsa_circ_001955",2,"+",2,2,40,40,"my_test_sample",2,2,0,1,"GTAG",NA,"ANCHOR_UNIQUE,CANONICAL,CIRCULAR,OK_EXT,UNAMBIGUOUS_BP"
"709","13",96343107,96343273,"hsa_circ_001958",3,"-",1,3,5,5,"my_test_sample",3,1,0,1,"GTAG",NA,"ANCHOR_UNIQUE,CANONICAL,CIRCULAR,GOOD_EXT,UNAMBIGUOUS_BP"
"710","11",86909667,86909828,"hsa_circ_001959",3,"+",1,3,40,5,"my_test_sample",3,1,0,1,"GTAG",NA,"ANCHOR_UNIQUE,CANONICAL,CIRCULAR,GOOD_EXT,UNAMBIGUOUS_BP"
"711","5",2212827,2213000,"hsa_circ_001962",3,"+",2,2,5,5,"my_test_sample",3,0,0,1,"GTAG",NA,"ANCHOR_UNIQUE,CANONICAL,CIRCULAR,PERFECT_EXT,UNAMBIGUOUS_BP"
"712","2",88086326,88086524,"hsa_circ_001963",3,"+",1,3,40,40,"my_test_sample",3,2,2,1,"GTAG",NA,"ANCHOR_UNIQUE,CANONICAL,CIRCULAR,OK_EXT,UNAMBIGUOUS_BP"
"713","11",60811474,60811644,"hsa_circ_001965",2,"-",2,2,40,5,"my_test_sample",2,1,0,1,"GTAG",NA,"ANCHOR_UNIQUE,CANONICAL,CIRCULAR,GOOD_EXT,UNAMBIGUOUS_BP"
"714","2",56128393,56128608,"hsa_circ_001966",2,"+",1,2,40,5,"my_test_sample",2,1,0,1,"GTAG",NA,"ANCHOR_UNIQUE,CANONICAL,CIRCULAR,GOOD_EXT,UNAMBIGUOUS_BP"
"715","9",1719346,1719672,"hsa_circ_001969",4,"-",3,4,5,40,"my_test_sample",4,1,0,1,"GTAG",NA,"ANCHOR_UNIQUE,CANONICAL,CIRCULAR,GOOD_EXT,UNAMBIGUOUS_BP"
"716","5",135800175,135800365,"hsa_circ_001971",3,"+",1,3,40,5,"my_test_sample",3,2,0,1,"GTAG",NA,"ANCHOR_UNIQUE,CANONICAL,CIRCULAR,OK_EXT,UNAMBIGUOUS_BP"
"717","17",12612654,12612822,"hsa_circ_001973",2,"-",2,2,40,5,"my_test_sample",2,1,0,1,"GTAG",NA,"ANCHOR_UNIQUE,CANONICAL,CIRCULAR,GOOD_EXT,UNAMBIGUOUS_BP"
"718","8",20577510,20577706,"hsa_circ_001976",2,"+",1,2,40,5,"my_test_sample",2,1,0,1,"GTAG",NA,"ANCHOR_UNIQUE,CANONICAL,CIRCULAR,GOOD_EXT,UNAMBIGUOUS_BP"
"719","17",72717911,72718091,"hsa_circ_001977",2,"-",1,2,5,40,"my_test_sample",2,1,0,1,"GTAG",NA,"ANCHOR_UNIQUE,CANONICAL,CIRCULAR,GOOD_EXT,UNAMBIGUOUS_BP"
"720","19",29088192,29088350,"hsa_circ_001982",3,"+",2,3,40,40,"my_test_sample",3,1,0,1,"GTAG",NA,"ANCHOR_UNIQUE,CANONICAL,CIRCULAR,GOOD_EXT,UNAMBIGUOUS_BP"
"721","22",44187801,44188156,"hsa_circ_001987",2,"-",1,2,40,40,"my_test_sample",2,1,0,1,"GTAG",NA,"ANCHOR_UNIQUE,CANONICAL,CIRCULAR,GOOD_EXT,UNAMBIGUOUS_BP"
"722","17",33450303,33450484,"hsa_circ_001989",2,"+",2,2,40,5,"my_test_sample",2,1,0,1,"GTAG",NA,"ANCHOR_UNIQUE,CANONICAL,CIRCULAR,GOOD_EXT,UNAMBIGUOUS_BP"
"723","9",74647134,74647307,"hsa_circ_001990",4,"+",2,4,40,40,"my_test_sample",4,1,0,1,"GTAG",NA,"ANCHOR_UNIQUE,CANONICAL,CIRCULAR,GOOD_EXT,UNAMBIGUOUS_BP"
"724","22",43401280,43401432,"hsa_circ_001992",2,"+",2,2,40,40,"my_test_sample",2,0,0,1,"GTAG",NA,"ANCHOR_UNIQUE,CANONICAL,CIRCULAR,PERFECT_EXT,UNAMBIGUOUS_BP"
"725","5",143054438,143057747,"hsa_circ_002000",2,"+",1,2,5,40,"my_test_sample",2,0,0,1,"GTAG",NA,"ANCHOR_UNIQUE,CANONICAL,CIRCULAR,PERFECT_EXT,UNAMBIGUOUS_BP"
"726","12",34374913,34375106,"hsa_circ_002004",4,"+",3,4,5,5,"my_test_sample",4,0,0,1,"GTAG",NA,"ANCHOR_UNIQUE,CANONICAL,CIRCULAR,PERFECT_EXT,UNAMBIGUOUS_BP"
"727","X",7296806,7296976,"hsa_circ_002005",2,"+",2,2,40,40,"my_test_sample",2,0,0,1,"GTAG",NA,"ANCHOR_UNIQUE,CANONICAL,CIRCULAR,PERFECT_EXT,UNAMBIGUOUS_BP"
"728","6",132541061,132541240,"hsa_circ_002007",2,"+",1,2,40,5,"my_test_sample",2,0,0,1,"GTAG",NA,"ANCHOR_UNIQUE,CANONICAL,CIRCULAR,PERFECT_EXT,UNAMBIGUOUS_BP"
"729","2",118680768,118680992,"hsa_circ_002011",6,"-",1,6,40,5,"my_test_sample",6,2,0,1,"GTAG",NA,"ANCHOR_UNIQUE,CANONICAL,CIRCULAR,OK_EXT,UNAMBIGUOUS_BP"
"730","X",87200343,87200502,"hsa_circ_002012",2,"+",1,2,5,40,"my_test_sample",2,1,0,1,"GTAG",NA,"ANCHOR_UNIQUE,CANONICAL,CIRCULAR,GOOD_EXT,UNAMBIGUOUS_BP"
"731","6",102776194,102776393,"hsa_circ_002016",2,"-",1,2,5,5,"my_test_sample",2,1,0,1,"GTAG",NA,"ANCHOR_UNIQUE,CANONICAL,CIRCULAR,GOOD_EXT,UNAMBIGUOUS_BP"
"732","11",92086696,92086872,"hsa_circ_002019",2,"+",1,2,5,5,"my_test_sample",2,1,0,1,"GTAG",NA,"ANCHOR_UNIQUE,CANONICAL,CIRCULAR,GOOD_EXT,UNAMBIGUOUS_BP"
"733","7",84006704,84006872,"hsa_circ_002020",2,"+",1,2,5,5,"my_test_sample",2,1,0,1,"GTAG",NA,"ANCHOR_UNIQUE,CANONICAL,CIRCULAR,GOOD_EXT,UNAMBIGUOUS_BP"
"734","1",243912523,243912676,"hsa_circ_002026",2,"+",1,2,5,5,"my_test_sample",2,1,0,1,"GTAG",NA,"ANCHOR_UNIQUE,CANONICAL,CIRCULAR,GOOD_EXT,UNAMBIGUOUS_BP"
"735","11",59351475,59351669,"hsa_circ_002027",3,"+",1,3,40,40,"my_test_sample",3,0,1,1,"GTAG",NA,"ANCHOR_UNIQUE,CANONICAL,CIRCULAR,GOOD_EXT,UNAMBIGUOUS_BP"
"736","5",8974180,8974335,"hsa_circ_002029",2,"+",2,2,40,40,"my_test_sample",2,1,0,1,"GTAG",NA,"ANCHOR_UNIQUE,CANONICAL,CIRCULAR,GOOD_EXT,UNAMBIGUOUS_BP"
"737","11",120259558,120259717,"hsa_circ_002032",2,"+",1,2,40,5,"my_test_sample",2,1,0,1,"GTAG",NA,"ANCHOR_UNIQUE,CANONICAL,CIRCULAR,GOOD_EXT,UNAMBIGUOUS_BP"
"738","5",136503582,136503761,"hsa_circ_002034",2,"-",1,2,5,5,"my_test_sample",2,0,0,1,"GTAG",NA,"ANCHOR_UNIQUE,CANONICAL,CIRCULAR,PERFECT_EXT,UNAMBIGUOUS_BP"
"739","1",100969308,100969518,"hsa_circ_002041",2,"-",2,2,40,40,"my_test_sample",2,1,0,1,"GTAG",NA,"ANCHOR_UNIQUE,CANONICAL,CIRCULAR,GOOD_EXT,UNAMBIGUOUS_BP"
"740","X",63665164,63665348,"hsa_circ_002042",2,"+",1,2,40,40,"my_test_sample",2,0,0,1,"GTAG",NA,"ANCHOR_UNIQUE,CANONICAL,CIRCULAR,PERFECT_EXT,UNAMBIGUOUS_BP"
"741","4",41224821,41225107,"hsa_circ_002043",2,"-",1,2,40,5,"my_test_sample",2,0,0,1,"GTAG",NA,"ANCHOR_UNIQUE,CANONICAL,CIRCULAR,PERFECT_EXT,UNAMBIGUOUS_BP"
"742","16",90083275,90083433,"hsa_circ_002046",2,"+",2,2,5,40,"my_test_sample",2,2,0,1,"GTAG",NA,"ANCHOR_UNIQUE,CANONICAL,CIRCULAR,OK_EXT,UNAMBIGUOUS_BP"
"743","6",50635897,50636064,"hsa_circ_002050",2,"+",1,2,40,5,"my_test_sample",2,1,0,1,"GTAG",NA,"ANCHOR_UNIQUE,CANONICAL,CIRCULAR,GOOD_EXT,UNAMBIGUOUS_BP"
"744","11",14508377,14508537,"hsa_circ_002052",4,"-",1,4,5,40,"my_test_sample",4,2,0,1,"GTAG",NA,"ANCHOR_UNIQUE,CANONICAL,CIRCULAR,OK_EXT,UNAMBIGUOUS_BP"
"745","1",58070286,58070455,"hsa_circ_002053",2,"+",2,2,40,40,"my_test_sample",2,2,0,1,"GTAG",NA,"ANCHOR_UNIQUE,CANONICAL,CIRCULAR,OK_EXT,UNAMBIGUOUS_BP"
"746","12",34371490,34371677,"hsa_circ_002058",6,"-",2,6,40,5,"my_test_sample",6,1,0,1,"GTAG",NA,"ANCHOR_UNIQUE,CANONICAL,CIRCULAR,GOOD_EXT,UNAMBIGUOUS_BP"
"747","1",204116506,204116679,"hsa_circ_002060",2,"+",1,2,5,5,"my_test_sample",2,0,1,1,"GTAG",NA,"ANCHOR_UNIQUE,CANONICAL,CIRCULAR,GOOD_EXT,UNAMBIGUOUS_BP"
"748","15",75784383,75784535,"hsa_circ_002061",4,"+",3,4,40,5,"my_test_sample",4,0,0,1,"GTAG",NA,"ANCHOR_UNIQUE,CANONICAL,CIRCULAR,PERFECT_EXT,UNAMBIGUOUS_BP"
"749","1",118047472,118047641,"hsa_circ_002063",4,"-",4,4,40,40,"my_test_sample",4,0,0,1,"GTAG",NA,"ANCHOR_UNIQUE,CANONICAL,CIRCULAR,PERFECT_EXT,UNAMBIGUOUS_BP"
"750","4",111940233,111940429,"hsa_circ_002071",2,"+",2,2,5,5,"my_test_sample",2,0,0,1,"GTAG",NA,"ANCHOR_UNIQUE,CANONICAL,CIRCULAR,PERFECT_EXT,UNAMBIGUOUS_BP"
"751","4",83793418,83793577,"hsa_circ_002079",2,"-",1,2,5,40,"my_test_sample",2,2,0,1,"GTAG",NA,"ANCHOR_UNIQUE,CANONICAL,CIRCULAR,OK_EXT,UNAMBIGUOUS_BP"
"752","5",95378262,95378433,"hsa_circ_002084",2,"+",1,2,4,40,"my_test_sample",2,1,0,1,"GTAG",NA,"ANCHOR_UNIQUE,CANONICAL,CIRCULAR,GOOD_EXT,UNAMBIGUOUS_BP"
"753","1",213511636,213511787,"hsa_circ_002087",2,"-",2,2,5,40,"my_test_sample",2,2,0,1,"GTAG",NA,"ANCHOR_UNIQUE,CANONICAL,CIRCULAR,OK_EXT,UNAMBIGUOUS_BP"
"754","1",2294125,2294368,"hsa_circ_002088",2,"+",2,2,40,5,"my_test_sample",2,0,0,1,"GTAG",NA,"ANCHOR_UNIQUE,CANONICAL,CIRCULAR,PERFECT_EXT,UNAMBIGUOUS_BP"
"755","7",42449336,42449510,"hsa_circ_002096",2,"-",1,2,40,4,"my_test_sample",2,0,0,1,"GTAG",NA,"ANCHOR_UNIQUE,CANONICAL,CIRCULAR,PERFECT_EXT,UNAMBIGUOUS_BP"
"756","3",13618703,13618867,"hsa_circ_002100",2,"-",1,2,5,40,"my_test_sample",2,1,0,1,"GTAG",NA,"ANCHOR_UNIQUE,CANONICAL,CIRCULAR,GOOD_EXT,UNAMBIGUOUS_BP"
"757","16",51888007,51888223,"hsa_circ_002102",4,"+",1,4,40,40,"my_test_sample",4,2,0,1,"GTAG",NA,"ANCHOR_UNIQUE,CANONICAL,CIRCULAR,OK_EXT,UNAMBIGUOUS_BP"
"758","13",105967422,105967594,"hsa_circ_002106",3,"-",1,3,40,5,"my_test_sample",3,0,0,1,"GTAG",NA,"ANCHOR_UNIQUE,CANONICAL,CIRCULAR,PERFECT_EXT,UNAMBIGUOUS_BP"
"759","19",47264602,47264946,"hsa_circ_002109",8,"+",5,6,40,40,"my_test_sample",8,0,0,1,"GTAG",NA,"ANCHOR_UNIQUE,CANONICAL,CIRCULAR,PERFECT_EXT,UNAMBIGUOUS_BP"
"760","12",130525983,130527037,"hsa_circ_002111",3,"-",1,3,40,5,"my_test_sample",3,1,0,1,"GTAG",NA,"ANCHOR_UNIQUE,CANONICAL,CIRCULAR,GOOD_EXT,UNAMBIGUOUS_BP"
"761","1",233892845,233893129,"hsa_circ_002113",2,"+",1,2,5,5,"my_test_sample",2,0,0,1,"GTAG",NA,"ANCHOR_UNIQUE,CANONICAL,CIRCULAR,PERFECT_EXT,UNAMBIGUOUS_BP"
"762","8",49379066,49379219,"hsa_circ_002114",2,"+",1,2,40,4,"my_test_sample",2,1,0,1,"GTAG",NA,"ANCHOR_UNIQUE,CANONICAL,CIRCULAR,GOOD_EXT,UNAMBIGUOUS_BP"
"763","16",1206959,1207205,"hsa_circ_002117",2,"-",2,2,5,40,"my_test_sample",2,1,0,1,"GTAG",NA,"ANCHOR_UNIQUE,CANONICAL,CIRCULAR,GOOD_EXT,UNAMBIGUOUS_BP"
"764","12",112071894,112078741,"hsa_circ_002118",2,"-",1,2,40,5,"my_test_sample",2,0,0,1,"GTAG",NA,"ANCHOR_UNIQUE,CANONICAL,CIRCULAR,PERFECT_EXT,UNAMBIGUOUS_BP"
"765","7",53383170,53383320,"hsa_circ_002121",3,"+",2,3,40,5,"my_test_sample",3,1,0,1,"GTAG",NA,"ANCHOR_UNIQUE,CANONICAL,CIRCULAR,GOOD_EXT,UNAMBIGUOUS_BP"
"766","11",128906048,128906255,"hsa_circ_002129",3,"-",2,3,5,5,"my_test_sample",3,1,0,1,"GTAG",NA,"ANCHOR_UNIQUE,CANONICAL,CIRCULAR,GOOD_EXT,UNAMBIGUOUS_BP"
"767","12",72091193,72091382,"hsa_circ_002132",2,"-",1,2,40,40,"my_test_sample",2,1,0,1,"GTAG",NA,"ANCHOR_UNIQUE,CANONICAL,CIRCULAR,GOOD_EXT,UNAMBIGUOUS_BP"
"768","14",86860661,86860880,"hsa_circ_002142",3,"-",1,3,40,40,"my_test_sample",3,2,0,1,"GTAG",NA,"ANCHOR_UNIQUE,CANONICAL,CIRCULAR,OK_EXT,UNAMBIGUOUS_BP"
"769","16",86740337,86740510,"hsa_circ_002145",2,"+",2,1,40,40,"my_test_sample",2,2,0,1,"GTAG",NA,"ANCHOR_UNIQUE,CANONICAL,CIRCULAR,OK_EXT,UNAMBIGUOUS_BP"
"770","3",50140649,50140805,"hsa_circ_002146",3,"-",2,3,5,40,"my_test_sample",3,0,0,1,"GTAG",NA,"ANCHOR_UNIQUE,CANONICAL,CIRCULAR,PERFECT_EXT,UNAMBIGUOUS_BP"
"771","10",77377332,77377486,"hsa_circ_002147",3,"-",2,3,5,40,"my_test_sample",3,0,0,1,"GTAG",NA,"ANCHOR_UNIQUE,CANONICAL,CIRCULAR,PERFECT_EXT,UNAMBIGUOUS_BP"
"772","7",37129867,37130026,"hsa_circ_002148",3,"-",1,3,40,40,"my_test_sample",3,2,0,1,"GTAG",NA,"ANCHOR_UNIQUE,CANONICAL,CIRCULAR,OK_EXT,UNAMBIGUOUS_BP"
"773","13",51071651,51071961,"hsa_circ_002152",6,"-",2,6,40,40,"my_test_sample",6,1,0,1,"GTAG",NA,"ANCHOR_UNIQUE,CANONICAL,CIRCULAR,GOOD_EXT,UNAMBIGUOUS_BP"
"774","5",166242252,166242404,"hsa_circ_002156",4,"-",3,4,40,40,"my_test_sample",4,0,0,1,"GTAG",NA,"ANCHOR_UNIQUE,CANONICAL,CIRCULAR,PERFECT_EXT,UNAMBIGUOUS_BP"
"775","X",73678377,73678549,"hsa_circ_002157",3,"+",1,3,5,40,"my_test_sample",3,0,0,1,"GTAG",NA,"ANCHOR_UNIQUE,CANONICAL,CIRCULAR,PERFECT_EXT,UNAMBIGUOUS_BP"
"776","18",59422029,59422956,"hsa_circ_002162",3,"-",1,3,5,5,"my_test_sample",3,0,1,1,"GTAG",NA,"ANCHOR_UNIQUE,CANONICAL,CIRCULAR,GOOD_EXT,UNAMBIGUOUS_BP"
"777","16",58065175,58065346,"hsa_circ_002164",3,"+",1,3,5,5,"my_test_sample",3,1,0,1,"GTAG",NA,"ANCHOR_UNIQUE,CANONICAL,CIRCULAR,GOOD_EXT,UNAMBIGUOUS_BP"
"778","18",58550369,58550530,"hsa_circ_002167",2,"-",2,1,5,5,"my_test_sample",2,2,0,1,"GTAG",NA,"ANCHOR_UNIQUE,CANONICAL,CIRCULAR,OK_EXT,UNAMBIGUOUS_BP"
"779","1",92017082,92017255,"hsa_circ_002171",2,"-",1,2,40,40,"my_test_sample",2,2,0,1,"GTAG",NA,"ANCHOR_UNIQUE,CANONICAL,CIRCULAR,OK_EXT,UNAMBIGUOUS_BP"
"780","4",74272641,74272857,"hsa_circ_002173",3,"+",1,3,40,40,"my_test_sample",3,0,0,1,"GTAG",NA,"ANCHOR_UNIQUE,CANONICAL,CIRCULAR,PERFECT_EXT,UNAMBIGUOUS_BP"
"781","22",24365475,24369320,"hsa_circ_002174",2,"+",1,2,40,5,"my_test_sample",2,1,0,1,"GTAG",NA,"ANCHOR_UNIQUE,CANONICAL,CIRCULAR,GOOD_EXT,UNAMBIGUOUS_BP"
"782","9",132757306,132757583,"hsa_circ_002176",3,"-",1,3,5,5,"my_test_sample",3,2,0,1,"GTAG",NA,"ANCHOR_UNIQUE,CANONICAL,CIRCULAR,OK_EXT,UNAMBIGUOUS_BP"
"783","X",3609482,3609646,"hsa_circ_002177",2,"+",1,2,5,5,"my_test_sample",2,1,0,1,"GTAG",NA,"ANCHOR_UNIQUE,CANONICAL,CIRCULAR,GOOD_EXT,UNAMBIGUOUS_BP"
"784","2",132799246,132799608,"hsa_circ_002180",2,"-",1,2,5,40,"my_test_sample",2,0,0,1,"GTAG",NA,"ANCHOR_UNIQUE,CANONICAL,CIRCULAR,PERFECT_EXT,UNAMBIGUOUS_BP"
"785","5",158450276,158450462,"hsa_circ_002184",2,"+",1,2,5,40,"my_test_sample",2,1,0,1,"GTAG",NA,"ANCHOR_UNIQUE,CANONICAL,CIRCULAR,GOOD_EXT,UNAMBIGUOUS_BP"
"786","12",50094436,50096972,"hsa_circ_002186",2,"+",1,2,5,40,"my_test_sample",2,0,0,1,"GTAG",NA,"ANCHOR_UNIQUE,CANONICAL,CIRCULAR,PERFECT_EXT,UNAMBIGUOUS_BP"
"787","8",63215226,63215396,"hsa_circ_002187",2,"-",2,2,5,40,"my_test_sample",2,1,0,1,"GTAG",NA,"ANCHOR_UNIQUE,CANONICAL,CIRCULAR,GOOD_EXT,UNAMBIGUOUS_BP"
"788","11",57700042,57700253,"hsa_circ_002190",4,"-",4,4,40,40,"my_test_sample",4,0,0,1,"GTAG",NA,"ANCHOR_UNIQUE,CANONICAL,CIRCULAR,PERFECT_EXT,UNAMBIGUOUS_BP"
"789","1",94736798,94736959,"hsa_circ_002192",2,"-",2,2,5,5,"my_test_sample",2,2,0,1,"GTAG",NA,"ANCHOR_UNIQUE,CANONICAL,CIRCULAR,OK_EXT,UNAMBIGUOUS_BP"
"790","1",53115102,53115320,"hsa_circ_002195",2,"-",1,2,40,40,"my_test_sample",2,2,0,1,"GTAG",NA,"ANCHOR_UNIQUE,CANONICAL,CIRCULAR,OK_EXT,UNAMBIGUOUS_BP"
"791","19",33081056,33081266,"hsa_circ_002197",3,"+",2,3,40,40,"my_test_sample",3,0,0,1,"GTAG",NA,"ANCHOR_UNIQUE,CANONICAL,CIRCULAR,PERFECT_EXT,UNAMBIGUOUS_BP"
"792","4",188505541,188505721,"hsa_circ_002198",2,"+",1,2,40,40,"my_test_sample",2,2,0,1,"GTAG",NA,"ANCHOR_UNIQUE,CANONICAL,CIRCULAR,OK_EXT,UNAMBIGUOUS_BP"
"793","9",107757924,107758099,"hsa_circ_002199",2,"-",1,2,40,5,"my_test_sample",2,1,0,1,"GTAG",NA,"ANCHOR_UNIQUE,CANONICAL,CIRCULAR,GOOD_EXT,UNAMBIGUOUS_BP"
"794","11",67207509,67207688,"hsa_circ_002201",2,"+",2,2,40,40,"my_test_sample",2,0,0,1,"GTAG",NA,"ANCHOR_UNIQUE,CANONICAL,CIRCULAR,PERFECT_EXT,UNAMBIGUOUS_BP"
"795","7",897540,897701,"hsa_circ_002202",2,"-",2,2,40,40,"my_test_sample",2,0,0,1,"GTAG",NA,"ANCHOR_UNIQUE,CANONICAL,CIRCULAR,PERFECT_EXT,UNAMBIGUOUS_BP"
"796","4",186149172,186152045,"hsa_circ_002203",2,"+",2,2,40,40,"my_test_sample",2,0,0,1,"GTAG",NA,"ANCHOR_UNIQUE,CANONICAL,CIRCULAR,PERFECT_EXT,UNAMBIGUOUS_BP"
"797","19",54103226,54103379,"hsa_circ_002206",2,"-",1,2,5,40,"my_test_sample",2,0,0,1,"GTAG",NA,"ANCHOR_UNIQUE,CANONICAL,CIRCULAR,PERFECT_EXT,UNAMBIGUOUS_BP"
"798","12",47302098,47302291,"hsa_circ_002208",2,"+",1,2,40,40,"my_test_sample",2,2,0,1,"GTAG",NA,"ANCHOR_UNIQUE,CANONICAL,CIRCULAR,OK_EXT,UNAMBIGUOUS_BP"
"799","2",5395181,5395334,"hsa_circ_002209",2,"-",1,2,40,40,"my_test_sample",2,1,0,1,"GTAG",NA,"ANCHOR_UNIQUE,CANONICAL,CIRCULAR,GOOD_EXT,UNAMBIGUOUS_BP"
"800","22",46177714,46178907,"hsa_circ_002211",4,"-",2,4,40,5,"my_test_sample",4,2,0,1,"GTAG",NA,"ANCHOR_UNIQUE,CANONICAL,CIRCULAR,OK_EXT,UNAMBIGUOUS_BP"
"801","6",31271232,31356326,"hsa_circ_002215",4,"+",2,4,5,5,"my_test_sample",4,1,0,1,"GTAG",NA,"ANCHOR_UNIQUE,CANONICAL,CIRCULAR,GOOD_EXT,UNAMBIGUOUS_BP"
"802","4",68410754,68410952,"hsa_circ_002217",2,"-",2,2,40,5,"my_test_sample",2,1,0,1,"GTAG",NA,"ANCHOR_UNIQUE,CANONICAL,CIRCULAR,GOOD_EXT,UNAMBIGUOUS_BP"
"803","X",47412666,47412834,"hsa_circ_002219",2,"-",1,2,5,5,"my_test_sample",2,2,0,1,"GTAG",NA,"ANCHOR_UNIQUE,CANONICAL,CIRCULAR,OK_EXT,UNAMBIGUOUS_BP"
"804","14",101625609,101625776,"hsa_circ_002220",3,"+",1,3,40,40,"my_test_sample",3,1,0,1,"GTAG",NA,"ANCHOR_UNIQUE,CANONICAL,CIRCULAR,GOOD_EXT,UNAMBIGUOUS_BP"
"805","6",134701231,134701508,"hsa_circ_002222",3,"-",1,3,5,40,"my_test_sample",3,0,0,1,"GTAG",NA,"ANCHOR_UNIQUE,CANONICAL,CIRCULAR,PERFECT_EXT,UNAMBIGUOUS_BP"
"806","14",104197877,104198058,"hsa_circ_002226",2,"-",1,2,5,5,"my_test_sample",2,0,0,1,"GTAG",NA,"ANCHOR_UNIQUE,CANONICAL,CIRCULAR,PERFECT_EXT,UNAMBIGUOUS_BP"
"807","3",16721681,16721860,"hsa_circ_002227",2,"+",2,2,40,40,"my_test_sample",2,1,0,1,"GTAG",NA,"ANCHOR_UNIQUE,CANONICAL,CIRCULAR,GOOD_EXT,UNAMBIGUOUS_BP"
"808","18",767482,767664,"hsa_circ_002230",8,"+",1,8,5,5,"my_test_sample",8,1,0,1,"GTAG",NA,"ANCHOR_UNIQUE,CANONICAL,CIRCULAR,GOOD_EXT,UNAMBIGUOUS_BP"
"809","17",62030641,62030794,"hsa_circ_002237",3,"+",1,3,5,5,"my_test_sample",3,0,0,1,"GTAG",NA,"ANCHOR_UNIQUE,CANONICAL,CIRCULAR,PERFECT_EXT,UNAMBIGUOUS_BP"
"810","12",124114594,124115112,"hsa_circ_002240",2,"+",1,2,5,40,"my_test_sample",2,1,0,1,"GTAG",NA,"ANCHOR_UNIQUE,CANONICAL,CIRCULAR,GOOD_EXT,UNAMBIGUOUS_BP"
"811","X",134674380,134675039,"hsa_circ_002243",2,"+",1,2,40,40,"my_test_sample",2,0,0,1,"GTAG",NA,"ANCHOR_UNIQUE,CANONICAL,CIRCULAR,PERFECT_EXT,UNAMBIGUOUS_BP"
"812","X",145365146,145365307,"hsa_circ_002251",2,"-",1,2,35,40,"my_test_sample",2,2,0,1,"GTAG",NA,"ANCHOR_UNIQUE,CANONICAL,CIRCULAR,OK_EXT,UNAMBIGUOUS_BP"
"813","6",163130548,163130759,"hsa_circ_002260",2,"-",2,2,5,40,"my_test_sample",2,1,0,1,"GTAG",NA,"ANCHOR_UNIQUE,CANONICAL,CIRCULAR,GOOD_EXT,UNAMBIGUOUS_BP"
"814","6",76129337,76129509,"hsa_circ_002264",2,"+",1,2,40,40,"my_test_sample",2,0,0,1,"GTAG",NA,"ANCHOR_UNIQUE,CANONICAL,CIRCULAR,PERFECT_EXT,UNAMBIGUOUS_BP"
"815","3",108084204,108084363,"hsa_circ_002265",2,"-",1,2,40,5,"my_test_sample",2,0,0,1,"GTAG",NA,"ANCHOR_UNIQUE,CANONICAL,CIRCULAR,PERFECT_EXT,UNAMBIGUOUS_BP"
"816","1",41070594,41075451,"hsa_circ_002267",3,"-",2,3,40,40,"my_test_sample",3,0,0,1,"GTAG",NA,"ANCHOR_UNIQUE,CANONICAL,CIRCULAR,PERFECT_EXT,UNAMBIGUOUS_BP"
"817","7",33725876,33726065,"hsa_circ_002269",3,"-",1,3,5,5,"my_test_sample",3,1,0,1,"GTAG",NA,"ANCHOR_UNIQUE,CANONICAL,CIRCULAR,GOOD_EXT,UNAMBIGUOUS_BP"
"818","4",374149,374311,"hsa_circ_002271",5,"-",1,5,5,40,"my_test_sample",5,1,0,1,"GTAG",NA,"ANCHOR_UNIQUE,CANONICAL,CIRCULAR,GOOD_EXT,UNAMBIGUOUS_BP"
"819","11",63025116,63025361,"hsa_circ_002274",4,"-",1,4,5,40,"my_test_sample",4,0,0,1,"GTAG",NA,"ANCHOR_UNIQUE,CANONICAL,CIRCULAR,PERFECT_EXT,UNAMBIGUOUS_BP"
"820","17",29099538,29099696,"hsa_circ_002275",2,"+",2,2,5,5,"my_test_sample",2,0,0,1,"GTAG",NA,"ANCHOR_UNIQUE,CANONICAL,CIRCULAR,PERFECT_EXT,UNAMBIGUOUS_BP"
"821","6",120857238,120857403,"hsa_circ_002276",2,"+",1,2,40,40,"my_test_sample",2,0,0,1,"GTAG",NA,"ANCHOR_UNIQUE,CANONICAL,CIRCULAR,PERFECT_EXT,UNAMBIGUOUS_BP"
"822","8",28731716,28731874,"hsa_circ_002278",3,"+",2,3,40,40,"my_test_sample",3,0,0,1,"GTAG",NA,"ANCHOR_UNIQUE,CANONICAL,CIRCULAR,PERFECT_EXT,UNAMBIGUOUS_BP"
"823","2",236207881,236208073,"hsa_circ_002284",2,"+",1,2,5,5,"my_test_sample",2,1,0,1,"GTAG",NA,"ANCHOR_UNIQUE,CANONICAL,CIRCULAR,GOOD_EXT,UNAMBIGUOUS_BP"
"824","7",157951754,157951939,"hsa_circ_002287",7,"-",5,7,5,40,"my_test_sample",7,0,0,1,"GTAG",NA,"ANCHOR_UNIQUE,CANONICAL,CIRCULAR,PERFECT_EXT,UNAMBIGUOUS_BP"
"825","6",37921075,37921244,"hsa_circ_002288",2,"-",2,2,40,5,"my_test_sample",2,1,0,1,"GTAG",NA,"ANCHOR_UNIQUE,CANONICAL,CIRCULAR,GOOD_EXT,UNAMBIGUOUS_BP"
"826","7",100812746,100813208,"hsa_circ_002290",10,"-",5,10,40,40,"my_test_sample",10,0,0,1,"GTAG",NA,"ANCHOR_UNIQUE,CANONICAL,CIRCULAR,PERFECT_EXT,UNAMBIGUOUS_BP"
"827","7",50103761,50103964,"hsa_circ_002291",4,"-",2,4,40,40,"my_test_sample",4,1,0,1,"GTAG",NA,"ANCHOR_UNIQUE,CANONICAL,CIRCULAR,GOOD_EXT,UNAMBIGUOUS_BP"
"828","4",11073993,11074183,"hsa_circ_002292",3,"-",2,3,5,5,"my_test_sample",3,0,0,1,"GTAG",NA,"ANCHOR_UNIQUE,CANONICAL,CIRCULAR,PERFECT_EXT,UNAMBIGUOUS_BP"
"829","6",143016782,143016967,"hsa_circ_002294",4,"+",1,4,5,5,"my_test_sample",4,1,0,1,"GTAG",NA,"ANCHOR_UNIQUE,CANONICAL,CIRCULAR,GOOD_EXT,UNAMBIGUOUS_BP"
"830","12",7160372,7160560,"hsa_circ_002301",3,"-",2,3,40,40,"my_test_sample",3,0,0,1,"GTAG",NA,"ANCHOR_UNIQUE,CANONICAL,CIRCULAR,PERFECT_EXT,UNAMBIGUOUS_BP"
"831","7",155917005,155917173,"hsa_circ_002302",2,"-",2,2,5,5,"my_test_sample",2,0,1,1,"GTAG",NA,"ANCHOR_UNIQUE,CANONICAL,CIRCULAR,GOOD_EXT,UNAMBIGUOUS_BP"
"832","12",48279599,48280130,"hsa_circ_002303",3,"+",1,3,5,5,"my_test_sample",3,1,0,1,"GTAG",NA,"ANCHOR_UNIQUE,CANONICAL,CIRCULAR,GOOD_EXT,UNAMBIGUOUS_BP"
"833","12",34370409,34370594,"hsa_circ_002306",4,"-",1,4,40,5,"my_test_sample",4,0,0,1,"GTAG",NA,"ANCHOR_UNIQUE,CANONICAL,CIRCULAR,PERFECT_EXT,UNAMBIGUOUS_BP"
"834","12",89235672,89235840,"hsa_circ_002309",2,"+",1,2,5,5,"my_test_sample",2,0,0,1,"GTAG",NA,"ANCHOR_UNIQUE,CANONICAL,CIRCULAR,PERFECT_EXT,UNAMBIGUOUS_BP"
"835","8",18867673,18872733,"hsa_circ_002317",3,"-",1,3,40,5,"my_test_sample",3,0,0,1,"GTAG",NA,"ANCHOR_UNIQUE,CANONICAL,CIRCULAR,PERFECT_EXT,UNAMBIGUOUS_BP"
"836","11",7073074,7073416,"hsa_circ_002319",2,"+",1,2,5,40,"my_test_sample",2,2,0,1,"GTAG",NA,"ANCHOR_UNIQUE,CANONICAL,CIRCULAR,OK_EXT,UNAMBIGUOUS_BP"
"837","6",119416497,119416667,"hsa_circ_002321",2,"+",2,2,5,5,"my_test_sample",2,0,0,1,"GTAG",NA,"ANCHOR_UNIQUE,CANONICAL,CIRCULAR,PERFECT_EXT,UNAMBIGUOUS_BP"
"838","19",27691582,27691825,"hsa_circ_002323",4,"+",2,4,40,5,"my_test_sample",4,0,0,1,"GTAG",NA,"ANCHOR_UNIQUE,CANONICAL,CIRCULAR,PERFECT_EXT,UNAMBIGUOUS_BP"
"839","19",46179001,46179233,"hsa_circ_002324",4,"+",1,4,5,5,"my_test_sample",4,2,0,1,"GTAG",NA,"ANCHOR_UNIQUE,CANONICAL,CIRCULAR,OK_EXT,UNAMBIGUOUS_BP"
"840","4",138845370,138845549,"hsa_circ_002326",2,"+",1,2,5,5,"my_test_sample",2,0,0,1,"GTAG",NA,"ANCHOR_UNIQUE,CANONICAL,CIRCULAR,PERFECT_EXT,UNAMBIGUOUS_BP"
"841","7",73863058,73863218,"hsa_circ_002327",3,"+",2,2,40,40,"my_test_sample",3,0,1,1,"GTAG",NA,"ANCHOR_UNIQUE,CANONICAL,CIRCULAR,GOOD_EXT,UNAMBIGUOUS_BP"
"842","6",22059195,22059373,"hsa_circ_002332",2,"+",1,2,40,40,"my_test_sample",2,2,0,1,"GTAG",NA,"ANCHOR_UNIQUE,CANONICAL,CIRCULAR,OK_EXT,UNAMBIGUOUS_BP"
"843","1",2255922,2256090,"hsa_circ_002334",2,"-",2,2,5,40,"my_test_sample",2,0,0,1,"GTAG",NA,"ANCHOR_UNIQUE,CANONICAL,CIRCULAR,PERFECT_EXT,UNAMBIGUOUS_BP"
"844","9",6979318,6979466,"hsa_circ_002338",2,"+",2,2,37,40,"my_test_sample",2,1,0,1,"GTAG",NA,"ANCHOR_UNIQUE,CANONICAL,CIRCULAR,GOOD_EXT,UNAMBIGUOUS_BP"
"845","7",65235920,65236109,"hsa_circ_002343",3,"-",1,3,5,5,"my_test_sample",3,2,0,1,"GTAG",NA,"ANCHOR_UNIQUE,CANONICAL,CIRCULAR,OK_EXT,UNAMBIGUOUS_BP"
"846","17",5203104,5203270,"hsa_circ_002351",3,"-",1,3,5,5,"my_test_sample",3,0,0,1,"GTAG",NA,"ANCHOR_UNIQUE,CANONICAL,CIRCULAR,PERFECT_EXT,UNAMBIGUOUS_BP"
"847","1",15653868,15654065,"hsa_circ_002361",3,"+",1,3,4,5,"my_test_sample",3,1,0,1,"GTAG",NA,"ANCHOR_UNIQUE,CANONICAL,CIRCULAR,GOOD_EXT,UNAMBIGUOUS_BP"
"848","6",116591508,116591755,"hsa_circ_002363",2,"-",1,2,40,40,"my_test_sample",2,1,0,1,"GTAG",NA,"ANCHOR_UNIQUE,CANONICAL,CIRCULAR,GOOD_EXT,UNAMBIGUOUS_BP"
"849","7",54714879,54715128,"hsa_circ_002367",3,"+",2,3,5,5,"my_test_sample",3,1,0,1,"GTAG",NA,"ANCHOR_UNIQUE,CANONICAL,CIRCULAR,GOOD_EXT,UNAMBIGUOUS_BP"
"850","6",42313849,42314031,"hsa_circ_002374",3,"+",2,3,40,5,"my_test_sample",3,0,0,1,"GTAG",NA,"ANCHOR_UNIQUE,CANONICAL,CIRCULAR,PERFECT_EXT,UNAMBIGUOUS_BP"
"851","X",49785819,49785992,"hsa_circ_002381",2,"+",1,2,40,5,"my_test_sample",2,2,0,1,"GTAG",NA,"ANCHOR_UNIQUE,CANONICAL,CIRCULAR,OK_EXT,UNAMBIGUOUS_BP"
"852","X",69498300,69498676,"hsa_circ_002383",2,"-",1,2,5,5,"my_test_sample",2,2,0,1,"GTAG",NA,"ANCHOR_UNIQUE,CANONICAL,CIRCULAR,OK_EXT,UNAMBIGUOUS_BP"
"853","9",126604563,126604750,"hsa_circ_002385",2,"-",1,2,40,5,"my_test_sample",2,1,0,1,"GTAG",NA,"ANCHOR_UNIQUE,CANONICAL,CIRCULAR,GOOD_EXT,UNAMBIGUOUS_BP"
"854","14",46002493,46002659,"hsa_circ_002388",2,"-",1,2,5,40,"my_test_sample",2,1,0,1,"GTAG",NA,"ANCHOR_UNIQUE,CANONICAL,CIRCULAR,GOOD_EXT,UNAMBIGUOUS_BP"
"855","6",43796511,43796725,"hsa_circ_002390",2,"-",2,2,40,40,"my_test_sample",2,0,0,1,"GTAG",NA,"ANCHOR_UNIQUE,CANONICAL,CIRCULAR,PERFECT_EXT,UNAMBIGUOUS_BP"
"856","3",86726618,86726788,"hsa_circ_002391",2,"+",1,2,40,40,"my_test_sample",2,2,0,1,"GTAG",NA,"ANCHOR_UNIQUE,CANONICAL,CIRCULAR,OK_EXT,UNAMBIGUOUS_BP"
"857","8",30383570,30383739,"hsa_circ_002395",2,"+",1,2,40,40,"my_test_sample",2,2,0,1,"GTAG",NA,"ANCHOR_UNIQUE,CANONICAL,CIRCULAR,OK_EXT,UNAMBIGUOUS_BP"
"858","6",116239396,116239546,"hsa_circ_002397",2,"+",1,2,4,40,"my_test_sample",2,0,0,1,"GTAG",NA,"ANCHOR_UNIQUE,CANONICAL,CIRCULAR,PERFECT_EXT,UNAMBIGUOUS_BP"
"859","20",52461948,52462101,"hsa_circ_002398",2,"-",1,2,40,40,"my_test_sample",2,0,0,1,"GTAG",NA,"ANCHOR_UNIQUE,CANONICAL,CIRCULAR,PERFECT_EXT,UNAMBIGUOUS_BP"
"860","7",33690760,33690910,"hsa_circ_002401",3,"-",1,3,5,5,"my_test_sample",3,2,0,1,"GTAG",NA,"ANCHOR_UNIQUE,CANONICAL,CIRCULAR,OK_EXT,UNAMBIGUOUS_BP"
"861","1",21701497,21703618,"hsa_circ_002403",3,"-",1,3,5,40,"my_test_sample",3,0,0,1,"GTAG",NA,"ANCHOR_UNIQUE,CANONICAL,CIRCULAR,PERFECT_EXT,UNAMBIGUOUS_BP"
"862","2",152066183,152066350,"hsa_circ_002404",2,"-",1,2,5,5,"my_test_sample",2,1,0,1,"GTAG",NA,"ANCHOR_UNIQUE,CANONICAL,CIRCULAR,GOOD_EXT,UNAMBIGUOUS_BP"
"863","16",35645073,35645229,"hsa_circ_002414",5,"-",2,5,5,5,"my_test_sample",5,0,0,1,"GTAG",NA,"ANCHOR_UNIQUE,CANONICAL,CIRCULAR,PERFECT_EXT,UNAMBIGUOUS_BP"
"864","17",8913971,8914123,"hsa_circ_002415",2,"-",1,2,40,40,"my_test_sample",2,0,0,1,"GTAG",NA,"ANCHOR_UNIQUE,CANONICAL,CIRCULAR,PERFECT_EXT,UNAMBIGUOUS_BP"
"865","20",45448617,45448840,"hsa_circ_002417",4,"-",2,4,40,5,"my_test_sample",4,1,0,1,"GTAG",NA,"ANCHOR_UNIQUE,CANONICAL,CIRCULAR,GOOD_EXT,UNAMBIGUOUS_BP"
"866","2",10301282,10301470,"hsa_circ_002420",3,"-",1,3,5,5,"my_test_sample",3,0,0,1,"GTAG",NA,"ANCHOR_UNIQUE,CANONICAL,CIRCULAR,PERFECT_EXT,UNAMBIGUOUS_BP"
"867","14",60734669,60734885,"hsa_circ_002426",2,"+",1,2,40,40,"my_test_sample",2,2,0,1,"GTAG",NA,"ANCHOR_UNIQUE,CANONICAL,CIRCULAR,OK_EXT,UNAMBIGUOUS_BP"
"868","3",80294149,80294340,"hsa_circ_002427",6,"+",4,6,5,40,"my_test_sample",6,1,0,1,"GTAG",NA,"ANCHOR_UNIQUE,CANONICAL,CIRCULAR,GOOD_EXT,UNAMBIGUOUS_BP"
"869","2",239565282,239565441,"hsa_circ_002428",5,"+",3,4,5,35,"my_test_sample",5,0,0,1,"GTAG",NA,"ANCHOR_UNIQUE,CANONICAL,CIRCULAR,PERFECT_EXT,UNAMBIGUOUS_BP"
"870","5",159228619,159228817,"hsa_circ_002430",2,"-",1,2,40,40,"my_test_sample",2,2,0,1,"GTAG",NA,"ANCHOR_UNIQUE,CANONICAL,CIRCULAR,OK_EXT,UNAMBIGUOUS_BP"
"871","4",152271103,152271275,"hsa_circ_002434",3,"-",3,3,40,40,"my_test_sample",3,0,0,1,"GTAG",NA,"ANCHOR_UNIQUE,CANONICAL,CIRCULAR,PERFECT_EXT,UNAMBIGUOUS_BP"
"872","9",29630872,29631076,"hsa_circ_002445",2,"+",1,2,5,5,"my_test_sample",2,2,0,1,"GTAG",NA,"ANCHOR_UNIQUE,CANONICAL,CIRCULAR,OK_EXT,UNAMBIGUOUS_BP"
"873","8",90710505,90710721,"hsa_circ_002448",2,"-",1,2,40,40,"my_test_sample",2,2,0,1,"GTAG",NA,"ANCHOR_UNIQUE,CANONICAL,CIRCULAR,OK_EXT,UNAMBIGUOUS_BP"
"874","8",4555062,4555229,"hsa_circ_002449",2,"+",1,2,5,5,"my_test_sample",2,1,0,1,"GTAG",NA,"ANCHOR_UNIQUE,CANONICAL,CIRCULAR,GOOD_EXT,UNAMBIGUOUS_BP"
"875","8",101449804,101449956,"hsa_circ_002450",3,"-",1,3,5,5,"my_test_sample",3,2,0,1,"GTAG",NA,"ANCHOR_UNIQUE,CANONICAL,CIRCULAR,OK_EXT,UNAMBIGUOUS_BP"
"876","6",30708416,30708582,"hsa_circ_002456",2,"+",1,2,40,40,"my_test_sample",2,1,0,1,"GTAG",NA,"ANCHOR_UNIQUE,CANONICAL,CIRCULAR,GOOD_EXT,UNAMBIGUOUS_BP"
"877","22",47856123,47856295,"hsa_circ_002460",4,"-",1,4,5,5,"my_test_sample",4,2,0,1,"GTAG",NA,"ANCHOR_UNIQUE,CANONICAL,CIRCULAR,OK_EXT,UNAMBIGUOUS_BP"
"878","16",8952548,8952719,"hsa_circ_002461",2,"-",1,2,5,5,"my_test_sample",2,0,0,1,"GTAG",NA,"ANCHOR_UNIQUE,CANONICAL,CIRCULAR,PERFECT_EXT,UNAMBIGUOUS_BP"
"879","12",13167863,13168039,"hsa_circ_002464",2,"-",1,2,5,5,"my_test_sample",2,0,0,1,"GTAG",NA,"ANCHOR_UNIQUE,CANONICAL,CIRCULAR,PERFECT_EXT,UNAMBIGUOUS_BP"
"880","13",27381154,27381381,"hsa_circ_002467",2,"-",1,2,40,40,"my_test_sample",2,0,0,1,"GTAG",NA,"ANCHOR_UNIQUE,CANONICAL,CIRCULAR,PERFECT_EXT,UNAMBIGUOUS_BP"
"881","10",70374103,70374282,"hsa_circ_002468",2,"-",1,2,5,5,"my_test_sample",2,2,0,1,"GTAG",NA,"ANCHOR_UNIQUE,CANONICAL,CIRCULAR,OK_EXT,UNAMBIGUOUS_BP"
"882","12",80849744,80849907,"hsa_circ_002470",2,"+",1,2,5,5,"my_test_sample",2,0,0,1,"GTAG",NA,"ANCHOR_UNIQUE,CANONICAL,CIRCULAR,PERFECT_EXT,UNAMBIGUOUS_BP"
"883","7",23906586,23906743,"hsa_circ_002475",7,"+",1,7,40,5,"my_test_sample",7,1,0,1,"GTAG",NA,"ANCHOR_UNIQUE,CANONICAL,CIRCULAR,GOOD_EXT,UNAMBIGUOUS_BP"
"884","6",167245034,167245285,"hsa_circ_002478",2,"-",2,2,5,5,"my_test_sample",2,1,0,1,"GTAG",NA,"ANCHOR_UNIQUE,CANONICAL,CIRCULAR,GOOD_EXT,UNAMBIGUOUS_BP"
"885","11",62523082,62523304,"hsa_circ_002479",3,"-",2,3,5,5,"my_test_sample",3,1,0,1,"GTAG",NA,"ANCHOR_UNIQUE,CANONICAL,CIRCULAR,GOOD_EXT,UNAMBIGUOUS_BP"
"886","2",96952729,96952926,"hsa_circ_002480",3,"-",1,3,40,40,"my_test_sample",3,2,0,1,"GTAG",NA,"ANCHOR_UNIQUE,CANONICAL,CIRCULAR,OK_EXT,UNAMBIGUOUS_BP"
"887","2",43253668,43253929,"hsa_circ_002482",3,"-",1,3,5,40,"my_test_sample",3,0,2,1,"GTAG",NA,"ANCHOR_UNIQUE,CANONICAL,CIRCULAR,OK_EXT,UNAMBIGUOUS_BP"
"888","6",150681973,150682130,"hsa_circ_002485",2,"-",1,2,40,5,"my_test_sample",2,1,0,1,"GTAG",NA,"ANCHOR_UNIQUE,CANONICAL,CIRCULAR,GOOD_EXT,UNAMBIGUOUS_BP"
"889","3",43016721,43016882,"hsa_circ_002488",2,"+",2,2,5,5,"my_test_sample",2,0,0,1,"GTAG",NA,"ANCHOR_UNIQUE,CANONICAL,CIRCULAR,PERFECT_EXT,UNAMBIGUOUS_BP"
"890","18",58858774,58859493,"hsa_circ_002496",2,"+",1,2,5,5,"my_test_sample",2,2,0,1,"GTAG",NA,"ANCHOR_UNIQUE,CANONICAL,CIRCULAR,OK_EXT,UNAMBIGUOUS_BP"
"891","1",7835620,7835796,"hsa_circ_002497",2,"+",1,2,5,40,"my_test_sample",2,1,0,1,"GTAG",NA,"ANCHOR_UNIQUE,CANONICAL,CIRCULAR,GOOD_EXT,UNAMBIGUOUS_BP"
"892","16",27511334,27511491,"hsa_circ_002501",2,"-",2,2,5,40,"my_test_sample",2,0,0,1,"GTAG",NA,"ANCHOR_UNIQUE,CANONICAL,CIRCULAR,PERFECT_EXT,UNAMBIGUOUS_BP"
"893","X",74425718,74425890,"hsa_circ_002505",2,"+",1,2,5,40,"my_test_sample",2,1,0,1,"GTAG",NA,"ANCHOR_UNIQUE,CANONICAL,CIRCULAR,GOOD_EXT,UNAMBIGUOUS_BP"
"894","11",64832135,64832389,"hsa_circ_002506",2,"+",2,2,40,5,"my_test_sample",2,1,0,1,"GTAG",NA,"ANCHOR_UNIQUE,CANONICAL,CIRCULAR,GOOD_EXT,UNAMBIGUOUS_BP"
"895","16",8674897,8675079,"hsa_circ_002510",3,"-",1,3,5,40,"my_test_sample",3,1,0,1,"GTAG",NA,"ANCHOR_UNIQUE,CANONICAL,CIRCULAR,GOOD_EXT,UNAMBIGUOUS_BP"
"896","3",174543088,174543282,"hsa_circ_002513",4,"+",1,4,5,5,"my_test_sample",4,0,0,1,"GTAG",NA,"ANCHOR_UNIQUE,CANONICAL,CIRCULAR,PERFECT_EXT,UNAMBIGUOUS_BP"
"897","2",38215307,38215492,"hsa_circ_002516",5,"-",3,5,40,5,"my_test_sample",5,0,0,1,"GTAG",NA,"ANCHOR_UNIQUE,CANONICAL,CIRCULAR,PERFECT_EXT,UNAMBIGUOUS_BP"
"898","2",10993134,10993307,"hsa_circ_002521",2,"+",1,2,40,5,"my_test_sample",2,2,0,1,"GTAG",NA,"ANCHOR_UNIQUE,CANONICAL,CIRCULAR,OK_EXT,UNAMBIGUOUS_BP"
"899","X",9260858,9261015,"hsa_circ_002524",2,"-",1,2,5,40,"my_test_sample",2,1,0,1,"GTAG",NA,"ANCHOR_UNIQUE,CANONICAL,CIRCULAR,GOOD_EXT,UNAMBIGUOUS_BP"
"900","12",5357093,5357288,"hsa_circ_002526",2,"+",1,2,5,40,"my_test_sample",2,1,0,1,"GTAG",NA,"ANCHOR_UNIQUE,CANONICAL,CIRCULAR,GOOD_EXT,UNAMBIGUOUS_BP"
"901","15",33081852,33082020,"hsa_circ_002530",2,"+",1,2,5,40,"my_test_sample",2,0,0,1,"GTAG",NA,"ANCHOR_UNIQUE,CANONICAL,CIRCULAR,PERFECT_EXT,UNAMBIGUOUS_BP"
"902","5",66819053,66819256,"hsa_circ_002534",2,"-",1,2,40,40,"my_test_sample",2,0,0,1,"GTAG",NA,"ANCHOR_UNIQUE,CANONICAL,CIRCULAR,PERFECT_EXT,UNAMBIGUOUS_BP"
"903","8",64937628,64937803,"hsa_circ_002535",2,"-",1,2,5,5,"my_test_sample",2,0,0,1,"GTAG",NA,"ANCHOR_UNIQUE,CANONICAL,CIRCULAR,PERFECT_EXT,UNAMBIGUOUS_BP"
"904","2",165857989,165858159,"hsa_circ_002537",4,"+",1,4,40,40,"my_test_sample",4,0,0,1,"GTAG",NA,"ANCHOR_UNIQUE,CANONICAL,CIRCULAR,PERFECT_EXT,UNAMBIGUOUS_BP"
"905","2",95043748,95043923,"hsa_circ_002539",2,"-",1,2,5,40,"my_test_sample",2,0,0,1,"GTAG",NA,"ANCHOR_UNIQUE,CANONICAL,CIRCULAR,PERFECT_EXT,UNAMBIGUOUS_BP"
"906","5",143579694,143579862,"hsa_circ_002540",2,"-",1,2,5,40,"my_test_sample",2,0,0,1,"GTAG",NA,"ANCHOR_UNIQUE,CANONICAL,CIRCULAR,PERFECT_EXT,UNAMBIGUOUS_BP"
"907","12",122335729,122335895,"hsa_circ_002541",2,"-",1,2,40,5,"my_test_sample",2,0,2,1,"GTAG",NA,"ANCHOR_UNIQUE,CANONICAL,CIRCULAR,OK_EXT,UNAMBIGUOUS_BP"
"908","18",36310966,36311134,"hsa_circ_002545",2,"+",1,2,5,5,"my_test_sample",2,1,0,1,"GTAG",NA,"ANCHOR_UNIQUE,CANONICAL,CIRCULAR,GOOD_EXT,UNAMBIGUOUS_BP"
"909","3",84864910,84865090,"hsa_circ_002547",2,"+",1,2,5,40,"my_test_sample",2,1,0,1,"GTAG",NA,"ANCHOR_UNIQUE,CANONICAL,CIRCULAR,GOOD_EXT,UNAMBIGUOUS_BP"
"910","10",18544912,18545271,"hsa_circ_002552",4,"-",1,4,40,5,"my_test_sample",4,0,0,1,"GTAG",NA,"ANCHOR_UNIQUE,CANONICAL,CIRCULAR,PERFECT_EXT,UNAMBIGUOUS_BP"
"911","12",103185128,103185354,"hsa_circ_002553",2,"+",1,2,40,5,"my_test_sample",2,1,0,1,"GTAG",NA,"ANCHOR_UNIQUE,CANONICAL,CIRCULAR,GOOD_EXT,UNAMBIGUOUS_BP"
"912","15",64071274,64071442,"hsa_circ_002555",2,"-",1,2,5,40,"my_test_sample",2,1,0,1,"GTAG",NA,"ANCHOR_UNIQUE,CANONICAL,CIRCULAR,GOOD_EXT,UNAMBIGUOUS_BP"
"913","11",75772376,75772528,"hsa_circ_002557",2,"-",2,2,40,5,"my_test_sample",2,1,0,1,"GTAG",NA,"ANCHOR_UNIQUE,CANONICAL,CIRCULAR,GOOD_EXT,UNAMBIGUOUS_BP"
"914","17",49311311,49312042,"hsa_circ_002560",2,"-",1,2,40,5,"my_test_sample",2,0,0,1,"GTAG",NA,"ANCHOR_UNIQUE,CANONICAL,CIRCULAR,PERFECT_EXT,UNAMBIGUOUS_BP"
"915","13",99209242,99209534,"hsa_circ_002561",2,"-",1,2,40,5,"my_test_sample",2,2,0,1,"GTAG",NA,"ANCHOR_UNIQUE,CANONICAL,CIRCULAR,OK_EXT,UNAMBIGUOUS_BP"
"916","13",111590230,111590398,"hsa_circ_002562",2,"+",2,2,40,5,"my_test_sample",2,2,0,1,"GTAG",NA,"ANCHOR_UNIQUE,CANONICAL,CIRCULAR,OK_EXT,UNAMBIGUOUS_BP"
"917","10",71703157,71703384,"hsa_circ_002563",2,"+",2,2,37,40,"my_test_sample",2,1,0,1,"GTAG",NA,"ANCHOR_UNIQUE,CANONICAL,CIRCULAR,GOOD_EXT,UNAMBIGUOUS_BP"
"918","8",67249984,67250147,"hsa_circ_002568",5,"+",1,5,40,40,"my_test_sample",5,0,0,1,"GTAG",NA,"ANCHOR_UNIQUE,CANONICAL,CIRCULAR,PERFECT_EXT,UNAMBIGUOUS_BP"
"919","7",124638288,124638464,"hsa_circ_002574",3,"-",1,3,40,5,"my_test_sample",3,1,0,1,"GTAG",NA,"ANCHOR_UNIQUE,CANONICAL,CIRCULAR,GOOD_EXT,UNAMBIGUOUS_BP"
"920","2",7621358,7621721,"hsa_circ_002575",2,"+",1,2,40,40,"my_test_sample",2,0,0,1,"GTAG",NA,"ANCHOR_UNIQUE,CANONICAL,CIRCULAR,PERFECT_EXT,UNAMBIGUOUS_BP"
"921","9",30813612,30813767,"hsa_circ_002576",6,"+",1,6,5,5,"my_test_sample",6,0,0,1,"GTAG",NA,"ANCHOR_UNIQUE,CANONICAL,CIRCULAR,PERFECT_EXT,UNAMBIGUOUS_BP"
"922","7",105342596,105342747,"hsa_circ_002580",3,"-",3,3,40,40,"my_test_sample",3,1,0,1,"GTAG",NA,"ANCHOR_UNIQUE,CANONICAL,CIRCULAR,GOOD_EXT,UNAMBIGUOUS_BP"
"923","4",7212171,7212343,"hsa_circ_002583",4,"-",1,4,5,40,"my_test_sample",4,1,0,1,"GTAG",NA,"ANCHOR_UNIQUE,CANONICAL,CIRCULAR,GOOD_EXT,UNAMBIGUOUS_BP"
"924","3",70282269,70282465,"hsa_circ_002584",2,"-",1,2,5,40,"my_test_sample",2,0,0,1,"GTAG",NA,"ANCHOR_UNIQUE,CANONICAL,CIRCULAR,PERFECT_EXT,UNAMBIGUOUS_BP"
"925","1",155676547,155679512,"hsa_circ_002585",2,"-",2,2,5,40,"my_test_sample",2,0,0,1,"GTAG",NA,"ANCHOR_UNIQUE,CANONICAL,CIRCULAR,PERFECT_EXT,UNAMBIGUOUS_BP"
"926","3",32974188,32974383,"hsa_circ_002587",2,"+",1,2,5,5,"my_test_sample",2,1,0,1,"GTAG",NA,"ANCHOR_UNIQUE,CANONICAL,CIRCULAR,GOOD_EXT,UNAMBIGUOUS_BP"
"927","3",148835514,148835680,"hsa_circ_002591",3,"+",1,3,40,40,"my_test_sample",3,1,0,1,"GTAG",NA,"ANCHOR_UNIQUE,CANONICAL,CIRCULAR,GOOD_EXT,UNAMBIGUOUS_BP"
"928","19",23074975,23075145,"hsa_circ_002598",2,"+",2,2,37,5,"my_test_sample",2,0,0,1,"GTAG",NA,"ANCHOR_UNIQUE,CANONICAL,CIRCULAR,PERFECT_EXT,UNAMBIGUOUS_BP"
"929","2",96873210,96873410,"hsa_circ_002606",2,"+",1,2,5,40,"my_test_sample",2,1,0,1,"GTAG",NA,"ANCHOR_UNIQUE,CANONICAL,CIRCULAR,GOOD_EXT,UNAMBIGUOUS_BP"
"930","19",57334559,57334722,"hsa_circ_002607",4,"+",2,4,40,5,"my_test_sample",4,2,0,1,"GTAG",NA,"ANCHOR_UNIQUE,CANONICAL,CIRCULAR,OK_EXT,UNAMBIGUOUS_BP"
"931","10",83915134,83915318,"hsa_circ_002615",2,"+",1,2,40,40,"my_test_sample",2,0,0,1,"GTAG",NA,"ANCHOR_UNIQUE,CANONICAL,CIRCULAR,PERFECT_EXT,UNAMBIGUOUS_BP"
"932","6",36372827,36372982,"hsa_circ_002617",2,"+",1,2,40,5,"my_test_sample",2,1,0,1,"GTAG",NA,"ANCHOR_UNIQUE,CANONICAL,CIRCULAR,GOOD_EXT,UNAMBIGUOUS_BP"
"933","20",36857638,36857871,"hsa_circ_002619",2,"-",2,2,40,5,"my_test_sample",2,0,0,1,"GTAG",NA,"ANCHOR_UNIQUE,CANONICAL,CIRCULAR,PERFECT_EXT,UNAMBIGUOUS_BP"
"934","12",2681653,2682612,"hsa_circ_002622",3,"-",1,3,5,5,"my_test_sample",3,0,0,1,"GTAG",NA,"ANCHOR_UNIQUE,CANONICAL,CIRCULAR,PERFECT_EXT,UNAMBIGUOUS_BP"
"935","11",113350330,113350564,"hsa_circ_002623",2,"-",2,2,40,40,"my_test_sample",2,1,0,1,"GTAG",NA,"ANCHOR_UNIQUE,CANONICAL,CIRCULAR,GOOD_EXT,UNAMBIGUOUS_BP"
"936","1",20263654,20263805,"hsa_circ_002624",2,"-",1,2,40,5,"my_test_sample",2,1,0,1,"GTAG",NA,"ANCHOR_UNIQUE,CANONICAL,CIRCULAR,GOOD_EXT,UNAMBIGUOUS_BP"
"937","7",30110667,30110819,"hsa_circ_002625",3,"-",1,3,5,40,"my_test_sample",3,1,0,1,"GTAG",NA,"ANCHOR_UNIQUE,CANONICAL,CIRCULAR,GOOD_EXT,UNAMBIGUOUS_BP"
"938","X",44524001,44527365,"hsa_circ_002629",2,"-",2,2,5,40,"my_test_sample",2,0,0,1,"GTAG",NA,"ANCHOR_UNIQUE,CANONICAL,CIRCULAR,PERFECT_EXT,UNAMBIGUOUS_BP"
"939","7",154579966,154580121,"hsa_circ_002630",4,"+",1,4,40,40,"my_test_sample",4,1,0,1,"GTAG",NA,"ANCHOR_UNIQUE,CANONICAL,CIRCULAR,GOOD_EXT,UNAMBIGUOUS_BP"
"940","5",164638259,164638432,"hsa_circ_002633",2,"-",2,2,40,5,"my_test_sample",2,1,0,1,"GTAG",NA,"ANCHOR_UNIQUE,CANONICAL,CIRCULAR,GOOD_EXT,UNAMBIGUOUS_BP"
"941","7",156606952,156607129,"hsa_circ_002636",2,"-",2,2,5,40,"my_test_sample",2,1,0,1,"GTAG",NA,"ANCHOR_UNIQUE,CANONICAL,CIRCULAR,GOOD_EXT,UNAMBIGUOUS_BP"
"942","9",126514871,126515057,"hsa_circ_002645",2,"-",2,2,40,40,"my_test_sample",2,1,0,1,"GTAG",NA,"ANCHOR_UNIQUE,CANONICAL,CIRCULAR,GOOD_EXT,UNAMBIGUOUS_BP"
"943","11",44278401,44278554,"hsa_circ_002646",2,"+",2,2,5,5,"my_test_sample",2,0,0,1,"GTAG",NA,"ANCHOR_UNIQUE,CANONICAL,CIRCULAR,PERFECT_EXT,UNAMBIGUOUS_BP"
"944","2",150487267,150487663,"hsa_circ_002651",2,"-",2,2,40,40,"my_test_sample",2,0,0,1,"GTAG",NA,"ANCHOR_UNIQUE,CANONICAL,CIRCULAR,PERFECT_EXT,UNAMBIGUOUS_BP"
"945","12",3336901,3337082,"hsa_circ_002652",2,"-",2,2,40,40,"my_test_sample",2,2,0,1,"GTAG",NA,"ANCHOR_UNIQUE,CANONICAL,CIRCULAR,OK_EXT,UNAMBIGUOUS_BP"
"946","17",39636667,39636838,"hsa_circ_002655",2,"+",1,2,40,5,"my_test_sample",2,1,0,1,"GTAG",NA,"ANCHOR_UNIQUE,CANONICAL,CIRCULAR,GOOD_EXT,UNAMBIGUOUS_BP"
"947","5",1545195,1545353,"hsa_circ_002656",2,"-",1,2,40,5,"my_test_sample",2,2,0,1,"GTAG",NA,"ANCHOR_UNIQUE,CANONICAL,CIRCULAR,OK_EXT,UNAMBIGUOUS_BP"
"948","1",19885002,19885171,"hsa_circ_002659",6,"+",2,6,40,40,"my_test_sample",6,2,0,1,"GTAG",NA,"ANCHOR_UNIQUE,CANONICAL,CIRCULAR,OK_EXT,UNAMBIGUOUS_BP"
"949","8",52672350,52672506,"hsa_circ_002661",2,"-",2,1,5,40,"my_test_sample",2,2,0,1,"GTAG",NA,"ANCHOR_UNIQUE,CANONICAL,CIRCULAR,OK_EXT,UNAMBIGUOUS_BP"
"950","14",94903773,94903927,"hsa_circ_002662",2,"+",1,2,5,5,"my_test_sample",2,1,0,1,"GTAG",NA,"ANCHOR_UNIQUE,CANONICAL,CIRCULAR,GOOD_EXT,UNAMBIGUOUS_BP"
"951","7",36154375,36154561,"hsa_circ_002663",4,"-",2,4,5,40,"my_test_sample",4,0,0,1,"GTAG",NA,"ANCHOR_UNIQUE,CANONICAL,CIRCULAR,PERFECT_EXT,UNAMBIGUOUS_BP"
"952","4",120087340,120087501,"hsa_circ_002664",3,"+",2,3,40,5,"my_test_sample",3,1,0,1,"GTAG",NA,"ANCHOR_UNIQUE,CANONICAL,CIRCULAR,GOOD_EXT,UNAMBIGUOUS_BP"
"953","5",114574821,114574982,"hsa_circ_002670",4,"-",1,4,5,5,"my_test_sample",4,1,0,1,"GTAG",NA,"ANCHOR_UNIQUE,CANONICAL,CIRCULAR,GOOD_EXT,UNAMBIGUOUS_BP"
"954","5",172037774,172037956,"hsa_circ_002671",2,"-",1,2,40,5,"my_test_sample",2,2,0,1,"GTAG",NA,"ANCHOR_UNIQUE,CANONICAL,CIRCULAR,OK_EXT,UNAMBIGUOUS_BP"
"955","11",61274114,61274375,"hsa_circ_002675",2,"-",1,2,40,40,"my_test_sample",2,0,0,1,"GTAG",NA,"ANCHOR_UNIQUE,CANONICAL,CIRCULAR,PERFECT_EXT,UNAMBIGUOUS_BP"
"956","2",110102150,110102312,"hsa_circ_002676",3,"-",1,3,5,40,"my_test_sample",3,2,0,1,"GTAG",NA,"ANCHOR_UNIQUE,CANONICAL,CIRCULAR,OK_EXT,UNAMBIGUOUS_BP"
"957","4",1245841,1246049,"hsa_circ_002677",2,"-",2,2,40,5,"my_test_sample",2,1,0,1,"GTAG",NA,"ANCHOR_UNIQUE,CANONICAL,CIRCULAR,GOOD_EXT,UNAMBIGUOUS_BP"
"958","15",101364998,101370523,"hsa_circ_002678",2,"-",2,2,40,40,"my_test_sample",2,0,0,1,"GTAG",NA,"ANCHOR_UNIQUE,CANONICAL,CIRCULAR,PERFECT_EXT,UNAMBIGUOUS_BP"
"959","12",68965266,68965436,"hsa_circ_002680",2,"-",2,2,5,5,"my_test_sample",2,1,0,1,"GTAG",NA,"ANCHOR_UNIQUE,CANONICAL,CIRCULAR,GOOD_EXT,UNAMBIGUOUS_BP"
"960","2",96531511,96531704,"hsa_circ_002681",3,"-",2,3,40,40,"my_test_sample",3,2,0,1,"GTAG",NA,"ANCHOR_UNIQUE,CANONICAL,CIRCULAR,OK_EXT,UNAMBIGUOUS_BP"
"961","11",529141,529475,"hsa_circ_002683",6,"-",1,6,5,40,"my_test_sample",6,2,0,1,"GTAG",NA,"ANCHOR_UNIQUE,CANONICAL,CIRCULAR,OK_EXT,UNAMBIGUOUS_BP"
"962","7",157993404,157993713,"hsa_circ_002688",3,"+",1,3,40,40,"my_test_sample",3,2,0,1,"GTAG",NA,"ANCHOR_UNIQUE,CANONICAL,CIRCULAR,OK_EXT,UNAMBIGUOUS_BP"
"963","18",66881785,66881975,"hsa_circ_002690",2,"-",1,2,5,5,"my_test_sample",2,1,0,1,"GTAG",NA,"ANCHOR_UNIQUE,CANONICAL,CIRCULAR,GOOD_EXT,UNAMBIGUOUS_BP"
"964","11",76424522,76424766,"hsa_circ_002693",2,"-",1,2,40,40,"my_test_sample",2,1,0,1,"GTAG",NA,"ANCHOR_UNIQUE,CANONICAL,CIRCULAR,GOOD_EXT,UNAMBIGUOUS_BP"
"965","10",20071906,20072069,"hsa_circ_002694",2,"+",1,2,40,40,"my_test_sample",2,2,0,1,"GTAG",NA,"ANCHOR_UNIQUE,CANONICAL,CIRCULAR,OK_EXT,UNAMBIGUOUS_BP"
"966","2",158011711,158011878,"hsa_circ_002696",2,"+",2,2,5,40,"my_test_sample",2,0,0,1,"GTAG",NA,"ANCHOR_UNIQUE,CANONICAL,CIRCULAR,PERFECT_EXT,UNAMBIGUOUS_BP"
"967","1",204841563,204841811,"hsa_circ_002702",2,"+",1,2,5,5,"my_test_sample",2,2,0,1,"GTAG",NA,"ANCHOR_UNIQUE,CANONICAL,CIRCULAR,OK_EXT,UNAMBIGUOUS_BP"
"968","1",48896526,48896681,"hsa_circ_002706",2,"+",1,2,40,5,"my_test_sample",2,1,0,1,"GTAG",NA,"ANCHOR_UNIQUE,CANONICAL,CIRCULAR,GOOD_EXT,UNAMBIGUOUS_BP"
"969","6",41252750,41252946,"hsa_circ_002707",2,"+",1,2,5,5,"my_test_sample",2,1,0,1,"GTAG",NA,"ANCHOR_UNIQUE,CANONICAL,CIRCULAR,GOOD_EXT,UNAMBIGUOUS_BP"
"970","18",7630357,7630521,"hsa_circ_002713",2,"-",1,2,5,40,"my_test_sample",2,0,0,1,"GTAG",NA,"ANCHOR_UNIQUE,CANONICAL,CIRCULAR,PERFECT_EXT,UNAMBIGUOUS_BP"
"971","6",124793734,124793943,"hsa_circ_002715",3,"+",1,3,40,40,"my_test_sample",3,1,0,1,"GTAG",NA,"ANCHOR_UNIQUE,CANONICAL,CIRCULAR,GOOD_EXT,UNAMBIGUOUS_BP"
"972","16",61123901,61124074,"hsa_circ_002721",2,"-",1,2,40,40,"my_test_sample",2,1,0,1,"GTAG",NA,"ANCHOR_UNIQUE,CANONICAL,CIRCULAR,GOOD_EXT,UNAMBIGUOUS_BP"
"973","12",109166860,109168034,"hsa_circ_002722",2,"+",2,2,40,40,"my_test_sample",2,0,0,1,"GTAG",NA,"ANCHOR_UNIQUE,CANONICAL,CIRCULAR,PERFECT_EXT,UNAMBIGUOUS_BP"
"974","3",160027454,160027671,"hsa_circ_002727",3,"+",1,3,5,5,"my_test_sample",3,2,0,1,"GTAG",NA,"ANCHOR_UNIQUE,CANONICAL,CIRCULAR,OK_EXT,UNAMBIGUOUS_BP"
"975","20",63282738,63282896,"hsa_circ_002728",3,"-",1,3,5,5,"my_test_sample",3,0,0,1,"GTAG",NA,"ANCHOR_UNIQUE,CANONICAL,CIRCULAR,PERFECT_EXT,UNAMBIGUOUS_BP"
"976","4",44485596,44487603,"hsa_circ_002729",2,"-",1,2,5,5,"my_test_sample",2,2,0,1,"GTAG",NA,"ANCHOR_UNIQUE,CANONICAL,CIRCULAR,OK_EXT,UNAMBIGUOUS_BP"
"977","19",10006667,10006840,"hsa_circ_002730",4,"-",2,2,5,40,"my_test_sample",4,0,0,1,"GTAG",NA,"ANCHOR_UNIQUE,CANONICAL,CIRCULAR,PERFECT_EXT,UNAMBIGUOUS_BP"
"978","20",5059493,5059645,"hsa_circ_002733",2,"+",1,2,5,40,"my_test_sample",2,1,0,1,"GTAG",NA,"ANCHOR_UNIQUE,CANONICAL,CIRCULAR,GOOD_EXT,UNAMBIGUOUS_BP"
"979","20",53400732,53400904,"hsa_circ_002735",8,"-",4,8,5,40,"my_test_sample",8,0,0,1,"GTAG",NA,"ANCHOR_UNIQUE,CANONICAL,CIRCULAR,PERFECT_EXT,UNAMBIGUOUS_BP"
"980","17",81401610,81401891,"hsa_circ_002736",2,"-",2,2,40,37,"my_test_sample",2,1,0,1,"GTAG",NA,"ANCHOR_UNIQUE,CANONICAL,CIRCULAR,GOOD_EXT,UNAMBIGUOUS_BP"
"981","16",89474153,89474337,"hsa_circ_002740",3,"-",2,3,40,40,"my_test_sample",3,1,0,1,"GTAG",NA,"ANCHOR_UNIQUE,CANONICAL,CIRCULAR,GOOD_EXT,UNAMBIGUOUS_BP"
"982","11",8815141,8815293,"hsa_circ_002743",3,"+",2,3,5,36,"my_test_sample",3,1,0,1,"GTAG",NA,"ANCHOR_UNIQUE,CANONICAL,CIRCULAR,GOOD_EXT,UNAMBIGUOUS_BP"
"983","13",36344225,36344393,"hsa_circ_002745",3,"+",2,3,40,40,"my_test_sample",3,1,0,1,"GTAG",NA,"ANCHOR_UNIQUE,CANONICAL,CIRCULAR,GOOD_EXT,UNAMBIGUOUS_BP"
"984","20",23539312,23539466,"hsa_circ_002749",2,"+",2,2,40,40,"my_test_sample",2,0,0,1,"GTAG",NA,"ANCHOR_UNIQUE,CANONICAL,CIRCULAR,PERFECT_EXT,UNAMBIGUOUS_BP"
"985","12",37999953,38000125,"hsa_circ_002751",5,"-",2,5,40,5,"my_test_sample",5,0,0,1,"GTAG",NA,"ANCHOR_UNIQUE,CANONICAL,CIRCULAR,PERFECT_EXT,UNAMBIGUOUS_BP"
"986","1",81800585,81800805,"hsa_circ_002752",2,"+",1,2,5,40,"my_test_sample",2,1,0,1,"GTAG",NA,"ANCHOR_UNIQUE,CANONICAL,CIRCULAR,GOOD_EXT,UNAMBIGUOUS_BP"
"987","11",15177110,15190814,"hsa_circ_002753",2,"+",1,2,40,40,"my_test_sample",2,0,0,1,"GTAG",NA,"ANCHOR_UNIQUE,CANONICAL,CIRCULAR,PERFECT_EXT,UNAMBIGUOUS_BP"
"988","4",625839,625992,"hsa_circ_002758",4,"-",1,4,40,5,"my_test_sample",4,1,0,1,"GTAG",NA,"ANCHOR_UNIQUE,CANONICAL,CIRCULAR,GOOD_EXT,UNAMBIGUOUS_BP"
"989","11",118155593,118155801,"hsa_circ_002760",2,"-",1,2,40,5,"my_test_sample",2,0,0,1,"GTAG",NA,"ANCHOR_UNIQUE,CANONICAL,CIRCULAR,PERFECT_EXT,UNAMBIGUOUS_BP"
"990","20",48699544,48699731,"hsa_circ_002761",2,"-",1,2,40,5,"my_test_sample",2,2,0,1,"GTAG",NA,"ANCHOR_UNIQUE,CANONICAL,CIRCULAR,OK_EXT,UNAMBIGUOUS_BP"
"991","16",22266389,22266876,"hsa_circ_002762",7,"+",1,7,40,40,"my_test_sample",7,0,0,1,"GTAG",NA,"ANCHOR_UNIQUE,CANONICAL,CIRCULAR,PERFECT_EXT,UNAMBIGUOUS_BP"
"992","3",188484591,188524787,"hsa_circ_002781",2,"+",1,2,5,40,"my_test_sample",2,0,0,1,"GTAG",NA,"ANCHOR_UNIQUE,CANONICAL,CIRCULAR,PERFECT_EXT,UNAMBIGUOUS_BP"
"993","8",25742274,25742449,"hsa_circ_002788",2,"+",1,2,40,5,"my_test_sample",2,0,0,1,"GTAG",NA,"ANCHOR_UNIQUE,CANONICAL,CIRCULAR,PERFECT_EXT,UNAMBIGUOUS_BP"
"994","16",86338367,86338519,"hsa_circ_002789",4,"-",1,4,40,40,"my_test_sample",4,0,0,1,"GTAG",NA,"ANCHOR_UNIQUE,CANONICAL,CIRCULAR,PERFECT_EXT,UNAMBIGUOUS_BP"
"995","12",97085674,97085864,"hsa_circ_002792",4,"-",1,4,35,4,"my_test_sample",4,0,0,1,"GTAG",NA,"ANCHOR_UNIQUE,CANONICAL,CIRCULAR,PERFECT_EXT,UNAMBIGUOUS_BP"
"996","20",1876417,1876576,"hsa_circ_002793",3,"+",2,3,40,40,"my_test_sample",3,0,0,1,"GTAG",NA,"ANCHOR_UNIQUE,CANONICAL,CIRCULAR,PERFECT_EXT,UNAMBIGUOUS_BP"
"997","13",29703238,29703406,"hsa_circ_002794",2,"-",1,2,5,40,"my_test_sample",2,2,0,1,"GTAG",NA,"ANCHOR_UNIQUE,CANONICAL,CIRCULAR,OK_EXT,UNAMBIGUOUS_BP"
"998","19",4717446,4717626,"hsa_circ_002797",3,"-",2,3,40,40,"my_test_sample",3,1,0,1,"GTAG",NA,"ANCHOR_UNIQUE,CANONICAL,CIRCULAR,GOOD_EXT,UNAMBIGUOUS_BP"
"999","6",39018653,39018805,"hsa_circ_002798",3,"+",2,3,5,40,"my_test_sample",3,0,0,1,"GTAG",NA,"ANCHOR_UNIQUE,CANONICAL,CIRCULAR,PERFECT_EXT,UNAMBIGUOUS_BP"
"1000","11",118583808,118584644,"hsa_circ_002799",3,"+",1,3,5,5,"my_test_sample",3,0,0,1,"GTAG",NA,"ANCHOR_UNIQUE,CANONICAL,CIRCULAR,PERFECT_EXT,UNAMBIGUOUS_BP"
"1001","15",90583634,90583792,"hsa_circ_002801",5,"+",2,5,5,5,"my_test_sample",5,1,0,1,"GTAG",NA,"ANCHOR_UNIQUE,CANONICAL,CIRCULAR,GOOD_EXT,UNAMBIGUOUS_BP"
"1002","6",12325586,12325850,"hsa_circ_002802",2,"-",1,2,40,40,"my_test_sample",2,0,0,1,"GTAG",NA,"ANCHOR_UNIQUE,CANONICAL,CIRCULAR,PERFECT_EXT,UNAMBIGUOUS_BP"
"1003","9",83657246,83657420,"hsa_circ_002804",3,"-",1,3,5,40,"my_test_sample",3,1,0,1,"GTAG",NA,"ANCHOR_UNIQUE,CANONICAL,CIRCULAR,GOOD_EXT,UNAMBIGUOUS_BP"
"1004","8",144086452,144086627,"hsa_circ_002807",3,"+",1,3,5,35,"my_test_sample",3,0,1,1,"GTAG",NA,"ANCHOR_UNIQUE,CANONICAL,CIRCULAR,GOOD_EXT,UNAMBIGUOUS_BP"
"1005","17",76291014,76294021,"hsa_circ_002812",2,"-",1,2,5,40,"my_test_sample",2,0,0,1,"GTAG",NA,"ANCHOR_UNIQUE,CANONICAL,CIRCULAR,PERFECT_EXT,UNAMBIGUOUS_BP"
"1006","17",45918208,45918385,"hsa_circ_002818",2,"-",2,2,5,5,"my_test_sample",2,1,0,1,"GTAG",NA,"ANCHOR_UNIQUE,CANONICAL,CIRCULAR,GOOD_EXT,UNAMBIGUOUS_BP"
"1007","5",34502696,34502897,"hsa_circ_002820",3,"+",2,3,40,37,"my_test_sample",3,0,0,1,"GTAG",NA,"ANCHOR_UNIQUE,CANONICAL,CIRCULAR,PERFECT_EXT,UNAMBIGUOUS_BP"
"1008","X",58215485,58215658,"hsa_circ_002822",2,"-",2,2,5,40,"my_test_sample",2,1,0,1,"GTAG",NA,"ANCHOR_UNIQUE,CANONICAL,CIRCULAR,GOOD_EXT,UNAMBIGUOUS_BP"
"1009","2",70741877,70742143,"hsa_circ_002825",2,"-",2,2,5,5,"my_test_sample",2,1,0,1,"GTAG",NA,"ANCHOR_UNIQUE,CANONICAL,CIRCULAR,GOOD_EXT,UNAMBIGUOUS_BP"
"1010","1",160626939,160627122,"hsa_circ_002826",2,"-",1,2,5,40,"my_test_sample",2,1,0,1,"GTAG",NA,"ANCHOR_UNIQUE,CANONICAL,CIRCULAR,GOOD_EXT,UNAMBIGUOUS_BP"
"1011","1",78571489,78571665,"hsa_circ_002830",2,"-",1,2,40,40,"my_test_sample",2,1,0,1,"GTAG",NA,"ANCHOR_UNIQUE,CANONICAL,CIRCULAR,GOOD_EXT,UNAMBIGUOUS_BP"
"1012","3",185143279,185143517,"hsa_circ_002831",2,"+",1,2,40,5,"my_test_sample",2,1,0,1,"GTAG",NA,"ANCHOR_UNIQUE,CANONICAL,CIRCULAR,GOOD_EXT,UNAMBIGUOUS_BP"
"1013","4",94355550,94355706,"hsa_circ_002832",4,"+",1,4,40,40,"my_test_sample",4,1,0,1,"GTAG",NA,"ANCHOR_UNIQUE,CANONICAL,CIRCULAR,GOOD_EXT,UNAMBIGUOUS_BP"
"1014","22",19655433,19655601,"hsa_circ_002833",4,"+",2,4,40,40,"my_test_sample",4,0,0,1,"GTAG",NA,"ANCHOR_UNIQUE,CANONICAL,CIRCULAR,PERFECT_EXT,UNAMBIGUOUS_BP"
"1015","22",41808874,41813822,"hsa_circ_002836",4,"+",3,4,5,40,"my_test_sample",4,0,0,1,"GTAG",NA,"ANCHOR_UNIQUE,CANONICAL,CIRCULAR,PERFECT_EXT,UNAMBIGUOUS_BP"
"1016","8",144597235,144597428,"hsa_circ_002837",2,"-",1,2,5,40,"my_test_sample",2,1,0,1,"GTAG",NA,"ANCHOR_UNIQUE,CANONICAL,CIRCULAR,GOOD_EXT,UNAMBIGUOUS_BP"
"1017","2",231460151,231460866,"hsa_circ_002838",2,"-",2,2,5,5,"my_test_sample",2,0,0,1,"GTAG",NA,"ANCHOR_UNIQUE,CANONICAL,CIRCULAR,PERFECT_EXT,UNAMBIGUOUS_BP"
"1018","9",70066366,70066518,"hsa_circ_002845",4,"+",2,4,40,40,"my_test_sample",4,0,0,1,"GTAG",NA,"ANCHOR_UNIQUE,CANONICAL,CIRCULAR,PERFECT_EXT,UNAMBIGUOUS_BP"
"1019","20",1212353,1212527,"hsa_circ_002849",2,"-",1,2,5,40,"my_test_sample",2,1,0,1,"GTAG",NA,"ANCHOR_UNIQUE,CANONICAL,CIRCULAR,GOOD_EXT,UNAMBIGUOUS_BP"
"1020","7",28031241,28031406,"hsa_circ_002852",4,"+",2,4,40,40,"my_test_sample",4,1,0,1,"GTAG",NA,"ANCHOR_UNIQUE,CANONICAL,CIRCULAR,GOOD_EXT,UNAMBIGUOUS_BP"
"1021","9",5491745,5491900,"hsa_circ_002855",2,"+",2,2,37,5,"my_test_sample",2,0,0,1,"GTAG",NA,"ANCHOR_UNIQUE,CANONICAL,CIRCULAR,PERFECT_EXT,UNAMBIGUOUS_BP"
"1022","15",67648186,67648350,"hsa_circ_002858",2,"-",2,1,5,5,"my_test_sample",2,1,0,1,"GTAG",NA,"ANCHOR_UNIQUE,CANONICAL,CIRCULAR,GOOD_EXT,UNAMBIGUOUS_BP"
"1023","18",48619537,48636685,"hsa_circ_002860",2,"+",2,2,40,40,"my_test_sample",2,0,0,1,"GTAG",NA,"ANCHOR_UNIQUE,CANONICAL,CIRCULAR,PERFECT_EXT,UNAMBIGUOUS_BP"
"1024","11",75611436,75611663,"hsa_circ_002861",2,"-",1,2,5,5,"my_test_sample",2,2,0,1,"GTAG",NA,"ANCHOR_UNIQUE,CANONICAL,CIRCULAR,OK_EXT,UNAMBIGUOUS_BP"
"1025","10",102376934,102377128,"hsa_circ_002862",2,"+",1,2,40,40,"my_test_sample",2,0,0,1,"GTAG",NA,"ANCHOR_UNIQUE,CANONICAL,CIRCULAR,PERFECT_EXT,UNAMBIGUOUS_BP"
"1026","7",159060083,159060234,"hsa_circ_002864",2,"-",1,2,5,5,"my_test_sample",2,0,0,1,"GTAG",NA,"ANCHOR_UNIQUE,CANONICAL,CIRCULAR,PERFECT_EXT,UNAMBIGUOUS_BP"
"1027","X",2560170,2560332,"hsa_circ_002866",5,"+",3,5,5,5,"my_test_sample",5,1,0,1,"GTAG",NA,"ANCHOR_UNIQUE,CANONICAL,CIRCULAR,GOOD_EXT,UNAMBIGUOUS_BP"
"1028","8",37314575,37314727,"hsa_circ_002868",5,"+",2,5,40,40,"my_test_sample",5,0,0,1,"GTAG",NA,"ANCHOR_UNIQUE,CANONICAL,CIRCULAR,PERFECT_EXT,UNAMBIGUOUS_BP"
"1029","6",136367138,136367333,"hsa_circ_002871",3,"-",1,3,5,40,"my_test_sample",3,1,0,1,"GTAG",NA,"ANCHOR_UNIQUE,CANONICAL,CIRCULAR,GOOD_EXT,UNAMBIGUOUS_BP"
"1030","15",98425326,98425523,"hsa_circ_002874",2,"-",1,2,40,40,"my_test_sample",2,1,0,1,"GTAG",NA,"ANCHOR_UNIQUE,CANONICAL,CIRCULAR,GOOD_EXT,UNAMBIGUOUS_BP"
"1031","3",55316574,55316733,"hsa_circ_002875",2,"-",2,2,40,5,"my_test_sample",2,1,0,1,"GTAG",NA,"ANCHOR_UNIQUE,CANONICAL,CIRCULAR,GOOD_EXT,UNAMBIGUOUS_BP"
"1032","10",44386333,44386508,"hsa_circ_002884",4,"-",1,4,5,40,"my_test_sample",4,1,0,1,"GTAG",NA,"ANCHOR_UNIQUE,CANONICAL,CIRCULAR,GOOD_EXT,UNAMBIGUOUS_BP"
"1033","5",57013906,57014083,"hsa_circ_002885",2,"+",1,2,5,5,"my_test_sample",2,1,0,1,"GTAG",NA,"ANCHOR_UNIQUE,CANONICAL,CIRCULAR,GOOD_EXT,UNAMBIGUOUS_BP"
"1034","1",90180355,90180527,"hsa_circ_002887",4,"+",1,4,40,5,"my_test_sample",4,1,0,1,"GTAG",NA,"ANCHOR_UNIQUE,CANONICAL,CIRCULAR,GOOD_EXT,UNAMBIGUOUS_BP"
"1035","1",46257641,46257843,"hsa_circ_002903",5,"-",2,5,5,40,"my_test_sample",5,0,0,1,"GTAG",NA,"ANCHOR_UNIQUE,CANONICAL,CIRCULAR,PERFECT_EXT,UNAMBIGUOUS_BP"
"1036","2",190865284,190865455,"hsa_circ_002904",2,"-",1,2,40,40,"my_test_sample",2,1,2,1,"GTAG",NA,"ANCHOR_UNIQUE,CANONICAL,CIRCULAR,OK_EXT,UNAMBIGUOUS_BP"
"1037","10",112739082,112739268,"hsa_circ_002908",2,"-",2,2,40,5,"my_test_sample",2,0,0,1,"GTAG",NA,"ANCHOR_UNIQUE,CANONICAL,CIRCULAR,PERFECT_EXT,UNAMBIGUOUS_BP"
"1038","19",43750202,43750366,"hsa_circ_002910",2,"-",1,2,5,40,"my_test_sample",2,1,0,1,"GTAG",NA,"ANCHOR_UNIQUE,CANONICAL,CIRCULAR,GOOD_EXT,UNAMBIGUOUS_BP"
"1039","4",141396317,141396521,"hsa_circ_002912",2,"-",1,2,5,5,"my_test_sample",2,2,0,1,"GTAG",NA,"ANCHOR_UNIQUE,CANONICAL,CIRCULAR,OK_EXT,UNAMBIGUOUS_BP"
"1040","13",109401113,109401433,"hsa_circ_002919",3,"-",1,3,5,5,"my_test_sample",3,2,0,1,"GTAG",NA,"ANCHOR_UNIQUE,CANONICAL,CIRCULAR,OK_EXT,UNAMBIGUOUS_BP"
"1041","1",164129319,164129555,"hsa_circ_002920",4,"-",1,4,5,5,"my_test_sample",4,0,0,1,"GTAG",NA,"ANCHOR_UNIQUE,CANONICAL,CIRCULAR,PERFECT_EXT,UNAMBIGUOUS_BP"
"1042","2",153175748,153175955,"hsa_circ_002921",3,"+",1,3,5,5,"my_test_sample",3,1,0,1,"GTAG",NA,"ANCHOR_UNIQUE,CANONICAL,CIRCULAR,GOOD_EXT,UNAMBIGUOUS_BP"
"1043","2",113229669,113229852,"hsa_circ_002922",2,"+",1,2,40,5,"my_test_sample",2,1,0,1,"GTAG",NA,"ANCHOR_UNIQUE,CANONICAL,CIRCULAR,GOOD_EXT,UNAMBIGUOUS_BP"
"1044","12",39671465,39671724,"hsa_circ_002930",2,"+",1,2,40,40,"my_test_sample",2,1,0,1,"GTAG",NA,"ANCHOR_UNIQUE,CANONICAL,CIRCULAR,GOOD_EXT,UNAMBIGUOUS_BP"
"1045","17",7328339,7328513,"hsa_circ_002931",2,"-",1,2,40,5,"my_test_sample",2,0,0,1,"GTAG",NA,"ANCHOR_UNIQUE,CANONICAL,CIRCULAR,PERFECT_EXT,UNAMBIGUOUS_BP"
"1046","6",170064399,170064570,"hsa_circ_002934",2,"-",1,2,5,40,"my_test_sample",2,0,0,1,"GTAG",NA,"ANCHOR_UNIQUE,CANONICAL,CIRCULAR,PERFECT_EXT,UNAMBIGUOUS_BP"
"1047","2",201404788,201404970,"hsa_circ_002935",4,"+",1,4,40,5,"my_test_sample",4,2,0,1,"GTAG",NA,"ANCHOR_UNIQUE,CANONICAL,CIRCULAR,OK_EXT,UNAMBIGUOUS_BP"
"1048","11",130901504,130901696,"hsa_circ_002937",2,"+",1,2,4,5,"my_test_sample",2,1,0,1,"GTAG",NA,"ANCHOR_UNIQUE,CANONICAL,CIRCULAR,GOOD_EXT,UNAMBIGUOUS_BP"
"1049","21",20520232,20520400,"hsa_circ_002940",5,"+",3,5,40,5,"my_test_sample",5,1,0,1,"GTAG",NA,"ANCHOR_UNIQUE,CANONICAL,CIRCULAR,GOOD_EXT,UNAMBIGUOUS_BP"
"1050","4",7761076,7761320,"hsa_circ_002942",2,"+",1,2,5,40,"my_test_sample",2,2,0,1,"GTAG",NA,"ANCHOR_UNIQUE,CANONICAL,CIRCULAR,OK_EXT,UNAMBIGUOUS_BP"
"1051","7",137289520,137289679,"hsa_circ_002949",2,"+",2,2,5,5,"my_test_sample",2,0,0,1,"GTAG",NA,"ANCHOR_UNIQUE,CANONICAL,CIRCULAR,PERFECT_EXT,UNAMBIGUOUS_BP"
"1052","2",74551814,74551977,"hsa_circ_002951",2,"+",2,2,5,40,"my_test_sample",2,2,0,1,"GTAG",NA,"ANCHOR_UNIQUE,CANONICAL,CIRCULAR,OK_EXT,UNAMBIGUOUS_BP"
"1053","2",199433369,199434712,"hsa_circ_002956",2,"-",1,2,40,5,"my_test_sample",2,2,0,1,"GTAG",NA,"ANCHOR_UNIQUE,CANONICAL,CIRCULAR,OK_EXT,UNAMBIGUOUS_BP"
"1054","9",114135504,114135665,"hsa_circ_002959",2,"-",1,2,5,5,"my_test_sample",2,2,0,1,"GTAG",NA,"ANCHOR_UNIQUE,CANONICAL,CIRCULAR,OK_EXT,UNAMBIGUOUS_BP"
"1055","1",159183659,159183827,"hsa_circ_002962",2,"+",1,2,40,5,"my_test_sample",2,1,0,1,"GTAG",NA,"ANCHOR_UNIQUE,CANONICAL,CIRCULAR,GOOD_EXT,UNAMBIGUOUS_BP"
"1056","1",23453383,23453539,"hsa_circ_002964",2,"-",1,2,4,40,"my_test_sample",2,1,0,1,"GTAG",NA,"ANCHOR_UNIQUE,CANONICAL,CIRCULAR,GOOD_EXT,UNAMBIGUOUS_BP"
"1057","9",116855400,116855573,"hsa_circ_002969",2,"+",1,2,5,40,"my_test_sample",2,1,0,1,"GTAG",NA,"ANCHOR_UNIQUE,CANONICAL,CIRCULAR,GOOD_EXT,UNAMBIGUOUS_BP"
"1058","19",44904782,44904961,"hsa_circ_002975",2,"+",2,2,5,5,"my_test_sample",2,0,0,1,"GTAG",NA,"ANCHOR_UNIQUE,CANONICAL,CIRCULAR,PERFECT_EXT,UNAMBIGUOUS_BP"
"1059","2",197515961,197516146,"hsa_circ_002977",4,"+",1,4,40,40,"my_test_sample",4,0,0,1,"GTAG",NA,"ANCHOR_UNIQUE,CANONICAL,CIRCULAR,PERFECT_EXT,UNAMBIGUOUS_BP"
"1060","1",220886752,220886929,"hsa_circ_002978",2,"-",2,2,40,40,"my_test_sample",2,0,0,1,"GTAG",NA,"ANCHOR_UNIQUE,CANONICAL,CIRCULAR,PERFECT_EXT,UNAMBIGUOUS_BP"
"1061","1",204602422,204602645,"hsa_circ_002982",3,"+",2,3,40,5,"my_test_sample",3,0,0,1,"GTAG",NA,"ANCHOR_UNIQUE,CANONICAL,CIRCULAR,PERFECT_EXT,UNAMBIGUOUS_BP"
"1062","1",156381538,156381692,"hsa_circ_002984",2,"+",2,2,5,40,"my_test_sample",2,0,0,1,"GTAG",NA,"ANCHOR_UNIQUE,CANONICAL,CIRCULAR,PERFECT_EXT,UNAMBIGUOUS_BP"
"1063","1",37997086,37997252,"hsa_circ_002986",2,"+",1,2,5,5,"my_test_sample",2,2,0,1,"GTAG",NA,"ANCHOR_UNIQUE,CANONICAL,CIRCULAR,OK_EXT,UNAMBIGUOUS_BP"
"1064","6",13358721,13358973,"hsa_circ_002988",2,"+",2,2,5,37,"my_test_sample",2,2,0,1,"GTAG",NA,"ANCHOR_UNIQUE,CANONICAL,CIRCULAR,OK_EXT,UNAMBIGUOUS_BP"
"1065","15",35118247,35145138,"hsa_circ_002989",2,"-",1,2,4,5,"my_test_sample",2,1,0,1,"GTAG",NA,"ANCHOR_UNIQUE,CANONICAL,CIRCULAR,GOOD_EXT,UNAMBIGUOUS_BP"
"1066","X",69123707,69123995,"hsa_circ_002992",2,"+",2,2,40,40,"my_test_sample",2,0,0,1,"GTAG",NA,"ANCHOR_UNIQUE,CANONICAL,CIRCULAR,PERFECT_EXT,UNAMBIGUOUS_BP"
"1067","X",68928715,68929088,"hsa_circ_002994",3,"+",1,3,5,5,"my_test_sample",3,1,0,1,"GTAG",NA,"ANCHOR_UNIQUE,CANONICAL,CIRCULAR,GOOD_EXT,UNAMBIGUOUS_BP"
"1068","1",81329277,81329464,"hsa_circ_002996",4,"-",1,4,5,40,"my_test_sample",4,2,0,1,"GTAG",NA,"ANCHOR_UNIQUE,CANONICAL,CIRCULAR,OK_EXT,UNAMBIGUOUS_BP"
"1069","5",142511671,142511830,"hsa_circ_003001",6,"+",2,6,40,40,"my_test_sample",6,1,0,1,"GTAG",NA,"ANCHOR_UNIQUE,CANONICAL,CIRCULAR,GOOD_EXT,UNAMBIGUOUS_BP"
"1070","18",25239918,25240106,"hsa_circ_003003",2,"-",2,2,40,40,"my_test_sample",2,1,0,1,"GTAG",NA,"ANCHOR_UNIQUE,CANONICAL,CIRCULAR,GOOD_EXT,UNAMBIGUOUS_BP"
"1071","15",61979089,61979276,"hsa_circ_003004",3,"-",1,3,40,40,"my_test_sample",3,2,0,1,"GTAG",NA,"ANCHOR_UNIQUE,CANONICAL,CIRCULAR,OK_EXT,UNAMBIGUOUS_BP"
"1072","1",85986002,85986163,"hsa_circ_003006",2,"-",2,2,40,40,"my_test_sample",2,1,0,1,"GTAG",NA,"ANCHOR_UNIQUE,CANONICAL,CIRCULAR,GOOD_EXT,UNAMBIGUOUS_BP"
"1073","11",82713532,82713683,"hsa_circ_003011",2,"+",1,2,40,5,"my_test_sample",2,1,0,1,"GTAG",NA,"ANCHOR_UNIQUE,CANONICAL,CIRCULAR,GOOD_EXT,UNAMBIGUOUS_BP"
"1074","1",212510564,212510733,"hsa_circ_003015",2,"-",1,2,5,40,"my_test_sample",2,1,0,1,"GTAG",NA,"ANCHOR_UNIQUE,CANONICAL,CIRCULAR,GOOD_EXT,UNAMBIGUOUS_BP"
"1075","3",68980529,68980722,"hsa_circ_003016",4,"-",1,4,5,40,"my_test_sample",4,1,0,1,"GTAG",NA,"ANCHOR_UNIQUE,CANONICAL,CIRCULAR,GOOD_EXT,UNAMBIGUOUS_BP"
"1076","11",67406026,67406183,"hsa_circ_003017",2,"-",1,2,5,40,"my_test_sample",2,0,0,1,"GTAG",NA,"ANCHOR_UNIQUE,CANONICAL,CIRCULAR,PERFECT_EXT,UNAMBIGUOUS_BP"
"1077","5",137025707,137025928,"hsa_circ_003022",4,"+",1,4,40,40,"my_test_sample",4,0,0,1,"GTAG",NA,"ANCHOR_UNIQUE,CANONICAL,CIRCULAR,PERFECT_EXT,UNAMBIGUOUS_BP"
"1078","2",205892546,205892836,"hsa_circ_003024",2,"+",1,2,40,5,"my_test_sample",2,1,0,1,"GTAG",NA,"ANCHOR_UNIQUE,CANONICAL,CIRCULAR,GOOD_EXT,UNAMBIGUOUS_BP"
"1079","9",93398464,93398640,"hsa_circ_003033",2,"-",2,2,40,40,"my_test_sample",2,1,0,1,"GTAG",NA,"ANCHOR_UNIQUE,CANONICAL,CIRCULAR,GOOD_EXT,UNAMBIGUOUS_BP"
"1080","5",168467842,168469103,"hsa_circ_003037",8,"+",2,8,40,40,"my_test_sample",8,0,0,1,"GTAG",NA,"ANCHOR_UNIQUE,CANONICAL,CIRCULAR,PERFECT_EXT,UNAMBIGUOUS_BP"
"1081","16",11020192,11061022,"hsa_circ_003041",2,"+",1,2,40,40,"my_test_sample",2,0,0,1,"GTAG",NA,"ANCHOR_UNIQUE,CANONICAL,CIRCULAR,PERFECT_EXT,UNAMBIGUOUS_BP"
"1082","4",39879727,39890364,"hsa_circ_003044",2,"-",2,2,40,40,"my_test_sample",2,1,0,1,"GTAG",NA,"ANCHOR_UNIQUE,CANONICAL,CIRCULAR,GOOD_EXT,UNAMBIGUOUS_BP"
"1083","6",44373871,44374055,"hsa_circ_003052",3,"+",2,3,37,5,"my_test_sample",3,0,0,1,"GTAG",NA,"ANCHOR_UNIQUE,CANONICAL,CIRCULAR,PERFECT_EXT,UNAMBIGUOUS_BP"
"1084","2",213082921,213083277,"hsa_circ_003055",3,"+",1,3,5,40,"my_test_sample",3,0,0,1,"GTAG",NA,"ANCHOR_UNIQUE,CANONICAL,CIRCULAR,PERFECT_EXT,UNAMBIGUOUS_BP"
"1085","11",473586,473722,"hsa_circ_003058",4,"+",2,4,5,5,"my_test_sample",4,0,0,1,"GTAG",NA,"ANCHOR_UNIQUE,CANONICAL,CIRCULAR,PERFECT_EXT,UNAMBIGUOUS_BP"
"1086","2",4777390,4777556,"hsa_circ_003068",4,"+",3,4,40,40,"my_test_sample",4,0,0,1,"GTAG",NA,"ANCHOR_UNIQUE,CANONICAL,CIRCULAR,PERFECT_EXT,UNAMBIGUOUS_BP"
"1087","7",143441708,143442567,"hsa_circ_003070",2,"+",1,2,40,5,"my_test_sample",2,2,0,1,"GTAG",NA,"ANCHOR_UNIQUE,CANONICAL,CIRCULAR,OK_EXT,UNAMBIGUOUS_BP"
"1088","1",54503223,54503391,"hsa_circ_003074",6,"-",5,6,5,37,"my_test_sample",6,1,0,1,"GTAG",NA,"ANCHOR_UNIQUE,CANONICAL,CIRCULAR,GOOD_EXT,UNAMBIGUOUS_BP"
"1089","6",9330827,9331014,"hsa_circ_003077",3,"+",3,3,40,5,"my_test_sample",3,1,0,1,"GTAG",NA,"ANCHOR_UNIQUE,CANONICAL,CIRCULAR,GOOD_EXT,UNAMBIGUOUS_BP"
"1090","5",36404364,36404549,"hsa_circ_003081",2,"-",1,2,5,40,"my_test_sample",2,1,0,1,"GTAG",NA,"ANCHOR_UNIQUE,CANONICAL,CIRCULAR,GOOD_EXT,UNAMBIGUOUS_BP"
"1091","11",42098308,42098573,"hsa_circ_003084",2,"-",2,2,5,40,"my_test_sample",2,1,0,1,"GTAG",NA,"ANCHOR_UNIQUE,CANONICAL,CIRCULAR,GOOD_EXT,UNAMBIGUOUS_BP"
"1092","8",144662461,144662706,"hsa_circ_003086",2,"-",2,2,40,40,"my_test_sample",2,1,0,1,"GTAG",NA,"ANCHOR_UNIQUE,CANONICAL,CIRCULAR,GOOD_EXT,UNAMBIGUOUS_BP"
"1093","2",31136234,31136384,"hsa_circ_003090",2,"-",2,2,40,40,"my_test_sample",2,0,0,1,"GTAG",NA,"ANCHOR_UNIQUE,CANONICAL,CIRCULAR,PERFECT_EXT,UNAMBIGUOUS_BP"
"1094","9",102001833,102002008,"hsa_circ_003093",3,"+",1,3,5,5,"my_test_sample",3,2,0,1,"GTAG",NA,"ANCHOR_UNIQUE,CANONICAL,CIRCULAR,OK_EXT,UNAMBIGUOUS_BP"
"1095","X",150890579,150890797,"hsa_circ_003096",5,"+",1,5,5,5,"my_test_sample",5,1,0,1,"GTAG",NA,"ANCHOR_UNIQUE,CANONICAL,CIRCULAR,GOOD_EXT,UNAMBIGUOUS_BP"
"1096","8",95390023,95390203,"hsa_circ_003109",3,"+",2,3,35,40,"my_test_sample",3,1,0,1,"GTAG",NA,"ANCHOR_UNIQUE,CANONICAL,CIRCULAR,GOOD_EXT,UNAMBIGUOUS_BP"
"1097","8",133017107,133017407,"hsa_circ_003110",2,"+",1,2,40,40,"my_test_sample",2,0,0,1,"GTAG",NA,"ANCHOR_UNIQUE,CANONICAL,CIRCULAR,PERFECT_EXT,UNAMBIGUOUS_BP"
"1098","5",117877013,117877168,"hsa_circ_003112",2,"+",1,2,5,5,"my_test_sample",2,1,0,1,"GTAG",NA,"ANCHOR_UNIQUE,CANONICAL,CIRCULAR,GOOD_EXT,UNAMBIGUOUS_BP"
"1099","6",6594942,6595129,"hsa_circ_003115",3,"+",1,3,40,5,"my_test_sample",3,0,0,1,"GTAG",NA,"ANCHOR_UNIQUE,CANONICAL,CIRCULAR,PERFECT_EXT,UNAMBIGUOUS_BP"
"1100","16",57641222,57641391,"hsa_circ_003116",2,"+",2,2,40,5,"my_test_sample",2,1,0,1,"GTAG",NA,"ANCHOR_UNIQUE,CANONICAL,CIRCULAR,GOOD_EXT,UNAMBIGUOUS_BP"
"1101","6",41052264,41055999,"hsa_circ_003117",2,"-",1,2,5,40,"my_test_sample",2,0,0,1,"GTAG",NA,"ANCHOR_UNIQUE,CANONICAL,CIRCULAR,PERFECT_EXT,UNAMBIGUOUS_BP"
"1102","3",148653290,148653466,"hsa_circ_003119",2,"-",1,2,40,40,"my_test_sample",2,1,0,1,"GTAG",NA,"ANCHOR_UNIQUE,CANONICAL,CIRCULAR,GOOD_EXT,UNAMBIGUOUS_BP"
"1103","3",196544431,196544607,"hsa_circ_003125",2,"-",2,2,5,40,"my_test_sample",2,1,0,1,"GTAG",NA,"ANCHOR_UNIQUE,CANONICAL,CIRCULAR,GOOD_EXT,UNAMBIGUOUS_BP"
"1104","1",5485713,5485863,"hsa_circ_003129",2,"-",2,2,5,40,"my_test_sample",2,1,0,1,"GTAG",NA,"ANCHOR_UNIQUE,CANONICAL,CIRCULAR,GOOD_EXT,UNAMBIGUOUS_BP"
"1105","14",73400154,73400315,"hsa_circ_003131",2,"+",1,2,40,5,"my_test_sample",2,2,0,1,"GTAG",NA,"ANCHOR_UNIQUE,CANONICAL,CIRCULAR,OK_EXT,UNAMBIGUOUS_BP"
"1106","7",141511461,141511737,"hsa_circ_003132",2,"-",1,2,40,40,"my_test_sample",2,0,0,1,"GTAG",NA,"ANCHOR_UNIQUE,CANONICAL,CIRCULAR,PERFECT_EXT,UNAMBIGUOUS_BP"
"1107","5",56903817,56903981,"hsa_circ_003135",2,"-",1,2,5,40,"my_test_sample",2,2,0,1,"GTAG",NA,"ANCHOR_UNIQUE,CANONICAL,CIRCULAR,OK_EXT,UNAMBIGUOUS_BP"
"1108","9",30629056,30629226,"hsa_circ_003138",2,"+",2,2,40,40,"my_test_sample",2,1,2,1,"GTAG",NA,"ANCHOR_UNIQUE,CANONICAL,CIRCULAR,OK_EXT,UNAMBIGUOUS_BP"
"1109","3",41138983,41139161,"hsa_circ_003140",2,"-",1,2,5,40,"my_test_sample",2,1,0,1,"GTAG",NA,"ANCHOR_UNIQUE,CANONICAL,CIRCULAR,GOOD_EXT,UNAMBIGUOUS_BP"
"1110","14",59687912,59688140,"hsa_circ_003141",4,"-",3,4,5,5,"my_test_sample",4,0,0,1,"GTAG",NA,"ANCHOR_UNIQUE,CANONICAL,CIRCULAR,PERFECT_EXT,UNAMBIGUOUS_BP"
"1111","3",157129686,157130003,"hsa_circ_003147",4,"+",1,4,5,40,"my_test_sample",4,0,0,1,"GTAG",NA,"ANCHOR_UNIQUE,CANONICAL,CIRCULAR,PERFECT_EXT,UNAMBIGUOUS_BP"
"1112","14",103302019,103302249,"hsa_circ_003149",3,"+",1,3,5,5,"my_test_sample",3,0,0,1,"GTAG",NA,"ANCHOR_UNIQUE,CANONICAL,CIRCULAR,PERFECT_EXT,UNAMBIGUOUS_BP"
"1113","18",31595622,31595803,"hsa_circ_003150",2,"-",1,2,40,40,"my_test_sample",2,1,0,1,"GTAG",NA,"ANCHOR_UNIQUE,CANONICAL,CIRCULAR,GOOD_EXT,UNAMBIGUOUS_BP"
"1114","2",27574664,27574832,"hsa_circ_003154",2,"-",1,2,40,40,"my_test_sample",2,1,0,1,"GTAG",NA,"ANCHOR_UNIQUE,CANONICAL,CIRCULAR,GOOD_EXT,UNAMBIGUOUS_BP"
"1115","14",90100622,90100787,"hsa_circ_003156",2,"-",1,2,5,5,"my_test_sample",2,0,0,1,"GTAG",NA,"ANCHOR_UNIQUE,CANONICAL,CIRCULAR,PERFECT_EXT,UNAMBIGUOUS_BP"
"1116","9",101547398,101550785,"hsa_circ_003163",4,"+",1,4,40,40,"my_test_sample",4,0,0,1,"GTAG",NA,"ANCHOR_UNIQUE,CANONICAL,CIRCULAR,PERFECT_EXT,UNAMBIGUOUS_BP"
"1117","10",75283107,75283278,"hsa_circ_003164",3,"+",1,3,5,40,"my_test_sample",3,0,0,1,"GTAG",NA,"ANCHOR_UNIQUE,CANONICAL,CIRCULAR,PERFECT_EXT,UNAMBIGUOUS_BP"
"1118","5",172547127,172547303,"hsa_circ_003165",2,"+",1,2,40,5,"my_test_sample",2,1,2,1,"GTAG",NA,"ANCHOR_UNIQUE,CANONICAL,CIRCULAR,OK_EXT,UNAMBIGUOUS_BP"
"1119","2",235711861,235712050,"hsa_circ_003174",2,"+",2,2,40,4,"my_test_sample",2,0,0,1,"GTAG",NA,"ANCHOR_UNIQUE,CANONICAL,CIRCULAR,PERFECT_EXT,UNAMBIGUOUS_BP"
"1120","2",128186682,128187614,"hsa_circ_003176",4,"+",2,4,40,40,"my_test_sample",4,0,0,1,"GTAG",NA,"ANCHOR_UNIQUE,CANONICAL,CIRCULAR,PERFECT_EXT,UNAMBIGUOUS_BP"
"1121","17",42109472,42109682,"hsa_circ_003178",3,"+",2,3,40,5,"my_test_sample",3,0,0,1,"GTAG",NA,"ANCHOR_UNIQUE,CANONICAL,CIRCULAR,PERFECT_EXT,UNAMBIGUOUS_BP"
"1122","12",93168376,93168526,"hsa_circ_003179",2,"+",2,2,40,40,"my_test_sample",2,2,0,1,"GTAG",NA,"ANCHOR_UNIQUE,CANONICAL,CIRCULAR,OK_EXT,UNAMBIGUOUS_BP"
"1123","14",84056617,84056997,"hsa_circ_003180",2,"+",1,2,5,5,"my_test_sample",2,0,0,1,"GTAG",NA,"ANCHOR_UNIQUE,CANONICAL,CIRCULAR,PERFECT_EXT,UNAMBIGUOUS_BP"
"1124","3",58233007,58233180,"hsa_circ_003181",5,"+",1,5,40,5,"my_test_sample",5,2,0,1,"GTAG",NA,"ANCHOR_UNIQUE,CANONICAL,CIRCULAR,OK_EXT,UNAMBIGUOUS_BP"
"1125","7",57580926,57581182,"hsa_circ_003182",2,"+",2,1,5,5,"my_test_sample",2,0,0,1,"GTAG",NA,"ANCHOR_UNIQUE,CANONICAL,CIRCULAR,PERFECT_EXT,UNAMBIGUOUS_BP"
"1126","3",41932610,41932767,"hsa_circ_003184",3,"+",1,3,40,5,"my_test_sample",3,1,0,1,"GTAG",NA,"ANCHOR_UNIQUE,CANONICAL,CIRCULAR,GOOD_EXT,UNAMBIGUOUS_BP"
"1127","18",2995355,2995567,"hsa_circ_003186",2,"-",2,2,40,5,"my_test_sample",2,2,0,1,"GTAG",NA,"ANCHOR_UNIQUE,CANONICAL,CIRCULAR,OK_EXT,UNAMBIGUOUS_BP"
"1128","13",25952900,25953050,"hsa_circ_003187",2,"+",2,2,5,40,"my_test_sample",2,0,0,1,"GTAG",NA,"ANCHOR_UNIQUE,CANONICAL,CIRCULAR,PERFECT_EXT,UNAMBIGUOUS_BP"
"1129","11",109768454,109768617,"hsa_circ_003189",5,"+",2,5,40,5,"my_test_sample",5,2,0,1,"GTAG",NA,"ANCHOR_UNIQUE,CANONICAL,CIRCULAR,OK_EXT,UNAMBIGUOUS_BP"
"1130","6",85014589,85014750,"hsa_circ_003193",5,"+",1,5,40,40,"my_test_sample",5,1,0,1,"GTAG",NA,"ANCHOR_UNIQUE,CANONICAL,CIRCULAR,GOOD_EXT,UNAMBIGUOUS_BP"
"1131","5",35556321,35556542,"hsa_circ_003194",2,"-",1,2,40,5,"my_test_sample",2,0,0,1,"GTAG",NA,"ANCHOR_UNIQUE,CANONICAL,CIRCULAR,PERFECT_EXT,UNAMBIGUOUS_BP"
"1132","22",33205158,33205346,"hsa_circ_003199",3,"-",2,3,40,5,"my_test_sample",3,0,0,1,"GTAG",NA,"ANCHOR_UNIQUE,CANONICAL,CIRCULAR,PERFECT_EXT,UNAMBIGUOUS_BP"
"1133","3",123124065,123130616,"hsa_circ_003200",2,"+",1,2,5,5,"my_test_sample",2,0,0,1,"GTAG",NA,"ANCHOR_UNIQUE,CANONICAL,CIRCULAR,PERFECT_EXT,UNAMBIGUOUS_BP"
"1134","10",103801934,103802125,"hsa_circ_003202",2,"-",2,2,5,40,"my_test_sample",2,0,0,1,"GTAG",NA,"ANCHOR_UNIQUE,CANONICAL,CIRCULAR,PERFECT_EXT,UNAMBIGUOUS_BP"
"1135","18",79320223,79320382,"hsa_circ_003203",2,"-",1,2,40,40,"my_test_sample",2,0,0,1,"GTAG",NA,"ANCHOR_UNIQUE,CANONICAL,CIRCULAR,PERFECT_EXT,UNAMBIGUOUS_BP"
"1136","3",153567749,153567960,"hsa_circ_003204",3,"+",1,3,5,40,"my_test_sample",3,2,0,1,"GTAG",NA,"ANCHOR_UNIQUE,CANONICAL,CIRCULAR,OK_EXT,UNAMBIGUOUS_BP"
"1137","7",16856198,16856375,"hsa_circ_003211",3,"+",1,3,5,5,"my_test_sample",3,1,0,1,"GTAG",NA,"ANCHOR_UNIQUE,CANONICAL,CIRCULAR,GOOD_EXT,UNAMBIGUOUS_BP"
"1138","8",114995516,114995759,"hsa_circ_003214",2,"+",2,2,5,5,"my_test_sample",2,1,0,1,"GTAG",NA,"ANCHOR_UNIQUE,CANONICAL,CIRCULAR,GOOD_EXT,UNAMBIGUOUS_BP"
"1139","10",22480455,22480737,"hsa_circ_003215",2,"+",1,2,40,5,"my_test_sample",2,1,0,1,"GTAG",NA,"ANCHOR_UNIQUE,CANONICAL,CIRCULAR,GOOD_EXT,UNAMBIGUOUS_BP"
"1140","15",69318429,69318615,"hsa_circ_003217",2,"-",1,2,35,5,"my_test_sample",2,1,0,1,"GTAG",NA,"ANCHOR_UNIQUE,CANONICAL,CIRCULAR,GOOD_EXT,UNAMBIGUOUS_BP"
"1141","17",38593226,38593448,"hsa_circ_003223",2,"+",1,2,5,40,"my_test_sample",2,0,0,1,"GTAG",NA,"ANCHOR_UNIQUE,CANONICAL,CIRCULAR,PERFECT_EXT,UNAMBIGUOUS_BP"
"1142","3",49617595,49617791,"hsa_circ_003229",2,"-",2,2,5,5,"my_test_sample",2,0,0,1,"GTAG",NA,"ANCHOR_UNIQUE,CANONICAL,CIRCULAR,PERFECT_EXT,UNAMBIGUOUS_BP"
"1143","11",42949220,42949432,"hsa_circ_003233",2,"+",2,2,5,4,"my_test_sample",2,2,0,1,"GTAG",NA,"ANCHOR_UNIQUE,CANONICAL,CIRCULAR,OK_EXT,UNAMBIGUOUS_BP"
"1144","3",129401205,129401365,"hsa_circ_003234",3,"+",3,3,5,40,"my_test_sample",3,0,0,1,"GTAG",NA,"ANCHOR_UNIQUE,CANONICAL,CIRCULAR,PERFECT_EXT,UNAMBIGUOUS_BP"
"1145","22",38300158,38300324,"hsa_circ_003236",2,"-",2,2,40,5,"my_test_sample",2,0,0,1,"GTAG",NA,"ANCHOR_UNIQUE,CANONICAL,CIRCULAR,PERFECT_EXT,UNAMBIGUOUS_BP"
"1146","19",11210549,11210708,"hsa_circ_003237",2,"-",1,2,5,5,"my_test_sample",2,0,0,1,"GTAG",NA,"ANCHOR_UNIQUE,CANONICAL,CIRCULAR,PERFECT_EXT,UNAMBIGUOUS_BP"
"1147","X",132256111,132256269,"hsa_circ_003238",2,"+",2,2,5,40,"my_test_sample",2,0,0,1,"GTAG",NA,"ANCHOR_UNIQUE,CANONICAL,CIRCULAR,PERFECT_EXT,UNAMBIGUOUS_BP"
"1148","11",45512848,45513000,"hsa_circ_003239",3,"-",2,3,40,40,"my_test_sample",3,0,0,1,"GTAG",NA,"ANCHOR_UNIQUE,CANONICAL,CIRCULAR,PERFECT_EXT,UNAMBIGUOUS_BP"
"1149","22",23093707,23093858,"hsa_circ_003240",2,"-",1,2,5,40,"my_test_sample",2,0,0,1,"GTAG",NA,"ANCHOR_UNIQUE,CANONICAL,CIRCULAR,PERFECT_EXT,UNAMBIGUOUS_BP"
"1150","5",104198356,104199058,"hsa_circ_003241",2,"-",1,2,5,5,"my_test_sample",2,1,0,1,"GTAG",NA,"ANCHOR_UNIQUE,CANONICAL,CIRCULAR,GOOD_EXT,UNAMBIGUOUS_BP"
"1151","3",120688161,120688370,"hsa_circ_003244",4,"+",1,4,5,5,"my_test_sample",4,1,0,1,"GTAG",NA,"ANCHOR_UNIQUE,CANONICAL,CIRCULAR,GOOD_EXT,UNAMBIGUOUS_BP"
"1152","3",84125943,84126193,"hsa_circ_003246",3,"+",3,3,37,40,"my_test_sample",3,0,2,1,"GTAG",NA,"ANCHOR_UNIQUE,CANONICAL,CIRCULAR,OK_EXT,UNAMBIGUOUS_BP"
"1153","9",83629785,83629994,"hsa_circ_003248",4,"+",1,4,5,40,"my_test_sample",4,0,0,1,"GTAG",NA,"ANCHOR_UNIQUE,CANONICAL,CIRCULAR,PERFECT_EXT,UNAMBIGUOUS_BP"
"1154","11",8383865,8384061,"hsa_circ_003250",2,"+",2,2,40,40,"my_test_sample",2,0,0,1,"GTAG",NA,"ANCHOR_UNIQUE,CANONICAL,CIRCULAR,PERFECT_EXT,UNAMBIGUOUS_BP"
"1155","7",48321334,48321459,"hsa_circ_003251",8,"-",1,8,5,40,"my_test_sample",8,0,0,1,"GTAG",NA,"ANCHOR_UNIQUE,CANONICAL,CIRCULAR,PERFECT_EXT,UNAMBIGUOUS_BP"
"1156","14",26349203,26349390,"hsa_circ_003254",2,"-",1,2,40,40,"my_test_sample",2,1,0,1,"GTAG",NA,"ANCHOR_UNIQUE,CANONICAL,CIRCULAR,GOOD_EXT,UNAMBIGUOUS_BP"
"1157","5",42039395,42039556,"hsa_circ_003257",3,"-",1,3,5,40,"my_test_sample",3,0,0,1,"GTAG",NA,"ANCHOR_UNIQUE,CANONICAL,CIRCULAR,PERFECT_EXT,UNAMBIGUOUS_BP"
"1158","22",35245919,35246071,"hsa_circ_003262",3,"-",3,3,5,40,"my_test_sample",3,0,0,1,"GTAG",NA,"ANCHOR_UNIQUE,CANONICAL,CIRCULAR,PERFECT_EXT,UNAMBIGUOUS_BP"
"1159","7",128142037,128142239,"hsa_circ_003265",3,"-",1,3,40,5,"my_test_sample",3,0,0,1,"GTAG",NA,"ANCHOR_UNIQUE,CANONICAL,CIRCULAR,PERFECT_EXT,UNAMBIGUOUS_BP"
"1160","11",45196505,45196660,"hsa_circ_003266",2,"-",2,2,40,5,"my_test_sample",2,1,0,1,"GTAG",NA,"ANCHOR_UNIQUE,CANONICAL,CIRCULAR,GOOD_EXT,UNAMBIGUOUS_BP"
"1161","2",226673575,226673777,"hsa_circ_003270",3,"+",2,3,40,40,"my_test_sample",3,2,0,1,"GTAG",NA,"ANCHOR_UNIQUE,CANONICAL,CIRCULAR,OK_EXT,UNAMBIGUOUS_BP"
"1162","6",143671956,143672127,"hsa_circ_003271",3,"-",1,3,5,5,"my_test_sample",3,1,0,1,"GTAG",NA,"ANCHOR_UNIQUE,CANONICAL,CIRCULAR,GOOD_EXT,UNAMBIGUOUS_BP"
"1163","11",77057905,77058065,"hsa_circ_003272",2,"+",2,2,40,40,"my_test_sample",2,1,0,1,"GTAG",NA,"ANCHOR_UNIQUE,CANONICAL,CIRCULAR,GOOD_EXT,UNAMBIGUOUS_BP"
"1164","20",32788853,32792770,"hsa_circ_003273",7,"+",3,7,40,37,"my_test_sample",7,0,0,1,"GTAG",NA,"ANCHOR_UNIQUE,CANONICAL,CIRCULAR,PERFECT_EXT,UNAMBIGUOUS_BP"
"1165","2",190939129,190939290,"hsa_circ_003274",2,"-",1,2,40,5,"my_test_sample",2,1,0,1,"GTAG",NA,"ANCHOR_UNIQUE,CANONICAL,CIRCULAR,GOOD_EXT,UNAMBIGUOUS_BP"
"1166","X",123377596,123377781,"hsa_circ_003279",4,"-",1,4,40,40,"my_test_sample",4,1,0,1,"GTAG",NA,"ANCHOR_UNIQUE,CANONICAL,CIRCULAR,GOOD_EXT,UNAMBIGUOUS_BP"
"1167","9",81204474,81204668,"hsa_circ_003280",3,"+",1,3,40,5,"my_test_sample",3,2,0,1,"GTAG",NA,"ANCHOR_UNIQUE,CANONICAL,CIRCULAR,OK_EXT,UNAMBIGUOUS_BP"
"1168","4",44220559,44220721,"hsa_circ_003281",4,"+",4,4,40,40,"my_test_sample",4,0,0,1,"GTAG",NA,"ANCHOR_UNIQUE,CANONICAL,CIRCULAR,PERFECT_EXT,UNAMBIGUOUS_BP"
"1169","2",126246996,126247161,"hsa_circ_003282",5,"-",1,5,40,5,"my_test_sample",5,1,0,1,"GTAG",NA,"ANCHOR_UNIQUE,CANONICAL,CIRCULAR,GOOD_EXT,UNAMBIGUOUS_BP"
"1170","19",14177530,14177826,"hsa_circ_003287",2,"-",2,2,40,5,"my_test_sample",2,0,0,1,"GTAG",NA,"ANCHOR_UNIQUE,CANONICAL,CIRCULAR,PERFECT_EXT,UNAMBIGUOUS_BP"
"1171","8",31177936,31178239,"hsa_circ_003290",5,"-",1,5,40,40,"my_test_sample",5,1,0,1,"GTAG",NA,"ANCHOR_UNIQUE,CANONICAL,CIRCULAR,GOOD_EXT,UNAMBIGUOUS_BP"
"1172","19",31284285,31284451,"hsa_circ_003292",2,"-",2,2,40,5,"my_test_sample",2,2,0,1,"GTAG",NA,"ANCHOR_UNIQUE,CANONICAL,CIRCULAR,OK_EXT,UNAMBIGUOUS_BP"
"1173","3",133449083,133449306,"hsa_circ_003294",2,"-",1,2,40,40,"my_test_sample",2,0,0,1,"GTAG",NA,"ANCHOR_UNIQUE,CANONICAL,CIRCULAR,PERFECT_EXT,UNAMBIGUOUS_BP"
"1174","2",95833829,95834045,"hsa_circ_003298",2,"-",1,2,5,5,"my_test_sample",2,1,0,1,"GTAG",NA,"ANCHOR_UNIQUE,CANONICAL,CIRCULAR,GOOD_EXT,UNAMBIGUOUS_BP"
"1175","15",77216358,77216536,"hsa_circ_003301",3,"+",1,3,5,5,"my_test_sample",3,2,0,1,"GTAG",NA,"ANCHOR_UNIQUE,CANONICAL,CIRCULAR,OK_EXT,UNAMBIGUOUS_BP"
"1176","12",123506207,123506367,"hsa_circ_003304",2,"+",1,2,40,40,"my_test_sample",2,0,0,1,"GTAG",NA,"ANCHOR_UNIQUE,CANONICAL,CIRCULAR,PERFECT_EXT,UNAMBIGUOUS_BP"
"1177","MT",5424,5592,"hsa_circ_003306",2,"-",1,2,35,40,"my_test_sample",2,2,0,1,"GTAG",NA,"ANCHOR_UNIQUE,CANONICAL,CIRCULAR,OK_EXT,UNAMBIGUOUS_BP"
"1178","2",234967120,234967314,"hsa_circ_003308",2,"+",1,2,40,5,"my_test_sample",2,0,0,1,"GTAG",NA,"ANCHOR_UNIQUE,CANONICAL,CIRCULAR,PERFECT_EXT,UNAMBIGUOUS_BP"
"1179","11",41279522,41279687,"hsa_circ_003312",3,"+",2,3,40,5,"my_test_sample",3,0,0,1,"GTAG",NA,"ANCHOR_UNIQUE,CANONICAL,CIRCULAR,PERFECT_EXT,UNAMBIGUOUS_BP"
"1180","11",134509651,134509834,"hsa_circ_003313",2,"-",2,2,5,40,"my_test_sample",2,1,0,1,"GTAG",NA,"ANCHOR_UNIQUE,CANONICAL,CIRCULAR,GOOD_EXT,UNAMBIGUOUS_BP"
"1181","17",49912881,49913268,"hsa_circ_003315",2,"+",1,2,5,5,"my_test_sample",2,2,0,1,"GTAG",NA,"ANCHOR_UNIQUE,CANONICAL,CIRCULAR,OK_EXT,UNAMBIGUOUS_BP"
"1182","3",46976636,46977040,"hsa_circ_003316",3,"-",1,3,40,5,"my_test_sample",3,1,0,1,"GTAG",NA,"ANCHOR_UNIQUE,CANONICAL,CIRCULAR,GOOD_EXT,UNAMBIGUOUS_BP"
"1183","19",13361878,13364338,"hsa_circ_003317",2,"-",1,2,40,5,"my_test_sample",2,0,0,1,"GTAG",NA,"ANCHOR_UNIQUE,CANONICAL,CIRCULAR,PERFECT_EXT,UNAMBIGUOUS_BP"
"1184","1",167438403,167438553,"hsa_circ_003319",2,"+",1,2,5,5,"my_test_sample",2,1,0,1,"GTAG",NA,"ANCHOR_UNIQUE,CANONICAL,CIRCULAR,GOOD_EXT,UNAMBIGUOUS_BP"
"1185","12",111223912,111224079,"hsa_circ_003320",2,"-",1,2,5,5,"my_test_sample",2,1,0,1,"GTAG",NA,"ANCHOR_UNIQUE,CANONICAL,CIRCULAR,GOOD_EXT,UNAMBIGUOUS_BP"
"1186","3",24137741,24137984,"hsa_circ_003322",2,"+",1,2,40,5,"my_test_sample",2,1,0,1,"GTAG",NA,"ANCHOR_UNIQUE,CANONICAL,CIRCULAR,GOOD_EXT,UNAMBIGUOUS_BP"
"1187","10",80203294,80203524,"hsa_circ_003325",2,"-",1,2,40,5,"my_test_sample",2,1,0,1,"GTAG",NA,"ANCHOR_UNIQUE,CANONICAL,CIRCULAR,GOOD_EXT,UNAMBIGUOUS_BP"
"1188","12",52425785,52426038,"hsa_circ_003331",3,"-",1,3,5,40,"my_test_sample",3,2,0,1,"GTAG",NA,"ANCHOR_UNIQUE,CANONICAL,CIRCULAR,OK_EXT,UNAMBIGUOUS_BP"
"1189","1",241742923,241743167,"hsa_circ_003337",2,"+",1,2,5,40,"my_test_sample",2,1,0,1,"GTAG",NA,"ANCHOR_UNIQUE,CANONICAL,CIRCULAR,GOOD_EXT,UNAMBIGUOUS_BP"
"1190","3",20577723,20577909,"hsa_circ_003344",3,"+",2,3,40,40,"my_test_sample",3,1,0,1,"GTAG",NA,"ANCHOR_UNIQUE,CANONICAL,CIRCULAR,GOOD_EXT,UNAMBIGUOUS_BP"
"1191","22",43039779,43046573,"hsa_circ_003348",5,"-",2,5,40,40,"my_test_sample",5,0,0,1,"GTAG",NA,"ANCHOR_UNIQUE,CANONICAL,CIRCULAR,PERFECT_EXT,UNAMBIGUOUS_BP"
"1192","9",26753181,26753445,"hsa_circ_003351",2,"-",1,2,40,5,"my_test_sample",2,2,0,1,"GTAG",NA,"ANCHOR_UNIQUE,CANONICAL,CIRCULAR,OK_EXT,UNAMBIGUOUS_BP"
"1193","3",125094980,125095145,"hsa_circ_003353",3,"-",1,3,40,5,"my_test_sample",3,2,0,1,"GTAG",NA,"ANCHOR_UNIQUE,CANONICAL,CIRCULAR,OK_EXT,UNAMBIGUOUS_BP"
"1194","17",3928263,3928429,"hsa_circ_003355",3,"+",3,3,5,5,"my_test_sample",3,0,0,1,"GTAG",NA,"ANCHOR_UNIQUE,CANONICAL,CIRCULAR,PERFECT_EXT,UNAMBIGUOUS_BP"
"1195","X",26005818,26006054,"hsa_circ_003357",4,"-",3,3,5,40,"my_test_sample",4,0,0,1,"GTAG",NA,"ANCHOR_UNIQUE,CANONICAL,CIRCULAR,PERFECT_EXT,UNAMBIGUOUS_BP"
"1196","1",58189936,58190138,"hsa_circ_003359",3,"-",2,3,5,40,"my_test_sample",3,1,0,1,"GTAG",NA,"ANCHOR_UNIQUE,CANONICAL,CIRCULAR,GOOD_EXT,UNAMBIGUOUS_BP"
"1197","5",37905263,37905444,"hsa_circ_003361",2,"-",1,2,40,5,"my_test_sample",2,0,0,1,"GTAG",NA,"ANCHOR_UNIQUE,CANONICAL,CIRCULAR,PERFECT_EXT,UNAMBIGUOUS_BP"
"1198","8",46624247,46624410,"hsa_circ_003362",3,"-",1,3,5,5,"my_test_sample",3,0,0,1,"GTAG",NA,"ANCHOR_UNIQUE,CANONICAL,CIRCULAR,PERFECT_EXT,UNAMBIGUOUS_BP"
"1199","20",2516516,2516688,"hsa_circ_003366",2,"+",2,2,40,5,"my_test_sample",2,0,0,1,"GTAG",NA,"ANCHOR_UNIQUE,CANONICAL,CIRCULAR,PERFECT_EXT,UNAMBIGUOUS_BP"
"1200","7",149018991,149021147,"hsa_circ_003368",9,"-",4,9,40,40,"my_test_sample",9,0,0,1,"GTAG",NA,"ANCHOR_UNIQUE,CANONICAL,CIRCULAR,PERFECT_EXT,UNAMBIGUOUS_BP"
"1201","2",66733455,66733846,"hsa_circ_003372",2,"-",1,2,40,40,"my_test_sample",2,2,2,1,"GTAG",NA,"ANCHOR_UNIQUE,CANONICAL,CIRCULAR,OK_EXT,UNAMBIGUOUS_BP"
"1202","18",11850029,11850308,"hsa_circ_003373",2,"+",2,2,40,40,"my_test_sample",2,0,0,1,"GTAG",NA,"ANCHOR_UNIQUE,CANONICAL,CIRCULAR,PERFECT_EXT,UNAMBIGUOUS_BP"
"1203","18",23816860,23817175,"hsa_circ_003374",3,"+",1,3,5,40,"my_test_sample",3,1,0,1,"GTAG",NA,"ANCHOR_UNIQUE,CANONICAL,CIRCULAR,GOOD_EXT,UNAMBIGUOUS_BP"
"1204","9",33135188,33135424,"hsa_circ_003376",2,"-",1,2,5,40,"my_test_sample",2,0,0,1,"GTAG",NA,"ANCHOR_UNIQUE,CANONICAL,CIRCULAR,PERFECT_EXT,UNAMBIGUOUS_BP"
"1205","20",24635343,24635526,"hsa_circ_003380",3,"+",1,3,40,40,"my_test_sample",3,2,0,1,"GTAG",NA,"ANCHOR_UNIQUE,CANONICAL,CIRCULAR,OK_EXT,UNAMBIGUOUS_BP"
"1206","16",87700499,87700680,"hsa_circ_003381",2,"+",2,2,5,5,"my_test_sample",2,1,0,1,"GTAG",NA,"ANCHOR_UNIQUE,CANONICAL,CIRCULAR,GOOD_EXT,UNAMBIGUOUS_BP"
"1207","11",92942327,92942496,"hsa_circ_003384",3,"+",1,3,40,40,"my_test_sample",3,0,2,1,"GTAG",NA,"ANCHOR_UNIQUE,CANONICAL,CIRCULAR,OK_EXT,UNAMBIGUOUS_BP"
"1208","9",137247594,137247745,"hsa_circ_003385",3,"+",1,3,4,40,"my_test_sample",3,1,0,1,"GTAG",NA,"ANCHOR_UNIQUE,CANONICAL,CIRCULAR,GOOD_EXT,UNAMBIGUOUS_BP"
"1209","4",76385143,76386536,"hsa_circ_003386",4,"+",1,4,5,5,"my_test_sample",4,1,0,1,"GTAG",NA,"ANCHOR_UNIQUE,CANONICAL,CIRCULAR,GOOD_EXT,UNAMBIGUOUS_BP"
"1210","1",17644066,17644221,"hsa_circ_003387",5,"+",1,5,5,5,"my_test_sample",5,1,0,1,"GTAG",NA,"ANCHOR_UNIQUE,CANONICAL,CIRCULAR,GOOD_EXT,UNAMBIGUOUS_BP"
"1211","4",3130394,3130657,"hsa_circ_003389",2,"+",1,2,40,5,"my_test_sample",2,2,0,1,"GTAG",NA,"ANCHOR_UNIQUE,CANONICAL,CIRCULAR,OK_EXT,UNAMBIGUOUS_BP"
"1212","17",41348954,41349129,"hsa_circ_003392",2,"+",1,2,5,40,"my_test_sample",2,2,0,1,"GTAG",NA,"ANCHOR_UNIQUE,CANONICAL,CIRCULAR,OK_EXT,UNAMBIGUOUS_BP"
"1213","1",181596700,181596875,"hsa_circ_003395",2,"-",1,2,40,5,"my_test_sample",2,1,0,1,"GTAG",NA,"ANCHOR_UNIQUE,CANONICAL,CIRCULAR,GOOD_EXT,UNAMBIGUOUS_BP"
"1214","X",37719120,37720228,"hsa_circ_003397",2,"-",1,2,5,40,"my_test_sample",2,1,0,1,"GTAG",NA,"ANCHOR_UNIQUE,CANONICAL,CIRCULAR,GOOD_EXT,UNAMBIGUOUS_BP"
"1215","12",125209047,125209218,"hsa_circ_003402",2,"+",1,2,40,5,"my_test_sample",2,0,0,1,"GTAG",NA,"ANCHOR_UNIQUE,CANONICAL,CIRCULAR,PERFECT_EXT,UNAMBIGUOUS_BP"
"1216","5",133339695,133339878,"hsa_circ_003403",2,"-",1,2,5,5,"my_test_sample",2,2,0,1,"GTAG",NA,"ANCHOR_UNIQUE,CANONICAL,CIRCULAR,OK_EXT,UNAMBIGUOUS_BP"
"1217","18",13263609,13264209,"hsa_circ_003405",3,"-",1,3,5,40,"my_test_sample",3,0,0,1,"GTAG",NA,"ANCHOR_UNIQUE,CANONICAL,CIRCULAR,PERFECT_EXT,UNAMBIGUOUS_BP"
"1218","7",69899285,69899498,"hsa_circ_003407",2,"+",1,2,5,5,"my_test_sample",2,0,0,1,"GTAG",NA,"ANCHOR_UNIQUE,CANONICAL,CIRCULAR,PERFECT_EXT,UNAMBIGUOUS_BP"
"1219","1",155285173,155285391,"hsa_circ_003408",3,"+",2,3,40,40,"my_test_sample",3,0,0,1,"GTAG",NA,"ANCHOR_UNIQUE,CANONICAL,CIRCULAR,PERFECT_EXT,UNAMBIGUOUS_BP"
"1220","2",135125349,135125706,"hsa_circ_003412",4,"-",1,4,40,40,"my_test_sample",4,0,0,1,"GTAG",NA,"ANCHOR_UNIQUE,CANONICAL,CIRCULAR,PERFECT_EXT,UNAMBIGUOUS_BP"
"1221","8",43653319,43653490,"hsa_circ_003414",2,"-",1,2,40,5,"my_test_sample",2,0,0,1,"GTAG",NA,"ANCHOR_UNIQUE,CANONICAL,CIRCULAR,PERFECT_EXT,UNAMBIGUOUS_BP"
"1222","19",20899871,20900023,"hsa_circ_003415",4,"-",3,4,5,37,"my_test_sample",4,1,0,1,"GTAG",NA,"ANCHOR_UNIQUE,CANONICAL,CIRCULAR,GOOD_EXT,UNAMBIGUOUS_BP"
"1223","19",40959193,40959345,"hsa_circ_003416",2,"-",1,2,40,3,"my_test_sample",2,2,0,1,"GTAG",NA,"ANCHOR_UNIQUE,CANONICAL,CIRCULAR,OK_EXT,UNAMBIGUOUS_BP"
"1224","1",10752020,10752214,"hsa_circ_003417",3,"-",1,3,5,40,"my_test_sample",3,1,0,1,"GTAG",NA,"ANCHOR_UNIQUE,CANONICAL,CIRCULAR,GOOD_EXT,UNAMBIGUOUS_BP"
"1225","5",652907,653057,"hsa_circ_003418",2,"+",1,2,5,40,"my_test_sample",2,0,0,1,"GTAG",NA,"ANCHOR_UNIQUE,CANONICAL,CIRCULAR,PERFECT_EXT,UNAMBIGUOUS_BP"
"1226","3",135263196,135263380,"hsa_circ_003419",2,"+",1,2,5,5,"my_test_sample",2,1,0,1,"GTAG",NA,"ANCHOR_UNIQUE,CANONICAL,CIRCULAR,GOOD_EXT,UNAMBIGUOUS_BP"
"1227","1",2535299,2535451,"hsa_circ_003422",2,"+",1,2,40,40,"my_test_sample",2,1,0,1,"GTAG",NA,"ANCHOR_UNIQUE,CANONICAL,CIRCULAR,GOOD_EXT,UNAMBIGUOUS_BP"
"1228","20",58403474,58403631,"hsa_circ_003430",2,"+",2,1,40,40,"my_test_sample",2,2,0,1,"GTAG",NA,"ANCHOR_UNIQUE,CANONICAL,CIRCULAR,OK_EXT,UNAMBIGUOUS_BP"
"1229","10",30925464,30925635,"hsa_circ_003432",2,"+",1,2,40,40,"my_test_sample",2,2,0,1,"GTAG",NA,"ANCHOR_UNIQUE,CANONICAL,CIRCULAR,OK_EXT,UNAMBIGUOUS_BP"
"1230","22",30170250,30170463,"hsa_circ_003436",3,"+",1,3,40,40,"my_test_sample",3,2,0,1,"GTAG",NA,"ANCHOR_UNIQUE,CANONICAL,CIRCULAR,OK_EXT,UNAMBIGUOUS_BP"
"1231","3",48511032,48511201,"hsa_circ_003437",3,"-",1,3,5,40,"my_test_sample",3,1,0,1,"GTAG",NA,"ANCHOR_UNIQUE,CANONICAL,CIRCULAR,GOOD_EXT,UNAMBIGUOUS_BP"
"1232","X",124120661,124120838,"hsa_circ_003440",2,"-",1,2,5,5,"my_test_sample",2,1,0,1,"GTAG",NA,"ANCHOR_UNIQUE,CANONICAL,CIRCULAR,GOOD_EXT,UNAMBIGUOUS_BP"
"1233","16",13095318,13095497,"hsa_circ_003441",3,"+",1,3,5,40,"my_test_sample",3,1,0,1,"GTAG",NA,"ANCHOR_UNIQUE,CANONICAL,CIRCULAR,GOOD_EXT,UNAMBIGUOUS_BP"
"1234","X",561894,562089,"hsa_circ_003443",4,"-",2,4,5,40,"my_test_sample",4,1,0,1,"GTAG",NA,"ANCHOR_UNIQUE,CANONICAL,CIRCULAR,GOOD_EXT,UNAMBIGUOUS_BP"
"1235","1",241241207,241241545,"hsa_circ_003446",2,"-",1,2,40,5,"my_test_sample",2,0,0,1,"GTAG",NA,"ANCHOR_UNIQUE,CANONICAL,CIRCULAR,PERFECT_EXT,UNAMBIGUOUS_BP"
"1236","10",101833906,101834131,"hsa_circ_003448",5,"-",1,5,40,5,"my_test_sample",5,0,2,1,"GTAG",NA,"ANCHOR_UNIQUE,CANONICAL,CIRCULAR,OK_EXT,UNAMBIGUOUS_BP"
"1237","16",61988492,61988661,"hsa_circ_003450",2,"-",1,2,5,40,"my_test_sample",2,1,0,1,"GTAG",NA,"ANCHOR_UNIQUE,CANONICAL,CIRCULAR,GOOD_EXT,UNAMBIGUOUS_BP"
"1238","19",20886855,20887006,"hsa_circ_003451",2,"-",2,2,5,40,"my_test_sample",2,1,0,1,"GTAG",NA,"ANCHOR_UNIQUE,CANONICAL,CIRCULAR,GOOD_EXT,UNAMBIGUOUS_BP"
"1239","3",136604308,136604473,"hsa_circ_003453",4,"-",3,4,40,40,"my_test_sample",4,0,0,1,"GTAG",NA,"ANCHOR_UNIQUE,CANONICAL,CIRCULAR,PERFECT_EXT,UNAMBIGUOUS_BP"
"1240","8",117130105,117130382,"hsa_circ_003455",2,"+",1,2,40,5,"my_test_sample",2,1,1,1,"GTAG",NA,"ANCHOR_UNIQUE,CANONICAL,CIRCULAR,GOOD_EXT,UNAMBIGUOUS_BP"
"1241","11",60861685,60862668,"hsa_circ_003458",3,"-",1,3,5,35,"my_test_sample",3,1,2,1,"GTAG",NA,"ANCHOR_UNIQUE,CANONICAL,CIRCULAR,OK_EXT,UNAMBIGUOUS_BP"
"1242","2",186083874,186084049,"hsa_circ_003462",2,"-",1,2,5,5,"my_test_sample",2,2,0,1,"GTAG",NA,"ANCHOR_UNIQUE,CANONICAL,CIRCULAR,OK_EXT,UNAMBIGUOUS_BP"
"1243","14",23526940,23527294,"hsa_circ_003471",4,"-",1,4,5,40,"my_test_sample",4,1,0,1,"GTAG",NA,"ANCHOR_UNIQUE,CANONICAL,CIRCULAR,GOOD_EXT,UNAMBIGUOUS_BP"
"1244","1",184039330,184039495,"hsa_circ_003475",2,"-",1,2,40,40,"my_test_sample",2,2,0,1,"GTAG",NA,"ANCHOR_UNIQUE,CANONICAL,CIRCULAR,OK_EXT,UNAMBIGUOUS_BP"
"1245","1",182575720,182575946,"hsa_circ_003478",2,"-",2,2,5,5,"my_test_sample",2,2,0,1,"GTAG",NA,"ANCHOR_UNIQUE,CANONICAL,CIRCULAR,OK_EXT,UNAMBIGUOUS_BP"
"1246","16",78256342,78256548,"hsa_circ_003481",3,"-",2,3,40,5,"my_test_sample",3,2,0,1,"GTAG",NA,"ANCHOR_UNIQUE,CANONICAL,CIRCULAR,OK_EXT,UNAMBIGUOUS_BP"
"1247","1",213834754,213834940,"hsa_circ_003482",3,"+",1,3,40,35,"my_test_sample",3,1,0,1,"GTAG",NA,"ANCHOR_UNIQUE,CANONICAL,CIRCULAR,GOOD_EXT,UNAMBIGUOUS_BP"
"1248","X",103823136,103823297,"hsa_circ_003484",3,"+",2,3,5,5,"my_test_sample",3,0,0,1,"GTAG",NA,"ANCHOR_UNIQUE,CANONICAL,CIRCULAR,PERFECT_EXT,UNAMBIGUOUS_BP"
"1249","6",106530124,106530315,"hsa_circ_003489",2,"+",1,2,40,40,"my_test_sample",2,1,0,1,"GTAG",NA,"ANCHOR_UNIQUE,CANONICAL,CIRCULAR,GOOD_EXT,UNAMBIGUOUS_BP"
"1250","X",33665422,33665598,"hsa_circ_003491",7,"+",2,7,40,5,"my_test_sample",7,2,0,1,"GTAG",NA,"ANCHOR_UNIQUE,CANONICAL,CIRCULAR,OK_EXT,UNAMBIGUOUS_BP"
"1251","1",191851251,191851427,"hsa_circ_003492",2,"-",1,2,40,5,"my_test_sample",2,0,0,1,"GTAG",NA,"ANCHOR_UNIQUE,CANONICAL,CIRCULAR,PERFECT_EXT,UNAMBIGUOUS_BP"
"1252","6",167708559,167708724,"hsa_circ_003495",2,"+",2,2,40,40,"my_test_sample",2,0,0,1,"GTAG",NA,"ANCHOR_UNIQUE,CANONICAL,CIRCULAR,PERFECT_EXT,UNAMBIGUOUS_BP"
"1253","13",91490904,91491081,"hsa_circ_003500",3,"-",2,3,40,5,"my_test_sample",3,1,0,1,"GTAG",NA,"ANCHOR_UNIQUE,CANONICAL,CIRCULAR,GOOD_EXT,UNAMBIGUOUS_BP"
"1254","8",67257731,67258290,"hsa_circ_003503",3,"-",1,3,40,5,"my_test_sample",3,0,0,1,"GTAG",NA,"ANCHOR_UNIQUE,CANONICAL,CIRCULAR,PERFECT_EXT,UNAMBIGUOUS_BP"
"1255","11",106416158,106416343,"hsa_circ_003504",2,"+",1,2,5,40,"my_test_sample",2,0,0,1,"GTAG",NA,"ANCHOR_UNIQUE,CANONICAL,CIRCULAR,PERFECT_EXT,UNAMBIGUOUS_BP"
"1256","3",84935320,84935489,"hsa_circ_003505",2,"-",2,1,5,5,"my_test_sample",2,0,0,1,"GTAG",NA,"ANCHOR_UNIQUE,CANONICAL,CIRCULAR,PERFECT_EXT,UNAMBIGUOUS_BP"
"1257","2",86509613,86509798,"hsa_circ_003506",2,"-",1,2,40,5,"my_test_sample",2,0,0,1,"GTAG",NA,"ANCHOR_UNIQUE,CANONICAL,CIRCULAR,PERFECT_EXT,UNAMBIGUOUS_BP"
"1258","16",767184,767345,"hsa_circ_003509",3,"-",2,3,40,40,"my_test_sample",3,1,0,1,"GTAG",NA,"ANCHOR_UNIQUE,CANONICAL,CIRCULAR,GOOD_EXT,UNAMBIGUOUS_BP"
"1259","5",36288164,36288343,"hsa_circ_003510",8,"+",1,8,5,5,"my_test_sample",8,2,0,1,"GTAG",NA,"ANCHOR_UNIQUE,CANONICAL,CIRCULAR,OK_EXT,UNAMBIGUOUS_BP"
"1260","20",48649337,48649571,"hsa_circ_003511",2,"+",1,2,5,40,"my_test_sample",2,0,0,1,"GTAG",NA,"ANCHOR_UNIQUE,CANONICAL,CIRCULAR,PERFECT_EXT,UNAMBIGUOUS_BP"
"1261","2",198490803,198490986,"hsa_circ_003512",3,"-",2,3,40,40,"my_test_sample",3,0,0,1,"GTAG",NA,"ANCHOR_UNIQUE,CANONICAL,CIRCULAR,PERFECT_EXT,UNAMBIGUOUS_BP"
"1262","15",88202355,88202587,"hsa_circ_003516",2,"-",1,2,5,40,"my_test_sample",2,1,0,1,"GTAG",NA,"ANCHOR_UNIQUE,CANONICAL,CIRCULAR,GOOD_EXT,UNAMBIGUOUS_BP"
"1263","2",10011488,10011638,"hsa_circ_003518",2,"+",2,2,5,5,"my_test_sample",2,1,0,1,"GTAG",NA,"ANCHOR_UNIQUE,CANONICAL,CIRCULAR,GOOD_EXT,UNAMBIGUOUS_BP"
"1264","15",49241535,49241686,"hsa_circ_003519",3,"+",3,3,37,35,"my_test_sample",3,0,0,1,"GTAG",NA,"ANCHOR_UNIQUE,CANONICAL,CIRCULAR,PERFECT_EXT,UNAMBIGUOUS_BP"
"1265","1",43448245,43448415,"hsa_circ_003520",2,"-",1,2,5,35,"my_test_sample",2,2,0,1,"GTAG",NA,"ANCHOR_UNIQUE,CANONICAL,CIRCULAR,OK_EXT,UNAMBIGUOUS_BP"
"1266","1",205955062,205955215,"hsa_circ_003521",2,"-",1,2,5,40,"my_test_sample",2,1,2,1,"GTAG",NA,"ANCHOR_UNIQUE,CANONICAL,CIRCULAR,OK_EXT,UNAMBIGUOUS_BP"
"1267","3",173136738,173136944,"hsa_circ_003522",4,"+",2,4,40,40,"my_test_sample",4,2,0,1,"GTAG",NA,"ANCHOR_UNIQUE,CANONICAL,CIRCULAR,OK_EXT,UNAMBIGUOUS_BP"
"1268","6",45467947,45468109,"hsa_circ_003525",3,"+",1,3,35,5,"my_test_sample",3,1,0,1,"GTAG",NA,"ANCHOR_UNIQUE,CANONICAL,CIRCULAR,GOOD_EXT,UNAMBIGUOUS_BP"
"1269","7",142928637,142928801,"hsa_circ_003526",2,"+",2,2,5,40,"my_test_sample",2,2,0,1,"GTAG",NA,"ANCHOR_UNIQUE,CANONICAL,CIRCULAR,OK_EXT,UNAMBIGUOUS_BP"
"1270","7",55431713,55431866,"hsa_circ_003527",3,"+",1,3,40,40,"my_test_sample",3,0,0,1,"GTAG",NA,"ANCHOR_UNIQUE,CANONICAL,CIRCULAR,PERFECT_EXT,UNAMBIGUOUS_BP"
"1271","6",2200865,2201025,"hsa_circ_003529",2,"+",2,2,5,5,"my_test_sample",2,1,0,1,"GTAG",NA,"ANCHOR_UNIQUE,CANONICAL,CIRCULAR,GOOD_EXT,UNAMBIGUOUS_BP"
"1272","17",7424819,7424980,"hsa_circ_003530",2,"+",1,2,40,5,"my_test_sample",2,2,0,1,"GTAG",NA,"ANCHOR_UNIQUE,CANONICAL,CIRCULAR,OK_EXT,UNAMBIGUOUS_BP"
"1273","20",22507849,22508051,"hsa_circ_003533",5,"+",2,5,40,5,"my_test_sample",5,1,0,1,"GTAG",NA,"ANCHOR_UNIQUE,CANONICAL,CIRCULAR,GOOD_EXT,UNAMBIGUOUS_BP"
"1274","12",99342236,99342396,"hsa_circ_003534",2,"+",1,2,5,40,"my_test_sample",2,2,0,1,"GTAG",NA,"ANCHOR_UNIQUE,CANONICAL,CIRCULAR,OK_EXT,UNAMBIGUOUS_BP"
"1275","4",175277994,175278168,"hsa_circ_003535",3,"-",2,3,5,37,"my_test_sample",3,2,0,1,"GTAG",NA,"ANCHOR_UNIQUE,CANONICAL,CIRCULAR,OK_EXT,UNAMBIGUOUS_BP"
"1276","8",10248979,10249140,"hsa_circ_003541",2,"-",1,2,35,40,"my_test_sample",2,0,0,1,"GTAG",NA,"ANCHOR_UNIQUE,CANONICAL,CIRCULAR,PERFECT_EXT,UNAMBIGUOUS_BP"
"1277","5",14178185,14178522,"hsa_circ_003542",2,"-",1,2,40,40,"my_test_sample",2,2,0,1,"GTAG",NA,"ANCHOR_UNIQUE,CANONICAL,CIRCULAR,OK_EXT,UNAMBIGUOUS_BP"
"1278","2",32510525,32513154,"hsa_circ_003546",2,"+",2,2,40,40,"my_test_sample",2,0,0,1,"GTAG",NA,"ANCHOR_UNIQUE,CANONICAL,CIRCULAR,PERFECT_EXT,UNAMBIGUOUS_BP"
"1279","2",111032574,111032827,"hsa_circ_003548",2,"+",1,2,40,40,"my_test_sample",2,2,0,1,"GTAG",NA,"ANCHOR_UNIQUE,CANONICAL,CIRCULAR,OK_EXT,UNAMBIGUOUS_BP"
"1280","1",22121839,22122245,"hsa_circ_003554",3,"-",2,3,5,40,"my_test_sample",3,0,0,1,"GTAG",NA,"ANCHOR_UNIQUE,CANONICAL,CIRCULAR,PERFECT_EXT,UNAMBIGUOUS_BP"
"1281","6",36617293,36617497,"hsa_circ_003555",3,"+",1,3,5,40,"my_test_sample",3,0,0,1,"GTAG",NA,"ANCHOR_UNIQUE,CANONICAL,CIRCULAR,PERFECT_EXT,UNAMBIGUOUS_BP"
"1282","10",119038237,119038439,"hsa_circ_003556",6,"-",4,6,40,40,"my_test_sample",6,0,0,1,"GTAG",NA,"ANCHOR_UNIQUE,CANONICAL,CIRCULAR,PERFECT_EXT,UNAMBIGUOUS_BP"
"1283","10",7136554,7136725,"hsa_circ_003557",3,"-",1,3,5,5,"my_test_sample",3,2,0,1,"GTAG",NA,"ANCHOR_UNIQUE,CANONICAL,CIRCULAR,OK_EXT,UNAMBIGUOUS_BP"
"1284","9",70422255,70422414,"hsa_circ_003558",4,"-",3,4,40,5,"my_test_sample",4,0,0,1,"GTAG",NA,"ANCHOR_UNIQUE,CANONICAL,CIRCULAR,PERFECT_EXT,UNAMBIGUOUS_BP"
"1285","22",32511287,32511458,"hsa_circ_003561",2,"-",1,2,35,35,"my_test_sample",2,2,0,1,"GTAG",NA,"ANCHOR_UNIQUE,CANONICAL,CIRCULAR,OK_EXT,UNAMBIGUOUS_BP"
"1286","7",1384197,1385167,"hsa_circ_003566",2,"-",1,2,5,40,"my_test_sample",2,1,0,1,"GTAG",NA,"ANCHOR_UNIQUE,CANONICAL,CIRCULAR,GOOD_EXT,UNAMBIGUOUS_BP"
"1287","6",114657543,114657773,"hsa_circ_003567",2,"+",2,2,37,5,"my_test_sample",2,2,0,1,"GTAG",NA,"ANCHOR_UNIQUE,CANONICAL,CIRCULAR,OK_EXT,UNAMBIGUOUS_BP"
"1288","20",1521343,1521493,"hsa_circ_003569",2,"+",2,2,40,5,"my_test_sample",2,2,0,1,"GTAG",NA,"ANCHOR_UNIQUE,CANONICAL,CIRCULAR,OK_EXT,UNAMBIGUOUS_BP"
"1289","5",160308884,160309045,"hsa_circ_003570",4,"+",1,4,40,40,"my_test_sample",4,0,0,1,"GTAG",NA,"ANCHOR_UNIQUE,CANONICAL,CIRCULAR,PERFECT_EXT,UNAMBIGUOUS_BP"
"1290","17",5399551,5416682,"hsa_circ_003571",2,"-",1,2,35,40,"my_test_sample",2,0,0,1,"GTAG",NA,"ANCHOR_UNIQUE,CANONICAL,CIRCULAR,PERFECT_EXT,UNAMBIGUOUS_BP"
"1291","18",6118129,6118334,"hsa_circ_003573",2,"-",1,2,40,5,"my_test_sample",2,0,0,1,"GTAG",NA,"ANCHOR_UNIQUE,CANONICAL,CIRCULAR,PERFECT_EXT,UNAMBIGUOUS_BP"
"1292","12",30283747,30283933,"hsa_circ_003574",2,"-",1,2,40,40,"my_test_sample",2,0,0,1,"GTAG",NA,"ANCHOR_UNIQUE,CANONICAL,CIRCULAR,PERFECT_EXT,UNAMBIGUOUS_BP"
"1293","3",72621857,72622136,"hsa_circ_003578",2,"-",2,2,40,5,"my_test_sample",2,1,0,1,"GTAG",NA,"ANCHOR_UNIQUE,CANONICAL,CIRCULAR,GOOD_EXT,UNAMBIGUOUS_BP"
"1294","10",27549375,27549533,"hsa_circ_003580",2,"+",1,2,5,40,"my_test_sample",2,2,0,1,"GTAG",NA,"ANCHOR_UNIQUE,CANONICAL,CIRCULAR,OK_EXT,UNAMBIGUOUS_BP"
"1295","4",143543508,143543972,"hsa_circ_003581",2,"+",2,2,40,40,"my_test_sample",2,0,0,1,"GTAG",NA,"ANCHOR_UNIQUE,CANONICAL,CIRCULAR,PERFECT_EXT,UNAMBIGUOUS_BP"
"1296","14",26645410,26645613,"hsa_circ_003587",5,"-",2,2,5,5,"my_test_sample",5,1,0,1,"GTAG",NA,"ANCHOR_UNIQUE,CANONICAL,CIRCULAR,GOOD_EXT,UNAMBIGUOUS_BP"
"1297","5",167763756,167763940,"hsa_circ_003589",2,"-",1,2,5,4,"my_test_sample",2,1,0,1,"GTAG",NA,"ANCHOR_UNIQUE,CANONICAL,CIRCULAR,GOOD_EXT,UNAMBIGUOUS_BP"
"1298","17",75078645,75078843,"hsa_circ_003590",3,"+",2,3,40,40,"my_test_sample",3,0,0,1,"GTAG",NA,"ANCHOR_UNIQUE,CANONICAL,CIRCULAR,PERFECT_EXT,UNAMBIGUOUS_BP"
"1299","17",32299488,32299668,"hsa_circ_003593",2,"-",1,2,40,40,"my_test_sample",2,2,0,1,"GTAG",NA,"ANCHOR_UNIQUE,CANONICAL,CIRCULAR,OK_EXT,UNAMBIGUOUS_BP"
"1300","12",108765307,108765459,"hsa_circ_003594",2,"-",1,2,40,5,"my_test_sample",2,1,0,1,"GTAG",NA,"ANCHOR_UNIQUE,CANONICAL,CIRCULAR,GOOD_EXT,UNAMBIGUOUS_BP"
"1301","3",47736033,47772936,"hsa_circ_003596",4,"-",1,4,40,40,"my_test_sample",4,0,0,1,"GTAG",NA,"ANCHOR_UNIQUE,CANONICAL,CIRCULAR,PERFECT_EXT,UNAMBIGUOUS_BP"
"1302","3",105636218,105636373,"hsa_circ_003599",3,"+",1,3,5,40,"my_test_sample",3,1,0,1,"GTAG",NA,"ANCHOR_UNIQUE,CANONICAL,CIRCULAR,GOOD_EXT,UNAMBIGUOUS_BP"
"1303","3",35449016,35449307,"hsa_circ_003603",3,"-",1,3,5,40,"my_test_sample",3,1,0,1,"GTAG",NA,"ANCHOR_UNIQUE,CANONICAL,CIRCULAR,GOOD_EXT,UNAMBIGUOUS_BP"
"1304","11",119760744,119760904,"hsa_circ_003607",3,"-",2,3,40,40,"my_test_sample",3,1,0,1,"GTAG",NA,"ANCHOR_UNIQUE,CANONICAL,CIRCULAR,GOOD_EXT,UNAMBIGUOUS_BP"
"1305","3",15283710,15283917,"hsa_circ_003608",3,"-",1,3,40,5,"my_test_sample",3,2,0,1,"GTAG",NA,"ANCHOR_UNIQUE,CANONICAL,CIRCULAR,OK_EXT,UNAMBIGUOUS_BP"
"1306","8",8646494,8646726,"hsa_circ_003610",2,"-",2,2,4,35,"my_test_sample",2,0,0,1,"GTAG",NA,"ANCHOR_UNIQUE,CANONICAL,CIRCULAR,PERFECT_EXT,UNAMBIGUOUS_BP"
"1307","3",10613720,10613879,"hsa_circ_003614",3,"-",2,3,5,5,"my_test_sample",3,1,0,1,"GTAG",NA,"ANCHOR_UNIQUE,CANONICAL,CIRCULAR,GOOD_EXT,UNAMBIGUOUS_BP"
"1308","4",2954423,2956811,"hsa_circ_003617",3,"-",1,3,5,5,"my_test_sample",3,0,0,1,"GTAG",NA,"ANCHOR_UNIQUE,CANONICAL,CIRCULAR,PERFECT_EXT,UNAMBIGUOUS_BP"
"1309","3",154194643,154217958,"hsa_circ_003618",2,"+",2,2,40,40,"my_test_sample",2,0,0,1,"GTAG",NA,"ANCHOR_UNIQUE,CANONICAL,CIRCULAR,PERFECT_EXT,UNAMBIGUOUS_BP"
"1310","11",44029487,44029910,"hsa_circ_003621",3,"+",1,3,5,40,"my_test_sample",3,0,0,1,"GTAG",NA,"ANCHOR_UNIQUE,CANONICAL,CIRCULAR,PERFECT_EXT,UNAMBIGUOUS_BP"
"1311","17",44259198,44259387,"hsa_circ_003637",2,"+",2,2,40,40,"my_test_sample",2,1,0,1,"GTAG",NA,"ANCHOR_UNIQUE,CANONICAL,CIRCULAR,GOOD_EXT,UNAMBIGUOUS_BP"
"1312","7",50492947,50493112,"hsa_circ_003639",2,"-",1,2,40,40,"my_test_sample",2,2,0,1,"GTAG",NA,"ANCHOR_UNIQUE,CANONICAL,CIRCULAR,OK_EXT,UNAMBIGUOUS_BP"
"1313","11",64175002,64175179,"hsa_circ_003640",3,"+",1,3,5,40,"my_test_sample",3,2,0,1,"GTAG",NA,"ANCHOR_UNIQUE,CANONICAL,CIRCULAR,OK_EXT,UNAMBIGUOUS_BP"
"1314","3",75195491,75195677,"hsa_circ_003642",2,"-",1,2,40,5,"my_test_sample",2,2,0,1,"GTAG",NA,"ANCHOR_UNIQUE,CANONICAL,CIRCULAR,OK_EXT,UNAMBIGUOUS_BP"
"1315","2",139429709,139429893,"hsa_circ_003647",2,"+",1,2,5,40,"my_test_sample",2,1,0,1,"GTAG",NA,"ANCHOR_UNIQUE,CANONICAL,CIRCULAR,GOOD_EXT,UNAMBIGUOUS_BP"
"1316","16",289439,293718,"hsa_circ_003648",3,"-",1,3,40,40,"my_test_sample",3,0,0,1,"GTAG",NA,"ANCHOR_UNIQUE,CANONICAL,CIRCULAR,PERFECT_EXT,UNAMBIGUOUS_BP"
"1317","7",127379998,127380155,"hsa_circ_003649",5,"-",3,3,5,40,"my_test_sample",5,0,0,1,"GTAG",NA,"ANCHOR_UNIQUE,CANONICAL,CIRCULAR,PERFECT_EXT,UNAMBIGUOUS_BP"
"1318","19",49363780,49364008,"hsa_circ_003656",6,"+",1,6,40,40,"my_test_sample",6,0,0,1,"GTAG",NA,"ANCHOR_UNIQUE,CANONICAL,CIRCULAR,PERFECT_EXT,UNAMBIGUOUS_BP"
"1319","2",239565500,239565654,"hsa_circ_003660",2,"+",1,2,5,5,"my_test_sample",2,0,0,1,"GTAG",NA,"ANCHOR_UNIQUE,CANONICAL,CIRCULAR,PERFECT_EXT,UNAMBIGUOUS_BP"
"1320","6",156826659,156826838,"hsa_circ_003663",2,"-",1,2,5,40,"my_test_sample",2,0,0,1,"GTAG",NA,"ANCHOR_UNIQUE,CANONICAL,CIRCULAR,PERFECT_EXT,UNAMBIGUOUS_BP"
"1321","6",142710139,142710317,"hsa_circ_003664",3,"-",1,3,40,40,"my_test_sample",3,1,0,1,"GTAG",NA,"ANCHOR_UNIQUE,CANONICAL,CIRCULAR,GOOD_EXT,UNAMBIGUOUS_BP"
"1322","6",31474308,31474458,"hsa_circ_003670",2,"-",2,1,5,5,"my_test_sample",2,0,0,1,"GTAG",NA,"ANCHOR_UNIQUE,CANONICAL,CIRCULAR,PERFECT_EXT,UNAMBIGUOUS_BP"
"1323","5",103187322,103187480,"hsa_circ_003673",2,"-",2,2,5,40,"my_test_sample",2,2,0,1,"GTAG",NA,"ANCHOR_UNIQUE,CANONICAL,CIRCULAR,OK_EXT,UNAMBIGUOUS_BP"
"1324","5",178205519,178205691,"hsa_circ_003674",3,"+",1,3,5,40,"my_test_sample",3,2,0,1,"GTAG",NA,"ANCHOR_UNIQUE,CANONICAL,CIRCULAR,OK_EXT,UNAMBIGUOUS_BP"
"1325","1",100901108,100901277,"hsa_circ_003676",3,"-",1,3,40,40,"my_test_sample",3,1,0,1,"GTAG",NA,"ANCHOR_UNIQUE,CANONICAL,CIRCULAR,GOOD_EXT,UNAMBIGUOUS_BP"
"1326","14",76817049,76817238,"hsa_circ_003677",2,"-",1,2,40,5,"my_test_sample",2,2,0,1,"GTAG",NA,"ANCHOR_UNIQUE,CANONICAL,CIRCULAR,OK_EXT,UNAMBIGUOUS_BP"
"1327","19",20887346,20887498,"hsa_circ_003682",4,"-",1,4,5,5,"my_test_sample",4,2,0,1,"GTAG",NA,"ANCHOR_UNIQUE,CANONICAL,CIRCULAR,OK_EXT,UNAMBIGUOUS_BP"
"1328","2",5553130,5553254,"hsa_circ_003683",3,"-",3,3,40,40,"my_test_sample",3,1,0,1,"GTAG",NA,"ANCHOR_UNIQUE,CANONICAL,CIRCULAR,GOOD_EXT,UNAMBIGUOUS_BP"
"1329","5",154232573,154232733,"hsa_circ_003684",4,"+",2,4,40,40,"my_test_sample",4,1,0,1,"GTAG",NA,"ANCHOR_UNIQUE,CANONICAL,CIRCULAR,GOOD_EXT,UNAMBIGUOUS_BP"
"1330","13",85896567,85896789,"hsa_circ_003689",2,"-",1,2,40,40,"my_test_sample",2,1,0,1,"GTAG",NA,"ANCHOR_UNIQUE,CANONICAL,CIRCULAR,GOOD_EXT,UNAMBIGUOUS_BP"
"1331","7",30755402,30755605,"hsa_circ_003694",2,"-",2,2,40,40,"my_test_sample",2,2,0,1,"GTAG",NA,"ANCHOR_UNIQUE,CANONICAL,CIRCULAR,OK_EXT,UNAMBIGUOUS_BP"
"1332","7",141768544,141768713,"hsa_circ_003695",2,"-",1,2,5,5,"my_test_sample",2,0,0,1,"GTAG",NA,"ANCHOR_UNIQUE,CANONICAL,CIRCULAR,PERFECT_EXT,UNAMBIGUOUS_BP"
"1333","5",30887098,30887295,"hsa_circ_003697",2,"-",2,2,5,5,"my_test_sample",2,1,0,1,"GTAG",NA,"ANCHOR_UNIQUE,CANONICAL,CIRCULAR,GOOD_EXT,UNAMBIGUOUS_BP"
"1334","19",28481947,28482154,"hsa_circ_003701",2,"-",2,2,40,5,"my_test_sample",2,0,0,1,"GTAG",NA,"ANCHOR_UNIQUE,CANONICAL,CIRCULAR,PERFECT_EXT,UNAMBIGUOUS_BP"
"1335","11",5690307,5690528,"hsa_circ_003705",3,"+",1,3,40,5,"my_test_sample",3,0,0,1,"GTAG",NA,"ANCHOR_UNIQUE,CANONICAL,CIRCULAR,PERFECT_EXT,UNAMBIGUOUS_BP"
"1336","11",28366295,28366655,"hsa_circ_003708",5,"+",1,5,5,40,"my_test_sample",5,0,0,1,"GTAG",NA,"ANCHOR_UNIQUE,CANONICAL,CIRCULAR,PERFECT_EXT,UNAMBIGUOUS_BP"
"1337","15",98681440,98681612,"hsa_circ_003710",2,"+",1,2,5,5,"my_test_sample",2,1,0,1,"GTAG",NA,"ANCHOR_UNIQUE,CANONICAL,CIRCULAR,GOOD_EXT,UNAMBIGUOUS_BP"
"1338","5",1709261,1709426,"hsa_circ_003712",2,"-",1,2,5,40,"my_test_sample",2,0,0,1,"GTAG",NA,"ANCHOR_UNIQUE,CANONICAL,CIRCULAR,PERFECT_EXT,UNAMBIGUOUS_BP"
"1339","3",134929194,134929354,"hsa_circ_003715",2,"-",1,2,5,35,"my_test_sample",2,2,0,1,"GTAG",NA,"ANCHOR_UNIQUE,CANONICAL,CIRCULAR,OK_EXT,UNAMBIGUOUS_BP"
"1340","14",56508846,56509051,"hsa_circ_003716",2,"+",1,2,5,40,"my_test_sample",2,1,0,1,"GTAG",NA,"ANCHOR_UNIQUE,CANONICAL,CIRCULAR,GOOD_EXT,UNAMBIGUOUS_BP"
"1341","1",229579942,229580146,"hsa_circ_003718",3,"-",1,3,40,40,"my_test_sample",3,2,0,1,"GTAG",NA,"ANCHOR_UNIQUE,CANONICAL,CIRCULAR,OK_EXT,UNAMBIGUOUS_BP"
"1342","2",28226606,28226757,"hsa_circ_003719",2,"-",1,2,40,5,"my_test_sample",2,2,0,1,"GTAG",NA,"ANCHOR_UNIQUE,CANONICAL,CIRCULAR,OK_EXT,UNAMBIGUOUS_BP"
"1343","18",8965094,8965795,"hsa_circ_003720",2,"+",1,2,40,5,"my_test_sample",2,1,0,1,"GTAG",NA,"ANCHOR_UNIQUE,CANONICAL,CIRCULAR,GOOD_EXT,UNAMBIGUOUS_BP"
"1344","22",37173554,37175783,"hsa_circ_003722",2,"-",1,2,5,5,"my_test_sample",2,2,0,1,"GTAG",NA,"ANCHOR_UNIQUE,CANONICAL,CIRCULAR,OK_EXT,UNAMBIGUOUS_BP"
"1345","11",14199389,14199572,"hsa_circ_003726",2,"-",1,2,40,40,"my_test_sample",2,1,0,1,"GTAG",NA,"ANCHOR_UNIQUE,CANONICAL,CIRCULAR,GOOD_EXT,UNAMBIGUOUS_BP"
"1346","6",92916091,92916244,"hsa_circ_003727",2,"-",1,2,40,4,"my_test_sample",2,1,0,1,"GTAG",NA,"ANCHOR_UNIQUE,CANONICAL,CIRCULAR,GOOD_EXT,UNAMBIGUOUS_BP"
"1347","15",78044899,78054187,"hsa_circ_003729",2,"-",2,2,37,40,"my_test_sample",2,0,0,1,"GTAG",NA,"ANCHOR_UNIQUE,CANONICAL,CIRCULAR,PERFECT_EXT,UNAMBIGUOUS_BP"
"1348","1",37297458,37297640,"hsa_circ_003732",2,"-",1,2,40,5,"my_test_sample",2,1,0,1,"GTAG",NA,"ANCHOR_UNIQUE,CANONICAL,CIRCULAR,GOOD_EXT,UNAMBIGUOUS_BP"
"1349","1",208863319,208863491,"hsa_circ_003737",3,"+",2,3,40,40,"my_test_sample",3,1,0,1,"GTAG",NA,"ANCHOR_UNIQUE,CANONICAL,CIRCULAR,GOOD_EXT,UNAMBIGUOUS_BP"
"1350","5",35376852,35377039,"hsa_circ_003742",4,"-",1,4,40,5,"my_test_sample",4,1,0,1,"GTAG",NA,"ANCHOR_UNIQUE,CANONICAL,CIRCULAR,GOOD_EXT,UNAMBIGUOUS_BP"
"1351","7",106943619,106943890,"hsa_circ_003743",2,"+",2,2,40,40,"my_test_sample",2,0,0,1,"GTAG",NA,"ANCHOR_UNIQUE,CANONICAL,CIRCULAR,PERFECT_EXT,UNAMBIGUOUS_BP"
"1352","7",157881074,157881242,"hsa_circ_003747",2,"+",1,2,5,5,"my_test_sample",2,1,0,1,"GTAG",NA,"ANCHOR_UNIQUE,CANONICAL,CIRCULAR,GOOD_EXT,UNAMBIGUOUS_BP"
"1353","7",2246495,2246789,"hsa_circ_003748",3,"+",1,3,5,40,"my_test_sample",3,1,0,1,"GTAG",NA,"ANCHOR_UNIQUE,CANONICAL,CIRCULAR,GOOD_EXT,UNAMBIGUOUS_BP"
"1354","5",140184472,140184626,"hsa_circ_003749",2,"+",1,2,5,5,"my_test_sample",2,0,0,1,"GTAG",NA,"ANCHOR_UNIQUE,CANONICAL,CIRCULAR,PERFECT_EXT,UNAMBIGUOUS_BP"
"1355","1",37346025,37346224,"hsa_circ_003752",2,"-",2,2,3,35,"my_test_sample",2,1,0,1,"GTAG",NA,"ANCHOR_UNIQUE,CANONICAL,CIRCULAR,GOOD_EXT,UNAMBIGUOUS_BP"
"1356","1",2648968,2649131,"hsa_circ_003755",2,"+",2,2,5,40,"my_test_sample",2,0,0,1,"GTAG",NA,"ANCHOR_UNIQUE,CANONICAL,CIRCULAR,PERFECT_EXT,UNAMBIGUOUS_BP"
"1357","4",170753247,170753441,"hsa_circ_003756",2,"+",2,2,5,5,"my_test_sample",2,0,0,1,"GTAG",NA,"ANCHOR_UNIQUE,CANONICAL,CIRCULAR,PERFECT_EXT,UNAMBIGUOUS_BP"
"1358","20",62166143,62166376,"hsa_circ_003757",4,"+",2,4,40,5,"my_test_sample",4,0,0,1,"GTAG",NA,"ANCHOR_UNIQUE,CANONICAL,CIRCULAR,PERFECT_EXT,UNAMBIGUOUS_BP"
"1359","12",93069579,93069774,"hsa_circ_003758",2,"+",1,2,5,5,"my_test_sample",2,1,0,1,"GTAG",NA,"ANCHOR_UNIQUE,CANONICAL,CIRCULAR,GOOD_EXT,UNAMBIGUOUS_BP"
"1360","3",135789189,135789360,"hsa_circ_003761",2,"-",1,2,35,5,"my_test_sample",2,1,0,1,"GTAG",NA,"ANCHOR_UNIQUE,CANONICAL,CIRCULAR,GOOD_EXT,UNAMBIGUOUS_BP"
"1361","1",110638199,110638424,"hsa_circ_003762",3,"+",1,3,40,40,"my_test_sample",3,1,1,1,"GTAG",NA,"ANCHOR_UNIQUE,CANONICAL,CIRCULAR,GOOD_EXT,UNAMBIGUOUS_BP"
"1362","2",46089366,46089526,"hsa_circ_003771",3,"-",2,3,40,5,"my_test_sample",3,0,0,1,"GTAG",NA,"ANCHOR_UNIQUE,CANONICAL,CIRCULAR,PERFECT_EXT,UNAMBIGUOUS_BP"
"1363","X",51060074,51060249,"hsa_circ_003780",2,"-",2,2,5,40,"my_test_sample",2,1,0,1,"GTAG",NA,"ANCHOR_UNIQUE,CANONICAL,CIRCULAR,GOOD_EXT,UNAMBIGUOUS_BP"
"1364","4",169189281,169189505,"hsa_circ_003785",2,"+",1,2,5,5,"my_test_sample",2,0,0,1,"GTAG",NA,"ANCHOR_UNIQUE,CANONICAL,CIRCULAR,PERFECT_EXT,UNAMBIGUOUS_BP"
"1365","2",121975663,121975816,"hsa_circ_003789",2,"+",1,2,40,5,"my_test_sample",2,0,1,1,"GTAG",NA,"ANCHOR_UNIQUE,CANONICAL,CIRCULAR,GOOD_EXT,UNAMBIGUOUS_BP"
"1366","4",5575225,5575399,"hsa_circ_003794",2,"-",1,2,40,40,"my_test_sample",2,2,0,1,"GTAG",NA,"ANCHOR_UNIQUE,CANONICAL,CIRCULAR,OK_EXT,UNAMBIGUOUS_BP"
"1367","16",52097287,52097453,"hsa_circ_003806",2,"+",1,2,40,5,"my_test_sample",2,1,0,1,"GTAG",NA,"ANCHOR_UNIQUE,CANONICAL,CIRCULAR,GOOD_EXT,UNAMBIGUOUS_BP"
"1368","8",130360243,130360416,"hsa_circ_003809",2,"+",1,2,40,35,"my_test_sample",2,2,0,1,"GTAG",NA,"ANCHOR_UNIQUE,CANONICAL,CIRCULAR,OK_EXT,UNAMBIGUOUS_BP"
"1369","18",38896947,38897119,"hsa_circ_003810",2,"-",1,2,5,40,"my_test_sample",2,1,0,1,"GTAG",NA,"ANCHOR_UNIQUE,CANONICAL,CIRCULAR,GOOD_EXT,UNAMBIGUOUS_BP"
"1370","X",2976980,2977184,"hsa_circ_003815",2,"-",1,2,5,5,"my_test_sample",2,0,0,1,"GTAG",NA,"ANCHOR_UNIQUE,CANONICAL,CIRCULAR,PERFECT_EXT,UNAMBIGUOUS_BP"
"1371","11",58757123,58757305,"hsa_circ_003817",2,"+",1,2,5,40,"my_test_sample",2,1,0,1,"GTAG",NA,"ANCHOR_UNIQUE,CANONICAL,CIRCULAR,GOOD_EXT,UNAMBIGUOUS_BP"
"1372","10",100552322,100552479,"hsa_circ_003822",2,"+",1,2,40,40,"my_test_sample",2,2,0,1,"GTAG",NA,"ANCHOR_UNIQUE,CANONICAL,CIRCULAR,OK_EXT,UNAMBIGUOUS_BP"
"1373","20",23519098,23519264,"hsa_circ_003824",3,"-",2,3,40,40,"my_test_sample",3,0,0,1,"GTAG",NA,"ANCHOR_UNIQUE,CANONICAL,CIRCULAR,PERFECT_EXT,UNAMBIGUOUS_BP"
"1374","19",48297210,48297399,"hsa_circ_003835",5,"+",2,5,40,5,"my_test_sample",5,1,0,1,"GTAG",NA,"ANCHOR_UNIQUE,CANONICAL,CIRCULAR,GOOD_EXT,UNAMBIGUOUS_BP"
"1375","1",206621764,206621931,"hsa_circ_003836",2,"+",1,2,5,5,"my_test_sample",2,0,0,1,"GTAG",NA,"ANCHOR_UNIQUE,CANONICAL,CIRCULAR,PERFECT_EXT,UNAMBIGUOUS_BP"
"1376","7",99388038,99390012,"hsa_circ_003844",2,"+",2,2,40,5,"my_test_sample",2,0,0,1,"GTAG",NA,"ANCHOR_UNIQUE,CANONICAL,CIRCULAR,PERFECT_EXT,UNAMBIGUOUS_BP"
"1377","12",57578642,57578795,"hsa_circ_003852",4,"+",2,4,40,5,"my_test_sample",4,0,0,1,"GTAG",NA,"ANCHOR_UNIQUE,CANONICAL,CIRCULAR,PERFECT_EXT,UNAMBIGUOUS_BP"
"1378","21",46349011,46349820,"hsa_circ_003853",4,"+",2,4,40,40,"my_test_sample",4,0,0,1,"GTAG",NA,"ANCHOR_UNIQUE,CANONICAL,CIRCULAR,PERFECT_EXT,UNAMBIGUOUS_BP"
"1379","19",27691652,27691825,"hsa_circ_003858",2,"+",1,2,5,40,"my_test_sample",2,1,0,1,"GTAG",NA,"ANCHOR_UNIQUE,CANONICAL,CIRCULAR,GOOD_EXT,UNAMBIGUOUS_BP"
"1380","11",62544261,62544437,"hsa_circ_003859",2,"+",2,2,40,40,"my_test_sample",2,0,0,1,"GTAG",NA,"ANCHOR_UNIQUE,CANONICAL,CIRCULAR,PERFECT_EXT,UNAMBIGUOUS_BP"
"1381","18",48793989,48794167,"hsa_circ_003862",2,"-",1,2,40,5,"my_test_sample",2,2,0,1,"GTAG",NA,"ANCHOR_UNIQUE,CANONICAL,CIRCULAR,OK_EXT,UNAMBIGUOUS_BP"
"1382","17",58187437,58187604,"hsa_circ_003864",2,"-",1,2,5,5,"my_test_sample",2,0,0,1,"GTAG",NA,"ANCHOR_UNIQUE,CANONICAL,CIRCULAR,PERFECT_EXT,UNAMBIGUOUS_BP"
"1383","14",102194937,102197847,"hsa_circ_003866",2,"+",2,2,40,40,"my_test_sample",2,0,0,1,"GTAG",NA,"ANCHOR_UNIQUE,CANONICAL,CIRCULAR,PERFECT_EXT,UNAMBIGUOUS_BP"
"1384","1",248915536,248915797,"hsa_circ_003868",3,"+",1,3,5,40,"my_test_sample",3,1,0,1,"GTAG",NA,"ANCHOR_UNIQUE,CANONICAL,CIRCULAR,GOOD_EXT,UNAMBIGUOUS_BP"
"1385","15",77706386,77706571,"hsa_circ_003870",2,"-",1,2,40,40,"my_test_sample",2,0,0,1,"GTAG",NA,"ANCHOR_UNIQUE,CANONICAL,CIRCULAR,PERFECT_EXT,UNAMBIGUOUS_BP"
"1386","3",184298211,184298441,"hsa_circ_003876",2,"-",2,2,5,40,"my_test_sample",2,1,0,1,"GTAG",NA,"ANCHOR_UNIQUE,CANONICAL,CIRCULAR,GOOD_EXT,UNAMBIGUOUS_BP"
"1387","X",142146577,142146756,"hsa_circ_003881",2,"-",1,2,5,40,"my_test_sample",2,1,1,1,"GTAG",NA,"ANCHOR_UNIQUE,CANONICAL,CIRCULAR,GOOD_EXT,UNAMBIGUOUS_BP"
"1388","10",101847994,101848166,"hsa_circ_003882",2,"+",1,2,5,5,"my_test_sample",2,0,0,1,"GTAG",NA,"ANCHOR_UNIQUE,CANONICAL,CIRCULAR,PERFECT_EXT,UNAMBIGUOUS_BP"
"1389","4",29744952,29745142,"hsa_circ_003883",2,"+",1,2,40,40,"my_test_sample",2,1,0,1,"GTAG",NA,"ANCHOR_UNIQUE,CANONICAL,CIRCULAR,GOOD_EXT,UNAMBIGUOUS_BP"
"1390","X",28016746,28016938,"hsa_circ_003884",2,"+",1,2,5,5,"my_test_sample",2,1,0,1,"GTAG",NA,"ANCHOR_UNIQUE,CANONICAL,CIRCULAR,GOOD_EXT,UNAMBIGUOUS_BP"
"1391","22",44346005,44346162,"hsa_circ_003891",2,"+",1,2,40,5,"my_test_sample",2,0,0,1,"GTAG",NA,"ANCHOR_UNIQUE,CANONICAL,CIRCULAR,PERFECT_EXT,UNAMBIGUOUS_BP"
"1392","18",68980629,68980801,"hsa_circ_003893",3,"+",2,3,5,5,"my_test_sample",3,0,1,1,"GTAG",NA,"ANCHOR_UNIQUE,CANONICAL,CIRCULAR,GOOD_EXT,UNAMBIGUOUS_BP"
"1393","15",87981449,87981662,"hsa_circ_003894",3,"-",1,3,40,5,"my_test_sample",3,2,0,1,"GTAG",NA,"ANCHOR_UNIQUE,CANONICAL,CIRCULAR,OK_EXT,UNAMBIGUOUS_BP"
"1394","7",16036745,16036924,"hsa_circ_003897",3,"-",1,3,5,5,"my_test_sample",3,2,0,1,"GTAG",NA,"ANCHOR_UNIQUE,CANONICAL,CIRCULAR,OK_EXT,UNAMBIGUOUS_BP"
"1395","21",34044459,34044641,"hsa_circ_003901",2,"+",1,2,5,5,"my_test_sample",2,2,0,1,"GTAG",NA,"ANCHOR_UNIQUE,CANONICAL,CIRCULAR,OK_EXT,UNAMBIGUOUS_BP"
"1396","9",93835234,93835402,"hsa_circ_003902",2,"-",1,2,5,5,"my_test_sample",2,1,0,1,"GTAG",NA,"ANCHOR_UNIQUE,CANONICAL,CIRCULAR,GOOD_EXT,UNAMBIGUOUS_BP"
"1397","22",44959604,44959951,"hsa_circ_003912",4,"-",1,4,5,40,"my_test_sample",4,1,0,1,"GTAG",NA,"ANCHOR_UNIQUE,CANONICAL,CIRCULAR,GOOD_EXT,UNAMBIGUOUS_BP"
"1398","10",116472916,116473078,"hsa_circ_003914",5,"-",2,5,40,40,"my_test_sample",5,0,0,1,"GTAG",NA,"ANCHOR_UNIQUE,CANONICAL,CIRCULAR,PERFECT_EXT,UNAMBIGUOUS_BP"
"1399","4",18698737,18698950,"hsa_circ_003915",2,"-",2,2,40,40,"my_test_sample",2,0,0,1,"GTAG",NA,"ANCHOR_UNIQUE,CANONICAL,CIRCULAR,PERFECT_EXT,UNAMBIGUOUS_BP"
"1400","X",126515014,126515239,"hsa_circ_003917",2,"+",1,2,5,5,"my_test_sample",2,1,0,1,"GTAG",NA,"ANCHOR_UNIQUE,CANONICAL,CIRCULAR,GOOD_EXT,UNAMBIGUOUS_BP"
"1401","11",73286775,73286949,"hsa_circ_003918",3,"-",1,3,40,40,"my_test_sample",3,1,0,1,"GTAG",NA,"ANCHOR_UNIQUE,CANONICAL,CIRCULAR,GOOD_EXT,UNAMBIGUOUS_BP"
"1402","17",75242335,75243570,"hsa_circ_003919",2,"-",1,2,40,5,"my_test_sample",2,0,0,1,"GTAG",NA,"ANCHOR_UNIQUE,CANONICAL,CIRCULAR,PERFECT_EXT,UNAMBIGUOUS_BP"
"1403","1",248852111,248852431,"hsa_circ_003924",6,"-",2,6,40,40,"my_test_sample",6,2,0,1,"GTAG",NA,"ANCHOR_UNIQUE,CANONICAL,CIRCULAR,OK_EXT,UNAMBIGUOUS_BP"
"1404","5",93175464,93175623,"hsa_circ_003925",2,"-",1,2,5,40,"my_test_sample",2,0,0,1,"GTAG",NA,"ANCHOR_UNIQUE,CANONICAL,CIRCULAR,PERFECT_EXT,UNAMBIGUOUS_BP"
"1405","3",185251927,185252085,"hsa_circ_003929",2,"+",2,2,5,5,"my_test_sample",2,0,0,1,"GTAG",NA,"ANCHOR_UNIQUE,CANONICAL,CIRCULAR,PERFECT_EXT,UNAMBIGUOUS_BP"
"1406","1",81199186,81199362,"hsa_circ_003931",2,"-",1,2,5,4,"my_test_sample",2,1,0,1,"GTAG",NA,"ANCHOR_UNIQUE,CANONICAL,CIRCULAR,GOOD_EXT,UNAMBIGUOUS_BP"
"1407","18",27923025,27923205,"hsa_circ_003932",3,"+",3,3,5,5,"my_test_sample",3,0,0,1,"GTAG",NA,"ANCHOR_UNIQUE,CANONICAL,CIRCULAR,PERFECT_EXT,UNAMBIGUOUS_BP"
"1408","17",77705313,77705493,"hsa_circ_003933",2,"+",1,2,40,5,"my_test_sample",2,2,0,1,"GTAG",NA,"ANCHOR_UNIQUE,CANONICAL,CIRCULAR,OK_EXT,UNAMBIGUOUS_BP"
"1409","16",89447056,89447234,"hsa_circ_003934",4,"-",3,4,40,40,"my_test_sample",4,0,0,1,"GTAG",NA,"ANCHOR_UNIQUE,CANONICAL,CIRCULAR,PERFECT_EXT,UNAMBIGUOUS_BP"
"1410","17",44543944,44544213,"hsa_circ_003938",2,"+",1,2,40,40,"my_test_sample",2,0,0,1,"GTAG",NA,"ANCHOR_UNIQUE,CANONICAL,CIRCULAR,PERFECT_EXT,UNAMBIGUOUS_BP"
"1411","14",105179402,105179559,"hsa_circ_003945",2,"+",1,2,40,40,"my_test_sample",2,2,0,1,"GTAG",NA,"ANCHOR_UNIQUE,CANONICAL,CIRCULAR,OK_EXT,UNAMBIGUOUS_BP"
"1412","4",181429353,181429527,"hsa_circ_003946",2,"-",1,2,4,35,"my_test_sample",2,0,0,1,"GTAG",NA,"ANCHOR_UNIQUE,CANONICAL,CIRCULAR,PERFECT_EXT,UNAMBIGUOUS_BP"
"1413","6",36574339,36574503,"hsa_circ_003947",3,"-",1,3,5,40,"my_test_sample",3,2,0,1,"GTAG",NA,"ANCHOR_UNIQUE,CANONICAL,CIRCULAR,OK_EXT,UNAMBIGUOUS_BP"
"1414","X",46680961,46681118,"hsa_circ_003949",4,"-",1,4,5,40,"my_test_sample",4,2,0,1,"GTAG",NA,"ANCHOR_UNIQUE,CANONICAL,CIRCULAR,OK_EXT,UNAMBIGUOUS_BP"
"1415","6",14728080,14728249,"hsa_circ_003955",2,"+",1,2,40,5,"my_test_sample",2,2,0,1,"GTAG",NA,"ANCHOR_UNIQUE,CANONICAL,CIRCULAR,OK_EXT,UNAMBIGUOUS_BP"
"1416","11",64832141,64832396,"hsa_circ_003959",2,"+",1,2,40,5,"my_test_sample",2,0,0,1,"GTAG",NA,"ANCHOR_UNIQUE,CANONICAL,CIRCULAR,PERFECT_EXT,UNAMBIGUOUS_BP"
"1417","22",31082022,31082673,"hsa_circ_003960",3,"+",1,3,40,5,"my_test_sample",3,0,0,1,"GTAG",NA,"ANCHOR_UNIQUE,CANONICAL,CIRCULAR,PERFECT_EXT,UNAMBIGUOUS_BP"
"1418","X",17766187,17766378,"hsa_circ_003967",3,"-",2,3,5,5,"my_test_sample",3,0,0,1,"GTAG",NA,"ANCHOR_UNIQUE,CANONICAL,CIRCULAR,PERFECT_EXT,UNAMBIGUOUS_BP"
"1419","5",35647095,35647274,"hsa_circ_003969",5,"+",2,4,5,40,"my_test_sample",5,1,0,1,"GTAG",NA,"ANCHOR_UNIQUE,CANONICAL,CIRCULAR,GOOD_EXT,UNAMBIGUOUS_BP"
"1420","X",40259440,40259613,"hsa_circ_003970",2,"+",1,2,40,5,"my_test_sample",2,0,0,1,"GTAG",NA,"ANCHOR_UNIQUE,CANONICAL,CIRCULAR,PERFECT_EXT,UNAMBIGUOUS_BP"
"1421","4",65559265,65559457,"hsa_circ_003972",2,"-",2,2,37,40,"my_test_sample",2,1,0,1,"GTAG",NA,"ANCHOR_UNIQUE,CANONICAL,CIRCULAR,GOOD_EXT,UNAMBIGUOUS_BP"
"1422","7",159042987,159043139,"hsa_circ_003976",2,"+",1,2,40,40,"my_test_sample",2,0,0,1,"GTAG",NA,"ANCHOR_UNIQUE,CANONICAL,CIRCULAR,PERFECT_EXT,UNAMBIGUOUS_BP"
"1423","8",94163253,94163457,"hsa_circ_003979",2,"+",1,2,5,5,"my_test_sample",2,2,0,1,"GTAG",NA,"ANCHOR_UNIQUE,CANONICAL,CIRCULAR,OK_EXT,UNAMBIGUOUS_BP"
"1424","18",6661739,6661934,"hsa_circ_003980",2,"-",1,2,40,5,"my_test_sample",2,2,0,1,"GTAG",NA,"ANCHOR_UNIQUE,CANONICAL,CIRCULAR,OK_EXT,UNAMBIGUOUS_BP"
"1425","3",8473248,8473440,"hsa_circ_003981",2,"-",1,2,40,4,"my_test_sample",2,0,0,1,"GTAG",NA,"ANCHOR_UNIQUE,CANONICAL,CIRCULAR,PERFECT_EXT,UNAMBIGUOUS_BP"
"1426","10",68787926,68788328,"hsa_circ_003983",3,"+",1,3,40,5,"my_test_sample",3,0,0,1,"GTAG",NA,"ANCHOR_UNIQUE,CANONICAL,CIRCULAR,PERFECT_EXT,UNAMBIGUOUS_BP"
"1427","8",98119666,98119828,"hsa_circ_003984",2,"-",1,2,5,5,"my_test_sample",2,0,0,1,"GTAG",NA,"ANCHOR_UNIQUE,CANONICAL,CIRCULAR,PERFECT_EXT,UNAMBIGUOUS_BP"
"1428","13",67687542,67687701,"hsa_circ_003985",2,"-",1,2,40,5,"my_test_sample",2,1,0,1,"GTAG",NA,"ANCHOR_UNIQUE,CANONICAL,CIRCULAR,GOOD_EXT,UNAMBIGUOUS_BP"
"1429","9",98901592,98901763,"hsa_circ_003986",2,"-",2,2,40,40,"my_test_sample",2,1,0,1,"GTAG",NA,"ANCHOR_UNIQUE,CANONICAL,CIRCULAR,GOOD_EXT,UNAMBIGUOUS_BP"
"1430","1",244106312,244106533,"hsa_circ_003989",3,"-",1,3,40,40,"my_test_sample",3,0,0,1,"GTAG",NA,"ANCHOR_UNIQUE,CANONICAL,CIRCULAR,PERFECT_EXT,UNAMBIGUOUS_BP"
"1431","12",19206421,19206581,"hsa_circ_003993",2,"+",2,2,5,40,"my_test_sample",2,1,0,1,"GTAG",NA,"ANCHOR_UNIQUE,CANONICAL,CIRCULAR,GOOD_EXT,UNAMBIGUOUS_BP"
"1432","7",73598046,73598211,"hsa_circ_003998",2,"-",1,2,5,40,"my_test_sample",2,2,0,1,"GTAG",NA,"ANCHOR_UNIQUE,CANONICAL,CIRCULAR,OK_EXT,UNAMBIGUOUS_BP"
"1433","2",138684638,138684862,"hsa_circ_004003",2,"-",2,2,40,5,"my_test_sample",2,0,0,1,"GTAG",NA,"ANCHOR_UNIQUE,CANONICAL,CIRCULAR,PERFECT_EXT,UNAMBIGUOUS_BP"
"1434","18",40140041,40140242,"hsa_circ_004006",3,"+",1,3,40,40,"my_test_sample",3,0,0,1,"GTAG",NA,"ANCHOR_UNIQUE,CANONICAL,CIRCULAR,PERFECT_EXT,UNAMBIGUOUS_BP"
"1435","6",27751007,27751158,"hsa_circ_004008",3,"-",1,3,5,5,"my_test_sample",3,0,0,1,"GTAG",NA,"ANCHOR_UNIQUE,CANONICAL,CIRCULAR,PERFECT_EXT,UNAMBIGUOUS_BP"
"1436","11",68622055,68622271,"hsa_circ_004009",2,"+",1,2,5,40,"my_test_sample",2,1,0,1,"GTAG",NA,"ANCHOR_UNIQUE,CANONICAL,CIRCULAR,GOOD_EXT,UNAMBIGUOUS_BP"
"1437","16",67036638,67082308,"hsa_circ_004010",2,"+",2,2,5,5,"my_test_sample",2,0,0,1,"GTAG",NA,"ANCHOR_UNIQUE,CANONICAL,CIRCULAR,PERFECT_EXT,UNAMBIGUOUS_BP"
"1438","9",125588589,125588843,"hsa_circ_004014",2,"-",1,2,5,40,"my_test_sample",2,1,0,1,"GTAG",NA,"ANCHOR_UNIQUE,CANONICAL,CIRCULAR,GOOD_EXT,UNAMBIGUOUS_BP"
"1439","X",152126602,152126767,"hsa_circ_004016",2,"-",2,2,40,5,"my_test_sample",2,1,0,1,"GTAG",NA,"ANCHOR_UNIQUE,CANONICAL,CIRCULAR,GOOD_EXT,UNAMBIGUOUS_BP"
"1440","3",140565131,140565299,"hsa_circ_004021",2,"+",1,2,5,5,"my_test_sample",2,1,0,1,"GTAG",NA,"ANCHOR_UNIQUE,CANONICAL,CIRCULAR,GOOD_EXT,UNAMBIGUOUS_BP"
"1441","1",181119101,181119404,"hsa_circ_004022",3,"+",1,3,40,5,"my_test_sample",3,1,0,1,"GTAG",NA,"ANCHOR_UNIQUE,CANONICAL,CIRCULAR,GOOD_EXT,UNAMBIGUOUS_BP"
"1442","2",14969034,14969237,"hsa_circ_004023",2,"-",1,2,4,40,"my_test_sample",2,2,0,1,"GTAG",NA,"ANCHOR_UNIQUE,CANONICAL,CIRCULAR,OK_EXT,UNAMBIGUOUS_BP"
"1443","16",15629244,15629397,"hsa_circ_004025",2,"+",1,2,40,5,"my_test_sample",2,0,0,1,"GTAG",NA,"ANCHOR_UNIQUE,CANONICAL,CIRCULAR,PERFECT_EXT,UNAMBIGUOUS_BP"
"1444","16",78685569,78686240,"hsa_circ_004029",4,"+",1,4,5,40,"my_test_sample",4,2,0,1,"GTAG",NA,"ANCHOR_UNIQUE,CANONICAL,CIRCULAR,OK_EXT,UNAMBIGUOUS_BP"
"1445","16",35570961,35571112,"hsa_circ_004032",2,"-",2,2,5,40,"my_test_sample",2,1,0,1,"GTAG",NA,"ANCHOR_UNIQUE,CANONICAL,CIRCULAR,GOOD_EXT,UNAMBIGUOUS_BP"
"1446","3",33951870,33952032,"hsa_circ_004036",4,"+",2,4,40,40,"my_test_sample",4,2,0,1,"GTAG",NA,"ANCHOR_UNIQUE,CANONICAL,CIRCULAR,OK_EXT,UNAMBIGUOUS_BP"
"1447","17",79077429,79077864,"hsa_circ_004037",4,"+",2,4,40,40,"my_test_sample",4,0,0,1,"GTAG",NA,"ANCHOR_UNIQUE,CANONICAL,CIRCULAR,PERFECT_EXT,UNAMBIGUOUS_BP"
"1448","2",191860394,191860544,"hsa_circ_004039",2,"+",1,2,3,40,"my_test_sample",2,1,0,1,"GTAG",NA,"ANCHOR_UNIQUE,CANONICAL,CIRCULAR,GOOD_EXT,UNAMBIGUOUS_BP"
"1449","9",34331413,34331583,"hsa_circ_004040",4,"+",1,4,40,40,"my_test_sample",4,1,0,1,"GTAG",NA,"ANCHOR_UNIQUE,CANONICAL,CIRCULAR,GOOD_EXT,UNAMBIGUOUS_BP"
"1450","3",114209223,114209560,"hsa_circ_004060",3,"-",2,3,40,5,"my_test_sample",3,0,0,1,"GTAG",NA,"ANCHOR_UNIQUE,CANONICAL,CIRCULAR,PERFECT_EXT,UNAMBIGUOUS_BP"
"1451","5",42843707,42843913,"hsa_circ_004061",3,"-",1,3,5,5,"my_test_sample",3,1,0,1,"GTAG",NA,"ANCHOR_UNIQUE,CANONICAL,CIRCULAR,GOOD_EXT,UNAMBIGUOUS_BP"
"1452","3",45937235,45937441,"hsa_circ_004063",2,"+",2,1,40,40,"my_test_sample",2,1,0,1,"GTAG",NA,"ANCHOR_UNIQUE,CANONICAL,CIRCULAR,GOOD_EXT,UNAMBIGUOUS_BP"
"1453","1",228541105,228541348,"hsa_circ_004065",2,"+",2,2,40,5,"my_test_sample",2,1,0,1,"GTAG",NA,"ANCHOR_UNIQUE,CANONICAL,CIRCULAR,GOOD_EXT,UNAMBIGUOUS_BP"
"1454","1",43920403,43920928,"hsa_circ_004066",3,"+",1,3,5,40,"my_test_sample",3,0,0,1,"GTAG",NA,"ANCHOR_UNIQUE,CANONICAL,CIRCULAR,PERFECT_EXT,UNAMBIGUOUS_BP"
"1455","12",17728697,17728924,"hsa_circ_004067",3,"+",1,3,5,40,"my_test_sample",3,1,0,1,"GTAG",NA,"ANCHOR_UNIQUE,CANONICAL,CIRCULAR,GOOD_EXT,UNAMBIGUOUS_BP"
"1456","4",54909294,54909469,"hsa_circ_004068",2,"-",1,2,40,5,"my_test_sample",2,0,0,1,"GTAG",NA,"ANCHOR_UNIQUE,CANONICAL,CIRCULAR,PERFECT_EXT,UNAMBIGUOUS_BP"
"1457","9",92891808,92891963,"hsa_circ_004072",3,"+",2,3,5,5,"my_test_sample",3,0,0,1,"GTAG",NA,"ANCHOR_UNIQUE,CANONICAL,CIRCULAR,PERFECT_EXT,UNAMBIGUOUS_BP"
"1458","17",73892627,73892832,"hsa_circ_004073",2,"-",1,2,5,5,"my_test_sample",2,0,0,1,"GTAG",NA,"ANCHOR_UNIQUE,CANONICAL,CIRCULAR,PERFECT_EXT,UNAMBIGUOUS_BP"
"1459","4",38861329,38861527,"hsa_circ_004075",2,"-",2,2,40,40,"my_test_sample",2,0,0,1,"GTAG",NA,"ANCHOR_UNIQUE,CANONICAL,CIRCULAR,PERFECT_EXT,UNAMBIGUOUS_BP"
"1460","17",76097795,76098018,"hsa_circ_004076",3,"-",1,3,40,40,"my_test_sample",3,0,0,1,"GTAG",NA,"ANCHOR_UNIQUE,CANONICAL,CIRCULAR,PERFECT_EXT,UNAMBIGUOUS_BP"
"1461","2",239538431,239538616,"hsa_circ_004080",2,"+",1,2,40,40,"my_test_sample",2,1,0,1,"GTAG",NA,"ANCHOR_UNIQUE,CANONICAL,CIRCULAR,GOOD_EXT,UNAMBIGUOUS_BP"
"1462","3",156852767,156888397,"hsa_circ_004081",4,"+",2,4,40,40,"my_test_sample",4,0,0,1,"GTAG",NA,"ANCHOR_UNIQUE,CANONICAL,CIRCULAR,PERFECT_EXT,UNAMBIGUOUS_BP"
"1463","11",17714319,17714512,"hsa_circ_004083",2,"+",2,2,40,5,"my_test_sample",2,1,0,1,"GTAG",NA,"ANCHOR_UNIQUE,CANONICAL,CIRCULAR,GOOD_EXT,UNAMBIGUOUS_BP"
"1464","6",170182402,170182568,"hsa_circ_004088",2,"-",1,2,5,5,"my_test_sample",2,0,0,1,"GTAG",NA,"ANCHOR_UNIQUE,CANONICAL,CIRCULAR,PERFECT_EXT,UNAMBIGUOUS_BP"
"1465","7",45660860,45661016,"hsa_circ_004089",3,"+",3,3,40,5,"my_test_sample",3,1,0,1,"GTAG",NA,"ANCHOR_UNIQUE,CANONICAL,CIRCULAR,GOOD_EXT,UNAMBIGUOUS_BP"
"1466","18",62282261,62287467,"hsa_circ_004090",4,"+",1,4,5,40,"my_test_sample",4,0,0,1,"GTAG",NA,"ANCHOR_UNIQUE,CANONICAL,CIRCULAR,PERFECT_EXT,UNAMBIGUOUS_BP"
"1467","X",134236818,134237015,"hsa_circ_004091",3,"-",1,3,5,5,"my_test_sample",3,0,0,1,"GTAG",NA,"ANCHOR_UNIQUE,CANONICAL,CIRCULAR,PERFECT_EXT,UNAMBIGUOUS_BP"
"1468","12",113121508,113130941,"hsa_circ_004094",2,"-",1,2,40,5,"my_test_sample",2,0,0,1,"GTAG",NA,"ANCHOR_UNIQUE,CANONICAL,CIRCULAR,PERFECT_EXT,UNAMBIGUOUS_BP"
"1469","10",72133642,72133796,"hsa_circ_004096",2,"+",1,2,40,5,"my_test_sample",2,0,0,1,"GTAG",NA,"ANCHOR_UNIQUE,CANONICAL,CIRCULAR,PERFECT_EXT,UNAMBIGUOUS_BP"
"1470","9",96458378,96471094,"hsa_circ_004101",2,"+",2,2,40,40,"my_test_sample",2,0,0,1,"GTAG",NA,"ANCHOR_UNIQUE,CANONICAL,CIRCULAR,PERFECT_EXT,UNAMBIGUOUS_BP"
"1471","1",6108741,6108897,"hsa_circ_004103",2,"+",1,2,5,5,"my_test_sample",2,1,0,1,"GTAG",NA,"ANCHOR_UNIQUE,CANONICAL,CIRCULAR,GOOD_EXT,UNAMBIGUOUS_BP"
"1472","7",146765734,146765907,"hsa_circ_004104",2,"+",1,2,5,5,"my_test_sample",2,1,0,1,"GTAG",NA,"ANCHOR_UNIQUE,CANONICAL,CIRCULAR,GOOD_EXT,UNAMBIGUOUS_BP"
"1473","1",160950840,160951005,"hsa_circ_004108",2,"-",1,2,5,5,"my_test_sample",2,0,0,1,"GTAG",NA,"ANCHOR_UNIQUE,CANONICAL,CIRCULAR,PERFECT_EXT,UNAMBIGUOUS_BP"
"1474","17",20304872,20305043,"hsa_circ_004109",3,"+",1,3,5,40,"my_test_sample",3,0,0,1,"GTAG",NA,"ANCHOR_UNIQUE,CANONICAL,CIRCULAR,PERFECT_EXT,UNAMBIGUOUS_BP"
"1475","1",45968259,45968413,"hsa_circ_004110",3,"-",1,3,5,5,"my_test_sample",3,0,0,1,"GTAG",NA,"ANCHOR_UNIQUE,CANONICAL,CIRCULAR,PERFECT_EXT,UNAMBIGUOUS_BP"
"1476","10",79379298,79379515,"hsa_circ_004111",2,"+",1,2,40,40,"my_test_sample",2,2,0,1,"GTAG",NA,"ANCHOR_UNIQUE,CANONICAL,CIRCULAR,OK_EXT,UNAMBIGUOUS_BP"
"1477","3",194786256,194786444,"hsa_circ_004112",2,"-",1,2,5,5,"my_test_sample",2,0,0,1,"GTAG",NA,"ANCHOR_UNIQUE,CANONICAL,CIRCULAR,PERFECT_EXT,UNAMBIGUOUS_BP"
"1478","15",46263089,46263265,"hsa_circ_004114",4,"+",1,4,5,5,"my_test_sample",4,2,0,1,"GTAG",NA,"ANCHOR_UNIQUE,CANONICAL,CIRCULAR,OK_EXT,UNAMBIGUOUS_BP"
"1479","13",45387020,45387123,"hsa_circ_004118",2,"-",2,2,40,5,"my_test_sample",2,1,0,1,"GTAG",NA,"ANCHOR_UNIQUE,CANONICAL,CIRCULAR,GOOD_EXT,UNAMBIGUOUS_BP"
"1480","9",93471140,93476338,"hsa_circ_004121",2,"+",1,2,5,40,"my_test_sample",2,0,0,1,"GTAG",NA,"ANCHOR_UNIQUE,CANONICAL,CIRCULAR,PERFECT_EXT,UNAMBIGUOUS_BP"
"1481","13",112597737,112597890,"hsa_circ_004128",4,"-",2,4,5,5,"my_test_sample",4,1,0,1,"GTAG",NA,"ANCHOR_UNIQUE,CANONICAL,CIRCULAR,GOOD_EXT,UNAMBIGUOUS_BP"
"1482","10",63751165,63751316,"hsa_circ_004129",2,"+",1,2,5,40,"my_test_sample",2,1,0,1,"GTAG",NA,"ANCHOR_UNIQUE,CANONICAL,CIRCULAR,GOOD_EXT,UNAMBIGUOUS_BP"
"1483","11",62205183,62205379,"hsa_circ_004132",3,"-",2,3,40,5,"my_test_sample",3,0,0,1,"GTAG",NA,"ANCHOR_UNIQUE,CANONICAL,CIRCULAR,PERFECT_EXT,UNAMBIGUOUS_BP"
"1484","15",39171802,39171952,"hsa_circ_004133",2,"-",1,2,40,40,"my_test_sample",2,0,0,1,"GTAG",NA,"ANCHOR_UNIQUE,CANONICAL,CIRCULAR,PERFECT_EXT,UNAMBIGUOUS_BP"
"1485","16",35714071,35714245,"hsa_circ_004136",4,"+",3,4,40,5,"my_test_sample",4,1,0,1,"GTAG",NA,"ANCHOR_UNIQUE,CANONICAL,CIRCULAR,GOOD_EXT,UNAMBIGUOUS_BP"
"1486","2",117424841,117425025,"hsa_circ_004144",6,"+",1,6,5,40,"my_test_sample",6,0,0,1,"GTAG",NA,"ANCHOR_UNIQUE,CANONICAL,CIRCULAR,PERFECT_EXT,UNAMBIGUOUS_BP"
"1487","7",151016782,151016937,"hsa_circ_004145",2,"+",1,2,40,5,"my_test_sample",2,1,0,1,"GTAG",NA,"ANCHOR_UNIQUE,CANONICAL,CIRCULAR,GOOD_EXT,UNAMBIGUOUS_BP"
"1488","11",23309492,23309693,"hsa_circ_004152",2,"-",2,2,40,40,"my_test_sample",2,1,0,1,"GTAG",NA,"ANCHOR_UNIQUE,CANONICAL,CIRCULAR,GOOD_EXT,UNAMBIGUOUS_BP"
"1489","4",138646220,138646499,"hsa_circ_004158",5,"+",1,5,5,5,"my_test_sample",5,2,0,1,"GTAG",NA,"ANCHOR_UNIQUE,CANONICAL,CIRCULAR,OK_EXT,UNAMBIGUOUS_BP"
"1490","22",46974289,46997709,"hsa_circ_004159",2,"+",1,2,5,40,"my_test_sample",2,0,0,1,"GTAG",NA,"ANCHOR_UNIQUE,CANONICAL,CIRCULAR,PERFECT_EXT,UNAMBIGUOUS_BP"
"1491","3",150117731,150117883,"hsa_circ_004163",2,"-",2,2,40,5,"my_test_sample",2,0,0,1,"GTAG",NA,"ANCHOR_UNIQUE,CANONICAL,CIRCULAR,PERFECT_EXT,UNAMBIGUOUS_BP"
"1492","3",120049595,120049767,"hsa_circ_004165",2,"+",1,2,5,5,"my_test_sample",2,1,0,1,"GTAG",NA,"ANCHOR_UNIQUE,CANONICAL,CIRCULAR,GOOD_EXT,UNAMBIGUOUS_BP"
"1493","19",20877825,20878015,"hsa_circ_004169",4,"-",2,3,5,5,"my_test_sample",4,0,0,1,"GTAG",NA,"ANCHOR_UNIQUE,CANONICAL,CIRCULAR,PERFECT_EXT,UNAMBIGUOUS_BP"
"1494","6",51642333,51642500,"hsa_circ_004172",3,"+",1,3,40,40,"my_test_sample",3,1,0,1,"GTAG",NA,"ANCHOR_UNIQUE,CANONICAL,CIRCULAR,GOOD_EXT,UNAMBIGUOUS_BP"
"1495","1",47450828,47451155,"hsa_circ_004176",4,"-",1,4,5,40,"my_test_sample",4,0,0,1,"GTAG",NA,"ANCHOR_UNIQUE,CANONICAL,CIRCULAR,PERFECT_EXT,UNAMBIGUOUS_BP"
"1496","2",145438843,145439018,"hsa_circ_004177",4,"-",1,4,5,5,"my_test_sample",4,2,0,1,"GTAG",NA,"ANCHOR_UNIQUE,CANONICAL,CIRCULAR,OK_EXT,UNAMBIGUOUS_BP"
"1497","9",130526191,130526356,"hsa_circ_004178",2,"+",2,2,5,5,"my_test_sample",2,0,0,1,"GTAG",NA,"ANCHOR_UNIQUE,CANONICAL,CIRCULAR,PERFECT_EXT,UNAMBIGUOUS_BP"
"1498","19",30616799,30616986,"hsa_circ_004179",3,"+",1,3,5,40,"my_test_sample",3,1,0,1,"GTAG",NA,"ANCHOR_UNIQUE,CANONICAL,CIRCULAR,GOOD_EXT,UNAMBIGUOUS_BP"
"1499","7",37429463,37429621,"hsa_circ_004180",4,"+",4,4,5,39,"my_test_sample",4,1,0,1,"GTAG",NA,"ANCHOR_UNIQUE,CANONICAL,CIRCULAR,GOOD_EXT,UNAMBIGUOUS_BP"
"1500","6",31505098,31505282,"hsa_circ_004181",2,"-",2,2,5,40,"my_test_sample",2,0,0,1,"GTAG",NA,"ANCHOR_UNIQUE,CANONICAL,CIRCULAR,PERFECT_EXT,UNAMBIGUOUS_BP"
"1501","9",9354871,9355040,"hsa_circ_004186",4,"+",2,4,40,40,"my_test_sample",4,0,2,1,"GTAG",NA,"ANCHOR_UNIQUE,CANONICAL,CIRCULAR,OK_EXT,UNAMBIGUOUS_BP"
"1502","16",24032135,24035547,"hsa_circ_004188",6,"+",2,6,40,40,"my_test_sample",6,1,0,1,"GTAG",NA,"ANCHOR_UNIQUE,CANONICAL,CIRCULAR,GOOD_EXT,UNAMBIGUOUS_BP"
"1503","15",45183014,45183206,"hsa_circ_004189",3,"-",1,3,5,40,"my_test_sample",3,0,0,1,"GTAG",NA,"ANCHOR_UNIQUE,CANONICAL,CIRCULAR,PERFECT_EXT,UNAMBIGUOUS_BP"
"1504","2",27374782,27375140,"hsa_circ_004190",2,"-",1,2,5,5,"my_test_sample",2,0,0,1,"GTAG",NA,"ANCHOR_UNIQUE,CANONICAL,CIRCULAR,PERFECT_EXT,UNAMBIGUOUS_BP"
"1505","17",80048582,80050283,"hsa_circ_004192",4,"+",1,4,5,5,"my_test_sample",4,0,0,1,"GTAG",NA,"ANCHOR_UNIQUE,CANONICAL,CIRCULAR,PERFECT_EXT,UNAMBIGUOUS_BP"
"1506","12",118026509,118026706,"hsa_circ_004193",2,"+",1,2,5,5,"my_test_sample",2,2,0,1,"GTAG",NA,"ANCHOR_UNIQUE,CANONICAL,CIRCULAR,OK_EXT,UNAMBIGUOUS_BP"
"1507","17",623532,627316,"hsa_circ_004194",6,"-",3,6,40,40,"my_test_sample",6,0,0,1,"GTAG",NA,"ANCHOR_UNIQUE,CANONICAL,CIRCULAR,PERFECT_EXT,UNAMBIGUOUS_BP"
"1508","12",950141,950300,"hsa_circ_004200",3,"+",1,3,40,40,"my_test_sample",3,2,0,1,"GTAG",NA,"ANCHOR_UNIQUE,CANONICAL,CIRCULAR,OK_EXT,UNAMBIGUOUS_BP"
"1509","13",111547618,111547799,"hsa_circ_004209",3,"+",1,3,5,5,"my_test_sample",3,0,0,1,"GTAG",NA,"ANCHOR_UNIQUE,CANONICAL,CIRCULAR,PERFECT_EXT,UNAMBIGUOUS_BP"
"1510","3",195812646,195812811,"hsa_circ_004211",2,"-",2,1,3,40,"my_test_sample",2,0,0,1,"GTAG",NA,"ANCHOR_UNIQUE,CANONICAL,CIRCULAR,PERFECT_EXT,UNAMBIGUOUS_BP"
"1511","19",57396746,57396907,"hsa_circ_004213",2,"+",2,2,5,5,"my_test_sample",2,1,0,1,"GTAG",NA,"ANCHOR_UNIQUE,CANONICAL,CIRCULAR,GOOD_EXT,UNAMBIGUOUS_BP"
"1512","18",51347847,51348019,"hsa_circ_004216",2,"-",2,2,40,5,"my_test_sample",2,1,0,1,"GTAG",NA,"ANCHOR_UNIQUE,CANONICAL,CIRCULAR,GOOD_EXT,UNAMBIGUOUS_BP"
"1513","1",21747066,21753119,"hsa_circ_004219",2,"-",2,2,40,40,"my_test_sample",2,0,0,1,"GTAG",NA,"ANCHOR_UNIQUE,CANONICAL,CIRCULAR,PERFECT_EXT,UNAMBIGUOUS_BP"
"1514","19",20889090,20889280,"hsa_circ_004220",2,"-",1,2,40,5,"my_test_sample",2,1,0,1,"GTAG",NA,"ANCHOR_UNIQUE,CANONICAL,CIRCULAR,GOOD_EXT,UNAMBIGUOUS_BP"
"1515","2",137430720,137430874,"hsa_circ_004222",2,"+",2,2,40,5,"my_test_sample",2,0,0,1,"GTAG",NA,"ANCHOR_UNIQUE,CANONICAL,CIRCULAR,PERFECT_EXT,UNAMBIGUOUS_BP"
"1516","3",171247476,171247628,"hsa_circ_004228",2,"-",1,2,40,5,"my_test_sample",2,2,0,1,"GTAG",NA,"ANCHOR_UNIQUE,CANONICAL,CIRCULAR,OK_EXT,UNAMBIGUOUS_BP"
"1517","1",169626040,169626218,"hsa_circ_004230",3,"+",2,3,35,5,"my_test_sample",3,1,0,1,"GTAG",NA,"ANCHOR_UNIQUE,CANONICAL,CIRCULAR,GOOD_EXT,UNAMBIGUOUS_BP"
"1518","9",83657230,83657405,"hsa_circ_004233",2,"-",2,2,5,40,"my_test_sample",2,0,0,1,"GTAG",NA,"ANCHOR_UNIQUE,CANONICAL,CIRCULAR,PERFECT_EXT,UNAMBIGUOUS_BP"
"1519","11",129123445,129127305,"hsa_circ_004234",3,"-",1,3,40,40,"my_test_sample",3,0,0,1,"GTAG",NA,"ANCHOR_UNIQUE,CANONICAL,CIRCULAR,PERFECT_EXT,UNAMBIGUOUS_BP"
"1520","4",188044619,188044780,"hsa_circ_004239",2,"-",1,2,40,5,"my_test_sample",2,2,0,1,"GTAG",NA,"ANCHOR_UNIQUE,CANONICAL,CIRCULAR,OK_EXT,UNAMBIGUOUS_BP"
"1521","5",181280612,181280771,"hsa_circ_004241",3,"-",2,3,5,5,"my_test_sample",3,0,0,1,"GTAG",NA,"ANCHOR_UNIQUE,CANONICAL,CIRCULAR,PERFECT_EXT,UNAMBIGUOUS_BP"
"1522","2",18952790,18952945,"hsa_circ_004243",2,"+",1,2,40,40,"my_test_sample",2,1,0,1,"GTAG",NA,"ANCHOR_UNIQUE,CANONICAL,CIRCULAR,GOOD_EXT,UNAMBIGUOUS_BP"
"1523","20",33778237,33778391,"hsa_circ_004245",3,"-",1,3,5,40,"my_test_sample",3,0,0,1,"GTAG",NA,"ANCHOR_UNIQUE,CANONICAL,CIRCULAR,PERFECT_EXT,UNAMBIGUOUS_BP"
"1524","X",1067044,1067312,"hsa_circ_004246",2,"-",2,1,5,5,"my_test_sample",2,0,0,1,"GTAG",NA,"ANCHOR_UNIQUE,CANONICAL,CIRCULAR,PERFECT_EXT,UNAMBIGUOUS_BP"
"1525","1",156333546,156334918,"hsa_circ_004247",2,"-",2,2,40,40,"my_test_sample",2,0,0,1,"GTAG",NA,"ANCHOR_UNIQUE,CANONICAL,CIRCULAR,PERFECT_EXT,UNAMBIGUOUS_BP"
"1526","17",36954626,36955026,"hsa_circ_004252",3,"-",1,3,5,5,"my_test_sample",3,1,0,1,"GTAG",NA,"ANCHOR_UNIQUE,CANONICAL,CIRCULAR,GOOD_EXT,UNAMBIGUOUS_BP"
"1527","1",51300254,51300421,"hsa_circ_004257",4,"+",1,4,5,5,"my_test_sample",4,0,0,1,"GTAG",NA,"ANCHOR_UNIQUE,CANONICAL,CIRCULAR,PERFECT_EXT,UNAMBIGUOUS_BP"
"1528","18",12087337,12087556,"hsa_circ_004258",2,"-",2,2,40,5,"my_test_sample",2,0,0,1,"GTAG",NA,"ANCHOR_UNIQUE,CANONICAL,CIRCULAR,PERFECT_EXT,UNAMBIGUOUS_BP"
"1529","6",111881837,111882173,"hsa_circ_004259",4,"+",2,4,40,40,"my_test_sample",4,0,0,1,"GTAG",NA,"ANCHOR_UNIQUE,CANONICAL,CIRCULAR,PERFECT_EXT,UNAMBIGUOUS_BP"
"1530","20",60904635,60904803,"hsa_circ_004280",2,"-",1,2,40,40,"my_test_sample",2,0,0,1,"GTAG",NA,"ANCHOR_UNIQUE,CANONICAL,CIRCULAR,PERFECT_EXT,UNAMBIGUOUS_BP"
"1531","9",21408948,21409126,"hsa_circ_004284",4,"+",2,4,5,5,"my_test_sample",4,0,0,1,"GTAG",NA,"ANCHOR_UNIQUE,CANONICAL,CIRCULAR,PERFECT_EXT,UNAMBIGUOUS_BP"
"1532","16",87362366,87362534,"hsa_circ_004286",3,"+",1,3,5,5,"my_test_sample",3,2,0,1,"GTAG",NA,"ANCHOR_UNIQUE,CANONICAL,CIRCULAR,OK_EXT,UNAMBIGUOUS_BP"
"1533","9",20907736,20907942,"hsa_circ_004291",2,"-",1,2,5,40,"my_test_sample",2,2,0,1,"GTAG",NA,"ANCHOR_UNIQUE,CANONICAL,CIRCULAR,OK_EXT,UNAMBIGUOUS_BP"
"1534","7",141845612,141845785,"hsa_circ_004293",2,"-",1,2,5,40,"my_test_sample",2,2,0,1,"GTAG",NA,"ANCHOR_UNIQUE,CANONICAL,CIRCULAR,OK_EXT,UNAMBIGUOUS_BP"
"1535","20",31985671,31987604,"hsa_circ_004294",3,"-",1,3,35,5,"my_test_sample",3,1,0,1,"GTAG",NA,"ANCHOR_UNIQUE,CANONICAL,CIRCULAR,GOOD_EXT,UNAMBIGUOUS_BP"
"1536","4",61028298,61028502,"hsa_circ_004295",3,"-",2,3,40,5,"my_test_sample",3,1,0,1,"GTAG",NA,"ANCHOR_UNIQUE,CANONICAL,CIRCULAR,GOOD_EXT,UNAMBIGUOUS_BP"
"1537","1",59733126,59733314,"hsa_circ_004296",2,"-",1,2,40,40,"my_test_sample",2,1,0,1,"GTAG",NA,"ANCHOR_UNIQUE,CANONICAL,CIRCULAR,GOOD_EXT,UNAMBIGUOUS_BP"
"1538","X",69494873,69495060,"hsa_circ_004297",2,"+",1,2,5,5,"my_test_sample",2,0,0,1,"GTAG",NA,"ANCHOR_UNIQUE,CANONICAL,CIRCULAR,PERFECT_EXT,UNAMBIGUOUS_BP"
"1539","1",213689326,213689488,"hsa_circ_004301",4,"-",3,4,5,40,"my_test_sample",4,1,2,1,"GTAG",NA,"ANCHOR_UNIQUE,CANONICAL,CIRCULAR,OK_EXT,UNAMBIGUOUS_BP"
"1540","4",69718828,69718992,"hsa_circ_004305",2,"+",1,2,5,40,"my_test_sample",2,2,0,1,"GTAG",NA,"ANCHOR_UNIQUE,CANONICAL,CIRCULAR,OK_EXT,UNAMBIGUOUS_BP"
"1541","X",33174109,33174283,"hsa_circ_004307",3,"+",1,3,5,40,"my_test_sample",3,2,0,1,"GTAG",NA,"ANCHOR_UNIQUE,CANONICAL,CIRCULAR,OK_EXT,UNAMBIGUOUS_BP"
"1542","4",17721487,17721654,"hsa_circ_004308",3,"+",2,3,5,40,"my_test_sample",3,0,0,1,"GTAG",NA,"ANCHOR_UNIQUE,CANONICAL,CIRCULAR,PERFECT_EXT,UNAMBIGUOUS_BP"
"1543","9",103154034,103154232,"hsa_circ_004309",2,"-",1,2,40,5,"my_test_sample",2,1,0,1,"GTAG",NA,"ANCHOR_UNIQUE,CANONICAL,CIRCULAR,GOOD_EXT,UNAMBIGUOUS_BP"
"1544","4",26236989,26237160,"hsa_circ_004311",3,"-",2,3,40,35,"my_test_sample",3,1,0,1,"GTAG",NA,"ANCHOR_UNIQUE,CANONICAL,CIRCULAR,GOOD_EXT,UNAMBIGUOUS_BP"
"1545","19",20906091,20906356,"hsa_circ_004313",2,"-",1,2,40,4,"my_test_sample",2,0,0,1,"GTAG",NA,"ANCHOR_UNIQUE,CANONICAL,CIRCULAR,PERFECT_EXT,UNAMBIGUOUS_BP"
"1546","18",78995934,78996232,"hsa_circ_004314",2,"+",1,2,40,5,"my_test_sample",2,1,0,1,"GTAG",NA,"ANCHOR_UNIQUE,CANONICAL,CIRCULAR,GOOD_EXT,UNAMBIGUOUS_BP"
"1547","3",128444052,128444238,"hsa_circ_004319",2,"+",2,2,40,40,"my_test_sample",2,0,0,1,"GTAG",NA,"ANCHOR_UNIQUE,CANONICAL,CIRCULAR,PERFECT_EXT,UNAMBIGUOUS_BP"
"1548","20",24136858,24137037,"hsa_circ_004321",2,"+",1,2,40,40,"my_test_sample",2,0,0,1,"GTAG",NA,"ANCHOR_UNIQUE,CANONICAL,CIRCULAR,PERFECT_EXT,UNAMBIGUOUS_BP"
"1549","X",36332930,36333166,"hsa_circ_004326",5,"+",1,5,40,40,"my_test_sample",5,1,0,1,"GTAG",NA,"ANCHOR_UNIQUE,CANONICAL,CIRCULAR,GOOD_EXT,UNAMBIGUOUS_BP"
"1550","17",77844725,77844927,"hsa_circ_004327",2,"-",2,2,40,40,"my_test_sample",2,0,0,1,"GTAG",NA,"ANCHOR_UNIQUE,CANONICAL,CIRCULAR,PERFECT_EXT,UNAMBIGUOUS_BP"
"1551","5",135428205,135428357,"hsa_circ_004329",3,"-",1,3,5,5,"my_test_sample",3,1,0,1,"GTAG",NA,"ANCHOR_UNIQUE,CANONICAL,CIRCULAR,GOOD_EXT,UNAMBIGUOUS_BP"
"1552","1",208353463,208353811,"hsa_circ_004330",3,"+",2,3,5,5,"my_test_sample",3,1,0,1,"GTAG",NA,"ANCHOR_UNIQUE,CANONICAL,CIRCULAR,GOOD_EXT,UNAMBIGUOUS_BP"
"1553","8",95101210,95101570,"hsa_circ_004335",2,"+",1,2,40,5,"my_test_sample",2,2,0,1,"GTAG",NA,"ANCHOR_UNIQUE,CANONICAL,CIRCULAR,OK_EXT,UNAMBIGUOUS_BP"
"1554","1",232637975,232638128,"hsa_circ_004336",3,"-",2,3,5,40,"my_test_sample",3,0,0,1,"GTAG",NA,"ANCHOR_UNIQUE,CANONICAL,CIRCULAR,PERFECT_EXT,UNAMBIGUOUS_BP"
"1555","12",14787847,14788023,"hsa_circ_004345",2,"+",1,2,5,5,"my_test_sample",2,0,0,1,"GTAG",NA,"ANCHOR_UNIQUE,CANONICAL,CIRCULAR,PERFECT_EXT,UNAMBIGUOUS_BP"
"1556","2",238059225,238059462,"hsa_circ_004349",2,"-",2,2,5,40,"my_test_sample",2,1,0,1,"GTAG",NA,"ANCHOR_UNIQUE,CANONICAL,CIRCULAR,GOOD_EXT,UNAMBIGUOUS_BP"
"1557","9",35566101,35566263,"hsa_circ_004351",2,"+",1,2,5,40,"my_test_sample",2,1,0,1,"GTAG",NA,"ANCHOR_UNIQUE,CANONICAL,CIRCULAR,GOOD_EXT,UNAMBIGUOUS_BP"
"1558","19",40458154,40458545,"hsa_circ_004352",6,"-",2,6,40,40,"my_test_sample",6,0,0,1,"GTAG",NA,"ANCHOR_UNIQUE,CANONICAL,CIRCULAR,PERFECT_EXT,UNAMBIGUOUS_BP"
"1559","9",34510171,34510401,"hsa_circ_004354",4,"+",2,4,5,5,"my_test_sample",4,1,0,1,"GTAG",NA,"ANCHOR_UNIQUE,CANONICAL,CIRCULAR,GOOD_EXT,UNAMBIGUOUS_BP"
"1560","X",151892103,151892261,"hsa_circ_004358",2,"+",1,2,5,5,"my_test_sample",2,2,0,1,"GTAG",NA,"ANCHOR_UNIQUE,CANONICAL,CIRCULAR,OK_EXT,UNAMBIGUOUS_BP"
"1561","1",10440346,10442441,"hsa_circ_004359",2,"+",1,2,5,40,"my_test_sample",2,0,0,1,"GTAG",NA,"ANCHOR_UNIQUE,CANONICAL,CIRCULAR,PERFECT_EXT,UNAMBIGUOUS_BP"
"1562","17",80357740,80357891,"hsa_circ_004361",2,"+",1,2,5,40,"my_test_sample",2,0,0,1,"GTAG",NA,"ANCHOR_UNIQUE,CANONICAL,CIRCULAR,PERFECT_EXT,UNAMBIGUOUS_BP"
"1563","1",211176331,211176501,"hsa_circ_004364",2,"-",1,2,40,5,"my_test_sample",2,2,0,1,"GTAG",NA,"ANCHOR_UNIQUE,CANONICAL,CIRCULAR,OK_EXT,UNAMBIGUOUS_BP"
"1564","1",1223243,1223968,"hsa_circ_004369",17,"-",6,17,40,40,"my_test_sample",17,1,0,1,"GTAG",NA,"ANCHOR_UNIQUE,CANONICAL,CIRCULAR,GOOD_EXT,UNAMBIGUOUS_BP"
"1565","3",132241567,132241728,"hsa_circ_004376",3,"-",1,3,5,5,"my_test_sample",3,0,0,1,"GTAG",NA,"ANCHOR_UNIQUE,CANONICAL,CIRCULAR,PERFECT_EXT,UNAMBIGUOUS_BP"
"1566","X",52380099,52380260,"hsa_circ_004377",3,"-",1,3,40,40,"my_test_sample",3,1,0,1,"GTAG",NA,"ANCHOR_UNIQUE,CANONICAL,CIRCULAR,GOOD_EXT,UNAMBIGUOUS_BP"
"1567","13",51816816,51816990,"hsa_circ_004378",2,"+",1,2,5,5,"my_test_sample",2,0,0,1,"GTAG",NA,"ANCHOR_UNIQUE,CANONICAL,CIRCULAR,PERFECT_EXT,UNAMBIGUOUS_BP"
"1568","2",225371819,225371984,"hsa_circ_004379",2,"-",2,2,40,40,"my_test_sample",2,0,0,1,"GTAG",NA,"ANCHOR_UNIQUE,CANONICAL,CIRCULAR,PERFECT_EXT,UNAMBIGUOUS_BP"
"1569","6",33452258,33452433,"hsa_circ_004382",3,"-",1,3,40,5,"my_test_sample",3,2,0,1,"GTAG",NA,"ANCHOR_UNIQUE,CANONICAL,CIRCULAR,OK_EXT,UNAMBIGUOUS_BP"
"1570","15",80979186,80979387,"hsa_circ_004383",2,"-",1,2,40,40,"my_test_sample",2,0,0,1,"GTAG",NA,"ANCHOR_UNIQUE,CANONICAL,CIRCULAR,PERFECT_EXT,UNAMBIGUOUS_BP"
"1571","13",75793795,75793975,"hsa_circ_004384",3,"+",1,3,5,5,"my_test_sample",3,2,0,1,"GTAG",NA,"ANCHOR_UNIQUE,CANONICAL,CIRCULAR,OK_EXT,UNAMBIGUOUS_BP"
"1572","3",42509019,42509212,"hsa_circ_004385",3,"-",1,3,40,40,"my_test_sample",3,0,0,1,"GTAG",NA,"ANCHOR_UNIQUE,CANONICAL,CIRCULAR,PERFECT_EXT,UNAMBIGUOUS_BP"
"1573","19",16032781,16032955,"hsa_circ_004388",4,"+",1,4,40,5,"my_test_sample",4,2,0,1,"GTAG",NA,"ANCHOR_UNIQUE,CANONICAL,CIRCULAR,OK_EXT,UNAMBIGUOUS_BP"
"1574","17",82201608,82201818,"hsa_circ_004389",2,"-",2,2,40,40,"my_test_sample",2,1,0,1,"GTAG",NA,"ANCHOR_UNIQUE,CANONICAL,CIRCULAR,GOOD_EXT,UNAMBIGUOUS_BP"
"1575","2",196382988,196383370,"hsa_circ_004393",4,"+",4,3,40,40,"my_test_sample",4,2,0,1,"GTAG",NA,"ANCHOR_UNIQUE,CANONICAL,CIRCULAR,OK_EXT,UNAMBIGUOUS_BP"
"1576","20",61606611,61606801,"hsa_circ_004395",2,"+",1,2,5,40,"my_test_sample",2,0,0,1,"GTAG",NA,"ANCHOR_UNIQUE,CANONICAL,CIRCULAR,PERFECT_EXT,UNAMBIGUOUS_BP"
"1577","X",112318089,112318252,"hsa_circ_004398",4,"-",1,4,40,40,"my_test_sample",4,2,0,1,"GTAG",NA,"ANCHOR_UNIQUE,CANONICAL,CIRCULAR,OK_EXT,UNAMBIGUOUS_BP"
"1578","17",36952885,36953907,"hsa_circ_004400",5,"+",1,5,5,40,"my_test_sample",5,0,0,1,"GTAG",NA,"ANCHOR_UNIQUE,CANONICAL,CIRCULAR,PERFECT_EXT,UNAMBIGUOUS_BP"
"1579","1",230394514,230394665,"hsa_circ_004404",2,"+",1,2,5,5,"my_test_sample",2,0,0,1,"GTAG",NA,"ANCHOR_UNIQUE,CANONICAL,CIRCULAR,PERFECT_EXT,UNAMBIGUOUS_BP"
"1580","13",89119456,89119622,"hsa_circ_004405",3,"+",2,3,40,5,"my_test_sample",3,0,0,1,"GTAG",NA,"ANCHOR_UNIQUE,CANONICAL,CIRCULAR,PERFECT_EXT,UNAMBIGUOUS_BP"
"1581","1",116118444,116118621,"hsa_circ_004407",3,"-",1,3,40,40,"my_test_sample",3,1,0,1,"GTAG",NA,"ANCHOR_UNIQUE,CANONICAL,CIRCULAR,GOOD_EXT,UNAMBIGUOUS_BP"
"1582","1",242628173,242628522,"hsa_circ_004408",4,"-",2,4,5,40,"my_test_sample",4,1,0,1,"GTAG",NA,"ANCHOR_UNIQUE,CANONICAL,CIRCULAR,GOOD_EXT,UNAMBIGUOUS_BP"
"1583","12",125741941,125742142,"hsa_circ_004409",2,"+",2,2,40,40,"my_test_sample",2,0,0,1,"GTAG",NA,"ANCHOR_UNIQUE,CANONICAL,CIRCULAR,PERFECT_EXT,UNAMBIGUOUS_BP"
"1584","6",167022408,167024894,"hsa_circ_004410",4,"+",2,4,40,40,"my_test_sample",4,0,0,1,"GTAG",NA,"ANCHOR_UNIQUE,CANONICAL,CIRCULAR,PERFECT_EXT,UNAMBIGUOUS_BP"
"1585","6",39318867,39319108,"hsa_circ_004411",4,"-",1,4,5,40,"my_test_sample",4,0,0,1,"GTAG",NA,"ANCHOR_UNIQUE,CANONICAL,CIRCULAR,PERFECT_EXT,UNAMBIGUOUS_BP"
"1586","2",2308164,2308324,"hsa_circ_004412",3,"-",1,3,5,5,"my_test_sample",3,0,0,1,"GTAG",NA,"ANCHOR_UNIQUE,CANONICAL,CIRCULAR,PERFECT_EXT,UNAMBIGUOUS_BP"
"1587","14",69040226,69040412,"hsa_circ_004415",2,"-",1,2,40,5,"my_test_sample",2,1,0,1,"GTAG",NA,"ANCHOR_UNIQUE,CANONICAL,CIRCULAR,GOOD_EXT,UNAMBIGUOUS_BP"
"1588","15",94973130,94973319,"hsa_circ_004416",2,"+",2,2,40,40,"my_test_sample",2,1,0,1,"GTAG",NA,"ANCHOR_UNIQUE,CANONICAL,CIRCULAR,GOOD_EXT,UNAMBIGUOUS_BP"
"1589","4",2336684,2336981,"hsa_circ_004420",2,"+",2,2,5,37,"my_test_sample",2,0,0,1,"GTAG",NA,"ANCHOR_UNIQUE,CANONICAL,CIRCULAR,PERFECT_EXT,UNAMBIGUOUS_BP"
"1590","1",58281406,58281553,"hsa_circ_004428",2,"-",2,2,5,5,"my_test_sample",2,0,0,1,"GTAG",NA,"ANCHOR_UNIQUE,CANONICAL,CIRCULAR,PERFECT_EXT,UNAMBIGUOUS_BP"
"1591","17",79925330,79925542,"hsa_circ_004429",2,"+",1,2,5,40,"my_test_sample",2,2,1,1,"GTAG",NA,"ANCHOR_UNIQUE,CANONICAL,CIRCULAR,OK_EXT,UNAMBIGUOUS_BP"
"1592","1",156562524,156562713,"hsa_circ_004430",2,"-",1,2,40,5,"my_test_sample",2,0,0,1,"GTAG",NA,"ANCHOR_UNIQUE,CANONICAL,CIRCULAR,PERFECT_EXT,UNAMBIGUOUS_BP"
"1593","4",891687,891851,"hsa_circ_004431",2,"-",1,2,40,40,"my_test_sample",2,2,0,1,"GTAG",NA,"ANCHOR_UNIQUE,CANONICAL,CIRCULAR,OK_EXT,UNAMBIGUOUS_BP"
"1594","18",51196226,51196427,"hsa_circ_004433",2,"-",1,2,40,40,"my_test_sample",2,2,0,1,"GTAG",NA,"ANCHOR_UNIQUE,CANONICAL,CIRCULAR,OK_EXT,UNAMBIGUOUS_BP"
"1595","12",109171804,109174230,"hsa_circ_004434",2,"+",1,2,40,40,"my_test_sample",2,0,0,1,"GTAG",NA,"ANCHOR_UNIQUE,CANONICAL,CIRCULAR,PERFECT_EXT,UNAMBIGUOUS_BP"
"1596","1",1148083,1148244,"hsa_circ_004439",2,"+",1,2,40,40,"my_test_sample",2,1,0,1,"GTAG",NA,"ANCHOR_UNIQUE,CANONICAL,CIRCULAR,GOOD_EXT,UNAMBIGUOUS_BP"
"1597","2",65974950,65975284,"hsa_circ_004441",2,"-",2,2,40,5,"my_test_sample",2,0,0,1,"GTAG",NA,"ANCHOR_UNIQUE,CANONICAL,CIRCULAR,PERFECT_EXT,UNAMBIGUOUS_BP"
"1598","7",121151666,121151839,"hsa_circ_004443",3,"+",1,3,40,40,"my_test_sample",3,1,0,1,"GTAG",NA,"ANCHOR_UNIQUE,CANONICAL,CIRCULAR,GOOD_EXT,UNAMBIGUOUS_BP"
"1599","14",103778744,103797518,"hsa_circ_004444",2,"-",1,2,40,40,"my_test_sample",2,0,0,1,"GTAG",NA,"ANCHOR_UNIQUE,CANONICAL,CIRCULAR,PERFECT_EXT,UNAMBIGUOUS_BP"
"1600","1",25561535,25561739,"hsa_circ_004447",3,"-",2,3,40,5,"my_test_sample",3,1,0,1,"GTAG",NA,"ANCHOR_UNIQUE,CANONICAL,CIRCULAR,GOOD_EXT,UNAMBIGUOUS_BP"
"1601","11",4747115,4747283,"hsa_circ_004450",2,"+",1,2,40,5,"my_test_sample",2,2,0,1,"GTAG",NA,"ANCHOR_UNIQUE,CANONICAL,CIRCULAR,OK_EXT,UNAMBIGUOUS_BP"
"1602","20",46110781,46111035,"hsa_circ_004452",2,"+",2,2,5,4,"my_test_sample",2,1,0,1,"GTAG",NA,"ANCHOR_UNIQUE,CANONICAL,CIRCULAR,GOOD_EXT,UNAMBIGUOUS_BP"
"1603","1",22547156,22547311,"hsa_circ_004455",6,"-",2,6,40,5,"my_test_sample",6,1,2,1,"GTAG",NA,"ANCHOR_UNIQUE,CANONICAL,CIRCULAR,OK_EXT,UNAMBIGUOUS_BP"
"1604","3",183057310,183071357,"hsa_circ_004457",2,"-",1,2,5,5,"my_test_sample",2,0,0,1,"GTAG",NA,"ANCHOR_UNIQUE,CANONICAL,CIRCULAR,PERFECT_EXT,UNAMBIGUOUS_BP"
"1605","15",76679662,76679845,"hsa_circ_004461",5,"-",1,5,40,5,"my_test_sample",5,1,0,1,"GTAG",NA,"ANCHOR_UNIQUE,CANONICAL,CIRCULAR,GOOD_EXT,UNAMBIGUOUS_BP"
"1606","20",9633544,9633704,"hsa_circ_004462",2,"-",1,2,40,5,"my_test_sample",2,1,0,1,"GTAG",NA,"ANCHOR_UNIQUE,CANONICAL,CIRCULAR,GOOD_EXT,UNAMBIGUOUS_BP"
"1607","5",59815211,59815375,"hsa_circ_004468",2,"-",1,2,5,40,"my_test_sample",2,1,0,1,"GTAG",NA,"ANCHOR_UNIQUE,CANONICAL,CIRCULAR,GOOD_EXT,UNAMBIGUOUS_BP"
"1608","9",112441856,112442055,"hsa_circ_004469",3,"+",1,3,5,5,"my_test_sample",3,1,0,1,"GTAG",NA,"ANCHOR_UNIQUE,CANONICAL,CIRCULAR,GOOD_EXT,UNAMBIGUOUS_BP"
"1609","4",63118401,63118553,"hsa_circ_004471",2,"+",1,2,5,5,"my_test_sample",2,2,0,1,"GTAG",NA,"ANCHOR_UNIQUE,CANONICAL,CIRCULAR,OK_EXT,UNAMBIGUOUS_BP"
"1610","18",48668593,48668749,"hsa_circ_004473",4,"-",2,4,40,40,"my_test_sample",4,1,0,1,"GTAG",NA,"ANCHOR_UNIQUE,CANONICAL,CIRCULAR,GOOD_EXT,UNAMBIGUOUS_BP"
"1611","6",164912885,164913037,"hsa_circ_004478",3,"-",2,3,40,40,"my_test_sample",3,0,0,1,"GTAG",NA,"ANCHOR_UNIQUE,CANONICAL,CIRCULAR,PERFECT_EXT,UNAMBIGUOUS_BP"
"1612","1",119478504,119478654,"hsa_circ_004479",7,"+",3,6,5,5,"my_test_sample",7,0,0,1,"GTAG",NA,"ANCHOR_UNIQUE,CANONICAL,CIRCULAR,PERFECT_EXT,UNAMBIGUOUS_BP"
"1613","15",35523712,35523889,"hsa_circ_004482",2,"-",1,2,40,5,"my_test_sample",2,1,0,1,"GTAG",NA,"ANCHOR_UNIQUE,CANONICAL,CIRCULAR,GOOD_EXT,UNAMBIGUOUS_BP"
"1614","2",118730075,118730250,"hsa_circ_004486",2,"-",1,2,40,40,"my_test_sample",2,2,0,1,"GTAG",NA,"ANCHOR_UNIQUE,CANONICAL,CIRCULAR,OK_EXT,UNAMBIGUOUS_BP"
"1615","10",111593316,111593559,"hsa_circ_004489",2,"-",2,2,5,5,"my_test_sample",2,1,0,1,"GTAG",NA,"ANCHOR_UNIQUE,CANONICAL,CIRCULAR,GOOD_EXT,UNAMBIGUOUS_BP"
"1616","6",89156463,89156655,"hsa_circ_004490",2,"+",1,2,5,40,"my_test_sample",2,2,0,1,"GTAG",NA,"ANCHOR_UNIQUE,CANONICAL,CIRCULAR,OK_EXT,UNAMBIGUOUS_BP"
"1617","1",173296929,173297169,"hsa_circ_004491",2,"+",1,2,5,5,"my_test_sample",2,0,0,1,"GTAG",NA,"ANCHOR_UNIQUE,CANONICAL,CIRCULAR,PERFECT_EXT,UNAMBIGUOUS_BP"
"1618","2",10011401,10011575,"hsa_circ_004492",2,"+",1,2,5,5,"my_test_sample",2,0,0,1,"GTAG",NA,"ANCHOR_UNIQUE,CANONICAL,CIRCULAR,PERFECT_EXT,UNAMBIGUOUS_BP"
"1619","7",47490131,47490683,"hsa_circ_004495",2,"+",2,2,40,40,"my_test_sample",2,0,0,1,"GTAG",NA,"ANCHOR_UNIQUE,CANONICAL,CIRCULAR,PERFECT_EXT,UNAMBIGUOUS_BP"
"1620","6",42573733,42573993,"hsa_circ_004496",2,"+",1,2,40,5,"my_test_sample",2,0,0,1,"GTAG",NA,"ANCHOR_UNIQUE,CANONICAL,CIRCULAR,PERFECT_EXT,UNAMBIGUOUS_BP"
"1621","9",99775761,99775911,"hsa_circ_004502",2,"+",1,2,5,5,"my_test_sample",2,1,0,1,"GTAG",NA,"ANCHOR_UNIQUE,CANONICAL,CIRCULAR,GOOD_EXT,UNAMBIGUOUS_BP"
"1622","22",19448727,19448927,"hsa_circ_004505",5,"+",1,5,5,5,"my_test_sample",5,1,0,1,"GTAG",NA,"ANCHOR_UNIQUE,CANONICAL,CIRCULAR,GOOD_EXT,UNAMBIGUOUS_BP"
"1623","12",133191488,133192003,"hsa_circ_004506",3,"+",2,3,5,5,"my_test_sample",3,0,0,1,"GTAG",NA,"ANCHOR_UNIQUE,CANONICAL,CIRCULAR,PERFECT_EXT,UNAMBIGUOUS_BP"
"1624","10",95369506,95369682,"hsa_circ_004508",3,"-",2,3,5,40,"my_test_sample",3,0,0,1,"GTAG",NA,"ANCHOR_UNIQUE,CANONICAL,CIRCULAR,PERFECT_EXT,UNAMBIGUOUS_BP"
"1625","12",132595756,132596114,"hsa_circ_004509",6,"-",2,6,40,40,"my_test_sample",6,0,0,1,"GTAG",NA,"ANCHOR_UNIQUE,CANONICAL,CIRCULAR,PERFECT_EXT,UNAMBIGUOUS_BP"
"1626","9",112867530,112867683,"hsa_circ_004512",2,"-",1,2,35,5,"my_test_sample",2,1,0,1,"GTAG",NA,"ANCHOR_UNIQUE,CANONICAL,CIRCULAR,GOOD_EXT,UNAMBIGUOUS_BP"
"1627","18",71254259,71254451,"hsa_circ_004515",2,"+",1,2,40,40,"my_test_sample",2,2,0,1,"GTAG",NA,"ANCHOR_UNIQUE,CANONICAL,CIRCULAR,OK_EXT,UNAMBIGUOUS_BP"
"1628","7",72431668,72431836,"hsa_circ_004516",3,"-",2,3,5,5,"my_test_sample",3,1,0,1,"GTAG",NA,"ANCHOR_UNIQUE,CANONICAL,CIRCULAR,GOOD_EXT,UNAMBIGUOUS_BP"
"1629","9",136806049,136806384,"hsa_circ_004517",3,"-",1,3,5,5,"my_test_sample",3,0,0,1,"GTAG",NA,"ANCHOR_UNIQUE,CANONICAL,CIRCULAR,PERFECT_EXT,UNAMBIGUOUS_BP"
"1630","3",153434568,153434767,"hsa_circ_004518",3,"-",1,3,40,5,"my_test_sample",3,1,0,1,"GTAG",NA,"ANCHOR_UNIQUE,CANONICAL,CIRCULAR,GOOD_EXT,UNAMBIGUOUS_BP"
"1631","12",120557281,120557682,"hsa_circ_004519",3,"+",2,3,40,40,"my_test_sample",3,0,0,1,"GTAG",NA,"ANCHOR_UNIQUE,CANONICAL,CIRCULAR,PERFECT_EXT,UNAMBIGUOUS_BP"
"1632","5",163467212,163467490,"hsa_circ_004520",2,"+",1,2,40,40,"my_test_sample",2,2,0,1,"GTAG",NA,"ANCHOR_UNIQUE,CANONICAL,CIRCULAR,OK_EXT,UNAMBIGUOUS_BP"
"1633","19",42154259,42154458,"hsa_circ_004524",2,"-",1,2,5,40,"my_test_sample",2,2,0,1,"GTAG",NA,"ANCHOR_UNIQUE,CANONICAL,CIRCULAR,OK_EXT,UNAMBIGUOUS_BP"
"1634","19",57692846,57693078,"hsa_circ_004526",2,"-",2,2,40,40,"my_test_sample",2,0,0,1,"GTAG",NA,"ANCHOR_UNIQUE,CANONICAL,CIRCULAR,PERFECT_EXT,UNAMBIGUOUS_BP"
"1635","16",11597671,11597852,"hsa_circ_004528",3,"-",1,3,5,5,"my_test_sample",3,0,1,1,"GTAG",NA,"ANCHOR_UNIQUE,CANONICAL,CIRCULAR,GOOD_EXT,UNAMBIGUOUS_BP"
"1636","X",58271707,58271859,"hsa_circ_004530",2,"-",1,2,40,40,"my_test_sample",2,1,0,1,"GTAG",NA,"ANCHOR_UNIQUE,CANONICAL,CIRCULAR,GOOD_EXT,UNAMBIGUOUS_BP"
"1637","13",111467784,111469191,"hsa_circ_004532",2,"-",2,2,35,40,"my_test_sample",2,0,0,1,"GTAG",NA,"ANCHOR_UNIQUE,CANONICAL,CIRCULAR,PERFECT_EXT,UNAMBIGUOUS_BP"
"1638","7",91720956,91721136,"hsa_circ_004533",2,"-",1,2,40,40,"my_test_sample",2,1,0,1,"GTAG",NA,"ANCHOR_UNIQUE,CANONICAL,CIRCULAR,GOOD_EXT,UNAMBIGUOUS_BP"
"1639","14",100529971,100530153,"hsa_circ_004534",2,"-",1,2,40,5,"my_test_sample",2,0,0,1,"GTAG",NA,"ANCHOR_UNIQUE,CANONICAL,CIRCULAR,PERFECT_EXT,UNAMBIGUOUS_BP"
"1640","4",89211644,89211880,"hsa_circ_004541",2,"+",2,1,40,5,"my_test_sample",2,1,0,1,"GTAG",NA,"ANCHOR_UNIQUE,CANONICAL,CIRCULAR,GOOD_EXT,UNAMBIGUOUS_BP"
"1641","5",51136294,51136452,"hsa_circ_004542",2,"-",1,2,5,5,"my_test_sample",2,2,0,1,"GTAG",NA,"ANCHOR_UNIQUE,CANONICAL,CIRCULAR,OK_EXT,UNAMBIGUOUS_BP"
"1642","2",41010350,41010501,"hsa_circ_004546",3,"-",1,3,5,40,"my_test_sample",3,1,0,1,"GTAG",NA,"ANCHOR_UNIQUE,CANONICAL,CIRCULAR,GOOD_EXT,UNAMBIGUOUS_BP"
"1643","16",81934428,81936378,"hsa_circ_004556",4,"+",2,4,40,40,"my_test_sample",4,0,0,1,"GTAG",NA,"ANCHOR_UNIQUE,CANONICAL,CIRCULAR,PERFECT_EXT,UNAMBIGUOUS_BP"
"1644","9",70066924,70067086,"hsa_circ_004558",3,"-",1,3,5,5,"my_test_sample",3,2,0,1,"GTAG",NA,"ANCHOR_UNIQUE,CANONICAL,CIRCULAR,OK_EXT,UNAMBIGUOUS_BP"
"1645","10",18741252,18741452,"hsa_circ_004559",2,"+",2,2,3,40,"my_test_sample",2,1,0,1,"GTAG",NA,"ANCHOR_UNIQUE,CANONICAL,CIRCULAR,GOOD_EXT,UNAMBIGUOUS_BP"
"1646","10",10918778,10919133,"hsa_circ_004560",2,"+",1,2,40,5,"my_test_sample",2,0,0,1,"GTAG",NA,"ANCHOR_UNIQUE,CANONICAL,CIRCULAR,PERFECT_EXT,UNAMBIGUOUS_BP"
"1647","18",69002356,69002533,"hsa_circ_004561",2,"-",1,2,40,40,"my_test_sample",2,1,0,1,"GTAG",NA,"ANCHOR_UNIQUE,CANONICAL,CIRCULAR,GOOD_EXT,UNAMBIGUOUS_BP"
"1648","11",42465549,42465709,"hsa_circ_004575",2,"+",1,2,5,5,"my_test_sample",2,1,0,1,"GTAG",NA,"ANCHOR_UNIQUE,CANONICAL,CIRCULAR,GOOD_EXT,UNAMBIGUOUS_BP"
"1649","1",53768508,53768731,"hsa_circ_004576",2,"-",2,2,5,3,"my_test_sample",2,1,0,1,"GTAG",NA,"ANCHOR_UNIQUE,CANONICAL,CIRCULAR,GOOD_EXT,UNAMBIGUOUS_BP"
"1650","7",151779169,151779519,"hsa_circ_004578",4,"-",1,4,40,40,"my_test_sample",4,1,0,1,"GTAG",NA,"ANCHOR_UNIQUE,CANONICAL,CIRCULAR,GOOD_EXT,UNAMBIGUOUS_BP"
"1651","13",21892424,21892618,"hsa_circ_004580",2,"+",2,2,5,5,"my_test_sample",2,0,0,1,"GTAG",NA,"ANCHOR_UNIQUE,CANONICAL,CIRCULAR,PERFECT_EXT,UNAMBIGUOUS_BP"
"1652","9",5948249,5949235,"hsa_circ_004585",2,"-",1,2,5,5,"my_test_sample",2,1,0,1,"GTAG",NA,"ANCHOR_UNIQUE,CANONICAL,CIRCULAR,GOOD_EXT,UNAMBIGUOUS_BP"
"1653","10",84520812,84521073,"hsa_circ_004591",2,"-",1,2,5,5,"my_test_sample",2,1,0,1,"GTAG",NA,"ANCHOR_UNIQUE,CANONICAL,CIRCULAR,GOOD_EXT,UNAMBIGUOUS_BP"
"1654","20",13569506,13587370,"hsa_circ_004595",4,"-",1,4,40,5,"my_test_sample",4,0,0,1,"GTAG",NA,"ANCHOR_UNIQUE,CANONICAL,CIRCULAR,PERFECT_EXT,UNAMBIGUOUS_BP"
"1655","14",19742804,19742981,"hsa_circ_004596",3,"-",1,3,40,5,"my_test_sample",3,2,0,1,"GTAG",NA,"ANCHOR_UNIQUE,CANONICAL,CIRCULAR,OK_EXT,UNAMBIGUOUS_BP"
"1656","14",92889567,92889725,"hsa_circ_004597",4,"-",2,4,37,40,"my_test_sample",4,0,0,1,"GTAG",NA,"ANCHOR_UNIQUE,CANONICAL,CIRCULAR,PERFECT_EXT,UNAMBIGUOUS_BP"
"1657","6",158318478,158318706,"hsa_circ_004599",2,"-",1,2,40,40,"my_test_sample",2,0,0,1,"GTAG",NA,"ANCHOR_UNIQUE,CANONICAL,CIRCULAR,PERFECT_EXT,UNAMBIGUOUS_BP"
"1658","6",85766344,85766515,"hsa_circ_004600",2,"+",2,2,5,5,"my_test_sample",2,0,0,1,"GTAG",NA,"ANCHOR_UNIQUE,CANONICAL,CIRCULAR,PERFECT_EXT,UNAMBIGUOUS_BP"
"1659","7",75729861,75730025,"hsa_circ_004601",2,"+",1,2,40,5,"my_test_sample",2,0,0,1,"GTAG",NA,"ANCHOR_UNIQUE,CANONICAL,CIRCULAR,PERFECT_EXT,UNAMBIGUOUS_BP"
"1660","11",68670420,68670748,"hsa_circ_004603",3,"+",1,3,40,5,"my_test_sample",3,2,0,1,"GTAG",NA,"ANCHOR_UNIQUE,CANONICAL,CIRCULAR,OK_EXT,UNAMBIGUOUS_BP"
"1661","3",53793090,53793267,"hsa_circ_004605",2,"-",2,2,5,40,"my_test_sample",2,0,0,1,"GTAG",NA,"ANCHOR_UNIQUE,CANONICAL,CIRCULAR,PERFECT_EXT,UNAMBIGUOUS_BP"
"1662","11",131404220,131404385,"hsa_circ_004606",3,"-",2,3,40,5,"my_test_sample",3,1,0,1,"GTAG",NA,"ANCHOR_UNIQUE,CANONICAL,CIRCULAR,GOOD_EXT,UNAMBIGUOUS_BP"
"1663","3",174171863,174172052,"hsa_circ_004611",2,"+",1,2,5,5,"my_test_sample",2,1,0,1,"GTAG",NA,"ANCHOR_UNIQUE,CANONICAL,CIRCULAR,GOOD_EXT,UNAMBIGUOUS_BP"
"1664","2",71189844,71190021,"hsa_circ_004616",4,"-",1,4,40,35,"my_test_sample",4,1,0,1,"GTAG",NA,"ANCHOR_UNIQUE,CANONICAL,CIRCULAR,GOOD_EXT,UNAMBIGUOUS_BP"
"1665","4",60460599,60460790,"hsa_circ_004617",2,"+",1,2,5,5,"my_test_sample",2,1,0,1,"GTAG",NA,"ANCHOR_UNIQUE,CANONICAL,CIRCULAR,GOOD_EXT,UNAMBIGUOUS_BP"
"1666","13",83936387,83936544,"hsa_circ_004626",2,"+",2,2,40,5,"my_test_sample",2,0,0,1,"GTAG",NA,"ANCHOR_UNIQUE,CANONICAL,CIRCULAR,PERFECT_EXT,UNAMBIGUOUS_BP"
"1667","9",37707085,37707262,"hsa_circ_004631",4,"-",1,4,5,5,"my_test_sample",4,0,0,1,"GTAG",NA,"ANCHOR_UNIQUE,CANONICAL,CIRCULAR,PERFECT_EXT,UNAMBIGUOUS_BP"
"1668","22",33294155,33294328,"hsa_circ_004632",3,"+",1,3,40,40,"my_test_sample",3,0,0,1,"GTAG",NA,"ANCHOR_UNIQUE,CANONICAL,CIRCULAR,PERFECT_EXT,UNAMBIGUOUS_BP"
"1669","14",102838586,102838788,"hsa_circ_004636",2,"+",1,2,40,5,"my_test_sample",2,1,0,1,"GTAG",NA,"ANCHOR_UNIQUE,CANONICAL,CIRCULAR,GOOD_EXT,UNAMBIGUOUS_BP"
"1670","12",53947067,53947241,"hsa_circ_004637",2,"+",1,2,5,5,"my_test_sample",2,1,0,1,"GTAG",NA,"ANCHOR_UNIQUE,CANONICAL,CIRCULAR,GOOD_EXT,UNAMBIGUOUS_BP"
"1671","10",49496024,49496191,"hsa_circ_004641",6,"-",1,6,40,40,"my_test_sample",6,2,0,1,"GTAG",NA,"ANCHOR_UNIQUE,CANONICAL,CIRCULAR,OK_EXT,UNAMBIGUOUS_BP"
"1672","3",176105077,176105254,"hsa_circ_004642",2,"+",1,2,40,40,"my_test_sample",2,0,0,1,"GTAG",NA,"ANCHOR_UNIQUE,CANONICAL,CIRCULAR,PERFECT_EXT,UNAMBIGUOUS_BP"
"1673","9",73729351,73729512,"hsa_circ_004643",3,"+",2,2,5,40,"my_test_sample",3,0,0,1,"GTAG",NA,"ANCHOR_UNIQUE,CANONICAL,CIRCULAR,PERFECT_EXT,UNAMBIGUOUS_BP"
"1674","2",23414281,23414490,"hsa_circ_004645",2,"+",2,2,40,5,"my_test_sample",2,0,0,1,"GTAG",NA,"ANCHOR_UNIQUE,CANONICAL,CIRCULAR,PERFECT_EXT,UNAMBIGUOUS_BP"
"1675","8",142602499,142602688,"hsa_circ_004647",2,"+",2,2,40,40,"my_test_sample",2,0,0,1,"GTAG",NA,"ANCHOR_UNIQUE,CANONICAL,CIRCULAR,PERFECT_EXT,UNAMBIGUOUS_BP"
"1676","5",181241486,181242340,"hsa_circ_004651",3,"-",1,3,35,40,"my_test_sample",3,1,0,1,"GTAG",NA,"ANCHOR_UNIQUE,CANONICAL,CIRCULAR,GOOD_EXT,UNAMBIGUOUS_BP"
"1677","10",29240122,29240322,"hsa_circ_004652",4,"-",1,4,40,40,"my_test_sample",4,1,0,1,"GTAG",NA,"ANCHOR_UNIQUE,CANONICAL,CIRCULAR,GOOD_EXT,UNAMBIGUOUS_BP"
"1678","5",46235877,46236049,"hsa_circ_004653",2,"+",2,2,5,5,"my_test_sample",2,0,0,1,"GTAG",NA,"ANCHOR_UNIQUE,CANONICAL,CIRCULAR,PERFECT_EXT,UNAMBIGUOUS_BP"
"1679","10",47038031,47038282,"hsa_circ_004658",2,"+",1,2,40,40,"my_test_sample",2,1,0,1,"GTAG",NA,"ANCHOR_UNIQUE,CANONICAL,CIRCULAR,GOOD_EXT,UNAMBIGUOUS_BP"
"1680","18",75549800,75549989,"hsa_circ_004661",2,"+",2,2,40,5,"my_test_sample",2,0,0,1,"GTAG",NA,"ANCHOR_UNIQUE,CANONICAL,CIRCULAR,PERFECT_EXT,UNAMBIGUOUS_BP"
"1681","3",45476535,45476686,"hsa_circ_004665",3,"-",1,3,40,40,"my_test_sample",3,1,0,1,"GTAG",NA,"ANCHOR_UNIQUE,CANONICAL,CIRCULAR,GOOD_EXT,UNAMBIGUOUS_BP"
"1682","6",11273538,11273783,"hsa_circ_004666",2,"-",2,2,40,40,"my_test_sample",2,0,0,1,"GTAG",NA,"ANCHOR_UNIQUE,CANONICAL,CIRCULAR,PERFECT_EXT,UNAMBIGUOUS_BP"
"1683","6",163280114,163280276,"hsa_circ_004668",2,"-",1,2,5,40,"my_test_sample",2,2,0,1,"GTAG",NA,"ANCHOR_UNIQUE,CANONICAL,CIRCULAR,OK_EXT,UNAMBIGUOUS_BP"
"1684","16",74636345,74637970,"hsa_circ_004671",2,"-",1,2,40,5,"my_test_sample",2,0,0,1,"GTAG",NA,"ANCHOR_UNIQUE,CANONICAL,CIRCULAR,PERFECT_EXT,UNAMBIGUOUS_BP"
"1685","15",69712197,69712378,"hsa_circ_004672",2,"+",2,2,37,5,"my_test_sample",2,0,0,1,"GTAG",NA,"ANCHOR_UNIQUE,CANONICAL,CIRCULAR,PERFECT_EXT,UNAMBIGUOUS_BP"
"1686","18",55527165,55527346,"hsa_circ_004673",2,"+",1,2,5,40,"my_test_sample",2,0,0,1,"GTAG",NA,"ANCHOR_UNIQUE,CANONICAL,CIRCULAR,PERFECT_EXT,UNAMBIGUOUS_BP"
"1687","2",191391606,191391804,"hsa_circ_004677",2,"+",1,2,40,5,"my_test_sample",2,1,0,1,"GTAG",NA,"ANCHOR_UNIQUE,CANONICAL,CIRCULAR,GOOD_EXT,UNAMBIGUOUS_BP"
"1688","9",134463398,134463567,"hsa_circ_004679",2,"-",2,2,40,40,"my_test_sample",2,1,0,1,"GTAG",NA,"ANCHOR_UNIQUE,CANONICAL,CIRCULAR,GOOD_EXT,UNAMBIGUOUS_BP"
"1689","8",32785773,32785972,"hsa_circ_004681",2,"+",1,2,40,40,"my_test_sample",2,2,0,1,"GTAG",NA,"ANCHOR_UNIQUE,CANONICAL,CIRCULAR,OK_EXT,UNAMBIGUOUS_BP"
"1690","2",118778774,118779089,"hsa_circ_004687",3,"+",1,3,40,40,"my_test_sample",3,2,0,1,"GTAG",NA,"ANCHOR_UNIQUE,CANONICAL,CIRCULAR,OK_EXT,UNAMBIGUOUS_BP"
"1691","X",29773314,29773604,"hsa_circ_004691",2,"-",1,2,40,5,"my_test_sample",2,0,0,1,"GTAG",NA,"ANCHOR_UNIQUE,CANONICAL,CIRCULAR,PERFECT_EXT,UNAMBIGUOUS_BP"
"1692","10",7601206,7601372,"hsa_circ_004696",2,"-",1,2,40,40,"my_test_sample",2,1,0,1,"GTAG",NA,"ANCHOR_UNIQUE,CANONICAL,CIRCULAR,GOOD_EXT,UNAMBIGUOUS_BP"
"1693","13",86556435,86556610,"hsa_circ_004698",2,"+",1,2,40,40,"my_test_sample",2,0,0,1,"GTAG",NA,"ANCHOR_UNIQUE,CANONICAL,CIRCULAR,PERFECT_EXT,UNAMBIGUOUS_BP"
"1694","10",91638843,91638997,"hsa_circ_004700",2,"+",1,2,40,5,"my_test_sample",2,0,0,1,"GTAG",NA,"ANCHOR_UNIQUE,CANONICAL,CIRCULAR,PERFECT_EXT,UNAMBIGUOUS_BP"
"1695","18",56026768,56026947,"hsa_circ_004701",3,"+",2,2,5,5,"my_test_sample",3,2,0,1,"GTAG",NA,"ANCHOR_UNIQUE,CANONICAL,CIRCULAR,OK_EXT,UNAMBIGUOUS_BP"
"1696","11",102161371,102161535,"hsa_circ_004702",2,"-",1,2,5,5,"my_test_sample",2,2,0,1,"GTAG",NA,"ANCHOR_UNIQUE,CANONICAL,CIRCULAR,OK_EXT,UNAMBIGUOUS_BP"
"1697","18",45316293,45316519,"hsa_circ_004704",4,"+",1,4,5,5,"my_test_sample",4,0,0,1,"GTAG",NA,"ANCHOR_UNIQUE,CANONICAL,CIRCULAR,PERFECT_EXT,UNAMBIGUOUS_BP"
"1698","13",111328464,111328829,"hsa_circ_004706",3,"+",1,3,5,40,"my_test_sample",3,2,0,1,"GTAG",NA,"ANCHOR_UNIQUE,CANONICAL,CIRCULAR,OK_EXT,UNAMBIGUOUS_BP"
"1699","X",38698638,38698815,"hsa_circ_004708",2,"+",2,2,5,5,"my_test_sample",2,1,0,1,"GTAG",NA,"ANCHOR_UNIQUE,CANONICAL,CIRCULAR,GOOD_EXT,UNAMBIGUOUS_BP"
"1700","1",177943751,177943922,"hsa_circ_004709",4,"+",2,4,40,40,"my_test_sample",4,1,0,1,"GTAG",NA,"ANCHOR_UNIQUE,CANONICAL,CIRCULAR,GOOD_EXT,UNAMBIGUOUS_BP"
"1701","13",48661356,48661518,"hsa_circ_004712",4,"+",2,4,5,40,"my_test_sample",4,0,0,1,"GTAG",NA,"ANCHOR_UNIQUE,CANONICAL,CIRCULAR,PERFECT_EXT,UNAMBIGUOUS_BP"
"1702","15",56548420,56548597,"hsa_circ_004718",2,"+",1,2,5,5,"my_test_sample",2,2,0,1,"GTAG",NA,"ANCHOR_UNIQUE,CANONICAL,CIRCULAR,OK_EXT,UNAMBIGUOUS_BP"
"1703","4",53820170,53820337,"hsa_circ_004719",2,"-",1,2,5,5,"my_test_sample",2,0,0,1,"GTAG",NA,"ANCHOR_UNIQUE,CANONICAL,CIRCULAR,PERFECT_EXT,UNAMBIGUOUS_BP"
"1704","18",37853970,37854178,"hsa_circ_004721",3,"-",2,3,40,5,"my_test_sample",3,2,0,1,"GTAG",NA,"ANCHOR_UNIQUE,CANONICAL,CIRCULAR,OK_EXT,UNAMBIGUOUS_BP"
"1705","8",41281832,41282008,"hsa_circ_004725",3,"-",1,3,40,40,"my_test_sample",3,0,0,1,"GTAG",NA,"ANCHOR_UNIQUE,CANONICAL,CIRCULAR,PERFECT_EXT,UNAMBIGUOUS_BP"
"1706","6",61591792,61591965,"hsa_circ_004726",2,"+",2,2,5,5,"my_test_sample",2,0,0,1,"GTAG",NA,"ANCHOR_UNIQUE,CANONICAL,CIRCULAR,PERFECT_EXT,UNAMBIGUOUS_BP"
"1707","21",45821360,45821539,"hsa_circ_004728",2,"-",2,2,5,40,"my_test_sample",2,0,0,1,"GTAG",NA,"ANCHOR_UNIQUE,CANONICAL,CIRCULAR,PERFECT_EXT,UNAMBIGUOUS_BP"
"1708","11",76382975,76383196,"hsa_circ_004730",3,"+",2,3,40,40,"my_test_sample",3,0,0,1,"GTAG",NA,"ANCHOR_UNIQUE,CANONICAL,CIRCULAR,PERFECT_EXT,UNAMBIGUOUS_BP"
"1709","15",81153682,81153897,"hsa_circ_004731",2,"+",2,2,40,5,"my_test_sample",2,1,0,1,"GTAG",NA,"ANCHOR_UNIQUE,CANONICAL,CIRCULAR,GOOD_EXT,UNAMBIGUOUS_BP"
"1710","1",232646492,232646675,"hsa_circ_004732",3,"+",1,3,40,5,"my_test_sample",3,0,0,1,"GTAG",NA,"ANCHOR_UNIQUE,CANONICAL,CIRCULAR,PERFECT_EXT,UNAMBIGUOUS_BP"
"1711","19",13109331,13109513,"hsa_circ_004737",3,"+",3,3,40,40,"my_test_sample",3,0,0,1,"GTAG",NA,"ANCHOR_UNIQUE,CANONICAL,CIRCULAR,PERFECT_EXT,UNAMBIGUOUS_BP"
"1712","16",30942115,30942536,"hsa_circ_004742",2,"+",2,2,40,40,"my_test_sample",2,0,0,1,"GTAG",NA,"ANCHOR_UNIQUE,CANONICAL,CIRCULAR,PERFECT_EXT,UNAMBIGUOUS_BP"
"1713","10",127191067,127191252,"hsa_circ_004747",2,"-",2,2,40,40,"my_test_sample",2,1,0,1,"GTAG",NA,"ANCHOR_UNIQUE,CANONICAL,CIRCULAR,GOOD_EXT,UNAMBIGUOUS_BP"
"1714","3",49410078,49410247,"hsa_circ_004748",2,"-",1,2,40,5,"my_test_sample",2,2,0,1,"GTAG",NA,"ANCHOR_UNIQUE,CANONICAL,CIRCULAR,OK_EXT,UNAMBIGUOUS_BP"
"1715","13",26497543,26497722,"hsa_circ_004752",3,"-",1,3,40,40,"my_test_sample",3,2,0,1,"GTAG",NA,"ANCHOR_UNIQUE,CANONICAL,CIRCULAR,OK_EXT,UNAMBIGUOUS_BP"
"1716","12",128850183,128850407,"hsa_circ_004755",2,"-",1,2,5,5,"my_test_sample",2,2,0,1,"GTAG",NA,"ANCHOR_UNIQUE,CANONICAL,CIRCULAR,OK_EXT,UNAMBIGUOUS_BP"
"1717","2",130950232,130950400,"hsa_circ_004756",2,"-",1,2,40,40,"my_test_sample",2,1,0,1,"GTAG",NA,"ANCHOR_UNIQUE,CANONICAL,CIRCULAR,GOOD_EXT,UNAMBIGUOUS_BP"
"1718","7",30974707,30974870,"hsa_circ_004757",2,"+",2,2,3,40,"my_test_sample",2,0,0,1,"GTAG",NA,"ANCHOR_UNIQUE,CANONICAL,CIRCULAR,PERFECT_EXT,UNAMBIGUOUS_BP"
"1719","X",17773983,17774139,"hsa_circ_004758",2,"-",1,2,5,40,"my_test_sample",2,2,0,1,"GTAG",NA,"ANCHOR_UNIQUE,CANONICAL,CIRCULAR,OK_EXT,UNAMBIGUOUS_BP"
"1720","1",242231736,242231912,"hsa_circ_004761",3,"+",1,3,40,40,"my_test_sample",3,1,0,1,"GTAG",NA,"ANCHOR_UNIQUE,CANONICAL,CIRCULAR,GOOD_EXT,UNAMBIGUOUS_BP"
"1721","2",20810049,20810377,"hsa_circ_004764",4,"-",2,4,5,40,"my_test_sample",4,1,0,1,"GTAG",NA,"ANCHOR_UNIQUE,CANONICAL,CIRCULAR,GOOD_EXT,UNAMBIGUOUS_BP"
"1722","10",3081507,3081692,"hsa_circ_004767",2,"+",2,2,40,40,"my_test_sample",2,1,0,1,"GTAG",NA,"ANCHOR_UNIQUE,CANONICAL,CIRCULAR,GOOD_EXT,UNAMBIGUOUS_BP"
"1723","5",65896301,65896457,"hsa_circ_004771",2,"+",2,2,40,40,"my_test_sample",2,1,0,1,"GTAG",NA,"ANCHOR_UNIQUE,CANONICAL,CIRCULAR,GOOD_EXT,UNAMBIGUOUS_BP"
"1724","14",76733461,76733661,"hsa_circ_004772",3,"-",2,3,5,5,"my_test_sample",3,1,0,1,"GTAG",NA,"ANCHOR_UNIQUE,CANONICAL,CIRCULAR,GOOD_EXT,UNAMBIGUOUS_BP"
"1725","16",8627074,8627250,"hsa_circ_004777",3,"-",2,2,5,5,"my_test_sample",3,0,0,1,"GTAG",NA,"ANCHOR_UNIQUE,CANONICAL,CIRCULAR,PERFECT_EXT,UNAMBIGUOUS_BP"
"1726","10",58355757,58355909,"hsa_circ_004778",4,"-",1,4,5,40,"my_test_sample",4,1,0,1,"GTAG",NA,"ANCHOR_UNIQUE,CANONICAL,CIRCULAR,GOOD_EXT,UNAMBIGUOUS_BP"
"1727","15",101235081,101235577,"hsa_circ_004782",6,"-",3,6,40,40,"my_test_sample",6,0,0,1,"GTAG",NA,"ANCHOR_UNIQUE,CANONICAL,CIRCULAR,PERFECT_EXT,UNAMBIGUOUS_BP"
"1728","11",112277218,112277386,"hsa_circ_004789",2,"+",1,2,40,40,"my_test_sample",2,2,0,1,"GTAG",NA,"ANCHOR_UNIQUE,CANONICAL,CIRCULAR,OK_EXT,UNAMBIGUOUS_BP"
"1729","17",35729149,35729432,"hsa_circ_004793",2,"+",1,2,5,5,"my_test_sample",2,0,0,1,"GTAG",NA,"ANCHOR_UNIQUE,CANONICAL,CIRCULAR,PERFECT_EXT,UNAMBIGUOUS_BP"
"1730","11",108317372,108332037,"hsa_circ_004794",4,"+",1,4,40,5,"my_test_sample",4,0,0,1,"GTAG",NA,"ANCHOR_UNIQUE,CANONICAL,CIRCULAR,PERFECT_EXT,UNAMBIGUOUS_BP"
"1731","6",20470190,20470374,"hsa_circ_004795",2,"-",1,2,40,5,"my_test_sample",2,2,0,1,"GTAG",NA,"ANCHOR_UNIQUE,CANONICAL,CIRCULAR,OK_EXT,UNAMBIGUOUS_BP"
"1732","19",12846357,12846989,"hsa_circ_004796",3,"-",1,3,40,5,"my_test_sample",3,0,0,1,"GTAG",NA,"ANCHOR_UNIQUE,CANONICAL,CIRCULAR,PERFECT_EXT,UNAMBIGUOUS_BP"
"1733","5",178362528,178362714,"hsa_circ_004798",3,"-",1,3,5,40,"my_test_sample",3,2,0,1,"GTAG",NA,"ANCHOR_UNIQUE,CANONICAL,CIRCULAR,OK_EXT,UNAMBIGUOUS_BP"
"1734","7",157506509,157506684,"hsa_circ_004803",4,"-",2,4,5,5,"my_test_sample",4,1,0,1,"GTAG",NA,"ANCHOR_UNIQUE,CANONICAL,CIRCULAR,GOOD_EXT,UNAMBIGUOUS_BP"
"1735","3",14461904,14462097,"hsa_circ_004804",4,"-",1,4,5,5,"my_test_sample",4,1,0,1,"GTAG",NA,"ANCHOR_UNIQUE,CANONICAL,CIRCULAR,GOOD_EXT,UNAMBIGUOUS_BP"
"1736","9",129240773,129240937,"hsa_circ_004805",2,"-",1,2,40,5,"my_test_sample",2,1,0,1,"GTAG",NA,"ANCHOR_UNIQUE,CANONICAL,CIRCULAR,GOOD_EXT,UNAMBIGUOUS_BP"
"1737","6",33203987,33204159,"hsa_circ_004808",2,"+",1,2,40,40,"my_test_sample",2,1,0,1,"GTAG",NA,"ANCHOR_UNIQUE,CANONICAL,CIRCULAR,GOOD_EXT,UNAMBIGUOUS_BP"
"1738","3",113198786,113198984,"hsa_circ_004809",2,"+",1,2,40,40,"my_test_sample",2,0,0,1,"GTAG",NA,"ANCHOR_UNIQUE,CANONICAL,CIRCULAR,PERFECT_EXT,UNAMBIGUOUS_BP"
"1739","11",1480392,1480885,"hsa_circ_004810",2,"-",1,2,40,5,"my_test_sample",2,2,0,1,"GTAG",NA,"ANCHOR_UNIQUE,CANONICAL,CIRCULAR,OK_EXT,UNAMBIGUOUS_BP"
"1740","14",27873855,27874021,"hsa_circ_004816",2,"-",1,2,40,5,"my_test_sample",2,1,0,1,"GTAG",NA,"ANCHOR_UNIQUE,CANONICAL,CIRCULAR,GOOD_EXT,UNAMBIGUOUS_BP"
"1741","8",988630,988780,"hsa_circ_004817",4,"-",2,4,5,40,"my_test_sample",4,0,1,1,"GTAG",NA,"ANCHOR_UNIQUE,CANONICAL,CIRCULAR,GOOD_EXT,UNAMBIGUOUS_BP"
"1742","20",45230048,45230227,"hsa_circ_004818",2,"-",1,2,5,40,"my_test_sample",2,0,0,1,"GTAG",NA,"ANCHOR_UNIQUE,CANONICAL,CIRCULAR,PERFECT_EXT,UNAMBIGUOUS_BP"
"1743","12",7551749,7551900,"hsa_circ_004820",2,"-",1,2,5,5,"my_test_sample",2,2,0,1,"GTAG",NA,"ANCHOR_UNIQUE,CANONICAL,CIRCULAR,OK_EXT,UNAMBIGUOUS_BP"
"1744","8",56137719,56137881,"hsa_circ_004822",2,"-",2,2,5,5,"my_test_sample",2,0,0,1,"GTAG",NA,"ANCHOR_UNIQUE,CANONICAL,CIRCULAR,PERFECT_EXT,UNAMBIGUOUS_BP"
"1745","12",4110616,4110787,"hsa_circ_004825",4,"+",1,4,5,40,"my_test_sample",4,1,0,1,"GTAG",NA,"ANCHOR_UNIQUE,CANONICAL,CIRCULAR,GOOD_EXT,UNAMBIGUOUS_BP"
"1746","9",14865867,14866057,"hsa_circ_004830",7,"-",3,7,5,40,"my_test_sample",7,1,0,1,"GTAG",NA,"ANCHOR_UNIQUE,CANONICAL,CIRCULAR,GOOD_EXT,UNAMBIGUOUS_BP"
"1747","X",53614533,53615835,"hsa_circ_004832",2,"-",1,2,5,40,"my_test_sample",2,0,0,1,"GTAG",NA,"ANCHOR_UNIQUE,CANONICAL,CIRCULAR,PERFECT_EXT,UNAMBIGUOUS_BP"
"1748","12",110913095,110913270,"hsa_circ_004833",2,"-",1,2,5,5,"my_test_sample",2,0,1,1,"GTAG",NA,"ANCHOR_UNIQUE,CANONICAL,CIRCULAR,GOOD_EXT,UNAMBIGUOUS_BP"
"1749","10",9920870,9921040,"hsa_circ_004834",2,"-",1,2,40,5,"my_test_sample",2,2,0,1,"GTAG",NA,"ANCHOR_UNIQUE,CANONICAL,CIRCULAR,OK_EXT,UNAMBIGUOUS_BP"
"1750","12",45471544,45471794,"hsa_circ_004836",3,"-",1,3,40,5,"my_test_sample",3,1,0,1,"GTAG",NA,"ANCHOR_UNIQUE,CANONICAL,CIRCULAR,GOOD_EXT,UNAMBIGUOUS_BP"
"1751","17",51544566,51544789,"hsa_circ_004840",2,"-",2,2,4,5,"my_test_sample",2,1,0,1,"GTAG",NA,"ANCHOR_UNIQUE,CANONICAL,CIRCULAR,GOOD_EXT,UNAMBIGUOUS_BP"
"1752","5",104771414,104771602,"hsa_circ_004842",4,"+",2,4,5,5,"my_test_sample",4,2,0,1,"GTAG",NA,"ANCHOR_UNIQUE,CANONICAL,CIRCULAR,OK_EXT,UNAMBIGUOUS_BP"
"1753","13",113105919,113106229,"hsa_circ_004844",4,"+",2,4,40,5,"my_test_sample",4,1,0,1,"GTAG",NA,"ANCHOR_UNIQUE,CANONICAL,CIRCULAR,GOOD_EXT,UNAMBIGUOUS_BP"
"1754","4",10082525,10082701,"hsa_circ_004845",2,"-",1,2,5,5,"my_test_sample",2,0,0,1,"GTAG",NA,"ANCHOR_UNIQUE,CANONICAL,CIRCULAR,PERFECT_EXT,UNAMBIGUOUS_BP"
"1755","1",234869692,234869900,"hsa_circ_004846",2,"+",2,2,5,5,"my_test_sample",2,2,0,1,"GTAG",NA,"ANCHOR_UNIQUE,CANONICAL,CIRCULAR,OK_EXT,UNAMBIGUOUS_BP"
"1756","17",80456660,80456868,"hsa_circ_004853",2,"-",1,2,35,40,"my_test_sample",2,0,0,1,"GTAG",NA,"ANCHOR_UNIQUE,CANONICAL,CIRCULAR,PERFECT_EXT,UNAMBIGUOUS_BP"
"1757","1",159864279,159864434,"hsa_circ_004854",2,"+",1,2,5,40,"my_test_sample",2,1,0,1,"GTAG",NA,"ANCHOR_UNIQUE,CANONICAL,CIRCULAR,GOOD_EXT,UNAMBIGUOUS_BP"
"1758","11",73707419,73718890,"hsa_circ_004858",2,"-",1,2,5,5,"my_test_sample",2,0,0,1,"GTAG",NA,"ANCHOR_UNIQUE,CANONICAL,CIRCULAR,PERFECT_EXT,UNAMBIGUOUS_BP"
"1759","5",56663523,56663681,"hsa_circ_004859",3,"-",1,3,40,40,"my_test_sample",3,1,0,1,"GTAG",NA,"ANCHOR_UNIQUE,CANONICAL,CIRCULAR,GOOD_EXT,UNAMBIGUOUS_BP"
"1760","5",163333629,163333799,"hsa_circ_004861",2,"-",1,2,40,40,"my_test_sample",2,1,0,1,"GTAG",NA,"ANCHOR_UNIQUE,CANONICAL,CIRCULAR,GOOD_EXT,UNAMBIGUOUS_BP"
"1761","9",20360454,20360983,"hsa_circ_004862",2,"+",2,2,5,40,"my_test_sample",2,2,0,1,"GTAG",NA,"ANCHOR_UNIQUE,CANONICAL,CIRCULAR,OK_EXT,UNAMBIGUOUS_BP"
"1762","8",47316581,47316745,"hsa_circ_004864",3,"+",2,3,40,40,"my_test_sample",3,1,0,1,"GTAG",NA,"ANCHOR_UNIQUE,CANONICAL,CIRCULAR,GOOD_EXT,UNAMBIGUOUS_BP"
"1763","3",104903979,104904174,"hsa_circ_004865",3,"+",1,3,35,40,"my_test_sample",3,1,2,1,"GTAG",NA,"ANCHOR_UNIQUE,CANONICAL,CIRCULAR,OK_EXT,UNAMBIGUOUS_BP"
"1764","5",36797152,36797316,"hsa_circ_004867",4,"-",3,4,5,5,"my_test_sample",4,1,0,1,"GTAG",NA,"ANCHOR_UNIQUE,CANONICAL,CIRCULAR,GOOD_EXT,UNAMBIGUOUS_BP"
"1765","15",72402914,72403070,"hsa_circ_004870",3,"-",2,3,5,40,"my_test_sample",3,1,0,1,"GTAG",NA,"ANCHOR_UNIQUE,CANONICAL,CIRCULAR,GOOD_EXT,UNAMBIGUOUS_BP"
"1766","X",47226359,47226662,"hsa_circ_004871",2,"-",2,2,40,5,"my_test_sample",2,0,0,1,"GTAG",NA,"ANCHOR_UNIQUE,CANONICAL,CIRCULAR,PERFECT_EXT,UNAMBIGUOUS_BP"
"1767","1",34881284,34881474,"hsa_circ_004873",3,"-",2,3,5,5,"my_test_sample",3,0,0,1,"GTAG",NA,"ANCHOR_UNIQUE,CANONICAL,CIRCULAR,PERFECT_EXT,UNAMBIGUOUS_BP"
"1768","13",110042757,110042941,"hsa_circ_004874",4,"+",2,4,40,5,"my_test_sample",4,0,0,1,"GTAG",NA,"ANCHOR_UNIQUE,CANONICAL,CIRCULAR,PERFECT_EXT,UNAMBIGUOUS_BP"
"1769","8",41216440,41216651,"hsa_circ_004884",3,"-",3,3,5,40,"my_test_sample",3,1,0,1,"GTAG",NA,"ANCHOR_UNIQUE,CANONICAL,CIRCULAR,GOOD_EXT,UNAMBIGUOUS_BP"
"1770","18",69179745,69179932,"hsa_circ_004887",2,"-",1,2,5,40,"my_test_sample",2,2,2,1,"GTAG",NA,"ANCHOR_UNIQUE,CANONICAL,CIRCULAR,OK_EXT,UNAMBIGUOUS_BP"
"1771","X",58256062,58256242,"hsa_circ_004888",2,"+",1,2,40,5,"my_test_sample",2,1,0,1,"GTAG",NA,"ANCHOR_UNIQUE,CANONICAL,CIRCULAR,GOOD_EXT,UNAMBIGUOUS_BP"
"1772","1",152404190,152404380,"hsa_circ_004889",5,"-",2,5,40,5,"my_test_sample",5,0,0,1,"GTAG",NA,"ANCHOR_UNIQUE,CANONICAL,CIRCULAR,PERFECT_EXT,UNAMBIGUOUS_BP"
"1773","20",42213265,42215742,"hsa_circ_004898",6,"+",4,6,40,40,"my_test_sample",6,0,0,1,"GTAG",NA,"ANCHOR_UNIQUE,CANONICAL,CIRCULAR,PERFECT_EXT,UNAMBIGUOUS_BP"
"1774","17",19385313,19385505,"hsa_circ_004899",4,"-",2,4,5,5,"my_test_sample",4,1,0,1,"GTAG",NA,"ANCHOR_UNIQUE,CANONICAL,CIRCULAR,GOOD_EXT,UNAMBIGUOUS_BP"
"1775","1",22119060,22119211,"hsa_circ_004906",2,"+",2,2,5,40,"my_test_sample",2,0,0,1,"GTAG",NA,"ANCHOR_UNIQUE,CANONICAL,CIRCULAR,PERFECT_EXT,UNAMBIGUOUS_BP"
"1776","2",226685441,226685619,"hsa_circ_004907",2,"+",1,2,5,40,"my_test_sample",2,1,0,1,"GTAG",NA,"ANCHOR_UNIQUE,CANONICAL,CIRCULAR,GOOD_EXT,UNAMBIGUOUS_BP"
"1777","14",69241883,69242074,"hsa_circ_004908",2,"-",1,2,5,40,"my_test_sample",2,2,0,1,"GTAG",NA,"ANCHOR_UNIQUE,CANONICAL,CIRCULAR,OK_EXT,UNAMBIGUOUS_BP"
"1778","3",49073074,49073229,"hsa_circ_004910",4,"-",1,4,5,40,"my_test_sample",4,2,0,1,"GTAG",NA,"ANCHOR_UNIQUE,CANONICAL,CIRCULAR,OK_EXT,UNAMBIGUOUS_BP"
"1779","1",171541940,171542105,"hsa_circ_004912",2,"+",1,2,4,5,"my_test_sample",2,1,0,1,"GTAG",NA,"ANCHOR_UNIQUE,CANONICAL,CIRCULAR,GOOD_EXT,UNAMBIGUOUS_BP"
"1780","17",56642206,56642382,"hsa_circ_004914",2,"-",2,2,5,3,"my_test_sample",2,1,0,1,"GTAG",NA,"ANCHOR_UNIQUE,CANONICAL,CIRCULAR,GOOD_EXT,UNAMBIGUOUS_BP"
"1781","22",29964520,29964695,"hsa_circ_004915",2,"-",1,2,5,40,"my_test_sample",2,1,0,1,"GTAG",NA,"ANCHOR_UNIQUE,CANONICAL,CIRCULAR,GOOD_EXT,UNAMBIGUOUS_BP"
"1782","13",99568098,99568284,"hsa_circ_004919",2,"-",2,2,5,5,"my_test_sample",2,1,0,1,"GTAG",NA,"ANCHOR_UNIQUE,CANONICAL,CIRCULAR,GOOD_EXT,UNAMBIGUOUS_BP"
"1783","14",33925617,33931215,"hsa_circ_004922",2,"-",1,2,5,40,"my_test_sample",2,1,0,1,"GTAG",NA,"ANCHOR_UNIQUE,CANONICAL,CIRCULAR,GOOD_EXT,UNAMBIGUOUS_BP"
"1784","12",95942796,95942981,"hsa_circ_004924",2,"+",2,2,40,40,"my_test_sample",2,0,1,1,"GTAG",NA,"ANCHOR_UNIQUE,CANONICAL,CIRCULAR,GOOD_EXT,UNAMBIGUOUS_BP"
"1785","8",133987852,133988011,"hsa_circ_004931",3,"-",1,3,5,5,"my_test_sample",3,2,0,1,"GTAG",NA,"ANCHOR_UNIQUE,CANONICAL,CIRCULAR,OK_EXT,UNAMBIGUOUS_BP"
"1786","1",86172164,86172338,"hsa_circ_004933",2,"+",1,2,40,5,"my_test_sample",2,2,0,1,"GTAG",NA,"ANCHOR_UNIQUE,CANONICAL,CIRCULAR,OK_EXT,UNAMBIGUOUS_BP"
"1787","11",122185279,122185459,"hsa_circ_004936",2,"-",1,2,40,40,"my_test_sample",2,0,0,1,"GTAG",NA,"ANCHOR_UNIQUE,CANONICAL,CIRCULAR,PERFECT_EXT,UNAMBIGUOUS_BP"
"1788","2",195431131,195431347,"hsa_circ_004939",2,"-",1,2,5,5,"my_test_sample",2,2,0,1,"GTAG",NA,"ANCHOR_UNIQUE,CANONICAL,CIRCULAR,OK_EXT,UNAMBIGUOUS_BP"
"1789","12",57782279,57782432,"hsa_circ_004945",3,"-",2,3,5,5,"my_test_sample",3,0,0,1,"GTAG",NA,"ANCHOR_UNIQUE,CANONICAL,CIRCULAR,PERFECT_EXT,UNAMBIGUOUS_BP"
"1790","5",148874975,148875181,"hsa_circ_004946",2,"-",1,2,40,4,"my_test_sample",2,0,0,1,"GTAG",NA,"ANCHOR_UNIQUE,CANONICAL,CIRCULAR,PERFECT_EXT,UNAMBIGUOUS_BP"
"1791","1",109486366,109486651,"hsa_circ_004950",4,"+",1,4,40,35,"my_test_sample",4,0,1,1,"GTAG",NA,"ANCHOR_UNIQUE,CANONICAL,CIRCULAR,GOOD_EXT,UNAMBIGUOUS_BP"
"1792","2",31405906,31409002,"hsa_circ_004951",2,"-",1,2,5,5,"my_test_sample",2,0,0,1,"GTAG",NA,"ANCHOR_UNIQUE,CANONICAL,CIRCULAR,PERFECT_EXT,UNAMBIGUOUS_BP"
"1793","19",6702126,6702579,"hsa_circ_004953",2,"-",2,2,40,40,"my_test_sample",2,1,0,1,"GTAG",NA,"ANCHOR_UNIQUE,CANONICAL,CIRCULAR,GOOD_EXT,UNAMBIGUOUS_BP"
"1794","22",47043568,47044300,"hsa_circ_004955",5,"+",2,5,5,5,"my_test_sample",5,1,0,1,"GTAG",NA,"ANCHOR_UNIQUE,CANONICAL,CIRCULAR,GOOD_EXT,UNAMBIGUOUS_BP"
"1795","4",132372524,132372679,"hsa_circ_004956",3,"-",1,3,40,40,"my_test_sample",3,2,0,1,"GTAG",NA,"ANCHOR_UNIQUE,CANONICAL,CIRCULAR,OK_EXT,UNAMBIGUOUS_BP"
"1796","11",116384924,116385095,"hsa_circ_004960",2,"+",1,2,5,5,"my_test_sample",2,0,0,1,"GTAG",NA,"ANCHOR_UNIQUE,CANONICAL,CIRCULAR,PERFECT_EXT,UNAMBIGUOUS_BP"
"1797","16",58156045,58156232,"hsa_circ_004962",2,"-",1,2,5,5,"my_test_sample",2,1,0,1,"GTAG",NA,"ANCHOR_UNIQUE,CANONICAL,CIRCULAR,GOOD_EXT,UNAMBIGUOUS_BP"
"1798","22",43094543,43094834,"hsa_circ_004969",2,"+",1,2,5,40,"my_test_sample",2,2,0,1,"GTAG",NA,"ANCHOR_UNIQUE,CANONICAL,CIRCULAR,OK_EXT,UNAMBIGUOUS_BP"
"1799","11",108606275,108606448,"hsa_circ_004970",2,"-",1,2,5,40,"my_test_sample",2,2,0,1,"GTAG",NA,"ANCHOR_UNIQUE,CANONICAL,CIRCULAR,OK_EXT,UNAMBIGUOUS_BP"
"1800","7",67960091,67960264,"hsa_circ_004974",6,"+",2,6,5,5,"my_test_sample",6,2,0,1,"GTAG",NA,"ANCHOR_UNIQUE,CANONICAL,CIRCULAR,OK_EXT,UNAMBIGUOUS_BP"
"1801","17",7886521,7886705,"hsa_circ_004975",3,"-",2,3,5,5,"my_test_sample",3,0,0,1,"GTAG",NA,"ANCHOR_UNIQUE,CANONICAL,CIRCULAR,PERFECT_EXT,UNAMBIGUOUS_BP"
"1802","X",50621741,50621964,"hsa_circ_004979",2,"+",1,2,40,5,"my_test_sample",2,0,0,1,"GTAG",NA,"ANCHOR_UNIQUE,CANONICAL,CIRCULAR,PERFECT_EXT,UNAMBIGUOUS_BP"
"1803","19",32915336,32918339,"hsa_circ_004981",5,"-",1,5,40,5,"my_test_sample",5,0,0,1,"GTAG",NA,"ANCHOR_UNIQUE,CANONICAL,CIRCULAR,PERFECT_EXT,UNAMBIGUOUS_BP"
"1804","12",23667582,23667810,"hsa_circ_004982",2,"-",1,2,40,5,"my_test_sample",2,2,0,1,"GTAG",NA,"ANCHOR_UNIQUE,CANONICAL,CIRCULAR,OK_EXT,UNAMBIGUOUS_BP"
"1805","4",56442255,56442904,"hsa_circ_004983",2,"+",1,2,5,5,"my_test_sample",2,1,0,1,"GTAG",NA,"ANCHOR_UNIQUE,CANONICAL,CIRCULAR,GOOD_EXT,UNAMBIGUOUS_BP"
"1806","12",5880413,5880590,"hsa_circ_004989",2,"+",1,2,4,5,"my_test_sample",2,2,0,1,"GTAG",NA,"ANCHOR_UNIQUE,CANONICAL,CIRCULAR,OK_EXT,UNAMBIGUOUS_BP"
"1807","16",27359331,27359531,"hsa_circ_004993",2,"+",2,2,5,5,"my_test_sample",2,0,0,1,"GTAG",NA,"ANCHOR_UNIQUE,CANONICAL,CIRCULAR,PERFECT_EXT,UNAMBIGUOUS_BP"
"1808","14",93968611,93968816,"hsa_circ_004999",2,"-",2,2,40,40,"my_test_sample",2,1,0,1,"GTAG",NA,"ANCHOR_UNIQUE,CANONICAL,CIRCULAR,GOOD_EXT,UNAMBIGUOUS_BP"
"1809","10",16619924,16620250,"hsa_circ_005003",2,"-",2,2,40,40,"my_test_sample",2,2,0,1,"GTAG",NA,"ANCHOR_UNIQUE,CANONICAL,CIRCULAR,OK_EXT,UNAMBIGUOUS_BP"
"1810","16",67883085,67883259,"hsa_circ_005004",2,"-",2,2,5,5,"my_test_sample",2,0,0,1,"GTAG",NA,"ANCHOR_UNIQUE,CANONICAL,CIRCULAR,PERFECT_EXT,UNAMBIGUOUS_BP"
"1811","11",32637360,32637529,"hsa_circ_005005",2,"-",1,2,40,5,"my_test_sample",2,0,0,1,"GTAG",NA,"ANCHOR_UNIQUE,CANONICAL,CIRCULAR,PERFECT_EXT,UNAMBIGUOUS_BP"
"1812","10",33355449,33355640,"hsa_circ_005008",2,"-",1,2,5,5,"my_test_sample",2,2,0,1,"GTAG",NA,"ANCHOR_UNIQUE,CANONICAL,CIRCULAR,OK_EXT,UNAMBIGUOUS_BP"
"1813","12",115131124,115131347,"hsa_circ_005010",2,"-",1,2,5,5,"my_test_sample",2,2,0,1,"GTAG",NA,"ANCHOR_UNIQUE,CANONICAL,CIRCULAR,OK_EXT,UNAMBIGUOUS_BP"
"1814","10",77560774,77560992,"hsa_circ_005011",2,"+",1,2,5,40,"my_test_sample",2,2,0,1,"GTAG",NA,"ANCHOR_UNIQUE,CANONICAL,CIRCULAR,OK_EXT,UNAMBIGUOUS_BP"
"1815","16",86953868,86954021,"hsa_circ_005013",2,"+",1,2,40,40,"my_test_sample",2,1,0,1,"GTAG",NA,"ANCHOR_UNIQUE,CANONICAL,CIRCULAR,GOOD_EXT,UNAMBIGUOUS_BP"
"1816","13",54499965,54500131,"hsa_circ_005015",4,"+",1,4,5,5,"my_test_sample",4,2,0,1,"GTAG",NA,"ANCHOR_UNIQUE,CANONICAL,CIRCULAR,OK_EXT,UNAMBIGUOUS_BP"
"1817","13",20719207,20719384,"hsa_circ_005016",2,"-",1,2,40,40,"my_test_sample",2,0,0,1,"GTAG",NA,"ANCHOR_UNIQUE,CANONICAL,CIRCULAR,PERFECT_EXT,UNAMBIGUOUS_BP"
"1818","8",92842953,92843115,"hsa_circ_005018",3,"-",1,3,5,5,"my_test_sample",3,2,0,1,"GTAG",NA,"ANCHOR_UNIQUE,CANONICAL,CIRCULAR,OK_EXT,UNAMBIGUOUS_BP"
"1819","10",73384751,73384928,"hsa_circ_005019",2,"+",1,2,5,5,"my_test_sample",2,0,0,1,"GTAG",NA,"ANCHOR_UNIQUE,CANONICAL,CIRCULAR,PERFECT_EXT,UNAMBIGUOUS_BP"
"1820","1",26942659,26943065,"hsa_circ_005023",2,"+",2,1,4,5,"my_test_sample",2,1,0,1,"GTAG",NA,"ANCHOR_UNIQUE,CANONICAL,CIRCULAR,GOOD_EXT,UNAMBIGUOUS_BP"
"1821","22",37387853,37388011,"hsa_circ_005026",2,"-",1,2,5,5,"my_test_sample",2,1,0,1,"GTAG",NA,"ANCHOR_UNIQUE,CANONICAL,CIRCULAR,GOOD_EXT,UNAMBIGUOUS_BP"
"1822","2",159528089,159528254,"hsa_circ_005028",2,"-",1,2,5,5,"my_test_sample",2,2,0,1,"GTAG",NA,"ANCHOR_UNIQUE,CANONICAL,CIRCULAR,OK_EXT,UNAMBIGUOUS_BP"
"1823","10",103050630,103050794,"hsa_circ_005029",2,"+",1,2,5,40,"my_test_sample",2,1,0,1,"GTAG",NA,"ANCHOR_UNIQUE,CANONICAL,CIRCULAR,GOOD_EXT,UNAMBIGUOUS_BP"
"1824","17",18154130,18154280,"hsa_circ_005035",2,"+",1,2,40,5,"my_test_sample",2,2,0,1,"GTAG",NA,"ANCHOR_UNIQUE,CANONICAL,CIRCULAR,OK_EXT,UNAMBIGUOUS_BP"
"1825","19",48436719,48436919,"hsa_circ_005036",2,"+",1,2,5,5,"my_test_sample",2,1,0,1,"GTAG",NA,"ANCHOR_UNIQUE,CANONICAL,CIRCULAR,GOOD_EXT,UNAMBIGUOUS_BP"
"1826","19",8455404,8463686,"hsa_circ_005039",6,"+",1,6,5,40,"my_test_sample",6,0,0,1,"GTAG",NA,"ANCHOR_UNIQUE,CANONICAL,CIRCULAR,PERFECT_EXT,UNAMBIGUOUS_BP"
"1827","X",77870807,77875597,"hsa_circ_005045",2,"-",2,2,40,40,"my_test_sample",2,0,0,1,"GTAG",NA,"ANCHOR_UNIQUE,CANONICAL,CIRCULAR,PERFECT_EXT,UNAMBIGUOUS_BP"
"1828","2",29280059,29280231,"hsa_circ_005047",2,"-",2,2,40,5,"my_test_sample",2,2,0,1,"GTAG",NA,"ANCHOR_UNIQUE,CANONICAL,CIRCULAR,OK_EXT,UNAMBIGUOUS_BP"
"1829","3",83467705,83467876,"hsa_circ_005048",2,"-",1,2,40,40,"my_test_sample",2,1,0,1,"GTAG",NA,"ANCHOR_UNIQUE,CANONICAL,CIRCULAR,GOOD_EXT,UNAMBIGUOUS_BP"
"1830","6",151842596,151880771,"hsa_circ_005050",6,"+",2,6,5,5,"my_test_sample",6,1,0,1,"GTAG",NA,"ANCHOR_UNIQUE,CANONICAL,CIRCULAR,GOOD_EXT,UNAMBIGUOUS_BP"
"1831","6",20991182,20991349,"hsa_circ_005053",3,"+",1,3,5,5,"my_test_sample",3,1,0,1,"GTAG",NA,"ANCHOR_UNIQUE,CANONICAL,CIRCULAR,GOOD_EXT,UNAMBIGUOUS_BP"
"1832","X",16195412,16195599,"hsa_circ_005060",2,"+",1,2,5,40,"my_test_sample",2,1,0,1,"GTAG",NA,"ANCHOR_UNIQUE,CANONICAL,CIRCULAR,GOOD_EXT,UNAMBIGUOUS_BP"
"1833","6",77642449,77643025,"hsa_circ_005062",2,"-",1,2,40,5,"my_test_sample",2,0,0,1,"GTAG",NA,"ANCHOR_UNIQUE,CANONICAL,CIRCULAR,PERFECT_EXT,UNAMBIGUOUS_BP"
"1834","6",33562339,33562537,"hsa_circ_005066",4,"-",1,4,5,40,"my_test_sample",4,1,0,1,"GTAG",NA,"ANCHOR_UNIQUE,CANONICAL,CIRCULAR,GOOD_EXT,UNAMBIGUOUS_BP"
"1835","4",3868331,3868521,"hsa_circ_005067",4,"-",2,4,40,5,"my_test_sample",4,2,0,1,"GTAG",NA,"ANCHOR_UNIQUE,CANONICAL,CIRCULAR,OK_EXT,UNAMBIGUOUS_BP"
"1836","4",121535842,121536033,"hsa_circ_005072",2,"+",2,2,5,40,"my_test_sample",2,2,0,1,"GTAG",NA,"ANCHOR_UNIQUE,CANONICAL,CIRCULAR,OK_EXT,UNAMBIGUOUS_BP"
"1837","8",48436082,48436247,"hsa_circ_005074",2,"-",1,2,5,35,"my_test_sample",2,1,0,1,"GTAG",NA,"ANCHOR_UNIQUE,CANONICAL,CIRCULAR,GOOD_EXT,UNAMBIGUOUS_BP"
"1838","21",26321520,26321686,"hsa_circ_005077",3,"+",1,3,5,5,"my_test_sample",3,0,0,1,"GTAG",NA,"ANCHOR_UNIQUE,CANONICAL,CIRCULAR,PERFECT_EXT,UNAMBIGUOUS_BP"
"1839","3",148867439,148867615,"hsa_circ_005078",2,"-",1,2,40,5,"my_test_sample",2,2,0,1,"GTAG",NA,"ANCHOR_UNIQUE,CANONICAL,CIRCULAR,OK_EXT,UNAMBIGUOUS_BP"
"1840","2",23615704,23615920,"hsa_circ_005081",4,"-",2,4,40,40,"my_test_sample",4,1,0,1,"GTAG",NA,"ANCHOR_UNIQUE,CANONICAL,CIRCULAR,GOOD_EXT,UNAMBIGUOUS_BP"
"1841","10",90249096,90249357,"hsa_circ_005082",4,"+",1,4,5,40,"my_test_sample",4,0,0,1,"GTAG",NA,"ANCHOR_UNIQUE,CANONICAL,CIRCULAR,PERFECT_EXT,UNAMBIGUOUS_BP"
"1842","8",124576555,124576724,"hsa_circ_005087",2,"+",1,2,40,40,"my_test_sample",2,1,0,1,"GTAG",NA,"ANCHOR_UNIQUE,CANONICAL,CIRCULAR,GOOD_EXT,UNAMBIGUOUS_BP"
"1843","X",5746367,5746529,"hsa_circ_005091",2,"+",1,2,5,5,"my_test_sample",2,1,0,1,"GTAG",NA,"ANCHOR_UNIQUE,CANONICAL,CIRCULAR,GOOD_EXT,UNAMBIGUOUS_BP"
"1844","9",131065625,131065789,"hsa_circ_005102",2,"+",1,2,5,5,"my_test_sample",2,2,0,1,"GTAG",NA,"ANCHOR_UNIQUE,CANONICAL,CIRCULAR,OK_EXT,UNAMBIGUOUS_BP"
"1845","7",5357118,5357375,"hsa_circ_005104",3,"-",2,3,40,5,"my_test_sample",3,0,0,1,"GTAG",NA,"ANCHOR_UNIQUE,CANONICAL,CIRCULAR,PERFECT_EXT,UNAMBIGUOUS_BP"
"1846","7",44170817,44170996,"hsa_circ_005107",3,"+",2,3,5,40,"my_test_sample",3,1,0,1,"GTAG",NA,"ANCHOR_UNIQUE,CANONICAL,CIRCULAR,GOOD_EXT,UNAMBIGUOUS_BP"
"1847","16",13851389,13851650,"hsa_circ_005111",3,"+",2,3,5,40,"my_test_sample",3,0,0,1,"GTAG",NA,"ANCHOR_UNIQUE,CANONICAL,CIRCULAR,PERFECT_EXT,UNAMBIGUOUS_BP"
"1848","4",109459193,109459353,"hsa_circ_005112",2,"+",1,2,5,5,"my_test_sample",2,1,0,1,"GTAG",NA,"ANCHOR_UNIQUE,CANONICAL,CIRCULAR,GOOD_EXT,UNAMBIGUOUS_BP"
"1849","17",79808972,79809193,"hsa_circ_005117",2,"-",2,2,40,40,"my_test_sample",2,0,0,1,"GTAG",NA,"ANCHOR_UNIQUE,CANONICAL,CIRCULAR,PERFECT_EXT,UNAMBIGUOUS_BP"
"1850","4",145690863,145691042,"hsa_circ_005119",2,"+",1,2,5,5,"my_test_sample",2,0,0,1,"GTAG",NA,"ANCHOR_UNIQUE,CANONICAL,CIRCULAR,PERFECT_EXT,UNAMBIGUOUS_BP"
"1851","17",45630925,45631079,"hsa_circ_005123",2,"+",2,2,5,5,"my_test_sample",2,0,0,1,"GTAG",NA,"ANCHOR_UNIQUE,CANONICAL,CIRCULAR,PERFECT_EXT,UNAMBIGUOUS_BP"
"1852","10",103438014,103438808,"hsa_circ_005125",2,"+",2,2,35,40,"my_test_sample",2,0,0,1,"GTAG",NA,"ANCHOR_UNIQUE,CANONICAL,CIRCULAR,PERFECT_EXT,UNAMBIGUOUS_BP"
"1853","5",178468508,178468676,"hsa_circ_005127",4,"-",1,4,40,40,"my_test_sample",4,1,0,1,"GTAG",NA,"ANCHOR_UNIQUE,CANONICAL,CIRCULAR,GOOD_EXT,UNAMBIGUOUS_BP"
"1854","11",13308501,13308663,"hsa_circ_005128",2,"+",1,2,40,40,"my_test_sample",2,2,0,1,"GTAG",NA,"ANCHOR_UNIQUE,CANONICAL,CIRCULAR,OK_EXT,UNAMBIGUOUS_BP"
"1855","19",2252874,2253274,"hsa_circ_005132",2,"+",1,2,5,40,"my_test_sample",2,0,0,1,"GTAG",NA,"ANCHOR_UNIQUE,CANONICAL,CIRCULAR,PERFECT_EXT,UNAMBIGUOUS_BP"
"1856","4",47834322,47834477,"hsa_circ_005137",4,"+",1,4,5,5,"my_test_sample",4,0,1,1,"GTAG",NA,"ANCHOR_UNIQUE,CANONICAL,CIRCULAR,GOOD_EXT,UNAMBIGUOUS_BP"
"1857","15",48811940,48812117,"hsa_circ_005143",3,"-",2,3,40,40,"my_test_sample",3,1,0,1,"GTAG",NA,"ANCHOR_UNIQUE,CANONICAL,CIRCULAR,GOOD_EXT,UNAMBIGUOUS_BP"
"1858","15",64228005,64228157,"hsa_circ_005144",3,"-",2,3,40,40,"my_test_sample",3,0,0,1,"GTAG",NA,"ANCHOR_UNIQUE,CANONICAL,CIRCULAR,PERFECT_EXT,UNAMBIGUOUS_BP"
"1859","15",50850342,50850671,"hsa_circ_005145",2,"+",1,2,40,40,"my_test_sample",2,2,0,1,"GTAG",NA,"ANCHOR_UNIQUE,CANONICAL,CIRCULAR,OK_EXT,UNAMBIGUOUS_BP"
"1860","19",30171330,30171481,"hsa_circ_005146",2,"+",2,2,5,5,"my_test_sample",2,0,0,1,"GTAG",NA,"ANCHOR_UNIQUE,CANONICAL,CIRCULAR,PERFECT_EXT,UNAMBIGUOUS_BP"
"1861","19",7953714,7953884,"hsa_circ_005147",2,"+",2,2,5,5,"my_test_sample",2,0,0,1,"GTAG",NA,"ANCHOR_UNIQUE,CANONICAL,CIRCULAR,PERFECT_EXT,UNAMBIGUOUS_BP"
"1862","6",5569572,5569759,"hsa_circ_005150",2,"+",1,2,5,5,"my_test_sample",2,0,0,1,"GTAG",NA,"ANCHOR_UNIQUE,CANONICAL,CIRCULAR,PERFECT_EXT,UNAMBIGUOUS_BP"
"1863","2",215907957,215908127,"hsa_circ_005151",2,"-",1,2,40,5,"my_test_sample",2,1,0,1,"GTAG",NA,"ANCHOR_UNIQUE,CANONICAL,CIRCULAR,GOOD_EXT,UNAMBIGUOUS_BP"
"1864","15",101098926,101099380,"hsa_circ_005152",2,"+",1,2,5,5,"my_test_sample",2,1,0,1,"GTAG",NA,"ANCHOR_UNIQUE,CANONICAL,CIRCULAR,GOOD_EXT,UNAMBIGUOUS_BP"
"1865","2",139873324,139873494,"hsa_circ_005153",2,"-",1,2,5,40,"my_test_sample",2,1,0,1,"GTAG",NA,"ANCHOR_UNIQUE,CANONICAL,CIRCULAR,GOOD_EXT,UNAMBIGUOUS_BP"
"1866","8",141874065,141874387,"hsa_circ_005155",4,"+",3,1,5,3,"my_test_sample",4,1,0,1,"GTAG",NA,"ANCHOR_UNIQUE,CANONICAL,CIRCULAR,GOOD_EXT,UNAMBIGUOUS_BP"
"1867","7",55911725,55911898,"hsa_circ_005158",2,"+",1,2,40,40,"my_test_sample",2,0,0,1,"GTAG",NA,"ANCHOR_UNIQUE,CANONICAL,CIRCULAR,PERFECT_EXT,UNAMBIGUOUS_BP"
"1868","1",57236414,57236790,"hsa_circ_005159",4,"+",1,4,5,5,"my_test_sample",4,2,0,1,"GTAG",NA,"ANCHOR_UNIQUE,CANONICAL,CIRCULAR,OK_EXT,UNAMBIGUOUS_BP"
"1869","3",153785538,153785746,"hsa_circ_005160",4,"+",1,4,5,40,"my_test_sample",4,1,0,1,"GTAG",NA,"ANCHOR_UNIQUE,CANONICAL,CIRCULAR,GOOD_EXT,UNAMBIGUOUS_BP"
"1870","2",186158289,186158504,"hsa_circ_005161",2,"-",1,2,5,5,"my_test_sample",2,0,0,1,"GTAG",NA,"ANCHOR_UNIQUE,CANONICAL,CIRCULAR,PERFECT_EXT,UNAMBIGUOUS_BP"
"1871","9",98591396,98591553,"hsa_circ_005162",2,"+",1,2,40,40,"my_test_sample",2,0,0,1,"GTAG",NA,"ANCHOR_UNIQUE,CANONICAL,CIRCULAR,PERFECT_EXT,UNAMBIGUOUS_BP"
"1872","19",28192856,28193034,"hsa_circ_005164",2,"-",1,2,37,40,"my_test_sample",2,0,1,1,"GTAG",NA,"ANCHOR_UNIQUE,CANONICAL,CIRCULAR,GOOD_EXT,UNAMBIGUOUS_BP"
"1873","19",20904425,20904575,"hsa_circ_005165",4,"-",3,4,40,40,"my_test_sample",4,2,0,1,"GTAG",NA,"ANCHOR_UNIQUE,CANONICAL,CIRCULAR,OK_EXT,UNAMBIGUOUS_BP"
"1874","17",30875099,30875277,"hsa_circ_005167",2,"+",1,2,40,5,"my_test_sample",2,0,0,1,"GTAG",NA,"ANCHOR_UNIQUE,CANONICAL,CIRCULAR,PERFECT_EXT,UNAMBIGUOUS_BP"
"1875","17",83196047,83196206,"hsa_circ_005169",2,"-",2,2,40,40,"my_test_sample",2,0,0,1,"GTAG",NA,"ANCHOR_UNIQUE,CANONICAL,CIRCULAR,PERFECT_EXT,UNAMBIGUOUS_BP"
"1876","14",59972571,59972732,"hsa_circ_005171",3,"-",1,3,5,4,"my_test_sample",3,2,0,1,"GTAG",NA,"ANCHOR_UNIQUE,CANONICAL,CIRCULAR,OK_EXT,UNAMBIGUOUS_BP"
"1877","9",96044275,96044476,"hsa_circ_005175",3,"-",1,3,5,40,"my_test_sample",3,0,0,1,"GTAG",NA,"ANCHOR_UNIQUE,CANONICAL,CIRCULAR,PERFECT_EXT,UNAMBIGUOUS_BP"
"1878","2",126703923,126704113,"hsa_circ_005179",3,"-",1,3,5,40,"my_test_sample",3,1,0,1,"GTAG",NA,"ANCHOR_UNIQUE,CANONICAL,CIRCULAR,GOOD_EXT,UNAMBIGUOUS_BP"
"1879","2",241939383,241939562,"hsa_circ_005181",2,"+",2,2,5,5,"my_test_sample",2,1,0,1,"GTAG",NA,"ANCHOR_UNIQUE,CANONICAL,CIRCULAR,GOOD_EXT,UNAMBIGUOUS_BP"
"1880","9",35236468,35243364,"hsa_circ_005183",2,"+",1,2,40,40,"my_test_sample",2,0,0,1,"GTAG",NA,"ANCHOR_UNIQUE,CANONICAL,CIRCULAR,PERFECT_EXT,UNAMBIGUOUS_BP"
"1881","17",46026563,46026767,"hsa_circ_005186",4,"-",2,4,5,40,"my_test_sample",4,1,0,1,"GTAG",NA,"ANCHOR_UNIQUE,CANONICAL,CIRCULAR,GOOD_EXT,UNAMBIGUOUS_BP"
"1882","2",158372997,158373153,"hsa_circ_005189",4,"+",2,4,5,5,"my_test_sample",4,0,0,1,"GTAG",NA,"ANCHOR_UNIQUE,CANONICAL,CIRCULAR,PERFECT_EXT,UNAMBIGUOUS_BP"
"1883","18",56302166,56302354,"hsa_circ_005190",2,"-",2,2,40,40,"my_test_sample",2,0,0,1,"GTAG",NA,"ANCHOR_UNIQUE,CANONICAL,CIRCULAR,PERFECT_EXT,UNAMBIGUOUS_BP"
"1884","22",35048793,35048985,"hsa_circ_005191",2,"-",1,2,40,5,"my_test_sample",2,0,0,1,"GTAG",NA,"ANCHOR_UNIQUE,CANONICAL,CIRCULAR,PERFECT_EXT,UNAMBIGUOUS_BP"
"1885","9",72958117,72958314,"hsa_circ_005195",2,"-",2,2,5,5,"my_test_sample",2,0,0,1,"GTAG",NA,"ANCHOR_UNIQUE,CANONICAL,CIRCULAR,PERFECT_EXT,UNAMBIGUOUS_BP"
"1886","5",181023572,181023895,"hsa_circ_005198",2,"+",1,2,40,5,"my_test_sample",2,2,0,1,"GTAG",NA,"ANCHOR_UNIQUE,CANONICAL,CIRCULAR,OK_EXT,UNAMBIGUOUS_BP"
"1887","1",17635456,17635731,"hsa_circ_005199",4,"-",1,4,5,5,"my_test_sample",4,1,0,1,"GTAG",NA,"ANCHOR_UNIQUE,CANONICAL,CIRCULAR,GOOD_EXT,UNAMBIGUOUS_BP"
"1888","10",129629130,129629304,"hsa_circ_005202",3,"-",1,3,40,5,"my_test_sample",3,0,0,1,"GTAG",NA,"ANCHOR_UNIQUE,CANONICAL,CIRCULAR,PERFECT_EXT,UNAMBIGUOUS_BP"
"1889","7",14128124,14128280,"hsa_circ_005210",7,"+",1,7,5,5,"my_test_sample",7,1,0,1,"GTAG",NA,"ANCHOR_UNIQUE,CANONICAL,CIRCULAR,GOOD_EXT,UNAMBIGUOUS_BP"
"1890","8",23814789,23814962,"hsa_circ_005225",2,"+",1,2,5,5,"my_test_sample",2,2,0,1,"GTAG",NA,"ANCHOR_UNIQUE,CANONICAL,CIRCULAR,OK_EXT,UNAMBIGUOUS_BP"
"1891","7",44816036,44816274,"hsa_circ_005228",3,"+",1,3,5,5,"my_test_sample",3,1,0,1,"GTAG",NA,"ANCHOR_UNIQUE,CANONICAL,CIRCULAR,GOOD_EXT,UNAMBIGUOUS_BP"
"1892","6",54129608,54129782,"hsa_circ_005232",2,"-",1,2,40,40,"my_test_sample",2,2,0,1,"GTAG",NA,"ANCHOR_UNIQUE,CANONICAL,CIRCULAR,OK_EXT,UNAMBIGUOUS_BP"
"1893","20",49617764,49617939,"hsa_circ_005236",2,"-",1,2,5,40,"my_test_sample",2,1,0,1,"GTAG",NA,"ANCHOR_UNIQUE,CANONICAL,CIRCULAR,GOOD_EXT,UNAMBIGUOUS_BP"
"1894","1",23407068,23407251,"hsa_circ_005238",6,"-",1,6,40,40,"my_test_sample",6,0,0,1,"GTAG",NA,"ANCHOR_UNIQUE,CANONICAL,CIRCULAR,PERFECT_EXT,UNAMBIGUOUS_BP"
"1895","8",108230923,108231109,"hsa_circ_005239",2,"+",1,2,5,5,"my_test_sample",2,2,0,1,"GTAG",NA,"ANCHOR_UNIQUE,CANONICAL,CIRCULAR,OK_EXT,UNAMBIGUOUS_BP"
"1896","2",139380439,139380628,"hsa_circ_005240",2,"-",1,2,5,40,"my_test_sample",2,0,0,1,"GTAG",NA,"ANCHOR_UNIQUE,CANONICAL,CIRCULAR,PERFECT_EXT,UNAMBIGUOUS_BP"
"1897","1",166743797,166743989,"hsa_circ_005241",2,"-",2,2,5,5,"my_test_sample",2,0,0,1,"GTAG",NA,"ANCHOR_UNIQUE,CANONICAL,CIRCULAR,PERFECT_EXT,UNAMBIGUOUS_BP"
"1898","19",49672339,49672573,"hsa_circ_005242",7,"+",2,7,40,40,"my_test_sample",7,0,0,1,"GTAG",NA,"ANCHOR_UNIQUE,CANONICAL,CIRCULAR,PERFECT_EXT,UNAMBIGUOUS_BP"
"1899","9",114418784,114418964,"hsa_circ_005243",4,"-",2,4,5,40,"my_test_sample",4,1,0,1,"GTAG",NA,"ANCHOR_UNIQUE,CANONICAL,CIRCULAR,GOOD_EXT,UNAMBIGUOUS_BP"
"1900","15",73386272,73386452,"hsa_circ_005245",3,"+",3,3,40,40,"my_test_sample",3,1,0,1,"GTAG",NA,"ANCHOR_UNIQUE,CANONICAL,CIRCULAR,GOOD_EXT,UNAMBIGUOUS_BP"
"1901","11",62733117,62735564,"hsa_circ_005247",2,"+",1,2,40,5,"my_test_sample",2,0,0,1,"GTAG",NA,"ANCHOR_UNIQUE,CANONICAL,CIRCULAR,PERFECT_EXT,UNAMBIGUOUS_BP"
"1902","19",42045827,42045984,"hsa_circ_005250",3,"+",2,3,5,5,"my_test_sample",3,0,0,1,"GTAG",NA,"ANCHOR_UNIQUE,CANONICAL,CIRCULAR,PERFECT_EXT,UNAMBIGUOUS_BP"
"1903","3",171334003,171334274,"hsa_circ_005251",2,"-",1,2,5,5,"my_test_sample",2,1,0,1,"GTAG",NA,"ANCHOR_UNIQUE,CANONICAL,CIRCULAR,GOOD_EXT,UNAMBIGUOUS_BP"
"1904","10",98654764,98654946,"hsa_circ_005254",2,"-",1,2,5,5,"my_test_sample",2,1,0,1,"GTAG",NA,"ANCHOR_UNIQUE,CANONICAL,CIRCULAR,GOOD_EXT,UNAMBIGUOUS_BP"
"1905","8",131419148,131419336,"hsa_circ_005255",2,"-",1,2,40,40,"my_test_sample",2,0,0,1,"GTAG",NA,"ANCHOR_UNIQUE,CANONICAL,CIRCULAR,PERFECT_EXT,UNAMBIGUOUS_BP"
"1906","4",8451959,8452989,"hsa_circ_005256",2,"+",1,2,40,40,"my_test_sample",2,0,0,1,"GTAG",NA,"ANCHOR_UNIQUE,CANONICAL,CIRCULAR,PERFECT_EXT,UNAMBIGUOUS_BP"
"1907","X",94902172,94902345,"hsa_circ_005257",6,"-",2,6,40,40,"my_test_sample",6,2,0,1,"GTAG",NA,"ANCHOR_UNIQUE,CANONICAL,CIRCULAR,OK_EXT,UNAMBIGUOUS_BP"
"1908","7",55123771,55123938,"hsa_circ_005258",2,"+",1,2,5,5,"my_test_sample",2,1,0,1,"GTAG",NA,"ANCHOR_UNIQUE,CANONICAL,CIRCULAR,GOOD_EXT,UNAMBIGUOUS_BP"
"1909","8",122496915,122497092,"hsa_circ_005260",3,"-",1,3,5,5,"my_test_sample",3,2,2,1,"GTAG",NA,"ANCHOR_UNIQUE,CANONICAL,CIRCULAR,OK_EXT,UNAMBIGUOUS_BP"
"1910","12",120154969,120155719,"hsa_circ_005264",3,"-",3,3,40,40,"my_test_sample",3,0,0,1,"GTAG",NA,"ANCHOR_UNIQUE,CANONICAL,CIRCULAR,PERFECT_EXT,UNAMBIGUOUS_BP"
"1911","4",57777199,57777357,"hsa_circ_005267",2,"+",1,2,5,5,"my_test_sample",2,1,0,1,"GTAG",NA,"ANCHOR_UNIQUE,CANONICAL,CIRCULAR,GOOD_EXT,UNAMBIGUOUS_BP"
"1912","11",7495335,7495551,"hsa_circ_005268",3,"-",1,3,5,40,"my_test_sample",3,1,0,1,"GTAG",NA,"ANCHOR_UNIQUE,CANONICAL,CIRCULAR,GOOD_EXT,UNAMBIGUOUS_BP"
"1913","1",2284920,2285098,"hsa_circ_005272",3,"+",3,3,40,5,"my_test_sample",3,0,0,1,"GTAG",NA,"ANCHOR_UNIQUE,CANONICAL,CIRCULAR,PERFECT_EXT,UNAMBIGUOUS_BP"
"1914","16",650714,650947,"hsa_circ_005274",2,"+",1,2,5,40,"my_test_sample",2,0,0,1,"GTAG",NA,"ANCHOR_UNIQUE,CANONICAL,CIRCULAR,PERFECT_EXT,UNAMBIGUOUS_BP"
"1915","21",35506490,35506679,"hsa_circ_005276",2,"+",2,2,40,35,"my_test_sample",2,0,2,1,"GTAG",NA,"ANCHOR_UNIQUE,CANONICAL,CIRCULAR,OK_EXT,UNAMBIGUOUS_BP"
"1916","17",43347074,43347251,"hsa_circ_005278",2,"+",1,2,40,40,"my_test_sample",2,0,0,1,"GTAG",NA,"ANCHOR_UNIQUE,CANONICAL,CIRCULAR,PERFECT_EXT,UNAMBIGUOUS_BP"
"1917","22",38042785,38042939,"hsa_circ_005280",2,"+",1,2,40,40,"my_test_sample",2,1,0,1,"GTAG",NA,"ANCHOR_UNIQUE,CANONICAL,CIRCULAR,GOOD_EXT,UNAMBIGUOUS_BP"
"1918","11",113704526,113704776,"hsa_circ_005286",2,"-",2,2,40,5,"my_test_sample",2,1,0,1,"GTAG",NA,"ANCHOR_UNIQUE,CANONICAL,CIRCULAR,GOOD_EXT,UNAMBIGUOUS_BP"
"1919","2",161119816,161120008,"hsa_circ_005287",2,"-",1,2,40,40,"my_test_sample",2,2,2,1,"GTAG",NA,"ANCHOR_UNIQUE,CANONICAL,CIRCULAR,OK_EXT,UNAMBIGUOUS_BP"
"1920","18",78717189,78717401,"hsa_circ_005288",2,"-",1,2,5,5,"my_test_sample",2,0,0,1,"GTAG",NA,"ANCHOR_UNIQUE,CANONICAL,CIRCULAR,PERFECT_EXT,UNAMBIGUOUS_BP"
"1921","14",23570073,23570269,"hsa_circ_005290",2,"+",1,2,5,40,"my_test_sample",2,1,0,1,"GTAG",NA,"ANCHOR_UNIQUE,CANONICAL,CIRCULAR,GOOD_EXT,UNAMBIGUOUS_BP"
"1922","7",146936018,146936207,"hsa_circ_005292",2,"-",1,2,40,5,"my_test_sample",2,2,0,1,"GTAG",NA,"ANCHOR_UNIQUE,CANONICAL,CIRCULAR,OK_EXT,UNAMBIGUOUS_BP"
"1923","X",130810278,130810436,"hsa_circ_005305",2,"+",1,2,5,5,"my_test_sample",2,1,0,1,"GTAG",NA,"ANCHOR_UNIQUE,CANONICAL,CIRCULAR,GOOD_EXT,UNAMBIGUOUS_BP"
"1924","3",136648693,136648873,"hsa_circ_005306",5,"-",1,5,40,40,"my_test_sample",5,1,0,1,"GTAG",NA,"ANCHOR_UNIQUE,CANONICAL,CIRCULAR,GOOD_EXT,UNAMBIGUOUS_BP"
"1925","20",41015079,41015238,"hsa_circ_005307",2,"+",1,2,5,5,"my_test_sample",2,0,0,1,"GTAG",NA,"ANCHOR_UNIQUE,CANONICAL,CIRCULAR,PERFECT_EXT,UNAMBIGUOUS_BP"
"1926","5",20624638,20624788,"hsa_circ_005308",2,"-",1,2,5,40,"my_test_sample",2,2,2,1,"GTAG",NA,"ANCHOR_UNIQUE,CANONICAL,CIRCULAR,OK_EXT,UNAMBIGUOUS_BP"
"1927","5",148588206,148588403,"hsa_circ_005309",3,"-",1,3,5,40,"my_test_sample",3,2,0,1,"GTAG",NA,"ANCHOR_UNIQUE,CANONICAL,CIRCULAR,OK_EXT,UNAMBIGUOUS_BP"
"1928","4",38027849,38028015,"hsa_circ_005311",2,"+",1,2,5,40,"my_test_sample",2,0,0,1,"GTAG",NA,"ANCHOR_UNIQUE,CANONICAL,CIRCULAR,PERFECT_EXT,UNAMBIGUOUS_BP"
"1929","1",175684372,175684551,"hsa_circ_005313",3,"+",1,3,40,5,"my_test_sample",3,1,0,1,"GTAG",NA,"ANCHOR_UNIQUE,CANONICAL,CIRCULAR,GOOD_EXT,UNAMBIGUOUS_BP"
"1930","2",182911144,182911348,"hsa_circ_005317",3,"-",1,3,40,5,"my_test_sample",3,1,0,1,"GTAG",NA,"ANCHOR_UNIQUE,CANONICAL,CIRCULAR,GOOD_EXT,UNAMBIGUOUS_BP"
"1931","12",98143176,98143329,"hsa_circ_005318",2,"+",1,2,40,5,"my_test_sample",2,1,0,1,"GTAG",NA,"ANCHOR_UNIQUE,CANONICAL,CIRCULAR,GOOD_EXT,UNAMBIGUOUS_BP"
"1932","9",99461912,99462063,"hsa_circ_005320",3,"+",1,3,5,40,"my_test_sample",3,1,0,1,"GTAG",NA,"ANCHOR_UNIQUE,CANONICAL,CIRCULAR,GOOD_EXT,UNAMBIGUOUS_BP"
"1933","11",32115107,32115290,"hsa_circ_005326",2,"-",1,2,40,40,"my_test_sample",2,1,0,1,"GTAG",NA,"ANCHOR_UNIQUE,CANONICAL,CIRCULAR,GOOD_EXT,UNAMBIGUOUS_BP"
"1934","X",108206034,108206212,"hsa_circ_005327",3,"+",2,3,5,5,"my_test_sample",3,2,0,1,"GTAG",NA,"ANCHOR_UNIQUE,CANONICAL,CIRCULAR,OK_EXT,UNAMBIGUOUS_BP"
"1935","4",52860974,52861156,"hsa_circ_005329",2,"-",1,2,5,40,"my_test_sample",2,2,0,1,"GTAG",NA,"ANCHOR_UNIQUE,CANONICAL,CIRCULAR,OK_EXT,UNAMBIGUOUS_BP"
"1936","16",29905066,29905228,"hsa_circ_005330",2,"-",2,2,40,40,"my_test_sample",2,0,0,1,"GTAG",NA,"ANCHOR_UNIQUE,CANONICAL,CIRCULAR,PERFECT_EXT,UNAMBIGUOUS_BP"
"1937","9",107688098,107688266,"hsa_circ_005332",2,"+",1,2,5,40,"my_test_sample",2,0,0,1,"GTAG",NA,"ANCHOR_UNIQUE,CANONICAL,CIRCULAR,PERFECT_EXT,UNAMBIGUOUS_BP"
"1938","2",80035958,80036200,"hsa_circ_005342",3,"+",2,3,40,5,"my_test_sample",3,1,0,1,"GTAG",NA,"ANCHOR_UNIQUE,CANONICAL,CIRCULAR,GOOD_EXT,UNAMBIGUOUS_BP"
"1939","8",53122867,53123058,"hsa_circ_005345",2,"-",1,2,40,40,"my_test_sample",2,0,0,1,"GTAG",NA,"ANCHOR_UNIQUE,CANONICAL,CIRCULAR,PERFECT_EXT,UNAMBIGUOUS_BP"
"1940","6",69858742,69859019,"hsa_circ_005346",2,"+",1,2,5,40,"my_test_sample",2,1,0,1,"GTAG",NA,"ANCHOR_UNIQUE,CANONICAL,CIRCULAR,GOOD_EXT,UNAMBIGUOUS_BP"
"1941","8",102011204,102011362,"hsa_circ_005351",2,"-",1,2,40,5,"my_test_sample",2,2,0,1,"GTAG",NA,"ANCHOR_UNIQUE,CANONICAL,CIRCULAR,OK_EXT,UNAMBIGUOUS_BP"
"1942","11",34345966,34346120,"hsa_circ_005355",2,"-",1,2,5,40,"my_test_sample",2,2,0,1,"GTAG",NA,"ANCHOR_UNIQUE,CANONICAL,CIRCULAR,OK_EXT,UNAMBIGUOUS_BP"
"1943","14",52397096,52397250,"hsa_circ_005356",2,"+",2,2,5,5,"my_test_sample",2,1,0,1,"GTAG",NA,"ANCHOR_UNIQUE,CANONICAL,CIRCULAR,GOOD_EXT,UNAMBIGUOUS_BP"
"1944","8",125820187,125820345,"hsa_circ_005357",2,"-",1,2,5,5,"my_test_sample",2,1,0,1,"GTAG",NA,"ANCHOR_UNIQUE,CANONICAL,CIRCULAR,GOOD_EXT,UNAMBIGUOUS_BP"
"1945","X",64048721,64048888,"hsa_circ_005361",2,"+",1,2,3,5,"my_test_sample",2,1,0,1,"GTAG",NA,"ANCHOR_UNIQUE,CANONICAL,CIRCULAR,GOOD_EXT,UNAMBIGUOUS_BP"
"1946","9",22019465,22019622,"hsa_circ_005362",2,"+",2,2,4,40,"my_test_sample",2,2,0,1,"GTAG",NA,"ANCHOR_UNIQUE,CANONICAL,CIRCULAR,OK_EXT,UNAMBIGUOUS_BP"
"1947","6",29219002,29219180,"hsa_circ_005366",2,"+",2,2,40,40,"my_test_sample",2,2,0,1,"GTAG",NA,"ANCHOR_UNIQUE,CANONICAL,CIRCULAR,OK_EXT,UNAMBIGUOUS_BP"
"1948","14",22909482,22911403,"hsa_circ_005368",3,"-",3,3,40,5,"my_test_sample",3,0,0,1,"GTAG",NA,"ANCHOR_UNIQUE,CANONICAL,CIRCULAR,PERFECT_EXT,UNAMBIGUOUS_BP"
"1949","10",66260038,66260243,"hsa_circ_005369",2,"+",2,2,35,40,"my_test_sample",2,0,0,1,"GTAG",NA,"ANCHOR_UNIQUE,CANONICAL,CIRCULAR,PERFECT_EXT,UNAMBIGUOUS_BP"
"1950","1",86614576,86614755,"hsa_circ_005372",2,"+",1,2,5,5,"my_test_sample",2,2,0,1,"GTAG",NA,"ANCHOR_UNIQUE,CANONICAL,CIRCULAR,OK_EXT,UNAMBIGUOUS_BP"
"1951","5",86501123,86501350,"hsa_circ_005377",3,"-",1,3,5,40,"my_test_sample",3,2,0,1,"GTAG",NA,"ANCHOR_UNIQUE,CANONICAL,CIRCULAR,OK_EXT,UNAMBIGUOUS_BP"
"1952","2",24564294,24584560,"hsa_circ_005381",2,"+",2,2,40,5,"my_test_sample",2,0,0,1,"GTAG",NA,"ANCHOR_UNIQUE,CANONICAL,CIRCULAR,PERFECT_EXT,UNAMBIGUOUS_BP"
"1953","2",6386660,6386827,"hsa_circ_005383",2,"-",2,2,40,5,"my_test_sample",2,1,0,1,"GTAG",NA,"ANCHOR_UNIQUE,CANONICAL,CIRCULAR,GOOD_EXT,UNAMBIGUOUS_BP"
"1954","11",44466684,44466855,"hsa_circ_005386",2,"+",1,2,40,35,"my_test_sample",2,1,0,1,"GTAG",NA,"ANCHOR_UNIQUE,CANONICAL,CIRCULAR,GOOD_EXT,UNAMBIGUOUS_BP"
"1955","8",26757130,26757303,"hsa_circ_005388",3,"+",1,3,40,5,"my_test_sample",3,2,0,1,"GTAG",NA,"ANCHOR_UNIQUE,CANONICAL,CIRCULAR,OK_EXT,UNAMBIGUOUS_BP"
"1956","8",142570045,142570212,"hsa_circ_005394",5,"-",2,5,40,35,"my_test_sample",5,0,0,1,"GTAG",NA,"ANCHOR_UNIQUE,CANONICAL,CIRCULAR,PERFECT_EXT,UNAMBIGUOUS_BP"
"1957","7",76199930,76200221,"hsa_circ_005397",2,"+",1,2,5,5,"my_test_sample",2,0,0,1,"GTAG",NA,"ANCHOR_UNIQUE,CANONICAL,CIRCULAR,PERFECT_EXT,UNAMBIGUOUS_BP"
"1958","6",115707102,115707268,"hsa_circ_005398",2,"-",1,2,40,5,"my_test_sample",2,1,0,1,"GTAG",NA,"ANCHOR_UNIQUE,CANONICAL,CIRCULAR,GOOD_EXT,UNAMBIGUOUS_BP"
"1959","2",62366417,62366600,"hsa_circ_005400",2,"-",1,2,40,5,"my_test_sample",2,1,0,1,"GTAG",NA,"ANCHOR_UNIQUE,CANONICAL,CIRCULAR,GOOD_EXT,UNAMBIGUOUS_BP"
"1960","19",47438693,47438850,"hsa_circ_005406",2,"-",2,2,40,40,"my_test_sample",2,0,0,1,"GTAG",NA,"ANCHOR_UNIQUE,CANONICAL,CIRCULAR,PERFECT_EXT,UNAMBIGUOUS_BP"
"1961","1",232761081,232761243,"hsa_circ_005409",3,"-",1,3,40,5,"my_test_sample",3,1,0,1,"GTAG",NA,"ANCHOR_UNIQUE,CANONICAL,CIRCULAR,GOOD_EXT,UNAMBIGUOUS_BP"
"1962","X",116986709,116986891,"hsa_circ_005410",4,"+",2,4,5,5,"my_test_sample",4,1,0,1,"GTAG",NA,"ANCHOR_UNIQUE,CANONICAL,CIRCULAR,GOOD_EXT,UNAMBIGUOUS_BP"
"1963","6",72031953,72032105,"hsa_circ_005415",2,"+",2,2,5,40,"my_test_sample",2,0,0,1,"GTAG",NA,"ANCHOR_UNIQUE,CANONICAL,CIRCULAR,PERFECT_EXT,UNAMBIGUOUS_BP"
"1964","19",27861075,27861351,"hsa_circ_005416",2,"-",1,2,40,40,"my_test_sample",2,0,0,1,"GTAG",NA,"ANCHOR_UNIQUE,CANONICAL,CIRCULAR,PERFECT_EXT,UNAMBIGUOUS_BP"
"1965","3",134214478,134214663,"hsa_circ_005419",2,"-",1,2,40,5,"my_test_sample",2,2,0,1,"GTAG",NA,"ANCHOR_UNIQUE,CANONICAL,CIRCULAR,OK_EXT,UNAMBIGUOUS_BP"
"1966","3",46374729,46374898,"hsa_circ_005420",2,"+",1,2,40,40,"my_test_sample",2,0,0,1,"GTAG",NA,"ANCHOR_UNIQUE,CANONICAL,CIRCULAR,PERFECT_EXT,UNAMBIGUOUS_BP"
"1967","1",823054,823229,"hsa_circ_005423",2,"-",2,2,5,3,"my_test_sample",2,1,0,1,"GTAG",NA,"ANCHOR_UNIQUE,CANONICAL,CIRCULAR,GOOD_EXT,UNAMBIGUOUS_BP"
"1968","1",18104248,18104602,"hsa_circ_005424",3,"-",1,3,5,40,"my_test_sample",3,2,0,1,"GTAG",NA,"ANCHOR_UNIQUE,CANONICAL,CIRCULAR,OK_EXT,UNAMBIGUOUS_BP"
"1969","X",30805781,30805945,"hsa_circ_005425",2,"-",2,2,5,5,"my_test_sample",2,1,0,1,"GTAG",NA,"ANCHOR_UNIQUE,CANONICAL,CIRCULAR,GOOD_EXT,UNAMBIGUOUS_BP"
"1970","3",149509753,149509911,"hsa_circ_005426",2,"-",1,2,5,5,"my_test_sample",2,1,0,1,"GTAG",NA,"ANCHOR_UNIQUE,CANONICAL,CIRCULAR,GOOD_EXT,UNAMBIGUOUS_BP"
"1971","11",117288050,117289510,"hsa_circ_005437",2,"+",1,2,40,40,"my_test_sample",2,0,0,1,"GTAG",NA,"ANCHOR_UNIQUE,CANONICAL,CIRCULAR,PERFECT_EXT,UNAMBIGUOUS_BP"
"1972","22",46584949,46585103,"hsa_circ_005440",2,"+",1,2,5,40,"my_test_sample",2,0,0,1,"GTAG",NA,"ANCHOR_UNIQUE,CANONICAL,CIRCULAR,PERFECT_EXT,UNAMBIGUOUS_BP"
"1973","9",7520390,7520793,"hsa_circ_005443",6,"+",1,6,40,5,"my_test_sample",6,2,1,1,"GTAG",NA,"ANCHOR_UNIQUE,CANONICAL,CIRCULAR,OK_EXT,UNAMBIGUOUS_BP"
"1974","15",77566573,77566730,"hsa_circ_005446",3,"+",1,3,40,5,"my_test_sample",3,0,0,1,"GTAG",NA,"ANCHOR_UNIQUE,CANONICAL,CIRCULAR,PERFECT_EXT,UNAMBIGUOUS_BP"
"1975","9",88618422,88618602,"hsa_circ_005448",2,"-",2,2,5,5,"my_test_sample",2,1,0,1,"GTAG",NA,"ANCHOR_UNIQUE,CANONICAL,CIRCULAR,GOOD_EXT,UNAMBIGUOUS_BP"
"1976","22",24456700,24456942,"hsa_circ_005458",2,"+",1,2,40,5,"my_test_sample",2,1,0,1,"GTAG",NA,"ANCHOR_UNIQUE,CANONICAL,CIRCULAR,GOOD_EXT,UNAMBIGUOUS_BP"
"1977","8",1776391,1776544,"hsa_circ_005459",2,"+",2,1,5,40,"my_test_sample",2,0,0,1,"GTAG",NA,"ANCHOR_UNIQUE,CANONICAL,CIRCULAR,PERFECT_EXT,UNAMBIGUOUS_BP"
"1978","1",62278095,62278251,"hsa_circ_005460",2,"+",2,2,37,5,"my_test_sample",2,1,0,1,"GTAG",NA,"ANCHOR_UNIQUE,CANONICAL,CIRCULAR,GOOD_EXT,UNAMBIGUOUS_BP"
"1979","18",46696302,46696453,"hsa_circ_005462",2,"-",1,2,5,40,"my_test_sample",2,0,0,1,"GTAG",NA,"ANCHOR_UNIQUE,CANONICAL,CIRCULAR,PERFECT_EXT,UNAMBIGUOUS_BP"
"1980","2",235989266,235989456,"hsa_circ_005466",2,"+",1,2,5,40,"my_test_sample",2,0,0,1,"GTAG",NA,"ANCHOR_UNIQUE,CANONICAL,CIRCULAR,PERFECT_EXT,UNAMBIGUOUS_BP"
"1981","11",62193005,62193255,"hsa_circ_005467",2,"+",1,2,40,5,"my_test_sample",2,2,0,1,"GTAG",NA,"ANCHOR_UNIQUE,CANONICAL,CIRCULAR,OK_EXT,UNAMBIGUOUS_BP"
"1982","4",32537848,32538058,"hsa_circ_005468",3,"+",1,3,40,4,"my_test_sample",3,0,0,1,"GTAG",NA,"ANCHOR_UNIQUE,CANONICAL,CIRCULAR,PERFECT_EXT,UNAMBIGUOUS_BP"
"1983","22",47719512,47719677,"hsa_circ_005469",3,"-",2,3,40,40,"my_test_sample",3,1,0,1,"GTAG",NA,"ANCHOR_UNIQUE,CANONICAL,CIRCULAR,GOOD_EXT,UNAMBIGUOUS_BP"
"1984","15",23440214,23440667,"hsa_circ_005473",3,"-",2,1,5,5,"my_test_sample",3,1,0,1,"GTAG",NA,"ANCHOR_UNIQUE,CANONICAL,CIRCULAR,GOOD_EXT,UNAMBIGUOUS_BP"
"1985","18",11521025,11521210,"hsa_circ_005477",2,"-",2,2,5,40,"my_test_sample",2,0,0,1,"GTAG",NA,"ANCHOR_UNIQUE,CANONICAL,CIRCULAR,PERFECT_EXT,UNAMBIGUOUS_BP"
"1986","18",40651002,40651184,"hsa_circ_005479",2,"+",1,2,5,40,"my_test_sample",2,2,0,1,"GTAG",NA,"ANCHOR_UNIQUE,CANONICAL,CIRCULAR,OK_EXT,UNAMBIGUOUS_BP"
"1987","7",151424774,151424930,"hsa_circ_005481",2,"-",1,2,5,40,"my_test_sample",2,0,0,1,"GTAG",NA,"ANCHOR_UNIQUE,CANONICAL,CIRCULAR,PERFECT_EXT,UNAMBIGUOUS_BP"
"1988","4",164937407,164937584,"hsa_circ_005486",2,"+",1,2,5,40,"my_test_sample",2,2,0,1,"GTAG",NA,"ANCHOR_UNIQUE,CANONICAL,CIRCULAR,OK_EXT,UNAMBIGUOUS_BP"
"1989","2",84494020,84494175,"hsa_circ_005487",3,"+",2,3,40,5,"my_test_sample",3,1,0,1,"GTAG",NA,"ANCHOR_UNIQUE,CANONICAL,CIRCULAR,GOOD_EXT,UNAMBIGUOUS_BP"
"1990","15",47046126,47046287,"hsa_circ_005495",6,"+",1,6,5,5,"my_test_sample",6,2,0,1,"GTAG",NA,"ANCHOR_UNIQUE,CANONICAL,CIRCULAR,OK_EXT,UNAMBIGUOUS_BP"
"1991","12",103170068,103170458,"hsa_circ_005497",3,"-",2,3,40,40,"my_test_sample",3,1,0,1,"GTAG",NA,"ANCHOR_UNIQUE,CANONICAL,CIRCULAR,GOOD_EXT,UNAMBIGUOUS_BP"
"1992","2",58810419,58810580,"hsa_circ_005498",2,"-",1,2,5,5,"my_test_sample",2,0,0,1,"GTAG",NA,"ANCHOR_UNIQUE,CANONICAL,CIRCULAR,PERFECT_EXT,UNAMBIGUOUS_BP"
"1993","19",20890003,20890193,"hsa_circ_005499",4,"-",1,4,40,5,"my_test_sample",4,0,0,1,"GTAG",NA,"ANCHOR_UNIQUE,CANONICAL,CIRCULAR,PERFECT_EXT,UNAMBIGUOUS_BP"
"1994","11",6934596,6934775,"hsa_circ_005501",2,"-",2,1,5,40,"my_test_sample",2,1,0,1,"GTAG",NA,"ANCHOR_UNIQUE,CANONICAL,CIRCULAR,GOOD_EXT,UNAMBIGUOUS_BP"
"1995","4",88099323,88101319,"hsa_circ_005502",3,"-",1,3,40,40,"my_test_sample",3,0,0,1,"GTAG",NA,"ANCHOR_UNIQUE,CANONICAL,CIRCULAR,PERFECT_EXT,UNAMBIGUOUS_BP"
"1996","8",55569655,55569849,"hsa_circ_005503",3,"-",2,3,35,40,"my_test_sample",3,1,0,1,"GTAG",NA,"ANCHOR_UNIQUE,CANONICAL,CIRCULAR,GOOD_EXT,UNAMBIGUOUS_BP"
"1997","19",46653212,46653474,"hsa_circ_005506",3,"+",2,3,40,5,"my_test_sample",3,1,0,1,"GTAG",NA,"ANCHOR_UNIQUE,CANONICAL,CIRCULAR,GOOD_EXT,UNAMBIGUOUS_BP"
"1998","10",94654762,94654926,"hsa_circ_005509",2,"+",1,2,5,5,"my_test_sample",2,1,0,1,"GTAG",NA,"ANCHOR_UNIQUE,CANONICAL,CIRCULAR,GOOD_EXT,UNAMBIGUOUS_BP"
"1999","14",52155214,52155403,"hsa_circ_005514",3,"-",1,3,5,40,"my_test_sample",3,1,0,1,"GTAG",NA,"ANCHOR_UNIQUE,CANONICAL,CIRCULAR,GOOD_EXT,UNAMBIGUOUS_BP"
"2000","19",30951950,30952102,"hsa_circ_005515",2,"-",2,2,5,5,"my_test_sample",2,1,0,1,"GTAG",NA,"ANCHOR_UNIQUE,CANONICAL,CIRCULAR,GOOD_EXT,UNAMBIGUOUS_BP"
"2001","3",97935793,97935952,"hsa_circ_005516",4,"-",2,3,40,40,"my_test_sample",4,0,0,1,"GTAG",NA,"ANCHOR_UNIQUE,CANONICAL,CIRCULAR,PERFECT_EXT,UNAMBIGUOUS_BP"
"2002","2",164055335,164055580,"hsa_circ_005521",2,"-",1,2,5,40,"my_test_sample",2,1,0,1,"GTAG",NA,"ANCHOR_UNIQUE,CANONICAL,CIRCULAR,GOOD_EXT,UNAMBIGUOUS_BP"
"2003","11",112883905,112884077,"hsa_circ_005526",3,"+",1,3,40,40,"my_test_sample",3,2,0,1,"GTAG",NA,"ANCHOR_UNIQUE,CANONICAL,CIRCULAR,OK_EXT,UNAMBIGUOUS_BP"
"2004","8",30913435,30913643,"hsa_circ_005535",2,"-",1,2,40,5,"my_test_sample",2,2,0,1,"GTAG",NA,"ANCHOR_UNIQUE,CANONICAL,CIRCULAR,OK_EXT,UNAMBIGUOUS_BP"
"2005","12",109907525,109911235,"hsa_circ_005537",2,"+",1,2,40,5,"my_test_sample",2,0,0,1,"GTAG",NA,"ANCHOR_UNIQUE,CANONICAL,CIRCULAR,PERFECT_EXT,UNAMBIGUOUS_BP"
"2006","7",16681300,16689906,"hsa_circ_005540",3,"+",1,3,35,5,"my_test_sample",3,0,0,1,"GTAG",NA,"ANCHOR_UNIQUE,CANONICAL,CIRCULAR,PERFECT_EXT,UNAMBIGUOUS_BP"
"2007","19",47627149,47627336,"hsa_circ_005541",2,"+",1,2,40,40,"my_test_sample",2,2,0,1,"GTAG",NA,"ANCHOR_UNIQUE,CANONICAL,CIRCULAR,OK_EXT,UNAMBIGUOUS_BP"
"2008","13",82193777,82193983,"hsa_circ_005542",2,"-",1,2,35,40,"my_test_sample",2,2,0,1,"GTAG",NA,"ANCHOR_UNIQUE,CANONICAL,CIRCULAR,OK_EXT,UNAMBIGUOUS_BP"
"2009","16",27315461,27315641,"hsa_circ_005543",3,"+",1,3,40,40,"my_test_sample",3,2,0,1,"GTAG",NA,"ANCHOR_UNIQUE,CANONICAL,CIRCULAR,OK_EXT,UNAMBIGUOUS_BP"
"2010","1",47424605,47424940,"hsa_circ_005545",2,"+",1,2,5,40,"my_test_sample",2,2,0,1,"GTAG",NA,"ANCHOR_UNIQUE,CANONICAL,CIRCULAR,OK_EXT,UNAMBIGUOUS_BP"
"2011","13",21800305,21800478,"hsa_circ_005548",2,"-",1,2,5,5,"my_test_sample",2,1,0,1,"GTAG",NA,"ANCHOR_UNIQUE,CANONICAL,CIRCULAR,GOOD_EXT,UNAMBIGUOUS_BP"
"2012","6",67572054,67572246,"hsa_circ_005549",2,"-",1,2,5,5,"my_test_sample",2,2,0,1,"GTAG",NA,"ANCHOR_UNIQUE,CANONICAL,CIRCULAR,OK_EXT,UNAMBIGUOUS_BP"
"2013","15",43334944,43335826,"hsa_circ_005558",2,"+",1,2,5,40,"my_test_sample",2,0,0,1,"GTAG",NA,"ANCHOR_UNIQUE,CANONICAL,CIRCULAR,PERFECT_EXT,UNAMBIGUOUS_BP"
"2014","5",11707115,11707268,"hsa_circ_005560",2,"+",2,1,40,5,"my_test_sample",2,1,0,1,"GTAG",NA,"ANCHOR_UNIQUE,CANONICAL,CIRCULAR,GOOD_EXT,UNAMBIGUOUS_BP"
"2015","6",34243669,34243878,"hsa_circ_005562",3,"+",3,3,37,40,"my_test_sample",3,0,0,1,"GTAG",NA,"ANCHOR_UNIQUE,CANONICAL,CIRCULAR,PERFECT_EXT,UNAMBIGUOUS_BP"
"2016","10",33717096,33717273,"hsa_circ_005566",3,"-",1,3,40,40,"my_test_sample",3,2,0,1,"GTAG",NA,"ANCHOR_UNIQUE,CANONICAL,CIRCULAR,OK_EXT,UNAMBIGUOUS_BP"
"2017","22",47336108,47336288,"hsa_circ_005570",4,"-",2,4,5,40,"my_test_sample",4,1,0,1,"GTAG",NA,"ANCHOR_UNIQUE,CANONICAL,CIRCULAR,GOOD_EXT,UNAMBIGUOUS_BP"
"2018","14",95603299,95603458,"hsa_circ_005574",2,"+",2,2,3,40,"my_test_sample",2,0,0,1,"GTAG",NA,"ANCHOR_UNIQUE,CANONICAL,CIRCULAR,PERFECT_EXT,UNAMBIGUOUS_BP"
"2019","11",69300634,69300807,"hsa_circ_005575",4,"+",2,4,40,40,"my_test_sample",4,0,0,1,"GTAG",NA,"ANCHOR_UNIQUE,CANONICAL,CIRCULAR,PERFECT_EXT,UNAMBIGUOUS_BP"
"2020","2",106748718,106748878,"hsa_circ_005576",2,"+",1,2,5,40,"my_test_sample",2,1,0,1,"GTAG",NA,"ANCHOR_UNIQUE,CANONICAL,CIRCULAR,GOOD_EXT,UNAMBIGUOUS_BP"
"2021","16",47880151,47880337,"hsa_circ_005588",6,"+",1,6,5,40,"my_test_sample",6,0,0,1,"GTAG",NA,"ANCHOR_UNIQUE,CANONICAL,CIRCULAR,PERFECT_EXT,UNAMBIGUOUS_BP"
"2022","9",86675849,86676119,"hsa_circ_005593",2,"+",1,2,5,5,"my_test_sample",2,1,0,1,"GTAG",NA,"ANCHOR_UNIQUE,CANONICAL,CIRCULAR,GOOD_EXT,UNAMBIGUOUS_BP"
"2023","2",64394041,64394377,"hsa_circ_005595",6,"-",2,6,40,40,"my_test_sample",6,2,0,1,"GTAG",NA,"ANCHOR_UNIQUE,CANONICAL,CIRCULAR,OK_EXT,UNAMBIGUOUS_BP"
"2024","X",4125643,4125855,"hsa_circ_005598",4,"-",2,4,40,40,"my_test_sample",4,2,0,1,"GTAG",NA,"ANCHOR_UNIQUE,CANONICAL,CIRCULAR,OK_EXT,UNAMBIGUOUS_BP"
"2025","4",48915316,48915468,"hsa_circ_005599",2,"+",2,2,40,5,"my_test_sample",2,0,0,1,"GTAG",NA,"ANCHOR_UNIQUE,CANONICAL,CIRCULAR,PERFECT_EXT,UNAMBIGUOUS_BP"
"2026","1",227733396,227733560,"hsa_circ_005601",2,"+",1,2,40,5,"my_test_sample",2,1,0,1,"GTAG",NA,"ANCHOR_UNIQUE,CANONICAL,CIRCULAR,GOOD_EXT,UNAMBIGUOUS_BP"
"2027","X",107743716,107743894,"hsa_circ_005602",3,"-",1,3,40,40,"my_test_sample",3,0,0,1,"GTAG",NA,"ANCHOR_UNIQUE,CANONICAL,CIRCULAR,PERFECT_EXT,UNAMBIGUOUS_BP"
"2028","8",94678232,94692827,"hsa_circ_005609",4,"+",1,4,40,40,"my_test_sample",4,0,0,1,"GTAG",NA,"ANCHOR_UNIQUE,CANONICAL,CIRCULAR,PERFECT_EXT,UNAMBIGUOUS_BP"
"2029","18",24225041,24239382,"hsa_circ_005610",5,"-",2,5,40,40,"my_test_sample",5,0,0,1,"GTAG",NA,"ANCHOR_UNIQUE,CANONICAL,CIRCULAR,PERFECT_EXT,UNAMBIGUOUS_BP"
"2030","8",46885530,46885752,"hsa_circ_005622",4,"-",1,4,5,5,"my_test_sample",4,1,0,1,"GTAG",NA,"ANCHOR_UNIQUE,CANONICAL,CIRCULAR,GOOD_EXT,UNAMBIGUOUS_BP"
"2031","2",6580548,6580739,"hsa_circ_005625",2,"-",1,2,5,5,"my_test_sample",2,0,0,1,"GTAG",NA,"ANCHOR_UNIQUE,CANONICAL,CIRCULAR,PERFECT_EXT,UNAMBIGUOUS_BP"
"2032","15",92996956,92998621,"hsa_circ_005626",2,"+",1,2,40,5,"my_test_sample",2,0,0,1,"GTAG",NA,"ANCHOR_UNIQUE,CANONICAL,CIRCULAR,PERFECT_EXT,UNAMBIGUOUS_BP"
"2033","5",139766386,139766562,"hsa_circ_005630",2,"+",1,2,5,5,"my_test_sample",2,0,0,1,"GTAG",NA,"ANCHOR_UNIQUE,CANONICAL,CIRCULAR,PERFECT_EXT,UNAMBIGUOUS_BP"
"2034","3",149379221,149379446,"hsa_circ_005632",3,"+",1,3,40,5,"my_test_sample",3,2,0,1,"GTAG",NA,"ANCHOR_UNIQUE,CANONICAL,CIRCULAR,OK_EXT,UNAMBIGUOUS_BP"
"2035","5",45697916,45698173,"hsa_circ_005634",2,"-",2,2,40,40,"my_test_sample",2,1,0,1,"GTAG",NA,"ANCHOR_UNIQUE,CANONICAL,CIRCULAR,GOOD_EXT,UNAMBIGUOUS_BP"
"2036","6",130063199,130063378,"hsa_circ_005638",2,"+",1,2,5,5,"my_test_sample",2,2,0,1,"GTAG",NA,"ANCHOR_UNIQUE,CANONICAL,CIRCULAR,OK_EXT,UNAMBIGUOUS_BP"
"2037","8",132909176,132909329,"hsa_circ_005642",5,"+",1,5,40,5,"my_test_sample",5,2,0,1,"GTAG",NA,"ANCHOR_UNIQUE,CANONICAL,CIRCULAR,OK_EXT,UNAMBIGUOUS_BP"
"2038","2",32632721,32632885,"hsa_circ_005643",5,"+",1,5,5,40,"my_test_sample",5,0,0,1,"GTAG",NA,"ANCHOR_UNIQUE,CANONICAL,CIRCULAR,PERFECT_EXT,UNAMBIGUOUS_BP"
"2039","9",88105246,88105461,"hsa_circ_005647",2,"-",1,2,40,40,"my_test_sample",2,2,0,1,"GTAG",NA,"ANCHOR_UNIQUE,CANONICAL,CIRCULAR,OK_EXT,UNAMBIGUOUS_BP"
"2040","10",5549016,5549317,"hsa_circ_005651",2,"-",2,2,40,37,"my_test_sample",2,1,0,1,"GTAG",NA,"ANCHOR_UNIQUE,CANONICAL,CIRCULAR,GOOD_EXT,UNAMBIGUOUS_BP"
"2041","11",59792781,59792984,"hsa_circ_005653",4,"+",2,4,37,5,"my_test_sample",4,1,0,1,"GTAG",NA,"ANCHOR_UNIQUE,CANONICAL,CIRCULAR,GOOD_EXT,UNAMBIGUOUS_BP"
"2042","1",94595104,94595282,"hsa_circ_005654",2,"-",1,2,40,40,"my_test_sample",2,0,0,1,"GTAG",NA,"ANCHOR_UNIQUE,CANONICAL,CIRCULAR,PERFECT_EXT,UNAMBIGUOUS_BP"
"2043","11",58841824,58841990,"hsa_circ_005657",2,"+",1,2,5,40,"my_test_sample",2,0,0,1,"GTAG",NA,"ANCHOR_UNIQUE,CANONICAL,CIRCULAR,PERFECT_EXT,UNAMBIGUOUS_BP"
"2044","10",59284754,59284917,"hsa_circ_005658",2,"-",1,2,40,40,"my_test_sample",2,0,0,1,"GTAG",NA,"ANCHOR_UNIQUE,CANONICAL,CIRCULAR,PERFECT_EXT,UNAMBIGUOUS_BP"
"2045","1",20304115,20304297,"hsa_circ_005660",2,"+",2,2,40,40,"my_test_sample",2,0,0,1,"GTAG",NA,"ANCHOR_UNIQUE,CANONICAL,CIRCULAR,PERFECT_EXT,UNAMBIGUOUS_BP"
"2046","16",6439485,6439641,"hsa_circ_005661",2,"-",1,2,5,5,"my_test_sample",2,1,0,1,"GTAG",NA,"ANCHOR_UNIQUE,CANONICAL,CIRCULAR,GOOD_EXT,UNAMBIGUOUS_BP"
"2047","6",130279924,130280197,"hsa_circ_005662",3,"-",2,3,5,5,"my_test_sample",3,0,0,1,"GTAG",NA,"ANCHOR_UNIQUE,CANONICAL,CIRCULAR,PERFECT_EXT,UNAMBIGUOUS_BP"
"2048","6",82142784,82142944,"hsa_circ_005671",2,"+",1,2,5,40,"my_test_sample",2,1,0,1,"GTAG",NA,"ANCHOR_UNIQUE,CANONICAL,CIRCULAR,GOOD_EXT,UNAMBIGUOUS_BP"
"2049","3",65196021,65196180,"hsa_circ_005672",5,"-",2,5,40,5,"my_test_sample",5,0,0,1,"GTAG",NA,"ANCHOR_UNIQUE,CANONICAL,CIRCULAR,PERFECT_EXT,UNAMBIGUOUS_BP"
"2050","22",31418237,31418387,"hsa_circ_005674",4,"+",1,4,40,40,"my_test_sample",4,2,0,1,"GTAG",NA,"ANCHOR_UNIQUE,CANONICAL,CIRCULAR,OK_EXT,UNAMBIGUOUS_BP"
"2051","15",88908047,88908220,"hsa_circ_005675",3,"-",2,3,40,40,"my_test_sample",3,1,0,1,"GTAG",NA,"ANCHOR_UNIQUE,CANONICAL,CIRCULAR,GOOD_EXT,UNAMBIGUOUS_BP"
"2052","1",24997339,24997489,"hsa_circ_005680",3,"+",1,3,5,5,"my_test_sample",3,0,0,1,"GTAG",NA,"ANCHOR_UNIQUE,CANONICAL,CIRCULAR,PERFECT_EXT,UNAMBIGUOUS_BP"
"2053","2",83384402,83384603,"hsa_circ_005681",2,"+",1,2,5,5,"my_test_sample",2,1,0,1,"GTAG",NA,"ANCHOR_UNIQUE,CANONICAL,CIRCULAR,GOOD_EXT,UNAMBIGUOUS_BP"
"2054","11",8032793,8033099,"hsa_circ_005682",2,"-",2,2,40,40,"my_test_sample",2,1,0,1,"GTAG",NA,"ANCHOR_UNIQUE,CANONICAL,CIRCULAR,GOOD_EXT,UNAMBIGUOUS_BP"
"2055","14",92969174,92969326,"hsa_circ_005684",2,"+",1,2,5,40,"my_test_sample",2,0,0,1,"GTAG",NA,"ANCHOR_UNIQUE,CANONICAL,CIRCULAR,PERFECT_EXT,UNAMBIGUOUS_BP"
"2056","22",24995837,24996082,"hsa_circ_005688",3,"+",1,3,5,5,"my_test_sample",3,0,0,1,"GTAG",NA,"ANCHOR_UNIQUE,CANONICAL,CIRCULAR,PERFECT_EXT,UNAMBIGUOUS_BP"
"2057","2",48255440,48255640,"hsa_circ_005690",2,"+",1,2,5,40,"my_test_sample",2,1,0,1,"GTAG",NA,"ANCHOR_UNIQUE,CANONICAL,CIRCULAR,GOOD_EXT,UNAMBIGUOUS_BP"
"2058","11",115218459,115218627,"hsa_circ_005691",6,"-",2,6,40,40,"my_test_sample",6,1,0,1,"GTAG",NA,"ANCHOR_UNIQUE,CANONICAL,CIRCULAR,GOOD_EXT,UNAMBIGUOUS_BP"
"2059","5",106447912,106448079,"hsa_circ_005696",6,"-",1,6,40,40,"my_test_sample",6,1,0,1,"GTAG",NA,"ANCHOR_UNIQUE,CANONICAL,CIRCULAR,GOOD_EXT,UNAMBIGUOUS_BP"
"2060","1",240509686,240509852,"hsa_circ_005697",3,"-",1,3,5,40,"my_test_sample",3,1,0,1,"GTAG",NA,"ANCHOR_UNIQUE,CANONICAL,CIRCULAR,GOOD_EXT,UNAMBIGUOUS_BP"
"2061","16",34246060,34246217,"hsa_circ_005699",2,"-",1,2,5,5,"my_test_sample",2,1,0,1,"GTAG",NA,"ANCHOR_UNIQUE,CANONICAL,CIRCULAR,GOOD_EXT,UNAMBIGUOUS_BP"
"2062","21",44523506,44523700,"hsa_circ_005707",2,"+",1,2,40,40,"my_test_sample",2,0,0,1,"GTAG",NA,"ANCHOR_UNIQUE,CANONICAL,CIRCULAR,PERFECT_EXT,UNAMBIGUOUS_BP"
"2063","2",63856305,63857936,"hsa_circ_005709",8,"+",3,8,40,40,"my_test_sample",8,0,0,1,"GTAG",NA,"ANCHOR_UNIQUE,CANONICAL,CIRCULAR,PERFECT_EXT,UNAMBIGUOUS_BP"
"2064","6",39388924,39389115,"hsa_circ_005712",2,"+",2,2,40,40,"my_test_sample",2,0,0,1,"GTAG",NA,"ANCHOR_UNIQUE,CANONICAL,CIRCULAR,PERFECT_EXT,UNAMBIGUOUS_BP"
"2065","11",119715770,119715946,"hsa_circ_005718",2,"-",1,2,40,40,"my_test_sample",2,0,0,1,"GTAG",NA,"ANCHOR_UNIQUE,CANONICAL,CIRCULAR,PERFECT_EXT,UNAMBIGUOUS_BP"
"2066","4",113116928,113117093,"hsa_circ_005719",3,"+",1,3,5,5,"my_test_sample",3,2,2,1,"GTAG",NA,"ANCHOR_UNIQUE,CANONICAL,CIRCULAR,OK_EXT,UNAMBIGUOUS_BP"
"2067","6",41935727,41935882,"hsa_circ_005721",2,"+",2,2,40,5,"my_test_sample",2,0,0,1,"GTAG",NA,"ANCHOR_UNIQUE,CANONICAL,CIRCULAR,PERFECT_EXT,UNAMBIGUOUS_BP"
"2068","18",62941717,62945271,"hsa_circ_005722",2,"+",1,2,40,40,"my_test_sample",2,0,0,1,"GTAG",NA,"ANCHOR_UNIQUE,CANONICAL,CIRCULAR,PERFECT_EXT,UNAMBIGUOUS_BP"
"2069","X",132590564,132590724,"hsa_circ_005728",2,"-",1,2,5,40,"my_test_sample",2,2,0,1,"GTAG",NA,"ANCHOR_UNIQUE,CANONICAL,CIRCULAR,OK_EXT,UNAMBIGUOUS_BP"
"2070","22",38165068,38165243,"hsa_circ_005730",2,"-",2,2,5,4,"my_test_sample",2,0,0,1,"GTAG",NA,"ANCHOR_UNIQUE,CANONICAL,CIRCULAR,PERFECT_EXT,UNAMBIGUOUS_BP"
"2071","17",50683906,50684082,"hsa_circ_005734",4,"-",4,2,5,40,"my_test_sample",4,0,0,1,"GTAG",NA,"ANCHOR_UNIQUE,CANONICAL,CIRCULAR,PERFECT_EXT,UNAMBIGUOUS_BP"
"2072","9",36186005,36186206,"hsa_circ_005736",3,"-",2,3,5,40,"my_test_sample",3,1,0,1,"GTAG",NA,"ANCHOR_UNIQUE,CANONICAL,CIRCULAR,GOOD_EXT,UNAMBIGUOUS_BP"
"2073","X",47648374,47648577,"hsa_circ_005737",2,"+",1,2,5,40,"my_test_sample",2,0,0,1,"GTAG",NA,"ANCHOR_UNIQUE,CANONICAL,CIRCULAR,PERFECT_EXT,UNAMBIGUOUS_BP"
"2074","15",41456559,41456719,"hsa_circ_005738",2,"+",1,2,5,5,"my_test_sample",2,0,0,1,"GTAG",NA,"ANCHOR_UNIQUE,CANONICAL,CIRCULAR,PERFECT_EXT,UNAMBIGUOUS_BP"
"2075","3",71516147,71516381,"hsa_circ_005742",3,"-",1,3,5,5,"my_test_sample",3,0,0,1,"GTAG",NA,"ANCHOR_UNIQUE,CANONICAL,CIRCULAR,PERFECT_EXT,UNAMBIGUOUS_BP"
"2076","4",2952274,2956811,"hsa_circ_005743",2,"-",1,2,5,40,"my_test_sample",2,0,0,1,"GTAG",NA,"ANCHOR_UNIQUE,CANONICAL,CIRCULAR,PERFECT_EXT,UNAMBIGUOUS_BP"
"2077","X",21965979,21966228,"hsa_circ_005744",2,"+",1,2,5,4,"my_test_sample",2,1,0,1,"GTAG",NA,"ANCHOR_UNIQUE,CANONICAL,CIRCULAR,GOOD_EXT,UNAMBIGUOUS_BP"
"2078","7",48510279,48510442,"hsa_circ_005745",2,"+",1,2,5,40,"my_test_sample",2,0,0,1,"GTAG",NA,"ANCHOR_UNIQUE,CANONICAL,CIRCULAR,PERFECT_EXT,UNAMBIGUOUS_BP"
"2079","2",96948150,96948353,"hsa_circ_005748",2,"+",2,2,5,40,"my_test_sample",2,2,0,1,"GTAG",NA,"ANCHOR_UNIQUE,CANONICAL,CIRCULAR,OK_EXT,UNAMBIGUOUS_BP"
"2080","1",51311432,51311608,"hsa_circ_005750",2,"-",1,2,40,40,"my_test_sample",2,0,0,1,"GTAG",NA,"ANCHOR_UNIQUE,CANONICAL,CIRCULAR,PERFECT_EXT,UNAMBIGUOUS_BP"
"2081","2",116586168,116586341,"hsa_circ_005751",5,"-",1,5,5,40,"my_test_sample",5,0,0,1,"GTAG",NA,"ANCHOR_UNIQUE,CANONICAL,CIRCULAR,PERFECT_EXT,UNAMBIGUOUS_BP"
"2082","9",22894683,22894929,"hsa_circ_005756",2,"-",1,2,5,40,"my_test_sample",2,0,0,1,"GTAG",NA,"ANCHOR_UNIQUE,CANONICAL,CIRCULAR,PERFECT_EXT,UNAMBIGUOUS_BP"
"2083","2",233419668,233419872,"hsa_circ_005757",3,"+",1,3,40,40,"my_test_sample",3,0,0,1,"GTAG",NA,"ANCHOR_UNIQUE,CANONICAL,CIRCULAR,PERFECT_EXT,UNAMBIGUOUS_BP"
"2084","18",11663465,11663657,"hsa_circ_005758",2,"-",1,2,5,40,"my_test_sample",2,2,0,1,"GTAG",NA,"ANCHOR_UNIQUE,CANONICAL,CIRCULAR,OK_EXT,UNAMBIGUOUS_BP"
"2085","9",136092036,136092219,"hsa_circ_005759",2,"-",1,2,40,40,"my_test_sample",2,0,2,1,"GTAG",NA,"ANCHOR_UNIQUE,CANONICAL,CIRCULAR,OK_EXT,UNAMBIGUOUS_BP"
"2086","10",56926464,56926642,"hsa_circ_005763",3,"-",1,3,5,40,"my_test_sample",3,1,0,1,"GTAG",NA,"ANCHOR_UNIQUE,CANONICAL,CIRCULAR,GOOD_EXT,UNAMBIGUOUS_BP"
"2087","11",72600526,72600677,"hsa_circ_005765",2,"-",1,2,5,40,"my_test_sample",2,2,0,1,"GTAG",NA,"ANCHOR_UNIQUE,CANONICAL,CIRCULAR,OK_EXT,UNAMBIGUOUS_BP"
"2088","3",49117545,49117836,"hsa_circ_005766",3,"+",1,3,5,5,"my_test_sample",3,1,0,1,"GTAG",NA,"ANCHOR_UNIQUE,CANONICAL,CIRCULAR,GOOD_EXT,UNAMBIGUOUS_BP"
"2089","14",70742350,70742591,"hsa_circ_005772",6,"-",2,6,40,40,"my_test_sample",6,0,0,1,"GTAG",NA,"ANCHOR_UNIQUE,CANONICAL,CIRCULAR,PERFECT_EXT,UNAMBIGUOUS_BP"
"2090","8",108119265,108119424,"hsa_circ_005774",2,"+",2,1,4,40,"my_test_sample",2,1,0,1,"GTAG",NA,"ANCHOR_UNIQUE,CANONICAL,CIRCULAR,GOOD_EXT,UNAMBIGUOUS_BP"
"2091","11",12236176,12239585,"hsa_circ_005778",4,"+",2,4,40,40,"my_test_sample",4,0,1,1,"GTAG",NA,"ANCHOR_UNIQUE,CANONICAL,CIRCULAR,GOOD_EXT,UNAMBIGUOUS_BP"
"2092","17",37671756,37671965,"hsa_circ_005781",2,"-",2,2,5,4,"my_test_sample",2,1,0,1,"GTAG",NA,"ANCHOR_UNIQUE,CANONICAL,CIRCULAR,GOOD_EXT,UNAMBIGUOUS_BP"
"2093","8",118144686,118144849,"hsa_circ_005783",6,"+",1,6,5,40,"my_test_sample",6,1,0,1,"GTAG",NA,"ANCHOR_UNIQUE,CANONICAL,CIRCULAR,GOOD_EXT,UNAMBIGUOUS_BP"
"2094","11",64231031,64231247,"hsa_circ_005786",3,"+",2,3,40,40,"my_test_sample",3,0,1,1,"GTAG",NA,"ANCHOR_UNIQUE,CANONICAL,CIRCULAR,GOOD_EXT,UNAMBIGUOUS_BP"
"2095","11",32546682,32546855,"hsa_circ_005790",2,"-",2,2,40,5,"my_test_sample",2,0,0,1,"GTAG",NA,"ANCHOR_UNIQUE,CANONICAL,CIRCULAR,PERFECT_EXT,UNAMBIGUOUS_BP"
"2096","3",126205136,126205322,"hsa_circ_005792",2,"-",2,2,5,40,"my_test_sample",2,1,0,1,"GTAG",NA,"ANCHOR_UNIQUE,CANONICAL,CIRCULAR,GOOD_EXT,UNAMBIGUOUS_BP"
"2097","8",32522463,32522677,"hsa_circ_005794",2,"-",2,2,40,37,"my_test_sample",2,0,0,1,"GTAG",NA,"ANCHOR_UNIQUE,CANONICAL,CIRCULAR,PERFECT_EXT,UNAMBIGUOUS_BP"
"2098","5",117848956,117849122,"hsa_circ_005795",3,"-",1,3,4,40,"my_test_sample",3,2,0,1,"GTAG",NA,"ANCHOR_UNIQUE,CANONICAL,CIRCULAR,OK_EXT,UNAMBIGUOUS_BP"
"2099","10",63380317,63409988,"hsa_circ_005802",2,"-",2,2,5,40,"my_test_sample",2,0,0,1,"GTAG",NA,"ANCHOR_UNIQUE,CANONICAL,CIRCULAR,PERFECT_EXT,UNAMBIGUOUS_BP"
"2100","12",132949886,132950049,"hsa_circ_005805",2,"+",1,2,40,5,"my_test_sample",2,2,0,1,"GTAG",NA,"ANCHOR_UNIQUE,CANONICAL,CIRCULAR,OK_EXT,UNAMBIGUOUS_BP"
"2101","12",108136080,108136241,"hsa_circ_005806",2,"+",2,2,40,36,"my_test_sample",2,1,0,1,"GTAG",NA,"ANCHOR_UNIQUE,CANONICAL,CIRCULAR,GOOD_EXT,UNAMBIGUOUS_BP"
"2102","8",35002902,35003055,"hsa_circ_005808",2,"-",1,2,4,40,"my_test_sample",2,2,0,1,"GTAG",NA,"ANCHOR_UNIQUE,CANONICAL,CIRCULAR,OK_EXT,UNAMBIGUOUS_BP"
"2103","6",162847226,162847421,"hsa_circ_005809",4,"-",2,4,40,40,"my_test_sample",4,1,0,1,"GTAG",NA,"ANCHOR_UNIQUE,CANONICAL,CIRCULAR,GOOD_EXT,UNAMBIGUOUS_BP"
"2104","21",44524446,44524649,"hsa_circ_005812",2,"+",1,2,40,40,"my_test_sample",2,0,0,1,"GTAG",NA,"ANCHOR_UNIQUE,CANONICAL,CIRCULAR,PERFECT_EXT,UNAMBIGUOUS_BP"
"2105","X",70856959,70857124,"hsa_circ_005814",2,"+",1,2,3,40,"my_test_sample",2,2,0,1,"GTAG",NA,"ANCHOR_UNIQUE,CANONICAL,CIRCULAR,OK_EXT,UNAMBIGUOUS_BP"
"2106","X",143669092,143669289,"hsa_circ_005818",3,"+",1,3,40,40,"my_test_sample",3,0,0,1,"GTAG",NA,"ANCHOR_UNIQUE,CANONICAL,CIRCULAR,PERFECT_EXT,UNAMBIGUOUS_BP"
"2107","4",127180122,127180333,"hsa_circ_005820",3,"+",1,3,5,40,"my_test_sample",3,2,0,1,"GTAG",NA,"ANCHOR_UNIQUE,CANONICAL,CIRCULAR,OK_EXT,UNAMBIGUOUS_BP"
"2108","10",89100003,89100184,"hsa_circ_005825",2,"-",1,2,5,40,"my_test_sample",2,1,0,1,"GTAG",NA,"ANCHOR_UNIQUE,CANONICAL,CIRCULAR,GOOD_EXT,UNAMBIGUOUS_BP"
"2109","15",66923086,66923275,"hsa_circ_005826",2,"+",1,2,5,40,"my_test_sample",2,1,0,1,"GTAG",NA,"ANCHOR_UNIQUE,CANONICAL,CIRCULAR,GOOD_EXT,UNAMBIGUOUS_BP"
"2110","1",175468358,175468728,"hsa_circ_005827",2,"+",1,2,5,40,"my_test_sample",2,0,0,1,"GTAG",NA,"ANCHOR_UNIQUE,CANONICAL,CIRCULAR,PERFECT_EXT,UNAMBIGUOUS_BP"
"2111","4",152728480,152728642,"hsa_circ_005828",2,"-",1,2,5,5,"my_test_sample",2,0,0,1,"GTAG",NA,"ANCHOR_UNIQUE,CANONICAL,CIRCULAR,PERFECT_EXT,UNAMBIGUOUS_BP"
"2112","11",100122560,100122730,"hsa_circ_005829",3,"+",2,1,40,40,"my_test_sample",3,0,0,1,"GTAG",NA,"ANCHOR_UNIQUE,CANONICAL,CIRCULAR,PERFECT_EXT,UNAMBIGUOUS_BP"
"2113","15",33676414,33676587,"hsa_circ_005830",2,"+",1,2,40,40,"my_test_sample",2,0,0,1,"GTAG",NA,"ANCHOR_UNIQUE,CANONICAL,CIRCULAR,PERFECT_EXT,UNAMBIGUOUS_BP"
"2114","4",120509798,120509985,"hsa_circ_005831",2,"-",2,2,40,40,"my_test_sample",2,1,0,1,"GTAG",NA,"ANCHOR_UNIQUE,CANONICAL,CIRCULAR,GOOD_EXT,UNAMBIGUOUS_BP"
"2115","7",145920372,145920547,"hsa_circ_005832",2,"-",2,2,40,40,"my_test_sample",2,2,0,1,"GTAG",NA,"ANCHOR_UNIQUE,CANONICAL,CIRCULAR,OK_EXT,UNAMBIGUOUS_BP"
"2116","11",132092478,132092656,"hsa_circ_005834",3,"-",1,3,5,40,"my_test_sample",3,1,0,1,"GTAG",NA,"ANCHOR_UNIQUE,CANONICAL,CIRCULAR,GOOD_EXT,UNAMBIGUOUS_BP"
"2117","4",47655040,47655375,"hsa_circ_005836",2,"+",1,2,40,5,"my_test_sample",2,2,0,1,"GTAG",NA,"ANCHOR_UNIQUE,CANONICAL,CIRCULAR,OK_EXT,UNAMBIGUOUS_BP"
"2118","1",222793315,222793487,"hsa_circ_005837",3,"-",1,3,40,40,"my_test_sample",3,0,0,1,"GTAG",NA,"ANCHOR_UNIQUE,CANONICAL,CIRCULAR,PERFECT_EXT,UNAMBIGUOUS_BP"
"2119","14",22551420,22551757,"hsa_circ_005839",4,"-",1,4,40,5,"my_test_sample",4,0,0,1,"GTAG",NA,"ANCHOR_UNIQUE,CANONICAL,CIRCULAR,PERFECT_EXT,UNAMBIGUOUS_BP"
"2120","13",109394553,109394863,"hsa_circ_005841",2,"-",1,2,40,5,"my_test_sample",2,1,0,1,"GTAG",NA,"ANCHOR_UNIQUE,CANONICAL,CIRCULAR,GOOD_EXT,UNAMBIGUOUS_BP"
"2121","X",140432636,140434115,"hsa_circ_005842",2,"+",2,2,5,40,"my_test_sample",2,1,0,1,"GTAG",NA,"ANCHOR_UNIQUE,CANONICAL,CIRCULAR,GOOD_EXT,UNAMBIGUOUS_BP"
"2122","1",218679010,218679304,"hsa_circ_005845",2,"+",1,2,5,40,"my_test_sample",2,2,0,1,"GTAG",NA,"ANCHOR_UNIQUE,CANONICAL,CIRCULAR,OK_EXT,UNAMBIGUOUS_BP"
"2123","1",179335505,179337896,"hsa_circ_005847",3,"+",1,3,5,5,"my_test_sample",3,0,0,1,"GTAG",NA,"ANCHOR_UNIQUE,CANONICAL,CIRCULAR,PERFECT_EXT,UNAMBIGUOUS_BP"
"2124","5",127207625,127207791,"hsa_circ_005848",2,"+",1,2,40,40,"my_test_sample",2,1,0,1,"GTAG",NA,"ANCHOR_UNIQUE,CANONICAL,CIRCULAR,GOOD_EXT,UNAMBIGUOUS_BP"
"2125","10",83672577,83672729,"hsa_circ_005849",2,"+",1,2,5,5,"my_test_sample",2,2,0,1,"GTAG",NA,"ANCHOR_UNIQUE,CANONICAL,CIRCULAR,OK_EXT,UNAMBIGUOUS_BP"
"2126","17",448087,489099,"hsa_circ_005850",2,"+",1,2,5,5,"my_test_sample",2,0,0,1,"GTAG",NA,"ANCHOR_UNIQUE,CANONICAL,CIRCULAR,PERFECT_EXT,UNAMBIGUOUS_BP"
"2127","17",81233398,81233601,"hsa_circ_005851",2,"+",1,2,5,5,"my_test_sample",2,1,0,1,"GTAG",NA,"ANCHOR_UNIQUE,CANONICAL,CIRCULAR,GOOD_EXT,UNAMBIGUOUS_BP"
"2128","1",205535124,205535294,"hsa_circ_005853",3,"-",1,3,40,40,"my_test_sample",3,0,0,1,"GTAG",NA,"ANCHOR_UNIQUE,CANONICAL,CIRCULAR,PERFECT_EXT,UNAMBIGUOUS_BP"
"2129","14",102985250,102985403,"hsa_circ_005855",3,"+",1,3,5,5,"my_test_sample",3,0,0,1,"GTAG",NA,"ANCHOR_UNIQUE,CANONICAL,CIRCULAR,PERFECT_EXT,UNAMBIGUOUS_BP"
"2130","9",126166653,126166818,"hsa_circ_005856",2,"+",1,2,5,5,"my_test_sample",2,0,0,1,"GTAG",NA,"ANCHOR_UNIQUE,CANONICAL,CIRCULAR,PERFECT_EXT,UNAMBIGUOUS_BP"
"2131","19",16621705,16621865,"hsa_circ_005858",4,"+",2,4,40,40,"my_test_sample",4,0,0,1,"GTAG",NA,"ANCHOR_UNIQUE,CANONICAL,CIRCULAR,PERFECT_EXT,UNAMBIGUOUS_BP"
"2132","15",66308210,66308490,"hsa_circ_005868",2,"-",1,2,5,40,"my_test_sample",2,0,0,1,"GTAG",NA,"ANCHOR_UNIQUE,CANONICAL,CIRCULAR,PERFECT_EXT,UNAMBIGUOUS_BP"
"2133","13",111590210,111590398,"hsa_circ_005869",2,"+",1,2,40,40,"my_test_sample",2,2,0,1,"GTAG",NA,"ANCHOR_UNIQUE,CANONICAL,CIRCULAR,OK_EXT,UNAMBIGUOUS_BP"
"2134","3",169311840,169312009,"hsa_circ_005870",3,"+",1,3,40,40,"my_test_sample",3,0,0,1,"GTAG",NA,"ANCHOR_UNIQUE,CANONICAL,CIRCULAR,PERFECT_EXT,UNAMBIGUOUS_BP"
"2135","5",180569109,180571432,"hsa_circ_005874",3,"+",1,3,40,40,"my_test_sample",3,1,0,1,"GTAG",NA,"ANCHOR_UNIQUE,CANONICAL,CIRCULAR,GOOD_EXT,UNAMBIGUOUS_BP"
"2136","12",130751814,130751983,"hsa_circ_005876",2,"-",1,2,40,5,"my_test_sample",2,1,0,1,"GTAG",NA,"ANCHOR_UNIQUE,CANONICAL,CIRCULAR,GOOD_EXT,UNAMBIGUOUS_BP"
"2137","14",52405694,52405959,"hsa_circ_005877",3,"+",3,3,5,5,"my_test_sample",3,1,0,1,"GTAG",NA,"ANCHOR_UNIQUE,CANONICAL,CIRCULAR,GOOD_EXT,UNAMBIGUOUS_BP"
"2138","4",98420018,98421394,"hsa_circ_005879",2,"+",2,2,40,40,"my_test_sample",2,0,0,1,"GTAG",NA,"ANCHOR_UNIQUE,CANONICAL,CIRCULAR,PERFECT_EXT,UNAMBIGUOUS_BP"
"2139","17",74588500,74588673,"hsa_circ_005881",2,"-",1,2,5,5,"my_test_sample",2,2,0,1,"GTAG",NA,"ANCHOR_UNIQUE,CANONICAL,CIRCULAR,OK_EXT,UNAMBIGUOUS_BP"
"2140","2",6760213,6760443,"hsa_circ_005882",2,"+",1,2,4,5,"my_test_sample",2,0,0,1,"GTAG",NA,"ANCHOR_UNIQUE,CANONICAL,CIRCULAR,PERFECT_EXT,UNAMBIGUOUS_BP"
"2141","X",152901878,152902054,"hsa_circ_005883",2,"+",1,2,5,5,"my_test_sample",2,1,0,1,"GTAG",NA,"ANCHOR_UNIQUE,CANONICAL,CIRCULAR,GOOD_EXT,UNAMBIGUOUS_BP"
"2142","6",22809314,22809484,"hsa_circ_005887",3,"+",1,3,5,40,"my_test_sample",3,2,0,1,"GTAG",NA,"ANCHOR_UNIQUE,CANONICAL,CIRCULAR,OK_EXT,UNAMBIGUOUS_BP"
"2143","5",6042866,6043216,"hsa_circ_005889",2,"+",1,2,5,5,"my_test_sample",2,1,0,1,"GTAG",NA,"ANCHOR_UNIQUE,CANONICAL,CIRCULAR,GOOD_EXT,UNAMBIGUOUS_BP"
"2144","11",43452085,43452436,"hsa_circ_005891",3,"+",1,3,5,40,"my_test_sample",3,0,0,1,"GTAG",NA,"ANCHOR_UNIQUE,CANONICAL,CIRCULAR,PERFECT_EXT,UNAMBIGUOUS_BP"
"2145","3",115253184,115253363,"hsa_circ_005892",2,"+",1,2,5,40,"my_test_sample",2,2,0,1,"GTAG",NA,"ANCHOR_UNIQUE,CANONICAL,CIRCULAR,OK_EXT,UNAMBIGUOUS_BP"
"2146","12",128024810,128024971,"hsa_circ_005896",4,"+",3,4,40,40,"my_test_sample",4,0,0,1,"GTAG",NA,"ANCHOR_UNIQUE,CANONICAL,CIRCULAR,PERFECT_EXT,UNAMBIGUOUS_BP"
"2147","18",28934308,28934458,"hsa_circ_005902",2,"-",2,2,40,4,"my_test_sample",2,1,0,1,"GTAG",NA,"ANCHOR_UNIQUE,CANONICAL,CIRCULAR,GOOD_EXT,UNAMBIGUOUS_BP"
"2148","8",42692874,42693068,"hsa_circ_005904",6,"+",1,6,5,5,"my_test_sample",6,1,0,1,"GTAG",NA,"ANCHOR_UNIQUE,CANONICAL,CIRCULAR,GOOD_EXT,UNAMBIGUOUS_BP"
"2149","7",139065218,139065516,"hsa_circ_005907",3,"-",1,3,5,40,"my_test_sample",3,1,0,1,"GTAG",NA,"ANCHOR_UNIQUE,CANONICAL,CIRCULAR,GOOD_EXT,UNAMBIGUOUS_BP"
"2150","19",55453463,55453659,"hsa_circ_005908",3,"-",2,3,40,5,"my_test_sample",3,0,0,1,"GTAG",NA,"ANCHOR_UNIQUE,CANONICAL,CIRCULAR,PERFECT_EXT,UNAMBIGUOUS_BP"
"2151","5",39661074,39661296,"hsa_circ_005910",2,"-",1,2,5,40,"my_test_sample",2,2,0,1,"GTAG",NA,"ANCHOR_UNIQUE,CANONICAL,CIRCULAR,OK_EXT,UNAMBIGUOUS_BP"
"2152","3",17926380,17926547,"hsa_circ_005911",3,"+",1,3,40,40,"my_test_sample",3,1,0,1,"GTAG",NA,"ANCHOR_UNIQUE,CANONICAL,CIRCULAR,GOOD_EXT,UNAMBIGUOUS_BP"
"2153","9",84179603,84179800,"hsa_circ_005912",6,"-",1,6,5,40,"my_test_sample",6,2,0,1,"GTAG",NA,"ANCHOR_UNIQUE,CANONICAL,CIRCULAR,OK_EXT,UNAMBIGUOUS_BP"
"2154","1",5237209,5237375,"hsa_circ_005917",2,"-",1,2,40,5,"my_test_sample",2,0,2,1,"GTAG",NA,"ANCHOR_UNIQUE,CANONICAL,CIRCULAR,OK_EXT,UNAMBIGUOUS_BP"
"2155","10",59591122,59591288,"hsa_circ_005919",2,"-",1,2,40,5,"my_test_sample",2,0,0,1,"GTAG",NA,"ANCHOR_UNIQUE,CANONICAL,CIRCULAR,PERFECT_EXT,UNAMBIGUOUS_BP"
"2156","19",30171745,30171895,"hsa_circ_005921",2,"-",1,2,40,5,"my_test_sample",2,0,0,1,"GTAG",NA,"ANCHOR_UNIQUE,CANONICAL,CIRCULAR,PERFECT_EXT,UNAMBIGUOUS_BP"
"2157","9",27873869,27874042,"hsa_circ_005923",2,"+",2,2,37,40,"my_test_sample",2,2,0,1,"GTAG",NA,"ANCHOR_UNIQUE,CANONICAL,CIRCULAR,OK_EXT,UNAMBIGUOUS_BP"
"2158","16",15536066,15536225,"hsa_circ_005924",2,"+",1,2,37,5,"my_test_sample",2,1,0,1,"GTAG",NA,"ANCHOR_UNIQUE,CANONICAL,CIRCULAR,GOOD_EXT,UNAMBIGUOUS_BP"
"2159","8",119928399,119929938,"hsa_circ_005925",2,"+",1,2,5,40,"my_test_sample",2,0,0,1,"GTAG",NA,"ANCHOR_UNIQUE,CANONICAL,CIRCULAR,PERFECT_EXT,UNAMBIGUOUS_BP"
"2160","2",115230961,115231706,"hsa_circ_005926",2,"+",1,2,5,40,"my_test_sample",2,1,0,1,"GTAG",NA,"ANCHOR_UNIQUE,CANONICAL,CIRCULAR,GOOD_EXT,UNAMBIGUOUS_BP"
"2161","6",108574764,108575018,"hsa_circ_005927",2,"+",1,2,40,35,"my_test_sample",2,2,0,1,"GTAG",NA,"ANCHOR_UNIQUE,CANONICAL,CIRCULAR,OK_EXT,UNAMBIGUOUS_BP"
"2162","16",8566670,8566820,"hsa_circ_005929",2,"-",2,2,5,37,"my_test_sample",2,1,0,1,"GTAG",NA,"ANCHOR_UNIQUE,CANONICAL,CIRCULAR,GOOD_EXT,UNAMBIGUOUS_BP"
"2163","9",70613296,70613503,"hsa_circ_005930",3,"+",1,3,5,40,"my_test_sample",3,1,0,1,"GTAG",NA,"ANCHOR_UNIQUE,CANONICAL,CIRCULAR,GOOD_EXT,UNAMBIGUOUS_BP"
"2164","11",121104906,121105089,"hsa_circ_005935",2,"+",1,2,5,5,"my_test_sample",2,0,0,1,"GTAG",NA,"ANCHOR_UNIQUE,CANONICAL,CIRCULAR,PERFECT_EXT,UNAMBIGUOUS_BP"
"2165","3",148698819,148698971,"hsa_circ_005936",2,"+",1,2,40,5,"my_test_sample",2,2,0,1,"GTAG",NA,"ANCHOR_UNIQUE,CANONICAL,CIRCULAR,OK_EXT,UNAMBIGUOUS_BP"
"2166","7",134760529,134760879,"hsa_circ_005937",3,"+",2,3,5,5,"my_test_sample",3,1,0,1,"GTAG",NA,"ANCHOR_UNIQUE,CANONICAL,CIRCULAR,GOOD_EXT,UNAMBIGUOUS_BP"
"2167","7",107359772,107359982,"hsa_circ_005941",2,"-",2,2,5,4,"my_test_sample",2,0,0,1,"GTAG",NA,"ANCHOR_UNIQUE,CANONICAL,CIRCULAR,PERFECT_EXT,UNAMBIGUOUS_BP"
"2168","17",12873026,12873177,"hsa_circ_005944",2,"+",2,1,40,2,"my_test_sample",2,1,0,1,"GTAG",NA,"ANCHOR_UNIQUE,CANONICAL,CIRCULAR,GOOD_EXT,UNAMBIGUOUS_BP"
"2169","4",25147687,25147966,"hsa_circ_005953",2,"+",2,2,40,5,"my_test_sample",2,0,0,1,"GTAG",NA,"ANCHOR_UNIQUE,CANONICAL,CIRCULAR,PERFECT_EXT,UNAMBIGUOUS_BP"
"2170","7",137320942,137321101,"hsa_circ_005954",2,"-",2,2,5,40,"my_test_sample",2,1,0,1,"GTAG",NA,"ANCHOR_UNIQUE,CANONICAL,CIRCULAR,GOOD_EXT,UNAMBIGUOUS_BP"
"2171","8",21946337,21946518,"hsa_circ_005955",2,"+",2,2,40,5,"my_test_sample",2,0,0,1,"GTAG",NA,"ANCHOR_UNIQUE,CANONICAL,CIRCULAR,PERFECT_EXT,UNAMBIGUOUS_BP"
"2172","10",77853353,77854370,"hsa_circ_005959",2,"-",1,2,40,40,"my_test_sample",2,0,0,1,"GTAG",NA,"ANCHOR_UNIQUE,CANONICAL,CIRCULAR,PERFECT_EXT,UNAMBIGUOUS_BP"
"2173","19",20897952,20898104,"hsa_circ_005961",2,"-",2,2,40,40,"my_test_sample",2,0,0,1,"GTAG",NA,"ANCHOR_UNIQUE,CANONICAL,CIRCULAR,PERFECT_EXT,UNAMBIGUOUS_BP"
"2174","5",139738482,139738643,"hsa_circ_005962",2,"+",1,2,5,40,"my_test_sample",2,0,0,1,"GTAG",NA,"ANCHOR_UNIQUE,CANONICAL,CIRCULAR,PERFECT_EXT,UNAMBIGUOUS_BP"
"2175","3",183157761,183157993,"hsa_circ_005963",2,"+",2,2,40,5,"my_test_sample",2,1,0,1,"GTAG",NA,"ANCHOR_UNIQUE,CANONICAL,CIRCULAR,GOOD_EXT,UNAMBIGUOUS_BP"
"2176","5",97339861,97340047,"hsa_circ_005968",2,"+",1,2,5,35,"my_test_sample",2,1,0,1,"GTAG",NA,"ANCHOR_UNIQUE,CANONICAL,CIRCULAR,GOOD_EXT,UNAMBIGUOUS_BP"
"2177","6",103540213,103540439,"hsa_circ_005972",2,"-",2,2,5,5,"my_test_sample",2,0,0,1,"GTAG",NA,"ANCHOR_UNIQUE,CANONICAL,CIRCULAR,PERFECT_EXT,UNAMBIGUOUS_BP"
"2178","14",56712550,56712733,"hsa_circ_005974",6,"+",1,6,40,5,"my_test_sample",6,1,0,1,"GTAG",NA,"ANCHOR_UNIQUE,CANONICAL,CIRCULAR,GOOD_EXT,UNAMBIGUOUS_BP"
"2179","1",156074965,156075133,"hsa_circ_005977",2,"-",1,2,40,5,"my_test_sample",2,2,0,1,"GTAG",NA,"ANCHOR_UNIQUE,CANONICAL,CIRCULAR,OK_EXT,UNAMBIGUOUS_BP"
"2180","2",126565790,126567308,"hsa_circ_005978",2,"+",1,2,5,40,"my_test_sample",2,2,0,1,"GTAG",NA,"ANCHOR_UNIQUE,CANONICAL,CIRCULAR,OK_EXT,UNAMBIGUOUS_BP"
"2181","20",33628349,33629914,"hsa_circ_005980",2,"+",1,2,40,5,"my_test_sample",2,0,0,1,"GTAG",NA,"ANCHOR_UNIQUE,CANONICAL,CIRCULAR,PERFECT_EXT,UNAMBIGUOUS_BP"
"2182","16",49582044,49582206,"hsa_circ_005981",2,"-",1,2,40,5,"my_test_sample",2,0,0,1,"GTAG",NA,"ANCHOR_UNIQUE,CANONICAL,CIRCULAR,PERFECT_EXT,UNAMBIGUOUS_BP"
"2183","14",102040235,102040673,"hsa_circ_005983",2,"+",1,2,40,5,"my_test_sample",2,0,0,1,"GTAG",NA,"ANCHOR_UNIQUE,CANONICAL,CIRCULAR,PERFECT_EXT,UNAMBIGUOUS_BP"
"2184","X",2572102,2572402,"hsa_circ_005992",2,"-",1,2,5,40,"my_test_sample",2,0,0,1,"GTAG",NA,"ANCHOR_UNIQUE,CANONICAL,CIRCULAR,PERFECT_EXT,UNAMBIGUOUS_BP"
"2185","11",128821731,128821894,"hsa_circ_005994",3,"-",2,3,40,40,"my_test_sample",3,0,0,1,"GTAG",NA,"ANCHOR_UNIQUE,CANONICAL,CIRCULAR,PERFECT_EXT,UNAMBIGUOUS_BP"
"2186","9",87873275,87873437,"hsa_circ_005998",3,"+",1,3,40,5,"my_test_sample",3,0,1,1,"GTAG",NA,"ANCHOR_UNIQUE,CANONICAL,CIRCULAR,GOOD_EXT,UNAMBIGUOUS_BP"
"2187","5",24616758,24617118,"hsa_circ_005999",3,"-",1,3,5,5,"my_test_sample",3,2,0,1,"GTAG",NA,"ANCHOR_UNIQUE,CANONICAL,CIRCULAR,OK_EXT,UNAMBIGUOUS_BP"
"2188","6",125543051,125543220,"hsa_circ_006000",3,"+",2,3,40,40,"my_test_sample",3,0,0,1,"GTAG",NA,"ANCHOR_UNIQUE,CANONICAL,CIRCULAR,PERFECT_EXT,UNAMBIGUOUS_BP"
"2189","17",78134000,78134164,"hsa_circ_006001",2,"+",2,2,5,5,"my_test_sample",2,0,0,1,"GTAG",NA,"ANCHOR_UNIQUE,CANONICAL,CIRCULAR,PERFECT_EXT,UNAMBIGUOUS_BP"
"2190","17",47305103,47305274,"hsa_circ_006002",4,"-",2,4,5,40,"my_test_sample",4,1,0,1,"GTAG",NA,"ANCHOR_UNIQUE,CANONICAL,CIRCULAR,GOOD_EXT,UNAMBIGUOUS_BP"
"2191","X",153515385,153515637,"hsa_circ_006003",2,"-",1,2,5,5,"my_test_sample",2,0,0,1,"GTAG",NA,"ANCHOR_UNIQUE,CANONICAL,CIRCULAR,PERFECT_EXT,UNAMBIGUOUS_BP"
"2192","10",13670405,13675044,"hsa_circ_006008",2,"-",1,2,35,35,"my_test_sample",2,0,0,1,"GTAG",NA,"ANCHOR_UNIQUE,CANONICAL,CIRCULAR,PERFECT_EXT,UNAMBIGUOUS_BP"
"2193","11",68966228,68966385,"hsa_circ_006010",2,"+",1,2,5,5,"my_test_sample",2,2,0,1,"GTAG",NA,"ANCHOR_UNIQUE,CANONICAL,CIRCULAR,OK_EXT,UNAMBIGUOUS_BP"
"2194","3",18375233,18375433,"hsa_circ_006012",2,"+",2,2,5,40,"my_test_sample",2,0,0,1,"GTAG",NA,"ANCHOR_UNIQUE,CANONICAL,CIRCULAR,PERFECT_EXT,UNAMBIGUOUS_BP"
"2195","12",18492840,18493032,"hsa_circ_006014",3,"-",2,3,40,5,"my_test_sample",3,0,0,1,"GTAG",NA,"ANCHOR_UNIQUE,CANONICAL,CIRCULAR,PERFECT_EXT,UNAMBIGUOUS_BP"
"2196","19",53898060,53898216,"hsa_circ_006017",2,"-",2,2,5,40,"my_test_sample",2,1,0,1,"GTAG",NA,"ANCHOR_UNIQUE,CANONICAL,CIRCULAR,GOOD_EXT,UNAMBIGUOUS_BP"
"2197","12",51755992,51756196,"hsa_circ_006018",2,"-",2,2,40,5,"my_test_sample",2,1,0,1,"GTAG",NA,"ANCHOR_UNIQUE,CANONICAL,CIRCULAR,GOOD_EXT,UNAMBIGUOUS_BP"
"2198","2",172065603,172073455,"hsa_circ_006022",2,"+",2,2,5,5,"my_test_sample",2,0,0,1,"GTAG",NA,"ANCHOR_UNIQUE,CANONICAL,CIRCULAR,PERFECT_EXT,UNAMBIGUOUS_BP"
"2199","10",71655346,71655511,"hsa_circ_006023",2,"-",2,2,40,40,"my_test_sample",2,2,0,1,"GTAG",NA,"ANCHOR_UNIQUE,CANONICAL,CIRCULAR,OK_EXT,UNAMBIGUOUS_BP"
"2200","16",73912829,73912980,"hsa_circ_006024",3,"-",1,3,40,5,"my_test_sample",3,0,0,1,"GTAG",NA,"ANCHOR_UNIQUE,CANONICAL,CIRCULAR,PERFECT_EXT,UNAMBIGUOUS_BP"
"2201","5",154171456,154171611,"hsa_circ_006026",2,"+",2,2,37,40,"my_test_sample",2,1,0,1,"GTAG",NA,"ANCHOR_UNIQUE,CANONICAL,CIRCULAR,GOOD_EXT,UNAMBIGUOUS_BP"
"2202","7",3527603,3527771,"hsa_circ_006030",2,"+",2,1,40,5,"my_test_sample",2,0,0,1,"GTAG",NA,"ANCHOR_UNIQUE,CANONICAL,CIRCULAR,PERFECT_EXT,UNAMBIGUOUS_BP"
"2203","9",105232179,105232341,"hsa_circ_006032",2,"+",1,2,40,40,"my_test_sample",2,1,0,1,"GTAG",NA,"ANCHOR_UNIQUE,CANONICAL,CIRCULAR,GOOD_EXT,UNAMBIGUOUS_BP"
"2204","2",160898760,160898955,"hsa_circ_006033",2,"-",2,2,5,5,"my_test_sample",2,0,0,1,"GTAG",NA,"ANCHOR_UNIQUE,CANONICAL,CIRCULAR,PERFECT_EXT,UNAMBIGUOUS_BP"
"2205","12",64070648,64070812,"hsa_circ_006037",3,"+",2,3,40,5,"my_test_sample",3,1,0,1,"GTAG",NA,"ANCHOR_UNIQUE,CANONICAL,CIRCULAR,GOOD_EXT,UNAMBIGUOUS_BP"
"2206","9",72866755,72866911,"hsa_circ_006039",3,"-",1,3,5,5,"my_test_sample",3,1,0,1,"GTAG",NA,"ANCHOR_UNIQUE,CANONICAL,CIRCULAR,GOOD_EXT,UNAMBIGUOUS_BP"
"2207","15",101366195,101370523,"hsa_circ_006041",6,"-",2,6,40,40,"my_test_sample",6,0,0,1,"GTAG",NA,"ANCHOR_UNIQUE,CANONICAL,CIRCULAR,PERFECT_EXT,UNAMBIGUOUS_BP"
"2208","8",54902869,54903042,"hsa_circ_006043",2,"+",1,2,40,5,"my_test_sample",2,0,0,1,"GTAG",NA,"ANCHOR_UNIQUE,CANONICAL,CIRCULAR,PERFECT_EXT,UNAMBIGUOUS_BP"
"2209","7",23940803,23941022,"hsa_circ_006046",4,"+",1,4,5,40,"my_test_sample",4,2,1,1,"GTAG",NA,"ANCHOR_UNIQUE,CANONICAL,CIRCULAR,OK_EXT,UNAMBIGUOUS_BP"
"2210","17",74557418,74557652,"hsa_circ_006054",2,"+",2,2,5,5,"my_test_sample",2,1,0,1,"GTAG",NA,"ANCHOR_UNIQUE,CANONICAL,CIRCULAR,GOOD_EXT,UNAMBIGUOUS_BP"
"2211","18",21486422,21486701,"hsa_circ_006060",2,"-",2,2,5,40,"my_test_sample",2,0,0,1,"GTAG",NA,"ANCHOR_UNIQUE,CANONICAL,CIRCULAR,PERFECT_EXT,UNAMBIGUOUS_BP"
"2212","20",19498978,19499136,"hsa_circ_006062",2,"-",2,2,40,40,"my_test_sample",2,1,0,1,"GTAG",NA,"ANCHOR_UNIQUE,CANONICAL,CIRCULAR,GOOD_EXT,UNAMBIGUOUS_BP"
"2213","2",199361522,199361689,"hsa_circ_006064",3,"-",3,3,5,40,"my_test_sample",3,1,0,1,"GTAG",NA,"ANCHOR_UNIQUE,CANONICAL,CIRCULAR,GOOD_EXT,UNAMBIGUOUS_BP"
"2214","20",7972389,7972576,"hsa_circ_006066",2,"+",2,2,40,5,"my_test_sample",2,0,0,1,"GTAG",NA,"ANCHOR_UNIQUE,CANONICAL,CIRCULAR,PERFECT_EXT,UNAMBIGUOUS_BP"
"2215","4",89634135,89634495,"hsa_circ_006067",5,"+",1,5,5,5,"my_test_sample",5,2,0,1,"GTAG",NA,"ANCHOR_UNIQUE,CANONICAL,CIRCULAR,OK_EXT,UNAMBIGUOUS_BP"
"2216","1",216790123,216790279,"hsa_circ_006069",2,"+",1,2,5,40,"my_test_sample",2,0,0,1,"GTAG",NA,"ANCHOR_UNIQUE,CANONICAL,CIRCULAR,PERFECT_EXT,UNAMBIGUOUS_BP"
"2217","1",113799271,113799438,"hsa_circ_006072",2,"+",1,2,5,5,"my_test_sample",2,0,0,1,"GTAG",NA,"ANCHOR_UNIQUE,CANONICAL,CIRCULAR,PERFECT_EXT,UNAMBIGUOUS_BP"
"2218","22",21710169,21710335,"hsa_circ_006074",3,"-",1,3,35,40,"my_test_sample",3,1,0,1,"GTAG",NA,"ANCHOR_UNIQUE,CANONICAL,CIRCULAR,GOOD_EXT,UNAMBIGUOUS_BP"
"2219","1",227022795,227023001,"hsa_circ_006076",4,"-",1,4,5,5,"my_test_sample",4,1,0,1,"GTAG",NA,"ANCHOR_UNIQUE,CANONICAL,CIRCULAR,GOOD_EXT,UNAMBIGUOUS_BP"
"2220","1",15923545,15923705,"hsa_circ_006080",2,"+",1,2,40,5,"my_test_sample",2,2,0,1,"GTAG",NA,"ANCHOR_UNIQUE,CANONICAL,CIRCULAR,OK_EXT,UNAMBIGUOUS_BP"
"2221","19",34688515,34688709,"hsa_circ_006083",4,"+",4,4,5,40,"my_test_sample",4,2,0,1,"GTAG",NA,"ANCHOR_UNIQUE,CANONICAL,CIRCULAR,OK_EXT,UNAMBIGUOUS_BP"
"2222","11",13338673,13338899,"hsa_circ_006089",5,"+",2,5,40,5,"my_test_sample",5,1,0,1,"GTAG",NA,"ANCHOR_UNIQUE,CANONICAL,CIRCULAR,GOOD_EXT,UNAMBIGUOUS_BP"
"2223","14",76130663,76130820,"hsa_circ_006094",2,"-",1,2,40,5,"my_test_sample",2,1,0,1,"GTAG",NA,"ANCHOR_UNIQUE,CANONICAL,CIRCULAR,GOOD_EXT,UNAMBIGUOUS_BP"
"2224","16",1955160,1955366,"hsa_circ_006098",2,"-",1,2,4,5,"my_test_sample",2,2,0,1,"GTAG",NA,"ANCHOR_UNIQUE,CANONICAL,CIRCULAR,OK_EXT,UNAMBIGUOUS_BP"
"2225","6",151803685,151803838,"hsa_circ_006099",2,"+",2,2,40,40,"my_test_sample",2,0,0,1,"GTAG",NA,"ANCHOR_UNIQUE,CANONICAL,CIRCULAR,PERFECT_EXT,UNAMBIGUOUS_BP"
"2226","20",39904703,39904859,"hsa_circ_006101",2,"+",1,2,5,40,"my_test_sample",2,0,0,1,"GTAG",NA,"ANCHOR_UNIQUE,CANONICAL,CIRCULAR,PERFECT_EXT,UNAMBIGUOUS_BP"
"2227","12",123340810,123341062,"hsa_circ_006107",3,"-",2,3,35,4,"my_test_sample",3,1,0,1,"GTAG",NA,"ANCHOR_UNIQUE,CANONICAL,CIRCULAR,GOOD_EXT,UNAMBIGUOUS_BP"
"2228","11",67689027,67689181,"hsa_circ_006108",2,"+",2,2,40,5,"my_test_sample",2,1,0,1,"GTAG",NA,"ANCHOR_UNIQUE,CANONICAL,CIRCULAR,GOOD_EXT,UNAMBIGUOUS_BP"
"2229","X",68638074,68638234,"hsa_circ_006109",2,"-",2,2,40,40,"my_test_sample",2,0,0,1,"GTAG",NA,"ANCHOR_UNIQUE,CANONICAL,CIRCULAR,PERFECT_EXT,UNAMBIGUOUS_BP"
"2230","7",113182864,113183137,"hsa_circ_006110",2,"-",1,2,5,40,"my_test_sample",2,1,0,1,"GTAG",NA,"ANCHOR_UNIQUE,CANONICAL,CIRCULAR,GOOD_EXT,UNAMBIGUOUS_BP"
"2231","1",19647845,19648022,"hsa_circ_006112",2,"+",1,2,4,40,"my_test_sample",2,2,0,1,"GTAG",NA,"ANCHOR_UNIQUE,CANONICAL,CIRCULAR,OK_EXT,UNAMBIGUOUS_BP"
"2232","8",34797061,34797322,"hsa_circ_006114",3,"-",1,3,40,5,"my_test_sample",3,0,0,1,"GTAG",NA,"ANCHOR_UNIQUE,CANONICAL,CIRCULAR,PERFECT_EXT,UNAMBIGUOUS_BP"
"2233","12",81488420,81488627,"hsa_circ_006122",2,"-",1,2,40,5,"my_test_sample",2,0,0,1,"GTAG",NA,"ANCHOR_UNIQUE,CANONICAL,CIRCULAR,PERFECT_EXT,UNAMBIGUOUS_BP"
"2234","7",156516782,156516946,"hsa_circ_006123",2,"+",1,2,5,5,"my_test_sample",2,0,0,1,"GTAG",NA,"ANCHOR_UNIQUE,CANONICAL,CIRCULAR,PERFECT_EXT,UNAMBIGUOUS_BP"
"2235","X",110962114,110962264,"hsa_circ_006124",2,"-",1,2,40,40,"my_test_sample",2,2,0,1,"GTAG",NA,"ANCHOR_UNIQUE,CANONICAL,CIRCULAR,OK_EXT,UNAMBIGUOUS_BP"
"2236","1",228535495,228535701,"hsa_circ_006125",2,"+",2,1,5,40,"my_test_sample",2,0,0,1,"GTAG",NA,"ANCHOR_UNIQUE,CANONICAL,CIRCULAR,PERFECT_EXT,UNAMBIGUOUS_BP"
"2237","11",7868672,7868864,"hsa_circ_006126",2,"-",1,2,40,40,"my_test_sample",2,2,0,1,"GTAG",NA,"ANCHOR_UNIQUE,CANONICAL,CIRCULAR,OK_EXT,UNAMBIGUOUS_BP"
"2238","12",51073822,51074082,"hsa_circ_006127",6,"-",2,6,40,40,"my_test_sample",6,0,0,1,"GTAG",NA,"ANCHOR_UNIQUE,CANONICAL,CIRCULAR,PERFECT_EXT,UNAMBIGUOUS_BP"
"2239","2",31821669,31821842,"hsa_circ_006131",2,"+",2,2,37,5,"my_test_sample",2,1,0,1,"GTAG",NA,"ANCHOR_UNIQUE,CANONICAL,CIRCULAR,GOOD_EXT,UNAMBIGUOUS_BP"
"2240","13",31917062,31917247,"hsa_circ_006134",3,"+",2,3,5,40,"my_test_sample",3,1,0,1,"GTAG",NA,"ANCHOR_UNIQUE,CANONICAL,CIRCULAR,GOOD_EXT,UNAMBIGUOUS_BP"
"2241","X",28814199,28814352,"hsa_circ_006135",4,"+",2,4,40,40,"my_test_sample",4,1,0,1,"GTAG",NA,"ANCHOR_UNIQUE,CANONICAL,CIRCULAR,GOOD_EXT,UNAMBIGUOUS_BP"
"2242","X",67982598,67982772,"hsa_circ_006143",3,"-",1,3,5,5,"my_test_sample",3,0,0,1,"GTAG",NA,"ANCHOR_UNIQUE,CANONICAL,CIRCULAR,PERFECT_EXT,UNAMBIGUOUS_BP"
"2243","10",65288046,65288278,"hsa_circ_006151",2,"-",1,2,5,5,"my_test_sample",2,0,0,1,"GTAG",NA,"ANCHOR_UNIQUE,CANONICAL,CIRCULAR,PERFECT_EXT,UNAMBIGUOUS_BP"
"2244","9",36404043,36404377,"hsa_circ_006157",2,"+",1,2,40,5,"my_test_sample",2,1,0,1,"GTAG",NA,"ANCHOR_UNIQUE,CANONICAL,CIRCULAR,GOOD_EXT,UNAMBIGUOUS_BP"
"2245","10",30897545,30897880,"hsa_circ_006158",2,"-",2,2,5,40,"my_test_sample",2,0,0,1,"GTAG",NA,"ANCHOR_UNIQUE,CANONICAL,CIRCULAR,PERFECT_EXT,UNAMBIGUOUS_BP"
"2246","20",38215275,38215442,"hsa_circ_006160",2,"-",1,2,5,40,"my_test_sample",2,0,0,1,"GTAG",NA,"ANCHOR_UNIQUE,CANONICAL,CIRCULAR,PERFECT_EXT,UNAMBIGUOUS_BP"
"2247","11",1288623,1295794,"hsa_circ_006162",3,"-",1,3,40,5,"my_test_sample",3,0,0,1,"GTAG",NA,"ANCHOR_UNIQUE,CANONICAL,CIRCULAR,PERFECT_EXT,UNAMBIGUOUS_BP"
"2248","7",8425060,8425215,"hsa_circ_006163",2,"+",1,2,40,5,"my_test_sample",2,0,0,1,"GTAG",NA,"ANCHOR_UNIQUE,CANONICAL,CIRCULAR,PERFECT_EXT,UNAMBIGUOUS_BP"
"2249","3",39192024,39192216,"hsa_circ_006165",2,"-",2,2,5,5,"my_test_sample",2,1,0,1,"GTAG",NA,"ANCHOR_UNIQUE,CANONICAL,CIRCULAR,GOOD_EXT,UNAMBIGUOUS_BP"
"2250","14",42856568,42856754,"hsa_circ_006167",3,"-",2,3,40,5,"my_test_sample",3,2,0,1,"GTAG",NA,"ANCHOR_UNIQUE,CANONICAL,CIRCULAR,OK_EXT,UNAMBIGUOUS_BP"
"2251","11",110703941,110704169,"hsa_circ_006168",2,"-",1,2,40,5,"my_test_sample",2,0,0,1,"GTAG",NA,"ANCHOR_UNIQUE,CANONICAL,CIRCULAR,PERFECT_EXT,UNAMBIGUOUS_BP"
"2252","19",38251810,38251960,"hsa_circ_006169",2,"+",2,2,2,40,"my_test_sample",2,1,0,1,"GTAG",NA,"ANCHOR_UNIQUE,CANONICAL,CIRCULAR,GOOD_EXT,UNAMBIGUOUS_BP"
"2253","20",19494544,19494727,"hsa_circ_006170",2,"-",1,2,40,40,"my_test_sample",2,0,0,1,"GTAG",NA,"ANCHOR_UNIQUE,CANONICAL,CIRCULAR,PERFECT_EXT,UNAMBIGUOUS_BP"
"2254","4",1349182,1349346,"hsa_circ_006172",5,"+",1,5,5,5,"my_test_sample",5,0,0,1,"GTAG",NA,"ANCHOR_UNIQUE,CANONICAL,CIRCULAR,PERFECT_EXT,UNAMBIGUOUS_BP"
"2255","15",47796030,47796190,"hsa_circ_006173",2,"-",1,2,40,40,"my_test_sample",2,2,0,1,"GTAG",NA,"ANCHOR_UNIQUE,CANONICAL,CIRCULAR,OK_EXT,UNAMBIGUOUS_BP"
"2256","X",82107957,82108107,"hsa_circ_006174",3,"-",1,3,40,40,"my_test_sample",3,0,0,1,"GTAG",NA,"ANCHOR_UNIQUE,CANONICAL,CIRCULAR,PERFECT_EXT,UNAMBIGUOUS_BP"
"2257","22",40058684,40058836,"hsa_circ_006175",5,"-",2,5,5,40,"my_test_sample",5,1,0,1,"GTAG",NA,"ANCHOR_UNIQUE,CANONICAL,CIRCULAR,GOOD_EXT,UNAMBIGUOUS_BP"
"2258","19",47243606,47243756,"hsa_circ_006185",2,"-",1,2,5,5,"my_test_sample",2,2,0,1,"GTAG",NA,"ANCHOR_UNIQUE,CANONICAL,CIRCULAR,OK_EXT,UNAMBIGUOUS_BP"
"2259","3",40764229,40764400,"hsa_circ_006187",2,"+",1,2,40,5,"my_test_sample",2,2,0,1,"GTAG",NA,"ANCHOR_UNIQUE,CANONICAL,CIRCULAR,OK_EXT,UNAMBIGUOUS_BP"
"2260","9",120646918,120647122,"hsa_circ_006188",4,"+",2,4,5,40,"my_test_sample",4,2,0,1,"GTAG",NA,"ANCHOR_UNIQUE,CANONICAL,CIRCULAR,OK_EXT,UNAMBIGUOUS_BP"
"2261","6",161161885,161162063,"hsa_circ_006189",2,"-",1,2,40,5,"my_test_sample",2,2,0,1,"GTAG",NA,"ANCHOR_UNIQUE,CANONICAL,CIRCULAR,OK_EXT,UNAMBIGUOUS_BP"
"2262","11",42416301,42416492,"hsa_circ_006190",2,"-",1,2,40,40,"my_test_sample",2,0,0,1,"GTAG",NA,"ANCHOR_UNIQUE,CANONICAL,CIRCULAR,PERFECT_EXT,UNAMBIGUOUS_BP"
"2263","1",156697073,156697341,"hsa_circ_006192",2,"+",2,2,40,5,"my_test_sample",2,1,0,1,"GTAG",NA,"ANCHOR_UNIQUE,CANONICAL,CIRCULAR,GOOD_EXT,UNAMBIGUOUS_BP"
"2264","16",88807021,88807243,"hsa_circ_006194",3,"-",2,3,5,37,"my_test_sample",3,0,1,1,"GTAG",NA,"ANCHOR_UNIQUE,CANONICAL,CIRCULAR,GOOD_EXT,UNAMBIGUOUS_BP"
"2265","10",102037686,102037837,"hsa_circ_006195",3,"-",2,3,40,40,"my_test_sample",3,0,0,1,"GTAG",NA,"ANCHOR_UNIQUE,CANONICAL,CIRCULAR,PERFECT_EXT,UNAMBIGUOUS_BP"
"2266","11",73831269,73831469,"hsa_circ_006196",3,"+",2,3,40,5,"my_test_sample",3,0,0,1,"GTAG",NA,"ANCHOR_UNIQUE,CANONICAL,CIRCULAR,PERFECT_EXT,UNAMBIGUOUS_BP"
"2267","14",52393636,52393786,"hsa_circ_006197",2,"-",1,2,5,40,"my_test_sample",2,1,0,1,"GTAG",NA,"ANCHOR_UNIQUE,CANONICAL,CIRCULAR,GOOD_EXT,UNAMBIGUOUS_BP"
"2268","5",113212827,113212996,"hsa_circ_006200",4,"-",2,4,5,40,"my_test_sample",4,1,0,1,"GTAG",NA,"ANCHOR_UNIQUE,CANONICAL,CIRCULAR,GOOD_EXT,UNAMBIGUOUS_BP"
"2269","1",230104206,230104370,"hsa_circ_006206",4,"+",1,4,5,5,"my_test_sample",4,1,0,1,"GTAG",NA,"ANCHOR_UNIQUE,CANONICAL,CIRCULAR,GOOD_EXT,UNAMBIGUOUS_BP"
"2270","12",2462230,2462369,"hsa_circ_006207",2,"-",2,2,35,40,"my_test_sample",2,1,0,1,"GTAG",NA,"ANCHOR_UNIQUE,CANONICAL,CIRCULAR,GOOD_EXT,UNAMBIGUOUS_BP"
"2271","3",27755908,27756246,"hsa_circ_006209",2,"+",1,2,5,5,"my_test_sample",2,2,0,1,"GTAG",NA,"ANCHOR_UNIQUE,CANONICAL,CIRCULAR,OK_EXT,UNAMBIGUOUS_BP"
"2272","11",2042134,2042286,"hsa_circ_006211",2,"-",1,2,5,40,"my_test_sample",2,2,0,1,"GTAG",NA,"ANCHOR_UNIQUE,CANONICAL,CIRCULAR,OK_EXT,UNAMBIGUOUS_BP"
"2273","X",17769915,17770070,"hsa_circ_006212",2,"+",2,2,40,5,"my_test_sample",2,0,0,1,"GTAG",NA,"ANCHOR_UNIQUE,CANONICAL,CIRCULAR,PERFECT_EXT,UNAMBIGUOUS_BP"
"2274","3",155169661,155169868,"hsa_circ_006213",2,"+",2,1,40,40,"my_test_sample",2,0,0,1,"GTAG",NA,"ANCHOR_UNIQUE,CANONICAL,CIRCULAR,PERFECT_EXT,UNAMBIGUOUS_BP"
"2275","15",70630270,70630421,"hsa_circ_006222",2,"+",1,2,5,40,"my_test_sample",2,1,0,1,"GTAG",NA,"ANCHOR_UNIQUE,CANONICAL,CIRCULAR,GOOD_EXT,UNAMBIGUOUS_BP"
"2276","2",74908660,74908810,"hsa_circ_006229",2,"-",2,2,5,5,"my_test_sample",2,1,0,1,"GTAG",NA,"ANCHOR_UNIQUE,CANONICAL,CIRCULAR,GOOD_EXT,UNAMBIGUOUS_BP"
"2277","1",74003044,74003204,"hsa_circ_006232",4,"-",1,4,40,5,"my_test_sample",4,0,0,1,"GTAG",NA,"ANCHOR_UNIQUE,CANONICAL,CIRCULAR,PERFECT_EXT,UNAMBIGUOUS_BP"
"2278","12",136560,136746,"hsa_circ_006233",2,"-",1,2,40,40,"my_test_sample",2,2,0,1,"GTAG",NA,"ANCHOR_UNIQUE,CANONICAL,CIRCULAR,OK_EXT,UNAMBIGUOUS_BP"
"2279","7",96064463,96064679,"hsa_circ_006235",3,"+",2,3,40,5,"my_test_sample",3,1,0,1,"GTAG",NA,"ANCHOR_UNIQUE,CANONICAL,CIRCULAR,GOOD_EXT,UNAMBIGUOUS_BP"
"2280","6",136388392,136389517,"hsa_circ_006240",11,"-",4,11,40,40,"my_test_sample",11,0,0,1,"GTAG",NA,"ANCHOR_UNIQUE,CANONICAL,CIRCULAR,PERFECT_EXT,UNAMBIGUOUS_BP"
"2281","1",18546416,18546617,"hsa_circ_006241",2,"+",2,2,5,5,"my_test_sample",2,0,0,1,"GTAG",NA,"ANCHOR_UNIQUE,CANONICAL,CIRCULAR,PERFECT_EXT,UNAMBIGUOUS_BP"
"2282","9",113665115,113665301,"hsa_circ_006243",3,"+",1,3,5,40,"my_test_sample",3,1,0,1,"GTAG",NA,"ANCHOR_UNIQUE,CANONICAL,CIRCULAR,GOOD_EXT,UNAMBIGUOUS_BP"
"2283","8",133738014,133738182,"hsa_circ_006244",2,"-",2,1,5,5,"my_test_sample",2,0,0,1,"GTAG",NA,"ANCHOR_UNIQUE,CANONICAL,CIRCULAR,PERFECT_EXT,UNAMBIGUOUS_BP"
"2284","9",135197673,135197997,"hsa_circ_006245",2,"-",1,2,5,40,"my_test_sample",2,2,0,1,"GTAG",NA,"ANCHOR_UNIQUE,CANONICAL,CIRCULAR,OK_EXT,UNAMBIGUOUS_BP"
"2285","6",161109180,161109353,"hsa_circ_006248",2,"+",2,2,5,40,"my_test_sample",2,1,0,1,"GTAG",NA,"ANCHOR_UNIQUE,CANONICAL,CIRCULAR,GOOD_EXT,UNAMBIGUOUS_BP"
"2286","11",37419634,37419849,"hsa_circ_006249",4,"-",2,4,40,5,"my_test_sample",4,0,0,1,"GTAG",NA,"ANCHOR_UNIQUE,CANONICAL,CIRCULAR,PERFECT_EXT,UNAMBIGUOUS_BP"
"2287","16",53933984,53937294,"hsa_circ_006250",2,"+",2,2,5,40,"my_test_sample",2,0,0,1,"GTAG",NA,"ANCHOR_UNIQUE,CANONICAL,CIRCULAR,PERFECT_EXT,UNAMBIGUOUS_BP"
"2288","X",53280481,53280746,"hsa_circ_006252",2,"+",1,2,5,5,"my_test_sample",2,0,0,1,"GTAG",NA,"ANCHOR_UNIQUE,CANONICAL,CIRCULAR,PERFECT_EXT,UNAMBIGUOUS_BP"
"2289","14",72111795,72112101,"hsa_circ_006253",2,"+",1,2,5,40,"my_test_sample",2,1,0,1,"GTAG",NA,"ANCHOR_UNIQUE,CANONICAL,CIRCULAR,GOOD_EXT,UNAMBIGUOUS_BP"
"2290","15",40456836,40457072,"hsa_circ_006256",2,"-",1,2,40,5,"my_test_sample",2,0,0,1,"GTAG",NA,"ANCHOR_UNIQUE,CANONICAL,CIRCULAR,PERFECT_EXT,UNAMBIGUOUS_BP"
"2291","3",43017128,43017284,"hsa_circ_006257",2,"+",1,2,40,40,"my_test_sample",2,1,0,1,"GTAG",NA,"ANCHOR_UNIQUE,CANONICAL,CIRCULAR,GOOD_EXT,UNAMBIGUOUS_BP"
"2292","9",95575930,95576141,"hsa_circ_006258",2,"+",1,2,40,5,"my_test_sample",2,1,0,1,"GTAG",NA,"ANCHOR_UNIQUE,CANONICAL,CIRCULAR,GOOD_EXT,UNAMBIGUOUS_BP"
"2293","5",68248891,68249084,"hsa_circ_006260",3,"+",1,3,40,5,"my_test_sample",3,0,0,1,"GTAG",NA,"ANCHOR_UNIQUE,CANONICAL,CIRCULAR,PERFECT_EXT,UNAMBIGUOUS_BP"
"2294","11",16579379,16579542,"hsa_circ_006266",2,"-",1,2,5,5,"my_test_sample",2,1,0,1,"GTAG",NA,"ANCHOR_UNIQUE,CANONICAL,CIRCULAR,GOOD_EXT,UNAMBIGUOUS_BP"
"2295","6",157843026,157843195,"hsa_circ_006270",2,"+",1,2,40,40,"my_test_sample",2,0,0,1,"GTAG",NA,"ANCHOR_UNIQUE,CANONICAL,CIRCULAR,PERFECT_EXT,UNAMBIGUOUS_BP"
"2296","12",76622412,76622576,"hsa_circ_006272",2,"-",2,2,5,5,"my_test_sample",2,0,0,1,"GTAG",NA,"ANCHOR_UNIQUE,CANONICAL,CIRCULAR,PERFECT_EXT,UNAMBIGUOUS_BP"
"2297","X",129025009,129025189,"hsa_circ_006274",2,"+",1,2,5,4,"my_test_sample",2,1,0,1,"GTAG",NA,"ANCHOR_UNIQUE,CANONICAL,CIRCULAR,GOOD_EXT,UNAMBIGUOUS_BP"
"2298","10",79126456,79126621,"hsa_circ_006276",5,"+",3,5,5,40,"my_test_sample",5,0,0,1,"GTAG",NA,"ANCHOR_UNIQUE,CANONICAL,CIRCULAR,PERFECT_EXT,UNAMBIGUOUS_BP"
"2299","8",94900863,94901042,"hsa_circ_006277",3,"+",1,3,5,5,"my_test_sample",3,0,0,1,"GTAG",NA,"ANCHOR_UNIQUE,CANONICAL,CIRCULAR,PERFECT_EXT,UNAMBIGUOUS_BP"
"2300","9",133440760,133440931,"hsa_circ_006284",3,"+",1,3,5,40,"my_test_sample",3,0,0,1,"GTAG",NA,"ANCHOR_UNIQUE,CANONICAL,CIRCULAR,PERFECT_EXT,UNAMBIGUOUS_BP"
"2301","10",98258940,98259143,"hsa_circ_006285",2,"-",1,2,5,5,"my_test_sample",2,0,0,1,"GTAG",NA,"ANCHOR_UNIQUE,CANONICAL,CIRCULAR,PERFECT_EXT,UNAMBIGUOUS_BP"
"2302","3",45324557,45325134,"hsa_circ_006291",4,"-",1,4,40,40,"my_test_sample",4,1,0,1,"GTAG",NA,"ANCHOR_UNIQUE,CANONICAL,CIRCULAR,GOOD_EXT,UNAMBIGUOUS_BP"
"2303","7",157723382,157723592,"hsa_circ_006293",3,"-",3,3,40,40,"my_test_sample",3,1,0,1,"GTAG",NA,"ANCHOR_UNIQUE,CANONICAL,CIRCULAR,GOOD_EXT,UNAMBIGUOUS_BP"
"2304","6",41454196,41454318,"hsa_circ_006294",2,"+",1,2,5,40,"my_test_sample",2,2,0,1,"GTAG",NA,"ANCHOR_UNIQUE,CANONICAL,CIRCULAR,OK_EXT,UNAMBIGUOUS_BP"
"2305","15",57528683,57528847,"hsa_circ_006296",2,"-",1,2,5,40,"my_test_sample",2,0,0,1,"GTAG",NA,"ANCHOR_UNIQUE,CANONICAL,CIRCULAR,PERFECT_EXT,UNAMBIGUOUS_BP"
"2306","1",1873885,1874118,"hsa_circ_006297",3,"-",1,3,5,5,"my_test_sample",3,2,0,1,"GTAG",NA,"ANCHOR_UNIQUE,CANONICAL,CIRCULAR,OK_EXT,UNAMBIGUOUS_BP"
"2307","5",2099333,2099507,"hsa_circ_006298",2,"-",1,2,5,40,"my_test_sample",2,0,0,1,"GTAG",NA,"ANCHOR_UNIQUE,CANONICAL,CIRCULAR,PERFECT_EXT,UNAMBIGUOUS_BP"
"2308","5",57494074,57496917,"hsa_circ_006299",2,"+",2,2,5,40,"my_test_sample",2,0,0,1,"GTAG",NA,"ANCHOR_UNIQUE,CANONICAL,CIRCULAR,PERFECT_EXT,UNAMBIGUOUS_BP"
"2309","1",87532194,87532369,"hsa_circ_006301",4,"-",2,4,5,5,"my_test_sample",4,1,0,1,"GTAG",NA,"ANCHOR_UNIQUE,CANONICAL,CIRCULAR,GOOD_EXT,UNAMBIGUOUS_BP"
"2310","4",139336847,139341069,"hsa_circ_006302",3,"+",1,3,40,5,"my_test_sample",3,0,0,1,"GTAG",NA,"ANCHOR_UNIQUE,CANONICAL,CIRCULAR,PERFECT_EXT,UNAMBIGUOUS_BP"
"2311","18",27996059,27996213,"hsa_circ_006304",2,"-",1,2,5,40,"my_test_sample",2,2,0,1,"GTAG",NA,"ANCHOR_UNIQUE,CANONICAL,CIRCULAR,OK_EXT,UNAMBIGUOUS_BP"
"2312","4",108378596,108379187,"hsa_circ_006307",2,"+",1,2,40,40,"my_test_sample",2,2,0,1,"GTAG",NA,"ANCHOR_UNIQUE,CANONICAL,CIRCULAR,OK_EXT,UNAMBIGUOUS_BP"
"2313","8",47931185,47931357,"hsa_circ_006309",3,"+",1,3,40,40,"my_test_sample",3,1,0,1,"GTAG",NA,"ANCHOR_UNIQUE,CANONICAL,CIRCULAR,GOOD_EXT,UNAMBIGUOUS_BP"
"2314","X",131958151,131958360,"hsa_circ_006311",2,"-",1,2,4,5,"my_test_sample",2,2,0,1,"GTAG",NA,"ANCHOR_UNIQUE,CANONICAL,CIRCULAR,OK_EXT,UNAMBIGUOUS_BP"
"2315","15",49289710,49289869,"hsa_circ_006312",2,"-",1,2,40,5,"my_test_sample",2,1,0,1,"GTAG",NA,"ANCHOR_UNIQUE,CANONICAL,CIRCULAR,GOOD_EXT,UNAMBIGUOUS_BP"
"2316","2",218302399,218302611,"hsa_circ_006313",4,"+",2,4,5,5,"my_test_sample",4,0,0,1,"GTAG",NA,"ANCHOR_UNIQUE,CANONICAL,CIRCULAR,PERFECT_EXT,UNAMBIGUOUS_BP"
"2317","3",17844532,17844689,"hsa_circ_006314",2,"+",1,2,5,40,"my_test_sample",2,0,0,1,"GTAG",NA,"ANCHOR_UNIQUE,CANONICAL,CIRCULAR,PERFECT_EXT,UNAMBIGUOUS_BP"
"2318","5",92767194,92767364,"hsa_circ_006316",2,"+",1,2,5,5,"my_test_sample",2,1,0,1,"GTAG",NA,"ANCHOR_UNIQUE,CANONICAL,CIRCULAR,GOOD_EXT,UNAMBIGUOUS_BP"
"2319","7",2131689,2131945,"hsa_circ_006317",2,"+",2,2,40,40,"my_test_sample",2,0,0,1,"GTAG",NA,"ANCHOR_UNIQUE,CANONICAL,CIRCULAR,PERFECT_EXT,UNAMBIGUOUS_BP"
"2320","12",34602487,34602673,"hsa_circ_006318",4,"+",2,4,40,40,"my_test_sample",4,1,0,1,"GTAG",NA,"ANCHOR_UNIQUE,CANONICAL,CIRCULAR,GOOD_EXT,UNAMBIGUOUS_BP"
"2321","9",87885256,87885446,"hsa_circ_006323",2,"-",2,1,5,37,"my_test_sample",2,1,0,1,"GTAG",NA,"ANCHOR_UNIQUE,CANONICAL,CIRCULAR,GOOD_EXT,UNAMBIGUOUS_BP"
"2322","3",159634107,159634289,"hsa_circ_006324",5,"+",1,5,5,5,"my_test_sample",5,0,0,1,"GTAG",NA,"ANCHOR_UNIQUE,CANONICAL,CIRCULAR,PERFECT_EXT,UNAMBIGUOUS_BP"
"2323","3",43016652,43016882,"hsa_circ_006326",2,"+",1,2,5,5,"my_test_sample",2,0,0,1,"GTAG",NA,"ANCHOR_UNIQUE,CANONICAL,CIRCULAR,PERFECT_EXT,UNAMBIGUOUS_BP"
"2324","14",24178788,24178982,"hsa_circ_006330",2,"-",1,2,5,5,"my_test_sample",2,1,0,1,"GTAG",NA,"ANCHOR_UNIQUE,CANONICAL,CIRCULAR,GOOD_EXT,UNAMBIGUOUS_BP"
"2325","20",62890716,62890917,"hsa_circ_006331",4,"+",2,4,40,5,"my_test_sample",4,0,0,1,"GTAG",NA,"ANCHOR_UNIQUE,CANONICAL,CIRCULAR,PERFECT_EXT,UNAMBIGUOUS_BP"
"2326","3",44946922,44947095,"hsa_circ_006333",6,"+",1,6,40,5,"my_test_sample",6,2,0,1,"GTAG",NA,"ANCHOR_UNIQUE,CANONICAL,CIRCULAR,OK_EXT,UNAMBIGUOUS_BP"
"2327","22",24334409,24338477,"hsa_circ_006334",2,"+",1,2,40,5,"my_test_sample",2,0,0,1,"GTAG",NA,"ANCHOR_UNIQUE,CANONICAL,CIRCULAR,PERFECT_EXT,UNAMBIGUOUS_BP"
"2328","11",74488394,74488553,"hsa_circ_006340",2,"-",2,2,5,37,"my_test_sample",2,2,0,1,"GTAG",NA,"ANCHOR_UNIQUE,CANONICAL,CIRCULAR,OK_EXT,UNAMBIGUOUS_BP"
"2329","2",29256676,29256851,"hsa_circ_006341",3,"+",1,3,40,40,"my_test_sample",3,0,0,1,"GTAG",NA,"ANCHOR_UNIQUE,CANONICAL,CIRCULAR,PERFECT_EXT,UNAMBIGUOUS_BP"
"2330","11",66486539,66488007,"hsa_circ_006346",4,"+",2,2,40,5,"my_test_sample",4,0,0,1,"GTAG",NA,"ANCHOR_UNIQUE,CANONICAL,CIRCULAR,PERFECT_EXT,UNAMBIGUOUS_BP"
"2331","10",4830674,4842504,"hsa_circ_006351",6,"+",2,6,40,40,"my_test_sample",6,0,0,1,"GTAG",NA,"ANCHOR_UNIQUE,CANONICAL,CIRCULAR,PERFECT_EXT,UNAMBIGUOUS_BP"
"2332","5",160623192,160623402,"hsa_circ_006352",2,"-",1,2,40,5,"my_test_sample",2,0,0,1,"GTAG",NA,"ANCHOR_UNIQUE,CANONICAL,CIRCULAR,PERFECT_EXT,UNAMBIGUOUS_BP"
"2333","3",170749204,170749378,"hsa_circ_006355",2,"+",1,2,5,40,"my_test_sample",2,0,0,1,"GTAG",NA,"ANCHOR_UNIQUE,CANONICAL,CIRCULAR,PERFECT_EXT,UNAMBIGUOUS_BP"
"2334","5",170217617,170217784,"hsa_circ_006357",2,"+",1,2,40,40,"my_test_sample",2,2,0,1,"GTAG",NA,"ANCHOR_UNIQUE,CANONICAL,CIRCULAR,OK_EXT,UNAMBIGUOUS_BP"
"2335","16",15741564,15741716,"hsa_circ_006358",2,"+",1,2,40,40,"my_test_sample",2,1,0,1,"GTAG",NA,"ANCHOR_UNIQUE,CANONICAL,CIRCULAR,GOOD_EXT,UNAMBIGUOUS_BP"
"2336","8",143723441,143723647,"hsa_circ_006359",2,"+",1,2,40,5,"my_test_sample",2,0,0,1,"GTAG",NA,"ANCHOR_UNIQUE,CANONICAL,CIRCULAR,PERFECT_EXT,UNAMBIGUOUS_BP"
"2337","8",121768489,121768657,"hsa_circ_006361",2,"-",1,2,40,5,"my_test_sample",2,2,0,1,"GTAG",NA,"ANCHOR_UNIQUE,CANONICAL,CIRCULAR,OK_EXT,UNAMBIGUOUS_BP"
"2338","9",38002097,38002469,"hsa_circ_006363",2,"-",1,2,5,40,"my_test_sample",2,1,0,1,"GTAG",NA,"ANCHOR_UNIQUE,CANONICAL,CIRCULAR,GOOD_EXT,UNAMBIGUOUS_BP"
"2339","1",150508158,150510002,"hsa_circ_006364",7,"+",1,7,5,5,"my_test_sample",7,0,0,1,"GTAG",NA,"ANCHOR_UNIQUE,CANONICAL,CIRCULAR,PERFECT_EXT,UNAMBIGUOUS_BP"
"2340","1",41415984,41416163,"hsa_circ_006366",2,"+",2,2,37,5,"my_test_sample",2,0,0,1,"GTAG",NA,"ANCHOR_UNIQUE,CANONICAL,CIRCULAR,PERFECT_EXT,UNAMBIGUOUS_BP"
"2341","2",235106121,235106339,"hsa_circ_006368",2,"+",2,2,40,40,"my_test_sample",2,1,0,1,"GTAG",NA,"ANCHOR_UNIQUE,CANONICAL,CIRCULAR,GOOD_EXT,UNAMBIGUOUS_BP"
"2342","17",81588943,81600427,"hsa_circ_006372",2,"-",1,2,40,40,"my_test_sample",2,0,0,1,"GTAG",NA,"ANCHOR_UNIQUE,CANONICAL,CIRCULAR,PERFECT_EXT,UNAMBIGUOUS_BP"
"2343","10",69400734,69400952,"hsa_circ_006376",3,"-",1,3,40,40,"my_test_sample",3,1,0,1,"GTAG",NA,"ANCHOR_UNIQUE,CANONICAL,CIRCULAR,GOOD_EXT,UNAMBIGUOUS_BP"
"2344","10",76396590,76396741,"hsa_circ_006377",2,"+",2,2,40,5,"my_test_sample",2,0,0,1,"GTAG",NA,"ANCHOR_UNIQUE,CANONICAL,CIRCULAR,PERFECT_EXT,UNAMBIGUOUS_BP"
"2345","8",104073948,104074154,"hsa_circ_006380",2,"+",1,2,40,5,"my_test_sample",2,1,0,1,"GTAG",NA,"ANCHOR_UNIQUE,CANONICAL,CIRCULAR,GOOD_EXT,UNAMBIGUOUS_BP"
"2346","10",1592469,1592784,"hsa_circ_006381",2,"+",2,1,5,5,"my_test_sample",2,1,0,1,"GTAG",NA,"ANCHOR_UNIQUE,CANONICAL,CIRCULAR,GOOD_EXT,UNAMBIGUOUS_BP"
"2347","6",163940372,163940575,"hsa_circ_006382",2,"+",2,2,5,40,"my_test_sample",2,0,0,1,"GTAG",NA,"ANCHOR_UNIQUE,CANONICAL,CIRCULAR,PERFECT_EXT,UNAMBIGUOUS_BP"
"2348","1",48187069,48187238,"hsa_circ_006384",2,"+",1,2,40,40,"my_test_sample",2,0,0,1,"GTAG",NA,"ANCHOR_UNIQUE,CANONICAL,CIRCULAR,PERFECT_EXT,UNAMBIGUOUS_BP"
"2349","16",26461460,26461841,"hsa_circ_006386",3,"+",1,3,5,5,"my_test_sample",3,1,0,1,"GTAG",NA,"ANCHOR_UNIQUE,CANONICAL,CIRCULAR,GOOD_EXT,UNAMBIGUOUS_BP"
"2350","17",1042662,1042814,"hsa_circ_006389",2,"-",1,2,40,5,"my_test_sample",2,0,0,1,"GTAG",NA,"ANCHOR_UNIQUE,CANONICAL,CIRCULAR,PERFECT_EXT,UNAMBIGUOUS_BP"
"2351","2",183138588,183138749,"hsa_circ_006390",5,"-",1,5,5,5,"my_test_sample",5,2,0,1,"GTAG",NA,"ANCHOR_UNIQUE,CANONICAL,CIRCULAR,OK_EXT,UNAMBIGUOUS_BP"
"2352","8",46277442,46277659,"hsa_circ_006392",2,"-",1,2,5,5,"my_test_sample",2,0,0,1,"GTAG",NA,"ANCHOR_UNIQUE,CANONICAL,CIRCULAR,PERFECT_EXT,UNAMBIGUOUS_BP"
"2353","13",75104773,75105122,"hsa_circ_006394",3,"-",2,3,5,5,"my_test_sample",3,2,0,1,"GTAG",NA,"ANCHOR_UNIQUE,CANONICAL,CIRCULAR,OK_EXT,UNAMBIGUOUS_BP"
"2354","9",113260148,113260299,"hsa_circ_006395",2,"-",2,2,40,40,"my_test_sample",2,0,0,1,"GTAG",NA,"ANCHOR_UNIQUE,CANONICAL,CIRCULAR,PERFECT_EXT,UNAMBIGUOUS_BP"
"2355","16",49585733,49585912,"hsa_circ_006399",3,"-",1,3,40,5,"my_test_sample",3,0,0,1,"GTAG",NA,"ANCHOR_UNIQUE,CANONICAL,CIRCULAR,PERFECT_EXT,UNAMBIGUOUS_BP"
"2356","19",34392042,34392192,"hsa_circ_006401",5,"+",1,5,5,40,"my_test_sample",5,2,0,1,"GTAG",NA,"ANCHOR_UNIQUE,CANONICAL,CIRCULAR,OK_EXT,UNAMBIGUOUS_BP"
"2357","11",24086053,24086250,"hsa_circ_006402",2,"+",1,2,40,40,"my_test_sample",2,2,0,1,"GTAG",NA,"ANCHOR_UNIQUE,CANONICAL,CIRCULAR,OK_EXT,UNAMBIGUOUS_BP"
"2358","16",73131219,73131577,"hsa_circ_006403",2,"+",1,2,40,5,"my_test_sample",2,1,0,1,"GTAG",NA,"ANCHOR_UNIQUE,CANONICAL,CIRCULAR,GOOD_EXT,UNAMBIGUOUS_BP"
"2359","6",105757241,105757399,"hsa_circ_006411",2,"+",2,2,40,40,"my_test_sample",2,1,0,1,"GTAG",NA,"ANCHOR_UNIQUE,CANONICAL,CIRCULAR,GOOD_EXT,UNAMBIGUOUS_BP"
"2360","7",54546087,54546279,"hsa_circ_006412",3,"+",1,3,5,40,"my_test_sample",3,2,0,1,"GTAG",NA,"ANCHOR_UNIQUE,CANONICAL,CIRCULAR,OK_EXT,UNAMBIGUOUS_BP"
"2361","16",55747293,55747452,"hsa_circ_006413",2,"+",1,2,5,5,"my_test_sample",2,2,0,1,"GTAG",NA,"ANCHOR_UNIQUE,CANONICAL,CIRCULAR,OK_EXT,UNAMBIGUOUS_BP"
"2362","12",96916865,96917042,"hsa_circ_006414",3,"+",1,3,5,5,"my_test_sample",3,1,0,1,"GTAG",NA,"ANCHOR_UNIQUE,CANONICAL,CIRCULAR,GOOD_EXT,UNAMBIGUOUS_BP"
"2363","11",81220436,81220592,"hsa_circ_006415",2,"+",1,2,40,40,"my_test_sample",2,1,0,1,"GTAG",NA,"ANCHOR_UNIQUE,CANONICAL,CIRCULAR,GOOD_EXT,UNAMBIGUOUS_BP"
"2364","3",171134110,171134312,"hsa_circ_006416",3,"+",1,3,40,5,"my_test_sample",3,1,0,1,"GTAG",NA,"ANCHOR_UNIQUE,CANONICAL,CIRCULAR,GOOD_EXT,UNAMBIGUOUS_BP"
"2365","3",170508833,170509184,"hsa_circ_006418",2,"-",1,2,40,40,"my_test_sample",2,2,0,1,"GTAG",NA,"ANCHOR_UNIQUE,CANONICAL,CIRCULAR,OK_EXT,UNAMBIGUOUS_BP"
"2366","13",68200480,68200696,"hsa_circ_006424",2,"-",1,2,5,40,"my_test_sample",2,0,0,1,"GTAG",NA,"ANCHOR_UNIQUE,CANONICAL,CIRCULAR,PERFECT_EXT,UNAMBIGUOUS_BP"
"2367","10",49696609,49696781,"hsa_circ_006425",2,"+",2,2,5,5,"my_test_sample",2,0,0,1,"GTAG",NA,"ANCHOR_UNIQUE,CANONICAL,CIRCULAR,PERFECT_EXT,UNAMBIGUOUS_BP"
"2368","11",117244444,117246948,"hsa_circ_006430",3,"+",1,3,5,40,"my_test_sample",3,0,0,1,"GTAG",NA,"ANCHOR_UNIQUE,CANONICAL,CIRCULAR,PERFECT_EXT,UNAMBIGUOUS_BP"
"2369","11",121182472,121182634,"hsa_circ_006431",3,"+",1,3,40,5,"my_test_sample",3,0,1,1,"GTAG",NA,"ANCHOR_UNIQUE,CANONICAL,CIRCULAR,GOOD_EXT,UNAMBIGUOUS_BP"
"2370","1",22543122,22543271,"hsa_circ_006440",3,"+",1,3,40,5,"my_test_sample",3,0,0,1,"GTAG",NA,"ANCHOR_UNIQUE,CANONICAL,CIRCULAR,PERFECT_EXT,UNAMBIGUOUS_BP"
"2371","3",116342167,116343325,"hsa_circ_006447",2,"+",1,2,40,40,"my_test_sample",2,2,0,1,"GTAG",NA,"ANCHOR_UNIQUE,CANONICAL,CIRCULAR,OK_EXT,UNAMBIGUOUS_BP"
"2372","16",25335799,25335983,"hsa_circ_006448",2,"-",2,2,40,40,"my_test_sample",2,1,0,1,"GTAG",NA,"ANCHOR_UNIQUE,CANONICAL,CIRCULAR,GOOD_EXT,UNAMBIGUOUS_BP"
"2373","7",45891995,45892223,"hsa_circ_006449",4,"+",1,4,5,40,"my_test_sample",4,1,0,1,"GTAG",NA,"ANCHOR_UNIQUE,CANONICAL,CIRCULAR,GOOD_EXT,UNAMBIGUOUS_BP"
"2374","1",9931890,9934860,"hsa_circ_006452",4,"-",3,4,40,40,"my_test_sample",4,0,0,1,"GTAG",NA,"ANCHOR_UNIQUE,CANONICAL,CIRCULAR,PERFECT_EXT,UNAMBIGUOUS_BP"
"2375","11",100202649,100202828,"hsa_circ_006454",2,"-",1,2,4,40,"my_test_sample",2,0,0,1,"GTAG",NA,"ANCHOR_UNIQUE,CANONICAL,CIRCULAR,PERFECT_EXT,UNAMBIGUOUS_BP"
"2376","9",37749955,37750132,"hsa_circ_006458",3,"+",1,3,5,40,"my_test_sample",3,2,0,1,"GTAG",NA,"ANCHOR_UNIQUE,CANONICAL,CIRCULAR,OK_EXT,UNAMBIGUOUS_BP"
"2377","18",770341,770529,"hsa_circ_006459",2,"-",1,2,5,5,"my_test_sample",2,1,0,1,"GTAG",NA,"ANCHOR_UNIQUE,CANONICAL,CIRCULAR,GOOD_EXT,UNAMBIGUOUS_BP"
"2378","11",123450900,123451070,"hsa_circ_006460",2,"+",2,2,40,5,"my_test_sample",2,1,0,1,"GTAG",NA,"ANCHOR_UNIQUE,CANONICAL,CIRCULAR,GOOD_EXT,UNAMBIGUOUS_BP"
"2379","12",80816,80970,"hsa_circ_006462",4,"-",1,4,5,40,"my_test_sample",4,0,0,1,"GTAG",NA,"ANCHOR_UNIQUE,CANONICAL,CIRCULAR,PERFECT_EXT,UNAMBIGUOUS_BP"
"2380","7",46360959,46361130,"hsa_circ_006467",2,"-",2,2,40,5,"my_test_sample",2,2,0,1,"GTAG",NA,"ANCHOR_UNIQUE,CANONICAL,CIRCULAR,OK_EXT,UNAMBIGUOUS_BP"
"2381","12",11438228,11438384,"hsa_circ_006469",2,"-",1,2,5,40,"my_test_sample",2,0,0,1,"GTAG",NA,"ANCHOR_UNIQUE,CANONICAL,CIRCULAR,PERFECT_EXT,UNAMBIGUOUS_BP"
"2382","18",6562474,6562649,"hsa_circ_006475",2,"+",1,2,5,5,"my_test_sample",2,1,0,1,"GTAG",NA,"ANCHOR_UNIQUE,CANONICAL,CIRCULAR,GOOD_EXT,UNAMBIGUOUS_BP"
"2383","1",220198147,220198348,"hsa_circ_006482",4,"-",1,4,5,40,"my_test_sample",4,1,0,1,"GTAG",NA,"ANCHOR_UNIQUE,CANONICAL,CIRCULAR,GOOD_EXT,UNAMBIGUOUS_BP"
"2384","10",6382948,6383193,"hsa_circ_006483",2,"+",2,2,40,5,"my_test_sample",2,1,0,1,"GTAG",NA,"ANCHOR_UNIQUE,CANONICAL,CIRCULAR,GOOD_EXT,UNAMBIGUOUS_BP"
"2385","19",29224243,29224440,"hsa_circ_006484",4,"-",1,4,40,40,"my_test_sample",4,1,0,1,"GTAG",NA,"ANCHOR_UNIQUE,CANONICAL,CIRCULAR,GOOD_EXT,UNAMBIGUOUS_BP"
"2386","22",19468055,19468237,"hsa_circ_006485",4,"-",1,4,5,40,"my_test_sample",4,1,0,1,"GTAG",NA,"ANCHOR_UNIQUE,CANONICAL,CIRCULAR,GOOD_EXT,UNAMBIGUOUS_BP"
"2387","1",15471801,15491102,"hsa_circ_006486",2,"+",1,2,5,5,"my_test_sample",2,2,0,1,"GTAG",NA,"ANCHOR_UNIQUE,CANONICAL,CIRCULAR,OK_EXT,UNAMBIGUOUS_BP"
"2388","9",117840796,117840952,"hsa_circ_006487",2,"+",1,2,40,40,"my_test_sample",2,1,0,1,"GTAG",NA,"ANCHOR_UNIQUE,CANONICAL,CIRCULAR,GOOD_EXT,UNAMBIGUOUS_BP"
"2389","8",60887879,60888060,"hsa_circ_006498",4,"+",2,4,5,40,"my_test_sample",4,0,0,1,"GTAG",NA,"ANCHOR_UNIQUE,CANONICAL,CIRCULAR,PERFECT_EXT,UNAMBIGUOUS_BP"
"2390","19",18066458,18066622,"hsa_circ_006502",2,"+",1,2,40,40,"my_test_sample",2,0,0,1,"GTAG",NA,"ANCHOR_UNIQUE,CANONICAL,CIRCULAR,PERFECT_EXT,UNAMBIGUOUS_BP"
"2391","12",48984487,48984666,"hsa_circ_006505",3,"+",1,3,5,5,"my_test_sample",3,0,0,1,"GTAG",NA,"ANCHOR_UNIQUE,CANONICAL,CIRCULAR,PERFECT_EXT,UNAMBIGUOUS_BP"
"2392","7",6644922,6645077,"hsa_circ_006508",4,"+",2,4,40,5,"my_test_sample",4,0,0,1,"GTAG",NA,"ANCHOR_UNIQUE,CANONICAL,CIRCULAR,PERFECT_EXT,UNAMBIGUOUS_BP"
"2393","12",80808028,80808182,"hsa_circ_006509",5,"+",1,5,40,5,"my_test_sample",5,2,0,1,"GTAG",NA,"ANCHOR_UNIQUE,CANONICAL,CIRCULAR,OK_EXT,UNAMBIGUOUS_BP"
"2394","6",163687411,163687600,"hsa_circ_006510",2,"+",1,2,40,40,"my_test_sample",2,0,0,1,"GTAG",NA,"ANCHOR_UNIQUE,CANONICAL,CIRCULAR,PERFECT_EXT,UNAMBIGUOUS_BP"
"2395","6",130439642,130439819,"hsa_circ_006513",2,"+",2,2,40,5,"my_test_sample",2,1,0,1,"GTAG",NA,"ANCHOR_UNIQUE,CANONICAL,CIRCULAR,GOOD_EXT,UNAMBIGUOUS_BP"
"2396","1",209568330,209568481,"hsa_circ_006514",3,"-",1,3,40,5,"my_test_sample",3,2,0,1,"GTAG",NA,"ANCHOR_UNIQUE,CANONICAL,CIRCULAR,OK_EXT,UNAMBIGUOUS_BP"
"2397","1",179180465,179180637,"hsa_circ_006517",3,"-",2,3,5,40,"my_test_sample",3,1,0,1,"GTAG",NA,"ANCHOR_UNIQUE,CANONICAL,CIRCULAR,GOOD_EXT,UNAMBIGUOUS_BP"
"2398","14",63721539,63722253,"hsa_circ_006519",3,"+",1,3,5,5,"my_test_sample",3,2,0,1,"GTAG",NA,"ANCHOR_UNIQUE,CANONICAL,CIRCULAR,OK_EXT,UNAMBIGUOUS_BP"
"2399","1",240872498,240872697,"hsa_circ_006523",2,"+",2,2,5,5,"my_test_sample",2,1,0,1,"GTAG",NA,"ANCHOR_UNIQUE,CANONICAL,CIRCULAR,GOOD_EXT,UNAMBIGUOUS_BP"
"2400","3",75152061,75152237,"hsa_circ_006524",3,"-",1,3,5,40,"my_test_sample",3,1,0,1,"GTAG",NA,"ANCHOR_UNIQUE,CANONICAL,CIRCULAR,GOOD_EXT,UNAMBIGUOUS_BP"
"2401","8",40151583,40151753,"hsa_circ_006525",2,"-",2,2,5,5,"my_test_sample",2,1,0,1,"GTAG",NA,"ANCHOR_UNIQUE,CANONICAL,CIRCULAR,GOOD_EXT,UNAMBIGUOUS_BP"
"2402","3",51541497,51590559,"hsa_circ_006527",2,"+",2,2,40,40,"my_test_sample",2,0,0,1,"GTAG",NA,"ANCHOR_UNIQUE,CANONICAL,CIRCULAR,PERFECT_EXT,UNAMBIGUOUS_BP"
"2403","14",20440739,20440943,"hsa_circ_006530",2,"-",2,2,5,5,"my_test_sample",2,1,0,1,"GTAG",NA,"ANCHOR_UNIQUE,CANONICAL,CIRCULAR,GOOD_EXT,UNAMBIGUOUS_BP"
"2404","12",125025111,125025285,"hsa_circ_006536",2,"-",1,2,40,35,"my_test_sample",2,2,0,1,"GTAG",NA,"ANCHOR_UNIQUE,CANONICAL,CIRCULAR,OK_EXT,UNAMBIGUOUS_BP"
"2405","4",102808519,102808675,"hsa_circ_006539",3,"-",1,3,40,5,"my_test_sample",3,1,0,1,"GTAG",NA,"ANCHOR_UNIQUE,CANONICAL,CIRCULAR,GOOD_EXT,UNAMBIGUOUS_BP"
"2406","1",33775815,33776053,"hsa_circ_006542",2,"+",1,2,40,5,"my_test_sample",2,0,0,1,"GTAG",NA,"ANCHOR_UNIQUE,CANONICAL,CIRCULAR,PERFECT_EXT,UNAMBIGUOUS_BP"
"2407","6",110377958,110378155,"hsa_circ_006543",2,"+",2,2,40,40,"my_test_sample",2,0,0,1,"GTAG",NA,"ANCHOR_UNIQUE,CANONICAL,CIRCULAR,PERFECT_EXT,UNAMBIGUOUS_BP"
"2408","15",100286359,100286528,"hsa_circ_006544",2,"-",1,2,40,40,"my_test_sample",2,0,0,1,"GTAG",NA,"ANCHOR_UNIQUE,CANONICAL,CIRCULAR,PERFECT_EXT,UNAMBIGUOUS_BP"
"2409","17",20224501,20224690,"hsa_circ_006546",2,"+",2,2,5,40,"my_test_sample",2,0,0,1,"GTAG",NA,"ANCHOR_UNIQUE,CANONICAL,CIRCULAR,PERFECT_EXT,UNAMBIGUOUS_BP"
"2410","20",709089,709272,"hsa_circ_006548",2,"-",1,2,5,5,"my_test_sample",2,0,0,1,"GTAG",NA,"ANCHOR_UNIQUE,CANONICAL,CIRCULAR,PERFECT_EXT,UNAMBIGUOUS_BP"
"2411","10",130657157,130657322,"hsa_circ_006549",2,"+",1,2,5,5,"my_test_sample",2,0,0,1,"GTAG",NA,"ANCHOR_UNIQUE,CANONICAL,CIRCULAR,PERFECT_EXT,UNAMBIGUOUS_BP"
"2412","15",90991935,90992327,"hsa_circ_006554",3,"-",1,3,40,40,"my_test_sample",3,2,0,1,"GTAG",NA,"ANCHOR_UNIQUE,CANONICAL,CIRCULAR,OK_EXT,UNAMBIGUOUS_BP"
"2413","22",47421133,47421467,"hsa_circ_006555",5,"+",2,5,37,5,"my_test_sample",5,1,0,1,"GTAG",NA,"ANCHOR_UNIQUE,CANONICAL,CIRCULAR,GOOD_EXT,UNAMBIGUOUS_BP"
"2414","3",188899972,188900142,"hsa_circ_006558",2,"-",2,2,40,40,"my_test_sample",2,0,0,1,"GTAG",NA,"ANCHOR_UNIQUE,CANONICAL,CIRCULAR,PERFECT_EXT,UNAMBIGUOUS_BP"
"2415","11",83449821,83450030,"hsa_circ_006559",2,"-",1,2,40,40,"my_test_sample",2,2,0,1,"GTAG",NA,"ANCHOR_UNIQUE,CANONICAL,CIRCULAR,OK_EXT,UNAMBIGUOUS_BP"
"2416","8",95813377,95814153,"hsa_circ_006565",7,"+",2,7,5,40,"my_test_sample",7,1,0,1,"GTAG",NA,"ANCHOR_UNIQUE,CANONICAL,CIRCULAR,GOOD_EXT,UNAMBIGUOUS_BP"
"2417","2",2308915,2309075,"hsa_circ_006568",3,"-",1,3,40,5,"my_test_sample",3,0,0,1,"GTAG",NA,"ANCHOR_UNIQUE,CANONICAL,CIRCULAR,PERFECT_EXT,UNAMBIGUOUS_BP"
"2418","7",27074559,27074785,"hsa_circ_006571",2,"-",1,2,40,5,"my_test_sample",2,0,0,1,"GTAG",NA,"ANCHOR_UNIQUE,CANONICAL,CIRCULAR,PERFECT_EXT,UNAMBIGUOUS_BP"
"2419","17",61408474,61409047,"hsa_circ_006576",2,"+",1,2,40,40,"my_test_sample",2,2,0,1,"GTAG",NA,"ANCHOR_UNIQUE,CANONICAL,CIRCULAR,OK_EXT,UNAMBIGUOUS_BP"
"2420","12",109930562,109930769,"hsa_circ_006577",2,"-",1,2,5,5,"my_test_sample",2,0,1,1,"GTAG",NA,"ANCHOR_UNIQUE,CANONICAL,CIRCULAR,GOOD_EXT,UNAMBIGUOUS_BP"
"2421","2",129893394,129893561,"hsa_circ_006580",2,"+",1,2,40,40,"my_test_sample",2,0,0,1,"GTAG",NA,"ANCHOR_UNIQUE,CANONICAL,CIRCULAR,PERFECT_EXT,UNAMBIGUOUS_BP"
"2422","14",90070927,90071275,"hsa_circ_006584",2,"-",2,2,40,5,"my_test_sample",2,0,0,1,"GTAG",NA,"ANCHOR_UNIQUE,CANONICAL,CIRCULAR,PERFECT_EXT,UNAMBIGUOUS_BP"
"2423","4",55635326,55635493,"hsa_circ_006586",3,"-",1,3,5,40,"my_test_sample",3,1,0,1,"GTAG",NA,"ANCHOR_UNIQUE,CANONICAL,CIRCULAR,GOOD_EXT,UNAMBIGUOUS_BP"
"2424","14",65493263,65493474,"hsa_circ_006587",2,"-",1,2,5,5,"my_test_sample",2,1,0,1,"GTAG",NA,"ANCHOR_UNIQUE,CANONICAL,CIRCULAR,GOOD_EXT,UNAMBIGUOUS_BP"
"2425","13",113579022,113579188,"hsa_circ_006588",4,"+",1,4,5,5,"my_test_sample",4,1,0,1,"GTAG",NA,"ANCHOR_UNIQUE,CANONICAL,CIRCULAR,GOOD_EXT,UNAMBIGUOUS_BP"
"2426","14",67345767,67347453,"hsa_circ_006589",2,"-",2,2,5,40,"my_test_sample",2,0,0,1,"GTAG",NA,"ANCHOR_UNIQUE,CANONICAL,CIRCULAR,PERFECT_EXT,UNAMBIGUOUS_BP"
"2427","15",83378708,83378975,"hsa_circ_006590",3,"+",2,3,40,35,"my_test_sample",3,1,0,1,"GTAG",NA,"ANCHOR_UNIQUE,CANONICAL,CIRCULAR,GOOD_EXT,UNAMBIGUOUS_BP"
"2428","2",84749276,84749461,"hsa_circ_006599",2,"+",1,2,5,40,"my_test_sample",2,2,0,1,"GTAG",NA,"ANCHOR_UNIQUE,CANONICAL,CIRCULAR,OK_EXT,UNAMBIGUOUS_BP"
"2429","6",136596290,136596443,"hsa_circ_006601",3,"+",1,3,5,40,"my_test_sample",3,0,0,1,"GTAG",NA,"ANCHOR_UNIQUE,CANONICAL,CIRCULAR,PERFECT_EXT,UNAMBIGUOUS_BP"
"2430","20",21662799,21663005,"hsa_circ_006604",4,"+",2,4,40,5,"my_test_sample",4,1,0,1,"GTAG",NA,"ANCHOR_UNIQUE,CANONICAL,CIRCULAR,GOOD_EXT,UNAMBIGUOUS_BP"
"2431","3",35197100,35197295,"hsa_circ_006609",3,"+",1,3,5,5,"my_test_sample",3,1,0,1,"GTAG",NA,"ANCHOR_UNIQUE,CANONICAL,CIRCULAR,GOOD_EXT,UNAMBIGUOUS_BP"
"2432","15",67537692,67537873,"hsa_circ_006614",2,"-",2,2,40,40,"my_test_sample",2,1,0,1,"GTAG",NA,"ANCHOR_UNIQUE,CANONICAL,CIRCULAR,GOOD_EXT,UNAMBIGUOUS_BP"
"2433","2",116441729,116441963,"hsa_circ_006619",2,"-",2,2,5,40,"my_test_sample",2,1,0,1,"GTAG",NA,"ANCHOR_UNIQUE,CANONICAL,CIRCULAR,GOOD_EXT,UNAMBIGUOUS_BP"
"2434","9",118209273,118209437,"hsa_circ_006620",2,"-",1,2,5,40,"my_test_sample",2,2,0,1,"GTAG",NA,"ANCHOR_UNIQUE,CANONICAL,CIRCULAR,OK_EXT,UNAMBIGUOUS_BP"
"2435","7",157272628,157272953,"hsa_circ_006621",2,"+",1,2,40,40,"my_test_sample",2,1,0,1,"GTAG",NA,"ANCHOR_UNIQUE,CANONICAL,CIRCULAR,GOOD_EXT,UNAMBIGUOUS_BP"
"2436","4",2264645,2264860,"hsa_circ_006622",2,"+",2,2,40,5,"my_test_sample",2,0,0,1,"GTAG",NA,"ANCHOR_UNIQUE,CANONICAL,CIRCULAR,PERFECT_EXT,UNAMBIGUOUS_BP"
"2437","17",397043,397212,"hsa_circ_006624",3,"-",1,3,40,5,"my_test_sample",3,1,0,1,"GTAG",NA,"ANCHOR_UNIQUE,CANONICAL,CIRCULAR,GOOD_EXT,UNAMBIGUOUS_BP"
"2438","11",129277153,129277320,"hsa_circ_006626",3,"+",2,3,35,40,"my_test_sample",3,1,0,1,"GTAG",NA,"ANCHOR_UNIQUE,CANONICAL,CIRCULAR,GOOD_EXT,UNAMBIGUOUS_BP"
"2439","7",191003,191162,"hsa_circ_006628",2,"+",1,2,5,5,"my_test_sample",2,1,0,1,"GTAG",NA,"ANCHOR_UNIQUE,CANONICAL,CIRCULAR,GOOD_EXT,UNAMBIGUOUS_BP"
"2440","22",31648100,31650778,"hsa_circ_006629",2,"-",1,2,40,5,"my_test_sample",2,0,0,1,"GTAG",NA,"ANCHOR_UNIQUE,CANONICAL,CIRCULAR,PERFECT_EXT,UNAMBIGUOUS_BP"
"2441","10",60979854,60980005,"hsa_circ_006635",2,"+",2,2,40,40,"my_test_sample",2,0,0,1,"GTAG",NA,"ANCHOR_UNIQUE,CANONICAL,CIRCULAR,PERFECT_EXT,UNAMBIGUOUS_BP"
"2442","3",14371796,14371967,"hsa_circ_006636",2,"+",1,2,5,40,"my_test_sample",2,2,1,1,"GTAG",NA,"ANCHOR_UNIQUE,CANONICAL,CIRCULAR,OK_EXT,UNAMBIGUOUS_BP"
"2443","17",69386873,69387162,"hsa_circ_006641",3,"+",3,3,40,40,"my_test_sample",3,0,0,1,"GTAG",NA,"ANCHOR_UNIQUE,CANONICAL,CIRCULAR,PERFECT_EXT,UNAMBIGUOUS_BP"
"2444","7",55510429,55512865,"hsa_circ_006642",3,"-",2,3,5,5,"my_test_sample",3,0,0,1,"GTAG",NA,"ANCHOR_UNIQUE,CANONICAL,CIRCULAR,PERFECT_EXT,UNAMBIGUOUS_BP"
"2445","10",84438511,84477664,"hsa_circ_006645",2,"+",1,2,5,40,"my_test_sample",2,0,0,1,"GTAG",NA,"ANCHOR_UNIQUE,CANONICAL,CIRCULAR,PERFECT_EXT,UNAMBIGUOUS_BP"
"2446","13",111166139,111166332,"hsa_circ_006649",3,"+",1,3,40,40,"my_test_sample",3,1,0,1,"GTAG",NA,"ANCHOR_UNIQUE,CANONICAL,CIRCULAR,GOOD_EXT,UNAMBIGUOUS_BP"
"2447","5",63051533,63102675,"hsa_circ_006650",2,"+",1,2,5,5,"my_test_sample",2,0,0,1,"GTAG",NA,"ANCHOR_UNIQUE,CANONICAL,CIRCULAR,PERFECT_EXT,UNAMBIGUOUS_BP"
"2448","15",68036545,68036711,"hsa_circ_006654",2,"-",1,2,5,35,"my_test_sample",2,1,0,1,"GTAG",NA,"ANCHOR_UNIQUE,CANONICAL,CIRCULAR,GOOD_EXT,UNAMBIGUOUS_BP"
"2449","X",34183785,34183938,"hsa_circ_006655",2,"-",1,2,40,40,"my_test_sample",2,1,0,1,"GTAG",NA,"ANCHOR_UNIQUE,CANONICAL,CIRCULAR,GOOD_EXT,UNAMBIGUOUS_BP"
"2450","2",101947644,101947852,"hsa_circ_006656",2,"+",1,2,5,5,"my_test_sample",2,2,0,1,"GTAG",NA,"ANCHOR_UNIQUE,CANONICAL,CIRCULAR,OK_EXT,UNAMBIGUOUS_BP"
"2451","22",20010285,20010454,"hsa_circ_006664",2,"-",2,2,5,40,"my_test_sample",2,0,0,1,"GTAG",NA,"ANCHOR_UNIQUE,CANONICAL,CIRCULAR,PERFECT_EXT,UNAMBIGUOUS_BP"
"2452","16",85633913,85634132,"hsa_circ_006666",4,"+",3,4,40,40,"my_test_sample",4,0,0,1,"GTAG",NA,"ANCHOR_UNIQUE,CANONICAL,CIRCULAR,PERFECT_EXT,UNAMBIGUOUS_BP"
"2453","3",167994969,167995123,"hsa_circ_006667",4,"-",1,4,5,40,"my_test_sample",4,0,0,1,"GTAG",NA,"ANCHOR_UNIQUE,CANONICAL,CIRCULAR,PERFECT_EXT,UNAMBIGUOUS_BP"
"2454","13",112854278,112862575,"hsa_circ_006668",2,"+",2,2,40,37,"my_test_sample",2,1,0,1,"GTAG",NA,"ANCHOR_UNIQUE,CANONICAL,CIRCULAR,GOOD_EXT,UNAMBIGUOUS_BP"
"2455","5",73074741,73077493,"hsa_circ_006673",3,"+",3,3,40,5,"my_test_sample",3,0,0,1,"GTAG",NA,"ANCHOR_UNIQUE,CANONICAL,CIRCULAR,PERFECT_EXT,UNAMBIGUOUS_BP"
"2456","19",29667055,29667217,"hsa_circ_006674",3,"-",1,3,5,5,"my_test_sample",3,0,0,1,"GTAG",NA,"ANCHOR_UNIQUE,CANONICAL,CIRCULAR,PERFECT_EXT,UNAMBIGUOUS_BP"
"2457","9",101604514,101604691,"hsa_circ_006676",3,"-",2,3,5,40,"my_test_sample",3,2,0,1,"GTAG",NA,"ANCHOR_UNIQUE,CANONICAL,CIRCULAR,OK_EXT,UNAMBIGUOUS_BP"
"2458","8",102816066,102816236,"hsa_circ_006682",2,"+",2,2,5,40,"my_test_sample",2,1,0,1,"GTAG",NA,"ANCHOR_UNIQUE,CANONICAL,CIRCULAR,GOOD_EXT,UNAMBIGUOUS_BP"
"2459","20",50561037,50561187,"hsa_circ_006686",3,"-",2,3,35,5,"my_test_sample",3,0,0,1,"GTAG",NA,"ANCHOR_UNIQUE,CANONICAL,CIRCULAR,PERFECT_EXT,UNAMBIGUOUS_BP"
"2460","19",14567180,14567664,"hsa_circ_006687",2,"-",2,2,5,40,"my_test_sample",2,0,0,1,"GTAG",NA,"ANCHOR_UNIQUE,CANONICAL,CIRCULAR,PERFECT_EXT,UNAMBIGUOUS_BP"
"2461","X",58086700,58087045,"hsa_circ_006690",2,"-",1,2,5,40,"my_test_sample",2,0,0,1,"GTAG",NA,"ANCHOR_UNIQUE,CANONICAL,CIRCULAR,PERFECT_EXT,UNAMBIGUOUS_BP"
"2462","6",110375586,110375741,"hsa_circ_006691",2,"+",1,2,40,40,"my_test_sample",2,1,0,1,"GTAG",NA,"ANCHOR_UNIQUE,CANONICAL,CIRCULAR,GOOD_EXT,UNAMBIGUOUS_BP"
"2463","2",123454156,123454390,"hsa_circ_006694",3,"-",1,3,40,5,"my_test_sample",3,1,0,1,"GTAG",NA,"ANCHOR_UNIQUE,CANONICAL,CIRCULAR,GOOD_EXT,UNAMBIGUOUS_BP"
"2464","15",72777005,72777157,"hsa_circ_006697",4,"-",2,4,40,5,"my_test_sample",4,0,0,1,"GTAG",NA,"ANCHOR_UNIQUE,CANONICAL,CIRCULAR,PERFECT_EXT,UNAMBIGUOUS_BP"
"2465","21",43967945,43978121,"hsa_circ_006701",2,"+",1,2,40,5,"my_test_sample",2,0,0,1,"GTAG",NA,"ANCHOR_UNIQUE,CANONICAL,CIRCULAR,PERFECT_EXT,UNAMBIGUOUS_BP"
"2466","19",618141,618316,"hsa_circ_006702",3,"-",3,3,40,40,"my_test_sample",3,0,0,1,"GTAG",NA,"ANCHOR_UNIQUE,CANONICAL,CIRCULAR,PERFECT_EXT,UNAMBIGUOUS_BP"
"2467","5",3614803,3615181,"hsa_circ_006707",2,"-",1,2,5,5,"my_test_sample",2,2,0,1,"GTAG",NA,"ANCHOR_UNIQUE,CANONICAL,CIRCULAR,OK_EXT,UNAMBIGUOUS_BP"
"2468","5",98678593,98678761,"hsa_circ_006709",2,"+",1,2,40,40,"my_test_sample",2,2,0,1,"GTAG",NA,"ANCHOR_UNIQUE,CANONICAL,CIRCULAR,OK_EXT,UNAMBIGUOUS_BP"
"2469","5",159570029,159570215,"hsa_circ_006711",2,"-",1,2,5,5,"my_test_sample",2,1,0,1,"GTAG",NA,"ANCHOR_UNIQUE,CANONICAL,CIRCULAR,GOOD_EXT,UNAMBIGUOUS_BP"
"2470","X",112889606,112889810,"hsa_circ_006714",3,"+",1,3,5,40,"my_test_sample",3,1,0,1,"GTAG",NA,"ANCHOR_UNIQUE,CANONICAL,CIRCULAR,GOOD_EXT,UNAMBIGUOUS_BP"
"2471","5",19653603,19653786,"hsa_circ_006716",3,"-",1,3,5,40,"my_test_sample",3,1,0,1,"GTAG",NA,"ANCHOR_UNIQUE,CANONICAL,CIRCULAR,GOOD_EXT,UNAMBIGUOUS_BP"
"2472","19",3261347,3261588,"hsa_circ_006719",4,"+",2,4,5,5,"my_test_sample",4,0,0,1,"GTAG",NA,"ANCHOR_UNIQUE,CANONICAL,CIRCULAR,PERFECT_EXT,UNAMBIGUOUS_BP"
"2473","7",56214886,56215045,"hsa_circ_006722",5,"-",5,5,37,5,"my_test_sample",5,0,0,1,"GTAG",NA,"ANCHOR_UNIQUE,CANONICAL,CIRCULAR,PERFECT_EXT,UNAMBIGUOUS_BP"
"2474","3",37969812,37969994,"hsa_circ_006731",2,"-",2,2,40,40,"my_test_sample",2,1,0,1,"GTAG",NA,"ANCHOR_UNIQUE,CANONICAL,CIRCULAR,GOOD_EXT,UNAMBIGUOUS_BP"
"2475","11",133517866,133518138,"hsa_circ_006732",2,"+",2,2,5,5,"my_test_sample",2,1,0,1,"GTAG",NA,"ANCHOR_UNIQUE,CANONICAL,CIRCULAR,GOOD_EXT,UNAMBIGUOUS_BP"
"2476","6",38473257,38473517,"hsa_circ_006735",2,"-",1,2,5,5,"my_test_sample",2,1,0,1,"GTAG",NA,"ANCHOR_UNIQUE,CANONICAL,CIRCULAR,GOOD_EXT,UNAMBIGUOUS_BP"
"2477","11",75971377,75971541,"hsa_circ_006740",2,"+",2,2,5,5,"my_test_sample",2,1,0,1,"GTAG",NA,"ANCHOR_UNIQUE,CANONICAL,CIRCULAR,GOOD_EXT,UNAMBIGUOUS_BP"
"2478","19",58496865,58497038,"hsa_circ_006741",3,"-",1,3,40,40,"my_test_sample",3,1,0,1,"GTAG",NA,"ANCHOR_UNIQUE,CANONICAL,CIRCULAR,GOOD_EXT,UNAMBIGUOUS_BP"
"2479","21",19343083,19343269,"hsa_circ_006742",2,"-",1,2,40,5,"my_test_sample",2,2,0,1,"GTAG",NA,"ANCHOR_UNIQUE,CANONICAL,CIRCULAR,OK_EXT,UNAMBIGUOUS_BP"
"2480","11",103158434,103158596,"hsa_circ_006751",2,"+",1,2,40,5,"my_test_sample",2,1,0,1,"GTAG",NA,"ANCHOR_UNIQUE,CANONICAL,CIRCULAR,GOOD_EXT,UNAMBIGUOUS_BP"
"2481","5",8308283,8308577,"hsa_circ_006754",3,"+",1,3,40,40,"my_test_sample",3,2,0,1,"GTAG",NA,"ANCHOR_UNIQUE,CANONICAL,CIRCULAR,OK_EXT,UNAMBIGUOUS_BP"
"2482","16",30479090,30479461,"hsa_circ_006756",2,"+",1,2,5,40,"my_test_sample",2,0,0,1,"GTAG",NA,"ANCHOR_UNIQUE,CANONICAL,CIRCULAR,PERFECT_EXT,UNAMBIGUOUS_BP"
"2483","13",112277238,112277442,"hsa_circ_006757",2,"+",1,2,5,40,"my_test_sample",2,2,0,1,"GTAG",NA,"ANCHOR_UNIQUE,CANONICAL,CIRCULAR,OK_EXT,UNAMBIGUOUS_BP"
"2484","12",67522236,67523591,"hsa_circ_006759",2,"-",2,2,40,5,"my_test_sample",2,1,0,1,"GTAG",NA,"ANCHOR_UNIQUE,CANONICAL,CIRCULAR,GOOD_EXT,UNAMBIGUOUS_BP"
"2485","3",125138776,125138926,"hsa_circ_006767",2,"+",1,2,3,40,"my_test_sample",2,1,0,1,"GTAG",NA,"ANCHOR_UNIQUE,CANONICAL,CIRCULAR,GOOD_EXT,UNAMBIGUOUS_BP"
"2486","19",50030853,50031091,"hsa_circ_006769",2,"+",1,2,5,40,"my_test_sample",2,0,0,1,"GTAG",NA,"ANCHOR_UNIQUE,CANONICAL,CIRCULAR,PERFECT_EXT,UNAMBIGUOUS_BP"
"2487","1",176523859,176524042,"hsa_circ_006770",4,"-",2,3,5,5,"my_test_sample",4,1,0,1,"GTAG",NA,"ANCHOR_UNIQUE,CANONICAL,CIRCULAR,GOOD_EXT,UNAMBIGUOUS_BP"
"2488","3",41189819,41189991,"hsa_circ_006773",2,"+",1,2,40,40,"my_test_sample",2,0,0,1,"GTAG",NA,"ANCHOR_UNIQUE,CANONICAL,CIRCULAR,PERFECT_EXT,UNAMBIGUOUS_BP"
"2489","12",16356832,16357016,"hsa_circ_006774",6,"-",2,6,5,40,"my_test_sample",6,0,0,1,"GTAG",NA,"ANCHOR_UNIQUE,CANONICAL,CIRCULAR,PERFECT_EXT,UNAMBIGUOUS_BP"
"2490","2",95311842,95312055,"hsa_circ_006775",2,"+",1,2,40,35,"my_test_sample",2,1,0,1,"GTAG",NA,"ANCHOR_UNIQUE,CANONICAL,CIRCULAR,GOOD_EXT,UNAMBIGUOUS_BP"
"2491","11",119423711,119423952,"hsa_circ_006776",2,"+",1,2,5,5,"my_test_sample",2,0,0,1,"GTAG",NA,"ANCHOR_UNIQUE,CANONICAL,CIRCULAR,PERFECT_EXT,UNAMBIGUOUS_BP"
"2492","12",112858468,112858628,"hsa_circ_006779",2,"-",1,2,5,40,"my_test_sample",2,0,0,1,"GTAG",NA,"ANCHOR_UNIQUE,CANONICAL,CIRCULAR,PERFECT_EXT,UNAMBIGUOUS_BP"
"2493","5",13952344,13952508,"hsa_circ_006783",4,"+",1,4,5,5,"my_test_sample",4,2,0,1,"GTAG",NA,"ANCHOR_UNIQUE,CANONICAL,CIRCULAR,OK_EXT,UNAMBIGUOUS_BP"
"2494","12",1289851,1371977,"hsa_circ_006786",2,"+",1,2,5,40,"my_test_sample",2,0,0,1,"GTAG",NA,"ANCHOR_UNIQUE,CANONICAL,CIRCULAR,PERFECT_EXT,UNAMBIGUOUS_BP"
"2495","16",76981753,76981956,"hsa_circ_006789",3,"+",1,3,4,5,"my_test_sample",3,1,0,1,"GTAG",NA,"ANCHOR_UNIQUE,CANONICAL,CIRCULAR,GOOD_EXT,UNAMBIGUOUS_BP"
"2496","1",30329801,30329991,"hsa_circ_006790",2,"+",1,2,5,5,"my_test_sample",2,0,0,1,"GTAG",NA,"ANCHOR_UNIQUE,CANONICAL,CIRCULAR,PERFECT_EXT,UNAMBIGUOUS_BP"
"2497","15",38072133,38072322,"hsa_circ_006795",2,"+",1,2,40,5,"my_test_sample",2,2,0,1,"GTAG",NA,"ANCHOR_UNIQUE,CANONICAL,CIRCULAR,OK_EXT,UNAMBIGUOUS_BP"
"2498","15",25733893,25734058,"hsa_circ_006799",2,"+",1,2,40,40,"my_test_sample",2,1,0,1,"GTAG",NA,"ANCHOR_UNIQUE,CANONICAL,CIRCULAR,GOOD_EXT,UNAMBIGUOUS_BP"
"2499","4",92409535,92410629,"hsa_circ_006804",3,"-",1,3,5,40,"my_test_sample",3,0,0,1,"GTAG",NA,"ANCHOR_UNIQUE,CANONICAL,CIRCULAR,PERFECT_EXT,UNAMBIGUOUS_BP"
"2500","10",106027711,106028003,"hsa_circ_006809",4,"-",1,4,40,40,"my_test_sample",4,1,0,1,"GTAG",NA,"ANCHOR_UNIQUE,CANONICAL,CIRCULAR,GOOD_EXT,UNAMBIGUOUS_BP"
"2501","19",29695819,29695983,"hsa_circ_006810",2,"-",2,2,5,40,"my_test_sample",2,0,0,1,"GTAG",NA,"ANCHOR_UNIQUE,CANONICAL,CIRCULAR,PERFECT_EXT,UNAMBIGUOUS_BP"
"2502","6",157545053,157545236,"hsa_circ_006812",3,"-",2,3,5,40,"my_test_sample",3,1,0,1,"GTAG",NA,"ANCHOR_UNIQUE,CANONICAL,CIRCULAR,GOOD_EXT,UNAMBIGUOUS_BP"
"2503","10",132402123,132402301,"hsa_circ_006814",2,"+",1,2,40,40,"my_test_sample",2,1,0,1,"GTAG",NA,"ANCHOR_UNIQUE,CANONICAL,CIRCULAR,GOOD_EXT,UNAMBIGUOUS_BP"
"2504","7",157822914,157823068,"hsa_circ_006826",2,"-",1,2,40,40,"my_test_sample",2,2,0,1,"GTAG",NA,"ANCHOR_UNIQUE,CANONICAL,CIRCULAR,OK_EXT,UNAMBIGUOUS_BP"
"2505","8",69337901,69338058,"hsa_circ_006831",2,"+",1,2,5,40,"my_test_sample",2,1,0,1,"GTAG",NA,"ANCHOR_UNIQUE,CANONICAL,CIRCULAR,GOOD_EXT,UNAMBIGUOUS_BP"
"2506","14",59018585,59018765,"hsa_circ_006835",3,"+",1,3,5,5,"my_test_sample",3,0,0,1,"GTAG",NA,"ANCHOR_UNIQUE,CANONICAL,CIRCULAR,PERFECT_EXT,UNAMBIGUOUS_BP"
"2507","5",150061563,150061753,"hsa_circ_006836",2,"-",2,2,5,5,"my_test_sample",2,0,0,1,"GTAG",NA,"ANCHOR_UNIQUE,CANONICAL,CIRCULAR,PERFECT_EXT,UNAMBIGUOUS_BP"
"2508","10",125986520,125986739,"hsa_circ_006848",2,"-",2,2,5,5,"my_test_sample",2,1,0,1,"GTAG",NA,"ANCHOR_UNIQUE,CANONICAL,CIRCULAR,GOOD_EXT,UNAMBIGUOUS_BP"
"2509","6",40676595,40676759,"hsa_circ_006849",3,"-",1,3,5,40,"my_test_sample",3,0,0,1,"GTAG",NA,"ANCHOR_UNIQUE,CANONICAL,CIRCULAR,PERFECT_EXT,UNAMBIGUOUS_BP"
"2510","4",184314747,184314919,"hsa_circ_006861",4,"+",4,4,40,40,"my_test_sample",4,0,0,1,"GTAG",NA,"ANCHOR_UNIQUE,CANONICAL,CIRCULAR,PERFECT_EXT,UNAMBIGUOUS_BP"
"2511","3",123731165,123731322,"hsa_circ_006864",2,"-",2,2,40,40,"my_test_sample",2,0,0,1,"GTAG",NA,"ANCHOR_UNIQUE,CANONICAL,CIRCULAR,PERFECT_EXT,UNAMBIGUOUS_BP"
"2512","2",100814577,100814731,"hsa_circ_006865",2,"+",1,2,5,5,"my_test_sample",2,2,0,1,"GTAG",NA,"ANCHOR_UNIQUE,CANONICAL,CIRCULAR,OK_EXT,UNAMBIGUOUS_BP"
"2513","11",73537002,73537167,"hsa_circ_006867",4,"+",1,4,5,40,"my_test_sample",4,2,0,1,"GTAG",NA,"ANCHOR_UNIQUE,CANONICAL,CIRCULAR,OK_EXT,UNAMBIGUOUS_BP"
"2514","6",138186294,138186498,"hsa_circ_006868",3,"+",2,3,40,5,"my_test_sample",3,0,0,1,"GTAG",NA,"ANCHOR_UNIQUE,CANONICAL,CIRCULAR,PERFECT_EXT,UNAMBIGUOUS_BP"
"2515","1",154785202,154785369,"hsa_circ_006871",2,"+",1,2,5,5,"my_test_sample",2,1,1,1,"GTAG",NA,"ANCHOR_UNIQUE,CANONICAL,CIRCULAR,GOOD_EXT,UNAMBIGUOUS_BP"
"2516","19",6311807,6311970,"hsa_circ_006874",2,"-",1,2,40,40,"my_test_sample",2,2,0,1,"GTAG",NA,"ANCHOR_UNIQUE,CANONICAL,CIRCULAR,OK_EXT,UNAMBIGUOUS_BP"
"2517","7",141354803,141354996,"hsa_circ_006877",2,"-",1,2,5,40,"my_test_sample",2,0,0,1,"GTAG",NA,"ANCHOR_UNIQUE,CANONICAL,CIRCULAR,PERFECT_EXT,UNAMBIGUOUS_BP"
"2518","2",104513770,104513918,"hsa_circ_006879",2,"-",1,2,5,5,"my_test_sample",2,0,0,1,"GTAG",NA,"ANCHOR_UNIQUE,CANONICAL,CIRCULAR,PERFECT_EXT,UNAMBIGUOUS_BP"
"2519","7",94357951,94358154,"hsa_circ_006887",3,"-",1,3,5,40,"my_test_sample",3,2,0,1,"GTAG",NA,"ANCHOR_UNIQUE,CANONICAL,CIRCULAR,OK_EXT,UNAMBIGUOUS_BP"
"2520","1",17695328,17695508,"hsa_circ_006888",2,"+",1,2,35,5,"my_test_sample",2,0,0,1,"GTAG",NA,"ANCHOR_UNIQUE,CANONICAL,CIRCULAR,PERFECT_EXT,UNAMBIGUOUS_BP"
"2521","12",114720850,114721007,"hsa_circ_006897",3,"+",1,3,5,5,"my_test_sample",3,1,0,1,"GTAG",NA,"ANCHOR_UNIQUE,CANONICAL,CIRCULAR,GOOD_EXT,UNAMBIGUOUS_BP"
"2522","5",158454020,158454539,"hsa_circ_006902",2,"-",1,2,5,40,"my_test_sample",2,2,0,1,"GTAG",NA,"ANCHOR_UNIQUE,CANONICAL,CIRCULAR,OK_EXT,UNAMBIGUOUS_BP"
"2523","16",19100342,19100534,"hsa_circ_006906",3,"+",1,3,5,5,"my_test_sample",3,0,0,1,"GTAG",NA,"ANCHOR_UNIQUE,CANONICAL,CIRCULAR,PERFECT_EXT,UNAMBIGUOUS_BP"
"2524","19",56104456,56104699,"hsa_circ_006907",2,"-",2,2,5,40,"my_test_sample",2,1,0,1,"GTAG",NA,"ANCHOR_UNIQUE,CANONICAL,CIRCULAR,GOOD_EXT,UNAMBIGUOUS_BP"
"2525","1",231576954,231577129,"hsa_circ_006916",2,"-",1,2,5,5,"my_test_sample",2,1,0,1,"GTAG",NA,"ANCHOR_UNIQUE,CANONICAL,CIRCULAR,GOOD_EXT,UNAMBIGUOUS_BP"
"2526","3",194303237,194303407,"hsa_circ_006917",2,"+",1,2,40,40,"my_test_sample",2,1,1,1,"GTAG",NA,"ANCHOR_UNIQUE,CANONICAL,CIRCULAR,GOOD_EXT,UNAMBIGUOUS_BP"
"2527","6",133453956,133454138,"hsa_circ_006918",2,"-",1,2,5,5,"my_test_sample",2,2,0,1,"GTAG",NA,"ANCHOR_UNIQUE,CANONICAL,CIRCULAR,OK_EXT,UNAMBIGUOUS_BP"
"2528","18",31677895,31678080,"hsa_circ_006921",2,"+",1,2,40,40,"my_test_sample",2,0,1,1,"GTAG",NA,"ANCHOR_UNIQUE,CANONICAL,CIRCULAR,GOOD_EXT,UNAMBIGUOUS_BP"
"2529","6",20327446,20327658,"hsa_circ_006925",2,"-",2,2,5,40,"my_test_sample",2,1,0,1,"GTAG",NA,"ANCHOR_UNIQUE,CANONICAL,CIRCULAR,GOOD_EXT,UNAMBIGUOUS_BP"
"2530","22",27897534,27897720,"hsa_circ_006932",2,"-",2,2,40,40,"my_test_sample",2,1,0,1,"GTAG",NA,"ANCHOR_UNIQUE,CANONICAL,CIRCULAR,GOOD_EXT,UNAMBIGUOUS_BP"
"2531","1",234831566,234831785,"hsa_circ_006933",2,"+",1,2,4,40,"my_test_sample",2,0,0,1,"GTAG",NA,"ANCHOR_UNIQUE,CANONICAL,CIRCULAR,PERFECT_EXT,UNAMBIGUOUS_BP"
"2532","5",63471736,63471904,"hsa_circ_006935",2,"-",1,2,40,5,"my_test_sample",2,0,0,1,"GTAG",NA,"ANCHOR_UNIQUE,CANONICAL,CIRCULAR,PERFECT_EXT,UNAMBIGUOUS_BP"
"2533","X",53450487,53450665,"hsa_circ_006937",2,"-",1,2,5,40,"my_test_sample",2,0,0,1,"GTAG",NA,"ANCHOR_UNIQUE,CANONICAL,CIRCULAR,PERFECT_EXT,UNAMBIGUOUS_BP"
"2534","1",14260196,14260386,"hsa_circ_006941",3,"+",1,3,40,40,"my_test_sample",3,1,0,1,"GTAG",NA,"ANCHOR_UNIQUE,CANONICAL,CIRCULAR,GOOD_EXT,UNAMBIGUOUS_BP"
"2535","3",160012242,160012407,"hsa_circ_006942",2,"-",1,2,5,5,"my_test_sample",2,2,0,1,"GTAG",NA,"ANCHOR_UNIQUE,CANONICAL,CIRCULAR,OK_EXT,UNAMBIGUOUS_BP"
"2536","1",97065621,97065803,"hsa_circ_006944",3,"+",1,3,40,5,"my_test_sample",3,1,0,1,"GTAG",NA,"ANCHOR_UNIQUE,CANONICAL,CIRCULAR,GOOD_EXT,UNAMBIGUOUS_BP"
"2537","1",152985362,153032525,"hsa_circ_006945",2,"+",2,1,5,5,"my_test_sample",2,2,0,1,"GTAG",NA,"ANCHOR_UNIQUE,CANONICAL,CIRCULAR,OK_EXT,UNAMBIGUOUS_BP"
"2538","10",67607341,67607508,"hsa_circ_006947",2,"+",1,2,40,5,"my_test_sample",2,0,0,1,"GTAG",NA,"ANCHOR_UNIQUE,CANONICAL,CIRCULAR,PERFECT_EXT,UNAMBIGUOUS_BP"
"2539","19",18175039,18175697,"hsa_circ_006952",2,"+",2,2,5,40,"my_test_sample",2,0,0,1,"GTAG",NA,"ANCHOR_UNIQUE,CANONICAL,CIRCULAR,PERFECT_EXT,UNAMBIGUOUS_BP"
"2540","9",17588743,17588939,"hsa_circ_006953",3,"+",1,3,5,40,"my_test_sample",3,1,0,1,"GTAG",NA,"ANCHOR_UNIQUE,CANONICAL,CIRCULAR,GOOD_EXT,UNAMBIGUOUS_BP"
"2541","8",80574361,80574557,"hsa_circ_006956",3,"-",1,3,5,5,"my_test_sample",3,2,2,1,"GTAG",NA,"ANCHOR_UNIQUE,CANONICAL,CIRCULAR,OK_EXT,UNAMBIGUOUS_BP"
"2542","9",69442999,69443322,"hsa_circ_006964",2,"-",1,2,40,5,"my_test_sample",2,1,0,1,"GTAG",NA,"ANCHOR_UNIQUE,CANONICAL,CIRCULAR,GOOD_EXT,UNAMBIGUOUS_BP"
"2543","7",41240167,41240369,"hsa_circ_006965",2,"-",1,2,5,40,"my_test_sample",2,2,0,1,"GTAG",NA,"ANCHOR_UNIQUE,CANONICAL,CIRCULAR,OK_EXT,UNAMBIGUOUS_BP"
"2544","8",11434967,11435118,"hsa_circ_006969",2,"-",1,2,5,5,"my_test_sample",2,0,1,1,"GTAG",NA,"ANCHOR_UNIQUE,CANONICAL,CIRCULAR,GOOD_EXT,UNAMBIGUOUS_BP"
"2545","1",22604757,22604937,"hsa_circ_006975",2,"+",1,2,40,5,"my_test_sample",2,0,0,1,"GTAG",NA,"ANCHOR_UNIQUE,CANONICAL,CIRCULAR,PERFECT_EXT,UNAMBIGUOUS_BP"
"2546","10",110023311,110023503,"hsa_circ_006984",4,"-",1,4,5,5,"my_test_sample",4,2,0,1,"GTAG",NA,"ANCHOR_UNIQUE,CANONICAL,CIRCULAR,OK_EXT,UNAMBIGUOUS_BP"
"2547","2",28087228,28087406,"hsa_circ_006986",5,"+",2,5,5,40,"my_test_sample",5,2,0,1,"GTAG",NA,"ANCHOR_UNIQUE,CANONICAL,CIRCULAR,OK_EXT,UNAMBIGUOUS_BP"
"2548","20",34918956,34919144,"hsa_circ_006993",2,"-",1,2,40,5,"my_test_sample",2,0,0,1,"GTAG",NA,"ANCHOR_UNIQUE,CANONICAL,CIRCULAR,PERFECT_EXT,UNAMBIGUOUS_BP"
"2549","8",32662227,32662398,"hsa_circ_006994",3,"+",1,3,5,5,"my_test_sample",3,2,0,1,"GTAG",NA,"ANCHOR_UNIQUE,CANONICAL,CIRCULAR,OK_EXT,UNAMBIGUOUS_BP"
"2550","10",104885693,104885917,"hsa_circ_006996",2,"+",1,2,5,5,"my_test_sample",2,1,0,1,"GTAG",NA,"ANCHOR_UNIQUE,CANONICAL,CIRCULAR,GOOD_EXT,UNAMBIGUOUS_BP"
"2551","19",20892666,20892854,"hsa_circ_006998",3,"-",1,3,5,5,"my_test_sample",3,2,0,1,"GTAG",NA,"ANCHOR_UNIQUE,CANONICAL,CIRCULAR,OK_EXT,UNAMBIGUOUS_BP"
"2552","1",30287681,30287840,"hsa_circ_007000",2,"+",1,2,5,40,"my_test_sample",2,1,0,1,"GTAG",NA,"ANCHOR_UNIQUE,CANONICAL,CIRCULAR,GOOD_EXT,UNAMBIGUOUS_BP"
"2553","11",42702825,42702983,"hsa_circ_007002",3,"+",1,3,40,40,"my_test_sample",3,2,0,1,"GTAG",NA,"ANCHOR_UNIQUE,CANONICAL,CIRCULAR,OK_EXT,UNAMBIGUOUS_BP"
"2554","12",106836900,106837053,"hsa_circ_007003",2,"-",1,2,5,5,"my_test_sample",2,1,0,1,"GTAG",NA,"ANCHOR_UNIQUE,CANONICAL,CIRCULAR,GOOD_EXT,UNAMBIGUOUS_BP"
"2555","17",58216087,58216736,"hsa_circ_007007",2,"-",1,2,5,5,"my_test_sample",2,0,0,1,"GTAG",NA,"ANCHOR_UNIQUE,CANONICAL,CIRCULAR,PERFECT_EXT,UNAMBIGUOUS_BP"
"2556","18",9887058,9887373,"hsa_circ_007010",3,"-",1,3,5,35,"my_test_sample",3,0,1,1,"GTAG",NA,"ANCHOR_UNIQUE,CANONICAL,CIRCULAR,GOOD_EXT,UNAMBIGUOUS_BP"
"2557","10",20698282,20698496,"hsa_circ_007012",2,"+",1,2,5,40,"my_test_sample",2,1,0,1,"GTAG",NA,"ANCHOR_UNIQUE,CANONICAL,CIRCULAR,GOOD_EXT,UNAMBIGUOUS_BP"
"2558","11",35415833,35416008,"hsa_circ_007017",3,"-",1,3,5,40,"my_test_sample",3,2,0,1,"GTAG",NA,"ANCHOR_UNIQUE,CANONICAL,CIRCULAR,OK_EXT,UNAMBIGUOUS_BP"
"2559","1",91171772,91171938,"hsa_circ_007018",3,"+",2,3,5,40,"my_test_sample",3,1,0,1,"GTAG",NA,"ANCHOR_UNIQUE,CANONICAL,CIRCULAR,GOOD_EXT,UNAMBIGUOUS_BP"
"2560","5",133968115,133968267,"hsa_circ_007023",2,"-",2,2,40,5,"my_test_sample",2,0,0,1,"GTAG",NA,"ANCHOR_UNIQUE,CANONICAL,CIRCULAR,PERFECT_EXT,UNAMBIGUOUS_BP"
"2561","10",24442124,24442299,"hsa_circ_007026",2,"-",1,2,40,40,"my_test_sample",2,1,0,1,"GTAG",NA,"ANCHOR_UNIQUE,CANONICAL,CIRCULAR,GOOD_EXT,UNAMBIGUOUS_BP"
"2562","3",52392136,52392304,"hsa_circ_007031",2,"-",1,2,40,5,"my_test_sample",2,1,0,1,"GTAG",NA,"ANCHOR_UNIQUE,CANONICAL,CIRCULAR,GOOD_EXT,UNAMBIGUOUS_BP"
"2563","17",48996657,48996852,"hsa_circ_007033",3,"+",1,3,40,40,"my_test_sample",3,1,0,1,"GTAG",NA,"ANCHOR_UNIQUE,CANONICAL,CIRCULAR,GOOD_EXT,UNAMBIGUOUS_BP"
"2564","2",219334445,219334617,"hsa_circ_007035",3,"-",1,3,40,5,"my_test_sample",3,0,0,1,"GTAG",NA,"ANCHOR_UNIQUE,CANONICAL,CIRCULAR,PERFECT_EXT,UNAMBIGUOUS_BP"
"2565","15",37613508,37613672,"hsa_circ_007044",3,"-",1,3,40,40,"my_test_sample",3,0,0,1,"GTAG",NA,"ANCHOR_UNIQUE,CANONICAL,CIRCULAR,PERFECT_EXT,UNAMBIGUOUS_BP"
"2566","10",114063316,114063567,"hsa_circ_007045",2,"+",2,2,37,5,"my_test_sample",2,0,0,1,"GTAG",NA,"ANCHOR_UNIQUE,CANONICAL,CIRCULAR,PERFECT_EXT,UNAMBIGUOUS_BP"
"2567","8",24826957,24827141,"hsa_circ_007049",3,"+",1,3,40,5,"my_test_sample",3,1,0,1,"GTAG",NA,"ANCHOR_UNIQUE,CANONICAL,CIRCULAR,GOOD_EXT,UNAMBIGUOUS_BP"
"2568","19",7643749,7643954,"hsa_circ_007051",2,"+",1,2,35,5,"my_test_sample",2,0,0,1,"GTAG",NA,"ANCHOR_UNIQUE,CANONICAL,CIRCULAR,PERFECT_EXT,UNAMBIGUOUS_BP"
"2569","18",12680661,12691487,"hsa_circ_007052",8,"-",3,8,5,40,"my_test_sample",8,0,0,1,"GTAG",NA,"ANCHOR_UNIQUE,CANONICAL,CIRCULAR,PERFECT_EXT,UNAMBIGUOUS_BP"
"2570","1",111809033,111809183,"hsa_circ_007057",2,"+",1,2,40,5,"my_test_sample",2,2,0,1,"GTAG",NA,"ANCHOR_UNIQUE,CANONICAL,CIRCULAR,OK_EXT,UNAMBIGUOUS_BP"
"2571","2",64633321,64633557,"hsa_circ_007061",3,"+",1,3,5,40,"my_test_sample",3,1,0,1,"GTAG",NA,"ANCHOR_UNIQUE,CANONICAL,CIRCULAR,GOOD_EXT,UNAMBIGUOUS_BP"
"2572","14",75368687,75368870,"hsa_circ_007066",2,"+",1,2,40,5,"my_test_sample",2,1,0,1,"GTAG",NA,"ANCHOR_UNIQUE,CANONICAL,CIRCULAR,GOOD_EXT,UNAMBIGUOUS_BP"
"2573","1",52477707,52481923,"hsa_circ_007067",3,"-",1,3,40,5,"my_test_sample",3,0,0,1,"GTAG",NA,"ANCHOR_UNIQUE,CANONICAL,CIRCULAR,PERFECT_EXT,UNAMBIGUOUS_BP"
"2574","11",72582773,72582954,"hsa_circ_007068",2,"-",2,2,40,40,"my_test_sample",2,1,0,1,"GTAG",NA,"ANCHOR_UNIQUE,CANONICAL,CIRCULAR,GOOD_EXT,UNAMBIGUOUS_BP"
"2575","20",19956614,19960811,"hsa_circ_007070",2,"+",1,2,40,5,"my_test_sample",2,0,0,1,"GTAG",NA,"ANCHOR_UNIQUE,CANONICAL,CIRCULAR,PERFECT_EXT,UNAMBIGUOUS_BP"
"2576","10",111360688,111360872,"hsa_circ_007071",3,"+",2,3,40,40,"my_test_sample",3,1,0,1,"GTAG",NA,"ANCHOR_UNIQUE,CANONICAL,CIRCULAR,GOOD_EXT,UNAMBIGUOUS_BP"
"2577","7",127586630,127586823,"hsa_circ_007079",3,"+",3,3,5,40,"my_test_sample",3,0,0,1,"GTAG",NA,"ANCHOR_UNIQUE,CANONICAL,CIRCULAR,PERFECT_EXT,UNAMBIGUOUS_BP"
"2578","3",33536197,33536365,"hsa_circ_007083",3,"+",2,3,37,40,"my_test_sample",3,0,0,1,"GTAG",NA,"ANCHOR_UNIQUE,CANONICAL,CIRCULAR,PERFECT_EXT,UNAMBIGUOUS_BP"
"2579","9",134851481,134851653,"hsa_circ_007088",5,"+",1,5,5,5,"my_test_sample",5,0,0,1,"GTAG",NA,"ANCHOR_UNIQUE,CANONICAL,CIRCULAR,PERFECT_EXT,UNAMBIGUOUS_BP"
"2580","11",16883479,16883651,"hsa_circ_007093",2,"-",1,2,40,40,"my_test_sample",2,2,0,1,"GTAG",NA,"ANCHOR_UNIQUE,CANONICAL,CIRCULAR,OK_EXT,UNAMBIGUOUS_BP"
"2581","12",101829029,101829208,"hsa_circ_007095",2,"+",2,2,40,40,"my_test_sample",2,1,0,1,"GTAG",NA,"ANCHOR_UNIQUE,CANONICAL,CIRCULAR,GOOD_EXT,UNAMBIGUOUS_BP"
"2582","9",108557933,108558085,"hsa_circ_007097",2,"-",1,2,40,40,"my_test_sample",2,0,0,1,"GTAG",NA,"ANCHOR_UNIQUE,CANONICAL,CIRCULAR,PERFECT_EXT,UNAMBIGUOUS_BP"
"2583","14",70019581,70019741,"hsa_circ_007100",2,"-",2,2,37,5,"my_test_sample",2,1,0,1,"GTAG",NA,"ANCHOR_UNIQUE,CANONICAL,CIRCULAR,GOOD_EXT,UNAMBIGUOUS_BP"
"2584","17",9146362,9146545,"hsa_circ_007101",2,"-",1,2,5,5,"my_test_sample",2,0,0,1,"GTAG",NA,"ANCHOR_UNIQUE,CANONICAL,CIRCULAR,PERFECT_EXT,UNAMBIGUOUS_BP"
"2585","14",103326924,103327105,"hsa_circ_007102",2,"-",2,1,5,5,"my_test_sample",2,1,1,1,"GTAG",NA,"ANCHOR_UNIQUE,CANONICAL,CIRCULAR,GOOD_EXT,UNAMBIGUOUS_BP"
"2586","20",34966333,34966513,"hsa_circ_007103",4,"-",1,4,5,5,"my_test_sample",4,1,0,1,"GTAG",NA,"ANCHOR_UNIQUE,CANONICAL,CIRCULAR,GOOD_EXT,UNAMBIGUOUS_BP"
"2587","9",93197029,93197193,"hsa_circ_007105",3,"-",2,3,5,5,"my_test_sample",3,0,0,1,"GTAG",NA,"ANCHOR_UNIQUE,CANONICAL,CIRCULAR,PERFECT_EXT,UNAMBIGUOUS_BP"
"2588","17",55711215,55711504,"hsa_circ_007108",2,"-",1,2,5,40,"my_test_sample",2,1,0,1,"GTAG",NA,"ANCHOR_UNIQUE,CANONICAL,CIRCULAR,GOOD_EXT,UNAMBIGUOUS_BP"
"2589","9",98180707,98180864,"hsa_circ_007109",4,"-",2,4,40,40,"my_test_sample",4,1,0,1,"GTAG",NA,"ANCHOR_UNIQUE,CANONICAL,CIRCULAR,GOOD_EXT,UNAMBIGUOUS_BP"
"2590","14",64103873,64104037,"hsa_circ_007113",3,"-",1,3,40,5,"my_test_sample",3,1,0,1,"GTAG",NA,"ANCHOR_UNIQUE,CANONICAL,CIRCULAR,GOOD_EXT,UNAMBIGUOUS_BP"
"2591","16",8418470,8418646,"hsa_circ_007119",3,"+",1,3,5,5,"my_test_sample",3,1,0,1,"GTAG",NA,"ANCHOR_UNIQUE,CANONICAL,CIRCULAR,GOOD_EXT,UNAMBIGUOUS_BP"
"2592","1",47485106,47485256,"hsa_circ_007120",2,"+",1,2,5,5,"my_test_sample",2,1,0,1,"GTAG",NA,"ANCHOR_UNIQUE,CANONICAL,CIRCULAR,GOOD_EXT,UNAMBIGUOUS_BP"
"2593","1",223650037,223650202,"hsa_circ_007121",2,"+",1,2,40,5,"my_test_sample",2,2,0,1,"GTAG",NA,"ANCHOR_UNIQUE,CANONICAL,CIRCULAR,OK_EXT,UNAMBIGUOUS_BP"
"2594","5",172494989,172495180,"hsa_circ_007124",2,"-",1,2,40,5,"my_test_sample",2,2,0,1,"GTAG",NA,"ANCHOR_UNIQUE,CANONICAL,CIRCULAR,OK_EXT,UNAMBIGUOUS_BP"
"2595","10",48714596,48714857,"hsa_circ_007128",3,"+",2,3,5,5,"my_test_sample",3,1,0,1,"GTAG",NA,"ANCHOR_UNIQUE,CANONICAL,CIRCULAR,GOOD_EXT,UNAMBIGUOUS_BP"
"2596","9",136589304,136589471,"hsa_circ_007129",2,"+",1,2,5,40,"my_test_sample",2,2,0,1,"GTAG",NA,"ANCHOR_UNIQUE,CANONICAL,CIRCULAR,OK_EXT,UNAMBIGUOUS_BP"
"2597","3",189172053,189172216,"hsa_circ_007131",3,"-",2,3,40,40,"my_test_sample",3,0,0,1,"GTAG",NA,"ANCHOR_UNIQUE,CANONICAL,CIRCULAR,PERFECT_EXT,UNAMBIGUOUS_BP"
"2598","4",6999084,7004924,"hsa_circ_007134",2,"+",1,2,5,40,"my_test_sample",2,0,0,1,"GTAG",NA,"ANCHOR_UNIQUE,CANONICAL,CIRCULAR,PERFECT_EXT,UNAMBIGUOUS_BP"
"2599","7",64631543,64631766,"hsa_circ_007136",3,"+",1,3,5,5,"my_test_sample",3,1,0,1,"GTAG",NA,"ANCHOR_UNIQUE,CANONICAL,CIRCULAR,GOOD_EXT,UNAMBIGUOUS_BP"
"2600","X",56886651,56886805,"hsa_circ_007137",2,"+",2,2,5,40,"my_test_sample",2,0,0,1,"GTAG",NA,"ANCHOR_UNIQUE,CANONICAL,CIRCULAR,PERFECT_EXT,UNAMBIGUOUS_BP"
"2601","6",143743248,143743415,"hsa_circ_007139",2,"+",2,2,40,40,"my_test_sample",2,2,0,1,"GTAG",NA,"ANCHOR_UNIQUE,CANONICAL,CIRCULAR,OK_EXT,UNAMBIGUOUS_BP"
"2602","2",27874605,27874798,"hsa_circ_007140",4,"-",2,4,40,40,"my_test_sample",4,1,0,1,"GTAG",NA,"ANCHOR_UNIQUE,CANONICAL,CIRCULAR,GOOD_EXT,UNAMBIGUOUS_BP"
"2603","15",57461679,57461937,"hsa_circ_007143",2,"+",1,2,40,40,"my_test_sample",2,0,0,1,"GTAG",NA,"ANCHOR_UNIQUE,CANONICAL,CIRCULAR,PERFECT_EXT,UNAMBIGUOUS_BP"
"2604","11",46312324,46312919,"hsa_circ_007144",14,"+",4,14,40,40,"my_test_sample",14,0,0,1,"GTAG",NA,"ANCHOR_UNIQUE,CANONICAL,CIRCULAR,PERFECT_EXT,UNAMBIGUOUS_BP"
"2605","9",4238372,4238541,"hsa_circ_007173",2,"-",1,2,5,40,"my_test_sample",2,0,0,1,"GTAG",NA,"ANCHOR_UNIQUE,CANONICAL,CIRCULAR,PERFECT_EXT,UNAMBIGUOUS_BP"
"2606","17",81855141,81855586,"hsa_circ_007176",2,"-",1,2,40,40,"my_test_sample",2,0,0,1,"GTAG",NA,"ANCHOR_UNIQUE,CANONICAL,CIRCULAR,PERFECT_EXT,UNAMBIGUOUS_BP"
"2607","3",66199326,66199598,"hsa_circ_007177",2,"-",1,2,5,5,"my_test_sample",2,0,0,1,"GTAG",NA,"ANCHOR_UNIQUE,CANONICAL,CIRCULAR,PERFECT_EXT,UNAMBIGUOUS_BP"
"2608","1",162460046,162460210,"hsa_circ_007178",5,"+",1,5,5,5,"my_test_sample",5,2,0,1,"GTAG",NA,"ANCHOR_UNIQUE,CANONICAL,CIRCULAR,OK_EXT,UNAMBIGUOUS_BP"
"2609","17",75485427,75486426,"hsa_circ_007185",4,"+",2,3,40,40,"my_test_sample",4,0,0,1,"GTAG",NA,"ANCHOR_UNIQUE,CANONICAL,CIRCULAR,PERFECT_EXT,UNAMBIGUOUS_BP"
"2610","10",7287589,7287800,"hsa_circ_007187",3,"+",1,3,40,5,"my_test_sample",3,1,0,1,"GTAG",NA,"ANCHOR_UNIQUE,CANONICAL,CIRCULAR,GOOD_EXT,UNAMBIGUOUS_BP"
"2611","5",1845012,1845167,"hsa_circ_007191",2,"-",1,2,5,5,"my_test_sample",2,2,0,1,"GTAG",NA,"ANCHOR_UNIQUE,CANONICAL,CIRCULAR,OK_EXT,UNAMBIGUOUS_BP"
"2612","17",77831322,77831504,"hsa_circ_007196",2,"-",2,2,35,40,"my_test_sample",2,0,2,1,"GTAG",NA,"ANCHOR_UNIQUE,CANONICAL,CIRCULAR,OK_EXT,UNAMBIGUOUS_BP"
"2613","18",32706815,32707009,"hsa_circ_007200",2,"+",2,2,37,40,"my_test_sample",2,2,0,1,"GTAG",NA,"ANCHOR_UNIQUE,CANONICAL,CIRCULAR,OK_EXT,UNAMBIGUOUS_BP"
"2614","1",226554237,226554403,"hsa_circ_007203",5,"+",1,5,5,5,"my_test_sample",5,1,0,1,"GTAG",NA,"ANCHOR_UNIQUE,CANONICAL,CIRCULAR,GOOD_EXT,UNAMBIGUOUS_BP"
"2615","3",26544210,26544385,"hsa_circ_007207",4,"+",3,4,37,40,"my_test_sample",4,0,0,1,"GTAG",NA,"ANCHOR_UNIQUE,CANONICAL,CIRCULAR,PERFECT_EXT,UNAMBIGUOUS_BP"
"2616","1",38742195,38742448,"hsa_circ_007208",2,"-",1,2,40,40,"my_test_sample",2,0,0,1,"GTAG",NA,"ANCHOR_UNIQUE,CANONICAL,CIRCULAR,PERFECT_EXT,UNAMBIGUOUS_BP"
"2617","3",19950805,19951061,"hsa_circ_007210",2,"+",2,2,40,5,"my_test_sample",2,0,0,1,"GTAG",NA,"ANCHOR_UNIQUE,CANONICAL,CIRCULAR,PERFECT_EXT,UNAMBIGUOUS_BP"
"2618","6",47818666,47818822,"hsa_circ_007211",4,"+",3,4,40,5,"my_test_sample",4,0,0,1,"GTAG",NA,"ANCHOR_UNIQUE,CANONICAL,CIRCULAR,PERFECT_EXT,UNAMBIGUOUS_BP"
"2619","10",28791932,28792097,"hsa_circ_007212",3,"+",1,3,40,5,"my_test_sample",3,2,0,1,"GTAG",NA,"ANCHOR_UNIQUE,CANONICAL,CIRCULAR,OK_EXT,UNAMBIGUOUS_BP"
"2620","2",2126424,2126638,"hsa_circ_007217",4,"-",4,4,40,40,"my_test_sample",4,1,0,1,"GTAG",NA,"ANCHOR_UNIQUE,CANONICAL,CIRCULAR,GOOD_EXT,UNAMBIGUOUS_BP"
"2621","2",218404472,218404643,"hsa_circ_007221",2,"-",1,2,5,40,"my_test_sample",2,0,0,1,"GTAG",NA,"ANCHOR_UNIQUE,CANONICAL,CIRCULAR,PERFECT_EXT,UNAMBIGUOUS_BP"
"2622","13",104396591,104396767,"hsa_circ_007223",2,"-",2,2,40,3,"my_test_sample",2,1,0,1,"GTAG",NA,"ANCHOR_UNIQUE,CANONICAL,CIRCULAR,GOOD_EXT,UNAMBIGUOUS_BP"
"2623","16",70463168,70463774,"hsa_circ_007229",2,"+",1,2,40,5,"my_test_sample",2,0,0,1,"GTAG",NA,"ANCHOR_UNIQUE,CANONICAL,CIRCULAR,PERFECT_EXT,UNAMBIGUOUS_BP"
"2624","12",99691953,99692149,"hsa_circ_007230",2,"-",1,2,40,40,"my_test_sample",2,1,0,1,"GTAG",NA,"ANCHOR_UNIQUE,CANONICAL,CIRCULAR,GOOD_EXT,UNAMBIGUOUS_BP"
"2625","2",10788696,10790833,"hsa_circ_007236",2,"-",2,2,40,40,"my_test_sample",2,1,0,1,"GTAG",NA,"ANCHOR_UNIQUE,CANONICAL,CIRCULAR,GOOD_EXT,UNAMBIGUOUS_BP"
"2626","9",132408831,132408999,"hsa_circ_007239",2,"+",2,2,5,3,"my_test_sample",2,1,0,1,"GTAG",NA,"ANCHOR_UNIQUE,CANONICAL,CIRCULAR,GOOD_EXT,UNAMBIGUOUS_BP"
"2627","1",48182898,48183073,"hsa_circ_007241",2,"+",1,2,5,40,"my_test_sample",2,0,0,1,"GTAG",NA,"ANCHOR_UNIQUE,CANONICAL,CIRCULAR,PERFECT_EXT,UNAMBIGUOUS_BP"
"2628","18",12056235,12056423,"hsa_circ_007242",2,"-",2,2,40,40,"my_test_sample",2,2,0,1,"GTAG",NA,"ANCHOR_UNIQUE,CANONICAL,CIRCULAR,OK_EXT,UNAMBIGUOUS_BP"
"2629","12",24716340,24716513,"hsa_circ_007248",2,"+",1,2,5,35,"my_test_sample",2,1,2,1,"GTAG",NA,"ANCHOR_UNIQUE,CANONICAL,CIRCULAR,OK_EXT,UNAMBIGUOUS_BP"
"2630","8",41484921,41485071,"hsa_circ_007249",2,"+",2,2,40,40,"my_test_sample",2,1,0,1,"GTAG",NA,"ANCHOR_UNIQUE,CANONICAL,CIRCULAR,GOOD_EXT,UNAMBIGUOUS_BP"
"2631","1",53947143,53947395,"hsa_circ_007254",6,"+",2,6,5,40,"my_test_sample",6,0,0,1,"GTAG",NA,"ANCHOR_UNIQUE,CANONICAL,CIRCULAR,PERFECT_EXT,UNAMBIGUOUS_BP"
"2632","7",13595419,13595605,"hsa_circ_007255",4,"-",1,4,5,5,"my_test_sample",4,2,0,1,"GTAG",NA,"ANCHOR_UNIQUE,CANONICAL,CIRCULAR,OK_EXT,UNAMBIGUOUS_BP"
"2633","11",74488428,74488585,"hsa_circ_007260",2,"+",1,2,40,40,"my_test_sample",2,1,0,1,"GTAG",NA,"ANCHOR_UNIQUE,CANONICAL,CIRCULAR,GOOD_EXT,UNAMBIGUOUS_BP"
"2634","19",5247732,5248023,"hsa_circ_007262",2,"+",2,2,5,5,"my_test_sample",2,0,0,1,"GTAG",NA,"ANCHOR_UNIQUE,CANONICAL,CIRCULAR,PERFECT_EXT,UNAMBIGUOUS_BP"
"2635","7",133606151,133606349,"hsa_circ_007265",3,"+",2,3,40,5,"my_test_sample",3,1,0,1,"GTAG",NA,"ANCHOR_UNIQUE,CANONICAL,CIRCULAR,GOOD_EXT,UNAMBIGUOUS_BP"
"2636","1",6108419,6108590,"hsa_circ_007266",3,"+",2,3,5,40,"my_test_sample",3,1,0,1,"GTAG",NA,"ANCHOR_UNIQUE,CANONICAL,CIRCULAR,GOOD_EXT,UNAMBIGUOUS_BP"
"2637","5",79439009,79447145,"hsa_circ_007270",2,"-",1,2,40,5,"my_test_sample",2,0,0,1,"GTAG",NA,"ANCHOR_UNIQUE,CANONICAL,CIRCULAR,PERFECT_EXT,UNAMBIGUOUS_BP"
"2638","5",5349845,5350153,"hsa_circ_007273",3,"+",1,3,40,40,"my_test_sample",3,0,0,1,"GTAG",NA,"ANCHOR_UNIQUE,CANONICAL,CIRCULAR,PERFECT_EXT,UNAMBIGUOUS_BP"
"2639","7",150922143,150922318,"hsa_circ_007274",4,"+",2,4,40,40,"my_test_sample",4,0,0,1,"GTAG",NA,"ANCHOR_UNIQUE,CANONICAL,CIRCULAR,PERFECT_EXT,UNAMBIGUOUS_BP"
"2640","11",57828884,57829073,"hsa_circ_007282",2,"-",1,2,5,5,"my_test_sample",2,0,0,1,"GTAG",NA,"ANCHOR_UNIQUE,CANONICAL,CIRCULAR,PERFECT_EXT,UNAMBIGUOUS_BP"
"2641","14",76293210,76293382,"hsa_circ_007284",3,"+",1,3,40,40,"my_test_sample",3,0,0,1,"GTAG",NA,"ANCHOR_UNIQUE,CANONICAL,CIRCULAR,PERFECT_EXT,UNAMBIGUOUS_BP"
"2642","19",17497254,17497464,"hsa_circ_007290",8,"+",2,8,40,40,"my_test_sample",8,0,0,1,"GTAG",NA,"ANCHOR_UNIQUE,CANONICAL,CIRCULAR,PERFECT_EXT,UNAMBIGUOUS_BP"
"2643","2",157986445,157986603,"hsa_circ_007291",7,"+",1,7,40,5,"my_test_sample",7,1,0,1,"GTAG",NA,"ANCHOR_UNIQUE,CANONICAL,CIRCULAR,GOOD_EXT,UNAMBIGUOUS_BP"
"2644","15",70714259,70714416,"hsa_circ_007292",2,"+",1,2,5,40,"my_test_sample",2,1,0,1,"GTAG",NA,"ANCHOR_UNIQUE,CANONICAL,CIRCULAR,GOOD_EXT,UNAMBIGUOUS_BP"
"2645","X",10393044,10393582,"hsa_circ_007295",2,"+",2,2,5,40,"my_test_sample",2,0,0,1,"GTAG",NA,"ANCHOR_UNIQUE,CANONICAL,CIRCULAR,PERFECT_EXT,UNAMBIGUOUS_BP"
"2646","18",50670994,50671152,"hsa_circ_007297",2,"-",1,2,5,40,"my_test_sample",2,2,0,1,"GTAG",NA,"ANCHOR_UNIQUE,CANONICAL,CIRCULAR,OK_EXT,UNAMBIGUOUS_BP"
"2647","6",54363676,54363841,"hsa_circ_007300",2,"+",1,2,40,5,"my_test_sample",2,2,0,1,"GTAG",NA,"ANCHOR_UNIQUE,CANONICAL,CIRCULAR,OK_EXT,UNAMBIGUOUS_BP"
"2648","13",68231301,68231459,"hsa_circ_007303",3,"-",1,3,5,40,"my_test_sample",3,0,0,1,"GTAG",NA,"ANCHOR_UNIQUE,CANONICAL,CIRCULAR,PERFECT_EXT,UNAMBIGUOUS_BP"
"2649","1",24531217,24533254,"hsa_circ_007307",2,"+",2,2,40,5,"my_test_sample",2,1,0,1,"GTAG",NA,"ANCHOR_UNIQUE,CANONICAL,CIRCULAR,GOOD_EXT,UNAMBIGUOUS_BP"
"2650","12",115122026,115122438,"hsa_circ_007315",3,"-",1,3,5,40,"my_test_sample",3,2,0,1,"GTAG",NA,"ANCHOR_UNIQUE,CANONICAL,CIRCULAR,OK_EXT,UNAMBIGUOUS_BP"
"2651","2",36750261,36750429,"hsa_circ_007317",2,"-",1,2,5,5,"my_test_sample",2,2,0,1,"GTAG",NA,"ANCHOR_UNIQUE,CANONICAL,CIRCULAR,OK_EXT,UNAMBIGUOUS_BP"
"2652","4",59824039,59824221,"hsa_circ_007322",3,"+",1,3,40,5,"my_test_sample",3,1,0,1,"GTAG",NA,"ANCHOR_UNIQUE,CANONICAL,CIRCULAR,GOOD_EXT,UNAMBIGUOUS_BP"
"2653","7",47545778,47545950,"hsa_circ_007323",3,"-",1,3,40,40,"my_test_sample",3,2,0,1,"GTAG",NA,"ANCHOR_UNIQUE,CANONICAL,CIRCULAR,OK_EXT,UNAMBIGUOUS_BP"
"2654","16",4816219,4816391,"hsa_circ_007327",2,"-",1,2,5,40,"my_test_sample",2,2,0,1,"GTAG",NA,"ANCHOR_UNIQUE,CANONICAL,CIRCULAR,OK_EXT,UNAMBIGUOUS_BP"
"2655","3",172112451,172133546,"hsa_circ_007330",4,"+",1,4,40,5,"my_test_sample",4,0,0,1,"GTAG",NA,"ANCHOR_UNIQUE,CANONICAL,CIRCULAR,PERFECT_EXT,UNAMBIGUOUS_BP"
"2656","10",29616641,29617270,"hsa_circ_007332",2,"-",2,2,5,5,"my_test_sample",2,1,0,1,"GTAG",NA,"ANCHOR_UNIQUE,CANONICAL,CIRCULAR,GOOD_EXT,UNAMBIGUOUS_BP"
"2657","13",19664441,19664596,"hsa_circ_007335",2,"+",1,2,5,5,"my_test_sample",2,0,0,1,"GTAG",NA,"ANCHOR_UNIQUE,CANONICAL,CIRCULAR,PERFECT_EXT,UNAMBIGUOUS_BP"
"2658","3",56566593,56567053,"hsa_circ_007339",6,"+",3,6,40,40,"my_test_sample",6,0,0,1,"GTAG",NA,"ANCHOR_UNIQUE,CANONICAL,CIRCULAR,PERFECT_EXT,UNAMBIGUOUS_BP"
"2659","1",166182955,166183107,"hsa_circ_007340",4,"-",1,4,5,40,"my_test_sample",4,1,0,1,"GTAG",NA,"ANCHOR_UNIQUE,CANONICAL,CIRCULAR,GOOD_EXT,UNAMBIGUOUS_BP"
"2660","8",48085192,48085352,"hsa_circ_007344",2,"+",2,2,37,5,"my_test_sample",2,0,0,1,"GTAG",NA,"ANCHOR_UNIQUE,CANONICAL,CIRCULAR,PERFECT_EXT,UNAMBIGUOUS_BP"
"2661","8",61057996,61058244,"hsa_circ_007345",2,"+",2,2,35,5,"my_test_sample",2,0,0,1,"GTAG",NA,"ANCHOR_UNIQUE,CANONICAL,CIRCULAR,PERFECT_EXT,UNAMBIGUOUS_BP"
"2662","20",38644914,38647137,"hsa_circ_007347",4,"-",2,4,5,5,"my_test_sample",4,1,0,1,"GTAG",NA,"ANCHOR_UNIQUE,CANONICAL,CIRCULAR,GOOD_EXT,UNAMBIGUOUS_BP"
"2663","17",56732676,56732879,"hsa_circ_007348",2,"-",1,2,5,5,"my_test_sample",2,1,0,1,"GTAG",NA,"ANCHOR_UNIQUE,CANONICAL,CIRCULAR,GOOD_EXT,UNAMBIGUOUS_BP"
"2664","3",120383974,120384141,"hsa_circ_007353",2,"-",1,2,5,5,"my_test_sample",2,0,0,1,"GTAG",NA,"ANCHOR_UNIQUE,CANONICAL,CIRCULAR,PERFECT_EXT,UNAMBIGUOUS_BP"
"2665","4",38089931,38103157,"hsa_circ_007354",4,"+",2,2,40,40,"my_test_sample",4,0,0,1,"GTAG",NA,"ANCHOR_UNIQUE,CANONICAL,CIRCULAR,PERFECT_EXT,UNAMBIGUOUS_BP"
"2666","4",43381342,43381672,"hsa_circ_007356",6,"+",1,6,40,40,"my_test_sample",6,0,0,1,"GTAG",NA,"ANCHOR_UNIQUE,CANONICAL,CIRCULAR,PERFECT_EXT,UNAMBIGUOUS_BP"
"2667","22",37009438,37009599,"hsa_circ_007358",3,"-",1,3,40,5,"my_test_sample",3,1,0,1,"GTAG",NA,"ANCHOR_UNIQUE,CANONICAL,CIRCULAR,GOOD_EXT,UNAMBIGUOUS_BP"
"2668","8",64356860,64357045,"hsa_circ_007362",2,"-",1,2,40,5,"my_test_sample",2,1,0,1,"GTAG",NA,"ANCHOR_UNIQUE,CANONICAL,CIRCULAR,GOOD_EXT,UNAMBIGUOUS_BP"
"2669","2",235599636,235599825,"hsa_circ_007366",2,"+",1,2,5,40,"my_test_sample",2,1,0,1,"GTAG",NA,"ANCHOR_UNIQUE,CANONICAL,CIRCULAR,GOOD_EXT,UNAMBIGUOUS_BP"
"2670","6",56744580,56745207,"hsa_circ_007367",3,"+",1,3,40,5,"my_test_sample",3,2,0,1,"GTAG",NA,"ANCHOR_UNIQUE,CANONICAL,CIRCULAR,OK_EXT,UNAMBIGUOUS_BP"
"2671","2",192562456,192562637,"hsa_circ_007369",3,"+",3,3,40,40,"my_test_sample",3,1,0,1,"GTAG",NA,"ANCHOR_UNIQUE,CANONICAL,CIRCULAR,GOOD_EXT,UNAMBIGUOUS_BP"
"2672","6",37519295,37519523,"hsa_circ_007376",3,"-",2,3,40,40,"my_test_sample",3,1,0,1,"GTAG",NA,"ANCHOR_UNIQUE,CANONICAL,CIRCULAR,GOOD_EXT,UNAMBIGUOUS_BP"
"2673","16",26520094,26520262,"hsa_circ_007377",2,"+",1,2,5,40,"my_test_sample",2,2,0,1,"GTAG",NA,"ANCHOR_UNIQUE,CANONICAL,CIRCULAR,OK_EXT,UNAMBIGUOUS_BP"
"2674","10",100637261,100637423,"hsa_circ_007379",3,"+",1,3,40,35,"my_test_sample",3,1,0,1,"GTAG",NA,"ANCHOR_UNIQUE,CANONICAL,CIRCULAR,GOOD_EXT,UNAMBIGUOUS_BP"
"2675","5",88475113,88475276,"hsa_circ_007380",2,"-",1,2,40,5,"my_test_sample",2,1,0,1,"GTAG",NA,"ANCHOR_UNIQUE,CANONICAL,CIRCULAR,GOOD_EXT,UNAMBIGUOUS_BP"
"2676","15",94344387,94344567,"hsa_circ_007383",2,"-",2,2,5,5,"my_test_sample",2,2,0,1,"GTAG",NA,"ANCHOR_UNIQUE,CANONICAL,CIRCULAR,OK_EXT,UNAMBIGUOUS_BP"
"2677","19",29085693,29085893,"hsa_circ_007384",2,"+",1,2,4,5,"my_test_sample",2,2,0,1,"GTAG",NA,"ANCHOR_UNIQUE,CANONICAL,CIRCULAR,OK_EXT,UNAMBIGUOUS_BP"
"2678","3",108200322,108200476,"hsa_circ_007387",2,"+",1,2,40,5,"my_test_sample",2,2,0,1,"GTAG",NA,"ANCHOR_UNIQUE,CANONICAL,CIRCULAR,OK_EXT,UNAMBIGUOUS_BP"
"2679","X",69393699,69393878,"hsa_circ_007390",7,"-",2,7,40,5,"my_test_sample",7,0,0,1,"GTAG",NA,"ANCHOR_UNIQUE,CANONICAL,CIRCULAR,PERFECT_EXT,UNAMBIGUOUS_BP"
"2680","5",119555622,119555834,"hsa_circ_007392",2,"+",1,2,5,40,"my_test_sample",2,0,0,1,"GTAG",NA,"ANCHOR_UNIQUE,CANONICAL,CIRCULAR,PERFECT_EXT,UNAMBIGUOUS_BP"
"2681","22",20261680,20261832,"hsa_circ_007396",2,"-",1,2,5,5,"my_test_sample",2,2,0,1,"GTAG",NA,"ANCHOR_UNIQUE,CANONICAL,CIRCULAR,OK_EXT,UNAMBIGUOUS_BP"
"2682","10",1563202,1563371,"hsa_circ_007401",3,"+",3,3,40,5,"my_test_sample",3,0,0,1,"GTAG",NA,"ANCHOR_UNIQUE,CANONICAL,CIRCULAR,PERFECT_EXT,UNAMBIGUOUS_BP"
"2683","18",10080335,10080515,"hsa_circ_007404",2,"+",1,2,40,5,"my_test_sample",2,0,0,1,"GTAG",NA,"ANCHOR_UNIQUE,CANONICAL,CIRCULAR,PERFECT_EXT,UNAMBIGUOUS_BP"
"2684","14",38904458,38904622,"hsa_circ_007406",3,"-",1,3,5,5,"my_test_sample",3,1,0,1,"GTAG",NA,"ANCHOR_UNIQUE,CANONICAL,CIRCULAR,GOOD_EXT,UNAMBIGUOUS_BP"
"2685","X",71944482,71944671,"hsa_circ_007410",3,"-",1,3,40,5,"my_test_sample",3,2,0,1,"GTAG",NA,"ANCHOR_UNIQUE,CANONICAL,CIRCULAR,OK_EXT,UNAMBIGUOUS_BP"
"2686","17",2908475,2908670,"hsa_circ_007411",2,"+",1,2,5,5,"my_test_sample",2,1,0,1,"GTAG",NA,"ANCHOR_UNIQUE,CANONICAL,CIRCULAR,GOOD_EXT,UNAMBIGUOUS_BP"
"2687","11",18281949,18286710,"hsa_circ_007418",2,"-",1,2,40,40,"my_test_sample",2,0,0,1,"GTAG",NA,"ANCHOR_UNIQUE,CANONICAL,CIRCULAR,PERFECT_EXT,UNAMBIGUOUS_BP"
"2688","X",147991048,147991207,"hsa_circ_007419",2,"-",1,2,40,5,"my_test_sample",2,0,0,1,"GTAG",NA,"ANCHOR_UNIQUE,CANONICAL,CIRCULAR,PERFECT_EXT,UNAMBIGUOUS_BP"
"2689","18",27542800,27542961,"hsa_circ_007422",2,"+",2,2,40,40,"my_test_sample",2,0,0,1,"GTAG",NA,"ANCHOR_UNIQUE,CANONICAL,CIRCULAR,PERFECT_EXT,UNAMBIGUOUS_BP"
"2690","10",96475640,96478820,"hsa_circ_007423",4,"+",2,4,5,40,"my_test_sample",4,1,0,1,"GTAG",NA,"ANCHOR_UNIQUE,CANONICAL,CIRCULAR,GOOD_EXT,UNAMBIGUOUS_BP"
"2691","4",164446755,164446931,"hsa_circ_007426",2,"+",1,2,40,5,"my_test_sample",2,1,0,1,"GTAG",NA,"ANCHOR_UNIQUE,CANONICAL,CIRCULAR,GOOD_EXT,UNAMBIGUOUS_BP"
"2692","21",44523635,44523791,"hsa_circ_007428",2,"+",1,2,5,5,"my_test_sample",2,0,0,1,"GTAG",NA,"ANCHOR_UNIQUE,CANONICAL,CIRCULAR,PERFECT_EXT,UNAMBIGUOUS_BP"
"2693","1",10002262,10002439,"hsa_circ_007439",4,"+",1,4,40,5,"my_test_sample",4,1,0,1,"GTAG",NA,"ANCHOR_UNIQUE,CANONICAL,CIRCULAR,GOOD_EXT,UNAMBIGUOUS_BP"
"2694","18",74507107,74507262,"hsa_circ_007440",2,"-",1,2,40,40,"my_test_sample",2,2,0,1,"GTAG",NA,"ANCHOR_UNIQUE,CANONICAL,CIRCULAR,OK_EXT,UNAMBIGUOUS_BP"
"2695","4",46351078,46351447,"hsa_circ_007442",2,"-",1,2,5,5,"my_test_sample",2,1,0,1,"GTAG",NA,"ANCHOR_UNIQUE,CANONICAL,CIRCULAR,GOOD_EXT,UNAMBIGUOUS_BP"
"2696","13",99155640,99155818,"hsa_circ_007443",2,"-",2,2,5,5,"my_test_sample",2,1,0,1,"GTAG",NA,"ANCHOR_UNIQUE,CANONICAL,CIRCULAR,GOOD_EXT,UNAMBIGUOUS_BP"
"2697","16",84816442,84816688,"hsa_circ_007445",2,"-",1,2,5,5,"my_test_sample",2,2,0,1,"GTAG",NA,"ANCHOR_UNIQUE,CANONICAL,CIRCULAR,OK_EXT,UNAMBIGUOUS_BP"
"2698","1",155252279,155252451,"hsa_circ_007449",2,"-",1,2,5,40,"my_test_sample",2,0,0,1,"GTAG",NA,"ANCHOR_UNIQUE,CANONICAL,CIRCULAR,PERFECT_EXT,UNAMBIGUOUS_BP"
"2699","17",81095764,81095919,"hsa_circ_007450",2,"-",1,2,40,40,"my_test_sample",2,1,0,1,"GTAG",NA,"ANCHOR_UNIQUE,CANONICAL,CIRCULAR,GOOD_EXT,UNAMBIGUOUS_BP"
"2700","2",119926597,119934958,"hsa_circ_007451",2,"+",1,2,5,40,"my_test_sample",2,0,0,1,"GTAG",NA,"ANCHOR_UNIQUE,CANONICAL,CIRCULAR,PERFECT_EXT,UNAMBIGUOUS_BP"
"2701","1",177688547,177688700,"hsa_circ_007454",5,"+",2,5,5,5,"my_test_sample",5,0,0,1,"GTAG",NA,"ANCHOR_UNIQUE,CANONICAL,CIRCULAR,PERFECT_EXT,UNAMBIGUOUS_BP"
"2702","8",27294079,27294310,"hsa_circ_007455",2,"-",2,2,40,40,"my_test_sample",2,0,0,1,"GTAG",NA,"ANCHOR_UNIQUE,CANONICAL,CIRCULAR,PERFECT_EXT,UNAMBIGUOUS_BP"
"2703","10",71579040,71579241,"hsa_circ_007458",2,"+",1,2,5,40,"my_test_sample",2,2,0,1,"GTAG",NA,"ANCHOR_UNIQUE,CANONICAL,CIRCULAR,OK_EXT,UNAMBIGUOUS_BP"
"2704","8",21735327,21735428,"hsa_circ_007460",3,"-",3,3,40,40,"my_test_sample",3,1,0,1,"GTAG",NA,"ANCHOR_UNIQUE,CANONICAL,CIRCULAR,GOOD_EXT,UNAMBIGUOUS_BP"
"2705","6",70346717,70346897,"hsa_circ_007464",5,"+",1,5,5,5,"my_test_sample",5,0,0,1,"GTAG",NA,"ANCHOR_UNIQUE,CANONICAL,CIRCULAR,PERFECT_EXT,UNAMBIGUOUS_BP"
"2706","7",100355142,100355804,"hsa_circ_007465",2,"+",1,2,5,40,"my_test_sample",2,0,0,1,"GTAG",NA,"ANCHOR_UNIQUE,CANONICAL,CIRCULAR,PERFECT_EXT,UNAMBIGUOUS_BP"
"2707","8",37765525,37766355,"hsa_circ_007468",2,"+",2,2,40,40,"my_test_sample",2,0,0,1,"GTAG",NA,"ANCHOR_UNIQUE,CANONICAL,CIRCULAR,PERFECT_EXT,UNAMBIGUOUS_BP"
"2708","7",100967408,100967563,"hsa_circ_007470",3,"+",1,3,40,40,"my_test_sample",3,1,0,1,"GTAG",NA,"ANCHOR_UNIQUE,CANONICAL,CIRCULAR,GOOD_EXT,UNAMBIGUOUS_BP"
"2709","4",7385200,7385417,"hsa_circ_007471",2,"-",1,2,40,5,"my_test_sample",2,2,0,1,"GTAG",NA,"ANCHOR_UNIQUE,CANONICAL,CIRCULAR,OK_EXT,UNAMBIGUOUS_BP"
"2710","7",64379231,64379412,"hsa_circ_007474",3,"+",1,3,40,5,"my_test_sample",3,0,0,1,"GTAG",NA,"ANCHOR_UNIQUE,CANONICAL,CIRCULAR,PERFECT_EXT,UNAMBIGUOUS_BP"
"2711","10",30572903,30573086,"hsa_circ_007479",2,"-",1,2,5,40,"my_test_sample",2,2,0,1,"GTAG",NA,"ANCHOR_UNIQUE,CANONICAL,CIRCULAR,OK_EXT,UNAMBIGUOUS_BP"
"2712","11",517391,517576,"hsa_circ_007480",2,"+",1,2,5,5,"my_test_sample",2,1,0,1,"GTAG",NA,"ANCHOR_UNIQUE,CANONICAL,CIRCULAR,GOOD_EXT,UNAMBIGUOUS_BP"
"2713","9",125730470,125730648,"hsa_circ_007481",2,"+",1,2,40,5,"my_test_sample",2,1,0,1,"GTAG",NA,"ANCHOR_UNIQUE,CANONICAL,CIRCULAR,GOOD_EXT,UNAMBIGUOUS_BP"
"2714","2",71503598,71503786,"hsa_circ_007491",2,"-",1,2,40,5,"my_test_sample",2,0,0,1,"GTAG",NA,"ANCHOR_UNIQUE,CANONICAL,CIRCULAR,PERFECT_EXT,UNAMBIGUOUS_BP"
"2715","3",31830039,31843538,"hsa_circ_007493",2,"-",1,2,40,5,"my_test_sample",2,0,0,1,"GTAG",NA,"ANCHOR_UNIQUE,CANONICAL,CIRCULAR,PERFECT_EXT,UNAMBIGUOUS_BP"
"2716","1",156807689,156808027,"hsa_circ_007494",4,"+",1,4,5,5,"my_test_sample",4,0,0,1,"GTAG",NA,"ANCHOR_UNIQUE,CANONICAL,CIRCULAR,PERFECT_EXT,UNAMBIGUOUS_BP"
"2717","X",96674452,96674607,"hsa_circ_007495",2,"-",2,2,40,40,"my_test_sample",2,1,0,1,"GTAG",NA,"ANCHOR_UNIQUE,CANONICAL,CIRCULAR,GOOD_EXT,UNAMBIGUOUS_BP"
"2718","1",205464018,205464420,"hsa_circ_007496",2,"-",1,2,40,5,"my_test_sample",2,0,0,1,"GTAG",NA,"ANCHOR_UNIQUE,CANONICAL,CIRCULAR,PERFECT_EXT,UNAMBIGUOUS_BP"
"2719","1",61426638,61426796,"hsa_circ_007499",4,"+",1,4,5,5,"my_test_sample",4,0,0,1,"GTAG",NA,"ANCHOR_UNIQUE,CANONICAL,CIRCULAR,PERFECT_EXT,UNAMBIGUOUS_BP"
"2720","1",92410140,92410365,"hsa_circ_007508",2,"-",2,2,40,40,"my_test_sample",2,1,0,1,"GTAG",NA,"ANCHOR_UNIQUE,CANONICAL,CIRCULAR,GOOD_EXT,UNAMBIGUOUS_BP"
"2721","13",108195478,108195736,"hsa_circ_007509",3,"-",1,3,5,5,"my_test_sample",3,0,0,1,"GTAG",NA,"ANCHOR_UNIQUE,CANONICAL,CIRCULAR,PERFECT_EXT,UNAMBIGUOUS_BP"
"2722","13",111447999,111448181,"hsa_circ_007510",2,"+",1,2,40,5,"my_test_sample",2,2,0,1,"GTAG",NA,"ANCHOR_UNIQUE,CANONICAL,CIRCULAR,OK_EXT,UNAMBIGUOUS_BP"
"2723","7",55406846,55407048,"hsa_circ_007513",2,"-",1,2,40,40,"my_test_sample",2,1,0,1,"GTAG",NA,"ANCHOR_UNIQUE,CANONICAL,CIRCULAR,GOOD_EXT,UNAMBIGUOUS_BP"
"2724","6",30912455,30912607,"hsa_circ_007516",2,"+",1,2,40,5,"my_test_sample",2,1,0,1,"GTAG",NA,"ANCHOR_UNIQUE,CANONICAL,CIRCULAR,GOOD_EXT,UNAMBIGUOUS_BP"
"2725","4",38309524,38309693,"hsa_circ_007517",3,"-",1,3,40,5,"my_test_sample",3,1,0,1,"GTAG",NA,"ANCHOR_UNIQUE,CANONICAL,CIRCULAR,GOOD_EXT,UNAMBIGUOUS_BP"
"2726","KI270744.1",109578,110445,"hsa_circ_007518",2,"+",2,1,5,5,"my_test_sample",2,2,0,1,"GTAG",NA,"ANCHOR_UNIQUE,CANONICAL,CIRCULAR,OK_EXT,UNAMBIGUOUS_BP"
"2727","2",1656576,1656742,"hsa_circ_007522",2,"-",2,2,40,40,"my_test_sample",2,0,0,1,"GTAG",NA,"ANCHOR_UNIQUE,CANONICAL,CIRCULAR,PERFECT_EXT,UNAMBIGUOUS_BP"
"2728","3",100541570,100541737,"hsa_circ_007523",3,"-",2,3,5,37,"my_test_sample",3,1,0,1,"GTAG",NA,"ANCHOR_UNIQUE,CANONICAL,CIRCULAR,GOOD_EXT,UNAMBIGUOUS_BP"
"2729","8",48705011,48705189,"hsa_circ_007524",2,"+",1,2,40,40,"my_test_sample",2,1,0,1,"GTAG",NA,"ANCHOR_UNIQUE,CANONICAL,CIRCULAR,GOOD_EXT,UNAMBIGUOUS_BP"
"2730","4",11599320,11599663,"hsa_circ_007525",2,"+",2,1,40,40,"my_test_sample",2,1,0,1,"GTAG",NA,"ANCHOR_UNIQUE,CANONICAL,CIRCULAR,GOOD_EXT,UNAMBIGUOUS_BP"
"2731","21",33843341,33843701,"hsa_circ_007526",2,"-",1,2,5,40,"my_test_sample",2,2,0,1,"GTAG",NA,"ANCHOR_UNIQUE,CANONICAL,CIRCULAR,OK_EXT,UNAMBIGUOUS_BP"
"2732","8",37560695,37560844,"hsa_circ_007527",2,"-",1,2,40,40,"my_test_sample",2,2,0,1,"GTAG",NA,"ANCHOR_UNIQUE,CANONICAL,CIRCULAR,OK_EXT,UNAMBIGUOUS_BP"
"2733","9",109921398,109921725,"hsa_circ_007536",2,"-",1,2,40,40,"my_test_sample",2,2,0,1,"GTAG",NA,"ANCHOR_UNIQUE,CANONICAL,CIRCULAR,OK_EXT,UNAMBIGUOUS_BP"
"2734","6",47402909,47403087,"hsa_circ_007537",6,"+",1,6,5,5,"my_test_sample",6,1,0,1,"GTAG",NA,"ANCHOR_UNIQUE,CANONICAL,CIRCULAR,GOOD_EXT,UNAMBIGUOUS_BP"
"2735","3",17196357,17196539,"hsa_circ_007541",3,"-",2,3,5,5,"my_test_sample",3,1,0,1,"GTAG",NA,"ANCHOR_UNIQUE,CANONICAL,CIRCULAR,GOOD_EXT,UNAMBIGUOUS_BP"
"2736","18",35594803,35595027,"hsa_circ_007542",2,"-",2,1,35,40,"my_test_sample",2,2,0,1,"GTAG",NA,"ANCHOR_UNIQUE,CANONICAL,CIRCULAR,OK_EXT,UNAMBIGUOUS_BP"
"2737","1",232756985,232757191,"hsa_circ_007543",4,"-",1,4,40,5,"my_test_sample",4,0,0,1,"GTAG",NA,"ANCHOR_UNIQUE,CANONICAL,CIRCULAR,PERFECT_EXT,UNAMBIGUOUS_BP"
"2738","2",52435712,52435948,"hsa_circ_007549",3,"-",1,3,5,5,"my_test_sample",3,2,0,1,"GTAG",NA,"ANCHOR_UNIQUE,CANONICAL,CIRCULAR,OK_EXT,UNAMBIGUOUS_BP"
"2739","X",26643112,26643281,"hsa_circ_007552",3,"-",1,3,40,40,"my_test_sample",3,1,0,1,"GTAG",NA,"ANCHOR_UNIQUE,CANONICAL,CIRCULAR,GOOD_EXT,UNAMBIGUOUS_BP"
"2740","7",114896489,114896854,"hsa_circ_007553",3,"-",1,3,5,5,"my_test_sample",3,1,0,1,"GTAG",NA,"ANCHOR_UNIQUE,CANONICAL,CIRCULAR,GOOD_EXT,UNAMBIGUOUS_BP"
"2741","11",114603298,114603486,"hsa_circ_007555",2,"+",2,2,40,40,"my_test_sample",2,0,0,1,"GTAG",NA,"ANCHOR_UNIQUE,CANONICAL,CIRCULAR,PERFECT_EXT,UNAMBIGUOUS_BP"
"2742","5",142756109,142756270,"hsa_circ_007557",2,"-",1,2,40,4,"my_test_sample",2,0,0,1,"GTAG",NA,"ANCHOR_UNIQUE,CANONICAL,CIRCULAR,PERFECT_EXT,UNAMBIGUOUS_BP"
"2743","3",36857653,36857960,"hsa_circ_007562",3,"-",1,3,5,40,"my_test_sample",3,1,0,1,"GTAG",NA,"ANCHOR_UNIQUE,CANONICAL,CIRCULAR,GOOD_EXT,UNAMBIGUOUS_BP"
"2744","7",159059977,159060127,"hsa_circ_007563",2,"-",2,1,40,2,"my_test_sample",2,0,0,1,"GTAG",NA,"ANCHOR_UNIQUE,CANONICAL,CIRCULAR,PERFECT_EXT,UNAMBIGUOUS_BP"
"2745","9",20606988,20607207,"hsa_circ_007565",2,"-",1,2,5,5,"my_test_sample",2,2,0,1,"GTAG",NA,"ANCHOR_UNIQUE,CANONICAL,CIRCULAR,OK_EXT,UNAMBIGUOUS_BP"
"2746","2",105936445,105936608,"hsa_circ_007573",2,"-",2,2,5,5,"my_test_sample",2,0,0,1,"GTAG",NA,"ANCHOR_UNIQUE,CANONICAL,CIRCULAR,PERFECT_EXT,UNAMBIGUOUS_BP"
"2747","12",11955810,11955992,"hsa_circ_007574",3,"-",1,3,40,5,"my_test_sample",3,0,0,1,"GTAG",NA,"ANCHOR_UNIQUE,CANONICAL,CIRCULAR,PERFECT_EXT,UNAMBIGUOUS_BP"
"2748","6",77898944,77899120,"hsa_circ_007575",2,"+",1,2,5,5,"my_test_sample",2,1,0,1,"GTAG",NA,"ANCHOR_UNIQUE,CANONICAL,CIRCULAR,GOOD_EXT,UNAMBIGUOUS_BP"
"2749","17",73698149,73698311,"hsa_circ_007576",2,"-",2,2,5,4,"my_test_sample",2,1,0,1,"GTAG",NA,"ANCHOR_UNIQUE,CANONICAL,CIRCULAR,GOOD_EXT,UNAMBIGUOUS_BP"
"2750","2",36468751,36468920,"hsa_circ_007582",3,"+",1,3,5,40,"my_test_sample",3,2,0,1,"GTAG",NA,"ANCHOR_UNIQUE,CANONICAL,CIRCULAR,OK_EXT,UNAMBIGUOUS_BP"
"2751","X",50970035,50970243,"hsa_circ_007585",2,"+",1,2,5,40,"my_test_sample",2,0,0,1,"GTAG",NA,"ANCHOR_UNIQUE,CANONICAL,CIRCULAR,PERFECT_EXT,UNAMBIGUOUS_BP"
"2752","X",113011178,113011370,"hsa_circ_007588",2,"+",2,2,40,40,"my_test_sample",2,1,0,1,"GTAG",NA,"ANCHOR_UNIQUE,CANONICAL,CIRCULAR,GOOD_EXT,UNAMBIGUOUS_BP"
"2753","8",46442076,46442294,"hsa_circ_007593",2,"-",1,2,40,5,"my_test_sample",2,1,0,1,"GTAG",NA,"ANCHOR_UNIQUE,CANONICAL,CIRCULAR,GOOD_EXT,UNAMBIGUOUS_BP"
"2754","1",75063375,75063526,"hsa_circ_007595",2,"-",2,2,40,5,"my_test_sample",2,0,0,1,"GTAG",NA,"ANCHOR_UNIQUE,CANONICAL,CIRCULAR,PERFECT_EXT,UNAMBIGUOUS_BP"
"2755","9",135118884,135119046,"hsa_circ_007597",2,"+",2,2,37,5,"my_test_sample",2,1,0,1,"GTAG",NA,"ANCHOR_UNIQUE,CANONICAL,CIRCULAR,GOOD_EXT,UNAMBIGUOUS_BP"
"2756","2",5076892,5077056,"hsa_circ_007599",2,"-",1,2,40,40,"my_test_sample",2,0,0,1,"GTAG",NA,"ANCHOR_UNIQUE,CANONICAL,CIRCULAR,PERFECT_EXT,UNAMBIGUOUS_BP"
"2757","4",30397017,30397175,"hsa_circ_007601",5,"-",2,5,5,5,"my_test_sample",5,1,0,1,"GTAG",NA,"ANCHOR_UNIQUE,CANONICAL,CIRCULAR,GOOD_EXT,UNAMBIGUOUS_BP"
"2758","7",45271458,45271632,"hsa_circ_007602",3,"+",3,3,5,5,"my_test_sample",3,1,0,1,"GTAG",NA,"ANCHOR_UNIQUE,CANONICAL,CIRCULAR,GOOD_EXT,UNAMBIGUOUS_BP"
"2759","4",171924217,171924389,"hsa_circ_007609",2,"-",2,2,40,5,"my_test_sample",2,1,0,1,"GTAG",NA,"ANCHOR_UNIQUE,CANONICAL,CIRCULAR,GOOD_EXT,UNAMBIGUOUS_BP"
"2760","3",47649641,47649976,"hsa_circ_007610",7,"-",1,7,5,40,"my_test_sample",7,0,0,1,"GTAG",NA,"ANCHOR_UNIQUE,CANONICAL,CIRCULAR,PERFECT_EXT,UNAMBIGUOUS_BP"
"2761","8",17731933,17732086,"hsa_circ_007612",2,"-",1,2,5,5,"my_test_sample",2,2,0,1,"GTAG",NA,"ANCHOR_UNIQUE,CANONICAL,CIRCULAR,OK_EXT,UNAMBIGUOUS_BP"
"2762","5",170043220,170043397,"hsa_circ_007613",3,"-",3,3,40,5,"my_test_sample",3,0,0,1,"GTAG",NA,"ANCHOR_UNIQUE,CANONICAL,CIRCULAR,PERFECT_EXT,UNAMBIGUOUS_BP"
"2763","6",449535,449715,"hsa_circ_007617",3,"+",1,3,40,40,"my_test_sample",3,0,0,1,"GTAG",NA,"ANCHOR_UNIQUE,CANONICAL,CIRCULAR,PERFECT_EXT,UNAMBIGUOUS_BP"
"2764","13",87778619,87778777,"hsa_circ_007619",3,"+",3,3,40,35,"my_test_sample",3,1,0,1,"GTAG",NA,"ANCHOR_UNIQUE,CANONICAL,CIRCULAR,GOOD_EXT,UNAMBIGUOUS_BP"
"2765","6",157239547,157239749,"hsa_circ_007626",3,"-",3,3,40,40,"my_test_sample",3,0,0,1,"GTAG",NA,"ANCHOR_UNIQUE,CANONICAL,CIRCULAR,PERFECT_EXT,UNAMBIGUOUS_BP"
"2766","3",42700975,42701190,"hsa_circ_007628",2,"-",1,2,5,40,"my_test_sample",2,1,1,1,"GTAG",NA,"ANCHOR_UNIQUE,CANONICAL,CIRCULAR,GOOD_EXT,UNAMBIGUOUS_BP"
"2767","12",17639289,17639507,"hsa_circ_007632",2,"-",1,2,35,5,"my_test_sample",2,2,0,1,"GTAG",NA,"ANCHOR_UNIQUE,CANONICAL,CIRCULAR,OK_EXT,UNAMBIGUOUS_BP"
"2768","20",17199091,17199252,"hsa_circ_007634",4,"-",2,4,5,5,"my_test_sample",4,0,0,1,"GTAG",NA,"ANCHOR_UNIQUE,CANONICAL,CIRCULAR,PERFECT_EXT,UNAMBIGUOUS_BP"
"2769","8",122343859,122344066,"hsa_circ_007635",2,"+",1,2,5,40,"my_test_sample",2,2,0,1,"GTAG",NA,"ANCHOR_UNIQUE,CANONICAL,CIRCULAR,OK_EXT,UNAMBIGUOUS_BP"
"2770","8",55408910,55409073,"hsa_circ_007641",2,"+",2,2,3,40,"my_test_sample",2,2,0,1,"GTAG",NA,"ANCHOR_UNIQUE,CANONICAL,CIRCULAR,OK_EXT,UNAMBIGUOUS_BP"
"2771","15",49235850,49239367,"hsa_circ_007643",2,"+",2,2,40,40,"my_test_sample",2,0,0,1,"GTAG",NA,"ANCHOR_UNIQUE,CANONICAL,CIRCULAR,PERFECT_EXT,UNAMBIGUOUS_BP"
"2772","X",85243309,85243466,"hsa_circ_007645",2,"-",1,2,5,5,"my_test_sample",2,0,0,1,"GTAG",NA,"ANCHOR_UNIQUE,CANONICAL,CIRCULAR,PERFECT_EXT,UNAMBIGUOUS_BP"
"2773","11",76664521,76664700,"hsa_circ_007649",2,"-",1,2,5,5,"my_test_sample",2,1,0,1,"GTAG",NA,"ANCHOR_UNIQUE,CANONICAL,CIRCULAR,GOOD_EXT,UNAMBIGUOUS_BP"
"2774","19",57599296,57599448,"hsa_circ_007654",2,"-",1,2,5,40,"my_test_sample",2,2,0,1,"GTAG",NA,"ANCHOR_UNIQUE,CANONICAL,CIRCULAR,OK_EXT,UNAMBIGUOUS_BP"
"2775","2",27338120,27338295,"hsa_circ_007657",2,"-",1,2,5,5,"my_test_sample",2,1,0,1,"GTAG",NA,"ANCHOR_UNIQUE,CANONICAL,CIRCULAR,GOOD_EXT,UNAMBIGUOUS_BP"
"2776","17",40265461,40265671,"hsa_circ_007661",2,"+",1,2,5,5,"my_test_sample",2,1,0,1,"GTAG",NA,"ANCHOR_UNIQUE,CANONICAL,CIRCULAR,GOOD_EXT,UNAMBIGUOUS_BP"
"2777","1",76232374,76232587,"hsa_circ_007663",5,"+",1,5,5,40,"my_test_sample",5,0,0,1,"GTAG",NA,"ANCHOR_UNIQUE,CANONICAL,CIRCULAR,PERFECT_EXT,UNAMBIGUOUS_BP"
"2778","2",226906792,226914351,"hsa_circ_007665",2,"+",1,2,40,40,"my_test_sample",2,0,0,1,"GTAG",NA,"ANCHOR_UNIQUE,CANONICAL,CIRCULAR,PERFECT_EXT,UNAMBIGUOUS_BP"
"2779","14",34241326,34241636,"hsa_circ_007670",2,"-",1,2,5,5,"my_test_sample",2,0,0,1,"GTAG",NA,"ANCHOR_UNIQUE,CANONICAL,CIRCULAR,PERFECT_EXT,UNAMBIGUOUS_BP"
"2780","3",21273180,21273353,"hsa_circ_007677",2,"-",1,2,5,5,"my_test_sample",2,2,0,1,"GTAG",NA,"ANCHOR_UNIQUE,CANONICAL,CIRCULAR,OK_EXT,UNAMBIGUOUS_BP"
"2781","18",21388795,21388978,"hsa_circ_007681",3,"-",1,3,5,5,"my_test_sample",3,1,0,1,"GTAG",NA,"ANCHOR_UNIQUE,CANONICAL,CIRCULAR,GOOD_EXT,UNAMBIGUOUS_BP"
"2782","10",5284519,5284710,"hsa_circ_007682",2,"-",1,2,5,35,"my_test_sample",2,1,0,1,"GTAG",NA,"ANCHOR_UNIQUE,CANONICAL,CIRCULAR,GOOD_EXT,UNAMBIGUOUS_BP"
"2783","19",11335446,11335783,"hsa_circ_007687",6,"-",2,6,40,35,"my_test_sample",6,0,0,1,"GTAG",NA,"ANCHOR_UNIQUE,CANONICAL,CIRCULAR,PERFECT_EXT,UNAMBIGUOUS_BP"
"2784","18",8139742,8139936,"hsa_circ_007690",2,"+",1,2,5,5,"my_test_sample",2,2,0,1,"GTAG",NA,"ANCHOR_UNIQUE,CANONICAL,CIRCULAR,OK_EXT,UNAMBIGUOUS_BP"
"2785","13",99898907,99899073,"hsa_circ_007691",2,"-",1,2,40,5,"my_test_sample",2,1,0,1,"GTAG",NA,"ANCHOR_UNIQUE,CANONICAL,CIRCULAR,GOOD_EXT,UNAMBIGUOUS_BP"
"2786","1",5830121,5830347,"hsa_circ_007692",2,"-",2,2,5,35,"my_test_sample",2,0,0,1,"GTAG",NA,"ANCHOR_UNIQUE,CANONICAL,CIRCULAR,PERFECT_EXT,UNAMBIGUOUS_BP"
"2787","12",91021308,91021508,"hsa_circ_007698",2,"-",1,2,5,5,"my_test_sample",2,1,0,1,"GTAG",NA,"ANCHOR_UNIQUE,CANONICAL,CIRCULAR,GOOD_EXT,UNAMBIGUOUS_BP"
"2788","13",72320588,72320775,"hsa_circ_007701",2,"-",1,2,5,40,"my_test_sample",2,2,0,1,"GTAG",NA,"ANCHOR_UNIQUE,CANONICAL,CIRCULAR,OK_EXT,UNAMBIGUOUS_BP"
"2789","4",142019924,142020085,"hsa_circ_007708",2,"+",1,2,40,5,"my_test_sample",2,2,0,1,"GTAG",NA,"ANCHOR_UNIQUE,CANONICAL,CIRCULAR,OK_EXT,UNAMBIGUOUS_BP"
"2790","11",109092824,109092994,"hsa_circ_007717",2,"+",1,2,40,5,"my_test_sample",2,2,0,1,"GTAG",NA,"ANCHOR_UNIQUE,CANONICAL,CIRCULAR,OK_EXT,UNAMBIGUOUS_BP"
"2791","16",703219,703372,"hsa_circ_007718",2,"+",2,2,40,5,"my_test_sample",2,2,0,1,"GTAG",NA,"ANCHOR_UNIQUE,CANONICAL,CIRCULAR,OK_EXT,UNAMBIGUOUS_BP"
"2792","17",20258381,20258552,"hsa_circ_007719",2,"-",2,2,40,5,"my_test_sample",2,0,0,1,"GTAG",NA,"ANCHOR_UNIQUE,CANONICAL,CIRCULAR,PERFECT_EXT,UNAMBIGUOUS_BP"
"2793","1",8390103,8390255,"hsa_circ_007725",3,"-",2,3,40,5,"my_test_sample",3,0,0,1,"GTAG",NA,"ANCHOR_UNIQUE,CANONICAL,CIRCULAR,PERFECT_EXT,UNAMBIGUOUS_BP"
"2794","17",74798097,74798250,"hsa_circ_007730",4,"-",1,4,35,5,"my_test_sample",4,2,0,1,"GTAG",NA,"ANCHOR_UNIQUE,CANONICAL,CIRCULAR,OK_EXT,UNAMBIGUOUS_BP"
"2795","19",29234789,29234944,"hsa_circ_007733",2,"-",2,2,5,40,"my_test_sample",2,1,0,1,"GTAG",NA,"ANCHOR_UNIQUE,CANONICAL,CIRCULAR,GOOD_EXT,UNAMBIGUOUS_BP"
"2796","X",3125595,3125754,"hsa_circ_007737",2,"+",2,2,40,5,"my_test_sample",2,1,0,1,"GTAG",NA,"ANCHOR_UNIQUE,CANONICAL,CIRCULAR,GOOD_EXT,UNAMBIGUOUS_BP"
"2797","4",173019204,173019368,"hsa_circ_007738",2,"+",1,2,40,5,"my_test_sample",2,0,0,1,"GTAG",NA,"ANCHOR_UNIQUE,CANONICAL,CIRCULAR,PERFECT_EXT,UNAMBIGUOUS_BP"
"2798","2",129107671,129108017,"hsa_circ_007739",2,"-",1,2,40,40,"my_test_sample",2,0,0,1,"GTAG",NA,"ANCHOR_UNIQUE,CANONICAL,CIRCULAR,PERFECT_EXT,UNAMBIGUOUS_BP"
"2799","1",28599549,28599699,"hsa_circ_007740",5,"+",3,5,40,40,"my_test_sample",5,0,0,1,"GTAG",NA,"ANCHOR_UNIQUE,CANONICAL,CIRCULAR,PERFECT_EXT,UNAMBIGUOUS_BP"
"2800","13",31265433,31265603,"hsa_circ_007745",5,"-",1,5,5,40,"my_test_sample",5,2,0,1,"GTAG",NA,"ANCHOR_UNIQUE,CANONICAL,CIRCULAR,OK_EXT,UNAMBIGUOUS_BP"
"2801","5",159416641,159416798,"hsa_circ_007748",2,"+",1,2,5,5,"my_test_sample",2,0,0,1,"GTAG",NA,"ANCHOR_UNIQUE,CANONICAL,CIRCULAR,PERFECT_EXT,UNAMBIGUOUS_BP"
"2802","12",13759720,13759890,"hsa_circ_007749",2,"-",1,2,40,40,"my_test_sample",2,1,0,1,"GTAG",NA,"ANCHOR_UNIQUE,CANONICAL,CIRCULAR,GOOD_EXT,UNAMBIGUOUS_BP"
"2803","17",3939210,3939391,"hsa_circ_007751",2,"+",1,2,40,5,"my_test_sample",2,0,0,1,"GTAG",NA,"ANCHOR_UNIQUE,CANONICAL,CIRCULAR,PERFECT_EXT,UNAMBIGUOUS_BP"
"2804","5",173004468,173004641,"hsa_circ_007759",2,"+",1,2,5,5,"my_test_sample",2,0,0,1,"GTAG",NA,"ANCHOR_UNIQUE,CANONICAL,CIRCULAR,PERFECT_EXT,UNAMBIGUOUS_BP"
"2805","11",70362094,70362488,"hsa_circ_007760",2,"+",1,2,40,40,"my_test_sample",2,0,0,1,"GTAG",NA,"ANCHOR_UNIQUE,CANONICAL,CIRCULAR,PERFECT_EXT,UNAMBIGUOUS_BP"
"2806","3",97670833,97671172,"hsa_circ_007764",2,"-",1,2,5,40,"my_test_sample",2,0,0,1,"GTAG",NA,"ANCHOR_UNIQUE,CANONICAL,CIRCULAR,PERFECT_EXT,UNAMBIGUOUS_BP"
"2807","1",63969887,63970065,"hsa_circ_007767",4,"-",2,4,40,5,"my_test_sample",4,2,0,1,"GTAG",NA,"ANCHOR_UNIQUE,CANONICAL,CIRCULAR,OK_EXT,UNAMBIGUOUS_BP"
"2808","18",1996768,1996959,"hsa_circ_007768",2,"-",1,2,40,5,"my_test_sample",2,2,0,1,"GTAG",NA,"ANCHOR_UNIQUE,CANONICAL,CIRCULAR,OK_EXT,UNAMBIGUOUS_BP"
"2809","9",126514871,126515043,"hsa_circ_007770",4,"-",3,4,5,5,"my_test_sample",4,0,0,1,"GTAG",NA,"ANCHOR_UNIQUE,CANONICAL,CIRCULAR,PERFECT_EXT,UNAMBIGUOUS_BP"
"2810","15",97004688,97004862,"hsa_circ_007771",2,"-",1,2,40,40,"my_test_sample",2,0,0,1,"GTAG",NA,"ANCHOR_UNIQUE,CANONICAL,CIRCULAR,PERFECT_EXT,UNAMBIGUOUS_BP"
"2811","4",40693979,40694157,"hsa_circ_007774",2,"+",1,2,5,40,"my_test_sample",2,2,0,1,"GTAG",NA,"ANCHOR_UNIQUE,CANONICAL,CIRCULAR,OK_EXT,UNAMBIGUOUS_BP"
"2812","15",74986217,74986461,"hsa_circ_007775",2,"-",2,2,40,40,"my_test_sample",2,0,0,1,"GTAG",NA,"ANCHOR_UNIQUE,CANONICAL,CIRCULAR,PERFECT_EXT,UNAMBIGUOUS_BP"
"2813","17",8105056,8105239,"hsa_circ_007776",3,"-",1,3,40,5,"my_test_sample",3,1,0,1,"GTAG",NA,"ANCHOR_UNIQUE,CANONICAL,CIRCULAR,GOOD_EXT,UNAMBIGUOUS_BP"
"2814","9",101399267,101399466,"hsa_circ_007782",2,"+",2,2,40,40,"my_test_sample",2,0,0,1,"GTAG",NA,"ANCHOR_UNIQUE,CANONICAL,CIRCULAR,PERFECT_EXT,UNAMBIGUOUS_BP"
"2815","X",40668505,40668739,"hsa_circ_007788",5,"+",2,5,40,37,"my_test_sample",5,1,0,1,"GTAG",NA,"ANCHOR_UNIQUE,CANONICAL,CIRCULAR,GOOD_EXT,UNAMBIGUOUS_BP"
"2816","7",30647361,30647541,"hsa_circ_007789",2,"+",1,2,5,40,"my_test_sample",2,1,0,1,"GTAG",NA,"ANCHOR_UNIQUE,CANONICAL,CIRCULAR,GOOD_EXT,UNAMBIGUOUS_BP"
"2817","11",32078879,32079487,"hsa_circ_007790",2,"+",1,2,40,40,"my_test_sample",2,1,0,1,"GTAG",NA,"ANCHOR_UNIQUE,CANONICAL,CIRCULAR,GOOD_EXT,UNAMBIGUOUS_BP"
"2818","8",17863200,17863470,"hsa_circ_007794",2,"-",2,2,5,4,"my_test_sample",2,2,0,1,"GTAG",NA,"ANCHOR_UNIQUE,CANONICAL,CIRCULAR,OK_EXT,UNAMBIGUOUS_BP"
"2819","X",100688254,100688410,"hsa_circ_007800",2,"+",1,2,5,40,"my_test_sample",2,0,0,1,"GTAG",NA,"ANCHOR_UNIQUE,CANONICAL,CIRCULAR,PERFECT_EXT,UNAMBIGUOUS_BP"
"2820","18",55786927,55787272,"hsa_circ_007802",5,"+",1,5,5,5,"my_test_sample",5,1,0,1,"GTAG",NA,"ANCHOR_UNIQUE,CANONICAL,CIRCULAR,GOOD_EXT,UNAMBIGUOUS_BP"
"2821","20",1055410,1055561,"hsa_circ_007803",2,"+",2,2,5,35,"my_test_sample",2,2,0,1,"GTAG",NA,"ANCHOR_UNIQUE,CANONICAL,CIRCULAR,OK_EXT,UNAMBIGUOUS_BP"
"2822","12",118728918,118729091,"hsa_circ_007806",3,"+",1,3,5,40,"my_test_sample",3,2,0,1,"GTAG",NA,"ANCHOR_UNIQUE,CANONICAL,CIRCULAR,OK_EXT,UNAMBIGUOUS_BP"
"2823","X",49225142,49225295,"hsa_circ_007808",3,"+",2,3,5,5,"my_test_sample",3,1,0,1,"GTAG",NA,"ANCHOR_UNIQUE,CANONICAL,CIRCULAR,GOOD_EXT,UNAMBIGUOUS_BP"
"2824","9",92641902,92642053,"hsa_circ_007809",2,"+",2,2,5,5,"my_test_sample",2,0,0,1,"GTAG",NA,"ANCHOR_UNIQUE,CANONICAL,CIRCULAR,PERFECT_EXT,UNAMBIGUOUS_BP"
"2825","6",16074087,16074240,"hsa_circ_007810",5,"-",4,5,40,40,"my_test_sample",5,0,0,1,"GTAG",NA,"ANCHOR_UNIQUE,CANONICAL,CIRCULAR,PERFECT_EXT,UNAMBIGUOUS_BP"
"2826","1",232108873,232109129,"hsa_circ_007821",2,"+",2,2,37,40,"my_test_sample",2,0,0,1,"GTAG",NA,"ANCHOR_UNIQUE,CANONICAL,CIRCULAR,PERFECT_EXT,UNAMBIGUOUS_BP"
"2827","17",12647051,12647697,"hsa_circ_007824",2,"-",1,2,5,40,"my_test_sample",2,0,0,1,"GTAG",NA,"ANCHOR_UNIQUE,CANONICAL,CIRCULAR,PERFECT_EXT,UNAMBIGUOUS_BP"
"2828","17",74512474,74512675,"hsa_circ_007832",3,"-",2,3,40,40,"my_test_sample",3,1,0,1,"GTAG",NA,"ANCHOR_UNIQUE,CANONICAL,CIRCULAR,GOOD_EXT,UNAMBIGUOUS_BP"
"2829","1",18635157,18635309,"hsa_circ_007833",2,"+",1,2,40,5,"my_test_sample",2,0,0,1,"GTAG",NA,"ANCHOR_UNIQUE,CANONICAL,CIRCULAR,PERFECT_EXT,UNAMBIGUOUS_BP"
"2830","7",48271916,48272084,"hsa_circ_007834",2,"-",1,2,5,5,"my_test_sample",2,2,0,1,"GTAG",NA,"ANCHOR_UNIQUE,CANONICAL,CIRCULAR,OK_EXT,UNAMBIGUOUS_BP"
"2831","12",132635719,132635882,"hsa_circ_007843",2,"-",2,2,40,40,"my_test_sample",2,1,0,1,"GTAG",NA,"ANCHOR_UNIQUE,CANONICAL,CIRCULAR,GOOD_EXT,UNAMBIGUOUS_BP"
"2832","15",69713258,69713435,"hsa_circ_007850",2,"+",1,2,5,40,"my_test_sample",2,0,0,1,"GTAG",NA,"ANCHOR_UNIQUE,CANONICAL,CIRCULAR,PERFECT_EXT,UNAMBIGUOUS_BP"
"2833","10",131957301,131957453,"hsa_circ_007852",2,"+",2,1,40,5,"my_test_sample",2,2,0,1,"GTAG",NA,"ANCHOR_UNIQUE,CANONICAL,CIRCULAR,OK_EXT,UNAMBIGUOUS_BP"
"2834","10",87066576,87066812,"hsa_circ_007857",4,"-",2,4,5,37,"my_test_sample",4,2,0,1,"GTAG",NA,"ANCHOR_UNIQUE,CANONICAL,CIRCULAR,OK_EXT,UNAMBIGUOUS_BP"
"2835","4",10323818,10323992,"hsa_circ_007860",2,"-",1,2,40,40,"my_test_sample",2,1,0,1,"GTAG",NA,"ANCHOR_UNIQUE,CANONICAL,CIRCULAR,GOOD_EXT,UNAMBIGUOUS_BP"
"2836","4",153683974,153684136,"hsa_circ_007861",4,"-",1,4,40,40,"my_test_sample",4,0,1,1,"GTAG",NA,"ANCHOR_UNIQUE,CANONICAL,CIRCULAR,GOOD_EXT,UNAMBIGUOUS_BP"
"2837","7",38210425,38210607,"hsa_circ_007868",3,"-",1,3,40,40,"my_test_sample",3,0,0,1,"GTAG",NA,"ANCHOR_UNIQUE,CANONICAL,CIRCULAR,PERFECT_EXT,UNAMBIGUOUS_BP"
"2838","4",54056579,54057187,"hsa_circ_007874",2,"+",1,2,40,5,"my_test_sample",2,0,0,1,"GTAG",NA,"ANCHOR_UNIQUE,CANONICAL,CIRCULAR,PERFECT_EXT,UNAMBIGUOUS_BP"
"2839","6",31027385,31027565,"hsa_circ_007876",2,"+",1,2,40,5,"my_test_sample",2,1,0,1,"GTAG",NA,"ANCHOR_UNIQUE,CANONICAL,CIRCULAR,GOOD_EXT,UNAMBIGUOUS_BP"
"2840","17",82407508,82407856,"hsa_circ_007877",2,"-",2,2,40,40,"my_test_sample",2,1,0,1,"GTAG",NA,"ANCHOR_UNIQUE,CANONICAL,CIRCULAR,GOOD_EXT,UNAMBIGUOUS_BP"
"2841","3",195096515,195096896,"hsa_circ_007878",2,"-",1,2,5,5,"my_test_sample",2,1,0,1,"GTAG",NA,"ANCHOR_UNIQUE,CANONICAL,CIRCULAR,GOOD_EXT,UNAMBIGUOUS_BP"
"2842","4",74174505,74201370,"hsa_circ_007881",5,"+",1,5,40,40,"my_test_sample",5,0,0,1,"GTAG",NA,"ANCHOR_UNIQUE,CANONICAL,CIRCULAR,PERFECT_EXT,UNAMBIGUOUS_BP"
"2843","15",46268900,46269096,"hsa_circ_007882",4,"+",1,4,40,40,"my_test_sample",4,1,0,1,"GTAG",NA,"ANCHOR_UNIQUE,CANONICAL,CIRCULAR,GOOD_EXT,UNAMBIGUOUS_BP"
"2844","16",54035795,54035948,"hsa_circ_007884",4,"+",1,4,5,40,"my_test_sample",4,0,0,1,"GTAG",NA,"ANCHOR_UNIQUE,CANONICAL,CIRCULAR,PERFECT_EXT,UNAMBIGUOUS_BP"
"2845","20",4369575,4369730,"hsa_circ_007888",2,"+",2,2,5,40,"my_test_sample",2,1,0,1,"GTAG",NA,"ANCHOR_UNIQUE,CANONICAL,CIRCULAR,GOOD_EXT,UNAMBIGUOUS_BP"
"2846","X",142058758,142059003,"hsa_circ_007889",2,"-",2,2,5,5,"my_test_sample",2,0,0,1,"GTAG",NA,"ANCHOR_UNIQUE,CANONICAL,CIRCULAR,PERFECT_EXT,UNAMBIGUOUS_BP"
"2847","19",44085025,44085190,"hsa_circ_007890",2,"-",1,2,40,40,"my_test_sample",2,2,0,1,"GTAG",NA,"ANCHOR_UNIQUE,CANONICAL,CIRCULAR,OK_EXT,UNAMBIGUOUS_BP"
"2848","22",41342528,41343576,"hsa_circ_007891",3,"+",2,3,40,40,"my_test_sample",3,0,0,1,"GTAG",NA,"ANCHOR_UNIQUE,CANONICAL,CIRCULAR,PERFECT_EXT,UNAMBIGUOUS_BP"
"2849","15",67796633,67796832,"hsa_circ_007896",2,"+",1,2,5,5,"my_test_sample",2,2,0,1,"GTAG",NA,"ANCHOR_UNIQUE,CANONICAL,CIRCULAR,OK_EXT,UNAMBIGUOUS_BP"
"2850","3",146116704,146116868,"hsa_circ_007897",3,"-",2,3,40,40,"my_test_sample",3,1,0,1,"GTAG",NA,"ANCHOR_UNIQUE,CANONICAL,CIRCULAR,GOOD_EXT,UNAMBIGUOUS_BP"
"2851","3",45928437,45928615,"hsa_circ_007898",2,"-",2,2,40,5,"my_test_sample",2,0,0,1,"GTAG",NA,"ANCHOR_UNIQUE,CANONICAL,CIRCULAR,PERFECT_EXT,UNAMBIGUOUS_BP"
"2852","19",43664955,43665188,"hsa_circ_007902",2,"+",2,2,5,40,"my_test_sample",2,0,0,1,"GTAG",NA,"ANCHOR_UNIQUE,CANONICAL,CIRCULAR,PERFECT_EXT,UNAMBIGUOUS_BP"
"2853","3",86591235,86591408,"hsa_circ_007905",2,"+",1,2,40,40,"my_test_sample",2,2,0,1,"GTAG",NA,"ANCHOR_UNIQUE,CANONICAL,CIRCULAR,OK_EXT,UNAMBIGUOUS_BP"
"2854","5",74295089,74295252,"hsa_circ_007909",2,"-",2,2,5,5,"my_test_sample",2,0,0,1,"GTAG",NA,"ANCHOR_UNIQUE,CANONICAL,CIRCULAR,PERFECT_EXT,UNAMBIGUOUS_BP"
"2855","2",48617857,48618047,"hsa_circ_007910",2,"+",2,2,40,40,"my_test_sample",2,0,0,1,"GTAG",NA,"ANCHOR_UNIQUE,CANONICAL,CIRCULAR,PERFECT_EXT,UNAMBIGUOUS_BP"
"2856","11",128193756,128193913,"hsa_circ_007921",2,"+",1,2,5,40,"my_test_sample",2,0,0,1,"GTAG",NA,"ANCHOR_UNIQUE,CANONICAL,CIRCULAR,PERFECT_EXT,UNAMBIGUOUS_BP"
"2857","1",18376288,18376465,"hsa_circ_007922",4,"-",1,4,40,40,"my_test_sample",4,0,0,1,"GTAG",NA,"ANCHOR_UNIQUE,CANONICAL,CIRCULAR,PERFECT_EXT,UNAMBIGUOUS_BP"
"2858","5",157140978,157141190,"hsa_circ_007923",2,"-",1,2,5,5,"my_test_sample",2,0,0,1,"GTAG",NA,"ANCHOR_UNIQUE,CANONICAL,CIRCULAR,PERFECT_EXT,UNAMBIGUOUS_BP"
"2859","1",211712708,211712877,"hsa_circ_007924",2,"-",1,2,5,40,"my_test_sample",2,0,0,1,"GTAG",NA,"ANCHOR_UNIQUE,CANONICAL,CIRCULAR,PERFECT_EXT,UNAMBIGUOUS_BP"
"2860","14",68626132,68626322,"hsa_circ_007928",4,"+",1,4,5,5,"my_test_sample",4,0,0,1,"GTAG",NA,"ANCHOR_UNIQUE,CANONICAL,CIRCULAR,PERFECT_EXT,UNAMBIGUOUS_BP"
"2861","19",52527193,52527437,"hsa_circ_007930",2,"-",1,2,5,40,"my_test_sample",2,0,0,1,"GTAG",NA,"ANCHOR_UNIQUE,CANONICAL,CIRCULAR,PERFECT_EXT,UNAMBIGUOUS_BP"
"2862","10",24129945,24130154,"hsa_circ_007932",2,"-",1,2,40,5,"my_test_sample",2,1,0,1,"GTAG",NA,"ANCHOR_UNIQUE,CANONICAL,CIRCULAR,GOOD_EXT,UNAMBIGUOUS_BP"
"2863","19",20892287,20892476,"hsa_circ_007936",4,"-",2,4,40,40,"my_test_sample",4,0,0,1,"GTAG",NA,"ANCHOR_UNIQUE,CANONICAL,CIRCULAR,PERFECT_EXT,UNAMBIGUOUS_BP"
"2864","18",35384328,35384519,"hsa_circ_007938",3,"-",2,3,5,40,"my_test_sample",3,1,0,1,"GTAG",NA,"ANCHOR_UNIQUE,CANONICAL,CIRCULAR,GOOD_EXT,UNAMBIGUOUS_BP"
"2865","14",61457208,61457374,"hsa_circ_007940",3,"+",3,3,40,40,"my_test_sample",3,0,0,1,"GTAG",NA,"ANCHOR_UNIQUE,CANONICAL,CIRCULAR,PERFECT_EXT,UNAMBIGUOUS_BP"
"2866","5",170416042,170416379,"hsa_circ_007942",3,"-",1,3,5,40,"my_test_sample",3,1,0,1,"GTAG",NA,"ANCHOR_UNIQUE,CANONICAL,CIRCULAR,GOOD_EXT,UNAMBIGUOUS_BP"
"2867","4",60867606,60867811,"hsa_circ_007943",3,"-",1,3,5,40,"my_test_sample",3,1,0,1,"GTAG",NA,"ANCHOR_UNIQUE,CANONICAL,CIRCULAR,GOOD_EXT,UNAMBIGUOUS_BP"
"2868","7",156936527,156938788,"hsa_circ_007947",2,"-",1,2,40,5,"my_test_sample",2,2,0,1,"GTAG",NA,"ANCHOR_UNIQUE,CANONICAL,CIRCULAR,OK_EXT,UNAMBIGUOUS_BP"
"2869","7",159059994,159060144,"hsa_circ_007948",2,"-",1,2,5,4,"my_test_sample",2,0,0,1,"GTAG",NA,"ANCHOR_UNIQUE,CANONICAL,CIRCULAR,PERFECT_EXT,UNAMBIGUOUS_BP"
"2870","7",104765938,104766120,"hsa_circ_007950",2,"-",2,2,5,40,"my_test_sample",2,0,0,1,"GTAG",NA,"ANCHOR_UNIQUE,CANONICAL,CIRCULAR,PERFECT_EXT,UNAMBIGUOUS_BP"
"2871","8",26050864,26051034,"hsa_circ_007954",2,"-",1,2,5,40,"my_test_sample",2,0,0,1,"GTAG",NA,"ANCHOR_UNIQUE,CANONICAL,CIRCULAR,PERFECT_EXT,UNAMBIGUOUS_BP"
"2872","15",40744046,40745259,"hsa_circ_007957",2,"-",1,2,5,40,"my_test_sample",2,0,0,1,"GTAG",NA,"ANCHOR_UNIQUE,CANONICAL,CIRCULAR,PERFECT_EXT,UNAMBIGUOUS_BP"
"2873","7",31075118,31075355,"hsa_circ_007959",2,"-",1,2,40,40,"my_test_sample",2,0,0,1,"GTAG",NA,"ANCHOR_UNIQUE,CANONICAL,CIRCULAR,PERFECT_EXT,UNAMBIGUOUS_BP"
"2874","6",152868200,152868376,"hsa_circ_007961",5,"+",1,5,5,40,"my_test_sample",5,2,0,1,"GTAG",NA,"ANCHOR_UNIQUE,CANONICAL,CIRCULAR,OK_EXT,UNAMBIGUOUS_BP"
"2875","6",138028454,138028626,"hsa_circ_007962",2,"-",2,2,40,40,"my_test_sample",2,2,0,1,"GTAG",NA,"ANCHOR_UNIQUE,CANONICAL,CIRCULAR,OK_EXT,UNAMBIGUOUS_BP"
"2876","14",63255706,63255885,"hsa_circ_007963",2,"+",1,2,5,5,"my_test_sample",2,2,0,1,"GTAG",NA,"ANCHOR_UNIQUE,CANONICAL,CIRCULAR,OK_EXT,UNAMBIGUOUS_BP"
"2877","12",109208568,109208739,"hsa_circ_007965",3,"-",1,3,40,5,"my_test_sample",3,0,0,1,"GTAG",NA,"ANCHOR_UNIQUE,CANONICAL,CIRCULAR,PERFECT_EXT,UNAMBIGUOUS_BP"
"2878","1",14650969,14651149,"hsa_circ_007970",2,"+",1,2,40,40,"my_test_sample",2,0,0,1,"GTAG",NA,"ANCHOR_UNIQUE,CANONICAL,CIRCULAR,PERFECT_EXT,UNAMBIGUOUS_BP"
"2879","15",90219792,90221765,"hsa_circ_007972",2,"+",1,2,40,40,"my_test_sample",2,0,0,1,"GTAG",NA,"ANCHOR_UNIQUE,CANONICAL,CIRCULAR,PERFECT_EXT,UNAMBIGUOUS_BP"
"2880","3",170510928,170511083,"hsa_circ_007973",2,"-",2,2,40,37,"my_test_sample",2,1,0,1,"GTAG",NA,"ANCHOR_UNIQUE,CANONICAL,CIRCULAR,GOOD_EXT,UNAMBIGUOUS_BP"
"2881","17",51884358,51884530,"hsa_circ_007974",3,"-",2,3,5,37,"my_test_sample",3,0,0,1,"GTAG",NA,"ANCHOR_UNIQUE,CANONICAL,CIRCULAR,PERFECT_EXT,UNAMBIGUOUS_BP"
"2882","9",75016267,75017448,"hsa_circ_007976",5,"-",3,5,40,5,"my_test_sample",5,0,0,1,"GTAG",NA,"ANCHOR_UNIQUE,CANONICAL,CIRCULAR,PERFECT_EXT,UNAMBIGUOUS_BP"
"2883","17",45116475,45116633,"hsa_circ_007977",3,"-",2,3,40,40,"my_test_sample",3,1,0,1,"GTAG",NA,"ANCHOR_UNIQUE,CANONICAL,CIRCULAR,GOOD_EXT,UNAMBIGUOUS_BP"
"2884","7",159107182,159107340,"hsa_circ_007979",2,"-",1,2,35,5,"my_test_sample",2,2,0,1,"GTAG",NA,"ANCHOR_UNIQUE,CANONICAL,CIRCULAR,OK_EXT,UNAMBIGUOUS_BP"
"2885","5",628546,628680,"hsa_circ_007981",2,"+",2,1,37,5,"my_test_sample",2,2,0,1,"GTAG",NA,"ANCHOR_UNIQUE,CANONICAL,CIRCULAR,OK_EXT,UNAMBIGUOUS_BP"
"2886","14",78123777,78123942,"hsa_circ_007985",3,"-",2,3,5,5,"my_test_sample",3,0,0,1,"GTAG",NA,"ANCHOR_UNIQUE,CANONICAL,CIRCULAR,PERFECT_EXT,UNAMBIGUOUS_BP"
"2887","2",35683822,35684004,"hsa_circ_007986",2,"+",1,2,5,5,"my_test_sample",2,2,0,1,"GTAG",NA,"ANCHOR_UNIQUE,CANONICAL,CIRCULAR,OK_EXT,UNAMBIGUOUS_BP"
"2888","5",94730387,94730553,"hsa_circ_007987",2,"+",1,2,5,5,"my_test_sample",2,2,0,1,"GTAG",NA,"ANCHOR_UNIQUE,CANONICAL,CIRCULAR,OK_EXT,UNAMBIGUOUS_BP"
"2889","6",131630616,131630799,"hsa_circ_007989",2,"-",1,2,40,5,"my_test_sample",2,0,0,1,"GTAG",NA,"ANCHOR_UNIQUE,CANONICAL,CIRCULAR,PERFECT_EXT,UNAMBIGUOUS_BP"
"2890","11",112129775,112129975,"hsa_circ_007990",5,"+",2,5,40,40,"my_test_sample",5,0,0,1,"GTAG",NA,"ANCHOR_UNIQUE,CANONICAL,CIRCULAR,PERFECT_EXT,UNAMBIGUOUS_BP"
"2891","16",49922118,49922268,"hsa_circ_007999",2,"-",1,2,40,5,"my_test_sample",2,0,0,1,"GTAG",NA,"ANCHOR_UNIQUE,CANONICAL,CIRCULAR,PERFECT_EXT,UNAMBIGUOUS_BP"
"2892","1",158060283,158060473,"hsa_circ_008000",2,"-",1,2,5,5,"my_test_sample",2,0,0,1,"GTAG",NA,"ANCHOR_UNIQUE,CANONICAL,CIRCULAR,PERFECT_EXT,UNAMBIGUOUS_BP"
"2893","14",20343123,20343277,"hsa_circ_008001",2,"-",1,2,40,35,"my_test_sample",2,0,0,1,"GTAG",NA,"ANCHOR_UNIQUE,CANONICAL,CIRCULAR,PERFECT_EXT,UNAMBIGUOUS_BP"
"2894","X",119738587,119738746,"hsa_circ_008004",2,"-",1,2,5,40,"my_test_sample",2,0,0,1,"GTAG",NA,"ANCHOR_UNIQUE,CANONICAL,CIRCULAR,PERFECT_EXT,UNAMBIGUOUS_BP"
"2895","2",224057709,224057863,"hsa_circ_008005",3,"-",1,3,5,5,"my_test_sample",3,1,0,1,"GTAG",NA,"ANCHOR_UNIQUE,CANONICAL,CIRCULAR,GOOD_EXT,UNAMBIGUOUS_BP"
"2896","8",144662302,144662493,"hsa_circ_008008",2,"-",2,2,40,40,"my_test_sample",2,0,0,1,"GTAG",NA,"ANCHOR_UNIQUE,CANONICAL,CIRCULAR,PERFECT_EXT,UNAMBIGUOUS_BP"
"2897","22",27525656,27525820,"hsa_circ_008010",2,"+",2,2,5,5,"my_test_sample",2,0,0,1,"GTAG",NA,"ANCHOR_UNIQUE,CANONICAL,CIRCULAR,PERFECT_EXT,UNAMBIGUOUS_BP"
"2898","6",2641915,2642081,"hsa_circ_008011",2,"-",2,2,40,40,"my_test_sample",2,2,0,1,"GTAG",NA,"ANCHOR_UNIQUE,CANONICAL,CIRCULAR,OK_EXT,UNAMBIGUOUS_BP"
"2899","2",111022605,111022792,"hsa_circ_008013",2,"+",1,2,5,5,"my_test_sample",2,2,0,1,"GTAG",NA,"ANCHOR_UNIQUE,CANONICAL,CIRCULAR,OK_EXT,UNAMBIGUOUS_BP"
"2900","14",105701777,105701937,"hsa_circ_008014",2,"-",1,2,40,5,"my_test_sample",2,2,0,1,"GTAG",NA,"ANCHOR_UNIQUE,CANONICAL,CIRCULAR,OK_EXT,UNAMBIGUOUS_BP"
"2901","16",4811169,4812248,"hsa_circ_008016",6,"-",3,6,40,40,"my_test_sample",6,0,0,1,"GTAG",NA,"ANCHOR_UNIQUE,CANONICAL,CIRCULAR,PERFECT_EXT,UNAMBIGUOUS_BP"
"2902","X",29824997,29825696,"hsa_circ_008017",2,"+",1,2,4,5,"my_test_sample",2,1,0,1,"GTAG",NA,"ANCHOR_UNIQUE,CANONICAL,CIRCULAR,GOOD_EXT,UNAMBIGUOUS_BP"
"2903","8",50611116,50611416,"hsa_circ_008019",2,"+",1,2,5,5,"my_test_sample",2,0,0,1,"GTAG",NA,"ANCHOR_UNIQUE,CANONICAL,CIRCULAR,PERFECT_EXT,UNAMBIGUOUS_BP"
"2904","1",94537002,94537180,"hsa_circ_008029",2,"+",1,2,35,5,"my_test_sample",2,0,1,1,"GTAG",NA,"ANCHOR_UNIQUE,CANONICAL,CIRCULAR,GOOD_EXT,UNAMBIGUOUS_BP"
"2905","3",52526347,52526505,"hsa_circ_008032",2,"-",2,2,5,40,"my_test_sample",2,0,0,1,"GTAG",NA,"ANCHOR_UNIQUE,CANONICAL,CIRCULAR,PERFECT_EXT,UNAMBIGUOUS_BP"
"2906","X",154377378,154377539,"hsa_circ_008034",3,"-",1,3,40,40,"my_test_sample",3,0,0,1,"GTAG",NA,"ANCHOR_UNIQUE,CANONICAL,CIRCULAR,PERFECT_EXT,UNAMBIGUOUS_BP"
"2907","15",33764669,33764866,"hsa_circ_008039",3,"-",1,3,5,40,"my_test_sample",3,2,0,1,"GTAG",NA,"ANCHOR_UNIQUE,CANONICAL,CIRCULAR,OK_EXT,UNAMBIGUOUS_BP"
"2908","22",49433156,49433360,"hsa_circ_008040",2,"+",2,1,5,37,"my_test_sample",2,1,0,1,"GTAG",NA,"ANCHOR_UNIQUE,CANONICAL,CIRCULAR,GOOD_EXT,UNAMBIGUOUS_BP"
"2909","7",28710953,28711127,"hsa_circ_008042",2,"+",1,2,40,40,"my_test_sample",2,0,0,1,"GTAG",NA,"ANCHOR_UNIQUE,CANONICAL,CIRCULAR,PERFECT_EXT,UNAMBIGUOUS_BP"
"2910","4",70861637,70861987,"hsa_circ_008046",3,"+",1,3,5,40,"my_test_sample",3,0,0,1,"GTAG",NA,"ANCHOR_UNIQUE,CANONICAL,CIRCULAR,PERFECT_EXT,UNAMBIGUOUS_BP"
"2911","1",14300734,14300924,"hsa_circ_008048",9,"+",1,9,40,40,"my_test_sample",9,0,0,1,"GTAG",NA,"ANCHOR_UNIQUE,CANONICAL,CIRCULAR,PERFECT_EXT,UNAMBIGUOUS_BP"
"2912","14",24210347,24210768,"hsa_circ_008049",7,"-",3,4,40,40,"my_test_sample",7,0,0,1,"GTAG",NA,"ANCHOR_UNIQUE,CANONICAL,CIRCULAR,PERFECT_EXT,UNAMBIGUOUS_BP"
"2913","8",129383306,129383461,"hsa_circ_008054",2,"-",1,2,5,5,"my_test_sample",2,2,0,1,"GTAG",NA,"ANCHOR_UNIQUE,CANONICAL,CIRCULAR,OK_EXT,UNAMBIGUOUS_BP"
"2914","14",21020853,21021025,"hsa_circ_008056",3,"+",1,3,40,5,"my_test_sample",3,2,0,1,"GTAG",NA,"ANCHOR_UNIQUE,CANONICAL,CIRCULAR,OK_EXT,UNAMBIGUOUS_BP"
"2915","3",55087284,55087458,"hsa_circ_008059",2,"-",1,2,40,5,"my_test_sample",2,0,0,1,"GTAG",NA,"ANCHOR_UNIQUE,CANONICAL,CIRCULAR,PERFECT_EXT,UNAMBIGUOUS_BP"
"2916","5",3695059,3695364,"hsa_circ_008060",2,"+",2,2,40,40,"my_test_sample",2,0,0,1,"GTAG",NA,"ANCHOR_UNIQUE,CANONICAL,CIRCULAR,PERFECT_EXT,UNAMBIGUOUS_BP"
"2917","17",78623767,78623980,"hsa_circ_008065",2,"+",2,2,40,40,"my_test_sample",2,1,0,1,"GTAG",NA,"ANCHOR_UNIQUE,CANONICAL,CIRCULAR,GOOD_EXT,UNAMBIGUOUS_BP"
"2918","20",58987147,58987357,"hsa_circ_008071",2,"+",2,2,40,40,"my_test_sample",2,1,0,1,"GTAG",NA,"ANCHOR_UNIQUE,CANONICAL,CIRCULAR,GOOD_EXT,UNAMBIGUOUS_BP"
"2919","3",43013495,43013678,"hsa_circ_008072",2,"+",1,2,5,5,"my_test_sample",2,0,0,1,"GTAG",NA,"ANCHOR_UNIQUE,CANONICAL,CIRCULAR,PERFECT_EXT,UNAMBIGUOUS_BP"
"2920","18",62348112,62349937,"hsa_circ_008073",2,"+",1,2,40,5,"my_test_sample",2,0,0,1,"GTAG",NA,"ANCHOR_UNIQUE,CANONICAL,CIRCULAR,PERFECT_EXT,UNAMBIGUOUS_BP"
"2921","2",217772778,217774113,"hsa_circ_008074",2,"-",2,2,5,40,"my_test_sample",2,1,0,1,"GTAG",NA,"ANCHOR_UNIQUE,CANONICAL,CIRCULAR,GOOD_EXT,UNAMBIGUOUS_BP"
"2922","15",58840445,58840612,"hsa_circ_008075",5,"-",1,5,40,5,"my_test_sample",5,1,0,1,"GTAG",NA,"ANCHOR_UNIQUE,CANONICAL,CIRCULAR,GOOD_EXT,UNAMBIGUOUS_BP"
"2923","1",51587543,51587700,"hsa_circ_008076",2,"-",1,2,40,5,"my_test_sample",2,2,0,1,"GTAG",NA,"ANCHOR_UNIQUE,CANONICAL,CIRCULAR,OK_EXT,UNAMBIGUOUS_BP"
"2924","5",1230011,1230198,"hsa_circ_008083",2,"+",2,2,4,5,"my_test_sample",2,0,0,1,"GTAG",NA,"ANCHOR_UNIQUE,CANONICAL,CIRCULAR,PERFECT_EXT,UNAMBIGUOUS_BP"
"2925","19",18539370,18539720,"hsa_circ_008089",4,"-",1,4,5,40,"my_test_sample",4,0,0,1,"GTAG",NA,"ANCHOR_UNIQUE,CANONICAL,CIRCULAR,PERFECT_EXT,UNAMBIGUOUS_BP"
"2926","4",5959199,5959394,"hsa_circ_008094",2,"+",1,2,5,5,"my_test_sample",2,2,0,1,"GTAG",NA,"ANCHOR_UNIQUE,CANONICAL,CIRCULAR,OK_EXT,UNAMBIGUOUS_BP"
"2927","15",41243666,41262883,"hsa_circ_008096",3,"+",1,3,40,5,"my_test_sample",3,0,0,1,"GTAG",NA,"ANCHOR_UNIQUE,CANONICAL,CIRCULAR,PERFECT_EXT,UNAMBIGUOUS_BP"
"2928","6",81058652,81058910,"hsa_circ_008099",3,"+",1,3,40,5,"my_test_sample",3,0,2,1,"GTAG",NA,"ANCHOR_UNIQUE,CANONICAL,CIRCULAR,OK_EXT,UNAMBIGUOUS_BP"
"2929","2",218954790,218954954,"hsa_circ_008100",2,"+",1,2,40,5,"my_test_sample",2,1,0,1,"GTAG",NA,"ANCHOR_UNIQUE,CANONICAL,CIRCULAR,GOOD_EXT,UNAMBIGUOUS_BP"
"2930","14",68972157,68972424,"hsa_circ_008101",5,"-",1,5,40,5,"my_test_sample",5,1,0,1,"GTAG",NA,"ANCHOR_UNIQUE,CANONICAL,CIRCULAR,GOOD_EXT,UNAMBIGUOUS_BP"
"2931","2",240934071,240934229,"hsa_circ_008102",2,"-",2,2,40,40,"my_test_sample",2,0,0,1,"GTAG",NA,"ANCHOR_UNIQUE,CANONICAL,CIRCULAR,PERFECT_EXT,UNAMBIGUOUS_BP"
"2932","1",229666242,229666441,"hsa_circ_008103",2,"-",2,2,40,40,"my_test_sample",2,1,0,1,"GTAG",NA,"ANCHOR_UNIQUE,CANONICAL,CIRCULAR,GOOD_EXT,UNAMBIGUOUS_BP"
"2933","22",38349025,38349206,"hsa_circ_008105",3,"+",1,3,40,5,"my_test_sample",3,1,0,1,"GTAG",NA,"ANCHOR_UNIQUE,CANONICAL,CIRCULAR,GOOD_EXT,UNAMBIGUOUS_BP"
"2934","3",129315674,129315842,"hsa_circ_008107",2,"-",2,2,40,40,"my_test_sample",2,1,0,1,"GTAG",NA,"ANCHOR_UNIQUE,CANONICAL,CIRCULAR,GOOD_EXT,UNAMBIGUOUS_BP"
"2935","5",57230845,57231321,"hsa_circ_008108",5,"+",2,5,40,40,"my_test_sample",5,0,0,1,"GTAG",NA,"ANCHOR_UNIQUE,CANONICAL,CIRCULAR,PERFECT_EXT,UNAMBIGUOUS_BP"
"2936","9",128179084,128179243,"hsa_circ_008115",3,"-",1,3,40,5,"my_test_sample",3,0,0,1,"GTAG",NA,"ANCHOR_UNIQUE,CANONICAL,CIRCULAR,PERFECT_EXT,UNAMBIGUOUS_BP"
"2937","X",118641237,118641462,"hsa_circ_008118",2,"+",1,2,5,40,"my_test_sample",2,1,0,1,"GTAG",NA,"ANCHOR_UNIQUE,CANONICAL,CIRCULAR,GOOD_EXT,UNAMBIGUOUS_BP"
"2938","19",44644463,44644637,"hsa_circ_008122",2,"+",1,2,40,40,"my_test_sample",2,1,0,1,"GTAG",NA,"ANCHOR_UNIQUE,CANONICAL,CIRCULAR,GOOD_EXT,UNAMBIGUOUS_BP"
"2939","19",45517662,45518094,"hsa_circ_008125",6,"+",1,6,40,40,"my_test_sample",6,0,0,1,"GTAG",NA,"ANCHOR_UNIQUE,CANONICAL,CIRCULAR,PERFECT_EXT,UNAMBIGUOUS_BP"
"2940","7",29396885,29397047,"hsa_circ_008133",2,"-",1,2,40,40,"my_test_sample",2,1,0,1,"GTAG",NA,"ANCHOR_UNIQUE,CANONICAL,CIRCULAR,GOOD_EXT,UNAMBIGUOUS_BP"
"2941","6",135670253,135671404,"hsa_circ_008134",4,"-",1,4,5,5,"my_test_sample",4,1,0,1,"GTAG",NA,"ANCHOR_UNIQUE,CANONICAL,CIRCULAR,GOOD_EXT,UNAMBIGUOUS_BP"
"2942","11",73985796,73985962,"hsa_circ_008137",2,"+",1,2,5,5,"my_test_sample",2,0,0,1,"GTAG",NA,"ANCHOR_UNIQUE,CANONICAL,CIRCULAR,PERFECT_EXT,UNAMBIGUOUS_BP"
"2943","X",131015208,131015365,"hsa_circ_008138",2,"-",1,2,5,5,"my_test_sample",2,2,0,1,"GTAG",NA,"ANCHOR_UNIQUE,CANONICAL,CIRCULAR,OK_EXT,UNAMBIGUOUS_BP"
"2944","8",63474583,63474766,"hsa_circ_008142",2,"+",1,2,5,40,"my_test_sample",2,0,0,1,"GTAG",NA,"ANCHOR_UNIQUE,CANONICAL,CIRCULAR,PERFECT_EXT,UNAMBIGUOUS_BP"
"2945","17",7543558,7543720,"hsa_circ_008153",2,"+",1,2,40,40,"my_test_sample",2,0,0,1,"GTAG",NA,"ANCHOR_UNIQUE,CANONICAL,CIRCULAR,PERFECT_EXT,UNAMBIGUOUS_BP"
"2946","17",691517,691734,"hsa_circ_008154",4,"-",2,4,5,5,"my_test_sample",4,0,0,1,"GTAG",NA,"ANCHOR_UNIQUE,CANONICAL,CIRCULAR,PERFECT_EXT,UNAMBIGUOUS_BP"
"2947","11",79247516,79247783,"hsa_circ_008155",3,"+",2,3,40,40,"my_test_sample",3,1,0,1,"GTAG",NA,"ANCHOR_UNIQUE,CANONICAL,CIRCULAR,GOOD_EXT,UNAMBIGUOUS_BP"
"2948","11",87737891,87738105,"hsa_circ_008157",3,"-",1,3,40,5,"my_test_sample",3,1,0,1,"GTAG",NA,"ANCHOR_UNIQUE,CANONICAL,CIRCULAR,GOOD_EXT,UNAMBIGUOUS_BP"
"2949","7",133224414,133224609,"hsa_circ_008163",2,"-",1,2,5,40,"my_test_sample",2,1,0,1,"GTAG",NA,"ANCHOR_UNIQUE,CANONICAL,CIRCULAR,GOOD_EXT,UNAMBIGUOUS_BP"
"2950","4",83687866,83688227,"hsa_circ_008164",2,"-",1,2,5,40,"my_test_sample",2,1,0,1,"GTAG",NA,"ANCHOR_UNIQUE,CANONICAL,CIRCULAR,GOOD_EXT,UNAMBIGUOUS_BP"
"2951","X",74149080,74149272,"hsa_circ_008168",2,"-",1,2,5,5,"my_test_sample",2,2,1,1,"GTAG",NA,"ANCHOR_UNIQUE,CANONICAL,CIRCULAR,OK_EXT,UNAMBIGUOUS_BP"
"2952","11",58735627,58735897,"hsa_circ_008169",2,"+",1,2,5,40,"my_test_sample",2,0,0,1,"GTAG",NA,"ANCHOR_UNIQUE,CANONICAL,CIRCULAR,PERFECT_EXT,UNAMBIGUOUS_BP"
"2953","2",157444777,157444971,"hsa_circ_008170",3,"+",3,3,40,5,"my_test_sample",3,1,0,1,"GTAG",NA,"ANCHOR_UNIQUE,CANONICAL,CIRCULAR,GOOD_EXT,UNAMBIGUOUS_BP"
"2954","3",94098096,94098263,"hsa_circ_008171",3,"-",1,3,40,40,"my_test_sample",3,1,0,1,"GTAG",NA,"ANCHOR_UNIQUE,CANONICAL,CIRCULAR,GOOD_EXT,UNAMBIGUOUS_BP"
"2955","22",45893180,45893346,"hsa_circ_008172",3,"+",1,3,40,5,"my_test_sample",3,0,0,1,"GTAG",NA,"ANCHOR_UNIQUE,CANONICAL,CIRCULAR,PERFECT_EXT,UNAMBIGUOUS_BP"
"2956","9",136510139,136510490,"hsa_circ_008173",3,"-",1,3,5,5,"my_test_sample",3,2,0,1,"GTAG",NA,"ANCHOR_UNIQUE,CANONICAL,CIRCULAR,OK_EXT,UNAMBIGUOUS_BP"
"2957","12",81951145,81951324,"hsa_circ_008176",4,"+",1,4,40,5,"my_test_sample",4,2,0,1,"GTAG",NA,"ANCHOR_UNIQUE,CANONICAL,CIRCULAR,OK_EXT,UNAMBIGUOUS_BP"
"2958","X",119427464,119427656,"hsa_circ_008177",2,"-",1,2,40,40,"my_test_sample",2,0,0,1,"GTAG",NA,"ANCHOR_UNIQUE,CANONICAL,CIRCULAR,PERFECT_EXT,UNAMBIGUOUS_BP"
"2959","2",170100569,170100756,"hsa_circ_008184",8,"-",1,8,40,40,"my_test_sample",8,0,0,1,"GTAG",NA,"ANCHOR_UNIQUE,CANONICAL,CIRCULAR,PERFECT_EXT,UNAMBIGUOUS_BP"
"2960","10",116714728,116714916,"hsa_circ_008186",4,"-",1,4,5,40,"my_test_sample",4,1,0,1,"GTAG",NA,"ANCHOR_UNIQUE,CANONICAL,CIRCULAR,GOOD_EXT,UNAMBIGUOUS_BP"
"2961","2",17201738,17201896,"hsa_circ_008187",3,"+",1,3,40,5,"my_test_sample",3,1,0,1,"GTAG",NA,"ANCHOR_UNIQUE,CANONICAL,CIRCULAR,GOOD_EXT,UNAMBIGUOUS_BP"
"2962","15",41311859,41312017,"hsa_circ_008188",3,"-",1,3,5,5,"my_test_sample",3,2,0,1,"GTAG",NA,"ANCHOR_UNIQUE,CANONICAL,CIRCULAR,OK_EXT,UNAMBIGUOUS_BP"
"2963","6",140799260,140799453,"hsa_circ_008189",2,"+",1,2,40,5,"my_test_sample",2,1,0,1,"GTAG",NA,"ANCHOR_UNIQUE,CANONICAL,CIRCULAR,GOOD_EXT,UNAMBIGUOUS_BP"
"2964","6",147811894,147812050,"hsa_circ_008191",2,"+",2,2,40,5,"my_test_sample",2,0,0,1,"GTAG",NA,"ANCHOR_UNIQUE,CANONICAL,CIRCULAR,PERFECT_EXT,UNAMBIGUOUS_BP"
"2965","20",61800645,61800846,"hsa_circ_008192",2,"-",2,2,40,40,"my_test_sample",2,1,0,1,"GTAG",NA,"ANCHOR_UNIQUE,CANONICAL,CIRCULAR,GOOD_EXT,UNAMBIGUOUS_BP"
"2966","6",118227791,118227943,"hsa_circ_008195",2,"+",1,2,5,5,"my_test_sample",2,1,0,1,"GTAG",NA,"ANCHOR_UNIQUE,CANONICAL,CIRCULAR,GOOD_EXT,UNAMBIGUOUS_BP"
"2967","16",79780767,79780997,"hsa_circ_008196",3,"-",1,3,40,5,"my_test_sample",3,0,0,1,"GTAG",NA,"ANCHOR_UNIQUE,CANONICAL,CIRCULAR,PERFECT_EXT,UNAMBIGUOUS_BP"
"2968","3",65420068,65420273,"hsa_circ_008201",6,"+",4,6,40,37,"my_test_sample",6,0,0,1,"GTAG",NA,"ANCHOR_UNIQUE,CANONICAL,CIRCULAR,PERFECT_EXT,UNAMBIGUOUS_BP"
"2969","2",108977788,108978012,"hsa_circ_008206",3,"-",1,3,40,5,"my_test_sample",3,1,0,1,"GTAG",NA,"ANCHOR_UNIQUE,CANONICAL,CIRCULAR,GOOD_EXT,UNAMBIGUOUS_BP"
"2970","11",131443070,131443243,"hsa_circ_008211",3,"+",2,3,40,40,"my_test_sample",3,1,0,1,"GTAG",NA,"ANCHOR_UNIQUE,CANONICAL,CIRCULAR,GOOD_EXT,UNAMBIGUOUS_BP"
"2971","6",117537046,117537225,"hsa_circ_008212",2,"+",1,2,5,5,"my_test_sample",2,1,0,1,"GTAG",NA,"ANCHOR_UNIQUE,CANONICAL,CIRCULAR,GOOD_EXT,UNAMBIGUOUS_BP"
"2972","11",38810310,38810477,"hsa_circ_008214",2,"+",1,2,5,40,"my_test_sample",2,2,0,1,"GTAG",NA,"ANCHOR_UNIQUE,CANONICAL,CIRCULAR,OK_EXT,UNAMBIGUOUS_BP"
"2973","1",43423566,43423733,"hsa_circ_008220",2,"+",2,1,40,40,"my_test_sample",2,1,0,1,"GTAG",NA,"ANCHOR_UNIQUE,CANONICAL,CIRCULAR,GOOD_EXT,UNAMBIGUOUS_BP"
"2974","1",28476106,28480604,"hsa_circ_008221",3,"+",1,3,40,5,"my_test_sample",3,0,0,1,"GTAG",NA,"ANCHOR_UNIQUE,CANONICAL,CIRCULAR,PERFECT_EXT,UNAMBIGUOUS_BP"
"2975","9",75498368,75498569,"hsa_circ_008226",3,"+",1,3,5,5,"my_test_sample",3,1,0,1,"GTAG",NA,"ANCHOR_UNIQUE,CANONICAL,CIRCULAR,GOOD_EXT,UNAMBIGUOUS_BP"
"2976","22",22873032,22873211,"hsa_circ_008229",2,"-",1,2,40,5,"my_test_sample",2,0,0,1,"GTAG",NA,"ANCHOR_UNIQUE,CANONICAL,CIRCULAR,PERFECT_EXT,UNAMBIGUOUS_BP"
"2977","9",7712092,7712306,"hsa_circ_008230",2,"-",1,2,5,40,"my_test_sample",2,2,0,1,"GTAG",NA,"ANCHOR_UNIQUE,CANONICAL,CIRCULAR,OK_EXT,UNAMBIGUOUS_BP"
"2978","21",44524990,44525177,"hsa_circ_008233",3,"+",1,3,40,5,"my_test_sample",3,2,0,1,"GTAG",NA,"ANCHOR_UNIQUE,CANONICAL,CIRCULAR,OK_EXT,UNAMBIGUOUS_BP"
"2979","4",72211633,72211822,"hsa_circ_008235",3,"+",1,3,5,40,"my_test_sample",3,0,1,1,"GTAG",NA,"ANCHOR_UNIQUE,CANONICAL,CIRCULAR,GOOD_EXT,UNAMBIGUOUS_BP"
"2980","19",45984652,45984841,"hsa_circ_008237",2,"-",1,2,5,40,"my_test_sample",2,0,0,1,"GTAG",NA,"ANCHOR_UNIQUE,CANONICAL,CIRCULAR,PERFECT_EXT,UNAMBIGUOUS_BP"
"2981","15",101427891,101443660,"hsa_circ_008244",2,"-",1,2,5,40,"my_test_sample",2,0,0,1,"GTAG",NA,"ANCHOR_UNIQUE,CANONICAL,CIRCULAR,PERFECT_EXT,UNAMBIGUOUS_BP"
"2982","1",111019104,111019261,"hsa_circ_008247",2,"+",2,2,40,40,"my_test_sample",2,0,0,1,"GTAG",NA,"ANCHOR_UNIQUE,CANONICAL,CIRCULAR,PERFECT_EXT,UNAMBIGUOUS_BP"
"2983","8",31377004,31377193,"hsa_circ_008249",5,"+",2,5,40,5,"my_test_sample",5,0,0,1,"GTAG",NA,"ANCHOR_UNIQUE,CANONICAL,CIRCULAR,PERFECT_EXT,UNAMBIGUOUS_BP"
"2984","10",70844594,70844780,"hsa_circ_008250",2,"-",1,2,5,40,"my_test_sample",2,1,0,1,"GTAG",NA,"ANCHOR_UNIQUE,CANONICAL,CIRCULAR,GOOD_EXT,UNAMBIGUOUS_BP"
"2985","17",72400210,72400421,"hsa_circ_008251",2,"+",2,2,40,40,"my_test_sample",2,0,0,1,"GTAG",NA,"ANCHOR_UNIQUE,CANONICAL,CIRCULAR,PERFECT_EXT,UNAMBIGUOUS_BP"
"2986","1",75351347,75351523,"hsa_circ_008252",2,"+",1,2,40,5,"my_test_sample",2,1,0,1,"GTAG",NA,"ANCHOR_UNIQUE,CANONICAL,CIRCULAR,GOOD_EXT,UNAMBIGUOUS_BP"
"2987","1",235072182,235072333,"hsa_circ_008256",2,"+",1,2,40,5,"my_test_sample",2,0,0,1,"GTAG",NA,"ANCHOR_UNIQUE,CANONICAL,CIRCULAR,PERFECT_EXT,UNAMBIGUOUS_BP"
"2988","3",129984855,129985070,"hsa_circ_008265",2,"+",2,2,5,40,"my_test_sample",2,1,0,1,"GTAG",NA,"ANCHOR_UNIQUE,CANONICAL,CIRCULAR,GOOD_EXT,UNAMBIGUOUS_BP"
"2989","11",579284,579451,"hsa_circ_008270",4,"+",2,4,5,40,"my_test_sample",4,0,0,1,"GTAG",NA,"ANCHOR_UNIQUE,CANONICAL,CIRCULAR,PERFECT_EXT,UNAMBIGUOUS_BP"
"2990","2",120109064,120109320,"hsa_circ_008271",2,"-",2,2,5,5,"my_test_sample",2,0,0,1,"GTAG",NA,"ANCHOR_UNIQUE,CANONICAL,CIRCULAR,PERFECT_EXT,UNAMBIGUOUS_BP"
"2991","12",88015043,88015236,"hsa_circ_008272",2,"+",1,2,5,5,"my_test_sample",2,1,0,1,"GTAG",NA,"ANCHOR_UNIQUE,CANONICAL,CIRCULAR,GOOD_EXT,UNAMBIGUOUS_BP"
"2992","11",46804457,46804611,"hsa_circ_008275",3,"-",1,3,40,5,"my_test_sample",3,2,1,1,"GTAG",NA,"ANCHOR_UNIQUE,CANONICAL,CIRCULAR,OK_EXT,UNAMBIGUOUS_BP"
"2993","6",30549519,30549672,"hsa_circ_008276",2,"-",1,2,5,5,"my_test_sample",2,0,0,1,"GTAG",NA,"ANCHOR_UNIQUE,CANONICAL,CIRCULAR,PERFECT_EXT,UNAMBIGUOUS_BP"
"2994","11",68830656,68830848,"hsa_circ_008278",3,"-",3,3,5,5,"my_test_sample",3,0,0,1,"GTAG",NA,"ANCHOR_UNIQUE,CANONICAL,CIRCULAR,PERFECT_EXT,UNAMBIGUOUS_BP"
"2995","6",951043,951201,"hsa_circ_008282",4,"-",1,4,5,5,"my_test_sample",4,2,0,1,"GTAG",NA,"ANCHOR_UNIQUE,CANONICAL,CIRCULAR,OK_EXT,UNAMBIGUOUS_BP"
"2996","19",28435713,28435873,"hsa_circ_008287",2,"-",1,2,40,40,"my_test_sample",2,0,0,1,"GTAG",NA,"ANCHOR_UNIQUE,CANONICAL,CIRCULAR,PERFECT_EXT,UNAMBIGUOUS_BP"
"2997","1",165584370,165584545,"hsa_circ_008289",3,"-",1,3,5,40,"my_test_sample",3,2,0,1,"GTAG",NA,"ANCHOR_UNIQUE,CANONICAL,CIRCULAR,OK_EXT,UNAMBIGUOUS_BP"
"2998","2",221399802,221399987,"hsa_circ_008291",2,"+",1,2,40,4,"my_test_sample",2,1,0,1,"GTAG",NA,"ANCHOR_UNIQUE,CANONICAL,CIRCULAR,GOOD_EXT,UNAMBIGUOUS_BP"
"2999","1",157479034,157479192,"hsa_circ_008292",2,"+",1,2,40,5,"my_test_sample",2,1,0,1,"GTAG",NA,"ANCHOR_UNIQUE,CANONICAL,CIRCULAR,GOOD_EXT,UNAMBIGUOUS_BP"
"3000","17",79887201,79887718,"hsa_circ_008298",2,"-",1,2,40,5,"my_test_sample",2,2,0,1,"GTAG",NA,"ANCHOR_UNIQUE,CANONICAL,CIRCULAR,OK_EXT,UNAMBIGUOUS_BP"
"3001","9",131728831,131729740,"hsa_circ_008299",3,"-",2,3,5,5,"my_test_sample",3,0,0,1,"GTAG",NA,"ANCHOR_UNIQUE,CANONICAL,CIRCULAR,PERFECT_EXT,UNAMBIGUOUS_BP"
"3002","9",31520380,31521126,"hsa_circ_008303",6,"+",1,6,5,5,"my_test_sample",6,1,0,1,"GTAG",NA,"ANCHOR_UNIQUE,CANONICAL,CIRCULAR,GOOD_EXT,UNAMBIGUOUS_BP"
"3003","6",144782610,144782874,"hsa_circ_008305",5,"+",2,5,40,5,"my_test_sample",5,0,0,1,"GTAG",NA,"ANCHOR_UNIQUE,CANONICAL,CIRCULAR,PERFECT_EXT,UNAMBIGUOUS_BP"
"3004","12",97271817,97271991,"hsa_circ_008307",2,"+",1,2,40,40,"my_test_sample",2,0,0,1,"GTAG",NA,"ANCHOR_UNIQUE,CANONICAL,CIRCULAR,PERFECT_EXT,UNAMBIGUOUS_BP"
"3005","13",97079082,97079259,"hsa_circ_008310",2,"+",1,2,5,5,"my_test_sample",2,0,0,1,"GTAG",NA,"ANCHOR_UNIQUE,CANONICAL,CIRCULAR,PERFECT_EXT,UNAMBIGUOUS_BP"
"3006","5",9399554,9399765,"hsa_circ_008313",2,"-",1,2,40,40,"my_test_sample",2,1,0,1,"GTAG",NA,"ANCHOR_UNIQUE,CANONICAL,CIRCULAR,GOOD_EXT,UNAMBIGUOUS_BP"
"3007","1",176523859,176524034,"hsa_circ_008316",2,"-",1,2,40,5,"my_test_sample",2,1,0,1,"GTAG",NA,"ANCHOR_UNIQUE,CANONICAL,CIRCULAR,GOOD_EXT,UNAMBIGUOUS_BP"
"3008","19",49892525,49892686,"hsa_circ_008320",3,"-",2,3,40,40,"my_test_sample",3,2,0,1,"GTAG",NA,"ANCHOR_UNIQUE,CANONICAL,CIRCULAR,OK_EXT,UNAMBIGUOUS_BP"
"3009","17",42140162,42140352,"hsa_circ_008326",2,"-",2,2,40,5,"my_test_sample",2,0,0,1,"GTAG",NA,"ANCHOR_UNIQUE,CANONICAL,CIRCULAR,PERFECT_EXT,UNAMBIGUOUS_BP"
"3010","X",23676953,23677285,"hsa_circ_008327",2,"-",1,2,5,5,"my_test_sample",2,0,0,1,"GTAG",NA,"ANCHOR_UNIQUE,CANONICAL,CIRCULAR,PERFECT_EXT,UNAMBIGUOUS_BP"
"3011","4",38359959,38360122,"hsa_circ_008334",3,"+",1,3,40,40,"my_test_sample",3,0,0,1,"GTAG",NA,"ANCHOR_UNIQUE,CANONICAL,CIRCULAR,PERFECT_EXT,UNAMBIGUOUS_BP"
"3012","8",100776826,100776980,"hsa_circ_008339",2,"-",1,2,40,5,"my_test_sample",2,1,0,1,"GTAG",NA,"ANCHOR_UNIQUE,CANONICAL,CIRCULAR,GOOD_EXT,UNAMBIGUOUS_BP"
"3013","5",107996895,107997054,"hsa_circ_008340",3,"-",2,3,40,5,"my_test_sample",3,1,0,1,"GTAG",NA,"ANCHOR_UNIQUE,CANONICAL,CIRCULAR,GOOD_EXT,UNAMBIGUOUS_BP"
"3014","2",128410543,128410722,"hsa_circ_008342",2,"+",2,2,35,5,"my_test_sample",2,0,0,1,"GTAG",NA,"ANCHOR_UNIQUE,CANONICAL,CIRCULAR,PERFECT_EXT,UNAMBIGUOUS_BP"
"3015","21",45708779,45708985,"hsa_circ_008345",2,"+",1,2,5,5,"my_test_sample",2,1,0,1,"GTAG",NA,"ANCHOR_UNIQUE,CANONICAL,CIRCULAR,GOOD_EXT,UNAMBIGUOUS_BP"
"3016","3",50217193,50217386,"hsa_circ_008351",2,"+",1,2,40,40,"my_test_sample",2,0,0,1,"GTAG",NA,"ANCHOR_UNIQUE,CANONICAL,CIRCULAR,PERFECT_EXT,UNAMBIGUOUS_BP"
"3017","11",11976371,11976546,"hsa_circ_008353",2,"-",2,2,40,40,"my_test_sample",2,1,0,1,"GTAG",NA,"ANCHOR_UNIQUE,CANONICAL,CIRCULAR,GOOD_EXT,UNAMBIGUOUS_BP"
"3018","1",14854387,14854548,"hsa_circ_008357",2,"-",2,2,5,40,"my_test_sample",2,0,0,1,"GTAG",NA,"ANCHOR_UNIQUE,CANONICAL,CIRCULAR,PERFECT_EXT,UNAMBIGUOUS_BP"
"3019","17",44211822,44212018,"hsa_circ_008359",2,"+",2,2,40,40,"my_test_sample",2,0,0,1,"GTAG",NA,"ANCHOR_UNIQUE,CANONICAL,CIRCULAR,PERFECT_EXT,UNAMBIGUOUS_BP"
"3020","17",35733182,35733373,"hsa_circ_008365",2,"+",1,2,5,40,"my_test_sample",2,1,0,1,"GTAG",NA,"ANCHOR_UNIQUE,CANONICAL,CIRCULAR,GOOD_EXT,UNAMBIGUOUS_BP"
"3021","5",6860027,6860190,"hsa_circ_008370",3,"+",1,3,40,40,"my_test_sample",3,1,0,1,"GTAG",NA,"ANCHOR_UNIQUE,CANONICAL,CIRCULAR,GOOD_EXT,UNAMBIGUOUS_BP"
"3022","6",158076897,158077086,"hsa_circ_008371",3,"-",1,3,40,5,"my_test_sample",3,2,0,1,"GTAG",NA,"ANCHOR_UNIQUE,CANONICAL,CIRCULAR,OK_EXT,UNAMBIGUOUS_BP"
"3023","1",30844159,30844359,"hsa_circ_008374",2,"-",1,2,4,40,"my_test_sample",2,2,0,1,"GTAG",NA,"ANCHOR_UNIQUE,CANONICAL,CIRCULAR,OK_EXT,UNAMBIGUOUS_BP"
"3024","5",117611785,117611945,"hsa_circ_008380",4,"-",1,4,40,5,"my_test_sample",4,1,0,1,"GTAG",NA,"ANCHOR_UNIQUE,CANONICAL,CIRCULAR,GOOD_EXT,UNAMBIGUOUS_BP"
"3025","7",102397619,102399648,"hsa_circ_008384",2,"+",1,2,5,5,"my_test_sample",2,0,0,1,"GTAG",NA,"ANCHOR_UNIQUE,CANONICAL,CIRCULAR,PERFECT_EXT,UNAMBIGUOUS_BP"
"3026","5",68118398,68118571,"hsa_circ_008386",2,"+",1,2,5,40,"my_test_sample",2,2,0,1,"GTAG",NA,"ANCHOR_UNIQUE,CANONICAL,CIRCULAR,OK_EXT,UNAMBIGUOUS_BP"
"3027","16",10334711,10334883,"hsa_circ_008387",2,"+",1,2,5,5,"my_test_sample",2,2,0,1,"GTAG",NA,"ANCHOR_UNIQUE,CANONICAL,CIRCULAR,OK_EXT,UNAMBIGUOUS_BP"
"3028","4",103338399,103338581,"hsa_circ_008389",4,"+",1,4,40,5,"my_test_sample",4,1,0,1,"GTAG",NA,"ANCHOR_UNIQUE,CANONICAL,CIRCULAR,GOOD_EXT,UNAMBIGUOUS_BP"
"3029","6",159877071,159877313,"hsa_circ_008392",2,"+",1,2,5,4,"my_test_sample",2,0,0,1,"GTAG",NA,"ANCHOR_UNIQUE,CANONICAL,CIRCULAR,PERFECT_EXT,UNAMBIGUOUS_BP"
"3030","1",167497705,167497874,"hsa_circ_008394",4,"-",2,4,40,5,"my_test_sample",4,1,0,1,"GTAG",NA,"ANCHOR_UNIQUE,CANONICAL,CIRCULAR,GOOD_EXT,UNAMBIGUOUS_BP"
"3031","2",50591722,50591937,"hsa_circ_008395",2,"-",1,2,40,40,"my_test_sample",2,1,0,1,"GTAG",NA,"ANCHOR_UNIQUE,CANONICAL,CIRCULAR,GOOD_EXT,UNAMBIGUOUS_BP"
"3032","12",52800192,52800390,"hsa_circ_008398",2,"-",1,2,40,40,"my_test_sample",2,2,0,1,"GTAG",NA,"ANCHOR_UNIQUE,CANONICAL,CIRCULAR,OK_EXT,UNAMBIGUOUS_BP"
"3033","5",132020716,132020870,"hsa_circ_008399",3,"+",2,2,5,5,"my_test_sample",3,0,0,1,"GTAG",NA,"ANCHOR_UNIQUE,CANONICAL,CIRCULAR,PERFECT_EXT,UNAMBIGUOUS_BP"
"3034","3",191005321,191005676,"hsa_circ_008403",2,"-",2,2,5,40,"my_test_sample",2,1,0,1,"GTAG",NA,"ANCHOR_UNIQUE,CANONICAL,CIRCULAR,GOOD_EXT,UNAMBIGUOUS_BP"
"3035","10",131822313,131822463,"hsa_circ_008405",2,"+",2,2,40,5,"my_test_sample",2,1,0,1,"GTAG",NA,"ANCHOR_UNIQUE,CANONICAL,CIRCULAR,GOOD_EXT,UNAMBIGUOUS_BP"
"3036","5",98771971,98772307,"hsa_circ_008408",2,"-",2,2,40,40,"my_test_sample",2,0,0,1,"GTAG",NA,"ANCHOR_UNIQUE,CANONICAL,CIRCULAR,PERFECT_EXT,UNAMBIGUOUS_BP"
"3037","6",128111635,128111808,"hsa_circ_008409",4,"-",1,4,5,5,"my_test_sample",4,0,0,1,"GTAG",NA,"ANCHOR_UNIQUE,CANONICAL,CIRCULAR,PERFECT_EXT,UNAMBIGUOUS_BP"
"3038","19",6311074,6311231,"hsa_circ_008410",2,"+",1,2,40,5,"my_test_sample",2,0,0,1,"GTAG",NA,"ANCHOR_UNIQUE,CANONICAL,CIRCULAR,PERFECT_EXT,UNAMBIGUOUS_BP"
"3039","1",204490246,204490416,"hsa_circ_008418",2,"+",1,2,5,40,"my_test_sample",2,2,0,1,"GTAG",NA,"ANCHOR_UNIQUE,CANONICAL,CIRCULAR,OK_EXT,UNAMBIGUOUS_BP"
"3040","7",130085316,130085503,"hsa_circ_008419",2,"+",1,2,40,40,"my_test_sample",2,1,0,1,"GTAG",NA,"ANCHOR_UNIQUE,CANONICAL,CIRCULAR,GOOD_EXT,UNAMBIGUOUS_BP"
"3041","2",10833505,10833661,"hsa_circ_008421",3,"-",1,3,5,5,"my_test_sample",3,0,0,1,"GTAG",NA,"ANCHOR_UNIQUE,CANONICAL,CIRCULAR,PERFECT_EXT,UNAMBIGUOUS_BP"
"3042","5",167618686,167619013,"hsa_circ_008427",2,"+",2,2,40,40,"my_test_sample",2,1,0,1,"GTAG",NA,"ANCHOR_UNIQUE,CANONICAL,CIRCULAR,GOOD_EXT,UNAMBIGUOUS_BP"
"3043","4",89330231,89330383,"hsa_circ_008429",3,"-",2,3,5,5,"my_test_sample",3,0,0,1,"GTAG",NA,"ANCHOR_UNIQUE,CANONICAL,CIRCULAR,PERFECT_EXT,UNAMBIGUOUS_BP"
"3044","2",1278930,1279081,"hsa_circ_008430",2,"-",2,2,40,5,"my_test_sample",2,1,0,1,"GTAG",NA,"ANCHOR_UNIQUE,CANONICAL,CIRCULAR,GOOD_EXT,UNAMBIGUOUS_BP"
"3045","10",3111225,3111377,"hsa_circ_008431",2,"+",1,2,40,5,"my_test_sample",2,2,0,1,"GTAG",NA,"ANCHOR_UNIQUE,CANONICAL,CIRCULAR,OK_EXT,UNAMBIGUOUS_BP"
"3046","X",2997064,2997247,"hsa_circ_008432",3,"-",1,3,40,40,"my_test_sample",3,1,0,1,"GTAG",NA,"ANCHOR_UNIQUE,CANONICAL,CIRCULAR,GOOD_EXT,UNAMBIGUOUS_BP"
"3047","5",133601417,133601592,"hsa_circ_008433",2,"+",1,2,5,5,"my_test_sample",2,2,0,1,"GTAG",NA,"ANCHOR_UNIQUE,CANONICAL,CIRCULAR,OK_EXT,UNAMBIGUOUS_BP"
"3048","14",91845765,91845944,"hsa_circ_008435",4,"-",1,4,5,5,"my_test_sample",4,2,0,1,"GTAG",NA,"ANCHOR_UNIQUE,CANONICAL,CIRCULAR,OK_EXT,UNAMBIGUOUS_BP"
"3049","11",65303628,65303785,"hsa_circ_008436",3,"-",2,3,40,5,"my_test_sample",3,1,0,1,"GTAG",NA,"ANCHOR_UNIQUE,CANONICAL,CIRCULAR,GOOD_EXT,UNAMBIGUOUS_BP"
"3050","21",39609737,39610088,"hsa_circ_008441",2,"+",1,2,40,40,"my_test_sample",2,2,0,1,"GTAG",NA,"ANCHOR_UNIQUE,CANONICAL,CIRCULAR,OK_EXT,UNAMBIGUOUS_BP"
"3051","17",59353214,59353526,"hsa_circ_008446",5,"+",3,5,40,40,"my_test_sample",5,0,0,1,"GTAG",NA,"ANCHOR_UNIQUE,CANONICAL,CIRCULAR,PERFECT_EXT,UNAMBIGUOUS_BP"
"3052","9",78622952,78623115,"hsa_circ_008447",2,"+",2,2,40,40,"my_test_sample",2,0,0,1,"GTAG",NA,"ANCHOR_UNIQUE,CANONICAL,CIRCULAR,PERFECT_EXT,UNAMBIGUOUS_BP"
"3053","9",6794653,6794807,"hsa_circ_008450",3,"+",2,3,5,40,"my_test_sample",3,1,1,1,"GTAG",NA,"ANCHOR_UNIQUE,CANONICAL,CIRCULAR,GOOD_EXT,UNAMBIGUOUS_BP"
"3054","6",161889404,161889596,"hsa_circ_008454",2,"-",1,2,5,5,"my_test_sample",2,2,0,1,"GTAG",NA,"ANCHOR_UNIQUE,CANONICAL,CIRCULAR,OK_EXT,UNAMBIGUOUS_BP"
"3055","2",15348995,15349212,"hsa_circ_008455",4,"+",1,4,5,5,"my_test_sample",4,2,0,1,"GTAG",NA,"ANCHOR_UNIQUE,CANONICAL,CIRCULAR,OK_EXT,UNAMBIGUOUS_BP"
"3056","1",32226170,32226530,"hsa_circ_008457",3,"+",1,3,40,5,"my_test_sample",3,0,0,1,"GTAG",NA,"ANCHOR_UNIQUE,CANONICAL,CIRCULAR,PERFECT_EXT,UNAMBIGUOUS_BP"
"3057","22",37895026,37895191,"hsa_circ_008459",3,"+",2,3,40,5,"my_test_sample",3,1,0,1,"GTAG",NA,"ANCHOR_UNIQUE,CANONICAL,CIRCULAR,GOOD_EXT,UNAMBIGUOUS_BP"
"3058","3",58513032,58513200,"hsa_circ_008460",2,"+",1,2,5,40,"my_test_sample",2,2,0,1,"GTAG",NA,"ANCHOR_UNIQUE,CANONICAL,CIRCULAR,OK_EXT,UNAMBIGUOUS_BP"
"3059","11",83169160,83169316,"hsa_circ_008462",2,"+",2,2,40,40,"my_test_sample",2,1,0,1,"GTAG",NA,"ANCHOR_UNIQUE,CANONICAL,CIRCULAR,GOOD_EXT,UNAMBIGUOUS_BP"
"3060","2",177794090,177794279,"hsa_circ_008464",2,"+",1,2,5,5,"my_test_sample",2,1,0,1,"GTAG",NA,"ANCHOR_UNIQUE,CANONICAL,CIRCULAR,GOOD_EXT,UNAMBIGUOUS_BP"
"3061","2",53496072,53496229,"hsa_circ_008468",3,"-",2,3,5,40,"my_test_sample",3,0,0,1,"GTAG",NA,"ANCHOR_UNIQUE,CANONICAL,CIRCULAR,PERFECT_EXT,UNAMBIGUOUS_BP"
"3062","12",34340968,34341157,"hsa_circ_008470",3,"+",1,3,40,5,"my_test_sample",3,1,0,1,"GTAG",NA,"ANCHOR_UNIQUE,CANONICAL,CIRCULAR,GOOD_EXT,UNAMBIGUOUS_BP"
"3063","8",139765526,139765704,"hsa_circ_008472",2,"+",1,2,5,40,"my_test_sample",2,1,0,1,"GTAG",NA,"ANCHOR_UNIQUE,CANONICAL,CIRCULAR,GOOD_EXT,UNAMBIGUOUS_BP"
"3064","1",34972704,34972859,"hsa_circ_008474",3,"+",3,3,5,40,"my_test_sample",3,1,0,1,"GTAG",NA,"ANCHOR_UNIQUE,CANONICAL,CIRCULAR,GOOD_EXT,UNAMBIGUOUS_BP"
"3065","3",184087162,184087322,"hsa_circ_008486",3,"-",2,3,37,4,"my_test_sample",3,0,0,1,"GTAG",NA,"ANCHOR_UNIQUE,CANONICAL,CIRCULAR,PERFECT_EXT,UNAMBIGUOUS_BP"
"3066","1",35804503,35804706,"hsa_circ_008487",2,"-",1,2,5,5,"my_test_sample",2,1,0,1,"GTAG",NA,"ANCHOR_UNIQUE,CANONICAL,CIRCULAR,GOOD_EXT,UNAMBIGUOUS_BP"
"3067","1",172864421,172864575,"hsa_circ_008488",2,"-",2,2,40,5,"my_test_sample",2,0,0,1,"GTAG",NA,"ANCHOR_UNIQUE,CANONICAL,CIRCULAR,PERFECT_EXT,UNAMBIGUOUS_BP"
"3068","16",56025324,56025474,"hsa_circ_008489",2,"-",1,2,40,5,"my_test_sample",2,2,0,1,"GTAG",NA,"ANCHOR_UNIQUE,CANONICAL,CIRCULAR,OK_EXT,UNAMBIGUOUS_BP"
"3069","18",56394970,56395147,"hsa_circ_008490",6,"-",2,6,40,40,"my_test_sample",6,0,0,1,"GTAG",NA,"ANCHOR_UNIQUE,CANONICAL,CIRCULAR,PERFECT_EXT,UNAMBIGUOUS_BP"
"3070","16",17202986,17203154,"hsa_circ_008493",3,"-",2,3,40,40,"my_test_sample",3,0,2,1,"GTAG",NA,"ANCHOR_UNIQUE,CANONICAL,CIRCULAR,OK_EXT,UNAMBIGUOUS_BP"
"3071","3",73926884,73927281,"hsa_circ_008495",2,"+",1,2,40,5,"my_test_sample",2,1,0,1,"GTAG",NA,"ANCHOR_UNIQUE,CANONICAL,CIRCULAR,GOOD_EXT,UNAMBIGUOUS_BP"
"3072","19",32229808,32229964,"hsa_circ_008498",5,"-",1,5,5,40,"my_test_sample",5,2,0,1,"GTAG",NA,"ANCHOR_UNIQUE,CANONICAL,CIRCULAR,OK_EXT,UNAMBIGUOUS_BP"
"3073","16",87145203,87145365,"hsa_circ_008499",5,"+",4,4,40,40,"my_test_sample",5,0,0,1,"GTAG",NA,"ANCHOR_UNIQUE,CANONICAL,CIRCULAR,PERFECT_EXT,UNAMBIGUOUS_BP"
"3074","6",162948286,162948474,"hsa_circ_008503",5,"-",3,5,5,5,"my_test_sample",5,1,0,1,"GTAG",NA,"ANCHOR_UNIQUE,CANONICAL,CIRCULAR,GOOD_EXT,UNAMBIGUOUS_BP"
"3075","2",116390429,116390595,"hsa_circ_008505",3,"-",1,3,5,40,"my_test_sample",3,1,0,1,"GTAG",NA,"ANCHOR_UNIQUE,CANONICAL,CIRCULAR,GOOD_EXT,UNAMBIGUOUS_BP"
"3076","12",6730401,6730820,"hsa_circ_008508",2,"+",1,2,5,5,"my_test_sample",2,1,0,1,"GTAG",NA,"ANCHOR_UNIQUE,CANONICAL,CIRCULAR,GOOD_EXT,UNAMBIGUOUS_BP"
"3077","X",141668176,141668368,"hsa_circ_008510",2,"-",1,2,5,40,"my_test_sample",2,0,0,1,"GTAG",NA,"ANCHOR_UNIQUE,CANONICAL,CIRCULAR,PERFECT_EXT,UNAMBIGUOUS_BP"
"3078","19",45263112,45263367,"hsa_circ_008511",6,"+",5,6,40,40,"my_test_sample",6,0,0,1,"GTAG",NA,"ANCHOR_UNIQUE,CANONICAL,CIRCULAR,PERFECT_EXT,UNAMBIGUOUS_BP"
"3079","4",148246218,148260117,"hsa_circ_008514",4,"-",1,4,5,5,"my_test_sample",4,0,0,1,"GTAG",NA,"ANCHOR_UNIQUE,CANONICAL,CIRCULAR,PERFECT_EXT,UNAMBIGUOUS_BP"
"3080","7",135259768,135260092,"hsa_circ_008518",2,"-",2,2,40,37,"my_test_sample",2,1,0,1,"GTAG",NA,"ANCHOR_UNIQUE,CANONICAL,CIRCULAR,GOOD_EXT,UNAMBIGUOUS_BP"
"3081","7",2687731,2687896,"hsa_circ_008520",2,"-",2,2,35,40,"my_test_sample",2,1,0,1,"GTAG",NA,"ANCHOR_UNIQUE,CANONICAL,CIRCULAR,GOOD_EXT,UNAMBIGUOUS_BP"
"3082","1",91861470,91861644,"hsa_circ_008522",2,"-",2,2,5,40,"my_test_sample",2,0,0,1,"GTAG",NA,"ANCHOR_UNIQUE,CANONICAL,CIRCULAR,PERFECT_EXT,UNAMBIGUOUS_BP"
"3083","16",30143457,30143648,"hsa_circ_008524",2,"-",1,2,5,4,"my_test_sample",2,1,0,1,"GTAG",NA,"ANCHOR_UNIQUE,CANONICAL,CIRCULAR,GOOD_EXT,UNAMBIGUOUS_BP"
"3084","8",37877108,37877551,"hsa_circ_008528",3,"-",3,1,40,40,"my_test_sample",3,0,0,1,"GTAG",NA,"ANCHOR_UNIQUE,CANONICAL,CIRCULAR,PERFECT_EXT,UNAMBIGUOUS_BP"
"3085","11",67371882,67372090,"hsa_circ_008534",3,"+",1,3,5,40,"my_test_sample",3,1,0,1,"GTAG",NA,"ANCHOR_UNIQUE,CANONICAL,CIRCULAR,GOOD_EXT,UNAMBIGUOUS_BP"
"3086","2",239719397,239719572,"hsa_circ_008535",2,"+",2,2,4,35,"my_test_sample",2,0,0,1,"GTAG",NA,"ANCHOR_UNIQUE,CANONICAL,CIRCULAR,PERFECT_EXT,UNAMBIGUOUS_BP"
"3087","1",46565040,46572167,"hsa_circ_008536",2,"-",1,2,5,40,"my_test_sample",2,1,0,1,"GTAG",NA,"ANCHOR_UNIQUE,CANONICAL,CIRCULAR,GOOD_EXT,UNAMBIGUOUS_BP"
"3088","17",5818752,5818904,"hsa_circ_008540",2,"+",1,2,5,40,"my_test_sample",2,1,0,1,"GTAG",NA,"ANCHOR_UNIQUE,CANONICAL,CIRCULAR,GOOD_EXT,UNAMBIGUOUS_BP"
"3089","7",47354322,47354481,"hsa_circ_008541",2,"-",2,2,5,5,"my_test_sample",2,1,0,1,"GTAG",NA,"ANCHOR_UNIQUE,CANONICAL,CIRCULAR,GOOD_EXT,UNAMBIGUOUS_BP"
"3090","18",79866089,79866241,"hsa_circ_008542",2,"+",1,2,5,5,"my_test_sample",2,1,0,1,"GTAG",NA,"ANCHOR_UNIQUE,CANONICAL,CIRCULAR,GOOD_EXT,UNAMBIGUOUS_BP"
"3091","14",65803883,65804237,"hsa_circ_008543",9,"+",2,9,40,40,"my_test_sample",9,2,0,1,"GTAG",NA,"ANCHOR_UNIQUE,CANONICAL,CIRCULAR,OK_EXT,UNAMBIGUOUS_BP"
"3092","20",38551221,38551486,"hsa_circ_008545",3,"+",1,3,40,5,"my_test_sample",3,2,0,1,"GTAG",NA,"ANCHOR_UNIQUE,CANONICAL,CIRCULAR,OK_EXT,UNAMBIGUOUS_BP"
"3093","17",65084518,65084702,"hsa_circ_008546",3,"+",2,3,5,5,"my_test_sample",3,0,0,1,"GTAG",NA,"ANCHOR_UNIQUE,CANONICAL,CIRCULAR,PERFECT_EXT,UNAMBIGUOUS_BP"
"3094","1",192795500,192795677,"hsa_circ_008547",4,"-",2,4,37,40,"my_test_sample",4,2,0,1,"GTAG",NA,"ANCHOR_UNIQUE,CANONICAL,CIRCULAR,OK_EXT,UNAMBIGUOUS_BP"
"3095","6",85402304,85402530,"hsa_circ_008549",2,"+",1,2,40,5,"my_test_sample",2,0,0,1,"GTAG",NA,"ANCHOR_UNIQUE,CANONICAL,CIRCULAR,PERFECT_EXT,UNAMBIGUOUS_BP"
"3096","19",28561910,28653292,"hsa_circ_008556",2,"+",1,2,5,5,"my_test_sample",2,0,0,1,"GTAG",NA,"ANCHOR_UNIQUE,CANONICAL,CIRCULAR,PERFECT_EXT,UNAMBIGUOUS_BP"
"3097","2",97716368,97716526,"hsa_circ_008564",2,"+",1,2,40,40,"my_test_sample",2,0,0,1,"GTAG",NA,"ANCHOR_UNIQUE,CANONICAL,CIRCULAR,PERFECT_EXT,UNAMBIGUOUS_BP"
"3098","11",13163417,13163585,"hsa_circ_008569",3,"-",1,3,5,40,"my_test_sample",3,0,0,1,"GTAG",NA,"ANCHOR_UNIQUE,CANONICAL,CIRCULAR,PERFECT_EXT,UNAMBIGUOUS_BP"
"3099","1",203124092,203124317,"hsa_circ_008570",4,"+",1,4,40,5,"my_test_sample",4,0,0,1,"GTAG",NA,"ANCHOR_UNIQUE,CANONICAL,CIRCULAR,PERFECT_EXT,UNAMBIGUOUS_BP"
"3100","7",98953787,98954137,"hsa_circ_008571",3,"+",1,3,40,40,"my_test_sample",3,1,0,1,"GTAG",NA,"ANCHOR_UNIQUE,CANONICAL,CIRCULAR,GOOD_EXT,UNAMBIGUOUS_BP"
"3101","1",202278605,202278763,"hsa_circ_008572",4,"+",2,4,37,5,"my_test_sample",4,0,0,1,"GTAG",NA,"ANCHOR_UNIQUE,CANONICAL,CIRCULAR,PERFECT_EXT,UNAMBIGUOUS_BP"
"3102","16",31722625,31723353,"hsa_circ_008573",2,"+",2,2,40,5,"my_test_sample",2,0,0,1,"GTAG",NA,"ANCHOR_UNIQUE,CANONICAL,CIRCULAR,PERFECT_EXT,UNAMBIGUOUS_BP"
"3103","10",101220923,101221089,"hsa_circ_008574",2,"+",1,2,40,40,"my_test_sample",2,0,0,1,"GTAG",NA,"ANCHOR_UNIQUE,CANONICAL,CIRCULAR,PERFECT_EXT,UNAMBIGUOUS_BP"
"3104","3",154973747,154973973,"hsa_circ_008575",3,"+",1,3,5,5,"my_test_sample",3,1,0,1,"GTAG",NA,"ANCHOR_UNIQUE,CANONICAL,CIRCULAR,GOOD_EXT,UNAMBIGUOUS_BP"
"3105","9",15372611,15372847,"hsa_circ_008576",2,"-",1,2,5,5,"my_test_sample",2,1,0,1,"GTAG",NA,"ANCHOR_UNIQUE,CANONICAL,CIRCULAR,GOOD_EXT,UNAMBIGUOUS_BP"
"3106","5",97232461,97232615,"hsa_circ_008582",3,"-",1,3,5,40,"my_test_sample",3,1,0,1,"GTAG",NA,"ANCHOR_UNIQUE,CANONICAL,CIRCULAR,GOOD_EXT,UNAMBIGUOUS_BP"
"3107","6",108853887,108854446,"hsa_circ_008586",2,"-",2,1,40,40,"my_test_sample",2,0,0,1,"GTAG",NA,"ANCHOR_UNIQUE,CANONICAL,CIRCULAR,PERFECT_EXT,UNAMBIGUOUS_BP"
"3108","2",112212303,112212473,"hsa_circ_008587",2,"+",1,2,40,40,"my_test_sample",2,2,0,1,"GTAG",NA,"ANCHOR_UNIQUE,CANONICAL,CIRCULAR,OK_EXT,UNAMBIGUOUS_BP"
"3109","8",142639574,142639740,"hsa_circ_008588",2,"-",2,2,40,40,"my_test_sample",2,1,0,1,"GTAG",NA,"ANCHOR_UNIQUE,CANONICAL,CIRCULAR,GOOD_EXT,UNAMBIGUOUS_BP"
"3110","13",49126386,49126674,"hsa_circ_008592",2,"-",1,2,5,5,"my_test_sample",2,2,0,1,"GTAG",NA,"ANCHOR_UNIQUE,CANONICAL,CIRCULAR,OK_EXT,UNAMBIGUOUS_BP"
"3111","13",23421094,23421296,"hsa_circ_008593",2,"-",1,2,5,5,"my_test_sample",2,0,0,1,"GTAG",NA,"ANCHOR_UNIQUE,CANONICAL,CIRCULAR,PERFECT_EXT,UNAMBIGUOUS_BP"
"3112","1",226896992,226897829,"hsa_circ_008594",2,"+",1,2,40,40,"my_test_sample",2,0,0,1,"GTAG",NA,"ANCHOR_UNIQUE,CANONICAL,CIRCULAR,PERFECT_EXT,UNAMBIGUOUS_BP"
"3113","15",50458999,50459162,"hsa_circ_008597",3,"+",3,1,5,40,"my_test_sample",3,0,0,1,"GTAG",NA,"ANCHOR_UNIQUE,CANONICAL,CIRCULAR,PERFECT_EXT,UNAMBIGUOUS_BP"
"3114","1",16065053,16065205,"hsa_circ_008602",2,"-",2,2,5,5,"my_test_sample",2,0,0,1,"GTAG",NA,"ANCHOR_UNIQUE,CANONICAL,CIRCULAR,PERFECT_EXT,UNAMBIGUOUS_BP"
"3115","4",116851338,116851523,"hsa_circ_008608",3,"-",3,3,40,4,"my_test_sample",3,0,0,1,"GTAG",NA,"ANCHOR_UNIQUE,CANONICAL,CIRCULAR,PERFECT_EXT,UNAMBIGUOUS_BP"
"3116","16",67694751,67694926,"hsa_circ_008610",2,"+",1,2,40,40,"my_test_sample",2,2,0,1,"GTAG",NA,"ANCHOR_UNIQUE,CANONICAL,CIRCULAR,OK_EXT,UNAMBIGUOUS_BP"
"3117","6",100077685,100077859,"hsa_circ_008614",2,"+",1,2,40,40,"my_test_sample",2,1,0,1,"GTAG",NA,"ANCHOR_UNIQUE,CANONICAL,CIRCULAR,GOOD_EXT,UNAMBIGUOUS_BP"
"3118","13",47944380,47944554,"hsa_circ_008615",2,"-",1,2,5,40,"my_test_sample",2,2,0,1,"GTAG",NA,"ANCHOR_UNIQUE,CANONICAL,CIRCULAR,OK_EXT,UNAMBIGUOUS_BP"
"3119","21",39151187,39151345,"hsa_circ_008616",2,"+",2,2,5,5,"my_test_sample",2,0,0,1,"GTAG",NA,"ANCHOR_UNIQUE,CANONICAL,CIRCULAR,PERFECT_EXT,UNAMBIGUOUS_BP"
"3120","6",18906394,18906568,"hsa_circ_008623",4,"+",1,4,5,5,"my_test_sample",4,2,0,1,"GTAG",NA,"ANCHOR_UNIQUE,CANONICAL,CIRCULAR,OK_EXT,UNAMBIGUOUS_BP"
"3121","10",128108262,128108425,"hsa_circ_008630",3,"+",2,3,5,40,"my_test_sample",3,1,0,1,"GTAG",NA,"ANCHOR_UNIQUE,CANONICAL,CIRCULAR,GOOD_EXT,UNAMBIGUOUS_BP"
"3122","8",127451734,127451886,"hsa_circ_008634",4,"-",2,4,5,5,"my_test_sample",4,1,0,1,"GTAG",NA,"ANCHOR_UNIQUE,CANONICAL,CIRCULAR,GOOD_EXT,UNAMBIGUOUS_BP"
"3123","8",84033264,84033455,"hsa_circ_008635",5,"-",2,5,5,37,"my_test_sample",5,0,0,1,"GTAG",NA,"ANCHOR_UNIQUE,CANONICAL,CIRCULAR,PERFECT_EXT,UNAMBIGUOUS_BP"
"3124","7",96974993,96975144,"hsa_circ_008638",2,"-",1,2,40,4,"my_test_sample",2,2,0,1,"GTAG",NA,"ANCHOR_UNIQUE,CANONICAL,CIRCULAR,OK_EXT,UNAMBIGUOUS_BP"
"3125","11",47395787,47395961,"hsa_circ_008639",2,"+",1,2,5,5,"my_test_sample",2,0,0,1,"GTAG",NA,"ANCHOR_UNIQUE,CANONICAL,CIRCULAR,PERFECT_EXT,UNAMBIGUOUS_BP"
"3126","10",79035155,79035312,"hsa_circ_008641",2,"-",2,2,4,40,"my_test_sample",2,2,0,1,"GTAG",NA,"ANCHOR_UNIQUE,CANONICAL,CIRCULAR,OK_EXT,UNAMBIGUOUS_BP"
"3127","10",129397942,129398119,"hsa_circ_008645",3,"+",2,3,40,35,"my_test_sample",3,0,2,1,"GTAG",NA,"ANCHOR_UNIQUE,CANONICAL,CIRCULAR,OK_EXT,UNAMBIGUOUS_BP"
"3128","15",29526388,29526570,"hsa_circ_008647",2,"-",1,2,40,5,"my_test_sample",2,0,0,1,"GTAG",NA,"ANCHOR_UNIQUE,CANONICAL,CIRCULAR,PERFECT_EXT,UNAMBIGUOUS_BP"
"3129","4",86045373,86045533,"hsa_circ_008650",2,"-",1,2,5,5,"my_test_sample",2,1,0,1,"GTAG",NA,"ANCHOR_UNIQUE,CANONICAL,CIRCULAR,GOOD_EXT,UNAMBIGUOUS_BP"
"3130","X",16229876,16230083,"hsa_circ_008651",2,"-",1,2,5,40,"my_test_sample",2,0,0,1,"GTAG",NA,"ANCHOR_UNIQUE,CANONICAL,CIRCULAR,PERFECT_EXT,UNAMBIGUOUS_BP"
"3131","3",18695354,18695507,"hsa_circ_008655",2,"+",2,2,40,40,"my_test_sample",2,1,0,1,"GTAG",NA,"ANCHOR_UNIQUE,CANONICAL,CIRCULAR,GOOD_EXT,UNAMBIGUOUS_BP"
"3132","12",69800208,69801721,"hsa_circ_008657",2,"+",1,2,40,5,"my_test_sample",2,0,0,1,"GTAG",NA,"ANCHOR_UNIQUE,CANONICAL,CIRCULAR,PERFECT_EXT,UNAMBIGUOUS_BP"
"3133","11",62715174,62715442,"hsa_circ_008658",2,"-",1,2,40,5,"my_test_sample",2,1,0,1,"GTAG",NA,"ANCHOR_UNIQUE,CANONICAL,CIRCULAR,GOOD_EXT,UNAMBIGUOUS_BP"
"3134","5",95755395,95763620,"hsa_circ_008659",3,"+",2,3,40,40,"my_test_sample",3,0,0,1,"GTAG",NA,"ANCHOR_UNIQUE,CANONICAL,CIRCULAR,PERFECT_EXT,UNAMBIGUOUS_BP"
"3135","1",81654488,81654642,"hsa_circ_008661",3,"-",1,3,5,5,"my_test_sample",3,2,0,1,"GTAG",NA,"ANCHOR_UNIQUE,CANONICAL,CIRCULAR,OK_EXT,UNAMBIGUOUS_BP"
"3136","X",19724867,19725024,"hsa_circ_008663",2,"-",1,2,5,40,"my_test_sample",2,2,0,1,"GTAG",NA,"ANCHOR_UNIQUE,CANONICAL,CIRCULAR,OK_EXT,UNAMBIGUOUS_BP"
"3137","1",201678855,201679007,"hsa_circ_008664",2,"+",1,2,40,40,"my_test_sample",2,0,0,1,"GTAG",NA,"ANCHOR_UNIQUE,CANONICAL,CIRCULAR,PERFECT_EXT,UNAMBIGUOUS_BP"
"3138","4",140049206,140049401,"hsa_circ_008667",3,"-",2,3,40,40,"my_test_sample",3,0,0,1,"GTAG",NA,"ANCHOR_UNIQUE,CANONICAL,CIRCULAR,PERFECT_EXT,UNAMBIGUOUS_BP"
"3139","5",178783502,178783676,"hsa_circ_008668",2,"-",2,2,5,5,"my_test_sample",2,2,0,1,"GTAG",NA,"ANCHOR_UNIQUE,CANONICAL,CIRCULAR,OK_EXT,UNAMBIGUOUS_BP"
"3140","20",58499702,58500072,"hsa_circ_008670",3,"-",1,3,5,5,"my_test_sample",3,1,0,1,"GTAG",NA,"ANCHOR_UNIQUE,CANONICAL,CIRCULAR,GOOD_EXT,UNAMBIGUOUS_BP"
"3141","22",34944864,34945241,"hsa_circ_008672",2,"-",2,2,5,5,"my_test_sample",2,2,0,1,"GTAG",NA,"ANCHOR_UNIQUE,CANONICAL,CIRCULAR,OK_EXT,UNAMBIGUOUS_BP"
"3142","4",57720148,57720469,"hsa_circ_008677",3,"-",2,3,40,5,"my_test_sample",3,0,0,1,"GTAG",NA,"ANCHOR_UNIQUE,CANONICAL,CIRCULAR,PERFECT_EXT,UNAMBIGUOUS_BP"
"3143","3",62320849,62321024,"hsa_circ_008681",4,"-",1,4,5,40,"my_test_sample",4,1,0,1,"GTAG",NA,"ANCHOR_UNIQUE,CANONICAL,CIRCULAR,GOOD_EXT,UNAMBIGUOUS_BP"
"3144","8",100103336,100103517,"hsa_circ_008684",2,"+",1,2,40,5,"my_test_sample",2,2,0,1,"GTAG",NA,"ANCHOR_UNIQUE,CANONICAL,CIRCULAR,OK_EXT,UNAMBIGUOUS_BP"
"3145","X",97680274,97680453,"hsa_circ_008685",2,"+",1,2,5,40,"my_test_sample",2,0,0,1,"GTAG",NA,"ANCHOR_UNIQUE,CANONICAL,CIRCULAR,PERFECT_EXT,UNAMBIGUOUS_BP"
"3146","3",126578739,126578933,"hsa_circ_008686",2,"-",1,2,5,40,"my_test_sample",2,0,0,1,"GTAG",NA,"ANCHOR_UNIQUE,CANONICAL,CIRCULAR,PERFECT_EXT,UNAMBIGUOUS_BP"
"3147","10",91481131,91481453,"hsa_circ_008687",2,"-",1,2,5,5,"my_test_sample",2,1,0,1,"GTAG",NA,"ANCHOR_UNIQUE,CANONICAL,CIRCULAR,GOOD_EXT,UNAMBIGUOUS_BP"
"3148","3",40358579,40358738,"hsa_circ_008690",2,"-",2,2,40,40,"my_test_sample",2,0,0,1,"GTAG",NA,"ANCHOR_UNIQUE,CANONICAL,CIRCULAR,PERFECT_EXT,UNAMBIGUOUS_BP"
"3149","1",54016514,54016703,"hsa_circ_008695",3,"+",2,3,35,40,"my_test_sample",3,1,0,1,"GTAG",NA,"ANCHOR_UNIQUE,CANONICAL,CIRCULAR,GOOD_EXT,UNAMBIGUOUS_BP"
"3150","17",76277067,76277247,"hsa_circ_008696",3,"+",3,3,5,40,"my_test_sample",3,0,0,1,"GTAG",NA,"ANCHOR_UNIQUE,CANONICAL,CIRCULAR,PERFECT_EXT,UNAMBIGUOUS_BP"
"3151","9",32020920,32021083,"hsa_circ_008697",2,"-",2,2,5,5,"my_test_sample",2,0,0,1,"GTAG",NA,"ANCHOR_UNIQUE,CANONICAL,CIRCULAR,PERFECT_EXT,UNAMBIGUOUS_BP"
"3152","11",19096962,19097142,"hsa_circ_008701",2,"+",1,2,5,5,"my_test_sample",2,0,0,1,"GTAG",NA,"ANCHOR_UNIQUE,CANONICAL,CIRCULAR,PERFECT_EXT,UNAMBIGUOUS_BP"
"3153","11",43558053,43558228,"hsa_circ_008704",2,"-",1,2,40,5,"my_test_sample",2,2,0,1,"GTAG",NA,"ANCHOR_UNIQUE,CANONICAL,CIRCULAR,OK_EXT,UNAMBIGUOUS_BP"
"3154","9",126653820,126653984,"hsa_circ_008705",2,"-",2,2,5,5,"my_test_sample",2,2,0,1,"GTAG",NA,"ANCHOR_UNIQUE,CANONICAL,CIRCULAR,OK_EXT,UNAMBIGUOUS_BP"
"3155","X",58137998,58138663,"hsa_circ_008707",4,"-",1,4,40,40,"my_test_sample",4,0,0,1,"GTAG",NA,"ANCHOR_UNIQUE,CANONICAL,CIRCULAR,PERFECT_EXT,UNAMBIGUOUS_BP"
"3156","8",46390323,46390544,"hsa_circ_008708",3,"+",3,2,37,5,"my_test_sample",3,1,0,1,"GTAG",NA,"ANCHOR_UNIQUE,CANONICAL,CIRCULAR,GOOD_EXT,UNAMBIGUOUS_BP"
"3157","22",19495729,19496075,"hsa_circ_008717",5,"+",1,5,5,5,"my_test_sample",5,0,0,1,"GTAG",NA,"ANCHOR_UNIQUE,CANONICAL,CIRCULAR,PERFECT_EXT,UNAMBIGUOUS_BP"
"3158","5",2036375,2036580,"hsa_circ_008720",2,"-",2,2,40,40,"my_test_sample",2,2,0,1,"GTAG",NA,"ANCHOR_UNIQUE,CANONICAL,CIRCULAR,OK_EXT,UNAMBIGUOUS_BP"
"3159","6",112306058,112306247,"hsa_circ_008723",3,"-",1,3,5,40,"my_test_sample",3,1,0,1,"GTAG",NA,"ANCHOR_UNIQUE,CANONICAL,CIRCULAR,GOOD_EXT,UNAMBIGUOUS_BP"
"3160","8",5022094,5022263,"hsa_circ_008724",2,"+",2,2,40,5,"my_test_sample",2,1,0,1,"GTAG",NA,"ANCHOR_UNIQUE,CANONICAL,CIRCULAR,GOOD_EXT,UNAMBIGUOUS_BP"
"3161","1",248683182,248683347,"hsa_circ_008730",3,"+",1,3,5,5,"my_test_sample",3,1,0,1,"GTAG",NA,"ANCHOR_UNIQUE,CANONICAL,CIRCULAR,GOOD_EXT,UNAMBIGUOUS_BP"
"3162","1",229497344,229497499,"hsa_circ_008737",2,"+",1,2,5,40,"my_test_sample",2,1,0,1,"GTAG",NA,"ANCHOR_UNIQUE,CANONICAL,CIRCULAR,GOOD_EXT,UNAMBIGUOUS_BP"
"3163","3",150158800,150159070,"hsa_circ_008738",2,"-",1,2,5,40,"my_test_sample",2,0,0,1,"GTAG",NA,"ANCHOR_UNIQUE,CANONICAL,CIRCULAR,PERFECT_EXT,UNAMBIGUOUS_BP"
"3164","16",31591593,31592771,"hsa_circ_008739",2,"-",2,2,5,40,"my_test_sample",2,0,0,1,"GTAG",NA,"ANCHOR_UNIQUE,CANONICAL,CIRCULAR,PERFECT_EXT,UNAMBIGUOUS_BP"
"3165","8",59323528,59323709,"hsa_circ_008747",4,"-",2,4,5,5,"my_test_sample",4,1,0,1,"GTAG",NA,"ANCHOR_UNIQUE,CANONICAL,CIRCULAR,GOOD_EXT,UNAMBIGUOUS_BP"
"3166","7",44305472,44305627,"hsa_circ_008749",2,"+",1,2,40,5,"my_test_sample",2,0,0,1,"GTAG",NA,"ANCHOR_UNIQUE,CANONICAL,CIRCULAR,PERFECT_EXT,UNAMBIGUOUS_BP"
"3167","3",150957567,150957729,"hsa_circ_008750",3,"-",2,3,40,5,"my_test_sample",3,0,0,1,"GTAG",NA,"ANCHOR_UNIQUE,CANONICAL,CIRCULAR,PERFECT_EXT,UNAMBIGUOUS_BP"
"3168","10",29785670,29785827,"hsa_circ_008753",2,"+",2,2,40,37,"my_test_sample",2,1,0,1,"GTAG",NA,"ANCHOR_UNIQUE,CANONICAL,CIRCULAR,GOOD_EXT,UNAMBIGUOUS_BP"
"3169","12",19695764,19695926,"hsa_circ_008754",2,"+",2,2,40,40,"my_test_sample",2,2,0,1,"GTAG",NA,"ANCHOR_UNIQUE,CANONICAL,CIRCULAR,OK_EXT,UNAMBIGUOUS_BP"
"3170","17",36809854,36810053,"hsa_circ_008756",3,"+",2,3,40,40,"my_test_sample",3,0,0,1,"GTAG",NA,"ANCHOR_UNIQUE,CANONICAL,CIRCULAR,PERFECT_EXT,UNAMBIGUOUS_BP"
"3171","7",76063533,76063899,"hsa_circ_008759",4,"+",1,4,40,40,"my_test_sample",4,2,0,1,"GTAG",NA,"ANCHOR_UNIQUE,CANONICAL,CIRCULAR,OK_EXT,UNAMBIGUOUS_BP"
"3172","11",20546328,20546533,"hsa_circ_008760",6,"-",1,6,40,40,"my_test_sample",6,1,0,1,"GTAG",NA,"ANCHOR_UNIQUE,CANONICAL,CIRCULAR,GOOD_EXT,UNAMBIGUOUS_BP"
"3173","6",50929318,50929514,"hsa_circ_008764",4,"+",1,4,5,40,"my_test_sample",4,2,0,1,"GTAG",NA,"ANCHOR_UNIQUE,CANONICAL,CIRCULAR,OK_EXT,UNAMBIGUOUS_BP"
"3174","7",138096743,138096926,"hsa_circ_008766",2,"-",1,2,40,40,"my_test_sample",2,1,0,1,"GTAG",NA,"ANCHOR_UNIQUE,CANONICAL,CIRCULAR,GOOD_EXT,UNAMBIGUOUS_BP"
"3175","3",46706683,46707001,"hsa_circ_008770",2,"+",1,2,40,5,"my_test_sample",2,0,0,1,"GTAG",NA,"ANCHOR_UNIQUE,CANONICAL,CIRCULAR,PERFECT_EXT,UNAMBIGUOUS_BP"
"3176","7",92681894,92682462,"hsa_circ_008775",2,"-",1,2,5,5,"my_test_sample",2,0,0,1,"GTAG",NA,"ANCHOR_UNIQUE,CANONICAL,CIRCULAR,PERFECT_EXT,UNAMBIGUOUS_BP"
"3177","4",185004311,185005010,"hsa_circ_008778",2,"-",1,2,40,40,"my_test_sample",2,2,0,1,"GTAG",NA,"ANCHOR_UNIQUE,CANONICAL,CIRCULAR,OK_EXT,UNAMBIGUOUS_BP"
"3178","5",170290531,170290689,"hsa_circ_008780",2,"-",1,2,35,5,"my_test_sample",2,1,0,1,"GTAG",NA,"ANCHOR_UNIQUE,CANONICAL,CIRCULAR,GOOD_EXT,UNAMBIGUOUS_BP"
"3179","14",104576275,104576501,"hsa_circ_008787",4,"-",3,4,5,40,"my_test_sample",4,1,0,1,"GTAG",NA,"ANCHOR_UNIQUE,CANONICAL,CIRCULAR,GOOD_EXT,UNAMBIGUOUS_BP"
"3180","2",62425853,62426115,"hsa_circ_008790",4,"-",1,4,40,5,"my_test_sample",4,1,0,1,"GTAG",NA,"ANCHOR_UNIQUE,CANONICAL,CIRCULAR,GOOD_EXT,UNAMBIGUOUS_BP"
"3181","1",169625157,169625333,"hsa_circ_008794",6,"-",2,6,5,40,"my_test_sample",6,1,0,1,"GTAG",NA,"ANCHOR_UNIQUE,CANONICAL,CIRCULAR,GOOD_EXT,UNAMBIGUOUS_BP"
"3182","5",166129706,166129862,"hsa_circ_008796",2,"+",2,2,40,40,"my_test_sample",2,2,0,1,"GTAG",NA,"ANCHOR_UNIQUE,CANONICAL,CIRCULAR,OK_EXT,UNAMBIGUOUS_BP"
"3183","3",39639532,39639733,"hsa_circ_008797",5,"+",3,5,40,40,"my_test_sample",5,1,0,1,"GTAG",NA,"ANCHOR_UNIQUE,CANONICAL,CIRCULAR,GOOD_EXT,UNAMBIGUOUS_BP"
"3184","14",55409297,55409454,"hsa_circ_008800",2,"+",1,2,40,5,"my_test_sample",2,1,0,1,"GTAG",NA,"ANCHOR_UNIQUE,CANONICAL,CIRCULAR,GOOD_EXT,UNAMBIGUOUS_BP"
"3185","20",58438944,58441083,"hsa_circ_008801",2,"+",2,1,40,40,"my_test_sample",2,0,0,1,"GTAG",NA,"ANCHOR_UNIQUE,CANONICAL,CIRCULAR,PERFECT_EXT,UNAMBIGUOUS_BP"
"3186","6",107779163,107779371,"hsa_circ_008802",4,"+",1,4,5,40,"my_test_sample",4,1,0,1,"GTAG",NA,"ANCHOR_UNIQUE,CANONICAL,CIRCULAR,GOOD_EXT,UNAMBIGUOUS_BP"
"3187","6",8398908,8399093,"hsa_circ_008803",2,"+",2,2,5,5,"my_test_sample",2,0,0,1,"GTAG",NA,"ANCHOR_UNIQUE,CANONICAL,CIRCULAR,PERFECT_EXT,UNAMBIGUOUS_BP"
"3188","2",165942541,165942701,"hsa_circ_008805",3,"-",1,3,5,5,"my_test_sample",3,0,1,1,"GTAG",NA,"ANCHOR_UNIQUE,CANONICAL,CIRCULAR,GOOD_EXT,UNAMBIGUOUS_BP"
"3189","22",19904204,19904370,"hsa_circ_008806",4,"-",1,4,40,40,"my_test_sample",4,1,0,1,"GTAG",NA,"ANCHOR_UNIQUE,CANONICAL,CIRCULAR,GOOD_EXT,UNAMBIGUOUS_BP"
"3190","3",149696790,149696964,"hsa_circ_008811",3,"-",3,3,5,40,"my_test_sample",3,1,0,1,"GTAG",NA,"ANCHOR_UNIQUE,CANONICAL,CIRCULAR,GOOD_EXT,UNAMBIGUOUS_BP"
"3191","15",92937517,92939718,"hsa_circ_008814",6,"+",3,6,40,5,"my_test_sample",6,0,0,1,"GTAG",NA,"ANCHOR_UNIQUE,CANONICAL,CIRCULAR,PERFECT_EXT,UNAMBIGUOUS_BP"
"3192","1",47452438,47452625,"hsa_circ_008818",2,"+",2,2,35,5,"my_test_sample",2,1,0,1,"GTAG",NA,"ANCHOR_UNIQUE,CANONICAL,CIRCULAR,GOOD_EXT,UNAMBIGUOUS_BP"
"3193","7",52984162,52984398,"hsa_circ_008820",2,"+",1,2,5,40,"my_test_sample",2,2,0,1,"GTAG",NA,"ANCHOR_UNIQUE,CANONICAL,CIRCULAR,OK_EXT,UNAMBIGUOUS_BP"
"3194","3",183070998,183071357,"hsa_circ_008821",3,"-",2,3,40,40,"my_test_sample",3,0,0,1,"GTAG",NA,"ANCHOR_UNIQUE,CANONICAL,CIRCULAR,PERFECT_EXT,UNAMBIGUOUS_BP"
"3195","1",241972789,241972941,"hsa_circ_008822",4,"+",2,4,5,5,"my_test_sample",4,1,2,1,"GTAG",NA,"ANCHOR_UNIQUE,CANONICAL,CIRCULAR,OK_EXT,UNAMBIGUOUS_BP"
"3196","19",10185825,10185978,"hsa_circ_008823",2,"-",1,2,40,40,"my_test_sample",2,2,0,1,"GTAG",NA,"ANCHOR_UNIQUE,CANONICAL,CIRCULAR,OK_EXT,UNAMBIGUOUS_BP"
"3197","X",48845201,48845355,"hsa_circ_008826",6,"+",2,4,5,5,"my_test_sample",6,0,0,1,"GTAG",NA,"ANCHOR_UNIQUE,CANONICAL,CIRCULAR,PERFECT_EXT,UNAMBIGUOUS_BP"
"3198","11",102989325,102989496,"hsa_circ_008827",2,"-",2,2,5,5,"my_test_sample",2,0,0,1,"GTAG",NA,"ANCHOR_UNIQUE,CANONICAL,CIRCULAR,PERFECT_EXT,UNAMBIGUOUS_BP"
"3199","13",28940833,28941045,"hsa_circ_008829",2,"+",1,2,5,40,"my_test_sample",2,2,0,1,"GTAG",NA,"ANCHOR_UNIQUE,CANONICAL,CIRCULAR,OK_EXT,UNAMBIGUOUS_BP"
"3200","20",61253987,61254240,"hsa_circ_008838",2,"-",2,2,40,40,"my_test_sample",2,0,0,1,"GTAG",NA,"ANCHOR_UNIQUE,CANONICAL,CIRCULAR,PERFECT_EXT,UNAMBIGUOUS_BP"
"3201","9",135737380,135737534,"hsa_circ_008839",3,"-",1,3,5,5,"my_test_sample",3,1,0,1,"GTAG",NA,"ANCHOR_UNIQUE,CANONICAL,CIRCULAR,GOOD_EXT,UNAMBIGUOUS_BP"
"3202","17",15393376,15393545,"hsa_circ_008841",3,"-",1,3,5,5,"my_test_sample",3,0,0,1,"GTAG",NA,"ANCHOR_UNIQUE,CANONICAL,CIRCULAR,PERFECT_EXT,UNAMBIGUOUS_BP"
"3203","11",68052284,68052445,"hsa_circ_008842",8,"+",2,8,40,40,"my_test_sample",8,2,0,1,"GTAG",NA,"ANCHOR_UNIQUE,CANONICAL,CIRCULAR,OK_EXT,UNAMBIGUOUS_BP"
"3204","9",122555997,122556157,"hsa_circ_008845",2,"-",1,2,40,5,"my_test_sample",2,2,0,1,"GTAG",NA,"ANCHOR_UNIQUE,CANONICAL,CIRCULAR,OK_EXT,UNAMBIGUOUS_BP"
"3205","7",25423220,25423387,"hsa_circ_008848",2,"-",1,2,5,40,"my_test_sample",2,0,0,1,"GTAG",NA,"ANCHOR_UNIQUE,CANONICAL,CIRCULAR,PERFECT_EXT,UNAMBIGUOUS_BP"
"3206","2",16653803,16654003,"hsa_circ_008852",2,"+",1,2,40,5,"my_test_sample",2,1,0,1,"GTAG",NA,"ANCHOR_UNIQUE,CANONICAL,CIRCULAR,GOOD_EXT,UNAMBIGUOUS_BP"
"3207","12",108652271,108654410,"hsa_circ_008853",4,"-",2,4,40,40,"my_test_sample",4,0,0,1,"GTAG",NA,"ANCHOR_UNIQUE,CANONICAL,CIRCULAR,PERFECT_EXT,UNAMBIGUOUS_BP"
"3208","4",47009699,47009868,"hsa_circ_008858",2,"+",1,2,40,5,"my_test_sample",2,1,0,1,"GTAG",NA,"ANCHOR_UNIQUE,CANONICAL,CIRCULAR,GOOD_EXT,UNAMBIGUOUS_BP"
"3209","X",54543665,54543929,"hsa_circ_008863",2,"+",1,2,5,40,"my_test_sample",2,0,0,1,"GTAG",NA,"ANCHOR_UNIQUE,CANONICAL,CIRCULAR,PERFECT_EXT,UNAMBIGUOUS_BP"
"3210","21",41225695,41225851,"hsa_circ_008865",2,"+",1,2,40,40,"my_test_sample",2,0,0,1,"GTAG",NA,"ANCHOR_UNIQUE,CANONICAL,CIRCULAR,PERFECT_EXT,UNAMBIGUOUS_BP"
"3211","6",168879074,168879235,"hsa_circ_008869",4,"+",2,4,40,5,"my_test_sample",4,0,0,1,"GTAG",NA,"ANCHOR_UNIQUE,CANONICAL,CIRCULAR,PERFECT_EXT,UNAMBIGUOUS_BP"
"3212","2",62104673,62104845,"hsa_circ_008870",2,"-",1,2,5,40,"my_test_sample",2,1,0,1,"GTAG",NA,"ANCHOR_UNIQUE,CANONICAL,CIRCULAR,GOOD_EXT,UNAMBIGUOUS_BP"
"3213","2",5509322,5509670,"hsa_circ_008872",2,"+",2,2,40,40,"my_test_sample",2,1,0,1,"GTAG",NA,"ANCHOR_UNIQUE,CANONICAL,CIRCULAR,GOOD_EXT,UNAMBIGUOUS_BP"
"3214","11",36227084,36227430,"hsa_circ_008873",21,"+",5,21,40,40,"my_test_sample",21,0,0,1,"GTAG",NA,"ANCHOR_UNIQUE,CANONICAL,CIRCULAR,PERFECT_EXT,UNAMBIGUOUS_BP"
"3215","2",26323294,26323463,"hsa_circ_008874",2,"-",1,2,40,5,"my_test_sample",2,1,0,1,"GTAG",NA,"ANCHOR_UNIQUE,CANONICAL,CIRCULAR,GOOD_EXT,UNAMBIGUOUS_BP"
"3216","11",77088514,77088715,"hsa_circ_008875",2,"+",1,2,40,5,"my_test_sample",2,1,0,1,"GTAG",NA,"ANCHOR_UNIQUE,CANONICAL,CIRCULAR,GOOD_EXT,UNAMBIGUOUS_BP"
"3217","1",92424395,92424582,"hsa_circ_008876",2,"+",1,2,5,5,"my_test_sample",2,0,0,1,"GTAG",NA,"ANCHOR_UNIQUE,CANONICAL,CIRCULAR,PERFECT_EXT,UNAMBIGUOUS_BP"
"3218","19",9255972,9256251,"hsa_circ_008877",3,"-",2,3,5,40,"my_test_sample",3,2,0,1,"GTAG",NA,"ANCHOR_UNIQUE,CANONICAL,CIRCULAR,OK_EXT,UNAMBIGUOUS_BP"
"3219","9",123448224,123448402,"hsa_circ_008878",2,"+",1,2,5,40,"my_test_sample",2,2,0,1,"GTAG",NA,"ANCHOR_UNIQUE,CANONICAL,CIRCULAR,OK_EXT,UNAMBIGUOUS_BP"
"3220","11",78927419,78927577,"hsa_circ_008879",3,"+",1,3,40,5,"my_test_sample",3,0,0,1,"GTAG",NA,"ANCHOR_UNIQUE,CANONICAL,CIRCULAR,PERFECT_EXT,UNAMBIGUOUS_BP"
"3221","1",176745062,176745295,"hsa_circ_008880",3,"+",1,3,5,40,"my_test_sample",3,0,0,1,"GTAG",NA,"ANCHOR_UNIQUE,CANONICAL,CIRCULAR,PERFECT_EXT,UNAMBIGUOUS_BP"
"3222","X",120262786,120262955,"hsa_circ_008884",4,"+",1,4,5,5,"my_test_sample",4,0,0,1,"GTAG",NA,"ANCHOR_UNIQUE,CANONICAL,CIRCULAR,PERFECT_EXT,UNAMBIGUOUS_BP"
"3223","7",123150156,123150329,"hsa_circ_008885",2,"-",2,2,5,40,"my_test_sample",2,1,0,1,"GTAG",NA,"ANCHOR_UNIQUE,CANONICAL,CIRCULAR,GOOD_EXT,UNAMBIGUOUS_BP"
"3224","3",40018646,40018836,"hsa_circ_008890",2,"-",1,2,5,40,"my_test_sample",2,1,0,1,"GTAG",NA,"ANCHOR_UNIQUE,CANONICAL,CIRCULAR,GOOD_EXT,UNAMBIGUOUS_BP"
"3225","10",101789736,101789908,"hsa_circ_008891",2,"+",1,2,3,5,"my_test_sample",2,0,0,1,"GTAG",NA,"ANCHOR_UNIQUE,CANONICAL,CIRCULAR,PERFECT_EXT,UNAMBIGUOUS_BP"
"3226","9",107711293,107711444,"hsa_circ_008893",7,"+",1,7,5,40,"my_test_sample",7,1,0,1,"GTAG",NA,"ANCHOR_UNIQUE,CANONICAL,CIRCULAR,GOOD_EXT,UNAMBIGUOUS_BP"
"3227","20",34904512,34908297,"hsa_circ_008895",2,"-",1,2,5,35,"my_test_sample",2,2,0,1,"GTAG",NA,"ANCHOR_UNIQUE,CANONICAL,CIRCULAR,OK_EXT,UNAMBIGUOUS_BP"
"3228","6",143075391,143075560,"hsa_circ_008902",2,"-",1,2,5,5,"my_test_sample",2,0,0,1,"GTAG",NA,"ANCHOR_UNIQUE,CANONICAL,CIRCULAR,PERFECT_EXT,UNAMBIGUOUS_BP"
"3229","11",70817258,70817426,"hsa_circ_008904",3,"+",2,3,40,5,"my_test_sample",3,2,0,1,"GTAG",NA,"ANCHOR_UNIQUE,CANONICAL,CIRCULAR,OK_EXT,UNAMBIGUOUS_BP"
"3230","5",63339900,63340088,"hsa_circ_008906",2,"-",1,2,40,40,"my_test_sample",2,1,0,1,"GTAG",NA,"ANCHOR_UNIQUE,CANONICAL,CIRCULAR,GOOD_EXT,UNAMBIGUOUS_BP"
"3231","15",84648536,84648760,"hsa_circ_008908",2,"-",1,2,40,5,"my_test_sample",2,1,0,1,"GTAG",NA,"ANCHOR_UNIQUE,CANONICAL,CIRCULAR,GOOD_EXT,UNAMBIGUOUS_BP"
"3232","7",138798883,138799092,"hsa_circ_008910",2,"-",1,2,40,5,"my_test_sample",2,0,0,1,"GTAG",NA,"ANCHOR_UNIQUE,CANONICAL,CIRCULAR,PERFECT_EXT,UNAMBIGUOUS_BP"
"3233","16",73419381,73419587,"hsa_circ_008913",2,"-",2,2,5,5,"my_test_sample",2,0,0,1,"GTAG",NA,"ANCHOR_UNIQUE,CANONICAL,CIRCULAR,PERFECT_EXT,UNAMBIGUOUS_BP"
"3234","19",53964440,53964622,"hsa_circ_008916",2,"-",1,2,5,40,"my_test_sample",2,0,0,1,"GTAG",NA,"ANCHOR_UNIQUE,CANONICAL,CIRCULAR,PERFECT_EXT,UNAMBIGUOUS_BP"
"3235","KI270442.1",79952,80112,"hsa_circ_008922",4,"+",1,4,40,5,"my_test_sample",4,2,0,1,"GTAG",NA,"ANCHOR_UNIQUE,CANONICAL,CIRCULAR,OK_EXT,UNAMBIGUOUS_BP"
"3236","8",133342279,133342446,"hsa_circ_008923",4,"+",1,4,5,5,"my_test_sample",4,1,0,1,"GTAG",NA,"ANCHOR_UNIQUE,CANONICAL,CIRCULAR,GOOD_EXT,UNAMBIGUOUS_BP"
"3237","19",53409198,53409363,"hsa_circ_008924",3,"-",2,3,40,40,"my_test_sample",3,0,0,1,"GTAG",NA,"ANCHOR_UNIQUE,CANONICAL,CIRCULAR,PERFECT_EXT,UNAMBIGUOUS_BP"
"3238","17",65498566,65498768,"hsa_circ_008927",2,"+",1,2,40,5,"my_test_sample",2,0,0,1,"GTAG",NA,"ANCHOR_UNIQUE,CANONICAL,CIRCULAR,PERFECT_EXT,UNAMBIGUOUS_BP"
"3239","8",95734402,95734561,"hsa_circ_008928",2,"+",2,2,40,5,"my_test_sample",2,1,0,1,"GTAG",NA,"ANCHOR_UNIQUE,CANONICAL,CIRCULAR,GOOD_EXT,UNAMBIGUOUS_BP"
"3240","11",68401330,68401484,"hsa_circ_008933",4,"+",3,4,40,40,"my_test_sample",4,0,0,1,"GTAG",NA,"ANCHOR_UNIQUE,CANONICAL,CIRCULAR,PERFECT_EXT,UNAMBIGUOUS_BP"
"3241","20",34935781,34936165,"hsa_circ_008935",3,"-",1,3,40,5,"my_test_sample",3,2,0,1,"GTAG",NA,"ANCHOR_UNIQUE,CANONICAL,CIRCULAR,OK_EXT,UNAMBIGUOUS_BP"
"3242","6",17221302,17221498,"hsa_circ_008944",2,"+",1,2,5,5,"my_test_sample",2,1,0,1,"GTAG",NA,"ANCHOR_UNIQUE,CANONICAL,CIRCULAR,GOOD_EXT,UNAMBIGUOUS_BP"
"3243","13",45516142,45519094,"hsa_circ_008945",2,"+",2,2,5,40,"my_test_sample",2,0,0,1,"GTAG",NA,"ANCHOR_UNIQUE,CANONICAL,CIRCULAR,PERFECT_EXT,UNAMBIGUOUS_BP"
"3244","9",35965215,35965400,"hsa_circ_008949",2,"-",1,2,40,5,"my_test_sample",2,2,0,1,"GTAG",NA,"ANCHOR_UNIQUE,CANONICAL,CIRCULAR,OK_EXT,UNAMBIGUOUS_BP"
"3245","7",3940895,3941260,"hsa_circ_008951",2,"-",1,2,40,5,"my_test_sample",2,1,0,1,"GTAG",NA,"ANCHOR_UNIQUE,CANONICAL,CIRCULAR,GOOD_EXT,UNAMBIGUOUS_BP"
"3246","1",28308810,28308985,"hsa_circ_008957",3,"-",1,3,40,5,"my_test_sample",3,2,0,1,"GTAG",NA,"ANCHOR_UNIQUE,CANONICAL,CIRCULAR,OK_EXT,UNAMBIGUOUS_BP"
"3247","2",57686047,57686202,"hsa_circ_008959",4,"-",1,4,5,5,"my_test_sample",4,1,0,1,"GTAG",NA,"ANCHOR_UNIQUE,CANONICAL,CIRCULAR,GOOD_EXT,UNAMBIGUOUS_BP"
"3248","1",12111602,12111836,"hsa_circ_008960",2,"+",1,2,40,5,"my_test_sample",2,2,0,1,"GTAG",NA,"ANCHOR_UNIQUE,CANONICAL,CIRCULAR,OK_EXT,UNAMBIGUOUS_BP"
"3249","5",131987891,131988047,"hsa_circ_008967",3,"-",2,3,5,5,"my_test_sample",3,1,0,1,"GTAG",NA,"ANCHOR_UNIQUE,CANONICAL,CIRCULAR,GOOD_EXT,UNAMBIGUOUS_BP"
"3250","22",21949937,21950253,"hsa_circ_008973",2,"+",2,2,5,5,"my_test_sample",2,1,0,1,"GTAG",NA,"ANCHOR_UNIQUE,CANONICAL,CIRCULAR,GOOD_EXT,UNAMBIGUOUS_BP"
"3251","14",45536409,45536658,"hsa_circ_008975",2,"-",2,2,5,5,"my_test_sample",2,0,0,1,"GTAG",NA,"ANCHOR_UNIQUE,CANONICAL,CIRCULAR,PERFECT_EXT,UNAMBIGUOUS_BP"
"3252","1",211819483,211819683,"hsa_circ_008979",4,"-",1,4,40,40,"my_test_sample",4,0,0,1,"GTAG",NA,"ANCHOR_UNIQUE,CANONICAL,CIRCULAR,PERFECT_EXT,UNAMBIGUOUS_BP"
"3253","3",155028291,155028458,"hsa_circ_008980",2,"-",1,2,5,5,"my_test_sample",2,2,0,1,"GTAG",NA,"ANCHOR_UNIQUE,CANONICAL,CIRCULAR,OK_EXT,UNAMBIGUOUS_BP"
"3254","1",27687696,27687860,"hsa_circ_008981",2,"+",2,2,37,5,"my_test_sample",2,0,0,1,"GTAG",NA,"ANCHOR_UNIQUE,CANONICAL,CIRCULAR,PERFECT_EXT,UNAMBIGUOUS_BP"
"3255","4",3127263,3140656,"hsa_circ_008983",8,"+",4,8,40,40,"my_test_sample",8,0,0,1,"GTAG",NA,"ANCHOR_UNIQUE,CANONICAL,CIRCULAR,PERFECT_EXT,UNAMBIGUOUS_BP"
"3256","1",29674985,29675158,"hsa_circ_008984",2,"-",1,2,5,40,"my_test_sample",2,2,0,1,"GTAG",NA,"ANCHOR_UNIQUE,CANONICAL,CIRCULAR,OK_EXT,UNAMBIGUOUS_BP"
"3257","13",100368471,100449305,"hsa_circ_008991",2,"+",2,2,40,40,"my_test_sample",2,0,0,1,"GTAG",NA,"ANCHOR_UNIQUE,CANONICAL,CIRCULAR,PERFECT_EXT,UNAMBIGUOUS_BP"
"3258","9",68564628,68564779,"hsa_circ_008992",2,"+",1,2,40,40,"my_test_sample",2,0,0,1,"GTAG",NA,"ANCHOR_UNIQUE,CANONICAL,CIRCULAR,PERFECT_EXT,UNAMBIGUOUS_BP"
"3259","21",45882853,45883040,"hsa_circ_008993",2,"+",1,2,40,5,"my_test_sample",2,1,0,1,"GTAG",NA,"ANCHOR_UNIQUE,CANONICAL,CIRCULAR,GOOD_EXT,UNAMBIGUOUS_BP"
"3260","2",129608868,129609073,"hsa_circ_008994",2,"-",1,2,40,5,"my_test_sample",2,2,0,1,"GTAG",NA,"ANCHOR_UNIQUE,CANONICAL,CIRCULAR,OK_EXT,UNAMBIGUOUS_BP"
"3261","7",47439584,47439756,"hsa_circ_008997",2,"+",2,2,40,5,"my_test_sample",2,1,0,1,"GTAG",NA,"ANCHOR_UNIQUE,CANONICAL,CIRCULAR,GOOD_EXT,UNAMBIGUOUS_BP"
"3262","15",47781664,47781875,"hsa_circ_008999",2,"+",2,2,40,5,"my_test_sample",2,1,0,1,"GTAG",NA,"ANCHOR_UNIQUE,CANONICAL,CIRCULAR,GOOD_EXT,UNAMBIGUOUS_BP"
"3263","7",140702865,140704963,"hsa_circ_009001",2,"+",1,2,40,40,"my_test_sample",2,0,0,1,"GTAG",NA,"ANCHOR_UNIQUE,CANONICAL,CIRCULAR,PERFECT_EXT,UNAMBIGUOUS_BP"
"3264","13",66468150,66468323,"hsa_circ_009006",2,"-",1,2,40,5,"my_test_sample",2,0,0,1,"GTAG",NA,"ANCHOR_UNIQUE,CANONICAL,CIRCULAR,PERFECT_EXT,UNAMBIGUOUS_BP"
"3265","9",121443803,121443974,"hsa_circ_009007",3,"-",3,3,40,40,"my_test_sample",3,0,0,1,"GTAG",NA,"ANCHOR_UNIQUE,CANONICAL,CIRCULAR,PERFECT_EXT,UNAMBIGUOUS_BP"
"3266","X",9288358,9288512,"hsa_circ_009012",2,"-",1,2,40,5,"my_test_sample",2,1,0,1,"GTAG",NA,"ANCHOR_UNIQUE,CANONICAL,CIRCULAR,GOOD_EXT,UNAMBIGUOUS_BP"
"3267","9",126724768,126724975,"hsa_circ_009016",2,"+",1,2,40,40,"my_test_sample",2,0,0,1,"GTAG",NA,"ANCHOR_UNIQUE,CANONICAL,CIRCULAR,PERFECT_EXT,UNAMBIGUOUS_BP"
"3268","12",129413734,129413888,"hsa_circ_009017",2,"-",1,2,35,5,"my_test_sample",2,0,2,1,"GTAG",NA,"ANCHOR_UNIQUE,CANONICAL,CIRCULAR,OK_EXT,UNAMBIGUOUS_BP"
"3269","2",42025352,42025607,"hsa_circ_009018",2,"+",2,2,5,40,"my_test_sample",2,1,0,1,"GTAG",NA,"ANCHOR_UNIQUE,CANONICAL,CIRCULAR,GOOD_EXT,UNAMBIGUOUS_BP"
"3270","6",90549485,90549672,"hsa_circ_009019",2,"+",1,2,5,40,"my_test_sample",2,2,0,1,"GTAG",NA,"ANCHOR_UNIQUE,CANONICAL,CIRCULAR,OK_EXT,UNAMBIGUOUS_BP"
"3271","12",74773304,74773492,"hsa_circ_009021",2,"+",1,2,5,5,"my_test_sample",2,1,0,1,"GTAG",NA,"ANCHOR_UNIQUE,CANONICAL,CIRCULAR,GOOD_EXT,UNAMBIGUOUS_BP"
"3272","7",143306828,143307018,"hsa_circ_009022",2,"-",2,2,40,5,"my_test_sample",2,1,0,1,"GTAG",NA,"ANCHOR_UNIQUE,CANONICAL,CIRCULAR,GOOD_EXT,UNAMBIGUOUS_BP"
"3273","3",5561211,5561405,"hsa_circ_009024",2,"+",1,2,40,40,"my_test_sample",2,0,0,1,"GTAG",NA,"ANCHOR_UNIQUE,CANONICAL,CIRCULAR,PERFECT_EXT,UNAMBIGUOUS_BP"
"3274","13",51929976,51930313,"hsa_circ_009026",2,"+",1,2,40,5,"my_test_sample",2,1,0,1,"GTAG",NA,"ANCHOR_UNIQUE,CANONICAL,CIRCULAR,GOOD_EXT,UNAMBIGUOUS_BP"
"3275","1",244336502,244336886,"hsa_circ_009030",2,"-",1,2,40,40,"my_test_sample",2,1,0,1,"GTAG",NA,"ANCHOR_UNIQUE,CANONICAL,CIRCULAR,GOOD_EXT,UNAMBIGUOUS_BP"
"3276","9",129128984,129131639,"hsa_circ_009032",4,"+",1,4,5,5,"my_test_sample",4,0,0,1,"GTAG",NA,"ANCHOR_UNIQUE,CANONICAL,CIRCULAR,PERFECT_EXT,UNAMBIGUOUS_BP"
"3277","11",72720090,72720268,"hsa_circ_009041",2,"-",1,2,40,35,"my_test_sample",2,1,0,1,"GTAG",NA,"ANCHOR_UNIQUE,CANONICAL,CIRCULAR,GOOD_EXT,UNAMBIGUOUS_BP"
"3278","15",90949285,90949457,"hsa_circ_009042",3,"+",1,3,5,40,"my_test_sample",3,2,1,1,"GTAG",NA,"ANCHOR_UNIQUE,CANONICAL,CIRCULAR,OK_EXT,UNAMBIGUOUS_BP"
"3279","18",62420451,62420604,"hsa_circ_009048",2,"-",1,2,40,40,"my_test_sample",2,1,0,1,"GTAG",NA,"ANCHOR_UNIQUE,CANONICAL,CIRCULAR,GOOD_EXT,UNAMBIGUOUS_BP"
"3280","4",189021951,189022101,"hsa_circ_009054",2,"+",2,2,5,40,"my_test_sample",2,0,0,1,"GTAG",NA,"ANCHOR_UNIQUE,CANONICAL,CIRCULAR,PERFECT_EXT,UNAMBIGUOUS_BP"
"3281","21",46643534,46644488,"hsa_circ_009059",3,"+",1,3,40,40,"my_test_sample",3,1,0,1,"GTAG",NA,"ANCHOR_UNIQUE,CANONICAL,CIRCULAR,GOOD_EXT,UNAMBIGUOUS_BP"
"3282","10",68296265,68306903,"hsa_circ_009068",2,"-",1,2,5,5,"my_test_sample",2,0,0,1,"GTAG",NA,"ANCHOR_UNIQUE,CANONICAL,CIRCULAR,PERFECT_EXT,UNAMBIGUOUS_BP"
"3283","4",42895381,42895540,"hsa_circ_009076",3,"-",2,3,5,40,"my_test_sample",3,1,0,1,"GTAG",NA,"ANCHOR_UNIQUE,CANONICAL,CIRCULAR,GOOD_EXT,UNAMBIGUOUS_BP"
"3284","17",47239960,47240276,"hsa_circ_009077",3,"+",2,3,40,40,"my_test_sample",3,1,0,1,"GTAG",NA,"ANCHOR_UNIQUE,CANONICAL,CIRCULAR,GOOD_EXT,UNAMBIGUOUS_BP"
"3285","10",132364636,132364790,"hsa_circ_009078",3,"-",2,3,5,5,"my_test_sample",3,1,0,1,"GTAG",NA,"ANCHOR_UNIQUE,CANONICAL,CIRCULAR,GOOD_EXT,UNAMBIGUOUS_BP"
"3286","2",65554728,65554895,"hsa_circ_009079",2,"+",2,2,5,5,"my_test_sample",2,0,0,1,"GTAG",NA,"ANCHOR_UNIQUE,CANONICAL,CIRCULAR,PERFECT_EXT,UNAMBIGUOUS_BP"
"3287","19",35869064,35869221,"hsa_circ_009080",3,"-",1,3,40,40,"my_test_sample",3,1,0,1,"GTAG",NA,"ANCHOR_UNIQUE,CANONICAL,CIRCULAR,GOOD_EXT,UNAMBIGUOUS_BP"
"3288","5",112406457,112406672,"hsa_circ_009084",2,"+",1,2,40,5,"my_test_sample",2,0,0,1,"GTAG",NA,"ANCHOR_UNIQUE,CANONICAL,CIRCULAR,PERFECT_EXT,UNAMBIGUOUS_BP"
"3289","X",23100140,23100411,"hsa_circ_009092",3,"+",1,3,5,5,"my_test_sample",3,1,0,1,"GTAG",NA,"ANCHOR_UNIQUE,CANONICAL,CIRCULAR,GOOD_EXT,UNAMBIGUOUS_BP"
"3290","9",116486482,116486652,"hsa_circ_009094",2,"+",1,2,40,40,"my_test_sample",2,1,0,1,"GTAG",NA,"ANCHOR_UNIQUE,CANONICAL,CIRCULAR,GOOD_EXT,UNAMBIGUOUS_BP"
"3291","12",124054703,124054908,"hsa_circ_009096",2,"+",2,2,40,40,"my_test_sample",2,1,0,1,"GTAG",NA,"ANCHOR_UNIQUE,CANONICAL,CIRCULAR,GOOD_EXT,UNAMBIGUOUS_BP"
"3292","5",126758440,126758612,"hsa_circ_009098",4,"+",1,4,5,40,"my_test_sample",4,1,0,1,"GTAG",NA,"ANCHOR_UNIQUE,CANONICAL,CIRCULAR,GOOD_EXT,UNAMBIGUOUS_BP"
"3293","11",13644812,13645000,"hsa_circ_009101",2,"-",1,2,40,5,"my_test_sample",2,1,0,1,"GTAG",NA,"ANCHOR_UNIQUE,CANONICAL,CIRCULAR,GOOD_EXT,UNAMBIGUOUS_BP"
"3294","6",41226012,41226190,"hsa_circ_009104",6,"-",2,6,40,40,"my_test_sample",6,1,0,1,"GTAG",NA,"ANCHOR_UNIQUE,CANONICAL,CIRCULAR,GOOD_EXT,UNAMBIGUOUS_BP"
"3295","10",22975789,22975986,"hsa_circ_009106",2,"+",1,2,5,5,"my_test_sample",2,1,0,1,"GTAG",NA,"ANCHOR_UNIQUE,CANONICAL,CIRCULAR,GOOD_EXT,UNAMBIGUOUS_BP"
"3296","6",52282052,52282287,"hsa_circ_009108",5,"+",3,5,5,5,"my_test_sample",5,0,0,1,"GTAG",NA,"ANCHOR_UNIQUE,CANONICAL,CIRCULAR,PERFECT_EXT,UNAMBIGUOUS_BP"
"3297","5",93140526,93140707,"hsa_circ_009109",2,"-",2,2,40,40,"my_test_sample",2,0,0,1,"GTAG",NA,"ANCHOR_UNIQUE,CANONICAL,CIRCULAR,PERFECT_EXT,UNAMBIGUOUS_BP"
"3298","2",169182055,169182214,"hsa_circ_009112",2,"+",1,2,5,5,"my_test_sample",2,0,0,1,"GTAG",NA,"ANCHOR_UNIQUE,CANONICAL,CIRCULAR,PERFECT_EXT,UNAMBIGUOUS_BP"
"3299","19",12928341,12928847,"hsa_circ_009119",4,"-",2,4,40,40,"my_test_sample",4,0,0,1,"GTAG",NA,"ANCHOR_UNIQUE,CANONICAL,CIRCULAR,PERFECT_EXT,UNAMBIGUOUS_BP"
"3300","15",79452273,79452423,"hsa_circ_009122",2,"+",1,2,5,5,"my_test_sample",2,2,0,1,"GTAG",NA,"ANCHOR_UNIQUE,CANONICAL,CIRCULAR,OK_EXT,UNAMBIGUOUS_BP"
"3301","5",109267853,109268135,"hsa_circ_009124",2,"+",2,2,5,5,"my_test_sample",2,1,0,1,"GTAG",NA,"ANCHOR_UNIQUE,CANONICAL,CIRCULAR,GOOD_EXT,UNAMBIGUOUS_BP"
"3302","7",116208551,116208726,"hsa_circ_009126",2,"-",1,2,5,5,"my_test_sample",2,1,0,1,"GTAG",NA,"ANCHOR_UNIQUE,CANONICAL,CIRCULAR,GOOD_EXT,UNAMBIGUOUS_BP"
"3303","12",3352171,3352322,"hsa_circ_009127",2,"-",1,2,40,40,"my_test_sample",2,1,0,1,"GTAG",NA,"ANCHOR_UNIQUE,CANONICAL,CIRCULAR,GOOD_EXT,UNAMBIGUOUS_BP"
"3304","13",99418040,99418192,"hsa_circ_009129",3,"-",2,3,40,40,"my_test_sample",3,1,0,1,"GTAG",NA,"ANCHOR_UNIQUE,CANONICAL,CIRCULAR,GOOD_EXT,UNAMBIGUOUS_BP"
"3305","11",87661735,87661886,"hsa_circ_009131",3,"-",3,3,40,40,"my_test_sample",3,1,0,1,"GTAG",NA,"ANCHOR_UNIQUE,CANONICAL,CIRCULAR,GOOD_EXT,UNAMBIGUOUS_BP"
"3306","9",90858054,90858203,"hsa_circ_009132",3,"-",2,3,40,5,"my_test_sample",3,1,0,1,"GTAG",NA,"ANCHOR_UNIQUE,CANONICAL,CIRCULAR,GOOD_EXT,UNAMBIGUOUS_BP"
"3307","10",88642472,88642647,"hsa_circ_009133",2,"-",1,2,40,40,"my_test_sample",2,2,0,1,"GTAG",NA,"ANCHOR_UNIQUE,CANONICAL,CIRCULAR,OK_EXT,UNAMBIGUOUS_BP"
"3308","9",69381033,69381231,"hsa_circ_009134",2,"+",1,2,5,5,"my_test_sample",2,0,0,1,"GTAG",NA,"ANCHOR_UNIQUE,CANONICAL,CIRCULAR,PERFECT_EXT,UNAMBIGUOUS_BP"
"3309","5",114032592,114032746,"hsa_circ_009135",2,"+",2,2,40,40,"my_test_sample",2,0,0,1,"GTAG",NA,"ANCHOR_UNIQUE,CANONICAL,CIRCULAR,PERFECT_EXT,UNAMBIGUOUS_BP"
"3310","8",100356320,100356485,"hsa_circ_009137",2,"+",2,2,40,5,"my_test_sample",2,1,1,1,"GTAG",NA,"ANCHOR_UNIQUE,CANONICAL,CIRCULAR,GOOD_EXT,UNAMBIGUOUS_BP"
"3311","2",23823257,23823569,"hsa_circ_009140",4,"-",2,4,40,40,"my_test_sample",4,0,0,1,"GTAG",NA,"ANCHOR_UNIQUE,CANONICAL,CIRCULAR,PERFECT_EXT,UNAMBIGUOUS_BP"
"3312","X",17772896,17773051,"hsa_circ_009145",2,"-",1,2,5,5,"my_test_sample",2,2,0,1,"GTAG",NA,"ANCHOR_UNIQUE,CANONICAL,CIRCULAR,OK_EXT,UNAMBIGUOUS_BP"
"3313","X",112149906,112150130,"hsa_circ_009150",3,"+",1,3,40,40,"my_test_sample",3,0,0,1,"GTAG",NA,"ANCHOR_UNIQUE,CANONICAL,CIRCULAR,PERFECT_EXT,UNAMBIGUOUS_BP"
"3314","14",22593096,22593294,"hsa_circ_009151",2,"+",1,2,40,40,"my_test_sample",2,0,0,1,"GTAG",NA,"ANCHOR_UNIQUE,CANONICAL,CIRCULAR,PERFECT_EXT,UNAMBIGUOUS_BP"
"3315","2",160123790,160126601,"hsa_circ_009154",2,"-",1,2,40,5,"my_test_sample",2,0,0,1,"GTAG",NA,"ANCHOR_UNIQUE,CANONICAL,CIRCULAR,PERFECT_EXT,UNAMBIGUOUS_BP"
"3316","19",357489,357789,"hsa_circ_009158",2,"+",2,2,40,40,"my_test_sample",2,0,0,1,"GTAG",NA,"ANCHOR_UNIQUE,CANONICAL,CIRCULAR,PERFECT_EXT,UNAMBIGUOUS_BP"
"3317","2",725312,725479,"hsa_circ_009162",2,"+",1,2,5,5,"my_test_sample",2,2,0,1,"GTAG",NA,"ANCHOR_UNIQUE,CANONICAL,CIRCULAR,OK_EXT,UNAMBIGUOUS_BP"
"3318","X",28463261,28463457,"hsa_circ_009166",3,"-",1,3,5,5,"my_test_sample",3,0,1,1,"GTAG",NA,"ANCHOR_UNIQUE,CANONICAL,CIRCULAR,GOOD_EXT,UNAMBIGUOUS_BP"
"3319","16",3791980,3793626,"hsa_circ_009168",2,"-",1,2,40,40,"my_test_sample",2,0,0,1,"GTAG",NA,"ANCHOR_UNIQUE,CANONICAL,CIRCULAR,PERFECT_EXT,UNAMBIGUOUS_BP"
"3320","2",43700573,43700734,"hsa_circ_009169",2,"-",1,2,40,40,"my_test_sample",2,1,0,1,"GTAG",NA,"ANCHOR_UNIQUE,CANONICAL,CIRCULAR,GOOD_EXT,UNAMBIGUOUS_BP"
"3321","2",9749408,9749671,"hsa_circ_009173",2,"+",1,2,40,5,"my_test_sample",2,1,0,1,"GTAG",NA,"ANCHOR_UNIQUE,CANONICAL,CIRCULAR,GOOD_EXT,UNAMBIGUOUS_BP"
"3322","10",100564723,100564879,"hsa_circ_009175",2,"+",1,2,5,40,"my_test_sample",2,0,0,1,"GTAG",NA,"ANCHOR_UNIQUE,CANONICAL,CIRCULAR,PERFECT_EXT,UNAMBIGUOUS_BP"
"3323","1",19484909,19485061,"hsa_circ_009178",2,"-",2,2,40,40,"my_test_sample",2,0,0,1,"GTAG",NA,"ANCHOR_UNIQUE,CANONICAL,CIRCULAR,PERFECT_EXT,UNAMBIGUOUS_BP"
"3324","5",173496232,173496624,"hsa_circ_009181",3,"+",1,3,5,5,"my_test_sample",3,1,0,1,"GTAG",NA,"ANCHOR_UNIQUE,CANONICAL,CIRCULAR,GOOD_EXT,UNAMBIGUOUS_BP"
"3325","1",36361220,36362656,"hsa_circ_009183",3,"-",2,3,5,5,"my_test_sample",3,0,0,1,"GTAG",NA,"ANCHOR_UNIQUE,CANONICAL,CIRCULAR,PERFECT_EXT,UNAMBIGUOUS_BP"
"3326","13",30171763,30171941,"hsa_circ_009184",2,"+",2,2,40,5,"my_test_sample",2,2,0,1,"GTAG",NA,"ANCHOR_UNIQUE,CANONICAL,CIRCULAR,OK_EXT,UNAMBIGUOUS_BP"
"3327","19",49500468,49500638,"hsa_circ_009188",2,"+",1,2,40,40,"my_test_sample",2,1,0,1,"GTAG",NA,"ANCHOR_UNIQUE,CANONICAL,CIRCULAR,GOOD_EXT,UNAMBIGUOUS_BP"
"3328","2",24105090,24105386,"hsa_circ_009189",2,"-",2,2,40,5,"my_test_sample",2,0,0,1,"GTAG",NA,"ANCHOR_UNIQUE,CANONICAL,CIRCULAR,PERFECT_EXT,UNAMBIGUOUS_BP"
"3329","5",95672997,95673168,"hsa_circ_009195",2,"-",1,2,5,40,"my_test_sample",2,0,0,1,"GTAG",NA,"ANCHOR_UNIQUE,CANONICAL,CIRCULAR,PERFECT_EXT,UNAMBIGUOUS_BP"
"3330","X",151026640,151026792,"hsa_circ_009199",9,"-",4,9,40,40,"my_test_sample",9,1,0,1,"GTAG",NA,"ANCHOR_UNIQUE,CANONICAL,CIRCULAR,GOOD_EXT,UNAMBIGUOUS_BP"
"3331","22",32041071,32041252,"hsa_circ_009200",2,"-",2,2,5,5,"my_test_sample",2,0,0,1,"GTAG",NA,"ANCHOR_UNIQUE,CANONICAL,CIRCULAR,PERFECT_EXT,UNAMBIGUOUS_BP"
"3332","13",90538261,90538429,"hsa_circ_009201",2,"-",1,2,40,40,"my_test_sample",2,0,0,1,"GTAG",NA,"ANCHOR_UNIQUE,CANONICAL,CIRCULAR,PERFECT_EXT,UNAMBIGUOUS_BP"
"3333","10",64172660,64172850,"hsa_circ_009208",2,"-",1,2,5,40,"my_test_sample",2,0,0,1,"GTAG",NA,"ANCHOR_UNIQUE,CANONICAL,CIRCULAR,PERFECT_EXT,UNAMBIGUOUS_BP"
"3334","9",88685888,88686042,"hsa_circ_009210",2,"+",2,2,40,4,"my_test_sample",2,0,0,1,"GTAG",NA,"ANCHOR_UNIQUE,CANONICAL,CIRCULAR,PERFECT_EXT,UNAMBIGUOUS_BP"
"3335","8",34773359,34773582,"hsa_circ_009217",2,"-",1,2,5,5,"my_test_sample",2,2,0,1,"GTAG",NA,"ANCHOR_UNIQUE,CANONICAL,CIRCULAR,OK_EXT,UNAMBIGUOUS_BP"
"3336","6",98016449,98016616,"hsa_circ_009219",3,"+",1,3,5,40,"my_test_sample",3,2,0,1,"GTAG",NA,"ANCHOR_UNIQUE,CANONICAL,CIRCULAR,OK_EXT,UNAMBIGUOUS_BP"
"3337","18",59649803,59649962,"hsa_circ_009221",2,"+",1,2,5,5,"my_test_sample",2,0,0,1,"GTAG",NA,"ANCHOR_UNIQUE,CANONICAL,CIRCULAR,PERFECT_EXT,UNAMBIGUOUS_BP"
"3338","12",49960709,49960909,"hsa_circ_009225",2,"+",1,2,5,40,"my_test_sample",2,0,0,1,"GTAG",NA,"ANCHOR_UNIQUE,CANONICAL,CIRCULAR,PERFECT_EXT,UNAMBIGUOUS_BP"
"3339","20",1828220,1828577,"hsa_circ_009229",2,"-",1,2,40,40,"my_test_sample",2,1,0,1,"GTAG",NA,"ANCHOR_UNIQUE,CANONICAL,CIRCULAR,GOOD_EXT,UNAMBIGUOUS_BP"
"3340","2",31172367,31172521,"hsa_circ_009233",2,"+",1,2,5,40,"my_test_sample",2,1,0,1,"GTAG",NA,"ANCHOR_UNIQUE,CANONICAL,CIRCULAR,GOOD_EXT,UNAMBIGUOUS_BP"
"3341","4",150102477,150102812,"hsa_circ_009234",3,"+",1,3,5,40,"my_test_sample",3,0,2,1,"GTAG",NA,"ANCHOR_UNIQUE,CANONICAL,CIRCULAR,OK_EXT,UNAMBIGUOUS_BP"
"3342","1",95362983,95363309,"hsa_circ_009240",2,"+",1,2,5,5,"my_test_sample",2,0,0,1,"GTAG",NA,"ANCHOR_UNIQUE,CANONICAL,CIRCULAR,PERFECT_EXT,UNAMBIGUOUS_BP"
"3343","13",111062137,111062340,"hsa_circ_009241",2,"+",1,2,5,40,"my_test_sample",2,1,0,1,"GTAG",NA,"ANCHOR_UNIQUE,CANONICAL,CIRCULAR,GOOD_EXT,UNAMBIGUOUS_BP"
"3344","1",3193312,3193474,"hsa_circ_009243",2,"+",1,2,40,5,"my_test_sample",2,2,0,1,"GTAG",NA,"ANCHOR_UNIQUE,CANONICAL,CIRCULAR,OK_EXT,UNAMBIGUOUS_BP"
"3345","5",56705564,56705748,"hsa_circ_009245",2,"-",2,2,40,40,"my_test_sample",2,0,0,1,"GTAG",NA,"ANCHOR_UNIQUE,CANONICAL,CIRCULAR,PERFECT_EXT,UNAMBIGUOUS_BP"
"3346","19",20904765,20904917,"hsa_circ_009246",2,"-",2,2,5,37,"my_test_sample",2,1,0,1,"GTAG",NA,"ANCHOR_UNIQUE,CANONICAL,CIRCULAR,GOOD_EXT,UNAMBIGUOUS_BP"
"3347","11",118137752,118137961,"hsa_circ_009253",5,"+",1,5,5,40,"my_test_sample",5,0,0,1,"GTAG",NA,"ANCHOR_UNIQUE,CANONICAL,CIRCULAR,PERFECT_EXT,UNAMBIGUOUS_BP"
"3348","3",187252116,187252268,"hsa_circ_009255",2,"-",1,2,5,40,"my_test_sample",2,2,0,1,"GTAG",NA,"ANCHOR_UNIQUE,CANONICAL,CIRCULAR,OK_EXT,UNAMBIGUOUS_BP"
"3349","12",100946598,100946986,"hsa_circ_009261",2,"+",2,2,40,40,"my_test_sample",2,0,0,1,"GTAG",NA,"ANCHOR_UNIQUE,CANONICAL,CIRCULAR,PERFECT_EXT,UNAMBIGUOUS_BP"
"3350","15",64974601,64983593,"hsa_circ_009263",2,"-",1,2,5,40,"my_test_sample",2,0,0,1,"GTAG",NA,"ANCHOR_UNIQUE,CANONICAL,CIRCULAR,PERFECT_EXT,UNAMBIGUOUS_BP"
"3351","6",149311119,149311291,"hsa_circ_009264",2,"-",1,2,40,5,"my_test_sample",2,0,0,1,"GTAG",NA,"ANCHOR_UNIQUE,CANONICAL,CIRCULAR,PERFECT_EXT,UNAMBIGUOUS_BP"
"3352","9",84919258,84919538,"hsa_circ_009265",3,"-",1,3,40,40,"my_test_sample",3,2,0,1,"GTAG",NA,"ANCHOR_UNIQUE,CANONICAL,CIRCULAR,OK_EXT,UNAMBIGUOUS_BP"
"3353","22",38822371,38822525,"hsa_circ_009268",2,"+",1,2,5,40,"my_test_sample",2,0,0,1,"GTAG",NA,"ANCHOR_UNIQUE,CANONICAL,CIRCULAR,PERFECT_EXT,UNAMBIGUOUS_BP"
"3354","15",66315612,66315771,"hsa_circ_009270",2,"+",2,1,5,5,"my_test_sample",2,0,0,1,"GTAG",NA,"ANCHOR_UNIQUE,CANONICAL,CIRCULAR,PERFECT_EXT,UNAMBIGUOUS_BP"
"3355","X",19373535,19373751,"hsa_circ_009271",2,"-",1,2,5,5,"my_test_sample",2,0,0,1,"GTAG",NA,"ANCHOR_UNIQUE,CANONICAL,CIRCULAR,PERFECT_EXT,UNAMBIGUOUS_BP"
"3356","4",55734000,55734221,"hsa_circ_009279",5,"+",4,5,37,5,"my_test_sample",5,0,0,1,"GTAG",NA,"ANCHOR_UNIQUE,CANONICAL,CIRCULAR,PERFECT_EXT,UNAMBIGUOUS_BP"
"3357","11",112334263,112334560,"hsa_circ_009280",2,"+",1,2,40,40,"my_test_sample",2,1,0,1,"GTAG",NA,"ANCHOR_UNIQUE,CANONICAL,CIRCULAR,GOOD_EXT,UNAMBIGUOUS_BP"
"3358","1",21669523,21669679,"hsa_circ_009281",2,"+",1,2,5,40,"my_test_sample",2,0,0,1,"GTAG",NA,"ANCHOR_UNIQUE,CANONICAL,CIRCULAR,PERFECT_EXT,UNAMBIGUOUS_BP"
"3359","11",57438721,57439084,"hsa_circ_009282",2,"+",1,2,5,5,"my_test_sample",2,2,0,1,"GTAG",NA,"ANCHOR_UNIQUE,CANONICAL,CIRCULAR,OK_EXT,UNAMBIGUOUS_BP"
"3360","14",72290439,72290623,"hsa_circ_009283",2,"+",2,2,5,40,"my_test_sample",2,0,0,1,"GTAG",NA,"ANCHOR_UNIQUE,CANONICAL,CIRCULAR,PERFECT_EXT,UNAMBIGUOUS_BP"
"3361","13",58391434,58391602,"hsa_circ_009284",2,"+",1,2,5,5,"my_test_sample",2,0,0,1,"GTAG",NA,"ANCHOR_UNIQUE,CANONICAL,CIRCULAR,PERFECT_EXT,UNAMBIGUOUS_BP"
"3362","7",132823935,132824117,"hsa_circ_009289",3,"+",2,3,40,40,"my_test_sample",3,2,0,1,"GTAG",NA,"ANCHOR_UNIQUE,CANONICAL,CIRCULAR,OK_EXT,UNAMBIGUOUS_BP"
"3363","5",179356041,179356194,"hsa_circ_009290",2,"-",1,2,5,40,"my_test_sample",2,1,0,1,"GTAG",NA,"ANCHOR_UNIQUE,CANONICAL,CIRCULAR,GOOD_EXT,UNAMBIGUOUS_BP"
"3364","2",150710114,150710676,"hsa_circ_009293",2,"-",2,2,5,5,"my_test_sample",2,1,0,1,"GTAG",NA,"ANCHOR_UNIQUE,CANONICAL,CIRCULAR,GOOD_EXT,UNAMBIGUOUS_BP"
"3365","1",57415995,57416145,"hsa_circ_009298",2,"-",2,2,40,40,"my_test_sample",2,1,0,1,"GTAG",NA,"ANCHOR_UNIQUE,CANONICAL,CIRCULAR,GOOD_EXT,UNAMBIGUOUS_BP"
"3366","2",9767760,9767992,"hsa_circ_009300",2,"+",2,2,5,5,"my_test_sample",2,0,0,1,"GTAG",NA,"ANCHOR_UNIQUE,CANONICAL,CIRCULAR,PERFECT_EXT,UNAMBIGUOUS_BP"
"3367","6",92035459,92035629,"hsa_circ_009301",3,"+",2,2,40,40,"my_test_sample",3,0,0,1,"GTAG",NA,"ANCHOR_UNIQUE,CANONICAL,CIRCULAR,PERFECT_EXT,UNAMBIGUOUS_BP"
"3368","20",231012,231232,"hsa_circ_009303",2,"-",1,2,5,5,"my_test_sample",2,2,0,1,"GTAG",NA,"ANCHOR_UNIQUE,CANONICAL,CIRCULAR,OK_EXT,UNAMBIGUOUS_BP"
"3369","12",125515498,125515845,"hsa_circ_009304",3,"-",2,3,5,5,"my_test_sample",3,1,0,1,"GTAG",NA,"ANCHOR_UNIQUE,CANONICAL,CIRCULAR,GOOD_EXT,UNAMBIGUOUS_BP"
"3370","2",236112717,236112929,"hsa_circ_009309",2,"-",1,2,40,5,"my_test_sample",2,2,0,1,"GTAG",NA,"ANCHOR_UNIQUE,CANONICAL,CIRCULAR,OK_EXT,UNAMBIGUOUS_BP"
"3371","5",126559239,126568356,"hsa_circ_009312",2,"-",1,2,5,5,"my_test_sample",2,0,0,1,"GTAG",NA,"ANCHOR_UNIQUE,CANONICAL,CIRCULAR,PERFECT_EXT,UNAMBIGUOUS_BP"
"3372","6",161118180,161118332,"hsa_circ_009318",2,"-",1,2,5,5,"my_test_sample",2,1,0,1,"GTAG",NA,"ANCHOR_UNIQUE,CANONICAL,CIRCULAR,GOOD_EXT,UNAMBIGUOUS_BP"
"3373","4",88284933,88285613,"hsa_circ_009319",4,"+",3,4,40,5,"my_test_sample",4,1,0,1,"GTAG",NA,"ANCHOR_UNIQUE,CANONICAL,CIRCULAR,GOOD_EXT,UNAMBIGUOUS_BP"
"3374","12",22071257,22071463,"hsa_circ_009331",3,"+",2,3,5,40,"my_test_sample",3,0,0,1,"GTAG",NA,"ANCHOR_UNIQUE,CANONICAL,CIRCULAR,PERFECT_EXT,UNAMBIGUOUS_BP"
"3375","7",148231143,148231301,"hsa_circ_009336",4,"-",2,4,5,40,"my_test_sample",4,1,0,1,"GTAG",NA,"ANCHOR_UNIQUE,CANONICAL,CIRCULAR,GOOD_EXT,UNAMBIGUOUS_BP"
"3376","6",42630501,42631490,"hsa_circ_009337",2,"-",1,2,40,40,"my_test_sample",2,0,0,1,"GTAG",NA,"ANCHOR_UNIQUE,CANONICAL,CIRCULAR,PERFECT_EXT,UNAMBIGUOUS_BP"
"3377","3",48413423,48413635,"hsa_circ_009339",5,"-",2,5,40,5,"my_test_sample",5,0,0,1,"GTAG",NA,"ANCHOR_UNIQUE,CANONICAL,CIRCULAR,PERFECT_EXT,UNAMBIGUOUS_BP"
"3378","17",81687936,81688093,"hsa_circ_009340",2,"+",1,2,4,40,"my_test_sample",2,0,0,1,"GTAG",NA,"ANCHOR_UNIQUE,CANONICAL,CIRCULAR,PERFECT_EXT,UNAMBIGUOUS_BP"
"3379","3",195025639,195026084,"hsa_circ_009351",5,"-",2,5,37,40,"my_test_sample",5,1,0,1,"GTAG",NA,"ANCHOR_UNIQUE,CANONICAL,CIRCULAR,GOOD_EXT,UNAMBIGUOUS_BP"
"3380","10",123016517,123016683,"hsa_circ_009352",2,"-",1,2,5,40,"my_test_sample",2,2,0,1,"GTAG",NA,"ANCHOR_UNIQUE,CANONICAL,CIRCULAR,OK_EXT,UNAMBIGUOUS_BP"
"3381","5",178269081,178269245,"hsa_circ_009355",2,"-",2,2,40,5,"my_test_sample",2,1,0,1,"GTAG",NA,"ANCHOR_UNIQUE,CANONICAL,CIRCULAR,GOOD_EXT,UNAMBIGUOUS_BP"
"3382","9",114232701,114232857,"hsa_circ_009356",2,"+",2,1,40,5,"my_test_sample",2,0,0,1,"GTAG",NA,"ANCHOR_UNIQUE,CANONICAL,CIRCULAR,PERFECT_EXT,UNAMBIGUOUS_BP"
"3383","X",58137411,58137587,"hsa_circ_009357",2,"-",1,2,40,40,"my_test_sample",2,2,0,1,"GTAG",NA,"ANCHOR_UNIQUE,CANONICAL,CIRCULAR,OK_EXT,UNAMBIGUOUS_BP"
"3384","5",78139780,78139944,"hsa_circ_009358",2,"+",1,2,40,5,"my_test_sample",2,0,0,1,"GTAG",NA,"ANCHOR_UNIQUE,CANONICAL,CIRCULAR,PERFECT_EXT,UNAMBIGUOUS_BP"
"3385","7",133258274,133258442,"hsa_circ_009363",4,"-",1,4,5,35,"my_test_sample",4,0,0,1,"GTAG",NA,"ANCHOR_UNIQUE,CANONICAL,CIRCULAR,PERFECT_EXT,UNAMBIGUOUS_BP"
"3386","7",44743875,44744125,"hsa_circ_009366",2,"-",1,2,40,5,"my_test_sample",2,0,0,1,"GTAG",NA,"ANCHOR_UNIQUE,CANONICAL,CIRCULAR,PERFECT_EXT,UNAMBIGUOUS_BP"
"3387","1",175609460,175609658,"hsa_circ_009374",5,"-",2,5,40,40,"my_test_sample",5,1,0,1,"GTAG",NA,"ANCHOR_UNIQUE,CANONICAL,CIRCULAR,GOOD_EXT,UNAMBIGUOUS_BP"
"3388","16",30974151,30974337,"hsa_circ_009378",2,"+",1,2,4,40,"my_test_sample",2,1,0,1,"GTAG",NA,"ANCHOR_UNIQUE,CANONICAL,CIRCULAR,GOOD_EXT,UNAMBIGUOUS_BP"
"3389","19",39453355,39453521,"hsa_circ_009384",3,"+",2,2,5,40,"my_test_sample",3,0,0,1,"GTAG",NA,"ANCHOR_UNIQUE,CANONICAL,CIRCULAR,PERFECT_EXT,UNAMBIGUOUS_BP"
"3390","10",104231894,104232066,"hsa_circ_009386",4,"+",2,4,5,5,"my_test_sample",4,0,0,1,"GTAG",NA,"ANCHOR_UNIQUE,CANONICAL,CIRCULAR,PERFECT_EXT,UNAMBIGUOUS_BP"
"3391","19",2325695,2325872,"hsa_circ_009392",2,"-",1,2,40,40,"my_test_sample",2,0,0,1,"GTAG",NA,"ANCHOR_UNIQUE,CANONICAL,CIRCULAR,PERFECT_EXT,UNAMBIGUOUS_BP"
"3392","5",138594887,138595054,"hsa_circ_009394",3,"-",2,3,40,5,"my_test_sample",3,1,0,1,"GTAG",NA,"ANCHOR_UNIQUE,CANONICAL,CIRCULAR,GOOD_EXT,UNAMBIGUOUS_BP"
"3393","12",106983955,106984149,"hsa_circ_009396",4,"-",3,4,5,5,"my_test_sample",4,0,0,1,"GTAG",NA,"ANCHOR_UNIQUE,CANONICAL,CIRCULAR,PERFECT_EXT,UNAMBIGUOUS_BP"
"3394","20",33619516,33623296,"hsa_circ_009402",2,"+",2,2,40,40,"my_test_sample",2,0,0,1,"GTAG",NA,"ANCHOR_UNIQUE,CANONICAL,CIRCULAR,PERFECT_EXT,UNAMBIGUOUS_BP"
"3395","9",7271977,7272191,"hsa_circ_009403",2,"+",2,2,40,5,"my_test_sample",2,1,0,1,"GTAG",NA,"ANCHOR_UNIQUE,CANONICAL,CIRCULAR,GOOD_EXT,UNAMBIGUOUS_BP"
"3396","10",86658201,86658375,"hsa_circ_009406",2,"+",1,2,40,40,"my_test_sample",2,0,0,1,"GTAG",NA,"ANCHOR_UNIQUE,CANONICAL,CIRCULAR,PERFECT_EXT,UNAMBIGUOUS_BP"
"3397","5",3028400,3028600,"hsa_circ_009415",2,"-",2,2,5,40,"my_test_sample",2,1,0,1,"GTAG",NA,"ANCHOR_UNIQUE,CANONICAL,CIRCULAR,GOOD_EXT,UNAMBIGUOUS_BP"
"3398","14",36805662,36805833,"hsa_circ_009418",2,"-",1,2,5,5,"my_test_sample",2,2,0,1,"GTAG",NA,"ANCHOR_UNIQUE,CANONICAL,CIRCULAR,OK_EXT,UNAMBIGUOUS_BP"
"3399","2",182148053,182148285,"hsa_circ_009422",2,"+",2,2,40,40,"my_test_sample",2,1,0,1,"GTAG",NA,"ANCHOR_UNIQUE,CANONICAL,CIRCULAR,GOOD_EXT,UNAMBIGUOUS_BP"
"3400","7",148721576,148721794,"hsa_circ_009423",4,"+",2,3,5,5,"my_test_sample",4,1,0,1,"GTAG",NA,"ANCHOR_UNIQUE,CANONICAL,CIRCULAR,GOOD_EXT,UNAMBIGUOUS_BP"
"3401","11",65210907,65211062,"hsa_circ_009425",3,"+",2,3,5,5,"my_test_sample",3,1,0,1,"GTAG",NA,"ANCHOR_UNIQUE,CANONICAL,CIRCULAR,GOOD_EXT,UNAMBIGUOUS_BP"
"3402","17",81898779,81899010,"hsa_circ_009428",2,"+",2,2,40,40,"my_test_sample",2,0,0,1,"GTAG",NA,"ANCHOR_UNIQUE,CANONICAL,CIRCULAR,PERFECT_EXT,UNAMBIGUOUS_BP"
"3403","18",80102820,80102978,"hsa_circ_009430",2,"-",1,2,40,40,"my_test_sample",2,2,0,1,"GTAG",NA,"ANCHOR_UNIQUE,CANONICAL,CIRCULAR,OK_EXT,UNAMBIGUOUS_BP"
"3404","12",4042011,4042372,"hsa_circ_009431",2,"+",1,2,5,5,"my_test_sample",2,1,0,1,"GTAG",NA,"ANCHOR_UNIQUE,CANONICAL,CIRCULAR,GOOD_EXT,UNAMBIGUOUS_BP"
"3405","16",11359266,11359424,"hsa_circ_009433",3,"-",1,3,5,5,"my_test_sample",3,0,0,1,"GTAG",NA,"ANCHOR_UNIQUE,CANONICAL,CIRCULAR,PERFECT_EXT,UNAMBIGUOUS_BP"
"3406","12",2523563,2523769,"hsa_circ_009434",2,"-",1,2,40,4,"my_test_sample",2,0,0,1,"GTAG",NA,"ANCHOR_UNIQUE,CANONICAL,CIRCULAR,PERFECT_EXT,UNAMBIGUOUS_BP"
"3407","6",28759247,28759452,"hsa_circ_009437",3,"+",2,3,40,40,"my_test_sample",3,0,0,1,"GTAG",NA,"ANCHOR_UNIQUE,CANONICAL,CIRCULAR,PERFECT_EXT,UNAMBIGUOUS_BP"
"3408","9",117967634,117967793,"hsa_circ_009446",2,"-",1,2,5,40,"my_test_sample",2,0,0,1,"GTAG",NA,"ANCHOR_UNIQUE,CANONICAL,CIRCULAR,PERFECT_EXT,UNAMBIGUOUS_BP"
"3409","1",17270232,17270384,"hsa_circ_009448",2,"+",2,2,40,40,"my_test_sample",2,0,0,1,"GTAG",NA,"ANCHOR_UNIQUE,CANONICAL,CIRCULAR,PERFECT_EXT,UNAMBIGUOUS_BP"
"3410","2",145593837,145594015,"hsa_circ_009450",3,"-",1,3,40,5,"my_test_sample",3,1,0,1,"GTAG",NA,"ANCHOR_UNIQUE,CANONICAL,CIRCULAR,GOOD_EXT,UNAMBIGUOUS_BP"
"3411","15",67022653,67022864,"hsa_circ_009451",2,"+",2,2,5,5,"my_test_sample",2,1,0,1,"GTAG",NA,"ANCHOR_UNIQUE,CANONICAL,CIRCULAR,GOOD_EXT,UNAMBIGUOUS_BP"
"3412","3",14145964,14146138,"hsa_circ_009455",5,"+",4,5,5,40,"my_test_sample",5,0,0,1,"GTAG",NA,"ANCHOR_UNIQUE,CANONICAL,CIRCULAR,PERFECT_EXT,UNAMBIGUOUS_BP"
"3413","7",18067385,18067561,"hsa_circ_009457",2,"+",1,2,40,40,"my_test_sample",2,2,0,1,"GTAG",NA,"ANCHOR_UNIQUE,CANONICAL,CIRCULAR,OK_EXT,UNAMBIGUOUS_BP"
"3414","15",35324900,35325090,"hsa_circ_009461",5,"+",1,5,5,40,"my_test_sample",5,2,0,1,"GTAG",NA,"ANCHOR_UNIQUE,CANONICAL,CIRCULAR,OK_EXT,UNAMBIGUOUS_BP"
"3415","16",82505347,82507132,"hsa_circ_009463",2,"+",1,2,5,40,"my_test_sample",2,1,0,1,"GTAG",NA,"ANCHOR_UNIQUE,CANONICAL,CIRCULAR,GOOD_EXT,UNAMBIGUOUS_BP"
"3416","3",11056859,11057009,"hsa_circ_009465",5,"-",2,5,5,5,"my_test_sample",5,0,0,1,"GTAG",NA,"ANCHOR_UNIQUE,CANONICAL,CIRCULAR,PERFECT_EXT,UNAMBIGUOUS_BP"
"3417","5",135234594,135234781,"hsa_circ_009469",2,"+",1,2,40,5,"my_test_sample",2,1,0,1,"GTAG",NA,"ANCHOR_UNIQUE,CANONICAL,CIRCULAR,GOOD_EXT,UNAMBIGUOUS_BP"
"3418","17",7945727,7945986,"hsa_circ_009476",2,"+",2,2,35,5,"my_test_sample",2,0,0,1,"GTAG",NA,"ANCHOR_UNIQUE,CANONICAL,CIRCULAR,PERFECT_EXT,UNAMBIGUOUS_BP"
"3419","8",25667489,25667654,"hsa_circ_009478",2,"-",2,2,5,35,"my_test_sample",2,1,0,1,"GTAG",NA,"ANCHOR_UNIQUE,CANONICAL,CIRCULAR,GOOD_EXT,UNAMBIGUOUS_BP"
"3420","1",33825651,33825980,"hsa_circ_009479",6,"-",1,6,40,40,"my_test_sample",6,2,0,1,"GTAG",NA,"ANCHOR_UNIQUE,CANONICAL,CIRCULAR,OK_EXT,UNAMBIGUOUS_BP"
"3421","1",218591638,218591797,"hsa_circ_009481",3,"+",1,3,5,40,"my_test_sample",3,2,0,1,"GTAG",NA,"ANCHOR_UNIQUE,CANONICAL,CIRCULAR,OK_EXT,UNAMBIGUOUS_BP"
"3422","7",127333113,127333342,"hsa_circ_009482",2,"-",1,2,5,5,"my_test_sample",2,2,0,1,"GTAG",NA,"ANCHOR_UNIQUE,CANONICAL,CIRCULAR,OK_EXT,UNAMBIGUOUS_BP"
"3423","2",17651350,17651547,"hsa_circ_009483",3,"+",1,3,5,40,"my_test_sample",3,0,0,1,"GTAG",NA,"ANCHOR_UNIQUE,CANONICAL,CIRCULAR,PERFECT_EXT,UNAMBIGUOUS_BP"
"3424","2",138330923,138331076,"hsa_circ_009485",2,"+",1,2,5,5,"my_test_sample",2,1,0,1,"GTAG",NA,"ANCHOR_UNIQUE,CANONICAL,CIRCULAR,GOOD_EXT,UNAMBIGUOUS_BP"
"3425","3",113224400,113224640,"hsa_circ_009486",2,"+",1,2,40,40,"my_test_sample",2,2,0,1,"GTAG",NA,"ANCHOR_UNIQUE,CANONICAL,CIRCULAR,OK_EXT,UNAMBIGUOUS_BP"
"3426","12",127777954,127778114,"hsa_circ_009487",2,"-",1,2,40,5,"my_test_sample",2,2,0,1,"GTAG",NA,"ANCHOR_UNIQUE,CANONICAL,CIRCULAR,OK_EXT,UNAMBIGUOUS_BP"
"3427","12",92463055,92463277,"hsa_circ_009495",2,"+",2,2,40,5,"my_test_sample",2,1,0,1,"GTAG",NA,"ANCHOR_UNIQUE,CANONICAL,CIRCULAR,GOOD_EXT,UNAMBIGUOUS_BP"
"3428","3",49099726,49099894,"hsa_circ_009497",8,"-",2,8,40,40,"my_test_sample",8,2,0,1,"GTAG",NA,"ANCHOR_UNIQUE,CANONICAL,CIRCULAR,OK_EXT,UNAMBIGUOUS_BP"
"3429","17",76497687,76497883,"hsa_circ_009498",3,"-",1,3,40,40,"my_test_sample",3,0,0,1,"GTAG",NA,"ANCHOR_UNIQUE,CANONICAL,CIRCULAR,PERFECT_EXT,UNAMBIGUOUS_BP"
"3430","3",82365608,82365795,"hsa_circ_009501",2,"-",1,2,40,40,"my_test_sample",2,2,0,1,"GTAG",NA,"ANCHOR_UNIQUE,CANONICAL,CIRCULAR,OK_EXT,UNAMBIGUOUS_BP"
"3431","1",228546398,228546608,"hsa_circ_009507",2,"+",2,2,40,4,"my_test_sample",2,2,0,1,"GTAG",NA,"ANCHOR_UNIQUE,CANONICAL,CIRCULAR,OK_EXT,UNAMBIGUOUS_BP"
"3432","3",40686359,40686519,"hsa_circ_009509",3,"-",1,3,40,5,"my_test_sample",3,1,0,1,"GTAG",NA,"ANCHOR_UNIQUE,CANONICAL,CIRCULAR,GOOD_EXT,UNAMBIGUOUS_BP"
"3433","2",74932306,74932483,"hsa_circ_009512",2,"+",1,2,5,5,"my_test_sample",2,1,0,1,"GTAG",NA,"ANCHOR_UNIQUE,CANONICAL,CIRCULAR,GOOD_EXT,UNAMBIGUOUS_BP"
"3434","X",106175663,106175841,"hsa_circ_009514",4,"-",1,4,40,40,"my_test_sample",4,0,0,1,"GTAG",NA,"ANCHOR_UNIQUE,CANONICAL,CIRCULAR,PERFECT_EXT,UNAMBIGUOUS_BP"
"3435","14",55119906,55120116,"hsa_circ_009516",2,"-",2,2,5,40,"my_test_sample",2,0,0,1,"GTAG",NA,"ANCHOR_UNIQUE,CANONICAL,CIRCULAR,PERFECT_EXT,UNAMBIGUOUS_BP"
"3436","10",6265825,6265981,"hsa_circ_009519",2,"-",1,2,5,5,"my_test_sample",2,1,0,1,"GTAG",NA,"ANCHOR_UNIQUE,CANONICAL,CIRCULAR,GOOD_EXT,UNAMBIGUOUS_BP"
"3437","14",83383570,83383778,"hsa_circ_009520",4,"-",2,4,40,5,"my_test_sample",4,1,0,1,"GTAG",NA,"ANCHOR_UNIQUE,CANONICAL,CIRCULAR,GOOD_EXT,UNAMBIGUOUS_BP"
"3438","1",247312025,247312247,"hsa_circ_009521",2,"+",1,2,40,40,"my_test_sample",2,2,0,1,"GTAG",NA,"ANCHOR_UNIQUE,CANONICAL,CIRCULAR,OK_EXT,UNAMBIGUOUS_BP"
"3439","7",40315514,40315717,"hsa_circ_009522",3,"+",2,3,5,40,"my_test_sample",3,1,0,1,"GTAG",NA,"ANCHOR_UNIQUE,CANONICAL,CIRCULAR,GOOD_EXT,UNAMBIGUOUS_BP"
"3440","1",224464992,224465142,"hsa_circ_009525",2,"-",2,2,5,3,"my_test_sample",2,1,0,1,"GTAG",NA,"ANCHOR_UNIQUE,CANONICAL,CIRCULAR,GOOD_EXT,UNAMBIGUOUS_BP"
"3441","11",93698017,93698214,"hsa_circ_009529",2,"-",1,2,5,40,"my_test_sample",2,1,0,1,"GTAG",NA,"ANCHOR_UNIQUE,CANONICAL,CIRCULAR,GOOD_EXT,UNAMBIGUOUS_BP"
"3442","17",10591784,10591982,"hsa_circ_009531",2,"-",1,2,40,5,"my_test_sample",2,1,0,1,"GTAG",NA,"ANCHOR_UNIQUE,CANONICAL,CIRCULAR,GOOD_EXT,UNAMBIGUOUS_BP"
"3443","17",62048627,62048851,"hsa_circ_009533",2,"-",1,2,40,40,"my_test_sample",2,0,0,1,"GTAG",NA,"ANCHOR_UNIQUE,CANONICAL,CIRCULAR,PERFECT_EXT,UNAMBIGUOUS_BP"
"3444","14",99458278,99465813,"hsa_circ_009542",8,"-",2,8,40,40,"my_test_sample",8,0,0,1,"GTAG",NA,"ANCHOR_UNIQUE,CANONICAL,CIRCULAR,PERFECT_EXT,UNAMBIGUOUS_BP"
"3445","2",49297990,49298285,"hsa_circ_009549",2,"+",2,2,5,40,"my_test_sample",2,2,0,1,"GTAG",NA,"ANCHOR_UNIQUE,CANONICAL,CIRCULAR,OK_EXT,UNAMBIGUOUS_BP"
"3446","1",22346079,22346268,"hsa_circ_009552",3,"-",1,3,40,5,"my_test_sample",3,2,0,1,"GTAG",NA,"ANCHOR_UNIQUE,CANONICAL,CIRCULAR,OK_EXT,UNAMBIGUOUS_BP"
"3447","3",186642144,186642304,"hsa_circ_009553",3,"+",2,3,5,5,"my_test_sample",3,0,0,1,"GTAG",NA,"ANCHOR_UNIQUE,CANONICAL,CIRCULAR,PERFECT_EXT,UNAMBIGUOUS_BP"
"3448","16",88422490,88422667,"hsa_circ_009555",4,"+",2,3,5,5,"my_test_sample",4,2,0,1,"GTAG",NA,"ANCHOR_UNIQUE,CANONICAL,CIRCULAR,OK_EXT,UNAMBIGUOUS_BP"
"3449","20",35304899,35305094,"hsa_circ_009556",2,"-",1,2,5,40,"my_test_sample",2,1,0,1,"GTAG",NA,"ANCHOR_UNIQUE,CANONICAL,CIRCULAR,GOOD_EXT,UNAMBIGUOUS_BP"
"3450","4",45555864,45556034,"hsa_circ_009557",2,"-",1,2,5,40,"my_test_sample",2,1,0,1,"GTAG",NA,"ANCHOR_UNIQUE,CANONICAL,CIRCULAR,GOOD_EXT,UNAMBIGUOUS_BP"
"3451","X",2356412,2356595,"hsa_circ_009564",2,"+",1,2,40,40,"my_test_sample",2,0,0,1,"GTAG",NA,"ANCHOR_UNIQUE,CANONICAL,CIRCULAR,PERFECT_EXT,UNAMBIGUOUS_BP"
"3452","2",195115976,195116167,"hsa_circ_009565",3,"+",2,3,40,40,"my_test_sample",3,0,0,1,"GTAG",NA,"ANCHOR_UNIQUE,CANONICAL,CIRCULAR,PERFECT_EXT,UNAMBIGUOUS_BP"
"3453","2",37331204,37331449,"hsa_circ_009571",2,"+",1,2,40,5,"my_test_sample",2,1,0,1,"GTAG",NA,"ANCHOR_UNIQUE,CANONICAL,CIRCULAR,GOOD_EXT,UNAMBIGUOUS_BP"
"3454","11",34480771,34490059,"hsa_circ_009572",3,"-",1,3,5,5,"my_test_sample",3,0,0,1,"GTAG",NA,"ANCHOR_UNIQUE,CANONICAL,CIRCULAR,PERFECT_EXT,UNAMBIGUOUS_BP"
"3455","10",72980858,72981012,"hsa_circ_009573",4,"-",1,4,5,5,"my_test_sample",4,1,0,1,"GTAG",NA,"ANCHOR_UNIQUE,CANONICAL,CIRCULAR,GOOD_EXT,UNAMBIGUOUS_BP"
"3456","15",85999102,85999270,"hsa_circ_009580",2,"-",1,2,5,40,"my_test_sample",2,0,0,1,"GTAG",NA,"ANCHOR_UNIQUE,CANONICAL,CIRCULAR,PERFECT_EXT,UNAMBIGUOUS_BP"
"3457","4",48031673,48032232,"hsa_circ_009582",2,"+",1,2,5,5,"my_test_sample",2,1,0,1,"GTAG",NA,"ANCHOR_UNIQUE,CANONICAL,CIRCULAR,GOOD_EXT,UNAMBIGUOUS_BP"
"3458","11",129849522,129849688,"hsa_circ_009583",5,"-",2,5,40,5,"my_test_sample",5,1,0,1,"GTAG",NA,"ANCHOR_UNIQUE,CANONICAL,CIRCULAR,GOOD_EXT,UNAMBIGUOUS_BP"
"3459","9",110972072,110973558,"hsa_circ_009585",7,"-",4,7,40,40,"my_test_sample",7,0,0,1,"GTAG",NA,"ANCHOR_UNIQUE,CANONICAL,CIRCULAR,PERFECT_EXT,UNAMBIGUOUS_BP"
"3460","14",101105335,101105512,"hsa_circ_009587",2,"-",1,2,40,5,"my_test_sample",2,1,0,1,"GTAG",NA,"ANCHOR_UNIQUE,CANONICAL,CIRCULAR,GOOD_EXT,UNAMBIGUOUS_BP"
"3461","1",195969200,195969411,"hsa_circ_009588",3,"-",1,3,5,40,"my_test_sample",3,1,0,1,"GTAG",NA,"ANCHOR_UNIQUE,CANONICAL,CIRCULAR,GOOD_EXT,UNAMBIGUOUS_BP"
"3462","1",187091964,187092139,"hsa_circ_009589",5,"+",1,5,5,5,"my_test_sample",5,2,0,1,"GTAG",NA,"ANCHOR_UNIQUE,CANONICAL,CIRCULAR,OK_EXT,UNAMBIGUOUS_BP"
"3463","22",40221029,40221237,"hsa_circ_009597",3,"+",2,3,40,5,"my_test_sample",3,1,0,1,"GTAG",NA,"ANCHOR_UNIQUE,CANONICAL,CIRCULAR,GOOD_EXT,UNAMBIGUOUS_BP"
"3464","2",135383,135535,"hsa_circ_009604",2,"+",1,2,5,5,"my_test_sample",2,2,0,1,"GTAG",NA,"ANCHOR_UNIQUE,CANONICAL,CIRCULAR,OK_EXT,UNAMBIGUOUS_BP"
"3465","11",10502408,10502564,"hsa_circ_009605",3,"+",1,3,40,40,"my_test_sample",3,2,0,1,"GTAG",NA,"ANCHOR_UNIQUE,CANONICAL,CIRCULAR,OK_EXT,UNAMBIGUOUS_BP"
"3466","7",158150515,158150880,"hsa_circ_009609",3,"+",1,3,5,5,"my_test_sample",3,0,0,1,"GTAG",NA,"ANCHOR_UNIQUE,CANONICAL,CIRCULAR,PERFECT_EXT,UNAMBIGUOUS_BP"
"3467","12",128653112,128653286,"hsa_circ_009610",3,"-",1,3,5,5,"my_test_sample",3,2,0,1,"GTAG",NA,"ANCHOR_UNIQUE,CANONICAL,CIRCULAR,OK_EXT,UNAMBIGUOUS_BP"
"3468","19",7695201,7695402,"hsa_circ_009614",2,"+",1,2,5,40,"my_test_sample",2,0,0,1,"GTAG",NA,"ANCHOR_UNIQUE,CANONICAL,CIRCULAR,PERFECT_EXT,UNAMBIGUOUS_BP"
"3469","2",174827416,174827658,"hsa_circ_009615",2,"+",1,2,5,40,"my_test_sample",2,1,0,1,"GTAG",NA,"ANCHOR_UNIQUE,CANONICAL,CIRCULAR,GOOD_EXT,UNAMBIGUOUS_BP"
"3470","5",175594060,175594214,"hsa_circ_009618",2,"-",1,2,5,5,"my_test_sample",2,2,0,1,"GTAG",NA,"ANCHOR_UNIQUE,CANONICAL,CIRCULAR,OK_EXT,UNAMBIGUOUS_BP"
"3471","16",89908144,89908346,"hsa_circ_009627",2,"-",2,2,5,4,"my_test_sample",2,0,0,1,"GTAG",NA,"ANCHOR_UNIQUE,CANONICAL,CIRCULAR,PERFECT_EXT,UNAMBIGUOUS_BP"
"3472","16",64646138,64646376,"hsa_circ_009630",3,"+",1,3,5,5,"my_test_sample",3,0,0,1,"GTAG",NA,"ANCHOR_UNIQUE,CANONICAL,CIRCULAR,PERFECT_EXT,UNAMBIGUOUS_BP"
"3473","13",67018939,67019091,"hsa_circ_009631",3,"-",1,3,5,40,"my_test_sample",3,1,0,1,"GTAG",NA,"ANCHOR_UNIQUE,CANONICAL,CIRCULAR,GOOD_EXT,UNAMBIGUOUS_BP"
"3474","6",125652325,125652501,"hsa_circ_009638",2,"-",1,2,5,40,"my_test_sample",2,1,0,1,"GTAG",NA,"ANCHOR_UNIQUE,CANONICAL,CIRCULAR,GOOD_EXT,UNAMBIGUOUS_BP"
"3475","10",48538246,48538410,"hsa_circ_009642",2,"-",1,2,5,5,"my_test_sample",2,1,0,1,"GTAG",NA,"ANCHOR_UNIQUE,CANONICAL,CIRCULAR,GOOD_EXT,UNAMBIGUOUS_BP"
"3476","1",2466529,2466681,"hsa_circ_009643",2,"+",1,2,40,35,"my_test_sample",2,1,0,1,"GTAG",NA,"ANCHOR_UNIQUE,CANONICAL,CIRCULAR,GOOD_EXT,UNAMBIGUOUS_BP"
"3477","17",18137864,18138014,"hsa_circ_009646",2,"+",1,2,40,5,"my_test_sample",2,0,0,1,"GTAG",NA,"ANCHOR_UNIQUE,CANONICAL,CIRCULAR,PERFECT_EXT,UNAMBIGUOUS_BP"
"3478","15",62461780,62461965,"hsa_circ_009650",2,"+",2,1,5,5,"my_test_sample",2,2,0,1,"GTAG",NA,"ANCHOR_UNIQUE,CANONICAL,CIRCULAR,OK_EXT,UNAMBIGUOUS_BP"
"3479","14",27882763,27882965,"hsa_circ_009653",3,"+",1,3,5,5,"my_test_sample",3,1,0,1,"GTAG",NA,"ANCHOR_UNIQUE,CANONICAL,CIRCULAR,GOOD_EXT,UNAMBIGUOUS_BP"
"3480","9",9377973,9378155,"hsa_circ_009654",2,"+",1,2,5,5,"my_test_sample",2,2,0,1,"GTAG",NA,"ANCHOR_UNIQUE,CANONICAL,CIRCULAR,OK_EXT,UNAMBIGUOUS_BP"
"3481","20",18727644,18727820,"hsa_circ_009658",3,"+",1,3,5,5,"my_test_sample",3,2,0,1,"GTAG",NA,"ANCHOR_UNIQUE,CANONICAL,CIRCULAR,OK_EXT,UNAMBIGUOUS_BP"
"3482","15",82677410,82679963,"hsa_circ_009659",2,"-",1,2,5,40,"my_test_sample",2,2,0,1,"GTAG",NA,"ANCHOR_UNIQUE,CANONICAL,CIRCULAR,OK_EXT,UNAMBIGUOUS_BP"
"3483","2",177683414,177683595,"hsa_circ_009660",3,"-",1,3,5,5,"my_test_sample",3,1,0,1,"GTAG",NA,"ANCHOR_UNIQUE,CANONICAL,CIRCULAR,GOOD_EXT,UNAMBIGUOUS_BP"
"3484","10",117170198,117170395,"hsa_circ_009664",4,"-",1,4,40,40,"my_test_sample",4,1,0,1,"GTAG",NA,"ANCHOR_UNIQUE,CANONICAL,CIRCULAR,GOOD_EXT,UNAMBIGUOUS_BP"
"3485","13",24371672,24371852,"hsa_circ_009665",7,"-",1,7,5,5,"my_test_sample",7,2,0,1,"GTAG",NA,"ANCHOR_UNIQUE,CANONICAL,CIRCULAR,OK_EXT,UNAMBIGUOUS_BP"
"3486","9",137102264,137103132,"hsa_circ_009670",2,"+",2,1,4,3,"my_test_sample",2,0,0,1,"GTAG",NA,"ANCHOR_UNIQUE,CANONICAL,CIRCULAR,PERFECT_EXT,UNAMBIGUOUS_BP"
"3487","12",108263525,108263755,"hsa_circ_009677",3,"-",1,3,40,40,"my_test_sample",3,0,0,1,"GTAG",NA,"ANCHOR_UNIQUE,CANONICAL,CIRCULAR,PERFECT_EXT,UNAMBIGUOUS_BP"
"3488","19",3660965,3662001,"hsa_circ_009678",3,"-",1,3,40,35,"my_test_sample",3,0,0,1,"GTAG",NA,"ANCHOR_UNIQUE,CANONICAL,CIRCULAR,PERFECT_EXT,UNAMBIGUOUS_BP"
"3489","5",42574329,42574539,"hsa_circ_009681",2,"-",1,2,5,5,"my_test_sample",2,2,0,1,"GTAG",NA,"ANCHOR_UNIQUE,CANONICAL,CIRCULAR,OK_EXT,UNAMBIGUOUS_BP"
"3490","3",66183987,66184148,"hsa_circ_009682",2,"-",1,2,5,40,"my_test_sample",2,0,0,1,"GTAG",NA,"ANCHOR_UNIQUE,CANONICAL,CIRCULAR,PERFECT_EXT,UNAMBIGUOUS_BP"
"3491","2",13182012,13182214,"hsa_circ_009688",3,"-",1,3,40,5,"my_test_sample",3,2,0,1,"GTAG",NA,"ANCHOR_UNIQUE,CANONICAL,CIRCULAR,OK_EXT,UNAMBIGUOUS_BP"
"3492","3",46439349,46441483,"hsa_circ_009697",2,"-",1,2,40,5,"my_test_sample",2,0,0,1,"GTAG",NA,"ANCHOR_UNIQUE,CANONICAL,CIRCULAR,PERFECT_EXT,UNAMBIGUOUS_BP"
"3493","11",125049097,125049249,"hsa_circ_009700",2,"+",1,2,40,35,"my_test_sample",2,2,2,1,"GTAG",NA,"ANCHOR_UNIQUE,CANONICAL,CIRCULAR,OK_EXT,UNAMBIGUOUS_BP"
"3494","1",200883509,200884066,"hsa_circ_009707",4,"-",1,4,5,40,"my_test_sample",4,1,0,1,"GTAG",NA,"ANCHOR_UNIQUE,CANONICAL,CIRCULAR,GOOD_EXT,UNAMBIGUOUS_BP"
"3495","2",174046859,174047017,"hsa_circ_009708",2,"+",2,2,3,40,"my_test_sample",2,0,0,1,"GTAG",NA,"ANCHOR_UNIQUE,CANONICAL,CIRCULAR,PERFECT_EXT,UNAMBIGUOUS_BP"
"3496","1",21933877,21934200,"hsa_circ_009711",3,"-",2,3,40,5,"my_test_sample",3,1,0,1,"GTAG",NA,"ANCHOR_UNIQUE,CANONICAL,CIRCULAR,GOOD_EXT,UNAMBIGUOUS_BP"
"3497","6",152821344,152821511,"hsa_circ_009716",2,"-",1,2,5,5,"my_test_sample",2,0,0,1,"GTAG",NA,"ANCHOR_UNIQUE,CANONICAL,CIRCULAR,PERFECT_EXT,UNAMBIGUOUS_BP"
"3498","4",30167356,30167534,"hsa_circ_009721",2,"+",1,2,40,5,"my_test_sample",2,0,0,1,"GTAG",NA,"ANCHOR_UNIQUE,CANONICAL,CIRCULAR,PERFECT_EXT,UNAMBIGUOUS_BP"
"3499","20",19858373,19859066,"hsa_circ_009724",2,"-",1,2,40,5,"my_test_sample",2,1,0,1,"GTAG",NA,"ANCHOR_UNIQUE,CANONICAL,CIRCULAR,GOOD_EXT,UNAMBIGUOUS_BP"
"3500","2",108253908,108254078,"hsa_circ_009725",3,"-",1,3,5,5,"my_test_sample",3,0,0,1,"GTAG",NA,"ANCHOR_UNIQUE,CANONICAL,CIRCULAR,PERFECT_EXT,UNAMBIGUOUS_BP"
"3501","12",46207408,46207568,"hsa_circ_009726",5,"-",1,5,5,5,"my_test_sample",5,1,0,1,"GTAG",NA,"ANCHOR_UNIQUE,CANONICAL,CIRCULAR,GOOD_EXT,UNAMBIGUOUS_BP"
"3502","19",51102556,51102728,"hsa_circ_009729",2,"-",1,2,5,5,"my_test_sample",2,0,0,1,"GTAG",NA,"ANCHOR_UNIQUE,CANONICAL,CIRCULAR,PERFECT_EXT,UNAMBIGUOUS_BP"
"3503","7",33744114,33744273,"hsa_circ_009737",2,"+",1,2,4,40,"my_test_sample",2,2,0,1,"GTAG",NA,"ANCHOR_UNIQUE,CANONICAL,CIRCULAR,OK_EXT,UNAMBIGUOUS_BP"
"3504","18",78289585,78289753,"hsa_circ_009738",2,"+",1,2,40,5,"my_test_sample",2,1,0,1,"GTAG",NA,"ANCHOR_UNIQUE,CANONICAL,CIRCULAR,GOOD_EXT,UNAMBIGUOUS_BP"
"3505","15",61187337,61187505,"hsa_circ_009739",5,"+",1,5,5,40,"my_test_sample",5,2,0,1,"GTAG",NA,"ANCHOR_UNIQUE,CANONICAL,CIRCULAR,OK_EXT,UNAMBIGUOUS_BP"
"3506","14",104255628,104255780,"hsa_circ_009741",3,"-",1,3,5,4,"my_test_sample",3,2,0,1,"GTAG",NA,"ANCHOR_UNIQUE,CANONICAL,CIRCULAR,OK_EXT,UNAMBIGUOUS_BP"
"3507","3",13845613,13845799,"hsa_circ_009742",5,"+",1,5,40,40,"my_test_sample",5,1,0,1,"GTAG",NA,"ANCHOR_UNIQUE,CANONICAL,CIRCULAR,GOOD_EXT,UNAMBIGUOUS_BP"
"3508","1",181608649,181608823,"hsa_circ_009743",5,"-",1,5,5,5,"my_test_sample",5,2,0,1,"GTAG",NA,"ANCHOR_UNIQUE,CANONICAL,CIRCULAR,OK_EXT,UNAMBIGUOUS_BP"
"3509","4",77711075,77711228,"hsa_circ_009744",2,"+",1,2,5,40,"my_test_sample",2,0,1,1,"GTAG",NA,"ANCHOR_UNIQUE,CANONICAL,CIRCULAR,GOOD_EXT,UNAMBIGUOUS_BP"
"3510","14",28489104,28489267,"hsa_circ_009747",3,"+",1,3,5,40,"my_test_sample",3,0,0,1,"GTAG",NA,"ANCHOR_UNIQUE,CANONICAL,CIRCULAR,PERFECT_EXT,UNAMBIGUOUS_BP"
"3511","11",68949811,68949982,"hsa_circ_009749",2,"-",1,2,40,40,"my_test_sample",2,1,0,1,"GTAG",NA,"ANCHOR_UNIQUE,CANONICAL,CIRCULAR,GOOD_EXT,UNAMBIGUOUS_BP"
"3512","2",112299848,112300029,"hsa_circ_009751",6,"+",5,6,5,5,"my_test_sample",6,0,0,1,"GTAG",NA,"ANCHOR_UNIQUE,CANONICAL,CIRCULAR,PERFECT_EXT,UNAMBIGUOUS_BP"
"3513","18",32715521,32715687,"hsa_circ_009754",3,"+",2,3,5,5,"my_test_sample",3,1,0,1,"GTAG",NA,"ANCHOR_UNIQUE,CANONICAL,CIRCULAR,GOOD_EXT,UNAMBIGUOUS_BP"
"3514","7",76058116,76058295,"hsa_circ_009757",2,"+",2,2,3,40,"my_test_sample",2,2,0,1,"GTAG",NA,"ANCHOR_UNIQUE,CANONICAL,CIRCULAR,OK_EXT,UNAMBIGUOUS_BP"
"3515","14",49568035,49568216,"hsa_circ_009758",2,"+",1,2,5,5,"my_test_sample",2,1,0,1,"GTAG",NA,"ANCHOR_UNIQUE,CANONICAL,CIRCULAR,GOOD_EXT,UNAMBIGUOUS_BP"
"3516","13",53409626,53409788,"hsa_circ_009761",2,"-",1,2,35,40,"my_test_sample",2,0,0,1,"GTAG",NA,"ANCHOR_UNIQUE,CANONICAL,CIRCULAR,PERFECT_EXT,UNAMBIGUOUS_BP"
"3517","5",88133843,88134026,"hsa_circ_009763",2,"+",1,2,5,5,"my_test_sample",2,1,0,1,"GTAG",NA,"ANCHOR_UNIQUE,CANONICAL,CIRCULAR,GOOD_EXT,UNAMBIGUOUS_BP"
"3518","11",44953974,44954135,"hsa_circ_009764",3,"-",1,3,40,5,"my_test_sample",3,0,0,1,"GTAG",NA,"ANCHOR_UNIQUE,CANONICAL,CIRCULAR,PERFECT_EXT,UNAMBIGUOUS_BP"
"3519","9",106426851,106427008,"hsa_circ_009767",4,"+",2,4,40,5,"my_test_sample",4,0,0,1,"GTAG",NA,"ANCHOR_UNIQUE,CANONICAL,CIRCULAR,PERFECT_EXT,UNAMBIGUOUS_BP"
"3520","2",218980588,218980744,"hsa_circ_009768",4,"+",3,4,5,40,"my_test_sample",4,1,0,1,"GTAG",NA,"ANCHOR_UNIQUE,CANONICAL,CIRCULAR,GOOD_EXT,UNAMBIGUOUS_BP"
"3521","16",28979333,28979498,"hsa_circ_009774",2,"+",1,2,40,40,"my_test_sample",2,0,0,1,"GTAG",NA,"ANCHOR_UNIQUE,CANONICAL,CIRCULAR,PERFECT_EXT,UNAMBIGUOUS_BP"
"3522","1",204626377,204626528,"hsa_circ_009776",2,"-",1,2,5,5,"my_test_sample",2,1,0,1,"GTAG",NA,"ANCHOR_UNIQUE,CANONICAL,CIRCULAR,GOOD_EXT,UNAMBIGUOUS_BP"
"3523","2",33527930,33528100,"hsa_circ_009777",2,"-",1,2,40,40,"my_test_sample",2,1,0,1,"GTAG",NA,"ANCHOR_UNIQUE,CANONICAL,CIRCULAR,GOOD_EXT,UNAMBIGUOUS_BP"
"3524","22",20194759,20194915,"hsa_circ_009785",2,"+",2,2,40,40,"my_test_sample",2,0,0,1,"GTAG",NA,"ANCHOR_UNIQUE,CANONICAL,CIRCULAR,PERFECT_EXT,UNAMBIGUOUS_BP"
"3525","14",96071965,96072125,"hsa_circ_009786",2,"+",1,2,40,5,"my_test_sample",2,2,0,1,"GTAG",NA,"ANCHOR_UNIQUE,CANONICAL,CIRCULAR,OK_EXT,UNAMBIGUOUS_BP"
"3526","18",37267959,37268126,"hsa_circ_009787",2,"-",1,2,5,5,"my_test_sample",2,2,0,1,"GTAG",NA,"ANCHOR_UNIQUE,CANONICAL,CIRCULAR,OK_EXT,UNAMBIGUOUS_BP"
"3527","9",116150404,116150938,"hsa_circ_009791",4,"-",2,4,40,40,"my_test_sample",4,0,0,1,"GTAG",NA,"ANCHOR_UNIQUE,CANONICAL,CIRCULAR,PERFECT_EXT,UNAMBIGUOUS_BP"
"3528","14",71245861,71246178,"hsa_circ_009794",3,"-",1,3,40,40,"my_test_sample",3,1,0,1,"GTAG",NA,"ANCHOR_UNIQUE,CANONICAL,CIRCULAR,GOOD_EXT,UNAMBIGUOUS_BP"
"3529","19",49286755,49286903,"hsa_circ_009801",2,"-",1,2,40,5,"my_test_sample",2,0,0,1,"GTAG",NA,"ANCHOR_UNIQUE,CANONICAL,CIRCULAR,PERFECT_EXT,UNAMBIGUOUS_BP"
"3530","17",67915750,67915914,"hsa_circ_009803",2,"+",2,2,5,40,"my_test_sample",2,1,0,1,"GTAG",NA,"ANCHOR_UNIQUE,CANONICAL,CIRCULAR,GOOD_EXT,UNAMBIGUOUS_BP"
"3531","19",30280136,30280293,"hsa_circ_009811",3,"-",1,3,5,5,"my_test_sample",3,1,0,1,"GTAG",NA,"ANCHOR_UNIQUE,CANONICAL,CIRCULAR,GOOD_EXT,UNAMBIGUOUS_BP"
"3532","22",37624628,37624793,"hsa_circ_009815",2,"+",1,2,5,40,"my_test_sample",2,0,0,1,"GTAG",NA,"ANCHOR_UNIQUE,CANONICAL,CIRCULAR,PERFECT_EXT,UNAMBIGUOUS_BP"
"3533","4",173304562,173304950,"hsa_circ_009827",2,"-",1,2,5,5,"my_test_sample",2,1,0,1,"GTAG",NA,"ANCHOR_UNIQUE,CANONICAL,CIRCULAR,GOOD_EXT,UNAMBIGUOUS_BP"
"3534","4",1226723,1226888,"hsa_circ_009832",4,"-",2,4,40,5,"my_test_sample",4,0,0,1,"GTAG",NA,"ANCHOR_UNIQUE,CANONICAL,CIRCULAR,PERFECT_EXT,UNAMBIGUOUS_BP"
"3535","16",65429734,65429920,"hsa_circ_009847",2,"-",1,2,40,5,"my_test_sample",2,1,0,1,"GTAG",NA,"ANCHOR_UNIQUE,CANONICAL,CIRCULAR,GOOD_EXT,UNAMBIGUOUS_BP"
"3536","1",38111041,38111229,"hsa_circ_009849",2,"+",1,2,40,5,"my_test_sample",2,2,0,1,"GTAG",NA,"ANCHOR_UNIQUE,CANONICAL,CIRCULAR,OK_EXT,UNAMBIGUOUS_BP"
"3537","1",235090612,235090977,"hsa_circ_009851",3,"+",1,3,5,5,"my_test_sample",3,2,0,1,"GTAG",NA,"ANCHOR_UNIQUE,CANONICAL,CIRCULAR,OK_EXT,UNAMBIGUOUS_BP"
"3538","2",217940081,217940251,"hsa_circ_009852",3,"-",1,3,40,40,"my_test_sample",3,0,0,1,"GTAG",NA,"ANCHOR_UNIQUE,CANONICAL,CIRCULAR,PERFECT_EXT,UNAMBIGUOUS_BP"
"3539","22",17655661,17689142,"hsa_circ_009857",4,"+",2,4,40,40,"my_test_sample",4,0,0,1,"GTAG",NA,"ANCHOR_UNIQUE,CANONICAL,CIRCULAR,PERFECT_EXT,UNAMBIGUOUS_BP"
"3540","16",57579414,57579581,"hsa_circ_009858",4,"+",2,4,40,40,"my_test_sample",4,2,0,1,"GTAG",NA,"ANCHOR_UNIQUE,CANONICAL,CIRCULAR,OK_EXT,UNAMBIGUOUS_BP"
"3541","8",134622826,134622984,"hsa_circ_009859",3,"-",1,3,5,5,"my_test_sample",3,1,0,1,"GTAG",NA,"ANCHOR_UNIQUE,CANONICAL,CIRCULAR,GOOD_EXT,UNAMBIGUOUS_BP"
"3542","X",48711587,48713886,"hsa_circ_009865",2,"-",1,2,40,40,"my_test_sample",2,1,0,1,"GTAG",NA,"ANCHOR_UNIQUE,CANONICAL,CIRCULAR,GOOD_EXT,UNAMBIGUOUS_BP"
"3543","12",96714470,96714625,"hsa_circ_009869",2,"+",1,2,5,5,"my_test_sample",2,0,0,1,"GTAG",NA,"ANCHOR_UNIQUE,CANONICAL,CIRCULAR,PERFECT_EXT,UNAMBIGUOUS_BP"
"3544","10",75988515,75988701,"hsa_circ_009871",4,"-",1,4,5,5,"my_test_sample",4,1,0,1,"GTAG",NA,"ANCHOR_UNIQUE,CANONICAL,CIRCULAR,GOOD_EXT,UNAMBIGUOUS_BP"
"3545","11",38586475,38586751,"hsa_circ_009873",2,"+",1,2,5,40,"my_test_sample",2,0,0,1,"GTAG",NA,"ANCHOR_UNIQUE,CANONICAL,CIRCULAR,PERFECT_EXT,UNAMBIGUOUS_BP"
"3546","10",127841797,127841980,"hsa_circ_009875",2,"-",1,2,5,40,"my_test_sample",2,0,0,1,"GTAG",NA,"ANCHOR_UNIQUE,CANONICAL,CIRCULAR,PERFECT_EXT,UNAMBIGUOUS_BP"
"3547","2",4362425,4362628,"hsa_circ_009876",4,"-",2,4,5,5,"my_test_sample",4,1,0,1,"GTAG",NA,"ANCHOR_UNIQUE,CANONICAL,CIRCULAR,GOOD_EXT,UNAMBIGUOUS_BP"
"3548","12",132397288,132397471,"hsa_circ_009878",3,"-",2,2,5,35,"my_test_sample",3,1,0,1,"GTAG",NA,"ANCHOR_UNIQUE,CANONICAL,CIRCULAR,GOOD_EXT,UNAMBIGUOUS_BP"
"3549","2",139192030,139192255,"hsa_circ_009881",2,"-",1,2,40,5,"my_test_sample",2,2,0,1,"GTAG",NA,"ANCHOR_UNIQUE,CANONICAL,CIRCULAR,OK_EXT,UNAMBIGUOUS_BP"
"3550","11",74181400,74181604,"hsa_circ_009883",3,"-",1,3,40,5,"my_test_sample",3,2,0,1,"GTAG",NA,"ANCHOR_UNIQUE,CANONICAL,CIRCULAR,OK_EXT,UNAMBIGUOUS_BP"
"3551","19",41935317,41935545,"hsa_circ_009886",2,"+",1,2,40,5,"my_test_sample",2,1,0,1,"GTAG",NA,"ANCHOR_UNIQUE,CANONICAL,CIRCULAR,GOOD_EXT,UNAMBIGUOUS_BP"
"3552","15",61531021,61531188,"hsa_circ_009888",4,"-",2,4,40,40,"my_test_sample",4,1,0,1,"GTAG",NA,"ANCHOR_UNIQUE,CANONICAL,CIRCULAR,GOOD_EXT,UNAMBIGUOUS_BP"
"3553","5",25991985,25992165,"hsa_circ_009891",2,"-",1,2,5,40,"my_test_sample",2,1,0,1,"GTAG",NA,"ANCHOR_UNIQUE,CANONICAL,CIRCULAR,GOOD_EXT,UNAMBIGUOUS_BP"
"3554","1",156907521,156907761,"hsa_circ_009892",2,"+",1,2,5,5,"my_test_sample",2,0,2,1,"GTAG",NA,"ANCHOR_UNIQUE,CANONICAL,CIRCULAR,OK_EXT,UNAMBIGUOUS_BP"
"3555","X",136260179,136260381,"hsa_circ_009898",3,"+",2,3,5,40,"my_test_sample",3,0,0,1,"GTAG",NA,"ANCHOR_UNIQUE,CANONICAL,CIRCULAR,PERFECT_EXT,UNAMBIGUOUS_BP"
"3556","17",83050823,83051063,"hsa_circ_009906",3,"+",1,3,5,40,"my_test_sample",3,0,0,1,"GTAG",NA,"ANCHOR_UNIQUE,CANONICAL,CIRCULAR,PERFECT_EXT,UNAMBIGUOUS_BP"
"3557","2",4352315,4352484,"hsa_circ_009911",2,"-",2,2,40,40,"my_test_sample",2,1,0,1,"GTAG",NA,"ANCHOR_UNIQUE,CANONICAL,CIRCULAR,GOOD_EXT,UNAMBIGUOUS_BP"
"3558","8",134571162,134571350,"hsa_circ_009912",3,"+",1,3,40,5,"my_test_sample",3,0,0,1,"GTAG",NA,"ANCHOR_UNIQUE,CANONICAL,CIRCULAR,PERFECT_EXT,UNAMBIGUOUS_BP"
"3559","12",93830162,93830314,"hsa_circ_009917",2,"-",2,2,40,5,"my_test_sample",2,0,0,1,"GTAG",NA,"ANCHOR_UNIQUE,CANONICAL,CIRCULAR,PERFECT_EXT,UNAMBIGUOUS_BP"
"3560","16",57317310,57317462,"hsa_circ_009920",2,"+",2,2,5,5,"my_test_sample",2,2,0,1,"GTAG",NA,"ANCHOR_UNIQUE,CANONICAL,CIRCULAR,OK_EXT,UNAMBIGUOUS_BP"
"3561","6",72627939,72628103,"hsa_circ_009921",2,"+",1,2,40,40,"my_test_sample",2,1,0,1,"GTAG",NA,"ANCHOR_UNIQUE,CANONICAL,CIRCULAR,GOOD_EXT,UNAMBIGUOUS_BP"
"3562","19",18537600,18538436,"hsa_circ_009923",7,"-",2,7,40,5,"my_test_sample",7,0,0,1,"GTAG",NA,"ANCHOR_UNIQUE,CANONICAL,CIRCULAR,PERFECT_EXT,UNAMBIGUOUS_BP"
"3563","8",134565332,134590355,"hsa_circ_009927",4,"-",1,4,40,40,"my_test_sample",4,1,0,1,"GTAG",NA,"ANCHOR_UNIQUE,CANONICAL,CIRCULAR,GOOD_EXT,UNAMBIGUOUS_BP"
"3564","13",20800112,20800294,"hsa_circ_009929",3,"-",1,3,5,40,"my_test_sample",3,1,0,1,"GTAG",NA,"ANCHOR_UNIQUE,CANONICAL,CIRCULAR,GOOD_EXT,UNAMBIGUOUS_BP"
"3565","1",222314975,222315159,"hsa_circ_009943",4,"-",1,4,40,40,"my_test_sample",4,2,0,1,"GTAG",NA,"ANCHOR_UNIQUE,CANONICAL,CIRCULAR,OK_EXT,UNAMBIGUOUS_BP"
"3566","20",8000447,8000629,"hsa_circ_009947",2,"-",1,2,40,40,"my_test_sample",2,2,0,1,"GTAG",NA,"ANCHOR_UNIQUE,CANONICAL,CIRCULAR,OK_EXT,UNAMBIGUOUS_BP"
"3567","2",195906005,195906185,"hsa_circ_009949",4,"+",1,4,5,40,"my_test_sample",4,2,0,1,"GTAG",NA,"ANCHOR_UNIQUE,CANONICAL,CIRCULAR,OK_EXT,UNAMBIGUOUS_BP"
"3568","2",142933461,142933651,"hsa_circ_009951",2,"-",2,1,4,5,"my_test_sample",2,0,0,1,"GTAG",NA,"ANCHOR_UNIQUE,CANONICAL,CIRCULAR,PERFECT_EXT,UNAMBIGUOUS_BP"
"3569","22",46974291,47037198,"hsa_circ_009952",2,"+",2,2,40,40,"my_test_sample",2,0,0,1,"GTAG",NA,"ANCHOR_UNIQUE,CANONICAL,CIRCULAR,PERFECT_EXT,UNAMBIGUOUS_BP"
"3570","15",55456805,55456975,"hsa_circ_009958",3,"+",1,3,5,5,"my_test_sample",3,1,0,1,"GTAG",NA,"ANCHOR_UNIQUE,CANONICAL,CIRCULAR,GOOD_EXT,UNAMBIGUOUS_BP"
"3571","1",215586494,215595471,"hsa_circ_009959",7,"+",4,7,40,40,"my_test_sample",7,0,0,1,"GTAG",NA,"ANCHOR_UNIQUE,CANONICAL,CIRCULAR,PERFECT_EXT,UNAMBIGUOUS_BP"
"3572","3",138226850,138227064,"hsa_circ_009964",2,"-",1,2,5,40,"my_test_sample",2,1,0,1,"GTAG",NA,"ANCHOR_UNIQUE,CANONICAL,CIRCULAR,GOOD_EXT,UNAMBIGUOUS_BP"
"3573","6",44731761,44731916,"hsa_circ_009966",3,"-",2,3,40,40,"my_test_sample",3,0,0,1,"GTAG",NA,"ANCHOR_UNIQUE,CANONICAL,CIRCULAR,PERFECT_EXT,UNAMBIGUOUS_BP"
"3574","2",42794886,42795086,"hsa_circ_009971",3,"+",2,3,5,5,"my_test_sample",3,0,0,1,"GTAG",NA,"ANCHOR_UNIQUE,CANONICAL,CIRCULAR,PERFECT_EXT,UNAMBIGUOUS_BP"
"3575","2",206127796,206130242,"hsa_circ_009975",2,"-",1,2,5,40,"my_test_sample",2,0,0,1,"GTAG",NA,"ANCHOR_UNIQUE,CANONICAL,CIRCULAR,PERFECT_EXT,UNAMBIGUOUS_BP"
"3576","5",141028098,141028348,"hsa_circ_009981",2,"-",1,2,40,5,"my_test_sample",2,0,0,1,"GTAG",NA,"ANCHOR_UNIQUE,CANONICAL,CIRCULAR,PERFECT_EXT,UNAMBIGUOUS_BP"
"3577","X",129981643,129981820,"hsa_circ_009984",2,"+",1,2,40,40,"my_test_sample",2,2,0,1,"GTAG",NA,"ANCHOR_UNIQUE,CANONICAL,CIRCULAR,OK_EXT,UNAMBIGUOUS_BP"
"3578","5",1157399,1157558,"hsa_circ_009987",2,"-",1,2,5,5,"my_test_sample",2,0,0,1,"GTAG",NA,"ANCHOR_UNIQUE,CANONICAL,CIRCULAR,PERFECT_EXT,UNAMBIGUOUS_BP"
"3579","2",132930099,132930366,"hsa_circ_009990",3,"+",2,3,5,36,"my_test_sample",3,0,0,1,"GTAG",NA,"ANCHOR_UNIQUE,CANONICAL,CIRCULAR,PERFECT_EXT,UNAMBIGUOUS_BP"
"3580","10",1404456,1404804,"hsa_circ_009993",6,"-",2,6,40,40,"my_test_sample",6,0,0,1,"GTAG",NA,"ANCHOR_UNIQUE,CANONICAL,CIRCULAR,PERFECT_EXT,UNAMBIGUOUS_BP"
"3581","12",70164804,70165017,"hsa_circ_009994",2,"+",1,2,5,5,"my_test_sample",2,0,0,1,"GTAG",NA,"ANCHOR_UNIQUE,CANONICAL,CIRCULAR,PERFECT_EXT,UNAMBIGUOUS_BP"
"3582","5",128316581,128316795,"hsa_circ_009999",3,"-",2,3,5,5,"my_test_sample",3,1,0,1,"GTAG",NA,"ANCHOR_UNIQUE,CANONICAL,CIRCULAR,GOOD_EXT,UNAMBIGUOUS_BP"
"3583","6",23046655,23046873,"hsa_circ_010000",5,"+",1,5,40,40,"my_test_sample",5,1,0,1,"GTAG",NA,"ANCHOR_UNIQUE,CANONICAL,CIRCULAR,GOOD_EXT,UNAMBIGUOUS_BP"
"3584","1",41663358,41663742,"hsa_circ_010002",4,"+",2,4,5,40,"my_test_sample",4,1,0,1,"GTAG",NA,"ANCHOR_UNIQUE,CANONICAL,CIRCULAR,GOOD_EXT,UNAMBIGUOUS_BP"
"3585","14",72851183,72851371,"hsa_circ_010006",3,"-",1,3,5,5,"my_test_sample",3,1,0,1,"GTAG",NA,"ANCHOR_UNIQUE,CANONICAL,CIRCULAR,GOOD_EXT,UNAMBIGUOUS_BP"
"3586","16",69855668,69855823,"hsa_circ_010007",3,"+",1,3,5,5,"my_test_sample",3,0,0,1,"GTAG",NA,"ANCHOR_UNIQUE,CANONICAL,CIRCULAR,PERFECT_EXT,UNAMBIGUOUS_BP"
"3587","15",93080779,93080982,"hsa_circ_010008",3,"-",2,3,40,40,"my_test_sample",3,1,0,1,"GTAG",NA,"ANCHOR_UNIQUE,CANONICAL,CIRCULAR,GOOD_EXT,UNAMBIGUOUS_BP"
"3588","X",112842589,112843002,"hsa_circ_010009",4,"+",1,4,5,40,"my_test_sample",4,2,0,1,"GTAG",NA,"ANCHOR_UNIQUE,CANONICAL,CIRCULAR,OK_EXT,UNAMBIGUOUS_BP"
"3589","15",40930387,40930570,"hsa_circ_010012",3,"-",3,3,5,37,"my_test_sample",3,0,0,1,"GTAG",NA,"ANCHOR_UNIQUE,CANONICAL,CIRCULAR,PERFECT_EXT,UNAMBIGUOUS_BP"
"3590","8",715072,715244,"hsa_circ_010013",2,"+",1,2,40,3,"my_test_sample",2,2,0,1,"GTAG",NA,"ANCHOR_UNIQUE,CANONICAL,CIRCULAR,OK_EXT,UNAMBIGUOUS_BP"
"3591","17",1042580,1042740,"hsa_circ_010014",2,"-",1,2,40,5,"my_test_sample",2,0,0,1,"GTAG",NA,"ANCHOR_UNIQUE,CANONICAL,CIRCULAR,PERFECT_EXT,UNAMBIGUOUS_BP"
"3592","17",44345726,44345895,"hsa_circ_010019",2,"-",2,2,40,40,"my_test_sample",2,0,0,1,"GTAG",NA,"ANCHOR_UNIQUE,CANONICAL,CIRCULAR,PERFECT_EXT,UNAMBIGUOUS_BP"
"3593","18",78204973,78205135,"hsa_circ_010021",2,"-",1,2,5,5,"my_test_sample",2,1,0,1,"GTAG",NA,"ANCHOR_UNIQUE,CANONICAL,CIRCULAR,GOOD_EXT,UNAMBIGUOUS_BP"
"3594","8",37842650,37842863,"hsa_circ_010022",3,"+",1,3,5,40,"my_test_sample",3,0,0,1,"GTAG",NA,"ANCHOR_UNIQUE,CANONICAL,CIRCULAR,PERFECT_EXT,UNAMBIGUOUS_BP"
"3595","2",106780344,106780546,"hsa_circ_010023",2,"+",1,2,40,40,"my_test_sample",2,1,0,1,"GTAG",NA,"ANCHOR_UNIQUE,CANONICAL,CIRCULAR,GOOD_EXT,UNAMBIGUOUS_BP"
"3596","12",7106423,7106578,"hsa_circ_010028",2,"+",1,2,5,40,"my_test_sample",2,1,0,1,"GTAG",NA,"ANCHOR_UNIQUE,CANONICAL,CIRCULAR,GOOD_EXT,UNAMBIGUOUS_BP"
"3597","7",1370615,1370852,"hsa_circ_010033",3,"-",1,3,40,40,"my_test_sample",3,0,0,1,"GTAG",NA,"ANCHOR_UNIQUE,CANONICAL,CIRCULAR,PERFECT_EXT,UNAMBIGUOUS_BP"
"3598","22",24724913,24725898,"hsa_circ_010036",2,"+",1,2,5,5,"my_test_sample",2,0,0,1,"GTAG",NA,"ANCHOR_UNIQUE,CANONICAL,CIRCULAR,PERFECT_EXT,UNAMBIGUOUS_BP"
"3599","13",45082535,45082696,"hsa_circ_010039",2,"-",1,2,5,40,"my_test_sample",2,2,0,1,"GTAG",NA,"ANCHOR_UNIQUE,CANONICAL,CIRCULAR,OK_EXT,UNAMBIGUOUS_BP"
"3600","13",82338206,82338357,"hsa_circ_010040",2,"-",1,2,5,4,"my_test_sample",2,0,0,1,"GTAG",NA,"ANCHOR_UNIQUE,CANONICAL,CIRCULAR,PERFECT_EXT,UNAMBIGUOUS_BP"
"3601","9",136564935,136565109,"hsa_circ_010043",2,"+",2,2,5,40,"my_test_sample",2,0,0,1,"GTAG",NA,"ANCHOR_UNIQUE,CANONICAL,CIRCULAR,PERFECT_EXT,UNAMBIGUOUS_BP"
"3602","10",111695720,111695893,"hsa_circ_010047",2,"-",1,2,5,40,"my_test_sample",2,1,0,1,"GTAG",NA,"ANCHOR_UNIQUE,CANONICAL,CIRCULAR,GOOD_EXT,UNAMBIGUOUS_BP"
"3603","7",62633344,62633516,"hsa_circ_010050",2,"+",2,2,5,5,"my_test_sample",2,0,0,1,"GTAG",NA,"ANCHOR_UNIQUE,CANONICAL,CIRCULAR,PERFECT_EXT,UNAMBIGUOUS_BP"
"3604","4",53633285,53633463,"hsa_circ_010052",2,"-",1,2,40,40,"my_test_sample",2,1,0,1,"GTAG",NA,"ANCHOR_UNIQUE,CANONICAL,CIRCULAR,GOOD_EXT,UNAMBIGUOUS_BP"
"3605","4",16956863,16957019,"hsa_circ_010054",5,"-",2,5,40,5,"my_test_sample",5,2,0,1,"GTAG",NA,"ANCHOR_UNIQUE,CANONICAL,CIRCULAR,OK_EXT,UNAMBIGUOUS_BP"
"3606","14",105710139,105710354,"hsa_circ_010058",2,"+",2,2,5,5,"my_test_sample",2,0,0,1,"GTAG",NA,"ANCHOR_UNIQUE,CANONICAL,CIRCULAR,PERFECT_EXT,UNAMBIGUOUS_BP"
"3607","6",15035464,15035759,"hsa_circ_010063",2,"-",1,2,5,5,"my_test_sample",2,1,0,1,"GTAG",NA,"ANCHOR_UNIQUE,CANONICAL,CIRCULAR,GOOD_EXT,UNAMBIGUOUS_BP"
"3608","6",21981220,21981413,"hsa_circ_010066",2,"-",1,2,5,5,"my_test_sample",2,2,0,1,"GTAG",NA,"ANCHOR_UNIQUE,CANONICAL,CIRCULAR,OK_EXT,UNAMBIGUOUS_BP"
"3609","11",122789689,122790025,"hsa_circ_010067",2,"-",1,2,5,5,"my_test_sample",2,1,0,1,"GTAG",NA,"ANCHOR_UNIQUE,CANONICAL,CIRCULAR,GOOD_EXT,UNAMBIGUOUS_BP"
"3610","5",43821518,43821866,"hsa_circ_010068",4,"-",1,4,40,5,"my_test_sample",4,0,0,1,"GTAG",NA,"ANCHOR_UNIQUE,CANONICAL,CIRCULAR,PERFECT_EXT,UNAMBIGUOUS_BP"
"3611","15",42811687,42817097,"hsa_circ_010069",3,"-",2,3,40,40,"my_test_sample",3,0,0,1,"GTAG",NA,"ANCHOR_UNIQUE,CANONICAL,CIRCULAR,PERFECT_EXT,UNAMBIGUOUS_BP"
"3612","11",126502289,126502440,"hsa_circ_010077",2,"-",1,2,5,5,"my_test_sample",2,0,0,1,"GTAG",NA,"ANCHOR_UNIQUE,CANONICAL,CIRCULAR,PERFECT_EXT,UNAMBIGUOUS_BP"
"3613","3",104997007,104997158,"hsa_circ_010079",2,"-",1,2,5,40,"my_test_sample",2,1,0,1,"GTAG",NA,"ANCHOR_UNIQUE,CANONICAL,CIRCULAR,GOOD_EXT,UNAMBIGUOUS_BP"
"3614","3",144393992,144394190,"hsa_circ_010085",2,"+",1,2,4,5,"my_test_sample",2,1,0,1,"GTAG",NA,"ANCHOR_UNIQUE,CANONICAL,CIRCULAR,GOOD_EXT,UNAMBIGUOUS_BP"
"3615","14",23823798,23823986,"hsa_circ_010086",2,"+",1,2,5,5,"my_test_sample",2,2,0,1,"GTAG",NA,"ANCHOR_UNIQUE,CANONICAL,CIRCULAR,OK_EXT,UNAMBIGUOUS_BP"
"3616","9",69965645,69966002,"hsa_circ_010087",2,"+",1,2,40,40,"my_test_sample",2,2,0,1,"GTAG",NA,"ANCHOR_UNIQUE,CANONICAL,CIRCULAR,OK_EXT,UNAMBIGUOUS_BP"
"3617","19",17181045,17181435,"hsa_circ_010088",2,"+",1,2,40,5,"my_test_sample",2,2,0,1,"GTAG",NA,"ANCHOR_UNIQUE,CANONICAL,CIRCULAR,OK_EXT,UNAMBIGUOUS_BP"
"3618","8",46129727,46129952,"hsa_circ_010091",2,"-",2,2,5,5,"my_test_sample",2,1,0,1,"GTAG",NA,"ANCHOR_UNIQUE,CANONICAL,CIRCULAR,GOOD_EXT,UNAMBIGUOUS_BP"
"3619","6",6155317,6155480,"hsa_circ_010097",2,"-",1,2,5,5,"my_test_sample",2,2,0,1,"GTAG",NA,"ANCHOR_UNIQUE,CANONICAL,CIRCULAR,OK_EXT,UNAMBIGUOUS_BP"
"3620","1",3991939,3992103,"hsa_circ_010101",2,"+",1,2,5,5,"my_test_sample",2,2,0,1,"GTAG",NA,"ANCHOR_UNIQUE,CANONICAL,CIRCULAR,OK_EXT,UNAMBIGUOUS_BP"
"3621","7",157788942,157789109,"hsa_circ_010103",2,"+",1,2,40,5,"my_test_sample",2,0,0,1,"GTAG",NA,"ANCHOR_UNIQUE,CANONICAL,CIRCULAR,PERFECT_EXT,UNAMBIGUOUS_BP"
"3622","12",109914979,109915178,"hsa_circ_010109",2,"+",2,2,5,4,"my_test_sample",2,2,0,1,"GTAG",NA,"ANCHOR_UNIQUE,CANONICAL,CIRCULAR,OK_EXT,UNAMBIGUOUS_BP"
"3623","1",43603777,43603938,"hsa_circ_010112",2,"+",2,2,5,40,"my_test_sample",2,1,0,1,"GTAG",NA,"ANCHOR_UNIQUE,CANONICAL,CIRCULAR,GOOD_EXT,UNAMBIGUOUS_BP"
"3624","12",94807968,94808291,"hsa_circ_010115",2,"+",1,2,40,40,"my_test_sample",2,2,0,1,"GTAG",NA,"ANCHOR_UNIQUE,CANONICAL,CIRCULAR,OK_EXT,UNAMBIGUOUS_BP"
"3625","10",56196648,56196825,"hsa_circ_010117",2,"+",1,2,5,40,"my_test_sample",2,2,0,1,"GTAG",NA,"ANCHOR_UNIQUE,CANONICAL,CIRCULAR,OK_EXT,UNAMBIGUOUS_BP"
"3626","17",3732878,3733054,"hsa_circ_010119",3,"-",2,3,5,40,"my_test_sample",3,1,0,1,"GTAG",NA,"ANCHOR_UNIQUE,CANONICAL,CIRCULAR,GOOD_EXT,UNAMBIGUOUS_BP"
"3627","19",20889737,20889927,"hsa_circ_010121",2,"-",1,2,5,5,"my_test_sample",2,0,0,1,"GTAG",NA,"ANCHOR_UNIQUE,CANONICAL,CIRCULAR,PERFECT_EXT,UNAMBIGUOUS_BP"
"3628","10",94100310,94100499,"hsa_circ_010127",2,"-",1,2,40,40,"my_test_sample",2,0,0,1,"GTAG",NA,"ANCHOR_UNIQUE,CANONICAL,CIRCULAR,PERFECT_EXT,UNAMBIGUOUS_BP"
"3629","11",131383491,131383659,"hsa_circ_010131",3,"+",1,3,5,40,"my_test_sample",3,0,0,1,"GTAG",NA,"ANCHOR_UNIQUE,CANONICAL,CIRCULAR,PERFECT_EXT,UNAMBIGUOUS_BP"
"3630","2",50173934,50174103,"hsa_circ_010134",4,"-",1,4,40,5,"my_test_sample",4,1,0,1,"GTAG",NA,"ANCHOR_UNIQUE,CANONICAL,CIRCULAR,GOOD_EXT,UNAMBIGUOUS_BP"
"3631","20",42840779,42841037,"hsa_circ_010135",2,"-",1,2,40,40,"my_test_sample",2,1,0,1,"GTAG",NA,"ANCHOR_UNIQUE,CANONICAL,CIRCULAR,GOOD_EXT,UNAMBIGUOUS_BP"
"3632","13",74724899,74725100,"hsa_circ_010137",2,"+",1,2,40,5,"my_test_sample",2,1,0,1,"GTAG",NA,"ANCHOR_UNIQUE,CANONICAL,CIRCULAR,GOOD_EXT,UNAMBIGUOUS_BP"
"3633","6",9964666,9964865,"hsa_circ_010138",2,"-",2,2,40,40,"my_test_sample",2,0,0,1,"GTAG",NA,"ANCHOR_UNIQUE,CANONICAL,CIRCULAR,PERFECT_EXT,UNAMBIGUOUS_BP"
"3634","6",161022244,161022870,"hsa_circ_010139",2,"+",1,2,40,5,"my_test_sample",2,1,0,1,"GTAG",NA,"ANCHOR_UNIQUE,CANONICAL,CIRCULAR,GOOD_EXT,UNAMBIGUOUS_BP"
"3635","14",93874609,93874805,"hsa_circ_010141",3,"+",1,3,5,5,"my_test_sample",3,1,0,1,"GTAG",NA,"ANCHOR_UNIQUE,CANONICAL,CIRCULAR,GOOD_EXT,UNAMBIGUOUS_BP"
"3636","1",177304998,177305152,"hsa_circ_010142",2,"-",1,2,40,40,"my_test_sample",2,0,0,1,"GTAG",NA,"ANCHOR_UNIQUE,CANONICAL,CIRCULAR,PERFECT_EXT,UNAMBIGUOUS_BP"
"3637","8",43507129,43507481,"hsa_circ_010152",3,"-",1,3,5,5,"my_test_sample",3,1,0,1,"GTAG",NA,"ANCHOR_UNIQUE,CANONICAL,CIRCULAR,GOOD_EXT,UNAMBIGUOUS_BP"
"3638","11",57137571,57137747,"hsa_circ_010153",2,"-",1,2,5,40,"my_test_sample",2,2,0,1,"GTAG",NA,"ANCHOR_UNIQUE,CANONICAL,CIRCULAR,OK_EXT,UNAMBIGUOUS_BP"
"3639","15",59547554,59547761,"hsa_circ_010155",2,"+",1,2,40,40,"my_test_sample",2,2,0,1,"GTAG",NA,"ANCHOR_UNIQUE,CANONICAL,CIRCULAR,OK_EXT,UNAMBIGUOUS_BP"
"3640","9",2191265,2192802,"hsa_circ_010159",2,"+",1,2,40,40,"my_test_sample",2,0,0,1,"GTAG",NA,"ANCHOR_UNIQUE,CANONICAL,CIRCULAR,PERFECT_EXT,UNAMBIGUOUS_BP"
"3641","7",155245144,155245297,"hsa_circ_010161",4,"+",3,3,35,40,"my_test_sample",4,0,0,1,"GTAG",NA,"ANCHOR_UNIQUE,CANONICAL,CIRCULAR,PERFECT_EXT,UNAMBIGUOUS_BP"
"3642","2",74586019,74586189,"hsa_circ_010162",2,"+",2,2,5,40,"my_test_sample",2,1,0,1,"GTAG",NA,"ANCHOR_UNIQUE,CANONICAL,CIRCULAR,GOOD_EXT,UNAMBIGUOUS_BP"
"3643","16",70514334,70517740,"hsa_circ_010167",2,"-",1,2,5,35,"my_test_sample",2,1,0,1,"GTAG",NA,"ANCHOR_UNIQUE,CANONICAL,CIRCULAR,GOOD_EXT,UNAMBIGUOUS_BP"
"3644","2",111077334,111077505,"hsa_circ_010168",2,"-",1,2,35,40,"my_test_sample",2,0,2,1,"GTAG",NA,"ANCHOR_UNIQUE,CANONICAL,CIRCULAR,OK_EXT,UNAMBIGUOUS_BP"
"3645","1",81674587,81674752,"hsa_circ_010169",2,"+",1,2,5,5,"my_test_sample",2,1,0,1,"GTAG",NA,"ANCHOR_UNIQUE,CANONICAL,CIRCULAR,GOOD_EXT,UNAMBIGUOUS_BP"
"3646","21",33553759,33553915,"hsa_circ_010172",4,"+",4,4,40,40,"my_test_sample",4,0,0,1,"GTAG",NA,"ANCHOR_UNIQUE,CANONICAL,CIRCULAR,PERFECT_EXT,UNAMBIGUOUS_BP"
"3647","3",18822462,18822626,"hsa_circ_010173",2,"+",1,2,40,5,"my_test_sample",2,1,0,1,"GTAG",NA,"ANCHOR_UNIQUE,CANONICAL,CIRCULAR,GOOD_EXT,UNAMBIGUOUS_BP"
"3648","3",157692983,157693163,"hsa_circ_010178",2,"-",1,2,5,5,"my_test_sample",2,0,0,1,"GTAG",NA,"ANCHOR_UNIQUE,CANONICAL,CIRCULAR,PERFECT_EXT,UNAMBIGUOUS_BP"
"3649","2",80139245,80139401,"hsa_circ_010182",2,"-",2,2,40,40,"my_test_sample",2,2,0,1,"GTAG",NA,"ANCHOR_UNIQUE,CANONICAL,CIRCULAR,OK_EXT,UNAMBIGUOUS_BP"
"3650","3",182291693,182291856,"hsa_circ_010184",2,"-",1,2,40,4,"my_test_sample",2,0,0,1,"GTAG",NA,"ANCHOR_UNIQUE,CANONICAL,CIRCULAR,PERFECT_EXT,UNAMBIGUOUS_BP"
"3651","9",36765077,36765251,"hsa_circ_010189",2,"+",2,2,40,40,"my_test_sample",2,1,0,1,"GTAG",NA,"ANCHOR_UNIQUE,CANONICAL,CIRCULAR,GOOD_EXT,UNAMBIGUOUS_BP"
"3652","13",67013654,67013823,"hsa_circ_010192",2,"-",1,2,40,40,"my_test_sample",2,2,0,1,"GTAG",NA,"ANCHOR_UNIQUE,CANONICAL,CIRCULAR,OK_EXT,UNAMBIGUOUS_BP"
"3653","7",64614765,64614976,"hsa_circ_010193",4,"+",2,4,35,40,"my_test_sample",4,0,0,1,"GTAG",NA,"ANCHOR_UNIQUE,CANONICAL,CIRCULAR,PERFECT_EXT,UNAMBIGUOUS_BP"
"3654","16",23968618,23968794,"hsa_circ_010195",2,"+",1,2,40,5,"my_test_sample",2,1,0,1,"GTAG",NA,"ANCHOR_UNIQUE,CANONICAL,CIRCULAR,GOOD_EXT,UNAMBIGUOUS_BP"
"3655","12",78927184,78927335,"hsa_circ_010197",2,"-",1,2,40,40,"my_test_sample",2,0,0,1,"GTAG",NA,"ANCHOR_UNIQUE,CANONICAL,CIRCULAR,PERFECT_EXT,UNAMBIGUOUS_BP"
"3656","15",99134958,99135117,"hsa_circ_010201",2,"+",1,2,40,40,"my_test_sample",2,0,0,1,"GTAG",NA,"ANCHOR_UNIQUE,CANONICAL,CIRCULAR,PERFECT_EXT,UNAMBIGUOUS_BP"
"3657","1",114651852,114652020,"hsa_circ_010203",2,"+",2,2,40,40,"my_test_sample",2,1,0,1,"GTAG",NA,"ANCHOR_UNIQUE,CANONICAL,CIRCULAR,GOOD_EXT,UNAMBIGUOUS_BP"
"3658","7",50211702,50211862,"hsa_circ_010209",2,"+",2,2,5,35,"my_test_sample",2,1,0,1,"GTAG",NA,"ANCHOR_UNIQUE,CANONICAL,CIRCULAR,GOOD_EXT,UNAMBIGUOUS_BP"
"3659","X",130752324,130753245,"hsa_circ_010210",3,"-",2,3,5,5,"my_test_sample",3,1,0,1,"GTAG",NA,"ANCHOR_UNIQUE,CANONICAL,CIRCULAR,GOOD_EXT,UNAMBIGUOUS_BP"
"3660","17",4220389,4220600,"hsa_circ_010212",3,"-",2,3,5,40,"my_test_sample",3,2,0,1,"GTAG",NA,"ANCHOR_UNIQUE,CANONICAL,CIRCULAR,OK_EXT,UNAMBIGUOUS_BP"
"3661","12",12244261,12244655,"hsa_circ_010214",2,"-",2,2,40,5,"my_test_sample",2,0,0,1,"GTAG",NA,"ANCHOR_UNIQUE,CANONICAL,CIRCULAR,PERFECT_EXT,UNAMBIGUOUS_BP"
"3662","13",41903528,41903695,"hsa_circ_010216",2,"+",1,2,5,35,"my_test_sample",2,1,0,1,"GTAG",NA,"ANCHOR_UNIQUE,CANONICAL,CIRCULAR,GOOD_EXT,UNAMBIGUOUS_BP"
"3663","16",55747186,55747345,"hsa_circ_010221",2,"+",2,1,2,40,"my_test_sample",2,2,0,1,"GTAG",NA,"ANCHOR_UNIQUE,CANONICAL,CIRCULAR,OK_EXT,UNAMBIGUOUS_BP"
"3664","1",41715823,41716022,"hsa_circ_010226",2,"+",1,2,5,40,"my_test_sample",2,2,0,1,"GTAG",NA,"ANCHOR_UNIQUE,CANONICAL,CIRCULAR,OK_EXT,UNAMBIGUOUS_BP"
"3665","10",118093174,118093352,"hsa_circ_010231",3,"+",1,3,5,40,"my_test_sample",3,2,0,1,"GTAG",NA,"ANCHOR_UNIQUE,CANONICAL,CIRCULAR,OK_EXT,UNAMBIGUOUS_BP"
"3666","19",45644682,45644858,"hsa_circ_010235",4,"-",1,4,5,5,"my_test_sample",4,2,0,1,"GTAG",NA,"ANCHOR_UNIQUE,CANONICAL,CIRCULAR,OK_EXT,UNAMBIGUOUS_BP"
"3667","19",23406717,23406912,"hsa_circ_010240",2,"-",2,2,40,40,"my_test_sample",2,1,0,1,"GTAG",NA,"ANCHOR_UNIQUE,CANONICAL,CIRCULAR,GOOD_EXT,UNAMBIGUOUS_BP"
"3668","19",16015356,16015527,"hsa_circ_010246",5,"-",2,5,40,40,"my_test_sample",5,1,0,1,"GTAG",NA,"ANCHOR_UNIQUE,CANONICAL,CIRCULAR,GOOD_EXT,UNAMBIGUOUS_BP"
"3669","19",14053984,14054186,"hsa_circ_010248",2,"-",1,2,5,5,"my_test_sample",2,1,0,1,"GTAG",NA,"ANCHOR_UNIQUE,CANONICAL,CIRCULAR,GOOD_EXT,UNAMBIGUOUS_BP"
"3670","9",91684874,91685053,"hsa_circ_010249",2,"+",1,2,5,40,"my_test_sample",2,2,0,1,"GTAG",NA,"ANCHOR_UNIQUE,CANONICAL,CIRCULAR,OK_EXT,UNAMBIGUOUS_BP"
"3671","15",47727191,47727365,"hsa_circ_010252",2,"+",1,2,5,5,"my_test_sample",2,1,0,1,"GTAG",NA,"ANCHOR_UNIQUE,CANONICAL,CIRCULAR,GOOD_EXT,UNAMBIGUOUS_BP"
"3672","3",41218664,41218819,"hsa_circ_010253",2,"+",1,2,40,5,"my_test_sample",2,1,0,1,"GTAG",NA,"ANCHOR_UNIQUE,CANONICAL,CIRCULAR,GOOD_EXT,UNAMBIGUOUS_BP"
"3673","12",69133443,69133616,"hsa_circ_010256",2,"+",2,2,4,40,"my_test_sample",2,0,0,1,"GTAG",NA,"ANCHOR_UNIQUE,CANONICAL,CIRCULAR,PERFECT_EXT,UNAMBIGUOUS_BP"
"3674","13",19795851,19796208,"hsa_circ_010260",2,"-",2,2,40,40,"my_test_sample",2,1,0,1,"GTAG",NA,"ANCHOR_UNIQUE,CANONICAL,CIRCULAR,GOOD_EXT,UNAMBIGUOUS_BP"
"3675","21",34639467,34639712,"hsa_circ_010263",2,"+",1,2,5,40,"my_test_sample",2,0,0,1,"GTAG",NA,"ANCHOR_UNIQUE,CANONICAL,CIRCULAR,PERFECT_EXT,UNAMBIGUOUS_BP"
"3676","3",120286002,120286168,"hsa_circ_010264",2,"+",1,2,40,40,"my_test_sample",2,2,0,1,"GTAG",NA,"ANCHOR_UNIQUE,CANONICAL,CIRCULAR,OK_EXT,UNAMBIGUOUS_BP"
"3677","1",20362591,20362750,"hsa_circ_010271",2,"-",1,2,40,40,"my_test_sample",2,0,0,1,"GTAG",NA,"ANCHOR_UNIQUE,CANONICAL,CIRCULAR,PERFECT_EXT,UNAMBIGUOUS_BP"
"3678","12",6961076,6961229,"hsa_circ_010272",3,"-",2,3,5,5,"my_test_sample",3,0,0,1,"GTAG",NA,"ANCHOR_UNIQUE,CANONICAL,CIRCULAR,PERFECT_EXT,UNAMBIGUOUS_BP"
"3679","22",30282950,30283133,"hsa_circ_010277",3,"+",1,3,5,5,"my_test_sample",3,0,0,1,"GTAG",NA,"ANCHOR_UNIQUE,CANONICAL,CIRCULAR,PERFECT_EXT,UNAMBIGUOUS_BP"
"3680","17",83191127,83191277,"hsa_circ_010278",2,"-",2,2,4,5,"my_test_sample",2,0,0,1,"GTAG",NA,"ANCHOR_UNIQUE,CANONICAL,CIRCULAR,PERFECT_EXT,UNAMBIGUOUS_BP"
"3681","22",40741944,40742108,"hsa_circ_010280",3,"+",1,3,40,5,"my_test_sample",3,1,0,1,"GTAG",NA,"ANCHOR_UNIQUE,CANONICAL,CIRCULAR,GOOD_EXT,UNAMBIGUOUS_BP"
"3682","1",151051728,151051923,"hsa_circ_010282",2,"-",2,2,37,35,"my_test_sample",2,0,0,1,"GTAG",NA,"ANCHOR_UNIQUE,CANONICAL,CIRCULAR,PERFECT_EXT,UNAMBIGUOUS_BP"
"3683","10",1675005,1675335,"hsa_circ_010286",2,"+",2,2,40,5,"my_test_sample",2,1,0,1,"GTAG",NA,"ANCHOR_UNIQUE,CANONICAL,CIRCULAR,GOOD_EXT,UNAMBIGUOUS_BP"
"3684","14",33309302,33309616,"hsa_circ_010289",2,"-",1,2,5,40,"my_test_sample",2,2,0,1,"GTAG",NA,"ANCHOR_UNIQUE,CANONICAL,CIRCULAR,OK_EXT,UNAMBIGUOUS_BP"
"3685","3",197842126,197842310,"hsa_circ_010293",2,"-",1,2,5,40,"my_test_sample",2,2,0,1,"GTAG",NA,"ANCHOR_UNIQUE,CANONICAL,CIRCULAR,OK_EXT,UNAMBIGUOUS_BP"
"3686","1",4713821,4713995,"hsa_circ_010298",2,"-",1,2,40,5,"my_test_sample",2,1,0,1,"GTAG",NA,"ANCHOR_UNIQUE,CANONICAL,CIRCULAR,GOOD_EXT,UNAMBIGUOUS_BP"
"3687","10",31211062,31213954,"hsa_circ_010302",2,"-",2,2,40,40,"my_test_sample",2,0,0,1,"GTAG",NA,"ANCHOR_UNIQUE,CANONICAL,CIRCULAR,PERFECT_EXT,UNAMBIGUOUS_BP"
"3688","17",8019636,8019815,"hsa_circ_010303",3,"+",1,3,5,5,"my_test_sample",3,1,0,1,"GTAG",NA,"ANCHOR_UNIQUE,CANONICAL,CIRCULAR,GOOD_EXT,UNAMBIGUOUS_BP"
"3689","10",63857880,63858108,"hsa_circ_010306",2,"-",1,2,40,40,"my_test_sample",2,1,0,1,"GTAG",NA,"ANCHOR_UNIQUE,CANONICAL,CIRCULAR,GOOD_EXT,UNAMBIGUOUS_BP"
"3690","4",3816180,3816394,"hsa_circ_010308",2,"+",2,2,40,5,"my_test_sample",2,1,0,1,"GTAG",NA,"ANCHOR_UNIQUE,CANONICAL,CIRCULAR,GOOD_EXT,UNAMBIGUOUS_BP"
"3691","6",14474726,14474877,"hsa_circ_010309",2,"+",1,2,5,5,"my_test_sample",2,2,0,1,"GTAG",NA,"ANCHOR_UNIQUE,CANONICAL,CIRCULAR,OK_EXT,UNAMBIGUOUS_BP"
"3692","6",7303549,7310029,"hsa_circ_010317",2,"-",2,2,40,40,"my_test_sample",2,1,0,1,"GTAG",NA,"ANCHOR_UNIQUE,CANONICAL,CIRCULAR,GOOD_EXT,UNAMBIGUOUS_BP"
"3693","9",113682856,113683050,"hsa_circ_010320",2,"-",1,2,5,5,"my_test_sample",2,2,0,1,"GTAG",NA,"ANCHOR_UNIQUE,CANONICAL,CIRCULAR,OK_EXT,UNAMBIGUOUS_BP"
"3694","10",132198850,132199047,"hsa_circ_010325",2,"+",2,2,40,5,"my_test_sample",2,0,0,1,"GTAG",NA,"ANCHOR_UNIQUE,CANONICAL,CIRCULAR,PERFECT_EXT,UNAMBIGUOUS_BP"
"3695","2",88130251,88130639,"hsa_circ_010326",3,"+",2,3,5,40,"my_test_sample",3,2,0,1,"GTAG",NA,"ANCHOR_UNIQUE,CANONICAL,CIRCULAR,OK_EXT,UNAMBIGUOUS_BP"
"3696","3",52230697,52230850,"hsa_circ_010331",2,"+",2,2,5,5,"my_test_sample",2,1,0,1,"GTAG",NA,"ANCHOR_UNIQUE,CANONICAL,CIRCULAR,GOOD_EXT,UNAMBIGUOUS_BP"
"3697","10",117294728,117294883,"hsa_circ_010334",2,"+",2,2,37,5,"my_test_sample",2,1,0,1,"GTAG",NA,"ANCHOR_UNIQUE,CANONICAL,CIRCULAR,GOOD_EXT,UNAMBIGUOUS_BP"
"3698","20",57114590,57114847,"hsa_circ_010335",5,"+",2,5,5,40,"my_test_sample",5,1,0,1,"GTAG",NA,"ANCHOR_UNIQUE,CANONICAL,CIRCULAR,GOOD_EXT,UNAMBIGUOUS_BP"
"3699","12",104046057,104046220,"hsa_circ_010337",2,"+",1,2,40,40,"my_test_sample",2,2,0,1,"GTAG",NA,"ANCHOR_UNIQUE,CANONICAL,CIRCULAR,OK_EXT,UNAMBIGUOUS_BP"
"3700","4",5877139,5877361,"hsa_circ_010341",2,"+",1,2,4,40,"my_test_sample",2,1,0,1,"GTAG",NA,"ANCHOR_UNIQUE,CANONICAL,CIRCULAR,GOOD_EXT,UNAMBIGUOUS_BP"
"3701","2",166831444,166831677,"hsa_circ_010343",2,"+",1,2,40,40,"my_test_sample",2,1,0,1,"GTAG",NA,"ANCHOR_UNIQUE,CANONICAL,CIRCULAR,GOOD_EXT,UNAMBIGUOUS_BP"
"3702","10",20550261,20550430,"hsa_circ_010345",2,"+",2,2,36,5,"my_test_sample",2,0,0,1,"GTAG",NA,"ANCHOR_UNIQUE,CANONICAL,CIRCULAR,PERFECT_EXT,UNAMBIGUOUS_BP"
"3703","8",29007586,29007736,"hsa_circ_010346",2,"+",1,2,5,5,"my_test_sample",2,1,0,1,"GTAG",NA,"ANCHOR_UNIQUE,CANONICAL,CIRCULAR,GOOD_EXT,UNAMBIGUOUS_BP"
"3704","10",111654850,111655025,"hsa_circ_010347",2,"-",1,2,5,5,"my_test_sample",2,1,0,1,"GTAG",NA,"ANCHOR_UNIQUE,CANONICAL,CIRCULAR,GOOD_EXT,UNAMBIGUOUS_BP"
"3705","1",156930687,156930888,"hsa_circ_010349",2,"-",2,2,5,5,"my_test_sample",2,1,0,1,"GTAG",NA,"ANCHOR_UNIQUE,CANONICAL,CIRCULAR,GOOD_EXT,UNAMBIGUOUS_BP"
"3706","2",5552745,5552912,"hsa_circ_010350",3,"-",3,3,5,5,"my_test_sample",3,0,0,1,"GTAG",NA,"ANCHOR_UNIQUE,CANONICAL,CIRCULAR,PERFECT_EXT,UNAMBIGUOUS_BP"
"3707","5",132892163,132893118,"hsa_circ_010351",4,"-",2,4,40,40,"my_test_sample",4,0,0,1,"GTAG",NA,"ANCHOR_UNIQUE,CANONICAL,CIRCULAR,PERFECT_EXT,UNAMBIGUOUS_BP"
"3708","1",147477170,147477329,"hsa_circ_010356",2,"-",2,2,5,40,"my_test_sample",2,0,0,1,"GTAG",NA,"ANCHOR_UNIQUE,CANONICAL,CIRCULAR,PERFECT_EXT,UNAMBIGUOUS_BP"
"3709","3",115501842,115502017,"hsa_circ_010358",2,"+",2,2,40,40,"my_test_sample",2,2,0,1,"GTAG",NA,"ANCHOR_UNIQUE,CANONICAL,CIRCULAR,OK_EXT,UNAMBIGUOUS_BP"
"3710","14",105854209,105854398,"hsa_circ_010361",4,"+",1,4,5,35,"my_test_sample",4,0,0,1,"GTAG",NA,"ANCHOR_UNIQUE,CANONICAL,CIRCULAR,PERFECT_EXT,UNAMBIGUOUS_BP"
"3711","9",89504549,89504721,"hsa_circ_010364",2,"+",1,2,40,40,"my_test_sample",2,1,0,1,"GTAG",NA,"ANCHOR_UNIQUE,CANONICAL,CIRCULAR,GOOD_EXT,UNAMBIGUOUS_BP"
"3712","5",169880926,169881963,"hsa_circ_010365",2,"+",1,2,5,40,"my_test_sample",2,1,0,1,"GTAG",NA,"ANCHOR_UNIQUE,CANONICAL,CIRCULAR,GOOD_EXT,UNAMBIGUOUS_BP"
"3713","6",18442656,18442831,"hsa_circ_010367",6,"+",2,6,40,40,"my_test_sample",6,1,0,1,"GTAG",NA,"ANCHOR_UNIQUE,CANONICAL,CIRCULAR,GOOD_EXT,UNAMBIGUOUS_BP"
"3714","2",17637551,17637703,"hsa_circ_010368",2,"-",1,2,5,5,"my_test_sample",2,0,0,1,"GTAG",NA,"ANCHOR_UNIQUE,CANONICAL,CIRCULAR,PERFECT_EXT,UNAMBIGUOUS_BP"
"3715","20",61100456,61100669,"hsa_circ_010373",2,"+",1,2,5,40,"my_test_sample",2,0,0,1,"GTAG",NA,"ANCHOR_UNIQUE,CANONICAL,CIRCULAR,PERFECT_EXT,UNAMBIGUOUS_BP"
"3716","19",54122698,54122988,"hsa_circ_010374",2,"+",1,2,40,5,"my_test_sample",2,0,0,1,"GTAG",NA,"ANCHOR_UNIQUE,CANONICAL,CIRCULAR,PERFECT_EXT,UNAMBIGUOUS_BP"
"3717","16",89444928,89445134,"hsa_circ_010376",2,"-",2,2,5,5,"my_test_sample",2,0,0,1,"GTAG",NA,"ANCHOR_UNIQUE,CANONICAL,CIRCULAR,PERFECT_EXT,UNAMBIGUOUS_BP"
"3718","14",105745838,105745991,"hsa_circ_010377",2,"+",1,2,5,40,"my_test_sample",2,2,0,1,"GTAG",NA,"ANCHOR_UNIQUE,CANONICAL,CIRCULAR,OK_EXT,UNAMBIGUOUS_BP"
"3719","6",111262256,111263946,"hsa_circ_010385",2,"+",1,2,40,40,"my_test_sample",2,0,0,1,"GTAG",NA,"ANCHOR_UNIQUE,CANONICAL,CIRCULAR,PERFECT_EXT,UNAMBIGUOUS_BP"
"3720","7",134863294,134863482,"hsa_circ_010394",3,"-",1,3,40,40,"my_test_sample",3,1,0,1,"GTAG",NA,"ANCHOR_UNIQUE,CANONICAL,CIRCULAR,GOOD_EXT,UNAMBIGUOUS_BP"
"3721","11",2669219,2669466,"hsa_circ_010395",2,"+",1,2,5,5,"my_test_sample",2,2,0,1,"GTAG",NA,"ANCHOR_UNIQUE,CANONICAL,CIRCULAR,OK_EXT,UNAMBIGUOUS_BP"
"3722","11",24087702,24087869,"hsa_circ_010396",2,"+",1,2,5,5,"my_test_sample",2,1,0,1,"GTAG",NA,"ANCHOR_UNIQUE,CANONICAL,CIRCULAR,GOOD_EXT,UNAMBIGUOUS_BP"
"3723","16",65909172,65909513,"hsa_circ_010397",2,"+",1,2,5,40,"my_test_sample",2,0,0,1,"GTAG",NA,"ANCHOR_UNIQUE,CANONICAL,CIRCULAR,PERFECT_EXT,UNAMBIGUOUS_BP"
"3724","2",228691804,228692103,"hsa_circ_010410",2,"-",2,2,40,40,"my_test_sample",2,1,0,1,"GTAG",NA,"ANCHOR_UNIQUE,CANONICAL,CIRCULAR,GOOD_EXT,UNAMBIGUOUS_BP"
"3725","2",60374357,60374975,"hsa_circ_010416",2,"-",1,2,5,40,"my_test_sample",2,0,0,1,"GTAG",NA,"ANCHOR_UNIQUE,CANONICAL,CIRCULAR,PERFECT_EXT,UNAMBIGUOUS_BP"
"3726","18",3520363,3520528,"hsa_circ_010420",2,"-",1,2,40,40,"my_test_sample",2,0,0,1,"GTAG",NA,"ANCHOR_UNIQUE,CANONICAL,CIRCULAR,PERFECT_EXT,UNAMBIGUOUS_BP"
"3727","2",238344573,238344858,"hsa_circ_010421",2,"+",2,2,40,40,"my_test_sample",2,2,0,1,"GTAG",NA,"ANCHOR_UNIQUE,CANONICAL,CIRCULAR,OK_EXT,UNAMBIGUOUS_BP"
"3728","8",107564143,107564370,"hsa_circ_010423",3,"+",1,3,40,5,"my_test_sample",3,2,0,1,"GTAG",NA,"ANCHOR_UNIQUE,CANONICAL,CIRCULAR,OK_EXT,UNAMBIGUOUS_BP"
"3729","20",43712141,43712324,"hsa_circ_010425",3,"+",3,3,40,40,"my_test_sample",3,1,0,1,"GTAG",NA,"ANCHOR_UNIQUE,CANONICAL,CIRCULAR,GOOD_EXT,UNAMBIGUOUS_BP"
"3730","3",39909575,39909822,"hsa_circ_010428",5,"+",1,5,36,5,"my_test_sample",5,0,0,1,"GTAG",NA,"ANCHOR_UNIQUE,CANONICAL,CIRCULAR,PERFECT_EXT,UNAMBIGUOUS_BP"
"3731","16",54604759,54605020,"hsa_circ_010433",4,"+",1,4,35,5,"my_test_sample",4,1,0,1,"GTAG",NA,"ANCHOR_UNIQUE,CANONICAL,CIRCULAR,GOOD_EXT,UNAMBIGUOUS_BP"
"3732","20",41112781,41114155,"hsa_circ_010435",3,"+",1,3,40,5,"my_test_sample",3,0,0,1,"GTAG",NA,"ANCHOR_UNIQUE,CANONICAL,CIRCULAR,PERFECT_EXT,UNAMBIGUOUS_BP"
"3733","12",67704656,67704831,"hsa_circ_010436",2,"+",1,2,40,5,"my_test_sample",2,2,0,1,"GTAG",NA,"ANCHOR_UNIQUE,CANONICAL,CIRCULAR,OK_EXT,UNAMBIGUOUS_BP"
"3734","1",93447784,93447937,"hsa_circ_010437",2,"+",1,2,40,40,"my_test_sample",2,2,0,1,"GTAG",NA,"ANCHOR_UNIQUE,CANONICAL,CIRCULAR,OK_EXT,UNAMBIGUOUS_BP"
"3735","X",37406208,37426000,"hsa_circ_010438",2,"+",2,2,40,5,"my_test_sample",2,0,0,1,"GTAG",NA,"ANCHOR_UNIQUE,CANONICAL,CIRCULAR,PERFECT_EXT,UNAMBIGUOUS_BP"
"3736","9",94923985,94928531,"hsa_circ_010445",2,"+",1,2,40,5,"my_test_sample",2,0,0,1,"GTAG",NA,"ANCHOR_UNIQUE,CANONICAL,CIRCULAR,PERFECT_EXT,UNAMBIGUOUS_BP"
"3737","5",777197,777398,"hsa_circ_010449",2,"-",1,2,40,40,"my_test_sample",2,2,0,1,"GTAG",NA,"ANCHOR_UNIQUE,CANONICAL,CIRCULAR,OK_EXT,UNAMBIGUOUS_BP"
"3738","6",73593054,73593205,"hsa_circ_010451",3,"+",2,3,5,5,"my_test_sample",3,0,0,1,"GTAG",NA,"ANCHOR_UNIQUE,CANONICAL,CIRCULAR,PERFECT_EXT,UNAMBIGUOUS_BP"
"3739","X",87927385,87927577,"hsa_circ_010452",3,"-",1,3,5,40,"my_test_sample",3,1,0,1,"GTAG",NA,"ANCHOR_UNIQUE,CANONICAL,CIRCULAR,GOOD_EXT,UNAMBIGUOUS_BP"
