"","chrom","start","end","name","n_reads","strand","n_uniq","uniq_bridges","best_qual_left","best_qual_right","tissues","tiss_counts","edits","anchor_overlap","breakpoints","signal","strandmatch","category"
"1","16",31362754,31368967,"mma_circ_000001",25,"+",3,25,5,40,"my_test_mma3",25,0,0,1,"GTAG",NA,"ANCHOR_UNIQUE,CANONICAL,CIRCULAR,PERFECT_EXT,UNAMBIGUOUS_BP"
"2","7",126790171,126795429,"mma_circ_000002",46,"+",3,46,37,40,"my_test_mma3",46,0,0,1,"GTAG",NA,"ANCHOR_UNIQUE,CANONICAL,CIRCULAR,PERFECT_EXT,UNAMBIGUOUS_BP"
"3","5",107871353,107875336,"mma_circ_000003",12,"+",2,12,5,40,"my_test_mma3",12,0,0,1,"GTAG",NA,"ANCHOR_UNIQUE,CANONICAL,CIRCULAR,PERFECT_EXT,UNAMBIGUOUS_BP"
"4","2",80203268,80225676,"mma_circ_000004",2,"+",1,2,40,5,"my_test_mma3",2,0,0,1,"GTAG",NA,"ANCHOR_UNIQUE,CANONICAL,CIRCULAR,PERFECT_EXT,UNAMBIGUOUS_BP"
"5","6",90904446,90906940,"mma_circ_000005",46,"-",5,46,40,35,"my_test_mma3",46,0,0,1,"GTAG",NA,"ANCHOR_UNIQUE,CANONICAL,CIRCULAR,PERFECT_EXT,UNAMBIGUOUS_BP"
"6","11",108847130,108852582,"mma_circ_000006",54,"+",3,54,40,40,"my_test_mma3",54,0,0,1,"GTAG",NA,"ANCHOR_UNIQUE,CANONICAL,CIRCULAR,PERFECT_EXT,UNAMBIGUOUS_BP"
"7","X",104584287,104598330,"mma_circ_000007",17,"+",4,17,40,5,"my_test_mma3",17,0,0,1,"GTAG",NA,"ANCHOR_UNIQUE,CANONICAL,CIRCULAR,PERFECT_EXT,UNAMBIGUOUS_BP"
"8","15",76864794,76877250,"mma_circ_000008",25,"-",3,25,40,40,"my_test_mma3",25,0,0,1,"GTAG",NA,"ANCHOR_UNIQUE,CANONICAL,CIRCULAR,PERFECT_EXT,UNAMBIGUOUS_BP"
"9","5",153311662,153329317,"mma_circ_000009",142,"+",9,142,40,40,"my_test_mma3",142,0,0,1,"GTAG",NA,"ANCHOR_UNIQUE,CANONICAL,CIRCULAR,PERFECT_EXT,UNAMBIGUOUS_BP"
"10","14",104920977,104929659,"mma_circ_000010",28,"-",8,28,37,40,"my_test_mma3",28,0,0,1,"GTAG",NA,"ANCHOR_UNIQUE,CANONICAL,CIRCULAR,PERFECT_EXT,UNAMBIGUOUS_BP"
"11","11",63855821,63884244,"mma_circ_000011",20,"-",5,20,5,37,"my_test_mma3",20,1,0,1,"GTAG",NA,"ANCHOR_UNIQUE,CANONICAL,CIRCULAR,GOOD_EXT,UNAMBIGUOUS_BP"
"12","10",98942862,98944833,"mma_circ_000012",29,"+",2,29,40,35,"my_test_mma3",29,2,0,1,"GTAG",NA,"ANCHOR_UNIQUE,CANONICAL,CIRCULAR,OK_EXT,UNAMBIGUOUS_BP"
"13","6",177654663,177657501,"mma_circ_000013",14,"-",3,13,37,40,"my_test_mma3",14,0,0,1,"GTAG",NA,"ANCHOR_UNIQUE,CANONICAL,CIRCULAR,PERFECT_EXT,UNAMBIGUOUS_BP"
"14","14",9419121,9419225,"mma_circ_000014",2,"-",1,2,40,35,"my_test_mma3",2,1,0,1,"GTAG",NA,"ANCHOR_UNIQUE,CANONICAL,CIRCULAR,GOOD_EXT,UNAMBIGUOUS_BP"
"15","6",140464516,140468159,"mma_circ_000015",11,"+",2,11,40,5,"my_test_mma3",11,0,0,1,"GTAG",NA,"ANCHOR_UNIQUE,CANONICAL,CIRCULAR,PERFECT_EXT,UNAMBIGUOUS_BP"
"16","5",63824285,63824601,"mma_circ_000016",36,"-",2,36,40,5,"my_test_mma3",36,1,0,1,"GTAG",NA,"ANCHOR_UNIQUE,CANONICAL,CIRCULAR,GOOD_EXT,UNAMBIGUOUS_BP"
"17","10",72442858,72443052,"mma_circ_000017",18,"+",2,18,5,40,"my_test_mma3",18,0,0,1,"GTAG",NA,"ANCHOR_UNIQUE,CANONICAL,CIRCULAR,PERFECT_EXT,UNAMBIGUOUS_BP"
"18","13",64451782,64469073,"mma_circ_000018",36,"+",4,36,40,40,"my_test_mma3",36,0,0,1,"GTAG",NA,"ANCHOR_UNIQUE,CANONICAL,CIRCULAR,PERFECT_EXT,UNAMBIGUOUS_BP"
"19","6",148776278,148779673,"mma_circ_000019",55,"-",5,55,40,40,"my_test_mma3",55,0,0,1,"GTAG",NA,"ANCHOR_UNIQUE,CANONICAL,CIRCULAR,PERFECT_EXT,UNAMBIGUOUS_BP"
"20","1",161886290,161944411,"mma_circ_000020",14,"+",1,14,5,40,"my_test_mma3",14,0,0,1,"GTAG",NA,"ANCHOR_UNIQUE,CANONICAL,CIRCULAR,PERFECT_EXT,UNAMBIGUOUS_BP"
"21","17",7467430,7468431,"mma_circ_000021",23,"+",2,23,40,40,"my_test_mma3",23,0,0,1,"GTAG",NA,"ANCHOR_UNIQUE,CANONICAL,CIRCULAR,PERFECT_EXT,UNAMBIGUOUS_BP"
"22","14",88010540,88048841,"mma_circ_000022",27,"+",2,27,40,5,"my_test_mma3",27,0,0,1,"GTAG",NA,"ANCHOR_UNIQUE,CANONICAL,CIRCULAR,PERFECT_EXT,UNAMBIGUOUS_BP"
"23","1",95266098,95266761,"mma_circ_000023",19,"-",6,16,5,40,"my_test_mma3",19,0,0,1,"GTAG",NA,"ANCHOR_UNIQUE,CANONICAL,CIRCULAR,PERFECT_EXT,UNAMBIGUOUS_BP"
"24","1",140476945,140518313,"mma_circ_000024",11,"+",3,11,40,5,"my_test_mma3",11,0,0,1,"GTAG",NA,"ANCHOR_UNIQUE,CANONICAL,CIRCULAR,PERFECT_EXT,UNAMBIGUOUS_BP"
"25","4",139207750,139207996,"mma_circ_000025",10,"-",1,10,5,5,"my_test_mma3",10,1,0,1,"GTAG",NA,"ANCHOR_UNIQUE,CANONICAL,CIRCULAR,GOOD_EXT,UNAMBIGUOUS_BP"
"26","2",75109809,75117361,"mma_circ_000026",16,"-",1,16,40,40,"my_test_mma3",16,0,0,1,"GTAG",NA,"ANCHOR_UNIQUE,CANONICAL,CIRCULAR,PERFECT_EXT,UNAMBIGUOUS_BP"
"27","20",897475,910097,"mma_circ_000027",18,"-",2,18,35,5,"my_test_mma3",18,0,0,1,"GTAG",NA,"ANCHOR_UNIQUE,CANONICAL,CIRCULAR,PERFECT_EXT,UNAMBIGUOUS_BP"
"28","13",97037739,97038018,"mma_circ_000028",25,"-",3,25,35,37,"my_test_mma3",25,0,2,1,"GTAG",NA,"ANCHOR_UNIQUE,CANONICAL,CIRCULAR,OK_EXT,UNAMBIGUOUS_BP"
"29","5",80214797,80236664,"mma_circ_000029",58,"-",7,58,5,40,"my_test_mma3",58,0,0,1,"GTAG",NA,"ANCHOR_UNIQUE,CANONICAL,CIRCULAR,PERFECT_EXT,UNAMBIGUOUS_BP"
"30","5",48115881,48140883,"mma_circ_000030",31,"-",6,31,40,37,"my_test_mma3",31,0,0,1,"GTAG",NA,"ANCHOR_UNIQUE,CANONICAL,CIRCULAR,PERFECT_EXT,UNAMBIGUOUS_BP"
"31","16",28275679,28277544,"mma_circ_000031",39,"+",8,39,40,40,"my_test_mma3",39,0,0,1,"GTAG",NA,"ANCHOR_UNIQUE,CANONICAL,CIRCULAR,PERFECT_EXT,UNAMBIGUOUS_BP"
"32","20",34572927,34621036,"mma_circ_000032",6,"+",1,6,5,40,"my_test_mma3",6,0,0,1,"GTAG",NA,"ANCHOR_UNIQUE,CANONICAL,CIRCULAR,PERFECT_EXT,UNAMBIGUOUS_BP"
"33","7",28618427,28625564,"mma_circ_000033",24,"-",1,24,40,5,"my_test_mma3",24,0,0,1,"GTAG",NA,"ANCHOR_UNIQUE,CANONICAL,CIRCULAR,PERFECT_EXT,UNAMBIGUOUS_BP"
"34","20",35334776,35355483,"mma_circ_000034",49,"+",6,49,40,40,"my_test_mma3",49,0,0,1,"GTAG",NA,"ANCHOR_UNIQUE,CANONICAL,CIRCULAR,PERFECT_EXT,UNAMBIGUOUS_BP"
"35","2",125189175,125194022,"mma_circ_000035",32,"-",3,32,40,40,"my_test_mma3",32,0,0,1,"GTAG",NA,"ANCHOR_UNIQUE,CANONICAL,CIRCULAR,PERFECT_EXT,UNAMBIGUOUS_BP"
"36","5",38675935,38676097,"mma_circ_000036",56,"-",9,56,5,40,"my_test_mma3",56,1,0,1,"GTAG",NA,"ANCHOR_UNIQUE,CANONICAL,CIRCULAR,GOOD_EXT,UNAMBIGUOUS_BP"
"37","11",63843736,63871688,"mma_circ_000037",18,"-",2,18,5,40,"my_test_mma3",18,0,0,1,"GTAG",NA,"ANCHOR_UNIQUE,CANONICAL,CIRCULAR,PERFECT_EXT,UNAMBIGUOUS_BP"
"38","16",75301463,75315550,"mma_circ_000039",68,"-",6,68,40,40,"my_test_mma3",68,1,0,1,"GTAG",NA,"ANCHOR_UNIQUE,CANONICAL,CIRCULAR,GOOD_EXT,UNAMBIGUOUS_BP"
"39","15",30255600,30256795,"mma_circ_000040",26,"-",4,26,5,40,"my_test_mma3",26,0,0,1,"GTAG",NA,"ANCHOR_UNIQUE,CANONICAL,CIRCULAR,PERFECT_EXT,UNAMBIGUOUS_BP"
"40","6",152205009,152209176,"mma_circ_000041",29,"+",6,29,40,40,"my_test_mma3",29,0,0,1,"GTAG",NA,"ANCHOR_UNIQUE,CANONICAL,CIRCULAR,PERFECT_EXT,UNAMBIGUOUS_BP"
"41","11",123476124,123479781,"mma_circ_000042",38,"+",2,38,5,5,"my_test_mma3",38,0,0,1,"GTAG",NA,"ANCHOR_UNIQUE,CANONICAL,CIRCULAR,PERFECT_EXT,UNAMBIGUOUS_BP"
"42","2",101107246,101109176,"mma_circ_000043",21,"-",7,21,40,40,"my_test_mma3",21,0,0,1,"GTAG",NA,"ANCHOR_UNIQUE,CANONICAL,CIRCULAR,PERFECT_EXT,UNAMBIGUOUS_BP"
"43","1",109749835,109760250,"mma_circ_000045",24,"+",2,24,40,40,"my_test_mma3",24,0,1,1,"GTAG",NA,"ANCHOR_UNIQUE,CANONICAL,CIRCULAR,GOOD_EXT,UNAMBIGUOUS_BP"
"44","9",25545629,25549314,"mma_circ_000046",38,"+",5,38,40,40,"my_test_mma3",38,1,0,1,"GTAG",NA,"ANCHOR_UNIQUE,CANONICAL,CIRCULAR,GOOD_EXT,UNAMBIGUOUS_BP"
"45","18",70158418,70215813,"mma_circ_000047",12,"+",3,12,5,5,"my_test_mma3",12,0,0,1,"GTAG",NA,"ANCHOR_UNIQUE,CANONICAL,CIRCULAR,PERFECT_EXT,UNAMBIGUOUS_BP"
"46","2",106225181,106225917,"mma_circ_000048",16,"+",2,16,40,40,"my_test_mma3",16,0,0,1,"GTAG",NA,"ANCHOR_UNIQUE,CANONICAL,CIRCULAR,PERFECT_EXT,UNAMBIGUOUS_BP"
"47","7",35572964,35635407,"mma_circ_000049",22,"-",3,22,40,40,"my_test_mma3",22,0,0,1,"GTAG",NA,"ANCHOR_UNIQUE,CANONICAL,CIRCULAR,PERFECT_EXT,UNAMBIGUOUS_BP"
"48","6",1581084,1581237,"mma_circ_000050",30,"-",7,30,40,40,"my_test_mma3",30,1,0,1,"GTAG",NA,"ANCHOR_UNIQUE,CANONICAL,CIRCULAR,GOOD_EXT,UNAMBIGUOUS_BP"
"49","20",72664966,72665185,"mma_circ_000051",324,"+",31,323,40,40,"my_test_mma3",324,0,0,1,"GTAG",NA,"ANCHOR_UNIQUE,CANONICAL,CIRCULAR,PERFECT_EXT,UNAMBIGUOUS_BP"
"50","16",78433925,78434114,"mma_circ_000052",37,"+",12,37,40,5,"my_test_mma3",37,0,0,1,"GTAG",NA,"ANCHOR_UNIQUE,CANONICAL,CIRCULAR,PERFECT_EXT,UNAMBIGUOUS_BP"
"51","4",42573641,42574751,"mma_circ_000053",7,"-",3,1,4,40,"my_test_mma3",7,0,0,1,"GTAG",NA,"ANCHOR_UNIQUE,CANONICAL,CIRCULAR,PERFECT_EXT,UNAMBIGUOUS_BP"
"52","15",10419482,10434246,"mma_circ_000054",10,"-",3,10,5,5,"my_test_mma3",10,0,0,1,"GTAG",NA,"ANCHOR_UNIQUE,CANONICAL,CIRCULAR,PERFECT_EXT,UNAMBIGUOUS_BP"
"53","18",61013764,61036563,"mma_circ_000055",22,"-",2,22,40,40,"my_test_mma3",22,0,0,1,"GTAG",NA,"ANCHOR_UNIQUE,CANONICAL,CIRCULAR,PERFECT_EXT,UNAMBIGUOUS_BP"
"54","6",53630172,53631600,"mma_circ_000056",36,"+",7,21,5,40,"my_test_mma3",36,0,0,1,"GTAG",NA,"ANCHOR_UNIQUE,CANONICAL,CIRCULAR,PERFECT_EXT,UNAMBIGUOUS_BP"
"55","11",122447957,122475520,"mma_circ_000057",32,"+",2,32,40,36,"my_test_mma3",32,0,0,1,"GTAG",NA,"ANCHOR_UNIQUE,CANONICAL,CIRCULAR,PERFECT_EXT,UNAMBIGUOUS_BP"
"56","15",50177349,50240939,"mma_circ_000058",28,"+",2,28,5,40,"my_test_mma3",28,0,0,1,"GTAG",NA,"ANCHOR_UNIQUE,CANONICAL,CIRCULAR,PERFECT_EXT,UNAMBIGUOUS_BP"
"57","2",155926694,155927747,"mma_circ_000059",48,"+",5,47,40,5,"my_test_mma3",48,0,0,1,"GTAG",NA,"ANCHOR_UNIQUE,CANONICAL,CIRCULAR,PERFECT_EXT,UNAMBIGUOUS_BP"
"58","16",7292521,7292731,"mma_circ_000060",48,"-",10,48,40,40,"my_test_mma3",48,0,0,1,"GTAG",NA,"ANCHOR_UNIQUE,CANONICAL,CIRCULAR,PERFECT_EXT,UNAMBIGUOUS_BP"
"59","7",52546267,52547821,"mma_circ_000061",197,"-",20,197,40,40,"my_test_mma3",197,0,0,1,"GTAG",NA,"ANCHOR_UNIQUE,CANONICAL,CIRCULAR,PERFECT_EXT,UNAMBIGUOUS_BP"
"60","11",108856090,108856393,"mma_circ_000062",88,"+",15,87,40,40,"my_test_mma3",88,0,0,1,"GTAG",NA,"ANCHOR_UNIQUE,CANONICAL,CIRCULAR,PERFECT_EXT,UNAMBIGUOUS_BP"
"61","11",48173830,48174003,"mma_circ_000063",32,"+",6,32,40,40,"my_test_mma3",32,0,0,1,"GTAG",NA,"ANCHOR_UNIQUE,CANONICAL,CIRCULAR,PERFECT_EXT,UNAMBIGUOUS_BP"
"62","14",79260892,79270159,"mma_circ_000064",28,"-",7,27,5,40,"my_test_mma3",28,0,0,1,"GTAG",NA,"ANCHOR_UNIQUE,CANONICAL,CIRCULAR,PERFECT_EXT,UNAMBIGUOUS_BP"
"63","15",15323767,15324346,"mma_circ_000065",36,"-",2,36,40,36,"my_test_mma3",36,0,0,1,"GTAG",NA,"ANCHOR_UNIQUE,CANONICAL,CIRCULAR,PERFECT_EXT,UNAMBIGUOUS_BP"
"64","5",50707088,50715774,"mma_circ_000066",27,"+",3,27,40,40,"my_test_mma3",27,0,0,1,"GTAG",NA,"ANCHOR_UNIQUE,CANONICAL,CIRCULAR,PERFECT_EXT,UNAMBIGUOUS_BP"
"65","2",122535984,122548015,"mma_circ_000067",26,"-",5,26,5,40,"my_test_mma3",26,1,0,1,"GTAG",NA,"ANCHOR_UNIQUE,CANONICAL,CIRCULAR,GOOD_EXT,UNAMBIGUOUS_BP"
"66","10",13739064,13739626,"mma_circ_000068",11,"-",4,11,40,5,"my_test_mma3",11,1,0,1,"GTAG",NA,"ANCHOR_UNIQUE,CANONICAL,CIRCULAR,GOOD_EXT,UNAMBIGUOUS_BP"
"67","16",7292584,7292920,"mma_circ_000069",23,"-",4,23,40,37,"my_test_mma3",23,0,0,1,"GTAG",NA,"ANCHOR_UNIQUE,CANONICAL,CIRCULAR,PERFECT_EXT,UNAMBIGUOUS_BP"
"68","6",32500833,32541368,"mma_circ_000070",23,"-",2,23,40,37,"my_test_mma3",23,0,0,1,"GTAG",NA,"ANCHOR_UNIQUE,CANONICAL,CIRCULAR,PERFECT_EXT,UNAMBIGUOUS_BP"
"69","14",19099066,19105131,"mma_circ_000072",33,"-",3,33,5,40,"my_test_mma3",33,1,0,1,"GTAG",NA,"ANCHOR_UNIQUE,CANONICAL,CIRCULAR,GOOD_EXT,UNAMBIGUOUS_BP"
"70","6",36783144,36792313,"mma_circ_000073",28,"+",3,28,40,40,"my_test_mma3",28,0,0,1,"GTAG",NA,"ANCHOR_UNIQUE,CANONICAL,CIRCULAR,PERFECT_EXT,UNAMBIGUOUS_BP"
"71","10",19773442,19788114,"mma_circ_000074",20,"+",1,20,5,5,"my_test_mma3",20,0,0,1,"GTAG",NA,"ANCHOR_UNIQUE,CANONICAL,CIRCULAR,PERFECT_EXT,UNAMBIGUOUS_BP"
"72","9",92103706,92106306,"mma_circ_000075",16,"+",2,16,40,37,"my_test_mma3",16,0,0,1,"GTAG",NA,"ANCHOR_UNIQUE,CANONICAL,CIRCULAR,PERFECT_EXT,UNAMBIGUOUS_BP"
"73","20",29812442,29817515,"mma_circ_000076",34,"+",8,34,40,40,"my_test_mma3",34,0,0,1,"GTAG",NA,"ANCHOR_UNIQUE,CANONICAL,CIRCULAR,PERFECT_EXT,UNAMBIGUOUS_BP"
"74","15",33444932,33473103,"mma_circ_000077",31,"+",5,31,40,40,"my_test_mma3",31,0,0,1,"GTAG",NA,"ANCHOR_UNIQUE,CANONICAL,CIRCULAR,PERFECT_EXT,UNAMBIGUOUS_BP"
"75","20",61030083,61030557,"mma_circ_000078",37,"-",3,37,40,37,"my_test_mma3",37,0,0,1,"GTAG",NA,"ANCHOR_UNIQUE,CANONICAL,CIRCULAR,PERFECT_EXT,UNAMBIGUOUS_BP"
"76","2",75084645,75088409,"mma_circ_000079",26,"-",4,26,40,40,"my_test_mma3",26,0,0,1,"GTAG",NA,"ANCHOR_UNIQUE,CANONICAL,CIRCULAR,PERFECT_EXT,UNAMBIGUOUS_BP"
"77","7",64448627,64473097,"mma_circ_000080",43,"+",6,43,40,40,"my_test_mma3",43,0,0,1,"GTAG",NA,"ANCHOR_UNIQUE,CANONICAL,CIRCULAR,PERFECT_EXT,UNAMBIGUOUS_BP"
"78","9",102578061,102578450,"mma_circ_000081",15,"+",1,15,5,40,"my_test_mma3",15,2,0,1,"GTAG",NA,"ANCHOR_UNIQUE,CANONICAL,CIRCULAR,OK_EXT,UNAMBIGUOUS_BP"
"79","10",99302216,99302963,"mma_circ_000083",37,"-",3,37,40,5,"my_test_mma3",37,0,0,1,"GTAG",NA,"ANCHOR_UNIQUE,CANONICAL,CIRCULAR,PERFECT_EXT,UNAMBIGUOUS_BP"
"80","1",11550342,11557853,"mma_circ_000084",41,"-",14,41,40,40,"my_test_mma3",41,0,0,1,"GTAG",NA,"ANCHOR_UNIQUE,CANONICAL,CIRCULAR,PERFECT_EXT,UNAMBIGUOUS_BP"
"81","5",80214797,80228035,"mma_circ_000086",34,"-",4,34,40,40,"my_test_mma3",34,0,0,1,"GTAG",NA,"ANCHOR_UNIQUE,CANONICAL,CIRCULAR,PERFECT_EXT,UNAMBIGUOUS_BP"
"82","2",140732934,140733148,"mma_circ_000088",37,"-",8,31,40,40,"my_test_mma3",37,0,0,1,"GTAG",NA,"ANCHOR_UNIQUE,CANONICAL,CIRCULAR,PERFECT_EXT,UNAMBIGUOUS_BP"
"83","2",77157291,77161335,"mma_circ_000089",137,"+",13,123,40,40,"my_test_mma3",137,0,0,1,"GTAG",NA,"ANCHOR_UNIQUE,CANONICAL,CIRCULAR,PERFECT_EXT,UNAMBIGUOUS_BP"
"84","7",19917026,19917179,"mma_circ_000090",33,"-",18,32,40,40,"my_test_mma3",33,0,0,1,"GTAG",NA,"ANCHOR_UNIQUE,CANONICAL,CIRCULAR,PERFECT_EXT,UNAMBIGUOUS_BP"
"85","18",70458846,70459145,"mma_circ_000091",31,"+",3,31,40,5,"my_test_mma3",31,0,0,1,"GTAG",NA,"ANCHOR_UNIQUE,CANONICAL,CIRCULAR,PERFECT_EXT,UNAMBIGUOUS_BP"
"86","18",31351069,31367492,"mma_circ_000092",24,"-",5,24,5,40,"my_test_mma3",24,0,0,1,"GTAG",NA,"ANCHOR_UNIQUE,CANONICAL,CIRCULAR,PERFECT_EXT,UNAMBIGUOUS_BP"
"87","7",131252593,131258808,"mma_circ_000093",36,"-",2,36,40,5,"my_test_mma3",36,0,0,1,"GTAG",NA,"ANCHOR_UNIQUE,CANONICAL,CIRCULAR,PERFECT_EXT,UNAMBIGUOUS_BP"
"88","1",69165513,69172441,"mma_circ_000094",27,"-",3,27,40,5,"my_test_mma3",27,0,0,1,"GTAG",NA,"ANCHOR_UNIQUE,CANONICAL,CIRCULAR,PERFECT_EXT,UNAMBIGUOUS_BP"
"89","5",145762181,145765082,"mma_circ_000096",4,"-",3,3,40,5,"my_test_mma3",4,0,0,1,"GTAG",NA,"ANCHOR_UNIQUE,CANONICAL,CIRCULAR,PERFECT_EXT,UNAMBIGUOUS_BP"
"90","3",14048450,14052844,"mma_circ_000097",31,"-",3,31,40,37,"my_test_mma3",31,0,0,1,"GTAG",NA,"ANCHOR_UNIQUE,CANONICAL,CIRCULAR,PERFECT_EXT,UNAMBIGUOUS_BP"
"91","19",3334285,3337949,"mma_circ_000098",17,"+",4,17,5,40,"my_test_mma3",17,0,0,1,"GTAG",NA,"ANCHOR_UNIQUE,CANONICAL,CIRCULAR,PERFECT_EXT,UNAMBIGUOUS_BP"
"92","15",101194159,101222387,"mma_circ_000099",20,"+",1,20,40,40,"my_test_mma3",20,0,0,1,"GTAG",NA,"ANCHOR_UNIQUE,CANONICAL,CIRCULAR,PERFECT_EXT,UNAMBIGUOUS_BP"
"93","20",27555083,27555596,"mma_circ_000100",30,"-",7,30,40,40,"my_test_mma3",30,0,0,1,"GTAG",NA,"ANCHOR_UNIQUE,CANONICAL,CIRCULAR,PERFECT_EXT,UNAMBIGUOUS_BP"
"94","1",2473228,2473658,"mma_circ_000101",22,"-",1,22,5,40,"my_test_mma3",22,0,0,1,"GTAG",NA,"ANCHOR_UNIQUE,CANONICAL,CIRCULAR,PERFECT_EXT,UNAMBIGUOUS_BP"
"95","1",201352694,201353456,"mma_circ_000102",27,"+",3,27,5,40,"my_test_mma3",27,0,0,1,"GTAG",NA,"ANCHOR_UNIQUE,CANONICAL,CIRCULAR,PERFECT_EXT,UNAMBIGUOUS_BP"
"96","7",17512389,17515076,"mma_circ_000103",17,"-",1,17,5,40,"my_test_mma3",17,0,0,1,"GTAG",NA,"ANCHOR_UNIQUE,CANONICAL,CIRCULAR,PERFECT_EXT,UNAMBIGUOUS_BP"
"97","1",203733632,203745740,"mma_circ_000104",24,"+",8,24,40,40,"my_test_mma3",24,0,0,1,"GTAG",NA,"ANCHOR_UNIQUE,CANONICAL,CIRCULAR,PERFECT_EXT,UNAMBIGUOUS_BP"
"98","10",78699906,78700026,"mma_circ_000105",16,"+",1,16,5,40,"my_test_mma3",16,2,0,1,"GTAG",NA,"ANCHOR_UNIQUE,CANONICAL,CIRCULAR,OK_EXT,UNAMBIGUOUS_BP"
"99","4",2765531,2792252,"mma_circ_000106",30,"-",8,30,40,40,"my_test_mma3",30,0,0,1,"GTAG",NA,"ANCHOR_UNIQUE,CANONICAL,CIRCULAR,PERFECT_EXT,UNAMBIGUOUS_BP"
"100","5",21414916,21427866,"mma_circ_000107",30,"-",5,30,37,39,"my_test_mma3",30,0,0,1,"GTAG",NA,"ANCHOR_UNIQUE,CANONICAL,CIRCULAR,PERFECT_EXT,UNAMBIGUOUS_BP"
"101","19",20983436,20983772,"mma_circ_000108",21,"+",1,21,5,5,"my_test_mma3",21,0,0,1,"GTAG",NA,"ANCHOR_UNIQUE,CANONICAL,CIRCULAR,PERFECT_EXT,UNAMBIGUOUS_BP"
"102","6",55555073,55591043,"mma_circ_000109",21,"+",4,21,40,5,"my_test_mma3",21,0,0,1,"GTAG",NA,"ANCHOR_UNIQUE,CANONICAL,CIRCULAR,PERFECT_EXT,UNAMBIGUOUS_BP"
"103","6",110504487,110517762,"mma_circ_000110",20,"+",4,20,40,5,"my_test_mma3",20,0,0,1,"GTAG",NA,"ANCHOR_UNIQUE,CANONICAL,CIRCULAR,PERFECT_EXT,UNAMBIGUOUS_BP"
"104","3",70453527,70453746,"mma_circ_000111",30,"+",3,30,40,40,"my_test_mma3",30,0,0,1,"GTAG",NA,"ANCHOR_UNIQUE,CANONICAL,CIRCULAR,PERFECT_EXT,UNAMBIGUOUS_BP"
"105","17",83030370,83081730,"mma_circ_000112",42,"-",5,42,40,40,"my_test_mma3",42,0,0,1,"GTAG",NA,"ANCHOR_UNIQUE,CANONICAL,CIRCULAR,PERFECT_EXT,UNAMBIGUOUS_BP"
"106","10",97437487,97438241,"mma_circ_000113",19,"+",6,14,40,40,"my_test_mma3",19,0,0,1,"GTAG",NA,"ANCHOR_UNIQUE,CANONICAL,CIRCULAR,PERFECT_EXT,UNAMBIGUOUS_BP"
"107","3",7381916,7384705,"mma_circ_000114",25,"+",3,25,5,40,"my_test_mma3",25,0,0,1,"GTAG",NA,"ANCHOR_UNIQUE,CANONICAL,CIRCULAR,PERFECT_EXT,UNAMBIGUOUS_BP"
"108","7",25177544,25190561,"mma_circ_000115",28,"-",3,28,5,40,"my_test_mma3",28,0,0,1,"GTAG",NA,"ANCHOR_UNIQUE,CANONICAL,CIRCULAR,PERFECT_EXT,UNAMBIGUOUS_BP"
"109","15",50839234,50841113,"mma_circ_000116",18,"-",1,18,5,40,"my_test_mma3",18,1,0,1,"GTAG",NA,"ANCHOR_UNIQUE,CANONICAL,CIRCULAR,GOOD_EXT,UNAMBIGUOUS_BP"
"110","11",52622575,52622794,"mma_circ_000118",33,"+",1,33,5,40,"my_test_mma3",33,0,0,1,"GTAG",NA,"ANCHOR_UNIQUE,CANONICAL,CIRCULAR,PERFECT_EXT,UNAMBIGUOUS_BP"
"111","17",80970253,80975127,"mma_circ_000119",21,"+",3,19,5,40,"my_test_mma3",21,0,0,1,"GTAG",NA,"ANCHOR_UNIQUE,CANONICAL,CIRCULAR,PERFECT_EXT,UNAMBIGUOUS_BP"
"112","1",209018992,209021850,"mma_circ_000120",13,"-",1,13,40,40,"my_test_mma3",13,0,0,1,"GTAG",NA,"ANCHOR_UNIQUE,CANONICAL,CIRCULAR,PERFECT_EXT,UNAMBIGUOUS_BP"
"113","20",54632435,54632614,"mma_circ_000121",16,"-",1,16,40,40,"my_test_mma3",16,0,0,1,"GTAG",NA,"ANCHOR_UNIQUE,CANONICAL,CIRCULAR,PERFECT_EXT,UNAMBIGUOUS_BP"
"114","9",92671973,92677932,"mma_circ_000122",24,"-",3,23,37,5,"my_test_mma3",24,0,0,1,"GTAG",NA,"ANCHOR_UNIQUE,CANONICAL,CIRCULAR,PERFECT_EXT,UNAMBIGUOUS_BP"
"115","3",39422694,39422947,"mma_circ_000123",38,"+",3,38,40,40,"my_test_mma3",38,0,0,1,"GTAG",NA,"ANCHOR_UNIQUE,CANONICAL,CIRCULAR,PERFECT_EXT,UNAMBIGUOUS_BP"
"116","10",85358713,85361673,"mma_circ_000124",26,"-",3,26,40,40,"my_test_mma3",26,0,0,1,"GTAG",NA,"ANCHOR_UNIQUE,CANONICAL,CIRCULAR,PERFECT_EXT,UNAMBIGUOUS_BP"
"117","17",1596797,1604386,"mma_circ_000125",50,"-",8,50,40,37,"my_test_mma3",50,0,0,1,"GTAG",NA,"ANCHOR_UNIQUE,CANONICAL,CIRCULAR,PERFECT_EXT,UNAMBIGUOUS_BP"
"118","15",96999112,97001249,"mma_circ_000126",7,"-",2,7,40,5,"my_test_mma3",7,0,0,1,"GTAG",NA,"ANCHOR_UNIQUE,CANONICAL,CIRCULAR,PERFECT_EXT,UNAMBIGUOUS_BP"
"119","20",29815582,29815924,"mma_circ_000127",31,"+",2,31,40,37,"my_test_mma3",31,0,0,1,"GTAG",NA,"ANCHOR_UNIQUE,CANONICAL,CIRCULAR,PERFECT_EXT,UNAMBIGUOUS_BP"
"120","10",54606031,54607536,"mma_circ_000128",34,"-",5,34,40,40,"my_test_mma3",34,0,0,1,"GTAG",NA,"ANCHOR_UNIQUE,CANONICAL,CIRCULAR,PERFECT_EXT,UNAMBIGUOUS_BP"
"121","18",70158418,70198282,"mma_circ_000129",115,"+",13,115,40,40,"my_test_mma3",115,0,0,1,"GTAG",NA,"ANCHOR_UNIQUE,CANONICAL,CIRCULAR,PERFECT_EXT,UNAMBIGUOUS_BP"
"122","17",15686606,15724136,"mma_circ_000130",10,"-",2,10,40,40,"my_test_mma3",10,0,0,1,"GTAG",NA,"ANCHOR_UNIQUE,CANONICAL,CIRCULAR,PERFECT_EXT,UNAMBIGUOUS_BP"
"123","14",19082645,19083815,"mma_circ_000131",47,"+",5,47,40,40,"my_test_mma3",47,0,0,1,"GTAG",NA,"ANCHOR_UNIQUE,CANONICAL,CIRCULAR,PERFECT_EXT,UNAMBIGUOUS_BP"
"124","3",20681806,20689323,"mma_circ_000132",54,"+",5,54,40,40,"my_test_mma3",54,0,0,1,"GTAG",NA,"ANCHOR_UNIQUE,CANONICAL,CIRCULAR,PERFECT_EXT,UNAMBIGUOUS_BP"
"125","5",2778989,2779848,"mma_circ_000133",16,"+",2,16,40,35,"my_test_mma3",16,0,0,1,"GTAG",NA,"ANCHOR_UNIQUE,CANONICAL,CIRCULAR,PERFECT_EXT,UNAMBIGUOUS_BP"
"126","8",98828255,98891680,"mma_circ_000134",75,"-",10,75,40,40,"my_test_mma3",75,0,0,1,"GTAG",NA,"ANCHOR_UNIQUE,CANONICAL,CIRCULAR,PERFECT_EXT,UNAMBIGUOUS_BP"
"127","4",55649443,55672845,"mma_circ_000135",14,"-",4,14,5,5,"my_test_mma3",14,0,0,1,"GTAG",NA,"ANCHOR_UNIQUE,CANONICAL,CIRCULAR,PERFECT_EXT,UNAMBIGUOUS_BP"
"128","1",204061415,204061900,"mma_circ_000136",16,"+",1,16,40,40,"my_test_mma3",16,0,0,1,"GTAG",NA,"ANCHOR_UNIQUE,CANONICAL,CIRCULAR,PERFECT_EXT,UNAMBIGUOUS_BP"
"129","8",67215905,67251228,"mma_circ_000137",24,"-",4,24,40,40,"my_test_mma3",24,0,0,1,"GTAG",NA,"ANCHOR_UNIQUE,CANONICAL,CIRCULAR,PERFECT_EXT,UNAMBIGUOUS_BP"
"130","18",73034425,73047017,"mma_circ_000138",13,"-",2,13,5,5,"my_test_mma3",13,0,0,1,"GTAG",NA,"ANCHOR_UNIQUE,CANONICAL,CIRCULAR,PERFECT_EXT,UNAMBIGUOUS_BP"
"131","1",178777148,178778621,"mma_circ_000139",51,"+",8,51,40,40,"my_test_mma3",51,0,0,1,"GTAG",NA,"ANCHOR_UNIQUE,CANONICAL,CIRCULAR,PERFECT_EXT,UNAMBIGUOUS_BP"
"132","15",35904901,35917582,"mma_circ_000140",42,"-",6,42,40,37,"my_test_mma3",42,0,0,1,"GTAG",NA,"ANCHOR_UNIQUE,CANONICAL,CIRCULAR,PERFECT_EXT,UNAMBIGUOUS_BP"
"133","12",123210570,123219590,"mma_circ_000141",95,"+",18,93,39,35,"my_test_mma3",95,0,0,1,"GTAG",NA,"ANCHOR_UNIQUE,CANONICAL,CIRCULAR,PERFECT_EXT,UNAMBIGUOUS_BP"
"134","1",193680713,193687414,"mma_circ_000142",30,"+",4,30,40,40,"my_test_mma3",30,0,0,1,"GTAG",NA,"ANCHOR_UNIQUE,CANONICAL,CIRCULAR,PERFECT_EXT,UNAMBIGUOUS_BP"
"135","X",68281822,68285703,"mma_circ_000143",22,"+",3,22,5,40,"my_test_mma3",22,0,1,1,"GTAG",NA,"ANCHOR_UNIQUE,CANONICAL,CIRCULAR,GOOD_EXT,UNAMBIGUOUS_BP"
"136","13",44897363,44946359,"mma_circ_000144",33,"-",3,33,40,40,"my_test_mma3",33,0,0,1,"GTAG",NA,"ANCHOR_UNIQUE,CANONICAL,CIRCULAR,PERFECT_EXT,UNAMBIGUOUS_BP"
"137","17",58949824,59037443,"mma_circ_000145",36,"-",8,36,40,40,"my_test_mma3",36,0,0,1,"GTAG",NA,"ANCHOR_UNIQUE,CANONICAL,CIRCULAR,PERFECT_EXT,UNAMBIGUOUS_BP"
"138","2",161919105,161920710,"mma_circ_000146",30,"+",2,30,40,40,"my_test_mma3",30,0,1,1,"GTAG",NA,"ANCHOR_UNIQUE,CANONICAL,CIRCULAR,GOOD_EXT,UNAMBIGUOUS_BP"
"139","8",61401284,61407668,"mma_circ_000147",95,"+",9,95,5,40,"my_test_mma3",95,0,0,1,"GTAG",NA,"ANCHOR_UNIQUE,CANONICAL,CIRCULAR,PERFECT_EXT,UNAMBIGUOUS_BP"
"140","14",66443606,66453104,"mma_circ_000148",41,"-",3,41,40,40,"my_test_mma3",41,0,0,1,"GTAG",NA,"ANCHOR_UNIQUE,CANONICAL,CIRCULAR,PERFECT_EXT,UNAMBIGUOUS_BP"
"141","1",160413207,160414619,"mma_circ_000149",20,"-",2,20,40,40,"my_test_mma3",20,0,0,1,"GTAG",NA,"ANCHOR_UNIQUE,CANONICAL,CIRCULAR,PERFECT_EXT,UNAMBIGUOUS_BP"
"142","1",96428466,96428610,"mma_circ_000150",46,"-",4,6,35,35,"my_test_mma3",46,1,0,1,"GTAG",NA,"ANCHOR_UNIQUE,CANONICAL,CIRCULAR,GOOD_EXT,UNAMBIGUOUS_BP"
"143","18",58166706,58181705,"mma_circ_000151",12,"+",2,12,40,40,"my_test_mma3",12,0,0,1,"GTAG",NA,"ANCHOR_UNIQUE,CANONICAL,CIRCULAR,PERFECT_EXT,UNAMBIGUOUS_BP"
"144","7",26707799,26717732,"mma_circ_000152",29,"-",2,29,5,40,"my_test_mma3",29,0,0,1,"GTAG",NA,"ANCHOR_UNIQUE,CANONICAL,CIRCULAR,PERFECT_EXT,UNAMBIGUOUS_BP"
"145","13",5068719,5076162,"mma_circ_000153",34,"+",1,34,5,5,"my_test_mma3",34,0,0,1,"GTAG",NA,"ANCHOR_UNIQUE,CANONICAL,CIRCULAR,PERFECT_EXT,UNAMBIGUOUS_BP"
"146","18",34606438,34632423,"mma_circ_000154",44,"+",1,44,40,5,"my_test_mma3",44,0,0,1,"GTAG",NA,"ANCHOR_UNIQUE,CANONICAL,CIRCULAR,PERFECT_EXT,UNAMBIGUOUS_BP"
"147","20",26866368,26866499,"mma_circ_000155",30,"+",5,30,40,40,"my_test_mma3",30,0,0,1,"GTAG",NA,"ANCHOR_UNIQUE,CANONICAL,CIRCULAR,PERFECT_EXT,UNAMBIGUOUS_BP"
"148","1",198766054,198766560,"mma_circ_000157",32,"-",8,32,40,40,"my_test_mma3",32,0,0,1,"GTAG",NA,"ANCHOR_UNIQUE,CANONICAL,CIRCULAR,PERFECT_EXT,UNAMBIGUOUS_BP"
"149","9",119550554,119552197,"mma_circ_000158",48,"-",11,48,40,40,"my_test_mma3",48,0,0,1,"GTAG",NA,"ANCHOR_UNIQUE,CANONICAL,CIRCULAR,PERFECT_EXT,UNAMBIGUOUS_BP"
"150","14",12842828,12843545,"mma_circ_000159",40,"+",3,40,40,5,"my_test_mma3",40,0,0,1,"GTAG",NA,"ANCHOR_UNIQUE,CANONICAL,CIRCULAR,PERFECT_EXT,UNAMBIGUOUS_BP"
"151","6",132133433,132137662,"mma_circ_000160",17,"+",4,17,37,5,"my_test_mma3",17,1,0,1,"GTAG",NA,"ANCHOR_UNIQUE,CANONICAL,CIRCULAR,GOOD_EXT,UNAMBIGUOUS_BP"
"152","19",38906290,38906552,"mma_circ_000161",11,"+",2,11,35,5,"my_test_mma3",11,0,0,1,"GTAG",NA,"ANCHOR_UNIQUE,CANONICAL,CIRCULAR,PERFECT_EXT,UNAMBIGUOUS_BP"
"153","3",87329968,87353440,"mma_circ_000162",78,"-",6,78,40,40,"my_test_mma3",78,0,0,1,"GTAG",NA,"ANCHOR_UNIQUE,CANONICAL,CIRCULAR,PERFECT_EXT,UNAMBIGUOUS_BP"
"154","5",3204112,3223645,"mma_circ_000163",26,"+",2,26,40,40,"my_test_mma3",26,1,0,1,"GTAG",NA,"ANCHOR_UNIQUE,CANONICAL,CIRCULAR,GOOD_EXT,UNAMBIGUOUS_BP"
"155","3",87470819,87473861,"mma_circ_000164",31,"+",4,31,40,5,"my_test_mma3",31,0,0,1,"GTAG",NA,"ANCHOR_UNIQUE,CANONICAL,CIRCULAR,PERFECT_EXT,UNAMBIGUOUS_BP"
"156","12",110141799,110142921,"mma_circ_000165",34,"+",5,23,40,40,"my_test_mma3",34,0,0,1,"GTAG",NA,"ANCHOR_UNIQUE,CANONICAL,CIRCULAR,PERFECT_EXT,UNAMBIGUOUS_BP"
"157","7",39979691,39988129,"mma_circ_000166",19,"+",3,19,37,5,"my_test_mma3",19,0,0,1,"GTAG",NA,"ANCHOR_UNIQUE,CANONICAL,CIRCULAR,PERFECT_EXT,UNAMBIGUOUS_BP"
"158","8",18946944,18952495,"mma_circ_000167",22,"-",6,22,40,37,"my_test_mma3",22,0,0,1,"GTAG",NA,"ANCHOR_UNIQUE,CANONICAL,CIRCULAR,PERFECT_EXT,UNAMBIGUOUS_BP"
"159","19",3619088,3619764,"mma_circ_000168",44,"+",4,44,40,40,"my_test_mma3",44,0,0,1,"GTAG",NA,"ANCHOR_UNIQUE,CANONICAL,CIRCULAR,PERFECT_EXT,UNAMBIGUOUS_BP"
"160","4",151796102,151807684,"mma_circ_000169",31,"-",2,31,5,5,"my_test_mma3",31,1,0,1,"GTAG",NA,"ANCHOR_UNIQUE,CANONICAL,CIRCULAR,GOOD_EXT,UNAMBIGUOUS_BP"
"161","2",1835158,1883043,"mma_circ_000170",22,"-",3,22,40,5,"my_test_mma3",22,0,0,1,"GTAG",NA,"ANCHOR_UNIQUE,CANONICAL,CIRCULAR,PERFECT_EXT,UNAMBIGUOUS_BP"
"162","1",203710088,203713967,"mma_circ_000171",26,"+",3,26,40,40,"my_test_mma3",26,0,0,1,"GTAG",NA,"ANCHOR_UNIQUE,CANONICAL,CIRCULAR,PERFECT_EXT,UNAMBIGUOUS_BP"
"163","1",95490375,95490894,"mma_circ_000172",32,"+",5,32,40,5,"my_test_mma3",32,0,0,1,"GTAG",NA,"ANCHOR_UNIQUE,CANONICAL,CIRCULAR,PERFECT_EXT,UNAMBIGUOUS_BP"
"164","16",695662,697618,"mma_circ_000173",26,"+",1,26,5,37,"my_test_mma3",26,2,0,1,"GTAG",NA,"ANCHOR_UNIQUE,CANONICAL,CIRCULAR,OK_EXT,UNAMBIGUOUS_BP"
"165","2",103436406,103439564,"mma_circ_000174",76,"-",5,76,40,40,"my_test_mma3",76,1,0,1,"GTAG",NA,"ANCHOR_UNIQUE,CANONICAL,CIRCULAR,GOOD_EXT,UNAMBIGUOUS_BP"
"166","8",17178764,17199838,"mma_circ_000175",11,"+",1,11,40,5,"my_test_mma3",11,0,2,1,"GTAG",NA,"ANCHOR_UNIQUE,CANONICAL,CIRCULAR,OK_EXT,UNAMBIGUOUS_BP"
"167","15",108519096,108520298,"mma_circ_000176",32,"+",2,32,5,37,"my_test_mma3",32,0,0,1,"GTAG",NA,"ANCHOR_UNIQUE,CANONICAL,CIRCULAR,PERFECT_EXT,UNAMBIGUOUS_BP"
"168","14",4480224,4486099,"mma_circ_000177",45,"-",6,33,5,40,"my_test_mma3",45,0,0,1,"GTAG",NA,"ANCHOR_UNIQUE,CANONICAL,CIRCULAR,PERFECT_EXT,UNAMBIGUOUS_BP"
"169","9",74768472,74771109,"mma_circ_000178",13,"+",3,13,40,40,"my_test_mma3",13,0,0,1,"GTAG",NA,"ANCHOR_UNIQUE,CANONICAL,CIRCULAR,PERFECT_EXT,UNAMBIGUOUS_BP"
"170","14",71183895,71205844,"mma_circ_000179",14,"-",3,14,40,40,"my_test_mma3",14,0,0,1,"GTAG",NA,"ANCHOR_UNIQUE,CANONICAL,CIRCULAR,PERFECT_EXT,UNAMBIGUOUS_BP"
"171","12",10932995,10962557,"mma_circ_000180",56,"+",5,56,40,40,"my_test_mma3",56,1,0,1,"GTAG",NA,"ANCHOR_UNIQUE,CANONICAL,CIRCULAR,GOOD_EXT,UNAMBIGUOUS_BP"
"172","14",111658453,111668401,"mma_circ_000181",34,"+",8,34,40,5,"my_test_mma3",34,0,0,1,"GTAG",NA,"ANCHOR_UNIQUE,CANONICAL,CIRCULAR,PERFECT_EXT,UNAMBIGUOUS_BP"
"173","5",145755982,145765082,"mma_circ_000182",5,"-",3,5,40,40,"my_test_mma3",5,0,0,1,"GTAG",NA,"ANCHOR_UNIQUE,CANONICAL,CIRCULAR,PERFECT_EXT,UNAMBIGUOUS_BP"
"174","2",38192918,38270083,"mma_circ_000183",20,"+",1,20,40,40,"my_test_mma3",20,0,0,1,"GTAG",NA,"ANCHOR_UNIQUE,CANONICAL,CIRCULAR,PERFECT_EXT,UNAMBIGUOUS_BP"
"175","10",82476890,82506214,"mma_circ_000184",48,"-",4,48,37,40,"my_test_mma3",48,0,0,1,"GTAG",NA,"ANCHOR_UNIQUE,CANONICAL,CIRCULAR,PERFECT_EXT,UNAMBIGUOUS_BP"
"176","3",97679800,97707082,"mma_circ_000185",47,"-",7,47,40,5,"my_test_mma3",47,0,0,1,"GTAG",NA,"ANCHOR_UNIQUE,CANONICAL,CIRCULAR,PERFECT_EXT,UNAMBIGUOUS_BP"
"177","10",66058694,66066450,"mma_circ_000186",6,"+",4,6,5,40,"my_test_mma3",6,0,0,1,"GTAG",NA,"ANCHOR_UNIQUE,CANONICAL,CIRCULAR,PERFECT_EXT,UNAMBIGUOUS_BP"
"178","6",59279605,59303705,"mma_circ_000187",14,"-",3,14,5,40,"my_test_mma3",14,0,0,1,"GTAG",NA,"ANCHOR_UNIQUE,CANONICAL,CIRCULAR,PERFECT_EXT,UNAMBIGUOUS_BP"
"179","7",101161907,101164647,"mma_circ_000188",8,"-",2,8,5,40,"my_test_mma3",8,0,0,1,"GTAG",NA,"ANCHOR_UNIQUE,CANONICAL,CIRCULAR,PERFECT_EXT,UNAMBIGUOUS_BP"
"180","1",208900898,208904753,"mma_circ_000189",30,"-",1,30,5,40,"my_test_mma3",30,0,0,1,"GTAG",NA,"ANCHOR_UNIQUE,CANONICAL,CIRCULAR,PERFECT_EXT,UNAMBIGUOUS_BP"
"181","12",121007249,121009666,"mma_circ_000190",20,"-",3,13,40,40,"my_test_mma3",20,0,0,1,"GTAG",NA,"ANCHOR_UNIQUE,CANONICAL,CIRCULAR,PERFECT_EXT,UNAMBIGUOUS_BP"
"182","17",39134780,39141533,"mma_circ_000191",9,"+",1,9,40,5,"my_test_mma3",9,0,0,1,"GTAG",NA,"ANCHOR_UNIQUE,CANONICAL,CIRCULAR,PERFECT_EXT,UNAMBIGUOUS_BP"
"183","12",123349786,123386675,"mma_circ_000192",55,"+",8,38,40,40,"my_test_mma3",55,0,0,1,"GTAG",NA,"ANCHOR_UNIQUE,CANONICAL,CIRCULAR,PERFECT_EXT,UNAMBIGUOUS_BP"
"184","12",97473966,97475083,"mma_circ_000193",48,"-",8,47,40,40,"my_test_mma3",48,0,0,1,"GTAG",NA,"ANCHOR_UNIQUE,CANONICAL,CIRCULAR,PERFECT_EXT,UNAMBIGUOUS_BP"
"185","1",205548026,205550203,"mma_circ_000194",33,"+",4,33,5,5,"my_test_mma3",33,0,0,1,"GTAG",NA,"ANCHOR_UNIQUE,CANONICAL,CIRCULAR,PERFECT_EXT,UNAMBIGUOUS_BP"
"186","6",38819331,38822777,"mma_circ_000195",23,"-",5,22,5,5,"my_test_mma3",23,0,0,1,"GTAG",NA,"ANCHOR_UNIQUE,CANONICAL,CIRCULAR,PERFECT_EXT,UNAMBIGUOUS_BP"
"187","6",69690381,69695488,"mma_circ_000196",29,"+",7,19,37,40,"my_test_mma3",29,0,0,1,"GTAG",NA,"ANCHOR_UNIQUE,CANONICAL,CIRCULAR,PERFECT_EXT,UNAMBIGUOUS_BP"
"188","4",9692530,9708701,"mma_circ_000197",34,"-",3,34,40,40,"my_test_mma3",34,0,1,1,"GTAG",NA,"ANCHOR_UNIQUE,CANONICAL,CIRCULAR,GOOD_EXT,UNAMBIGUOUS_BP"
"189","16",7292395,7292584,"mma_circ_000198",77,"-",8,77,37,40,"my_test_mma3",77,0,0,1,"GTAG",NA,"ANCHOR_UNIQUE,CANONICAL,CIRCULAR,PERFECT_EXT,UNAMBIGUOUS_BP"
"190","14",68230663,68236133,"mma_circ_000199",28,"+",3,28,40,40,"my_test_mma3",28,0,0,1,"GTAG",NA,"ANCHOR_UNIQUE,CANONICAL,CIRCULAR,PERFECT_EXT,UNAMBIGUOUS_BP"
"191","8",28998524,29010304,"mma_circ_000200",36,"+",5,36,40,40,"my_test_mma3",36,0,0,1,"GTAG",NA,"ANCHOR_UNIQUE,CANONICAL,CIRCULAR,PERFECT_EXT,UNAMBIGUOUS_BP"
"192","X",81921395,81921789,"mma_circ_000201",17,"+",1,17,5,40,"my_test_mma3",17,1,0,1,"GTAG",NA,"ANCHOR_UNIQUE,CANONICAL,CIRCULAR,GOOD_EXT,UNAMBIGUOUS_BP"
"193","20",29817972,29818019,"mma_circ_000202",2,"+",1,2,5,5,"my_test_mma3",2,0,0,1,"GTAG",NA,"ANCHOR_UNIQUE,CANONICAL,CIRCULAR,PERFECT_EXT,UNAMBIGUOUS_BP"
"194","7",19886890,19890872,"mma_circ_000203",16,"+",6,15,40,40,"my_test_mma3",16,0,0,1,"GTAG",NA,"ANCHOR_UNIQUE,CANONICAL,CIRCULAR,PERFECT_EXT,UNAMBIGUOUS_BP"
"195","2",1132503,1144701,"mma_circ_000204",32,"-",2,31,5,36,"my_test_mma3",32,0,1,1,"GTAG",NA,"ANCHOR_UNIQUE,CANONICAL,CIRCULAR,GOOD_EXT,UNAMBIGUOUS_BP"
"196","1",55043063,55058352,"mma_circ_000205",26,"-",4,15,40,40,"my_test_mma3",26,0,0,1,"GTAG",NA,"ANCHOR_UNIQUE,CANONICAL,CIRCULAR,PERFECT_EXT,UNAMBIGUOUS_BP"
"197","9",16162791,16226409,"mma_circ_000206",705,"+",83,209,40,35,"my_test_mma3",705,1,0,1,"GTAG",NA,"ANCHOR_UNIQUE,CANONICAL,CIRCULAR,GOOD_EXT,UNAMBIGUOUS_BP"
"198","20",55343396,55344531,"mma_circ_000208",63,"+",10,62,40,40,"my_test_mma3",63,0,0,1,"GTAG",NA,"ANCHOR_UNIQUE,CANONICAL,CIRCULAR,PERFECT_EXT,UNAMBIGUOUS_BP"
"199","3",20681806,20711355,"mma_circ_000209",20,"+",3,20,40,5,"my_test_mma3",20,0,0,1,"GTAG",NA,"ANCHOR_UNIQUE,CANONICAL,CIRCULAR,PERFECT_EXT,UNAMBIGUOUS_BP"
"200","14",30478537,30509232,"mma_circ_000210",30,"-",6,30,5,40,"my_test_mma3",30,0,0,1,"GTAG",NA,"ANCHOR_UNIQUE,CANONICAL,CIRCULAR,PERFECT_EXT,UNAMBIGUOUS_BP"
"201","3",169731887,169736117,"mma_circ_000211",29,"-",2,29,5,40,"my_test_mma3",29,1,0,1,"GTAG",NA,"ANCHOR_UNIQUE,CANONICAL,CIRCULAR,GOOD_EXT,UNAMBIGUOUS_BP"
"202","18",73673350,73677430,"mma_circ_000212",11,"+",1,11,40,5,"my_test_mma3",11,0,1,1,"GTAG",NA,"ANCHOR_UNIQUE,CANONICAL,CIRCULAR,GOOD_EXT,UNAMBIGUOUS_BP"
"203","10",70574596,70595909,"mma_circ_000213",19,"-",1,19,5,40,"my_test_mma3",19,0,0,1,"GTAG",NA,"ANCHOR_UNIQUE,CANONICAL,CIRCULAR,PERFECT_EXT,UNAMBIGUOUS_BP"
"204","6",130371014,130378884,"mma_circ_000214",38,"-",2,38,5,40,"my_test_mma3",38,0,0,1,"GTAG",NA,"ANCHOR_UNIQUE,CANONICAL,CIRCULAR,PERFECT_EXT,UNAMBIGUOUS_BP"
"205","16",52987472,52991179,"mma_circ_000215",19,"-",3,19,40,40,"my_test_mma3",19,0,0,1,"GTAG",NA,"ANCHOR_UNIQUE,CANONICAL,CIRCULAR,PERFECT_EXT,UNAMBIGUOUS_BP"
"206","7",153935005,153945176,"mma_circ_000216",16,"-",2,16,40,5,"my_test_mma3",16,0,0,1,"GTAG",NA,"ANCHOR_UNIQUE,CANONICAL,CIRCULAR,PERFECT_EXT,UNAMBIGUOUS_BP"
"207","17",59020620,59037443,"mma_circ_000217",34,"-",3,34,40,5,"my_test_mma3",34,0,0,1,"GTAG",NA,"ANCHOR_UNIQUE,CANONICAL,CIRCULAR,PERFECT_EXT,UNAMBIGUOUS_BP"
"208","4",143442596,143448219,"mma_circ_000218",15,"-",3,15,5,40,"my_test_mma3",15,0,0,1,"GTAG",NA,"ANCHOR_UNIQUE,CANONICAL,CIRCULAR,PERFECT_EXT,UNAMBIGUOUS_BP"
"209","6",7750283,7776128,"mma_circ_000219",13,"+",3,13,40,5,"my_test_mma3",13,0,0,1,"GTAG",NA,"ANCHOR_UNIQUE,CANONICAL,CIRCULAR,PERFECT_EXT,UNAMBIGUOUS_BP"
"210","3",91493232,91493615,"mma_circ_000220",36,"-",5,36,40,5,"my_test_mma3",36,0,0,1,"GTAG",NA,"ANCHOR_UNIQUE,CANONICAL,CIRCULAR,PERFECT_EXT,UNAMBIGUOUS_BP"
"211","7",138003803,138023099,"mma_circ_000221",26,"+",10,26,40,40,"my_test_mma3",26,0,0,1,"GTAG",NA,"ANCHOR_UNIQUE,CANONICAL,CIRCULAR,PERFECT_EXT,UNAMBIGUOUS_BP"
"212","11",48661115,48661358,"mma_circ_000223",21,"+",4,21,40,40,"my_test_mma3",21,0,0,1,"GTAG",NA,"ANCHOR_UNIQUE,CANONICAL,CIRCULAR,PERFECT_EXT,UNAMBIGUOUS_BP"
"213","2",45135571,45144812,"mma_circ_000224",25,"+",4,25,5,40,"my_test_mma3",25,0,0,1,"GTAG",NA,"ANCHOR_UNIQUE,CANONICAL,CIRCULAR,PERFECT_EXT,UNAMBIGUOUS_BP"
"214","5",16801550,16802381,"mma_circ_000225",138,"-",10,138,40,40,"my_test_mma3",138,0,0,1,"GTAG",NA,"ANCHOR_UNIQUE,CANONICAL,CIRCULAR,PERFECT_EXT,UNAMBIGUOUS_BP"
"215","3",108023365,108036851,"mma_circ_000226",24,"-",3,24,5,5,"my_test_mma3",24,0,0,1,"GTAG",NA,"ANCHOR_UNIQUE,CANONICAL,CIRCULAR,PERFECT_EXT,UNAMBIGUOUS_BP"
"216","16",38535698,38537311,"mma_circ_000227",30,"-",2,30,40,40,"my_test_mma3",30,0,0,1,"GTAG",NA,"ANCHOR_UNIQUE,CANONICAL,CIRCULAR,PERFECT_EXT,UNAMBIGUOUS_BP"
"217","9",125389453,125392352,"mma_circ_000228",50,"+",5,50,40,5,"my_test_mma3",50,1,0,1,"GTAG",NA,"ANCHOR_UNIQUE,CANONICAL,CIRCULAR,GOOD_EXT,UNAMBIGUOUS_BP"
"218","10",67605256,67607989,"mma_circ_000229",30,"+",2,30,40,5,"my_test_mma3",30,0,0,1,"GTAG",NA,"ANCHOR_UNIQUE,CANONICAL,CIRCULAR,PERFECT_EXT,UNAMBIGUOUS_BP"
"219","2",80342642,80371842,"mma_circ_000230",8,"+",3,1,5,5,"my_test_mma3",8,0,0,1,"GTAG",NA,"ANCHOR_UNIQUE,CANONICAL,CIRCULAR,PERFECT_EXT,UNAMBIGUOUS_BP"
"220","9",22928298,22965005,"mma_circ_000231",75,"-",10,75,40,40,"my_test_mma3",75,0,0,1,"GTAG",NA,"ANCHOR_UNIQUE,CANONICAL,CIRCULAR,PERFECT_EXT,UNAMBIGUOUS_BP"
"221","6",151397119,151438778,"mma_circ_000232",66,"-",3,66,40,5,"my_test_mma3",66,0,0,1,"GTAG",NA,"ANCHOR_UNIQUE,CANONICAL,CIRCULAR,PERFECT_EXT,UNAMBIGUOUS_BP"
"222","4",55325669,55334855,"mma_circ_000233",41,"+",6,41,40,40,"my_test_mma3",41,0,0,1,"GTAG",NA,"ANCHOR_UNIQUE,CANONICAL,CIRCULAR,PERFECT_EXT,UNAMBIGUOUS_BP"
"223","7",123793397,123806659,"mma_circ_000234",14,"+",1,14,40,40,"my_test_mma3",14,0,0,1,"GTAG",NA,"ANCHOR_UNIQUE,CANONICAL,CIRCULAR,PERFECT_EXT,UNAMBIGUOUS_BP"
"224","17",80765563,80782683,"mma_circ_000235",6,"-",2,6,40,40,"my_test_mma3",6,1,0,1,"GTAG",NA,"ANCHOR_UNIQUE,CANONICAL,CIRCULAR,GOOD_EXT,UNAMBIGUOUS_BP"
"225","13",12146896,12147215,"mma_circ_000236",34,"+",4,34,5,40,"my_test_mma3",34,0,0,1,"GTAG",NA,"ANCHOR_UNIQUE,CANONICAL,CIRCULAR,PERFECT_EXT,UNAMBIGUOUS_BP"
"226","14",56384834,56390311,"mma_circ_000237",32,"+",1,32,5,5,"my_test_mma3",32,0,0,1,"GTAG",NA,"ANCHOR_UNIQUE,CANONICAL,CIRCULAR,PERFECT_EXT,UNAMBIGUOUS_BP"
"227","18",73019101,73047017,"mma_circ_000238",21,"-",2,21,40,36,"my_test_mma3",21,0,0,1,"GTAG",NA,"ANCHOR_UNIQUE,CANONICAL,CIRCULAR,PERFECT_EXT,UNAMBIGUOUS_BP"
"228","12",77866696,77879641,"mma_circ_000240",20,"+",6,1,5,40,"my_test_mma3",20,0,0,1,"GTAG",NA,"ANCHOR_UNIQUE,CANONICAL,CIRCULAR,PERFECT_EXT,UNAMBIGUOUS_BP"
"229","2",146592581,146592832,"mma_circ_000241",41,"+",6,41,40,40,"my_test_mma3",41,0,0,1,"GTAG",NA,"ANCHOR_UNIQUE,CANONICAL,CIRCULAR,PERFECT_EXT,UNAMBIGUOUS_BP"
"230","19",45110839,45111458,"mma_circ_000242",38,"+",4,38,40,40,"my_test_mma3",38,0,0,1,"GTAG",NA,"ANCHOR_UNIQUE,CANONICAL,CIRCULAR,PERFECT_EXT,UNAMBIGUOUS_BP"
"231","2",84324190,84336306,"mma_circ_000243",50,"+",5,50,5,40,"my_test_mma3",50,0,0,1,"GTAG",NA,"ANCHOR_UNIQUE,CANONICAL,CIRCULAR,PERFECT_EXT,UNAMBIGUOUS_BP"
"232","2",2066520,2066687,"mma_circ_000244",9,"-",5,9,40,5,"my_test_mma3",9,0,0,1,"GTAG",NA,"ANCHOR_UNIQUE,CANONICAL,CIRCULAR,PERFECT_EXT,UNAMBIGUOUS_BP"
"233","11",69294399,69295669,"mma_circ_000245",34,"+",5,34,40,5,"my_test_mma3",34,0,0,1,"GTAG",NA,"ANCHOR_UNIQUE,CANONICAL,CIRCULAR,PERFECT_EXT,UNAMBIGUOUS_BP"
"234","5",150924209,150927274,"mma_circ_000246",55,"+",7,55,40,40,"my_test_mma3",55,0,0,1,"GTAG",NA,"ANCHOR_UNIQUE,CANONICAL,CIRCULAR,PERFECT_EXT,UNAMBIGUOUS_BP"
"235","15",50238031,50245838,"mma_circ_000247",19,"+",4,19,5,40,"my_test_mma3",19,0,0,1,"GTAG",NA,"ANCHOR_UNIQUE,CANONICAL,CIRCULAR,PERFECT_EXT,UNAMBIGUOUS_BP"
"236","11",122832636,122833324,"mma_circ_000248",49,"-",6,49,40,40,"my_test_mma3",49,0,0,1,"GTAG",NA,"ANCHOR_UNIQUE,CANONICAL,CIRCULAR,PERFECT_EXT,UNAMBIGUOUS_BP"
"237","7",161660406,161667936,"mma_circ_000250",51,"-",6,51,40,40,"my_test_mma3",51,0,0,1,"GTAG",NA,"ANCHOR_UNIQUE,CANONICAL,CIRCULAR,PERFECT_EXT,UNAMBIGUOUS_BP"
"238","15",50177349,50211650,"mma_circ_000251",36,"+",2,36,40,40,"my_test_mma3",36,0,0,1,"GTAG",NA,"ANCHOR_UNIQUE,CANONICAL,CIRCULAR,PERFECT_EXT,UNAMBIGUOUS_BP"
"239","15",108421110,108428488,"mma_circ_000252",31,"+",9,31,40,40,"my_test_mma3",31,0,0,1,"GTAG",NA,"ANCHOR_UNIQUE,CANONICAL,CIRCULAR,PERFECT_EXT,UNAMBIGUOUS_BP"
"240","1",200066649,200066866,"mma_circ_000253",27,"-",8,27,37,5,"my_test_mma3",27,0,0,1,"GTAG",NA,"ANCHOR_UNIQUE,CANONICAL,CIRCULAR,PERFECT_EXT,UNAMBIGUOUS_BP"
"241","18",21868608,21870668,"mma_circ_000254",22,"-",3,22,40,5,"my_test_mma3",22,0,0,1,"GTAG",NA,"ANCHOR_UNIQUE,CANONICAL,CIRCULAR,PERFECT_EXT,UNAMBIGUOUS_BP"
"242","16",53838459,53840896,"mma_circ_000255",48,"-",8,48,40,40,"my_test_mma3",48,0,0,1,"GTAG",NA,"ANCHOR_UNIQUE,CANONICAL,CIRCULAR,PERFECT_EXT,UNAMBIGUOUS_BP"
"243","4",165217578,165218245,"mma_circ_000256",8,"-",2,8,40,37,"my_test_mma3",8,0,0,1,"GTAG",NA,"ANCHOR_UNIQUE,CANONICAL,CIRCULAR,PERFECT_EXT,UNAMBIGUOUS_BP"
"244","20",43603665,43605288,"mma_circ_000257",40,"-",4,40,40,40,"my_test_mma3",40,0,0,1,"GTAG",NA,"ANCHOR_UNIQUE,CANONICAL,CIRCULAR,PERFECT_EXT,UNAMBIGUOUS_BP"
"245","3",64533492,64557201,"mma_circ_000259",6,"+",2,6,40,40,"my_test_mma3",6,0,0,1,"GTAG",NA,"ANCHOR_UNIQUE,CANONICAL,CIRCULAR,PERFECT_EXT,UNAMBIGUOUS_BP"
"246","15",1357279,1357499,"mma_circ_000260",32,"-",2,32,5,40,"my_test_mma3",32,0,0,1,"GTAG",NA,"ANCHOR_UNIQUE,CANONICAL,CIRCULAR,PERFECT_EXT,UNAMBIGUOUS_BP"
"247","1",195582814,195618677,"mma_circ_000261",46,"-",5,46,5,37,"my_test_mma3",46,0,0,1,"GTAG",NA,"ANCHOR_UNIQUE,CANONICAL,CIRCULAR,PERFECT_EXT,UNAMBIGUOUS_BP"
"248","14",12762058,12762974,"mma_circ_000262",53,"+",5,53,40,40,"my_test_mma3",53,0,0,1,"GTAG",NA,"ANCHOR_UNIQUE,CANONICAL,CIRCULAR,PERFECT_EXT,UNAMBIGUOUS_BP"
"249","18",22632845,22634427,"mma_circ_000264",32,"+",4,32,40,5,"my_test_mma3",32,0,0,1,"GTAG",NA,"ANCHOR_UNIQUE,CANONICAL,CIRCULAR,PERFECT_EXT,UNAMBIGUOUS_BP"
"250","4",51757772,51776630,"mma_circ_000265",33,"-",3,33,40,40,"my_test_mma3",33,0,0,1,"GTAG",NA,"ANCHOR_UNIQUE,CANONICAL,CIRCULAR,PERFECT_EXT,UNAMBIGUOUS_BP"
"251","4",125796921,125805781,"mma_circ_000266",21,"+",3,21,40,5,"my_test_mma3",21,0,0,1,"GTAG",NA,"ANCHOR_UNIQUE,CANONICAL,CIRCULAR,PERFECT_EXT,UNAMBIGUOUS_BP"
"252","7",143430310,143449303,"mma_circ_000267",29,"-",6,29,40,5,"my_test_mma3",29,0,0,1,"GTAG",NA,"ANCHOR_UNIQUE,CANONICAL,CIRCULAR,PERFECT_EXT,UNAMBIGUOUS_BP"
"253","X",106798509,106864006,"mma_circ_000268",20,"+",2,20,5,40,"my_test_mma3",20,0,0,1,"GTAG",NA,"ANCHOR_UNIQUE,CANONICAL,CIRCULAR,PERFECT_EXT,UNAMBIGUOUS_BP"
"254","1",41972136,41973007,"mma_circ_000269",8,"-",5,8,40,5,"my_test_mma3",8,0,0,1,"GTAG",NA,"ANCHOR_UNIQUE,CANONICAL,CIRCULAR,PERFECT_EXT,UNAMBIGUOUS_BP"
"255","15",7996997,8002010,"mma_circ_000270",17,"+",1,17,5,40,"my_test_mma3",17,0,0,1,"GTAG",NA,"ANCHOR_UNIQUE,CANONICAL,CIRCULAR,PERFECT_EXT,UNAMBIGUOUS_BP"
"256","18",40450838,40473615,"mma_circ_000271",46,"-",4,46,40,40,"my_test_mma3",46,0,0,1,"GTAG",NA,"ANCHOR_UNIQUE,CANONICAL,CIRCULAR,PERFECT_EXT,UNAMBIGUOUS_BP"
"257","10",12974832,12981793,"mma_circ_000274",45,"+",6,45,40,40,"my_test_mma3",45,0,0,1,"GTAG",NA,"ANCHOR_UNIQUE,CANONICAL,CIRCULAR,PERFECT_EXT,UNAMBIGUOUS_BP"
"258","12",61044332,61045692,"mma_circ_000275",59,"-",5,59,40,40,"my_test_mma3",59,0,0,1,"GTAG",NA,"ANCHOR_UNIQUE,CANONICAL,CIRCULAR,PERFECT_EXT,UNAMBIGUOUS_BP"
"259","17",57098039,57137181,"mma_circ_000276",76,"-",7,59,40,40,"my_test_mma3",76,0,0,1,"GTAG",NA,"ANCHOR_UNIQUE,CANONICAL,CIRCULAR,PERFECT_EXT,UNAMBIGUOUS_BP"
"260","5",1961433,1965800,"mma_circ_000277",4,"+",2,4,40,40,"my_test_mma3",4,0,0,1,"GTAG",NA,"ANCHOR_UNIQUE,CANONICAL,CIRCULAR,PERFECT_EXT,UNAMBIGUOUS_BP"
"261","12",123300399,123327515,"mma_circ_000279",27,"+",5,26,5,40,"my_test_mma3",27,0,0,1,"GTAG",NA,"ANCHOR_UNIQUE,CANONICAL,CIRCULAR,PERFECT_EXT,UNAMBIGUOUS_BP"
"262","6",113371511,113372782,"mma_circ_000280",10,"-",2,10,37,5,"my_test_mma3",10,0,0,1,"GTAG",NA,"ANCHOR_UNIQUE,CANONICAL,CIRCULAR,PERFECT_EXT,UNAMBIGUOUS_BP"
"263","9",51559309,51566542,"mma_circ_000281",31,"+",6,31,37,37,"my_test_mma3",31,0,0,1,"GTAG",NA,"ANCHOR_UNIQUE,CANONICAL,CIRCULAR,PERFECT_EXT,UNAMBIGUOUS_BP"
"264","9",125391501,125411032,"mma_circ_000282",16,"+",2,16,40,40,"my_test_mma3",16,0,0,1,"GTAG",NA,"ANCHOR_UNIQUE,CANONICAL,CIRCULAR,PERFECT_EXT,UNAMBIGUOUS_BP"
"265","6",55190035,55191273,"mma_circ_000283",24,"+",2,24,40,40,"my_test_mma3",24,0,0,1,"GTAG",NA,"ANCHOR_UNIQUE,CANONICAL,CIRCULAR,PERFECT_EXT,UNAMBIGUOUS_BP"
"266","6",65344973,65373450,"mma_circ_000284",62,"+",7,44,40,40,"my_test_mma3",62,1,0,1,"GTAG",NA,"ANCHOR_UNIQUE,CANONICAL,CIRCULAR,GOOD_EXT,UNAMBIGUOUS_BP"
"267","14",4453305,4466651,"mma_circ_000285",18,"-",4,18,5,40,"my_test_mma3",18,0,0,1,"GTAG",NA,"ANCHOR_UNIQUE,CANONICAL,CIRCULAR,PERFECT_EXT,UNAMBIGUOUS_BP"
"268","6",64201345,64204478,"mma_circ_000286",45,"+",3,45,40,40,"my_test_mma3",45,0,0,1,"GTAG",NA,"ANCHOR_UNIQUE,CANONICAL,CIRCULAR,PERFECT_EXT,UNAMBIGUOUS_BP"
"269","12",37042392,37047924,"mma_circ_000287",34,"+",2,34,5,40,"my_test_mma3",34,2,0,1,"GTAG",NA,"ANCHOR_UNIQUE,CANONICAL,CIRCULAR,OK_EXT,UNAMBIGUOUS_BP"
"270","15",16916760,16928553,"mma_circ_000288",20,"+",5,7,40,37,"my_test_mma3",20,0,0,1,"GTAG",NA,"ANCHOR_UNIQUE,CANONICAL,CIRCULAR,PERFECT_EXT,UNAMBIGUOUS_BP"
"271","4",61082640,61087526,"mma_circ_000290",24,"+",6,24,40,5,"my_test_mma3",24,0,0,1,"GTAG",NA,"ANCHOR_UNIQUE,CANONICAL,CIRCULAR,PERFECT_EXT,UNAMBIGUOUS_BP"
"272","14",122855217,122855805,"mma_circ_000291",614,"+",60,587,40,40,"my_test_mma3",614,0,0,1,"GTAG",NA,"ANCHOR_UNIQUE,CANONICAL,CIRCULAR,PERFECT_EXT,UNAMBIGUOUS_BP"
"273","11",48612965,48613943,"mma_circ_000292",21,"-",3,21,40,40,"my_test_mma3",21,0,0,1,"GTAG",NA,"ANCHOR_UNIQUE,CANONICAL,CIRCULAR,PERFECT_EXT,UNAMBIGUOUS_BP"
"274","8",139831011,139832347,"mma_circ_000293",51,"-",4,51,40,40,"my_test_mma3",51,0,0,1,"GTAG",NA,"ANCHOR_UNIQUE,CANONICAL,CIRCULAR,PERFECT_EXT,UNAMBIGUOUS_BP"
"275","13",79764665,79824016,"mma_circ_000294",52,"-",4,52,40,5,"my_test_mma3",52,0,0,1,"GTAG",NA,"ANCHOR_UNIQUE,CANONICAL,CIRCULAR,PERFECT_EXT,UNAMBIGUOUS_BP"
"276","1",159803810,159857868,"mma_circ_000295",16,"-",3,16,5,5,"my_test_mma3",16,0,0,1,"GTAG",NA,"ANCHOR_UNIQUE,CANONICAL,CIRCULAR,PERFECT_EXT,UNAMBIGUOUS_BP"
"277","X",151341522,151341883,"mma_circ_000296",44,"-",3,44,5,40,"my_test_mma3",44,0,0,1,"GTAG",NA,"ANCHOR_UNIQUE,CANONICAL,CIRCULAR,PERFECT_EXT,UNAMBIGUOUS_BP"
"278","5",174695877,174696298,"mma_circ_000297",18,"+",3,18,5,40,"my_test_mma3",18,1,0,1,"GTAG",NA,"ANCHOR_UNIQUE,CANONICAL,CIRCULAR,GOOD_EXT,UNAMBIGUOUS_BP"
"279","10",18635688,18639876,"mma_circ_000298",8,"+",1,8,40,40,"my_test_mma3",8,0,0,1,"GTAG",NA,"ANCHOR_UNIQUE,CANONICAL,CIRCULAR,PERFECT_EXT,UNAMBIGUOUS_BP"
"280","16",57827150,57828494,"mma_circ_000299",46,"-",6,46,40,40,"my_test_mma3",46,0,0,1,"GTAG",NA,"ANCHOR_UNIQUE,CANONICAL,CIRCULAR,PERFECT_EXT,UNAMBIGUOUS_BP"
"281","3",9215227,9216784,"mma_circ_000300",22,"-",1,22,40,5,"my_test_mma3",22,0,0,1,"GTAG",NA,"ANCHOR_UNIQUE,CANONICAL,CIRCULAR,PERFECT_EXT,UNAMBIGUOUS_BP"
"282","19",16671414,16676843,"mma_circ_000302",39,"+",3,39,5,5,"my_test_mma3",39,1,0,1,"GTAG",NA,"ANCHOR_UNIQUE,CANONICAL,CIRCULAR,GOOD_EXT,UNAMBIGUOUS_BP"
"283","13",84318076,84348479,"mma_circ_000303",25,"-",5,25,36,5,"my_test_mma3",25,0,0,1,"GTAG",NA,"ANCHOR_UNIQUE,CANONICAL,CIRCULAR,PERFECT_EXT,UNAMBIGUOUS_BP"
"284","9",28017350,28018810,"mma_circ_000304",27,"-",9,17,37,40,"my_test_mma3",27,0,0,1,"GTAG",NA,"ANCHOR_UNIQUE,CANONICAL,CIRCULAR,PERFECT_EXT,UNAMBIGUOUS_BP"
"285","12",827230,831782,"mma_circ_000305",29,"-",2,27,5,35,"my_test_mma3",29,0,0,1,"GTAG",NA,"ANCHOR_UNIQUE,CANONICAL,CIRCULAR,PERFECT_EXT,UNAMBIGUOUS_BP"
"286","7",139691919,139694626,"mma_circ_000306",22,"-",6,22,5,5,"my_test_mma3",22,0,0,1,"GTAG",NA,"ANCHOR_UNIQUE,CANONICAL,CIRCULAR,PERFECT_EXT,UNAMBIGUOUS_BP"
"287","15",30557231,30574278,"mma_circ_000307",33,"+",5,33,5,40,"my_test_mma3",33,0,0,1,"GTAG",NA,"ANCHOR_UNIQUE,CANONICAL,CIRCULAR,PERFECT_EXT,UNAMBIGUOUS_BP"
"288","7",69291023,69293052,"mma_circ_000308",63,"+",13,51,40,40,"my_test_mma3",63,0,0,1,"GTAG",NA,"ANCHOR_UNIQUE,CANONICAL,CIRCULAR,PERFECT_EXT,UNAMBIGUOUS_BP"
"289","11",124831028,124831484,"mma_circ_000309",58,"-",6,48,5,5,"my_test_mma3",58,0,0,1,"GTAG",NA,"ANCHOR_UNIQUE,CANONICAL,CIRCULAR,PERFECT_EXT,UNAMBIGUOUS_BP"
"290","7",117458518,117460999,"mma_circ_000310",11,"+",1,11,40,40,"my_test_mma3",11,0,0,1,"GTAG",NA,"ANCHOR_UNIQUE,CANONICAL,CIRCULAR,PERFECT_EXT,UNAMBIGUOUS_BP"
"291","16",78918914,78927342,"mma_circ_000311",53,"+",4,53,40,40,"my_test_mma3",53,0,0,1,"GTAG",NA,"ANCHOR_UNIQUE,CANONICAL,CIRCULAR,PERFECT_EXT,UNAMBIGUOUS_BP"
"292","12",90871990,90887332,"mma_circ_000312",82,"-",5,82,5,5,"my_test_mma3",82,0,0,1,"GTAG",NA,"ANCHOR_UNIQUE,CANONICAL,CIRCULAR,PERFECT_EXT,UNAMBIGUOUS_BP"
"293","7",80653820,80717957,"mma_circ_000313",33,"-",1,33,5,40,"my_test_mma3",33,0,0,1,"GTAG",NA,"ANCHOR_UNIQUE,CANONICAL,CIRCULAR,PERFECT_EXT,UNAMBIGUOUS_BP"
"294","16",7292794,7292941,"mma_circ_000315",2,"-",2,2,40,40,"my_test_mma3",2,0,1,1,"GTAG",NA,"ANCHOR_UNIQUE,CANONICAL,CIRCULAR,GOOD_EXT,UNAMBIGUOUS_BP"
"295","18",60584987,60640368,"mma_circ_000316",38,"-",7,38,37,40,"my_test_mma3",38,0,0,1,"GTAG",NA,"ANCHOR_UNIQUE,CANONICAL,CIRCULAR,PERFECT_EXT,UNAMBIGUOUS_BP"
"296","6",168408224,168411182,"mma_circ_000317",76,"+",13,76,40,40,"my_test_mma3",76,0,0,1,"GTAG",NA,"ANCHOR_UNIQUE,CANONICAL,CIRCULAR,PERFECT_EXT,UNAMBIGUOUS_BP"
"297","7",80713774,80717957,"mma_circ_000318",33,"-",6,31,40,40,"my_test_mma3",33,0,0,1,"GTAG",NA,"ANCHOR_UNIQUE,CANONICAL,CIRCULAR,PERFECT_EXT,UNAMBIGUOUS_BP"
"298","13",697917,699145,"mma_circ_000319",37,"+",3,37,40,5,"my_test_mma3",37,0,0,1,"GTAG",NA,"ANCHOR_UNIQUE,CANONICAL,CIRCULAR,PERFECT_EXT,UNAMBIGUOUS_BP"
"299","2",106297180,106297501,"mma_circ_000320",160,"+",12,160,40,40,"my_test_mma3",160,0,0,1,"GTAG",NA,"ANCHOR_UNIQUE,CANONICAL,CIRCULAR,PERFECT_EXT,UNAMBIGUOUS_BP"
"300","3",41638814,41639420,"mma_circ_000321",70,"+",7,70,40,40,"my_test_mma3",70,0,0,1,"GTAG",NA,"ANCHOR_UNIQUE,CANONICAL,CIRCULAR,PERFECT_EXT,UNAMBIGUOUS_BP"
"301","18",1078842,1131328,"mma_circ_000322",43,"-",8,43,40,40,"my_test_mma3",43,0,0,1,"GTAG",NA,"ANCHOR_UNIQUE,CANONICAL,CIRCULAR,PERFECT_EXT,UNAMBIGUOUS_BP"
"302","10",28893864,28900185,"mma_circ_000323",31,"-",4,31,40,5,"my_test_mma3",31,0,0,1,"GTAG",NA,"ANCHOR_UNIQUE,CANONICAL,CIRCULAR,PERFECT_EXT,UNAMBIGUOUS_BP"
"303","20",75042528,75052752,"mma_circ_000324",35,"+",5,35,40,40,"my_test_mma3",35,0,0,1,"GTAG",NA,"ANCHOR_UNIQUE,CANONICAL,CIRCULAR,PERFECT_EXT,UNAMBIGUOUS_BP"
"304","2",88934461,88942184,"mma_circ_000325",11,"+",4,11,40,40,"my_test_mma3",11,0,0,1,"GTAG",NA,"ANCHOR_UNIQUE,CANONICAL,CIRCULAR,PERFECT_EXT,UNAMBIGUOUS_BP"
"305","4",163453116,163460016,"mma_circ_000326",19,"+",2,18,40,5,"my_test_mma3",19,1,0,1,"GTAG",NA,"ANCHOR_UNIQUE,CANONICAL,CIRCULAR,GOOD_EXT,UNAMBIGUOUS_BP"
"306","1",95579626,95580368,"mma_circ_000327",31,"+",5,31,40,35,"my_test_mma3",31,0,0,1,"GTAG",NA,"ANCHOR_UNIQUE,CANONICAL,CIRCULAR,PERFECT_EXT,UNAMBIGUOUS_BP"
"307","7",69010601,69013099,"mma_circ_000328",47,"+",4,32,40,5,"my_test_mma3",47,0,0,1,"GTAG",NA,"ANCHOR_UNIQUE,CANONICAL,CIRCULAR,PERFECT_EXT,UNAMBIGUOUS_BP"
"308","7",43870835,43875843,"mma_circ_000329",30,"-",3,30,37,40,"my_test_mma3",30,0,0,1,"GTAG",NA,"ANCHOR_UNIQUE,CANONICAL,CIRCULAR,PERFECT_EXT,UNAMBIGUOUS_BP"
"309","10",13599873,13604959,"mma_circ_000330",26,"-",1,26,5,40,"my_test_mma3",26,0,0,1,"GTAG",NA,"ANCHOR_UNIQUE,CANONICAL,CIRCULAR,PERFECT_EXT,UNAMBIGUOUS_BP"
"310","15",77348327,77348558,"mma_circ_000331",14,"-",2,9,5,40,"my_test_mma3",14,0,0,1,"GTAG",NA,"ANCHOR_UNIQUE,CANONICAL,CIRCULAR,PERFECT_EXT,UNAMBIGUOUS_BP"
"311","3",79398433,79404074,"mma_circ_000332",16,"+",1,16,40,40,"my_test_mma3",16,0,0,1,"GTAG",NA,"ANCHOR_UNIQUE,CANONICAL,CIRCULAR,PERFECT_EXT,UNAMBIGUOUS_BP"
"312","6",32536623,32541368,"mma_circ_000333",31,"-",4,31,40,40,"my_test_mma3",31,0,0,1,"GTAG",NA,"ANCHOR_UNIQUE,CANONICAL,CIRCULAR,PERFECT_EXT,UNAMBIGUOUS_BP"
"313","7",63662655,63664764,"mma_circ_000334",14,"-",5,14,40,37,"my_test_mma3",14,0,0,1,"GTAG",NA,"ANCHOR_UNIQUE,CANONICAL,CIRCULAR,PERFECT_EXT,UNAMBIGUOUS_BP"
"314","7",72079332,72079546,"mma_circ_000335",23,"+",3,14,5,40,"my_test_mma3",23,0,0,1,"GTAG",NA,"ANCHOR_UNIQUE,CANONICAL,CIRCULAR,PERFECT_EXT,UNAMBIGUOUS_BP"
"315","9",96965691,97000133,"mma_circ_000336",109,"-",22,108,40,40,"my_test_mma3",109,0,0,1,"GTAG",NA,"ANCHOR_UNIQUE,CANONICAL,CIRCULAR,PERFECT_EXT,UNAMBIGUOUS_BP"
"316","X",9641928,9658552,"mma_circ_000337",29,"+",3,29,5,40,"my_test_mma3",29,0,0,1,"GTAG",NA,"ANCHOR_UNIQUE,CANONICAL,CIRCULAR,PERFECT_EXT,UNAMBIGUOUS_BP"
"317","2",77161053,77209312,"mma_circ_000338",41,"+",3,41,5,40,"my_test_mma3",41,0,0,1,"GTAG",NA,"ANCHOR_UNIQUE,CANONICAL,CIRCULAR,PERFECT_EXT,UNAMBIGUOUS_BP"
"318","15",49521968,49530170,"mma_circ_000339",20,"-",3,20,37,37,"my_test_mma3",20,0,0,1,"GTAG",NA,"ANCHOR_UNIQUE,CANONICAL,CIRCULAR,PERFECT_EXT,UNAMBIGUOUS_BP"
"319","6",107176611,107179399,"mma_circ_000340",15,"+",3,15,40,40,"my_test_mma3",15,0,0,1,"GTAG",NA,"ANCHOR_UNIQUE,CANONICAL,CIRCULAR,PERFECT_EXT,UNAMBIGUOUS_BP"
"320","3",84498107,84499182,"mma_circ_000342",20,"-",3,20,40,40,"my_test_mma3",20,0,0,1,"GTAG",NA,"ANCHOR_UNIQUE,CANONICAL,CIRCULAR,PERFECT_EXT,UNAMBIGUOUS_BP"
"321","10",5761999,5773054,"mma_circ_000344",8,"-",2,8,5,40,"my_test_mma3",8,0,0,1,"GTAG",NA,"ANCHOR_UNIQUE,CANONICAL,CIRCULAR,PERFECT_EXT,UNAMBIGUOUS_BP"
"322","11",23594678,23633282,"mma_circ_000346",22,"-",3,22,5,40,"my_test_mma3",22,0,0,1,"GTAG",NA,"ANCHOR_UNIQUE,CANONICAL,CIRCULAR,PERFECT_EXT,UNAMBIGUOUS_BP"
"323","16",77854100,77854652,"mma_circ_000347",34,"+",2,23,5,5,"my_test_mma3",34,2,0,1,"GTAG",NA,"ANCHOR_UNIQUE,CANONICAL,CIRCULAR,OK_EXT,UNAMBIGUOUS_BP"
"324","11",124265117,124275896,"mma_circ_000348",14,"-",2,14,5,40,"my_test_mma3",14,0,0,1,"GTAG",NA,"ANCHOR_UNIQUE,CANONICAL,CIRCULAR,PERFECT_EXT,UNAMBIGUOUS_BP"
"325","12",123327346,123349945,"mma_circ_000349",30,"+",5,30,5,40,"my_test_mma3",30,0,0,1,"GTAG",NA,"ANCHOR_UNIQUE,CANONICAL,CIRCULAR,PERFECT_EXT,UNAMBIGUOUS_BP"
"326","9",32755533,32766283,"mma_circ_000350",32,"-",5,32,40,40,"my_test_mma3",32,0,0,1,"GTAG",NA,"ANCHOR_UNIQUE,CANONICAL,CIRCULAR,PERFECT_EXT,UNAMBIGUOUS_BP"
"327","8",94717656,94729910,"mma_circ_000351",23,"-",4,23,40,5,"my_test_mma3",23,0,0,1,"GTAG",NA,"ANCHOR_UNIQUE,CANONICAL,CIRCULAR,PERFECT_EXT,UNAMBIGUOUS_BP"
"328","13",84281856,84284643,"mma_circ_000353",34,"-",3,34,40,5,"my_test_mma3",34,0,0,1,"GTAG",NA,"ANCHOR_UNIQUE,CANONICAL,CIRCULAR,PERFECT_EXT,UNAMBIGUOUS_BP"
"329","6",174675016,174697253,"mma_circ_000354",23,"+",5,23,5,40,"my_test_mma3",23,0,0,1,"GTAG",NA,"ANCHOR_UNIQUE,CANONICAL,CIRCULAR,PERFECT_EXT,UNAMBIGUOUS_BP"
"330","18",1057786,1131328,"mma_circ_000355",44,"-",5,44,40,40,"my_test_mma3",44,0,0,1,"GTAG",NA,"ANCHOR_UNIQUE,CANONICAL,CIRCULAR,PERFECT_EXT,UNAMBIGUOUS_BP"
"331","11",124722156,124728842,"mma_circ_000356",63,"-",7,63,5,40,"my_test_mma3",63,0,0,1,"GTAG",NA,"ANCHOR_UNIQUE,CANONICAL,CIRCULAR,PERFECT_EXT,UNAMBIGUOUS_BP"
"332","15",90451915,90453104,"mma_circ_000358",54,"-",7,40,5,40,"my_test_mma3",54,0,0,1,"GTAG",NA,"ANCHOR_UNIQUE,CANONICAL,CIRCULAR,PERFECT_EXT,UNAMBIGUOUS_BP"
"333","20",40625922,40627856,"mma_circ_000359",25,"-",1,25,40,40,"my_test_mma3",25,0,0,1,"GTAG",NA,"ANCHOR_UNIQUE,CANONICAL,CIRCULAR,PERFECT_EXT,UNAMBIGUOUS_BP"
"334","17",7379658,7401483,"mma_circ_000361",43,"+",7,43,40,40,"my_test_mma3",43,0,0,1,"GTAG",NA,"ANCHOR_UNIQUE,CANONICAL,CIRCULAR,PERFECT_EXT,UNAMBIGUOUS_BP"
"335","5",86490202,86530327,"mma_circ_000362",24,"-",1,24,5,5,"my_test_mma3",24,0,0,1,"GTAG",NA,"ANCHOR_UNIQUE,CANONICAL,CIRCULAR,PERFECT_EXT,UNAMBIGUOUS_BP"
"336","13",61950659,61951569,"mma_circ_000363",39,"+",2,39,37,40,"my_test_mma3",39,0,0,1,"GTAG",NA,"ANCHOR_UNIQUE,CANONICAL,CIRCULAR,PERFECT_EXT,UNAMBIGUOUS_BP"
"337","2",88941203,88965874,"mma_circ_000364",21,"+",3,21,40,40,"my_test_mma3",21,0,0,1,"GTAG",NA,"ANCHOR_UNIQUE,CANONICAL,CIRCULAR,PERFECT_EXT,UNAMBIGUOUS_BP"
"338","11",67211438,67211822,"mma_circ_000365",27,"+",1,27,40,5,"my_test_mma3",27,1,0,1,"GTAG",NA,"ANCHOR_UNIQUE,CANONICAL,CIRCULAR,GOOD_EXT,UNAMBIGUOUS_BP"
"339","14",114154144,114173397,"mma_circ_000366",2,"+",2,2,40,40,"my_test_mma3",2,0,0,1,"GTAG",NA,"ANCHOR_UNIQUE,CANONICAL,CIRCULAR,PERFECT_EXT,UNAMBIGUOUS_BP"
"340","11",64286128,64296751,"mma_circ_000367",44,"-",5,44,40,37,"my_test_mma3",44,0,0,1,"GTAG",NA,"ANCHOR_UNIQUE,CANONICAL,CIRCULAR,PERFECT_EXT,UNAMBIGUOUS_BP"
"341","7",114986257,114995762,"mma_circ_000368",10,"-",5,10,5,40,"my_test_mma3",10,0,0,1,"GTAG",NA,"ANCHOR_UNIQUE,CANONICAL,CIRCULAR,PERFECT_EXT,UNAMBIGUOUS_BP"
"342","8",17879783,17892184,"mma_circ_000370",48,"-",5,48,40,5,"my_test_mma3",48,1,0,1,"GTAG",NA,"ANCHOR_UNIQUE,CANONICAL,CIRCULAR,GOOD_EXT,UNAMBIGUOUS_BP"
"343","20",56624985,56626832,"mma_circ_000371",5,"-",2,1,5,4,"my_test_mma3",5,0,0,1,"GTAG",NA,"ANCHOR_UNIQUE,CANONICAL,CIRCULAR,PERFECT_EXT,UNAMBIGUOUS_BP"
"344","1",106855779,106868467,"mma_circ_000372",12,"-",2,8,5,5,"my_test_mma3",12,0,0,1,"GTAG",NA,"ANCHOR_UNIQUE,CANONICAL,CIRCULAR,PERFECT_EXT,UNAMBIGUOUS_BP"
"345","7",153940368,153945176,"mma_circ_000373",27,"-",6,27,40,40,"my_test_mma3",27,0,0,1,"GTAG",NA,"ANCHOR_UNIQUE,CANONICAL,CIRCULAR,PERFECT_EXT,UNAMBIGUOUS_BP"
"346","20",10859105,10859588,"mma_circ_000374",35,"+",4,35,40,40,"my_test_mma3",35,0,0,1,"GTAG",NA,"ANCHOR_UNIQUE,CANONICAL,CIRCULAR,PERFECT_EXT,UNAMBIGUOUS_BP"
"347","10",98403327,98404848,"mma_circ_000375",29,"-",6,29,35,40,"my_test_mma3",29,0,0,1,"GTAG",NA,"ANCHOR_UNIQUE,CANONICAL,CIRCULAR,PERFECT_EXT,UNAMBIGUOUS_BP"
"348","5",41178507,41251091,"mma_circ_000376",25,"+",2,25,5,40,"my_test_mma3",25,0,0,1,"GTAG",NA,"ANCHOR_UNIQUE,CANONICAL,CIRCULAR,PERFECT_EXT,UNAMBIGUOUS_BP"
"349","3",45564257,45565474,"mma_circ_000377",29,"+",1,29,40,5,"my_test_mma3",29,0,0,1,"GTAG",NA,"ANCHOR_UNIQUE,CANONICAL,CIRCULAR,PERFECT_EXT,UNAMBIGUOUS_BP"
"350","9",110651224,110683667,"mma_circ_000378",34,"+",6,34,40,40,"my_test_mma3",34,0,0,1,"GTAG",NA,"ANCHOR_UNIQUE,CANONICAL,CIRCULAR,PERFECT_EXT,UNAMBIGUOUS_BP"
"351","4",139207567,139207813,"mma_circ_000379",22,"+",3,22,40,5,"my_test_mma3",22,1,0,1,"GTAG",NA,"ANCHOR_UNIQUE,CANONICAL,CIRCULAR,GOOD_EXT,UNAMBIGUOUS_BP"
"352","5",63836623,63836778,"mma_circ_000380",124,"-",30,123,40,40,"my_test_mma3",124,0,0,1,"GTAG",NA,"ANCHOR_UNIQUE,CANONICAL,CIRCULAR,PERFECT_EXT,UNAMBIGUOUS_BP"
"353","3",33051864,33052149,"mma_circ_000381",66,"-",7,66,5,40,"my_test_mma3",66,0,0,1,"GTAG",NA,"ANCHOR_UNIQUE,CANONICAL,CIRCULAR,PERFECT_EXT,UNAMBIGUOUS_BP"
"354","16",16269931,16278547,"mma_circ_000382",30,"+",5,30,40,40,"my_test_mma3",30,0,0,1,"GTAG",NA,"ANCHOR_UNIQUE,CANONICAL,CIRCULAR,PERFECT_EXT,UNAMBIGUOUS_BP"
"355","13",35282743,35284608,"mma_circ_000383",43,"-",9,43,40,40,"my_test_mma3",43,0,0,1,"GTAG",NA,"ANCHOR_UNIQUE,CANONICAL,CIRCULAR,PERFECT_EXT,UNAMBIGUOUS_BP"
"356","7",162298871,162312358,"mma_circ_000384",45,"+",6,45,40,40,"my_test_mma3",45,0,0,1,"GTAG",NA,"ANCHOR_UNIQUE,CANONICAL,CIRCULAR,PERFECT_EXT,UNAMBIGUOUS_BP"
"357","14",3032617,3035043,"mma_circ_000385",27,"-",4,27,40,5,"my_test_mma3",27,0,0,1,"GTAG",NA,"ANCHOR_UNIQUE,CANONICAL,CIRCULAR,PERFECT_EXT,UNAMBIGUOUS_BP"
"358","8",67767252,67786497,"mma_circ_000386",29,"+",5,29,40,5,"my_test_mma3",29,0,0,1,"GTAG",NA,"ANCHOR_UNIQUE,CANONICAL,CIRCULAR,PERFECT_EXT,UNAMBIGUOUS_BP"
"359","4",55298197,55334855,"mma_circ_000387",111,"+",8,111,40,40,"my_test_mma3",111,0,0,1,"GTAG",NA,"ANCHOR_UNIQUE,CANONICAL,CIRCULAR,PERFECT_EXT,UNAMBIGUOUS_BP"
"360","5",182103472,182103699,"mma_circ_000388",21,"-",3,21,40,5,"my_test_mma3",21,0,0,1,"GTAG",NA,"ANCHOR_UNIQUE,CANONICAL,CIRCULAR,PERFECT_EXT,UNAMBIGUOUS_BP"
"361","13",4754190,4755432,"mma_circ_000389",22,"+",6,22,40,5,"my_test_mma3",22,0,0,1,"GTAG",NA,"ANCHOR_UNIQUE,CANONICAL,CIRCULAR,PERFECT_EXT,UNAMBIGUOUS_BP"
"362","16",608793,612392,"mma_circ_000390",73,"-",14,73,40,40,"my_test_mma3",73,0,0,1,"GTAG",NA,"ANCHOR_UNIQUE,CANONICAL,CIRCULAR,PERFECT_EXT,UNAMBIGUOUS_BP"
"363","2",29287531,29330536,"mma_circ_000391",107,"+",8,107,40,40,"my_test_mma3",107,0,0,1,"GTAG",NA,"ANCHOR_UNIQUE,CANONICAL,CIRCULAR,PERFECT_EXT,UNAMBIGUOUS_BP"
"364","2",1868648,1883043,"mma_circ_000393",14,"-",1,14,35,40,"my_test_mma3",14,0,1,1,"GTAG",NA,"ANCHOR_UNIQUE,CANONICAL,CIRCULAR,GOOD_EXT,UNAMBIGUOUS_BP"
"365","7",96839532,96842989,"mma_circ_000394",22,"-",5,22,37,5,"my_test_mma3",22,0,0,1,"GTAG",NA,"ANCHOR_UNIQUE,CANONICAL,CIRCULAR,PERFECT_EXT,UNAMBIGUOUS_BP"
"366","9",111528755,111529692,"mma_circ_000395",26,"+",3,26,40,5,"my_test_mma3",26,0,0,1,"GTAG",NA,"ANCHOR_UNIQUE,CANONICAL,CIRCULAR,PERFECT_EXT,UNAMBIGUOUS_BP"
"367","6",156615321,156615616,"mma_circ_000396",10,"-",2,10,5,5,"my_test_mma3",10,0,0,1,"GTAG",NA,"ANCHOR_UNIQUE,CANONICAL,CIRCULAR,PERFECT_EXT,UNAMBIGUOUS_BP"
"368","1",173871085,173899868,"mma_circ_000397",32,"+",3,32,37,5,"my_test_mma3",32,0,0,1,"GTAG",NA,"ANCHOR_UNIQUE,CANONICAL,CIRCULAR,PERFECT_EXT,UNAMBIGUOUS_BP"
"369","5",137430414,137430604,"mma_circ_000399",26,"-",6,26,40,40,"my_test_mma3",26,0,0,1,"GTAG",NA,"ANCHOR_UNIQUE,CANONICAL,CIRCULAR,PERFECT_EXT,UNAMBIGUOUS_BP"
"370","18",3601991,3603958,"mma_circ_000400",39,"+",8,26,40,40,"my_test_mma3",39,0,0,1,"GTAG",NA,"ANCHOR_UNIQUE,CANONICAL,CIRCULAR,PERFECT_EXT,UNAMBIGUOUS_BP"
"371","14",32176493,32177592,"mma_circ_000401",43,"-",5,43,40,40,"my_test_mma3",43,0,0,1,"GTAG",NA,"ANCHOR_UNIQUE,CANONICAL,CIRCULAR,PERFECT_EXT,UNAMBIGUOUS_BP"
"372","14",70699640,70706873,"mma_circ_000402",36,"-",3,22,40,35,"my_test_mma3",36,0,0,1,"GTAG",NA,"ANCHOR_UNIQUE,CANONICAL,CIRCULAR,PERFECT_EXT,UNAMBIGUOUS_BP"
"373","19",4315745,4319330,"mma_circ_000404",16,"+",1,16,5,5,"my_test_mma3",16,0,0,1,"GTAG",NA,"ANCHOR_UNIQUE,CANONICAL,CIRCULAR,PERFECT_EXT,UNAMBIGUOUS_BP"
"374","8",56572327,56584393,"mma_circ_000405",30,"+",8,30,5,40,"my_test_mma3",30,0,0,1,"GTAG",NA,"ANCHOR_UNIQUE,CANONICAL,CIRCULAR,PERFECT_EXT,UNAMBIGUOUS_BP"
"375","2",84301083,84301242,"mma_circ_000406",47,"+",7,46,40,40,"my_test_mma3",47,0,0,1,"GTAG",NA,"ANCHOR_UNIQUE,CANONICAL,CIRCULAR,PERFECT_EXT,UNAMBIGUOUS_BP"
"376","14",122855269,122855805,"mma_circ_000407",39,"+",4,39,5,40,"my_test_mma3",39,1,0,1,"GTAG",NA,"ANCHOR_UNIQUE,CANONICAL,CIRCULAR,GOOD_EXT,UNAMBIGUOUS_BP"
"377","2",117884826,117909140,"mma_circ_000408",25,"+",2,25,5,40,"my_test_mma3",25,0,0,1,"GTAG",NA,"ANCHOR_UNIQUE,CANONICAL,CIRCULAR,PERFECT_EXT,UNAMBIGUOUS_BP"
"378","11",108796961,108828084,"mma_circ_000410",43,"+",5,43,5,40,"my_test_mma3",43,0,0,1,"GTAG",NA,"ANCHOR_UNIQUE,CANONICAL,CIRCULAR,PERFECT_EXT,UNAMBIGUOUS_BP"
"379","2",75084645,75117361,"mma_circ_000411",61,"-",5,60,40,40,"my_test_mma3",61,0,0,1,"GTAG",NA,"ANCHOR_UNIQUE,CANONICAL,CIRCULAR,PERFECT_EXT,UNAMBIGUOUS_BP"
"380","4",84314604,84315495,"mma_circ_000412",20,"-",4,20,5,40,"my_test_mma3",20,0,0,1,"GTAG",NA,"ANCHOR_UNIQUE,CANONICAL,CIRCULAR,PERFECT_EXT,UNAMBIGUOUS_BP"
"381","10",84267942,84273257,"mma_circ_000413",19,"+",6,2,40,40,"my_test_mma3",19,0,0,1,"GTAG",NA,"ANCHOR_UNIQUE,CANONICAL,CIRCULAR,PERFECT_EXT,UNAMBIGUOUS_BP"
"382","7",653611,693826,"mma_circ_000414",42,"+",1,42,5,5,"my_test_mma3",42,1,0,1,"GTAG",NA,"ANCHOR_UNIQUE,CANONICAL,CIRCULAR,GOOD_EXT,UNAMBIGUOUS_BP"
"383","4",33041837,33044594,"mma_circ_000416",27,"+",6,27,40,40,"my_test_mma3",27,0,0,1,"GTAG",NA,"ANCHOR_UNIQUE,CANONICAL,CIRCULAR,PERFECT_EXT,UNAMBIGUOUS_BP"
"384","4",64622415,64624632,"mma_circ_000417",107,"+",14,94,40,40,"my_test_mma3",107,0,0,1,"GTAG",NA,"ANCHOR_UNIQUE,CANONICAL,CIRCULAR,PERFECT_EXT,UNAMBIGUOUS_BP"
"385","13",38494899,38495605,"mma_circ_000418",34,"-",4,34,5,40,"my_test_mma3",34,0,0,1,"GTAG",NA,"ANCHOR_UNIQUE,CANONICAL,CIRCULAR,PERFECT_EXT,UNAMBIGUOUS_BP"
"386","13",97551960,97556991,"mma_circ_000419",24,"+",2,24,40,40,"my_test_mma3",24,1,0,1,"GTAG",NA,"ANCHOR_UNIQUE,CANONICAL,CIRCULAR,GOOD_EXT,UNAMBIGUOUS_BP"
"387","2",151201488,151214734,"mma_circ_000420",17,"+",4,17,40,5,"my_test_mma3",17,0,0,1,"GTAG",NA,"ANCHOR_UNIQUE,CANONICAL,CIRCULAR,PERFECT_EXT,UNAMBIGUOUS_BP"
"388","6",143888637,143896639,"mma_circ_000422",30,"+",2,30,5,40,"my_test_mma3",30,1,0,1,"GTAG",NA,"ANCHOR_UNIQUE,CANONICAL,CIRCULAR,GOOD_EXT,UNAMBIGUOUS_BP"
"389","18",31351069,31378047,"mma_circ_000423",26,"-",4,26,40,5,"my_test_mma3",26,0,0,1,"GTAG",NA,"ANCHOR_UNIQUE,CANONICAL,CIRCULAR,PERFECT_EXT,UNAMBIGUOUS_BP"
"390","9",62794611,62813932,"mma_circ_000424",6,"-",2,6,40,40,"my_test_mma3",6,0,0,1,"GTAG",NA,"ANCHOR_UNIQUE,CANONICAL,CIRCULAR,PERFECT_EXT,UNAMBIGUOUS_BP"
"391","11",56187933,56194143,"mma_circ_000425",22,"-",2,22,40,40,"my_test_mma3",22,0,0,1,"GTAG",NA,"ANCHOR_UNIQUE,CANONICAL,CIRCULAR,PERFECT_EXT,UNAMBIGUOUS_BP"
"392","6",131634942,131643917,"mma_circ_000426",30,"-",6,30,5,5,"my_test_mma3",30,0,0,1,"GTAG",NA,"ANCHOR_UNIQUE,CANONICAL,CIRCULAR,PERFECT_EXT,UNAMBIGUOUS_BP"
"393","14",65704148,65708298,"mma_circ_000427",10,"-",1,10,40,40,"my_test_mma3",10,0,0,1,"GTAG",NA,"ANCHOR_UNIQUE,CANONICAL,CIRCULAR,PERFECT_EXT,UNAMBIGUOUS_BP"
"394","15",47558608,47566416,"mma_circ_000430",32,"-",2,32,40,40,"my_test_mma3",32,0,0,1,"GTAG",NA,"ANCHOR_UNIQUE,CANONICAL,CIRCULAR,PERFECT_EXT,UNAMBIGUOUS_BP"
"395","10",84364806,84365095,"mma_circ_000431",45,"-",9,45,40,40,"my_test_mma3",45,0,0,1,"GTAG",NA,"ANCHOR_UNIQUE,CANONICAL,CIRCULAR,PERFECT_EXT,UNAMBIGUOUS_BP"
"396","15",112753939,112762677,"mma_circ_000432",30,"+",6,30,40,5,"my_test_mma3",30,0,0,1,"GTAG",NA,"ANCHOR_UNIQUE,CANONICAL,CIRCULAR,PERFECT_EXT,UNAMBIGUOUS_BP"
"397","8",61348068,61387437,"mma_circ_000433",32,"+",5,32,40,5,"my_test_mma3",32,0,0,1,"GTAG",NA,"ANCHOR_UNIQUE,CANONICAL,CIRCULAR,PERFECT_EXT,UNAMBIGUOUS_BP"
"398","9",950814,990705,"mma_circ_000435",36,"+",2,36,40,40,"my_test_mma3",36,0,0,1,"GTAG",NA,"ANCHOR_UNIQUE,CANONICAL,CIRCULAR,PERFECT_EXT,UNAMBIGUOUS_BP"
"399","13",5073072,5076162,"mma_circ_000436",29,"+",3,29,5,40,"my_test_mma3",29,1,0,1,"GTAG",NA,"ANCHOR_UNIQUE,CANONICAL,CIRCULAR,GOOD_EXT,UNAMBIGUOUS_BP"
"400","9",125391501,125415707,"mma_circ_000437",43,"+",8,43,40,40,"my_test_mma3",43,0,0,1,"GTAG",NA,"ANCHOR_UNIQUE,CANONICAL,CIRCULAR,PERFECT_EXT,UNAMBIGUOUS_BP"
"401","14",121852706,121856854,"mma_circ_000438",9,"-",2,9,5,5,"my_test_mma3",9,0,0,1,"GTAG",NA,"ANCHOR_UNIQUE,CANONICAL,CIRCULAR,PERFECT_EXT,UNAMBIGUOUS_BP"
"402","19",9896058,9903745,"mma_circ_000439",46,"-",4,46,40,40,"my_test_mma3",46,0,0,1,"GTAG",NA,"ANCHOR_UNIQUE,CANONICAL,CIRCULAR,PERFECT_EXT,UNAMBIGUOUS_BP"
"403","16",7292248,7292416,"mma_circ_000440",34,"-",9,31,37,40,"my_test_mma3",34,0,0,1,"GTAG",NA,"ANCHOR_UNIQUE,CANONICAL,CIRCULAR,PERFECT_EXT,UNAMBIGUOUS_BP"
"404","13",80652100,80652254,"mma_circ_000441",58,"-",4,58,40,40,"my_test_mma3",58,1,0,1,"GTAG",NA,"ANCHOR_UNIQUE,CANONICAL,CIRCULAR,GOOD_EXT,UNAMBIGUOUS_BP"
"405","15",77891916,77906722,"mma_circ_000442",42,"+",2,42,5,5,"my_test_mma3",42,0,0,1,"GTAG",NA,"ANCHOR_UNIQUE,CANONICAL,CIRCULAR,PERFECT_EXT,UNAMBIGUOUS_BP"
"406","20",2869093,2869339,"mma_circ_000443",12,"+",3,12,40,40,"my_test_mma3",12,1,0,1,"GTAG",NA,"ANCHOR_UNIQUE,CANONICAL,CIRCULAR,GOOD_EXT,UNAMBIGUOUS_BP"
"407","6",43598292,43616724,"mma_circ_000444",20,"+",2,20,5,5,"my_test_mma3",20,0,1,1,"GTAG",NA,"ANCHOR_UNIQUE,CANONICAL,CIRCULAR,GOOD_EXT,UNAMBIGUOUS_BP"
"408","7",79864492,79865979,"mma_circ_000445",26,"-",3,26,40,40,"my_test_mma3",26,1,0,1,"GTAG",NA,"ANCHOR_UNIQUE,CANONICAL,CIRCULAR,GOOD_EXT,UNAMBIGUOUS_BP"
"409","X",18006253,18007591,"mma_circ_000446",36,"-",6,36,40,5,"my_test_mma3",36,0,0,1,"GTAG",NA,"ANCHOR_UNIQUE,CANONICAL,CIRCULAR,PERFECT_EXT,UNAMBIGUOUS_BP"
"410","5",146041631,146043390,"mma_circ_000447",177,"-",17,177,40,40,"my_test_mma3",177,0,0,1,"GTAG",NA,"ANCHOR_UNIQUE,CANONICAL,CIRCULAR,PERFECT_EXT,UNAMBIGUOUS_BP"
"411","3",97142128,97171788,"mma_circ_000448",43,"+",5,43,5,40,"my_test_mma3",43,0,0,1,"GTAG",NA,"ANCHOR_UNIQUE,CANONICAL,CIRCULAR,PERFECT_EXT,UNAMBIGUOUS_BP"
"412","3",33050780,33052149,"mma_circ_000449",45,"-",5,45,40,40,"my_test_mma3",45,0,0,1,"GTAG",NA,"ANCHOR_UNIQUE,CANONICAL,CIRCULAR,PERFECT_EXT,UNAMBIGUOUS_BP"
"413","3",166135022,166136106,"mma_circ_000450",23,"-",3,23,40,40,"my_test_mma3",23,0,0,1,"GTAG",NA,"ANCHOR_UNIQUE,CANONICAL,CIRCULAR,PERFECT_EXT,UNAMBIGUOUS_BP"
"414","20",40423540,40426237,"mma_circ_000451",4,"+",1,4,5,5,"my_test_mma3",4,0,0,1,"GTAG",NA,"ANCHOR_UNIQUE,CANONICAL,CIRCULAR,PERFECT_EXT,UNAMBIGUOUS_BP"
"415","1",214753141,214753368,"mma_circ_000452",54,"+",3,54,40,40,"my_test_mma3",54,0,0,1,"GTAG",NA,"ANCHOR_UNIQUE,CANONICAL,CIRCULAR,PERFECT_EXT,UNAMBIGUOUS_BP"
"416","15",69474977,69482545,"mma_circ_000453",14,"+",2,14,37,5,"my_test_mma3",14,0,0,1,"GTAG",NA,"ANCHOR_UNIQUE,CANONICAL,CIRCULAR,PERFECT_EXT,UNAMBIGUOUS_BP"
"417","8",141451966,141458014,"mma_circ_000454",28,"-",2,28,40,40,"my_test_mma3",28,0,0,1,"GTAG",NA,"ANCHOR_UNIQUE,CANONICAL,CIRCULAR,PERFECT_EXT,UNAMBIGUOUS_BP"
"418","6",1430381,1444521,"mma_circ_000455",22,"-",4,22,40,35,"my_test_mma3",22,0,0,1,"GTAG",NA,"ANCHOR_UNIQUE,CANONICAL,CIRCULAR,PERFECT_EXT,UNAMBIGUOUS_BP"
"419","19",56834498,56863108,"mma_circ_000456",37,"+",8,37,40,37,"my_test_mma3",37,1,0,1,"GTAG",NA,"ANCHOR_UNIQUE,CANONICAL,CIRCULAR,GOOD_EXT,UNAMBIGUOUS_BP"
"420","15",2682072,2707356,"mma_circ_000457",479,"-",46,45,40,5,"my_test_mma3",479,1,0,1,"GTAG",NA,"ANCHOR_UNIQUE,CANONICAL,CIRCULAR,GOOD_EXT,UNAMBIGUOUS_BP"
"421","5",41178507,41232999,"mma_circ_000459",28,"+",5,28,40,40,"my_test_mma3",28,0,0,1,"GTAG",NA,"ANCHOR_UNIQUE,CANONICAL,CIRCULAR,PERFECT_EXT,UNAMBIGUOUS_BP"
"422","18",1057786,1104442,"mma_circ_000462",26,"-",2,26,40,40,"my_test_mma3",26,0,0,1,"GTAG",NA,"ANCHOR_UNIQUE,CANONICAL,CIRCULAR,PERFECT_EXT,UNAMBIGUOUS_BP"
"423","16",77928840,77953966,"mma_circ_000463",31,"-",2,31,37,35,"my_test_mma3",31,0,0,1,"GTAG",NA,"ANCHOR_UNIQUE,CANONICAL,CIRCULAR,PERFECT_EXT,UNAMBIGUOUS_BP"
"424","11",48173999,48176141,"mma_circ_000464",55,"-",7,38,40,40,"my_test_mma3",55,0,0,1,"GTAG",NA,"ANCHOR_UNIQUE,CANONICAL,CIRCULAR,PERFECT_EXT,UNAMBIGUOUS_BP"
"425","3",82568146,82583854,"mma_circ_000465",15,"-",3,15,37,5,"my_test_mma3",15,0,0,1,"GTAG",NA,"ANCHOR_UNIQUE,CANONICAL,CIRCULAR,PERFECT_EXT,UNAMBIGUOUS_BP"
"426","20",61148505,61186432,"mma_circ_000466",177,"-",27,128,40,37,"my_test_mma3",177,0,0,1,"GTAG",NA,"ANCHOR_UNIQUE,CANONICAL,CIRCULAR,PERFECT_EXT,UNAMBIGUOUS_BP"
"427","13",97966516,97967986,"mma_circ_000467",16,"+",3,16,40,40,"my_test_mma3",16,0,0,1,"GTAG",NA,"ANCHOR_UNIQUE,CANONICAL,CIRCULAR,PERFECT_EXT,UNAMBIGUOUS_BP"
"428","14",88415536,88415727,"mma_circ_000468",64,"+",13,64,40,40,"my_test_mma3",64,0,0,1,"GTAG",NA,"ANCHOR_UNIQUE,CANONICAL,CIRCULAR,PERFECT_EXT,UNAMBIGUOUS_BP"
"429","20",29818788,29818981,"mma_circ_000469",2,"+",2,2,40,40,"my_test_mma3",2,0,0,1,"GTAG",NA,"ANCHOR_UNIQUE,CANONICAL,CIRCULAR,PERFECT_EXT,UNAMBIGUOUS_BP"
"430","2",35869602,35871922,"mma_circ_000470",3,"-",1,3,40,5,"my_test_mma3",3,1,0,1,"GTAG",NA,"ANCHOR_UNIQUE,CANONICAL,CIRCULAR,GOOD_EXT,UNAMBIGUOUS_BP"
"431","16",57959460,57960838,"mma_circ_000471",9,"-",7,9,40,40,"my_test_mma3",9,0,0,1,"GTAG",NA,"ANCHOR_UNIQUE,CANONICAL,CIRCULAR,PERFECT_EXT,UNAMBIGUOUS_BP"
"432","10",10342716,10344277,"mma_circ_000472",28,"-",7,28,40,40,"my_test_mma3",28,0,0,1,"GTAG",NA,"ANCHOR_UNIQUE,CANONICAL,CIRCULAR,PERFECT_EXT,UNAMBIGUOUS_BP"
"433","1",154143029,154178026,"mma_circ_000473",12,"+",4,11,35,40,"my_test_mma3",12,0,0,1,"GTAG",NA,"ANCHOR_UNIQUE,CANONICAL,CIRCULAR,PERFECT_EXT,UNAMBIGUOUS_BP"
"434","10",8917562,8978050,"mma_circ_000475",63,"+",10,23,40,37,"my_test_mma3",63,1,0,1,"GTAG",NA,"ANCHOR_UNIQUE,CANONICAL,CIRCULAR,GOOD_EXT,UNAMBIGUOUS_BP"
"435","2",154600320,154617259,"mma_circ_000476",28,"+",5,28,5,40,"my_test_mma3",28,0,0,1,"GTAG",NA,"ANCHOR_UNIQUE,CANONICAL,CIRCULAR,PERFECT_EXT,UNAMBIGUOUS_BP"
"436","20",11800405,11801698,"mma_circ_000477",18,"-",4,18,5,40,"my_test_mma3",18,0,0,1,"GTAG",NA,"ANCHOR_UNIQUE,CANONICAL,CIRCULAR,PERFECT_EXT,UNAMBIGUOUS_BP"
"437","3",79401224,79403966,"mma_circ_000478",16,"+",1,16,40,40,"my_test_mma3",16,1,0,1,"GTAG",NA,"ANCHOR_UNIQUE,CANONICAL,CIRCULAR,GOOD_EXT,UNAMBIGUOUS_BP"
"438","13",47263751,47267731,"mma_circ_000479",58,"+",4,58,40,5,"my_test_mma3",58,0,0,1,"GTAG",NA,"ANCHOR_UNIQUE,CANONICAL,CIRCULAR,PERFECT_EXT,UNAMBIGUOUS_BP"
"439","3",155265125,155268286,"mma_circ_000480",11,"-",2,11,5,40,"my_test_mma3",11,0,0,1,"GTAG",NA,"ANCHOR_UNIQUE,CANONICAL,CIRCULAR,PERFECT_EXT,UNAMBIGUOUS_BP"
"440","5",148520941,148526431,"mma_circ_000481",36,"-",3,36,40,40,"my_test_mma3",36,0,0,1,"GTAG",NA,"ANCHOR_UNIQUE,CANONICAL,CIRCULAR,PERFECT_EXT,UNAMBIGUOUS_BP"
"441","15",12335638,12335805,"mma_circ_000482",63,"+",19,54,37,40,"my_test_mma3",63,0,0,1,"GTAG",NA,"ANCHOR_UNIQUE,CANONICAL,CIRCULAR,PERFECT_EXT,UNAMBIGUOUS_BP"
"442","20",33367183,33370808,"mma_circ_000483",18,"-",2,18,5,5,"my_test_mma3",18,0,0,1,"GTAG",NA,"ANCHOR_UNIQUE,CANONICAL,CIRCULAR,PERFECT_EXT,UNAMBIGUOUS_BP"
"443","9",114661184,114669862,"mma_circ_000484",24,"-",1,24,40,5,"my_test_mma3",24,0,0,1,"GTAG",NA,"ANCHOR_UNIQUE,CANONICAL,CIRCULAR,PERFECT_EXT,UNAMBIGUOUS_BP"
"444","5",57011996,57012128,"mma_circ_000485",26,"-",1,26,40,40,"my_test_mma3",26,0,0,1,"GTAG",NA,"ANCHOR_UNIQUE,CANONICAL,CIRCULAR,PERFECT_EXT,UNAMBIGUOUS_BP"
"445","20",58569882,58640298,"mma_circ_000486",4,"+",1,4,40,5,"my_test_mma3",4,0,0,1,"GTAG",NA,"ANCHOR_UNIQUE,CANONICAL,CIRCULAR,PERFECT_EXT,UNAMBIGUOUS_BP"
"446","1",195942631,195944215,"mma_circ_000487",41,"-",11,41,40,40,"my_test_mma3",41,0,0,1,"GTAG",NA,"ANCHOR_UNIQUE,CANONICAL,CIRCULAR,PERFECT_EXT,UNAMBIGUOUS_BP"
"447","1",81707938,81738710,"mma_circ_000488",18,"-",2,18,5,5,"my_test_mma3",18,0,0,1,"GTAG",NA,"ANCHOR_UNIQUE,CANONICAL,CIRCULAR,PERFECT_EXT,UNAMBIGUOUS_BP"
"448","8",140896109,140896216,"mma_circ_000489",12,"-",3,12,5,37,"my_test_mma3",12,0,0,1,"GTAG",NA,"ANCHOR_UNIQUE,CANONICAL,CIRCULAR,PERFECT_EXT,UNAMBIGUOUS_BP"
"449","9",68832216,68836641,"mma_circ_000490",22,"-",4,22,35,40,"my_test_mma3",22,0,0,1,"GTAG",NA,"ANCHOR_UNIQUE,CANONICAL,CIRCULAR,PERFECT_EXT,UNAMBIGUOUS_BP"
"450","16",11847447,11887318,"mma_circ_000491",43,"+",4,36,5,40,"my_test_mma3",43,0,0,1,"GTAG",NA,"ANCHOR_UNIQUE,CANONICAL,CIRCULAR,PERFECT_EXT,UNAMBIGUOUS_BP"
"451","12",41508255,41531018,"mma_circ_000492",38,"+",3,38,5,40,"my_test_mma3",38,0,0,1,"GTAG",NA,"ANCHOR_UNIQUE,CANONICAL,CIRCULAR,PERFECT_EXT,UNAMBIGUOUS_BP"
"452","13",77524716,77531773,"mma_circ_000493",84,"+",6,84,40,40,"my_test_mma3",84,0,0,1,"GTAG",NA,"ANCHOR_UNIQUE,CANONICAL,CIRCULAR,PERFECT_EXT,UNAMBIGUOUS_BP"
"453","1",55019813,55058352,"mma_circ_000494",15,"-",2,15,40,37,"my_test_mma3",15,0,0,1,"GTAG",NA,"ANCHOR_UNIQUE,CANONICAL,CIRCULAR,PERFECT_EXT,UNAMBIGUOUS_BP"
"454","2",1132503,1149375,"mma_circ_000495",8,"-",3,8,40,40,"my_test_mma3",8,0,0,1,"GTAG",NA,"ANCHOR_UNIQUE,CANONICAL,CIRCULAR,PERFECT_EXT,UNAMBIGUOUS_BP"
"455","11",131949357,131955748,"mma_circ_000497",31,"+",2,31,37,40,"my_test_mma3",31,0,0,1,"GTAG",NA,"ANCHOR_UNIQUE,CANONICAL,CIRCULAR,PERFECT_EXT,UNAMBIGUOUS_BP"
"456","15",30528262,30562706,"mma_circ_000498",37,"+",5,37,5,37,"my_test_mma3",37,0,0,1,"GTAG",NA,"ANCHOR_UNIQUE,CANONICAL,CIRCULAR,PERFECT_EXT,UNAMBIGUOUS_BP"
"457","2",77205899,77209312,"mma_circ_000499",24,"+",1,24,5,40,"my_test_mma3",24,0,0,1,"GTAG",NA,"ANCHOR_UNIQUE,CANONICAL,CIRCULAR,PERFECT_EXT,UNAMBIGUOUS_BP"
"458","5",77127921,77133161,"mma_circ_000500",20,"-",4,20,40,5,"my_test_mma3",20,1,1,1,"GTAG",NA,"ANCHOR_UNIQUE,CANONICAL,CIRCULAR,GOOD_EXT,UNAMBIGUOUS_BP"
"459","3",10239127,10241250,"mma_circ_000501",24,"-",5,24,5,40,"my_test_mma3",24,0,0,1,"GTAG",NA,"ANCHOR_UNIQUE,CANONICAL,CIRCULAR,PERFECT_EXT,UNAMBIGUOUS_BP"
"460","15",108428241,108456912,"mma_circ_000502",59,"+",8,59,40,40,"my_test_mma3",59,0,0,1,"GTAG",NA,"ANCHOR_UNIQUE,CANONICAL,CIRCULAR,PERFECT_EXT,UNAMBIGUOUS_BP"
"461","16",41696444,41706537,"mma_circ_000503",12,"-",1,12,36,40,"my_test_mma3",12,2,0,1,"GTAG",NA,"ANCHOR_UNIQUE,CANONICAL,CIRCULAR,OK_EXT,UNAMBIGUOUS_BP"
"462","16",36581082,36593230,"mma_circ_000505",39,"-",6,39,40,5,"my_test_mma3",39,0,0,1,"GTAG",NA,"ANCHOR_UNIQUE,CANONICAL,CIRCULAR,PERFECT_EXT,UNAMBIGUOUS_BP"
"463","14",86956941,86960813,"mma_circ_000506",27,"+",3,27,40,40,"my_test_mma3",27,0,0,1,"GTAG",NA,"ANCHOR_UNIQUE,CANONICAL,CIRCULAR,PERFECT_EXT,UNAMBIGUOUS_BP"
"464","4",15021789,15046998,"mma_circ_000507",40,"-",3,40,40,5,"my_test_mma3",40,0,0,1,"GTAG",NA,"ANCHOR_UNIQUE,CANONICAL,CIRCULAR,PERFECT_EXT,UNAMBIGUOUS_BP"
"465","11",108861986,108862391,"mma_circ_000508",258,"+",30,258,40,40,"my_test_mma3",258,0,0,1,"GTAG",NA,"ANCHOR_UNIQUE,CANONICAL,CIRCULAR,PERFECT_EXT,UNAMBIGUOUS_BP"
"466","6",139313252,139315365,"mma_circ_000509",26,"+",1,26,40,40,"my_test_mma3",26,0,0,1,"GTAG",NA,"ANCHOR_UNIQUE,CANONICAL,CIRCULAR,PERFECT_EXT,UNAMBIGUOUS_BP"
"467","15",7296837,7297479,"mma_circ_000512",28,"-",1,28,5,40,"my_test_mma3",28,1,0,1,"GTAG",NA,"ANCHOR_UNIQUE,CANONICAL,CIRCULAR,GOOD_EXT,UNAMBIGUOUS_BP"
"468","7",33650541,33673190,"mma_circ_000513",21,"+",2,21,40,5,"my_test_mma3",21,0,0,1,"GTAG",NA,"ANCHOR_UNIQUE,CANONICAL,CIRCULAR,PERFECT_EXT,UNAMBIGUOUS_BP"
"469","16",31362754,31363305,"mma_circ_000514",53,"+",6,53,40,40,"my_test_mma3",53,0,0,1,"GTAG",NA,"ANCHOR_UNIQUE,CANONICAL,CIRCULAR,PERFECT_EXT,UNAMBIGUOUS_BP"
"470","19",10880210,10880639,"mma_circ_000515",30,"+",3,30,40,40,"my_test_mma3",30,0,0,1,"GTAG",NA,"ANCHOR_UNIQUE,CANONICAL,CIRCULAR,PERFECT_EXT,UNAMBIGUOUS_BP"
"471","7",9205103,9250550,"mma_circ_000516",14,"-",3,14,40,40,"my_test_mma3",14,0,0,1,"GTAG",NA,"ANCHOR_UNIQUE,CANONICAL,CIRCULAR,PERFECT_EXT,UNAMBIGUOUS_BP"
"472","4",12822565,12824293,"mma_circ_000517",21,"+",5,21,5,40,"my_test_mma3",21,0,0,1,"GTAG",NA,"ANCHOR_UNIQUE,CANONICAL,CIRCULAR,PERFECT_EXT,UNAMBIGUOUS_BP"
"473","20",29817962,29818038,"mma_circ_000518",4,"+",2,4,5,40,"my_test_mma3",4,0,0,1,"GTAG",NA,"ANCHOR_UNIQUE,CANONICAL,CIRCULAR,PERFECT_EXT,UNAMBIGUOUS_BP"
"474","7",80653820,80681413,"mma_circ_000519",19,"-",4,18,5,40,"my_test_mma3",19,1,0,1,"GTAG",NA,"ANCHOR_UNIQUE,CANONICAL,CIRCULAR,GOOD_EXT,UNAMBIGUOUS_BP"
"475","3",112774915,112803012,"mma_circ_000520",15,"-",2,15,35,5,"my_test_mma3",15,0,0,1,"GTAG",NA,"ANCHOR_UNIQUE,CANONICAL,CIRCULAR,PERFECT_EXT,UNAMBIGUOUS_BP"
"476","20",35279784,35285171,"mma_circ_000521",32,"-",7,32,40,40,"my_test_mma3",32,0,0,1,"GTAG",NA,"ANCHOR_UNIQUE,CANONICAL,CIRCULAR,PERFECT_EXT,UNAMBIGUOUS_BP"
"477","2",97191750,97195084,"mma_circ_000522",26,"+",7,26,5,40,"my_test_mma3",26,0,0,1,"GTAG",NA,"ANCHOR_UNIQUE,CANONICAL,CIRCULAR,PERFECT_EXT,UNAMBIGUOUS_BP"
"478","19",927883,935161,"mma_circ_000523",44,"-",2,44,40,5,"my_test_mma3",44,1,0,1,"GTAG",NA,"ANCHOR_UNIQUE,CANONICAL,CIRCULAR,GOOD_EXT,UNAMBIGUOUS_BP"
"479","13",44788359,44833096,"mma_circ_000524",19,"+",3,19,5,5,"my_test_mma3",19,0,0,1,"GTAG",NA,"ANCHOR_UNIQUE,CANONICAL,CIRCULAR,PERFECT_EXT,UNAMBIGUOUS_BP"
"480","14",32135935,32177592,"mma_circ_000525",26,"-",1,26,40,40,"my_test_mma3",26,0,0,1,"GTAG",NA,"ANCHOR_UNIQUE,CANONICAL,CIRCULAR,PERFECT_EXT,UNAMBIGUOUS_BP"
"481","20",4319128,4320043,"mma_circ_000526",54,"-",7,54,40,40,"my_test_mma3",54,0,0,1,"GTAG",NA,"ANCHOR_UNIQUE,CANONICAL,CIRCULAR,PERFECT_EXT,UNAMBIGUOUS_BP"
"482","4",64895780,64911734,"mma_circ_000527",36,"+",3,36,40,40,"my_test_mma3",36,0,0,1,"GTAG",NA,"ANCHOR_UNIQUE,CANONICAL,CIRCULAR,PERFECT_EXT,UNAMBIGUOUS_BP"
"483","11",115742310,115745797,"mma_circ_000528",26,"-",3,26,35,40,"my_test_mma3",26,0,1,1,"GTAG",NA,"ANCHOR_UNIQUE,CANONICAL,CIRCULAR,GOOD_EXT,UNAMBIGUOUS_BP"
"484","5",21391987,21454946,"mma_circ_000529",30,"-",2,30,5,40,"my_test_mma3",30,0,0,1,"GTAG",NA,"ANCHOR_UNIQUE,CANONICAL,CIRCULAR,PERFECT_EXT,UNAMBIGUOUS_BP"
"485","16",904671,955965,"mma_circ_000530",31,"-",3,31,40,40,"my_test_mma3",31,0,0,1,"GTAG",NA,"ANCHOR_UNIQUE,CANONICAL,CIRCULAR,PERFECT_EXT,UNAMBIGUOUS_BP"
"486","14",69515169,69523759,"mma_circ_000531",24,"+",1,24,40,40,"my_test_mma3",24,0,0,1,"GTAG",NA,"ANCHOR_UNIQUE,CANONICAL,CIRCULAR,PERFECT_EXT,UNAMBIGUOUS_BP"
"487","4",86082572,86085327,"mma_circ_000532",25,"-",4,24,5,5,"my_test_mma3",25,0,0,1,"GTAG",NA,"ANCHOR_UNIQUE,CANONICAL,CIRCULAR,PERFECT_EXT,UNAMBIGUOUS_BP"
"488","11",1047254,1048075,"mma_circ_000533",21,"+",2,21,40,5,"my_test_mma3",21,2,0,1,"GTAG",NA,"ANCHOR_UNIQUE,CANONICAL,CIRCULAR,OK_EXT,UNAMBIGUOUS_BP"
"489","5",145557356,145576959,"mma_circ_000535",8,"+",2,8,40,5,"my_test_mma3",8,0,0,1,"GTAG",NA,"ANCHOR_UNIQUE,CANONICAL,CIRCULAR,PERFECT_EXT,UNAMBIGUOUS_BP"
"490","12",35062119,35065715,"mma_circ_000536",45,"+",13,45,40,40,"my_test_mma3",45,0,0,1,"GTAG",NA,"ANCHOR_UNIQUE,CANONICAL,CIRCULAR,PERFECT_EXT,UNAMBIGUOUS_BP"
"491","12",97406671,97475083,"mma_circ_000537",22,"-",7,22,40,40,"my_test_mma3",22,0,0,1,"GTAG",NA,"ANCHOR_UNIQUE,CANONICAL,CIRCULAR,PERFECT_EXT,UNAMBIGUOUS_BP"
"492","16",23736554,23785290,"mma_circ_000538",41,"+",5,41,40,40,"my_test_mma3",41,0,0,1,"GTAG",NA,"ANCHOR_UNIQUE,CANONICAL,CIRCULAR,PERFECT_EXT,UNAMBIGUOUS_BP"
"493","14",4322289,4329444,"mma_circ_000539",20,"+",2,20,40,5,"my_test_mma3",20,1,0,1,"GTAG",NA,"ANCHOR_UNIQUE,CANONICAL,CIRCULAR,GOOD_EXT,UNAMBIGUOUS_BP"
"494","19",19858734,19858902,"mma_circ_000540",26,"+",1,26,5,40,"my_test_mma3",26,2,0,1,"GTAG",NA,"ANCHOR_UNIQUE,CANONICAL,CIRCULAR,OK_EXT,UNAMBIGUOUS_BP"
"495","13",47238835,47245916,"mma_circ_000541",48,"+",1,48,36,40,"my_test_mma3",48,0,0,1,"GTAG",NA,"ANCHOR_UNIQUE,CANONICAL,CIRCULAR,PERFECT_EXT,UNAMBIGUOUS_BP"
"496","11",92610946,92637874,"mma_circ_000542",54,"-",4,53,40,5,"my_test_mma3",54,0,0,1,"GTAG",NA,"ANCHOR_UNIQUE,CANONICAL,CIRCULAR,PERFECT_EXT,UNAMBIGUOUS_BP"
"497","7",153916670,153916836,"mma_circ_000543",7,"+",3,7,40,40,"my_test_mma3",7,1,0,1,"GTAG",NA,"ANCHOR_UNIQUE,CANONICAL,CIRCULAR,GOOD_EXT,UNAMBIGUOUS_BP"
"498","20",29819208,29819405,"mma_circ_000544",3,"-",2,1,4,5,"my_test_mma3",3,2,0,1,"GTAG",NA,"ANCHOR_UNIQUE,CANONICAL,CIRCULAR,OK_EXT,UNAMBIGUOUS_BP"
"499","6",151437611,151438778,"mma_circ_000545",45,"-",4,45,40,40,"my_test_mma3",45,0,0,1,"GTAG",NA,"ANCHOR_UNIQUE,CANONICAL,CIRCULAR,PERFECT_EXT,UNAMBIGUOUS_BP"
"500","14",67783005,67783209,"mma_circ_000546",20,"+",6,20,5,40,"my_test_mma3",20,0,0,1,"GTAG",NA,"ANCHOR_UNIQUE,CANONICAL,CIRCULAR,PERFECT_EXT,UNAMBIGUOUS_BP"
"501","4",133415256,133422182,"mma_circ_000547",12,"-",1,12,40,5,"my_test_mma3",12,0,0,1,"GTAG",NA,"ANCHOR_UNIQUE,CANONICAL,CIRCULAR,PERFECT_EXT,UNAMBIGUOUS_BP"
"502","20",29817651,29817803,"mma_circ_000548",66,"+",4,66,40,40,"my_test_mma3",66,0,0,1,"GTAG",NA,"ANCHOR_UNIQUE,CANONICAL,CIRCULAR,PERFECT_EXT,UNAMBIGUOUS_BP"
"503","12",110141799,110148718,"mma_circ_000549",64,"+",6,64,40,40,"my_test_mma3",64,2,0,1,"GTAG",NA,"ANCHOR_UNIQUE,CANONICAL,CIRCULAR,OK_EXT,UNAMBIGUOUS_BP"
"504","9",1808992,1829757,"mma_circ_000550",30,"+",2,30,35,40,"my_test_mma3",30,0,1,1,"GTAG",NA,"ANCHOR_UNIQUE,CANONICAL,CIRCULAR,GOOD_EXT,UNAMBIGUOUS_BP"
"505","7",135276878,135277178,"mma_circ_000551",41,"+",3,41,40,40,"my_test_mma3",41,0,0,1,"GTAG",NA,"ANCHOR_UNIQUE,CANONICAL,CIRCULAR,PERFECT_EXT,UNAMBIGUOUS_BP"
"506","5",63824305,63824513,"mma_circ_000552",135,"+",16,133,40,40,"my_test_mma3",135,1,0,1,"GTAG",NA,"ANCHOR_UNIQUE,CANONICAL,CIRCULAR,GOOD_EXT,UNAMBIGUOUS_BP"
"507","5",63567904,63570751,"mma_circ_000553",22,"+",1,22,5,5,"my_test_mma3",22,0,0,1,"GTAG",NA,"ANCHOR_UNIQUE,CANONICAL,CIRCULAR,PERFECT_EXT,UNAMBIGUOUS_BP"
"508","20",29815651,29815924,"mma_circ_000554",17,"+",2,17,5,40,"my_test_mma3",17,0,0,1,"GTAG",NA,"ANCHOR_UNIQUE,CANONICAL,CIRCULAR,PERFECT_EXT,UNAMBIGUOUS_BP"
"509","15",108428241,108433441,"mma_circ_000555",32,"+",6,26,40,40,"my_test_mma3",32,0,0,1,"GTAG",NA,"ANCHOR_UNIQUE,CANONICAL,CIRCULAR,PERFECT_EXT,UNAMBIGUOUS_BP"
"510","1",214092601,214096199,"mma_circ_000556",21,"-",2,21,40,5,"my_test_mma3",21,0,0,1,"GTAG",NA,"ANCHOR_UNIQUE,CANONICAL,CIRCULAR,PERFECT_EXT,UNAMBIGUOUS_BP"
"511","9",19760828,19793515,"mma_circ_000557",32,"-",4,32,40,5,"my_test_mma3",32,0,0,1,"GTAG",NA,"ANCHOR_UNIQUE,CANONICAL,CIRCULAR,PERFECT_EXT,UNAMBIGUOUS_BP"
"512","7",120536869,120544632,"mma_circ_000558",42,"+",1,42,5,5,"my_test_mma3",42,0,0,1,"GTAG",NA,"ANCHOR_UNIQUE,CANONICAL,CIRCULAR,PERFECT_EXT,UNAMBIGUOUS_BP"
"513","11",124885823,124887674,"mma_circ_000559",23,"-",2,23,40,40,"my_test_mma3",23,0,0,1,"GTAG",NA,"ANCHOR_UNIQUE,CANONICAL,CIRCULAR,PERFECT_EXT,UNAMBIGUOUS_BP"
"514","17",7908554,7914613,"mma_circ_000560",28,"-",1,28,36,40,"my_test_mma3",28,0,0,1,"GTAG",NA,"ANCHOR_UNIQUE,CANONICAL,CIRCULAR,PERFECT_EXT,UNAMBIGUOUS_BP"
"515","16",18154958,18156679,"mma_circ_000561",26,"-",2,26,40,5,"my_test_mma3",26,0,0,1,"GTAG",NA,"ANCHOR_UNIQUE,CANONICAL,CIRCULAR,PERFECT_EXT,UNAMBIGUOUS_BP"
"516","9",950814,979486,"mma_circ_000562",31,"+",2,31,40,40,"my_test_mma3",31,0,0,1,"GTAG",NA,"ANCHOR_UNIQUE,CANONICAL,CIRCULAR,PERFECT_EXT,UNAMBIGUOUS_BP"
"517","15",7436177,7444546,"mma_circ_000563",16,"+",3,16,5,40,"my_test_mma3",16,0,0,1,"GTAG",NA,"ANCHOR_UNIQUE,CANONICAL,CIRCULAR,PERFECT_EXT,UNAMBIGUOUS_BP"
"518","8",22670417,22681194,"mma_circ_000564",3,"+",1,3,5,5,"my_test_mma3",3,1,0,1,"GTAG",NA,"ANCHOR_UNIQUE,CANONICAL,CIRCULAR,GOOD_EXT,UNAMBIGUOUS_BP"
"519","8",141490838,141491478,"mma_circ_000565",145,"-",13,145,40,40,"my_test_mma3",145,0,0,1,"GTAG",NA,"ANCHOR_UNIQUE,CANONICAL,CIRCULAR,PERFECT_EXT,UNAMBIGUOUS_BP"
"520","1",15657828,15670901,"mma_circ_000566",18,"-",5,18,40,40,"my_test_mma3",18,1,0,1,"GTAG",NA,"ANCHOR_UNIQUE,CANONICAL,CIRCULAR,GOOD_EXT,UNAMBIGUOUS_BP"
"521","8",115895606,115913785,"mma_circ_000567",14,"-",3,14,40,37,"my_test_mma3",14,0,0,1,"GTAG",NA,"ANCHOR_UNIQUE,CANONICAL,CIRCULAR,PERFECT_EXT,UNAMBIGUOUS_BP"
"522","1",63138293,63146661,"mma_circ_000569",134,"-",17,134,40,40,"my_test_mma3",134,0,0,1,"GTAG",NA,"ANCHOR_UNIQUE,CANONICAL,CIRCULAR,PERFECT_EXT,UNAMBIGUOUS_BP"
"523","16",78431202,78431520,"mma_circ_000570",41,"+",4,41,40,40,"my_test_mma3",41,0,0,1,"GTAG",NA,"ANCHOR_UNIQUE,CANONICAL,CIRCULAR,PERFECT_EXT,UNAMBIGUOUS_BP"
"524","11",66072257,66143207,"mma_circ_000571",40,"-",7,39,40,40,"my_test_mma3",40,0,0,1,"GTAG",NA,"ANCHOR_UNIQUE,CANONICAL,CIRCULAR,PERFECT_EXT,UNAMBIGUOUS_BP"
"525","20",28112808,28113060,"mma_circ_000572",77,"+",7,77,40,40,"my_test_mma3",77,0,0,1,"GTAG",NA,"ANCHOR_UNIQUE,CANONICAL,CIRCULAR,PERFECT_EXT,UNAMBIGUOUS_BP"
"526","18",17853243,17907167,"mma_circ_000573",16,"-",1,16,5,40,"my_test_mma3",16,0,0,1,"GTAG",NA,"ANCHOR_UNIQUE,CANONICAL,CIRCULAR,PERFECT_EXT,UNAMBIGUOUS_BP"
"527","17",81999382,82028922,"mma_circ_000574",9,"+",4,9,40,40,"my_test_mma3",9,0,0,1,"GTAG",NA,"ANCHOR_UNIQUE,CANONICAL,CIRCULAR,PERFECT_EXT,UNAMBIGUOUS_BP"
"528","1",169548834,169549788,"mma_circ_000575",48,"+",4,48,5,40,"my_test_mma3",48,0,0,1,"GTAG",NA,"ANCHOR_UNIQUE,CANONICAL,CIRCULAR,PERFECT_EXT,UNAMBIGUOUS_BP"
"529","16",46719,61177,"mma_circ_000576",23,"-",5,23,40,37,"my_test_mma3",23,1,0,1,"GTAG",NA,"ANCHOR_UNIQUE,CANONICAL,CIRCULAR,GOOD_EXT,UNAMBIGUOUS_BP"
"530","16",36554175,36570931,"mma_circ_000577",31,"-",3,31,40,5,"my_test_mma3",31,0,0,1,"GTAG",NA,"ANCHOR_UNIQUE,CANONICAL,CIRCULAR,PERFECT_EXT,UNAMBIGUOUS_BP"
"531","2",112737507,112737967,"mma_circ_000578",31,"+",2,31,5,5,"my_test_mma3",31,0,0,1,"GTAG",NA,"ANCHOR_UNIQUE,CANONICAL,CIRCULAR,PERFECT_EXT,UNAMBIGUOUS_BP"
"532","12",103520074,103527113,"mma_circ_000579",9,"+",2,9,40,40,"my_test_mma3",9,0,0,1,"GTAG",NA,"ANCHOR_UNIQUE,CANONICAL,CIRCULAR,PERFECT_EXT,UNAMBIGUOUS_BP"
"533","2",163083286,163131414,"mma_circ_000580",29,"-",5,29,40,40,"my_test_mma3",29,1,0,1,"GTAG",NA,"ANCHOR_UNIQUE,CANONICAL,CIRCULAR,GOOD_EXT,UNAMBIGUOUS_BP"
"534","19",4387528,4419561,"mma_circ_000581",24,"+",1,24,5,40,"my_test_mma3",24,0,0,1,"GTAG",NA,"ANCHOR_UNIQUE,CANONICAL,CIRCULAR,PERFECT_EXT,UNAMBIGUOUS_BP"
"535","11",120355572,120355973,"mma_circ_000582",20,"+",3,20,40,40,"my_test_mma3",20,0,0,1,"GTAG",NA,"ANCHOR_UNIQUE,CANONICAL,CIRCULAR,PERFECT_EXT,UNAMBIGUOUS_BP"
"536","14",6583893,6603648,"mma_circ_000584",15,"+",2,15,40,40,"my_test_mma3",15,0,0,1,"GTAG",NA,"ANCHOR_UNIQUE,CANONICAL,CIRCULAR,PERFECT_EXT,UNAMBIGUOUS_BP"
"537","9",126289256,126303266,"mma_circ_000585",10,"-",1,10,40,40,"my_test_mma3",10,0,0,1,"GTAG",NA,"ANCHOR_UNIQUE,CANONICAL,CIRCULAR,PERFECT_EXT,UNAMBIGUOUS_BP"
"538","18",60901405,60904121,"mma_circ_000586",35,"-",5,35,40,40,"my_test_mma3",35,0,0,1,"GTAG",NA,"ANCHOR_UNIQUE,CANONICAL,CIRCULAR,PERFECT_EXT,UNAMBIGUOUS_BP"
"539","16",52990692,52991179,"mma_circ_000587",17,"-",1,17,40,5,"my_test_mma3",17,0,0,1,"GTAG",NA,"ANCHOR_UNIQUE,CANONICAL,CIRCULAR,PERFECT_EXT,UNAMBIGUOUS_BP"
"540","18",3185021,3219636,"mma_circ_000588",5,"-",3,5,40,40,"my_test_mma3",5,0,0,1,"GTAG",NA,"ANCHOR_UNIQUE,CANONICAL,CIRCULAR,PERFECT_EXT,UNAMBIGUOUS_BP"
"541","2",44545618,44547345,"mma_circ_000589",11,"-",1,11,5,40,"my_test_mma3",11,0,0,1,"GTAG",NA,"ANCHOR_UNIQUE,CANONICAL,CIRCULAR,PERFECT_EXT,UNAMBIGUOUS_BP"
"542","12",84516964,84517202,"mma_circ_000590",34,"-",5,34,40,40,"my_test_mma3",34,0,0,1,"GTAG",NA,"ANCHOR_UNIQUE,CANONICAL,CIRCULAR,PERFECT_EXT,UNAMBIGUOUS_BP"
"543","6",148049372,148057664,"mma_circ_000591",57,"+",6,57,40,40,"my_test_mma3",57,0,0,1,"GTAG",NA,"ANCHOR_UNIQUE,CANONICAL,CIRCULAR,PERFECT_EXT,UNAMBIGUOUS_BP"
"544","4",40286915,40329367,"mma_circ_000592",31,"-",4,31,40,5,"my_test_mma3",31,1,0,1,"GTAG",NA,"ANCHOR_UNIQUE,CANONICAL,CIRCULAR,GOOD_EXT,UNAMBIGUOUS_BP"
"545","15",77779812,77800890,"mma_circ_000593",76,"+",19,76,40,40,"my_test_mma3",76,0,0,1,"GTAG",NA,"ANCHOR_UNIQUE,CANONICAL,CIRCULAR,PERFECT_EXT,UNAMBIGUOUS_BP"
"546","6",38829487,38835397,"mma_circ_000594",11,"-",4,11,40,40,"my_test_mma3",11,0,0,1,"GTAG",NA,"ANCHOR_UNIQUE,CANONICAL,CIRCULAR,PERFECT_EXT,UNAMBIGUOUS_BP"
"547","18",67915534,67925940,"mma_circ_000595",14,"+",3,14,5,40,"my_test_mma3",14,0,0,1,"GTAG",NA,"ANCHOR_UNIQUE,CANONICAL,CIRCULAR,PERFECT_EXT,UNAMBIGUOUS_BP"
"548","10",31730122,31730588,"mma_circ_000596",59,"+",5,53,5,5,"my_test_mma3",59,0,0,1,"GTAG",NA,"ANCHOR_UNIQUE,CANONICAL,CIRCULAR,PERFECT_EXT,UNAMBIGUOUS_BP"
"549","13",88531252,88532050,"mma_circ_000597",35,"+",5,35,37,5,"my_test_mma3",35,2,0,1,"GTAG",NA,"ANCHOR_UNIQUE,CANONICAL,CIRCULAR,OK_EXT,UNAMBIGUOUS_BP"
"550","13",65390156,65391485,"mma_circ_000598",25,"+",3,25,40,37,"my_test_mma3",25,0,0,1,"GTAG",NA,"ANCHOR_UNIQUE,CANONICAL,CIRCULAR,PERFECT_EXT,UNAMBIGUOUS_BP"
"551","14",121774170,121799624,"mma_circ_000599",48,"-",15,47,40,40,"my_test_mma3",48,0,0,1,"GTAG",NA,"ANCHOR_UNIQUE,CANONICAL,CIRCULAR,PERFECT_EXT,UNAMBIGUOUS_BP"
"552","13",47402712,47452146,"mma_circ_000600",45,"+",2,45,5,40,"my_test_mma3",45,0,0,1,"GTAG",NA,"ANCHOR_UNIQUE,CANONICAL,CIRCULAR,PERFECT_EXT,UNAMBIGUOUS_BP"
"553","13",71913882,71928210,"mma_circ_000601",27,"+",3,27,5,5,"my_test_mma3",27,0,0,1,"GTAG",NA,"ANCHOR_UNIQUE,CANONICAL,CIRCULAR,PERFECT_EXT,UNAMBIGUOUS_BP"
"554","14",56944537,56949665,"mma_circ_000603",36,"+",4,36,5,5,"my_test_mma3",36,0,0,1,"GTAG",NA,"ANCHOR_UNIQUE,CANONICAL,CIRCULAR,PERFECT_EXT,UNAMBIGUOUS_BP"
"555","16",25148391,25197197,"mma_circ_000604",16,"+",4,16,35,40,"my_test_mma3",16,0,0,1,"GTAG",NA,"ANCHOR_UNIQUE,CANONICAL,CIRCULAR,PERFECT_EXT,UNAMBIGUOUS_BP"
"556","20",16960771,16961282,"mma_circ_000605",124,"+",14,123,40,40,"my_test_mma3",124,0,0,1,"GTAG",NA,"ANCHOR_UNIQUE,CANONICAL,CIRCULAR,PERFECT_EXT,UNAMBIGUOUS_BP"
"557","16",78927195,78941532,"mma_circ_000606",252,"+",30,249,40,40,"my_test_mma3",252,0,0,1,"GTAG",NA,"ANCHOR_UNIQUE,CANONICAL,CIRCULAR,PERFECT_EXT,UNAMBIGUOUS_BP"
"558","15",79700916,79709125,"mma_circ_000607",34,"+",3,34,40,40,"my_test_mma3",34,0,0,1,"GTAG",NA,"ANCHOR_UNIQUE,CANONICAL,CIRCULAR,PERFECT_EXT,UNAMBIGUOUS_BP"
"559","13",15462650,15464603,"mma_circ_000608",23,"-",1,23,5,40,"my_test_mma3",23,1,0,1,"GTAG",NA,"ANCHOR_UNIQUE,CANONICAL,CIRCULAR,GOOD_EXT,UNAMBIGUOUS_BP"
"560","5",63824423,63824603,"mma_circ_000609",14,"+",1,14,5,40,"my_test_mma3",14,2,0,1,"GTAG",NA,"ANCHOR_UNIQUE,CANONICAL,CIRCULAR,OK_EXT,UNAMBIGUOUS_BP"
"561","5",40172894,40192274,"mma_circ_000610",20,"-",1,20,40,35,"my_test_mma3",20,0,0,1,"GTAG",NA,"ANCHOR_UNIQUE,CANONICAL,CIRCULAR,PERFECT_EXT,UNAMBIGUOUS_BP"
"562","18",3199826,3219636,"mma_circ_000611",22,"-",4,22,40,40,"my_test_mma3",22,0,0,1,"GTAG",NA,"ANCHOR_UNIQUE,CANONICAL,CIRCULAR,PERFECT_EXT,UNAMBIGUOUS_BP"
"563","1",132318696,132318866,"mma_circ_000612",14,"+",4,14,5,40,"my_test_mma3",14,0,0,1,"GTAG",NA,"ANCHOR_UNIQUE,CANONICAL,CIRCULAR,PERFECT_EXT,UNAMBIGUOUS_BP"
"564","2",108826667,108851800,"mma_circ_000613",44,"-",6,44,5,40,"my_test_mma3",44,0,0,1,"GTAG",NA,"ANCHOR_UNIQUE,CANONICAL,CIRCULAR,PERFECT_EXT,UNAMBIGUOUS_BP"
"565","1",104692439,104725863,"mma_circ_000614",12,"-",2,2,5,2,"my_test_mma3",12,2,0,1,"GTAG",NA,"ANCHOR_UNIQUE,CANONICAL,CIRCULAR,OK_EXT,UNAMBIGUOUS_BP"
"566","15",50245624,50252893,"mma_circ_000615",42,"+",7,42,40,40,"my_test_mma3",42,1,0,1,"GTAG",NA,"ANCHOR_UNIQUE,CANONICAL,CIRCULAR,GOOD_EXT,UNAMBIGUOUS_BP"
"567","10",15258110,15259794,"mma_circ_000616",26,"+",3,26,40,40,"my_test_mma3",26,0,0,1,"GTAG",NA,"ANCHOR_UNIQUE,CANONICAL,CIRCULAR,PERFECT_EXT,UNAMBIGUOUS_BP"
"568","1",183495411,183500226,"mma_circ_000617",25,"+",2,25,40,35,"my_test_mma3",25,0,0,1,"GTAG",NA,"ANCHOR_UNIQUE,CANONICAL,CIRCULAR,PERFECT_EXT,UNAMBIGUOUS_BP"
"569","2",38192918,38214838,"mma_circ_000618",34,"+",1,34,5,40,"my_test_mma3",34,0,0,1,"GTAG",NA,"ANCHOR_UNIQUE,CANONICAL,CIRCULAR,PERFECT_EXT,UNAMBIGUOUS_BP"
"570","15",76864794,76869202,"mma_circ_000619",15,"-",2,1,40,2,"my_test_mma3",15,0,2,1,"GTAG",NA,"ANCHOR_UNIQUE,CANONICAL,CIRCULAR,OK_EXT,UNAMBIGUOUS_BP"
"571","7",154962558,154969713,"mma_circ_000620",54,"+",6,47,40,40,"my_test_mma3",54,0,0,1,"GTAG",NA,"ANCHOR_UNIQUE,CANONICAL,CIRCULAR,PERFECT_EXT,UNAMBIGUOUS_BP"
"572","9",64175522,64180723,"mma_circ_000621",27,"+",2,27,5,40,"my_test_mma3",27,0,0,1,"GTAG",NA,"ANCHOR_UNIQUE,CANONICAL,CIRCULAR,PERFECT_EXT,UNAMBIGUOUS_BP"
"573","7",137158992,137162344,"mma_circ_000622",27,"-",4,27,40,40,"my_test_mma3",27,0,0,1,"GTAG",NA,"ANCHOR_UNIQUE,CANONICAL,CIRCULAR,PERFECT_EXT,UNAMBIGUOUS_BP"
"574","8",98981854,98982779,"mma_circ_000623",48,"-",7,48,40,5,"my_test_mma3",48,0,0,1,"GTAG",NA,"ANCHOR_UNIQUE,CANONICAL,CIRCULAR,PERFECT_EXT,UNAMBIGUOUS_BP"
"575","18",70171212,70198282,"mma_circ_000624",25,"+",1,25,5,5,"my_test_mma3",25,0,0,1,"GTAG",NA,"ANCHOR_UNIQUE,CANONICAL,CIRCULAR,PERFECT_EXT,UNAMBIGUOUS_BP"
"576","4",153641122,153643151,"mma_circ_000625",14,"+",3,14,40,40,"my_test_mma3",14,0,0,1,"GTAG",NA,"ANCHOR_UNIQUE,CANONICAL,CIRCULAR,PERFECT_EXT,UNAMBIGUOUS_BP"
"577","1",100007729,100007915,"mma_circ_000626",28,"-",4,28,40,40,"my_test_mma3",28,0,0,1,"GTAG",NA,"ANCHOR_UNIQUE,CANONICAL,CIRCULAR,PERFECT_EXT,UNAMBIGUOUS_BP"
"578","2",80203268,80203770,"mma_circ_000627",58,"+",8,58,40,40,"my_test_mma3",58,0,0,1,"GTAG",NA,"ANCHOR_UNIQUE,CANONICAL,CIRCULAR,PERFECT_EXT,UNAMBIGUOUS_BP"
"579","11",132678304,132679857,"mma_circ_000628",34,"-",5,34,40,40,"my_test_mma3",34,1,0,1,"GTAG",NA,"ANCHOR_UNIQUE,CANONICAL,CIRCULAR,GOOD_EXT,UNAMBIGUOUS_BP"
"580","7",21104834,21105931,"mma_circ_000629",48,"-",7,48,40,40,"my_test_mma3",48,0,0,1,"GTAG",NA,"ANCHOR_UNIQUE,CANONICAL,CIRCULAR,PERFECT_EXT,UNAMBIGUOUS_BP"
"581","12",118158265,118169309,"mma_circ_000630",17,"+",5,12,5,40,"my_test_mma3",17,0,0,1,"GTAG",NA,"ANCHOR_UNIQUE,CANONICAL,CIRCULAR,PERFECT_EXT,UNAMBIGUOUS_BP"
"582","18",72948436,72957945,"mma_circ_000631",22,"+",4,22,40,40,"my_test_mma3",22,0,0,1,"GTAG",NA,"ANCHOR_UNIQUE,CANONICAL,CIRCULAR,PERFECT_EXT,UNAMBIGUOUS_BP"
"583","6",148779506,148790178,"mma_circ_000633",80,"-",13,80,40,40,"my_test_mma3",80,0,0,1,"GTAG",NA,"ANCHOR_UNIQUE,CANONICAL,CIRCULAR,PERFECT_EXT,UNAMBIGUOUS_BP"
"584","1",2122455,2140639,"mma_circ_000635",66,"+",5,66,5,40,"my_test_mma3",66,0,0,1,"GTAG",NA,"ANCHOR_UNIQUE,CANONICAL,CIRCULAR,PERFECT_EXT,UNAMBIGUOUS_BP"
"585","15",11452580,11453264,"mma_circ_000636",26,"+",1,26,40,40,"my_test_mma3",26,0,0,1,"GTAG",NA,"ANCHOR_UNIQUE,CANONICAL,CIRCULAR,PERFECT_EXT,UNAMBIGUOUS_BP"
"586","1",159599823,159600050,"mma_circ_000637",21,"-",1,21,40,40,"my_test_mma3",21,2,0,1,"GTAG",NA,"ANCHOR_UNIQUE,CANONICAL,CIRCULAR,OK_EXT,UNAMBIGUOUS_BP"
"587","1",77529808,77530042,"mma_circ_000639",49,"-",6,49,40,40,"my_test_mma3",49,0,0,1,"GTAG",NA,"ANCHOR_UNIQUE,CANONICAL,CIRCULAR,PERFECT_EXT,UNAMBIGUOUS_BP"
"588","9",6942915,6959077,"mma_circ_000640",63,"-",9,49,40,40,"my_test_mma3",63,0,0,1,"GTAG",NA,"ANCHOR_UNIQUE,CANONICAL,CIRCULAR,PERFECT_EXT,UNAMBIGUOUS_BP"
"589","16",7292206,7292395,"mma_circ_000642",3,"-",3,1,40,5,"my_test_mma3",3,1,0,1,"GTAG",NA,"ANCHOR_UNIQUE,CANONICAL,CIRCULAR,GOOD_EXT,UNAMBIGUOUS_BP"
"590","18",21239963,21259906,"mma_circ_000643",128,"-",29,43,5,5,"my_test_mma3",128,0,0,1,"GTAG",NA,"ANCHOR_UNIQUE,CANONICAL,CIRCULAR,PERFECT_EXT,UNAMBIGUOUS_BP"
"591","11",117821540,117824500,"mma_circ_000644",50,"-",5,50,40,40,"my_test_mma3",50,0,0,1,"GTAG",NA,"ANCHOR_UNIQUE,CANONICAL,CIRCULAR,PERFECT_EXT,UNAMBIGUOUS_BP"
"592","1",198033058,198036180,"mma_circ_000645",141,"-",14,141,40,40,"my_test_mma3",141,0,0,1,"GTAG",NA,"ANCHOR_UNIQUE,CANONICAL,CIRCULAR,PERFECT_EXT,UNAMBIGUOUS_BP"
"593","17",92565600,92593858,"mma_circ_000646",7,"+",1,7,5,40,"my_test_mma3",7,0,0,1,"GTAG",NA,"ANCHOR_UNIQUE,CANONICAL,CIRCULAR,PERFECT_EXT,UNAMBIGUOUS_BP"
"594","6",132127403,132127871,"mma_circ_000647",23,"+",5,23,5,5,"my_test_mma3",23,0,0,1,"GTAG",NA,"ANCHOR_UNIQUE,CANONICAL,CIRCULAR,PERFECT_EXT,UNAMBIGUOUS_BP"
"595","1",223166814,223168839,"mma_circ_000648",40,"+",2,40,40,5,"my_test_mma3",40,0,0,1,"GTAG",NA,"ANCHOR_UNIQUE,CANONICAL,CIRCULAR,PERFECT_EXT,UNAMBIGUOUS_BP"
"596","18",17899544,17907167,"mma_circ_000649",10,"-",2,10,5,40,"my_test_mma3",10,0,0,1,"GTAG",NA,"ANCHOR_UNIQUE,CANONICAL,CIRCULAR,PERFECT_EXT,UNAMBIGUOUS_BP"
"597","4",64905923,64911734,"mma_circ_000651",11,"+",2,11,40,37,"my_test_mma3",11,0,0,1,"GTAG",NA,"ANCHOR_UNIQUE,CANONICAL,CIRCULAR,PERFECT_EXT,UNAMBIGUOUS_BP"
"598","5",40172894,40173710,"mma_circ_000652",45,"-",5,45,40,40,"my_test_mma3",45,0,0,1,"GTAG",NA,"ANCHOR_UNIQUE,CANONICAL,CIRCULAR,PERFECT_EXT,UNAMBIGUOUS_BP"
"599","10",62568413,62568667,"mma_circ_000653",45,"-",3,45,40,40,"my_test_mma3",45,0,0,1,"GTAG",NA,"ANCHOR_UNIQUE,CANONICAL,CIRCULAR,PERFECT_EXT,UNAMBIGUOUS_BP"
"600","11",95015951,95018379,"mma_circ_000654",38,"-",3,38,40,40,"my_test_mma3",38,0,0,1,"GTAG",NA,"ANCHOR_UNIQUE,CANONICAL,CIRCULAR,PERFECT_EXT,UNAMBIGUOUS_BP"
"601","20",4024154,4028448,"mma_circ_000655",28,"-",3,28,40,40,"my_test_mma3",28,0,0,1,"GTAG",NA,"ANCHOR_UNIQUE,CANONICAL,CIRCULAR,PERFECT_EXT,UNAMBIGUOUS_BP"
"602","15",92588535,92611984,"mma_circ_000656",30,"+",4,30,40,40,"my_test_mma3",30,0,0,1,"GTAG",NA,"ANCHOR_UNIQUE,CANONICAL,CIRCULAR,PERFECT_EXT,UNAMBIGUOUS_BP"
"603","15",50760506,50783116,"mma_circ_000657",82,"-",3,82,5,40,"my_test_mma3",82,2,0,1,"GTAG",NA,"ANCHOR_UNIQUE,CANONICAL,CIRCULAR,OK_EXT,UNAMBIGUOUS_BP"
"604","16",7292332,7292584,"mma_circ_000658",51,"-",5,50,5,5,"my_test_mma3",51,2,0,1,"GTAG",NA,"ANCHOR_UNIQUE,CANONICAL,CIRCULAR,OK_EXT,UNAMBIGUOUS_BP"
"605","7",135098199,135100377,"mma_circ_000659",10,"-",2,10,40,40,"my_test_mma3",10,0,0,1,"GTAG",NA,"ANCHOR_UNIQUE,CANONICAL,CIRCULAR,PERFECT_EXT,UNAMBIGUOUS_BP"
"606","3",155457150,155458535,"mma_circ_000660",16,"+",2,16,40,40,"my_test_mma3",16,1,0,1,"GTAG",NA,"ANCHOR_UNIQUE,CANONICAL,CIRCULAR,GOOD_EXT,UNAMBIGUOUS_BP"
"607","16",1318339,1318521,"mma_circ_000661",141,"+",51,104,40,40,"my_test_mma3",141,0,0,1,"GTAG",NA,"ANCHOR_UNIQUE,CANONICAL,CIRCULAR,PERFECT_EXT,UNAMBIGUOUS_BP"
"608","1",201727466,201756911,"mma_circ_000662",55,"-",10,55,40,5,"my_test_mma3",55,0,0,1,"GTAG",NA,"ANCHOR_UNIQUE,CANONICAL,CIRCULAR,PERFECT_EXT,UNAMBIGUOUS_BP"
"609","13",76311417,76395379,"mma_circ_000663",30,"-",6,30,40,40,"my_test_mma3",30,0,0,1,"GTAG",NA,"ANCHOR_UNIQUE,CANONICAL,CIRCULAR,PERFECT_EXT,UNAMBIGUOUS_BP"
"610","1",50372896,50379488,"mma_circ_000664",16,"+",3,16,40,40,"my_test_mma3",16,0,0,1,"GTAG",NA,"ANCHOR_UNIQUE,CANONICAL,CIRCULAR,PERFECT_EXT,UNAMBIGUOUS_BP"
"611","6",148049372,148050777,"mma_circ_000665",80,"+",8,80,40,40,"my_test_mma3",80,0,0,1,"GTAG",NA,"ANCHOR_UNIQUE,CANONICAL,CIRCULAR,PERFECT_EXT,UNAMBIGUOUS_BP"
"612","8",115895606,115900228,"mma_circ_000666",30,"-",3,30,40,40,"my_test_mma3",30,0,0,1,"GTAG",NA,"ANCHOR_UNIQUE,CANONICAL,CIRCULAR,PERFECT_EXT,UNAMBIGUOUS_BP"
"613","3",3474193,3474389,"mma_circ_000667",19,"+",4,19,5,37,"my_test_mma3",19,1,0,1,"GTAG",NA,"ANCHOR_UNIQUE,CANONICAL,CIRCULAR,GOOD_EXT,UNAMBIGUOUS_BP"
"614","6",92755378,92768397,"mma_circ_000668",71,"-",5,62,5,5,"my_test_mma3",71,0,0,1,"GTAG",NA,"ANCHOR_UNIQUE,CANONICAL,CIRCULAR,PERFECT_EXT,UNAMBIGUOUS_BP"
"615","1",95600982,95632900,"mma_circ_000669",10,"+",3,10,40,35,"my_test_mma3",10,0,0,1,"GTAG",NA,"ANCHOR_UNIQUE,CANONICAL,CIRCULAR,PERFECT_EXT,UNAMBIGUOUS_BP"
"616","5",92661934,92666904,"mma_circ_000670",31,"+",5,31,40,5,"my_test_mma3",31,0,0,1,"GTAG",NA,"ANCHOR_UNIQUE,CANONICAL,CIRCULAR,PERFECT_EXT,UNAMBIGUOUS_BP"
"617","3",159633135,159635384,"mma_circ_000671",19,"+",2,13,5,40,"my_test_mma3",19,0,0,1,"GTAG",NA,"ANCHOR_UNIQUE,CANONICAL,CIRCULAR,PERFECT_EXT,UNAMBIGUOUS_BP"
"618","7",83403832,83404541,"mma_circ_000672",108,"-",6,108,40,40,"my_test_mma3",108,0,0,1,"GTAG",NA,"ANCHOR_UNIQUE,CANONICAL,CIRCULAR,PERFECT_EXT,UNAMBIGUOUS_BP"
"619","13",83380531,83400328,"mma_circ_000673",15,"+",3,15,37,40,"my_test_mma3",15,0,0,1,"GTAG",NA,"ANCHOR_UNIQUE,CANONICAL,CIRCULAR,PERFECT_EXT,UNAMBIGUOUS_BP"
"620","6",116763993,116769268,"mma_circ_000674",24,"+",4,24,5,40,"my_test_mma3",24,0,0,1,"GTAG",NA,"ANCHOR_UNIQUE,CANONICAL,CIRCULAR,PERFECT_EXT,UNAMBIGUOUS_BP"
"621","15",111501657,111503143,"mma_circ_000675",40,"+",11,39,40,5,"my_test_mma3",40,0,0,1,"GTAG",NA,"ANCHOR_UNIQUE,CANONICAL,CIRCULAR,PERFECT_EXT,UNAMBIGUOUS_BP"
"622","15",29580790,29581834,"mma_circ_000676",85,"-",14,85,40,40,"my_test_mma3",85,0,0,1,"GTAG",NA,"ANCHOR_UNIQUE,CANONICAL,CIRCULAR,PERFECT_EXT,UNAMBIGUOUS_BP"
"623","8",95071173,95077160,"mma_circ_000677",35,"+",8,23,5,5,"my_test_mma3",35,0,0,1,"GTAG",NA,"ANCHOR_UNIQUE,CANONICAL,CIRCULAR,PERFECT_EXT,UNAMBIGUOUS_BP"
"624","4",102352593,102380140,"mma_circ_000678",30,"-",8,29,40,5,"my_test_mma3",30,0,0,1,"GTAG",NA,"ANCHOR_UNIQUE,CANONICAL,CIRCULAR,PERFECT_EXT,UNAMBIGUOUS_BP"
"625","1",65260317,65274216,"mma_circ_000680",18,"+",1,18,5,5,"my_test_mma3",18,0,0,1,"GTAG",NA,"ANCHOR_UNIQUE,CANONICAL,CIRCULAR,PERFECT_EXT,UNAMBIGUOUS_BP"
"626","11",111338122,111350328,"mma_circ_000681",32,"-",2,32,37,40,"my_test_mma3",32,0,0,1,"GTAG",NA,"ANCHOR_UNIQUE,CANONICAL,CIRCULAR,PERFECT_EXT,UNAMBIGUOUS_BP"
"627","4",61082640,61089519,"mma_circ_000682",150,"+",15,139,40,40,"my_test_mma3",150,0,0,1,"GTAG",NA,"ANCHOR_UNIQUE,CANONICAL,CIRCULAR,PERFECT_EXT,UNAMBIGUOUS_BP"
"628","12",51861676,51870052,"mma_circ_000683",22,"-",3,22,40,40,"my_test_mma3",22,0,0,1,"GTAG",NA,"ANCHOR_UNIQUE,CANONICAL,CIRCULAR,PERFECT_EXT,UNAMBIGUOUS_BP"
"629","7",42918990,42919420,"mma_circ_000684",7,"+",2,7,35,5,"my_test_mma3",7,1,0,1,"GTAG",NA,"ANCHOR_UNIQUE,CANONICAL,CIRCULAR,GOOD_EXT,UNAMBIGUOUS_BP"
"630","18",60978344,60980352,"mma_circ_000685",54,"-",7,54,40,40,"my_test_mma3",54,0,0,1,"GTAG",NA,"ANCHOR_UNIQUE,CANONICAL,CIRCULAR,PERFECT_EXT,UNAMBIGUOUS_BP"
"631","11",10178190,10181248,"mma_circ_000686",12,"+",4,12,37,40,"my_test_mma3",12,0,0,1,"GTAG",NA,"ANCHOR_UNIQUE,CANONICAL,CIRCULAR,PERFECT_EXT,UNAMBIGUOUS_BP"
"632","9",29477273,29484732,"mma_circ_000687",9,"+",3,9,40,5,"my_test_mma3",9,0,0,1,"GTAG",NA,"ANCHOR_UNIQUE,CANONICAL,CIRCULAR,PERFECT_EXT,UNAMBIGUOUS_BP"
"633","2",9433510,9433712,"mma_circ_000688",17,"-",2,17,40,5,"my_test_mma3",17,0,0,1,"GTAG",NA,"ANCHOR_UNIQUE,CANONICAL,CIRCULAR,PERFECT_EXT,UNAMBIGUOUS_BP"
"634","10",19028765,19029060,"mma_circ_000689",38,"-",8,38,40,40,"my_test_mma3",38,0,0,1,"GTAG",NA,"ANCHOR_UNIQUE,CANONICAL,CIRCULAR,PERFECT_EXT,UNAMBIGUOUS_BP"
"635","15",50265247,50266337,"mma_circ_000690",20,"+",2,20,5,35,"my_test_mma3",20,0,1,1,"GTAG",NA,"ANCHOR_UNIQUE,CANONICAL,CIRCULAR,GOOD_EXT,UNAMBIGUOUS_BP"
"636","15",68382096,68408234,"mma_circ_000691",21,"+",2,21,40,40,"my_test_mma3",21,0,0,1,"GTAG",NA,"ANCHOR_UNIQUE,CANONICAL,CIRCULAR,PERFECT_EXT,UNAMBIGUOUS_BP"
"637","10",43100950,43125733,"mma_circ_000692",14,"+",3,14,40,5,"my_test_mma3",14,0,0,1,"GTAG",NA,"ANCHOR_UNIQUE,CANONICAL,CIRCULAR,PERFECT_EXT,UNAMBIGUOUS_BP"
"638","8",67754661,67765127,"mma_circ_000693",17,"+",2,17,40,40,"my_test_mma3",17,0,0,1,"GTAG",NA,"ANCHOR_UNIQUE,CANONICAL,CIRCULAR,PERFECT_EXT,UNAMBIGUOUS_BP"
"639","15",12867672,12873035,"mma_circ_000694",22,"+",1,22,5,40,"my_test_mma3",22,0,0,1,"GTAG",NA,"ANCHOR_UNIQUE,CANONICAL,CIRCULAR,PERFECT_EXT,UNAMBIGUOUS_BP"
"640","3",45820499,45822201,"mma_circ_000695",36,"-",3,36,5,40,"my_test_mma3",36,0,0,1,"GTAG",NA,"ANCHOR_UNIQUE,CANONICAL,CIRCULAR,PERFECT_EXT,UNAMBIGUOUS_BP"
"641","17",93830840,93840381,"mma_circ_000696",16,"-",2,16,5,40,"my_test_mma3",16,0,0,1,"GTAG",NA,"ANCHOR_UNIQUE,CANONICAL,CIRCULAR,PERFECT_EXT,UNAMBIGUOUS_BP"
"642","5",137015936,137017834,"mma_circ_000697",35,"-",5,35,5,40,"my_test_mma3",35,0,0,1,"GTAG",NA,"ANCHOR_UNIQUE,CANONICAL,CIRCULAR,PERFECT_EXT,UNAMBIGUOUS_BP"
"643","9",126180925,126181408,"mma_circ_000698",20,"+",2,20,40,40,"my_test_mma3",20,0,0,1,"GTAG",NA,"ANCHOR_UNIQUE,CANONICAL,CIRCULAR,PERFECT_EXT,UNAMBIGUOUS_BP"
"644","20",20616176,20616747,"mma_circ_000699",24,"-",3,24,37,5,"my_test_mma3",24,0,0,1,"GTAG",NA,"ANCHOR_UNIQUE,CANONICAL,CIRCULAR,PERFECT_EXT,UNAMBIGUOUS_BP"
"645","17",419294,428012,"mma_circ_000700",67,"+",10,67,39,40,"my_test_mma3",67,0,0,1,"GTAG",NA,"ANCHOR_UNIQUE,CANONICAL,CIRCULAR,PERFECT_EXT,UNAMBIGUOUS_BP"
"646","3",115699300,115700002,"mma_circ_000701",17,"-",8,17,5,40,"my_test_mma3",17,0,0,1,"GTAG",NA,"ANCHOR_UNIQUE,CANONICAL,CIRCULAR,PERFECT_EXT,UNAMBIGUOUS_BP"
"647","20",20385325,20391113,"mma_circ_000702",28,"+",1,28,40,5,"my_test_mma3",28,0,0,1,"GTAG",NA,"ANCHOR_UNIQUE,CANONICAL,CIRCULAR,PERFECT_EXT,UNAMBIGUOUS_BP"
"648","7",143518251,143518536,"mma_circ_000703",31,"-",1,31,40,5,"my_test_mma3",31,0,0,1,"GTAG",NA,"ANCHOR_UNIQUE,CANONICAL,CIRCULAR,PERFECT_EXT,UNAMBIGUOUS_BP"
"649","2",586462,586642,"mma_circ_000704",53,"-",1,53,40,40,"my_test_mma3",53,2,0,1,"GTAG",NA,"ANCHOR_UNIQUE,CANONICAL,CIRCULAR,OK_EXT,UNAMBIGUOUS_BP"
"650","12",41125700,41222122,"mma_circ_000705",16,"+",2,16,40,40,"my_test_mma3",16,0,0,1,"GTAG",NA,"ANCHOR_UNIQUE,CANONICAL,CIRCULAR,PERFECT_EXT,UNAMBIGUOUS_BP"
"651","5",3299543,3302033,"mma_circ_000706",8,"+",1,8,5,5,"my_test_mma3",8,0,0,1,"GTAG",NA,"ANCHOR_UNIQUE,CANONICAL,CIRCULAR,PERFECT_EXT,UNAMBIGUOUS_BP"
"652","16",78420849,78423029,"mma_circ_000707",22,"+",1,22,40,35,"my_test_mma3",22,1,0,1,"GTAG",NA,"ANCHOR_UNIQUE,CANONICAL,CIRCULAR,GOOD_EXT,UNAMBIGUOUS_BP"
"653","6",3544864,3546323,"mma_circ_000708",76,"+",10,76,40,40,"my_test_mma3",76,0,0,1,"GTAG",NA,"ANCHOR_UNIQUE,CANONICAL,CIRCULAR,PERFECT_EXT,UNAMBIGUOUS_BP"
"654","16",78433362,78433985,"mma_circ_000709",24,"+",2,24,40,5,"my_test_mma3",24,1,0,1,"GTAG",NA,"ANCHOR_UNIQUE,CANONICAL,CIRCULAR,GOOD_EXT,UNAMBIGUOUS_BP"
"655","14",5861214,5870359,"mma_circ_000710",53,"-",11,53,5,40,"my_test_mma3",53,0,0,1,"GTAG",NA,"ANCHOR_UNIQUE,CANONICAL,CIRCULAR,PERFECT_EXT,UNAMBIGUOUS_BP"
"656","7",69298443,69317605,"mma_circ_000711",53,"+",9,52,40,40,"my_test_mma3",53,0,0,1,"GTAG",NA,"ANCHOR_UNIQUE,CANONICAL,CIRCULAR,PERFECT_EXT,UNAMBIGUOUS_BP"
"657","11",131578283,131616054,"mma_circ_000712",14,"+",1,14,40,40,"my_test_mma3",14,0,0,1,"GTAG",NA,"ANCHOR_UNIQUE,CANONICAL,CIRCULAR,PERFECT_EXT,UNAMBIGUOUS_BP"
"658","1",99672251,99675267,"mma_circ_000714",24,"+",2,24,40,36,"my_test_mma3",24,0,0,1,"GTAG",NA,"ANCHOR_UNIQUE,CANONICAL,CIRCULAR,PERFECT_EXT,UNAMBIGUOUS_BP"
"659","6",68235259,68235412,"mma_circ_000716",7,"-",6,5,5,5,"my_test_mma3",7,0,0,1,"GTAG",NA,"ANCHOR_UNIQUE,CANONICAL,CIRCULAR,PERFECT_EXT,UNAMBIGUOUS_BP"
"660","3",47107368,47113500,"mma_circ_000717",24,"+",2,24,40,40,"my_test_mma3",24,0,0,1,"GTAG",NA,"ANCHOR_UNIQUE,CANONICAL,CIRCULAR,PERFECT_EXT,UNAMBIGUOUS_BP"
"661","15",47774124,47778826,"mma_circ_000718",44,"+",2,44,5,5,"my_test_mma3",44,0,0,1,"GTAG",NA,"ANCHOR_UNIQUE,CANONICAL,CIRCULAR,PERFECT_EXT,UNAMBIGUOUS_BP"
"662","20",29815805,29815969,"mma_circ_000719",46,"-",11,46,40,40,"my_test_mma3",46,2,0,1,"GTAG",NA,"ANCHOR_UNIQUE,CANONICAL,CIRCULAR,OK_EXT,UNAMBIGUOUS_BP"
"663","11",46729711,46733961,"mma_circ_000720",29,"+",2,29,5,40,"my_test_mma3",29,0,0,1,"GTAG",NA,"ANCHOR_UNIQUE,CANONICAL,CIRCULAR,PERFECT_EXT,UNAMBIGUOUS_BP"
"664","4",102297004,102315488,"mma_circ_000721",24,"-",1,24,40,40,"my_test_mma3",24,1,0,1,"GTAG",NA,"ANCHOR_UNIQUE,CANONICAL,CIRCULAR,GOOD_EXT,UNAMBIGUOUS_BP"
"665","1",99786708,99787645,"mma_circ_000722",96,"+",17,95,40,40,"my_test_mma3",96,0,0,1,"GTAG",NA,"ANCHOR_UNIQUE,CANONICAL,CIRCULAR,PERFECT_EXT,UNAMBIGUOUS_BP"
"666","16",49233106,49235397,"mma_circ_000723",14,"-",4,14,40,40,"my_test_mma3",14,0,0,1,"GTAG",NA,"ANCHOR_UNIQUE,CANONICAL,CIRCULAR,PERFECT_EXT,UNAMBIGUOUS_BP"
"667","1",109509701,109510290,"mma_circ_000724",28,"+",2,28,37,5,"my_test_mma3",28,0,0,1,"GTAG",NA,"ANCHOR_UNIQUE,CANONICAL,CIRCULAR,PERFECT_EXT,UNAMBIGUOUS_BP"
"668","6",148789959,148793854,"mma_circ_000725",45,"-",3,30,5,5,"my_test_mma3",45,1,0,1,"GTAG",NA,"ANCHOR_UNIQUE,CANONICAL,CIRCULAR,GOOD_EXT,UNAMBIGUOUS_BP"
"669","20",23133208,23148197,"mma_circ_000726",26,"+",2,26,5,5,"my_test_mma3",26,0,0,1,"GTAG",NA,"ANCHOR_UNIQUE,CANONICAL,CIRCULAR,PERFECT_EXT,UNAMBIGUOUS_BP"
"670","6",177179888,177182626,"mma_circ_000727",22,"+",4,15,40,40,"my_test_mma3",22,0,0,1,"GTAG",NA,"ANCHOR_UNIQUE,CANONICAL,CIRCULAR,PERFECT_EXT,UNAMBIGUOUS_BP"
"671","7",52535723,52547821,"mma_circ_000728",35,"-",5,30,5,40,"my_test_mma3",35,0,0,1,"GTAG",NA,"ANCHOR_UNIQUE,CANONICAL,CIRCULAR,PERFECT_EXT,UNAMBIGUOUS_BP"
"672","9",6888146,6888863,"mma_circ_000729",55,"+",9,54,40,40,"my_test_mma3",55,0,0,1,"GTAG",NA,"ANCHOR_UNIQUE,CANONICAL,CIRCULAR,PERFECT_EXT,UNAMBIGUOUS_BP"
"673","18",3217114,3219636,"mma_circ_000730",33,"-",4,33,40,40,"my_test_mma3",33,0,0,1,"GTAG",NA,"ANCHOR_UNIQUE,CANONICAL,CIRCULAR,PERFECT_EXT,UNAMBIGUOUS_BP"
"674","13",291064,294790,"mma_circ_000731",27,"+",2,27,5,40,"my_test_mma3",27,1,0,1,"GTAG",NA,"ANCHOR_UNIQUE,CANONICAL,CIRCULAR,GOOD_EXT,UNAMBIGUOUS_BP"
"675","13",50035235,50041818,"mma_circ_000733",33,"-",5,33,40,40,"my_test_mma3",33,0,0,1,"GTAG",NA,"ANCHOR_UNIQUE,CANONICAL,CIRCULAR,PERFECT_EXT,UNAMBIGUOUS_BP"
"676","8",59145680,59147978,"mma_circ_000734",26,"-",3,25,40,5,"my_test_mma3",26,1,0,1,"GTAG",NA,"ANCHOR_UNIQUE,CANONICAL,CIRCULAR,GOOD_EXT,UNAMBIGUOUS_BP"
"677","2",103937144,103941112,"mma_circ_000735",15,"-",1,15,5,40,"my_test_mma3",15,0,0,1,"GTAG",NA,"ANCHOR_UNIQUE,CANONICAL,CIRCULAR,PERFECT_EXT,UNAMBIGUOUS_BP"
"678","8",67780866,67806512,"mma_circ_000736",27,"+",2,22,40,40,"my_test_mma3",27,0,0,1,"GTAG",NA,"ANCHOR_UNIQUE,CANONICAL,CIRCULAR,PERFECT_EXT,UNAMBIGUOUS_BP"
"679","12",35137829,35141060,"mma_circ_000737",18,"-",2,18,40,5,"my_test_mma3",18,0,0,1,"GTAG",NA,"ANCHOR_UNIQUE,CANONICAL,CIRCULAR,PERFECT_EXT,UNAMBIGUOUS_BP"
"680","X",19287830,19292282,"mma_circ_000738",8,"-",3,8,40,40,"my_test_mma3",8,0,0,1,"GTAG",NA,"ANCHOR_UNIQUE,CANONICAL,CIRCULAR,PERFECT_EXT,UNAMBIGUOUS_BP"
"681","19",50035248,50037320,"mma_circ_000739",32,"-",5,32,40,40,"my_test_mma3",32,0,0,1,"GTAG",NA,"ANCHOR_UNIQUE,CANONICAL,CIRCULAR,PERFECT_EXT,UNAMBIGUOUS_BP"
"682","6",93828016,93871547,"mma_circ_000740",175,"+",21,175,40,40,"my_test_mma3",175,0,0,1,"GTAG",NA,"ANCHOR_UNIQUE,CANONICAL,CIRCULAR,PERFECT_EXT,UNAMBIGUOUS_BP"
"683","15",47018880,47019511,"mma_circ_000741",36,"-",8,36,5,40,"my_test_mma3",36,0,0,1,"GTAG",NA,"ANCHOR_UNIQUE,CANONICAL,CIRCULAR,PERFECT_EXT,UNAMBIGUOUS_BP"
"684","17",93793048,93820543,"mma_circ_000742",20,"-",2,20,40,40,"my_test_mma3",20,0,0,1,"GTAG",NA,"ANCHOR_UNIQUE,CANONICAL,CIRCULAR,PERFECT_EXT,UNAMBIGUOUS_BP"
"685","8",141115688,141126887,"mma_circ_000744",20,"-",1,20,5,40,"my_test_mma3",20,0,0,1,"GTAG",NA,"ANCHOR_UNIQUE,CANONICAL,CIRCULAR,PERFECT_EXT,UNAMBIGUOUS_BP"
"686","18",61013764,61054399,"mma_circ_000745",4,"-",2,4,40,5,"my_test_mma3",4,0,0,1,"GTAG",NA,"ANCHOR_UNIQUE,CANONICAL,CIRCULAR,PERFECT_EXT,UNAMBIGUOUS_BP"
"687","15",99615113,99630657,"mma_circ_000748",25,"-",3,25,40,40,"my_test_mma3",25,0,0,1,"GTAG",NA,"ANCHOR_UNIQUE,CANONICAL,CIRCULAR,PERFECT_EXT,UNAMBIGUOUS_BP"
"688","10",6682185,6693605,"mma_circ_000750",26,"-",3,26,40,40,"my_test_mma3",26,1,0,1,"GTAG",NA,"ANCHOR_UNIQUE,CANONICAL,CIRCULAR,GOOD_EXT,UNAMBIGUOUS_BP"
"689","5",120812992,120905786,"mma_circ_000751",66,"+",3,66,40,40,"my_test_mma3",66,0,0,1,"GTAG",NA,"ANCHOR_UNIQUE,CANONICAL,CIRCULAR,PERFECT_EXT,UNAMBIGUOUS_BP"
"690","9",69149857,69169025,"mma_circ_000752",7,"-",1,7,40,40,"my_test_mma3",7,0,0,1,"GTAG",NA,"ANCHOR_UNIQUE,CANONICAL,CIRCULAR,PERFECT_EXT,UNAMBIGUOUS_BP"
"691","1",214534646,214538279,"mma_circ_000753",17,"+",4,17,35,5,"my_test_mma3",17,0,0,1,"GTAG",NA,"ANCHOR_UNIQUE,CANONICAL,CIRCULAR,PERFECT_EXT,UNAMBIGUOUS_BP"
"692","11",45436278,45438996,"mma_circ_000754",28,"-",9,17,40,40,"my_test_mma3",28,0,0,1,"GTAG",NA,"ANCHOR_UNIQUE,CANONICAL,CIRCULAR,PERFECT_EXT,UNAMBIGUOUS_BP"
"693","9",102900437,102903331,"mma_circ_000755",29,"+",4,29,5,5,"my_test_mma3",29,0,0,1,"GTAG",NA,"ANCHOR_UNIQUE,CANONICAL,CIRCULAR,PERFECT_EXT,UNAMBIGUOUS_BP"
"694","2",297094,302580,"mma_circ_000756",17,"-",5,16,40,5,"my_test_mma3",17,0,0,1,"GTAG",NA,"ANCHOR_UNIQUE,CANONICAL,CIRCULAR,PERFECT_EXT,UNAMBIGUOUS_BP"
"695","8",141099408,141126887,"mma_circ_000757",22,"-",4,22,40,40,"my_test_mma3",22,0,0,1,"GTAG",NA,"ANCHOR_UNIQUE,CANONICAL,CIRCULAR,PERFECT_EXT,UNAMBIGUOUS_BP"
"696","7",41676138,41683887,"mma_circ_000758",22,"-",2,22,40,5,"my_test_mma3",22,0,0,1,"GTAG",NA,"ANCHOR_UNIQUE,CANONICAL,CIRCULAR,PERFECT_EXT,UNAMBIGUOUS_BP"
"697","X",116744338,116767253,"mma_circ_000759",9,"-",1,9,35,40,"my_test_mma3",9,0,0,1,"GTAG",NA,"ANCHOR_UNIQUE,CANONICAL,CIRCULAR,PERFECT_EXT,UNAMBIGUOUS_BP"
"698","11",48663884,48664047,"mma_circ_000760",24,"-",3,24,40,40,"my_test_mma3",24,0,0,1,"GTAG",NA,"ANCHOR_UNIQUE,CANONICAL,CIRCULAR,PERFECT_EXT,UNAMBIGUOUS_BP"
"699","1",42408306,42414024,"mma_circ_000761",11,"+",4,11,40,40,"my_test_mma3",11,0,0,1,"GTAG",NA,"ANCHOR_UNIQUE,CANONICAL,CIRCULAR,PERFECT_EXT,UNAMBIGUOUS_BP"
"700","1",222616482,222628995,"mma_circ_000762",46,"+",3,46,5,37,"my_test_mma3",46,1,0,1,"GTAG",NA,"ANCHOR_UNIQUE,CANONICAL,CIRCULAR,GOOD_EXT,UNAMBIGUOUS_BP"
"701","1",212128126,212134014,"mma_circ_000763",62,"-",7,62,40,40,"my_test_mma3",62,0,0,1,"GTAG",NA,"ANCHOR_UNIQUE,CANONICAL,CIRCULAR,PERFECT_EXT,UNAMBIGUOUS_BP"
"702","2",106180832,106182938,"mma_circ_000764",46,"+",10,46,40,40,"my_test_mma3",46,0,0,1,"GTAG",NA,"ANCHOR_UNIQUE,CANONICAL,CIRCULAR,PERFECT_EXT,UNAMBIGUOUS_BP"
"703","5",1961433,1997453,"mma_circ_000765",15,"+",4,1,35,5,"my_test_mma3",15,0,0,1,"GTAG",NA,"ANCHOR_UNIQUE,CANONICAL,CIRCULAR,PERFECT_EXT,UNAMBIGUOUS_BP"
"704","14",64727376,64727564,"mma_circ_000767",19,"+",5,19,40,40,"my_test_mma3",19,0,0,1,"GTAG",NA,"ANCHOR_UNIQUE,CANONICAL,CIRCULAR,PERFECT_EXT,UNAMBIGUOUS_BP"
"705","4",33189775,33202739,"mma_circ_000768",40,"-",3,40,5,5,"my_test_mma3",40,1,0,1,"GTAG",NA,"ANCHOR_UNIQUE,CANONICAL,CIRCULAR,GOOD_EXT,UNAMBIGUOUS_BP"
"706","16",7905756,7906607,"mma_circ_000769",26,"-",1,26,5,5,"my_test_mma3",26,0,0,1,"GTAG",NA,"ANCHOR_UNIQUE,CANONICAL,CIRCULAR,PERFECT_EXT,UNAMBIGUOUS_BP"
"707","7",167555309,167572572,"mma_circ_000770",3,"-",3,3,37,40,"my_test_mma3",3,0,0,1,"GTAG",NA,"ANCHOR_UNIQUE,CANONICAL,CIRCULAR,PERFECT_EXT,UNAMBIGUOUS_BP"
"708","7",101388792,101402022,"mma_circ_000771",29,"+",5,23,5,37,"my_test_mma3",29,0,0,1,"GTAG",NA,"ANCHOR_UNIQUE,CANONICAL,CIRCULAR,PERFECT_EXT,UNAMBIGUOUS_BP"
"709","13",2976807,2980250,"mma_circ_000772",16,"+",2,16,40,40,"my_test_mma3",16,0,0,1,"GTAG",NA,"ANCHOR_UNIQUE,CANONICAL,CIRCULAR,PERFECT_EXT,UNAMBIGUOUS_BP"
"710","11",122655709,122676083,"mma_circ_000773",29,"+",3,29,40,40,"my_test_mma3",29,0,0,1,"GTAG",NA,"ANCHOR_UNIQUE,CANONICAL,CIRCULAR,PERFECT_EXT,UNAMBIGUOUS_BP"
"711","5",182897484,182905914,"mma_circ_000774",52,"-",10,52,40,40,"my_test_mma3",52,1,0,1,"GTAG",NA,"ANCHOR_UNIQUE,CANONICAL,CIRCULAR,GOOD_EXT,UNAMBIGUOUS_BP"
"712","6",73433599,73447964,"mma_circ_000775",12,"+",3,12,5,5,"my_test_mma3",12,0,0,1,"GTAG",NA,"ANCHOR_UNIQUE,CANONICAL,CIRCULAR,PERFECT_EXT,UNAMBIGUOUS_BP"
"713","5",145762181,145803917,"mma_circ_000776",50,"-",4,50,40,40,"my_test_mma3",50,0,0,1,"GTAG",NA,"ANCHOR_UNIQUE,CANONICAL,CIRCULAR,PERFECT_EXT,UNAMBIGUOUS_BP"
"714","4",137477617,137504147,"mma_circ_000777",668,"-",99,52,39,37,"my_test_mma3",668,0,0,1,"GTAG",NA,"ANCHOR_UNIQUE,CANONICAL,CIRCULAR,PERFECT_EXT,UNAMBIGUOUS_BP"
"715","3",12999651,12999840,"mma_circ_000778",3,"+",2,3,37,40,"my_test_mma3",3,2,0,1,"GTAG",NA,"ANCHOR_UNIQUE,CANONICAL,CIRCULAR,OK_EXT,UNAMBIGUOUS_BP"
"716","20",4728518,4729370,"mma_circ_000779",26,"+",2,26,5,40,"my_test_mma3",26,0,0,1,"GTAG",NA,"ANCHOR_UNIQUE,CANONICAL,CIRCULAR,PERFECT_EXT,UNAMBIGUOUS_BP"
"717","6",149270260,149270974,"mma_circ_000780",19,"+",4,12,5,40,"my_test_mma3",19,0,0,1,"GTAG",NA,"ANCHOR_UNIQUE,CANONICAL,CIRCULAR,PERFECT_EXT,UNAMBIGUOUS_BP"
"718","1",95557817,95580368,"mma_circ_000781",41,"+",6,41,40,40,"my_test_mma3",41,0,0,1,"GTAG",NA,"ANCHOR_UNIQUE,CANONICAL,CIRCULAR,PERFECT_EXT,UNAMBIGUOUS_BP"
"719","6",177111282,177122703,"mma_circ_000782",85,"+",13,85,40,40,"my_test_mma3",85,0,0,1,"GTAG",NA,"ANCHOR_UNIQUE,CANONICAL,CIRCULAR,PERFECT_EXT,UNAMBIGUOUS_BP"
"720","14",6677842,6677954,"mma_circ_000783",7,"+",2,7,36,40,"my_test_mma3",7,0,0,1,"GTAG",NA,"ANCHOR_UNIQUE,CANONICAL,CIRCULAR,PERFECT_EXT,UNAMBIGUOUS_BP"
"721","3",175215003,175219025,"mma_circ_000784",21,"-",4,21,40,40,"my_test_mma3",21,0,0,1,"GTAG",NA,"ANCHOR_UNIQUE,CANONICAL,CIRCULAR,PERFECT_EXT,UNAMBIGUOUS_BP"
"722","1",198034286,198034457,"mma_circ_000785",48,"+",4,48,37,5,"my_test_mma3",48,1,0,1,"GTAG",NA,"ANCHOR_UNIQUE,CANONICAL,CIRCULAR,GOOD_EXT,UNAMBIGUOUS_BP"
"723","8",106897996,106902905,"mma_circ_000786",2,"+",1,2,5,40,"my_test_mma3",2,0,0,1,"GTAG",NA,"ANCHOR_UNIQUE,CANONICAL,CIRCULAR,PERFECT_EXT,UNAMBIGUOUS_BP"
"724","16",64338475,64367234,"mma_circ_000787",33,"+",4,33,5,40,"my_test_mma3",33,0,0,1,"GTAG",NA,"ANCHOR_UNIQUE,CANONICAL,CIRCULAR,PERFECT_EXT,UNAMBIGUOUS_BP"
"725","14",111538731,111544873,"mma_circ_000788",59,"+",9,59,40,40,"my_test_mma3",59,0,0,1,"GTAG",NA,"ANCHOR_UNIQUE,CANONICAL,CIRCULAR,PERFECT_EXT,UNAMBIGUOUS_BP"
"726","9",29477273,29490080,"mma_circ_000789",82,"+",13,81,40,40,"my_test_mma3",82,0,0,1,"GTAG",NA,"ANCHOR_UNIQUE,CANONICAL,CIRCULAR,PERFECT_EXT,UNAMBIGUOUS_BP"
"727","5",156283686,156306741,"mma_circ_000790",37,"+",3,37,5,40,"my_test_mma3",37,0,0,1,"GTAG",NA,"ANCHOR_UNIQUE,CANONICAL,CIRCULAR,PERFECT_EXT,UNAMBIGUOUS_BP"
"728","6",168264195,168347553,"mma_circ_000791",32,"+",5,31,40,40,"my_test_mma3",32,0,0,1,"GTAG",NA,"ANCHOR_UNIQUE,CANONICAL,CIRCULAR,PERFECT_EXT,UNAMBIGUOUS_BP"
"729","6",32167425,32193346,"mma_circ_000792",47,"+",6,47,40,40,"my_test_mma3",47,0,0,1,"GTAG",NA,"ANCHOR_UNIQUE,CANONICAL,CIRCULAR,PERFECT_EXT,UNAMBIGUOUS_BP"
"730","6",148789959,148798052,"mma_circ_000793",11,"-",2,9,5,40,"my_test_mma3",11,1,0,1,"GTAG",NA,"ANCHOR_UNIQUE,CANONICAL,CIRCULAR,GOOD_EXT,UNAMBIGUOUS_BP"
"731","7",112358455,112358678,"mma_circ_000794",32,"-",8,32,40,37,"my_test_mma3",32,0,0,1,"GTAG",NA,"ANCHOR_UNIQUE,CANONICAL,CIRCULAR,PERFECT_EXT,UNAMBIGUOUS_BP"
"732","20",29817962,29818019,"mma_circ_000795",11,"+",4,11,40,5,"my_test_mma3",11,0,0,1,"GTAG",NA,"ANCHOR_UNIQUE,CANONICAL,CIRCULAR,PERFECT_EXT,UNAMBIGUOUS_BP"
"733","16",7292416,7292584,"mma_circ_000796",12,"-",2,12,40,37,"my_test_mma3",12,2,0,1,"GTAG",NA,"ANCHOR_UNIQUE,CANONICAL,CIRCULAR,OK_EXT,UNAMBIGUOUS_BP"
"734","7",137222401,137223070,"mma_circ_000797",9,"-",5,9,40,40,"my_test_mma3",9,0,0,1,"GTAG",NA,"ANCHOR_UNIQUE,CANONICAL,CIRCULAR,PERFECT_EXT,UNAMBIGUOUS_BP"
"735","16",11847447,11905246,"mma_circ_000798",35,"+",3,35,5,35,"my_test_mma3",35,0,0,1,"GTAG",NA,"ANCHOR_UNIQUE,CANONICAL,CIRCULAR,PERFECT_EXT,UNAMBIGUOUS_BP"
"736","17",15859268,15862264,"mma_circ_000799",42,"-",7,42,40,40,"my_test_mma3",42,0,0,1,"GTAG",NA,"ANCHOR_UNIQUE,CANONICAL,CIRCULAR,PERFECT_EXT,UNAMBIGUOUS_BP"
"737","18",56154680,56155967,"mma_circ_000801",28,"-",7,20,35,5,"my_test_mma3",28,0,0,1,"GTAG",NA,"ANCHOR_UNIQUE,CANONICAL,CIRCULAR,PERFECT_EXT,UNAMBIGUOUS_BP"
"738","8",67908318,67936582,"mma_circ_000802",37,"-",4,37,5,5,"my_test_mma3",37,0,0,1,"GTAG",NA,"ANCHOR_UNIQUE,CANONICAL,CIRCULAR,PERFECT_EXT,UNAMBIGUOUS_BP"
"739","1",95554755,95616151,"mma_circ_000803",22,"+",4,22,40,35,"my_test_mma3",22,0,1,1,"GTAG",NA,"ANCHOR_UNIQUE,CANONICAL,CIRCULAR,GOOD_EXT,UNAMBIGUOUS_BP"
"740","1",133524032,133548768,"mma_circ_000804",77,"+",7,75,40,5,"my_test_mma3",77,0,0,1,"GTAG",NA,"ANCHOR_UNIQUE,CANONICAL,CIRCULAR,PERFECT_EXT,UNAMBIGUOUS_BP"
"741","7",84935097,84937348,"mma_circ_000805",27,"-",9,27,40,40,"my_test_mma3",27,0,0,1,"GTAG",NA,"ANCHOR_UNIQUE,CANONICAL,CIRCULAR,PERFECT_EXT,UNAMBIGUOUS_BP"
"742","19",52913064,52913316,"mma_circ_000806",8,"+",2,8,5,5,"my_test_mma3",8,1,0,1,"GTAG",NA,"ANCHOR_UNIQUE,CANONICAL,CIRCULAR,GOOD_EXT,UNAMBIGUOUS_BP"
"743","3",128642829,128658678,"mma_circ_000807",25,"-",3,24,5,40,"my_test_mma3",25,0,0,1,"GTAG",NA,"ANCHOR_UNIQUE,CANONICAL,CIRCULAR,PERFECT_EXT,UNAMBIGUOUS_BP"
"744","13",2860308,2877229,"mma_circ_000808",14,"-",2,14,5,40,"my_test_mma3",14,0,0,1,"GTAG",NA,"ANCHOR_UNIQUE,CANONICAL,CIRCULAR,PERFECT_EXT,UNAMBIGUOUS_BP"
"745","6",93828016,93858593,"mma_circ_000809",53,"+",6,53,36,40,"my_test_mma3",53,0,0,1,"GTAG",NA,"ANCHOR_UNIQUE,CANONICAL,CIRCULAR,PERFECT_EXT,UNAMBIGUOUS_BP"
"746","4",11907946,11908211,"mma_circ_000810",17,"+",2,17,39,5,"my_test_mma3",17,1,0,1,"GTAG",NA,"ANCHOR_UNIQUE,CANONICAL,CIRCULAR,GOOD_EXT,UNAMBIGUOUS_BP"
"747","14",58802001,58810057,"mma_circ_000811",21,"-",2,21,5,5,"my_test_mma3",21,0,0,1,"GTAG",NA,"ANCHOR_UNIQUE,CANONICAL,CIRCULAR,PERFECT_EXT,UNAMBIGUOUS_BP"
"748","16",60771962,60773631,"mma_circ_000812",50,"-",6,50,40,40,"my_test_mma3",50,0,0,1,"GTAG",NA,"ANCHOR_UNIQUE,CANONICAL,CIRCULAR,PERFECT_EXT,UNAMBIGUOUS_BP"
"749","11",50045461,50060195,"mma_circ_000813",20,"+",4,16,37,5,"my_test_mma3",20,0,0,1,"GTAG",NA,"ANCHOR_UNIQUE,CANONICAL,CIRCULAR,PERFECT_EXT,UNAMBIGUOUS_BP"
"750","2",129178985,129196817,"mma_circ_000814",23,"+",3,23,40,35,"my_test_mma3",23,0,1,1,"GTAG",NA,"ANCHOR_UNIQUE,CANONICAL,CIRCULAR,GOOD_EXT,UNAMBIGUOUS_BP"
"751","3",91409785,91412747,"mma_circ_000815",9,"-",1,9,35,40,"my_test_mma3",9,0,0,1,"GTAG",NA,"ANCHOR_UNIQUE,CANONICAL,CIRCULAR,PERFECT_EXT,UNAMBIGUOUS_BP"
"752","9",29427531,29514944,"mma_circ_000816",34,"-",2,34,40,40,"my_test_mma3",34,1,0,1,"GTAG",NA,"ANCHOR_UNIQUE,CANONICAL,CIRCULAR,GOOD_EXT,UNAMBIGUOUS_BP"
"753","5",47294729,47311549,"mma_circ_000817",25,"-",2,24,5,5,"my_test_mma3",25,2,0,1,"GTAG",NA,"ANCHOR_UNIQUE,CANONICAL,CIRCULAR,OK_EXT,UNAMBIGUOUS_BP"
"754","15",64203013,64213567,"mma_circ_000818",54,"-",3,54,40,40,"my_test_mma3",54,0,0,1,"GTAG",NA,"ANCHOR_UNIQUE,CANONICAL,CIRCULAR,PERFECT_EXT,UNAMBIGUOUS_BP"
"755","1",137770445,137779144,"mma_circ_000820",5,"-",2,5,40,5,"my_test_mma3",5,0,0,1,"GTAG",NA,"ANCHOR_UNIQUE,CANONICAL,CIRCULAR,PERFECT_EXT,UNAMBIGUOUS_BP"
"756","1",183820946,183840813,"mma_circ_000821",40,"-",3,40,40,40,"my_test_mma3",40,0,0,1,"GTAG",NA,"ANCHOR_UNIQUE,CANONICAL,CIRCULAR,PERFECT_EXT,UNAMBIGUOUS_BP"
"757","6",177968065,177971624,"mma_circ_000822",15,"+",2,15,40,5,"my_test_mma3",15,0,0,1,"GTAG",NA,"ANCHOR_UNIQUE,CANONICAL,CIRCULAR,PERFECT_EXT,UNAMBIGUOUS_BP"
"758","9",16156753,16209042,"mma_circ_000823",1998,"+",257,25,37,37,"my_test_mma3",1998,0,0,1,"GTAG",NA,"ANCHOR_UNIQUE,CANONICAL,CIRCULAR,PERFECT_EXT,UNAMBIGUOUS_BP"
"759","14",121852706,121891361,"mma_circ_000824",19,"-",1,19,5,5,"my_test_mma3",19,0,0,1,"GTAG",NA,"ANCHOR_UNIQUE,CANONICAL,CIRCULAR,PERFECT_EXT,UNAMBIGUOUS_BP"
"760","7",28960336,28990245,"mma_circ_000825",25,"-",2,25,40,40,"my_test_mma3",25,0,0,1,"GTAG",NA,"ANCHOR_UNIQUE,CANONICAL,CIRCULAR,PERFECT_EXT,UNAMBIGUOUS_BP"
"761","3",44380217,44380520,"mma_circ_000826",53,"+",5,53,40,40,"my_test_mma3",53,0,0,1,"GTAG",NA,"ANCHOR_UNIQUE,CANONICAL,CIRCULAR,PERFECT_EXT,UNAMBIGUOUS_BP"
"762","10",82441230,82441740,"mma_circ_000827",40,"-",5,40,40,40,"my_test_mma3",40,0,0,1,"GTAG",NA,"ANCHOR_UNIQUE,CANONICAL,CIRCULAR,PERFECT_EXT,UNAMBIGUOUS_BP"
"763","20",29818740,29819030,"mma_circ_000828",28,"+",3,28,40,5,"my_test_mma3",28,0,0,1,"GTAG",NA,"ANCHOR_UNIQUE,CANONICAL,CIRCULAR,PERFECT_EXT,UNAMBIGUOUS_BP"
"764","7",19022060,19025379,"mma_circ_000829",18,"+",5,17,5,40,"my_test_mma3",18,0,0,1,"GTAG",NA,"ANCHOR_UNIQUE,CANONICAL,CIRCULAR,PERFECT_EXT,UNAMBIGUOUS_BP"
"765","13",50035235,50035642,"mma_circ_000830",18,"-",1,18,40,5,"my_test_mma3",18,0,0,1,"GTAG",NA,"ANCHOR_UNIQUE,CANONICAL,CIRCULAR,PERFECT_EXT,UNAMBIGUOUS_BP"
"766","3",113802395,113851872,"mma_circ_000831",35,"-",5,35,40,40,"my_test_mma3",35,0,0,1,"GTAG",NA,"ANCHOR_UNIQUE,CANONICAL,CIRCULAR,PERFECT_EXT,UNAMBIGUOUS_BP"
"767","11",53032485,53050526,"mma_circ_000833",42,"+",4,42,5,5,"my_test_mma3",42,0,0,1,"GTAG",NA,"ANCHOR_UNIQUE,CANONICAL,CIRCULAR,PERFECT_EXT,UNAMBIGUOUS_BP"
"768","1",176042313,176046531,"mma_circ_000834",6,"+",2,6,40,40,"my_test_mma3",6,0,0,1,"GTAG",NA,"ANCHOR_UNIQUE,CANONICAL,CIRCULAR,PERFECT_EXT,UNAMBIGUOUS_BP"
"769","13",54755698,54760799,"mma_circ_000835",35,"+",5,35,5,37,"my_test_mma3",35,0,0,1,"GTAG",NA,"ANCHOR_UNIQUE,CANONICAL,CIRCULAR,PERFECT_EXT,UNAMBIGUOUS_BP"
"770","19",37332520,37338778,"mma_circ_000837",41,"+",2,41,5,5,"my_test_mma3",41,1,0,1,"GTAG",NA,"ANCHOR_UNIQUE,CANONICAL,CIRCULAR,GOOD_EXT,UNAMBIGUOUS_BP"
"771","7",26707799,26710422,"mma_circ_000838",36,"-",5,36,40,5,"my_test_mma3",36,0,0,1,"GTAG",NA,"ANCHOR_UNIQUE,CANONICAL,CIRCULAR,PERFECT_EXT,UNAMBIGUOUS_BP"
"772","17",83059809,83081730,"mma_circ_000839",25,"-",2,25,5,40,"my_test_mma3",25,0,0,1,"GTAG",NA,"ANCHOR_UNIQUE,CANONICAL,CIRCULAR,PERFECT_EXT,UNAMBIGUOUS_BP"
"773","4",72508679,72543688,"mma_circ_000840",28,"+",2,28,40,40,"my_test_mma3",28,0,0,1,"GTAG",NA,"ANCHOR_UNIQUE,CANONICAL,CIRCULAR,PERFECT_EXT,UNAMBIGUOUS_BP"
"774","18",37732824,37733482,"mma_circ_000841",10,"-",1,10,40,5,"my_test_mma3",10,0,0,1,"GTAG",NA,"ANCHOR_UNIQUE,CANONICAL,CIRCULAR,PERFECT_EXT,UNAMBIGUOUS_BP"
"775","20",55383378,55407079,"mma_circ_000842",26,"+",6,26,40,5,"my_test_mma3",26,0,0,1,"GTAG",NA,"ANCHOR_UNIQUE,CANONICAL,CIRCULAR,PERFECT_EXT,UNAMBIGUOUS_BP"
"776","15",2408558,2424855,"mma_circ_000843",11,"+",4,11,5,5,"my_test_mma3",11,0,0,1,"GTAG",NA,"ANCHOR_UNIQUE,CANONICAL,CIRCULAR,PERFECT_EXT,UNAMBIGUOUS_BP"
"777","8",115863475,115900228,"mma_circ_000844",152,"-",9,152,40,40,"my_test_mma3",152,0,0,1,"GTAG",NA,"ANCHOR_UNIQUE,CANONICAL,CIRCULAR,PERFECT_EXT,UNAMBIGUOUS_BP"
"778","15",87372863,87375324,"mma_circ_000845",9,"+",4,3,5,5,"my_test_mma3",9,1,0,1,"GTAG",NA,"ANCHOR_UNIQUE,CANONICAL,CIRCULAR,GOOD_EXT,UNAMBIGUOUS_BP"
"779","6",148789959,148790178,"mma_circ_000846",15,"-",1,15,5,5,"my_test_mma3",15,1,0,1,"GTAG",NA,"ANCHOR_UNIQUE,CANONICAL,CIRCULAR,GOOD_EXT,UNAMBIGUOUS_BP"
"780","1",212182145,212202647,"mma_circ_000847",18,"-",2,2,5,5,"my_test_mma3",18,0,0,1,"GTAG",NA,"ANCHOR_UNIQUE,CANONICAL,CIRCULAR,PERFECT_EXT,UNAMBIGUOUS_BP"
"781","5",183982746,183986029,"mma_circ_000848",75,"-",9,75,40,40,"my_test_mma3",75,0,0,1,"GTAG",NA,"ANCHOR_UNIQUE,CANONICAL,CIRCULAR,PERFECT_EXT,UNAMBIGUOUS_BP"
"782","2",106225756,106227445,"mma_circ_000849",57,"+",6,57,40,40,"my_test_mma3",57,0,0,1,"GTAG",NA,"ANCHOR_UNIQUE,CANONICAL,CIRCULAR,PERFECT_EXT,UNAMBIGUOUS_BP"
"783","14",12281878,12282270,"mma_circ_000850",23,"-",3,23,37,5,"my_test_mma3",23,0,0,1,"GTAG",NA,"ANCHOR_UNIQUE,CANONICAL,CIRCULAR,PERFECT_EXT,UNAMBIGUOUS_BP"
"784","5",55982084,55984992,"mma_circ_000851",63,"+",8,63,40,40,"my_test_mma3",63,0,0,1,"GTAG",NA,"ANCHOR_UNIQUE,CANONICAL,CIRCULAR,PERFECT_EXT,UNAMBIGUOUS_BP"
"785","9",68839936,68840380,"mma_circ_000852",11,"-",3,11,5,5,"my_test_mma3",11,0,0,1,"GTAG",NA,"ANCHOR_UNIQUE,CANONICAL,CIRCULAR,PERFECT_EXT,UNAMBIGUOUS_BP"
"786","9",22667660,22690446,"mma_circ_000853",2,"+",1,2,40,5,"my_test_mma3",2,0,0,1,"GTAG",NA,"ANCHOR_UNIQUE,CANONICAL,CIRCULAR,PERFECT_EXT,UNAMBIGUOUS_BP"
"787","3",94645953,94668986,"mma_circ_000854",38,"-",8,38,5,40,"my_test_mma3",38,0,0,1,"GTAG",NA,"ANCHOR_UNIQUE,CANONICAL,CIRCULAR,PERFECT_EXT,UNAMBIGUOUS_BP"
"788","1",212062551,212063624,"mma_circ_000855",12,"-",3,12,40,40,"my_test_mma3",12,0,0,1,"GTAG",NA,"ANCHOR_UNIQUE,CANONICAL,CIRCULAR,PERFECT_EXT,UNAMBIGUOUS_BP"
"789","1",37222210,37254939,"mma_circ_000856",19,"+",3,19,35,40,"my_test_mma3",19,0,0,1,"GTAG",NA,"ANCHOR_UNIQUE,CANONICAL,CIRCULAR,PERFECT_EXT,UNAMBIGUOUS_BP"
"790","1",208862383,208869035,"mma_circ_000857",37,"-",4,37,5,5,"my_test_mma3",37,0,0,1,"GTAG",NA,"ANCHOR_UNIQUE,CANONICAL,CIRCULAR,PERFECT_EXT,UNAMBIGUOUS_BP"
"791","13",19033448,19035321,"mma_circ_000858",29,"+",4,29,35,40,"my_test_mma3",29,0,0,1,"GTAG",NA,"ANCHOR_UNIQUE,CANONICAL,CIRCULAR,PERFECT_EXT,UNAMBIGUOUS_BP"
"792","14",79212883,79222408,"mma_circ_000859",21,"-",2,21,36,40,"my_test_mma3",21,0,0,1,"GTAG",NA,"ANCHOR_UNIQUE,CANONICAL,CIRCULAR,PERFECT_EXT,UNAMBIGUOUS_BP"
"793","12",97434039,97475083,"mma_circ_000860",48,"-",10,48,40,40,"my_test_mma3",48,0,0,1,"GTAG",NA,"ANCHOR_UNIQUE,CANONICAL,CIRCULAR,PERFECT_EXT,UNAMBIGUOUS_BP"
"794","20",40565200,40617799,"mma_circ_000861",12,"+",1,12,40,40,"my_test_mma3",12,0,0,1,"GTAG",NA,"ANCHOR_UNIQUE,CANONICAL,CIRCULAR,PERFECT_EXT,UNAMBIGUOUS_BP"
"795","16",28367751,28403405,"mma_circ_000862",44,"+",7,31,5,5,"my_test_mma3",44,0,0,1,"GTAG",NA,"ANCHOR_UNIQUE,CANONICAL,CIRCULAR,PERFECT_EXT,UNAMBIGUOUS_BP"
"796","20",29817666,29817801,"mma_circ_000863",54,"+",3,54,40,5,"my_test_mma3",54,2,0,1,"GTAG",NA,"ANCHOR_UNIQUE,CANONICAL,CIRCULAR,OK_EXT,UNAMBIGUOUS_BP"
"797","11",13245131,13261460,"mma_circ_000864",11,"+",2,11,40,40,"my_test_mma3",11,0,0,1,"GTAG",NA,"ANCHOR_UNIQUE,CANONICAL,CIRCULAR,PERFECT_EXT,UNAMBIGUOUS_BP"
"798","13",49976170,50035642,"mma_circ_000865",60,"-",3,60,5,5,"my_test_mma3",60,0,0,1,"GTAG",NA,"ANCHOR_UNIQUE,CANONICAL,CIRCULAR,PERFECT_EXT,UNAMBIGUOUS_BP"
"799","8",67899388,67908430,"mma_circ_000866",2,"-",2,2,40,40,"my_test_mma3",2,0,0,1,"GTAG",NA,"ANCHOR_UNIQUE,CANONICAL,CIRCULAR,PERFECT_EXT,UNAMBIGUOUS_BP"
"800","3",3778349,3778929,"mma_circ_000868",6,"-",1,6,5,5,"my_test_mma3",6,1,0,1,"GTAG",NA,"ANCHOR_UNIQUE,CANONICAL,CIRCULAR,GOOD_EXT,UNAMBIGUOUS_BP"
"801","16",75301463,75315617,"mma_circ_000869",21,"-",5,20,40,5,"my_test_mma3",21,0,0,1,"GTAG",NA,"ANCHOR_UNIQUE,CANONICAL,CIRCULAR,PERFECT_EXT,UNAMBIGUOUS_BP"
"802","2",80203268,80252299,"mma_circ_000870",37,"+",5,37,40,40,"my_test_mma3",37,0,0,1,"GTAG",NA,"ANCHOR_UNIQUE,CANONICAL,CIRCULAR,PERFECT_EXT,UNAMBIGUOUS_BP"
"803","4",130802021,130823643,"mma_circ_000871",2,"+",1,2,40,5,"my_test_mma3",2,0,0,1,"GTAG",NA,"ANCHOR_UNIQUE,CANONICAL,CIRCULAR,PERFECT_EXT,UNAMBIGUOUS_BP"
"804","7",52557396,52565168,"mma_circ_000872",27,"-",3,27,5,5,"my_test_mma3",27,0,0,1,"GTAG",NA,"ANCHOR_UNIQUE,CANONICAL,CIRCULAR,PERFECT_EXT,UNAMBIGUOUS_BP"
"805","7",111924905,111928735,"mma_circ_000873",20,"+",2,20,5,40,"my_test_mma3",20,0,0,1,"GTAG",NA,"ANCHOR_UNIQUE,CANONICAL,CIRCULAR,PERFECT_EXT,UNAMBIGUOUS_BP"
"806","1",211138421,211148153,"mma_circ_000874",34,"-",5,34,40,40,"my_test_mma3",34,0,0,1,"GTAG",NA,"ANCHOR_UNIQUE,CANONICAL,CIRCULAR,PERFECT_EXT,UNAMBIGUOUS_BP"
"807","14",10345846,10346202,"mma_circ_000875",28,"-",4,28,37,40,"my_test_mma3",28,0,0,1,"GTAG",NA,"ANCHOR_UNIQUE,CANONICAL,CIRCULAR,PERFECT_EXT,UNAMBIGUOUS_BP"
"808","19",33707085,33713685,"mma_circ_000876",28,"+",2,28,40,40,"my_test_mma3",28,0,0,1,"GTAG",NA,"ANCHOR_UNIQUE,CANONICAL,CIRCULAR,PERFECT_EXT,UNAMBIGUOUS_BP"
"809","8",98418880,98422782,"mma_circ_000877",34,"+",3,34,40,5,"my_test_mma3",34,0,0,1,"GTAG",NA,"ANCHOR_UNIQUE,CANONICAL,CIRCULAR,PERFECT_EXT,UNAMBIGUOUS_BP"
"810","16",7292437,7292794,"mma_circ_000878",22,"-",2,22,40,5,"my_test_mma3",22,1,0,1,"GTAG",NA,"ANCHOR_UNIQUE,CANONICAL,CIRCULAR,GOOD_EXT,UNAMBIGUOUS_BP"
"811","16",25342583,25360516,"mma_circ_000879",38,"-",4,38,40,40,"my_test_mma3",38,0,0,1,"GTAG",NA,"ANCHOR_UNIQUE,CANONICAL,CIRCULAR,PERFECT_EXT,UNAMBIGUOUS_BP"
"812","1",214310373,214324807,"mma_circ_000880",16,"-",2,16,5,40,"my_test_mma3",16,0,0,1,"GTAG",NA,"ANCHOR_UNIQUE,CANONICAL,CIRCULAR,PERFECT_EXT,UNAMBIGUOUS_BP"
"813","15",69417261,69475162,"mma_circ_000881",10,"+",4,10,40,5,"my_test_mma3",10,0,0,1,"GTAG",NA,"ANCHOR_UNIQUE,CANONICAL,CIRCULAR,PERFECT_EXT,UNAMBIGUOUS_BP"
"814","14",114106447,114121113,"mma_circ_000882",59,"+",9,58,40,40,"my_test_mma3",59,0,0,1,"GTAG",NA,"ANCHOR_UNIQUE,CANONICAL,CIRCULAR,PERFECT_EXT,UNAMBIGUOUS_BP"
"815","16",1392744,1395880,"mma_circ_000883",17,"-",3,17,40,40,"my_test_mma3",17,0,0,1,"GTAG",NA,"ANCHOR_UNIQUE,CANONICAL,CIRCULAR,PERFECT_EXT,UNAMBIGUOUS_BP"
"816","5",47785893,47799491,"mma_circ_000884",86,"+",18,76,40,40,"my_test_mma3",86,0,0,1,"GTAG",NA,"ANCHOR_UNIQUE,CANONICAL,CIRCULAR,PERFECT_EXT,UNAMBIGUOUS_BP"
"817","16",46989209,46989449,"mma_circ_000885",49,"-",11,49,40,40,"my_test_mma3",49,0,0,1,"GTAG",NA,"ANCHOR_UNIQUE,CANONICAL,CIRCULAR,PERFECT_EXT,UNAMBIGUOUS_BP"
"818","7",112949471,112960731,"mma_circ_000887",6,"+",1,6,40,5,"my_test_mma3",6,0,0,1,"GTAG",NA,"ANCHOR_UNIQUE,CANONICAL,CIRCULAR,PERFECT_EXT,UNAMBIGUOUS_BP"
"819","18",72947730,72957945,"mma_circ_000889",53,"+",8,53,40,40,"my_test_mma3",53,0,0,1,"GTAG",NA,"ANCHOR_UNIQUE,CANONICAL,CIRCULAR,PERFECT_EXT,UNAMBIGUOUS_BP"
"820","14",12738966,12739485,"mma_circ_000890",38,"-",3,38,40,5,"my_test_mma3",38,0,0,1,"GTAG",NA,"ANCHOR_UNIQUE,CANONICAL,CIRCULAR,PERFECT_EXT,UNAMBIGUOUS_BP"
"821","12",59666492,59696896,"mma_circ_000891",34,"+",2,34,5,40,"my_test_mma3",34,1,0,1,"GTAG",NA,"ANCHOR_UNIQUE,CANONICAL,CIRCULAR,GOOD_EXT,UNAMBIGUOUS_BP"
"822","13",54748968,54755885,"mma_circ_000893",14,"+",2,14,5,5,"my_test_mma3",14,0,0,1,"GTAG",NA,"ANCHOR_UNIQUE,CANONICAL,CIRCULAR,PERFECT_EXT,UNAMBIGUOUS_BP"
"823","12",807377,807809,"mma_circ_000894",33,"-",7,33,37,40,"my_test_mma3",33,0,0,1,"GTAG",NA,"ANCHOR_UNIQUE,CANONICAL,CIRCULAR,PERFECT_EXT,UNAMBIGUOUS_BP"
"824","9",94182960,94184530,"mma_circ_000895",76,"+",10,76,40,40,"my_test_mma3",76,0,0,1,"GTAG",NA,"ANCHOR_UNIQUE,CANONICAL,CIRCULAR,PERFECT_EXT,UNAMBIGUOUS_BP"
"825","4",126367453,126368488,"mma_circ_000896",55,"+",5,38,40,40,"my_test_mma3",55,0,0,1,"GTAG",NA,"ANCHOR_UNIQUE,CANONICAL,CIRCULAR,PERFECT_EXT,UNAMBIGUOUS_BP"
"826","7",154959922,154960150,"mma_circ_000897",28,"+",2,28,40,5,"my_test_mma3",28,0,0,1,"GTAG",NA,"ANCHOR_UNIQUE,CANONICAL,CIRCULAR,PERFECT_EXT,UNAMBIGUOUS_BP"
"827","11",50045461,50048664,"mma_circ_000898",47,"+",6,47,5,40,"my_test_mma3",47,0,0,1,"GTAG",NA,"ANCHOR_UNIQUE,CANONICAL,CIRCULAR,PERFECT_EXT,UNAMBIGUOUS_BP"
"828","5",86506483,86530327,"mma_circ_000899",26,"-",2,26,40,5,"my_test_mma3",26,0,0,1,"GTAG",NA,"ANCHOR_UNIQUE,CANONICAL,CIRCULAR,PERFECT_EXT,UNAMBIGUOUS_BP"
"829","20",35351723,35358981,"mma_circ_000900",23,"+",8,23,5,40,"my_test_mma3",23,0,0,1,"GTAG",NA,"ANCHOR_UNIQUE,CANONICAL,CIRCULAR,PERFECT_EXT,UNAMBIGUOUS_BP"
"830","3",10258351,10263813,"mma_circ_000901",76,"-",9,76,40,40,"my_test_mma3",76,0,0,1,"GTAG",NA,"ANCHOR_UNIQUE,CANONICAL,CIRCULAR,PERFECT_EXT,UNAMBIGUOUS_BP"
"831","9",1829615,1849491,"mma_circ_000902",22,"+",1,22,5,40,"my_test_mma3",22,0,0,1,"GTAG",NA,"ANCHOR_UNIQUE,CANONICAL,CIRCULAR,PERFECT_EXT,UNAMBIGUOUS_BP"
"832","15",17612161,17680330,"mma_circ_000903",43,"-",5,43,39,5,"my_test_mma3",43,1,0,1,"GTAG",NA,"ANCHOR_UNIQUE,CANONICAL,CIRCULAR,GOOD_EXT,UNAMBIGUOUS_BP"
"833","16",27395748,27403464,"mma_circ_000904",50,"+",8,50,40,40,"my_test_mma3",50,0,0,1,"GTAG",NA,"ANCHOR_UNIQUE,CANONICAL,CIRCULAR,PERFECT_EXT,UNAMBIGUOUS_BP"
"834","11",108831968,108865179,"mma_circ_000905",42,"+",2,42,40,5,"my_test_mma3",42,0,0,1,"GTAG",NA,"ANCHOR_UNIQUE,CANONICAL,CIRCULAR,PERFECT_EXT,UNAMBIGUOUS_BP"
"835","10",76353719,76363234,"mma_circ_000906",47,"+",6,47,40,40,"my_test_mma3",47,0,0,1,"GTAG",NA,"ANCHOR_UNIQUE,CANONICAL,CIRCULAR,PERFECT_EXT,UNAMBIGUOUS_BP"
"836","1",43627748,43640438,"mma_circ_000907",4,"+",1,4,5,40,"my_test_mma3",4,0,0,1,"GTAG",NA,"ANCHOR_UNIQUE,CANONICAL,CIRCULAR,PERFECT_EXT,UNAMBIGUOUS_BP"
"837","16",28367751,28376477,"mma_circ_000908",20,"+",4,19,5,5,"my_test_mma3",20,0,0,1,"GTAG",NA,"ANCHOR_UNIQUE,CANONICAL,CIRCULAR,PERFECT_EXT,UNAMBIGUOUS_BP"
"838","6",174675016,174729864,"mma_circ_000909",34,"+",3,34,37,40,"my_test_mma3",34,0,0,1,"GTAG",NA,"ANCHOR_UNIQUE,CANONICAL,CIRCULAR,PERFECT_EXT,UNAMBIGUOUS_BP"
"839","11",122188127,122189072,"mma_circ_000910",23,"-",2,23,36,40,"my_test_mma3",23,0,0,1,"GTAG",NA,"ANCHOR_UNIQUE,CANONICAL,CIRCULAR,PERFECT_EXT,UNAMBIGUOUS_BP"
"840","12",95401825,95402761,"mma_circ_000911",36,"-",3,36,40,40,"my_test_mma3",36,0,0,1,"GTAG",NA,"ANCHOR_UNIQUE,CANONICAL,CIRCULAR,PERFECT_EXT,UNAMBIGUOUS_BP"
"841","15",46096165,46162527,"mma_circ_000912",15,"+",2,15,5,40,"my_test_mma3",15,0,0,1,"GTAG",NA,"ANCHOR_UNIQUE,CANONICAL,CIRCULAR,PERFECT_EXT,UNAMBIGUOUS_BP"
