"","chrom","start","end","name","n_reads","strand","n_uniq","uniq_bridges","best_qual_left","best_qual_right","tissues","tiss_counts","edits","anchor_overlap","breakpoints","signal","strandmatch","category"
"1","NW_017739630.1",1042128,1051712,"rsi_circ_000001",7,"+",6,7,40,40,"my_test_rsi2",7,1,0,1,"GTAG",NA,"ANCHOR_UNIQUE,CANONICAL,CIRCULAR,GOOD_EXT,UNAMBIGUOUS_BP"
"2","NW_017739137.1",1443645,1445353,"rsi_circ_000002",22,"-",16,22,40,40,"my_test_rsi2",22,0,0,1,"GTAG",NA,"ANCHOR_UNIQUE,CANONICAL,CIRCULAR,PERFECT_EXT,UNAMBIGUOUS_BP"
"3","NW_017739003.1",7564450,7569952,"rsi_circ_000004",3,"+",3,3,40,40,"my_test_rsi2",3,0,0,1,"GTAG",NA,"ANCHOR_UNIQUE,CANONICAL,CIRCULAR,PERFECT_EXT,UNAMBIGUOUS_BP"
"4","NW_017739049.1",2837525,2843018,"rsi_circ_000005",8,"-",5,8,40,40,"my_test_rsi2",8,0,0,1,"GTAG",NA,"ANCHOR_UNIQUE,CANONICAL,CIRCULAR,PERFECT_EXT,UNAMBIGUOUS_BP"
"5","NW_017739607.1",212727,212883,"rsi_circ_000011",5,"-",4,5,40,40,"my_test_rsi2",5,0,0,1,"GTAG",NA,"ANCHOR_UNIQUE,CANONICAL,CIRCULAR,PERFECT_EXT,UNAMBIGUOUS_BP"
"6","NW_017739300.1",160389,161903,"rsi_circ_000012",646,"+",130,637,40,40,"my_test_rsi2",646,0,0,1,"GTAG",NA,"ANCHOR_UNIQUE,CANONICAL,CIRCULAR,PERFECT_EXT,UNAMBIGUOUS_BP"
"7","NW_017739405.1",2931796,2951458,"rsi_circ_000013",4,"+",3,4,40,40,"my_test_rsi2",4,0,0,1,"GTAG",NA,"ANCHOR_UNIQUE,CANONICAL,CIRCULAR,PERFECT_EXT,UNAMBIGUOUS_BP"
"8","NW_017739979.1",121716,150710,"rsi_circ_000016",2,"+",1,2,40,40,"my_test_rsi2",2,0,0,1,"GTAG",NA,"ANCHOR_UNIQUE,CANONICAL,CIRCULAR,PERFECT_EXT,UNAMBIGUOUS_BP"
"9","NW_017739418.1",1418950,1465877,"rsi_circ_000017",3,"-",2,3,37,35,"my_test_rsi2",3,0,0,1,"GTAG",NA,"ANCHOR_UNIQUE,CANONICAL,CIRCULAR,PERFECT_EXT,UNAMBIGUOUS_BP"
"10","NW_017739128.1",212918,222405,"rsi_circ_000018",3,"-",1,3,40,40,"my_test_rsi2",3,0,0,1,"GTAG",NA,"ANCHOR_UNIQUE,CANONICAL,CIRCULAR,PERFECT_EXT,UNAMBIGUOUS_BP"
"11","NW_017739145.1",321708,328385,"rsi_circ_000019",4,"+",2,4,40,40,"my_test_rsi2",4,0,0,1,"GTAG",NA,"ANCHOR_UNIQUE,CANONICAL,CIRCULAR,PERFECT_EXT,UNAMBIGUOUS_BP"
"12","NW_017739160.1",1288850,1289682,"rsi_circ_000020",23,"+",14,23,40,40,"my_test_rsi2",23,0,0,1,"GTAG",NA,"ANCHOR_UNIQUE,CANONICAL,CIRCULAR,PERFECT_EXT,UNAMBIGUOUS_BP"
"13","NW_017739845.1",198128,213650,"rsi_circ_000021",3,"-",2,3,40,40,"my_test_rsi2",3,0,0,1,"GTAG",NA,"ANCHOR_UNIQUE,CANONICAL,CIRCULAR,PERFECT_EXT,UNAMBIGUOUS_BP"
"14","NW_017739014.1",2625706,2634103,"rsi_circ_000023",2,"-",1,2,40,40,"my_test_rsi2",2,0,0,1,"GTAG",NA,"ANCHOR_UNIQUE,CANONICAL,CIRCULAR,PERFECT_EXT,UNAMBIGUOUS_BP"
"15","NW_017739010.1",3543740,3545140,"rsi_circ_000024",3,"+",2,3,40,40,"my_test_rsi2",3,1,0,1,"GTAG",NA,"ANCHOR_UNIQUE,CANONICAL,CIRCULAR,GOOD_EXT,UNAMBIGUOUS_BP"
"16","NW_017739437.1",696020,718689,"rsi_circ_000026",2,"-",2,2,40,40,"my_test_rsi2",2,0,0,1,"GTAG",NA,"ANCHOR_UNIQUE,CANONICAL,CIRCULAR,PERFECT_EXT,UNAMBIGUOUS_BP"
"17","NW_017739367.1",438052,441106,"rsi_circ_000027",6,"+",3,6,40,40,"my_test_rsi2",6,0,0,1,"GTAG",NA,"ANCHOR_UNIQUE,CANONICAL,CIRCULAR,PERFECT_EXT,UNAMBIGUOUS_BP"
"18","NW_017739151.1",1075470,1076794,"rsi_circ_000028",2,"-",1,2,5,40,"my_test_rsi2",2,0,0,1,"GTAG",NA,"ANCHOR_UNIQUE,CANONICAL,CIRCULAR,PERFECT_EXT,UNAMBIGUOUS_BP"
"19","NW_017738920.1",6778010,6780643,"rsi_circ_000029",5,"+",3,5,40,40,"my_test_rsi2",5,1,0,1,"GTAG",NA,"ANCHOR_UNIQUE,CANONICAL,CIRCULAR,GOOD_EXT,UNAMBIGUOUS_BP"
"20","NW_017738989.1",1225783,1271802,"rsi_circ_000032",9,"+",7,6,40,40,"my_test_rsi2",9,0,0,1,"GTAG",NA,"ANCHOR_UNIQUE,CANONICAL,CIRCULAR,PERFECT_EXT,UNAMBIGUOUS_BP"
"21","NW_017739162.1",4084123,4096218,"rsi_circ_000034",2,"+",2,2,40,40,"my_test_rsi2",2,0,0,1,"GTAG",NA,"ANCHOR_UNIQUE,CANONICAL,CIRCULAR,PERFECT_EXT,UNAMBIGUOUS_BP"
"22","NW_017738922.1",3527449,3531132,"rsi_circ_000035",8,"-",4,6,40,40,"my_test_rsi2",8,0,0,1,"GTAG",NA,"ANCHOR_UNIQUE,CANONICAL,CIRCULAR,PERFECT_EXT,UNAMBIGUOUS_BP"
"23","NW_017739029.1",541098,543657,"rsi_circ_000036",4,"-",4,4,40,40,"my_test_rsi2",4,0,0,1,"GTAG",NA,"ANCHOR_UNIQUE,CANONICAL,CIRCULAR,PERFECT_EXT,UNAMBIGUOUS_BP"
"24","NW_017738971.1",7444799,7447810,"rsi_circ_000037",16,"+",7,16,40,40,"my_test_rsi2",16,0,0,1,"GTAG",NA,"ANCHOR_UNIQUE,CANONICAL,CIRCULAR,PERFECT_EXT,UNAMBIGUOUS_BP"
"25","NW_017739015.1",5343200,5354654,"rsi_circ_000038",18,"+",9,18,40,40,"my_test_rsi2",18,0,0,1,"GTAG",NA,"ANCHOR_UNIQUE,CANONICAL,CIRCULAR,PERFECT_EXT,UNAMBIGUOUS_BP"
"26","NW_017739574.1",70168,99022,"rsi_circ_000041",8,"-",6,7,40,40,"my_test_rsi2",8,0,0,1,"GTAG",NA,"ANCHOR_UNIQUE,CANONICAL,CIRCULAR,PERFECT_EXT,UNAMBIGUOUS_BP"
"27","NW_017739609.1",691800,692128,"rsi_circ_000042",2,"+",1,2,5,40,"my_test_rsi2",2,0,0,1,"GTAG",NA,"ANCHOR_UNIQUE,CANONICAL,CIRCULAR,PERFECT_EXT,UNAMBIGUOUS_BP"
"28","NW_017739014.1",2633919,2658028,"rsi_circ_000043",5,"-",1,5,40,35,"my_test_rsi2",5,0,0,1,"GTAG",NA,"ANCHOR_UNIQUE,CANONICAL,CIRCULAR,PERFECT_EXT,UNAMBIGUOUS_BP"
"29","NW_017739298.1",1463383,1481721,"rsi_circ_000045",4,"+",1,4,40,5,"my_test_rsi2",4,0,0,1,"GTAG",NA,"ANCHOR_UNIQUE,CANONICAL,CIRCULAR,PERFECT_EXT,UNAMBIGUOUS_BP"
"30","NW_017739372.1",1091452,1104432,"rsi_circ_000046",6684,"-",635,6441,40,40,"my_test_rsi2",6684,0,0,1,"GTAG",NA,"ANCHOR_UNIQUE,CANONICAL,CIRCULAR,PERFECT_EXT,UNAMBIGUOUS_BP"
"31","NW_017739536.1",272889,284036,"rsi_circ_000047",10,"-",6,10,40,40,"my_test_rsi2",10,0,0,1,"GTAG",NA,"ANCHOR_UNIQUE,CANONICAL,CIRCULAR,PERFECT_EXT,UNAMBIGUOUS_BP"
"32","NW_017739044.1",878927,929729,"rsi_circ_000049",6,"-",3,6,35,40,"my_test_rsi2",6,0,0,1,"GTAG",NA,"ANCHOR_UNIQUE,CANONICAL,CIRCULAR,PERFECT_EXT,UNAMBIGUOUS_BP"
"33","NW_017739715.1",233033,234550,"rsi_circ_000050",18,"-",8,18,40,40,"my_test_rsi2",18,0,0,1,"GTAG",NA,"ANCHOR_UNIQUE,CANONICAL,CIRCULAR,PERFECT_EXT,UNAMBIGUOUS_BP"
"34","NW_017738940.1",7802159,7803712,"rsi_circ_000051",67,"+",40,67,40,40,"my_test_rsi2",67,1,0,1,"GTAG",NA,"ANCHOR_UNIQUE,CANONICAL,CIRCULAR,GOOD_EXT,UNAMBIGUOUS_BP"
"35","NW_017739085.1",1513332,1523156,"rsi_circ_000052",5,"+",1,5,5,35,"my_test_rsi2",5,0,0,1,"GTAG",NA,"ANCHOR_UNIQUE,CANONICAL,CIRCULAR,PERFECT_EXT,UNAMBIGUOUS_BP"
"36","NW_017738923.1",15002604,15019176,"rsi_circ_000053",3,"-",1,3,40,40,"my_test_rsi2",3,0,0,1,"GTAG",NA,"ANCHOR_UNIQUE,CANONICAL,CIRCULAR,PERFECT_EXT,UNAMBIGUOUS_BP"
"37","NW_017739293.1",326474,327438,"rsi_circ_000054",3,"+",1,3,40,40,"my_test_rsi2",3,1,0,1,"GTAG",NA,"ANCHOR_UNIQUE,CANONICAL,CIRCULAR,GOOD_EXT,UNAMBIGUOUS_BP"
"38","NW_017739075.1",1023818,1024963,"rsi_circ_000055",6,"+",2,6,35,40,"my_test_rsi2",6,1,0,1,"GTAG",NA,"ANCHOR_UNIQUE,CANONICAL,CIRCULAR,GOOD_EXT,UNAMBIGUOUS_BP"
"39","NW_017739016.1",1445225,1455155,"rsi_circ_000057",3,"+",1,3,40,5,"my_test_rsi2",3,0,0,1,"GTAG",NA,"ANCHOR_UNIQUE,CANONICAL,CIRCULAR,PERFECT_EXT,UNAMBIGUOUS_BP"
"40","NW_017739078.1",3741663,3746118,"rsi_circ_000058",3,"+",2,3,40,40,"my_test_rsi2",3,0,0,1,"GTAG",NA,"ANCHOR_UNIQUE,CANONICAL,CIRCULAR,PERFECT_EXT,UNAMBIGUOUS_BP"
"41","NW_017738959.1",9470551,9471168,"rsi_circ_000059",2,"+",1,2,40,40,"my_test_rsi2",2,0,0,1,"GTAG",NA,"ANCHOR_UNIQUE,CANONICAL,CIRCULAR,PERFECT_EXT,UNAMBIGUOUS_BP"
"42","NW_017739425.1",1695602,1699415,"rsi_circ_000060",6,"+",3,6,40,40,"my_test_rsi2",6,1,0,1,"GTAG",NA,"ANCHOR_UNIQUE,CANONICAL,CIRCULAR,GOOD_EXT,UNAMBIGUOUS_BP"
"43","NW_017739562.1",294365,296707,"rsi_circ_000061",2,"-",2,2,5,40,"my_test_rsi2",2,1,0,1,"GTAG",NA,"ANCHOR_UNIQUE,CANONICAL,CIRCULAR,GOOD_EXT,UNAMBIGUOUS_BP"
"44","NW_017739116.1",2656272,2657237,"rsi_circ_000062",2,"+",2,2,40,40,"my_test_rsi2",2,0,0,1,"GTAG",NA,"ANCHOR_UNIQUE,CANONICAL,CIRCULAR,PERFECT_EXT,UNAMBIGUOUS_BP"
"45","NW_017738954.1",2641390,2655345,"rsi_circ_000064",9,"+",3,9,40,40,"my_test_rsi2",9,0,0,1,"GTAG",NA,"ANCHOR_UNIQUE,CANONICAL,CIRCULAR,PERFECT_EXT,UNAMBIGUOUS_BP"
"46","NW_017739019.1",5053109,5056971,"rsi_circ_000065",4,"+",2,4,40,40,"my_test_rsi2",4,0,0,1,"GTAG",NA,"ANCHOR_UNIQUE,CANONICAL,CIRCULAR,PERFECT_EXT,UNAMBIGUOUS_BP"
"47","NW_017739104.1",208996,224985,"rsi_circ_000066",7,"+",5,7,40,40,"my_test_rsi2",7,0,0,1,"GTAG",NA,"ANCHOR_UNIQUE,CANONICAL,CIRCULAR,PERFECT_EXT,UNAMBIGUOUS_BP"
"48","NW_017739019.1",3692205,3694740,"rsi_circ_000067",20,"+",9,20,40,40,"my_test_rsi2",20,0,0,1,"GTAG",NA,"ANCHOR_UNIQUE,CANONICAL,CIRCULAR,PERFECT_EXT,UNAMBIGUOUS_BP"
"49","NW_017739557.1",383550,383843,"rsi_circ_000070",2,"+",1,2,5,5,"my_test_rsi2",2,1,0,1,"GTAG",NA,"ANCHOR_UNIQUE,CANONICAL,CIRCULAR,GOOD_EXT,UNAMBIGUOUS_BP"
"50","NW_017739364.1",321476,324439,"rsi_circ_000072",3,"+",2,3,40,40,"my_test_rsi2",3,0,2,1,"GTAG",NA,"ANCHOR_UNIQUE,CANONICAL,CIRCULAR,OK_EXT,UNAMBIGUOUS_BP"
"51","NW_017739944.1",71787,74144,"rsi_circ_000076",8,"-",5,8,40,40,"my_test_rsi2",8,0,0,1,"GTAG",NA,"ANCHOR_UNIQUE,CANONICAL,CIRCULAR,PERFECT_EXT,UNAMBIGUOUS_BP"
"52","NW_017738951.1",2346771,2350583,"rsi_circ_000077",11,"-",6,11,35,40,"my_test_rsi2",11,0,0,1,"GTAG",NA,"ANCHOR_UNIQUE,CANONICAL,CIRCULAR,PERFECT_EXT,UNAMBIGUOUS_BP"
"53","NW_017739305.1",520838,537978,"rsi_circ_000078",135,"+",59,127,40,40,"my_test_rsi2",135,0,0,1,"GTAG",NA,"ANCHOR_UNIQUE,CANONICAL,CIRCULAR,PERFECT_EXT,UNAMBIGUOUS_BP"
"54","NW_017739213.1",372042,376207,"rsi_circ_000079",5,"+",4,4,40,40,"my_test_rsi2",5,0,0,1,"GTAG",NA,"ANCHOR_UNIQUE,CANONICAL,CIRCULAR,PERFECT_EXT,UNAMBIGUOUS_BP"
"55","NW_017739140.1",3477821,3487668,"rsi_circ_000081",2,"+",2,2,35,40,"my_test_rsi2",2,0,0,1,"GTAG",NA,"ANCHOR_UNIQUE,CANONICAL,CIRCULAR,PERFECT_EXT,UNAMBIGUOUS_BP"
"56","NW_017738969.1",2681858,2733188,"rsi_circ_000082",2,"-",2,2,36,40,"my_test_rsi2",2,0,0,1,"GTAG",NA,"ANCHOR_UNIQUE,CANONICAL,CIRCULAR,PERFECT_EXT,UNAMBIGUOUS_BP"
"57","NW_017739194.1",3727020,3747759,"rsi_circ_000086",5,"+",1,5,5,40,"my_test_rsi2",5,1,0,1,"GTAG",NA,"ANCHOR_UNIQUE,CANONICAL,CIRCULAR,GOOD_EXT,UNAMBIGUOUS_BP"
"58","NW_017739194.1",1809556,1825530,"rsi_circ_000088",2,"+",1,2,40,5,"my_test_rsi2",2,1,0,1,"GTAG",NA,"ANCHOR_UNIQUE,CANONICAL,CIRCULAR,GOOD_EXT,UNAMBIGUOUS_BP"
"59","NW_017738925.1",9888389,9954295,"rsi_circ_000089",2,"-",2,2,40,40,"my_test_rsi2",2,0,0,1,"GTAG",NA,"ANCHOR_UNIQUE,CANONICAL,CIRCULAR,PERFECT_EXT,UNAMBIGUOUS_BP"
"60","NW_017739207.1",4991560,5001510,"rsi_circ_000091",3,"-",3,3,40,40,"my_test_rsi2",3,0,0,1,"GTAG",NA,"ANCHOR_UNIQUE,CANONICAL,CIRCULAR,PERFECT_EXT,UNAMBIGUOUS_BP"
"61","NW_017739606.1",48605,51700,"rsi_circ_000093",2,"+",2,2,40,40,"my_test_rsi2",2,1,0,1,"GTAG",NA,"ANCHOR_UNIQUE,CANONICAL,CIRCULAR,GOOD_EXT,UNAMBIGUOUS_BP"
"62","NW_017739211.1",2716960,2717708,"rsi_circ_000096",19,"-",10,19,40,40,"my_test_rsi2",19,0,0,1,"GTAG",NA,"ANCHOR_UNIQUE,CANONICAL,CIRCULAR,PERFECT_EXT,UNAMBIGUOUS_BP"
"63","NW_017738969.1",1074169,1137728,"rsi_circ_000097",2,"+",2,2,5,40,"my_test_rsi2",2,0,0,1,"GTAG",NA,"ANCHOR_UNIQUE,CANONICAL,CIRCULAR,PERFECT_EXT,UNAMBIGUOUS_BP"
"64","NW_017738925.1",9888389,9922775,"rsi_circ_000098",3,"-",2,3,40,40,"my_test_rsi2",3,1,0,1,"GTAG",NA,"ANCHOR_UNIQUE,CANONICAL,CIRCULAR,GOOD_EXT,UNAMBIGUOUS_BP"
"65","NW_017739315.1",483643,501362,"rsi_circ_000100",2,"+",2,1,40,40,"my_test_rsi2",2,0,0,1,"GTAG",NA,"ANCHOR_UNIQUE,CANONICAL,CIRCULAR,PERFECT_EXT,UNAMBIGUOUS_BP"
"66","NW_017739147.1",3632316,3632758,"rsi_circ_000101",9,"-",8,8,40,40,"my_test_rsi2",9,0,0,1,"GTAG",NA,"ANCHOR_UNIQUE,CANONICAL,CIRCULAR,PERFECT_EXT,UNAMBIGUOUS_BP"
"67","NW_017739130.1",1499604,1504523,"rsi_circ_000102",45,"+",24,43,40,40,"my_test_rsi2",45,0,0,1,"GTAG",NA,"ANCHOR_UNIQUE,CANONICAL,CIRCULAR,PERFECT_EXT,UNAMBIGUOUS_BP"
"68","NW_017739107.1",486354,515306,"rsi_circ_000103",2,"+",1,2,40,35,"my_test_rsi2",2,0,0,1,"GTAG",NA,"ANCHOR_UNIQUE,CANONICAL,CIRCULAR,PERFECT_EXT,UNAMBIGUOUS_BP"
"69","NW_017739032.1",3450834,3486776,"rsi_circ_000104",3,"-",1,3,5,5,"my_test_rsi2",3,2,0,1,"GTAG",NA,"ANCHOR_UNIQUE,CANONICAL,CIRCULAR,OK_EXT,UNAMBIGUOUS_BP"
"70","NW_017739016.1",11320572,11320808,"rsi_circ_000105",4,"-",2,4,35,40,"my_test_rsi2",4,1,0,1,"GTAG",NA,"ANCHOR_UNIQUE,CANONICAL,CIRCULAR,GOOD_EXT,UNAMBIGUOUS_BP"
"71","NW_017739278.1",1112661,1116171,"rsi_circ_000107",5,"+",1,5,40,5,"my_test_rsi2",5,1,0,1,"GTAG",NA,"ANCHOR_UNIQUE,CANONICAL,CIRCULAR,GOOD_EXT,UNAMBIGUOUS_BP"
"72","NW_017739161.1",343180,344386,"rsi_circ_000109",2,"+",1,2,5,40,"my_test_rsi2",2,1,0,1,"GTAG",NA,"ANCHOR_UNIQUE,CANONICAL,CIRCULAR,GOOD_EXT,UNAMBIGUOUS_BP"
"73","NW_017738986.1",1674172,1696382,"rsi_circ_000112",12,"-",6,11,40,40,"my_test_rsi2",12,0,0,1,"GTAG",NA,"ANCHOR_UNIQUE,CANONICAL,CIRCULAR,PERFECT_EXT,UNAMBIGUOUS_BP"
"74","NW_017739096.1",271926,284558,"rsi_circ_000113",2,"-",2,2,40,40,"my_test_rsi2",2,0,0,1,"GTAG",NA,"ANCHOR_UNIQUE,CANONICAL,CIRCULAR,PERFECT_EXT,UNAMBIGUOUS_BP"
"75","NW_017739173.1",498512,502416,"rsi_circ_000114",3,"+",1,3,40,40,"my_test_rsi2",3,0,1,1,"GTAG",NA,"ANCHOR_UNIQUE,CANONICAL,CIRCULAR,GOOD_EXT,UNAMBIGUOUS_BP"
"76","NW_017739272.1",1069369,1075527,"rsi_circ_000116",2,"-",1,2,40,40,"my_test_rsi2",2,0,0,1,"GTAG",NA,"ANCHOR_UNIQUE,CANONICAL,CIRCULAR,PERFECT_EXT,UNAMBIGUOUS_BP"
"77","NW_017739161.1",2388410,2390209,"rsi_circ_000118",11,"+",6,11,40,40,"my_test_rsi2",11,0,0,1,"GTAG",NA,"ANCHOR_UNIQUE,CANONICAL,CIRCULAR,PERFECT_EXT,UNAMBIGUOUS_BP"
"78","NW_017739281.1",1464883,1480828,"rsi_circ_000119",8,"-",5,8,40,40,"my_test_rsi2",8,0,0,1,"GTAG",NA,"ANCHOR_UNIQUE,CANONICAL,CIRCULAR,PERFECT_EXT,UNAMBIGUOUS_BP"
"79","NW_017739003.1",428890,436405,"rsi_circ_000121",7,"-",3,7,40,5,"my_test_rsi2",7,0,0,1,"GTAG",NA,"ANCHOR_UNIQUE,CANONICAL,CIRCULAR,PERFECT_EXT,UNAMBIGUOUS_BP"
"80","NW_017739657.1",248222,257390,"rsi_circ_000122",7,"-",6,7,40,40,"my_test_rsi2",7,0,0,1,"GTAG",NA,"ANCHOR_UNIQUE,CANONICAL,CIRCULAR,PERFECT_EXT,UNAMBIGUOUS_BP"
"81","NW_017739523.1",199191,199817,"rsi_circ_000123",3,"-",1,3,40,5,"my_test_rsi2",3,2,0,1,"GTAG",NA,"ANCHOR_UNIQUE,CANONICAL,CIRCULAR,OK_EXT,UNAMBIGUOUS_BP"
"82","NW_017739668.1",178557,195899,"rsi_circ_000124",6,"+",4,6,40,40,"my_test_rsi2",6,0,0,1,"GTAG",NA,"ANCHOR_UNIQUE,CANONICAL,CIRCULAR,PERFECT_EXT,UNAMBIGUOUS_BP"
"83","NW_017739944.1",51804,59634,"rsi_circ_000129",5,"-",3,5,40,40,"my_test_rsi2",5,0,0,1,"GTAG",NA,"ANCHOR_UNIQUE,CANONICAL,CIRCULAR,PERFECT_EXT,UNAMBIGUOUS_BP"
"84","NW_017739291.1",888120,897398,"rsi_circ_000130",2,"+",1,2,40,5,"my_test_rsi2",2,0,0,1,"GTAG",NA,"ANCHOR_UNIQUE,CANONICAL,CIRCULAR,PERFECT_EXT,UNAMBIGUOUS_BP"
"85","NW_017738979.1",5449240,5451143,"rsi_circ_000131",2,"+",1,2,40,40,"my_test_rsi2",2,2,0,1,"GTAG",NA,"ANCHOR_UNIQUE,CANONICAL,CIRCULAR,OK_EXT,UNAMBIGUOUS_BP"
"86","NW_017739668.1",41941,43779,"rsi_circ_000133",5,"-",1,5,36,40,"my_test_rsi2",5,1,0,1,"GTAG",NA,"ANCHOR_UNIQUE,CANONICAL,CIRCULAR,GOOD_EXT,UNAMBIGUOUS_BP"
"87","NW_017739476.1",891986,897244,"rsi_circ_000134",4,"-",1,4,40,40,"my_test_rsi2",4,1,0,1,"GTAG",NA,"ANCHOR_UNIQUE,CANONICAL,CIRCULAR,GOOD_EXT,UNAMBIGUOUS_BP"
"88","NW_017739189.1",185930,190556,"rsi_circ_000135",23,"-",10,23,40,40,"my_test_rsi2",23,0,0,1,"GTAG",NA,"ANCHOR_UNIQUE,CANONICAL,CIRCULAR,PERFECT_EXT,UNAMBIGUOUS_BP"
"89","NW_017739595.1",807517,816309,"rsi_circ_000137",2,"-",1,2,40,5,"my_test_rsi2",2,0,0,1,"GTAG",NA,"ANCHOR_UNIQUE,CANONICAL,CIRCULAR,PERFECT_EXT,UNAMBIGUOUS_BP"
"90","NW_017739088.1",662586,703092,"rsi_circ_000138",2,"-",1,2,40,5,"my_test_rsi2",2,2,0,1,"GTAG",NA,"ANCHOR_UNIQUE,CANONICAL,CIRCULAR,OK_EXT,UNAMBIGUOUS_BP"
"91","NW_017739671.1",1188853,1195852,"rsi_circ_000139",14,"-",6,12,40,40,"my_test_rsi2",14,0,0,1,"GTAG",NA,"ANCHOR_UNIQUE,CANONICAL,CIRCULAR,PERFECT_EXT,UNAMBIGUOUS_BP"
"92","NW_017739016.1",1305514,1344679,"rsi_circ_000140",2,"+",1,2,40,5,"my_test_rsi2",2,0,0,1,"GTAG",NA,"ANCHOR_UNIQUE,CANONICAL,CIRCULAR,PERFECT_EXT,UNAMBIGUOUS_BP"
"93","NW_017739251.1",1161282,1162646,"rsi_circ_000142",4,"+",1,4,5,40,"my_test_rsi2",4,0,0,1,"GTAG",NA,"ANCHOR_UNIQUE,CANONICAL,CIRCULAR,PERFECT_EXT,UNAMBIGUOUS_BP"
"94","NW_017739562.1",364004,381999,"rsi_circ_000144",4,"-",1,4,40,40,"my_test_rsi2",4,2,0,1,"GTAG",NA,"ANCHOR_UNIQUE,CANONICAL,CIRCULAR,OK_EXT,UNAMBIGUOUS_BP"
"95","NW_017738944.1",295883,300127,"rsi_circ_000146",4,"-",1,4,40,40,"my_test_rsi2",4,0,0,1,"GTAG",NA,"ANCHOR_UNIQUE,CANONICAL,CIRCULAR,PERFECT_EXT,UNAMBIGUOUS_BP"
"96","NW_017739001.1",1909120,1947129,"rsi_circ_000147",3,"-",1,3,5,5,"my_test_rsi2",3,2,0,1,"GTAG",NA,"ANCHOR_UNIQUE,CANONICAL,CIRCULAR,OK_EXT,UNAMBIGUOUS_BP"
"97","NW_017739649.1",279262,294069,"rsi_circ_000148",5,"+",1,5,35,35,"my_test_rsi2",5,0,0,1,"GTAG",NA,"ANCHOR_UNIQUE,CANONICAL,CIRCULAR,PERFECT_EXT,UNAMBIGUOUS_BP"
"98","NW_017739167.1",3143974,3168678,"rsi_circ_000151",7,"-",4,7,40,40,"my_test_rsi2",7,0,0,1,"GTAG",NA,"ANCHOR_UNIQUE,CANONICAL,CIRCULAR,PERFECT_EXT,UNAMBIGUOUS_BP"
"99","NW_017739570.1",77985,80992,"rsi_circ_000152",2,"-",1,2,5,5,"my_test_rsi2",2,0,0,1,"GTAG",NA,"ANCHOR_UNIQUE,CANONICAL,CIRCULAR,PERFECT_EXT,UNAMBIGUOUS_BP"
"100","NW_017738943.1",11858401,11874259,"rsi_circ_000153",2,"+",1,2,40,40,"my_test_rsi2",2,0,0,1,"GTAG",NA,"ANCHOR_UNIQUE,CANONICAL,CIRCULAR,PERFECT_EXT,UNAMBIGUOUS_BP"
"101","NW_017738946.1",5200713,5243683,"rsi_circ_000155",25,"+",12,22,40,40,"my_test_rsi2",25,0,0,1,"GTAG",NA,"ANCHOR_UNIQUE,CANONICAL,CIRCULAR,PERFECT_EXT,UNAMBIGUOUS_BP"
"102","NW_017739360.1",533410,537090,"rsi_circ_000156",4,"-",2,4,40,40,"my_test_rsi2",4,1,0,1,"GTAG",NA,"ANCHOR_UNIQUE,CANONICAL,CIRCULAR,GOOD_EXT,UNAMBIGUOUS_BP"
"103","NW_017739111.1",5704439,5704883,"rsi_circ_000157",5,"+",2,5,5,40,"my_test_rsi2",5,1,0,1,"GTAG",NA,"ANCHOR_UNIQUE,CANONICAL,CIRCULAR,GOOD_EXT,UNAMBIGUOUS_BP"
"104","NW_017739489.1",476834,487211,"rsi_circ_000158",13,"-",6,11,40,40,"my_test_rsi2",13,1,0,1,"GTAG",NA,"ANCHOR_UNIQUE,CANONICAL,CIRCULAR,GOOD_EXT,UNAMBIGUOUS_BP"
"105","NW_017739293.1",1229684,1242261,"rsi_circ_000159",4,"-",2,4,40,40,"my_test_rsi2",4,0,0,1,"GTAG",NA,"ANCHOR_UNIQUE,CANONICAL,CIRCULAR,PERFECT_EXT,UNAMBIGUOUS_BP"
"106","NW_017739052.1",1507648,1508841,"rsi_circ_000160",4,"+",2,4,40,40,"my_test_rsi2",4,1,0,1,"GTAG",NA,"ANCHOR_UNIQUE,CANONICAL,CIRCULAR,GOOD_EXT,UNAMBIGUOUS_BP"
"107","NW_017739088.1",7940598,7967049,"rsi_circ_000164",3,"+",1,3,40,40,"my_test_rsi2",3,0,0,1,"GTAG",NA,"ANCHOR_UNIQUE,CANONICAL,CIRCULAR,PERFECT_EXT,UNAMBIGUOUS_BP"
"108","NW_017738967.1",729943,730106,"rsi_circ_000165",2,"-",2,2,40,40,"my_test_rsi2",2,2,0,1,"GTAG",NA,"ANCHOR_UNIQUE,CANONICAL,CIRCULAR,OK_EXT,UNAMBIGUOUS_BP"
"109","NW_017739525.1",489428,489605,"rsi_circ_000166",2,"-",2,2,37,5,"my_test_rsi2",2,1,0,1,"GTAG",NA,"ANCHOR_UNIQUE,CANONICAL,CIRCULAR,GOOD_EXT,UNAMBIGUOUS_BP"
"110","NW_017739043.1",1958951,1959426,"rsi_circ_000168",76,"-",30,75,40,40,"my_test_rsi2",76,0,0,1,"GTAG",NA,"ANCHOR_UNIQUE,CANONICAL,CIRCULAR,PERFECT_EXT,UNAMBIGUOUS_BP"
"111","NW_017738929.1",540761,563332,"rsi_circ_000169",2,"-",1,2,40,5,"my_test_rsi2",2,0,0,1,"GTAG",NA,"ANCHOR_UNIQUE,CANONICAL,CIRCULAR,PERFECT_EXT,UNAMBIGUOUS_BP"
"112","NW_017738950.1",1416543,1418277,"rsi_circ_000170",2,"+",1,2,40,35,"my_test_rsi2",2,0,0,1,"GTAG",NA,"ANCHOR_UNIQUE,CANONICAL,CIRCULAR,PERFECT_EXT,UNAMBIGUOUS_BP"
"113","NW_017738991.1",2030539,2069426,"rsi_circ_000171",4,"-",2,4,40,40,"my_test_rsi2",4,0,0,1,"GTAG",NA,"ANCHOR_UNIQUE,CANONICAL,CIRCULAR,PERFECT_EXT,UNAMBIGUOUS_BP"
"114","NW_017739349.1",91854,110599,"rsi_circ_000172",2,"-",1,2,35,5,"my_test_rsi2",2,2,0,1,"GTAG",NA,"ANCHOR_UNIQUE,CANONICAL,CIRCULAR,OK_EXT,UNAMBIGUOUS_BP"
"115","NW_017738953.1",4288429,4311736,"rsi_circ_000175",8,"+",4,8,40,40,"my_test_rsi2",8,0,0,1,"GTAG",NA,"ANCHOR_UNIQUE,CANONICAL,CIRCULAR,PERFECT_EXT,UNAMBIGUOUS_BP"
"116","NW_017739168.1",910881,923942,"rsi_circ_000176",4,"+",1,4,40,40,"my_test_rsi2",4,0,0,1,"GTAG",NA,"ANCHOR_UNIQUE,CANONICAL,CIRCULAR,PERFECT_EXT,UNAMBIGUOUS_BP"
"117","NW_017738952.1",2948622,2948954,"rsi_circ_000177",10,"-",7,10,40,40,"my_test_rsi2",10,0,0,1,"GTAG",NA,"ANCHOR_UNIQUE,CANONICAL,CIRCULAR,PERFECT_EXT,UNAMBIGUOUS_BP"
"118","NW_017739052.1",1642334,1644006,"rsi_circ_000178",2,"-",1,2,5,4,"my_test_rsi2",2,0,0,1,"GTAG",NA,"ANCHOR_UNIQUE,CANONICAL,CIRCULAR,PERFECT_EXT,UNAMBIGUOUS_BP"
"119","NW_017738959.1",357267,358928,"rsi_circ_000180",7,"-",5,7,40,40,"my_test_rsi2",7,0,0,1,"GTAG",NA,"ANCHOR_UNIQUE,CANONICAL,CIRCULAR,PERFECT_EXT,UNAMBIGUOUS_BP"
"120","NW_017739653.1",506502,511862,"rsi_circ_000181",4,"-",3,4,40,40,"my_test_rsi2",4,0,0,1,"GTAG",NA,"ANCHOR_UNIQUE,CANONICAL,CIRCULAR,PERFECT_EXT,UNAMBIGUOUS_BP"
"121","NW_017738990.1",1556528,1556833,"rsi_circ_000182",6,"+",4,6,40,40,"my_test_rsi2",6,0,0,1,"GTAG",NA,"ANCHOR_UNIQUE,CANONICAL,CIRCULAR,PERFECT_EXT,UNAMBIGUOUS_BP"
"122","NW_017739064.1",1278754,1290066,"rsi_circ_000183",5,"+",3,5,40,40,"my_test_rsi2",5,0,0,1,"GTAG",NA,"ANCHOR_UNIQUE,CANONICAL,CIRCULAR,PERFECT_EXT,UNAMBIGUOUS_BP"
"123","NW_017739174.1",1204324,1205567,"rsi_circ_000184",2,"+",2,2,40,40,"my_test_rsi2",2,2,0,1,"GTAG",NA,"ANCHOR_UNIQUE,CANONICAL,CIRCULAR,OK_EXT,UNAMBIGUOUS_BP"
"124","NW_017738950.1",5822625,5824047,"rsi_circ_000185",3,"-",3,3,40,40,"my_test_rsi2",3,0,0,1,"GTAG",NA,"ANCHOR_UNIQUE,CANONICAL,CIRCULAR,PERFECT_EXT,UNAMBIGUOUS_BP"
"125","NW_017738946.1",5194202,5243683,"rsi_circ_000188",224,"+",66,222,40,40,"my_test_rsi2",224,0,0,1,"GTAG",NA,"ANCHOR_UNIQUE,CANONICAL,CIRCULAR,PERFECT_EXT,UNAMBIGUOUS_BP"
"126","NW_017739083.1",3197436,3208062,"rsi_circ_000189",2,"+",2,2,5,40,"my_test_rsi2",2,1,0,1,"GTAG",NA,"ANCHOR_UNIQUE,CANONICAL,CIRCULAR,GOOD_EXT,UNAMBIGUOUS_BP"
"127","NW_017738936.1",4523703,4534806,"rsi_circ_000190",59,"+",28,57,40,40,"my_test_rsi2",59,0,0,1,"GTAG",NA,"ANCHOR_UNIQUE,CANONICAL,CIRCULAR,PERFECT_EXT,UNAMBIGUOUS_BP"
"128","NW_017738985.1",1994190,2013213,"rsi_circ_000191",2,"+",2,2,40,40,"my_test_rsi2",2,2,0,1,"GTAG",NA,"ANCHOR_UNIQUE,CANONICAL,CIRCULAR,OK_EXT,UNAMBIGUOUS_BP"
"129","NW_017739582.1",62633,73650,"rsi_circ_000193",5,"-",2,5,40,40,"my_test_rsi2",5,0,0,1,"GTAG",NA,"ANCHOR_UNIQUE,CANONICAL,CIRCULAR,PERFECT_EXT,UNAMBIGUOUS_BP"
"130","NW_017739846.1",172311,183625,"rsi_circ_000194",7,"-",2,7,40,40,"my_test_rsi2",7,0,0,1,"GTAG",NA,"ANCHOR_UNIQUE,CANONICAL,CIRCULAR,PERFECT_EXT,UNAMBIGUOUS_BP"
"131","NW_017738944.1",897890,898940,"rsi_circ_000195",25,"-",15,24,40,40,"my_test_rsi2",25,0,0,1,"GTAG",NA,"ANCHOR_UNIQUE,CANONICAL,CIRCULAR,PERFECT_EXT,UNAMBIGUOUS_BP"
"132","NW_017739579.1",450447,460562,"rsi_circ_000196",9,"+",2,9,40,40,"my_test_rsi2",9,0,0,1,"GTAG",NA,"ANCHOR_UNIQUE,CANONICAL,CIRCULAR,PERFECT_EXT,UNAMBIGUOUS_BP"
"133","NW_017739170.1",2574497,2582992,"rsi_circ_000197",47,"-",18,47,40,40,"my_test_rsi2",47,0,0,1,"GTAG",NA,"ANCHOR_UNIQUE,CANONICAL,CIRCULAR,PERFECT_EXT,UNAMBIGUOUS_BP"
"134","NW_017739208.1",804643,806392,"rsi_circ_000198",3,"+",2,3,40,40,"my_test_rsi2",3,1,0,1,"GTAG",NA,"ANCHOR_UNIQUE,CANONICAL,CIRCULAR,GOOD_EXT,UNAMBIGUOUS_BP"
"135","NW_017739029.1",1943765,1945522,"rsi_circ_000199",2,"+",1,2,40,40,"my_test_rsi2",2,0,0,1,"GTAG",NA,"ANCHOR_UNIQUE,CANONICAL,CIRCULAR,PERFECT_EXT,UNAMBIGUOUS_BP"
"136","NW_017738944.1",2897354,2899466,"rsi_circ_000200",4,"+",1,4,5,40,"my_test_rsi2",4,1,0,1,"GTAG",NA,"ANCHOR_UNIQUE,CANONICAL,CIRCULAR,GOOD_EXT,UNAMBIGUOUS_BP"
"137","NW_017738972.1",4915707,4915926,"rsi_circ_000201",2,"-",2,2,5,40,"my_test_rsi2",2,0,0,1,"GTAG",NA,"ANCHOR_UNIQUE,CANONICAL,CIRCULAR,PERFECT_EXT,UNAMBIGUOUS_BP"
"138","NW_017739390.1",1328047,1353214,"rsi_circ_000202",19,"+",7,19,40,40,"my_test_rsi2",19,0,0,1,"GTAG",NA,"ANCHOR_UNIQUE,CANONICAL,CIRCULAR,PERFECT_EXT,UNAMBIGUOUS_BP"
"139","NW_017738922.1",3496159,3505456,"rsi_circ_000204",3,"-",1,3,40,35,"my_test_rsi2",3,0,0,1,"GTAG",NA,"ANCHOR_UNIQUE,CANONICAL,CIRCULAR,PERFECT_EXT,UNAMBIGUOUS_BP"
"140","NW_017739099.1",4285897,4286462,"rsi_circ_000205",4,"+",4,4,40,40,"my_test_rsi2",4,0,0,1,"GTAG",NA,"ANCHOR_UNIQUE,CANONICAL,CIRCULAR,PERFECT_EXT,UNAMBIGUOUS_BP"
"141","NW_017739298.1",1478098,1481909,"rsi_circ_000206",10,"+",7,10,40,40,"my_test_rsi2",10,0,0,1,"GTAG",NA,"ANCHOR_UNIQUE,CANONICAL,CIRCULAR,PERFECT_EXT,UNAMBIGUOUS_BP"
"142","NW_017739074.1",3672979,3702904,"rsi_circ_000207",2,"+",1,2,40,40,"my_test_rsi2",2,0,0,1,"GTAG",NA,"ANCHOR_UNIQUE,CANONICAL,CIRCULAR,PERFECT_EXT,UNAMBIGUOUS_BP"
"143","NW_017738953.1",3377277,3383185,"rsi_circ_000208",11,"+",6,11,40,40,"my_test_rsi2",11,0,0,1,"GTAG",NA,"ANCHOR_UNIQUE,CANONICAL,CIRCULAR,PERFECT_EXT,UNAMBIGUOUS_BP"
"144","NW_017738925.1",9888389,9960474,"rsi_circ_000210",16,"-",8,16,40,40,"my_test_rsi2",16,0,0,1,"GTAG",NA,"ANCHOR_UNIQUE,CANONICAL,CIRCULAR,PERFECT_EXT,UNAMBIGUOUS_BP"
"145","NW_017739886.1",85787,122172,"rsi_circ_000211",3,"+",3,3,40,40,"my_test_rsi2",3,0,0,1,"GTAG",NA,"ANCHOR_UNIQUE,CANONICAL,CIRCULAR,PERFECT_EXT,UNAMBIGUOUS_BP"
"146","NW_017738985.1",7746322,7751698,"rsi_circ_000213",2,"-",2,1,40,40,"my_test_rsi2",2,0,0,1,"GTAG",NA,"ANCHOR_UNIQUE,CANONICAL,CIRCULAR,PERFECT_EXT,UNAMBIGUOUS_BP"
"147","NW_017739295.1",1925400,1927340,"rsi_circ_000214",4,"-",1,4,40,40,"my_test_rsi2",4,1,0,1,"GTAG",NA,"ANCHOR_UNIQUE,CANONICAL,CIRCULAR,GOOD_EXT,UNAMBIGUOUS_BP"
"148","NW_017739415.1",1078285,1079005,"rsi_circ_000215",3,"+",3,3,40,5,"my_test_rsi2",3,0,0,1,"GTAG",NA,"ANCHOR_UNIQUE,CANONICAL,CIRCULAR,PERFECT_EXT,UNAMBIGUOUS_BP"
"149","NW_017738954.1",228006,279451,"rsi_circ_000217",11,"-",6,11,40,40,"my_test_rsi2",11,1,0,1,"GTAG",NA,"ANCHOR_UNIQUE,CANONICAL,CIRCULAR,GOOD_EXT,UNAMBIGUOUS_BP"
"150","NW_017738985.1",1491394,1496764,"rsi_circ_000218",2,"+",1,2,40,5,"my_test_rsi2",2,0,0,1,"GTAG",NA,"ANCHOR_UNIQUE,CANONICAL,CIRCULAR,PERFECT_EXT,UNAMBIGUOUS_BP"
"151","NW_017739108.1",958675,973935,"rsi_circ_000221",3,"+",1,3,40,40,"my_test_rsi2",3,1,0,1,"GTAG",NA,"ANCHOR_UNIQUE,CANONICAL,CIRCULAR,GOOD_EXT,UNAMBIGUOUS_BP"
"152","NW_017738940.1",6462319,6462667,"rsi_circ_000224",3,"+",2,3,40,5,"my_test_rsi2",3,1,0,1,"GTAG",NA,"ANCHOR_UNIQUE,CANONICAL,CIRCULAR,GOOD_EXT,UNAMBIGUOUS_BP"
"153","NW_017739036.1",1569736,1624490,"rsi_circ_000226",4,"+",1,4,40,40,"my_test_rsi2",4,0,0,1,"GTAG",NA,"ANCHOR_UNIQUE,CANONICAL,CIRCULAR,PERFECT_EXT,UNAMBIGUOUS_BP"
"154","NW_017739529.1",52930,54444,"rsi_circ_000227",3,"-",2,3,35,5,"my_test_rsi2",3,0,0,1,"GTAG",NA,"ANCHOR_UNIQUE,CANONICAL,CIRCULAR,PERFECT_EXT,UNAMBIGUOUS_BP"
"155","NW_017739192.1",3841783,3843046,"rsi_circ_000228",64,"-",24,64,40,40,"my_test_rsi2",64,0,0,1,"GTAG",NA,"ANCHOR_UNIQUE,CANONICAL,CIRCULAR,PERFECT_EXT,UNAMBIGUOUS_BP"
"156","NW_017738959.1",3169353,3172235,"rsi_circ_000231",2,"+",2,2,37,40,"my_test_rsi2",2,0,0,1,"GTAG",NA,"ANCHOR_UNIQUE,CANONICAL,CIRCULAR,PERFECT_EXT,UNAMBIGUOUS_BP"
"157","NW_017739397.1",802225,808964,"rsi_circ_000232",2,"-",2,2,40,40,"my_test_rsi2",2,0,0,1,"GTAG",NA,"ANCHOR_UNIQUE,CANONICAL,CIRCULAR,PERFECT_EXT,UNAMBIGUOUS_BP"
"158","NW_017739208.1",94811,146867,"rsi_circ_000237",3,"-",2,3,5,40,"my_test_rsi2",3,0,0,1,"GTAG",NA,"ANCHOR_UNIQUE,CANONICAL,CIRCULAR,PERFECT_EXT,UNAMBIGUOUS_BP"
"159","NW_017738958.1",237627,239600,"rsi_circ_000240",21,"+",12,21,40,40,"my_test_rsi2",21,0,0,1,"GTAG",NA,"ANCHOR_UNIQUE,CANONICAL,CIRCULAR,PERFECT_EXT,UNAMBIGUOUS_BP"
"160","NW_017739003.1",7544132,7553626,"rsi_circ_000241",2,"+",2,2,40,5,"my_test_rsi2",2,1,0,1,"GTAG",NA,"ANCHOR_UNIQUE,CANONICAL,CIRCULAR,GOOD_EXT,UNAMBIGUOUS_BP"
"161","NW_017739332.1",130039,130530,"rsi_circ_000242",3,"-",2,3,40,5,"my_test_rsi2",3,1,0,1,"GTAG",NA,"ANCHOR_UNIQUE,CANONICAL,CIRCULAR,GOOD_EXT,UNAMBIGUOUS_BP"
"162","NW_017738936.1",3682132,3696915,"rsi_circ_000243",2,"-",1,2,5,5,"my_test_rsi2",2,0,0,1,"GTAG",NA,"ANCHOR_UNIQUE,CANONICAL,CIRCULAR,PERFECT_EXT,UNAMBIGUOUS_BP"
"163","NW_017739274.1",804437,816604,"rsi_circ_000244",2,"-",2,2,40,5,"my_test_rsi2",2,0,0,1,"GTAG",NA,"ANCHOR_UNIQUE,CANONICAL,CIRCULAR,PERFECT_EXT,UNAMBIGUOUS_BP"
"164","NW_017738941.1",3669655,3739120,"rsi_circ_000245",13,"-",8,13,40,40,"my_test_rsi2",13,0,0,1,"GTAG",NA,"ANCHOR_UNIQUE,CANONICAL,CIRCULAR,PERFECT_EXT,UNAMBIGUOUS_BP"
"165","NW_017739011.1",2036485,2036686,"rsi_circ_000246",2,"-",1,2,5,5,"my_test_rsi2",2,2,0,1,"GTAG",NA,"ANCHOR_UNIQUE,CANONICAL,CIRCULAR,OK_EXT,UNAMBIGUOUS_BP"
"166","NW_017739403.1",904472,907243,"rsi_circ_000248",4,"-",3,4,40,40,"my_test_rsi2",4,0,0,1,"GTAG",NA,"ANCHOR_UNIQUE,CANONICAL,CIRCULAR,PERFECT_EXT,UNAMBIGUOUS_BP"
"167","NW_017739476.1",572371,575578,"rsi_circ_000249",19,"-",8,18,40,40,"my_test_rsi2",19,0,0,1,"GTAG",NA,"ANCHOR_UNIQUE,CANONICAL,CIRCULAR,PERFECT_EXT,UNAMBIGUOUS_BP"
"168","NW_017739291.1",91400,124479,"rsi_circ_000250",4,"+",1,4,40,40,"my_test_rsi2",4,2,0,1,"GTAG",NA,"ANCHOR_UNIQUE,CANONICAL,CIRCULAR,OK_EXT,UNAMBIGUOUS_BP"
"169","NW_017739201.1",1093131,1094260,"rsi_circ_000251",6,"+",2,6,40,40,"my_test_rsi2",6,0,0,1,"GTAG",NA,"ANCHOR_UNIQUE,CANONICAL,CIRCULAR,PERFECT_EXT,UNAMBIGUOUS_BP"
"170","NW_017739609.1",51916,54693,"rsi_circ_000255",30,"+",20,3,5,40,"my_test_rsi2",30,0,0,1,"GTAG",NA,"ANCHOR_UNIQUE,CANONICAL,CIRCULAR,PERFECT_EXT,UNAMBIGUOUS_BP"
"171","NW_017739099.1",886807,889690,"rsi_circ_000256",9,"-",5,9,40,40,"my_test_rsi2",9,0,0,1,"GTAG",NA,"ANCHOR_UNIQUE,CANONICAL,CIRCULAR,PERFECT_EXT,UNAMBIGUOUS_BP"
"172","NW_017739523.1",199052,199232,"rsi_circ_000257",2,"+",1,2,35,5,"my_test_rsi2",2,2,0,1,"GTAG",NA,"ANCHOR_UNIQUE,CANONICAL,CIRCULAR,OK_EXT,UNAMBIGUOUS_BP"
"173","NW_017738999.1",365168,374265,"rsi_circ_000258",2,"+",1,2,5,5,"my_test_rsi2",2,0,0,1,"GTAG",NA,"ANCHOR_UNIQUE,CANONICAL,CIRCULAR,PERFECT_EXT,UNAMBIGUOUS_BP"
"174","NW_017738951.1",7272198,7276317,"rsi_circ_000259",3,"+",3,3,40,5,"my_test_rsi2",3,1,0,1,"GTAG",NA,"ANCHOR_UNIQUE,CANONICAL,CIRCULAR,GOOD_EXT,UNAMBIGUOUS_BP"
"175","NW_017739367.1",322440,335029,"rsi_circ_000260",7,"-",3,7,5,40,"my_test_rsi2",7,0,0,1,"GTAG",NA,"ANCHOR_UNIQUE,CANONICAL,CIRCULAR,PERFECT_EXT,UNAMBIGUOUS_BP"
"176","NW_017739190.1",656936,718664,"rsi_circ_000261",8,"-",5,8,40,40,"my_test_rsi2",8,0,0,1,"GTAG",NA,"ANCHOR_UNIQUE,CANONICAL,CIRCULAR,PERFECT_EXT,UNAMBIGUOUS_BP"
"177","NW_017739003.1",12576493,12578974,"rsi_circ_000262",2,"-",2,2,40,5,"my_test_rsi2",2,0,0,1,"GTAG",NA,"ANCHOR_UNIQUE,CANONICAL,CIRCULAR,PERFECT_EXT,UNAMBIGUOUS_BP"
"178","NW_017739065.1",3906910,3907330,"rsi_circ_000263",20,"+",10,20,40,40,"my_test_rsi2",20,0,0,1,"GTAG",NA,"ANCHOR_UNIQUE,CANONICAL,CIRCULAR,PERFECT_EXT,UNAMBIGUOUS_BP"
"179","NW_017739334.1",699775,700015,"rsi_circ_000264",2,"+",2,2,40,40,"my_test_rsi2",2,1,0,1,"GTAG",NA,"ANCHOR_UNIQUE,CANONICAL,CIRCULAR,GOOD_EXT,UNAMBIGUOUS_BP"
"180","NW_017739454.1",448155,450547,"rsi_circ_000266",6,"-",3,6,40,40,"my_test_rsi2",6,0,0,1,"GTAG",NA,"ANCHOR_UNIQUE,CANONICAL,CIRCULAR,PERFECT_EXT,UNAMBIGUOUS_BP"
"181","NW_017739203.1",732484,732724,"rsi_circ_000268",2,"+",2,2,40,40,"my_test_rsi2",2,1,0,1,"GTAG",NA,"ANCHOR_UNIQUE,CANONICAL,CIRCULAR,GOOD_EXT,UNAMBIGUOUS_BP"
"182","NW_017739469.1",447456,465147,"rsi_circ_000269",13,"+",5,13,40,40,"my_test_rsi2",13,0,0,1,"GTAG",NA,"ANCHOR_UNIQUE,CANONICAL,CIRCULAR,PERFECT_EXT,UNAMBIGUOUS_BP"
"183","NW_017738987.1",939047,940294,"rsi_circ_000271",10,"-",7,10,40,40,"my_test_rsi2",10,0,0,1,"GTAG",NA,"ANCHOR_UNIQUE,CANONICAL,CIRCULAR,PERFECT_EXT,UNAMBIGUOUS_BP"
"184","NW_017738979.1",2326973,2329638,"rsi_circ_000272",2,"+",1,2,5,40,"my_test_rsi2",2,0,0,1,"GTAG",NA,"ANCHOR_UNIQUE,CANONICAL,CIRCULAR,PERFECT_EXT,UNAMBIGUOUS_BP"
"185","NW_017739666.1",329274,330398,"rsi_circ_000273",3,"+",1,3,35,5,"my_test_rsi2",3,0,0,1,"GTAG",NA,"ANCHOR_UNIQUE,CANONICAL,CIRCULAR,PERFECT_EXT,UNAMBIGUOUS_BP"
"186","NW_017739067.1",1020554,1022306,"rsi_circ_000275",38,"+",14,36,40,40,"my_test_rsi2",38,0,0,1,"GTAG",NA,"ANCHOR_UNIQUE,CANONICAL,CIRCULAR,PERFECT_EXT,UNAMBIGUOUS_BP"
"187","NW_017738927.1",309433,311948,"rsi_circ_000276",2,"+",2,2,40,40,"my_test_rsi2",2,0,0,1,"GTAG",NA,"ANCHOR_UNIQUE,CANONICAL,CIRCULAR,PERFECT_EXT,UNAMBIGUOUS_BP"
"188","NW_017738923.1",15107216,15110491,"rsi_circ_000277",5,"-",1,5,40,40,"my_test_rsi2",5,0,0,1,"GTAG",NA,"ANCHOR_UNIQUE,CANONICAL,CIRCULAR,PERFECT_EXT,UNAMBIGUOUS_BP"
"189","NW_017738980.1",3142556,3146077,"rsi_circ_000279",5,"+",1,5,40,40,"my_test_rsi2",5,0,0,1,"GTAG",NA,"ANCHOR_UNIQUE,CANONICAL,CIRCULAR,PERFECT_EXT,UNAMBIGUOUS_BP"
"190","NW_017739065.1",4185446,4185608,"rsi_circ_000280",2,"-",1,2,40,5,"my_test_rsi2",2,1,2,1,"GTAG",NA,"ANCHOR_UNIQUE,CANONICAL,CIRCULAR,OK_EXT,UNAMBIGUOUS_BP"
"191","NW_017738988.1",2412770,2427456,"rsi_circ_000282",2,"+",2,2,40,35,"my_test_rsi2",2,0,0,1,"GTAG",NA,"ANCHOR_UNIQUE,CANONICAL,CIRCULAR,PERFECT_EXT,UNAMBIGUOUS_BP"
"192","NW_017739295.1",2066812,2097579,"rsi_circ_000283",8,"-",7,8,40,40,"my_test_rsi2",8,0,0,1,"GTAG",NA,"ANCHOR_UNIQUE,CANONICAL,CIRCULAR,PERFECT_EXT,UNAMBIGUOUS_BP"
"193","NW_017739211.1",3641643,3666898,"rsi_circ_000285",2,"-",1,2,5,40,"my_test_rsi2",2,0,0,1,"GTAG",NA,"ANCHOR_UNIQUE,CANONICAL,CIRCULAR,PERFECT_EXT,UNAMBIGUOUS_BP"
"194","NW_017739146.1",2854730,2856721,"rsi_circ_000287",3,"-",3,3,40,40,"my_test_rsi2",3,0,0,1,"GTAG",NA,"ANCHOR_UNIQUE,CANONICAL,CIRCULAR,PERFECT_EXT,UNAMBIGUOUS_BP"
"195","NW_017739029.1",636037,637680,"rsi_circ_000290",3,"+",3,3,40,40,"my_test_rsi2",3,0,0,1,"GTAG",NA,"ANCHOR_UNIQUE,CANONICAL,CIRCULAR,PERFECT_EXT,UNAMBIGUOUS_BP"
"196","NW_017739264.1",1676122,1680997,"rsi_circ_000291",6,"-",5,6,40,40,"my_test_rsi2",6,0,0,1,"GTAG",NA,"ANCHOR_UNIQUE,CANONICAL,CIRCULAR,PERFECT_EXT,UNAMBIGUOUS_BP"
"197","NW_017739138.1",476119,498366,"rsi_circ_000294",2,"+",2,2,40,40,"my_test_rsi2",2,0,0,1,"GTAG",NA,"ANCHOR_UNIQUE,CANONICAL,CIRCULAR,PERFECT_EXT,UNAMBIGUOUS_BP"
"198","NW_017739355.1",2214112,2239289,"rsi_circ_000295",2,"-",2,2,40,40,"my_test_rsi2",2,0,0,1,"GTAG",NA,"ANCHOR_UNIQUE,CANONICAL,CIRCULAR,PERFECT_EXT,UNAMBIGUOUS_BP"
"199","NW_017739391.1",275111,289716,"rsi_circ_000296",5,"+",2,5,40,40,"my_test_rsi2",5,0,0,1,"GTAG",NA,"ANCHOR_UNIQUE,CANONICAL,CIRCULAR,PERFECT_EXT,UNAMBIGUOUS_BP"
"200","NW_017739295.1",1379385,1391823,"rsi_circ_000298",6,"-",4,6,40,40,"my_test_rsi2",6,1,0,1,"GTAG",NA,"ANCHOR_UNIQUE,CANONICAL,CIRCULAR,GOOD_EXT,UNAMBIGUOUS_BP"
"201","NW_017739630.1",631563,659328,"rsi_circ_000300",15,"-",3,15,40,40,"my_test_rsi2",15,0,0,1,"GTAG",NA,"ANCHOR_UNIQUE,CANONICAL,CIRCULAR,PERFECT_EXT,UNAMBIGUOUS_BP"
"202","NW_017738998.1",6217267,6220917,"rsi_circ_000301",2,"-",2,2,40,40,"my_test_rsi2",2,0,0,1,"GTAG",NA,"ANCHOR_UNIQUE,CANONICAL,CIRCULAR,PERFECT_EXT,UNAMBIGUOUS_BP"
"203","NW_017739006.1",4422266,4486369,"rsi_circ_000302",31,"-",17,31,40,40,"my_test_rsi2",31,0,0,1,"GTAG",NA,"ANCHOR_UNIQUE,CANONICAL,CIRCULAR,PERFECT_EXT,UNAMBIGUOUS_BP"
"204","NW_017739089.1",6283733,6339620,"rsi_circ_000303",3,"-",1,3,35,35,"my_test_rsi2",3,2,0,1,"GTAG",NA,"ANCHOR_UNIQUE,CANONICAL,CIRCULAR,OK_EXT,UNAMBIGUOUS_BP"
"205","NW_017739244.1",346199,362647,"rsi_circ_000305",3,"-",1,3,5,5,"my_test_rsi2",3,1,0,1,"GTAG",NA,"ANCHOR_UNIQUE,CANONICAL,CIRCULAR,GOOD_EXT,UNAMBIGUOUS_BP"
"206","NW_017738992.1",3770239,3793163,"rsi_circ_000306",6,"+",2,6,5,40,"my_test_rsi2",6,0,0,1,"GTAG",NA,"ANCHOR_UNIQUE,CANONICAL,CIRCULAR,PERFECT_EXT,UNAMBIGUOUS_BP"
"207","NW_017739454.1",2737435,2738686,"rsi_circ_000307",4,"+",2,4,40,40,"my_test_rsi2",4,1,0,1,"GTAG",NA,"ANCHOR_UNIQUE,CANONICAL,CIRCULAR,GOOD_EXT,UNAMBIGUOUS_BP"
"208","NW_017739330.1",252418,265475,"rsi_circ_000308",3,"-",1,3,5,40,"my_test_rsi2",3,0,0,1,"GTAG",NA,"ANCHOR_UNIQUE,CANONICAL,CIRCULAR,PERFECT_EXT,UNAMBIGUOUS_BP"
"209","NW_017738979.1",7064922,7072964,"rsi_circ_000309",4,"-",2,4,40,40,"my_test_rsi2",4,0,0,1,"GTAG",NA,"ANCHOR_UNIQUE,CANONICAL,CIRCULAR,PERFECT_EXT,UNAMBIGUOUS_BP"
"210","NW_017739102.1",1666953,1667118,"rsi_circ_000310",3,"-",1,3,5,5,"my_test_rsi2",3,1,0,1,"GTAG",NA,"ANCHOR_UNIQUE,CANONICAL,CIRCULAR,GOOD_EXT,UNAMBIGUOUS_BP"
"211","NW_017739272.1",1915974,1921983,"rsi_circ_000313",5,"+",3,5,5,40,"my_test_rsi2",5,0,0,1,"GTAG",NA,"ANCHOR_UNIQUE,CANONICAL,CIRCULAR,PERFECT_EXT,UNAMBIGUOUS_BP"
"212","NW_017739147.1",3349678,3415598,"rsi_circ_000314",5,"-",5,3,5,40,"my_test_rsi2",5,0,0,1,"GTAG",NA,"ANCHOR_UNIQUE,CANONICAL,CIRCULAR,PERFECT_EXT,UNAMBIGUOUS_BP"
"213","NW_017738960.1",886023,887000,"rsi_circ_000316",3,"-",1,3,40,40,"my_test_rsi2",3,0,0,1,"GTAG",NA,"ANCHOR_UNIQUE,CANONICAL,CIRCULAR,PERFECT_EXT,UNAMBIGUOUS_BP"
"214","NW_017739065.1",1423653,1434380,"rsi_circ_000317",8,"+",4,8,40,40,"my_test_rsi2",8,0,0,1,"GTAG",NA,"ANCHOR_UNIQUE,CANONICAL,CIRCULAR,PERFECT_EXT,UNAMBIGUOUS_BP"
"215","NW_017739159.1",1691604,1692103,"rsi_circ_000319",2,"-",1,2,5,40,"my_test_rsi2",2,0,0,1,"GTAG",NA,"ANCHOR_UNIQUE,CANONICAL,CIRCULAR,PERFECT_EXT,UNAMBIGUOUS_BP"
"216","NW_017739164.1",311543,319491,"rsi_circ_000320",5,"+",1,5,35,40,"my_test_rsi2",5,0,0,1,"GTAG",NA,"ANCHOR_UNIQUE,CANONICAL,CIRCULAR,PERFECT_EXT,UNAMBIGUOUS_BP"
"217","NW_017738976.1",4707885,4711247,"rsi_circ_000321",2,"-",1,2,5,40,"my_test_rsi2",2,0,0,1,"GTAG",NA,"ANCHOR_UNIQUE,CANONICAL,CIRCULAR,PERFECT_EXT,UNAMBIGUOUS_BP"
"218","NW_017738992.1",3084924,3085396,"rsi_circ_000322",99,"-",51,97,40,40,"my_test_rsi2",99,0,0,1,"GTAG",NA,"ANCHOR_UNIQUE,CANONICAL,CIRCULAR,PERFECT_EXT,UNAMBIGUOUS_BP"
"219","NW_017739007.1",203578,205259,"rsi_circ_000323",8,"-",6,8,40,40,"my_test_rsi2",8,1,0,1,"GTAG",NA,"ANCHOR_UNIQUE,CANONICAL,CIRCULAR,GOOD_EXT,UNAMBIGUOUS_BP"
"220","NW_017739237.1",4316123,4324149,"rsi_circ_000324",2,"+",1,2,40,40,"my_test_rsi2",2,1,0,1,"GTAG",NA,"ANCHOR_UNIQUE,CANONICAL,CIRCULAR,GOOD_EXT,UNAMBIGUOUS_BP"
"221","NW_017738940.1",1546063,1567329,"rsi_circ_000325",4,"+",2,4,40,40,"my_test_rsi2",4,2,0,1,"GTAG",NA,"ANCHOR_UNIQUE,CANONICAL,CIRCULAR,OK_EXT,UNAMBIGUOUS_BP"
"222","NW_017738936.1",3589943,3592217,"rsi_circ_000326",5,"+",1,5,35,40,"my_test_rsi2",5,1,0,1,"GTAG",NA,"ANCHOR_UNIQUE,CANONICAL,CIRCULAR,GOOD_EXT,UNAMBIGUOUS_BP"
"223","NW_017739191.1",19300,38264,"rsi_circ_000328",2,"+",2,2,40,5,"my_test_rsi2",2,0,0,1,"GTAG",NA,"ANCHOR_UNIQUE,CANONICAL,CIRCULAR,PERFECT_EXT,UNAMBIGUOUS_BP"
"224","NW_017739709.1",671013,672961,"rsi_circ_000329",4,"-",2,4,40,40,"my_test_rsi2",4,0,0,1,"GTAG",NA,"ANCHOR_UNIQUE,CANONICAL,CIRCULAR,PERFECT_EXT,UNAMBIGUOUS_BP"
"225","NW_017738951.1",5373639,5375184,"rsi_circ_000330",6,"-",1,6,5,40,"my_test_rsi2",6,0,0,1,"GTAG",NA,"ANCHOR_UNIQUE,CANONICAL,CIRCULAR,PERFECT_EXT,UNAMBIGUOUS_BP"
"226","NW_017738970.1",15103097,15107818,"rsi_circ_000331",15,"-",6,14,40,40,"my_test_rsi2",15,1,0,1,"GTAG",NA,"ANCHOR_UNIQUE,CANONICAL,CIRCULAR,GOOD_EXT,UNAMBIGUOUS_BP"
"227","NW_017738968.1",5335908,5348589,"rsi_circ_000332",3,"+",1,3,40,40,"my_test_rsi2",3,0,0,1,"GTAG",NA,"ANCHOR_UNIQUE,CANONICAL,CIRCULAR,PERFECT_EXT,UNAMBIGUOUS_BP"
"228","NW_017739440.1",469920,472170,"rsi_circ_000334",2,"-",1,2,5,5,"my_test_rsi2",2,0,0,1,"GTAG",NA,"ANCHOR_UNIQUE,CANONICAL,CIRCULAR,PERFECT_EXT,UNAMBIGUOUS_BP"
"229","NW_017738936.1",4891275,4893472,"rsi_circ_000336",22,"-",11,22,40,40,"my_test_rsi2",22,0,0,1,"GTAG",NA,"ANCHOR_UNIQUE,CANONICAL,CIRCULAR,PERFECT_EXT,UNAMBIGUOUS_BP"
"230","NW_017739024.1",1893530,1893876,"rsi_circ_000337",5,"-",4,5,35,40,"my_test_rsi2",5,1,0,1,"GTAG",NA,"ANCHOR_UNIQUE,CANONICAL,CIRCULAR,GOOD_EXT,UNAMBIGUOUS_BP"
"231","NW_017739103.1",1899240,1915575,"rsi_circ_000338",3,"-",2,3,5,40,"my_test_rsi2",3,1,0,1,"GTAG",NA,"ANCHOR_UNIQUE,CANONICAL,CIRCULAR,GOOD_EXT,UNAMBIGUOUS_BP"
"232","NW_017739190.1",2280633,2353675,"rsi_circ_000339",3,"-",2,3,40,5,"my_test_rsi2",3,0,0,1,"GTAG",NA,"ANCHOR_UNIQUE,CANONICAL,CIRCULAR,PERFECT_EXT,UNAMBIGUOUS_BP"
"233","NW_017739019.1",6179550,6180557,"rsi_circ_000340",14,"-",7,14,40,40,"my_test_rsi2",14,0,0,1,"GTAG",NA,"ANCHOR_UNIQUE,CANONICAL,CIRCULAR,PERFECT_EXT,UNAMBIGUOUS_BP"
"234","NW_017739054.1",3910276,3925540,"rsi_circ_000343",5,"-",4,5,40,40,"my_test_rsi2",5,0,0,1,"GTAG",NA,"ANCHOR_UNIQUE,CANONICAL,CIRCULAR,PERFECT_EXT,UNAMBIGUOUS_BP"
"235","NW_017739428.1",1074917,1120154,"rsi_circ_000344",2,"-",1,2,5,35,"my_test_rsi2",2,0,0,1,"GTAG",NA,"ANCHOR_UNIQUE,CANONICAL,CIRCULAR,PERFECT_EXT,UNAMBIGUOUS_BP"
"236","NW_017739388.1",1221204,1234875,"rsi_circ_000345",2,"+",2,2,40,40,"my_test_rsi2",2,0,0,1,"GTAG",NA,"ANCHOR_UNIQUE,CANONICAL,CIRCULAR,PERFECT_EXT,UNAMBIGUOUS_BP"
"237","NW_017739107.1",1619812,1628572,"rsi_circ_000346",3,"-",2,3,40,5,"my_test_rsi2",3,0,0,1,"GTAG",NA,"ANCHOR_UNIQUE,CANONICAL,CIRCULAR,PERFECT_EXT,UNAMBIGUOUS_BP"
"238","NW_017739107.1",945870,949002,"rsi_circ_000347",3,"+",3,2,5,40,"my_test_rsi2",3,1,0,1,"GTAG",NA,"ANCHOR_UNIQUE,CANONICAL,CIRCULAR,GOOD_EXT,UNAMBIGUOUS_BP"
"239","NW_017738979.1",2182890,2197114,"rsi_circ_000349",3,"-",1,3,5,5,"my_test_rsi2",3,0,0,1,"GTAG",NA,"ANCHOR_UNIQUE,CANONICAL,CIRCULAR,PERFECT_EXT,UNAMBIGUOUS_BP"
"240","NW_017739391.1",190594,194890,"rsi_circ_000352",6,"-",3,4,40,40,"my_test_rsi2",6,1,0,1,"GTAG",NA,"ANCHOR_UNIQUE,CANONICAL,CIRCULAR,GOOD_EXT,UNAMBIGUOUS_BP"
"241","NW_017738939.1",764405,764600,"rsi_circ_000353",3,"-",2,2,40,5,"my_test_rsi2",3,1,0,1,"GTAG",NA,"ANCHOR_UNIQUE,CANONICAL,CIRCULAR,GOOD_EXT,UNAMBIGUOUS_BP"
"242","NW_017738948.1",3381246,3389349,"rsi_circ_000354",12,"-",5,12,40,40,"my_test_rsi2",12,0,0,1,"GTAG",NA,"ANCHOR_UNIQUE,CANONICAL,CIRCULAR,PERFECT_EXT,UNAMBIGUOUS_BP"
"243","NW_017738962.1",2624358,2634146,"rsi_circ_000355",2,"-",1,2,40,40,"my_test_rsi2",2,0,0,1,"GTAG",NA,"ANCHOR_UNIQUE,CANONICAL,CIRCULAR,PERFECT_EXT,UNAMBIGUOUS_BP"
"244","NW_017739244.1",2857507,2891213,"rsi_circ_000357",2,"+",2,2,40,5,"my_test_rsi2",2,0,0,1,"GTAG",NA,"ANCHOR_UNIQUE,CANONICAL,CIRCULAR,PERFECT_EXT,UNAMBIGUOUS_BP"
"245","NW_017739333.1",624405,631844,"rsi_circ_000358",6,"-",4,4,40,5,"my_test_rsi2",6,0,0,1,"GTAG",NA,"ANCHOR_UNIQUE,CANONICAL,CIRCULAR,PERFECT_EXT,UNAMBIGUOUS_BP"
"246","NW_017739185.1",1670035,1673238,"rsi_circ_000359",4,"-",3,4,40,5,"my_test_rsi2",4,1,0,1,"GTAG",NA,"ANCHOR_UNIQUE,CANONICAL,CIRCULAR,GOOD_EXT,UNAMBIGUOUS_BP"
"247","NW_017739298.1",1109960,1117704,"rsi_circ_000360",8,"+",7,8,40,40,"my_test_rsi2",8,0,0,1,"GTAG",NA,"ANCHOR_UNIQUE,CANONICAL,CIRCULAR,PERFECT_EXT,UNAMBIGUOUS_BP"
"248","NW_017739681.1",147425,151327,"rsi_circ_000361",27,"-",15,27,40,40,"my_test_rsi2",27,0,0,1,"GTAG",NA,"ANCHOR_UNIQUE,CANONICAL,CIRCULAR,PERFECT_EXT,UNAMBIGUOUS_BP"
"249","NW_017739527.1",291847,310629,"rsi_circ_000362",10,"-",7,10,40,40,"my_test_rsi2",10,0,0,1,"GTAG",NA,"ANCHOR_UNIQUE,CANONICAL,CIRCULAR,PERFECT_EXT,UNAMBIGUOUS_BP"
"250","NW_017738959.1",2538302,2538675,"rsi_circ_000364",3,"+",2,2,40,40,"my_test_rsi2",3,1,0,1,"GTAG",NA,"ANCHOR_UNIQUE,CANONICAL,CIRCULAR,GOOD_EXT,UNAMBIGUOUS_BP"
"251","NW_017738956.1",4822113,4822672,"rsi_circ_000365",95,"+",42,95,40,40,"my_test_rsi2",95,0,0,1,"GTAG",NA,"ANCHOR_UNIQUE,CANONICAL,CIRCULAR,PERFECT_EXT,UNAMBIGUOUS_BP"
"252","NW_017738992.1",130531,132281,"rsi_circ_000366",32,"+",13,32,40,40,"my_test_rsi2",32,0,0,1,"GTAG",NA,"ANCHOR_UNIQUE,CANONICAL,CIRCULAR,PERFECT_EXT,UNAMBIGUOUS_BP"
"253","NW_017739706.1",77031,77848,"rsi_circ_000367",12,"+",8,10,40,40,"my_test_rsi2",12,0,0,1,"GTAG",NA,"ANCHOR_UNIQUE,CANONICAL,CIRCULAR,PERFECT_EXT,UNAMBIGUOUS_BP"
"254","NW_017739007.1",2332859,2334067,"rsi_circ_000368",4,"-",1,4,5,40,"my_test_rsi2",4,0,0,1,"GTAG",NA,"ANCHOR_UNIQUE,CANONICAL,CIRCULAR,PERFECT_EXT,UNAMBIGUOUS_BP"
"255","NW_017738937.1",678329,708213,"rsi_circ_000370",2,"-",1,2,40,40,"my_test_rsi2",2,0,0,1,"GTAG",NA,"ANCHOR_UNIQUE,CANONICAL,CIRCULAR,PERFECT_EXT,UNAMBIGUOUS_BP"
"256","NW_017738940.1",7782542,7786169,"rsi_circ_000371",3,"+",2,3,40,40,"my_test_rsi2",3,0,0,1,"GTAG",NA,"ANCHOR_UNIQUE,CANONICAL,CIRCULAR,PERFECT_EXT,UNAMBIGUOUS_BP"
"257","NW_017738927.1",4504721,4522690,"rsi_circ_000372",9,"+",6,8,40,40,"my_test_rsi2",9,0,0,1,"GTAG",NA,"ANCHOR_UNIQUE,CANONICAL,CIRCULAR,PERFECT_EXT,UNAMBIGUOUS_BP"
"258","NW_017739118.1",865641,874138,"rsi_circ_000373",11,"-",4,11,40,40,"my_test_rsi2",11,0,0,1,"GTAG",NA,"ANCHOR_UNIQUE,CANONICAL,CIRCULAR,PERFECT_EXT,UNAMBIGUOUS_BP"
"259","NW_017739016.1",10063046,10101476,"rsi_circ_000377",2,"+",1,2,40,40,"my_test_rsi2",2,0,0,1,"GTAG",NA,"ANCHOR_UNIQUE,CANONICAL,CIRCULAR,PERFECT_EXT,UNAMBIGUOUS_BP"
"260","NW_017739541.1",602631,610480,"rsi_circ_000378",7,"+",4,7,35,40,"my_test_rsi2",7,0,0,1,"GTAG",NA,"ANCHOR_UNIQUE,CANONICAL,CIRCULAR,PERFECT_EXT,UNAMBIGUOUS_BP"
"261","NW_017739023.1",1735611,1736557,"rsi_circ_000379",82,"+",37,81,40,40,"my_test_rsi2",82,0,0,1,"GTAG",NA,"ANCHOR_UNIQUE,CANONICAL,CIRCULAR,PERFECT_EXT,UNAMBIGUOUS_BP"
"262","NW_017739226.1",589000,595916,"rsi_circ_000381",2,"+",1,2,5,35,"my_test_rsi2",2,0,0,1,"GTAG",NA,"ANCHOR_UNIQUE,CANONICAL,CIRCULAR,PERFECT_EXT,UNAMBIGUOUS_BP"
"263","NW_017738946.1",5330506,5354948,"rsi_circ_000383",3,"+",1,3,5,40,"my_test_rsi2",3,1,0,1,"GTAG",NA,"ANCHOR_UNIQUE,CANONICAL,CIRCULAR,GOOD_EXT,UNAMBIGUOUS_BP"
"264","NW_017739044.1",878927,911990,"rsi_circ_000385",3,"-",1,3,40,40,"my_test_rsi2",3,1,0,1,"GTAG",NA,"ANCHOR_UNIQUE,CANONICAL,CIRCULAR,GOOD_EXT,UNAMBIGUOUS_BP"
"265","NW_017739707.1",178297,193578,"rsi_circ_000387",2,"+",2,2,5,40,"my_test_rsi2",2,0,0,1,"GTAG",NA,"ANCHOR_UNIQUE,CANONICAL,CIRCULAR,PERFECT_EXT,UNAMBIGUOUS_BP"
"266","NW_017739029.1",542318,547101,"rsi_circ_000388",3,"-",1,3,5,40,"my_test_rsi2",3,1,0,1,"GTAG",NA,"ANCHOR_UNIQUE,CANONICAL,CIRCULAR,GOOD_EXT,UNAMBIGUOUS_BP"
"267","NW_017739063.1",939006,939161,"rsi_circ_000389",2,"-",2,2,40,40,"my_test_rsi2",2,0,0,1,"GTAG",NA,"ANCHOR_UNIQUE,CANONICAL,CIRCULAR,PERFECT_EXT,UNAMBIGUOUS_BP"
"268","NW_017738967.1",6608186,6628920,"rsi_circ_000390",9,"+",7,8,40,40,"my_test_rsi2",9,0,0,1,"GTAG",NA,"ANCHOR_UNIQUE,CANONICAL,CIRCULAR,PERFECT_EXT,UNAMBIGUOUS_BP"
"269","NW_017739104.1",208996,254589,"rsi_circ_000393",3,"+",3,3,40,40,"my_test_rsi2",3,0,0,1,"GTAG",NA,"ANCHOR_UNIQUE,CANONICAL,CIRCULAR,PERFECT_EXT,UNAMBIGUOUS_BP"
"270","NW_017738997.1",2273543,2289449,"rsi_circ_000395",3,"+",2,3,40,40,"my_test_rsi2",3,0,0,1,"GTAG",NA,"ANCHOR_UNIQUE,CANONICAL,CIRCULAR,PERFECT_EXT,UNAMBIGUOUS_BP"
"271","NW_017739466.1",761510,769418,"rsi_circ_000396",26,"-",16,26,40,40,"my_test_rsi2",26,0,0,1,"GTAG",NA,"ANCHOR_UNIQUE,CANONICAL,CIRCULAR,PERFECT_EXT,UNAMBIGUOUS_BP"
"272","NW_017739517.1",452179,452778,"rsi_circ_000397",3,"+",2,3,40,40,"my_test_rsi2",3,1,0,1,"GTAG",NA,"ANCHOR_UNIQUE,CANONICAL,CIRCULAR,GOOD_EXT,UNAMBIGUOUS_BP"
"273","NW_017739095.1",2104362,2116275,"rsi_circ_000399",3,"+",2,3,36,40,"my_test_rsi2",3,1,0,1,"GTAG",NA,"ANCHOR_UNIQUE,CANONICAL,CIRCULAR,GOOD_EXT,UNAMBIGUOUS_BP"
"274","NW_017738998.1",459031,475254,"rsi_circ_000400",3,"-",1,3,5,40,"my_test_rsi2",3,0,0,1,"GTAG",NA,"ANCHOR_UNIQUE,CANONICAL,CIRCULAR,PERFECT_EXT,UNAMBIGUOUS_BP"
"275","NW_017739145.1",1414796,1415957,"rsi_circ_000401",2,"-",1,2,40,5,"my_test_rsi2",2,0,0,1,"GTAG",NA,"ANCHOR_UNIQUE,CANONICAL,CIRCULAR,PERFECT_EXT,UNAMBIGUOUS_BP"
"276","NW_017738978.1",3250705,3278263,"rsi_circ_000403",2,"-",1,2,40,40,"my_test_rsi2",2,1,0,1,"GTAG",NA,"ANCHOR_UNIQUE,CANONICAL,CIRCULAR,GOOD_EXT,UNAMBIGUOUS_BP"
"277","NW_017739024.1",1275187,1275991,"rsi_circ_000404",2,"-",2,2,40,5,"my_test_rsi2",2,0,0,1,"GTAG",NA,"ANCHOR_UNIQUE,CANONICAL,CIRCULAR,PERFECT_EXT,UNAMBIGUOUS_BP"
"278","NW_017738972.1",219426,237561,"rsi_circ_000405",4,"+",3,4,40,5,"my_test_rsi2",4,0,0,1,"GTAG",NA,"ANCHOR_UNIQUE,CANONICAL,CIRCULAR,PERFECT_EXT,UNAMBIGUOUS_BP"
"279","NW_017738954.1",248995,256925,"rsi_circ_000406",5,"-",3,5,35,40,"my_test_rsi2",5,2,0,1,"GTAG",NA,"ANCHOR_UNIQUE,CANONICAL,CIRCULAR,OK_EXT,UNAMBIGUOUS_BP"
"280","NW_017739469.1",461968,468359,"rsi_circ_000407",6,"+",2,6,40,40,"my_test_rsi2",6,1,0,1,"GTAG",NA,"ANCHOR_UNIQUE,CANONICAL,CIRCULAR,GOOD_EXT,UNAMBIGUOUS_BP"
"281","NW_017739125.1",800115,803370,"rsi_circ_000408",2,"+",1,2,5,40,"my_test_rsi2",2,0,0,1,"GTAG",NA,"ANCHOR_UNIQUE,CANONICAL,CIRCULAR,PERFECT_EXT,UNAMBIGUOUS_BP"
"282","NW_017739355.1",2214169,2239289,"rsi_circ_000410",3,"-",3,3,40,40,"my_test_rsi2",3,1,0,1,"GTAG",NA,"ANCHOR_UNIQUE,CANONICAL,CIRCULAR,GOOD_EXT,UNAMBIGUOUS_BP"
"283","NW_017738946.1",5402805,5418210,"rsi_circ_000411",4,"+",1,4,40,40,"my_test_rsi2",4,0,0,1,"GTAG",NA,"ANCHOR_UNIQUE,CANONICAL,CIRCULAR,PERFECT_EXT,UNAMBIGUOUS_BP"
"284","NW_017739366.1",1989947,2005605,"rsi_circ_000413",2,"+",2,2,5,5,"my_test_rsi2",2,0,0,1,"GTAG",NA,"ANCHOR_UNIQUE,CANONICAL,CIRCULAR,PERFECT_EXT,UNAMBIGUOUS_BP"
"285","NW_017738960.1",6063666,6088233,"rsi_circ_000415",2,"-",2,2,37,40,"my_test_rsi2",2,0,0,1,"GTAG",NA,"ANCHOR_UNIQUE,CANONICAL,CIRCULAR,PERFECT_EXT,UNAMBIGUOUS_BP"
"286","NW_017738978.1",2466267,2474910,"rsi_circ_000416",2,"-",2,2,40,40,"my_test_rsi2",2,0,0,1,"GTAG",NA,"ANCHOR_UNIQUE,CANONICAL,CIRCULAR,PERFECT_EXT,UNAMBIGUOUS_BP"
"287","NW_017739059.1",3713669,3732646,"rsi_circ_000420",5,"+",3,3,35,5,"my_test_rsi2",5,1,0,1,"GTAG",NA,"ANCHOR_UNIQUE,CANONICAL,CIRCULAR,GOOD_EXT,UNAMBIGUOUS_BP"
"288","NW_017739032.1",246090,308710,"rsi_circ_000421",2,"+",1,2,40,40,"my_test_rsi2",2,1,0,1,"GTAG",NA,"ANCHOR_UNIQUE,CANONICAL,CIRCULAR,GOOD_EXT,UNAMBIGUOUS_BP"
"289","NW_017739015.1",5343200,5360818,"rsi_circ_000423",20,"+",9,20,40,40,"my_test_rsi2",20,0,0,1,"GTAG",NA,"ANCHOR_UNIQUE,CANONICAL,CIRCULAR,PERFECT_EXT,UNAMBIGUOUS_BP"
"290","NW_017739722.1",11164,12751,"rsi_circ_000424",73,"+",34,72,40,40,"my_test_rsi2",73,0,0,1,"GTAG",NA,"ANCHOR_UNIQUE,CANONICAL,CIRCULAR,PERFECT_EXT,UNAMBIGUOUS_BP"
"291","NW_017739150.1",1136241,1190329,"rsi_circ_000426",3,"+",1,3,40,40,"my_test_rsi2",3,2,1,1,"GTAG",NA,"ANCHOR_UNIQUE,CANONICAL,CIRCULAR,OK_EXT,UNAMBIGUOUS_BP"
"292","NW_017738939.1",1394639,1404537,"rsi_circ_000430",2,"+",1,2,5,40,"my_test_rsi2",2,1,0,1,"GTAG",NA,"ANCHOR_UNIQUE,CANONICAL,CIRCULAR,GOOD_EXT,UNAMBIGUOUS_BP"
"293","NW_017739128.1",2989825,2994984,"rsi_circ_000431",2,"+",1,2,40,35,"my_test_rsi2",2,1,0,1,"GTAG",NA,"ANCHOR_UNIQUE,CANONICAL,CIRCULAR,GOOD_EXT,UNAMBIGUOUS_BP"
"294","NW_017739039.1",775757,776149,"rsi_circ_000432",4,"-",4,4,40,40,"my_test_rsi2",4,1,0,1,"GTAG",NA,"ANCHOR_UNIQUE,CANONICAL,CIRCULAR,GOOD_EXT,UNAMBIGUOUS_BP"
"295","NW_017738970.1",12756113,12769864,"rsi_circ_000433",11,"-",6,9,40,40,"my_test_rsi2",11,0,0,1,"GTAG",NA,"ANCHOR_UNIQUE,CANONICAL,CIRCULAR,PERFECT_EXT,UNAMBIGUOUS_BP"
"296","NW_017739295.1",467734,469116,"rsi_circ_000434",2,"+",1,2,40,35,"my_test_rsi2",2,1,0,1,"GTAG",NA,"ANCHOR_UNIQUE,CANONICAL,CIRCULAR,GOOD_EXT,UNAMBIGUOUS_BP"
"297","NW_017738968.1",1950839,1951971,"rsi_circ_000436",4,"-",4,4,40,40,"my_test_rsi2",4,0,0,1,"GTAG",NA,"ANCHOR_UNIQUE,CANONICAL,CIRCULAR,PERFECT_EXT,UNAMBIGUOUS_BP"
"298","NW_017739046.1",6093746,6094164,"rsi_circ_000437",3,"-",1,3,40,5,"my_test_rsi2",3,1,0,1,"GTAG",NA,"ANCHOR_UNIQUE,CANONICAL,CIRCULAR,GOOD_EXT,UNAMBIGUOUS_BP"
"299","NW_017739576.1",501814,555748,"rsi_circ_000438",2,"+",2,2,40,40,"my_test_rsi2",2,0,0,1,"GTAG",NA,"ANCHOR_UNIQUE,CANONICAL,CIRCULAR,PERFECT_EXT,UNAMBIGUOUS_BP"
"300","NW_017739194.1",3640619,3641209,"rsi_circ_000439",4,"+",1,4,35,40,"my_test_rsi2",4,0,0,1,"GTAG",NA,"ANCHOR_UNIQUE,CANONICAL,CIRCULAR,PERFECT_EXT,UNAMBIGUOUS_BP"
"301","NW_017739097.1",867980,877476,"rsi_circ_000443",4,"+",1,4,35,5,"my_test_rsi2",4,0,0,1,"GTAG",NA,"ANCHOR_UNIQUE,CANONICAL,CIRCULAR,PERFECT_EXT,UNAMBIGUOUS_BP"
"302","NW_017738934.1",351345,351646,"rsi_circ_000444",2,"+",1,2,5,40,"my_test_rsi2",2,0,0,1,"GTAG",NA,"ANCHOR_UNIQUE,CANONICAL,CIRCULAR,PERFECT_EXT,UNAMBIGUOUS_BP"
"303","NW_017739465.1",1216461,1216876,"rsi_circ_000446",2,"+",1,2,40,5,"my_test_rsi2",2,0,0,1,"GTAG",NA,"ANCHOR_UNIQUE,CANONICAL,CIRCULAR,PERFECT_EXT,UNAMBIGUOUS_BP"
"304","NW_017739476.1",823294,854143,"rsi_circ_000447",6,"-",2,6,40,40,"my_test_rsi2",6,0,0,1,"GTAG",NA,"ANCHOR_UNIQUE,CANONICAL,CIRCULAR,PERFECT_EXT,UNAMBIGUOUS_BP"
"305","NW_017739089.1",8489720,8492955,"rsi_circ_000448",2,"-",1,2,40,40,"my_test_rsi2",2,0,0,1,"GTAG",NA,"ANCHOR_UNIQUE,CANONICAL,CIRCULAR,PERFECT_EXT,UNAMBIGUOUS_BP"
"306","NW_017739653.1",222976,231698,"rsi_circ_000449",7,"+",5,5,40,5,"my_test_rsi2",7,0,0,1,"GTAG",NA,"ANCHOR_UNIQUE,CANONICAL,CIRCULAR,PERFECT_EXT,UNAMBIGUOUS_BP"
"307","NW_017739188.1",687478,771757,"rsi_circ_000451",2,"+",1,2,40,40,"my_test_rsi2",2,1,0,1,"GTAG",NA,"ANCHOR_UNIQUE,CANONICAL,CIRCULAR,GOOD_EXT,UNAMBIGUOUS_BP"
"308","NW_017739440.1",1215372,1226992,"rsi_circ_000452",2,"+",2,2,40,40,"my_test_rsi2",2,0,0,1,"GTAG",NA,"ANCHOR_UNIQUE,CANONICAL,CIRCULAR,PERFECT_EXT,UNAMBIGUOUS_BP"
"309","NW_017738984.1",7478438,7481734,"rsi_circ_000453",2,"+",2,2,40,40,"my_test_rsi2",2,0,0,1,"GTAG",NA,"ANCHOR_UNIQUE,CANONICAL,CIRCULAR,PERFECT_EXT,UNAMBIGUOUS_BP"
"310","NW_017739829.1",135380,143389,"rsi_circ_000454",33,"-",12,30,40,40,"my_test_rsi2",33,0,0,1,"GTAG",NA,"ANCHOR_UNIQUE,CANONICAL,CIRCULAR,PERFECT_EXT,UNAMBIGUOUS_BP"
"311","NW_017739674.1",181485,192909,"rsi_circ_000455",2,"-",2,2,5,5,"my_test_rsi2",2,0,0,1,"GTAG",NA,"ANCHOR_UNIQUE,CANONICAL,CIRCULAR,PERFECT_EXT,UNAMBIGUOUS_BP"
"312","NW_017739046.1",4863356,4937319,"rsi_circ_000456",2,"+",1,2,40,5,"my_test_rsi2",2,1,0,1,"GTAG",NA,"ANCHOR_UNIQUE,CANONICAL,CIRCULAR,GOOD_EXT,UNAMBIGUOUS_BP"
"313","NW_017739004.1",4383459,4394711,"rsi_circ_000457",5,"-",3,4,40,40,"my_test_rsi2",5,1,0,1,"GTAG",NA,"ANCHOR_UNIQUE,CANONICAL,CIRCULAR,GOOD_EXT,UNAMBIGUOUS_BP"
"314","NW_017738999.1",2276784,2282551,"rsi_circ_000458",8,"+",5,8,40,40,"my_test_rsi2",8,0,0,1,"GTAG",NA,"ANCHOR_UNIQUE,CANONICAL,CIRCULAR,PERFECT_EXT,UNAMBIGUOUS_BP"
"315","NW_017739066.1",3488603,3496240,"rsi_circ_000462",9,"+",7,8,40,40,"my_test_rsi2",9,0,0,1,"GTAG",NA,"ANCHOR_UNIQUE,CANONICAL,CIRCULAR,PERFECT_EXT,UNAMBIGUOUS_BP"
"316","NW_017739260.1",2790243,2812226,"rsi_circ_000464",3,"+",1,3,40,5,"my_test_rsi2",3,0,0,1,"GTAG",NA,"ANCHOR_UNIQUE,CANONICAL,CIRCULAR,PERFECT_EXT,UNAMBIGUOUS_BP"
"317","NW_017739418.1",1566957,1595280,"rsi_circ_000466",2,"-",1,2,5,40,"my_test_rsi2",2,0,0,1,"GTAG",NA,"ANCHOR_UNIQUE,CANONICAL,CIRCULAR,PERFECT_EXT,UNAMBIGUOUS_BP"
"318","NW_017738986.1",1674172,1675254,"rsi_circ_000467",5,"-",4,5,40,40,"my_test_rsi2",5,0,0,1,"GTAG",NA,"ANCHOR_UNIQUE,CANONICAL,CIRCULAR,PERFECT_EXT,UNAMBIGUOUS_BP"
"319","NW_017739206.1",1592994,1595482,"rsi_circ_000468",11,"+",4,11,40,40,"my_test_rsi2",11,1,0,1,"GTAG",NA,"ANCHOR_UNIQUE,CANONICAL,CIRCULAR,GOOD_EXT,UNAMBIGUOUS_BP"
"320","NW_017739186.1",828156,832115,"rsi_circ_000469",5,"-",4,5,40,40,"my_test_rsi2",5,0,0,1,"GTAG",NA,"ANCHOR_UNIQUE,CANONICAL,CIRCULAR,PERFECT_EXT,UNAMBIGUOUS_BP"
"321","NW_017739095.1",2177238,2177481,"rsi_circ_000470",14,"+",8,12,40,40,"my_test_rsi2",14,0,0,1,"GTAG",NA,"ANCHOR_UNIQUE,CANONICAL,CIRCULAR,PERFECT_EXT,UNAMBIGUOUS_BP"
"322","NW_017739566.1",60941,77348,"rsi_circ_000471",5,"-",3,5,40,40,"my_test_rsi2",5,0,0,1,"GTAG",NA,"ANCHOR_UNIQUE,CANONICAL,CIRCULAR,PERFECT_EXT,UNAMBIGUOUS_BP"
"323","NW_017738979.1",2182890,2196706,"rsi_circ_000472",41,"-",24,41,40,40,"my_test_rsi2",41,0,0,1,"GTAG",NA,"ANCHOR_UNIQUE,CANONICAL,CIRCULAR,PERFECT_EXT,UNAMBIGUOUS_BP"
"324","NW_017738984.1",7428937,7429124,"rsi_circ_000473",4,"+",2,4,40,5,"my_test_rsi2",4,0,0,1,"GTAG",NA,"ANCHOR_UNIQUE,CANONICAL,CIRCULAR,PERFECT_EXT,UNAMBIGUOUS_BP"
"325","NW_017739433.1",754284,754534,"rsi_circ_000474",2,"+",1,2,40,5,"my_test_rsi2",2,1,0,1,"GTAG",NA,"ANCHOR_UNIQUE,CANONICAL,CIRCULAR,GOOD_EXT,UNAMBIGUOUS_BP"
"326","NW_017738949.1",4834998,4835363,"rsi_circ_000475",3,"+",1,3,40,5,"my_test_rsi2",3,2,0,1,"GTAG",NA,"ANCHOR_UNIQUE,CANONICAL,CIRCULAR,OK_EXT,UNAMBIGUOUS_BP"
"327","NW_017738979.1",4596377,4598948,"rsi_circ_000476",2,"+",1,2,40,40,"my_test_rsi2",2,0,0,1,"GTAG",NA,"ANCHOR_UNIQUE,CANONICAL,CIRCULAR,PERFECT_EXT,UNAMBIGUOUS_BP"
"328","NW_017739146.1",156251,164842,"rsi_circ_000477",6,"+",3,5,40,40,"my_test_rsi2",6,0,0,1,"GTAG",NA,"ANCHOR_UNIQUE,CANONICAL,CIRCULAR,PERFECT_EXT,UNAMBIGUOUS_BP"
"329","NW_017739409.1",282831,290282,"rsi_circ_000478",13,"-",4,13,40,40,"my_test_rsi2",13,0,0,1,"GTAG",NA,"ANCHOR_UNIQUE,CANONICAL,CIRCULAR,PERFECT_EXT,UNAMBIGUOUS_BP"
"330","NW_017739052.1",1961730,1962450,"rsi_circ_000482",5,"-",4,4,40,40,"my_test_rsi2",5,0,0,1,"GTAG",NA,"ANCHOR_UNIQUE,CANONICAL,CIRCULAR,PERFECT_EXT,UNAMBIGUOUS_BP"
"331","NW_017739192.1",3343475,3352683,"rsi_circ_000483",3,"+",2,3,40,35,"my_test_rsi2",3,1,0,1,"GTAG",NA,"ANCHOR_UNIQUE,CANONICAL,CIRCULAR,GOOD_EXT,UNAMBIGUOUS_BP"
"332","NW_017739412.1",305092,307032,"rsi_circ_000484",3,"-",3,3,40,40,"my_test_rsi2",3,1,0,1,"GTAG",NA,"ANCHOR_UNIQUE,CANONICAL,CIRCULAR,GOOD_EXT,UNAMBIGUOUS_BP"
"333","NW_017738958.1",2722815,2726198,"rsi_circ_000485",2,"-",2,2,40,35,"my_test_rsi2",2,1,0,1,"GTAG",NA,"ANCHOR_UNIQUE,CANONICAL,CIRCULAR,GOOD_EXT,UNAMBIGUOUS_BP"
"334","NW_017739327.1",284046,284226,"rsi_circ_000487",2,"+",2,2,5,5,"my_test_rsi2",2,0,0,1,"GTAG",NA,"ANCHOR_UNIQUE,CANONICAL,CIRCULAR,PERFECT_EXT,UNAMBIGUOUS_BP"
"335","NW_017739281.1",1464883,1487753,"rsi_circ_000488",2,"-",2,2,5,40,"my_test_rsi2",2,0,0,1,"GTAG",NA,"ANCHOR_UNIQUE,CANONICAL,CIRCULAR,PERFECT_EXT,UNAMBIGUOUS_BP"
"336","NW_017738982.1",1268981,1276807,"rsi_circ_000489",2,"+",2,2,40,40,"my_test_rsi2",2,0,0,1,"GTAG",NA,"ANCHOR_UNIQUE,CANONICAL,CIRCULAR,PERFECT_EXT,UNAMBIGUOUS_BP"
"337","NW_017739290.1",281002,283905,"rsi_circ_000493",7,"+",3,7,40,40,"my_test_rsi2",7,0,0,1,"GTAG",NA,"ANCHOR_UNIQUE,CANONICAL,CIRCULAR,PERFECT_EXT,UNAMBIGUOUS_BP"
"338","NW_017739462.1",150066,174100,"rsi_circ_000495",6,"-",2,6,40,40,"my_test_rsi2",6,0,1,1,"GTAG",NA,"ANCHOR_UNIQUE,CANONICAL,CIRCULAR,GOOD_EXT,UNAMBIGUOUS_BP"
"339","NW_017739252.1",2347220,2351314,"rsi_circ_000496",16,"+",8,16,40,40,"my_test_rsi2",16,1,0,1,"GTAG",NA,"ANCHOR_UNIQUE,CANONICAL,CIRCULAR,GOOD_EXT,UNAMBIGUOUS_BP"
"340","NW_017739558.1",569686,573663,"rsi_circ_000498",6,"-",3,6,40,40,"my_test_rsi2",6,0,0,1,"GTAG",NA,"ANCHOR_UNIQUE,CANONICAL,CIRCULAR,PERFECT_EXT,UNAMBIGUOUS_BP"
"341","NW_017739229.1",332524,335862,"rsi_circ_000499",4,"-",4,3,40,40,"my_test_rsi2",4,0,0,1,"GTAG",NA,"ANCHOR_UNIQUE,CANONICAL,CIRCULAR,PERFECT_EXT,UNAMBIGUOUS_BP"
"342","NW_017739068.1",2513328,2525528,"rsi_circ_000501",4,"-",1,4,40,35,"my_test_rsi2",4,0,0,1,"GTAG",NA,"ANCHOR_UNIQUE,CANONICAL,CIRCULAR,PERFECT_EXT,UNAMBIGUOUS_BP"
"343","NW_017739290.1",1578260,1583632,"rsi_circ_000503",8,"+",2,8,40,40,"my_test_rsi2",8,0,0,1,"GTAG",NA,"ANCHOR_UNIQUE,CANONICAL,CIRCULAR,PERFECT_EXT,UNAMBIGUOUS_BP"
"344","NW_017739578.1",562067,563408,"rsi_circ_000505",2,"-",1,2,40,40,"my_test_rsi2",2,0,0,1,"GTAG",NA,"ANCHOR_UNIQUE,CANONICAL,CIRCULAR,PERFECT_EXT,UNAMBIGUOUS_BP"
"345","NW_017738956.1",4878677,4879125,"rsi_circ_000506",6,"+",3,6,40,40,"my_test_rsi2",6,1,0,1,"GTAG",NA,"ANCHOR_UNIQUE,CANONICAL,CIRCULAR,GOOD_EXT,UNAMBIGUOUS_BP"
"346","NW_017739240.1",100845,109325,"rsi_circ_000507",2,"-",1,2,40,40,"my_test_rsi2",2,0,0,1,"GTAG",NA,"ANCHOR_UNIQUE,CANONICAL,CIRCULAR,PERFECT_EXT,UNAMBIGUOUS_BP"
"347","NW_017739246.1",1433409,1472494,"rsi_circ_000508",2,"-",1,2,40,5,"my_test_rsi2",2,2,0,1,"GTAG",NA,"ANCHOR_UNIQUE,CANONICAL,CIRCULAR,OK_EXT,UNAMBIGUOUS_BP"
"348","NW_017738975.1",3172083,3192696,"rsi_circ_000510",3,"-",3,3,40,40,"my_test_rsi2",3,0,0,1,"GTAG",NA,"ANCHOR_UNIQUE,CANONICAL,CIRCULAR,PERFECT_EXT,UNAMBIGUOUS_BP"
"349","NW_017739634.1",981843,984717,"rsi_circ_000511",3,"-",1,3,40,35,"my_test_rsi2",3,0,0,1,"GTAG",NA,"ANCHOR_UNIQUE,CANONICAL,CIRCULAR,PERFECT_EXT,UNAMBIGUOUS_BP"
"350","NW_017738988.1",2095583,2101756,"rsi_circ_000512",4,"-",1,4,40,40,"my_test_rsi2",4,1,0,1,"GTAG",NA,"ANCHOR_UNIQUE,CANONICAL,CIRCULAR,GOOD_EXT,UNAMBIGUOUS_BP"
"351","NW_017738957.1",5780205,5796686,"rsi_circ_000513",2,"+",1,2,5,40,"my_test_rsi2",2,0,0,1,"GTAG",NA,"ANCHOR_UNIQUE,CANONICAL,CIRCULAR,PERFECT_EXT,UNAMBIGUOUS_BP"
"352","NW_017738943.1",13165252,13171162,"rsi_circ_000514",21,"-",8,18,40,40,"my_test_rsi2",21,0,0,1,"GTAG",NA,"ANCHOR_UNIQUE,CANONICAL,CIRCULAR,PERFECT_EXT,UNAMBIGUOUS_BP"
"353","NW_017738940.1",1175110,1177455,"rsi_circ_000515",2,"-",2,2,5,40,"my_test_rsi2",2,0,0,1,"GTAG",NA,"ANCHOR_UNIQUE,CANONICAL,CIRCULAR,PERFECT_EXT,UNAMBIGUOUS_BP"
"354","NW_017738959.1",5337935,5371397,"rsi_circ_000516",3,"-",1,3,40,5,"my_test_rsi2",3,2,0,1,"GTAG",NA,"ANCHOR_UNIQUE,CANONICAL,CIRCULAR,OK_EXT,UNAMBIGUOUS_BP"
"355","NW_017739227.1",1188776,1190009,"rsi_circ_000517",12,"-",3,12,40,35,"my_test_rsi2",12,0,0,1,"GTAG",NA,"ANCHOR_UNIQUE,CANONICAL,CIRCULAR,PERFECT_EXT,UNAMBIGUOUS_BP"
"356","NW_017739653.1",222976,223501,"rsi_circ_000518",4,"+",2,4,5,5,"my_test_rsi2",4,0,0,1,"GTAG",NA,"ANCHOR_UNIQUE,CANONICAL,CIRCULAR,PERFECT_EXT,UNAMBIGUOUS_BP"
"357","NW_017739173.1",640331,642236,"rsi_circ_000519",12,"+",8,10,40,40,"my_test_rsi2",12,0,0,1,"GTAG",NA,"ANCHOR_UNIQUE,CANONICAL,CIRCULAR,PERFECT_EXT,UNAMBIGUOUS_BP"
"358","NW_017738940.1",6343493,6385758,"rsi_circ_000520",2,"+",1,2,40,5,"my_test_rsi2",2,0,0,1,"GTAG",NA,"ANCHOR_UNIQUE,CANONICAL,CIRCULAR,PERFECT_EXT,UNAMBIGUOUS_BP"
"359","NW_017739170.1",2032536,2035102,"rsi_circ_000521",4,"-",1,4,40,40,"my_test_rsi2",4,0,1,1,"GTAG",NA,"ANCHOR_UNIQUE,CANONICAL,CIRCULAR,GOOD_EXT,UNAMBIGUOUS_BP"
"360","NW_017738928.1",2597297,2606382,"rsi_circ_000522",2,"+",1,2,40,40,"my_test_rsi2",2,0,0,1,"GTAG",NA,"ANCHOR_UNIQUE,CANONICAL,CIRCULAR,PERFECT_EXT,UNAMBIGUOUS_BP"
"361","NW_017739443.1",1415561,1436540,"rsi_circ_000523",25,"+",14,23,40,40,"my_test_rsi2",25,0,0,1,"GTAG",NA,"ANCHOR_UNIQUE,CANONICAL,CIRCULAR,PERFECT_EXT,UNAMBIGUOUS_BP"
"362","NW_017739061.1",1933402,1936633,"rsi_circ_000524",2,"-",1,2,35,40,"my_test_rsi2",2,0,0,1,"GTAG",NA,"ANCHOR_UNIQUE,CANONICAL,CIRCULAR,PERFECT_EXT,UNAMBIGUOUS_BP"
"363","NW_017738932.1",5317730,5320240,"rsi_circ_000526",2,"+",1,2,5,5,"my_test_rsi2",2,0,0,1,"GTAG",NA,"ANCHOR_UNIQUE,CANONICAL,CIRCULAR,PERFECT_EXT,UNAMBIGUOUS_BP"
"364","NW_017739001.1",2790170,2796827,"rsi_circ_000527",28,"-",16,27,40,40,"my_test_rsi2",28,0,0,1,"GTAG",NA,"ANCHOR_UNIQUE,CANONICAL,CIRCULAR,PERFECT_EXT,UNAMBIGUOUS_BP"
"365","NW_017739309.1",2095741,2132798,"rsi_circ_000528",5,"+",2,5,40,40,"my_test_rsi2",5,0,0,1,"GTAG",NA,"ANCHOR_UNIQUE,CANONICAL,CIRCULAR,PERFECT_EXT,UNAMBIGUOUS_BP"
"366","NW_017739264.1",1617877,1622827,"rsi_circ_000529",5,"+",3,5,40,40,"my_test_rsi2",5,0,0,1,"GTAG",NA,"ANCHOR_UNIQUE,CANONICAL,CIRCULAR,PERFECT_EXT,UNAMBIGUOUS_BP"
"367","NW_017739087.1",4031242,4034528,"rsi_circ_000531",22,"-",13,22,40,40,"my_test_rsi2",22,0,0,1,"GTAG",NA,"ANCHOR_UNIQUE,CANONICAL,CIRCULAR,PERFECT_EXT,UNAMBIGUOUS_BP"
"368","NW_017738968.1",119830,120202,"rsi_circ_000532",2,"-",2,2,40,5,"my_test_rsi2",2,0,0,1,"GTAG",NA,"ANCHOR_UNIQUE,CANONICAL,CIRCULAR,PERFECT_EXT,UNAMBIGUOUS_BP"
"369","NW_017738998.1",6091845,6105071,"rsi_circ_000533",7,"-",6,7,40,40,"my_test_rsi2",7,0,0,1,"GTAG",NA,"ANCHOR_UNIQUE,CANONICAL,CIRCULAR,PERFECT_EXT,UNAMBIGUOUS_BP"
"370","NW_017738975.1",6590478,6609180,"rsi_circ_000534",2,"-",2,2,5,40,"my_test_rsi2",2,0,0,1,"GTAG",NA,"ANCHOR_UNIQUE,CANONICAL,CIRCULAR,PERFECT_EXT,UNAMBIGUOUS_BP"
"371","NW_017739633.1",490179,492258,"rsi_circ_000535",2,"+",1,2,40,5,"my_test_rsi2",2,0,0,1,"GTAG",NA,"ANCHOR_UNIQUE,CANONICAL,CIRCULAR,PERFECT_EXT,UNAMBIGUOUS_BP"
"372","NW_017739049.1",2837510,2843018,"rsi_circ_000537",2,"-",1,2,40,5,"my_test_rsi2",2,0,0,1,"GTAG",NA,"ANCHOR_UNIQUE,CANONICAL,CIRCULAR,PERFECT_EXT,UNAMBIGUOUS_BP"
"373","NW_017739064.1",1966705,1977873,"rsi_circ_000538",9,"-",2,9,40,40,"my_test_rsi2",9,0,0,1,"GTAG",NA,"ANCHOR_UNIQUE,CANONICAL,CIRCULAR,PERFECT_EXT,UNAMBIGUOUS_BP"
"374","NW_017739327.1",923511,924118,"rsi_circ_000539",2,"-",1,2,40,5,"my_test_rsi2",2,0,0,1,"GTAG",NA,"ANCHOR_UNIQUE,CANONICAL,CIRCULAR,PERFECT_EXT,UNAMBIGUOUS_BP"
"375","NW_017739325.1",397699,398063,"rsi_circ_000540",82,"+",30,64,40,40,"my_test_rsi2",82,0,0,1,"GTAG",NA,"ANCHOR_UNIQUE,CANONICAL,CIRCULAR,PERFECT_EXT,UNAMBIGUOUS_BP"
"376","NW_017739049.1",781353,786393,"rsi_circ_000541",134,"+",58,111,40,40,"my_test_rsi2",134,0,0,1,"GTAG",NA,"ANCHOR_UNIQUE,CANONICAL,CIRCULAR,PERFECT_EXT,UNAMBIGUOUS_BP"
"377","NW_017739325.1",676668,705151,"rsi_circ_000544",4,"+",1,4,5,40,"my_test_rsi2",4,0,0,1,"GTAG",NA,"ANCHOR_UNIQUE,CANONICAL,CIRCULAR,PERFECT_EXT,UNAMBIGUOUS_BP"
"378","NW_017739059.1",4310023,4334067,"rsi_circ_000546",2,"+",1,2,5,40,"my_test_rsi2",2,0,0,1,"GTAG",NA,"ANCHOR_UNIQUE,CANONICAL,CIRCULAR,PERFECT_EXT,UNAMBIGUOUS_BP"
"379","NW_017739246.1",1456291,1485448,"rsi_circ_000548",7,"-",6,6,40,40,"my_test_rsi2",7,0,0,1,"GTAG",NA,"ANCHOR_UNIQUE,CANONICAL,CIRCULAR,PERFECT_EXT,UNAMBIGUOUS_BP"
"380","NW_017738934.1",2535016,2561676,"rsi_circ_000549",2,"-",1,2,40,40,"my_test_rsi2",2,0,0,1,"GTAG",NA,"ANCHOR_UNIQUE,CANONICAL,CIRCULAR,PERFECT_EXT,UNAMBIGUOUS_BP"
"381","NW_017739016.1",6452624,6456362,"rsi_circ_000551",3,"+",1,3,5,35,"my_test_rsi2",3,0,0,1,"GTAG",NA,"ANCHOR_UNIQUE,CANONICAL,CIRCULAR,PERFECT_EXT,UNAMBIGUOUS_BP"
"382","NW_017739438.1",430033,431211,"rsi_circ_000552",7,"-",6,7,40,40,"my_test_rsi2",7,0,0,1,"GTAG",NA,"ANCHOR_UNIQUE,CANONICAL,CIRCULAR,PERFECT_EXT,UNAMBIGUOUS_BP"
"383","NW_017739097.1",2184591,2189438,"rsi_circ_000556",2,"+",2,2,37,5,"my_test_rsi2",2,0,0,1,"GTAG",NA,"ANCHOR_UNIQUE,CANONICAL,CIRCULAR,PERFECT_EXT,UNAMBIGUOUS_BP"
"384","NW_017739710.1",380230,387401,"rsi_circ_000557",2,"-",1,2,40,40,"my_test_rsi2",2,0,0,1,"GTAG",NA,"ANCHOR_UNIQUE,CANONICAL,CIRCULAR,PERFECT_EXT,UNAMBIGUOUS_BP"
"385","NW_017738988.1",2098608,2101756,"rsi_circ_000558",3,"-",1,3,5,40,"my_test_rsi2",3,1,0,1,"GTAG",NA,"ANCHOR_UNIQUE,CANONICAL,CIRCULAR,GOOD_EXT,UNAMBIGUOUS_BP"
"386","NW_017739355.1",2306055,2307873,"rsi_circ_000559",9,"-",4,9,40,40,"my_test_rsi2",9,0,0,1,"GTAG",NA,"ANCHOR_UNIQUE,CANONICAL,CIRCULAR,PERFECT_EXT,UNAMBIGUOUS_BP"
"387","NW_017738954.1",1837949,1843351,"rsi_circ_000562",3,"+",2,3,40,40,"my_test_rsi2",3,0,0,1,"GTAG",NA,"ANCHOR_UNIQUE,CANONICAL,CIRCULAR,PERFECT_EXT,UNAMBIGUOUS_BP"
"388","NW_017738925.1",10820902,10821306,"rsi_circ_000565",5,"+",4,5,40,40,"my_test_rsi2",5,0,0,1,"GTAG",NA,"ANCHOR_UNIQUE,CANONICAL,CIRCULAR,PERFECT_EXT,UNAMBIGUOUS_BP"
"389","NW_017739028.1",4999732,5033179,"rsi_circ_000566",4,"+",1,4,5,5,"my_test_rsi2",4,1,0,1,"GTAG",NA,"ANCHOR_UNIQUE,CANONICAL,CIRCULAR,GOOD_EXT,UNAMBIGUOUS_BP"
"390","NW_017738979.1",4653282,4654333,"rsi_circ_000567",3,"+",1,3,5,5,"my_test_rsi2",3,0,0,1,"GTAG",NA,"ANCHOR_UNIQUE,CANONICAL,CIRCULAR,PERFECT_EXT,UNAMBIGUOUS_BP"
"391","NW_017739296.1",546393,547515,"rsi_circ_000569",2,"+",2,2,5,40,"my_test_rsi2",2,0,0,1,"GTAG",NA,"ANCHOR_UNIQUE,CANONICAL,CIRCULAR,PERFECT_EXT,UNAMBIGUOUS_BP"
"392","NW_017738940.1",1693714,1746472,"rsi_circ_000571",2,"+",2,2,40,35,"my_test_rsi2",2,0,0,1,"GTAG",NA,"ANCHOR_UNIQUE,CANONICAL,CIRCULAR,PERFECT_EXT,UNAMBIGUOUS_BP"
"393","NW_017738943.1",11869156,11869882,"rsi_circ_000572",2,"+",2,2,40,40,"my_test_rsi2",2,0,0,1,"GTAG",NA,"ANCHOR_UNIQUE,CANONICAL,CIRCULAR,PERFECT_EXT,UNAMBIGUOUS_BP"
"394","NW_017739016.1",11224508,11233614,"rsi_circ_000573",5,"-",2,5,40,5,"my_test_rsi2",5,0,0,1,"GTAG",NA,"ANCHOR_UNIQUE,CANONICAL,CIRCULAR,PERFECT_EXT,UNAMBIGUOUS_BP"
"395","NW_017739306.1",4401018,4410276,"rsi_circ_000574",3,"+",3,3,40,40,"my_test_rsi2",3,0,0,1,"GTAG",NA,"ANCHOR_UNIQUE,CANONICAL,CIRCULAR,PERFECT_EXT,UNAMBIGUOUS_BP"
"396","NW_017739247.1",331471,337416,"rsi_circ_000578",12,"+",5,12,40,40,"my_test_rsi2",12,0,0,1,"GTAG",NA,"ANCHOR_UNIQUE,CANONICAL,CIRCULAR,PERFECT_EXT,UNAMBIGUOUS_BP"
"397","NW_017740075.1",27838,31885,"rsi_circ_000579",2,"-",1,2,35,35,"my_test_rsi2",2,2,0,1,"GTAG",NA,"ANCHOR_UNIQUE,CANONICAL,CIRCULAR,OK_EXT,UNAMBIGUOUS_BP"
"398","NW_017739443.1",1147889,1155443,"rsi_circ_000582",2,"+",1,2,5,40,"my_test_rsi2",2,0,0,1,"GTAG",NA,"ANCHOR_UNIQUE,CANONICAL,CIRCULAR,PERFECT_EXT,UNAMBIGUOUS_BP"
"399","NW_017739477.1",27951,39461,"rsi_circ_000583",2,"-",2,2,40,40,"my_test_rsi2",2,1,0,1,"GTAG",NA,"ANCHOR_UNIQUE,CANONICAL,CIRCULAR,GOOD_EXT,UNAMBIGUOUS_BP"
"400","NW_017738940.1",3890559,3901945,"rsi_circ_000584",3,"-",1,3,40,40,"my_test_rsi2",3,0,0,1,"GTAG",NA,"ANCHOR_UNIQUE,CANONICAL,CIRCULAR,PERFECT_EXT,UNAMBIGUOUS_BP"
"401","NW_017739095.1",1163843,1172650,"rsi_circ_000585",21,"-",10,21,40,40,"my_test_rsi2",21,0,0,1,"GTAG",NA,"ANCHOR_UNIQUE,CANONICAL,CIRCULAR,PERFECT_EXT,UNAMBIGUOUS_BP"
"402","NW_017739726.1",258212,260626,"rsi_circ_000587",3,"-",2,3,5,5,"my_test_rsi2",3,1,0,1,"GTAG",NA,"ANCHOR_UNIQUE,CANONICAL,CIRCULAR,GOOD_EXT,UNAMBIGUOUS_BP"
"403","NW_017739118.1",933696,934764,"rsi_circ_000588",5,"-",3,5,40,40,"my_test_rsi2",5,0,0,1,"GTAG",NA,"ANCHOR_UNIQUE,CANONICAL,CIRCULAR,PERFECT_EXT,UNAMBIGUOUS_BP"
"404","NW_017739803.1",121816,135938,"rsi_circ_000591",9,"+",4,9,40,40,"my_test_rsi2",9,0,0,1,"GTAG",NA,"ANCHOR_UNIQUE,CANONICAL,CIRCULAR,PERFECT_EXT,UNAMBIGUOUS_BP"
"405","NW_017738970.1",11774450,11774819,"rsi_circ_000592",4,"+",2,4,40,5,"my_test_rsi2",4,1,0,1,"GTAG",NA,"ANCHOR_UNIQUE,CANONICAL,CIRCULAR,GOOD_EXT,UNAMBIGUOUS_BP"
"406","NW_017738969.1",2926493,2934721,"rsi_circ_000593",6,"-",4,6,40,40,"my_test_rsi2",6,0,0,1,"GTAG",NA,"ANCHOR_UNIQUE,CANONICAL,CIRCULAR,PERFECT_EXT,UNAMBIGUOUS_BP"
"407","NW_017738961.1",423191,423582,"rsi_circ_000594",4,"-",1,4,5,40,"my_test_rsi2",4,1,0,1,"GTAG",NA,"ANCHOR_UNIQUE,CANONICAL,CIRCULAR,GOOD_EXT,UNAMBIGUOUS_BP"
"408","NW_017739067.1",413628,414866,"rsi_circ_000596",62,"+",33,59,40,40,"my_test_rsi2",62,0,0,1,"GTAG",NA,"ANCHOR_UNIQUE,CANONICAL,CIRCULAR,PERFECT_EXT,UNAMBIGUOUS_BP"
"409","NW_017739244.1",2498636,2502383,"rsi_circ_000597",2,"+",1,2,40,40,"my_test_rsi2",2,1,0,1,"GTAG",NA,"ANCHOR_UNIQUE,CANONICAL,CIRCULAR,GOOD_EXT,UNAMBIGUOUS_BP"
"410","NW_017739641.1",601400,617699,"rsi_circ_000598",5,"-",2,5,5,40,"my_test_rsi2",5,0,0,1,"GTAG",NA,"ANCHOR_UNIQUE,CANONICAL,CIRCULAR,PERFECT_EXT,UNAMBIGUOUS_BP"
"411","NW_017739305.1",198562,207805,"rsi_circ_000599",2,"+",1,2,40,5,"my_test_rsi2",2,0,0,1,"GTAG",NA,"ANCHOR_UNIQUE,CANONICAL,CIRCULAR,PERFECT_EXT,UNAMBIGUOUS_BP"
"412","NW_017738995.1",6437777,6442178,"rsi_circ_000602",2,"+",1,2,40,40,"my_test_rsi2",2,1,0,1,"GTAG",NA,"ANCHOR_UNIQUE,CANONICAL,CIRCULAR,GOOD_EXT,UNAMBIGUOUS_BP"
"413","NW_017738967.1",8399165,8403272,"rsi_circ_000603",2,"-",1,2,5,40,"my_test_rsi2",2,1,0,1,"GTAG",NA,"ANCHOR_UNIQUE,CANONICAL,CIRCULAR,GOOD_EXT,UNAMBIGUOUS_BP"
"414","NW_017738924.1",4696464,4710239,"rsi_circ_000604",4,"+",3,4,40,40,"my_test_rsi2",4,0,0,1,"GTAG",NA,"ANCHOR_UNIQUE,CANONICAL,CIRCULAR,PERFECT_EXT,UNAMBIGUOUS_BP"
"415","NW_017739099.1",1981724,1983612,"rsi_circ_000605",2,"-",2,2,40,40,"my_test_rsi2",2,0,0,1,"GTAG",NA,"ANCHOR_UNIQUE,CANONICAL,CIRCULAR,PERFECT_EXT,UNAMBIGUOUS_BP"
"416","NW_017739017.1",994931,999554,"rsi_circ_000606",3,"+",1,3,40,40,"my_test_rsi2",3,0,0,1,"GTAG",NA,"ANCHOR_UNIQUE,CANONICAL,CIRCULAR,PERFECT_EXT,UNAMBIGUOUS_BP"
"417","NW_017738928.1",4067877,4069416,"rsi_circ_000607",5,"+",1,5,5,5,"my_test_rsi2",5,1,0,1,"GTAG",NA,"ANCHOR_UNIQUE,CANONICAL,CIRCULAR,GOOD_EXT,UNAMBIGUOUS_BP"
"418","NW_017739562.1",543859,552134,"rsi_circ_000608",9,"+",6,6,40,40,"my_test_rsi2",9,0,0,1,"GTAG",NA,"ANCHOR_UNIQUE,CANONICAL,CIRCULAR,PERFECT_EXT,UNAMBIGUOUS_BP"
"419","NW_017739054.1",1362145,1364519,"rsi_circ_000610",2,"+",2,2,36,40,"my_test_rsi2",2,1,0,1,"GTAG",NA,"ANCHOR_UNIQUE,CANONICAL,CIRCULAR,GOOD_EXT,UNAMBIGUOUS_BP"
"420","NW_017739069.1",1393921,1405509,"rsi_circ_000611",2,"+",2,2,40,40,"my_test_rsi2",2,0,0,1,"GTAG",NA,"ANCHOR_UNIQUE,CANONICAL,CIRCULAR,PERFECT_EXT,UNAMBIGUOUS_BP"
"421","NW_017739050.1",1254042,1272556,"rsi_circ_000613",2,"+",1,2,40,5,"my_test_rsi2",2,0,0,1,"GTAG",NA,"ANCHOR_UNIQUE,CANONICAL,CIRCULAR,PERFECT_EXT,UNAMBIGUOUS_BP"
"422","NW_017738948.1",5050270,5055470,"rsi_circ_000614",16,"-",7,16,40,40,"my_test_rsi2",16,0,0,1,"GTAG",NA,"ANCHOR_UNIQUE,CANONICAL,CIRCULAR,PERFECT_EXT,UNAMBIGUOUS_BP"
"423","NW_017738933.1",11881917,11909482,"rsi_circ_000615",3,"+",3,3,40,40,"my_test_rsi2",3,1,0,1,"GTAG",NA,"ANCHOR_UNIQUE,CANONICAL,CIRCULAR,GOOD_EXT,UNAMBIGUOUS_BP"
"424","NW_017739401.1",556714,565590,"rsi_circ_000616",4,"+",3,4,40,40,"my_test_rsi2",4,0,0,1,"GTAG",NA,"ANCHOR_UNIQUE,CANONICAL,CIRCULAR,PERFECT_EXT,UNAMBIGUOUS_BP"
"425","NW_017738968.1",5872908,5878484,"rsi_circ_000618",6,"+",2,6,5,40,"my_test_rsi2",6,1,0,1,"GTAG",NA,"ANCHOR_UNIQUE,CANONICAL,CIRCULAR,GOOD_EXT,UNAMBIGUOUS_BP"
"426","NW_017739583.1",61289,66938,"rsi_circ_000619",6,"-",2,6,40,40,"my_test_rsi2",6,0,0,1,"GTAG",NA,"ANCHOR_UNIQUE,CANONICAL,CIRCULAR,PERFECT_EXT,UNAMBIGUOUS_BP"
"427","NW_017739292.1",980893,981060,"rsi_circ_000620",2,"-",1,2,40,5,"my_test_rsi2",2,1,0,1,"GTAG",NA,"ANCHOR_UNIQUE,CANONICAL,CIRCULAR,GOOD_EXT,UNAMBIGUOUS_BP"
"428","NW_017739784.1",451261,453966,"rsi_circ_000621",5,"+",3,5,40,40,"my_test_rsi2",5,0,0,1,"GTAG",NA,"ANCHOR_UNIQUE,CANONICAL,CIRCULAR,PERFECT_EXT,UNAMBIGUOUS_BP"
"429","NW_017739061.1",2016105,2018184,"rsi_circ_000622",4,"+",1,4,5,5,"my_test_rsi2",4,0,0,1,"GTAG",NA,"ANCHOR_UNIQUE,CANONICAL,CIRCULAR,PERFECT_EXT,UNAMBIGUOUS_BP"
"430","NW_017739092.1",1294316,1322335,"rsi_circ_000623",4,"-",2,4,40,40,"my_test_rsi2",4,0,0,1,"GTAG",NA,"ANCHOR_UNIQUE,CANONICAL,CIRCULAR,PERFECT_EXT,UNAMBIGUOUS_BP"
"431","NW_017739040.1",5842194,5869211,"rsi_circ_000624",2,"-",1,2,40,5,"my_test_rsi2",2,0,0,1,"GTAG",NA,"ANCHOR_UNIQUE,CANONICAL,CIRCULAR,PERFECT_EXT,UNAMBIGUOUS_BP"
"432","NW_017739051.1",3123959,3140101,"rsi_circ_000625",2,"-",1,2,40,35,"my_test_rsi2",2,2,0,1,"GTAG",NA,"ANCHOR_UNIQUE,CANONICAL,CIRCULAR,OK_EXT,UNAMBIGUOUS_BP"
"433","NW_017738952.1",1223374,1230589,"rsi_circ_000627",2,"+",1,2,40,40,"my_test_rsi2",2,0,0,1,"GTAG",NA,"ANCHOR_UNIQUE,CANONICAL,CIRCULAR,PERFECT_EXT,UNAMBIGUOUS_BP"
"434","NW_017739081.1",1568882,1573025,"rsi_circ_000628",5,"+",1,5,5,40,"my_test_rsi2",5,0,0,1,"GTAG",NA,"ANCHOR_UNIQUE,CANONICAL,CIRCULAR,PERFECT_EXT,UNAMBIGUOUS_BP"
"435","NW_017738946.1",5563452,5583029,"rsi_circ_000630",6,"+",2,6,40,40,"my_test_rsi2",6,0,0,1,"GTAG",NA,"ANCHOR_UNIQUE,CANONICAL,CIRCULAR,PERFECT_EXT,UNAMBIGUOUS_BP"
"436","NW_017739169.1",357625,363543,"rsi_circ_000631",7,"+",1,7,35,40,"my_test_rsi2",7,1,0,1,"GTAG",NA,"ANCHOR_UNIQUE,CANONICAL,CIRCULAR,GOOD_EXT,UNAMBIGUOUS_BP"
"437","NW_017738973.1",10230462,10316582,"rsi_circ_000633",8,"+",4,8,5,40,"my_test_rsi2",8,0,0,1,"GTAG",NA,"ANCHOR_UNIQUE,CANONICAL,CIRCULAR,PERFECT_EXT,UNAMBIGUOUS_BP"
"438","NW_017738932.1",2285678,2294905,"rsi_circ_000634",2,"+",2,2,35,40,"my_test_rsi2",2,0,0,1,"GTAG",NA,"ANCHOR_UNIQUE,CANONICAL,CIRCULAR,PERFECT_EXT,UNAMBIGUOUS_BP"
"439","NW_017738953.1",4747175,4751480,"rsi_circ_000635",10,"+",3,10,40,40,"my_test_rsi2",10,0,0,1,"GTAG",NA,"ANCHOR_UNIQUE,CANONICAL,CIRCULAR,PERFECT_EXT,UNAMBIGUOUS_BP"
"440","NW_017739263.1",407005,411424,"rsi_circ_000640",10,"+",7,10,40,40,"my_test_rsi2",10,0,0,1,"GTAG",NA,"ANCHOR_UNIQUE,CANONICAL,CIRCULAR,PERFECT_EXT,UNAMBIGUOUS_BP"
"441","NW_017738921.1",1228330,1245248,"rsi_circ_000641",2,"+",1,2,40,40,"my_test_rsi2",2,0,0,1,"GTAG",NA,"ANCHOR_UNIQUE,CANONICAL,CIRCULAR,PERFECT_EXT,UNAMBIGUOUS_BP"
"442","NW_017738940.1",6343493,6367112,"rsi_circ_000645",11,"+",9,11,40,40,"my_test_rsi2",11,0,0,1,"GTAG",NA,"ANCHOR_UNIQUE,CANONICAL,CIRCULAR,PERFECT_EXT,UNAMBIGUOUS_BP"
"443","NW_017739394.1",1094865,1105968,"rsi_circ_000648",5,"-",4,5,40,40,"my_test_rsi2",5,0,0,1,"GTAG",NA,"ANCHOR_UNIQUE,CANONICAL,CIRCULAR,PERFECT_EXT,UNAMBIGUOUS_BP"
"444","NW_017739032.1",714042,714360,"rsi_circ_000649",2,"+",1,2,40,5,"my_test_rsi2",2,0,0,1,"GTAG",NA,"ANCHOR_UNIQUE,CANONICAL,CIRCULAR,PERFECT_EXT,UNAMBIGUOUS_BP"
"445","NW_017739489.1",625153,625912,"rsi_circ_000651",2,"-",2,2,5,35,"my_test_rsi2",2,0,0,1,"GTAG",NA,"ANCHOR_UNIQUE,CANONICAL,CIRCULAR,PERFECT_EXT,UNAMBIGUOUS_BP"
"446","NW_017739195.1",2915494,2923386,"rsi_circ_000652",2,"-",1,2,40,40,"my_test_rsi2",2,0,0,1,"GTAG",NA,"ANCHOR_UNIQUE,CANONICAL,CIRCULAR,PERFECT_EXT,UNAMBIGUOUS_BP"
"447","NW_017739213.1",2161675,2171084,"rsi_circ_000653",5,"-",2,5,40,5,"my_test_rsi2",5,0,0,1,"GTAG",NA,"ANCHOR_UNIQUE,CANONICAL,CIRCULAR,PERFECT_EXT,UNAMBIGUOUS_BP"
"448","NW_017739550.1",321810,322710,"rsi_circ_000654",3,"+",3,2,40,40,"my_test_rsi2",3,0,0,1,"GTAG",NA,"ANCHOR_UNIQUE,CANONICAL,CIRCULAR,PERFECT_EXT,UNAMBIGUOUS_BP"
"449","NW_017739028.1",5822918,5835517,"rsi_circ_000656",3,"+",3,3,40,40,"my_test_rsi2",3,2,0,1,"GTAG",NA,"ANCHOR_UNIQUE,CANONICAL,CIRCULAR,OK_EXT,UNAMBIGUOUS_BP"
"450","NW_017739225.1",1096399,1102251,"rsi_circ_000657",9,"-",5,9,40,40,"my_test_rsi2",9,1,0,1,"GTAG",NA,"ANCHOR_UNIQUE,CANONICAL,CIRCULAR,GOOD_EXT,UNAMBIGUOUS_BP"
"451","NW_017739182.1",527785,528287,"rsi_circ_000658",4,"+",2,2,40,40,"my_test_rsi2",4,0,0,1,"GTAG",NA,"ANCHOR_UNIQUE,CANONICAL,CIRCULAR,PERFECT_EXT,UNAMBIGUOUS_BP"
"452","NW_017739728.1",417306,424115,"rsi_circ_000659",8,"+",3,6,40,40,"my_test_rsi2",8,0,0,1,"GTAG",NA,"ANCHOR_UNIQUE,CANONICAL,CIRCULAR,PERFECT_EXT,UNAMBIGUOUS_BP"
"453","NW_017739071.1",3227360,3229718,"rsi_circ_000662",7,"+",2,7,40,40,"my_test_rsi2",7,0,0,1,"GTAG",NA,"ANCHOR_UNIQUE,CANONICAL,CIRCULAR,PERFECT_EXT,UNAMBIGUOUS_BP"
"454","NW_017738956.1",4784803,4792912,"rsi_circ_000663",7,"+",3,7,40,40,"my_test_rsi2",7,0,0,1,"GTAG",NA,"ANCHOR_UNIQUE,CANONICAL,CIRCULAR,PERFECT_EXT,UNAMBIGUOUS_BP"
"455","NW_017738929.1",1353262,1356692,"rsi_circ_000665",4,"+",2,4,40,40,"my_test_rsi2",4,1,0,1,"GTAG",NA,"ANCHOR_UNIQUE,CANONICAL,CIRCULAR,GOOD_EXT,UNAMBIGUOUS_BP"
"456","NW_017738993.1",1502038,1588533,"rsi_circ_000666",4,"-",1,4,40,35,"my_test_rsi2",4,1,0,1,"GTAG",NA,"ANCHOR_UNIQUE,CANONICAL,CIRCULAR,GOOD_EXT,UNAMBIGUOUS_BP"
"457","NW_017739088.1",1713068,1732360,"rsi_circ_000667",2,"+",2,2,40,5,"my_test_rsi2",2,0,0,1,"GTAG",NA,"ANCHOR_UNIQUE,CANONICAL,CIRCULAR,PERFECT_EXT,UNAMBIGUOUS_BP"
"458","NW_017738923.1",2409675,2448025,"rsi_circ_000668",2,"+",2,2,5,40,"my_test_rsi2",2,0,0,1,"GTAG",NA,"ANCHOR_UNIQUE,CANONICAL,CIRCULAR,PERFECT_EXT,UNAMBIGUOUS_BP"
"459","NW_017738971.1",6465861,6499431,"rsi_circ_000669",3,"+",2,3,5,40,"my_test_rsi2",3,2,0,1,"GTAG",NA,"ANCHOR_UNIQUE,CANONICAL,CIRCULAR,OK_EXT,UNAMBIGUOUS_BP"
"460","NW_017739095.1",2085719,2087390,"rsi_circ_000671",2,"+",2,2,40,40,"my_test_rsi2",2,0,0,1,"GTAG",NA,"ANCHOR_UNIQUE,CANONICAL,CIRCULAR,PERFECT_EXT,UNAMBIGUOUS_BP"
"461","NW_017738953.1",1272638,1276719,"rsi_circ_000673",3,"-",1,3,5,40,"my_test_rsi2",3,0,0,1,"GTAG",NA,"ANCHOR_UNIQUE,CANONICAL,CIRCULAR,PERFECT_EXT,UNAMBIGUOUS_BP"
"462","NW_017738952.1",1845674,1846346,"rsi_circ_000674",7,"-",4,7,40,40,"my_test_rsi2",7,1,0,1,"GTAG",NA,"ANCHOR_UNIQUE,CANONICAL,CIRCULAR,GOOD_EXT,UNAMBIGUOUS_BP"
"463","NW_017738997.1",3462132,3470144,"rsi_circ_000678",4,"+",1,4,40,40,"my_test_rsi2",4,0,0,1,"GTAG",NA,"ANCHOR_UNIQUE,CANONICAL,CIRCULAR,PERFECT_EXT,UNAMBIGUOUS_BP"
"464","NW_017738944.1",2413912,2422713,"rsi_circ_000679",3,"-",1,3,40,40,"my_test_rsi2",3,0,0,1,"GTAG",NA,"ANCHOR_UNIQUE,CANONICAL,CIRCULAR,PERFECT_EXT,UNAMBIGUOUS_BP"
"465","NW_017739116.1",3262269,3309805,"rsi_circ_000680",3,"+",1,3,40,5,"my_test_rsi2",3,0,0,1,"GTAG",NA,"ANCHOR_UNIQUE,CANONICAL,CIRCULAR,PERFECT_EXT,UNAMBIGUOUS_BP"
"466","NW_017739233.1",1899940,1900582,"rsi_circ_000681",2,"-",1,2,40,5,"my_test_rsi2",2,2,0,1,"GTAG",NA,"ANCHOR_UNIQUE,CANONICAL,CIRCULAR,OK_EXT,UNAMBIGUOUS_BP"
"467","NW_017738964.1",3926782,3964193,"rsi_circ_000682",2,"-",1,2,40,40,"my_test_rsi2",2,1,0,1,"GTAG",NA,"ANCHOR_UNIQUE,CANONICAL,CIRCULAR,GOOD_EXT,UNAMBIGUOUS_BP"
"468","NW_017739111.1",185210,188120,"rsi_circ_000683",3,"+",1,3,40,5,"my_test_rsi2",3,0,0,1,"GTAG",NA,"ANCHOR_UNIQUE,CANONICAL,CIRCULAR,PERFECT_EXT,UNAMBIGUOUS_BP"
"469","NW_017739325.1",696809,705151,"rsi_circ_000684",27,"+",12,26,40,40,"my_test_rsi2",27,0,0,1,"GTAG",NA,"ANCHOR_UNIQUE,CANONICAL,CIRCULAR,PERFECT_EXT,UNAMBIGUOUS_BP"
"470","NW_017739056.1",3828060,3829154,"rsi_circ_000685",5,"+",1,5,5,5,"my_test_rsi2",5,2,0,1,"GTAG",NA,"ANCHOR_UNIQUE,CANONICAL,CIRCULAR,OK_EXT,UNAMBIGUOUS_BP"
"471","NW_017739294.1",256619,257450,"rsi_circ_000688",5,"-",4,3,40,40,"my_test_rsi2",5,0,0,1,"GTAG",NA,"ANCHOR_UNIQUE,CANONICAL,CIRCULAR,PERFECT_EXT,UNAMBIGUOUS_BP"
"472","NW_017739596.1",128988,132813,"rsi_circ_000689",3,"-",2,3,5,40,"my_test_rsi2",3,0,0,1,"GTAG",NA,"ANCHOR_UNIQUE,CANONICAL,CIRCULAR,PERFECT_EXT,UNAMBIGUOUS_BP"
"473","NW_017738951.1",7316105,7374506,"rsi_circ_000691",3,"+",1,3,40,5,"my_test_rsi2",3,2,0,1,"GTAG",NA,"ANCHOR_UNIQUE,CANONICAL,CIRCULAR,OK_EXT,UNAMBIGUOUS_BP"
"474","NW_017739778.1",179781,188005,"rsi_circ_000692",2,"+",2,2,40,40,"my_test_rsi2",2,0,0,1,"GTAG",NA,"ANCHOR_UNIQUE,CANONICAL,CIRCULAR,PERFECT_EXT,UNAMBIGUOUS_BP"
"475","NW_017738988.1",2187051,2196080,"rsi_circ_000693",3,"+",1,3,40,40,"my_test_rsi2",3,0,0,1,"GTAG",NA,"ANCHOR_UNIQUE,CANONICAL,CIRCULAR,PERFECT_EXT,UNAMBIGUOUS_BP"
"476","NW_017739229.1",432158,437563,"rsi_circ_000694",14,"-",6,14,40,40,"my_test_rsi2",14,1,0,1,"GTAG",NA,"ANCHOR_UNIQUE,CANONICAL,CIRCULAR,GOOD_EXT,UNAMBIGUOUS_BP"
"477","NW_017738981.1",2456359,2471358,"rsi_circ_000695",3,"+",1,3,5,40,"my_test_rsi2",3,0,0,1,"GTAG",NA,"ANCHOR_UNIQUE,CANONICAL,CIRCULAR,PERFECT_EXT,UNAMBIGUOUS_BP"
"478","NW_017739330.1",504578,506592,"rsi_circ_000696",2,"-",1,2,40,5,"my_test_rsi2",2,0,0,1,"GTAG",NA,"ANCHOR_UNIQUE,CANONICAL,CIRCULAR,PERFECT_EXT,UNAMBIGUOUS_BP"
"479","NW_017739293.1",1231667,1234132,"rsi_circ_000698",6,"-",2,6,5,5,"my_test_rsi2",6,0,0,1,"GTAG",NA,"ANCHOR_UNIQUE,CANONICAL,CIRCULAR,PERFECT_EXT,UNAMBIGUOUS_BP"
"480","NW_017738950.1",5822625,5846461,"rsi_circ_000700",131,"-",63,129,40,40,"my_test_rsi2",131,0,0,1,"GTAG",NA,"ANCHOR_UNIQUE,CANONICAL,CIRCULAR,PERFECT_EXT,UNAMBIGUOUS_BP"
"481","NW_017739067.1",424307,429900,"rsi_circ_000701",2,"+",1,2,40,40,"my_test_rsi2",2,0,0,1,"GTAG",NA,"ANCHOR_UNIQUE,CANONICAL,CIRCULAR,PERFECT_EXT,UNAMBIGUOUS_BP"
"482","NW_017739009.1",526208,527108,"rsi_circ_000702",6,"+",2,6,40,40,"my_test_rsi2",6,0,0,1,"GTAG",NA,"ANCHOR_UNIQUE,CANONICAL,CIRCULAR,PERFECT_EXT,UNAMBIGUOUS_BP"
"483","NW_017738990.1",1737923,1740268,"rsi_circ_000703",2,"-",1,2,35,5,"my_test_rsi2",2,1,0,1,"GTAG",NA,"ANCHOR_UNIQUE,CANONICAL,CIRCULAR,GOOD_EXT,UNAMBIGUOUS_BP"
"484","NW_017738945.1",312190,318317,"rsi_circ_000705",2,"+",1,2,40,5,"my_test_rsi2",2,0,0,1,"GTAG",NA,"ANCHOR_UNIQUE,CANONICAL,CIRCULAR,PERFECT_EXT,UNAMBIGUOUS_BP"
"485","NW_017738950.1",4801220,4814718,"rsi_circ_000707",4,"+",2,4,40,40,"my_test_rsi2",4,0,0,1,"GTAG",NA,"ANCHOR_UNIQUE,CANONICAL,CIRCULAR,PERFECT_EXT,UNAMBIGUOUS_BP"
"486","NW_017739112.1",545098,553190,"rsi_circ_000709",3,"-",1,3,5,40,"my_test_rsi2",3,0,0,1,"GTAG",NA,"ANCHOR_UNIQUE,CANONICAL,CIRCULAR,PERFECT_EXT,UNAMBIGUOUS_BP"
"487","NW_017739099.1",4204337,4223786,"rsi_circ_000710",3,"+",1,3,5,35,"my_test_rsi2",3,0,0,1,"GTAG",NA,"ANCHOR_UNIQUE,CANONICAL,CIRCULAR,PERFECT_EXT,UNAMBIGUOUS_BP"
"488","NW_017738937.1",5742879,5750477,"rsi_circ_000711",12,"+",7,12,40,40,"my_test_rsi2",12,0,0,1,"GTAG",NA,"ANCHOR_UNIQUE,CANONICAL,CIRCULAR,PERFECT_EXT,UNAMBIGUOUS_BP"
"489","NW_017738982.1",1183629,1185081,"rsi_circ_000713",7,"+",3,7,40,40,"my_test_rsi2",7,0,0,1,"GTAG",NA,"ANCHOR_UNIQUE,CANONICAL,CIRCULAR,PERFECT_EXT,UNAMBIGUOUS_BP"
"490","NW_017738956.1",1655489,1661613,"rsi_circ_000714",4,"-",4,1,40,40,"my_test_rsi2",4,0,0,1,"GTAG",NA,"ANCHOR_UNIQUE,CANONICAL,CIRCULAR,PERFECT_EXT,UNAMBIGUOUS_BP"
"491","NW_017738975.1",6476669,6483724,"rsi_circ_000715",3,"+",1,3,40,5,"my_test_rsi2",3,1,0,1,"GTAG",NA,"ANCHOR_UNIQUE,CANONICAL,CIRCULAR,GOOD_EXT,UNAMBIGUOUS_BP"
"492","NW_017739201.1",1078308,1092093,"rsi_circ_000716",9,"+",5,5,40,40,"my_test_rsi2",9,0,0,1,"GTAG",NA,"ANCHOR_UNIQUE,CANONICAL,CIRCULAR,PERFECT_EXT,UNAMBIGUOUS_BP"
"493","NW_017739024.1",37464,46713,"rsi_circ_000717",2,"-",1,2,5,40,"my_test_rsi2",2,0,0,1,"GTAG",NA,"ANCHOR_UNIQUE,CANONICAL,CIRCULAR,PERFECT_EXT,UNAMBIGUOUS_BP"
"494","NW_017738956.1",3353989,3376829,"rsi_circ_000718",5,"-",4,5,40,40,"my_test_rsi2",5,0,0,1,"GTAG",NA,"ANCHOR_UNIQUE,CANONICAL,CIRCULAR,PERFECT_EXT,UNAMBIGUOUS_BP"
"495","NW_017738965.1",2861079,2871691,"rsi_circ_000719",2,"-",1,2,40,40,"my_test_rsi2",2,1,0,1,"GTAG",NA,"ANCHOR_UNIQUE,CANONICAL,CIRCULAR,GOOD_EXT,UNAMBIGUOUS_BP"
"496","NW_017739244.1",1558561,1563252,"rsi_circ_000721",4,"+",2,4,40,40,"my_test_rsi2",4,0,0,1,"GTAG",NA,"ANCHOR_UNIQUE,CANONICAL,CIRCULAR,PERFECT_EXT,UNAMBIGUOUS_BP"
"497","NW_017739042.1",4030533,4030766,"rsi_circ_000722",8,"+",4,8,40,35,"my_test_rsi2",8,1,0,1,"GTAG",NA,"ANCHOR_UNIQUE,CANONICAL,CIRCULAR,GOOD_EXT,UNAMBIGUOUS_BP"
"498","NW_017738992.1",3869968,3911009,"rsi_circ_000725",3,"+",1,3,5,40,"my_test_rsi2",3,0,0,1,"GTAG",NA,"ANCHOR_UNIQUE,CANONICAL,CIRCULAR,PERFECT_EXT,UNAMBIGUOUS_BP"
"499","NW_017739511.1",884951,885309,"rsi_circ_000727",3,"+",1,3,40,5,"my_test_rsi2",3,1,0,1,"GTAG",NA,"ANCHOR_UNIQUE,CANONICAL,CIRCULAR,GOOD_EXT,UNAMBIGUOUS_BP"
"500","NW_017738957.1",6354576,6354914,"rsi_circ_000729",2,"-",1,2,40,35,"my_test_rsi2",2,1,0,1,"GTAG",NA,"ANCHOR_UNIQUE,CANONICAL,CIRCULAR,GOOD_EXT,UNAMBIGUOUS_BP"
"501","NW_017739290.1",2778950,2779812,"rsi_circ_000730",3,"-",3,3,40,40,"my_test_rsi2",3,0,0,1,"GTAG",NA,"ANCHOR_UNIQUE,CANONICAL,CIRCULAR,PERFECT_EXT,UNAMBIGUOUS_BP"
"502","NW_017739130.1",152202,176481,"rsi_circ_000731",46,"-",23,45,40,40,"my_test_rsi2",46,0,0,1,"GTAG",NA,"ANCHOR_UNIQUE,CANONICAL,CIRCULAR,PERFECT_EXT,UNAMBIGUOUS_BP"
"503","NW_017738920.1",5867507,5867838,"rsi_circ_000733",2,"+",1,2,40,5,"my_test_rsi2",2,2,0,1,"GTAG",NA,"ANCHOR_UNIQUE,CANONICAL,CIRCULAR,OK_EXT,UNAMBIGUOUS_BP"
"504","NW_017739015.1",4128550,4131202,"rsi_circ_000735",34,"+",24,33,40,40,"my_test_rsi2",34,0,0,1,"GTAG",NA,"ANCHOR_UNIQUE,CANONICAL,CIRCULAR,PERFECT_EXT,UNAMBIGUOUS_BP"
"505","NW_017738957.1",6036399,6062974,"rsi_circ_000736",2,"-",1,2,40,35,"my_test_rsi2",2,0,0,1,"GTAG",NA,"ANCHOR_UNIQUE,CANONICAL,CIRCULAR,PERFECT_EXT,UNAMBIGUOUS_BP"
"506","NW_017738968.1",1709163,1717994,"rsi_circ_000737",4,"+",1,4,5,40,"my_test_rsi2",4,0,0,1,"GTAG",NA,"ANCHOR_UNIQUE,CANONICAL,CIRCULAR,PERFECT_EXT,UNAMBIGUOUS_BP"
"507","NW_017738948.1",7957902,7961995,"rsi_circ_000738",4,"+",1,4,5,5,"my_test_rsi2",4,0,0,1,"GTAG",NA,"ANCHOR_UNIQUE,CANONICAL,CIRCULAR,PERFECT_EXT,UNAMBIGUOUS_BP"
"508","NW_017739326.1",568626,573271,"rsi_circ_000739",2,"-",1,2,5,40,"my_test_rsi2",2,1,0,1,"GTAG",NA,"ANCHOR_UNIQUE,CANONICAL,CIRCULAR,GOOD_EXT,UNAMBIGUOUS_BP"
"509","NW_017739136.1",172817,206706,"rsi_circ_000740",2,"-",2,2,40,40,"my_test_rsi2",2,0,0,1,"GTAG",NA,"ANCHOR_UNIQUE,CANONICAL,CIRCULAR,PERFECT_EXT,UNAMBIGUOUS_BP"
"510","NW_017739337.1",1583134,1595585,"rsi_circ_000742",6,"-",4,5,40,40,"my_test_rsi2",6,0,0,1,"GTAG",NA,"ANCHOR_UNIQUE,CANONICAL,CIRCULAR,PERFECT_EXT,UNAMBIGUOUS_BP"
"511","NW_017738964.1",3926782,3950862,"rsi_circ_000744",6,"-",4,6,40,40,"my_test_rsi2",6,1,0,1,"GTAG",NA,"ANCHOR_UNIQUE,CANONICAL,CIRCULAR,GOOD_EXT,UNAMBIGUOUS_BP"
"512","NW_017739007.1",3039352,3048608,"rsi_circ_000745",3,"+",1,3,40,4,"my_test_rsi2",3,0,0,1,"GTAG",NA,"ANCHOR_UNIQUE,CANONICAL,CIRCULAR,PERFECT_EXT,UNAMBIGUOUS_BP"
"513","NW_017739192.1",3432724,3432918,"rsi_circ_000747",2,"+",2,2,40,5,"my_test_rsi2",2,0,0,1,"GTAG",NA,"ANCHOR_UNIQUE,CANONICAL,CIRCULAR,PERFECT_EXT,UNAMBIGUOUS_BP"
"514","NW_017739341.1",477644,482098,"rsi_circ_000749",2,"+",2,2,40,40,"my_test_rsi2",2,0,0,1,"GTAG",NA,"ANCHOR_UNIQUE,CANONICAL,CIRCULAR,PERFECT_EXT,UNAMBIGUOUS_BP"
"515","NW_017738953.1",2808041,2820537,"rsi_circ_000750",4,"-",3,3,40,40,"my_test_rsi2",4,0,0,1,"GTAG",NA,"ANCHOR_UNIQUE,CANONICAL,CIRCULAR,PERFECT_EXT,UNAMBIGUOUS_BP"
"516","NW_017739103.1",1910835,1915575,"rsi_circ_000753",5,"-",4,5,40,40,"my_test_rsi2",5,0,0,1,"GTAG",NA,"ANCHOR_UNIQUE,CANONICAL,CIRCULAR,PERFECT_EXT,UNAMBIGUOUS_BP"
"517","NW_017739245.1",747176,753646,"rsi_circ_000755",19,"-",9,19,40,40,"my_test_rsi2",19,0,0,1,"GTAG",NA,"ANCHOR_UNIQUE,CANONICAL,CIRCULAR,PERFECT_EXT,UNAMBIGUOUS_BP"
"518","NW_017739088.1",563865,592708,"rsi_circ_000756",5,"-",3,5,40,40,"my_test_rsi2",5,0,0,1,"GTAG",NA,"ANCHOR_UNIQUE,CANONICAL,CIRCULAR,PERFECT_EXT,UNAMBIGUOUS_BP"
"519","NW_017739064.1",367491,369073,"rsi_circ_000761",7,"-",4,7,40,40,"my_test_rsi2",7,0,0,1,"GTAG",NA,"ANCHOR_UNIQUE,CANONICAL,CIRCULAR,PERFECT_EXT,UNAMBIGUOUS_BP"
"520","NW_017739099.1",1016973,1066589,"rsi_circ_000762",2,"-",1,2,40,35,"my_test_rsi2",2,1,0,1,"GTAG",NA,"ANCHOR_UNIQUE,CANONICAL,CIRCULAR,GOOD_EXT,UNAMBIGUOUS_BP"
"521","NW_017739128.1",929370,929542,"rsi_circ_000763",3,"-",1,3,5,40,"my_test_rsi2",3,2,1,1,"GTAG",NA,"ANCHOR_UNIQUE,CANONICAL,CIRCULAR,OK_EXT,UNAMBIGUOUS_BP"
"522","NW_017739039.1",2158675,2164336,"rsi_circ_000764",2,"+",2,2,40,40,"my_test_rsi2",2,0,0,1,"GTAG",NA,"ANCHOR_UNIQUE,CANONICAL,CIRCULAR,PERFECT_EXT,UNAMBIGUOUS_BP"
"523","NW_017739089.1",6877228,6885236,"rsi_circ_000766",2,"-",2,2,40,40,"my_test_rsi2",2,0,0,1,"GTAG",NA,"ANCHOR_UNIQUE,CANONICAL,CIRCULAR,PERFECT_EXT,UNAMBIGUOUS_BP"
"524","NW_017739337.1",1688493,1690910,"rsi_circ_000767",3,"+",2,3,40,40,"my_test_rsi2",3,0,0,1,"GTAG",NA,"ANCHOR_UNIQUE,CANONICAL,CIRCULAR,PERFECT_EXT,UNAMBIGUOUS_BP"
"525","NW_017739014.1",1322866,1324975,"rsi_circ_000768",2,"+",2,2,40,5,"my_test_rsi2",2,0,0,1,"GTAG",NA,"ANCHOR_UNIQUE,CANONICAL,CIRCULAR,PERFECT_EXT,UNAMBIGUOUS_BP"
"526","NW_017739466.1",761510,769367,"rsi_circ_000769",10,"-",4,9,40,40,"my_test_rsi2",10,0,0,1,"GTAG",NA,"ANCHOR_UNIQUE,CANONICAL,CIRCULAR,PERFECT_EXT,UNAMBIGUOUS_BP"
"527","NW_017739014.1",2616685,2658028,"rsi_circ_000770",2,"-",1,2,5,40,"my_test_rsi2",2,1,0,1,"GTAG",NA,"ANCHOR_UNIQUE,CANONICAL,CIRCULAR,GOOD_EXT,UNAMBIGUOUS_BP"
"528","NW_017738975.1",6600246,6609140,"rsi_circ_000771",2,"-",1,2,5,5,"my_test_rsi2",2,0,0,1,"GTAG",NA,"ANCHOR_UNIQUE,CANONICAL,CIRCULAR,PERFECT_EXT,UNAMBIGUOUS_BP"
"529","NW_017739025.1",222723,225919,"rsi_circ_000772",5,"+",1,5,35,40,"my_test_rsi2",5,0,0,1,"GTAG",NA,"ANCHOR_UNIQUE,CANONICAL,CIRCULAR,PERFECT_EXT,UNAMBIGUOUS_BP"
"530","NW_017739333.1",551398,557673,"rsi_circ_000774",2,"+",1,2,40,40,"my_test_rsi2",2,0,1,1,"GTAG",NA,"ANCHOR_UNIQUE,CANONICAL,CIRCULAR,GOOD_EXT,UNAMBIGUOUS_BP"
"531","NW_017739275.1",610153,610490,"rsi_circ_000775",2,"+",1,2,35,40,"my_test_rsi2",2,1,0,1,"GTAG",NA,"ANCHOR_UNIQUE,CANONICAL,CIRCULAR,GOOD_EXT,UNAMBIGUOUS_BP"
"532","NW_017739160.1",410725,413761,"rsi_circ_000779",2,"-",2,2,40,35,"my_test_rsi2",2,1,0,1,"GTAG",NA,"ANCHOR_UNIQUE,CANONICAL,CIRCULAR,GOOD_EXT,UNAMBIGUOUS_BP"
"533","NW_017739081.1",1568882,1574130,"rsi_circ_000780",4,"+",3,4,40,40,"my_test_rsi2",4,1,0,1,"GTAG",NA,"ANCHOR_UNIQUE,CANONICAL,CIRCULAR,GOOD_EXT,UNAMBIGUOUS_BP"
"534","NW_017738992.1",1502996,1508058,"rsi_circ_000781",4,"+",4,4,40,40,"my_test_rsi2",4,0,0,1,"GTAG",NA,"ANCHOR_UNIQUE,CANONICAL,CIRCULAR,PERFECT_EXT,UNAMBIGUOUS_BP"
"535","NW_017739095.1",1980319,2001678,"rsi_circ_000782",2,"+",2,2,40,40,"my_test_rsi2",2,0,0,1,"GTAG",NA,"ANCHOR_UNIQUE,CANONICAL,CIRCULAR,PERFECT_EXT,UNAMBIGUOUS_BP"
"536","NW_017739473.1",1145604,1190124,"rsi_circ_000783",2,"-",1,2,40,5,"my_test_rsi2",2,0,0,1,"GTAG",NA,"ANCHOR_UNIQUE,CANONICAL,CIRCULAR,PERFECT_EXT,UNAMBIGUOUS_BP"
"537","NW_017739112.1",534708,564916,"rsi_circ_000787",10,"-",4,10,40,5,"my_test_rsi2",10,0,0,1,"GTAG",NA,"ANCHOR_UNIQUE,CANONICAL,CIRCULAR,PERFECT_EXT,UNAMBIGUOUS_BP"
"538","NW_017739062.1",750003,768083,"rsi_circ_000788",2,"+",1,2,40,5,"my_test_rsi2",2,0,0,1,"GTAG",NA,"ANCHOR_UNIQUE,CANONICAL,CIRCULAR,PERFECT_EXT,UNAMBIGUOUS_BP"
"539","NW_017738969.1",2665236,2681908,"rsi_circ_000789",30,"-",17,24,40,40,"my_test_rsi2",30,0,0,1,"GTAG",NA,"ANCHOR_UNIQUE,CANONICAL,CIRCULAR,PERFECT_EXT,UNAMBIGUOUS_BP"
"540","NW_017739048.1",87975,104715,"rsi_circ_000791",20,"+",10,20,40,40,"my_test_rsi2",20,0,0,1,"GTAG",NA,"ANCHOR_UNIQUE,CANONICAL,CIRCULAR,PERFECT_EXT,UNAMBIGUOUS_BP"
"541","NW_017739080.1",1879878,1889603,"rsi_circ_000792",19,"-",8,19,40,40,"my_test_rsi2",19,0,0,1,"GTAG",NA,"ANCHOR_UNIQUE,CANONICAL,CIRCULAR,PERFECT_EXT,UNAMBIGUOUS_BP"
"542","NW_017738967.1",112971,114120,"rsi_circ_000793",2,"-",2,2,40,5,"my_test_rsi2",2,0,0,1,"GTAG",NA,"ANCHOR_UNIQUE,CANONICAL,CIRCULAR,PERFECT_EXT,UNAMBIGUOUS_BP"
"543","NW_017739097.1",2515650,2536542,"rsi_circ_000794",2,"+",1,2,40,40,"my_test_rsi2",2,0,0,1,"GTAG",NA,"ANCHOR_UNIQUE,CANONICAL,CIRCULAR,PERFECT_EXT,UNAMBIGUOUS_BP"
"544","NW_017738962.1",385219,387034,"rsi_circ_000796",4,"+",4,3,40,40,"my_test_rsi2",4,0,0,1,"GTAG",NA,"ANCHOR_UNIQUE,CANONICAL,CIRCULAR,PERFECT_EXT,UNAMBIGUOUS_BP"
"545","NW_017739265.1",368201,421300,"rsi_circ_000797",2,"-",1,2,40,5,"my_test_rsi2",2,1,0,1,"GTAG",NA,"ANCHOR_UNIQUE,CANONICAL,CIRCULAR,GOOD_EXT,UNAMBIGUOUS_BP"
"546","NW_017739083.1",2689746,2693993,"rsi_circ_000798",2,"-",2,2,40,40,"my_test_rsi2",2,0,0,1,"GTAG",NA,"ANCHOR_UNIQUE,CANONICAL,CIRCULAR,PERFECT_EXT,UNAMBIGUOUS_BP"
"547","NW_017738994.1",5068,5298,"rsi_circ_000799",2,"-",2,2,5,40,"my_test_rsi2",2,0,0,1,"GTAG",NA,"ANCHOR_UNIQUE,CANONICAL,CIRCULAR,PERFECT_EXT,UNAMBIGUOUS_BP"
"548","NW_017739023.1",2554006,2600977,"rsi_circ_000801",2,"+",1,2,40,5,"my_test_rsi2",2,1,0,1,"GTAG",NA,"ANCHOR_UNIQUE,CANONICAL,CIRCULAR,GOOD_EXT,UNAMBIGUOUS_BP"
"549","NW_017739409.1",433819,440793,"rsi_circ_000803",4,"+",4,4,5,40,"my_test_rsi2",4,1,0,1,"GTAG",NA,"ANCHOR_UNIQUE,CANONICAL,CIRCULAR,GOOD_EXT,UNAMBIGUOUS_BP"
"550","NW_017738998.1",15245,24377,"rsi_circ_000804",13,"-",4,13,40,40,"my_test_rsi2",13,0,0,1,"GTAG",NA,"ANCHOR_UNIQUE,CANONICAL,CIRCULAR,PERFECT_EXT,UNAMBIGUOUS_BP"
"551","NW_017739239.1",999530,999749,"rsi_circ_000805",2,"+",2,2,40,40,"my_test_rsi2",2,0,0,1,"GTAG",NA,"ANCHOR_UNIQUE,CANONICAL,CIRCULAR,PERFECT_EXT,UNAMBIGUOUS_BP"
"552","NW_017739001.1",1961144,1963466,"rsi_circ_000807",2,"-",2,2,40,40,"my_test_rsi2",2,0,0,1,"GTAG",NA,"ANCHOR_UNIQUE,CANONICAL,CIRCULAR,PERFECT_EXT,UNAMBIGUOUS_BP"
"553","NW_017739240.1",972645,974566,"rsi_circ_000808",4,"-",2,4,40,40,"my_test_rsi2",4,0,0,1,"GTAG",NA,"ANCHOR_UNIQUE,CANONICAL,CIRCULAR,PERFECT_EXT,UNAMBIGUOUS_BP"
"554","NW_017739452.1",504151,517326,"rsi_circ_000809",8,"+",4,7,40,40,"my_test_rsi2",8,0,0,1,"GTAG",NA,"ANCHOR_UNIQUE,CANONICAL,CIRCULAR,PERFECT_EXT,UNAMBIGUOUS_BP"
"555","NW_017739108.1",2397622,2400301,"rsi_circ_000811",2,"-",1,2,5,40,"my_test_rsi2",2,1,0,1,"GTAG",NA,"ANCHOR_UNIQUE,CANONICAL,CIRCULAR,GOOD_EXT,UNAMBIGUOUS_BP"
"556","NW_017739044.1",1848899,1861413,"rsi_circ_000812",10,"-",5,10,40,40,"my_test_rsi2",10,0,0,1,"GTAG",NA,"ANCHOR_UNIQUE,CANONICAL,CIRCULAR,PERFECT_EXT,UNAMBIGUOUS_BP"
"557","NW_017738931.1",9530207,9555359,"rsi_circ_000813",5,"+",2,4,5,40,"my_test_rsi2",5,0,0,1,"GTAG",NA,"ANCHOR_UNIQUE,CANONICAL,CIRCULAR,PERFECT_EXT,UNAMBIGUOUS_BP"
"558","NW_017738929.1",2335288,2335902,"rsi_circ_000814",8,"+",2,8,40,40,"my_test_rsi2",8,1,0,1,"GTAG",NA,"ANCHOR_UNIQUE,CANONICAL,CIRCULAR,GOOD_EXT,UNAMBIGUOUS_BP"
"559","NW_017739131.1",1026196,1036078,"rsi_circ_000817",6,"+",4,6,40,40,"my_test_rsi2",6,0,0,1,"GTAG",NA,"ANCHOR_UNIQUE,CANONICAL,CIRCULAR,PERFECT_EXT,UNAMBIGUOUS_BP"
"560","NW_017739012.1",455454,457161,"rsi_circ_000818",77,"-",42,60,40,40,"my_test_rsi2",77,0,0,1,"GTAG",NA,"ANCHOR_UNIQUE,CANONICAL,CIRCULAR,PERFECT_EXT,UNAMBIGUOUS_BP"
"561","NW_017739549.1",212639,229730,"rsi_circ_000819",3,"+",1,3,40,40,"my_test_rsi2",3,0,0,1,"GTAG",NA,"ANCHOR_UNIQUE,CANONICAL,CIRCULAR,PERFECT_EXT,UNAMBIGUOUS_BP"
"562","NW_017739886.1",241606,253494,"rsi_circ_000820",4,"-",1,4,40,40,"my_test_rsi2",4,0,0,1,"GTAG",NA,"ANCHOR_UNIQUE,CANONICAL,CIRCULAR,PERFECT_EXT,UNAMBIGUOUS_BP"
"563","NW_017738940.1",2760040,2792330,"rsi_circ_000822",4,"+",1,4,40,40,"my_test_rsi2",4,0,0,1,"GTAG",NA,"ANCHOR_UNIQUE,CANONICAL,CIRCULAR,PERFECT_EXT,UNAMBIGUOUS_BP"
"564","NW_017739595.1",389298,394052,"rsi_circ_000824",3,"+",2,3,5,40,"my_test_rsi2",3,0,0,1,"GTAG",NA,"ANCHOR_UNIQUE,CANONICAL,CIRCULAR,PERFECT_EXT,UNAMBIGUOUS_BP"
"565","NW_017739710.1",1255426,1264135,"rsi_circ_000825",3,"+",1,3,40,40,"my_test_rsi2",3,0,0,1,"GTAG",NA,"ANCHOR_UNIQUE,CANONICAL,CIRCULAR,PERFECT_EXT,UNAMBIGUOUS_BP"
"566","NW_017739056.1",1608490,1610856,"rsi_circ_000826",10,"-",6,10,40,40,"my_test_rsi2",10,0,0,1,"GTAG",NA,"ANCHOR_UNIQUE,CANONICAL,CIRCULAR,PERFECT_EXT,UNAMBIGUOUS_BP"
"567","NW_017739643.1",488543,495932,"rsi_circ_000830",2,"+",1,2,5,35,"my_test_rsi2",2,1,0,1,"GTAG",NA,"ANCHOR_UNIQUE,CANONICAL,CIRCULAR,GOOD_EXT,UNAMBIGUOUS_BP"
"568","NW_017739071.1",3185880,3191878,"rsi_circ_000832",51,"+",30,50,40,40,"my_test_rsi2",51,0,0,1,"GTAG",NA,"ANCHOR_UNIQUE,CANONICAL,CIRCULAR,PERFECT_EXT,UNAMBIGUOUS_BP"
"569","NW_017739076.1",3831058,3831308,"rsi_circ_000835",3,"+",3,3,40,40,"my_test_rsi2",3,1,0,1,"GTAG",NA,"ANCHOR_UNIQUE,CANONICAL,CIRCULAR,GOOD_EXT,UNAMBIGUOUS_BP"
"570","NW_017738967.1",616270,616766,"rsi_circ_000837",2,"+",1,2,5,40,"my_test_rsi2",2,0,0,1,"GTAG",NA,"ANCHOR_UNIQUE,CANONICAL,CIRCULAR,PERFECT_EXT,UNAMBIGUOUS_BP"
"571","NW_017739359.1",269895,270400,"rsi_circ_000839",2,"+",2,1,3,3,"my_test_rsi2",2,1,0,1,"GTAG",NA,"ANCHOR_UNIQUE,CANONICAL,CIRCULAR,GOOD_EXT,UNAMBIGUOUS_BP"
"572","NW_017739473.1",1167797,1205105,"rsi_circ_000841",9,"-",7,9,40,40,"my_test_rsi2",9,1,0,1,"GTAG",NA,"ANCHOR_UNIQUE,CANONICAL,CIRCULAR,GOOD_EXT,UNAMBIGUOUS_BP"
"573","NW_017739577.1",160777,161506,"rsi_circ_000842",2,"+",1,2,40,40,"my_test_rsi2",2,0,0,1,"GTAG",NA,"ANCHOR_UNIQUE,CANONICAL,CIRCULAR,PERFECT_EXT,UNAMBIGUOUS_BP"
"574","NW_017739112.1",1413523,1414527,"rsi_circ_000844",3,"+",2,2,40,40,"my_test_rsi2",3,1,0,1,"GTAG",NA,"ANCHOR_UNIQUE,CANONICAL,CIRCULAR,GOOD_EXT,UNAMBIGUOUS_BP"
"575","NW_017739845.1",193131,198223,"rsi_circ_000845",3,"-",1,3,40,40,"my_test_rsi2",3,0,0,1,"GTAG",NA,"ANCHOR_UNIQUE,CANONICAL,CIRCULAR,PERFECT_EXT,UNAMBIGUOUS_BP"
"576","NW_017738954.1",5677118,5680279,"rsi_circ_000846",5,"-",2,5,40,40,"my_test_rsi2",5,0,0,1,"GTAG",NA,"ANCHOR_UNIQUE,CANONICAL,CIRCULAR,PERFECT_EXT,UNAMBIGUOUS_BP"
"577","NW_017739367.1",322446,335029,"rsi_circ_000850",5,"-",3,3,40,40,"my_test_rsi2",5,0,0,1,"GTAG",NA,"ANCHOR_UNIQUE,CANONICAL,CIRCULAR,PERFECT_EXT,UNAMBIGUOUS_BP"
"578","NW_017739309.1",191828,201164,"rsi_circ_000851",2,"+",1,2,5,5,"my_test_rsi2",2,0,0,1,"GTAG",NA,"ANCHOR_UNIQUE,CANONICAL,CIRCULAR,PERFECT_EXT,UNAMBIGUOUS_BP"
"579","NW_017739390.1",1585783,1586395,"rsi_circ_000853",20,"-",11,18,40,40,"my_test_rsi2",20,0,0,1,"GTAG",NA,"ANCHOR_UNIQUE,CANONICAL,CIRCULAR,PERFECT_EXT,UNAMBIGUOUS_BP"
"580","NW_017738954.1",2185532,2192398,"rsi_circ_000855",6,"+",4,6,40,40,"my_test_rsi2",6,0,0,1,"GTAG",NA,"ANCHOR_UNIQUE,CANONICAL,CIRCULAR,PERFECT_EXT,UNAMBIGUOUS_BP"
"581","NW_017738957.1",3990343,3996459,"rsi_circ_000857",3,"-",1,3,35,40,"my_test_rsi2",3,1,0,1,"GTAG",NA,"ANCHOR_UNIQUE,CANONICAL,CIRCULAR,GOOD_EXT,UNAMBIGUOUS_BP"
"582","NW_017739249.1",972784,988737,"rsi_circ_000858",3,"-",2,3,40,5,"my_test_rsi2",3,0,0,1,"GTAG",NA,"ANCHOR_UNIQUE,CANONICAL,CIRCULAR,PERFECT_EXT,UNAMBIGUOUS_BP"
"583","NW_017739595.1",391978,404561,"rsi_circ_000860",3,"+",2,3,40,40,"my_test_rsi2",3,1,0,1,"GTAG",NA,"ANCHOR_UNIQUE,CANONICAL,CIRCULAR,GOOD_EXT,UNAMBIGUOUS_BP"
"584","NW_017739369.1",506830,507939,"rsi_circ_000861",15,"-",9,15,40,40,"my_test_rsi2",15,0,0,1,"GTAG",NA,"ANCHOR_UNIQUE,CANONICAL,CIRCULAR,PERFECT_EXT,UNAMBIGUOUS_BP"
"585","NW_017739016.1",8073979,8094215,"rsi_circ_000862",5,"+",3,4,40,40,"my_test_rsi2",5,0,0,1,"GTAG",NA,"ANCHOR_UNIQUE,CANONICAL,CIRCULAR,PERFECT_EXT,UNAMBIGUOUS_BP"
"586","NW_017739246.1",45836,48654,"rsi_circ_000863",4,"-",2,4,40,5,"my_test_rsi2",4,0,0,1,"GTAG",NA,"ANCHOR_UNIQUE,CANONICAL,CIRCULAR,PERFECT_EXT,UNAMBIGUOUS_BP"
"587","NW_017738985.1",7358950,7359124,"rsi_circ_000864",3,"-",2,2,40,40,"my_test_rsi2",3,1,0,1,"GTAG",NA,"ANCHOR_UNIQUE,CANONICAL,CIRCULAR,GOOD_EXT,UNAMBIGUOUS_BP"
"588","NW_017739063.1",3059446,3059662,"rsi_circ_000865",8,"+",3,8,35,40,"my_test_rsi2",8,0,0,1,"GTAG",NA,"ANCHOR_UNIQUE,CANONICAL,CIRCULAR,PERFECT_EXT,UNAMBIGUOUS_BP"
"589","NW_017739076.1",4265112,4276070,"rsi_circ_000867",3,"+",1,3,5,40,"my_test_rsi2",3,0,0,1,"GTAG",NA,"ANCHOR_UNIQUE,CANONICAL,CIRCULAR,PERFECT_EXT,UNAMBIGUOUS_BP"
"590","NW_017739634.1",1114669,1128704,"rsi_circ_000868",6,"-",2,6,40,40,"my_test_rsi2",6,0,0,1,"GTAG",NA,"ANCHOR_UNIQUE,CANONICAL,CIRCULAR,PERFECT_EXT,UNAMBIGUOUS_BP"
"591","NW_017738929.1",1807421,1812804,"rsi_circ_000870",10,"-",4,10,40,40,"my_test_rsi2",10,0,0,1,"GTAG",NA,"ANCHOR_UNIQUE,CANONICAL,CIRCULAR,PERFECT_EXT,UNAMBIGUOUS_BP"
"592","NW_017738927.1",1671013,1732109,"rsi_circ_000871",30,"+",14,30,40,40,"my_test_rsi2",30,0,0,1,"GTAG",NA,"ANCHOR_UNIQUE,CANONICAL,CIRCULAR,PERFECT_EXT,UNAMBIGUOUS_BP"
"593","NW_017739298.1",1401904,1437283,"rsi_circ_000872",10,"+",3,10,40,40,"my_test_rsi2",10,0,0,1,"GTAG",NA,"ANCHOR_UNIQUE,CANONICAL,CIRCULAR,PERFECT_EXT,UNAMBIGUOUS_BP"
"594","NW_017739349.1",59428,78617,"rsi_circ_000873",2,"-",2,2,5,35,"my_test_rsi2",2,0,0,1,"GTAG",NA,"ANCHOR_UNIQUE,CANONICAL,CIRCULAR,PERFECT_EXT,UNAMBIGUOUS_BP"
"595","NW_017739016.1",10316799,10326108,"rsi_circ_000875",3,"+",2,3,40,35,"my_test_rsi2",3,0,0,1,"GTAG",NA,"ANCHOR_UNIQUE,CANONICAL,CIRCULAR,PERFECT_EXT,UNAMBIGUOUS_BP"
"596","NW_017739006.1",1640955,1647613,"rsi_circ_000876",2,"-",1,2,40,40,"my_test_rsi2",2,0,0,1,"GTAG",NA,"ANCHOR_UNIQUE,CANONICAL,CIRCULAR,PERFECT_EXT,UNAMBIGUOUS_BP"
"597","NW_017739019.1",6148619,6149208,"rsi_circ_000877",4,"-",3,2,40,5,"my_test_rsi2",4,1,0,1,"GTAG",NA,"ANCHOR_UNIQUE,CANONICAL,CIRCULAR,GOOD_EXT,UNAMBIGUOUS_BP"
"598","NW_017738959.1",1002914,1006052,"rsi_circ_000879",3,"+",1,3,5,5,"my_test_rsi2",3,1,0,1,"GTAG",NA,"ANCHOR_UNIQUE,CANONICAL,CIRCULAR,GOOD_EXT,UNAMBIGUOUS_BP"
"599","NW_017739577.1",456523,456999,"rsi_circ_000882",2,"-",2,2,40,5,"my_test_rsi2",2,0,0,1,"GTAG",NA,"ANCHOR_UNIQUE,CANONICAL,CIRCULAR,PERFECT_EXT,UNAMBIGUOUS_BP"
"600","NW_017739355.1",3101149,3128545,"rsi_circ_000884",10,"-",7,10,40,40,"my_test_rsi2",10,0,0,1,"GTAG",NA,"ANCHOR_UNIQUE,CANONICAL,CIRCULAR,PERFECT_EXT,UNAMBIGUOUS_BP"
"601","NW_017739735.1",76645,78142,"rsi_circ_000885",12,"-",6,12,40,40,"my_test_rsi2",12,0,0,1,"GTAG",NA,"ANCHOR_UNIQUE,CANONICAL,CIRCULAR,PERFECT_EXT,UNAMBIGUOUS_BP"
"602","NW_017739550.1",321810,335559,"rsi_circ_000886",7,"+",5,7,40,40,"my_test_rsi2",7,0,0,1,"GTAG",NA,"ANCHOR_UNIQUE,CANONICAL,CIRCULAR,PERFECT_EXT,UNAMBIGUOUS_BP"
"603","NW_017739455.1",565725,586076,"rsi_circ_000887",2,"+",2,2,40,40,"my_test_rsi2",2,0,0,1,"GTAG",NA,"ANCHOR_UNIQUE,CANONICAL,CIRCULAR,PERFECT_EXT,UNAMBIGUOUS_BP"
"604","NW_017739046.1",6163881,6172599,"rsi_circ_000888",15,"-",11,15,40,40,"my_test_rsi2",15,0,0,1,"GTAG",NA,"ANCHOR_UNIQUE,CANONICAL,CIRCULAR,PERFECT_EXT,UNAMBIGUOUS_BP"
"605","NW_017738946.1",5194202,5230626,"rsi_circ_000889",88,"+",25,88,40,40,"my_test_rsi2",88,0,0,1,"GTAG",NA,"ANCHOR_UNIQUE,CANONICAL,CIRCULAR,PERFECT_EXT,UNAMBIGUOUS_BP"
"606","NW_017739486.1",325061,333999,"rsi_circ_000890",3,"+",1,3,40,5,"my_test_rsi2",3,0,0,1,"GTAG",NA,"ANCHOR_UNIQUE,CANONICAL,CIRCULAR,PERFECT_EXT,UNAMBIGUOUS_BP"
"607","NW_017739455.1",336825,342360,"rsi_circ_000891",5,"-",1,5,5,40,"my_test_rsi2",5,0,0,1,"GTAG",NA,"ANCHOR_UNIQUE,CANONICAL,CIRCULAR,PERFECT_EXT,UNAMBIGUOUS_BP"
"608","NW_017738985.1",4432676,4433002,"rsi_circ_000892",4,"-",1,4,5,5,"my_test_rsi2",4,1,0,1,"GTAG",NA,"ANCHOR_UNIQUE,CANONICAL,CIRCULAR,GOOD_EXT,UNAMBIGUOUS_BP"
"609","NW_017739158.1",2107347,2113610,"rsi_circ_000893",8,"-",3,8,40,40,"my_test_rsi2",8,0,0,1,"GTAG",NA,"ANCHOR_UNIQUE,CANONICAL,CIRCULAR,PERFECT_EXT,UNAMBIGUOUS_BP"
"610","NW_017738954.1",5431667,5440157,"rsi_circ_000894",2,"-",1,2,40,35,"my_test_rsi2",2,0,0,1,"GTAG",NA,"ANCHOR_UNIQUE,CANONICAL,CIRCULAR,PERFECT_EXT,UNAMBIGUOUS_BP"
"611","NW_017739200.1",3390913,3404456,"rsi_circ_000896",2,"+",1,2,40,5,"my_test_rsi2",2,0,0,1,"GTAG",NA,"ANCHOR_UNIQUE,CANONICAL,CIRCULAR,PERFECT_EXT,UNAMBIGUOUS_BP"
"612","NW_017739441.1",697318,730057,"rsi_circ_000898",4,"-",1,4,5,40,"my_test_rsi2",4,0,0,1,"GTAG",NA,"ANCHOR_UNIQUE,CANONICAL,CIRCULAR,PERFECT_EXT,UNAMBIGUOUS_BP"
"613","NW_017739161.1",2247268,2294469,"rsi_circ_000899",7,"+",4,7,40,40,"my_test_rsi2",7,0,0,1,"GTAG",NA,"ANCHOR_UNIQUE,CANONICAL,CIRCULAR,PERFECT_EXT,UNAMBIGUOUS_BP"
"614","NW_017739103.1",2200954,2206406,"rsi_circ_000900",2,"+",1,2,40,40,"my_test_rsi2",2,1,0,1,"GTAG",NA,"ANCHOR_UNIQUE,CANONICAL,CIRCULAR,GOOD_EXT,UNAMBIGUOUS_BP"
"615","NW_017739190.1",2700818,2708539,"rsi_circ_000901",9,"+",5,9,40,40,"my_test_rsi2",9,0,0,1,"GTAG",NA,"ANCHOR_UNIQUE,CANONICAL,CIRCULAR,PERFECT_EXT,UNAMBIGUOUS_BP"
"616","NW_017738947.1",3579374,3590171,"rsi_circ_000903",25,"+",13,25,40,40,"my_test_rsi2",25,0,0,1,"GTAG",NA,"ANCHOR_UNIQUE,CANONICAL,CIRCULAR,PERFECT_EXT,UNAMBIGUOUS_BP"
"617","NW_017739161.1",1642152,1642995,"rsi_circ_000904",3,"-",1,3,40,40,"my_test_rsi2",3,0,0,1,"GTAG",NA,"ANCHOR_UNIQUE,CANONICAL,CIRCULAR,PERFECT_EXT,UNAMBIGUOUS_BP"
"618","NW_017739224.1",2929108,2936293,"rsi_circ_000906",2,"-",1,2,40,40,"my_test_rsi2",2,0,0,1,"GTAG",NA,"ANCHOR_UNIQUE,CANONICAL,CIRCULAR,PERFECT_EXT,UNAMBIGUOUS_BP"
"619","NW_017739070.1",1589040,1591129,"rsi_circ_000907",2,"-",1,2,5,40,"my_test_rsi2",2,0,0,1,"GTAG",NA,"ANCHOR_UNIQUE,CANONICAL,CIRCULAR,PERFECT_EXT,UNAMBIGUOUS_BP"
"620","NW_017739338.1",138368,138669,"rsi_circ_000909",5,"+",3,5,40,40,"my_test_rsi2",5,1,0,1,"GTAG",NA,"ANCHOR_UNIQUE,CANONICAL,CIRCULAR,GOOD_EXT,UNAMBIGUOUS_BP"
"621","NW_017738967.1",2008077,2008623,"rsi_circ_000910",71,"+",37,70,40,40,"my_test_rsi2",71,0,0,1,"GTAG",NA,"ANCHOR_UNIQUE,CANONICAL,CIRCULAR,PERFECT_EXT,UNAMBIGUOUS_BP"
"622","NW_017738979.1",6397590,6408518,"rsi_circ_000912",2,"+",1,2,40,40,"my_test_rsi2",2,0,0,1,"GTAG",NA,"ANCHOR_UNIQUE,CANONICAL,CIRCULAR,PERFECT_EXT,UNAMBIGUOUS_BP"
"623","NW_017739410.1",2146771,2150049,"rsi_circ_000913",4,"-",3,4,40,40,"my_test_rsi2",4,0,0,1,"GTAG",NA,"ANCHOR_UNIQUE,CANONICAL,CIRCULAR,PERFECT_EXT,UNAMBIGUOUS_BP"
"624","NW_017739070.1",2026909,2034635,"rsi_circ_000916",3,"+",1,3,40,40,"my_test_rsi2",3,0,0,1,"GTAG",NA,"ANCHOR_UNIQUE,CANONICAL,CIRCULAR,PERFECT_EXT,UNAMBIGUOUS_BP"
"625","NW_017739468.1",243196,249974,"rsi_circ_000917",8,"+",4,8,40,5,"my_test_rsi2",8,0,0,1,"GTAG",NA,"ANCHOR_UNIQUE,CANONICAL,CIRCULAR,PERFECT_EXT,UNAMBIGUOUS_BP"
"626","NW_017738957.1",14438366,14459677,"rsi_circ_000918",4,"-",2,4,40,40,"my_test_rsi2",4,0,0,1,"GTAG",NA,"ANCHOR_UNIQUE,CANONICAL,CIRCULAR,PERFECT_EXT,UNAMBIGUOUS_BP"
"627","NW_017739010.1",4563737,4577551,"rsi_circ_000920",2,"-",1,2,40,40,"my_test_rsi2",2,2,0,1,"GTAG",NA,"ANCHOR_UNIQUE,CANONICAL,CIRCULAR,OK_EXT,UNAMBIGUOUS_BP"
"628","NW_017738927.1",1671013,1711575,"rsi_circ_000924",20,"+",11,19,40,40,"my_test_rsi2",20,0,0,1,"GTAG",NA,"ANCHOR_UNIQUE,CANONICAL,CIRCULAR,PERFECT_EXT,UNAMBIGUOUS_BP"
"629","NW_017739225.1",900208,906697,"rsi_circ_000925",2,"-",2,2,40,5,"my_test_rsi2",2,0,0,1,"GTAG",NA,"ANCHOR_UNIQUE,CANONICAL,CIRCULAR,PERFECT_EXT,UNAMBIGUOUS_BP"
"630","NW_017739180.1",635608,636327,"rsi_circ_000926",2,"+",1,2,5,5,"my_test_rsi2",2,0,0,1,"GTAG",NA,"ANCHOR_UNIQUE,CANONICAL,CIRCULAR,PERFECT_EXT,UNAMBIGUOUS_BP"
"631","NW_017738964.1",4175790,4207186,"rsi_circ_000927",2,"-",1,2,5,35,"my_test_rsi2",2,0,0,1,"GTAG",NA,"ANCHOR_UNIQUE,CANONICAL,CIRCULAR,PERFECT_EXT,UNAMBIGUOUS_BP"
"632","NW_017739010.1",1679669,1697991,"rsi_circ_000928",8,"+",2,8,40,5,"my_test_rsi2",8,0,0,1,"GTAG",NA,"ANCHOR_UNIQUE,CANONICAL,CIRCULAR,PERFECT_EXT,UNAMBIGUOUS_BP"
"633","NW_017739641.1",997894,1030352,"rsi_circ_000929",6,"+",3,6,40,40,"my_test_rsi2",6,0,0,1,"GTAG",NA,"ANCHOR_UNIQUE,CANONICAL,CIRCULAR,PERFECT_EXT,UNAMBIGUOUS_BP"
"634","NW_017738951.1",7338756,7348108,"rsi_circ_000930",72,"+",25,64,40,40,"my_test_rsi2",72,0,0,1,"GTAG",NA,"ANCHOR_UNIQUE,CANONICAL,CIRCULAR,PERFECT_EXT,UNAMBIGUOUS_BP"
"635","NW_017739074.1",3152664,3154895,"rsi_circ_000931",4,"+",3,3,35,40,"my_test_rsi2",4,0,0,1,"GTAG",NA,"ANCHOR_UNIQUE,CANONICAL,CIRCULAR,PERFECT_EXT,UNAMBIGUOUS_BP"
"636","NW_017738959.1",357267,358923,"rsi_circ_000932",2,"-",1,2,5,5,"my_test_rsi2",2,0,0,1,"GTAG",NA,"ANCHOR_UNIQUE,CANONICAL,CIRCULAR,PERFECT_EXT,UNAMBIGUOUS_BP"
"637","NW_017739394.1",548124,561107,"rsi_circ_000933",2,"-",2,2,40,40,"my_test_rsi2",2,0,0,1,"GTAG",NA,"ANCHOR_UNIQUE,CANONICAL,CIRCULAR,PERFECT_EXT,UNAMBIGUOUS_BP"
"638","NW_017738932.1",3720056,3720409,"rsi_circ_000934",25,"-",12,25,40,40,"my_test_rsi2",25,0,0,1,"GTAG",NA,"ANCHOR_UNIQUE,CANONICAL,CIRCULAR,PERFECT_EXT,UNAMBIGUOUS_BP"
"639","NW_017739356.1",2252898,2253236,"rsi_circ_000935",3,"+",1,3,36,40,"my_test_rsi2",3,0,0,1,"GTAG",NA,"ANCHOR_UNIQUE,CANONICAL,CIRCULAR,PERFECT_EXT,UNAMBIGUOUS_BP"
"640","NW_017738966.1",2844878,2847896,"rsi_circ_000936",2,"-",2,2,40,40,"my_test_rsi2",2,1,0,1,"GTAG",NA,"ANCHOR_UNIQUE,CANONICAL,CIRCULAR,GOOD_EXT,UNAMBIGUOUS_BP"
"641","NW_017739020.1",3572077,3586559,"rsi_circ_000938",3,"-",1,3,40,40,"my_test_rsi2",3,0,0,1,"GTAG",NA,"ANCHOR_UNIQUE,CANONICAL,CIRCULAR,PERFECT_EXT,UNAMBIGUOUS_BP"
"642","NW_017739710.1",293384,296090,"rsi_circ_000939",2,"-",1,2,40,5,"my_test_rsi2",2,0,0,1,"GTAG",NA,"ANCHOR_UNIQUE,CANONICAL,CIRCULAR,PERFECT_EXT,UNAMBIGUOUS_BP"
"643","NW_017738923.1",11986534,11997712,"rsi_circ_000940",2,"-",1,2,40,40,"my_test_rsi2",2,0,0,1,"GTAG",NA,"ANCHOR_UNIQUE,CANONICAL,CIRCULAR,PERFECT_EXT,UNAMBIGUOUS_BP"
"644","NW_017739389.1",537493,537750,"rsi_circ_000942",10,"+",2,7,35,40,"my_test_rsi2",10,1,0,1,"GTAG",NA,"ANCHOR_UNIQUE,CANONICAL,CIRCULAR,GOOD_EXT,UNAMBIGUOUS_BP"
"645","NW_017739078.1",857719,859803,"rsi_circ_000944",11,"+",6,11,40,40,"my_test_rsi2",11,0,0,1,"GTAG",NA,"ANCHOR_UNIQUE,CANONICAL,CIRCULAR,PERFECT_EXT,UNAMBIGUOUS_BP"
"646","NW_017739011.1",1191136,1198561,"rsi_circ_000945",2,"-",1,2,40,40,"my_test_rsi2",2,0,0,1,"GTAG",NA,"ANCHOR_UNIQUE,CANONICAL,CIRCULAR,PERFECT_EXT,UNAMBIGUOUS_BP"
"647","NW_017739341.1",1342218,1342748,"rsi_circ_000946",2,"-",1,2,40,35,"my_test_rsi2",2,2,0,1,"GTAG",NA,"ANCHOR_UNIQUE,CANONICAL,CIRCULAR,OK_EXT,UNAMBIGUOUS_BP"
"648","NW_017738979.1",1400225,1410735,"rsi_circ_000948",3,"-",2,3,40,40,"my_test_rsi2",3,0,0,1,"GTAG",NA,"ANCHOR_UNIQUE,CANONICAL,CIRCULAR,PERFECT_EXT,UNAMBIGUOUS_BP"
"649","NW_017739607.1",286543,286712,"rsi_circ_000949",2,"-",1,2,5,5,"my_test_rsi2",2,2,0,1,"GTAG",NA,"ANCHOR_UNIQUE,CANONICAL,CIRCULAR,OK_EXT,UNAMBIGUOUS_BP"
"650","NW_017739210.1",386377,387446,"rsi_circ_000950",60,"-",29,56,40,40,"my_test_rsi2",60,0,0,1,"GTAG",NA,"ANCHOR_UNIQUE,CANONICAL,CIRCULAR,PERFECT_EXT,UNAMBIGUOUS_BP"
"651","NW_017738947.1",3589870,3601454,"rsi_circ_000951",4,"+",3,4,40,40,"my_test_rsi2",4,0,0,1,"GTAG",NA,"ANCHOR_UNIQUE,CANONICAL,CIRCULAR,PERFECT_EXT,UNAMBIGUOUS_BP"
"652","NW_017739264.1",1609790,1611288,"rsi_circ_000954",2,"+",1,2,5,40,"my_test_rsi2",2,2,0,1,"GTAG",NA,"ANCHOR_UNIQUE,CANONICAL,CIRCULAR,OK_EXT,UNAMBIGUOUS_BP"
"653","NW_017738985.1",7444390,7477919,"rsi_circ_000955",4,"-",2,4,40,5,"my_test_rsi2",4,2,0,1,"GTAG",NA,"ANCHOR_UNIQUE,CANONICAL,CIRCULAR,OK_EXT,UNAMBIGUOUS_BP"
"654","NW_017738979.1",1689822,1697675,"rsi_circ_000956",2,"-",1,2,5,40,"my_test_rsi2",2,1,0,1,"GTAG",NA,"ANCHOR_UNIQUE,CANONICAL,CIRCULAR,GOOD_EXT,UNAMBIGUOUS_BP"
"655","NW_017738975.1",687570,692295,"rsi_circ_000960",2,"+",2,2,40,40,"my_test_rsi2",2,0,0,1,"GTAG",NA,"ANCHOR_UNIQUE,CANONICAL,CIRCULAR,PERFECT_EXT,UNAMBIGUOUS_BP"
"656","NW_017739040.1",6280341,6285101,"rsi_circ_000961",2,"-",1,2,40,40,"my_test_rsi2",2,1,0,1,"GTAG",NA,"ANCHOR_UNIQUE,CANONICAL,CIRCULAR,GOOD_EXT,UNAMBIGUOUS_BP"
"657","NW_017739317.1",689573,695517,"rsi_circ_000964",4,"+",1,4,40,40,"my_test_rsi2",4,0,0,1,"GTAG",NA,"ANCHOR_UNIQUE,CANONICAL,CIRCULAR,PERFECT_EXT,UNAMBIGUOUS_BP"
"658","NW_017738971.1",719599,751653,"rsi_circ_000965",6,"-",3,5,40,40,"my_test_rsi2",6,0,0,1,"GTAG",NA,"ANCHOR_UNIQUE,CANONICAL,CIRCULAR,PERFECT_EXT,UNAMBIGUOUS_BP"
"659","NW_017738953.1",4605332,4620814,"rsi_circ_000966",3,"+",3,2,40,40,"my_test_rsi2",3,1,0,1,"GTAG",NA,"ANCHOR_UNIQUE,CANONICAL,CIRCULAR,GOOD_EXT,UNAMBIGUOUS_BP"
"660","NW_017738979.1",4496279,4500892,"rsi_circ_000967",2,"-",1,2,5,35,"my_test_rsi2",2,0,0,1,"GTAG",NA,"ANCHOR_UNIQUE,CANONICAL,CIRCULAR,PERFECT_EXT,UNAMBIGUOUS_BP"
"661","NW_017739272.1",836794,866712,"rsi_circ_000968",4,"-",3,4,40,40,"my_test_rsi2",4,1,0,1,"GTAG",NA,"ANCHOR_UNIQUE,CANONICAL,CIRCULAR,GOOD_EXT,UNAMBIGUOUS_BP"
"662","NW_017738985.1",531961,554889,"rsi_circ_000969",4,"+",3,4,40,40,"my_test_rsi2",4,0,0,1,"GTAG",NA,"ANCHOR_UNIQUE,CANONICAL,CIRCULAR,PERFECT_EXT,UNAMBIGUOUS_BP"
"663","NW_017739040.1",8485676,8524876,"rsi_circ_000970",2,"+",2,2,40,40,"my_test_rsi2",2,0,0,1,"GTAG",NA,"ANCHOR_UNIQUE,CANONICAL,CIRCULAR,PERFECT_EXT,UNAMBIGUOUS_BP"
"664","NW_017739039.1",887424,922553,"rsi_circ_000971",5,"+",1,5,40,5,"my_test_rsi2",5,1,0,1,"GTAG",NA,"ANCHOR_UNIQUE,CANONICAL,CIRCULAR,GOOD_EXT,UNAMBIGUOUS_BP"
"665","NW_017739227.1",8715,8916,"rsi_circ_000972",4,"+",1,4,5,5,"my_test_rsi2",4,0,0,1,"GTAG",NA,"ANCHOR_UNIQUE,CANONICAL,CIRCULAR,PERFECT_EXT,UNAMBIGUOUS_BP"
"666","NW_017739576.1",593902,613160,"rsi_circ_000973",40,"+",21,40,40,40,"my_test_rsi2",40,0,0,1,"GTAG",NA,"ANCHOR_UNIQUE,CANONICAL,CIRCULAR,PERFECT_EXT,UNAMBIGUOUS_BP"
"667","NW_017739012.1",2338690,2352300,"rsi_circ_000974",8,"-",2,8,5,40,"my_test_rsi2",8,0,0,1,"GTAG",NA,"ANCHOR_UNIQUE,CANONICAL,CIRCULAR,PERFECT_EXT,UNAMBIGUOUS_BP"
"668","NW_017740005.1",163986,195612,"rsi_circ_000976",3,"-",1,3,35,40,"my_test_rsi2",3,0,0,1,"GTAG",NA,"ANCHOR_UNIQUE,CANONICAL,CIRCULAR,PERFECT_EXT,UNAMBIGUOUS_BP"
"669","NW_017739065.1",427549,427907,"rsi_circ_000978",3,"-",1,3,5,40,"my_test_rsi2",3,0,0,1,"GTAG",NA,"ANCHOR_UNIQUE,CANONICAL,CIRCULAR,PERFECT_EXT,UNAMBIGUOUS_BP"
"670","NW_017739366.1",1595720,1601146,"rsi_circ_000980",2,"+",1,2,40,40,"my_test_rsi2",2,0,0,1,"GTAG",NA,"ANCHOR_UNIQUE,CANONICAL,CIRCULAR,PERFECT_EXT,UNAMBIGUOUS_BP"
"671","NW_017739147.1",4251050,4252289,"rsi_circ_000982",16,"-",9,15,40,40,"my_test_rsi2",16,0,0,1,"GTAG",NA,"ANCHOR_UNIQUE,CANONICAL,CIRCULAR,PERFECT_EXT,UNAMBIGUOUS_BP"
"672","NW_017738996.1",1267211,1278046,"rsi_circ_000983",3,"-",2,3,5,5,"my_test_rsi2",3,1,0,1,"GTAG",NA,"ANCHOR_UNIQUE,CANONICAL,CIRCULAR,GOOD_EXT,UNAMBIGUOUS_BP"
"673","NW_017739702.1",117666,126003,"rsi_circ_000984",12,"-",8,12,40,40,"my_test_rsi2",12,0,0,1,"GTAG",NA,"ANCHOR_UNIQUE,CANONICAL,CIRCULAR,PERFECT_EXT,UNAMBIGUOUS_BP"
"674","NW_017739397.1",45847,48512,"rsi_circ_000985",3,"-",1,3,5,5,"my_test_rsi2",3,1,0,1,"GTAG",NA,"ANCHOR_UNIQUE,CANONICAL,CIRCULAR,GOOD_EXT,UNAMBIGUOUS_BP"
"675","NW_017739476.1",672280,672886,"rsi_circ_000986",16,"+",8,16,40,40,"my_test_rsi2",16,0,0,1,"GTAG",NA,"ANCHOR_UNIQUE,CANONICAL,CIRCULAR,PERFECT_EXT,UNAMBIGUOUS_BP"
"676","NW_017738979.1",2767820,2801890,"rsi_circ_000990",16,"+",10,16,40,40,"my_test_rsi2",16,1,0,1,"GTAG",NA,"ANCHOR_UNIQUE,CANONICAL,CIRCULAR,GOOD_EXT,UNAMBIGUOUS_BP"
"677","NW_017739405.1",991434,992246,"rsi_circ_000992",6,"-",2,6,40,40,"my_test_rsi2",6,0,0,1,"GTAG",NA,"ANCHOR_UNIQUE,CANONICAL,CIRCULAR,PERFECT_EXT,UNAMBIGUOUS_BP"
"678","NW_017738952.1",1900036,1911896,"rsi_circ_000993",3,"-",3,2,5,40,"my_test_rsi2",3,0,0,1,"GTAG",NA,"ANCHOR_UNIQUE,CANONICAL,CIRCULAR,PERFECT_EXT,UNAMBIGUOUS_BP"
"679","NW_017738984.1",6536048,6568620,"rsi_circ_000994",6,"-",3,6,40,40,"my_test_rsi2",6,0,0,1,"GTAG",NA,"ANCHOR_UNIQUE,CANONICAL,CIRCULAR,PERFECT_EXT,UNAMBIGUOUS_BP"
"680","NW_017739710.1",620647,621378,"rsi_circ_000996",5,"+",4,4,40,40,"my_test_rsi2",5,0,0,1,"GTAG",NA,"ANCHOR_UNIQUE,CANONICAL,CIRCULAR,PERFECT_EXT,UNAMBIGUOUS_BP"
"681","NW_017738932.1",5446028,5505929,"rsi_circ_000997",3,"-",1,3,40,40,"my_test_rsi2",3,0,0,1,"GTAG",NA,"ANCHOR_UNIQUE,CANONICAL,CIRCULAR,PERFECT_EXT,UNAMBIGUOUS_BP"
"682","NW_017738957.1",18288554,18299292,"rsi_circ_000998",7,"-",4,7,40,40,"my_test_rsi2",7,0,0,1,"GTAG",NA,"ANCHOR_UNIQUE,CANONICAL,CIRCULAR,PERFECT_EXT,UNAMBIGUOUS_BP"
"683","NW_017739666.1",502158,504293,"rsi_circ_001000",2,"+",1,2,5,40,"my_test_rsi2",2,0,0,1,"GTAG",NA,"ANCHOR_UNIQUE,CANONICAL,CIRCULAR,PERFECT_EXT,UNAMBIGUOUS_BP"
"684","NW_017739033.1",659489,663325,"rsi_circ_001001",13,"+",7,10,40,5,"my_test_rsi2",13,0,0,1,"GTAG",NA,"ANCHOR_UNIQUE,CANONICAL,CIRCULAR,PERFECT_EXT,UNAMBIGUOUS_BP"
"685","NW_017739194.1",3697346,3783790,"rsi_circ_001002",3,"+",1,3,40,40,"my_test_rsi2",3,0,0,1,"GTAG",NA,"ANCHOR_UNIQUE,CANONICAL,CIRCULAR,PERFECT_EXT,UNAMBIGUOUS_BP"
"686","NW_017740343.1",2260,11005,"rsi_circ_001003",68,"-",25,66,40,40,"my_test_rsi2",68,1,0,1,"GTAG",NA,"ANCHOR_UNIQUE,CANONICAL,CIRCULAR,GOOD_EXT,UNAMBIGUOUS_BP"
"687","NW_017739350.1",5595094,5601668,"rsi_circ_001004",22,"+",10,21,40,40,"my_test_rsi2",22,0,0,1,"GTAG",NA,"ANCHOR_UNIQUE,CANONICAL,CIRCULAR,PERFECT_EXT,UNAMBIGUOUS_BP"
"688","NW_017739008.1",2848660,2853272,"rsi_circ_001005",2,"+",1,2,5,40,"my_test_rsi2",2,0,0,1,"GTAG",NA,"ANCHOR_UNIQUE,CANONICAL,CIRCULAR,PERFECT_EXT,UNAMBIGUOUS_BP"
"689","NW_017739263.1",1029763,1039217,"rsi_circ_001006",2,"-",1,2,40,40,"my_test_rsi2",2,2,0,1,"GTAG",NA,"ANCHOR_UNIQUE,CANONICAL,CIRCULAR,OK_EXT,UNAMBIGUOUS_BP"
"690","NW_017739011.1",1258084,1260157,"rsi_circ_001007",7,"+",3,5,40,40,"my_test_rsi2",7,0,0,1,"GTAG",NA,"ANCHOR_UNIQUE,CANONICAL,CIRCULAR,PERFECT_EXT,UNAMBIGUOUS_BP"
"691","NW_017738970.1",1978974,2000018,"rsi_circ_001011",3,"-",2,3,40,40,"my_test_rsi2",3,0,0,1,"GTAG",NA,"ANCHOR_UNIQUE,CANONICAL,CIRCULAR,PERFECT_EXT,UNAMBIGUOUS_BP"
"692","NW_017739251.1",504621,506222,"rsi_circ_001012",2,"-",1,2,5,40,"my_test_rsi2",2,0,0,1,"GTAG",NA,"ANCHOR_UNIQUE,CANONICAL,CIRCULAR,PERFECT_EXT,UNAMBIGUOUS_BP"
"693","NW_017739046.1",6163881,6182887,"rsi_circ_001013",17,"-",14,17,40,40,"my_test_rsi2",17,0,0,1,"GTAG",NA,"ANCHOR_UNIQUE,CANONICAL,CIRCULAR,PERFECT_EXT,UNAMBIGUOUS_BP"
"694","NW_017739032.1",3471605,3477693,"rsi_circ_001014",2,"-",1,2,40,5,"my_test_rsi2",2,0,0,1,"GTAG",NA,"ANCHOR_UNIQUE,CANONICAL,CIRCULAR,PERFECT_EXT,UNAMBIGUOUS_BP"
"695","NW_017739190.1",656936,658267,"rsi_circ_001015",2,"-",2,2,40,35,"my_test_rsi2",2,1,0,1,"GTAG",NA,"ANCHOR_UNIQUE,CANONICAL,CIRCULAR,GOOD_EXT,UNAMBIGUOUS_BP"
"696","NW_017738939.1",1715369,1723429,"rsi_circ_001016",7,"+",3,7,40,40,"my_test_rsi2",7,0,0,1,"GTAG",NA,"ANCHOR_UNIQUE,CANONICAL,CIRCULAR,PERFECT_EXT,UNAMBIGUOUS_BP"
"697","NW_017739160.1",1288850,1298181,"rsi_circ_001017",2,"+",2,2,40,37,"my_test_rsi2",2,0,0,1,"GTAG",NA,"ANCHOR_UNIQUE,CANONICAL,CIRCULAR,PERFECT_EXT,UNAMBIGUOUS_BP"
"698","NW_017739033.1",2772297,2773473,"rsi_circ_001018",3,"+",1,3,40,40,"my_test_rsi2",3,2,0,1,"GTAG",NA,"ANCHOR_UNIQUE,CANONICAL,CIRCULAR,OK_EXT,UNAMBIGUOUS_BP"
"699","NW_017739070.1",1819408,1820488,"rsi_circ_001019",5,"+",3,5,40,40,"my_test_rsi2",5,0,0,1,"GTAG",NA,"ANCHOR_UNIQUE,CANONICAL,CIRCULAR,PERFECT_EXT,UNAMBIGUOUS_BP"
"700","NW_017739831.1",87336,100941,"rsi_circ_001023",2,"-",1,2,40,40,"my_test_rsi2",2,0,0,1,"GTAG",NA,"ANCHOR_UNIQUE,CANONICAL,CIRCULAR,PERFECT_EXT,UNAMBIGUOUS_BP"
"701","NW_017739710.1",1188789,1198999,"rsi_circ_001024",5,"+",3,4,40,40,"my_test_rsi2",5,0,0,1,"GTAG",NA,"ANCHOR_UNIQUE,CANONICAL,CIRCULAR,PERFECT_EXT,UNAMBIGUOUS_BP"
"702","NW_017739007.1",2374669,2384280,"rsi_circ_001030",2,"-",1,2,40,40,"my_test_rsi2",2,0,0,1,"GTAG",NA,"ANCHOR_UNIQUE,CANONICAL,CIRCULAR,PERFECT_EXT,UNAMBIGUOUS_BP"
"703","NW_017739325.1",696809,700581,"rsi_circ_001033",3,"+",3,3,35,40,"my_test_rsi2",3,0,0,1,"GTAG",NA,"ANCHOR_UNIQUE,CANONICAL,CIRCULAR,PERFECT_EXT,UNAMBIGUOUS_BP"
"704","NW_017739204.1",1561923,1632463,"rsi_circ_001034",3,"+",1,3,5,5,"my_test_rsi2",3,0,0,1,"GTAG",NA,"ANCHOR_UNIQUE,CANONICAL,CIRCULAR,PERFECT_EXT,UNAMBIGUOUS_BP"
"705","NW_017738971.1",1227358,1239871,"rsi_circ_001035",2,"-",1,2,40,40,"my_test_rsi2",2,1,0,1,"GTAG",NA,"ANCHOR_UNIQUE,CANONICAL,CIRCULAR,GOOD_EXT,UNAMBIGUOUS_BP"
"706","NW_017739519.1",581318,605814,"rsi_circ_001036",3,"-",3,3,40,40,"my_test_rsi2",3,0,0,1,"GTAG",NA,"ANCHOR_UNIQUE,CANONICAL,CIRCULAR,PERFECT_EXT,UNAMBIGUOUS_BP"
"707","NW_017738933.1",670006,722764,"rsi_circ_001041",2,"+",1,2,5,5,"my_test_rsi2",2,0,0,1,"GTAG",NA,"ANCHOR_UNIQUE,CANONICAL,CIRCULAR,PERFECT_EXT,UNAMBIGUOUS_BP"
"708","NW_017739320.1",293897,294061,"rsi_circ_001044",2,"+",2,2,40,40,"my_test_rsi2",2,0,0,1,"GTAG",NA,"ANCHOR_UNIQUE,CANONICAL,CIRCULAR,PERFECT_EXT,UNAMBIGUOUS_BP"
"709","NW_017739249.1",664364,667515,"rsi_circ_001046",4,"+",1,4,40,40,"my_test_rsi2",4,0,0,1,"GTAG",NA,"ANCHOR_UNIQUE,CANONICAL,CIRCULAR,PERFECT_EXT,UNAMBIGUOUS_BP"
"710","NW_017739702.1",117666,123223,"rsi_circ_001048",2,"-",2,2,35,35,"my_test_rsi2",2,2,0,1,"GTAG",NA,"ANCHOR_UNIQUE,CANONICAL,CIRCULAR,OK_EXT,UNAMBIGUOUS_BP"
"711","NW_017738980.1",5642459,5645545,"rsi_circ_001049",9,"+",4,9,40,40,"my_test_rsi2",9,0,0,1,"GTAG",NA,"ANCHOR_UNIQUE,CANONICAL,CIRCULAR,PERFECT_EXT,UNAMBIGUOUS_BP"
"712","NW_017739185.1",1640476,1640707,"rsi_circ_001051",2,"-",1,2,40,40,"my_test_rsi2",2,1,0,1,"GTAG",NA,"ANCHOR_UNIQUE,CANONICAL,CIRCULAR,GOOD_EXT,UNAMBIGUOUS_BP"
"713","NW_017739355.1",2877114,2895085,"rsi_circ_001052",3,"+",1,3,5,40,"my_test_rsi2",3,0,0,1,"GTAG",NA,"ANCHOR_UNIQUE,CANONICAL,CIRCULAR,PERFECT_EXT,UNAMBIGUOUS_BP"
"714","NW_017739002.1",536015,553299,"rsi_circ_001055",4,"+",2,2,40,40,"my_test_rsi2",4,0,0,1,"GTAG",NA,"ANCHOR_UNIQUE,CANONICAL,CIRCULAR,PERFECT_EXT,UNAMBIGUOUS_BP"
"715","NW_017739645.1",318791,326216,"rsi_circ_001056",2,"+",2,2,40,40,"my_test_rsi2",2,0,0,1,"GTAG",NA,"ANCHOR_UNIQUE,CANONICAL,CIRCULAR,PERFECT_EXT,UNAMBIGUOUS_BP"
"716","NW_017739089.1",7528948,7530612,"rsi_circ_001057",3,"+",2,3,40,5,"my_test_rsi2",3,0,0,1,"GTAG",NA,"ANCHOR_UNIQUE,CANONICAL,CIRCULAR,PERFECT_EXT,UNAMBIGUOUS_BP"
"717","NW_017739001.1",1479,2235,"rsi_circ_001058",2,"-",2,2,40,40,"my_test_rsi2",2,2,0,1,"GTAG",NA,"ANCHOR_UNIQUE,CANONICAL,CIRCULAR,OK_EXT,UNAMBIGUOUS_BP"
"718","NW_017739049.1",785942,786393,"rsi_circ_001059",4,"+",2,3,35,40,"my_test_rsi2",4,0,0,1,"GTAG",NA,"ANCHOR_UNIQUE,CANONICAL,CIRCULAR,PERFECT_EXT,UNAMBIGUOUS_BP"
"719","NW_017739007.1",2374669,2374882,"rsi_circ_001060",13,"-",8,13,40,40,"my_test_rsi2",13,0,0,1,"GTAG",NA,"ANCHOR_UNIQUE,CANONICAL,CIRCULAR,PERFECT_EXT,UNAMBIGUOUS_BP"
"720","NW_017739147.1",5318838,5319407,"rsi_circ_001061",2,"+",1,2,5,35,"my_test_rsi2",2,2,0,1,"GTAG",NA,"ANCHOR_UNIQUE,CANONICAL,CIRCULAR,OK_EXT,UNAMBIGUOUS_BP"
"721","NW_017739019.1",5178273,5182800,"rsi_circ_001062",2,"+",1,2,5,5,"my_test_rsi2",2,0,0,1,"GTAG",NA,"ANCHOR_UNIQUE,CANONICAL,CIRCULAR,PERFECT_EXT,UNAMBIGUOUS_BP"
"722","NW_017739267.1",42699,43287,"rsi_circ_001063",8,"+",5,8,40,40,"my_test_rsi2",8,0,0,1,"GTAG",NA,"ANCHOR_UNIQUE,CANONICAL,CIRCULAR,PERFECT_EXT,UNAMBIGUOUS_BP"
"723","NW_017738929.1",3757929,3770792,"rsi_circ_001064",2,"-",2,2,40,40,"my_test_rsi2",2,0,0,1,"GTAG",NA,"ANCHOR_UNIQUE,CANONICAL,CIRCULAR,PERFECT_EXT,UNAMBIGUOUS_BP"
"724","NW_017739006.1",6153197,6163912,"rsi_circ_001065",2,"+",1,2,40,5,"my_test_rsi2",2,1,0,1,"GTAG",NA,"ANCHOR_UNIQUE,CANONICAL,CIRCULAR,GOOD_EXT,UNAMBIGUOUS_BP"
"725","NW_017739045.1",4533968,4538092,"rsi_circ_001066",2,"-",2,2,40,5,"my_test_rsi2",2,0,0,1,"GTAG",NA,"ANCHOR_UNIQUE,CANONICAL,CIRCULAR,PERFECT_EXT,UNAMBIGUOUS_BP"
"726","NW_017739244.1",2861459,2877887,"rsi_circ_001067",2,"+",2,2,40,35,"my_test_rsi2",2,1,0,1,"GTAG",NA,"ANCHOR_UNIQUE,CANONICAL,CIRCULAR,GOOD_EXT,UNAMBIGUOUS_BP"
"727","NW_017739065.1",1766028,1834288,"rsi_circ_001068",5,"-",4,4,40,40,"my_test_rsi2",5,0,0,1,"GTAG",NA,"ANCHOR_UNIQUE,CANONICAL,CIRCULAR,PERFECT_EXT,UNAMBIGUOUS_BP"
"728","NW_017738971.1",7662992,7670652,"rsi_circ_001069",2,"-",2,2,35,35,"my_test_rsi2",2,0,0,1,"GTAG",NA,"ANCHOR_UNIQUE,CANONICAL,CIRCULAR,PERFECT_EXT,UNAMBIGUOUS_BP"
"729","NW_017739056.1",4934733,4945031,"rsi_circ_001071",2,"-",2,2,40,40,"my_test_rsi2",2,0,0,1,"GTAG",NA,"ANCHOR_UNIQUE,CANONICAL,CIRCULAR,PERFECT_EXT,UNAMBIGUOUS_BP"
"730","NW_017739146.1",2496953,2498944,"rsi_circ_001072",8,"+",3,8,40,40,"my_test_rsi2",8,1,0,1,"GTAG",NA,"ANCHOR_UNIQUE,CANONICAL,CIRCULAR,GOOD_EXT,UNAMBIGUOUS_BP"
"731","NW_017739190.1",496130,583897,"rsi_circ_001073",3,"-",1,3,40,5,"my_test_rsi2",3,0,0,1,"GTAG",NA,"ANCHOR_UNIQUE,CANONICAL,CIRCULAR,PERFECT_EXT,UNAMBIGUOUS_BP"
"732","NW_017738937.1",792386,792908,"rsi_circ_001075",5,"-",1,5,40,40,"my_test_rsi2",5,0,0,1,"GTAG",NA,"ANCHOR_UNIQUE,CANONICAL,CIRCULAR,PERFECT_EXT,UNAMBIGUOUS_BP"
"733","NW_017739783.1",667037,674238,"rsi_circ_001076",4,"+",2,4,40,40,"my_test_rsi2",4,0,0,1,"GTAG",NA,"ANCHOR_UNIQUE,CANONICAL,CIRCULAR,PERFECT_EXT,UNAMBIGUOUS_BP"
"734","NW_017738934.1",4707626,4718966,"rsi_circ_001077",5,"-",5,5,5,5,"my_test_rsi2",5,1,0,1,"GTAG",NA,"ANCHOR_UNIQUE,CANONICAL,CIRCULAR,GOOD_EXT,UNAMBIGUOUS_BP"
"735","NW_017739101.1",799878,827661,"rsi_circ_001078",8,"+",3,8,40,40,"my_test_rsi2",8,0,0,1,"GTAG",NA,"ANCHOR_UNIQUE,CANONICAL,CIRCULAR,PERFECT_EXT,UNAMBIGUOUS_BP"
"736","NW_017739634.1",780176,782710,"rsi_circ_001079",8,"+",7,8,40,40,"my_test_rsi2",8,0,0,1,"GTAG",NA,"ANCHOR_UNIQUE,CANONICAL,CIRCULAR,PERFECT_EXT,UNAMBIGUOUS_BP"
"737","NW_017739126.1",1226464,1237145,"rsi_circ_001080",6,"+",3,6,40,40,"my_test_rsi2",6,0,0,1,"GTAG",NA,"ANCHOR_UNIQUE,CANONICAL,CIRCULAR,PERFECT_EXT,UNAMBIGUOUS_BP"
"738","NW_017738940.1",7394200,7394832,"rsi_circ_001081",2,"-",1,2,5,5,"my_test_rsi2",2,0,0,1,"GTAG",NA,"ANCHOR_UNIQUE,CANONICAL,CIRCULAR,PERFECT_EXT,UNAMBIGUOUS_BP"
"739","NW_017739440.1",938588,951117,"rsi_circ_001082",145,"-",49,137,40,40,"my_test_rsi2",145,0,0,1,"GTAG",NA,"ANCHOR_UNIQUE,CANONICAL,CIRCULAR,PERFECT_EXT,UNAMBIGUOUS_BP"
"740","NW_017739033.1",1897265,1897682,"rsi_circ_001084",2,"-",1,2,40,40,"my_test_rsi2",2,0,0,1,"GTAG",NA,"ANCHOR_UNIQUE,CANONICAL,CIRCULAR,PERFECT_EXT,UNAMBIGUOUS_BP"
"741","NW_017739171.1",1102821,1116487,"rsi_circ_001085",2,"+",2,2,40,40,"my_test_rsi2",2,0,0,1,"GTAG",NA,"ANCHOR_UNIQUE,CANONICAL,CIRCULAR,PERFECT_EXT,UNAMBIGUOUS_BP"
"742","NW_017739103.1",2089759,2091814,"rsi_circ_001087",24,"+",13,23,40,40,"my_test_rsi2",24,0,0,1,"GTAG",NA,"ANCHOR_UNIQUE,CANONICAL,CIRCULAR,PERFECT_EXT,UNAMBIGUOUS_BP"
"743","NW_017739107.1",2989170,2997787,"rsi_circ_001088",6,"+",4,4,40,40,"my_test_rsi2",6,0,0,1,"GTAG",NA,"ANCHOR_UNIQUE,CANONICAL,CIRCULAR,PERFECT_EXT,UNAMBIGUOUS_BP"
"744","NW_017738970.1",12757260,12769864,"rsi_circ_001089",7,"-",5,7,40,40,"my_test_rsi2",7,0,0,1,"GTAG",NA,"ANCHOR_UNIQUE,CANONICAL,CIRCULAR,PERFECT_EXT,UNAMBIGUOUS_BP"
"745","NW_017738987.1",1224070,1229390,"rsi_circ_001090",2,"+",1,2,5,5,"my_test_rsi2",2,1,0,1,"GTAG",NA,"ANCHOR_UNIQUE,CANONICAL,CIRCULAR,GOOD_EXT,UNAMBIGUOUS_BP"
"746","NW_017739740.1",250201,256717,"rsi_circ_001091",4,"+",2,4,35,40,"my_test_rsi2",4,0,0,1,"GTAG",NA,"ANCHOR_UNIQUE,CANONICAL,CIRCULAR,PERFECT_EXT,UNAMBIGUOUS_BP"
"747","NW_017739284.1",1026039,1028829,"rsi_circ_001092",4,"-",3,4,40,5,"my_test_rsi2",4,0,0,1,"GTAG",NA,"ANCHOR_UNIQUE,CANONICAL,CIRCULAR,PERFECT_EXT,UNAMBIGUOUS_BP"
"748","NW_017739356.1",445465,457284,"rsi_circ_001093",2,"+",1,2,40,40,"my_test_rsi2",2,0,0,1,"GTAG",NA,"ANCHOR_UNIQUE,CANONICAL,CIRCULAR,PERFECT_EXT,UNAMBIGUOUS_BP"
"749","NW_017738925.1",5277312,5315196,"rsi_circ_001094",6,"-",4,6,40,40,"my_test_rsi2",6,0,0,1,"GTAG",NA,"ANCHOR_UNIQUE,CANONICAL,CIRCULAR,PERFECT_EXT,UNAMBIGUOUS_BP"
"750","NW_017739244.1",1489738,1493491,"rsi_circ_001096",2,"-",2,2,37,5,"my_test_rsi2",2,0,0,1,"GTAG",NA,"ANCHOR_UNIQUE,CANONICAL,CIRCULAR,PERFECT_EXT,UNAMBIGUOUS_BP"
"751","NW_017738968.1",3541291,3542481,"rsi_circ_001097",7,"+",2,7,35,5,"my_test_rsi2",7,2,0,1,"GTAG",NA,"ANCHOR_UNIQUE,CANONICAL,CIRCULAR,OK_EXT,UNAMBIGUOUS_BP"
"752","NW_017738957.1",4948080,4954060,"rsi_circ_001098",5,"-",2,5,5,40,"my_test_rsi2",5,0,0,1,"GTAG",NA,"ANCHOR_UNIQUE,CANONICAL,CIRCULAR,PERFECT_EXT,UNAMBIGUOUS_BP"
"753","NW_017739037.1",4430012,4430860,"rsi_circ_001099",5,"+",3,5,40,40,"my_test_rsi2",5,0,0,1,"GTAG",NA,"ANCHOR_UNIQUE,CANONICAL,CIRCULAR,PERFECT_EXT,UNAMBIGUOUS_BP"
"754","NW_017739174.1",470826,471081,"rsi_circ_001101",2,"+",1,2,5,40,"my_test_rsi2",2,0,0,1,"GTAG",NA,"ANCHOR_UNIQUE,CANONICAL,CIRCULAR,PERFECT_EXT,UNAMBIGUOUS_BP"
"755","NW_017739056.1",327881,342659,"rsi_circ_001104",3,"+",3,3,40,37,"my_test_rsi2",3,0,0,1,"GTAG",NA,"ANCHOR_UNIQUE,CANONICAL,CIRCULAR,PERFECT_EXT,UNAMBIGUOUS_BP"
"756","NW_017739595.1",389607,404561,"rsi_circ_001105",3,"+",3,3,40,40,"my_test_rsi2",3,1,0,1,"GTAG",NA,"ANCHOR_UNIQUE,CANONICAL,CIRCULAR,GOOD_EXT,UNAMBIGUOUS_BP"
"757","NW_017738955.1",1599206,1600331,"rsi_circ_001106",2,"+",1,2,40,5,"my_test_rsi2",2,0,0,1,"GTAG",NA,"ANCHOR_UNIQUE,CANONICAL,CIRCULAR,PERFECT_EXT,UNAMBIGUOUS_BP"
"758","NW_017739006.1",2483574,2493226,"rsi_circ_001107",2,"-",2,2,40,40,"my_test_rsi2",2,1,2,1,"GTAG",NA,"ANCHOR_UNIQUE,CANONICAL,CIRCULAR,OK_EXT,UNAMBIGUOUS_BP"
"759","NW_017739172.1",890743,925190,"rsi_circ_001108",26,"-",12,20,40,40,"my_test_rsi2",26,0,0,1,"GTAG",NA,"ANCHOR_UNIQUE,CANONICAL,CIRCULAR,PERFECT_EXT,UNAMBIGUOUS_BP"
"760","NW_017739016.1",6413860,6419952,"rsi_circ_001111",3,"+",1,3,40,40,"my_test_rsi2",3,0,0,1,"GTAG",NA,"ANCHOR_UNIQUE,CANONICAL,CIRCULAR,PERFECT_EXT,UNAMBIGUOUS_BP"
"761","NW_017739108.1",1528670,1568027,"rsi_circ_001112",2,"+",2,2,40,40,"my_test_rsi2",2,0,0,1,"GTAG",NA,"ANCHOR_UNIQUE,CANONICAL,CIRCULAR,PERFECT_EXT,UNAMBIGUOUS_BP"
"762","NW_017739719.1",376354,378345,"rsi_circ_001113",3,"+",2,3,40,40,"my_test_rsi2",3,0,0,1,"GTAG",NA,"ANCHOR_UNIQUE,CANONICAL,CIRCULAR,PERFECT_EXT,UNAMBIGUOUS_BP"
"763","NW_017739111.1",5237783,5239547,"rsi_circ_001114",2,"+",2,2,5,40,"my_test_rsi2",2,0,0,1,"GTAG",NA,"ANCHOR_UNIQUE,CANONICAL,CIRCULAR,PERFECT_EXT,UNAMBIGUOUS_BP"
"764","NW_017739116.1",2980885,2993655,"rsi_circ_001116",2,"+",2,2,5,5,"my_test_rsi2",2,1,0,1,"GTAG",NA,"ANCHOR_UNIQUE,CANONICAL,CIRCULAR,GOOD_EXT,UNAMBIGUOUS_BP"
"765","NW_017738991.1",2941802,2942467,"rsi_circ_001117",2,"+",1,2,40,5,"my_test_rsi2",2,1,0,1,"GTAG",NA,"ANCHOR_UNIQUE,CANONICAL,CIRCULAR,GOOD_EXT,UNAMBIGUOUS_BP"
"766","NW_017739003.1",1184666,1202525,"rsi_circ_001118",6,"+",3,6,40,40,"my_test_rsi2",6,0,0,1,"GTAG",NA,"ANCHOR_UNIQUE,CANONICAL,CIRCULAR,PERFECT_EXT,UNAMBIGUOUS_BP"
"767","NW_017739469.1",106290,114296,"rsi_circ_001120",2,"+",1,2,40,40,"my_test_rsi2",2,0,0,1,"GTAG",NA,"ANCHOR_UNIQUE,CANONICAL,CIRCULAR,PERFECT_EXT,UNAMBIGUOUS_BP"
"768","NW_017739147.1",5257011,5257188,"rsi_circ_001121",4,"-",1,4,40,40,"my_test_rsi2",4,1,0,1,"GTAG",NA,"ANCHOR_UNIQUE,CANONICAL,CIRCULAR,GOOD_EXT,UNAMBIGUOUS_BP"
"769","NW_017739886.1",52862,85947,"rsi_circ_001123",61,"+",29,60,40,40,"my_test_rsi2",61,0,0,1,"GTAG",NA,"ANCHOR_UNIQUE,CANONICAL,CIRCULAR,PERFECT_EXT,UNAMBIGUOUS_BP"
"770","NW_017738942.1",2479686,2493590,"rsi_circ_001125",11,"+",6,8,40,40,"my_test_rsi2",11,0,0,1,"GTAG",NA,"ANCHOR_UNIQUE,CANONICAL,CIRCULAR,PERFECT_EXT,UNAMBIGUOUS_BP"
"771","NW_017739325.1",385995,386362,"rsi_circ_001126",4,"+",4,3,40,40,"my_test_rsi2",4,0,0,1,"GTAG",NA,"ANCHOR_UNIQUE,CANONICAL,CIRCULAR,PERFECT_EXT,UNAMBIGUOUS_BP"
"772","NW_017739032.1",308068,308710,"rsi_circ_001128",2,"+",2,1,40,40,"my_test_rsi2",2,0,0,1,"GTAG",NA,"ANCHOR_UNIQUE,CANONICAL,CIRCULAR,PERFECT_EXT,UNAMBIGUOUS_BP"
"773","NW_017739173.1",635696,642236,"rsi_circ_001129",2,"+",1,2,5,40,"my_test_rsi2",2,0,0,1,"GTAG",NA,"ANCHOR_UNIQUE,CANONICAL,CIRCULAR,PERFECT_EXT,UNAMBIGUOUS_BP"
"774","NW_017738950.1",4711183,4726589,"rsi_circ_001130",5,"-",4,5,40,5,"my_test_rsi2",5,0,0,1,"GTAG",NA,"ANCHOR_UNIQUE,CANONICAL,CIRCULAR,PERFECT_EXT,UNAMBIGUOUS_BP"
"775","NW_017739169.1",46019,50310,"rsi_circ_001131",6,"+",2,6,40,5,"my_test_rsi2",6,1,0,1,"GTAG",NA,"ANCHOR_UNIQUE,CANONICAL,CIRCULAR,GOOD_EXT,UNAMBIGUOUS_BP"
"776","NW_017739305.1",738620,739384,"rsi_circ_001132",27,"+",22,27,40,40,"my_test_rsi2",27,0,0,1,"GTAG",NA,"ANCHOR_UNIQUE,CANONICAL,CIRCULAR,PERFECT_EXT,UNAMBIGUOUS_BP"
"777","NW_017739127.1",1318787,1344639,"rsi_circ_001134",3,"+",1,3,40,40,"my_test_rsi2",3,0,0,1,"GTAG",NA,"ANCHOR_UNIQUE,CANONICAL,CIRCULAR,PERFECT_EXT,UNAMBIGUOUS_BP"
"778","NW_017738922.1",3357893,3373065,"rsi_circ_001138",2,"-",1,2,5,35,"my_test_rsi2",2,1,0,1,"GTAG",NA,"ANCHOR_UNIQUE,CANONICAL,CIRCULAR,GOOD_EXT,UNAMBIGUOUS_BP"
"779","NW_017738980.1",4635779,4636028,"rsi_circ_001142",2,"+",1,2,35,40,"my_test_rsi2",2,0,0,1,"GTAG",NA,"ANCHOR_UNIQUE,CANONICAL,CIRCULAR,PERFECT_EXT,UNAMBIGUOUS_BP"
"780","NW_017739225.1",900240,919339,"rsi_circ_001143",2,"-",2,2,40,40,"my_test_rsi2",2,0,0,1,"GTAG",NA,"ANCHOR_UNIQUE,CANONICAL,CIRCULAR,PERFECT_EXT,UNAMBIGUOUS_BP"
"781","NW_017738959.1",209291,212167,"rsi_circ_001146",2,"-",1,2,40,40,"my_test_rsi2",2,0,0,1,"GTAG",NA,"ANCHOR_UNIQUE,CANONICAL,CIRCULAR,PERFECT_EXT,UNAMBIGUOUS_BP"
"782","NW_017739732.1",38879,39920,"rsi_circ_001147",2,"-",2,2,5,5,"my_test_rsi2",2,0,0,1,"GTAG",NA,"ANCHOR_UNIQUE,CANONICAL,CIRCULAR,PERFECT_EXT,UNAMBIGUOUS_BP"
"783","NW_017739020.1",941230,946589,"rsi_circ_001150",3,"+",2,3,40,40,"my_test_rsi2",3,0,0,1,"GTAG",NA,"ANCHOR_UNIQUE,CANONICAL,CIRCULAR,PERFECT_EXT,UNAMBIGUOUS_BP"
"784","NW_017739034.1",2874770,2892849,"rsi_circ_001151",7,"-",4,2,40,40,"my_test_rsi2",7,0,0,1,"GTAG",NA,"ANCHOR_UNIQUE,CANONICAL,CIRCULAR,PERFECT_EXT,UNAMBIGUOUS_BP"
"785","NW_017739388.1",1354694,1389177,"rsi_circ_001153",19,"-",12,19,40,40,"my_test_rsi2",19,0,0,1,"GTAG",NA,"ANCHOR_UNIQUE,CANONICAL,CIRCULAR,PERFECT_EXT,UNAMBIGUOUS_BP"
"786","NW_017739011.1",902083,904872,"rsi_circ_001155",6,"-",4,6,40,40,"my_test_rsi2",6,0,0,1,"GTAG",NA,"ANCHOR_UNIQUE,CANONICAL,CIRCULAR,PERFECT_EXT,UNAMBIGUOUS_BP"
"787","NW_017739015.1",5276181,5282058,"rsi_circ_001156",2,"+",2,2,40,40,"my_test_rsi2",2,0,0,1,"GTAG",NA,"ANCHOR_UNIQUE,CANONICAL,CIRCULAR,PERFECT_EXT,UNAMBIGUOUS_BP"
"788","NW_017738968.1",4977950,4978581,"rsi_circ_001159",4,"-",2,4,40,40,"my_test_rsi2",4,0,0,1,"GTAG",NA,"ANCHOR_UNIQUE,CANONICAL,CIRCULAR,PERFECT_EXT,UNAMBIGUOUS_BP"
"789","NW_017738990.1",81066,84761,"rsi_circ_001160",8,"-",2,8,40,37,"my_test_rsi2",8,0,0,1,"GTAG",NA,"ANCHOR_UNIQUE,CANONICAL,CIRCULAR,PERFECT_EXT,UNAMBIGUOUS_BP"
"790","NW_017739641.1",243235,246026,"rsi_circ_001161",15,"+",9,15,40,40,"my_test_rsi2",15,0,0,1,"GTAG",NA,"ANCHOR_UNIQUE,CANONICAL,CIRCULAR,PERFECT_EXT,UNAMBIGUOUS_BP"
"791","NW_017739059.1",3520865,3521268,"rsi_circ_001162",2,"+",1,2,5,5,"my_test_rsi2",2,0,0,1,"GTAG",NA,"ANCHOR_UNIQUE,CANONICAL,CIRCULAR,PERFECT_EXT,UNAMBIGUOUS_BP"
"792","NW_017739165.1",237513,240823,"rsi_circ_001163",109,"-",49,97,40,40,"my_test_rsi2",109,1,0,1,"GTAG",NA,"ANCHOR_UNIQUE,CANONICAL,CIRCULAR,GOOD_EXT,UNAMBIGUOUS_BP"
"793","NW_017739103.1",158837,168078,"rsi_circ_001166",3,"+",3,2,40,40,"my_test_rsi2",3,1,0,1,"GTAG",NA,"ANCHOR_UNIQUE,CANONICAL,CIRCULAR,GOOD_EXT,UNAMBIGUOUS_BP"
"794","NW_017739180.1",330011,341009,"rsi_circ_001167",4,"-",3,3,40,40,"my_test_rsi2",4,0,0,1,"GTAG",NA,"ANCHOR_UNIQUE,CANONICAL,CIRCULAR,PERFECT_EXT,UNAMBIGUOUS_BP"
"795","NW_017739115.1",3624351,3633273,"rsi_circ_001168",2,"+",2,1,4,40,"my_test_rsi2",2,0,0,1,"GTAG",NA,"ANCHOR_UNIQUE,CANONICAL,CIRCULAR,PERFECT_EXT,UNAMBIGUOUS_BP"
"796","NW_017738948.1",10079910,10083137,"rsi_circ_001170",4,"-",3,4,40,40,"my_test_rsi2",4,1,0,1,"GTAG",NA,"ANCHOR_UNIQUE,CANONICAL,CIRCULAR,GOOD_EXT,UNAMBIGUOUS_BP"
"797","NW_017739306.1",4040849,4047447,"rsi_circ_001171",4,"-",2,2,5,5,"my_test_rsi2",4,1,0,1,"GTAG",NA,"ANCHOR_UNIQUE,CANONICAL,CIRCULAR,GOOD_EXT,UNAMBIGUOUS_BP"
"798","NW_017739016.1",6456159,6464477,"rsi_circ_001172",5,"+",2,5,5,35,"my_test_rsi2",5,0,0,1,"GTAG",NA,"ANCHOR_UNIQUE,CANONICAL,CIRCULAR,PERFECT_EXT,UNAMBIGUOUS_BP"
"799","NW_017739025.1",7267309,7270934,"rsi_circ_001173",2,"+",2,2,40,40,"my_test_rsi2",2,0,0,1,"GTAG",NA,"ANCHOR_UNIQUE,CANONICAL,CIRCULAR,PERFECT_EXT,UNAMBIGUOUS_BP"
"800","NW_017739247.1",401181,428293,"rsi_circ_001174",2,"+",1,2,35,5,"my_test_rsi2",2,0,0,1,"GTAG",NA,"ANCHOR_UNIQUE,CANONICAL,CIRCULAR,PERFECT_EXT,UNAMBIGUOUS_BP"
"801","NW_017739267.1",203795,208034,"rsi_circ_001175",21,"+",9,17,40,40,"my_test_rsi2",21,0,0,1,"GTAG",NA,"ANCHOR_UNIQUE,CANONICAL,CIRCULAR,PERFECT_EXT,UNAMBIGUOUS_BP"
"802","NW_017738934.1",4712365,4718966,"rsi_circ_001176",15,"-",10,14,40,40,"my_test_rsi2",15,0,0,1,"GTAG",NA,"ANCHOR_UNIQUE,CANONICAL,CIRCULAR,PERFECT_EXT,UNAMBIGUOUS_BP"
"803","NW_017739478.1",215667,236586,"rsi_circ_001177",4,"+",2,4,40,40,"my_test_rsi2",4,1,0,1,"GTAG",NA,"ANCHOR_UNIQUE,CANONICAL,CIRCULAR,GOOD_EXT,UNAMBIGUOUS_BP"
"804","NW_017739182.1",596176,596912,"rsi_circ_001178",2,"+",2,2,5,40,"my_test_rsi2",2,2,0,1,"GTAG",NA,"ANCHOR_UNIQUE,CANONICAL,CIRCULAR,OK_EXT,UNAMBIGUOUS_BP"
"805","NW_017738970.1",15769350,15777733,"rsi_circ_001179",2,"-",2,2,5,40,"my_test_rsi2",2,0,0,1,"GTAG",NA,"ANCHOR_UNIQUE,CANONICAL,CIRCULAR,PERFECT_EXT,UNAMBIGUOUS_BP"
"806","NW_017739008.1",2626016,2638248,"rsi_circ_001181",32,"+",15,32,40,40,"my_test_rsi2",32,0,0,1,"GTAG",NA,"ANCHOR_UNIQUE,CANONICAL,CIRCULAR,PERFECT_EXT,UNAMBIGUOUS_BP"
"807","NW_017738975.1",4626327,4629598,"rsi_circ_001182",6,"+",4,6,40,40,"my_test_rsi2",6,0,0,1,"GTAG",NA,"ANCHOR_UNIQUE,CANONICAL,CIRCULAR,PERFECT_EXT,UNAMBIGUOUS_BP"
"808","NW_017739350.1",3959062,3973052,"rsi_circ_001183",14,"+",6,14,40,40,"my_test_rsi2",14,0,0,1,"GTAG",NA,"ANCHOR_UNIQUE,CANONICAL,CIRCULAR,PERFECT_EXT,UNAMBIGUOUS_BP"
"809","NW_017739039.1",2837735,2872085,"rsi_circ_001184",3,"+",1,3,5,40,"my_test_rsi2",3,0,0,1,"GTAG",NA,"ANCHOR_UNIQUE,CANONICAL,CIRCULAR,PERFECT_EXT,UNAMBIGUOUS_BP"
"810","NW_017739179.1",3005037,3007977,"rsi_circ_001185",7,"+",5,5,40,35,"my_test_rsi2",7,0,0,1,"GTAG",NA,"ANCHOR_UNIQUE,CANONICAL,CIRCULAR,PERFECT_EXT,UNAMBIGUOUS_BP"
"811","NW_017739263.1",213328,219479,"rsi_circ_001186",8,"-",3,8,40,40,"my_test_rsi2",8,0,0,1,"GTAG",NA,"ANCHOR_UNIQUE,CANONICAL,CIRCULAR,PERFECT_EXT,UNAMBIGUOUS_BP"
"812","NW_017739035.1",2060722,2071699,"rsi_circ_001188",8,"+",5,8,40,40,"my_test_rsi2",8,0,0,1,"GTAG",NA,"ANCHOR_UNIQUE,CANONICAL,CIRCULAR,PERFECT_EXT,UNAMBIGUOUS_BP"
"813","NW_017739275.1",483236,483415,"rsi_circ_001190",3,"-",1,3,5,40,"my_test_rsi2",3,1,0,1,"GTAG",NA,"ANCHOR_UNIQUE,CANONICAL,CIRCULAR,GOOD_EXT,UNAMBIGUOUS_BP"
"814","NW_017738927.1",5105933,5116874,"rsi_circ_001191",2,"-",1,2,40,5,"my_test_rsi2",2,0,0,1,"GTAG",NA,"ANCHOR_UNIQUE,CANONICAL,CIRCULAR,PERFECT_EXT,UNAMBIGUOUS_BP"
"815","NW_017739092.1",2638098,2663004,"rsi_circ_001192",3,"+",2,3,5,40,"my_test_rsi2",3,2,0,1,"GTAG",NA,"ANCHOR_UNIQUE,CANONICAL,CIRCULAR,OK_EXT,UNAMBIGUOUS_BP"
"816","NW_017739694.1",315481,325143,"rsi_circ_001193",2,"-",1,2,40,40,"my_test_rsi2",2,0,0,1,"GTAG",NA,"ANCHOR_UNIQUE,CANONICAL,CIRCULAR,PERFECT_EXT,UNAMBIGUOUS_BP"
"817","NW_017738968.1",4230139,4232791,"rsi_circ_001194",3,"-",1,3,5,5,"my_test_rsi2",3,0,0,1,"GTAG",NA,"ANCHOR_UNIQUE,CANONICAL,CIRCULAR,PERFECT_EXT,UNAMBIGUOUS_BP"
"818","NW_017739327.1",56669,58058,"rsi_circ_001195",4,"-",2,4,5,40,"my_test_rsi2",4,0,0,1,"GTAG",NA,"ANCHOR_UNIQUE,CANONICAL,CIRCULAR,PERFECT_EXT,UNAMBIGUOUS_BP"
"819","NW_017739090.1",2847096,2849523,"rsi_circ_001196",4,"+",2,4,5,40,"my_test_rsi2",4,1,0,1,"GTAG",NA,"ANCHOR_UNIQUE,CANONICAL,CIRCULAR,GOOD_EXT,UNAMBIGUOUS_BP"
"820","NW_017739286.1",1316498,1323008,"rsi_circ_001197",4,"+",1,4,40,5,"my_test_rsi2",4,1,0,1,"GTAG",NA,"ANCHOR_UNIQUE,CANONICAL,CIRCULAR,GOOD_EXT,UNAMBIGUOUS_BP"
"821","NW_017739666.1",310730,330398,"rsi_circ_001199",2,"+",1,2,5,40,"my_test_rsi2",2,0,0,1,"GTAG",NA,"ANCHOR_UNIQUE,CANONICAL,CIRCULAR,PERFECT_EXT,UNAMBIGUOUS_BP"
"822","NW_017739455.1",565725,571733,"rsi_circ_001200",4,"+",3,4,40,40,"my_test_rsi2",4,1,0,1,"GTAG",NA,"ANCHOR_UNIQUE,CANONICAL,CIRCULAR,GOOD_EXT,UNAMBIGUOUS_BP"
"823","NW_017739433.1",437198,439189,"rsi_circ_001201",2,"-",1,2,40,5,"my_test_rsi2",2,0,0,1,"GTAG",NA,"ANCHOR_UNIQUE,CANONICAL,CIRCULAR,PERFECT_EXT,UNAMBIGUOUS_BP"
"824","NW_017738992.1",3910861,3940107,"rsi_circ_001202",5,"+",3,5,40,40,"my_test_rsi2",5,0,0,1,"GTAG",NA,"ANCHOR_UNIQUE,CANONICAL,CIRCULAR,PERFECT_EXT,UNAMBIGUOUS_BP"
"825","NW_017739476.1",854028,897241,"rsi_circ_001203",3,"-",3,3,40,40,"my_test_rsi2",3,0,0,1,"GTAG",NA,"ANCHOR_UNIQUE,CANONICAL,CIRCULAR,PERFECT_EXT,UNAMBIGUOUS_BP"
"826","NW_017739244.1",2857507,2877887,"rsi_circ_001204",11,"+",5,11,40,40,"my_test_rsi2",11,1,0,1,"GTAG",NA,"ANCHOR_UNIQUE,CANONICAL,CIRCULAR,GOOD_EXT,UNAMBIGUOUS_BP"
"827","NW_017739521.1",307379,316133,"rsi_circ_001205",2,"-",1,2,40,5,"my_test_rsi2",2,0,0,1,"GTAG",NA,"ANCHOR_UNIQUE,CANONICAL,CIRCULAR,PERFECT_EXT,UNAMBIGUOUS_BP"
"828","NW_017739010.1",2773851,2777294,"rsi_circ_001206",4,"+",2,3,5,5,"my_test_rsi2",4,1,0,1,"GTAG",NA,"ANCHOR_UNIQUE,CANONICAL,CIRCULAR,GOOD_EXT,UNAMBIGUOUS_BP"
"829","NW_017738972.1",5204424,5204621,"rsi_circ_001207",4,"+",1,4,40,40,"my_test_rsi2",4,0,0,1,"GTAG",NA,"ANCHOR_UNIQUE,CANONICAL,CIRCULAR,PERFECT_EXT,UNAMBIGUOUS_BP"
"830","NW_017739071.1",3311025,3315957,"rsi_circ_001208",6,"+",3,2,40,5,"my_test_rsi2",6,0,0,1,"GTAG",NA,"ANCHOR_UNIQUE,CANONICAL,CIRCULAR,PERFECT_EXT,UNAMBIGUOUS_BP"
"831","NW_017739427.1",194629,196553,"rsi_circ_001209",4,"-",1,4,40,40,"my_test_rsi2",4,0,0,1,"GTAG",NA,"ANCHOR_UNIQUE,CANONICAL,CIRCULAR,PERFECT_EXT,UNAMBIGUOUS_BP"
"832","NW_017739024.1",642247,643809,"rsi_circ_001211",6,"-",3,5,5,40,"my_test_rsi2",6,0,0,1,"GTAG",NA,"ANCHOR_UNIQUE,CANONICAL,CIRCULAR,PERFECT_EXT,UNAMBIGUOUS_BP"
"833","NW_017739473.1",255839,257052,"rsi_circ_001212",2,"-",1,2,40,40,"my_test_rsi2",2,0,0,1,"GTAG",NA,"ANCHOR_UNIQUE,CANONICAL,CIRCULAR,PERFECT_EXT,UNAMBIGUOUS_BP"
"834","NW_017739086.1",3297840,3304511,"rsi_circ_001213",3,"+",1,3,40,5,"my_test_rsi2",3,0,0,1,"GTAG",NA,"ANCHOR_UNIQUE,CANONICAL,CIRCULAR,PERFECT_EXT,UNAMBIGUOUS_BP"
"835","NW_017739465.1",1216461,1216892,"rsi_circ_001215",38,"+",27,36,40,40,"my_test_rsi2",38,0,0,1,"GTAG",NA,"ANCHOR_UNIQUE,CANONICAL,CIRCULAR,PERFECT_EXT,UNAMBIGUOUS_BP"
"836","NW_017739478.1",1394735,1395844,"rsi_circ_001217",3,"+",1,3,40,40,"my_test_rsi2",3,0,0,1,"GTAG",NA,"ANCHOR_UNIQUE,CANONICAL,CIRCULAR,PERFECT_EXT,UNAMBIGUOUS_BP"
"837","NW_017738965.1",993245,995223,"rsi_circ_001219",2,"+",1,2,40,5,"my_test_rsi2",2,0,0,1,"GTAG",NA,"ANCHOR_UNIQUE,CANONICAL,CIRCULAR,PERFECT_EXT,UNAMBIGUOUS_BP"
"838","NW_017738931.1",5712001,5720269,"rsi_circ_001221",3,"-",3,2,40,40,"my_test_rsi2",3,1,0,1,"GTAG",NA,"ANCHOR_UNIQUE,CANONICAL,CIRCULAR,GOOD_EXT,UNAMBIGUOUS_BP"
"839","NW_017738956.1",1564580,1566288,"rsi_circ_001222",6,"+",5,6,40,40,"my_test_rsi2",6,0,0,1,"GTAG",NA,"ANCHOR_UNIQUE,CANONICAL,CIRCULAR,PERFECT_EXT,UNAMBIGUOUS_BP"
"840","NW_017738980.1",245439,259807,"rsi_circ_001224",8,"+",5,8,40,40,"my_test_rsi2",8,0,0,1,"GTAG",NA,"ANCHOR_UNIQUE,CANONICAL,CIRCULAR,PERFECT_EXT,UNAMBIGUOUS_BP"
"841","NW_017739040.1",7123886,7158395,"rsi_circ_001225",5,"+",2,5,40,40,"my_test_rsi2",5,0,0,1,"GTAG",NA,"ANCHOR_UNIQUE,CANONICAL,CIRCULAR,PERFECT_EXT,UNAMBIGUOUS_BP"
"842","NW_017739211.1",3631727,3633469,"rsi_circ_001226",14,"-",10,14,40,40,"my_test_rsi2",14,0,0,1,"GTAG",NA,"ANCHOR_UNIQUE,CANONICAL,CIRCULAR,PERFECT_EXT,UNAMBIGUOUS_BP"
"843","NW_017738955.1",5346057,5366258,"rsi_circ_001227",12,"+",7,12,40,40,"my_test_rsi2",12,0,0,1,"GTAG",NA,"ANCHOR_UNIQUE,CANONICAL,CIRCULAR,PERFECT_EXT,UNAMBIGUOUS_BP"
"844","NW_017738956.1",3498397,3521903,"rsi_circ_001228",8,"-",3,8,40,40,"my_test_rsi2",8,0,0,1,"GTAG",NA,"ANCHOR_UNIQUE,CANONICAL,CIRCULAR,PERFECT_EXT,UNAMBIGUOUS_BP"
"845","NW_017739395.1",833146,835079,"rsi_circ_001229",22,"+",12,22,40,40,"my_test_rsi2",22,0,0,1,"GTAG",NA,"ANCHOR_UNIQUE,CANONICAL,CIRCULAR,PERFECT_EXT,UNAMBIGUOUS_BP"
"846","NW_017738956.1",1359751,1362176,"rsi_circ_001231",2,"-",1,2,40,5,"my_test_rsi2",2,0,0,1,"GTAG",NA,"ANCHOR_UNIQUE,CANONICAL,CIRCULAR,PERFECT_EXT,UNAMBIGUOUS_BP"
"847","NW_017738926.1",4677459,4697718,"rsi_circ_001232",2,"+",1,2,5,40,"my_test_rsi2",2,0,0,1,"GTAG",NA,"ANCHOR_UNIQUE,CANONICAL,CIRCULAR,PERFECT_EXT,UNAMBIGUOUS_BP"
"848","NW_017739035.1",718368,736218,"rsi_circ_001233",2,"+",2,2,40,40,"my_test_rsi2",2,0,0,1,"GTAG",NA,"ANCHOR_UNIQUE,CANONICAL,CIRCULAR,PERFECT_EXT,UNAMBIGUOUS_BP"
"849","NW_017739040.1",8056759,8057272,"rsi_circ_001234",4,"-",2,4,5,40,"my_test_rsi2",4,1,0,1,"GTAG",NA,"ANCHOR_UNIQUE,CANONICAL,CIRCULAR,GOOD_EXT,UNAMBIGUOUS_BP"
"850","NW_017739085.1",5041,63337,"rsi_circ_001235",10,"+",8,9,40,40,"my_test_rsi2",10,0,0,1,"GTAG",NA,"ANCHOR_UNIQUE,CANONICAL,CIRCULAR,PERFECT_EXT,UNAMBIGUOUS_BP"
"851","NW_017739190.1",2325894,2353675,"rsi_circ_001236",2,"-",1,2,40,5,"my_test_rsi2",2,0,0,1,"GTAG",NA,"ANCHOR_UNIQUE,CANONICAL,CIRCULAR,PERFECT_EXT,UNAMBIGUOUS_BP"
"852","NW_017739633.1",625840,627631,"rsi_circ_001238",2,"+",1,2,40,40,"my_test_rsi2",2,0,0,1,"GTAG",NA,"ANCHOR_UNIQUE,CANONICAL,CIRCULAR,PERFECT_EXT,UNAMBIGUOUS_BP"
"853","NW_017739128.1",192691,195212,"rsi_circ_001239",3,"-",1,3,40,5,"my_test_rsi2",3,1,0,1,"GTAG",NA,"ANCHOR_UNIQUE,CANONICAL,CIRCULAR,GOOD_EXT,UNAMBIGUOUS_BP"
"854","NW_017739015.1",7248743,7255383,"rsi_circ_001240",5,"-",2,5,40,40,"my_test_rsi2",5,0,0,1,"GTAG",NA,"ANCHOR_UNIQUE,CANONICAL,CIRCULAR,PERFECT_EXT,UNAMBIGUOUS_BP"
"855","NW_017739001.1",1815665,1831361,"rsi_circ_001241",4,"-",3,4,40,40,"my_test_rsi2",4,0,0,1,"GTAG",NA,"ANCHOR_UNIQUE,CANONICAL,CIRCULAR,PERFECT_EXT,UNAMBIGUOUS_BP"
"856","NW_017738942.1",2490602,2493590,"rsi_circ_001242",29,"+",16,29,40,40,"my_test_rsi2",29,0,0,1,"GTAG",NA,"ANCHOR_UNIQUE,CANONICAL,CIRCULAR,PERFECT_EXT,UNAMBIGUOUS_BP"
"857","NW_017738957.1",794259,814757,"rsi_circ_001243",4,"+",3,4,40,40,"my_test_rsi2",4,0,0,1,"GTAG",NA,"ANCHOR_UNIQUE,CANONICAL,CIRCULAR,PERFECT_EXT,UNAMBIGUOUS_BP"
"858","NW_017739732.1",100258,101351,"rsi_circ_001244",3,"-",3,3,40,5,"my_test_rsi2",3,0,0,1,"GTAG",NA,"ANCHOR_UNIQUE,CANONICAL,CIRCULAR,PERFECT_EXT,UNAMBIGUOUS_BP"
"859","NW_017738924.1",9320775,9322927,"rsi_circ_001245",2,"+",2,2,40,40,"my_test_rsi2",2,0,0,1,"GTAG",NA,"ANCHOR_UNIQUE,CANONICAL,CIRCULAR,PERFECT_EXT,UNAMBIGUOUS_BP"
"860","NW_017738972.1",1086561,1088726,"rsi_circ_001246",5,"+",2,5,40,40,"my_test_rsi2",5,0,0,1,"GTAG",NA,"ANCHOR_UNIQUE,CANONICAL,CIRCULAR,PERFECT_EXT,UNAMBIGUOUS_BP"
"861","NW_017739416.1",883920,888741,"rsi_circ_001247",10,"-",6,10,40,40,"my_test_rsi2",10,0,0,1,"GTAG",NA,"ANCHOR_UNIQUE,CANONICAL,CIRCULAR,PERFECT_EXT,UNAMBIGUOUS_BP"
"862","NW_017738973.1",439312,439619,"rsi_circ_001249",27,"+",14,24,40,40,"my_test_rsi2",27,0,0,1,"GTAG",NA,"ANCHOR_UNIQUE,CANONICAL,CIRCULAR,PERFECT_EXT,UNAMBIGUOUS_BP"
"863","NW_017739241.1",312030,316836,"rsi_circ_001250",2,"-",2,2,40,5,"my_test_rsi2",2,1,0,1,"GTAG",NA,"ANCHOR_UNIQUE,CANONICAL,CIRCULAR,GOOD_EXT,UNAMBIGUOUS_BP"
"864","NW_017738939.1",1700532,1723429,"rsi_circ_001251",2,"+",2,2,40,40,"my_test_rsi2",2,0,0,1,"GTAG",NA,"ANCHOR_UNIQUE,CANONICAL,CIRCULAR,PERFECT_EXT,UNAMBIGUOUS_BP"
"865","NW_017738942.1",1259929,1272113,"rsi_circ_001253",3,"+",2,3,5,40,"my_test_rsi2",3,0,0,1,"GTAG",NA,"ANCHOR_UNIQUE,CANONICAL,CIRCULAR,PERFECT_EXT,UNAMBIGUOUS_BP"
"866","NW_017739499.1",92476,92823,"rsi_circ_001254",3,"-",2,3,40,5,"my_test_rsi2",3,0,0,1,"GTAG",NA,"ANCHOR_UNIQUE,CANONICAL,CIRCULAR,PERFECT_EXT,UNAMBIGUOUS_BP"
"867","NW_017739167.1",2311512,2390207,"rsi_circ_001256",2,"+",1,2,40,40,"my_test_rsi2",2,0,0,1,"GTAG",NA,"ANCHOR_UNIQUE,CANONICAL,CIRCULAR,PERFECT_EXT,UNAMBIGUOUS_BP"
"868","NW_017738944.1",1866815,1897889,"rsi_circ_001258",2,"-",2,1,40,40,"my_test_rsi2",2,0,0,1,"GTAG",NA,"ANCHOR_UNIQUE,CANONICAL,CIRCULAR,PERFECT_EXT,UNAMBIGUOUS_BP"
"869","NW_017738971.1",3692346,3698216,"rsi_circ_001261",2,"-",1,2,5,40,"my_test_rsi2",2,0,0,1,"GTAG",NA,"ANCHOR_UNIQUE,CANONICAL,CIRCULAR,PERFECT_EXT,UNAMBIGUOUS_BP"
"870","NW_017738943.1",12858586,12864381,"rsi_circ_001263",2,"-",2,2,40,40,"my_test_rsi2",2,0,0,1,"GTAG",NA,"ANCHOR_UNIQUE,CANONICAL,CIRCULAR,PERFECT_EXT,UNAMBIGUOUS_BP"
"871","NW_017738979.1",5418020,5422198,"rsi_circ_001264",4,"+",1,4,5,5,"my_test_rsi2",4,0,0,1,"GTAG",NA,"ANCHOR_UNIQUE,CANONICAL,CIRCULAR,PERFECT_EXT,UNAMBIGUOUS_BP"
"872","NW_017738933.1",11909308,11916546,"rsi_circ_001265",3,"+",2,3,40,40,"my_test_rsi2",3,1,0,1,"GTAG",NA,"ANCHOR_UNIQUE,CANONICAL,CIRCULAR,GOOD_EXT,UNAMBIGUOUS_BP"
"873","NW_017738935.1",5032549,5049643,"rsi_circ_001267",3,"+",3,3,40,40,"my_test_rsi2",3,0,0,1,"GTAG",NA,"ANCHOR_UNIQUE,CANONICAL,CIRCULAR,PERFECT_EXT,UNAMBIGUOUS_BP"
"874","NW_017738926.1",2308014,2311451,"rsi_circ_001269",3,"-",2,3,40,40,"my_test_rsi2",3,0,0,1,"GTAG",NA,"ANCHOR_UNIQUE,CANONICAL,CIRCULAR,PERFECT_EXT,UNAMBIGUOUS_BP"
"875","NW_017739349.1",646517,657929,"rsi_circ_001271",23,"+",8,23,40,40,"my_test_rsi2",23,0,0,1,"GTAG",NA,"ANCHOR_UNIQUE,CANONICAL,CIRCULAR,PERFECT_EXT,UNAMBIGUOUS_BP"
"876","NW_017739089.1",8183231,8187830,"rsi_circ_001274",9,"-",7,9,40,40,"my_test_rsi2",9,0,0,1,"GTAG",NA,"ANCHOR_UNIQUE,CANONICAL,CIRCULAR,PERFECT_EXT,UNAMBIGUOUS_BP"
"877","NW_017739642.1",218009,223396,"rsi_circ_001275",2,"+",1,2,5,5,"my_test_rsi2",2,0,0,1,"GTAG",NA,"ANCHOR_UNIQUE,CANONICAL,CIRCULAR,PERFECT_EXT,UNAMBIGUOUS_BP"
"878","NW_017739582.1",142548,142793,"rsi_circ_001276",2,"-",1,2,40,40,"my_test_rsi2",2,1,0,1,"GTAG",NA,"ANCHOR_UNIQUE,CANONICAL,CIRCULAR,GOOD_EXT,UNAMBIGUOUS_BP"
"879","NW_017738927.1",5105933,5124374,"rsi_circ_001277",14,"-",6,13,40,40,"my_test_rsi2",14,0,0,1,"GTAG",NA,"ANCHOR_UNIQUE,CANONICAL,CIRCULAR,PERFECT_EXT,UNAMBIGUOUS_BP"
"880","NW_017738992.1",2197378,2197962,"rsi_circ_001278",2,"-",2,2,40,39,"my_test_rsi2",2,0,0,1,"GTAG",NA,"ANCHOR_UNIQUE,CANONICAL,CIRCULAR,PERFECT_EXT,UNAMBIGUOUS_BP"
"881","NW_017738943.1",10822868,10823100,"rsi_circ_001280",2,"+",2,2,40,40,"my_test_rsi2",2,0,0,1,"GTAG",NA,"ANCHOR_UNIQUE,CANONICAL,CIRCULAR,PERFECT_EXT,UNAMBIGUOUS_BP"
"882","NW_017739606.1",22722,80746,"rsi_circ_001282",3,"+",2,3,40,40,"my_test_rsi2",3,0,0,1,"GTAG",NA,"ANCHOR_UNIQUE,CANONICAL,CIRCULAR,PERFECT_EXT,UNAMBIGUOUS_BP"
"883","NW_017738979.1",6397590,6416324,"rsi_circ_001285",4,"+",2,4,40,40,"my_test_rsi2",4,1,0,1,"GTAG",NA,"ANCHOR_UNIQUE,CANONICAL,CIRCULAR,GOOD_EXT,UNAMBIGUOUS_BP"
"884","NW_017739206.1",1332488,1338132,"rsi_circ_001286",2,"+",1,2,40,5,"my_test_rsi2",2,1,0,1,"GTAG",NA,"ANCHOR_UNIQUE,CANONICAL,CIRCULAR,GOOD_EXT,UNAMBIGUOUS_BP"
"885","NW_017739143.1",1641028,1648401,"rsi_circ_001287",2,"-",2,2,5,40,"my_test_rsi2",2,0,0,1,"GTAG",NA,"ANCHOR_UNIQUE,CANONICAL,CIRCULAR,PERFECT_EXT,UNAMBIGUOUS_BP"
"886","NW_017739634.1",874519,889907,"rsi_circ_001288",2,"+",1,2,40,40,"my_test_rsi2",2,0,0,1,"GTAG",NA,"ANCHOR_UNIQUE,CANONICAL,CIRCULAR,PERFECT_EXT,UNAMBIGUOUS_BP"
"887","NW_017739226.1",837050,843940,"rsi_circ_001289",2,"+",1,2,4,5,"my_test_rsi2",2,1,0,1,"GTAG",NA,"ANCHOR_UNIQUE,CANONICAL,CIRCULAR,GOOD_EXT,UNAMBIGUOUS_BP"
"888","NW_017738923.1",15035507,15048180,"rsi_circ_001290",2,"-",1,2,40,40,"my_test_rsi2",2,0,0,1,"GTAG",NA,"ANCHOR_UNIQUE,CANONICAL,CIRCULAR,PERFECT_EXT,UNAMBIGUOUS_BP"
"889","NW_017739341.1",262133,281621,"rsi_circ_001292",2,"+",2,2,40,5,"my_test_rsi2",2,2,0,1,"GTAG",NA,"ANCHOR_UNIQUE,CANONICAL,CIRCULAR,OK_EXT,UNAMBIGUOUS_BP"
"890","NW_017739004.1",8120224,8169019,"rsi_circ_001293",2,"+",1,2,40,5,"my_test_rsi2",2,0,0,1,"GTAG",NA,"ANCHOR_UNIQUE,CANONICAL,CIRCULAR,PERFECT_EXT,UNAMBIGUOUS_BP"
"891","NW_017739306.1",2685650,2714692,"rsi_circ_001294",2,"+",1,2,40,5,"my_test_rsi2",2,1,0,1,"GTAG",NA,"ANCHOR_UNIQUE,CANONICAL,CIRCULAR,GOOD_EXT,UNAMBIGUOUS_BP"
"892","NW_017739712.1",146745,155952,"rsi_circ_001297",3,"-",1,3,35,35,"my_test_rsi2",3,2,0,1,"GTAG",NA,"ANCHOR_UNIQUE,CANONICAL,CIRCULAR,OK_EXT,UNAMBIGUOUS_BP"
"893","NW_017739015.1",6466400,6472353,"rsi_circ_001298",3,"+",1,3,5,5,"my_test_rsi2",3,1,0,1,"GTAG",NA,"ANCHOR_UNIQUE,CANONICAL,CIRCULAR,GOOD_EXT,UNAMBIGUOUS_BP"
"894","NW_017739638.1",741598,745462,"rsi_circ_001299",3,"+",1,3,5,40,"my_test_rsi2",3,0,0,1,"GTAG",NA,"ANCHOR_UNIQUE,CANONICAL,CIRCULAR,PERFECT_EXT,UNAMBIGUOUS_BP"
"895","NW_017739647.1",291215,291894,"rsi_circ_001300",2,"-",1,2,40,5,"my_test_rsi2",2,0,0,1,"GTAG",NA,"ANCHOR_UNIQUE,CANONICAL,CIRCULAR,PERFECT_EXT,UNAMBIGUOUS_BP"
"896","NW_017739143.1",1619005,1651900,"rsi_circ_001303",28,"-",13,28,40,40,"my_test_rsi2",28,0,0,1,"GTAG",NA,"ANCHOR_UNIQUE,CANONICAL,CIRCULAR,PERFECT_EXT,UNAMBIGUOUS_BP"
"897","NW_017739557.1",54012,56141,"rsi_circ_001304",45,"-",18,40,40,40,"my_test_rsi2",45,1,0,1,"GTAG",NA,"ANCHOR_UNIQUE,CANONICAL,CIRCULAR,GOOD_EXT,UNAMBIGUOUS_BP"
"898","NW_017739327.1",577406,583559,"rsi_circ_001306",2,"-",1,2,40,40,"my_test_rsi2",2,0,0,1,"GTAG",NA,"ANCHOR_UNIQUE,CANONICAL,CIRCULAR,PERFECT_EXT,UNAMBIGUOUS_BP"
"899","NW_017739046.1",4262137,4272270,"rsi_circ_001307",9,"+",4,9,40,40,"my_test_rsi2",9,1,0,1,"GTAG",NA,"ANCHOR_UNIQUE,CANONICAL,CIRCULAR,GOOD_EXT,UNAMBIGUOUS_BP"
"900","NW_017738931.1",3441796,3464956,"rsi_circ_001309",2,"+",1,2,5,40,"my_test_rsi2",2,1,0,1,"GTAG",NA,"ANCHOR_UNIQUE,CANONICAL,CIRCULAR,GOOD_EXT,UNAMBIGUOUS_BP"
"901","NW_017738954.1",1945307,1945549,"rsi_circ_001310",2,"+",2,1,5,40,"my_test_rsi2",2,0,0,1,"GTAG",NA,"ANCHOR_UNIQUE,CANONICAL,CIRCULAR,PERFECT_EXT,UNAMBIGUOUS_BP"
"902","NW_017739003.1",7425099,7469143,"rsi_circ_001312",5,"+",2,5,5,40,"my_test_rsi2",5,0,0,1,"GTAG",NA,"ANCHOR_UNIQUE,CANONICAL,CIRCULAR,PERFECT_EXT,UNAMBIGUOUS_BP"
"903","NW_017739473.1",372190,401529,"rsi_circ_001314",6,"+",1,6,35,40,"my_test_rsi2",6,0,0,1,"GTAG",NA,"ANCHOR_UNIQUE,CANONICAL,CIRCULAR,PERFECT_EXT,UNAMBIGUOUS_BP"
"904","NW_017738968.1",1118288,1118928,"rsi_circ_001315",6,"-",3,6,40,5,"my_test_rsi2",6,0,0,1,"GTAG",NA,"ANCHOR_UNIQUE,CANONICAL,CIRCULAR,PERFECT_EXT,UNAMBIGUOUS_BP"
"905","NW_017739075.1",1131400,1140380,"rsi_circ_001316",23,"+",11,23,40,40,"my_test_rsi2",23,1,0,1,"GTAG",NA,"ANCHOR_UNIQUE,CANONICAL,CIRCULAR,GOOD_EXT,UNAMBIGUOUS_BP"
"906","NW_017739302.1",21491,41595,"rsi_circ_001317",9,"+",6,9,40,40,"my_test_rsi2",9,0,0,1,"GTAG",NA,"ANCHOR_UNIQUE,CANONICAL,CIRCULAR,PERFECT_EXT,UNAMBIGUOUS_BP"
"907","NW_017739480.1",1028150,1030113,"rsi_circ_001319",2,"+",2,2,40,40,"my_test_rsi2",2,1,0,1,"GTAG",NA,"ANCHOR_UNIQUE,CANONICAL,CIRCULAR,GOOD_EXT,UNAMBIGUOUS_BP"
"908","NW_017739147.1",5257449,5257835,"rsi_circ_001320",2,"+",2,2,40,40,"my_test_rsi2",2,1,0,1,"GTAG",NA,"ANCHOR_UNIQUE,CANONICAL,CIRCULAR,GOOD_EXT,UNAMBIGUOUS_BP"
"909","NW_017739226.1",916793,917138,"rsi_circ_001321",6,"+",2,6,40,40,"my_test_rsi2",6,1,0,1,"GTAG",NA,"ANCHOR_UNIQUE,CANONICAL,CIRCULAR,GOOD_EXT,UNAMBIGUOUS_BP"
"910","NW_017739265.1",409479,421300,"rsi_circ_001322",14,"-",10,9,5,40,"my_test_rsi2",14,1,0,1,"GTAG",NA,"ANCHOR_UNIQUE,CANONICAL,CIRCULAR,GOOD_EXT,UNAMBIGUOUS_BP"
"911","NW_017738987.1",5372777,5382078,"rsi_circ_001323",9,"-",5,8,5,40,"my_test_rsi2",9,0,0,1,"GTAG",NA,"ANCHOR_UNIQUE,CANONICAL,CIRCULAR,PERFECT_EXT,UNAMBIGUOUS_BP"
"912","NW_017739208.1",1384949,1386405,"rsi_circ_001324",4,"+",2,2,5,5,"my_test_rsi2",4,0,0,1,"GTAG",NA,"ANCHOR_UNIQUE,CANONICAL,CIRCULAR,PERFECT_EXT,UNAMBIGUOUS_BP"
"913","NW_017738948.1",4272405,4306448,"rsi_circ_001325",2,"+",1,2,5,5,"my_test_rsi2",2,1,0,1,"GTAG",NA,"ANCHOR_UNIQUE,CANONICAL,CIRCULAR,GOOD_EXT,UNAMBIGUOUS_BP"
"914","NW_017739044.1",622829,624348,"rsi_circ_001326",6,"+",4,6,40,40,"my_test_rsi2",6,0,0,1,"GTAG",NA,"ANCHOR_UNIQUE,CANONICAL,CIRCULAR,PERFECT_EXT,UNAMBIGUOUS_BP"
"915","NW_017738960.1",7267801,7299119,"rsi_circ_001327",3,"+",1,3,40,5,"my_test_rsi2",3,0,0,1,"GTAG",NA,"ANCHOR_UNIQUE,CANONICAL,CIRCULAR,PERFECT_EXT,UNAMBIGUOUS_BP"
"916","NW_017738975.1",5798822,5805600,"rsi_circ_001329",3,"+",1,3,40,5,"my_test_rsi2",3,0,0,1,"GTAG",NA,"ANCHOR_UNIQUE,CANONICAL,CIRCULAR,PERFECT_EXT,UNAMBIGUOUS_BP"
"917","NW_017738997.1",2982998,2998018,"rsi_circ_001331",14,"+",6,14,40,40,"my_test_rsi2",14,0,0,1,"GTAG",NA,"ANCHOR_UNIQUE,CANONICAL,CIRCULAR,PERFECT_EXT,UNAMBIGUOUS_BP"
"918","NW_017738927.1",2342321,2346078,"rsi_circ_001332",2,"-",2,2,40,40,"my_test_rsi2",2,0,0,1,"GTAG",NA,"ANCHOR_UNIQUE,CANONICAL,CIRCULAR,PERFECT_EXT,UNAMBIGUOUS_BP"
"919","NW_017739097.1",710168,723895,"rsi_circ_001333",10,"-",7,10,40,40,"my_test_rsi2",10,0,0,1,"GTAG",NA,"ANCHOR_UNIQUE,CANONICAL,CIRCULAR,PERFECT_EXT,UNAMBIGUOUS_BP"
"920","NW_017739070.1",431268,435705,"rsi_circ_001335",6,"-",3,6,40,40,"my_test_rsi2",6,0,0,1,"GTAG",NA,"ANCHOR_UNIQUE,CANONICAL,CIRCULAR,PERFECT_EXT,UNAMBIGUOUS_BP"
"921","NW_017738956.1",2449552,2455194,"rsi_circ_001336",2,"-",2,1,40,40,"my_test_rsi2",2,0,0,1,"GTAG",NA,"ANCHOR_UNIQUE,CANONICAL,CIRCULAR,PERFECT_EXT,UNAMBIGUOUS_BP"
"922","NW_017739325.1",715464,729535,"rsi_circ_001337",2,"+",1,2,40,35,"my_test_rsi2",2,1,0,1,"GTAG",NA,"ANCHOR_UNIQUE,CANONICAL,CIRCULAR,GOOD_EXT,UNAMBIGUOUS_BP"
"923","NW_017739011.1",152090,173842,"rsi_circ_001339",7,"+",2,7,40,40,"my_test_rsi2",7,0,0,1,"GTAG",NA,"ANCHOR_UNIQUE,CANONICAL,CIRCULAR,PERFECT_EXT,UNAMBIGUOUS_BP"
"924","NW_017738940.1",6133336,6141622,"rsi_circ_001340",8,"-",4,8,5,40,"my_test_rsi2",8,0,0,1,"GTAG",NA,"ANCHOR_UNIQUE,CANONICAL,CIRCULAR,PERFECT_EXT,UNAMBIGUOUS_BP"
"925","NW_017738927.1",2330808,2346078,"rsi_circ_001345",2,"-",2,2,40,5,"my_test_rsi2",2,0,0,1,"GTAG",NA,"ANCHOR_UNIQUE,CANONICAL,CIRCULAR,PERFECT_EXT,UNAMBIGUOUS_BP"
"926","NW_017738963.1",438751,442219,"rsi_circ_001346",2,"+",1,2,5,5,"my_test_rsi2",2,0,0,1,"GTAG",NA,"ANCHOR_UNIQUE,CANONICAL,CIRCULAR,PERFECT_EXT,UNAMBIGUOUS_BP"
"927","NW_017739476.1",887252,892187,"rsi_circ_001347",16,"-",8,16,40,40,"my_test_rsi2",16,0,0,1,"GTAG",NA,"ANCHOR_UNIQUE,CANONICAL,CIRCULAR,PERFECT_EXT,UNAMBIGUOUS_BP"
"928","NW_017739074.1",3695378,3702904,"rsi_circ_001348",37,"+",17,33,40,40,"my_test_rsi2",37,0,0,1,"GTAG",NA,"ANCHOR_UNIQUE,CANONICAL,CIRCULAR,PERFECT_EXT,UNAMBIGUOUS_BP"
"929","NW_017739318.1",1178549,1183048,"rsi_circ_001350",2,"-",2,2,40,40,"my_test_rsi2",2,0,0,1,"GTAG",NA,"ANCHOR_UNIQUE,CANONICAL,CIRCULAR,PERFECT_EXT,UNAMBIGUOUS_BP"
"930","NW_017738991.1",1360644,1365517,"rsi_circ_001351",2,"+",1,2,5,40,"my_test_rsi2",2,0,0,1,"GTAG",NA,"ANCHOR_UNIQUE,CANONICAL,CIRCULAR,PERFECT_EXT,UNAMBIGUOUS_BP"
"931","NW_017739185.1",4481616,4486810,"rsi_circ_001352",3,"+",1,3,40,40,"my_test_rsi2",3,1,0,1,"GTAG",NA,"ANCHOR_UNIQUE,CANONICAL,CIRCULAR,GOOD_EXT,UNAMBIGUOUS_BP"
"932","NW_017739088.1",4833977,4847914,"rsi_circ_001353",2,"+",1,2,40,40,"my_test_rsi2",2,2,0,1,"GTAG",NA,"ANCHOR_UNIQUE,CANONICAL,CIRCULAR,OK_EXT,UNAMBIGUOUS_BP"
"933","NW_017738923.1",15059269,15081970,"rsi_circ_001355",5,"-",2,5,40,40,"my_test_rsi2",5,1,0,1,"GTAG",NA,"ANCHOR_UNIQUE,CANONICAL,CIRCULAR,GOOD_EXT,UNAMBIGUOUS_BP"
"934","NW_017739483.1",255689,302770,"rsi_circ_001357",2,"-",2,2,5,40,"my_test_rsi2",2,0,0,1,"GTAG",NA,"ANCHOR_UNIQUE,CANONICAL,CIRCULAR,PERFECT_EXT,UNAMBIGUOUS_BP"
"935","NW_017739477.1",483572,500195,"rsi_circ_001358",10,"-",3,10,40,40,"my_test_rsi2",10,0,0,1,"GTAG",NA,"ANCHOR_UNIQUE,CANONICAL,CIRCULAR,PERFECT_EXT,UNAMBIGUOUS_BP"
"936","NW_017739322.1",3157201,3161866,"rsi_circ_001359",3,"-",2,3,5,40,"my_test_rsi2",3,0,0,1,"GTAG",NA,"ANCHOR_UNIQUE,CANONICAL,CIRCULAR,PERFECT_EXT,UNAMBIGUOUS_BP"
"937","NW_017738971.1",3983601,3992403,"rsi_circ_001360",2,"+",1,2,5,40,"my_test_rsi2",2,0,0,1,"GTAG",NA,"ANCHOR_UNIQUE,CANONICAL,CIRCULAR,PERFECT_EXT,UNAMBIGUOUS_BP"
"938","NW_017739573.1",168989,200843,"rsi_circ_001361",2,"-",1,2,3,40,"my_test_rsi2",2,0,0,1,"GTAG",NA,"ANCHOR_UNIQUE,CANONICAL,CIRCULAR,PERFECT_EXT,UNAMBIGUOUS_BP"
"939","NW_017739242.1",1086956,1100950,"rsi_circ_001363",8,"+",2,8,40,40,"my_test_rsi2",8,0,0,1,"GTAG",NA,"ANCHOR_UNIQUE,CANONICAL,CIRCULAR,PERFECT_EXT,UNAMBIGUOUS_BP"
"940","NW_017739235.1",417423,422524,"rsi_circ_001364",11,"+",6,11,40,40,"my_test_rsi2",11,0,0,1,"GTAG",NA,"ANCHOR_UNIQUE,CANONICAL,CIRCULAR,PERFECT_EXT,UNAMBIGUOUS_BP"
"941","NW_017739246.1",48484,57390,"rsi_circ_001366",2,"-",2,2,40,40,"my_test_rsi2",2,0,0,1,"GTAG",NA,"ANCHOR_UNIQUE,CANONICAL,CIRCULAR,PERFECT_EXT,UNAMBIGUOUS_BP"
"942","NW_017738992.1",3790852,3793163,"rsi_circ_001368",16,"+",6,16,40,40,"my_test_rsi2",16,0,0,1,"GTAG",NA,"ANCHOR_UNIQUE,CANONICAL,CIRCULAR,PERFECT_EXT,UNAMBIGUOUS_BP"
"943","NW_017739244.1",1981332,1989323,"rsi_circ_001369",2,"+",1,2,40,5,"my_test_rsi2",2,0,0,1,"GTAG",NA,"ANCHOR_UNIQUE,CANONICAL,CIRCULAR,PERFECT_EXT,UNAMBIGUOUS_BP"
"944","NW_017739426.1",1072837,1075056,"rsi_circ_001371",9,"+",5,9,40,40,"my_test_rsi2",9,1,0,1,"GTAG",NA,"ANCHOR_UNIQUE,CANONICAL,CIRCULAR,GOOD_EXT,UNAMBIGUOUS_BP"
"945","NW_017739064.1",1719530,1744171,"rsi_circ_001372",3,"-",2,1,40,40,"my_test_rsi2",3,0,0,1,"GTAG",NA,"ANCHOR_UNIQUE,CANONICAL,CIRCULAR,PERFECT_EXT,UNAMBIGUOUS_BP"
"946","NW_017739142.1",969698,989490,"rsi_circ_001373",3,"+",1,3,5,5,"my_test_rsi2",3,0,0,1,"GTAG",NA,"ANCHOR_UNIQUE,CANONICAL,CIRCULAR,PERFECT_EXT,UNAMBIGUOUS_BP"
"947","NW_017738934.1",2961917,2962440,"rsi_circ_001375",2,"+",1,2,35,5,"my_test_rsi2",2,1,0,1,"GTAG",NA,"ANCHOR_UNIQUE,CANONICAL,CIRCULAR,GOOD_EXT,UNAMBIGUOUS_BP"
"948","NW_017739230.1",2032485,2033864,"rsi_circ_001376",246,"+",84,245,40,40,"my_test_rsi2",246,0,0,1,"GTAG",NA,"ANCHOR_UNIQUE,CANONICAL,CIRCULAR,PERFECT_EXT,UNAMBIGUOUS_BP"
"949","NW_017739149.1",2022981,2024328,"rsi_circ_001378",2,"+",1,2,40,40,"my_test_rsi2",2,1,0,1,"GTAG",NA,"ANCHOR_UNIQUE,CANONICAL,CIRCULAR,GOOD_EXT,UNAMBIGUOUS_BP"
"950","NW_017739000.1",2776687,2782785,"rsi_circ_001379",50,"-",26,50,40,40,"my_test_rsi2",50,0,0,1,"GTAG",NA,"ANCHOR_UNIQUE,CANONICAL,CIRCULAR,PERFECT_EXT,UNAMBIGUOUS_BP"
"951","NW_017738935.1",1550422,1558448,"rsi_circ_001380",2,"+",1,2,40,40,"my_test_rsi2",2,1,0,1,"GTAG",NA,"ANCHOR_UNIQUE,CANONICAL,CIRCULAR,GOOD_EXT,UNAMBIGUOUS_BP"
"952","NW_017739642.1",104463,113269,"rsi_circ_001381",8,"-",5,8,40,40,"my_test_rsi2",8,0,0,1,"GTAG",NA,"ANCHOR_UNIQUE,CANONICAL,CIRCULAR,PERFECT_EXT,UNAMBIGUOUS_BP"
"953","NW_017739019.1",5738247,5739172,"rsi_circ_001382",2,"+",1,2,5,40,"my_test_rsi2",2,1,0,1,"GTAG",NA,"ANCHOR_UNIQUE,CANONICAL,CIRCULAR,GOOD_EXT,UNAMBIGUOUS_BP"
"954","NW_017739689.1",197028,199456,"rsi_circ_001384",7,"-",1,7,5,35,"my_test_rsi2",7,2,0,1,"GTAG",NA,"ANCHOR_UNIQUE,CANONICAL,CIRCULAR,OK_EXT,UNAMBIGUOUS_BP"
"955","NW_017738936.1",6220063,6224749,"rsi_circ_001388",3,"-",1,3,5,5,"my_test_rsi2",3,0,0,1,"GTAG",NA,"ANCHOR_UNIQUE,CANONICAL,CIRCULAR,PERFECT_EXT,UNAMBIGUOUS_BP"
"956","NW_017739600.1",877444,877800,"rsi_circ_001389",2,"+",2,2,40,40,"my_test_rsi2",2,0,0,1,"GTAG",NA,"ANCHOR_UNIQUE,CANONICAL,CIRCULAR,PERFECT_EXT,UNAMBIGUOUS_BP"
"957","NW_017738970.1",3163880,3182441,"rsi_circ_001390",8,"-",2,8,35,35,"my_test_rsi2",8,0,0,1,"GTAG",NA,"ANCHOR_UNIQUE,CANONICAL,CIRCULAR,PERFECT_EXT,UNAMBIGUOUS_BP"
"958","NW_017739160.1",1157758,1162998,"rsi_circ_001391",3,"-",1,3,5,40,"my_test_rsi2",3,1,0,1,"GTAG",NA,"ANCHOR_UNIQUE,CANONICAL,CIRCULAR,GOOD_EXT,UNAMBIGUOUS_BP"
"959","NW_017739596.1",70937,132813,"rsi_circ_001394",2,"-",2,2,5,40,"my_test_rsi2",2,0,0,1,"GTAG",NA,"ANCHOR_UNIQUE,CANONICAL,CIRCULAR,PERFECT_EXT,UNAMBIGUOUS_BP"
"960","NW_017739089.1",6367212,6371260,"rsi_circ_001395",9,"-",6,9,40,40,"my_test_rsi2",9,0,0,1,"GTAG",NA,"ANCHOR_UNIQUE,CANONICAL,CIRCULAR,PERFECT_EXT,UNAMBIGUOUS_BP"
"961","NW_017738943.1",13156041,13171162,"rsi_circ_001397",4,"-",2,4,40,40,"my_test_rsi2",4,0,0,1,"GTAG",NA,"ANCHOR_UNIQUE,CANONICAL,CIRCULAR,PERFECT_EXT,UNAMBIGUOUS_BP"
"962","NW_017739150.1",318018,322697,"rsi_circ_001399",25,"+",15,25,40,40,"my_test_rsi2",25,0,0,1,"GTAG",NA,"ANCHOR_UNIQUE,CANONICAL,CIRCULAR,PERFECT_EXT,UNAMBIGUOUS_BP"
"963","NW_017739067.1",1876806,1882449,"rsi_circ_001401",10,"+",4,10,40,35,"my_test_rsi2",10,0,0,1,"GTAG",NA,"ANCHOR_UNIQUE,CANONICAL,CIRCULAR,PERFECT_EXT,UNAMBIGUOUS_BP"
"964","NW_017739831.1",87336,90043,"rsi_circ_001403",6,"-",3,6,40,40,"my_test_rsi2",6,0,0,1,"GTAG",NA,"ANCHOR_UNIQUE,CANONICAL,CIRCULAR,PERFECT_EXT,UNAMBIGUOUS_BP"
"965","NW_017739437.1",195688,195901,"rsi_circ_001404",2,"-",2,2,40,40,"my_test_rsi2",2,0,0,1,"GTAG",NA,"ANCHOR_UNIQUE,CANONICAL,CIRCULAR,PERFECT_EXT,UNAMBIGUOUS_BP"
"966","NW_017739322.1",2800030,2812921,"rsi_circ_001405",10,"+",5,10,40,40,"my_test_rsi2",10,0,0,1,"GTAG",NA,"ANCHOR_UNIQUE,CANONICAL,CIRCULAR,PERFECT_EXT,UNAMBIGUOUS_BP"
"967","NW_017738957.1",5363480,5365008,"rsi_circ_001406",4,"+",3,4,40,40,"my_test_rsi2",4,0,0,1,"GTAG",NA,"ANCHOR_UNIQUE,CANONICAL,CIRCULAR,PERFECT_EXT,UNAMBIGUOUS_BP"
"968","NW_017739574.1",98312,99022,"rsi_circ_001408",33,"-",22,29,40,40,"my_test_rsi2",33,0,0,1,"GTAG",NA,"ANCHOR_UNIQUE,CANONICAL,CIRCULAR,PERFECT_EXT,UNAMBIGUOUS_BP"
"969","NW_017738937.1",470719,501821,"rsi_circ_001409",3,"-",2,3,40,40,"my_test_rsi2",3,0,0,1,"GTAG",NA,"ANCHOR_UNIQUE,CANONICAL,CIRCULAR,PERFECT_EXT,UNAMBIGUOUS_BP"
"970","NW_017739653.1",144829,148311,"rsi_circ_001410",10,"-",3,10,5,40,"my_test_rsi2",10,0,0,1,"GTAG",NA,"ANCHOR_UNIQUE,CANONICAL,CIRCULAR,PERFECT_EXT,UNAMBIGUOUS_BP"
"971","NW_017739014.1",3658921,3659042,"rsi_circ_001411",2,"+",2,2,5,5,"my_test_rsi2",2,0,0,1,"GTAG",NA,"ANCHOR_UNIQUE,CANONICAL,CIRCULAR,PERFECT_EXT,UNAMBIGUOUS_BP"
"972","NW_017738966.1",579768,589625,"rsi_circ_001413",2,"+",2,2,40,5,"my_test_rsi2",2,1,0,1,"GTAG",NA,"ANCHOR_UNIQUE,CANONICAL,CIRCULAR,GOOD_EXT,UNAMBIGUOUS_BP"
"973","NW_017739647.1",23450,23766,"rsi_circ_001414",9,"-",5,9,40,40,"my_test_rsi2",9,0,0,1,"GTAG",NA,"ANCHOR_UNIQUE,CANONICAL,CIRCULAR,PERFECT_EXT,UNAMBIGUOUS_BP"
"974","NW_017739004.1",2511952,2558032,"rsi_circ_001415",6,"-",3,6,40,40,"my_test_rsi2",6,0,0,1,"GTAG",NA,"ANCHOR_UNIQUE,CANONICAL,CIRCULAR,PERFECT_EXT,UNAMBIGUOUS_BP"
"975","NW_017739212.1",1094554,1099047,"rsi_circ_001417",19,"+",11,19,40,40,"my_test_rsi2",19,0,0,1,"GTAG",NA,"ANCHOR_UNIQUE,CANONICAL,CIRCULAR,PERFECT_EXT,UNAMBIGUOUS_BP"
"976","NW_017738929.1",4208769,4218004,"rsi_circ_001418",2,"-",1,2,5,40,"my_test_rsi2",2,0,0,1,"GTAG",NA,"ANCHOR_UNIQUE,CANONICAL,CIRCULAR,PERFECT_EXT,UNAMBIGUOUS_BP"
"977","NW_017738920.1",4696947,4705998,"rsi_circ_001419",80,"+",34,80,40,40,"my_test_rsi2",80,1,0,1,"GTAG",NA,"ANCHOR_UNIQUE,CANONICAL,CIRCULAR,GOOD_EXT,UNAMBIGUOUS_BP"
"978","NW_017739322.1",2915371,2933680,"rsi_circ_001420",6,"+",2,6,40,40,"my_test_rsi2",6,0,0,1,"GTAG",NA,"ANCHOR_UNIQUE,CANONICAL,CIRCULAR,PERFECT_EXT,UNAMBIGUOUS_BP"
"979","NW_017739226.1",595819,603486,"rsi_circ_001421",2,"+",2,2,40,40,"my_test_rsi2",2,1,0,1,"GTAG",NA,"ANCHOR_UNIQUE,CANONICAL,CIRCULAR,GOOD_EXT,UNAMBIGUOUS_BP"
"980","NW_017739101.1",1131739,1132590,"rsi_circ_001422",31,"+",19,30,40,40,"my_test_rsi2",31,0,0,1,"GTAG",NA,"ANCHOR_UNIQUE,CANONICAL,CIRCULAR,PERFECT_EXT,UNAMBIGUOUS_BP"
"981","NW_017739046.1",6066633,6071983,"rsi_circ_001424",6,"+",4,6,40,40,"my_test_rsi2",6,0,0,1,"GTAG",NA,"ANCHOR_UNIQUE,CANONICAL,CIRCULAR,PERFECT_EXT,UNAMBIGUOUS_BP"
"982","NW_017739039.1",2837735,2843184,"rsi_circ_001425",4,"+",2,4,5,5,"my_test_rsi2",4,0,0,1,"GTAG",NA,"ANCHOR_UNIQUE,CANONICAL,CIRCULAR,PERFECT_EXT,UNAMBIGUOUS_BP"
"983","NW_017738988.1",408572,432451,"rsi_circ_001427",5,"-",3,5,35,40,"my_test_rsi2",5,0,0,1,"GTAG",NA,"ANCHOR_UNIQUE,CANONICAL,CIRCULAR,PERFECT_EXT,UNAMBIGUOUS_BP"
"984","NW_017739180.1",940403,952251,"rsi_circ_001428",2,"+",1,2,40,40,"my_test_rsi2",2,0,0,1,"GTAG",NA,"ANCHOR_UNIQUE,CANONICAL,CIRCULAR,PERFECT_EXT,UNAMBIGUOUS_BP"
"985","NW_017739209.1",2423237,2434149,"rsi_circ_001429",3,"-",1,3,40,5,"my_test_rsi2",3,0,0,1,"GTAG",NA,"ANCHOR_UNIQUE,CANONICAL,CIRCULAR,PERFECT_EXT,UNAMBIGUOUS_BP"
"986","NW_017739162.1",3910008,3932466,"rsi_circ_001430",2,"-",2,2,35,40,"my_test_rsi2",2,0,0,1,"GTAG",NA,"ANCHOR_UNIQUE,CANONICAL,CIRCULAR,PERFECT_EXT,UNAMBIGUOUS_BP"
"987","NW_017738954.1",2185532,2198290,"rsi_circ_001431",4,"+",1,4,40,40,"my_test_rsi2",4,0,0,1,"GTAG",NA,"ANCHOR_UNIQUE,CANONICAL,CIRCULAR,PERFECT_EXT,UNAMBIGUOUS_BP"
"988","NW_017739069.1",1453360,1469806,"rsi_circ_001432",2,"-",2,2,40,40,"my_test_rsi2",2,0,0,1,"GTAG",NA,"ANCHOR_UNIQUE,CANONICAL,CIRCULAR,PERFECT_EXT,UNAMBIGUOUS_BP"
"989","NW_017738987.1",2235418,2239267,"rsi_circ_001433",6,"-",6,6,40,40,"my_test_rsi2",6,0,0,1,"GTAG",NA,"ANCHOR_UNIQUE,CANONICAL,CIRCULAR,PERFECT_EXT,UNAMBIGUOUS_BP"
"990","NW_017739081.1",616292,620776,"rsi_circ_001435",2,"+",1,2,5,5,"my_test_rsi2",2,1,0,1,"GTAG",NA,"ANCHOR_UNIQUE,CANONICAL,CIRCULAR,GOOD_EXT,UNAMBIGUOUS_BP"
"991","NW_017739254.1",578423,579852,"rsi_circ_001436",3,"+",1,3,5,40,"my_test_rsi2",3,1,0,1,"GTAG",NA,"ANCHOR_UNIQUE,CANONICAL,CIRCULAR,GOOD_EXT,UNAMBIGUOUS_BP"
"992","NW_017739435.1",747823,761657,"rsi_circ_001437",2,"-",2,2,40,40,"my_test_rsi2",2,0,0,1,"GTAG",NA,"ANCHOR_UNIQUE,CANONICAL,CIRCULAR,PERFECT_EXT,UNAMBIGUOUS_BP"
"993","NW_017739545.1",139273,139505,"rsi_circ_001438",2,"-",1,2,40,5,"my_test_rsi2",2,1,0,1,"GTAG",NA,"ANCHOR_UNIQUE,CANONICAL,CIRCULAR,GOOD_EXT,UNAMBIGUOUS_BP"
"994","NW_017739398.1",362298,362850,"rsi_circ_001441",73,"-",40,73,40,40,"my_test_rsi2",73,0,0,1,"GTAG",NA,"ANCHOR_UNIQUE,CANONICAL,CIRCULAR,PERFECT_EXT,UNAMBIGUOUS_BP"
"995","NW_017739576.1",460685,465211,"rsi_circ_001442",7,"+",6,7,40,40,"my_test_rsi2",7,0,0,1,"GTAG",NA,"ANCHOR_UNIQUE,CANONICAL,CIRCULAR,PERFECT_EXT,UNAMBIGUOUS_BP"
"996","NW_017739438.1",338071,349977,"rsi_circ_001445",2,"-",1,2,40,5,"my_test_rsi2",2,0,0,1,"GTAG",NA,"ANCHOR_UNIQUE,CANONICAL,CIRCULAR,PERFECT_EXT,UNAMBIGUOUS_BP"
"997","NW_017739224.1",2284026,2299152,"rsi_circ_001446",5,"+",4,5,40,40,"my_test_rsi2",5,0,0,1,"GTAG",NA,"ANCHOR_UNIQUE,CANONICAL,CIRCULAR,PERFECT_EXT,UNAMBIGUOUS_BP"
"998","NW_017738940.1",6366982,6428579,"rsi_circ_001447",6,"+",1,6,37,37,"my_test_rsi2",6,0,0,1,"GTAG",NA,"ANCHOR_UNIQUE,CANONICAL,CIRCULAR,PERFECT_EXT,UNAMBIGUOUS_BP"
"999","NW_017739512.1",97323,100914,"rsi_circ_001448",52,"-",27,49,40,40,"my_test_rsi2",52,1,0,1,"GTAG",NA,"ANCHOR_UNIQUE,CANONICAL,CIRCULAR,GOOD_EXT,UNAMBIGUOUS_BP"
"1000","NW_017738937.1",660981,663378,"rsi_circ_001449",2,"-",1,2,40,5,"my_test_rsi2",2,0,0,1,"GTAG",NA,"ANCHOR_UNIQUE,CANONICAL,CIRCULAR,PERFECT_EXT,UNAMBIGUOUS_BP"
"1001","NW_017739003.1",13230817,13232588,"rsi_circ_001450",3,"-",1,3,5,40,"my_test_rsi2",3,0,0,1,"GTAG",NA,"ANCHOR_UNIQUE,CANONICAL,CIRCULAR,PERFECT_EXT,UNAMBIGUOUS_BP"
"1002","NW_017739182.1",1171399,1177435,"rsi_circ_001451",8,"-",4,8,40,40,"my_test_rsi2",8,0,0,1,"GTAG",NA,"ANCHOR_UNIQUE,CANONICAL,CIRCULAR,PERFECT_EXT,UNAMBIGUOUS_BP"
"1003","NW_017739137.1",1476117,1503938,"rsi_circ_001453",3,"-",1,3,40,40,"my_test_rsi2",3,0,0,1,"GTAG",NA,"ANCHOR_UNIQUE,CANONICAL,CIRCULAR,PERFECT_EXT,UNAMBIGUOUS_BP"
"1004","NW_017739003.1",7425099,7461142,"rsi_circ_001454",5,"+",3,5,40,40,"my_test_rsi2",5,0,0,1,"GTAG",NA,"ANCHOR_UNIQUE,CANONICAL,CIRCULAR,PERFECT_EXT,UNAMBIGUOUS_BP"
"1005","NW_017739416.1",379885,389642,"rsi_circ_001455",4,"+",2,4,5,5,"my_test_rsi2",4,1,0,1,"GTAG",NA,"ANCHOR_UNIQUE,CANONICAL,CIRCULAR,GOOD_EXT,UNAMBIGUOUS_BP"
"1006","NW_017739043.1",2580600,2604982,"rsi_circ_001457",2,"+",2,2,40,35,"my_test_rsi2",2,0,0,1,"GTAG",NA,"ANCHOR_UNIQUE,CANONICAL,CIRCULAR,PERFECT_EXT,UNAMBIGUOUS_BP"
"1007","NW_017739254.1",570466,580766,"rsi_circ_001460",2,"-",1,2,5,5,"my_test_rsi2",2,0,0,1,"GTAG",NA,"ANCHOR_UNIQUE,CANONICAL,CIRCULAR,PERFECT_EXT,UNAMBIGUOUS_BP"
"1008","NW_017739059.1",2173777,2177002,"rsi_circ_001461",2,"+",1,2,5,5,"my_test_rsi2",2,0,0,1,"GTAG",NA,"ANCHOR_UNIQUE,CANONICAL,CIRCULAR,PERFECT_EXT,UNAMBIGUOUS_BP"
"1009","NW_017739040.1",9671017,9678580,"rsi_circ_001464",3,"-",2,3,40,5,"my_test_rsi2",3,1,0,1,"GTAG",NA,"ANCHOR_UNIQUE,CANONICAL,CIRCULAR,GOOD_EXT,UNAMBIGUOUS_BP"
"1010","NW_017739706.1",379239,379739,"rsi_circ_001466",2,"-",1,2,5,5,"my_test_rsi2",2,0,0,1,"GTAG",NA,"ANCHOR_UNIQUE,CANONICAL,CIRCULAR,PERFECT_EXT,UNAMBIGUOUS_BP"
"1011","NW_017739713.1",25204,26994,"rsi_circ_001468",5,"-",3,5,40,40,"my_test_rsi2",5,0,0,1,"GTAG",NA,"ANCHOR_UNIQUE,CANONICAL,CIRCULAR,PERFECT_EXT,UNAMBIGUOUS_BP"
"1012","NW_017739091.1",101232,102376,"rsi_circ_001469",3,"-",3,3,40,40,"my_test_rsi2",3,0,0,1,"GTAG",NA,"ANCHOR_UNIQUE,CANONICAL,CIRCULAR,PERFECT_EXT,UNAMBIGUOUS_BP"
"1013","NW_017738992.1",457951,529469,"rsi_circ_001470",2,"-",2,2,40,40,"my_test_rsi2",2,0,0,1,"GTAG",NA,"ANCHOR_UNIQUE,CANONICAL,CIRCULAR,PERFECT_EXT,UNAMBIGUOUS_BP"
"1014","NW_017739182.1",1211533,1234905,"rsi_circ_001471",2,"-",1,2,35,40,"my_test_rsi2",2,1,1,1,"GTAG",NA,"ANCHOR_UNIQUE,CANONICAL,CIRCULAR,GOOD_EXT,UNAMBIGUOUS_BP"
"1015","NW_017739010.1",4561160,4568316,"rsi_circ_001473",3,"-",1,3,5,5,"my_test_rsi2",3,0,0,1,"GTAG",NA,"ANCHOR_UNIQUE,CANONICAL,CIRCULAR,PERFECT_EXT,UNAMBIGUOUS_BP"
"1016","NW_017738982.1",2206734,2214135,"rsi_circ_001474",4,"+",2,4,40,5,"my_test_rsi2",4,0,0,1,"GTAG",NA,"ANCHOR_UNIQUE,CANONICAL,CIRCULAR,PERFECT_EXT,UNAMBIGUOUS_BP"
"1017","NW_017739127.1",1288713,1288898,"rsi_circ_001475",2,"+",1,2,40,40,"my_test_rsi2",2,0,0,1,"GTAG",NA,"ANCHOR_UNIQUE,CANONICAL,CIRCULAR,PERFECT_EXT,UNAMBIGUOUS_BP"
"1018","NW_017739032.1",3094337,3105008,"rsi_circ_001476",12,"-",3,12,5,40,"my_test_rsi2",12,0,0,1,"GTAG",NA,"ANCHOR_UNIQUE,CANONICAL,CIRCULAR,PERFECT_EXT,UNAMBIGUOUS_BP"
"1019","NW_017739137.1",1200696,1225733,"rsi_circ_001479",7,"-",5,7,40,40,"my_test_rsi2",7,0,0,1,"GTAG",NA,"ANCHOR_UNIQUE,CANONICAL,CIRCULAR,PERFECT_EXT,UNAMBIGUOUS_BP"
"1020","NW_017739829.1",141650,143384,"rsi_circ_001480",3,"-",2,3,36,40,"my_test_rsi2",3,0,0,1,"GTAG",NA,"ANCHOR_UNIQUE,CANONICAL,CIRCULAR,PERFECT_EXT,UNAMBIGUOUS_BP"
"1021","NW_017739293.1",1296429,1298921,"rsi_circ_001481",3,"-",1,3,36,35,"my_test_rsi2",3,1,0,1,"GTAG",NA,"ANCHOR_UNIQUE,CANONICAL,CIRCULAR,GOOD_EXT,UNAMBIGUOUS_BP"
"1022","NW_017739052.1",1643098,1644006,"rsi_circ_001483",28,"-",18,25,40,40,"my_test_rsi2",28,0,0,1,"GTAG",NA,"ANCHOR_UNIQUE,CANONICAL,CIRCULAR,PERFECT_EXT,UNAMBIGUOUS_BP"
"1023","NW_017739279.1",231068,233292,"rsi_circ_001484",2,"+",1,2,5,40,"my_test_rsi2",2,1,0,1,"GTAG",NA,"ANCHOR_UNIQUE,CANONICAL,CIRCULAR,GOOD_EXT,UNAMBIGUOUS_BP"
"1024","NW_017739295.1",1993105,2005863,"rsi_circ_001485",6,"-",2,3,40,40,"my_test_rsi2",6,0,0,1,"GTAG",NA,"ANCHOR_UNIQUE,CANONICAL,CIRCULAR,PERFECT_EXT,UNAMBIGUOUS_BP"
"1025","NW_017738929.1",1353262,1363046,"rsi_circ_001486",2,"+",1,2,40,40,"my_test_rsi2",2,2,0,1,"GTAG",NA,"ANCHOR_UNIQUE,CANONICAL,CIRCULAR,OK_EXT,UNAMBIGUOUS_BP"
"1026","NW_017739089.1",4336875,4382793,"rsi_circ_001487",2,"-",1,2,5,40,"my_test_rsi2",2,1,0,1,"GTAG",NA,"ANCHOR_UNIQUE,CANONICAL,CIRCULAR,GOOD_EXT,UNAMBIGUOUS_BP"
"1027","NW_017739089.1",6355554,6371260,"rsi_circ_001488",13,"-",3,13,40,40,"my_test_rsi2",13,0,0,1,"GTAG",NA,"ANCHOR_UNIQUE,CANONICAL,CIRCULAR,PERFECT_EXT,UNAMBIGUOUS_BP"
"1028","NW_017739028.1",6287242,6302692,"rsi_circ_001489",2,"+",1,2,40,5,"my_test_rsi2",2,0,0,1,"GTAG",NA,"ANCHOR_UNIQUE,CANONICAL,CIRCULAR,PERFECT_EXT,UNAMBIGUOUS_BP"
"1029","NW_017739170.1",201864,202528,"rsi_circ_001490",3,"-",1,3,40,40,"my_test_rsi2",3,0,0,1,"GTAG",NA,"ANCHOR_UNIQUE,CANONICAL,CIRCULAR,PERFECT_EXT,UNAMBIGUOUS_BP"
"1030","NW_017739095.1",2159448,2177481,"rsi_circ_001491",5,"+",3,5,40,40,"my_test_rsi2",5,0,0,1,"GTAG",NA,"ANCHOR_UNIQUE,CANONICAL,CIRCULAR,PERFECT_EXT,UNAMBIGUOUS_BP"
"1031","NW_017738970.1",3549310,3553075,"rsi_circ_001492",2,"+",2,2,40,40,"my_test_rsi2",2,1,0,1,"GTAG",NA,"ANCHOR_UNIQUE,CANONICAL,CIRCULAR,GOOD_EXT,UNAMBIGUOUS_BP"
"1032","NW_017739590.1",411537,414648,"rsi_circ_001493",9,"-",4,9,40,40,"my_test_rsi2",9,0,0,1,"GTAG",NA,"ANCHOR_UNIQUE,CANONICAL,CIRCULAR,PERFECT_EXT,UNAMBIGUOUS_BP"
"1033","NW_017739195.1",2314799,2317298,"rsi_circ_001494",4,"-",2,4,40,40,"my_test_rsi2",4,0,0,1,"GTAG",NA,"ANCHOR_UNIQUE,CANONICAL,CIRCULAR,PERFECT_EXT,UNAMBIGUOUS_BP"
"1034","NW_017739069.1",1469704,1470478,"rsi_circ_001495",19,"-",11,19,40,40,"my_test_rsi2",19,0,0,1,"GTAG",NA,"ANCHOR_UNIQUE,CANONICAL,CIRCULAR,PERFECT_EXT,UNAMBIGUOUS_BP"
"1035","NW_017739013.1",687825,692977,"rsi_circ_001496",23,"+",10,22,40,40,"my_test_rsi2",23,0,0,1,"GTAG",NA,"ANCHOR_UNIQUE,CANONICAL,CIRCULAR,PERFECT_EXT,UNAMBIGUOUS_BP"
"1036","NW_017739030.1",766548,774398,"rsi_circ_001497",2,"+",1,2,40,40,"my_test_rsi2",2,1,0,1,"GTAG",NA,"ANCHOR_UNIQUE,CANONICAL,CIRCULAR,GOOD_EXT,UNAMBIGUOUS_BP"
"1037","NW_017738949.1",4335620,4340915,"rsi_circ_001500",4,"-",4,4,40,40,"my_test_rsi2",4,0,0,1,"GTAG",NA,"ANCHOR_UNIQUE,CANONICAL,CIRCULAR,PERFECT_EXT,UNAMBIGUOUS_BP"
"1038","NW_017739604.1",234789,236003,"rsi_circ_001501",2,"-",1,2,40,40,"my_test_rsi2",2,1,0,1,"GTAG",NA,"ANCHOR_UNIQUE,CANONICAL,CIRCULAR,GOOD_EXT,UNAMBIGUOUS_BP"
"1039","NW_017739003.1",13081494,13112932,"rsi_circ_001502",3,"+",3,3,40,5,"my_test_rsi2",3,0,0,1,"GTAG",NA,"ANCHOR_UNIQUE,CANONICAL,CIRCULAR,PERFECT_EXT,UNAMBIGUOUS_BP"
"1040","NW_017739107.1",1486867,1489021,"rsi_circ_001503",3,"+",2,3,35,5,"my_test_rsi2",3,1,0,1,"GTAG",NA,"ANCHOR_UNIQUE,CANONICAL,CIRCULAR,GOOD_EXT,UNAMBIGUOUS_BP"
"1041","NW_017739384.1",1123197,1123446,"rsi_circ_001504",2,"+",1,2,5,35,"my_test_rsi2",2,1,0,1,"GTAG",NA,"ANCHOR_UNIQUE,CANONICAL,CIRCULAR,GOOD_EXT,UNAMBIGUOUS_BP"
"1042","NW_017738946.1",5209880,5230626,"rsi_circ_001509",3,"+",3,3,40,40,"my_test_rsi2",3,0,0,1,"GTAG",NA,"ANCHOR_UNIQUE,CANONICAL,CIRCULAR,PERFECT_EXT,UNAMBIGUOUS_BP"
"1043","NW_017739147.1",481520,484563,"rsi_circ_001512",9,"+",8,8,40,40,"my_test_rsi2",9,0,0,1,"GTAG",NA,"ANCHOR_UNIQUE,CANONICAL,CIRCULAR,PERFECT_EXT,UNAMBIGUOUS_BP"
"1044","NW_017739263.1",1982751,1998869,"rsi_circ_001514",2,"+",1,2,5,5,"my_test_rsi2",2,0,0,1,"GTAG",NA,"ANCHOR_UNIQUE,CANONICAL,CIRCULAR,PERFECT_EXT,UNAMBIGUOUS_BP"
"1045","NW_017739020.1",1829309,1831840,"rsi_circ_001516",3,"+",3,3,40,40,"my_test_rsi2",3,0,0,1,"GTAG",NA,"ANCHOR_UNIQUE,CANONICAL,CIRCULAR,PERFECT_EXT,UNAMBIGUOUS_BP"
"1046","NW_017739159.1",1328272,1328661,"rsi_circ_001519",4,"-",2,4,40,40,"my_test_rsi2",4,1,0,1,"GTAG",NA,"ANCHOR_UNIQUE,CANONICAL,CIRCULAR,GOOD_EXT,UNAMBIGUOUS_BP"
"1047","NW_017739140.1",3433914,3434135,"rsi_circ_001521",2,"-",2,1,40,40,"my_test_rsi2",2,0,0,1,"GTAG",NA,"ANCHOR_UNIQUE,CANONICAL,CIRCULAR,PERFECT_EXT,UNAMBIGUOUS_BP"
"1048","NW_017738970.1",15024970,15042102,"rsi_circ_001522",6,"-",3,6,5,5,"my_test_rsi2",6,0,0,1,"GTAG",NA,"ANCHOR_UNIQUE,CANONICAL,CIRCULAR,PERFECT_EXT,UNAMBIGUOUS_BP"
"1049","NW_017739466.1",423916,434975,"rsi_circ_001523",15,"+",4,15,40,40,"my_test_rsi2",15,0,0,1,"GTAG",NA,"ANCHOR_UNIQUE,CANONICAL,CIRCULAR,PERFECT_EXT,UNAMBIGUOUS_BP"
"1050","NW_017739473.1",1572808,1576959,"rsi_circ_001525",4,"+",3,4,5,40,"my_test_rsi2",4,0,0,1,"GTAG",NA,"ANCHOR_UNIQUE,CANONICAL,CIRCULAR,PERFECT_EXT,UNAMBIGUOUS_BP"
"1051","NW_017738978.1",3413738,3424384,"rsi_circ_001526",5,"-",1,5,5,40,"my_test_rsi2",5,0,0,1,"GTAG",NA,"ANCHOR_UNIQUE,CANONICAL,CIRCULAR,PERFECT_EXT,UNAMBIGUOUS_BP"
"1052","NW_017738958.1",358956,361599,"rsi_circ_001530",7,"-",2,7,5,35,"my_test_rsi2",7,0,0,1,"GTAG",NA,"ANCHOR_UNIQUE,CANONICAL,CIRCULAR,PERFECT_EXT,UNAMBIGUOUS_BP"
"1053","NW_017738937.1",288516,289261,"rsi_circ_001531",12,"-",3,12,40,40,"my_test_rsi2",12,0,0,1,"GTAG",NA,"ANCHOR_UNIQUE,CANONICAL,CIRCULAR,PERFECT_EXT,UNAMBIGUOUS_BP"
"1054","NW_017739769.1",195952,210702,"rsi_circ_001532",40,"+",28,5,40,5,"my_test_rsi2",40,0,0,1,"GTAG",NA,"ANCHOR_UNIQUE,CANONICAL,CIRCULAR,PERFECT_EXT,UNAMBIGUOUS_BP"
"1055","NW_017739718.1",91196,105953,"rsi_circ_001533",3,"-",2,3,40,40,"my_test_rsi2",3,0,0,1,"GTAG",NA,"ANCHOR_UNIQUE,CANONICAL,CIRCULAR,PERFECT_EXT,UNAMBIGUOUS_BP"
"1056","NW_017738952.1",1865082,1867590,"rsi_circ_001537",4,"-",2,4,40,35,"my_test_rsi2",4,0,0,1,"GTAG",NA,"ANCHOR_UNIQUE,CANONICAL,CIRCULAR,PERFECT_EXT,UNAMBIGUOUS_BP"
"1057","NW_017739285.1",11562,11959,"rsi_circ_001538",3,"+",1,3,40,40,"my_test_rsi2",3,0,0,1,"GTAG",NA,"ANCHOR_UNIQUE,CANONICAL,CIRCULAR,PERFECT_EXT,UNAMBIGUOUS_BP"
"1058","NW_017739441.1",222536,223284,"rsi_circ_001539",13,"+",5,13,40,40,"my_test_rsi2",13,0,0,1,"GTAG",NA,"ANCHOR_UNIQUE,CANONICAL,CIRCULAR,PERFECT_EXT,UNAMBIGUOUS_BP"
"1059","NW_017739028.1",3246862,3248298,"rsi_circ_001540",57,"-",34,51,40,40,"my_test_rsi2",57,0,0,1,"GTAG",NA,"ANCHOR_UNIQUE,CANONICAL,CIRCULAR,PERFECT_EXT,UNAMBIGUOUS_BP"
"1060","NW_017739612.1",267851,270094,"rsi_circ_001541",4,"-",2,4,40,5,"my_test_rsi2",4,0,0,1,"GTAG",NA,"ANCHOR_UNIQUE,CANONICAL,CIRCULAR,PERFECT_EXT,UNAMBIGUOUS_BP"
"1061","NW_017738924.1",8978508,8987651,"rsi_circ_001542",12,"-",3,12,40,40,"my_test_rsi2",12,1,0,1,"GTAG",NA,"ANCHOR_UNIQUE,CANONICAL,CIRCULAR,GOOD_EXT,UNAMBIGUOUS_BP"
"1062","NW_017739317.1",2463071,2472410,"rsi_circ_001543",10,"-",4,10,40,40,"my_test_rsi2",10,0,0,1,"GTAG",NA,"ANCHOR_UNIQUE,CANONICAL,CIRCULAR,PERFECT_EXT,UNAMBIGUOUS_BP"
"1063","NW_017739409.1",269968,290282,"rsi_circ_001544",5,"-",4,5,40,40,"my_test_rsi2",5,0,0,1,"GTAG",NA,"ANCHOR_UNIQUE,CANONICAL,CIRCULAR,PERFECT_EXT,UNAMBIGUOUS_BP"
"1064","NW_017739066.1",3813327,3813859,"rsi_circ_001546",21,"+",11,21,40,40,"my_test_rsi2",21,0,0,1,"GTAG",NA,"ANCHOR_UNIQUE,CANONICAL,CIRCULAR,PERFECT_EXT,UNAMBIGUOUS_BP"
"1065","NW_017739544.1",271152,280392,"rsi_circ_001547",6,"+",4,6,40,40,"my_test_rsi2",6,0,0,1,"GTAG",NA,"ANCHOR_UNIQUE,CANONICAL,CIRCULAR,PERFECT_EXT,UNAMBIGUOUS_BP"
"1066","NW_017739107.1",515130,535456,"rsi_circ_001548",3,"+",1,3,40,5,"my_test_rsi2",3,2,0,1,"GTAG",NA,"ANCHOR_UNIQUE,CANONICAL,CIRCULAR,OK_EXT,UNAMBIGUOUS_BP"
"1067","NW_017738929.1",3927381,3930657,"rsi_circ_001550",2,"-",2,2,40,40,"my_test_rsi2",2,1,0,1,"GTAG",NA,"ANCHOR_UNIQUE,CANONICAL,CIRCULAR,GOOD_EXT,UNAMBIGUOUS_BP"
"1068","NW_017739454.1",543956,549474,"rsi_circ_001551",7,"-",1,7,5,40,"my_test_rsi2",7,0,0,1,"GTAG",NA,"ANCHOR_UNIQUE,CANONICAL,CIRCULAR,PERFECT_EXT,UNAMBIGUOUS_BP"
"1069","NW_017738925.1",10820902,10835414,"rsi_circ_001553",8,"+",4,7,40,40,"my_test_rsi2",8,1,0,1,"GTAG",NA,"ANCHOR_UNIQUE,CANONICAL,CIRCULAR,GOOD_EXT,UNAMBIGUOUS_BP"
"1070","NW_017739099.1",2464258,2465408,"rsi_circ_001555",11,"+",5,11,40,40,"my_test_rsi2",11,0,0,1,"GTAG",NA,"ANCHOR_UNIQUE,CANONICAL,CIRCULAR,PERFECT_EXT,UNAMBIGUOUS_BP"
"1071","NW_017738960.1",7267801,7270250,"rsi_circ_001556",5,"+",3,3,40,40,"my_test_rsi2",5,0,0,1,"GTAG",NA,"ANCHOR_UNIQUE,CANONICAL,CIRCULAR,PERFECT_EXT,UNAMBIGUOUS_BP"
"1072","NW_017739146.1",2845375,2859848,"rsi_circ_001557",53,"-",26,53,40,40,"my_test_rsi2",53,0,0,1,"GTAG",NA,"ANCHOR_UNIQUE,CANONICAL,CIRCULAR,PERFECT_EXT,UNAMBIGUOUS_BP"
"1073","NW_017739295.1",2088341,2097579,"rsi_circ_001558",2,"-",1,2,35,5,"my_test_rsi2",2,0,0,1,"GTAG",NA,"ANCHOR_UNIQUE,CANONICAL,CIRCULAR,PERFECT_EXT,UNAMBIGUOUS_BP"
"1074","NW_017739581.1",413943,414682,"rsi_circ_001559",3,"-",1,3,40,40,"my_test_rsi2",3,0,0,1,"GTAG",NA,"ANCHOR_UNIQUE,CANONICAL,CIRCULAR,PERFECT_EXT,UNAMBIGUOUS_BP"
"1075","NW_017739029.1",1191199,1193742,"rsi_circ_001561",27,"-",13,27,40,40,"my_test_rsi2",27,0,0,1,"GTAG",NA,"ANCHOR_UNIQUE,CANONICAL,CIRCULAR,PERFECT_EXT,UNAMBIGUOUS_BP"
"1076","NW_017739354.1",788572,795118,"rsi_circ_001562",3,"+",1,3,40,40,"my_test_rsi2",3,0,0,1,"GTAG",NA,"ANCHOR_UNIQUE,CANONICAL,CIRCULAR,PERFECT_EXT,UNAMBIGUOUS_BP"
"1077","NW_017739011.1",2204893,2217411,"rsi_circ_001563",5,"-",3,5,40,40,"my_test_rsi2",5,0,0,1,"GTAG",NA,"ANCHOR_UNIQUE,CANONICAL,CIRCULAR,PERFECT_EXT,UNAMBIGUOUS_BP"
"1078","NW_017738952.1",622265,652146,"rsi_circ_001564",3,"-",1,3,5,40,"my_test_rsi2",3,0,0,1,"GTAG",NA,"ANCHOR_UNIQUE,CANONICAL,CIRCULAR,PERFECT_EXT,UNAMBIGUOUS_BP"
"1079","NW_017739019.1",4726577,4727379,"rsi_circ_001565",18,"+",7,18,40,40,"my_test_rsi2",18,0,0,1,"GTAG",NA,"ANCHOR_UNIQUE,CANONICAL,CIRCULAR,PERFECT_EXT,UNAMBIGUOUS_BP"
"1080","NW_017738946.1",5200713,5209989,"rsi_circ_001566",17,"+",10,17,40,40,"my_test_rsi2",17,1,0,1,"GTAG",NA,"ANCHOR_UNIQUE,CANONICAL,CIRCULAR,GOOD_EXT,UNAMBIGUOUS_BP"
"1081","NW_017739232.1",162340,165841,"rsi_circ_001569",2,"-",2,2,40,40,"my_test_rsi2",2,0,0,1,"GTAG",NA,"ANCHOR_UNIQUE,CANONICAL,CIRCULAR,PERFECT_EXT,UNAMBIGUOUS_BP"
"1082","NW_017738955.1",5381047,5384603,"rsi_circ_001570",16,"+",8,16,40,40,"my_test_rsi2",16,0,0,1,"GTAG",NA,"ANCHOR_UNIQUE,CANONICAL,CIRCULAR,PERFECT_EXT,UNAMBIGUOUS_BP"
"1083","NW_017739127.1",1605149,1610339,"rsi_circ_001573",3,"-",1,3,40,40,"my_test_rsi2",3,0,0,1,"GTAG",NA,"ANCHOR_UNIQUE,CANONICAL,CIRCULAR,PERFECT_EXT,UNAMBIGUOUS_BP"
"1084","NW_017739010.1",2918948,2924999,"rsi_circ_001575",3,"+",1,3,40,40,"my_test_rsi2",3,0,0,1,"GTAG",NA,"ANCHOR_UNIQUE,CANONICAL,CIRCULAR,PERFECT_EXT,UNAMBIGUOUS_BP"
"1085","NW_017739001.1",2785582,2796827,"rsi_circ_001576",3,"-",3,3,37,40,"my_test_rsi2",3,0,0,1,"GTAG",NA,"ANCHOR_UNIQUE,CANONICAL,CIRCULAR,PERFECT_EXT,UNAMBIGUOUS_BP"
"1086","NW_017739146.1",3123831,3148773,"rsi_circ_001577",16,"+",5,16,40,40,"my_test_rsi2",16,0,0,1,"GTAG",NA,"ANCHOR_UNIQUE,CANONICAL,CIRCULAR,PERFECT_EXT,UNAMBIGUOUS_BP"
"1087","NW_017738984.1",8640772,8656490,"rsi_circ_001578",12,"+",5,12,40,40,"my_test_rsi2",12,0,0,1,"GTAG",NA,"ANCHOR_UNIQUE,CANONICAL,CIRCULAR,PERFECT_EXT,UNAMBIGUOUS_BP"
"1088","NW_017738953.1",2653244,2716462,"rsi_circ_001579",7,"-",2,7,40,40,"my_test_rsi2",7,0,0,1,"GTAG",NA,"ANCHOR_UNIQUE,CANONICAL,CIRCULAR,PERFECT_EXT,UNAMBIGUOUS_BP"
"1089","NW_017738931.1",9491679,9498346,"rsi_circ_001582",3,"+",1,3,5,5,"my_test_rsi2",3,0,0,1,"GTAG",NA,"ANCHOR_UNIQUE,CANONICAL,CIRCULAR,PERFECT_EXT,UNAMBIGUOUS_BP"
"1090","NW_017739068.1",2513328,2580077,"rsi_circ_001583",5,"-",2,5,40,40,"my_test_rsi2",5,0,0,1,"GTAG",NA,"ANCHOR_UNIQUE,CANONICAL,CIRCULAR,PERFECT_EXT,UNAMBIGUOUS_BP"
"1091","NW_017739229.1",1465826,1466824,"rsi_circ_001584",2,"-",2,2,40,40,"my_test_rsi2",2,0,0,1,"GTAG",NA,"ANCHOR_UNIQUE,CANONICAL,CIRCULAR,PERFECT_EXT,UNAMBIGUOUS_BP"
"1092","NW_017739016.1",1735483,1740060,"rsi_circ_001585",2,"-",2,2,40,40,"my_test_rsi2",2,0,0,1,"GTAG",NA,"ANCHOR_UNIQUE,CANONICAL,CIRCULAR,PERFECT_EXT,UNAMBIGUOUS_BP"
"1093","NW_017739015.1",2234746,2316029,"rsi_circ_001586",2,"+",1,2,5,40,"my_test_rsi2",2,0,0,1,"GTAG",NA,"ANCHOR_UNIQUE,CANONICAL,CIRCULAR,PERFECT_EXT,UNAMBIGUOUS_BP"
"1094","NW_017739359.1",231402,249107,"rsi_circ_001589",4,"+",3,4,40,40,"my_test_rsi2",4,1,0,1,"GTAG",NA,"ANCHOR_UNIQUE,CANONICAL,CIRCULAR,GOOD_EXT,UNAMBIGUOUS_BP"
"1095","NW_017739218.1",2107539,2115873,"rsi_circ_001590",3,"-",2,3,40,40,"my_test_rsi2",3,0,0,1,"GTAG",NA,"ANCHOR_UNIQUE,CANONICAL,CIRCULAR,PERFECT_EXT,UNAMBIGUOUS_BP"
"1096","NW_017739287.1",2062648,2072974,"rsi_circ_001593",13,"-",3,13,40,40,"my_test_rsi2",13,0,0,1,"GTAG",NA,"ANCHOR_UNIQUE,CANONICAL,CIRCULAR,PERFECT_EXT,UNAMBIGUOUS_BP"
"1097","NW_017739067.1",1020554,1033429,"rsi_circ_001594",5,"+",3,5,40,40,"my_test_rsi2",5,0,0,1,"GTAG",NA,"ANCHOR_UNIQUE,CANONICAL,CIRCULAR,PERFECT_EXT,UNAMBIGUOUS_BP"
"1098","NW_017739127.1",2240599,2248559,"rsi_circ_001595",10,"+",3,10,40,40,"my_test_rsi2",10,0,0,1,"GTAG",NA,"ANCHOR_UNIQUE,CANONICAL,CIRCULAR,PERFECT_EXT,UNAMBIGUOUS_BP"
"1099","NW_017739074.1",1731565,1736768,"rsi_circ_001596",12,"+",5,12,40,40,"my_test_rsi2",12,1,0,1,"GTAG",NA,"ANCHOR_UNIQUE,CANONICAL,CIRCULAR,GOOD_EXT,UNAMBIGUOUS_BP"
"1100","NW_017739519.1",562969,581560,"rsi_circ_001597",7,"-",3,7,40,40,"my_test_rsi2",7,0,0,1,"GTAG",NA,"ANCHOR_UNIQUE,CANONICAL,CIRCULAR,PERFECT_EXT,UNAMBIGUOUS_BP"
"1101","NW_017739225.1",629123,653186,"rsi_circ_001598",2,"-",2,2,40,40,"my_test_rsi2",2,0,0,1,"GTAG",NA,"ANCHOR_UNIQUE,CANONICAL,CIRCULAR,PERFECT_EXT,UNAMBIGUOUS_BP"
"1102","NW_017739306.1",4040849,4046889,"rsi_circ_001599",9,"-",5,6,40,5,"my_test_rsi2",9,1,0,1,"GTAG",NA,"ANCHOR_UNIQUE,CANONICAL,CIRCULAR,GOOD_EXT,UNAMBIGUOUS_BP"
"1103","NW_017739071.1",3199506,3201718,"rsi_circ_001603",2,"+",1,2,5,5,"my_test_rsi2",2,1,0,1,"GTAG",NA,"ANCHOR_UNIQUE,CANONICAL,CIRCULAR,GOOD_EXT,UNAMBIGUOUS_BP"
"1104","NW_017739405.1",2931796,2941709,"rsi_circ_001604",5,"+",4,5,40,40,"my_test_rsi2",5,0,0,1,"GTAG",NA,"ANCHOR_UNIQUE,CANONICAL,CIRCULAR,PERFECT_EXT,UNAMBIGUOUS_BP"
"1105","NW_017739302.1",1250749,1250912,"rsi_circ_001606",2,"+",2,2,40,40,"my_test_rsi2",2,0,0,1,"GTAG",NA,"ANCHOR_UNIQUE,CANONICAL,CIRCULAR,PERFECT_EXT,UNAMBIGUOUS_BP"
"1106","NW_017739315.1",490212,501362,"rsi_circ_001607",3,"+",2,3,40,40,"my_test_rsi2",3,0,0,1,"GTAG",NA,"ANCHOR_UNIQUE,CANONICAL,CIRCULAR,PERFECT_EXT,UNAMBIGUOUS_BP"
"1107","NW_017739681.1",118278,136125,"rsi_circ_001608",7,"-",5,7,40,40,"my_test_rsi2",7,0,0,1,"GTAG",NA,"ANCHOR_UNIQUE,CANONICAL,CIRCULAR,PERFECT_EXT,UNAMBIGUOUS_BP"
"1108","NW_017738932.1",7156512,7200172,"rsi_circ_001609",34,"+",16,28,40,40,"my_test_rsi2",34,0,0,1,"GTAG",NA,"ANCHOR_UNIQUE,CANONICAL,CIRCULAR,PERFECT_EXT,UNAMBIGUOUS_BP"
"1109","NW_017739500.1",381766,387097,"rsi_circ_001611",9,"+",5,4,5,35,"my_test_rsi2",9,0,0,1,"GTAG",NA,"ANCHOR_UNIQUE,CANONICAL,CIRCULAR,PERFECT_EXT,UNAMBIGUOUS_BP"
"1110","NW_017738990.1",1368515,1369449,"rsi_circ_001612",2,"-",1,2,40,5,"my_test_rsi2",2,1,0,1,"GTAG",NA,"ANCHOR_UNIQUE,CANONICAL,CIRCULAR,GOOD_EXT,UNAMBIGUOUS_BP"
"1111","NW_017739138.1",703055,704810,"rsi_circ_001613",4,"+",2,4,40,40,"my_test_rsi2",4,0,0,1,"GTAG",NA,"ANCHOR_UNIQUE,CANONICAL,CIRCULAR,PERFECT_EXT,UNAMBIGUOUS_BP"
"1112","NW_017739246.1",39731,48654,"rsi_circ_001614",3,"-",1,3,40,40,"my_test_rsi2",3,0,0,1,"GTAG",NA,"ANCHOR_UNIQUE,CANONICAL,CIRCULAR,PERFECT_EXT,UNAMBIGUOUS_BP"
"1113","NW_017739166.1",1975778,1978354,"rsi_circ_001616",5,"+",3,5,5,40,"my_test_rsi2",5,0,0,1,"GTAG",NA,"ANCHOR_UNIQUE,CANONICAL,CIRCULAR,PERFECT_EXT,UNAMBIGUOUS_BP"
"1114","NW_017739521.1",188347,192906,"rsi_circ_001617",4,"-",1,4,5,40,"my_test_rsi2",4,1,0,1,"GTAG",NA,"ANCHOR_UNIQUE,CANONICAL,CIRCULAR,GOOD_EXT,UNAMBIGUOUS_BP"
"1115","NW_017739145.1",802425,802832,"rsi_circ_001619",2,"+",1,2,40,40,"my_test_rsi2",2,0,0,1,"GTAG",NA,"ANCHOR_UNIQUE,CANONICAL,CIRCULAR,PERFECT_EXT,UNAMBIGUOUS_BP"
"1116","NW_017739138.1",265869,266030,"rsi_circ_001620",2,"+",2,2,40,5,"my_test_rsi2",2,0,0,1,"GTAG",NA,"ANCHOR_UNIQUE,CANONICAL,CIRCULAR,PERFECT_EXT,UNAMBIGUOUS_BP"
"1117","NW_017739674.1",760651,764638,"rsi_circ_001621",2,"-",2,2,40,5,"my_test_rsi2",2,0,0,1,"GTAG",NA,"ANCHOR_UNIQUE,CANONICAL,CIRCULAR,PERFECT_EXT,UNAMBIGUOUS_BP"
"1118","NW_017738979.1",7798896,7800589,"rsi_circ_001622",4,"+",3,4,37,40,"my_test_rsi2",4,0,0,1,"GTAG",NA,"ANCHOR_UNIQUE,CANONICAL,CIRCULAR,PERFECT_EXT,UNAMBIGUOUS_BP"
"1119","NW_017739104.1",2458381,2511436,"rsi_circ_001625",3,"+",1,3,40,40,"my_test_rsi2",3,0,0,1,"GTAG",NA,"ANCHOR_UNIQUE,CANONICAL,CIRCULAR,PERFECT_EXT,UNAMBIGUOUS_BP"
"1120","NW_017738944.1",1645223,1661334,"rsi_circ_001627",4,"-",2,4,5,40,"my_test_rsi2",4,2,0,1,"GTAG",NA,"ANCHOR_UNIQUE,CANONICAL,CIRCULAR,OK_EXT,UNAMBIGUOUS_BP"
"1121","NW_017739521.1",265639,270364,"rsi_circ_001628",18,"-",5,18,40,40,"my_test_rsi2",18,1,0,1,"GTAG",NA,"ANCHOR_UNIQUE,CANONICAL,CIRCULAR,GOOD_EXT,UNAMBIGUOUS_BP"
"1122","NW_017739125.1",665101,694067,"rsi_circ_001630",2,"+",1,2,40,5,"my_test_rsi2",2,0,0,1,"GTAG",NA,"ANCHOR_UNIQUE,CANONICAL,CIRCULAR,PERFECT_EXT,UNAMBIGUOUS_BP"
"1123","NW_017739066.1",3496141,3531632,"rsi_circ_001631",4,"+",2,4,40,40,"my_test_rsi2",4,0,0,1,"GTAG",NA,"ANCHOR_UNIQUE,CANONICAL,CIRCULAR,PERFECT_EXT,UNAMBIGUOUS_BP"
"1124","NW_017739562.1",536315,539730,"rsi_circ_001632",2,"+",2,2,40,5,"my_test_rsi2",2,0,0,1,"GTAG",NA,"ANCHOR_UNIQUE,CANONICAL,CIRCULAR,PERFECT_EXT,UNAMBIGUOUS_BP"
"1125","NW_017739388.1",1389020,1414262,"rsi_circ_001633",3,"-",2,3,5,5,"my_test_rsi2",3,0,0,1,"GTAG",NA,"ANCHOR_UNIQUE,CANONICAL,CIRCULAR,PERFECT_EXT,UNAMBIGUOUS_BP"
"1126","NW_017738927.1",439123,442560,"rsi_circ_001634",12,"-",10,12,40,40,"my_test_rsi2",12,0,0,1,"GTAG",NA,"ANCHOR_UNIQUE,CANONICAL,CIRCULAR,PERFECT_EXT,UNAMBIGUOUS_BP"
"1127","NW_017739131.1",578585,670313,"rsi_circ_001635",4,"-",1,4,40,5,"my_test_rsi2",4,2,0,1,"GTAG",NA,"ANCHOR_UNIQUE,CANONICAL,CIRCULAR,OK_EXT,UNAMBIGUOUS_BP"
"1128","NW_017738930.1",1075270,1098672,"rsi_circ_001637",12,"-",9,12,40,40,"my_test_rsi2",12,0,0,1,"GTAG",NA,"ANCHOR_UNIQUE,CANONICAL,CIRCULAR,PERFECT_EXT,UNAMBIGUOUS_BP"
"1129","NW_017739477.1",275255,275460,"rsi_circ_001639",4,"-",2,4,40,40,"my_test_rsi2",4,0,0,1,"GTAG",NA,"ANCHOR_UNIQUE,CANONICAL,CIRCULAR,PERFECT_EXT,UNAMBIGUOUS_BP"
"1130","NW_017739479.1",28817,29721,"rsi_circ_001640",2,"-",1,2,40,5,"my_test_rsi2",2,2,0,1,"GTAG",NA,"ANCHOR_UNIQUE,CANONICAL,CIRCULAR,OK_EXT,UNAMBIGUOUS_BP"
"1131","NW_017739263.1",737250,741074,"rsi_circ_001641",140,"-",52,136,40,40,"my_test_rsi2",140,0,0,1,"GTAG",NA,"ANCHOR_UNIQUE,CANONICAL,CIRCULAR,PERFECT_EXT,UNAMBIGUOUS_BP"
"1132","NW_017739609.1",33451,54693,"rsi_circ_001643",27,"+",22,1,5,40,"my_test_rsi2",27,0,0,1,"GTAG",NA,"ANCHOR_UNIQUE,CANONICAL,CIRCULAR,PERFECT_EXT,UNAMBIGUOUS_BP"
"1133","NW_017739122.1",254223,313233,"rsi_circ_001644",2,"-",1,2,40,40,"my_test_rsi2",2,0,0,1,"GTAG",NA,"ANCHOR_UNIQUE,CANONICAL,CIRCULAR,PERFECT_EXT,UNAMBIGUOUS_BP"
"1134","NW_017739160.1",1173022,1180849,"rsi_circ_001647",4,"-",4,4,40,40,"my_test_rsi2",4,0,0,1,"GTAG",NA,"ANCHOR_UNIQUE,CANONICAL,CIRCULAR,PERFECT_EXT,UNAMBIGUOUS_BP"
"1135","NW_017738939.1",1800259,1813951,"rsi_circ_001649",3,"+",2,3,40,40,"my_test_rsi2",3,1,0,1,"GTAG",NA,"ANCHOR_UNIQUE,CANONICAL,CIRCULAR,GOOD_EXT,UNAMBIGUOUS_BP"
"1136","NW_017739074.1",3665723,3702904,"rsi_circ_001651",11,"+",6,11,40,40,"my_test_rsi2",11,0,0,1,"GTAG",NA,"ANCHOR_UNIQUE,CANONICAL,CIRCULAR,PERFECT_EXT,UNAMBIGUOUS_BP"
"1137","NW_017739510.1",25560,26209,"rsi_circ_001653",2,"-",1,2,35,40,"my_test_rsi2",2,1,0,1,"GTAG",NA,"ANCHOR_UNIQUE,CANONICAL,CIRCULAR,GOOD_EXT,UNAMBIGUOUS_BP"
"1138","NW_017739519.1",363088,369541,"rsi_circ_001654",6,"+",4,6,40,40,"my_test_rsi2",6,0,0,1,"GTAG",NA,"ANCHOR_UNIQUE,CANONICAL,CIRCULAR,PERFECT_EXT,UNAMBIGUOUS_BP"
"1139","NW_017739710.1",825749,828676,"rsi_circ_001655",2,"+",1,2,5,40,"my_test_rsi2",2,0,0,1,"GTAG",NA,"ANCHOR_UNIQUE,CANONICAL,CIRCULAR,PERFECT_EXT,UNAMBIGUOUS_BP"
"1140","NW_017738943.1",17980692,17985278,"rsi_circ_001656",6,"+",4,6,40,40,"my_test_rsi2",6,2,0,1,"GTAG",NA,"ANCHOR_UNIQUE,CANONICAL,CIRCULAR,OK_EXT,UNAMBIGUOUS_BP"
"1141","NW_017739069.1",1453360,1470478,"rsi_circ_001657",23,"-",13,18,40,40,"my_test_rsi2",23,0,0,1,"GTAG",NA,"ANCHOR_UNIQUE,CANONICAL,CIRCULAR,PERFECT_EXT,UNAMBIGUOUS_BP"
"1142","NW_017739455.1",650631,651643,"rsi_circ_001659",3,"+",1,3,40,40,"my_test_rsi2",3,0,0,1,"GTAG",NA,"ANCHOR_UNIQUE,CANONICAL,CIRCULAR,PERFECT_EXT,UNAMBIGUOUS_BP"
"1143","NW_017738960.1",543573,547244,"rsi_circ_001660",2,"-",2,2,40,40,"my_test_rsi2",2,0,0,1,"GTAG",NA,"ANCHOR_UNIQUE,CANONICAL,CIRCULAR,PERFECT_EXT,UNAMBIGUOUS_BP"
"1144","NW_017738992.1",395809,401692,"rsi_circ_001661",7,"+",4,7,40,40,"my_test_rsi2",7,0,0,1,"GTAG",NA,"ANCHOR_UNIQUE,CANONICAL,CIRCULAR,PERFECT_EXT,UNAMBIGUOUS_BP"
"1145","NW_017739365.1",254248,265611,"rsi_circ_001662",2,"+",1,2,35,40,"my_test_rsi2",2,0,0,1,"GTAG",NA,"ANCHOR_UNIQUE,CANONICAL,CIRCULAR,PERFECT_EXT,UNAMBIGUOUS_BP"
"1146","NW_017739123.1",47140,48521,"rsi_circ_001664",3,"-",1,3,40,5,"my_test_rsi2",3,1,0,1,"GTAG",NA,"ANCHOR_UNIQUE,CANONICAL,CIRCULAR,GOOD_EXT,UNAMBIGUOUS_BP"
"1147","NW_017739084.1",571258,596959,"rsi_circ_001667",12,"-",7,12,40,40,"my_test_rsi2",12,0,0,1,"GTAG",NA,"ANCHOR_UNIQUE,CANONICAL,CIRCULAR,PERFECT_EXT,UNAMBIGUOUS_BP"
"1148","NW_017739641.1",997894,1028053,"rsi_circ_001668",15,"+",5,14,40,40,"my_test_rsi2",15,0,0,1,"GTAG",NA,"ANCHOR_UNIQUE,CANONICAL,CIRCULAR,PERFECT_EXT,UNAMBIGUOUS_BP"
"1149","NW_017738940.1",6121678,6124957,"rsi_circ_001670",3,"-",1,3,35,35,"my_test_rsi2",3,0,0,1,"GTAG",NA,"ANCHOR_UNIQUE,CANONICAL,CIRCULAR,PERFECT_EXT,UNAMBIGUOUS_BP"
"1150","NW_017738971.1",7651514,7666614,"rsi_circ_001671",2,"-",2,2,5,40,"my_test_rsi2",2,0,0,1,"GTAG",NA,"ANCHOR_UNIQUE,CANONICAL,CIRCULAR,PERFECT_EXT,UNAMBIGUOUS_BP"
"1151","NW_017739171.1",78744,79069,"rsi_circ_001672",2,"+",1,2,40,40,"my_test_rsi2",2,1,0,1,"GTAG",NA,"ANCHOR_UNIQUE,CANONICAL,CIRCULAR,GOOD_EXT,UNAMBIGUOUS_BP"
"1152","NW_017739230.1",2084950,2087754,"rsi_circ_001674",4,"+",2,4,35,40,"my_test_rsi2",4,1,0,1,"GTAG",NA,"ANCHOR_UNIQUE,CANONICAL,CIRCULAR,GOOD_EXT,UNAMBIGUOUS_BP"
"1153","NW_017738959.1",8296438,8297346,"rsi_circ_001675",6,"+",2,6,40,40,"my_test_rsi2",6,0,1,1,"GTAG",NA,"ANCHOR_UNIQUE,CANONICAL,CIRCULAR,GOOD_EXT,UNAMBIGUOUS_BP"
"1154","NW_017739152.1",157808,160507,"rsi_circ_001676",4,"-",1,4,40,5,"my_test_rsi2",4,0,0,1,"GTAG",NA,"ANCHOR_UNIQUE,CANONICAL,CIRCULAR,PERFECT_EXT,UNAMBIGUOUS_BP"
"1155","NW_017738987.1",4314651,4327636,"rsi_circ_001677",5,"+",3,5,35,40,"my_test_rsi2",5,0,0,1,"GTAG",NA,"ANCHOR_UNIQUE,CANONICAL,CIRCULAR,PERFECT_EXT,UNAMBIGUOUS_BP"
"1156","NW_017739061.1",2029383,2050219,"rsi_circ_001679",2,"-",1,2,40,40,"my_test_rsi2",2,2,0,1,"GTAG",NA,"ANCHOR_UNIQUE,CANONICAL,CIRCULAR,OK_EXT,UNAMBIGUOUS_BP"
"1157","NW_017739469.1",106290,125616,"rsi_circ_001680",2,"+",1,2,5,5,"my_test_rsi2",2,2,0,1,"GTAG",NA,"ANCHOR_UNIQUE,CANONICAL,CIRCULAR,OK_EXT,UNAMBIGUOUS_BP"
"1158","NW_017739001.1",418362,430886,"rsi_circ_001681",3,"+",3,3,40,40,"my_test_rsi2",3,0,0,1,"GTAG",NA,"ANCHOR_UNIQUE,CANONICAL,CIRCULAR,PERFECT_EXT,UNAMBIGUOUS_BP"
"1159","NW_017739437.1",891872,898046,"rsi_circ_001683",2,"-",1,2,5,40,"my_test_rsi2",2,0,0,1,"GTAG",NA,"ANCHOR_UNIQUE,CANONICAL,CIRCULAR,PERFECT_EXT,UNAMBIGUOUS_BP"
"1160","NW_017738946.1",5209880,5257636,"rsi_circ_001684",8,"+",5,6,40,40,"my_test_rsi2",8,0,0,1,"GTAG",NA,"ANCHOR_UNIQUE,CANONICAL,CIRCULAR,PERFECT_EXT,UNAMBIGUOUS_BP"
"1161","NW_017739575.1",366285,399213,"rsi_circ_001685",20,"-",11,17,40,40,"my_test_rsi2",20,2,0,1,"GTAG",NA,"ANCHOR_UNIQUE,CANONICAL,CIRCULAR,OK_EXT,UNAMBIGUOUS_BP"
"1162","NW_017739040.1",2912491,2916672,"rsi_circ_001687",22,"-",13,22,40,40,"my_test_rsi2",22,0,0,1,"GTAG",NA,"ANCHOR_UNIQUE,CANONICAL,CIRCULAR,PERFECT_EXT,UNAMBIGUOUS_BP"
"1163","NW_017739264.1",510764,528698,"rsi_circ_001688",3,"+",2,3,40,36,"my_test_rsi2",3,0,0,1,"GTAG",NA,"ANCHOR_UNIQUE,CANONICAL,CIRCULAR,PERFECT_EXT,UNAMBIGUOUS_BP"
"1164","NW_017738930.1",1920179,1930710,"rsi_circ_001689",2,"+",1,2,40,40,"my_test_rsi2",2,0,0,1,"GTAG",NA,"ANCHOR_UNIQUE,CANONICAL,CIRCULAR,PERFECT_EXT,UNAMBIGUOUS_BP"
"1165","NW_017738966.1",859579,861951,"rsi_circ_001691",6,"-",2,6,35,40,"my_test_rsi2",6,0,0,1,"GTAG",NA,"ANCHOR_UNIQUE,CANONICAL,CIRCULAR,PERFECT_EXT,UNAMBIGUOUS_BP"
"1166","NW_017739412.1",121735,137374,"rsi_circ_001692",3,"+",1,3,5,40,"my_test_rsi2",3,0,0,1,"GTAG",NA,"ANCHOR_UNIQUE,CANONICAL,CIRCULAR,PERFECT_EXT,UNAMBIGUOUS_BP"
"1167","NW_017740009.1",280788,298832,"rsi_circ_001693",5,"-",4,5,40,40,"my_test_rsi2",5,0,0,1,"GTAG",NA,"ANCHOR_UNIQUE,CANONICAL,CIRCULAR,PERFECT_EXT,UNAMBIGUOUS_BP"
"1168","NW_017738965.1",3206910,3246614,"rsi_circ_001695",4,"-",3,3,40,40,"my_test_rsi2",4,0,0,1,"GTAG",NA,"ANCHOR_UNIQUE,CANONICAL,CIRCULAR,PERFECT_EXT,UNAMBIGUOUS_BP"
"1169","NW_017739074.1",603353,606372,"rsi_circ_001696",7,"+",4,7,40,40,"my_test_rsi2",7,0,0,1,"GTAG",NA,"ANCHOR_UNIQUE,CANONICAL,CIRCULAR,PERFECT_EXT,UNAMBIGUOUS_BP"
"1170","NW_017738934.1",345546,357818,"rsi_circ_001699",5,"+",2,5,40,40,"my_test_rsi2",5,1,0,1,"GTAG",NA,"ANCHOR_UNIQUE,CANONICAL,CIRCULAR,GOOD_EXT,UNAMBIGUOUS_BP"
"1171","NW_017739152.1",1100533,1101065,"rsi_circ_001701",5,"-",3,4,40,40,"my_test_rsi2",5,0,0,1,"GTAG",NA,"ANCHOR_UNIQUE,CANONICAL,CIRCULAR,PERFECT_EXT,UNAMBIGUOUS_BP"
"1172","NW_017738944.1",1806080,1816719,"rsi_circ_001702",3,"-",2,3,40,40,"my_test_rsi2",3,0,0,1,"GTAG",NA,"ANCHOR_UNIQUE,CANONICAL,CIRCULAR,PERFECT_EXT,UNAMBIGUOUS_BP"
"1173","NW_017739108.1",2797397,2798660,"rsi_circ_001705",2,"+",1,2,40,40,"my_test_rsi2",2,0,0,1,"GTAG",NA,"ANCHOR_UNIQUE,CANONICAL,CIRCULAR,PERFECT_EXT,UNAMBIGUOUS_BP"
"1174","NW_017739284.1",1394409,1421872,"rsi_circ_001706",4,"+",2,3,5,40,"my_test_rsi2",4,0,0,1,"GTAG",NA,"ANCHOR_UNIQUE,CANONICAL,CIRCULAR,PERFECT_EXT,UNAMBIGUOUS_BP"
"1175","NW_017738985.1",531961,539224,"rsi_circ_001707",7,"+",2,7,40,40,"my_test_rsi2",7,1,0,1,"GTAG",NA,"ANCHOR_UNIQUE,CANONICAL,CIRCULAR,GOOD_EXT,UNAMBIGUOUS_BP"
"1176","NW_017738985.1",4962976,4978572,"rsi_circ_001708",2,"-",2,2,40,5,"my_test_rsi2",2,0,0,1,"GTAG",NA,"ANCHOR_UNIQUE,CANONICAL,CIRCULAR,PERFECT_EXT,UNAMBIGUOUS_BP"
"1177","NW_017738972.1",126800,143355,"rsi_circ_001711",9,"+",5,9,40,40,"my_test_rsi2",9,1,0,1,"GTAG",NA,"ANCHOR_UNIQUE,CANONICAL,CIRCULAR,GOOD_EXT,UNAMBIGUOUS_BP"
"1178","NW_017739443.1",1415561,1419450,"rsi_circ_001712",2,"+",2,2,37,40,"my_test_rsi2",2,0,0,1,"GTAG",NA,"ANCHOR_UNIQUE,CANONICAL,CIRCULAR,PERFECT_EXT,UNAMBIGUOUS_BP"
"1179","NW_017739082.1",2233007,2247338,"rsi_circ_001713",3,"-",2,3,40,40,"my_test_rsi2",3,1,0,1,"GTAG",NA,"ANCHOR_UNIQUE,CANONICAL,CIRCULAR,GOOD_EXT,UNAMBIGUOUS_BP"
"1180","NW_017739446.1",1005894,1017675,"rsi_circ_001714",2,"-",1,2,40,40,"my_test_rsi2",2,2,0,1,"GTAG",NA,"ANCHOR_UNIQUE,CANONICAL,CIRCULAR,OK_EXT,UNAMBIGUOUS_BP"
"1181","NW_017739137.1",860741,864941,"rsi_circ_001715",5,"+",3,5,40,40,"my_test_rsi2",5,0,0,1,"GTAG",NA,"ANCHOR_UNIQUE,CANONICAL,CIRCULAR,PERFECT_EXT,UNAMBIGUOUS_BP"
"1182","NW_017739099.1",1112656,1161323,"rsi_circ_001717",4,"-",2,4,40,40,"my_test_rsi2",4,0,0,1,"GTAG",NA,"ANCHOR_UNIQUE,CANONICAL,CIRCULAR,PERFECT_EXT,UNAMBIGUOUS_BP"
"1183","NW_017739415.1",1331892,1337227,"rsi_circ_001718",2,"-",1,2,40,40,"my_test_rsi2",2,0,0,1,"GTAG",NA,"ANCHOR_UNIQUE,CANONICAL,CIRCULAR,PERFECT_EXT,UNAMBIGUOUS_BP"
"1184","NW_017739088.1",8373884,8377488,"rsi_circ_001719",4,"-",2,2,5,5,"my_test_rsi2",4,0,0,1,"GTAG",NA,"ANCHOR_UNIQUE,CANONICAL,CIRCULAR,PERFECT_EXT,UNAMBIGUOUS_BP"
"1185","NW_017739023.1",2020458,2023413,"rsi_circ_001720",4,"-",1,4,40,40,"my_test_rsi2",4,0,0,1,"GTAG",NA,"ANCHOR_UNIQUE,CANONICAL,CIRCULAR,PERFECT_EXT,UNAMBIGUOUS_BP"
"1186","NW_017739003.1",631352,632029,"rsi_circ_001722",44,"-",14,44,40,40,"my_test_rsi2",44,0,0,1,"GTAG",NA,"ANCHOR_UNIQUE,CANONICAL,CIRCULAR,PERFECT_EXT,UNAMBIGUOUS_BP"
"1187","NW_017739127.1",3944438,3953549,"rsi_circ_001726",2,"+",1,2,40,5,"my_test_rsi2",2,0,0,1,"GTAG",NA,"ANCHOR_UNIQUE,CANONICAL,CIRCULAR,PERFECT_EXT,UNAMBIGUOUS_BP"
"1188","NW_017739078.1",4058255,4059920,"rsi_circ_001728",8,"+",3,8,35,40,"my_test_rsi2",8,0,0,1,"GTAG",NA,"ANCHOR_UNIQUE,CANONICAL,CIRCULAR,PERFECT_EXT,UNAMBIGUOUS_BP"
"1189","NW_017738954.1",2830448,2836510,"rsi_circ_001731",3,"+",1,3,5,40,"my_test_rsi2",3,0,0,1,"GTAG",NA,"ANCHOR_UNIQUE,CANONICAL,CIRCULAR,PERFECT_EXT,UNAMBIGUOUS_BP"
"1190","NW_017739221.1",30378,31469,"rsi_circ_001732",2,"+",2,2,40,40,"my_test_rsi2",2,1,0,1,"GTAG",NA,"ANCHOR_UNIQUE,CANONICAL,CIRCULAR,GOOD_EXT,UNAMBIGUOUS_BP"
"1191","NW_017738990.1",3481933,3493079,"rsi_circ_001733",5,"+",4,1,40,40,"my_test_rsi2",5,0,0,1,"GTAG",NA,"ANCHOR_UNIQUE,CANONICAL,CIRCULAR,PERFECT_EXT,UNAMBIGUOUS_BP"
"1192","NW_017739063.1",2851977,2864954,"rsi_circ_001734",3,"+",1,3,40,5,"my_test_rsi2",3,0,0,1,"GTAG",NA,"ANCHOR_UNIQUE,CANONICAL,CIRCULAR,PERFECT_EXT,UNAMBIGUOUS_BP"
"1193","NW_017738929.1",3708740,3730504,"rsi_circ_001735",2,"-",1,2,35,5,"my_test_rsi2",2,1,0,1,"GTAG",NA,"ANCHOR_UNIQUE,CANONICAL,CIRCULAR,GOOD_EXT,UNAMBIGUOUS_BP"
"1194","NW_017739224.1",2047577,2096313,"rsi_circ_001738",3,"+",1,3,5,40,"my_test_rsi2",3,0,0,1,"GTAG",NA,"ANCHOR_UNIQUE,CANONICAL,CIRCULAR,PERFECT_EXT,UNAMBIGUOUS_BP"
"1195","NW_017739097.1",693676,723895,"rsi_circ_001739",15,"-",6,15,40,40,"my_test_rsi2",15,0,0,1,"GTAG",NA,"ANCHOR_UNIQUE,CANONICAL,CIRCULAR,PERFECT_EXT,UNAMBIGUOUS_BP"
"1196","NW_017738920.1",5034260,5040967,"rsi_circ_001740",2,"+",2,2,40,5,"my_test_rsi2",2,0,0,1,"GTAG",NA,"ANCHOR_UNIQUE,CANONICAL,CIRCULAR,PERFECT_EXT,UNAMBIGUOUS_BP"
"1197","NW_017738992.1",571841,582383,"rsi_circ_001741",3,"-",2,3,5,40,"my_test_rsi2",3,0,0,1,"GTAG",NA,"ANCHOR_UNIQUE,CANONICAL,CIRCULAR,PERFECT_EXT,UNAMBIGUOUS_BP"
"1198","NW_017739689.1",428178,430421,"rsi_circ_001742",2,"-",1,2,5,5,"my_test_rsi2",2,1,0,1,"GTAG",NA,"ANCHOR_UNIQUE,CANONICAL,CIRCULAR,GOOD_EXT,UNAMBIGUOUS_BP"
"1199","NW_017739443.1",1415561,1427329,"rsi_circ_001744",8,"+",4,8,40,40,"my_test_rsi2",8,0,0,1,"GTAG",NA,"ANCHOR_UNIQUE,CANONICAL,CIRCULAR,PERFECT_EXT,UNAMBIGUOUS_BP"
"1200","NW_017738978.1",3095165,3101233,"rsi_circ_001745",8,"-",5,8,40,40,"my_test_rsi2",8,0,0,1,"GTAG",NA,"ANCHOR_UNIQUE,CANONICAL,CIRCULAR,PERFECT_EXT,UNAMBIGUOUS_BP"
"1201","NW_017739016.1",6456144,6464477,"rsi_circ_001746",2,"+",1,2,5,5,"my_test_rsi2",2,1,0,1,"GTAG",NA,"ANCHOR_UNIQUE,CANONICAL,CIRCULAR,GOOD_EXT,UNAMBIGUOUS_BP"
"1202","NW_017739068.1",2592275,2596375,"rsi_circ_001748",4,"-",1,4,5,5,"my_test_rsi2",4,1,0,1,"GTAG",NA,"ANCHOR_UNIQUE,CANONICAL,CIRCULAR,GOOD_EXT,UNAMBIGUOUS_BP"
"1203","NW_017739373.1",1206881,1233536,"rsi_circ_001749",3,"-",2,3,40,40,"my_test_rsi2",3,0,0,1,"GTAG",NA,"ANCHOR_UNIQUE,CANONICAL,CIRCULAR,PERFECT_EXT,UNAMBIGUOUS_BP"
"1204","NW_017739100.1",1228766,1229193,"rsi_circ_001750",7,"-",3,7,40,40,"my_test_rsi2",7,0,0,1,"GTAG",NA,"ANCHOR_UNIQUE,CANONICAL,CIRCULAR,PERFECT_EXT,UNAMBIGUOUS_BP"
"1205","NW_017738920.1",6520906,6523477,"rsi_circ_001751",4,"+",1,4,5,5,"my_test_rsi2",4,2,0,1,"GTAG",NA,"ANCHOR_UNIQUE,CANONICAL,CIRCULAR,OK_EXT,UNAMBIGUOUS_BP"
"1206","NW_017738924.1",4351718,4359024,"rsi_circ_001752",7,"+",5,7,40,40,"my_test_rsi2",7,0,0,1,"GTAG",NA,"ANCHOR_UNIQUE,CANONICAL,CIRCULAR,PERFECT_EXT,UNAMBIGUOUS_BP"
"1207","NW_017739014.1",5212096,5233624,"rsi_circ_001753",6,"+",4,6,40,40,"my_test_rsi2",6,0,0,1,"GTAG",NA,"ANCHOR_UNIQUE,CANONICAL,CIRCULAR,PERFECT_EXT,UNAMBIGUOUS_BP"
"1208","NW_017738979.1",3274417,3298172,"rsi_circ_001755",3,"+",2,3,40,5,"my_test_rsi2",3,0,0,1,"GTAG",NA,"ANCHOR_UNIQUE,CANONICAL,CIRCULAR,PERFECT_EXT,UNAMBIGUOUS_BP"
"1209","NW_017739287.1",1310237,1321609,"rsi_circ_001756",13,"+",8,13,40,40,"my_test_rsi2",13,0,0,1,"GTAG",NA,"ANCHOR_UNIQUE,CANONICAL,CIRCULAR,PERFECT_EXT,UNAMBIGUOUS_BP"
"1210","NW_017739061.1",865825,871828,"rsi_circ_001757",2,"-",1,2,5,40,"my_test_rsi2",2,0,0,1,"GTAG",NA,"ANCHOR_UNIQUE,CANONICAL,CIRCULAR,PERFECT_EXT,UNAMBIGUOUS_BP"
"1211","NW_017739074.1",1731565,1759993,"rsi_circ_001763",3,"+",3,2,5,40,"my_test_rsi2",3,1,0,1,"GTAG",NA,"ANCHOR_UNIQUE,CANONICAL,CIRCULAR,GOOD_EXT,UNAMBIGUOUS_BP"
"1212","NW_017739292.1",1017485,1019855,"rsi_circ_001764",51,"-",27,48,40,40,"my_test_rsi2",51,1,0,1,"GTAG",NA,"ANCHOR_UNIQUE,CANONICAL,CIRCULAR,GOOD_EXT,UNAMBIGUOUS_BP"
"1213","NW_017738990.1",2653126,2653290,"rsi_circ_001765",3,"+",1,3,40,5,"my_test_rsi2",3,2,0,1,"GTAG",NA,"ANCHOR_UNIQUE,CANONICAL,CIRCULAR,OK_EXT,UNAMBIGUOUS_BP"
"1214","NW_017739536.1",272889,274862,"rsi_circ_001766",3,"-",3,3,40,40,"my_test_rsi2",3,2,0,1,"GTAG",NA,"ANCHOR_UNIQUE,CANONICAL,CIRCULAR,OK_EXT,UNAMBIGUOUS_BP"
"1215","NW_017739128.1",2329550,2329924,"rsi_circ_001768",3,"+",2,3,5,40,"my_test_rsi2",3,0,0,1,"GTAG",NA,"ANCHOR_UNIQUE,CANONICAL,CIRCULAR,PERFECT_EXT,UNAMBIGUOUS_BP"
"1216","NW_017738982.1",3480493,3494875,"rsi_circ_001769",2,"+",1,2,5,40,"my_test_rsi2",2,1,0,1,"GTAG",NA,"ANCHOR_UNIQUE,CANONICAL,CIRCULAR,GOOD_EXT,UNAMBIGUOUS_BP"
"1217","NW_017739575.1",385493,396037,"rsi_circ_001772",4,"-",2,4,40,40,"my_test_rsi2",4,0,0,1,"GTAG",NA,"ANCHOR_UNIQUE,CANONICAL,CIRCULAR,PERFECT_EXT,UNAMBIGUOUS_BP"
"1218","NW_017739165.1",232029,232408,"rsi_circ_001773",8,"+",3,8,40,5,"my_test_rsi2",8,0,0,1,"GTAG",NA,"ANCHOR_UNIQUE,CANONICAL,CIRCULAR,PERFECT_EXT,UNAMBIGUOUS_BP"
"1219","NW_017739514.1",145980,146853,"rsi_circ_001774",5,"-",3,5,40,40,"my_test_rsi2",5,0,0,1,"GTAG",NA,"ANCHOR_UNIQUE,CANONICAL,CIRCULAR,PERFECT_EXT,UNAMBIGUOUS_BP"
"1220","NW_017738952.1",2575339,2578163,"rsi_circ_001775",7,"+",3,7,40,40,"my_test_rsi2",7,0,0,1,"GTAG",NA,"ANCHOR_UNIQUE,CANONICAL,CIRCULAR,PERFECT_EXT,UNAMBIGUOUS_BP"
"1221","NW_017738943.1",12732674,12737442,"rsi_circ_001776",4,"+",2,4,40,40,"my_test_rsi2",4,0,0,1,"GTAG",NA,"ANCHOR_UNIQUE,CANONICAL,CIRCULAR,PERFECT_EXT,UNAMBIGUOUS_BP"
"1222","NW_017739221.1",677361,683859,"rsi_circ_001777",4,"-",4,3,5,40,"my_test_rsi2",4,0,0,1,"GTAG",NA,"ANCHOR_UNIQUE,CANONICAL,CIRCULAR,PERFECT_EXT,UNAMBIGUOUS_BP"
"1223","NW_017739290.1",79637,97019,"rsi_circ_001778",3,"+",3,3,40,35,"my_test_rsi2",3,0,0,1,"GTAG",NA,"ANCHOR_UNIQUE,CANONICAL,CIRCULAR,PERFECT_EXT,UNAMBIGUOUS_BP"
"1224","NW_017739523.1",394681,398386,"rsi_circ_001780",2,"+",2,2,40,40,"my_test_rsi2",2,0,0,1,"GTAG",NA,"ANCHOR_UNIQUE,CANONICAL,CIRCULAR,PERFECT_EXT,UNAMBIGUOUS_BP"
"1225","NW_017738984.1",6521706,6568620,"rsi_circ_001781",2,"-",1,2,5,5,"my_test_rsi2",2,0,0,1,"GTAG",NA,"ANCHOR_UNIQUE,CANONICAL,CIRCULAR,PERFECT_EXT,UNAMBIGUOUS_BP"
"1226","NW_017738968.1",1272800,1274257,"rsi_circ_001783",23,"+",18,23,40,40,"my_test_rsi2",23,0,0,1,"GTAG",NA,"ANCHOR_UNIQUE,CANONICAL,CIRCULAR,PERFECT_EXT,UNAMBIGUOUS_BP"
"1227","NW_017738967.1",1326034,1327262,"rsi_circ_001784",2,"+",1,2,40,40,"my_test_rsi2",2,0,0,1,"GTAG",NA,"ANCHOR_UNIQUE,CANONICAL,CIRCULAR,PERFECT_EXT,UNAMBIGUOUS_BP"
"1228","NW_017739147.1",4895899,4899674,"rsi_circ_001785",2,"+",1,2,5,40,"my_test_rsi2",2,0,0,1,"GTAG",NA,"ANCHOR_UNIQUE,CANONICAL,CIRCULAR,PERFECT_EXT,UNAMBIGUOUS_BP"
"1229","NW_017739831.1",43132,46978,"rsi_circ_001787",5,"-",4,4,40,40,"my_test_rsi2",5,0,0,1,"GTAG",NA,"ANCHOR_UNIQUE,CANONICAL,CIRCULAR,PERFECT_EXT,UNAMBIGUOUS_BP"
"1230","NW_017739107.1",482926,515306,"rsi_circ_001789",5,"+",3,5,40,40,"my_test_rsi2",5,2,0,1,"GTAG",NA,"ANCHOR_UNIQUE,CANONICAL,CIRCULAR,OK_EXT,UNAMBIGUOUS_BP"
"1231","NW_017739089.1",9080876,9089722,"rsi_circ_001792",2,"+",1,2,5,5,"my_test_rsi2",2,0,0,1,"GTAG",NA,"ANCHOR_UNIQUE,CANONICAL,CIRCULAR,PERFECT_EXT,UNAMBIGUOUS_BP"
"1232","NW_017739291.1",103117,135087,"rsi_circ_001794",2,"+",1,2,35,5,"my_test_rsi2",2,0,0,1,"GTAG",NA,"ANCHOR_UNIQUE,CANONICAL,CIRCULAR,PERFECT_EXT,UNAMBIGUOUS_BP"
"1233","NW_017739088.1",1713068,1798814,"rsi_circ_001795",6,"+",2,6,40,5,"my_test_rsi2",6,0,0,1,"GTAG",NA,"ANCHOR_UNIQUE,CANONICAL,CIRCULAR,PERFECT_EXT,UNAMBIGUOUS_BP"
"1234","NW_017739052.1",1277348,1277932,"rsi_circ_001796",11,"-",7,11,40,40,"my_test_rsi2",11,0,0,1,"GTAG",NA,"ANCHOR_UNIQUE,CANONICAL,CIRCULAR,PERFECT_EXT,UNAMBIGUOUS_BP"
"1235","NW_017738936.1",3922120,3923131,"rsi_circ_001797",6,"-",4,3,5,40,"my_test_rsi2",6,0,0,1,"GTAG",NA,"ANCHOR_UNIQUE,CANONICAL,CIRCULAR,PERFECT_EXT,UNAMBIGUOUS_BP"
"1236","NW_017739067.1",1053142,1062700,"rsi_circ_001798",6,"+",2,6,40,40,"my_test_rsi2",6,0,0,1,"GTAG",NA,"ANCHOR_UNIQUE,CANONICAL,CIRCULAR,PERFECT_EXT,UNAMBIGUOUS_BP"
"1237","NW_017739146.1",3192996,3196561,"rsi_circ_001799",2,"+",1,2,40,35,"my_test_rsi2",2,1,0,1,"GTAG",NA,"ANCHOR_UNIQUE,CANONICAL,CIRCULAR,GOOD_EXT,UNAMBIGUOUS_BP"
"1238","NW_017739200.1",3404213,3409367,"rsi_circ_001800",24,"+",10,24,40,40,"my_test_rsi2",24,0,0,1,"GTAG",NA,"ANCHOR_UNIQUE,CANONICAL,CIRCULAR,PERFECT_EXT,UNAMBIGUOUS_BP"
"1239","NW_017738971.1",634496,635254,"rsi_circ_001802",2,"-",1,2,40,5,"my_test_rsi2",2,2,0,1,"GTAG",NA,"ANCHOR_UNIQUE,CANONICAL,CIRCULAR,OK_EXT,UNAMBIGUOUS_BP"
"1240","NW_017738978.1",3473417,3483270,"rsi_circ_001803",3,"-",2,3,40,40,"my_test_rsi2",3,0,0,1,"GTAG",NA,"ANCHOR_UNIQUE,CANONICAL,CIRCULAR,PERFECT_EXT,UNAMBIGUOUS_BP"
"1241","NW_017739065.1",1816645,1834288,"rsi_circ_001804",5,"-",4,5,40,40,"my_test_rsi2",5,0,0,1,"GTAG",NA,"ANCHOR_UNIQUE,CANONICAL,CIRCULAR,PERFECT_EXT,UNAMBIGUOUS_BP"
"1242","NW_017738980.1",4181593,4182670,"rsi_circ_001807",2,"+",1,2,40,5,"my_test_rsi2",2,1,0,1,"GTAG",NA,"ANCHOR_UNIQUE,CANONICAL,CIRCULAR,GOOD_EXT,UNAMBIGUOUS_BP"
"1243","NW_017738997.1",3003458,3006257,"rsi_circ_001808",2,"+",1,2,40,5,"my_test_rsi2",2,0,0,1,"GTAG",NA,"ANCHOR_UNIQUE,CANONICAL,CIRCULAR,PERFECT_EXT,UNAMBIGUOUS_BP"
"1244","NW_017738989.1",377098,380798,"rsi_circ_001809",38,"+",26,38,40,40,"my_test_rsi2",38,0,0,1,"GTAG",NA,"ANCHOR_UNIQUE,CANONICAL,CIRCULAR,PERFECT_EXT,UNAMBIGUOUS_BP"
"1245","NW_017739218.1",2141547,2148105,"rsi_circ_001812",18,"-",9,18,40,40,"my_test_rsi2",18,0,0,1,"GTAG",NA,"ANCHOR_UNIQUE,CANONICAL,CIRCULAR,PERFECT_EXT,UNAMBIGUOUS_BP"
"1246","NW_017739360.1",249896,256235,"rsi_circ_001813",2,"-",2,2,40,40,"my_test_rsi2",2,0,0,1,"GTAG",NA,"ANCHOR_UNIQUE,CANONICAL,CIRCULAR,PERFECT_EXT,UNAMBIGUOUS_BP"
"1247","NW_017739170.1",2048603,2049968,"rsi_circ_001815",2,"-",2,2,40,40,"my_test_rsi2",2,1,0,1,"GTAG",NA,"ANCHOR_UNIQUE,CANONICAL,CIRCULAR,GOOD_EXT,UNAMBIGUOUS_BP"
"1248","NW_017739437.1",596206,602055,"rsi_circ_001818",3,"+",2,3,40,40,"my_test_rsi2",3,0,0,1,"GTAG",NA,"ANCHOR_UNIQUE,CANONICAL,CIRCULAR,PERFECT_EXT,UNAMBIGUOUS_BP"
"1249","NW_017739220.1",178393,193140,"rsi_circ_001819",4,"-",1,4,40,40,"my_test_rsi2",4,0,0,1,"GTAG",NA,"ANCHOR_UNIQUE,CANONICAL,CIRCULAR,PERFECT_EXT,UNAMBIGUOUS_BP"
"1250","NW_017739043.1",27477,30053,"rsi_circ_001822",3,"+",1,3,40,40,"my_test_rsi2",3,0,0,1,"GTAG",NA,"ANCHOR_UNIQUE,CANONICAL,CIRCULAR,PERFECT_EXT,UNAMBIGUOUS_BP"
"1251","NW_017739633.1",168376,172062,"rsi_circ_001825",3,"+",3,3,40,40,"my_test_rsi2",3,1,0,1,"GTAG",NA,"ANCHOR_UNIQUE,CANONICAL,CIRCULAR,GOOD_EXT,UNAMBIGUOUS_BP"
"1252","NW_017739063.1",3297719,3304360,"rsi_circ_001827",42,"-",18,42,40,40,"my_test_rsi2",42,0,0,1,"GTAG",NA,"ANCHOR_UNIQUE,CANONICAL,CIRCULAR,PERFECT_EXT,UNAMBIGUOUS_BP"
"1253","NW_017739034.1",3049837,3053571,"rsi_circ_001828",3,"-",3,3,40,40,"my_test_rsi2",3,0,0,1,"GTAG",NA,"ANCHOR_UNIQUE,CANONICAL,CIRCULAR,PERFECT_EXT,UNAMBIGUOUS_BP"
"1254","NW_017739153.1",5355766,5356070,"rsi_circ_001829",10,"+",4,10,40,40,"my_test_rsi2",10,0,0,1,"GTAG",NA,"ANCHOR_UNIQUE,CANONICAL,CIRCULAR,PERFECT_EXT,UNAMBIGUOUS_BP"
"1255","NW_017739061.1",1523170,1525537,"rsi_circ_001830",2,"+",1,2,40,40,"my_test_rsi2",2,0,0,1,"GTAG",NA,"ANCHOR_UNIQUE,CANONICAL,CIRCULAR,PERFECT_EXT,UNAMBIGUOUS_BP"
"1256","NW_017738953.1",2819572,2820537,"rsi_circ_001831",2,"-",1,2,5,40,"my_test_rsi2",2,0,0,1,"GTAG",NA,"ANCHOR_UNIQUE,CANONICAL,CIRCULAR,PERFECT_EXT,UNAMBIGUOUS_BP"
"1257","NW_017739068.1",2649078,2665802,"rsi_circ_001833",3,"-",2,3,40,40,"my_test_rsi2",3,1,0,1,"GTAG",NA,"ANCHOR_UNIQUE,CANONICAL,CIRCULAR,GOOD_EXT,UNAMBIGUOUS_BP"
"1258","NW_017739388.1",1205391,1205800,"rsi_circ_001834",3,"-",1,3,5,40,"my_test_rsi2",3,0,0,1,"GTAG",NA,"ANCHOR_UNIQUE,CANONICAL,CIRCULAR,PERFECT_EXT,UNAMBIGUOUS_BP"
"1259","NW_017738946.1",5757882,5760010,"rsi_circ_001835",16,"+",6,16,40,40,"my_test_rsi2",16,0,0,1,"GTAG",NA,"ANCHOR_UNIQUE,CANONICAL,CIRCULAR,PERFECT_EXT,UNAMBIGUOUS_BP"
"1260","NW_017738993.1",839265,842213,"rsi_circ_001836",7,"-",7,7,40,40,"my_test_rsi2",7,0,0,1,"GTAG",NA,"ANCHOR_UNIQUE,CANONICAL,CIRCULAR,PERFECT_EXT,UNAMBIGUOUS_BP"
"1261","NW_017739211.1",3023981,3026493,"rsi_circ_001837",4,"-",1,4,40,35,"my_test_rsi2",4,0,0,1,"GTAG",NA,"ANCHOR_UNIQUE,CANONICAL,CIRCULAR,PERFECT_EXT,UNAMBIGUOUS_BP"
"1262","NW_017739175.1",556849,558127,"rsi_circ_001838",8,"+",4,8,40,40,"my_test_rsi2",8,0,0,1,"GTAG",NA,"ANCHOR_UNIQUE,CANONICAL,CIRCULAR,PERFECT_EXT,UNAMBIGUOUS_BP"
"1263","NW_017739249.1",943697,959978,"rsi_circ_001842",2,"-",1,2,40,40,"my_test_rsi2",2,0,0,1,"GTAG",NA,"ANCHOR_UNIQUE,CANONICAL,CIRCULAR,PERFECT_EXT,UNAMBIGUOUS_BP"
"1264","NW_017739441.1",725486,737378,"rsi_circ_001844",2,"-",2,1,40,40,"my_test_rsi2",2,0,0,1,"GTAG",NA,"ANCHOR_UNIQUE,CANONICAL,CIRCULAR,PERFECT_EXT,UNAMBIGUOUS_BP"
"1265","NW_017739576.1",545186,555748,"rsi_circ_001845",6,"+",5,6,40,40,"my_test_rsi2",6,0,0,1,"GTAG",NA,"ANCHOR_UNIQUE,CANONICAL,CIRCULAR,PERFECT_EXT,UNAMBIGUOUS_BP"
"1266","NW_017739428.1",1612593,1613272,"rsi_circ_001846",3,"-",2,3,40,5,"my_test_rsi2",3,0,0,1,"GTAG",NA,"ANCHOR_UNIQUE,CANONICAL,CIRCULAR,PERFECT_EXT,UNAMBIGUOUS_BP"
"1267","NW_017739275.1",148965,149549,"rsi_circ_001847",9,"-",2,9,40,36,"my_test_rsi2",9,0,0,1,"GTAG",NA,"ANCHOR_UNIQUE,CANONICAL,CIRCULAR,PERFECT_EXT,UNAMBIGUOUS_BP"
"1268","NW_017739001.1",1456786,1521725,"rsi_circ_001848",2,"-",1,2,5,35,"my_test_rsi2",2,1,0,1,"GTAG",NA,"ANCHOR_UNIQUE,CANONICAL,CIRCULAR,GOOD_EXT,UNAMBIGUOUS_BP"
"1269","NW_017738990.1",6085112,6093274,"rsi_circ_001849",2,"-",2,2,40,40,"my_test_rsi2",2,0,0,1,"GTAG",NA,"ANCHOR_UNIQUE,CANONICAL,CIRCULAR,PERFECT_EXT,UNAMBIGUOUS_BP"
"1270","NW_017738943.1",13523556,13532771,"rsi_circ_001851",3,"-",3,2,40,35,"my_test_rsi2",3,0,0,1,"GTAG",NA,"ANCHOR_UNIQUE,CANONICAL,CIRCULAR,PERFECT_EXT,UNAMBIGUOUS_BP"
"1271","NW_017739130.1",2233002,2238716,"rsi_circ_001853",4,"-",1,4,40,40,"my_test_rsi2",4,0,0,1,"GTAG",NA,"ANCHOR_UNIQUE,CANONICAL,CIRCULAR,PERFECT_EXT,UNAMBIGUOUS_BP"
"1272","NW_017739032.1",3066416,3071777,"rsi_circ_001854",7,"-",2,7,40,40,"my_test_rsi2",7,0,0,1,"GTAG",NA,"ANCHOR_UNIQUE,CANONICAL,CIRCULAR,PERFECT_EXT,UNAMBIGUOUS_BP"
"1273","NW_017738967.1",5321146,5321633,"rsi_circ_001855",2,"-",1,2,40,40,"my_test_rsi2",2,1,0,1,"GTAG",NA,"ANCHOR_UNIQUE,CANONICAL,CIRCULAR,GOOD_EXT,UNAMBIGUOUS_BP"
"1274","NW_017739143.1",1485820,1491381,"rsi_circ_001858",3,"+",2,3,5,5,"my_test_rsi2",3,1,0,1,"GTAG",NA,"ANCHOR_UNIQUE,CANONICAL,CIRCULAR,GOOD_EXT,UNAMBIGUOUS_BP"
"1275","NW_017738954.1",3014249,3025940,"rsi_circ_001861",4,"+",4,4,40,40,"my_test_rsi2",4,0,0,1,"GTAG",NA,"ANCHOR_UNIQUE,CANONICAL,CIRCULAR,PERFECT_EXT,UNAMBIGUOUS_BP"
"1276","NW_017739111.1",984191,1031748,"rsi_circ_001863",3,"+",2,3,40,37,"my_test_rsi2",3,0,0,1,"GTAG",NA,"ANCHOR_UNIQUE,CANONICAL,CIRCULAR,PERFECT_EXT,UNAMBIGUOUS_BP"
"1277","NW_017739476.1",838891,843891,"rsi_circ_001865",4,"-",2,4,40,40,"my_test_rsi2",4,0,0,1,"GTAG",NA,"ANCHOR_UNIQUE,CANONICAL,CIRCULAR,PERFECT_EXT,UNAMBIGUOUS_BP"
"1278","NW_017739048.1",1789484,1811121,"rsi_circ_001867",2,"-",1,2,40,40,"my_test_rsi2",2,0,0,1,"GTAG",NA,"ANCHOR_UNIQUE,CANONICAL,CIRCULAR,PERFECT_EXT,UNAMBIGUOUS_BP"
"1279","NW_017738932.1",5465267,5505929,"rsi_circ_001868",5,"-",3,5,40,40,"my_test_rsi2",5,0,0,1,"GTAG",NA,"ANCHOR_UNIQUE,CANONICAL,CIRCULAR,PERFECT_EXT,UNAMBIGUOUS_BP"
"1280","NW_017739369.1",513201,514786,"rsi_circ_001869",2,"-",2,2,40,40,"my_test_rsi2",2,0,0,1,"GTAG",NA,"ANCHOR_UNIQUE,CANONICAL,CIRCULAR,PERFECT_EXT,UNAMBIGUOUS_BP"
"1281","NW_017739058.1",332712,333586,"rsi_circ_001870",4,"-",1,4,40,5,"my_test_rsi2",4,0,0,1,"GTAG",NA,"ANCHOR_UNIQUE,CANONICAL,CIRCULAR,PERFECT_EXT,UNAMBIGUOUS_BP"
"1282","NW_017738993.1",121027,174775,"rsi_circ_001871",2,"-",2,2,40,40,"my_test_rsi2",2,0,0,1,"GTAG",NA,"ANCHOR_UNIQUE,CANONICAL,CIRCULAR,PERFECT_EXT,UNAMBIGUOUS_BP"
"1283","NW_017739486.1",71052,71386,"rsi_circ_001873",6,"+",3,6,40,40,"my_test_rsi2",6,0,0,1,"GTAG",NA,"ANCHOR_UNIQUE,CANONICAL,CIRCULAR,PERFECT_EXT,UNAMBIGUOUS_BP"
"1284","NW_017738962.1",5643169,5644781,"rsi_circ_001874",2,"+",1,2,5,36,"my_test_rsi2",2,2,0,1,"GTAG",NA,"ANCHOR_UNIQUE,CANONICAL,CIRCULAR,OK_EXT,UNAMBIGUOUS_BP"
"1285","NW_017739066.1",3336420,3339281,"rsi_circ_001877",8,"+",2,8,40,40,"my_test_rsi2",8,0,0,1,"GTAG",NA,"ANCHOR_UNIQUE,CANONICAL,CIRCULAR,PERFECT_EXT,UNAMBIGUOUS_BP"
"1286","NW_017738940.1",6343493,6391109,"rsi_circ_001878",9,"+",5,8,40,40,"my_test_rsi2",9,0,0,1,"GTAG",NA,"ANCHOR_UNIQUE,CANONICAL,CIRCULAR,PERFECT_EXT,UNAMBIGUOUS_BP"
"1287","NW_017738923.1",4639767,4640203,"rsi_circ_001880",3,"-",2,2,35,35,"my_test_rsi2",3,0,0,1,"GTAG",NA,"ANCHOR_UNIQUE,CANONICAL,CIRCULAR,PERFECT_EXT,UNAMBIGUOUS_BP"
"1288","NW_017739298.1",1305911,1312799,"rsi_circ_001881",2,"+",2,2,40,40,"my_test_rsi2",2,0,0,1,"GTAG",NA,"ANCHOR_UNIQUE,CANONICAL,CIRCULAR,PERFECT_EXT,UNAMBIGUOUS_BP"
"1289","NW_017739207.1",2834198,2867296,"rsi_circ_001882",2,"+",2,1,40,5,"my_test_rsi2",2,1,0,1,"GTAG",NA,"ANCHOR_UNIQUE,CANONICAL,CIRCULAR,GOOD_EXT,UNAMBIGUOUS_BP"
"1290","NW_017739116.1",3274134,3323368,"rsi_circ_001883",7,"+",2,7,5,5,"my_test_rsi2",7,0,0,1,"GTAG",NA,"ANCHOR_UNIQUE,CANONICAL,CIRCULAR,PERFECT_EXT,UNAMBIGUOUS_BP"
"1291","NW_017738959.1",3550989,3562626,"rsi_circ_001884",7,"-",2,7,40,5,"my_test_rsi2",7,0,0,1,"GTAG",NA,"ANCHOR_UNIQUE,CANONICAL,CIRCULAR,PERFECT_EXT,UNAMBIGUOUS_BP"
"1292","NW_017738979.1",6569475,6579402,"rsi_circ_001886",46,"-",22,40,40,40,"my_test_rsi2",46,0,0,1,"GTAG",NA,"ANCHOR_UNIQUE,CANONICAL,CIRCULAR,PERFECT_EXT,UNAMBIGUOUS_BP"
"1293","NW_017739381.1",550615,555170,"rsi_circ_001887",2,"-",1,2,35,40,"my_test_rsi2",2,1,0,1,"GTAG",NA,"ANCHOR_UNIQUE,CANONICAL,CIRCULAR,GOOD_EXT,UNAMBIGUOUS_BP"
"1294","NW_017738984.1",3916586,3921740,"rsi_circ_001888",2,"+",2,2,40,40,"my_test_rsi2",2,1,0,1,"GTAG",NA,"ANCHOR_UNIQUE,CANONICAL,CIRCULAR,GOOD_EXT,UNAMBIGUOUS_BP"
"1295","NW_017739440.1",938588,955054,"rsi_circ_001889",2,"-",2,2,40,40,"my_test_rsi2",2,2,0,1,"GTAG",NA,"ANCHOR_UNIQUE,CANONICAL,CIRCULAR,OK_EXT,UNAMBIGUOUS_BP"
"1296","NW_017739016.1",5181637,5187477,"rsi_circ_001891",10,"-",6,10,40,40,"my_test_rsi2",10,0,0,1,"GTAG",NA,"ANCHOR_UNIQUE,CANONICAL,CIRCULAR,PERFECT_EXT,UNAMBIGUOUS_BP"
"1297","NW_017739454.1",2295602,2297279,"rsi_circ_001892",9,"+",5,9,40,40,"my_test_rsi2",9,0,0,1,"GTAG",NA,"ANCHOR_UNIQUE,CANONICAL,CIRCULAR,PERFECT_EXT,UNAMBIGUOUS_BP"
"1298","NW_017739011.1",2098973,2144544,"rsi_circ_001893",2,"-",1,2,40,40,"my_test_rsi2",2,0,0,1,"GTAG",NA,"ANCHOR_UNIQUE,CANONICAL,CIRCULAR,PERFECT_EXT,UNAMBIGUOUS_BP"
"1299","NW_017739130.1",99476,122308,"rsi_circ_001894",3,"-",1,3,35,40,"my_test_rsi2",3,1,0,1,"GTAG",NA,"ANCHOR_UNIQUE,CANONICAL,CIRCULAR,GOOD_EXT,UNAMBIGUOUS_BP"
"1300","NW_017738990.1",1186611,1195587,"rsi_circ_001897",3,"+",3,1,40,40,"my_test_rsi2",3,0,0,1,"GTAG",NA,"ANCHOR_UNIQUE,CANONICAL,CIRCULAR,PERFECT_EXT,UNAMBIGUOUS_BP"
"1301","NW_017738967.1",6552150,6628920,"rsi_circ_001898",3,"+",1,3,40,40,"my_test_rsi2",3,0,0,1,"GTAG",NA,"ANCHOR_UNIQUE,CANONICAL,CIRCULAR,PERFECT_EXT,UNAMBIGUOUS_BP"
"1302","NW_017738928.1",1509016,1518553,"rsi_circ_001900",12,"-",10,12,40,40,"my_test_rsi2",12,0,0,1,"GTAG",NA,"ANCHOR_UNIQUE,CANONICAL,CIRCULAR,PERFECT_EXT,UNAMBIGUOUS_BP"
"1303","NW_017738965.1",3695839,3699706,"rsi_circ_001901",5,"+",3,5,40,40,"my_test_rsi2",5,0,0,1,"GTAG",NA,"ANCHOR_UNIQUE,CANONICAL,CIRCULAR,PERFECT_EXT,UNAMBIGUOUS_BP"
"1304","NW_017738970.1",3051352,3063634,"rsi_circ_001902",4,"+",2,4,40,40,"my_test_rsi2",4,0,0,1,"GTAG",NA,"ANCHOR_UNIQUE,CANONICAL,CIRCULAR,PERFECT_EXT,UNAMBIGUOUS_BP"
"1305","NW_017738958.1",2831563,2834354,"rsi_circ_001903",8,"+",6,8,40,40,"my_test_rsi2",8,0,0,1,"GTAG",NA,"ANCHOR_UNIQUE,CANONICAL,CIRCULAR,PERFECT_EXT,UNAMBIGUOUS_BP"
"1306","NW_017738926.1",1701636,1717798,"rsi_circ_001904",9,"-",2,9,40,40,"my_test_rsi2",9,0,0,1,"GTAG",NA,"ANCHOR_UNIQUE,CANONICAL,CIRCULAR,PERFECT_EXT,UNAMBIGUOUS_BP"
"1307","NW_017739769.1",87101,87254,"rsi_circ_001905",2,"-",2,2,40,40,"my_test_rsi2",2,0,0,1,"GTAG",NA,"ANCHOR_UNIQUE,CANONICAL,CIRCULAR,PERFECT_EXT,UNAMBIGUOUS_BP"
"1308","NW_017739612.1",279938,280295,"rsi_circ_001906",3,"-",1,3,40,5,"my_test_rsi2",3,0,0,1,"GTAG",NA,"ANCHOR_UNIQUE,CANONICAL,CIRCULAR,PERFECT_EXT,UNAMBIGUOUS_BP"
"1309","NW_017739250.1",2120276,2126330,"rsi_circ_001907",63,"+",27,63,40,40,"my_test_rsi2",63,0,0,1,"GTAG",NA,"ANCHOR_UNIQUE,CANONICAL,CIRCULAR,PERFECT_EXT,UNAMBIGUOUS_BP"
"1310","NW_017739462.1",162648,174100,"rsi_circ_001908",2,"-",2,2,40,40,"my_test_rsi2",2,0,0,1,"GTAG",NA,"ANCHOR_UNIQUE,CANONICAL,CIRCULAR,PERFECT_EXT,UNAMBIGUOUS_BP"
"1311","NW_017738988.1",2340275,2340640,"rsi_circ_001909",7,"+",3,7,5,40,"my_test_rsi2",7,0,0,1,"GTAG",NA,"ANCHOR_UNIQUE,CANONICAL,CIRCULAR,PERFECT_EXT,UNAMBIGUOUS_BP"
"1312","NW_017739253.1",1590303,1596140,"rsi_circ_001910",89,"-",34,89,40,40,"my_test_rsi2",89,0,0,1,"GTAG",NA,"ANCHOR_UNIQUE,CANONICAL,CIRCULAR,PERFECT_EXT,UNAMBIGUOUS_BP"
"1313","NW_017739066.1",2825234,2828780,"rsi_circ_001911",3,"-",1,3,5,5,"my_test_rsi2",3,0,0,1,"GTAG",NA,"ANCHOR_UNIQUE,CANONICAL,CIRCULAR,PERFECT_EXT,UNAMBIGUOUS_BP"
"1314","NW_017739095.1",1150687,1172650,"rsi_circ_001913",10,"-",4,10,40,40,"my_test_rsi2",10,0,0,1,"GTAG",NA,"ANCHOR_UNIQUE,CANONICAL,CIRCULAR,PERFECT_EXT,UNAMBIGUOUS_BP"
"1315","NW_017739160.1",1173022,1176071,"rsi_circ_001915",5,"-",2,5,40,40,"my_test_rsi2",5,0,0,1,"GTAG",NA,"ANCHOR_UNIQUE,CANONICAL,CIRCULAR,PERFECT_EXT,UNAMBIGUOUS_BP"
"1316","NW_017738996.1",1687919,1708022,"rsi_circ_001916",5,"-",4,4,40,40,"my_test_rsi2",5,0,0,1,"GTAG",NA,"ANCHOR_UNIQUE,CANONICAL,CIRCULAR,PERFECT_EXT,UNAMBIGUOUS_BP"
"1317","NW_017739040.1",2756626,2757065,"rsi_circ_001917",3,"-",1,3,40,5,"my_test_rsi2",3,0,0,1,"GTAG",NA,"ANCHOR_UNIQUE,CANONICAL,CIRCULAR,PERFECT_EXT,UNAMBIGUOUS_BP"
"1318","NW_017739171.1",1714995,1721791,"rsi_circ_001920",2,"+",1,2,35,40,"my_test_rsi2",2,1,0,1,"GTAG",NA,"ANCHOR_UNIQUE,CANONICAL,CIRCULAR,GOOD_EXT,UNAMBIGUOUS_BP"
"1319","NW_017739698.1",118452,156393,"rsi_circ_001921",3,"-",2,3,35,4,"my_test_rsi2",3,0,0,1,"GTAG",NA,"ANCHOR_UNIQUE,CANONICAL,CIRCULAR,PERFECT_EXT,UNAMBIGUOUS_BP"
"1320","NW_017739032.1",3402031,3404174,"rsi_circ_001922",6,"-",1,6,40,40,"my_test_rsi2",6,0,0,1,"GTAG",NA,"ANCHOR_UNIQUE,CANONICAL,CIRCULAR,PERFECT_EXT,UNAMBIGUOUS_BP"
"1321","NW_017739032.1",3412162,3412484,"rsi_circ_001924",2,"-",2,2,40,40,"my_test_rsi2",2,1,0,1,"GTAG",NA,"ANCHOR_UNIQUE,CANONICAL,CIRCULAR,GOOD_EXT,UNAMBIGUOUS_BP"
"1322","NW_017739025.1",10027762,10033792,"rsi_circ_001925",2,"-",1,2,40,5,"my_test_rsi2",2,0,0,1,"GTAG",NA,"ANCHOR_UNIQUE,CANONICAL,CIRCULAR,PERFECT_EXT,UNAMBIGUOUS_BP"
"1323","NW_017739032.1",3382548,3385253,"rsi_circ_001927",5,"+",1,5,40,40,"my_test_rsi2",5,0,0,1,"GTAG",NA,"ANCHOR_UNIQUE,CANONICAL,CIRCULAR,PERFECT_EXT,UNAMBIGUOUS_BP"
"1324","NW_017739585.1",1657098,1659454,"rsi_circ_001928",5,"+",2,5,40,40,"my_test_rsi2",5,0,0,1,"GTAG",NA,"ANCHOR_UNIQUE,CANONICAL,CIRCULAR,PERFECT_EXT,UNAMBIGUOUS_BP"
"1325","NW_017739789.1",489894,492430,"rsi_circ_001930",3,"+",1,3,40,40,"my_test_rsi2",3,0,0,1,"GTAG",NA,"ANCHOR_UNIQUE,CANONICAL,CIRCULAR,PERFECT_EXT,UNAMBIGUOUS_BP"
"1326","NW_017739326.1",368118,374915,"rsi_circ_001932",2,"-",2,2,40,5,"my_test_rsi2",2,0,0,1,"GTAG",NA,"ANCHOR_UNIQUE,CANONICAL,CIRCULAR,PERFECT_EXT,UNAMBIGUOUS_BP"
"1327","NW_017739036.1",3673473,3676634,"rsi_circ_001933",3,"-",1,3,5,40,"my_test_rsi2",3,0,0,1,"GTAG",NA,"ANCHOR_UNIQUE,CANONICAL,CIRCULAR,PERFECT_EXT,UNAMBIGUOUS_BP"
"1328","NW_017739309.1",2204571,2208426,"rsi_circ_001934",2,"-",1,2,5,5,"my_test_rsi2",2,0,0,1,"GTAG",NA,"ANCHOR_UNIQUE,CANONICAL,CIRCULAR,PERFECT_EXT,UNAMBIGUOUS_BP"
"1329","NW_017738972.1",5570977,5572254,"rsi_circ_001935",5,"-",2,5,40,40,"my_test_rsi2",5,2,0,1,"GTAG",NA,"ANCHOR_UNIQUE,CANONICAL,CIRCULAR,OK_EXT,UNAMBIGUOUS_BP"
"1330","NW_017739897.1",23787,27182,"rsi_circ_001937",9,"-",5,9,40,40,"my_test_rsi2",9,0,0,1,"GTAG",NA,"ANCHOR_UNIQUE,CANONICAL,CIRCULAR,PERFECT_EXT,UNAMBIGUOUS_BP"
"1331","NW_017738924.1",4588969,4616693,"rsi_circ_001938",11,"+",5,11,40,40,"my_test_rsi2",11,0,0,1,"GTAG",NA,"ANCHOR_UNIQUE,CANONICAL,CIRCULAR,PERFECT_EXT,UNAMBIGUOUS_BP"
"1332","NW_017739033.1",2948964,2954662,"rsi_circ_001939",2,"-",1,2,40,5,"my_test_rsi2",2,0,0,1,"GTAG",NA,"ANCHOR_UNIQUE,CANONICAL,CIRCULAR,PERFECT_EXT,UNAMBIGUOUS_BP"
"1333","NW_017740344.1",14367,15461,"rsi_circ_001940",3,"-",2,3,40,40,"my_test_rsi2",3,0,0,1,"GTAG",NA,"ANCHOR_UNIQUE,CANONICAL,CIRCULAR,PERFECT_EXT,UNAMBIGUOUS_BP"
"1334","NW_017739099.1",1415365,1428271,"rsi_circ_001941",3,"+",2,3,40,40,"my_test_rsi2",3,0,0,1,"GTAG",NA,"ANCHOR_UNIQUE,CANONICAL,CIRCULAR,PERFECT_EXT,UNAMBIGUOUS_BP"
"1335","NW_017738953.1",1288602,1299203,"rsi_circ_001942",14,"-",9,14,40,40,"my_test_rsi2",14,0,0,1,"GTAG",NA,"ANCHOR_UNIQUE,CANONICAL,CIRCULAR,PERFECT_EXT,UNAMBIGUOUS_BP"
"1336","NW_017739305.1",759514,763022,"rsi_circ_001943",7,"+",3,7,35,40,"my_test_rsi2",7,0,0,1,"GTAG",NA,"ANCHOR_UNIQUE,CANONICAL,CIRCULAR,PERFECT_EXT,UNAMBIGUOUS_BP"
"1337","NW_017739009.1",607959,611336,"rsi_circ_001944",2,"-",1,2,40,5,"my_test_rsi2",2,1,0,1,"GTAG",NA,"ANCHOR_UNIQUE,CANONICAL,CIRCULAR,GOOD_EXT,UNAMBIGUOUS_BP"
"1338","NW_017739137.1",1225535,1255860,"rsi_circ_001945",5,"-",2,5,40,40,"my_test_rsi2",5,0,0,1,"GTAG",NA,"ANCHOR_UNIQUE,CANONICAL,CIRCULAR,PERFECT_EXT,UNAMBIGUOUS_BP"
"1339","NW_017739014.1",3126421,3133502,"rsi_circ_001946",12,"+",4,12,40,40,"my_test_rsi2",12,0,0,1,"GTAG",NA,"ANCHOR_UNIQUE,CANONICAL,CIRCULAR,PERFECT_EXT,UNAMBIGUOUS_BP"
"1340","NW_017739432.1",22993,39962,"rsi_circ_001947",3,"+",1,3,5,5,"my_test_rsi2",3,1,0,1,"GTAG",NA,"ANCHOR_UNIQUE,CANONICAL,CIRCULAR,GOOD_EXT,UNAMBIGUOUS_BP"
"1341","NW_017738981.1",2579452,2588880,"rsi_circ_001948",8,"+",3,7,40,40,"my_test_rsi2",8,0,0,1,"GTAG",NA,"ANCHOR_UNIQUE,CANONICAL,CIRCULAR,PERFECT_EXT,UNAMBIGUOUS_BP"
"1342","NW_017739251.1",1895536,1896749,"rsi_circ_001950",3,"-",2,3,40,5,"my_test_rsi2",3,0,0,1,"GTAG",NA,"ANCHOR_UNIQUE,CANONICAL,CIRCULAR,PERFECT_EXT,UNAMBIGUOUS_BP"
"1343","NW_017739600.1",563591,564394,"rsi_circ_001951",5,"-",2,5,35,40,"my_test_rsi2",5,0,0,1,"GTAG",NA,"ANCHOR_UNIQUE,CANONICAL,CIRCULAR,PERFECT_EXT,UNAMBIGUOUS_BP"
"1344","NW_017739078.1",3504699,3504860,"rsi_circ_001952",7,"-",5,7,40,40,"my_test_rsi2",7,0,0,1,"GTAG",NA,"ANCHOR_UNIQUE,CANONICAL,CIRCULAR,PERFECT_EXT,UNAMBIGUOUS_BP"
"1345","NW_017739042.1",4387322,4390199,"rsi_circ_001953",3,"-",2,3,40,40,"my_test_rsi2",3,0,0,1,"GTAG",NA,"ANCHOR_UNIQUE,CANONICAL,CIRCULAR,PERFECT_EXT,UNAMBIGUOUS_BP"
"1346","NW_017738934.1",3132153,3142700,"rsi_circ_001954",2,"-",1,2,40,40,"my_test_rsi2",2,0,0,1,"GTAG",NA,"ANCHOR_UNIQUE,CANONICAL,CIRCULAR,PERFECT_EXT,UNAMBIGUOUS_BP"
"1347","NW_017739030.1",645768,646629,"rsi_circ_001955",2,"+",1,2,40,5,"my_test_rsi2",2,1,0,1,"GTAG",NA,"ANCHOR_UNIQUE,CANONICAL,CIRCULAR,GOOD_EXT,UNAMBIGUOUS_BP"
"1348","NW_017739190.1",2700818,2704389,"rsi_circ_001957",2,"+",1,2,40,40,"my_test_rsi2",2,0,0,1,"GTAG",NA,"ANCHOR_UNIQUE,CANONICAL,CIRCULAR,PERFECT_EXT,UNAMBIGUOUS_BP"
"1349","NW_017738984.1",1297552,1315837,"rsi_circ_001958",14,"+",6,14,40,40,"my_test_rsi2",14,0,0,1,"GTAG",NA,"ANCHOR_UNIQUE,CANONICAL,CIRCULAR,PERFECT_EXT,UNAMBIGUOUS_BP"
"1350","NW_017739446.1",1020716,1024538,"rsi_circ_001960",3,"-",2,3,40,40,"my_test_rsi2",3,0,0,1,"GTAG",NA,"ANCHOR_UNIQUE,CANONICAL,CIRCULAR,PERFECT_EXT,UNAMBIGUOUS_BP"
"1351","NW_017739476.1",854028,917666,"rsi_circ_001962",2,"-",2,2,40,40,"my_test_rsi2",2,0,0,1,"GTAG",NA,"ANCHOR_UNIQUE,CANONICAL,CIRCULAR,PERFECT_EXT,UNAMBIGUOUS_BP"
"1352","NW_017739052.1",1961730,1962083,"rsi_circ_001964",22,"-",10,22,40,40,"my_test_rsi2",22,0,0,1,"GTAG",NA,"ANCHOR_UNIQUE,CANONICAL,CIRCULAR,PERFECT_EXT,UNAMBIGUOUS_BP"
"1353","NW_017739416.1",560318,560760,"rsi_circ_001965",3,"+",1,3,36,5,"my_test_rsi2",3,0,0,1,"GTAG",NA,"ANCHOR_UNIQUE,CANONICAL,CIRCULAR,PERFECT_EXT,UNAMBIGUOUS_BP"
"1354","NW_017739277.1",1849363,1865405,"rsi_circ_001966",7,"+",6,6,40,40,"my_test_rsi2",7,0,0,1,"GTAG",NA,"ANCHOR_UNIQUE,CANONICAL,CIRCULAR,PERFECT_EXT,UNAMBIGUOUS_BP"
"1355","NW_017738944.1",979404,981045,"rsi_circ_001967",3,"-",1,3,35,40,"my_test_rsi2",3,0,0,1,"GTAG",NA,"ANCHOR_UNIQUE,CANONICAL,CIRCULAR,PERFECT_EXT,UNAMBIGUOUS_BP"
"1356","NW_017739035.1",3073796,3096611,"rsi_circ_001969",3,"+",3,2,5,35,"my_test_rsi2",3,0,0,1,"GTAG",NA,"ANCHOR_UNIQUE,CANONICAL,CIRCULAR,PERFECT_EXT,UNAMBIGUOUS_BP"
"1357","NW_017738967.1",8672600,8674764,"rsi_circ_001971",18,"+",9,18,40,40,"my_test_rsi2",18,0,0,1,"GTAG",NA,"ANCHOR_UNIQUE,CANONICAL,CIRCULAR,PERFECT_EXT,UNAMBIGUOUS_BP"
"1358","NW_017738968.1",6881011,6881216,"rsi_circ_001972",5,"-",2,5,40,40,"my_test_rsi2",5,0,0,1,"GTAG",NA,"ANCHOR_UNIQUE,CANONICAL,CIRCULAR,PERFECT_EXT,UNAMBIGUOUS_BP"
"1359","NW_017738981.1",2579452,2584133,"rsi_circ_001973",4,"+",1,4,40,5,"my_test_rsi2",4,1,0,1,"GTAG",NA,"ANCHOR_UNIQUE,CANONICAL,CIRCULAR,GOOD_EXT,UNAMBIGUOUS_BP"
"1360","NW_017738979.1",2044317,2062329,"rsi_circ_001974",8,"-",3,8,40,40,"my_test_rsi2",8,0,0,1,"GTAG",NA,"ANCHOR_UNIQUE,CANONICAL,CIRCULAR,PERFECT_EXT,UNAMBIGUOUS_BP"
"1361","NW_017739194.1",2375348,2401055,"rsi_circ_001975",2,"+",1,2,5,40,"my_test_rsi2",2,0,0,1,"GTAG",NA,"ANCHOR_UNIQUE,CANONICAL,CIRCULAR,PERFECT_EXT,UNAMBIGUOUS_BP"
"1362","NW_017739549.1",92735,97208,"rsi_circ_001977",23,"+",12,23,40,40,"my_test_rsi2",23,0,0,1,"GTAG",NA,"ANCHOR_UNIQUE,CANONICAL,CIRCULAR,PERFECT_EXT,UNAMBIGUOUS_BP"
"1363","NW_017738925.1",10772715,10774923,"rsi_circ_001979",3,"-",1,3,5,35,"my_test_rsi2",3,0,2,1,"GTAG",NA,"ANCHOR_UNIQUE,CANONICAL,CIRCULAR,OK_EXT,UNAMBIGUOUS_BP"
"1364","NW_017738931.1",5977585,5979105,"rsi_circ_001980",12,"-",9,12,40,40,"my_test_rsi2",12,0,0,1,"GTAG",NA,"ANCHOR_UNIQUE,CANONICAL,CIRCULAR,PERFECT_EXT,UNAMBIGUOUS_BP"
"1365","NW_017739831.1",87336,87524,"rsi_circ_001981",4,"-",1,4,40,40,"my_test_rsi2",4,0,0,1,"GTAG",NA,"ANCHOR_UNIQUE,CANONICAL,CIRCULAR,PERFECT_EXT,UNAMBIGUOUS_BP"
"1366","NW_017739939.1",228772,235343,"rsi_circ_001982",8,"+",4,8,40,40,"my_test_rsi2",8,0,0,1,"GTAG",NA,"ANCHOR_UNIQUE,CANONICAL,CIRCULAR,PERFECT_EXT,UNAMBIGUOUS_BP"
"1367","NW_017739035.1",2223938,2224115,"rsi_circ_001983",3,"-",1,3,40,40,"my_test_rsi2",3,1,0,1,"GTAG",NA,"ANCHOR_UNIQUE,CANONICAL,CIRCULAR,GOOD_EXT,UNAMBIGUOUS_BP"
"1368","NW_017738995.1",190490,197634,"rsi_circ_001984",6,"+",1,6,40,5,"my_test_rsi2",6,1,0,1,"GTAG",NA,"ANCHOR_UNIQUE,CANONICAL,CIRCULAR,GOOD_EXT,UNAMBIGUOUS_BP"
"1369","NW_017739063.1",3248223,3264938,"rsi_circ_001986",3,"-",1,3,5,40,"my_test_rsi2",3,0,0,1,"GTAG",NA,"ANCHOR_UNIQUE,CANONICAL,CIRCULAR,PERFECT_EXT,UNAMBIGUOUS_BP"
"1370","NW_017739728.1",390608,403088,"rsi_circ_001987",59,"+",27,58,40,40,"my_test_rsi2",59,0,0,1,"GTAG",NA,"ANCHOR_UNIQUE,CANONICAL,CIRCULAR,PERFECT_EXT,UNAMBIGUOUS_BP"
"1371","NW_017738992.1",5783280,5808800,"rsi_circ_001988",19,"+",14,19,40,40,"my_test_rsi2",19,1,0,1,"GTAG",NA,"ANCHOR_UNIQUE,CANONICAL,CIRCULAR,GOOD_EXT,UNAMBIGUOUS_BP"
"1372","NW_017739671.1",1495423,1497022,"rsi_circ_001989",2,"-",1,2,35,40,"my_test_rsi2",2,0,0,1,"GTAG",NA,"ANCHOR_UNIQUE,CANONICAL,CIRCULAR,PERFECT_EXT,UNAMBIGUOUS_BP"
"1373","NW_017739000.1",2735054,2742864,"rsi_circ_001990",2,"-",2,1,40,40,"my_test_rsi2",2,0,0,1,"GTAG",NA,"ANCHOR_UNIQUE,CANONICAL,CIRCULAR,PERFECT_EXT,UNAMBIGUOUS_BP"
"1374","NW_017739355.1",3101149,3137431,"rsi_circ_001991",2,"-",2,2,5,35,"my_test_rsi2",2,1,0,1,"GTAG",NA,"ANCHOR_UNIQUE,CANONICAL,CIRCULAR,GOOD_EXT,UNAMBIGUOUS_BP"
"1375","NW_017739538.1",403046,422978,"rsi_circ_001993",10,"-",4,10,40,40,"my_test_rsi2",10,0,0,1,"GTAG",NA,"ANCHOR_UNIQUE,CANONICAL,CIRCULAR,PERFECT_EXT,UNAMBIGUOUS_BP"
"1376","NW_017739010.1",3606683,3624977,"rsi_circ_001996",13,"+",8,12,40,40,"my_test_rsi2",13,1,0,1,"GTAG",NA,"ANCHOR_UNIQUE,CANONICAL,CIRCULAR,GOOD_EXT,UNAMBIGUOUS_BP"
"1377","NW_017739425.1",1388440,1405246,"rsi_circ_001997",2,"+",2,2,40,40,"my_test_rsi2",2,0,0,1,"GTAG",NA,"ANCHOR_UNIQUE,CANONICAL,CIRCULAR,PERFECT_EXT,UNAMBIGUOUS_BP"
"1378","NW_017738954.1",5480901,5486660,"rsi_circ_001998",4,"+",2,4,40,40,"my_test_rsi2",4,0,0,1,"GTAG",NA,"ANCHOR_UNIQUE,CANONICAL,CIRCULAR,PERFECT_EXT,UNAMBIGUOUS_BP"
"1379","NW_017739409.1",359442,362584,"rsi_circ_001999",2,"+",2,2,40,40,"my_test_rsi2",2,0,0,1,"GTAG",NA,"ANCHOR_UNIQUE,CANONICAL,CIRCULAR,PERFECT_EXT,UNAMBIGUOUS_BP"
"1380","NW_017738968.1",1982898,1987544,"rsi_circ_002000",46,"-",23,46,40,40,"my_test_rsi2",46,0,0,1,"GTAG",NA,"ANCHOR_UNIQUE,CANONICAL,CIRCULAR,PERFECT_EXT,UNAMBIGUOUS_BP"
"1381","NW_017739284.1",1394409,1403253,"rsi_circ_002002",11,"+",4,11,40,40,"my_test_rsi2",11,0,0,1,"GTAG",NA,"ANCHOR_UNIQUE,CANONICAL,CIRCULAR,PERFECT_EXT,UNAMBIGUOUS_BP"
"1382","NW_017739420.1",210591,212548,"rsi_circ_002003",7,"-",5,7,40,40,"my_test_rsi2",7,0,0,1,"GTAG",NA,"ANCHOR_UNIQUE,CANONICAL,CIRCULAR,PERFECT_EXT,UNAMBIGUOUS_BP"
"1383","NW_017739615.1",746218,749267,"rsi_circ_002005",4,"-",3,4,40,40,"my_test_rsi2",4,0,0,1,"GTAG",NA,"ANCHOR_UNIQUE,CANONICAL,CIRCULAR,PERFECT_EXT,UNAMBIGUOUS_BP"
"1384","NW_017738976.1",818410,918380,"rsi_circ_002006",3,"+",1,3,35,5,"my_test_rsi2",3,1,0,1,"GTAG",NA,"ANCHOR_UNIQUE,CANONICAL,CIRCULAR,GOOD_EXT,UNAMBIGUOUS_BP"
"1385","NW_017738923.1",10426962,10429391,"rsi_circ_002009",10,"+",3,10,40,40,"my_test_rsi2",10,0,0,1,"GTAG",NA,"ANCHOR_UNIQUE,CANONICAL,CIRCULAR,PERFECT_EXT,UNAMBIGUOUS_BP"
"1386","NW_017739302.1",21491,22996,"rsi_circ_002010",10,"+",9,7,40,40,"my_test_rsi2",10,0,0,1,"GTAG",NA,"ANCHOR_UNIQUE,CANONICAL,CIRCULAR,PERFECT_EXT,UNAMBIGUOUS_BP"
"1387","NW_017738992.1",5799365,5804137,"rsi_circ_002013",25,"+",16,20,40,40,"my_test_rsi2",25,0,0,1,"GTAG",NA,"ANCHOR_UNIQUE,CANONICAL,CIRCULAR,PERFECT_EXT,UNAMBIGUOUS_BP"
"1388","NW_017738992.1",5783280,5784851,"rsi_circ_002016",35,"+",15,35,40,40,"my_test_rsi2",35,0,0,1,"GTAG",NA,"ANCHOR_UNIQUE,CANONICAL,CIRCULAR,PERFECT_EXT,UNAMBIGUOUS_BP"
"1389","NW_017739244.1",3127602,3131757,"rsi_circ_002017",5,"+",1,5,5,5,"my_test_rsi2",5,0,0,1,"GTAG",NA,"ANCHOR_UNIQUE,CANONICAL,CIRCULAR,PERFECT_EXT,UNAMBIGUOUS_BP"
"1390","NW_017738979.1",300113,300826,"rsi_circ_002018",2,"-",1,2,40,5,"my_test_rsi2",2,0,0,1,"GTAG",NA,"ANCHOR_UNIQUE,CANONICAL,CIRCULAR,PERFECT_EXT,UNAMBIGUOUS_BP"
"1391","NW_017739440.1",66795,69954,"rsi_circ_002019",2,"+",2,2,40,40,"my_test_rsi2",2,1,0,1,"GTAG",NA,"ANCHOR_UNIQUE,CANONICAL,CIRCULAR,GOOD_EXT,UNAMBIGUOUS_BP"
"1392","NW_017739090.1",2888516,2896538,"rsi_circ_002021",8,"-",4,7,40,40,"my_test_rsi2",8,0,0,1,"GTAG",NA,"ANCHOR_UNIQUE,CANONICAL,CIRCULAR,PERFECT_EXT,UNAMBIGUOUS_BP"
"1393","NW_017739103.1",2200954,2213631,"rsi_circ_002022",16,"+",11,13,40,40,"my_test_rsi2",16,0,0,1,"GTAG",NA,"ANCHOR_UNIQUE,CANONICAL,CIRCULAR,PERFECT_EXT,UNAMBIGUOUS_BP"
"1394","NW_017738934.1",4346968,4349194,"rsi_circ_002023",2,"-",1,2,5,40,"my_test_rsi2",2,0,0,1,"GTAG",NA,"ANCHOR_UNIQUE,CANONICAL,CIRCULAR,PERFECT_EXT,UNAMBIGUOUS_BP"
"1395","NW_017739029.1",155276,159205,"rsi_circ_002025",2,"+",1,2,5,40,"my_test_rsi2",2,1,0,1,"GTAG",NA,"ANCHOR_UNIQUE,CANONICAL,CIRCULAR,GOOD_EXT,UNAMBIGUOUS_BP"
"1396","NW_017738938.1",512200,512981,"rsi_circ_002029",2,"+",1,2,40,40,"my_test_rsi2",2,0,0,1,"GTAG",NA,"ANCHOR_UNIQUE,CANONICAL,CIRCULAR,PERFECT_EXT,UNAMBIGUOUS_BP"
"1397","NW_017739024.1",923570,926743,"rsi_circ_002030",3,"+",1,3,40,40,"my_test_rsi2",3,1,0,1,"GTAG",NA,"ANCHOR_UNIQUE,CANONICAL,CIRCULAR,GOOD_EXT,UNAMBIGUOUS_BP"
"1398","NW_017739250.1",1979689,1994081,"rsi_circ_002031",2,"+",1,2,40,40,"my_test_rsi2",2,0,0,1,"GTAG",NA,"ANCHOR_UNIQUE,CANONICAL,CIRCULAR,PERFECT_EXT,UNAMBIGUOUS_BP"
"1399","NW_017739192.1",3710475,3712725,"rsi_circ_002034",2,"+",2,2,40,40,"my_test_rsi2",2,0,0,1,"GTAG",NA,"ANCHOR_UNIQUE,CANONICAL,CIRCULAR,PERFECT_EXT,UNAMBIGUOUS_BP"
"1400","NW_017739609.1",613011,633673,"rsi_circ_002035",2,"+",2,2,40,40,"my_test_rsi2",2,0,0,1,"GTAG",NA,"ANCHOR_UNIQUE,CANONICAL,CIRCULAR,PERFECT_EXT,UNAMBIGUOUS_BP"
"1401","NW_017739345.1",1476260,1491393,"rsi_circ_002037",2,"+",1,2,40,40,"my_test_rsi2",2,0,0,1,"GTAG",NA,"ANCHOR_UNIQUE,CANONICAL,CIRCULAR,PERFECT_EXT,UNAMBIGUOUS_BP"
"1402","NW_017739384.1",1134213,1134702,"rsi_circ_002038",13,"-",10,10,5,40,"my_test_rsi2",13,0,0,1,"GTAG",NA,"ANCHOR_UNIQUE,CANONICAL,CIRCULAR,PERFECT_EXT,UNAMBIGUOUS_BP"
"1403","NW_017739066.1",1568693,1569626,"rsi_circ_002041",6,"-",5,5,40,40,"my_test_rsi2",6,0,0,1,"GTAG",NA,"ANCHOR_UNIQUE,CANONICAL,CIRCULAR,PERFECT_EXT,UNAMBIGUOUS_BP"
"1404","NW_017739076.1",1733919,1740053,"rsi_circ_002043",2,"-",1,2,5,5,"my_test_rsi2",2,0,0,1,"GTAG",NA,"ANCHOR_UNIQUE,CANONICAL,CIRCULAR,PERFECT_EXT,UNAMBIGUOUS_BP"
"1405","NW_017739040.1",8037854,8057272,"rsi_circ_002044",3,"-",1,3,40,40,"my_test_rsi2",3,2,0,1,"GTAG",NA,"ANCHOR_UNIQUE,CANONICAL,CIRCULAR,OK_EXT,UNAMBIGUOUS_BP"
"1406","NW_017739681.1",147441,151327,"rsi_circ_002045",2,"-",2,2,40,40,"my_test_rsi2",2,0,0,1,"GTAG",NA,"ANCHOR_UNIQUE,CANONICAL,CIRCULAR,PERFECT_EXT,UNAMBIGUOUS_BP"
"1407","NW_017739793.1",44662,45138,"rsi_circ_002046",3,"+",2,3,40,40,"my_test_rsi2",3,1,0,1,"GTAG",NA,"ANCHOR_UNIQUE,CANONICAL,CIRCULAR,GOOD_EXT,UNAMBIGUOUS_BP"
"1408","NW_017739471.1",184019,184880,"rsi_circ_002047",6,"+",4,6,40,40,"my_test_rsi2",6,0,0,1,"GTAG",NA,"ANCHOR_UNIQUE,CANONICAL,CIRCULAR,PERFECT_EXT,UNAMBIGUOUS_BP"
"1409","NW_017739178.1",883046,884448,"rsi_circ_002049",4,"+",2,4,40,40,"my_test_rsi2",4,0,0,1,"GTAG",NA,"ANCHOR_UNIQUE,CANONICAL,CIRCULAR,PERFECT_EXT,UNAMBIGUOUS_BP"
"1410","NW_017739032.1",3530652,3548451,"rsi_circ_002050",4,"-",3,4,40,40,"my_test_rsi2",4,0,0,1,"GTAG",NA,"ANCHOR_UNIQUE,CANONICAL,CIRCULAR,PERFECT_EXT,UNAMBIGUOUS_BP"
"1411","NW_017738932.1",2377557,2447042,"rsi_circ_002052",2,"+",2,2,40,40,"my_test_rsi2",2,0,0,1,"GTAG",NA,"ANCHOR_UNIQUE,CANONICAL,CIRCULAR,PERFECT_EXT,UNAMBIGUOUS_BP"
"1412","NW_017738962.1",4727621,4737133,"rsi_circ_002053",4,"+",1,4,40,40,"my_test_rsi2",4,0,0,1,"GTAG",NA,"ANCHOR_UNIQUE,CANONICAL,CIRCULAR,PERFECT_EXT,UNAMBIGUOUS_BP"
"1413","NW_017739591.1",203201,203990,"rsi_circ_002055",2,"+",1,2,40,40,"my_test_rsi2",2,0,0,1,"GTAG",NA,"ANCHOR_UNIQUE,CANONICAL,CIRCULAR,PERFECT_EXT,UNAMBIGUOUS_BP"
"1414","NW_017739003.1",7425099,7443082,"rsi_circ_002056",137,"+",64,126,40,40,"my_test_rsi2",137,0,0,1,"GTAG",NA,"ANCHOR_UNIQUE,CANONICAL,CIRCULAR,PERFECT_EXT,UNAMBIGUOUS_BP"
"1415","NW_017739537.1",535530,538927,"rsi_circ_002057",6,"-",5,4,40,40,"my_test_rsi2",6,0,0,1,"GTAG",NA,"ANCHOR_UNIQUE,CANONICAL,CIRCULAR,PERFECT_EXT,UNAMBIGUOUS_BP"
"1416","NW_017739663.1",52614,62960,"rsi_circ_002058",7,"-",2,7,40,40,"my_test_rsi2",7,0,0,1,"GTAG",NA,"ANCHOR_UNIQUE,CANONICAL,CIRCULAR,PERFECT_EXT,UNAMBIGUOUS_BP"
"1417","NW_017739274.1",810268,816604,"rsi_circ_002060",5,"-",2,5,40,40,"my_test_rsi2",5,0,0,1,"GTAG",NA,"ANCHOR_UNIQUE,CANONICAL,CIRCULAR,PERFECT_EXT,UNAMBIGUOUS_BP"
"1418","NW_017738944.1",3616865,3622529,"rsi_circ_002061",2,"-",2,2,5,40,"my_test_rsi2",2,0,0,1,"GTAG",NA,"ANCHOR_UNIQUE,CANONICAL,CIRCULAR,PERFECT_EXT,UNAMBIGUOUS_BP"
"1419","NW_017739241.1",175769,176169,"rsi_circ_002062",20,"+",9,20,40,40,"my_test_rsi2",20,0,0,1,"GTAG",NA,"ANCHOR_UNIQUE,CANONICAL,CIRCULAR,PERFECT_EXT,UNAMBIGUOUS_BP"
"1420","NW_017739349.1",593006,657929,"rsi_circ_002063",3,"+",1,3,40,5,"my_test_rsi2",3,0,0,1,"GTAG",NA,"ANCHOR_UNIQUE,CANONICAL,CIRCULAR,PERFECT_EXT,UNAMBIGUOUS_BP"
"1421","NW_017739829.1",135380,156123,"rsi_circ_002067",13,"-",5,12,40,40,"my_test_rsi2",13,0,0,1,"GTAG",NA,"ANCHOR_UNIQUE,CANONICAL,CIRCULAR,PERFECT_EXT,UNAMBIGUOUS_BP"
"1422","NW_017739140.1",298624,322496,"rsi_circ_002069",7,"-",3,7,40,40,"my_test_rsi2",7,0,0,1,"GTAG",NA,"ANCHOR_UNIQUE,CANONICAL,CIRCULAR,PERFECT_EXT,UNAMBIGUOUS_BP"
"1423","NW_017739440.1",1772499,1772952,"rsi_circ_002072",2,"+",1,2,35,40,"my_test_rsi2",2,0,0,1,"GTAG",NA,"ANCHOR_UNIQUE,CANONICAL,CIRCULAR,PERFECT_EXT,UNAMBIGUOUS_BP"
"1424","NW_017739192.1",3468543,3469887,"rsi_circ_002073",4,"+",2,4,40,40,"my_test_rsi2",4,0,0,1,"GTAG",NA,"ANCHOR_UNIQUE,CANONICAL,CIRCULAR,PERFECT_EXT,UNAMBIGUOUS_BP"
"1425","NW_017738971.1",7246650,7274264,"rsi_circ_002074",2,"-",1,2,5,40,"my_test_rsi2",2,0,0,1,"GTAG",NA,"ANCHOR_UNIQUE,CANONICAL,CIRCULAR,PERFECT_EXT,UNAMBIGUOUS_BP"
"1426","NW_017739074.1",3152664,3172340,"rsi_circ_002077",3,"+",1,3,40,35,"my_test_rsi2",3,2,0,1,"GTAG",NA,"ANCHOR_UNIQUE,CANONICAL,CIRCULAR,OK_EXT,UNAMBIGUOUS_BP"
"1427","NW_017739454.1",1179636,1209428,"rsi_circ_002078",2,"+",2,2,40,40,"my_test_rsi2",2,0,0,1,"GTAG",NA,"ANCHOR_UNIQUE,CANONICAL,CIRCULAR,PERFECT_EXT,UNAMBIGUOUS_BP"
"1428","NW_017739118.1",866897,874138,"rsi_circ_002079",3,"-",3,3,5,40,"my_test_rsi2",3,0,0,1,"GTAG",NA,"ANCHOR_UNIQUE,CANONICAL,CIRCULAR,PERFECT_EXT,UNAMBIGUOUS_BP"
"1429","NW_017738945.1",301261,312302,"rsi_circ_002082",2,"+",2,2,40,5,"my_test_rsi2",2,1,0,1,"GTAG",NA,"ANCHOR_UNIQUE,CANONICAL,CIRCULAR,GOOD_EXT,UNAMBIGUOUS_BP"
"1430","NW_017739359.1",573284,603424,"rsi_circ_002083",6,"-",4,6,40,40,"my_test_rsi2",6,1,0,1,"GTAG",NA,"ANCHOR_UNIQUE,CANONICAL,CIRCULAR,GOOD_EXT,UNAMBIGUOUS_BP"
"1431","NW_017738959.1",3869809,3873262,"rsi_circ_002084",6,"-",3,3,40,40,"my_test_rsi2",6,0,0,1,"GTAG",NA,"ANCHOR_UNIQUE,CANONICAL,CIRCULAR,PERFECT_EXT,UNAMBIGUOUS_BP"
"1432","NW_017739682.1",203804,222986,"rsi_circ_002085",3,"+",3,3,40,40,"my_test_rsi2",3,0,0,1,"GTAG",NA,"ANCHOR_UNIQUE,CANONICAL,CIRCULAR,PERFECT_EXT,UNAMBIGUOUS_BP"
"1433","NW_017739035.1",1944226,1973920,"rsi_circ_002086",4,"+",1,4,40,5,"my_test_rsi2",4,0,0,1,"GTAG",NA,"ANCHOR_UNIQUE,CANONICAL,CIRCULAR,PERFECT_EXT,UNAMBIGUOUS_BP"
"1434","NW_017739103.1",1307604,1312968,"rsi_circ_002088",85,"+",19,85,40,40,"my_test_rsi2",85,0,0,1,"GTAG",NA,"ANCHOR_UNIQUE,CANONICAL,CIRCULAR,PERFECT_EXT,UNAMBIGUOUS_BP"
"1435","NW_017739315.1",542914,550916,"rsi_circ_002093",2,"+",2,2,5,35,"my_test_rsi2",2,0,0,1,"GTAG",NA,"ANCHOR_UNIQUE,CANONICAL,CIRCULAR,PERFECT_EXT,UNAMBIGUOUS_BP"
"1436","NW_017738926.1",5106247,5136727,"rsi_circ_002094",4,"-",2,4,5,40,"my_test_rsi2",4,0,0,1,"GTAG",NA,"ANCHOR_UNIQUE,CANONICAL,CIRCULAR,PERFECT_EXT,UNAMBIGUOUS_BP"
"1437","NW_017739428.1",1612605,1613272,"rsi_circ_002095",3,"-",3,3,40,40,"my_test_rsi2",3,0,0,1,"GTAG",NA,"ANCHOR_UNIQUE,CANONICAL,CIRCULAR,PERFECT_EXT,UNAMBIGUOUS_BP"
"1438","NW_017739579.1",597471,608120,"rsi_circ_002096",6,"-",3,6,40,40,"my_test_rsi2",6,0,0,1,"GTAG",NA,"ANCHOR_UNIQUE,CANONICAL,CIRCULAR,PERFECT_EXT,UNAMBIGUOUS_BP"
"1439","NW_017739050.1",1521820,1540479,"rsi_circ_002097",9,"-",7,9,40,40,"my_test_rsi2",9,0,0,1,"GTAG",NA,"ANCHOR_UNIQUE,CANONICAL,CIRCULAR,PERFECT_EXT,UNAMBIGUOUS_BP"
"1440","NW_017739218.1",2132363,2148105,"rsi_circ_002098",25,"-",14,24,40,40,"my_test_rsi2",25,0,0,1,"GTAG",NA,"ANCHOR_UNIQUE,CANONICAL,CIRCULAR,PERFECT_EXT,UNAMBIGUOUS_BP"
"1441","NW_017739161.1",2247268,2261126,"rsi_circ_002100",3,"+",2,3,37,35,"my_test_rsi2",3,1,0,1,"GTAG",NA,"ANCHOR_UNIQUE,CANONICAL,CIRCULAR,GOOD_EXT,UNAMBIGUOUS_BP"
"1442","NW_017738934.1",3438852,3441374,"rsi_circ_002101",2,"-",2,2,40,40,"my_test_rsi2",2,0,0,1,"GTAG",NA,"ANCHOR_UNIQUE,CANONICAL,CIRCULAR,PERFECT_EXT,UNAMBIGUOUS_BP"
"1443","NW_017739062.1",960597,972845,"rsi_circ_002102",2,"+",2,2,40,40,"my_test_rsi2",2,0,0,1,"GTAG",NA,"ANCHOR_UNIQUE,CANONICAL,CIRCULAR,PERFECT_EXT,UNAMBIGUOUS_BP"
"1444","NW_017739185.1",4343791,4415327,"rsi_circ_002103",2,"-",1,2,40,40,"my_test_rsi2",2,0,0,1,"GTAG",NA,"ANCHOR_UNIQUE,CANONICAL,CIRCULAR,PERFECT_EXT,UNAMBIGUOUS_BP"
"1445","NW_017739229.1",1459846,1466824,"rsi_circ_002104",4,"-",2,4,40,40,"my_test_rsi2",4,0,0,1,"GTAG",NA,"ANCHOR_UNIQUE,CANONICAL,CIRCULAR,PERFECT_EXT,UNAMBIGUOUS_BP"
"1446","NW_017738926.1",4048645,4048986,"rsi_circ_002105",4,"+",2,4,40,40,"my_test_rsi2",4,0,0,1,"GTAG",NA,"ANCHOR_UNIQUE,CANONICAL,CIRCULAR,PERFECT_EXT,UNAMBIGUOUS_BP"
"1447","NW_017739172.1",906676,921852,"rsi_circ_002106",2,"-",1,2,5,40,"my_test_rsi2",2,0,0,1,"GTAG",NA,"ANCHOR_UNIQUE,CANONICAL,CIRCULAR,PERFECT_EXT,UNAMBIGUOUS_BP"
"1448","NW_017738972.1",2844003,2844251,"rsi_circ_002107",2,"-",2,2,40,40,"my_test_rsi2",2,0,0,1,"GTAG",NA,"ANCHOR_UNIQUE,CANONICAL,CIRCULAR,PERFECT_EXT,UNAMBIGUOUS_BP"
"1449","NW_017739247.1",313555,317159,"rsi_circ_002109",2,"+",2,2,40,40,"my_test_rsi2",2,0,0,1,"GTAG",NA,"ANCHOR_UNIQUE,CANONICAL,CIRCULAR,PERFECT_EXT,UNAMBIGUOUS_BP"
"1450","NW_017739012.1",1593738,1682369,"rsi_circ_002110",3,"-",1,3,5,5,"my_test_rsi2",3,0,0,1,"GTAG",NA,"ANCHOR_UNIQUE,CANONICAL,CIRCULAR,PERFECT_EXT,UNAMBIGUOUS_BP"
"1451","NW_017739732.1",77635,80307,"rsi_circ_002114",5,"-",3,5,40,5,"my_test_rsi2",5,1,0,1,"GTAG",NA,"ANCHOR_UNIQUE,CANONICAL,CIRCULAR,GOOD_EXT,UNAMBIGUOUS_BP"
"1452","NW_017739377.1",830277,837757,"rsi_circ_002116",2,"+",2,2,40,5,"my_test_rsi2",2,0,0,1,"GTAG",NA,"ANCHOR_UNIQUE,CANONICAL,CIRCULAR,PERFECT_EXT,UNAMBIGUOUS_BP"
"1453","NW_017739099.1",1087618,1087997,"rsi_circ_002120",2,"-",1,2,40,35,"my_test_rsi2",2,1,0,1,"GTAG",NA,"ANCHOR_UNIQUE,CANONICAL,CIRCULAR,GOOD_EXT,UNAMBIGUOUS_BP"
"1454","NW_017739104.1",2688059,2710246,"rsi_circ_002121",2,"+",1,2,35,5,"my_test_rsi2",2,0,0,1,"GTAG",NA,"ANCHOR_UNIQUE,CANONICAL,CIRCULAR,PERFECT_EXT,UNAMBIGUOUS_BP"
"1455","NW_017739195.1",2286167,2317298,"rsi_circ_002122",2,"-",1,2,40,5,"my_test_rsi2",2,0,0,1,"GTAG",NA,"ANCHOR_UNIQUE,CANONICAL,CIRCULAR,PERFECT_EXT,UNAMBIGUOUS_BP"
"1456","NW_017738959.1",3405909,3406643,"rsi_circ_002123",2,"-",2,1,40,5,"my_test_rsi2",2,0,0,1,"GTAG",NA,"ANCHOR_UNIQUE,CANONICAL,CIRCULAR,PERFECT_EXT,UNAMBIGUOUS_BP"
"1457","NW_017739554.1",44756,62573,"rsi_circ_002127",4,"-",2,4,40,5,"my_test_rsi2",4,0,0,1,"GTAG",NA,"ANCHOR_UNIQUE,CANONICAL,CIRCULAR,PERFECT_EXT,UNAMBIGUOUS_BP"
"1458","NW_017739533.1",510541,511340,"rsi_circ_002128",2,"+",1,2,40,5,"my_test_rsi2",2,0,0,1,"GTAG",NA,"ANCHOR_UNIQUE,CANONICAL,CIRCULAR,PERFECT_EXT,UNAMBIGUOUS_BP"
"1459","NW_017738957.1",17756622,17757879,"rsi_circ_002129",129,"+",61,49,40,40,"my_test_rsi2",129,0,0,1,"GTAG",NA,"ANCHOR_UNIQUE,CANONICAL,CIRCULAR,PERFECT_EXT,UNAMBIGUOUS_BP"
"1460","NW_017739716.1",665084,668358,"rsi_circ_002131",3,"+",1,3,5,5,"my_test_rsi2",3,0,0,1,"GTAG",NA,"ANCHOR_UNIQUE,CANONICAL,CIRCULAR,PERFECT_EXT,UNAMBIGUOUS_BP"
"1461","NW_017739641.1",1009485,1011822,"rsi_circ_002132",2,"+",1,2,40,5,"my_test_rsi2",2,1,0,1,"GTAG",NA,"ANCHOR_UNIQUE,CANONICAL,CIRCULAR,GOOD_EXT,UNAMBIGUOUS_BP"
"1462","NW_017739338.1",13275,13701,"rsi_circ_002133",3,"+",3,2,40,40,"my_test_rsi2",3,0,0,1,"GTAG",NA,"ANCHOR_UNIQUE,CANONICAL,CIRCULAR,PERFECT_EXT,UNAMBIGUOUS_BP"
"1463","NW_017739097.1",2483116,2516597,"rsi_circ_002134",2,"+",1,2,40,40,"my_test_rsi2",2,0,0,1,"GTAG",NA,"ANCHOR_UNIQUE,CANONICAL,CIRCULAR,PERFECT_EXT,UNAMBIGUOUS_BP"
"1464","NW_017738932.1",2429947,2431992,"rsi_circ_002136",19,"+",6,19,40,40,"my_test_rsi2",19,0,0,1,"GTAG",NA,"ANCHOR_UNIQUE,CANONICAL,CIRCULAR,PERFECT_EXT,UNAMBIGUOUS_BP"
"1465","NW_017739238.1",255589,284926,"rsi_circ_002137",3,"+",3,3,35,40,"my_test_rsi2",3,0,0,1,"GTAG",NA,"ANCHOR_UNIQUE,CANONICAL,CIRCULAR,PERFECT_EXT,UNAMBIGUOUS_BP"
"1466","NW_017739630.1",1042128,1047130,"rsi_circ_002139",24,"+",12,24,40,40,"my_test_rsi2",24,0,0,1,"GTAG",NA,"ANCHOR_UNIQUE,CANONICAL,CIRCULAR,PERFECT_EXT,UNAMBIGUOUS_BP"
"1467","NW_017739225.1",1361644,1363845,"rsi_circ_002140",2,"-",1,2,5,5,"my_test_rsi2",2,0,0,1,"GTAG",NA,"ANCHOR_UNIQUE,CANONICAL,CIRCULAR,PERFECT_EXT,UNAMBIGUOUS_BP"
"1468","NW_017739284.1",801103,824632,"rsi_circ_002142",2,"-",2,2,40,40,"my_test_rsi2",2,0,0,1,"GTAG",NA,"ANCHOR_UNIQUE,CANONICAL,CIRCULAR,PERFECT_EXT,UNAMBIGUOUS_BP"
"1469","NW_017739674.1",850888,852695,"rsi_circ_002143",5,"-",1,5,40,5,"my_test_rsi2",5,0,0,1,"GTAG",NA,"ANCHOR_UNIQUE,CANONICAL,CIRCULAR,PERFECT_EXT,UNAMBIGUOUS_BP"
"1470","NW_017739241.1",238860,259063,"rsi_circ_002144",2,"+",1,2,5,40,"my_test_rsi2",2,0,0,1,"GTAG",NA,"ANCHOR_UNIQUE,CANONICAL,CIRCULAR,PERFECT_EXT,UNAMBIGUOUS_BP"
"1471","NW_017739239.1",129815,182387,"rsi_circ_002146",2,"-",2,2,40,40,"my_test_rsi2",2,1,0,1,"GTAG",NA,"ANCHOR_UNIQUE,CANONICAL,CIRCULAR,GOOD_EXT,UNAMBIGUOUS_BP"
"1472","NW_017739026.1",3821080,3822685,"rsi_circ_002148",12,"+",10,12,40,40,"my_test_rsi2",12,0,0,1,"GTAG",NA,"ANCHOR_UNIQUE,CANONICAL,CIRCULAR,PERFECT_EXT,UNAMBIGUOUS_BP"
"1473","NW_017739454.1",561286,586900,"rsi_circ_002149",2,"-",2,2,5,37,"my_test_rsi2",2,0,0,1,"GTAG",NA,"ANCHOR_UNIQUE,CANONICAL,CIRCULAR,PERFECT_EXT,UNAMBIGUOUS_BP"
"1474","NW_017739221.1",683322,683859,"rsi_circ_002150",6,"-",4,6,5,5,"my_test_rsi2",6,0,0,1,"GTAG",NA,"ANCHOR_UNIQUE,CANONICAL,CIRCULAR,PERFECT_EXT,UNAMBIGUOUS_BP"
"1475","NW_017738987.1",1224070,1227244,"rsi_circ_002151",4,"+",4,3,40,40,"my_test_rsi2",4,1,0,1,"GTAG",NA,"ANCHOR_UNIQUE,CANONICAL,CIRCULAR,GOOD_EXT,UNAMBIGUOUS_BP"
"1476","NW_017739026.1",5313855,5319611,"rsi_circ_002154",2,"-",2,2,5,5,"my_test_rsi2",2,0,0,1,"GTAG",NA,"ANCHOR_UNIQUE,CANONICAL,CIRCULAR,PERFECT_EXT,UNAMBIGUOUS_BP"
"1477","NW_017739064.1",1624265,1649467,"rsi_circ_002155",2,"-",1,2,40,5,"my_test_rsi2",2,0,0,1,"GTAG",NA,"ANCHOR_UNIQUE,CANONICAL,CIRCULAR,PERFECT_EXT,UNAMBIGUOUS_BP"
"1478","NW_017739040.1",2871172,2916672,"rsi_circ_002156",2,"-",2,2,40,40,"my_test_rsi2",2,0,0,1,"GTAG",NA,"ANCHOR_UNIQUE,CANONICAL,CIRCULAR,PERFECT_EXT,UNAMBIGUOUS_BP"
"1479","NW_017739078.1",536468,543485,"rsi_circ_002157",3,"-",2,3,5,40,"my_test_rsi2",3,0,0,1,"GTAG",NA,"ANCHOR_UNIQUE,CANONICAL,CIRCULAR,PERFECT_EXT,UNAMBIGUOUS_BP"
"1480","NW_017738954.1",3265441,3268461,"rsi_circ_002159",2,"+",2,2,5,5,"my_test_rsi2",2,1,0,1,"GTAG",NA,"ANCHOR_UNIQUE,CANONICAL,CIRCULAR,GOOD_EXT,UNAMBIGUOUS_BP"
"1481","NW_017739142.1",1043289,1064128,"rsi_circ_002162",4,"+",2,4,5,40,"my_test_rsi2",4,0,0,1,"GTAG",NA,"ANCHOR_UNIQUE,CANONICAL,CIRCULAR,PERFECT_EXT,UNAMBIGUOUS_BP"
"1482","NW_017739829.1",141655,143389,"rsi_circ_002163",33,"-",18,33,40,40,"my_test_rsi2",33,0,0,1,"GTAG",NA,"ANCHOR_UNIQUE,CANONICAL,CIRCULAR,PERFECT_EXT,UNAMBIGUOUS_BP"
"1483","NW_017739514.1",160989,179062,"rsi_circ_002164",2,"-",1,2,5,35,"my_test_rsi2",2,0,0,1,"GTAG",NA,"ANCHOR_UNIQUE,CANONICAL,CIRCULAR,PERFECT_EXT,UNAMBIGUOUS_BP"
"1484","NW_017738943.1",11654874,11660077,"rsi_circ_002165",2,"+",1,2,35,40,"my_test_rsi2",2,1,0,1,"GTAG",NA,"ANCHOR_UNIQUE,CANONICAL,CIRCULAR,GOOD_EXT,UNAMBIGUOUS_BP"
"1485","NW_017739057.1",175339,187750,"rsi_circ_002167",4,"+",2,4,40,40,"my_test_rsi2",4,1,0,1,"GTAG",NA,"ANCHOR_UNIQUE,CANONICAL,CIRCULAR,GOOD_EXT,UNAMBIGUOUS_BP"
"1486","NW_017738976.1",4710082,4711247,"rsi_circ_002169",2,"-",1,2,5,40,"my_test_rsi2",2,0,0,1,"GTAG",NA,"ANCHOR_UNIQUE,CANONICAL,CIRCULAR,PERFECT_EXT,UNAMBIGUOUS_BP"
"1487","NW_017739004.1",8753477,8757710,"rsi_circ_002170",3,"+",1,3,40,5,"my_test_rsi2",3,0,0,1,"GTAG",NA,"ANCHOR_UNIQUE,CANONICAL,CIRCULAR,PERFECT_EXT,UNAMBIGUOUS_BP"
"1488","NW_017738956.1",2454963,2455194,"rsi_circ_002171",9,"-",6,9,40,40,"my_test_rsi2",9,0,0,1,"GTAG",NA,"ANCHOR_UNIQUE,CANONICAL,CIRCULAR,PERFECT_EXT,UNAMBIGUOUS_BP"
"1489","NW_017739044.1",1861088,1861413,"rsi_circ_002172",8,"-",5,6,40,40,"my_test_rsi2",8,0,0,1,"GTAG",NA,"ANCHOR_UNIQUE,CANONICAL,CIRCULAR,PERFECT_EXT,UNAMBIGUOUS_BP"
"1490","NW_017739061.1",2166341,2172289,"rsi_circ_002173",19,"+",12,19,40,40,"my_test_rsi2",19,0,0,1,"GTAG",NA,"ANCHOR_UNIQUE,CANONICAL,CIRCULAR,PERFECT_EXT,UNAMBIGUOUS_BP"
"1491","NW_017739226.1",55705,78753,"rsi_circ_002174",7,"-",2,7,40,35,"my_test_rsi2",7,1,0,1,"GTAG",NA,"ANCHOR_UNIQUE,CANONICAL,CIRCULAR,GOOD_EXT,UNAMBIGUOUS_BP"
"1492","NW_017738956.1",3517875,3523645,"rsi_circ_002176",171,"-",50,157,40,40,"my_test_rsi2",171,0,0,1,"GTAG",NA,"ANCHOR_UNIQUE,CANONICAL,CIRCULAR,PERFECT_EXT,UNAMBIGUOUS_BP"
"1493","NW_017739026.1",4633929,4635069,"rsi_circ_002177",13,"-",7,9,40,40,"my_test_rsi2",13,1,0,1,"GTAG",NA,"ANCHOR_UNIQUE,CANONICAL,CIRCULAR,GOOD_EXT,UNAMBIGUOUS_BP"
"1494","NW_017739388.1",211224,237298,"rsi_circ_002179",5,"+",3,5,40,40,"my_test_rsi2",5,1,0,1,"GTAG",NA,"ANCHOR_UNIQUE,CANONICAL,CIRCULAR,GOOD_EXT,UNAMBIGUOUS_BP"
"1495","NW_017738952.1",1229324,1230589,"rsi_circ_002180",30,"+",9,30,40,40,"my_test_rsi2",30,0,0,1,"GTAG",NA,"ANCHOR_UNIQUE,CANONICAL,CIRCULAR,PERFECT_EXT,UNAMBIGUOUS_BP"
"1496","NW_017739427.1",678424,678727,"rsi_circ_002181",2,"+",1,2,40,5,"my_test_rsi2",2,0,0,1,"GTAG",NA,"ANCHOR_UNIQUE,CANONICAL,CIRCULAR,PERFECT_EXT,UNAMBIGUOUS_BP"
"1497","NW_017739152.1",1050164,1057161,"rsi_circ_002182",4,"-",2,4,40,40,"my_test_rsi2",4,0,0,1,"GTAG",NA,"ANCHOR_UNIQUE,CANONICAL,CIRCULAR,PERFECT_EXT,UNAMBIGUOUS_BP"
"1498","NW_017739194.1",2425463,2430156,"rsi_circ_002186",2,"+",1,2,5,40,"my_test_rsi2",2,0,0,1,"GTAG",NA,"ANCHOR_UNIQUE,CANONICAL,CIRCULAR,PERFECT_EXT,UNAMBIGUOUS_BP"
"1499","NW_017738974.1",2411936,2424227,"rsi_circ_002187",5,"+",3,5,40,40,"my_test_rsi2",5,0,0,1,"GTAG",NA,"ANCHOR_UNIQUE,CANONICAL,CIRCULAR,PERFECT_EXT,UNAMBIGUOUS_BP"
"1500","NW_017739040.1",7117311,7130650,"rsi_circ_002188",2,"+",2,2,5,40,"my_test_rsi2",2,0,0,1,"GTAG",NA,"ANCHOR_UNIQUE,CANONICAL,CIRCULAR,PERFECT_EXT,UNAMBIGUOUS_BP"
"1501","NW_017738922.1",3447300,3475127,"rsi_circ_002190",5,"-",3,5,40,40,"my_test_rsi2",5,0,0,1,"GTAG",NA,"ANCHOR_UNIQUE,CANONICAL,CIRCULAR,PERFECT_EXT,UNAMBIGUOUS_BP"
"1502","NW_017739454.1",468719,480686,"rsi_circ_002191",11,"-",6,11,40,40,"my_test_rsi2",11,0,0,1,"GTAG",NA,"ANCHOR_UNIQUE,CANONICAL,CIRCULAR,PERFECT_EXT,UNAMBIGUOUS_BP"
"1503","NW_017738990.1",1524827,1531698,"rsi_circ_002192",8,"-",4,8,40,40,"my_test_rsi2",8,0,0,1,"GTAG",NA,"ANCHOR_UNIQUE,CANONICAL,CIRCULAR,PERFECT_EXT,UNAMBIGUOUS_BP"
"1504","NW_017738926.1",4175191,4182622,"rsi_circ_002193",4,"+",2,4,40,40,"my_test_rsi2",4,0,0,1,"GTAG",NA,"ANCHOR_UNIQUE,CANONICAL,CIRCULAR,PERFECT_EXT,UNAMBIGUOUS_BP"
"1505","NW_017738946.1",5243588,5271782,"rsi_circ_002195",5,"+",3,5,40,40,"my_test_rsi2",5,0,0,1,"GTAG",NA,"ANCHOR_UNIQUE,CANONICAL,CIRCULAR,PERFECT_EXT,UNAMBIGUOUS_BP"
"1506","NW_017739494.1",521191,537457,"rsi_circ_002196",2,"+",1,2,40,40,"my_test_rsi2",2,0,0,1,"GTAG",NA,"ANCHOR_UNIQUE,CANONICAL,CIRCULAR,PERFECT_EXT,UNAMBIGUOUS_BP"
"1507","NW_017739349.1",519785,533552,"rsi_circ_002197",5,"+",2,5,5,40,"my_test_rsi2",5,0,0,1,"GTAG",NA,"ANCHOR_UNIQUE,CANONICAL,CIRCULAR,PERFECT_EXT,UNAMBIGUOUS_BP"
"1508","NW_017739316.1",464907,484331,"rsi_circ_002198",2,"-",1,2,35,40,"my_test_rsi2",2,2,0,1,"GTAG",NA,"ANCHOR_UNIQUE,CANONICAL,CIRCULAR,OK_EXT,UNAMBIGUOUS_BP"
"1509","NW_017739469.1",42798,61009,"rsi_circ_002200",3,"-",1,3,40,40,"my_test_rsi2",3,0,0,1,"GTAG",NA,"ANCHOR_UNIQUE,CANONICAL,CIRCULAR,PERFECT_EXT,UNAMBIGUOUS_BP"
"1510","NW_017738946.1",5200713,5265833,"rsi_circ_002201",4,"+",1,4,40,40,"my_test_rsi2",4,0,0,1,"GTAG",NA,"ANCHOR_UNIQUE,CANONICAL,CIRCULAR,PERFECT_EXT,UNAMBIGUOUS_BP"
"1511","NW_017739384.1",1126776,1129452,"rsi_circ_002202",3,"-",1,3,40,35,"my_test_rsi2",3,2,0,1,"GTAG",NA,"ANCHOR_UNIQUE,CANONICAL,CIRCULAR,OK_EXT,UNAMBIGUOUS_BP"
"1512","NW_017739061.1",1349344,1366414,"rsi_circ_002203",2,"+",2,1,40,5,"my_test_rsi2",2,0,0,1,"GTAG",NA,"ANCHOR_UNIQUE,CANONICAL,CIRCULAR,PERFECT_EXT,UNAMBIGUOUS_BP"
"1513","NW_017739441.1",531335,534340,"rsi_circ_002204",6,"+",3,6,40,40,"my_test_rsi2",6,1,0,1,"GTAG",NA,"ANCHOR_UNIQUE,CANONICAL,CIRCULAR,GOOD_EXT,UNAMBIGUOUS_BP"
"1514","NW_017739401.1",927896,930260,"rsi_circ_002205",4,"+",1,4,40,40,"my_test_rsi2",4,0,0,1,"GTAG",NA,"ANCHOR_UNIQUE,CANONICAL,CIRCULAR,PERFECT_EXT,UNAMBIGUOUS_BP"
"1515","NW_017739401.1",689292,690358,"rsi_circ_002208",9,"+",4,9,40,40,"my_test_rsi2",9,0,0,1,"GTAG",NA,"ANCHOR_UNIQUE,CANONICAL,CIRCULAR,PERFECT_EXT,UNAMBIGUOUS_BP"
"1516","NW_017739350.1",4011708,4014894,"rsi_circ_002209",4,"+",1,4,40,5,"my_test_rsi2",4,0,0,1,"GTAG",NA,"ANCHOR_UNIQUE,CANONICAL,CIRCULAR,PERFECT_EXT,UNAMBIGUOUS_BP"
"1517","NW_017738967.1",1368781,1374612,"rsi_circ_002211",3,"+",1,3,40,40,"my_test_rsi2",3,0,0,1,"GTAG",NA,"ANCHOR_UNIQUE,CANONICAL,CIRCULAR,PERFECT_EXT,UNAMBIGUOUS_BP"
"1518","NW_017739069.1",1453360,1458522,"rsi_circ_002212",22,"-",14,21,40,40,"my_test_rsi2",22,1,0,1,"GTAG",NA,"ANCHOR_UNIQUE,CANONICAL,CIRCULAR,GOOD_EXT,UNAMBIGUOUS_BP"
"1519","NW_017739012.1",94843,99265,"rsi_circ_002217",4,"-",3,4,40,40,"my_test_rsi2",4,0,0,1,"GTAG",NA,"ANCHOR_UNIQUE,CANONICAL,CIRCULAR,PERFECT_EXT,UNAMBIGUOUS_BP"
"1520","NW_017738976.1",592982,604772,"rsi_circ_002218",3,"+",1,3,35,40,"my_test_rsi2",3,2,0,1,"GTAG",NA,"ANCHOR_UNIQUE,CANONICAL,CIRCULAR,OK_EXT,UNAMBIGUOUS_BP"
"1521","NW_017739410.1",469995,470175,"rsi_circ_002219",2,"-",1,2,5,5,"my_test_rsi2",2,0,0,1,"GTAG",NA,"ANCHOR_UNIQUE,CANONICAL,CIRCULAR,PERFECT_EXT,UNAMBIGUOUS_BP"
"1522","NW_017738943.1",13641341,13642103,"rsi_circ_002221",14,"-",9,14,40,40,"my_test_rsi2",14,0,0,1,"GTAG",NA,"ANCHOR_UNIQUE,CANONICAL,CIRCULAR,PERFECT_EXT,UNAMBIGUOUS_BP"
"1523","NW_017739175.1",2097484,2103414,"rsi_circ_002222",3,"+",1,3,40,40,"my_test_rsi2",3,0,0,1,"GTAG",NA,"ANCHOR_UNIQUE,CANONICAL,CIRCULAR,PERFECT_EXT,UNAMBIGUOUS_BP"
"1524","NW_017739651.1",433630,434012,"rsi_circ_002223",2,"+",1,2,40,40,"my_test_rsi2",2,2,0,1,"GTAG",NA,"ANCHOR_UNIQUE,CANONICAL,CIRCULAR,OK_EXT,UNAMBIGUOUS_BP"
"1525","NW_017739111.1",3616456,3630589,"rsi_circ_002225",3,"-",2,3,40,35,"my_test_rsi2",3,0,0,1,"GTAG",NA,"ANCHOR_UNIQUE,CANONICAL,CIRCULAR,PERFECT_EXT,UNAMBIGUOUS_BP"
"1526","NW_017738960.1",3039049,3048909,"rsi_circ_002226",8,"-",7,6,40,40,"my_test_rsi2",8,0,0,1,"GTAG",NA,"ANCHOR_UNIQUE,CANONICAL,CIRCULAR,PERFECT_EXT,UNAMBIGUOUS_BP"
"1527","NW_017739242.1",122350,124013,"rsi_circ_002227",2,"-",1,2,40,5,"my_test_rsi2",2,0,0,1,"GTAG",NA,"ANCHOR_UNIQUE,CANONICAL,CIRCULAR,PERFECT_EXT,UNAMBIGUOUS_BP"
"1528","NW_017740005.1",163986,164825,"rsi_circ_002228",53,"-",25,50,40,40,"my_test_rsi2",53,0,0,1,"GTAG",NA,"ANCHOR_UNIQUE,CANONICAL,CIRCULAR,PERFECT_EXT,UNAMBIGUOUS_BP"
"1529","NW_017739582.1",197840,212449,"rsi_circ_002229",4,"+",1,4,40,35,"my_test_rsi2",4,2,0,1,"GTAG",NA,"ANCHOR_UNIQUE,CANONICAL,CIRCULAR,OK_EXT,UNAMBIGUOUS_BP"
"1530","NW_017739095.1",2104362,2177481,"rsi_circ_002230",2,"+",1,2,40,40,"my_test_rsi2",2,0,0,1,"GTAG",NA,"ANCHOR_UNIQUE,CANONICAL,CIRCULAR,PERFECT_EXT,UNAMBIGUOUS_BP"
"1531","NW_017739230.1",1412257,1413007,"rsi_circ_002231",18,"-",9,18,40,40,"my_test_rsi2",18,0,0,1,"GTAG",NA,"ANCHOR_UNIQUE,CANONICAL,CIRCULAR,PERFECT_EXT,UNAMBIGUOUS_BP"
"1532","NW_017739014.1",3624417,3649268,"rsi_circ_002232",6,"+",2,6,5,5,"my_test_rsi2",6,0,0,1,"GTAG",NA,"ANCHOR_UNIQUE,CANONICAL,CIRCULAR,PERFECT_EXT,UNAMBIGUOUS_BP"
"1533","NW_017739016.1",4175352,4182794,"rsi_circ_002234",9,"+",4,9,40,40,"my_test_rsi2",9,0,0,1,"GTAG",NA,"ANCHOR_UNIQUE,CANONICAL,CIRCULAR,PERFECT_EXT,UNAMBIGUOUS_BP"
"1534","NW_017739017.1",1366209,1373592,"rsi_circ_002236",3,"+",1,3,5,40,"my_test_rsi2",3,0,0,1,"GTAG",NA,"ANCHOR_UNIQUE,CANONICAL,CIRCULAR,PERFECT_EXT,UNAMBIGUOUS_BP"
"1535","NW_017739078.1",5155783,5156005,"rsi_circ_002238",12,"+",5,12,40,40,"my_test_rsi2",12,0,0,1,"GTAG",NA,"ANCHOR_UNIQUE,CANONICAL,CIRCULAR,PERFECT_EXT,UNAMBIGUOUS_BP"
"1536","NW_017739356.1",572588,573641,"rsi_circ_002239",4,"-",3,4,40,40,"my_test_rsi2",4,0,0,1,"GTAG",NA,"ANCHOR_UNIQUE,CANONICAL,CIRCULAR,PERFECT_EXT,UNAMBIGUOUS_BP"
"1537","NW_017739634.1",780176,787583,"rsi_circ_002240",4,"+",3,4,40,40,"my_test_rsi2",4,0,0,1,"GTAG",NA,"ANCHOR_UNIQUE,CANONICAL,CIRCULAR,PERFECT_EXT,UNAMBIGUOUS_BP"
"1538","NW_017739045.1",959909,960072,"rsi_circ_002241",2,"+",1,2,40,5,"my_test_rsi2",2,2,0,1,"GTAG",NA,"ANCHOR_UNIQUE,CANONICAL,CIRCULAR,OK_EXT,UNAMBIGUOUS_BP"
"1539","NW_017739226.1",929280,932220,"rsi_circ_002243",2,"+",1,2,40,40,"my_test_rsi2",2,0,0,1,"GTAG",NA,"ANCHOR_UNIQUE,CANONICAL,CIRCULAR,PERFECT_EXT,UNAMBIGUOUS_BP"
"1540","NW_017738937.1",5964170,5967399,"rsi_circ_002245",6,"-",2,6,40,40,"my_test_rsi2",6,1,0,1,"GTAG",NA,"ANCHOR_UNIQUE,CANONICAL,CIRCULAR,GOOD_EXT,UNAMBIGUOUS_BP"
"1541","NW_017739935.1",112890,117147,"rsi_circ_002246",5,"-",2,4,40,5,"my_test_rsi2",5,0,0,1,"GTAG",NA,"ANCHOR_UNIQUE,CANONICAL,CIRCULAR,PERFECT_EXT,UNAMBIGUOUS_BP"
"1542","NW_017739178.1",1398862,1399491,"rsi_circ_002247",3,"+",1,3,40,40,"my_test_rsi2",3,0,0,1,"GTAG",NA,"ANCHOR_UNIQUE,CANONICAL,CIRCULAR,PERFECT_EXT,UNAMBIGUOUS_BP"
"1543","NW_017739373.1",308973,309752,"rsi_circ_002249",2,"+",1,2,5,40,"my_test_rsi2",2,1,0,1,"GTAG",NA,"ANCHOR_UNIQUE,CANONICAL,CIRCULAR,GOOD_EXT,UNAMBIGUOUS_BP"
"1544","NW_017739386.1",311266,348049,"rsi_circ_002250",4,"-",4,4,40,40,"my_test_rsi2",4,1,0,1,"GTAG",NA,"ANCHOR_UNIQUE,CANONICAL,CIRCULAR,GOOD_EXT,UNAMBIGUOUS_BP"
"1545","NW_017739027.1",4223194,4226759,"rsi_circ_002252",2,"-",2,2,40,40,"my_test_rsi2",2,0,0,1,"GTAG",NA,"ANCHOR_UNIQUE,CANONICAL,CIRCULAR,PERFECT_EXT,UNAMBIGUOUS_BP"
"1546","NW_017738957.1",100056,105900,"rsi_circ_002260",2,"-",2,2,40,35,"my_test_rsi2",2,0,0,1,"GTAG",NA,"ANCHOR_UNIQUE,CANONICAL,CIRCULAR,PERFECT_EXT,UNAMBIGUOUS_BP"
"1547","NW_017739355.1",2982033,2984246,"rsi_circ_002262",20,"+",14,19,40,40,"my_test_rsi2",20,0,0,1,"GTAG",NA,"ANCHOR_UNIQUE,CANONICAL,CIRCULAR,PERFECT_EXT,UNAMBIGUOUS_BP"
"1548","NW_017739395.1",1494331,1494580,"rsi_circ_002263",2,"-",1,2,40,40,"my_test_rsi2",2,1,0,1,"GTAG",NA,"ANCHOR_UNIQUE,CANONICAL,CIRCULAR,GOOD_EXT,UNAMBIGUOUS_BP"
"1549","NW_017738925.1",9942460,9954295,"rsi_circ_002264",22,"-",10,22,40,40,"my_test_rsi2",22,0,0,1,"GTAG",NA,"ANCHOR_UNIQUE,CANONICAL,CIRCULAR,PERFECT_EXT,UNAMBIGUOUS_BP"
"1550","NW_017738964.1",1296659,1322336,"rsi_circ_002265",2,"-",1,2,40,40,"my_test_rsi2",2,2,0,1,"GTAG",NA,"ANCHOR_UNIQUE,CANONICAL,CIRCULAR,OK_EXT,UNAMBIGUOUS_BP"
"1551","NW_017739160.1",1285729,1289682,"rsi_circ_002266",7,"+",6,5,40,40,"my_test_rsi2",7,0,0,1,"GTAG",NA,"ANCHOR_UNIQUE,CANONICAL,CIRCULAR,PERFECT_EXT,UNAMBIGUOUS_BP"
"1552","NW_017739016.1",3887068,3888876,"rsi_circ_002267",2,"-",1,2,40,5,"my_test_rsi2",2,0,0,1,"GTAG",NA,"ANCHOR_UNIQUE,CANONICAL,CIRCULAR,PERFECT_EXT,UNAMBIGUOUS_BP"
"1553","NW_017739479.1",371414,372433,"rsi_circ_002268",2,"+",2,2,5,40,"my_test_rsi2",2,2,0,1,"GTAG",NA,"ANCHOR_UNIQUE,CANONICAL,CIRCULAR,OK_EXT,UNAMBIGUOUS_BP"
"1554","NW_017739147.1",4239359,4262520,"rsi_circ_002269",2,"-",1,2,40,5,"my_test_rsi2",2,0,0,1,"GTAG",NA,"ANCHOR_UNIQUE,CANONICAL,CIRCULAR,PERFECT_EXT,UNAMBIGUOUS_BP"
"1555","NW_017739040.1",10019679,10039392,"rsi_circ_002270",2,"-",1,2,40,40,"my_test_rsi2",2,1,0,1,"GTAG",NA,"ANCHOR_UNIQUE,CANONICAL,CIRCULAR,GOOD_EXT,UNAMBIGUOUS_BP"
"1556","NW_017739460.1",1288830,1316516,"rsi_circ_002271",8,"+",5,8,40,40,"my_test_rsi2",8,0,0,1,"GTAG",NA,"ANCHOR_UNIQUE,CANONICAL,CIRCULAR,PERFECT_EXT,UNAMBIGUOUS_BP"
"1557","NW_017739174.1",910736,918863,"rsi_circ_002272",2,"-",2,2,35,40,"my_test_rsi2",2,1,0,1,"GTAG",NA,"ANCHOR_UNIQUE,CANONICAL,CIRCULAR,GOOD_EXT,UNAMBIGUOUS_BP"
"1558","NW_017739709.1",639170,643278,"rsi_circ_002273",2,"-",1,2,5,5,"my_test_rsi2",2,0,0,1,"GTAG",NA,"ANCHOR_UNIQUE,CANONICAL,CIRCULAR,PERFECT_EXT,UNAMBIGUOUS_BP"
"1559","NW_017738962.1",3605638,3610731,"rsi_circ_002274",5,"+",3,5,40,40,"my_test_rsi2",5,0,0,1,"GTAG",NA,"ANCHOR_UNIQUE,CANONICAL,CIRCULAR,PERFECT_EXT,UNAMBIGUOUS_BP"
"1560","NW_017739298.1",1437207,1447475,"rsi_circ_002275",13,"+",7,13,40,40,"my_test_rsi2",13,0,0,1,"GTAG",NA,"ANCHOR_UNIQUE,CANONICAL,CIRCULAR,PERFECT_EXT,UNAMBIGUOUS_BP"
"1561","NW_017738940.1",4618046,4619181,"rsi_circ_002277",3,"-",1,3,40,35,"my_test_rsi2",3,1,0,1,"GTAG",NA,"ANCHOR_UNIQUE,CANONICAL,CIRCULAR,GOOD_EXT,UNAMBIGUOUS_BP"
"1562","NW_017738920.1",2070931,2079391,"rsi_circ_002279",3,"+",1,3,40,40,"my_test_rsi2",3,0,0,1,"GTAG",NA,"ANCHOR_UNIQUE,CANONICAL,CIRCULAR,PERFECT_EXT,UNAMBIGUOUS_BP"
"1563","NW_017739032.1",182253,196215,"rsi_circ_002280",2,"+",1,2,35,40,"my_test_rsi2",2,1,0,1,"GTAG",NA,"ANCHOR_UNIQUE,CANONICAL,CIRCULAR,GOOD_EXT,UNAMBIGUOUS_BP"
"1564","NW_017739244.1",661750,671674,"rsi_circ_002281",7,"+",4,7,40,5,"my_test_rsi2",7,0,0,1,"GTAG",NA,"ANCHOR_UNIQUE,CANONICAL,CIRCULAR,PERFECT_EXT,UNAMBIGUOUS_BP"
"1565","NW_017739193.1",3451335,3454465,"rsi_circ_002282",2,"+",1,2,40,5,"my_test_rsi2",2,0,0,1,"GTAG",NA,"ANCHOR_UNIQUE,CANONICAL,CIRCULAR,PERFECT_EXT,UNAMBIGUOUS_BP"
"1566","NW_017739133.1",655530,661109,"rsi_circ_002284",3,"-",2,3,5,5,"my_test_rsi2",3,1,0,1,"GTAG",NA,"ANCHOR_UNIQUE,CANONICAL,CIRCULAR,GOOD_EXT,UNAMBIGUOUS_BP"
"1567","NW_017739055.1",4899026,4906943,"rsi_circ_002285",3,"-",2,3,40,40,"my_test_rsi2",3,0,0,1,"GTAG",NA,"ANCHOR_UNIQUE,CANONICAL,CIRCULAR,PERFECT_EXT,UNAMBIGUOUS_BP"
"1568","NW_017739002.1",2676071,2680910,"rsi_circ_002289",8,"+",6,8,40,40,"my_test_rsi2",8,0,0,1,"GTAG",NA,"ANCHOR_UNIQUE,CANONICAL,CIRCULAR,PERFECT_EXT,UNAMBIGUOUS_BP"
"1569","NW_017738970.1",13799078,13804338,"rsi_circ_002290",2,"+",1,2,5,40,"my_test_rsi2",2,0,0,1,"GTAG",NA,"ANCHOR_UNIQUE,CANONICAL,CIRCULAR,PERFECT_EXT,UNAMBIGUOUS_BP"
"1570","NW_017739161.1",294651,295090,"rsi_circ_002291",3,"+",2,3,40,40,"my_test_rsi2",3,0,0,1,"GTAG",NA,"ANCHOR_UNIQUE,CANONICAL,CIRCULAR,PERFECT_EXT,UNAMBIGUOUS_BP"
"1571","NW_017739038.1",2272660,2287273,"rsi_circ_002293",5,"+",3,3,40,40,"my_test_rsi2",5,1,0,1,"GTAG",NA,"ANCHOR_UNIQUE,CANONICAL,CIRCULAR,GOOD_EXT,UNAMBIGUOUS_BP"
"1572","NW_017739372.1",948041,949388,"rsi_circ_002294",6,"+",5,6,40,40,"my_test_rsi2",6,0,0,1,"GTAG",NA,"ANCHOR_UNIQUE,CANONICAL,CIRCULAR,PERFECT_EXT,UNAMBIGUOUS_BP"
"1573","NW_017738928.1",1523015,1530962,"rsi_circ_002295",67,"-",31,59,40,40,"my_test_rsi2",67,0,0,1,"GTAG",NA,"ANCHOR_UNIQUE,CANONICAL,CIRCULAR,PERFECT_EXT,UNAMBIGUOUS_BP"
"1574","NW_017738985.1",2537190,2578728,"rsi_circ_002296",2,"+",2,2,40,35,"my_test_rsi2",2,0,0,1,"GTAG",NA,"ANCHOR_UNIQUE,CANONICAL,CIRCULAR,PERFECT_EXT,UNAMBIGUOUS_BP"
"1575","NW_017739377.1",781248,790036,"rsi_circ_002297",7,"+",4,7,40,40,"my_test_rsi2",7,0,0,1,"GTAG",NA,"ANCHOR_UNIQUE,CANONICAL,CIRCULAR,PERFECT_EXT,UNAMBIGUOUS_BP"
"1576","NW_017738939.1",3109894,3115426,"rsi_circ_002299",8,"+",4,8,40,40,"my_test_rsi2",8,1,0,1,"GTAG",NA,"ANCHOR_UNIQUE,CANONICAL,CIRCULAR,GOOD_EXT,UNAMBIGUOUS_BP"
"1577","NW_017739003.1",12667233,12682769,"rsi_circ_002300",2,"+",2,1,4,5,"my_test_rsi2",2,0,0,1,"GTAG",NA,"ANCHOR_UNIQUE,CANONICAL,CIRCULAR,PERFECT_EXT,UNAMBIGUOUS_BP"
"1578","NW_017738957.1",13493866,13499137,"rsi_circ_002301",5,"+",2,5,40,40,"my_test_rsi2",5,1,0,1,"GTAG",NA,"ANCHOR_UNIQUE,CANONICAL,CIRCULAR,GOOD_EXT,UNAMBIGUOUS_BP"
"1579","NW_017739644.1",790503,835881,"rsi_circ_002305",3,"-",2,3,40,40,"my_test_rsi2",3,1,0,1,"GTAG",NA,"ANCHOR_UNIQUE,CANONICAL,CIRCULAR,GOOD_EXT,UNAMBIGUOUS_BP"
"1580","NW_017739318.1",1131907,1136957,"rsi_circ_002306",2,"+",1,2,40,40,"my_test_rsi2",2,0,0,1,"GTAG",NA,"ANCHOR_UNIQUE,CANONICAL,CIRCULAR,PERFECT_EXT,UNAMBIGUOUS_BP"
"1581","NW_017739495.1",479573,498905,"rsi_circ_002307",6,"+",2,6,40,35,"my_test_rsi2",6,0,0,1,"GTAG",NA,"ANCHOR_UNIQUE,CANONICAL,CIRCULAR,PERFECT_EXT,UNAMBIGUOUS_BP"
"1582","NW_017738953.1",4953235,4970725,"rsi_circ_002308",2,"+",2,2,40,5,"my_test_rsi2",2,1,0,1,"GTAG",NA,"ANCHOR_UNIQUE,CANONICAL,CIRCULAR,GOOD_EXT,UNAMBIGUOUS_BP"
"1583","NW_017739275.1",1082456,1083389,"rsi_circ_002311",2,"-",2,2,40,40,"my_test_rsi2",2,2,0,1,"GTAG",NA,"ANCHOR_UNIQUE,CANONICAL,CIRCULAR,OK_EXT,UNAMBIGUOUS_BP"
"1584","NW_017738997.1",3392806,3395550,"rsi_circ_002312",3,"+",3,3,40,40,"my_test_rsi2",3,0,0,1,"GTAG",NA,"ANCHOR_UNIQUE,CANONICAL,CIRCULAR,PERFECT_EXT,UNAMBIGUOUS_BP"
"1585","NW_017739683.1",62872,74728,"rsi_circ_002313",2,"-",1,2,40,5,"my_test_rsi2",2,0,0,1,"GTAG",NA,"ANCHOR_UNIQUE,CANONICAL,CIRCULAR,PERFECT_EXT,UNAMBIGUOUS_BP"
"1586","NW_017739016.1",6413860,6440193,"rsi_circ_002314",4,"+",4,4,40,40,"my_test_rsi2",4,0,0,1,"GTAG",NA,"ANCHOR_UNIQUE,CANONICAL,CIRCULAR,PERFECT_EXT,UNAMBIGUOUS_BP"
"1587","NW_017739372.1",1091592,1105738,"rsi_circ_002315",5,"-",2,5,40,5,"my_test_rsi2",5,1,0,1,"GTAG",NA,"ANCHOR_UNIQUE,CANONICAL,CIRCULAR,GOOD_EXT,UNAMBIGUOUS_BP"
"1588","NW_017739390.1",184909,189781,"rsi_circ_002316",11,"+",5,11,40,40,"my_test_rsi2",11,0,0,1,"GTAG",NA,"ANCHOR_UNIQUE,CANONICAL,CIRCULAR,PERFECT_EXT,UNAMBIGUOUS_BP"
"1589","NW_017739389.1",565997,580836,"rsi_circ_002318",6,"+",2,6,40,40,"my_test_rsi2",6,1,0,1,"GTAG",NA,"ANCHOR_UNIQUE,CANONICAL,CIRCULAR,GOOD_EXT,UNAMBIGUOUS_BP"
"1590","NW_017738953.1",5035931,5134236,"rsi_circ_002320",3,"+",1,3,40,5,"my_test_rsi2",3,1,0,1,"GTAG",NA,"ANCHOR_UNIQUE,CANONICAL,CIRCULAR,GOOD_EXT,UNAMBIGUOUS_BP"
"1591","NW_017738973.1",718321,719905,"rsi_circ_002322",3,"+",2,3,40,40,"my_test_rsi2",3,2,0,1,"GTAG",NA,"ANCHOR_UNIQUE,CANONICAL,CIRCULAR,OK_EXT,UNAMBIGUOUS_BP"
"1592","NW_017738946.1",5209880,5265833,"rsi_circ_002323",24,"+",14,19,40,40,"my_test_rsi2",24,0,0,1,"GTAG",NA,"ANCHOR_UNIQUE,CANONICAL,CIRCULAR,PERFECT_EXT,UNAMBIGUOUS_BP"
"1593","NW_017739128.1",400184,407894,"rsi_circ_002324",19,"+",10,15,40,40,"my_test_rsi2",19,0,0,1,"GTAG",NA,"ANCHOR_UNIQUE,CANONICAL,CIRCULAR,PERFECT_EXT,UNAMBIGUOUS_BP"
"1594","NW_017739650.1",692619,693576,"rsi_circ_002325",139,"-",48,138,40,40,"my_test_rsi2",139,0,0,1,"GTAG",NA,"ANCHOR_UNIQUE,CANONICAL,CIRCULAR,PERFECT_EXT,UNAMBIGUOUS_BP"
"1595","NW_017738943.1",12794439,12798037,"rsi_circ_002327",23,"+",14,23,40,40,"my_test_rsi2",23,0,0,1,"GTAG",NA,"ANCHOR_UNIQUE,CANONICAL,CIRCULAR,PERFECT_EXT,UNAMBIGUOUS_BP"
"1596","NW_017739040.1",2736767,2739327,"rsi_circ_002331",5,"-",3,5,40,40,"my_test_rsi2",5,0,0,1,"GTAG",NA,"ANCHOR_UNIQUE,CANONICAL,CIRCULAR,PERFECT_EXT,UNAMBIGUOUS_BP"
"1597","NW_017738946.1",4138443,4139944,"rsi_circ_002332",42,"+",17,42,40,40,"my_test_rsi2",42,0,0,1,"GTAG",NA,"ANCHOR_UNIQUE,CANONICAL,CIRCULAR,PERFECT_EXT,UNAMBIGUOUS_BP"
"1598","NW_017738934.1",227836,239093,"rsi_circ_002333",2,"+",1,2,40,40,"my_test_rsi2",2,0,0,1,"GTAG",NA,"ANCHOR_UNIQUE,CANONICAL,CIRCULAR,PERFECT_EXT,UNAMBIGUOUS_BP"
"1599","NW_017739295.1",1938667,1947082,"rsi_circ_002334",4,"-",1,4,5,5,"my_test_rsi2",4,0,0,1,"GTAG",NA,"ANCHOR_UNIQUE,CANONICAL,CIRCULAR,PERFECT_EXT,UNAMBIGUOUS_BP"
"1600","NW_017738948.1",5075554,5091892,"rsi_circ_002336",4,"-",3,4,37,40,"my_test_rsi2",4,0,0,1,"GTAG",NA,"ANCHOR_UNIQUE,CANONICAL,CIRCULAR,PERFECT_EXT,UNAMBIGUOUS_BP"
"1601","NW_017739250.1",2052770,2060126,"rsi_circ_002337",30,"+",9,30,40,40,"my_test_rsi2",30,0,0,1,"GTAG",NA,"ANCHOR_UNIQUE,CANONICAL,CIRCULAR,PERFECT_EXT,UNAMBIGUOUS_BP"
"1602","NW_017739350.1",4081873,4082350,"rsi_circ_002339",5,"-",4,5,40,40,"my_test_rsi2",5,0,0,1,"GTAG",NA,"ANCHOR_UNIQUE,CANONICAL,CIRCULAR,PERFECT_EXT,UNAMBIGUOUS_BP"
"1603","NW_017738991.1",2135520,2141664,"rsi_circ_002340",2,"+",2,2,40,5,"my_test_rsi2",2,0,0,1,"GTAG",NA,"ANCHOR_UNIQUE,CANONICAL,CIRCULAR,PERFECT_EXT,UNAMBIGUOUS_BP"
"1604","NW_017739127.1",3927915,3972363,"rsi_circ_002341",2,"+",1,2,40,5,"my_test_rsi2",2,1,0,1,"GTAG",NA,"ANCHOR_UNIQUE,CANONICAL,CIRCULAR,GOOD_EXT,UNAMBIGUOUS_BP"
"1605","NW_017738990.1",7291578,7294676,"rsi_circ_002342",2,"+",1,2,5,40,"my_test_rsi2",2,0,0,1,"GTAG",NA,"ANCHOR_UNIQUE,CANONICAL,CIRCULAR,PERFECT_EXT,UNAMBIGUOUS_BP"
"1606","NW_017739107.1",486354,496721,"rsi_circ_002346",7,"+",4,3,40,40,"my_test_rsi2",7,0,0,1,"GTAG",NA,"ANCHOR_UNIQUE,CANONICAL,CIRCULAR,PERFECT_EXT,UNAMBIGUOUS_BP"
"1607","NW_017738954.1",3247675,3266547,"rsi_circ_002348",2,"+",2,2,40,40,"my_test_rsi2",2,0,0,1,"GTAG",NA,"ANCHOR_UNIQUE,CANONICAL,CIRCULAR,PERFECT_EXT,UNAMBIGUOUS_BP"
"1608","NW_017739046.1",4863356,4863718,"rsi_circ_002349",8,"+",5,8,40,40,"my_test_rsi2",8,0,0,1,"GTAG",NA,"ANCHOR_UNIQUE,CANONICAL,CIRCULAR,PERFECT_EXT,UNAMBIGUOUS_BP"
"1609","NW_017739097.1",719284,723895,"rsi_circ_002350",2,"-",1,2,5,40,"my_test_rsi2",2,0,0,1,"GTAG",NA,"ANCHOR_UNIQUE,CANONICAL,CIRCULAR,PERFECT_EXT,UNAMBIGUOUS_BP"
"1610","NW_017739182.1",651094,656985,"rsi_circ_002351",27,"+",14,27,40,40,"my_test_rsi2",27,0,0,1,"GTAG",NA,"ANCHOR_UNIQUE,CANONICAL,CIRCULAR,PERFECT_EXT,UNAMBIGUOUS_BP"
"1611","NW_017739122.1",308890,342095,"rsi_circ_002353",2,"-",1,2,40,5,"my_test_rsi2",2,0,0,1,"GTAG",NA,"ANCHOR_UNIQUE,CANONICAL,CIRCULAR,PERFECT_EXT,UNAMBIGUOUS_BP"
"1612","NW_017738920.1",8130343,8185640,"rsi_circ_002354",2,"+",1,2,40,40,"my_test_rsi2",2,0,0,1,"GTAG",NA,"ANCHOR_UNIQUE,CANONICAL,CIRCULAR,PERFECT_EXT,UNAMBIGUOUS_BP"
"1613","NW_017739194.1",2075457,2116834,"rsi_circ_002356",2,"+",1,2,40,5,"my_test_rsi2",2,0,0,1,"GTAG",NA,"ANCHOR_UNIQUE,CANONICAL,CIRCULAR,PERFECT_EXT,UNAMBIGUOUS_BP"
"1614","NW_017739732.1",81847,88179,"rsi_circ_002357",5,"-",4,4,40,40,"my_test_rsi2",5,0,0,1,"GTAG",NA,"ANCHOR_UNIQUE,CANONICAL,CIRCULAR,PERFECT_EXT,UNAMBIGUOUS_BP"
"1615","NW_017739466.1",241538,265516,"rsi_circ_002358",2,"-",2,2,40,40,"my_test_rsi2",2,1,0,1,"GTAG",NA,"ANCHOR_UNIQUE,CANONICAL,CIRCULAR,GOOD_EXT,UNAMBIGUOUS_BP"
"1616","NW_017739325.1",152674,152904,"rsi_circ_002359",43,"+",26,43,40,40,"my_test_rsi2",43,0,0,1,"GTAG",NA,"ANCHOR_UNIQUE,CANONICAL,CIRCULAR,PERFECT_EXT,UNAMBIGUOUS_BP"
"1617","NW_017739293.1",238148,239909,"rsi_circ_002360",9,"-",5,9,40,40,"my_test_rsi2",9,0,0,1,"GTAG",NA,"ANCHOR_UNIQUE,CANONICAL,CIRCULAR,PERFECT_EXT,UNAMBIGUOUS_BP"
"1618","NW_017739132.1",1275503,1275772,"rsi_circ_002361",3,"-",2,3,40,40,"my_test_rsi2",3,0,0,1,"GTAG",NA,"ANCHOR_UNIQUE,CANONICAL,CIRCULAR,PERFECT_EXT,UNAMBIGUOUS_BP"
"1619","NW_017739244.1",2793260,2797825,"rsi_circ_002362",2,"+",2,1,40,40,"my_test_rsi2",2,0,0,1,"GTAG",NA,"ANCHOR_UNIQUE,CANONICAL,CIRCULAR,PERFECT_EXT,UNAMBIGUOUS_BP"
"1620","NW_017739140.1",243443,259229,"rsi_circ_002365",2,"-",2,2,5,40,"my_test_rsi2",2,0,0,1,"GTAG",NA,"ANCHOR_UNIQUE,CANONICAL,CIRCULAR,PERFECT_EXT,UNAMBIGUOUS_BP"
"1621","NW_017739395.1",956686,959365,"rsi_circ_002366",35,"+",13,32,40,40,"my_test_rsi2",35,0,0,1,"GTAG",NA,"ANCHOR_UNIQUE,CANONICAL,CIRCULAR,PERFECT_EXT,UNAMBIGUOUS_BP"
"1622","NW_017739058.1",1172771,1172985,"rsi_circ_002369",5,"+",3,5,40,40,"my_test_rsi2",5,0,0,1,"GTAG",NA,"ANCHOR_UNIQUE,CANONICAL,CIRCULAR,PERFECT_EXT,UNAMBIGUOUS_BP"
"1623","NW_017739182.1",629299,656985,"rsi_circ_002370",2,"+",2,2,40,40,"my_test_rsi2",2,0,0,1,"GTAG",NA,"ANCHOR_UNIQUE,CANONICAL,CIRCULAR,PERFECT_EXT,UNAMBIGUOUS_BP"
"1624","NW_017739052.1",375320,395178,"rsi_circ_002372",2,"-",1,2,40,5,"my_test_rsi2",2,0,0,1,"GTAG",NA,"ANCHOR_UNIQUE,CANONICAL,CIRCULAR,PERFECT_EXT,UNAMBIGUOUS_BP"
"1625","NW_017738946.1",5194202,5209989,"rsi_circ_002374",195,"+",63,168,40,40,"my_test_rsi2",195,0,0,1,"GTAG",NA,"ANCHOR_UNIQUE,CANONICAL,CIRCULAR,PERFECT_EXT,UNAMBIGUOUS_BP"
"1626","NW_017739168.1",2044376,2050748,"rsi_circ_002377",5,"+",2,5,35,5,"my_test_rsi2",5,0,0,1,"GTAG",NA,"ANCHOR_UNIQUE,CANONICAL,CIRCULAR,PERFECT_EXT,UNAMBIGUOUS_BP"
"1627","NW_017739317.1",582645,648296,"rsi_circ_002379",3,"+",2,3,40,40,"my_test_rsi2",3,0,0,1,"GTAG",NA,"ANCHOR_UNIQUE,CANONICAL,CIRCULAR,PERFECT_EXT,UNAMBIGUOUS_BP"
"1628","NW_017739065.1",798615,813434,"rsi_circ_002380",4,"+",4,4,35,40,"my_test_rsi2",4,1,0,1,"GTAG",NA,"ANCHOR_UNIQUE,CANONICAL,CIRCULAR,GOOD_EXT,UNAMBIGUOUS_BP"
"1629","NW_017738972.1",1080287,1090096,"rsi_circ_002382",2,"+",2,2,5,40,"my_test_rsi2",2,0,0,1,"GTAG",NA,"ANCHOR_UNIQUE,CANONICAL,CIRCULAR,PERFECT_EXT,UNAMBIGUOUS_BP"
"1630","NW_017739174.1",1220482,1253404,"rsi_circ_002383",2,"-",1,2,40,40,"my_test_rsi2",2,0,0,1,"GTAG",NA,"ANCHOR_UNIQUE,CANONICAL,CIRCULAR,PERFECT_EXT,UNAMBIGUOUS_BP"
"1631","NW_017738932.1",7156512,7190407,"rsi_circ_002384",3,"+",2,2,40,5,"my_test_rsi2",3,0,0,1,"GTAG",NA,"ANCHOR_UNIQUE,CANONICAL,CIRCULAR,PERFECT_EXT,UNAMBIGUOUS_BP"
"1632","NW_017739014.1",555345,557294,"rsi_circ_002385",3,"+",1,3,5,40,"my_test_rsi2",3,1,0,1,"GTAG",NA,"ANCHOR_UNIQUE,CANONICAL,CIRCULAR,GOOD_EXT,UNAMBIGUOUS_BP"
"1633","NW_017738979.1",136332,136532,"rsi_circ_002386",62,"+",37,57,40,40,"my_test_rsi2",62,0,0,1,"GTAG",NA,"ANCHOR_UNIQUE,CANONICAL,CIRCULAR,PERFECT_EXT,UNAMBIGUOUS_BP"
"1634","NW_017739464.1",125761,126191,"rsi_circ_002387",2,"+",1,2,40,40,"my_test_rsi2",2,0,0,1,"GTAG",NA,"ANCHOR_UNIQUE,CANONICAL,CIRCULAR,PERFECT_EXT,UNAMBIGUOUS_BP"
"1635","NW_017739002.1",762591,770380,"rsi_circ_002388",4,"-",2,4,40,40,"my_test_rsi2",4,0,0,1,"GTAG",NA,"ANCHOR_UNIQUE,CANONICAL,CIRCULAR,PERFECT_EXT,UNAMBIGUOUS_BP"
"1636","NW_017739235.1",139116,160479,"rsi_circ_002390",8,"-",4,8,40,40,"my_test_rsi2",8,0,0,1,"GTAG",NA,"ANCHOR_UNIQUE,CANONICAL,CIRCULAR,PERFECT_EXT,UNAMBIGUOUS_BP"
"1637","NW_017738927.1",6630800,6636191,"rsi_circ_002391",5,"-",3,5,40,40,"my_test_rsi2",5,1,0,1,"GTAG",NA,"ANCHOR_UNIQUE,CANONICAL,CIRCULAR,GOOD_EXT,UNAMBIGUOUS_BP"
"1638","NW_017739226.1",202107,206530,"rsi_circ_002392",17,"+",10,17,40,40,"my_test_rsi2",17,1,0,1,"GTAG",NA,"ANCHOR_UNIQUE,CANONICAL,CIRCULAR,GOOD_EXT,UNAMBIGUOUS_BP"
"1639","NW_017738920.1",5426141,5427927,"rsi_circ_002393",2,"+",1,2,40,5,"my_test_rsi2",2,2,0,1,"GTAG",NA,"ANCHOR_UNIQUE,CANONICAL,CIRCULAR,OK_EXT,UNAMBIGUOUS_BP"
"1640","NW_017739455.1",224132,228502,"rsi_circ_002397",3,"-",3,3,40,40,"my_test_rsi2",3,1,0,1,"GTAG",NA,"ANCHOR_UNIQUE,CANONICAL,CIRCULAR,GOOD_EXT,UNAMBIGUOUS_BP"
"1641","NW_017738975.1",357333,360032,"rsi_circ_002398",3,"+",1,3,40,40,"my_test_rsi2",3,0,0,1,"GTAG",NA,"ANCHOR_UNIQUE,CANONICAL,CIRCULAR,PERFECT_EXT,UNAMBIGUOUS_BP"
"1642","NW_017739263.1",909302,921508,"rsi_circ_002399",3,"+",2,3,40,5,"my_test_rsi2",3,1,0,1,"GTAG",NA,"ANCHOR_UNIQUE,CANONICAL,CIRCULAR,GOOD_EXT,UNAMBIGUOUS_BP"
"1643","NW_017738992.1",3939998,3983105,"rsi_circ_002400",4,"+",3,3,40,40,"my_test_rsi2",4,0,0,1,"GTAG",NA,"ANCHOR_UNIQUE,CANONICAL,CIRCULAR,PERFECT_EXT,UNAMBIGUOUS_BP"
"1644","NW_017739953.1",77872,81626,"rsi_circ_002402",4,"-",3,4,40,40,"my_test_rsi2",4,1,0,1,"GTAG",NA,"ANCHOR_UNIQUE,CANONICAL,CIRCULAR,GOOD_EXT,UNAMBIGUOUS_BP"
"1645","NW_017739880.1",11279,30121,"rsi_circ_002403",2,"+",1,2,40,5,"my_test_rsi2",2,0,0,1,"GTAG",NA,"ANCHOR_UNIQUE,CANONICAL,CIRCULAR,PERFECT_EXT,UNAMBIGUOUS_BP"
"1646","NW_017739112.1",534708,553190,"rsi_circ_002405",4,"-",1,4,40,5,"my_test_rsi2",4,0,0,1,"GTAG",NA,"ANCHOR_UNIQUE,CANONICAL,CIRCULAR,PERFECT_EXT,UNAMBIGUOUS_BP"
"1647","NW_017739139.1",965544,968133,"rsi_circ_002406",3,"+",1,3,40,5,"my_test_rsi2",3,0,0,1,"GTAG",NA,"ANCHOR_UNIQUE,CANONICAL,CIRCULAR,PERFECT_EXT,UNAMBIGUOUS_BP"
"1648","NW_017739164.1",425369,431909,"rsi_circ_002407",2,"-",2,2,40,40,"my_test_rsi2",2,1,0,1,"GTAG",NA,"ANCHOR_UNIQUE,CANONICAL,CIRCULAR,GOOD_EXT,UNAMBIGUOUS_BP"
"1649","NW_017739097.1",2496104,2504280,"rsi_circ_002408",3,"+",1,3,5,40,"my_test_rsi2",3,0,0,1,"GTAG",NA,"ANCHOR_UNIQUE,CANONICAL,CIRCULAR,PERFECT_EXT,UNAMBIGUOUS_BP"
"1650","NW_017739476.1",815082,829633,"rsi_circ_002410",2,"-",1,2,40,5,"my_test_rsi2",2,0,0,1,"GTAG",NA,"ANCHOR_UNIQUE,CANONICAL,CIRCULAR,PERFECT_EXT,UNAMBIGUOUS_BP"
"1651","NW_017739788.1",145765,145925,"rsi_circ_002411",2,"+",1,2,5,5,"my_test_rsi2",2,1,0,1,"GTAG",NA,"ANCHOR_UNIQUE,CANONICAL,CIRCULAR,GOOD_EXT,UNAMBIGUOUS_BP"
"1652","NW_017739038.1",1866852,1867465,"rsi_circ_002412",4,"+",3,4,40,40,"my_test_rsi2",4,0,0,1,"GTAG",NA,"ANCHOR_UNIQUE,CANONICAL,CIRCULAR,PERFECT_EXT,UNAMBIGUOUS_BP"
"1653","NW_017738960.1",5363831,5429490,"rsi_circ_002413",2,"-",2,2,40,40,"my_test_rsi2",2,0,0,1,"GTAG",NA,"ANCHOR_UNIQUE,CANONICAL,CIRCULAR,PERFECT_EXT,UNAMBIGUOUS_BP"
"1654","NW_017739588.1",64253,65688,"rsi_circ_002415",6,"+",2,6,35,40,"my_test_rsi2",6,0,0,1,"GTAG",NA,"ANCHOR_UNIQUE,CANONICAL,CIRCULAR,PERFECT_EXT,UNAMBIGUOUS_BP"
"1655","NW_017739212.1",1300327,1301644,"rsi_circ_002417",6,"-",1,6,5,5,"my_test_rsi2",6,0,0,1,"GTAG",NA,"ANCHOR_UNIQUE,CANONICAL,CIRCULAR,PERFECT_EXT,UNAMBIGUOUS_BP"
"1656","NW_017739191.1",29970,38264,"rsi_circ_002419",12,"+",6,12,40,40,"my_test_rsi2",12,0,0,1,"GTAG",NA,"ANCHOR_UNIQUE,CANONICAL,CIRCULAR,PERFECT_EXT,UNAMBIGUOUS_BP"
"1657","NW_017739698.1",143820,156393,"rsi_circ_002420",3,"-",2,3,40,40,"my_test_rsi2",3,0,0,1,"GTAG",NA,"ANCHOR_UNIQUE,CANONICAL,CIRCULAR,PERFECT_EXT,UNAMBIGUOUS_BP"
"1658","NW_017739288.1",576820,579885,"rsi_circ_002422",2,"+",1,2,35,40,"my_test_rsi2",2,2,0,1,"GTAG",NA,"ANCHOR_UNIQUE,CANONICAL,CIRCULAR,OK_EXT,UNAMBIGUOUS_BP"
"1659","NW_017739155.1",3564491,3600377,"rsi_circ_002423",2,"+",1,2,40,40,"my_test_rsi2",2,0,0,1,"GTAG",NA,"ANCHOR_UNIQUE,CANONICAL,CIRCULAR,PERFECT_EXT,UNAMBIGUOUS_BP"
"1660","NW_017739645.1",175760,177747,"rsi_circ_002425",78,"-",33,78,40,40,"my_test_rsi2",78,0,0,1,"GTAG",NA,"ANCHOR_UNIQUE,CANONICAL,CIRCULAR,PERFECT_EXT,UNAMBIGUOUS_BP"
"1661","NW_017738956.1",1440603,1442098,"rsi_circ_002427",9,"+",4,9,40,40,"my_test_rsi2",9,0,0,1,"GTAG",NA,"ANCHOR_UNIQUE,CANONICAL,CIRCULAR,PERFECT_EXT,UNAMBIGUOUS_BP"
"1662","NW_017739454.1",599114,600023,"rsi_circ_002428",4,"-",1,4,40,35,"my_test_rsi2",4,0,0,1,"GTAG",NA,"ANCHOR_UNIQUE,CANONICAL,CIRCULAR,PERFECT_EXT,UNAMBIGUOUS_BP"
"1663","NW_017739104.1",2461959,2482713,"rsi_circ_002429",2,"+",2,2,40,40,"my_test_rsi2",2,0,0,1,"GTAG",NA,"ANCHOR_UNIQUE,CANONICAL,CIRCULAR,PERFECT_EXT,UNAMBIGUOUS_BP"
"1664","NW_017738944.1",5557096,5559995,"rsi_circ_002430",2,"+",1,2,40,5,"my_test_rsi2",2,0,0,1,"GTAG",NA,"ANCHOR_UNIQUE,CANONICAL,CIRCULAR,PERFECT_EXT,UNAMBIGUOUS_BP"
"1665","NW_017739694.1",296208,300314,"rsi_circ_002431",2,"-",1,2,5,40,"my_test_rsi2",2,1,0,1,"GTAG",NA,"ANCHOR_UNIQUE,CANONICAL,CIRCULAR,GOOD_EXT,UNAMBIGUOUS_BP"
"1666","NW_017739170.1",2313677,2350847,"rsi_circ_002432",3,"+",2,3,40,40,"my_test_rsi2",3,0,0,1,"GTAG",NA,"ANCHOR_UNIQUE,CANONICAL,CIRCULAR,PERFECT_EXT,UNAMBIGUOUS_BP"
"1667","NW_017739088.1",4839698,4842425,"rsi_circ_002433",25,"+",10,25,40,40,"my_test_rsi2",25,0,0,1,"GTAG",NA,"ANCHOR_UNIQUE,CANONICAL,CIRCULAR,PERFECT_EXT,UNAMBIGUOUS_BP"
"1668","NW_017739035.1",2020551,2042957,"rsi_circ_002435",7,"+",4,7,40,40,"my_test_rsi2",7,1,0,1,"GTAG",NA,"ANCHOR_UNIQUE,CANONICAL,CIRCULAR,GOOD_EXT,UNAMBIGUOUS_BP"
"1669","NW_017738985.1",6974251,6974403,"rsi_circ_002436",3,"+",2,3,5,5,"my_test_rsi2",3,0,1,1,"GTAG",NA,"ANCHOR_UNIQUE,CANONICAL,CIRCULAR,GOOD_EXT,UNAMBIGUOUS_BP"
"1670","NW_017738951.1",717468,764225,"rsi_circ_002438",4,"-",4,4,40,40,"my_test_rsi2",4,1,0,1,"GTAG",NA,"ANCHOR_UNIQUE,CANONICAL,CIRCULAR,GOOD_EXT,UNAMBIGUOUS_BP"
"1671","NW_017738926.1",4560914,4561170,"rsi_circ_002439",8,"+",3,8,40,40,"my_test_rsi2",8,0,0,1,"GTAG",NA,"ANCHOR_UNIQUE,CANONICAL,CIRCULAR,PERFECT_EXT,UNAMBIGUOUS_BP"
"1672","NW_017739657.1",223057,232479,"rsi_circ_002440",2,"-",1,2,40,40,"my_test_rsi2",2,0,0,1,"GTAG",NA,"ANCHOR_UNIQUE,CANONICAL,CIRCULAR,PERFECT_EXT,UNAMBIGUOUS_BP"
"1673","NW_017739056.1",906357,915561,"rsi_circ_002441",3,"-",1,3,40,5,"my_test_rsi2",3,0,0,1,"GTAG",NA,"ANCHOR_UNIQUE,CANONICAL,CIRCULAR,PERFECT_EXT,UNAMBIGUOUS_BP"
"1674","NW_017738986.1",1689701,1710729,"rsi_circ_002442",5,"-",1,5,40,40,"my_test_rsi2",5,0,0,1,"GTAG",NA,"ANCHOR_UNIQUE,CANONICAL,CIRCULAR,PERFECT_EXT,UNAMBIGUOUS_BP"
"1675","NW_017739101.1",1212174,1274069,"rsi_circ_002444",22,"-",13,21,40,40,"my_test_rsi2",22,0,0,1,"GTAG",NA,"ANCHOR_UNIQUE,CANONICAL,CIRCULAR,PERFECT_EXT,UNAMBIGUOUS_BP"
"1676","NW_017739489.1",989069,989250,"rsi_circ_002446",2,"-",2,2,5,40,"my_test_rsi2",2,2,0,1,"GTAG",NA,"ANCHOR_UNIQUE,CANONICAL,CIRCULAR,OK_EXT,UNAMBIGUOUS_BP"
"1677","NW_017739105.1",1002258,1010677,"rsi_circ_002447",3,"-",1,3,40,5,"my_test_rsi2",3,0,0,1,"GTAG",NA,"ANCHOR_UNIQUE,CANONICAL,CIRCULAR,PERFECT_EXT,UNAMBIGUOUS_BP"
"1678","NW_017739906.1",6868,15285,"rsi_circ_002448",2,"-",1,2,40,40,"my_test_rsi2",2,0,0,1,"GTAG",NA,"ANCHOR_UNIQUE,CANONICAL,CIRCULAR,PERFECT_EXT,UNAMBIGUOUS_BP"
"1679","NW_017739305.1",520838,527678,"rsi_circ_002449",8,"+",6,8,40,40,"my_test_rsi2",8,0,0,1,"GTAG",NA,"ANCHOR_UNIQUE,CANONICAL,CIRCULAR,PERFECT_EXT,UNAMBIGUOUS_BP"
"1680","NW_017738970.1",11913685,11920825,"rsi_circ_002452",2,"+",1,2,5,40,"my_test_rsi2",2,0,0,1,"GTAG",NA,"ANCHOR_UNIQUE,CANONICAL,CIRCULAR,PERFECT_EXT,UNAMBIGUOUS_BP"
"1681","NW_017738929.1",1946504,1949098,"rsi_circ_002453",5,"+",3,5,35,40,"my_test_rsi2",5,1,0,1,"GTAG",NA,"ANCHOR_UNIQUE,CANONICAL,CIRCULAR,GOOD_EXT,UNAMBIGUOUS_BP"
"1682","NW_017739108.1",2265783,2279776,"rsi_circ_002455",2,"-",1,2,40,5,"my_test_rsi2",2,0,0,1,"GTAG",NA,"ANCHOR_UNIQUE,CANONICAL,CIRCULAR,PERFECT_EXT,UNAMBIGUOUS_BP"
"1683","NW_017739403.1",892353,898167,"rsi_circ_002456",12,"-",5,12,40,40,"my_test_rsi2",12,0,0,1,"GTAG",NA,"ANCHOR_UNIQUE,CANONICAL,CIRCULAR,PERFECT_EXT,UNAMBIGUOUS_BP"
"1684","NW_017739237.1",893102,909319,"rsi_circ_002457",2,"-",1,2,40,40,"my_test_rsi2",2,0,0,1,"GTAG",NA,"ANCHOR_UNIQUE,CANONICAL,CIRCULAR,PERFECT_EXT,UNAMBIGUOUS_BP"
"1685","NW_017739122.1",296962,342095,"rsi_circ_002458",4,"-",2,4,40,5,"my_test_rsi2",4,0,0,1,"GTAG",NA,"ANCHOR_UNIQUE,CANONICAL,CIRCULAR,PERFECT_EXT,UNAMBIGUOUS_BP"
"1686","NW_017739185.1",1448466,1456901,"rsi_circ_002461",4,"+",1,4,35,40,"my_test_rsi2",4,1,0,1,"GTAG",NA,"ANCHOR_UNIQUE,CANONICAL,CIRCULAR,GOOD_EXT,UNAMBIGUOUS_BP"
"1687","NW_017738990.1",5025543,5033036,"rsi_circ_002462",4,"+",3,4,40,40,"my_test_rsi2",4,0,0,1,"GTAG",NA,"ANCHOR_UNIQUE,CANONICAL,CIRCULAR,PERFECT_EXT,UNAMBIGUOUS_BP"
"1688","NW_017738992.1",3894174,3911009,"rsi_circ_002463",5,"+",3,5,40,40,"my_test_rsi2",5,0,0,1,"GTAG",NA,"ANCHOR_UNIQUE,CANONICAL,CIRCULAR,PERFECT_EXT,UNAMBIGUOUS_BP"
"1689","NW_017739263.1",737250,747437,"rsi_circ_002464",4,"-",2,4,40,40,"my_test_rsi2",4,0,0,1,"GTAG",NA,"ANCHOR_UNIQUE,CANONICAL,CIRCULAR,PERFECT_EXT,UNAMBIGUOUS_BP"
"1690","NW_017739145.1",472509,473184,"rsi_circ_002465",2,"+",1,2,40,40,"my_test_rsi2",2,1,0,1,"GTAG",NA,"ANCHOR_UNIQUE,CANONICAL,CIRCULAR,GOOD_EXT,UNAMBIGUOUS_BP"
"1691","NW_017739102.1",607228,611484,"rsi_circ_002466",5,"-",3,5,40,40,"my_test_rsi2",5,0,0,1,"GTAG",NA,"ANCHOR_UNIQUE,CANONICAL,CIRCULAR,PERFECT_EXT,UNAMBIGUOUS_BP"
"1692","NW_017739146.1",2835486,2856721,"rsi_circ_002468",4,"-",1,4,40,40,"my_test_rsi2",4,0,0,1,"GTAG",NA,"ANCHOR_UNIQUE,CANONICAL,CIRCULAR,PERFECT_EXT,UNAMBIGUOUS_BP"
"1693","NW_017739349.1",468151,519894,"rsi_circ_002469",11,"+",3,11,40,40,"my_test_rsi2",11,0,0,1,"GTAG",NA,"ANCHOR_UNIQUE,CANONICAL,CIRCULAR,PERFECT_EXT,UNAMBIGUOUS_BP"
"1694","NW_017739107.1",21616,22008,"rsi_circ_002470",2,"-",1,2,40,5,"my_test_rsi2",2,1,0,1,"GTAG",NA,"ANCHOR_UNIQUE,CANONICAL,CIRCULAR,GOOD_EXT,UNAMBIGUOUS_BP"
"1695","NW_017738929.1",3767992,3770792,"rsi_circ_002472",8,"-",6,8,40,40,"my_test_rsi2",8,0,0,1,"GTAG",NA,"ANCHOR_UNIQUE,CANONICAL,CIRCULAR,PERFECT_EXT,UNAMBIGUOUS_BP"
"1696","NW_017738920.1",217929,222573,"rsi_circ_002473",3,"+",3,3,40,40,"my_test_rsi2",3,0,0,1,"GTAG",NA,"ANCHOR_UNIQUE,CANONICAL,CIRCULAR,PERFECT_EXT,UNAMBIGUOUS_BP"
"1697","NW_017739710.1",459343,485789,"rsi_circ_002475",3,"+",1,3,40,40,"my_test_rsi2",3,0,0,1,"GTAG",NA,"ANCHOR_UNIQUE,CANONICAL,CIRCULAR,PERFECT_EXT,UNAMBIGUOUS_BP"
"1698","NW_017739229.1",1503492,1514183,"rsi_circ_002477",3,"-",3,2,40,40,"my_test_rsi2",3,0,0,1,"GTAG",NA,"ANCHOR_UNIQUE,CANONICAL,CIRCULAR,PERFECT_EXT,UNAMBIGUOUS_BP"
"1699","NW_017739325.1",676668,680607,"rsi_circ_002479",4,"+",2,4,5,40,"my_test_rsi2",4,0,0,1,"GTAG",NA,"ANCHOR_UNIQUE,CANONICAL,CIRCULAR,PERFECT_EXT,UNAMBIGUOUS_BP"
"1700","NW_017739218.1",2107539,2148105,"rsi_circ_002480",2,"-",1,2,40,5,"my_test_rsi2",2,2,0,1,"GTAG",NA,"ANCHOR_UNIQUE,CANONICAL,CIRCULAR,OK_EXT,UNAMBIGUOUS_BP"
"1701","NW_017739173.1",598808,601459,"rsi_circ_002482",2,"+",1,2,5,40,"my_test_rsi2",2,0,0,1,"GTAG",NA,"ANCHOR_UNIQUE,CANONICAL,CIRCULAR,PERFECT_EXT,UNAMBIGUOUS_BP"
"1702","NW_017739386.1",509147,528667,"rsi_circ_002483",5,"-",4,5,40,40,"my_test_rsi2",5,1,0,1,"GTAG",NA,"ANCHOR_UNIQUE,CANONICAL,CIRCULAR,GOOD_EXT,UNAMBIGUOUS_BP"
"1703","NW_017739039.1",2075550,2079755,"rsi_circ_002485",11,"-",4,2,40,5,"my_test_rsi2",11,0,0,1,"GTAG",NA,"ANCHOR_UNIQUE,CANONICAL,CIRCULAR,PERFECT_EXT,UNAMBIGUOUS_BP"
"1704","NW_017739165.1",1105552,1178980,"rsi_circ_002486",2,"-",1,2,40,40,"my_test_rsi2",2,1,0,1,"GTAG",NA,"ANCHOR_UNIQUE,CANONICAL,CIRCULAR,GOOD_EXT,UNAMBIGUOUS_BP"
"1705","NW_017738950.1",5780276,5846461,"rsi_circ_002488",23,"-",18,23,40,40,"my_test_rsi2",23,0,0,1,"GTAG",NA,"ANCHOR_UNIQUE,CANONICAL,CIRCULAR,PERFECT_EXT,UNAMBIGUOUS_BP"
"1706","NW_017739087.1",4426743,4439103,"rsi_circ_002489",12,"+",7,11,40,40,"my_test_rsi2",12,0,0,1,"GTAG",NA,"ANCHOR_UNIQUE,CANONICAL,CIRCULAR,PERFECT_EXT,UNAMBIGUOUS_BP"
"1707","NW_017738949.1",4324756,4333510,"rsi_circ_002490",2,"-",1,2,40,40,"my_test_rsi2",2,0,0,1,"GTAG",NA,"ANCHOR_UNIQUE,CANONICAL,CIRCULAR,PERFECT_EXT,UNAMBIGUOUS_BP"
"1708","NW_017738959.1",5362214,5371397,"rsi_circ_002492",4,"-",2,4,40,5,"my_test_rsi2",4,1,0,1,"GTAG",NA,"ANCHOR_UNIQUE,CANONICAL,CIRCULAR,GOOD_EXT,UNAMBIGUOUS_BP"
"1709","NW_017738940.1",6316651,6367112,"rsi_circ_002493",4,"+",2,4,5,40,"my_test_rsi2",4,0,0,1,"GTAG",NA,"ANCHOR_UNIQUE,CANONICAL,CIRCULAR,PERFECT_EXT,UNAMBIGUOUS_BP"
"1710","NW_017739568.1",813713,813956,"rsi_circ_002495",4,"-",2,3,40,5,"my_test_rsi2",4,0,0,1,"GTAG",NA,"ANCHOR_UNIQUE,CANONICAL,CIRCULAR,PERFECT_EXT,UNAMBIGUOUS_BP"
"1711","NW_017738993.1",1885848,1890206,"rsi_circ_002496",3,"-",2,3,5,35,"my_test_rsi2",3,0,0,1,"GTAG",NA,"ANCHOR_UNIQUE,CANONICAL,CIRCULAR,PERFECT_EXT,UNAMBIGUOUS_BP"
"1712","NW_017739112.1",616155,616540,"rsi_circ_002497",45,"-",22,44,40,40,"my_test_rsi2",45,0,0,1,"GTAG",NA,"ANCHOR_UNIQUE,CANONICAL,CIRCULAR,PERFECT_EXT,UNAMBIGUOUS_BP"
"1713","NW_017739015.1",6923285,6931309,"rsi_circ_002498",6,"-",3,6,40,40,"my_test_rsi2",6,0,0,1,"GTAG",NA,"ANCHOR_UNIQUE,CANONICAL,CIRCULAR,PERFECT_EXT,UNAMBIGUOUS_BP"
"1714","NW_017739191.1",602135,603420,"rsi_circ_002499",18,"-",7,18,40,40,"my_test_rsi2",18,0,0,1,"GTAG",NA,"ANCHOR_UNIQUE,CANONICAL,CIRCULAR,PERFECT_EXT,UNAMBIGUOUS_BP"
"1715","NW_017739641.1",601400,605085,"rsi_circ_002505",18,"-",9,15,40,40,"my_test_rsi2",18,0,0,1,"GTAG",NA,"ANCHOR_UNIQUE,CANONICAL,CIRCULAR,PERFECT_EXT,UNAMBIGUOUS_BP"
"1716","NW_017738932.1",2131723,2131921,"rsi_circ_002506",2,"+",2,1,40,40,"my_test_rsi2",2,1,0,1,"GTAG",NA,"ANCHOR_UNIQUE,CANONICAL,CIRCULAR,GOOD_EXT,UNAMBIGUOUS_BP"
"1717","NW_017739518.1",326898,328060,"rsi_circ_002509",29,"+",15,28,40,40,"my_test_rsi2",29,0,0,1,"GTAG",NA,"ANCHOR_UNIQUE,CANONICAL,CIRCULAR,PERFECT_EXT,UNAMBIGUOUS_BP"
"1718","NW_017738949.1",4852460,4860196,"rsi_circ_002511",2,"+",1,2,40,40,"my_test_rsi2",2,0,0,1,"GTAG",NA,"ANCHOR_UNIQUE,CANONICAL,CIRCULAR,PERFECT_EXT,UNAMBIGUOUS_BP"
"1719","NW_017739511.1",278401,278615,"rsi_circ_002512",8,"-",3,8,40,40,"my_test_rsi2",8,0,0,1,"GTAG",NA,"ANCHOR_UNIQUE,CANONICAL,CIRCULAR,PERFECT_EXT,UNAMBIGUOUS_BP"
"1720","NW_017739377.1",1555758,1558466,"rsi_circ_002513",5,"+",2,5,40,40,"my_test_rsi2",5,1,0,1,"GTAG",NA,"ANCHOR_UNIQUE,CANONICAL,CIRCULAR,GOOD_EXT,UNAMBIGUOUS_BP"
"1721","NW_017739040.1",8056759,8078735,"rsi_circ_002516",2,"-",2,2,5,5,"my_test_rsi2",2,0,0,1,"GTAG",NA,"ANCHOR_UNIQUE,CANONICAL,CIRCULAR,PERFECT_EXT,UNAMBIGUOUS_BP"
"1722","NW_017738937.1",2091413,2108894,"rsi_circ_002517",2,"-",1,2,40,5,"my_test_rsi2",2,0,0,1,"GTAG",NA,"ANCHOR_UNIQUE,CANONICAL,CIRCULAR,PERFECT_EXT,UNAMBIGUOUS_BP"
"1723","NW_017738953.1",5035931,5040658,"rsi_circ_002518",2,"+",1,2,35,5,"my_test_rsi2",2,0,0,1,"GTAG",NA,"ANCHOR_UNIQUE,CANONICAL,CIRCULAR,PERFECT_EXT,UNAMBIGUOUS_BP"
"1724","NW_017739044.1",1534439,1535631,"rsi_circ_002519",8,"-",5,8,40,40,"my_test_rsi2",8,0,0,1,"GTAG",NA,"ANCHOR_UNIQUE,CANONICAL,CIRCULAR,PERFECT_EXT,UNAMBIGUOUS_BP"
"1725","NW_017739477.1",114180,129896,"rsi_circ_002520",2,"-",2,2,40,40,"my_test_rsi2",2,1,0,1,"GTAG",NA,"ANCHOR_UNIQUE,CANONICAL,CIRCULAR,GOOD_EXT,UNAMBIGUOUS_BP"
"1726","NW_017739602.1",222831,223865,"rsi_circ_002521",13,"-",10,13,40,40,"my_test_rsi2",13,0,0,1,"GTAG",NA,"ANCHOR_UNIQUE,CANONICAL,CIRCULAR,PERFECT_EXT,UNAMBIGUOUS_BP"
"1727","NW_017738923.1",15052554,15081970,"rsi_circ_002522",4,"-",1,4,5,40,"my_test_rsi2",4,0,0,1,"GTAG",NA,"ANCHOR_UNIQUE,CANONICAL,CIRCULAR,PERFECT_EXT,UNAMBIGUOUS_BP"
"1728","NW_017739594.1",342722,342920,"rsi_circ_002524",3,"+",2,3,40,40,"my_test_rsi2",3,2,0,1,"GTAG",NA,"ANCHOR_UNIQUE,CANONICAL,CIRCULAR,OK_EXT,UNAMBIGUOUS_BP"
"1729","NW_017739341.1",576278,577363,"rsi_circ_002526",4,"+",2,4,40,35,"my_test_rsi2",4,0,0,1,"GTAG",NA,"ANCHOR_UNIQUE,CANONICAL,CIRCULAR,PERFECT_EXT,UNAMBIGUOUS_BP"
"1730","NW_017739063.1",835162,837774,"rsi_circ_002527",3,"-",1,3,40,35,"my_test_rsi2",3,2,0,1,"GTAG",NA,"ANCHOR_UNIQUE,CANONICAL,CIRCULAR,OK_EXT,UNAMBIGUOUS_BP"
"1731","NW_017739174.1",57336,59483,"rsi_circ_002528",3,"+",1,3,40,40,"my_test_rsi2",3,1,0,1,"GTAG",NA,"ANCHOR_UNIQUE,CANONICAL,CIRCULAR,GOOD_EXT,UNAMBIGUOUS_BP"
"1732","NW_017738940.1",3319842,3320560,"rsi_circ_002529",3,"+",2,1,40,40,"my_test_rsi2",3,0,0,1,"GTAG",NA,"ANCHOR_UNIQUE,CANONICAL,CIRCULAR,PERFECT_EXT,UNAMBIGUOUS_BP"
"1733","NW_017739382.1",538596,547368,"rsi_circ_002530",5,"-",3,5,40,40,"my_test_rsi2",5,0,0,1,"GTAG",NA,"ANCHOR_UNIQUE,CANONICAL,CIRCULAR,PERFECT_EXT,UNAMBIGUOUS_BP"
"1734","NW_017738990.1",2129459,2129864,"rsi_circ_002531",2,"+",1,2,35,40,"my_test_rsi2",2,1,0,1,"GTAG",NA,"ANCHOR_UNIQUE,CANONICAL,CIRCULAR,GOOD_EXT,UNAMBIGUOUS_BP"
"1735","NW_017738934.1",5939989,5941821,"rsi_circ_002532",3,"-",2,3,40,40,"my_test_rsi2",3,0,0,1,"GTAG",NA,"ANCHOR_UNIQUE,CANONICAL,CIRCULAR,PERFECT_EXT,UNAMBIGUOUS_BP"
"1736","NW_017739263.1",683261,741074,"rsi_circ_002533",26,"-",12,26,40,40,"my_test_rsi2",26,0,0,1,"GTAG",NA,"ANCHOR_UNIQUE,CANONICAL,CIRCULAR,PERFECT_EXT,UNAMBIGUOUS_BP"
"1737","NW_017739086.1",1392560,1415847,"rsi_circ_002534",3,"+",1,3,40,5,"my_test_rsi2",3,0,0,1,"GTAG",NA,"ANCHOR_UNIQUE,CANONICAL,CIRCULAR,PERFECT_EXT,UNAMBIGUOUS_BP"
"1738","NW_017738992.1",457951,478444,"rsi_circ_002537",2,"-",1,2,40,40,"my_test_rsi2",2,0,0,1,"GTAG",NA,"ANCHOR_UNIQUE,CANONICAL,CIRCULAR,PERFECT_EXT,UNAMBIGUOUS_BP"
"1739","NW_017738957.1",4953874,4956532,"rsi_circ_002539",6,"-",3,6,40,40,"my_test_rsi2",6,0,0,1,"GTAG",NA,"ANCHOR_UNIQUE,CANONICAL,CIRCULAR,PERFECT_EXT,UNAMBIGUOUS_BP"
"1740","NW_017739036.1",2230795,2234919,"rsi_circ_002540",3,"+",2,3,5,40,"my_test_rsi2",3,0,0,1,"GTAG",NA,"ANCHOR_UNIQUE,CANONICAL,CIRCULAR,PERFECT_EXT,UNAMBIGUOUS_BP"
"1741","NW_017738957.1",1119789,1134728,"rsi_circ_002541",8,"-",4,8,5,40,"my_test_rsi2",8,0,0,1,"GTAG",NA,"ANCHOR_UNIQUE,CANONICAL,CIRCULAR,PERFECT_EXT,UNAMBIGUOUS_BP"
"1742","NW_017739674.1",288474,294580,"rsi_circ_002542",2,"-",2,2,40,40,"my_test_rsi2",2,0,0,1,"GTAG",NA,"ANCHOR_UNIQUE,CANONICAL,CIRCULAR,PERFECT_EXT,UNAMBIGUOUS_BP"
"1743","NW_017739115.1",3678883,3680499,"rsi_circ_002543",3,"+",2,3,40,40,"my_test_rsi2",3,0,0,1,"GTAG",NA,"ANCHOR_UNIQUE,CANONICAL,CIRCULAR,PERFECT_EXT,UNAMBIGUOUS_BP"
"1744","NW_017739140.1",5274076,5279022,"rsi_circ_002544",6,"+",5,6,40,40,"my_test_rsi2",6,0,0,1,"GTAG",NA,"ANCHOR_UNIQUE,CANONICAL,CIRCULAR,PERFECT_EXT,UNAMBIGUOUS_BP"
"1745","NW_017739254.1",447136,449927,"rsi_circ_002545",4,"+",3,4,40,40,"my_test_rsi2",4,1,0,1,"GTAG",NA,"ANCHOR_UNIQUE,CANONICAL,CIRCULAR,GOOD_EXT,UNAMBIGUOUS_BP"
"1746","NW_017739211.1",3537513,3538418,"rsi_circ_002546",3,"-",1,3,5,5,"my_test_rsi2",3,0,0,1,"GTAG",NA,"ANCHOR_UNIQUE,CANONICAL,CIRCULAR,PERFECT_EXT,UNAMBIGUOUS_BP"
"1747","NW_017739324.1",162035,190730,"rsi_circ_002547",2,"-",1,2,40,40,"my_test_rsi2",2,1,0,1,"GTAG",NA,"ANCHOR_UNIQUE,CANONICAL,CIRCULAR,GOOD_EXT,UNAMBIGUOUS_BP"
"1748","NW_017739039.1",1706157,1708312,"rsi_circ_002548",4,"+",2,4,40,40,"my_test_rsi2",4,0,0,1,"GTAG",NA,"ANCHOR_UNIQUE,CANONICAL,CIRCULAR,PERFECT_EXT,UNAMBIGUOUS_BP"
"1749","NW_017739182.1",1231396,1234905,"rsi_circ_002549",8,"-",6,6,40,40,"my_test_rsi2",8,0,0,1,"GTAG",NA,"ANCHOR_UNIQUE,CANONICAL,CIRCULAR,PERFECT_EXT,UNAMBIGUOUS_BP"
"1750","NW_017739127.1",439615,449332,"rsi_circ_002550",2,"-",1,2,5,5,"my_test_rsi2",2,0,0,1,"GTAG",NA,"ANCHOR_UNIQUE,CANONICAL,CIRCULAR,PERFECT_EXT,UNAMBIGUOUS_BP"
"1751","NW_017739596.1",132512,132813,"rsi_circ_002552",162,"-",58,156,40,40,"my_test_rsi2",162,0,0,1,"GTAG",NA,"ANCHOR_UNIQUE,CANONICAL,CIRCULAR,PERFECT_EXT,UNAMBIGUOUS_BP"
"1752","NW_017739116.1",3309669,3323368,"rsi_circ_002554",11,"+",8,9,40,40,"my_test_rsi2",11,0,0,1,"GTAG",NA,"ANCHOR_UNIQUE,CANONICAL,CIRCULAR,PERFECT_EXT,UNAMBIGUOUS_BP"
"1753","NW_017739015.1",5336260,5360818,"rsi_circ_002555",4,"+",3,4,35,40,"my_test_rsi2",4,1,0,1,"GTAG",NA,"ANCHOR_UNIQUE,CANONICAL,CIRCULAR,GOOD_EXT,UNAMBIGUOUS_BP"
"1754","NW_017739190.1",1057130,1076802,"rsi_circ_002556",2,"-",1,2,40,5,"my_test_rsi2",2,1,0,1,"GTAG",NA,"ANCHOR_UNIQUE,CANONICAL,CIRCULAR,GOOD_EXT,UNAMBIGUOUS_BP"
"1755","NW_017739386.1",509147,524629,"rsi_circ_002557",8,"-",6,8,40,40,"my_test_rsi2",8,0,0,1,"GTAG",NA,"ANCHOR_UNIQUE,CANONICAL,CIRCULAR,PERFECT_EXT,UNAMBIGUOUS_BP"
"1756","NW_017739422.1",216602,235456,"rsi_circ_002559",3,"-",1,3,40,40,"my_test_rsi2",3,0,0,1,"GTAG",NA,"ANCHOR_UNIQUE,CANONICAL,CIRCULAR,PERFECT_EXT,UNAMBIGUOUS_BP"
"1757","NW_017739015.1",5836954,5842950,"rsi_circ_002561",5,"-",1,5,40,40,"my_test_rsi2",5,0,0,1,"GTAG",NA,"ANCHOR_UNIQUE,CANONICAL,CIRCULAR,PERFECT_EXT,UNAMBIGUOUS_BP"
"1758","NW_017738999.1",1452131,1453209,"rsi_circ_002563",2,"-",1,2,40,40,"my_test_rsi2",2,0,0,1,"GTAG",NA,"ANCHOR_UNIQUE,CANONICAL,CIRCULAR,PERFECT_EXT,UNAMBIGUOUS_BP"
"1759","NW_017739414.1",165845,169808,"rsi_circ_002564",2,"-",1,2,40,5,"my_test_rsi2",2,0,0,1,"GTAG",NA,"ANCHOR_UNIQUE,CANONICAL,CIRCULAR,PERFECT_EXT,UNAMBIGUOUS_BP"
"1760","NW_017739066.1",3932994,3964369,"rsi_circ_002565",14,"+",6,14,40,40,"my_test_rsi2",14,0,0,1,"GTAG",NA,"ANCHOR_UNIQUE,CANONICAL,CIRCULAR,PERFECT_EXT,UNAMBIGUOUS_BP"
"1761","NW_017739052.1",1502464,1507705,"rsi_circ_002566",2,"-",1,2,40,40,"my_test_rsi2",2,2,0,1,"GTAG",NA,"ANCHOR_UNIQUE,CANONICAL,CIRCULAR,OK_EXT,UNAMBIGUOUS_BP"
"1762","NW_017738957.1",4363435,4369779,"rsi_circ_002567",2,"+",1,2,40,40,"my_test_rsi2",2,1,0,1,"GTAG",NA,"ANCHOR_UNIQUE,CANONICAL,CIRCULAR,GOOD_EXT,UNAMBIGUOUS_BP"
"1763","NW_017738962.1",2082706,2091882,"rsi_circ_002568",4,"-",3,4,40,5,"my_test_rsi2",4,0,0,1,"GTAG",NA,"ANCHOR_UNIQUE,CANONICAL,CIRCULAR,PERFECT_EXT,UNAMBIGUOUS_BP"
"1764","NW_017739272.1",2429320,2518804,"rsi_circ_002569",2,"-",2,2,40,40,"my_test_rsi2",2,0,0,1,"GTAG",NA,"ANCHOR_UNIQUE,CANONICAL,CIRCULAR,PERFECT_EXT,UNAMBIGUOUS_BP"
"1765","NW_017739377.1",781248,787028,"rsi_circ_002570",7,"+",4,7,40,40,"my_test_rsi2",7,0,0,1,"GTAG",NA,"ANCHOR_UNIQUE,CANONICAL,CIRCULAR,PERFECT_EXT,UNAMBIGUOUS_BP"
"1766","NW_017738948.1",3080684,3084684,"rsi_circ_002571",2,"+",1,2,5,5,"my_test_rsi2",2,0,0,1,"GTAG",NA,"ANCHOR_UNIQUE,CANONICAL,CIRCULAR,PERFECT_EXT,UNAMBIGUOUS_BP"
"1767","NW_017739201.1",1080765,1092093,"rsi_circ_002572",4,"+",2,2,40,40,"my_test_rsi2",4,0,0,1,"GTAG",NA,"ANCHOR_UNIQUE,CANONICAL,CIRCULAR,PERFECT_EXT,UNAMBIGUOUS_BP"
"1768","NW_017739591.1",76822,76997,"rsi_circ_002573",4,"-",1,4,5,40,"my_test_rsi2",4,0,0,1,"GTAG",NA,"ANCHOR_UNIQUE,CANONICAL,CIRCULAR,PERFECT_EXT,UNAMBIGUOUS_BP"
"1769","NW_017738938.1",4599272,4599621,"rsi_circ_002574",9,"-",4,6,40,40,"my_test_rsi2",9,0,0,1,"GTAG",NA,"ANCHOR_UNIQUE,CANONICAL,CIRCULAR,PERFECT_EXT,UNAMBIGUOUS_BP"
"1770","NW_017739046.1",2768203,2769656,"rsi_circ_002575",5,"+",2,5,40,40,"my_test_rsi2",5,0,0,1,"GTAG",NA,"ANCHOR_UNIQUE,CANONICAL,CIRCULAR,PERFECT_EXT,UNAMBIGUOUS_BP"
"1771","NW_017739368.1",885340,888511,"rsi_circ_002577",19,"-",12,18,40,40,"my_test_rsi2",19,0,0,1,"GTAG",NA,"ANCHOR_UNIQUE,CANONICAL,CIRCULAR,PERFECT_EXT,UNAMBIGUOUS_BP"
"1772","NW_017739805.1",113617,113893,"rsi_circ_002578",8,"+",4,8,40,40,"my_test_rsi2",8,0,0,1,"GTAG",NA,"ANCHOR_UNIQUE,CANONICAL,CIRCULAR,PERFECT_EXT,UNAMBIGUOUS_BP"
"1773","NW_017738964.1",4188488,4207186,"rsi_circ_002581",4,"-",3,4,40,40,"my_test_rsi2",4,0,0,1,"GTAG",NA,"ANCHOR_UNIQUE,CANONICAL,CIRCULAR,PERFECT_EXT,UNAMBIGUOUS_BP"
"1774","NW_017739404.1",48810,52326,"rsi_circ_002582",2,"-",1,2,40,35,"my_test_rsi2",2,0,0,1,"GTAG",NA,"ANCHOR_UNIQUE,CANONICAL,CIRCULAR,PERFECT_EXT,UNAMBIGUOUS_BP"
"1775","NW_017739240.1",934754,943517,"rsi_circ_002583",3,"-",2,3,40,40,"my_test_rsi2",3,0,0,1,"GTAG",NA,"ANCHOR_UNIQUE,CANONICAL,CIRCULAR,PERFECT_EXT,UNAMBIGUOUS_BP"
"1776","NW_017739128.1",923023,924309,"rsi_circ_002585",6,"+",2,6,40,40,"my_test_rsi2",6,0,0,1,"GTAG",NA,"ANCHOR_UNIQUE,CANONICAL,CIRCULAR,PERFECT_EXT,UNAMBIGUOUS_BP"
"1777","NW_017738935.1",367441,373545,"rsi_circ_002586",181,"-",70,172,40,40,"my_test_rsi2",181,0,0,1,"GTAG",NA,"ANCHOR_UNIQUE,CANONICAL,CIRCULAR,PERFECT_EXT,UNAMBIGUOUS_BP"
"1778","NW_017739056.1",4934733,4958467,"rsi_circ_002587",7,"-",3,7,40,5,"my_test_rsi2",7,0,0,1,"GTAG",NA,"ANCHOR_UNIQUE,CANONICAL,CIRCULAR,PERFECT_EXT,UNAMBIGUOUS_BP"
"1779","NW_017739019.1",93118,97446,"rsi_circ_002588",11,"+",3,11,40,35,"my_test_rsi2",11,0,0,1,"GTAG",NA,"ANCHOR_UNIQUE,CANONICAL,CIRCULAR,PERFECT_EXT,UNAMBIGUOUS_BP"
"1780","NW_017739073.1",2732397,2736861,"rsi_circ_002589",3,"+",1,3,5,40,"my_test_rsi2",3,0,0,1,"GTAG",NA,"ANCHOR_UNIQUE,CANONICAL,CIRCULAR,PERFECT_EXT,UNAMBIGUOUS_BP"
"1781","NW_017739589.1",380405,380621,"rsi_circ_002591",6,"-",2,6,40,5,"my_test_rsi2",6,1,0,1,"GTAG",NA,"ANCHOR_UNIQUE,CANONICAL,CIRCULAR,GOOD_EXT,UNAMBIGUOUS_BP"
"1782","NW_017739096.1",311568,316282,"rsi_circ_002593",4,"+",2,4,40,40,"my_test_rsi2",4,0,0,1,"GTAG",NA,"ANCHOR_UNIQUE,CANONICAL,CIRCULAR,PERFECT_EXT,UNAMBIGUOUS_BP"
"1783","NW_017738985.1",2881442,2901588,"rsi_circ_002595",5,"-",3,5,5,40,"my_test_rsi2",5,0,0,1,"GTAG",NA,"ANCHOR_UNIQUE,CANONICAL,CIRCULAR,PERFECT_EXT,UNAMBIGUOUS_BP"
"1784","NW_017738936.1",4365964,4376327,"rsi_circ_002597",4,"+",4,3,40,40,"my_test_rsi2",4,0,0,1,"GTAG",NA,"ANCHOR_UNIQUE,CANONICAL,CIRCULAR,PERFECT_EXT,UNAMBIGUOUS_BP"
"1785","NW_017738996.1",830590,831191,"rsi_circ_002600",8,"-",4,8,40,40,"my_test_rsi2",8,0,0,1,"GTAG",NA,"ANCHOR_UNIQUE,CANONICAL,CIRCULAR,PERFECT_EXT,UNAMBIGUOUS_BP"
"1786","NW_017739165.1",239972,240823,"rsi_circ_002601",2,"-",1,2,5,35,"my_test_rsi2",2,1,0,1,"GTAG",NA,"ANCHOR_UNIQUE,CANONICAL,CIRCULAR,GOOD_EXT,UNAMBIGUOUS_BP"
"1787","NW_017738920.1",772983,774424,"rsi_circ_002603",9,"+",6,9,40,40,"my_test_rsi2",9,0,0,1,"GTAG",NA,"ANCHOR_UNIQUE,CANONICAL,CIRCULAR,PERFECT_EXT,UNAMBIGUOUS_BP"
"1788","NW_017739190.1",2325894,2339002,"rsi_circ_002604",2,"-",1,2,40,5,"my_test_rsi2",2,0,0,1,"GTAG",NA,"ANCHOR_UNIQUE,CANONICAL,CIRCULAR,PERFECT_EXT,UNAMBIGUOUS_BP"
"1789","NW_017738956.1",3376757,3382087,"rsi_circ_002605",2,"-",2,2,5,40,"my_test_rsi2",2,1,0,1,"GTAG",NA,"ANCHOR_UNIQUE,CANONICAL,CIRCULAR,GOOD_EXT,UNAMBIGUOUS_BP"
"1790","NW_017739069.1",1469677,1470478,"rsi_circ_002607",82,"-",31,82,40,40,"my_test_rsi2",82,0,0,1,"GTAG",NA,"ANCHOR_UNIQUE,CANONICAL,CIRCULAR,PERFECT_EXT,UNAMBIGUOUS_BP"
"1791","NW_017739668.1",178557,201623,"rsi_circ_002608",4,"+",2,4,40,40,"my_test_rsi2",4,0,0,1,"GTAG",NA,"ANCHOR_UNIQUE,CANONICAL,CIRCULAR,PERFECT_EXT,UNAMBIGUOUS_BP"
"1792","NW_017739089.1",4503408,4524597,"rsi_circ_002609",2,"+",2,2,40,40,"my_test_rsi2",2,0,0,1,"GTAG",NA,"ANCHOR_UNIQUE,CANONICAL,CIRCULAR,PERFECT_EXT,UNAMBIGUOUS_BP"
"1793","NW_017739032.1",3530652,3535193,"rsi_circ_002610",4,"-",2,4,40,40,"my_test_rsi2",4,0,0,1,"GTAG",NA,"ANCHOR_UNIQUE,CANONICAL,CIRCULAR,PERFECT_EXT,UNAMBIGUOUS_BP"
"1794","NW_017739190.1",710492,718664,"rsi_circ_002611",6,"-",1,6,40,40,"my_test_rsi2",6,0,0,1,"GTAG",NA,"ANCHOR_UNIQUE,CANONICAL,CIRCULAR,PERFECT_EXT,UNAMBIGUOUS_BP"
"1795","NW_017738935.1",4945286,4958906,"rsi_circ_002613",3,"+",1,3,40,40,"my_test_rsi2",3,1,0,1,"GTAG",NA,"ANCHOR_UNIQUE,CANONICAL,CIRCULAR,GOOD_EXT,UNAMBIGUOUS_BP"
"1796","NW_017738972.1",2315235,2366281,"rsi_circ_002614",3,"+",1,3,5,40,"my_test_rsi2",3,0,0,1,"GTAG",NA,"ANCHOR_UNIQUE,CANONICAL,CIRCULAR,PERFECT_EXT,UNAMBIGUOUS_BP"
"1797","NW_017738923.1",15182903,15185854,"rsi_circ_002615",5,"-",2,5,40,40,"my_test_rsi2",5,2,0,1,"GTAG",NA,"ANCHOR_UNIQUE,CANONICAL,CIRCULAR,OK_EXT,UNAMBIGUOUS_BP"
"1798","NW_017738932.1",1817394,1818247,"rsi_circ_002616",6,"-",2,6,5,40,"my_test_rsi2",6,2,0,1,"GTAG",NA,"ANCHOR_UNIQUE,CANONICAL,CIRCULAR,OK_EXT,UNAMBIGUOUS_BP"
"1799","NW_017739097.1",2483116,2502678,"rsi_circ_002617",17,"+",8,16,40,40,"my_test_rsi2",17,0,0,1,"GTAG",NA,"ANCHOR_UNIQUE,CANONICAL,CIRCULAR,PERFECT_EXT,UNAMBIGUOUS_BP"
"1800","NW_017739295.1",1807866,1816724,"rsi_circ_002618",4,"-",2,4,5,40,"my_test_rsi2",4,0,0,1,"GTAG",NA,"ANCHOR_UNIQUE,CANONICAL,CIRCULAR,PERFECT_EXT,UNAMBIGUOUS_BP"
"1801","NW_017739108.1",1158382,1170618,"rsi_circ_002619",3,"-",2,3,40,5,"my_test_rsi2",3,0,0,1,"GTAG",NA,"ANCHOR_UNIQUE,CANONICAL,CIRCULAR,PERFECT_EXT,UNAMBIGUOUS_BP"
"1802","NW_017739589.1",414277,414442,"rsi_circ_002620",2,"-",2,2,40,40,"my_test_rsi2",2,0,0,1,"GTAG",NA,"ANCHOR_UNIQUE,CANONICAL,CIRCULAR,PERFECT_EXT,UNAMBIGUOUS_BP"
"1803","NW_017738953.1",1279323,1299203,"rsi_circ_002621",7,"-",3,7,40,40,"my_test_rsi2",7,0,0,1,"GTAG",NA,"ANCHOR_UNIQUE,CANONICAL,CIRCULAR,PERFECT_EXT,UNAMBIGUOUS_BP"
"1804","NW_017739003.1",12667233,12698131,"rsi_circ_002622",2,"+",1,2,5,40,"my_test_rsi2",2,1,0,1,"GTAG",NA,"ANCHOR_UNIQUE,CANONICAL,CIRCULAR,GOOD_EXT,UNAMBIGUOUS_BP"
"1805","NW_017738956.1",4841887,4843190,"rsi_circ_002623",4,"-",2,4,40,5,"my_test_rsi2",4,1,0,1,"GTAG",NA,"ANCHOR_UNIQUE,CANONICAL,CIRCULAR,GOOD_EXT,UNAMBIGUOUS_BP"
"1806","NW_017739293.1",864348,869344,"rsi_circ_002624",22,"+",9,22,40,40,"my_test_rsi2",22,0,0,1,"GTAG",NA,"ANCHOR_UNIQUE,CANONICAL,CIRCULAR,PERFECT_EXT,UNAMBIGUOUS_BP"
"1807","NW_017739147.1",3609999,3611591,"rsi_circ_002625",2,"-",2,2,40,35,"my_test_rsi2",2,0,0,1,"GTAG",NA,"ANCHOR_UNIQUE,CANONICAL,CIRCULAR,PERFECT_EXT,UNAMBIGUOUS_BP"
"1808","NW_017738970.1",11828395,11878767,"rsi_circ_002626",2,"+",1,2,40,40,"my_test_rsi2",2,0,0,1,"GTAG",NA,"ANCHOR_UNIQUE,CANONICAL,CIRCULAR,PERFECT_EXT,UNAMBIGUOUS_BP"
"1809","NW_017739257.1",603913,604825,"rsi_circ_002627",3,"-",3,2,40,40,"my_test_rsi2",3,0,0,1,"GTAG",NA,"ANCHOR_UNIQUE,CANONICAL,CIRCULAR,PERFECT_EXT,UNAMBIGUOUS_BP"
"1810","NW_017738981.1",2383563,2386268,"rsi_circ_002628",2,"+",2,2,40,40,"my_test_rsi2",2,0,0,1,"GTAG",NA,"ANCHOR_UNIQUE,CANONICAL,CIRCULAR,PERFECT_EXT,UNAMBIGUOUS_BP"
"1811","NW_017738946.1",5209880,5299285,"rsi_circ_002629",21,"+",13,21,40,40,"my_test_rsi2",21,0,0,1,"GTAG",NA,"ANCHOR_UNIQUE,CANONICAL,CIRCULAR,PERFECT_EXT,UNAMBIGUOUS_BP"
"1812","NW_017738962.1",4579258,4579631,"rsi_circ_002631",3,"+",1,3,40,40,"my_test_rsi2",3,0,0,1,"GTAG",NA,"ANCHOR_UNIQUE,CANONICAL,CIRCULAR,PERFECT_EXT,UNAMBIGUOUS_BP"
"1813","NW_017739035.1",1914538,1929566,"rsi_circ_002632",3,"+",2,3,40,40,"my_test_rsi2",3,0,0,1,"GTAG",NA,"ANCHOR_UNIQUE,CANONICAL,CIRCULAR,PERFECT_EXT,UNAMBIGUOUS_BP"
"1814","NW_017739103.1",1893623,1914083,"rsi_circ_002633",3,"-",1,3,40,5,"my_test_rsi2",3,0,0,1,"GTAG",NA,"ANCHOR_UNIQUE,CANONICAL,CIRCULAR,PERFECT_EXT,UNAMBIGUOUS_BP"
"1815","NW_017738920.1",6636816,6637252,"rsi_circ_002635",3,"+",2,2,40,40,"my_test_rsi2",3,0,0,1,"GTAG",NA,"ANCHOR_UNIQUE,CANONICAL,CIRCULAR,PERFECT_EXT,UNAMBIGUOUS_BP"
"1816","NW_017739578.1",15145,15249,"rsi_circ_002637",2,"+",1,2,40,40,"my_test_rsi2",2,1,0,1,"GTAG",NA,"ANCHOR_UNIQUE,CANONICAL,CIRCULAR,GOOD_EXT,UNAMBIGUOUS_BP"
"1817","NW_017739006.1",5205510,5226485,"rsi_circ_002638",4,"-",2,4,5,5,"my_test_rsi2",4,1,0,1,"GTAG",NA,"ANCHOR_UNIQUE,CANONICAL,CIRCULAR,GOOD_EXT,UNAMBIGUOUS_BP"
"1818","NW_017739568.1",2264676,2265003,"rsi_circ_002639",2,"-",1,2,5,40,"my_test_rsi2",2,1,0,1,"GTAG",NA,"ANCHOR_UNIQUE,CANONICAL,CIRCULAR,GOOD_EXT,UNAMBIGUOUS_BP"
"1819","NW_017739291.1",160779,196636,"rsi_circ_002640",2,"+",1,2,40,40,"my_test_rsi2",2,2,0,1,"GTAG",NA,"ANCHOR_UNIQUE,CANONICAL,CIRCULAR,OK_EXT,UNAMBIGUOUS_BP"
"1820","NW_017738949.1",5149318,5153914,"rsi_circ_002641",5,"-",3,5,40,5,"my_test_rsi2",5,0,0,1,"GTAG",NA,"ANCHOR_UNIQUE,CANONICAL,CIRCULAR,PERFECT_EXT,UNAMBIGUOUS_BP"
"1821","NW_017738941.1",645624,651853,"rsi_circ_002643",2,"-",1,2,40,40,"my_test_rsi2",2,0,0,1,"GTAG",NA,"ANCHOR_UNIQUE,CANONICAL,CIRCULAR,PERFECT_EXT,UNAMBIGUOUS_BP"
"1822","NW_017739143.1",1465689,1469902,"rsi_circ_002644",2,"-",1,2,40,40,"my_test_rsi2",2,0,0,1,"GTAG",NA,"ANCHOR_UNIQUE,CANONICAL,CIRCULAR,PERFECT_EXT,UNAMBIGUOUS_BP"
"1823","NW_017738937.1",4067036,4085544,"rsi_circ_002646",4,"+",2,4,5,40,"my_test_rsi2",4,0,0,1,"GTAG",NA,"ANCHOR_UNIQUE,CANONICAL,CIRCULAR,PERFECT_EXT,UNAMBIGUOUS_BP"
"1824","NW_017739405.1",903016,921362,"rsi_circ_002647",2,"-",1,2,35,5,"my_test_rsi2",2,0,0,1,"GTAG",NA,"ANCHOR_UNIQUE,CANONICAL,CIRCULAR,PERFECT_EXT,UNAMBIGUOUS_BP"
"1825","NW_017738958.1",2866439,2869787,"rsi_circ_002650",4,"+",2,4,40,5,"my_test_rsi2",4,0,0,1,"GTAG",NA,"ANCHOR_UNIQUE,CANONICAL,CIRCULAR,PERFECT_EXT,UNAMBIGUOUS_BP"
"1826","NW_017739090.1",2520328,2534979,"rsi_circ_002652",2,"-",2,2,40,40,"my_test_rsi2",2,1,0,1,"GTAG",NA,"ANCHOR_UNIQUE,CANONICAL,CIRCULAR,GOOD_EXT,UNAMBIGUOUS_BP"
"1827","NW_017738946.1",5194202,5257636,"rsi_circ_002654",3,"+",3,3,40,40,"my_test_rsi2",3,0,0,1,"GTAG",NA,"ANCHOR_UNIQUE,CANONICAL,CIRCULAR,PERFECT_EXT,UNAMBIGUOUS_BP"
"1828","NW_017739386.1",311266,387155,"rsi_circ_002655",4,"-",2,1,40,40,"my_test_rsi2",4,0,0,1,"GTAG",NA,"ANCHOR_UNIQUE,CANONICAL,CIRCULAR,PERFECT_EXT,UNAMBIGUOUS_BP"
"1829","NW_017738954.1",1853212,1854522,"rsi_circ_002656",2,"-",2,2,40,5,"my_test_rsi2",2,2,0,1,"GTAG",NA,"ANCHOR_UNIQUE,CANONICAL,CIRCULAR,OK_EXT,UNAMBIGUOUS_BP"
"1830","NW_017739630.1",609144,631682,"rsi_circ_002657",3,"-",3,3,40,40,"my_test_rsi2",3,0,0,1,"GTAG",NA,"ANCHOR_UNIQUE,CANONICAL,CIRCULAR,PERFECT_EXT,UNAMBIGUOUS_BP"
"1831","NW_017738949.1",4335620,4352141,"rsi_circ_002658",6,"-",5,6,40,40,"my_test_rsi2",6,0,0,1,"GTAG",NA,"ANCHOR_UNIQUE,CANONICAL,CIRCULAR,PERFECT_EXT,UNAMBIGUOUS_BP"
"1832","NW_017739015.1",5630403,5631448,"rsi_circ_002659",8,"+",4,7,40,40,"my_test_rsi2",8,0,0,1,"GTAG",NA,"ANCHOR_UNIQUE,CANONICAL,CIRCULAR,PERFECT_EXT,UNAMBIGUOUS_BP"
"1833","NW_017739415.1",1662042,1662600,"rsi_circ_002660",18,"+",6,18,40,40,"my_test_rsi2",18,0,0,1,"GTAG",NA,"ANCHOR_UNIQUE,CANONICAL,CIRCULAR,PERFECT_EXT,UNAMBIGUOUS_BP"
"1834","NW_017739384.1",1126776,1138226,"rsi_circ_002662",3,"-",2,3,40,5,"my_test_rsi2",3,2,0,1,"GTAG",NA,"ANCHOR_UNIQUE,CANONICAL,CIRCULAR,OK_EXT,UNAMBIGUOUS_BP"
"1835","NW_017739438.1",179992,194622,"rsi_circ_002663",2,"-",1,2,40,40,"my_test_rsi2",2,0,0,1,"GTAG",NA,"ANCHOR_UNIQUE,CANONICAL,CIRCULAR,PERFECT_EXT,UNAMBIGUOUS_BP"
"1836","NW_017739358.1",366749,383034,"rsi_circ_002664",2,"+",2,2,40,40,"my_test_rsi2",2,0,0,1,"GTAG",NA,"ANCHOR_UNIQUE,CANONICAL,CIRCULAR,PERFECT_EXT,UNAMBIGUOUS_BP"
"1837","NW_017739138.1",794573,797611,"rsi_circ_002665",4,"+",2,3,40,35,"my_test_rsi2",4,0,0,1,"GTAG",NA,"ANCHOR_UNIQUE,CANONICAL,CIRCULAR,PERFECT_EXT,UNAMBIGUOUS_BP"
"1838","NW_017739578.1",11196,14929,"rsi_circ_002667",2,"-",1,2,40,40,"my_test_rsi2",2,2,0,1,"GTAG",NA,"ANCHOR_UNIQUE,CANONICAL,CIRCULAR,OK_EXT,UNAMBIGUOUS_BP"
"1839","NW_017739806.1",251591,253996,"rsi_circ_002670",6,"+",6,6,40,40,"my_test_rsi2",6,0,0,1,"GTAG",NA,"ANCHOR_UNIQUE,CANONICAL,CIRCULAR,PERFECT_EXT,UNAMBIGUOUS_BP"
"1840","NW_017739036.1",3037084,3049466,"rsi_circ_002671",3,"-",1,3,40,40,"my_test_rsi2",3,0,0,1,"GTAG",NA,"ANCHOR_UNIQUE,CANONICAL,CIRCULAR,PERFECT_EXT,UNAMBIGUOUS_BP"
"1841","NW_017739451.1",204931,205536,"rsi_circ_002672",15,"-",9,15,40,40,"my_test_rsi2",15,0,0,1,"GTAG",NA,"ANCHOR_UNIQUE,CANONICAL,CIRCULAR,PERFECT_EXT,UNAMBIGUOUS_BP"
"1842","NW_017739350.1",3959062,3979681,"rsi_circ_002673",7,"+",5,7,40,40,"my_test_rsi2",7,0,0,1,"GTAG",NA,"ANCHOR_UNIQUE,CANONICAL,CIRCULAR,PERFECT_EXT,UNAMBIGUOUS_BP"
"1843","NW_017739676.1",174056,184708,"rsi_circ_002674",2,"-",1,2,40,40,"my_test_rsi2",2,0,0,1,"GTAG",NA,"ANCHOR_UNIQUE,CANONICAL,CIRCULAR,PERFECT_EXT,UNAMBIGUOUS_BP"
"1844","NW_017739303.1",137397,165220,"rsi_circ_002675",4,"+",1,4,40,40,"my_test_rsi2",4,0,0,1,"GTAG",NA,"ANCHOR_UNIQUE,CANONICAL,CIRCULAR,PERFECT_EXT,UNAMBIGUOUS_BP"
"1845","NW_017739067.1",1757152,1778426,"rsi_circ_002676",6,"+",3,6,40,40,"my_test_rsi2",6,0,0,1,"GTAG",NA,"ANCHOR_UNIQUE,CANONICAL,CIRCULAR,PERFECT_EXT,UNAMBIGUOUS_BP"
"1846","NW_017738981.1",2390079,2399192,"rsi_circ_002678",2,"+",2,2,40,40,"my_test_rsi2",2,0,0,1,"GTAG",NA,"ANCHOR_UNIQUE,CANONICAL,CIRCULAR,PERFECT_EXT,UNAMBIGUOUS_BP"
"1847","NW_017739263.1",433083,434425,"rsi_circ_002679",2,"+",1,2,40,5,"my_test_rsi2",2,2,0,1,"GTAG",NA,"ANCHOR_UNIQUE,CANONICAL,CIRCULAR,OK_EXT,UNAMBIGUOUS_BP"
"1848","NW_017739062.1",819342,820143,"rsi_circ_002680",12,"+",2,12,40,40,"my_test_rsi2",12,0,0,1,"GTAG",NA,"ANCHOR_UNIQUE,CANONICAL,CIRCULAR,PERFECT_EXT,UNAMBIGUOUS_BP"
"1849","NW_017739054.1",2812967,2824172,"rsi_circ_002681",23,"+",16,23,40,40,"my_test_rsi2",23,0,0,1,"GTAG",NA,"ANCHOR_UNIQUE,CANONICAL,CIRCULAR,PERFECT_EXT,UNAMBIGUOUS_BP"
"1850","NW_017739386.1",509147,526216,"rsi_circ_002682",89,"-",43,87,40,40,"my_test_rsi2",89,0,0,1,"GTAG",NA,"ANCHOR_UNIQUE,CANONICAL,CIRCULAR,PERFECT_EXT,UNAMBIGUOUS_BP"
"1851","NW_017739052.1",1660587,1660873,"rsi_circ_002683",2,"-",1,2,40,5,"my_test_rsi2",2,2,0,1,"GTAG",NA,"ANCHOR_UNIQUE,CANONICAL,CIRCULAR,OK_EXT,UNAMBIGUOUS_BP"
"1852","NW_017739291.1",91400,93324,"rsi_circ_002684",7,"+",6,7,40,40,"my_test_rsi2",7,0,0,1,"GTAG",NA,"ANCHOR_UNIQUE,CANONICAL,CIRCULAR,PERFECT_EXT,UNAMBIGUOUS_BP"
"1853","NW_017738967.1",101466,107893,"rsi_circ_002685",2,"-",2,2,40,40,"my_test_rsi2",2,1,0,1,"GTAG",NA,"ANCHOR_UNIQUE,CANONICAL,CIRCULAR,GOOD_EXT,UNAMBIGUOUS_BP"
"1854","NW_017739128.1",242576,250892,"rsi_circ_002686",12,"-",5,12,40,40,"my_test_rsi2",12,0,0,1,"GTAG",NA,"ANCHOR_UNIQUE,CANONICAL,CIRCULAR,PERFECT_EXT,UNAMBIGUOUS_BP"
"1855","NW_017739066.1",1502546,1504127,"rsi_circ_002687",13,"-",4,13,40,40,"my_test_rsi2",13,0,0,1,"GTAG",NA,"ANCHOR_UNIQUE,CANONICAL,CIRCULAR,PERFECT_EXT,UNAMBIGUOUS_BP"
"1856","NW_017739765.1",186738,191306,"rsi_circ_002688",2,"+",2,1,40,5,"my_test_rsi2",2,0,0,1,"GTAG",NA,"ANCHOR_UNIQUE,CANONICAL,CIRCULAR,PERFECT_EXT,UNAMBIGUOUS_BP"
"1857","NW_017738940.1",4137775,4153173,"rsi_circ_002689",3,"-",2,3,40,40,"my_test_rsi2",3,1,0,1,"GTAG",NA,"ANCHOR_UNIQUE,CANONICAL,CIRCULAR,GOOD_EXT,UNAMBIGUOUS_BP"
"1858","NW_017738976.1",656269,693203,"rsi_circ_002691",2,"+",1,2,40,40,"my_test_rsi2",2,2,0,1,"GTAG",NA,"ANCHOR_UNIQUE,CANONICAL,CIRCULAR,OK_EXT,UNAMBIGUOUS_BP"
"1859","NW_017739001.1",1403991,1413652,"rsi_circ_002693",4,"-",1,4,5,40,"my_test_rsi2",4,0,0,1,"GTAG",NA,"ANCHOR_UNIQUE,CANONICAL,CIRCULAR,PERFECT_EXT,UNAMBIGUOUS_BP"
"1860","NW_017739107.1",482926,496721,"rsi_circ_002695",6,"+",6,6,40,40,"my_test_rsi2",6,0,0,1,"GTAG",NA,"ANCHOR_UNIQUE,CANONICAL,CIRCULAR,PERFECT_EXT,UNAMBIGUOUS_BP"
"1861","NW_017738939.1",422395,422590,"rsi_circ_002697",11,"+",5,11,40,40,"my_test_rsi2",11,0,0,1,"GTAG",NA,"ANCHOR_UNIQUE,CANONICAL,CIRCULAR,PERFECT_EXT,UNAMBIGUOUS_BP"
"1862","NW_017739469.1",447456,448674,"rsi_circ_002698",2,"+",1,2,5,40,"my_test_rsi2",2,0,0,1,"GTAG",NA,"ANCHOR_UNIQUE,CANONICAL,CIRCULAR,PERFECT_EXT,UNAMBIGUOUS_BP"
"1863","NW_017739066.1",3488603,3505934,"rsi_circ_002699",23,"+",20,22,40,40,"my_test_rsi2",23,0,0,1,"GTAG",NA,"ANCHOR_UNIQUE,CANONICAL,CIRCULAR,PERFECT_EXT,UNAMBIGUOUS_BP"
"1864","NW_017739476.1",897102,917666,"rsi_circ_002702",3,"-",1,3,40,40,"my_test_rsi2",3,1,0,1,"GTAG",NA,"ANCHOR_UNIQUE,CANONICAL,CIRCULAR,GOOD_EXT,UNAMBIGUOUS_BP"
"1865","NW_017739608.1",555822,567359,"rsi_circ_002703",2,"+",1,2,40,40,"my_test_rsi2",2,2,0,1,"GTAG",NA,"ANCHOR_UNIQUE,CANONICAL,CIRCULAR,OK_EXT,UNAMBIGUOUS_BP"
"1866","NW_017739426.1",681754,683757,"rsi_circ_002704",3,"-",1,3,5,40,"my_test_rsi2",3,0,0,1,"GTAG",NA,"ANCHOR_UNIQUE,CANONICAL,CIRCULAR,PERFECT_EXT,UNAMBIGUOUS_BP"
"1867","NW_017738959.1",986763,994090,"rsi_circ_002705",2,"+",2,2,5,5,"my_test_rsi2",2,1,0,1,"GTAG",NA,"ANCHOR_UNIQUE,CANONICAL,CIRCULAR,GOOD_EXT,UNAMBIGUOUS_BP"
"1868","NW_017739137.1",5683047,5699044,"rsi_circ_002706",5,"+",3,3,40,40,"my_test_rsi2",5,1,0,1,"GTAG",NA,"ANCHOR_UNIQUE,CANONICAL,CIRCULAR,GOOD_EXT,UNAMBIGUOUS_BP"
"1869","NW_017739185.1",4362483,4403828,"rsi_circ_002708",2,"-",2,2,40,40,"my_test_rsi2",2,0,0,1,"GTAG",NA,"ANCHOR_UNIQUE,CANONICAL,CIRCULAR,PERFECT_EXT,UNAMBIGUOUS_BP"
"1870","NW_017738975.1",3743642,3751623,"rsi_circ_002709",2,"+",2,2,40,4,"my_test_rsi2",2,0,0,1,"GTAG",NA,"ANCHOR_UNIQUE,CANONICAL,CIRCULAR,PERFECT_EXT,UNAMBIGUOUS_BP"
"1871","NW_017739046.1",1141304,1142607,"rsi_circ_002710",2,"+",2,2,40,40,"my_test_rsi2",2,0,0,1,"GTAG",NA,"ANCHOR_UNIQUE,CANONICAL,CIRCULAR,PERFECT_EXT,UNAMBIGUOUS_BP"
"1872","NW_017739578.1",15145,16824,"rsi_circ_002713",2,"+",1,2,40,5,"my_test_rsi2",2,2,0,1,"GTAG",NA,"ANCHOR_UNIQUE,CANONICAL,CIRCULAR,OK_EXT,UNAMBIGUOUS_BP"
"1873","NW_017738924.1",6614124,6627682,"rsi_circ_002714",4,"+",2,4,40,40,"my_test_rsi2",4,0,0,1,"GTAG",NA,"ANCHOR_UNIQUE,CANONICAL,CIRCULAR,PERFECT_EXT,UNAMBIGUOUS_BP"
"1874","NW_017739029.1",284815,287975,"rsi_circ_002715",2,"+",1,2,40,40,"my_test_rsi2",2,0,0,1,"GTAG",NA,"ANCHOR_UNIQUE,CANONICAL,CIRCULAR,PERFECT_EXT,UNAMBIGUOUS_BP"
"1875","NW_017738979.1",3223350,3237852,"rsi_circ_002716",3,"+",3,3,40,40,"my_test_rsi2",3,0,0,1,"GTAG",NA,"ANCHOR_UNIQUE,CANONICAL,CIRCULAR,PERFECT_EXT,UNAMBIGUOUS_BP"
"1876","NW_017739451.1",422356,422775,"rsi_circ_002717",6,"+",6,5,40,40,"my_test_rsi2",6,0,0,1,"GTAG",NA,"ANCHOR_UNIQUE,CANONICAL,CIRCULAR,PERFECT_EXT,UNAMBIGUOUS_BP"
"1877","NW_017738927.1",1866848,1867945,"rsi_circ_002719",32,"+",20,31,40,40,"my_test_rsi2",32,0,0,1,"GTAG",NA,"ANCHOR_UNIQUE,CANONICAL,CIRCULAR,PERFECT_EXT,UNAMBIGUOUS_BP"
"1878","NW_017739185.1",383381,393691,"rsi_circ_002723",5,"+",2,5,5,40,"my_test_rsi2",5,0,0,1,"GTAG",NA,"ANCHOR_UNIQUE,CANONICAL,CIRCULAR,PERFECT_EXT,UNAMBIGUOUS_BP"
"1879","NW_017739466.1",423916,454505,"rsi_circ_002726",6,"+",1,6,5,40,"my_test_rsi2",6,0,0,1,"GTAG",NA,"ANCHOR_UNIQUE,CANONICAL,CIRCULAR,PERFECT_EXT,UNAMBIGUOUS_BP"
"1880","NW_017739088.1",1713068,1719494,"rsi_circ_002727",2,"+",2,2,40,40,"my_test_rsi2",2,0,0,1,"GTAG",NA,"ANCHOR_UNIQUE,CANONICAL,CIRCULAR,PERFECT_EXT,UNAMBIGUOUS_BP"
"1881","NW_017739076.1",2064533,2102558,"rsi_circ_002729",7,"+",3,7,40,40,"my_test_rsi2",7,0,0,1,"GTAG",NA,"ANCHOR_UNIQUE,CANONICAL,CIRCULAR,PERFECT_EXT,UNAMBIGUOUS_BP"
"1882","NW_017738920.1",4514846,4523181,"rsi_circ_002731",2,"-",1,2,5,35,"my_test_rsi2",2,0,0,1,"GTAG",NA,"ANCHOR_UNIQUE,CANONICAL,CIRCULAR,PERFECT_EXT,UNAMBIGUOUS_BP"
"1883","NW_017739330.1",488104,489234,"rsi_circ_002732",4,"-",2,4,40,40,"my_test_rsi2",4,0,0,1,"GTAG",NA,"ANCHOR_UNIQUE,CANONICAL,CIRCULAR,PERFECT_EXT,UNAMBIGUOUS_BP"
"1884","NW_017739305.1",520838,529841,"rsi_circ_002734",2,"+",2,2,5,40,"my_test_rsi2",2,0,0,1,"GTAG",NA,"ANCHOR_UNIQUE,CANONICAL,CIRCULAR,PERFECT_EXT,UNAMBIGUOUS_BP"
"1885","NW_017739582.1",553174,553346,"rsi_circ_002736",2,"-",2,2,40,40,"my_test_rsi2",2,1,0,1,"GTAG",NA,"ANCHOR_UNIQUE,CANONICAL,CIRCULAR,GOOD_EXT,UNAMBIGUOUS_BP"
"1886","NW_017739113.1",697771,713065,"rsi_circ_002738",8,"+",5,8,40,35,"my_test_rsi2",8,0,0,1,"GTAG",NA,"ANCHOR_UNIQUE,CANONICAL,CIRCULAR,PERFECT_EXT,UNAMBIGUOUS_BP"
"1887","NW_017739355.1",2954441,2966168,"rsi_circ_002739",7,"+",1,7,40,40,"my_test_rsi2",7,0,0,1,"GTAG",NA,"ANCHOR_UNIQUE,CANONICAL,CIRCULAR,PERFECT_EXT,UNAMBIGUOUS_BP"
"1888","NW_017739205.1",580784,595241,"rsi_circ_002741",3,"-",2,3,40,40,"my_test_rsi2",3,0,0,1,"GTAG",NA,"ANCHOR_UNIQUE,CANONICAL,CIRCULAR,PERFECT_EXT,UNAMBIGUOUS_BP"
"1889","NW_017739192.1",55577,61779,"rsi_circ_002742",8,"+",4,8,40,40,"my_test_rsi2",8,0,0,1,"GTAG",NA,"ANCHOR_UNIQUE,CANONICAL,CIRCULAR,PERFECT_EXT,UNAMBIGUOUS_BP"
"1890","NW_017738990.1",1508126,1531698,"rsi_circ_002743",6,"-",3,6,40,40,"my_test_rsi2",6,0,0,1,"GTAG",NA,"ANCHOR_UNIQUE,CANONICAL,CIRCULAR,PERFECT_EXT,UNAMBIGUOUS_BP"
"1891","NW_017738985.1",7444390,7450734,"rsi_circ_002744",4,"-",2,4,40,40,"my_test_rsi2",4,0,0,1,"GTAG",NA,"ANCHOR_UNIQUE,CANONICAL,CIRCULAR,PERFECT_EXT,UNAMBIGUOUS_BP"
"1892","NW_017739298.1",1094577,1110155,"rsi_circ_002745",2,"+",1,2,40,5,"my_test_rsi2",2,0,0,1,"GTAG",NA,"ANCHOR_UNIQUE,CANONICAL,CIRCULAR,PERFECT_EXT,UNAMBIGUOUS_BP"
"1893","NW_017738954.1",2655103,2671636,"rsi_circ_002746",3,"+",3,3,40,40,"my_test_rsi2",3,0,0,1,"GTAG",NA,"ANCHOR_UNIQUE,CANONICAL,CIRCULAR,PERFECT_EXT,UNAMBIGUOUS_BP"
"1894","NW_017739100.1",1075404,1080110,"rsi_circ_002747",8,"-",5,8,40,40,"my_test_rsi2",8,0,0,1,"GTAG",NA,"ANCHOR_UNIQUE,CANONICAL,CIRCULAR,PERFECT_EXT,UNAMBIGUOUS_BP"
"1895","NW_017739087.1",4432816,4439103,"rsi_circ_002748",4,"+",3,4,40,40,"my_test_rsi2",4,0,0,1,"GTAG",NA,"ANCHOR_UNIQUE,CANONICAL,CIRCULAR,PERFECT_EXT,UNAMBIGUOUS_BP"
"1896","NW_017739074.1",1721756,1736768,"rsi_circ_002749",2,"+",1,2,40,40,"my_test_rsi2",2,0,0,1,"GTAG",NA,"ANCHOR_UNIQUE,CANONICAL,CIRCULAR,PERFECT_EXT,UNAMBIGUOUS_BP"
"1897","NW_017739185.1",1724440,1732680,"rsi_circ_002750",3,"-",1,3,40,40,"my_test_rsi2",3,0,0,1,"GTAG",NA,"ANCHOR_UNIQUE,CANONICAL,CIRCULAR,PERFECT_EXT,UNAMBIGUOUS_BP"
"1898","NW_017738934.1",759522,783893,"rsi_circ_002751",9,"+",2,9,40,40,"my_test_rsi2",9,0,0,1,"GTAG",NA,"ANCHOR_UNIQUE,CANONICAL,CIRCULAR,PERFECT_EXT,UNAMBIGUOUS_BP"
"1899","NW_017739088.1",662586,693892,"rsi_circ_002752",3,"-",1,3,5,35,"my_test_rsi2",3,1,0,1,"GTAG",NA,"ANCHOR_UNIQUE,CANONICAL,CIRCULAR,GOOD_EXT,UNAMBIGUOUS_BP"
"1900","NW_017738998.1",5129323,5135873,"rsi_circ_002754",6,"-",3,6,40,40,"my_test_rsi2",6,0,0,1,"GTAG",NA,"ANCHOR_UNIQUE,CANONICAL,CIRCULAR,PERFECT_EXT,UNAMBIGUOUS_BP"
"1901","NW_017739064.1",1611658,1636846,"rsi_circ_002757",4,"-",3,4,40,40,"my_test_rsi2",4,0,0,1,"GTAG",NA,"ANCHOR_UNIQUE,CANONICAL,CIRCULAR,PERFECT_EXT,UNAMBIGUOUS_BP"
"1902","NW_017738936.1",3474083,3477478,"rsi_circ_002758",3,"-",1,3,40,40,"my_test_rsi2",3,0,0,1,"GTAG",NA,"ANCHOR_UNIQUE,CANONICAL,CIRCULAR,PERFECT_EXT,UNAMBIGUOUS_BP"
"1903","NW_017739464.1",625563,625851,"rsi_circ_002759",2,"-",1,2,40,5,"my_test_rsi2",2,0,0,1,"GTAG",NA,"ANCHOR_UNIQUE,CANONICAL,CIRCULAR,PERFECT_EXT,UNAMBIGUOUS_BP"
"1904","NW_017739596.1",79098,83698,"rsi_circ_002760",2,"-",1,2,40,5,"my_test_rsi2",2,0,0,1,"GTAG",NA,"ANCHOR_UNIQUE,CANONICAL,CIRCULAR,PERFECT_EXT,UNAMBIGUOUS_BP"
"1905","NW_017739609.1",690270,692128,"rsi_circ_002761",12,"+",7,12,40,40,"my_test_rsi2",12,0,0,1,"GTAG",NA,"ANCHOR_UNIQUE,CANONICAL,CIRCULAR,PERFECT_EXT,UNAMBIGUOUS_BP"
"1906","NW_017739055.1",4875154,4887303,"rsi_circ_002764",2,"-",1,2,40,40,"my_test_rsi2",2,0,0,1,"GTAG",NA,"ANCHOR_UNIQUE,CANONICAL,CIRCULAR,PERFECT_EXT,UNAMBIGUOUS_BP"
"1907","NW_017739175.1",1125630,1125899,"rsi_circ_002769",2,"+",1,2,5,5,"my_test_rsi2",2,1,0,1,"GTAG",NA,"ANCHOR_UNIQUE,CANONICAL,CIRCULAR,GOOD_EXT,UNAMBIGUOUS_BP"
"1908","NW_017738978.1",4954783,4955466,"rsi_circ_002771",4,"-",3,4,40,40,"my_test_rsi2",4,0,0,1,"GTAG",NA,"ANCHOR_UNIQUE,CANONICAL,CIRCULAR,PERFECT_EXT,UNAMBIGUOUS_BP"
"1909","NW_017739107.1",1151489,1152463,"rsi_circ_002773",2,"+",1,2,5,40,"my_test_rsi2",2,0,0,1,"GTAG",NA,"ANCHOR_UNIQUE,CANONICAL,CIRCULAR,PERFECT_EXT,UNAMBIGUOUS_BP"
"1910","NW_017739155.1",3548614,3554600,"rsi_circ_002774",8,"+",2,8,36,40,"my_test_rsi2",8,0,0,1,"GTAG",NA,"ANCHOR_UNIQUE,CANONICAL,CIRCULAR,PERFECT_EXT,UNAMBIGUOUS_BP"
"1911","NW_017738956.1",696440,710457,"rsi_circ_002775",2,"+",1,2,35,40,"my_test_rsi2",2,2,0,1,"GTAG",NA,"ANCHOR_UNIQUE,CANONICAL,CIRCULAR,OK_EXT,UNAMBIGUOUS_BP"
"1912","NW_017739051.1",3139150,3147135,"rsi_circ_002776",3,"-",1,3,40,40,"my_test_rsi2",3,0,0,1,"GTAG",NA,"ANCHOR_UNIQUE,CANONICAL,CIRCULAR,PERFECT_EXT,UNAMBIGUOUS_BP"
"1913","NW_017738953.1",3909330,3919031,"rsi_circ_002777",6,"+",3,6,40,40,"my_test_rsi2",6,1,0,1,"GTAG",NA,"ANCHOR_UNIQUE,CANONICAL,CIRCULAR,GOOD_EXT,UNAMBIGUOUS_BP"
"1914","NW_017739169.1",368801,379879,"rsi_circ_002778",6,"+",3,6,40,40,"my_test_rsi2",6,1,0,1,"GTAG",NA,"ANCHOR_UNIQUE,CANONICAL,CIRCULAR,GOOD_EXT,UNAMBIGUOUS_BP"
"1915","NW_017739478.1",153596,219181,"rsi_circ_002780",2,"+",1,2,40,5,"my_test_rsi2",2,1,0,1,"GTAG",NA,"ANCHOR_UNIQUE,CANONICAL,CIRCULAR,GOOD_EXT,UNAMBIGUOUS_BP"
"1916","NW_017739139.1",193325,216775,"rsi_circ_002781",2,"+",1,2,40,40,"my_test_rsi2",2,0,0,1,"GTAG",NA,"ANCHOR_UNIQUE,CANONICAL,CIRCULAR,PERFECT_EXT,UNAMBIGUOUS_BP"
"1917","NW_017739078.1",4266919,4272396,"rsi_circ_002782",4,"-",3,4,40,40,"my_test_rsi2",4,0,0,1,"GTAG",NA,"ANCHOR_UNIQUE,CANONICAL,CIRCULAR,PERFECT_EXT,UNAMBIGUOUS_BP"
"1918","NW_017739065.1",803148,807814,"rsi_circ_002784",11,"+",5,11,40,40,"my_test_rsi2",11,0,0,1,"GTAG",NA,"ANCHOR_UNIQUE,CANONICAL,CIRCULAR,PERFECT_EXT,UNAMBIGUOUS_BP"
"1919","NW_017738965.1",1217118,1217737,"rsi_circ_002785",2,"+",2,2,40,5,"my_test_rsi2",2,0,0,1,"GTAG",NA,"ANCHOR_UNIQUE,CANONICAL,CIRCULAR,PERFECT_EXT,UNAMBIGUOUS_BP"
"1920","NW_017739260.1",2765737,2766038,"rsi_circ_002786",10,"+",5,10,40,40,"my_test_rsi2",10,0,0,1,"GTAG",NA,"ANCHOR_UNIQUE,CANONICAL,CIRCULAR,PERFECT_EXT,UNAMBIGUOUS_BP"
"1921","NW_017739061.1",1349344,1353642,"rsi_circ_002787",14,"+",7,14,40,40,"my_test_rsi2",14,0,0,1,"GTAG",NA,"ANCHOR_UNIQUE,CANONICAL,CIRCULAR,PERFECT_EXT,UNAMBIGUOUS_BP"
"1922","NW_017739139.1",1156079,1157255,"rsi_circ_002788",25,"-",14,20,40,40,"my_test_rsi2",25,0,0,1,"GTAG",NA,"ANCHOR_UNIQUE,CANONICAL,CIRCULAR,PERFECT_EXT,UNAMBIGUOUS_BP"
"1923","NW_017739452.1",184550,201155,"rsi_circ_002789",3,"-",1,3,40,5,"my_test_rsi2",3,0,0,1,"GTAG",NA,"ANCHOR_UNIQUE,CANONICAL,CIRCULAR,PERFECT_EXT,UNAMBIGUOUS_BP"
"1924","NW_017739606.1",58331,80746,"rsi_circ_002790",2,"+",2,2,40,40,"my_test_rsi2",2,0,0,1,"GTAG",NA,"ANCHOR_UNIQUE,CANONICAL,CIRCULAR,PERFECT_EXT,UNAMBIGUOUS_BP"
"1925","NW_017739032.1",3711632,3715353,"rsi_circ_002791",3,"+",2,3,40,40,"my_test_rsi2",3,0,0,1,"GTAG",NA,"ANCHOR_UNIQUE,CANONICAL,CIRCULAR,PERFECT_EXT,UNAMBIGUOUS_BP"
"1926","NW_017739286.1",1304947,1323856,"rsi_circ_002792",3,"+",2,2,40,5,"my_test_rsi2",3,0,0,1,"GTAG",NA,"ANCHOR_UNIQUE,CANONICAL,CIRCULAR,PERFECT_EXT,UNAMBIGUOUS_BP"
"1927","NW_017739014.1",2616685,2634103,"rsi_circ_002793",7,"-",4,7,40,40,"my_test_rsi2",7,0,0,1,"GTAG",NA,"ANCHOR_UNIQUE,CANONICAL,CIRCULAR,PERFECT_EXT,UNAMBIGUOUS_BP"
"1928","NW_017739523.1",198293,199069,"rsi_circ_002794",2,"+",1,2,5,40,"my_test_rsi2",2,2,0,1,"GTAG",NA,"ANCHOR_UNIQUE,CANONICAL,CIRCULAR,OK_EXT,UNAMBIGUOUS_BP"
"1929","NW_017739337.1",1595410,1629025,"rsi_circ_002797",15,"-",10,7,40,5,"my_test_rsi2",15,0,0,1,"GTAG",NA,"ANCHOR_UNIQUE,CANONICAL,CIRCULAR,PERFECT_EXT,UNAMBIGUOUS_BP"
"1930","NW_017738975.1",7502168,7524850,"rsi_circ_002798",3,"+",3,2,5,40,"my_test_rsi2",3,0,0,1,"GTAG",NA,"ANCHOR_UNIQUE,CANONICAL,CIRCULAR,PERFECT_EXT,UNAMBIGUOUS_BP"
"1931","NW_017738979.1",8000186,8007766,"rsi_circ_002799",3,"-",1,3,40,36,"my_test_rsi2",3,2,0,1,"GTAG",NA,"ANCHOR_UNIQUE,CANONICAL,CIRCULAR,OK_EXT,UNAMBIGUOUS_BP"
"1932","NW_017739250.1",2426696,2427191,"rsi_circ_002800",2,"-",2,2,40,40,"my_test_rsi2",2,1,0,1,"GTAG",NA,"ANCHOR_UNIQUE,CANONICAL,CIRCULAR,GOOD_EXT,UNAMBIGUOUS_BP"
"1933","NW_017739161.1",1124408,1133855,"rsi_circ_002801",12,"-",4,12,40,40,"my_test_rsi2",12,0,0,1,"GTAG",NA,"ANCHOR_UNIQUE,CANONICAL,CIRCULAR,PERFECT_EXT,UNAMBIGUOUS_BP"
"1934","NW_017738926.1",1905513,1909804,"rsi_circ_002802",4,"+",1,4,5,5,"my_test_rsi2",4,0,0,1,"GTAG",NA,"ANCHOR_UNIQUE,CANONICAL,CIRCULAR,PERFECT_EXT,UNAMBIGUOUS_BP"
"1935","NW_017739846.1",172311,188485,"rsi_circ_002809",11,"-",7,11,40,40,"my_test_rsi2",11,0,0,1,"GTAG",NA,"ANCHOR_UNIQUE,CANONICAL,CIRCULAR,PERFECT_EXT,UNAMBIGUOUS_BP"
"1936","NW_017738924.1",8892673,8893224,"rsi_circ_002810",5,"+",3,5,40,40,"my_test_rsi2",5,0,0,1,"GTAG",NA,"ANCHOR_UNIQUE,CANONICAL,CIRCULAR,PERFECT_EXT,UNAMBIGUOUS_BP"
"1937","NW_017739130.1",1479806,1504523,"rsi_circ_002813",5,"+",2,5,40,40,"my_test_rsi2",5,0,0,1,"GTAG",NA,"ANCHOR_UNIQUE,CANONICAL,CIRCULAR,PERFECT_EXT,UNAMBIGUOUS_BP"
"1938","NW_017738936.1",4532508,4539073,"rsi_circ_002814",3,"+",3,3,40,40,"my_test_rsi2",3,1,0,1,"GTAG",NA,"ANCHOR_UNIQUE,CANONICAL,CIRCULAR,GOOD_EXT,UNAMBIGUOUS_BP"
"1939","NW_017739346.1",481026,487222,"rsi_circ_002817",2,"-",1,2,40,40,"my_test_rsi2",2,0,0,1,"GTAG",NA,"ANCHOR_UNIQUE,CANONICAL,CIRCULAR,PERFECT_EXT,UNAMBIGUOUS_BP"
"1940","NW_017739612.1",150147,159439,"rsi_circ_002819",2,"-",1,2,40,40,"my_test_rsi2",2,0,0,1,"GTAG",NA,"ANCHOR_UNIQUE,CANONICAL,CIRCULAR,PERFECT_EXT,UNAMBIGUOUS_BP"
"1941","NW_017738971.1",7662992,7666614,"rsi_circ_002820",18,"-",11,18,40,40,"my_test_rsi2",18,0,0,1,"GTAG",NA,"ANCHOR_UNIQUE,CANONICAL,CIRCULAR,PERFECT_EXT,UNAMBIGUOUS_BP"
"1942","NW_017739608.1",453476,471533,"rsi_circ_002821",2,"-",1,2,40,40,"my_test_rsi2",2,0,0,1,"GTAG",NA,"ANCHOR_UNIQUE,CANONICAL,CIRCULAR,PERFECT_EXT,UNAMBIGUOUS_BP"
"1943","NW_017739318.1",1123612,1125124,"rsi_circ_002823",3,"+",2,3,40,40,"my_test_rsi2",3,0,0,1,"GTAG",NA,"ANCHOR_UNIQUE,CANONICAL,CIRCULAR,PERFECT_EXT,UNAMBIGUOUS_BP"
"1944","NW_017739143.1",1524770,1530435,"rsi_circ_002824",14,"+",9,13,40,40,"my_test_rsi2",14,0,0,1,"GTAG",NA,"ANCHOR_UNIQUE,CANONICAL,CIRCULAR,PERFECT_EXT,UNAMBIGUOUS_BP"
"1945","NW_017739452.1",128969,129312,"rsi_circ_002825",24,"+",13,24,40,40,"my_test_rsi2",24,0,0,1,"GTAG",NA,"ANCHOR_UNIQUE,CANONICAL,CIRCULAR,PERFECT_EXT,UNAMBIGUOUS_BP"
"1946","NW_017738950.1",2852741,2867132,"rsi_circ_002826",2,"-",1,2,40,40,"my_test_rsi2",2,0,0,1,"GTAG",NA,"ANCHOR_UNIQUE,CANONICAL,CIRCULAR,PERFECT_EXT,UNAMBIGUOUS_BP"
"1947","NW_017739093.1",770924,773319,"rsi_circ_002827",3,"-",2,3,35,40,"my_test_rsi2",3,1,0,1,"GTAG",NA,"ANCHOR_UNIQUE,CANONICAL,CIRCULAR,GOOD_EXT,UNAMBIGUOUS_BP"
"1948","NW_017738948.1",3672387,3672669,"rsi_circ_002828",2,"+",1,2,40,40,"my_test_rsi2",2,1,0,1,"GTAG",NA,"ANCHOR_UNIQUE,CANONICAL,CIRCULAR,GOOD_EXT,UNAMBIGUOUS_BP"
"1949","NW_017738987.1",1228867,1229390,"rsi_circ_002829",4,"+",1,4,40,40,"my_test_rsi2",4,1,0,1,"GTAG",NA,"ANCHOR_UNIQUE,CANONICAL,CIRCULAR,GOOD_EXT,UNAMBIGUOUS_BP"
"1950","NW_017739075.1",568240,574521,"rsi_circ_002831",6,"-",4,6,40,40,"my_test_rsi2",6,0,0,1,"GTAG",NA,"ANCHOR_UNIQUE,CANONICAL,CIRCULAR,PERFECT_EXT,UNAMBIGUOUS_BP"
"1951","NW_017739500.1",212132,212630,"rsi_circ_002832",3,"-",1,3,40,5,"my_test_rsi2",3,2,0,1,"GTAG",NA,"ANCHOR_UNIQUE,CANONICAL,CIRCULAR,OK_EXT,UNAMBIGUOUS_BP"
"1952","NW_017739075.1",1241812,1242464,"rsi_circ_002833",4,"+",2,4,40,40,"my_test_rsi2",4,0,0,1,"GTAG",NA,"ANCHOR_UNIQUE,CANONICAL,CIRCULAR,PERFECT_EXT,UNAMBIGUOUS_BP"
"1953","NW_017739681.1",7480,24558,"rsi_circ_002834",2,"-",2,2,40,40,"my_test_rsi2",2,0,0,1,"GTAG",NA,"ANCHOR_UNIQUE,CANONICAL,CIRCULAR,PERFECT_EXT,UNAMBIGUOUS_BP"
"1954","NW_017739427.1",715356,730334,"rsi_circ_002835",5,"+",2,5,40,40,"my_test_rsi2",5,0,0,1,"GTAG",NA,"ANCHOR_UNIQUE,CANONICAL,CIRCULAR,PERFECT_EXT,UNAMBIGUOUS_BP"
"1955","NW_017739107.1",1159399,1159666,"rsi_circ_002836",2,"-",1,2,40,40,"my_test_rsi2",2,0,0,1,"GTAG",NA,"ANCHOR_UNIQUE,CANONICAL,CIRCULAR,PERFECT_EXT,UNAMBIGUOUS_BP"
"1956","NW_017739128.1",513352,513785,"rsi_circ_002838",4,"+",2,4,40,40,"my_test_rsi2",4,0,0,1,"GTAG",NA,"ANCHOR_UNIQUE,CANONICAL,CIRCULAR,PERFECT_EXT,UNAMBIGUOUS_BP"
"1957","NW_017738929.1",1789556,1790229,"rsi_circ_002839",12,"-",8,12,40,40,"my_test_rsi2",12,0,0,1,"GTAG",NA,"ANCHOR_UNIQUE,CANONICAL,CIRCULAR,PERFECT_EXT,UNAMBIGUOUS_BP"
"1958","NW_017739161.1",3957897,3993412,"rsi_circ_002840",3,"+",2,3,40,40,"my_test_rsi2",3,0,0,1,"GTAG",NA,"ANCHOR_UNIQUE,CANONICAL,CIRCULAR,PERFECT_EXT,UNAMBIGUOUS_BP"
"1959","NW_017739061.1",259729,275905,"rsi_circ_002842",2,"-",2,1,40,40,"my_test_rsi2",2,0,0,1,"GTAG",NA,"ANCHOR_UNIQUE,CANONICAL,CIRCULAR,PERFECT_EXT,UNAMBIGUOUS_BP"
"1960","NW_017739489.1",600523,611820,"rsi_circ_002843",3,"-",3,3,40,35,"my_test_rsi2",3,0,0,1,"GTAG",NA,"ANCHOR_UNIQUE,CANONICAL,CIRCULAR,PERFECT_EXT,UNAMBIGUOUS_BP"
"1961","NW_017739286.1",201930,202299,"rsi_circ_002845",4,"+",1,4,40,40,"my_test_rsi2",4,0,0,1,"GTAG",NA,"ANCHOR_UNIQUE,CANONICAL,CIRCULAR,PERFECT_EXT,UNAMBIGUOUS_BP"
"1962","NW_017739522.1",68672,70164,"rsi_circ_002846",2,"+",2,1,40,40,"my_test_rsi2",2,1,0,1,"GTAG",NA,"ANCHOR_UNIQUE,CANONICAL,CIRCULAR,GOOD_EXT,UNAMBIGUOUS_BP"
"1963","NW_017738969.1",2665236,2701352,"rsi_circ_002847",7,"-",3,6,5,40,"my_test_rsi2",7,0,0,1,"GTAG",NA,"ANCHOR_UNIQUE,CANONICAL,CIRCULAR,PERFECT_EXT,UNAMBIGUOUS_BP"
"1964","NW_017738948.1",9807620,9812965,"rsi_circ_002848",6,"+",4,5,40,40,"my_test_rsi2",6,0,0,1,"GTAG",NA,"ANCHOR_UNIQUE,CANONICAL,CIRCULAR,PERFECT_EXT,UNAMBIGUOUS_BP"
"1965","NW_017739046.1",2822474,2834797,"rsi_circ_002849",2,"+",2,2,40,36,"my_test_rsi2",2,0,0,1,"GTAG",NA,"ANCHOR_UNIQUE,CANONICAL,CIRCULAR,PERFECT_EXT,UNAMBIGUOUS_BP"
"1966","NW_017738953.1",4301854,4306414,"rsi_circ_002850",2,"+",2,2,40,40,"my_test_rsi2",2,0,0,1,"GTAG",NA,"ANCHOR_UNIQUE,CANONICAL,CIRCULAR,PERFECT_EXT,UNAMBIGUOUS_BP"
"1967","NW_017739130.1",152202,200718,"rsi_circ_002851",2,"-",2,2,40,40,"my_test_rsi2",2,1,0,1,"GTAG",NA,"ANCHOR_UNIQUE,CANONICAL,CIRCULAR,GOOD_EXT,UNAMBIGUOUS_BP"
"1968","NW_017739580.1",103011,105299,"rsi_circ_002852",6,"-",4,6,40,40,"my_test_rsi2",6,0,0,1,"GTAG",NA,"ANCHOR_UNIQUE,CANONICAL,CIRCULAR,PERFECT_EXT,UNAMBIGUOUS_BP"
"1969","NW_017738922.1",3383794,3392571,"rsi_circ_002853",6,"-",1,6,40,35,"my_test_rsi2",6,0,0,1,"GTAG",NA,"ANCHOR_UNIQUE,CANONICAL,CIRCULAR,PERFECT_EXT,UNAMBIGUOUS_BP"
"1970","NW_017738965.1",1658009,1659735,"rsi_circ_002854",5,"+",3,5,5,40,"my_test_rsi2",5,0,0,1,"GTAG",NA,"ANCHOR_UNIQUE,CANONICAL,CIRCULAR,PERFECT_EXT,UNAMBIGUOUS_BP"
"1971","NW_017739206.1",1624450,1647464,"rsi_circ_002855",3,"+",1,3,5,40,"my_test_rsi2",3,1,0,1,"GTAG",NA,"ANCHOR_UNIQUE,CANONICAL,CIRCULAR,GOOD_EXT,UNAMBIGUOUS_BP"
"1972","NW_017739193.1",342838,362607,"rsi_circ_002858",6,"-",3,6,40,40,"my_test_rsi2",6,0,0,1,"GTAG",NA,"ANCHOR_UNIQUE,CANONICAL,CIRCULAR,PERFECT_EXT,UNAMBIGUOUS_BP"
"1973","NW_017738964.1",4447170,4455105,"rsi_circ_002859",6,"+",2,6,40,40,"my_test_rsi2",6,1,0,1,"GTAG",NA,"ANCHOR_UNIQUE,CANONICAL,CIRCULAR,GOOD_EXT,UNAMBIGUOUS_BP"
"1974","NW_017739159.1",1307576,1311546,"rsi_circ_002860",3,"+",1,3,5,40,"my_test_rsi2",3,0,0,1,"GTAG",NA,"ANCHOR_UNIQUE,CANONICAL,CIRCULAR,PERFECT_EXT,UNAMBIGUOUS_BP"
"1975","NW_017739478.1",215667,261270,"rsi_circ_002861",10,"+",4,10,40,40,"my_test_rsi2",10,1,0,1,"GTAG",NA,"ANCHOR_UNIQUE,CANONICAL,CIRCULAR,GOOD_EXT,UNAMBIGUOUS_BP"
"1976","NW_017738950.1",6022800,6023591,"rsi_circ_002862",4,"-",2,4,40,40,"my_test_rsi2",4,1,0,1,"GTAG",NA,"ANCHOR_UNIQUE,CANONICAL,CIRCULAR,GOOD_EXT,UNAMBIGUOUS_BP"
"1977","NW_017739314.1",1605570,1609700,"rsi_circ_002865",2,"+",2,2,40,40,"my_test_rsi2",2,1,0,1,"GTAG",NA,"ANCHOR_UNIQUE,CANONICAL,CIRCULAR,GOOD_EXT,UNAMBIGUOUS_BP"
"1978","NW_017738933.1",1708207,1714213,"rsi_circ_002867",6,"-",3,6,40,40,"my_test_rsi2",6,0,0,1,"GTAG",NA,"ANCHOR_UNIQUE,CANONICAL,CIRCULAR,PERFECT_EXT,UNAMBIGUOUS_BP"
"1979","NW_017739035.1",1914538,1915449,"rsi_circ_002868",46,"+",24,44,40,40,"my_test_rsi2",46,0,0,1,"GTAG",NA,"ANCHOR_UNIQUE,CANONICAL,CIRCULAR,PERFECT_EXT,UNAMBIGUOUS_BP"
"1980","NW_017739461.1",386677,389009,"rsi_circ_002871",4,"-",2,4,40,40,"my_test_rsi2",4,2,0,1,"GTAG",NA,"ANCHOR_UNIQUE,CANONICAL,CIRCULAR,OK_EXT,UNAMBIGUOUS_BP"
"1981","NW_017738952.1",1845674,1856731,"rsi_circ_002872",2,"-",1,2,40,5,"my_test_rsi2",2,0,0,1,"GTAG",NA,"ANCHOR_UNIQUE,CANONICAL,CIRCULAR,PERFECT_EXT,UNAMBIGUOUS_BP"
"1982","NW_017739069.1",1376608,1405509,"rsi_circ_002874",3,"+",1,3,5,40,"my_test_rsi2",3,0,0,1,"GTAG",NA,"ANCHOR_UNIQUE,CANONICAL,CIRCULAR,PERFECT_EXT,UNAMBIGUOUS_BP"
"1983","NW_017739052.1",2138027,2138565,"rsi_circ_002875",2,"+",1,2,40,5,"my_test_rsi2",2,0,0,1,"GTAG",NA,"ANCHOR_UNIQUE,CANONICAL,CIRCULAR,PERFECT_EXT,UNAMBIGUOUS_BP"
"1984","NW_017739078.1",4081537,4082369,"rsi_circ_002876",2,"+",1,2,40,5,"my_test_rsi2",2,0,0,1,"GTAG",NA,"ANCHOR_UNIQUE,CANONICAL,CIRCULAR,PERFECT_EXT,UNAMBIGUOUS_BP"
"1985","NW_017739003.1",12667233,12707560,"rsi_circ_002877",2,"+",2,2,5,40,"my_test_rsi2",2,1,0,1,"GTAG",NA,"ANCHOR_UNIQUE,CANONICAL,CIRCULAR,GOOD_EXT,UNAMBIGUOUS_BP"
"1986","NW_017739630.1",1047013,1051712,"rsi_circ_002878",37,"+",20,37,40,40,"my_test_rsi2",37,1,0,1,"GTAG",NA,"ANCHOR_UNIQUE,CANONICAL,CIRCULAR,GOOD_EXT,UNAMBIGUOUS_BP"
"1987","NW_017739078.1",3250343,3273556,"rsi_circ_002880",3,"-",1,3,5,35,"my_test_rsi2",3,0,0,1,"GTAG",NA,"ANCHOR_UNIQUE,CANONICAL,CIRCULAR,PERFECT_EXT,UNAMBIGUOUS_BP"
"1988","NW_017738928.1",863338,884347,"rsi_circ_002881",3,"+",1,3,40,40,"my_test_rsi2",3,0,0,1,"GTAG",NA,"ANCHOR_UNIQUE,CANONICAL,CIRCULAR,PERFECT_EXT,UNAMBIGUOUS_BP"
"1989","NW_017739244.1",307789,310041,"rsi_circ_002882",3,"-",3,2,40,40,"my_test_rsi2",3,0,0,1,"GTAG",NA,"ANCHOR_UNIQUE,CANONICAL,CIRCULAR,PERFECT_EXT,UNAMBIGUOUS_BP"
"1990","NW_017738984.1",3381442,3383503,"rsi_circ_002883",3,"-",3,3,40,40,"my_test_rsi2",3,0,0,1,"GTAG",NA,"ANCHOR_UNIQUE,CANONICAL,CIRCULAR,PERFECT_EXT,UNAMBIGUOUS_BP"
"1991","NW_017739052.1",2457279,2457628,"rsi_circ_002884",2,"-",2,2,40,40,"my_test_rsi2",2,1,0,1,"GTAG",NA,"ANCHOR_UNIQUE,CANONICAL,CIRCULAR,GOOD_EXT,UNAMBIGUOUS_BP"
"1992","NW_017739010.1",1823286,1852105,"rsi_circ_002885",4,"-",2,4,40,40,"my_test_rsi2",4,0,0,1,"GTAG",NA,"ANCHOR_UNIQUE,CANONICAL,CIRCULAR,PERFECT_EXT,UNAMBIGUOUS_BP"
"1993","NW_017738957.1",17516782,17517904,"rsi_circ_002886",73,"-",21,73,40,40,"my_test_rsi2",73,0,0,1,"GTAG",NA,"ANCHOR_UNIQUE,CANONICAL,CIRCULAR,PERFECT_EXT,UNAMBIGUOUS_BP"
"1994","NW_017739016.1",988277,1083227,"rsi_circ_002888",2,"-",1,2,40,5,"my_test_rsi2",2,0,0,1,"GTAG",NA,"ANCHOR_UNIQUE,CANONICAL,CIRCULAR,PERFECT_EXT,UNAMBIGUOUS_BP"
"1995","NW_017739694.1",328385,334153,"rsi_circ_002889",2,"-",2,1,40,40,"my_test_rsi2",2,0,0,1,"GTAG",NA,"ANCHOR_UNIQUE,CANONICAL,CIRCULAR,PERFECT_EXT,UNAMBIGUOUS_BP"
"1996","NW_017738987.1",5372777,5424778,"rsi_circ_002891",4,"-",2,4,40,40,"my_test_rsi2",4,0,0,1,"GTAG",NA,"ANCHOR_UNIQUE,CANONICAL,CIRCULAR,PERFECT_EXT,UNAMBIGUOUS_BP"
"1997","NW_017738955.1",936771,940690,"rsi_circ_002892",3,"-",1,3,40,5,"my_test_rsi2",3,1,0,1,"GTAG",NA,"ANCHOR_UNIQUE,CANONICAL,CIRCULAR,GOOD_EXT,UNAMBIGUOUS_BP"
"1998","NW_017739291.1",120292,124479,"rsi_circ_002895",2,"+",1,2,40,40,"my_test_rsi2",2,2,0,1,"GTAG",NA,"ANCHOR_UNIQUE,CANONICAL,CIRCULAR,OK_EXT,UNAMBIGUOUS_BP"
"1999","NW_017739137.1",4193037,4236309,"rsi_circ_002901",2,"+",2,2,40,40,"my_test_rsi2",2,0,0,1,"GTAG",NA,"ANCHOR_UNIQUE,CANONICAL,CIRCULAR,PERFECT_EXT,UNAMBIGUOUS_BP"
"2000","NW_017738956.1",4774164,4778617,"rsi_circ_002902",2,"+",2,2,40,40,"my_test_rsi2",2,1,0,1,"GTAG",NA,"ANCHOR_UNIQUE,CANONICAL,CIRCULAR,GOOD_EXT,UNAMBIGUOUS_BP"
"2001","NW_017738927.1",5568719,5572420,"rsi_circ_002904",15,"-",8,15,40,40,"my_test_rsi2",15,0,0,1,"GTAG",NA,"ANCHOR_UNIQUE,CANONICAL,CIRCULAR,PERFECT_EXT,UNAMBIGUOUS_BP"
"2002","NW_017739033.1",2334458,2340185,"rsi_circ_002907",2,"-",1,2,40,40,"my_test_rsi2",2,0,0,1,"GTAG",NA,"ANCHOR_UNIQUE,CANONICAL,CIRCULAR,PERFECT_EXT,UNAMBIGUOUS_BP"
"2003","NW_017739346.1",299639,302448,"rsi_circ_002908",2,"-",1,2,5,40,"my_test_rsi2",2,0,0,1,"GTAG",NA,"ANCHOR_UNIQUE,CANONICAL,CIRCULAR,PERFECT_EXT,UNAMBIGUOUS_BP"
"2004","NW_017739110.1",4738395,4747664,"rsi_circ_002909",2,"-",1,2,5,40,"my_test_rsi2",2,0,0,1,"GTAG",NA,"ANCHOR_UNIQUE,CANONICAL,CIRCULAR,PERFECT_EXT,UNAMBIGUOUS_BP"
"2005","NW_017738922.1",3357893,3359653,"rsi_circ_002910",4,"-",2,4,40,40,"my_test_rsi2",4,0,0,1,"GTAG",NA,"ANCHOR_UNIQUE,CANONICAL,CIRCULAR,PERFECT_EXT,UNAMBIGUOUS_BP"
"2006","NW_017738948.1",5002292,5003375,"rsi_circ_002911",5,"+",5,1,5,40,"my_test_rsi2",5,0,0,1,"GTAG",NA,"ANCHOR_UNIQUE,CANONICAL,CIRCULAR,PERFECT_EXT,UNAMBIGUOUS_BP"
"2007","NW_017739108.1",2318421,2327304,"rsi_circ_002912",2,"-",1,2,40,40,"my_test_rsi2",2,0,0,1,"GTAG",NA,"ANCHOR_UNIQUE,CANONICAL,CIRCULAR,PERFECT_EXT,UNAMBIGUOUS_BP"
"2008","NW_017739547.1",191685,224093,"rsi_circ_002913",6,"+",3,3,5,5,"my_test_rsi2",6,1,0,1,"GTAG",NA,"ANCHOR_UNIQUE,CANONICAL,CIRCULAR,GOOD_EXT,UNAMBIGUOUS_BP"
"2009","NW_017739051.1",3259817,3276053,"rsi_circ_002915",6,"-",4,6,40,40,"my_test_rsi2",6,0,0,1,"GTAG",NA,"ANCHOR_UNIQUE,CANONICAL,CIRCULAR,PERFECT_EXT,UNAMBIGUOUS_BP"
"2010","NW_017739003.1",13982075,14028888,"rsi_circ_002917",7,"-",6,5,40,40,"my_test_rsi2",7,0,0,1,"GTAG",NA,"ANCHOR_UNIQUE,CANONICAL,CIRCULAR,PERFECT_EXT,UNAMBIGUOUS_BP"
"2011","NW_017739172.1",890743,891347,"rsi_circ_002918",98,"-",44,92,40,40,"my_test_rsi2",98,0,0,1,"GTAG",NA,"ANCHOR_UNIQUE,CANONICAL,CIRCULAR,PERFECT_EXT,UNAMBIGUOUS_BP"
"2012","NW_017739111.1",162817,163574,"rsi_circ_002919",3,"+",3,3,40,40,"my_test_rsi2",3,0,0,1,"GTAG",NA,"ANCHOR_UNIQUE,CANONICAL,CIRCULAR,PERFECT_EXT,UNAMBIGUOUS_BP"
"2013","NW_017739306.1",3880489,3894737,"rsi_circ_002920",3,"+",1,3,5,40,"my_test_rsi2",3,1,0,1,"GTAG",NA,"ANCHOR_UNIQUE,CANONICAL,CIRCULAR,GOOD_EXT,UNAMBIGUOUS_BP"
"2014","NW_017738927.1",4362952,4417018,"rsi_circ_002921",2,"+",1,2,40,40,"my_test_rsi2",2,2,0,1,"GTAG",NA,"ANCHOR_UNIQUE,CANONICAL,CIRCULAR,OK_EXT,UNAMBIGUOUS_BP"
"2015","NW_017738970.1",7013912,7015221,"rsi_circ_002923",17,"-",7,15,40,40,"my_test_rsi2",17,0,0,1,"GTAG",NA,"ANCHOR_UNIQUE,CANONICAL,CIRCULAR,PERFECT_EXT,UNAMBIGUOUS_BP"
"2016","NW_017738979.1",4496273,4500892,"rsi_circ_002925",21,"-",10,21,40,40,"my_test_rsi2",21,0,0,1,"GTAG",NA,"ANCHOR_UNIQUE,CANONICAL,CIRCULAR,PERFECT_EXT,UNAMBIGUOUS_BP"
"2017","NW_017739263.1",241815,250204,"rsi_circ_002926",11,"-",7,11,40,40,"my_test_rsi2",11,0,0,1,"GTAG",NA,"ANCHOR_UNIQUE,CANONICAL,CIRCULAR,PERFECT_EXT,UNAMBIGUOUS_BP"
"2018","NW_017739232.1",151497,151724,"rsi_circ_002930",4,"-",4,4,40,40,"my_test_rsi2",4,0,0,1,"GTAG",NA,"ANCHOR_UNIQUE,CANONICAL,CIRCULAR,PERFECT_EXT,UNAMBIGUOUS_BP"
"2019","NW_017739440.1",1306544,1315653,"rsi_circ_002931",2,"+",1,2,40,40,"my_test_rsi2",2,0,0,1,"GTAG",NA,"ANCHOR_UNIQUE,CANONICAL,CIRCULAR,PERFECT_EXT,UNAMBIGUOUS_BP"
"2020","NW_017738929.1",3799146,3804906,"rsi_circ_002934",7,"-",6,7,40,40,"my_test_rsi2",7,0,0,1,"GTAG",NA,"ANCHOR_UNIQUE,CANONICAL,CIRCULAR,PERFECT_EXT,UNAMBIGUOUS_BP"
"2021","NW_017740005.1",132565,164825,"rsi_circ_002935",2,"-",1,2,5,5,"my_test_rsi2",2,0,0,1,"GTAG",NA,"ANCHOR_UNIQUE,CANONICAL,CIRCULAR,PERFECT_EXT,UNAMBIGUOUS_BP"
"2022","NW_017739572.1",678171,690364,"rsi_circ_002937",2,"-",2,2,40,40,"my_test_rsi2",2,2,0,1,"GTAG",NA,"ANCHOR_UNIQUE,CANONICAL,CIRCULAR,OK_EXT,UNAMBIGUOUS_BP"
"2023","NW_017739097.1",872446,883972,"rsi_circ_002940",2,"+",1,2,40,40,"my_test_rsi2",2,1,0,1,"GTAG",NA,"ANCHOR_UNIQUE,CANONICAL,CIRCULAR,GOOD_EXT,UNAMBIGUOUS_BP"
"2024","NW_017739608.1",614318,618475,"rsi_circ_002942",4,"-",2,4,36,40,"my_test_rsi2",4,1,0,1,"GTAG",NA,"ANCHOR_UNIQUE,CANONICAL,CIRCULAR,GOOD_EXT,UNAMBIGUOUS_BP"
"2025","NW_017739425.1",420656,428614,"rsi_circ_002944",2,"+",1,2,5,40,"my_test_rsi2",2,1,0,1,"GTAG",NA,"ANCHOR_UNIQUE,CANONICAL,CIRCULAR,GOOD_EXT,UNAMBIGUOUS_BP"
"2026","NW_017739029.1",926167,926325,"rsi_circ_002945",2,"-",1,2,5,5,"my_test_rsi2",2,0,0,1,"GTAG",NA,"ANCHOR_UNIQUE,CANONICAL,CIRCULAR,PERFECT_EXT,UNAMBIGUOUS_BP"
"2027","NW_017738963.1",562612,564824,"rsi_circ_002946",19,"+",10,19,40,40,"my_test_rsi2",19,0,0,1,"GTAG",NA,"ANCHOR_UNIQUE,CANONICAL,CIRCULAR,PERFECT_EXT,UNAMBIGUOUS_BP"
"2028","NW_017739056.1",4940716,4950489,"rsi_circ_002947",2,"-",1,2,5,40,"my_test_rsi2",2,1,0,1,"GTAG",NA,"ANCHOR_UNIQUE,CANONICAL,CIRCULAR,GOOD_EXT,UNAMBIGUOUS_BP"
"2029","NW_017739583.1",288349,299332,"rsi_circ_002948",3,"-",1,3,40,5,"my_test_rsi2",3,0,0,1,"GTAG",NA,"ANCHOR_UNIQUE,CANONICAL,CIRCULAR,PERFECT_EXT,UNAMBIGUOUS_BP"
"2030","NW_017739014.1",1814990,1829469,"rsi_circ_002949",4,"-",2,4,40,40,"my_test_rsi2",4,0,0,1,"GTAG",NA,"ANCHOR_UNIQUE,CANONICAL,CIRCULAR,PERFECT_EXT,UNAMBIGUOUS_BP"
"2031","NW_017739003.1",1184666,1187074,"rsi_circ_002950",19,"+",9,19,40,40,"my_test_rsi2",19,0,0,1,"GTAG",NA,"ANCHOR_UNIQUE,CANONICAL,CIRCULAR,PERFECT_EXT,UNAMBIGUOUS_BP"
"2032","NW_017738940.1",2456,10364,"rsi_circ_002951",9,"+",2,9,5,40,"my_test_rsi2",9,1,0,1,"GTAG",NA,"ANCHOR_UNIQUE,CANONICAL,CIRCULAR,GOOD_EXT,UNAMBIGUOUS_BP"
"2033","NW_017738921.1",5734912,5742544,"rsi_circ_002952",3,"-",1,3,40,40,"my_test_rsi2",3,0,0,1,"GTAG",NA,"ANCHOR_UNIQUE,CANONICAL,CIRCULAR,PERFECT_EXT,UNAMBIGUOUS_BP"
"2034","NW_017739050.1",1475927,1480027,"rsi_circ_002953",2,"-",2,1,5,40,"my_test_rsi2",2,0,0,1,"GTAG",NA,"ANCHOR_UNIQUE,CANONICAL,CIRCULAR,PERFECT_EXT,UNAMBIGUOUS_BP"
"2035","NW_017738932.1",7177022,7200172,"rsi_circ_002954",7,"+",3,7,40,40,"my_test_rsi2",7,0,0,1,"GTAG",NA,"ANCHOR_UNIQUE,CANONICAL,CIRCULAR,PERFECT_EXT,UNAMBIGUOUS_BP"
"2036","NW_017739043.1",553554,555962,"rsi_circ_002956",2,"+",1,2,40,40,"my_test_rsi2",2,1,0,1,"GTAG",NA,"ANCHOR_UNIQUE,CANONICAL,CIRCULAR,GOOD_EXT,UNAMBIGUOUS_BP"
"2037","NW_017739191.1",551928,552802,"rsi_circ_002958",44,"-",26,42,40,40,"my_test_rsi2",44,0,0,1,"GTAG",NA,"ANCHOR_UNIQUE,CANONICAL,CIRCULAR,PERFECT_EXT,UNAMBIGUOUS_BP"
"2038","NW_017739238.1",255589,261272,"rsi_circ_002959",32,"+",18,31,40,40,"my_test_rsi2",32,0,0,1,"GTAG",NA,"ANCHOR_UNIQUE,CANONICAL,CIRCULAR,PERFECT_EXT,UNAMBIGUOUS_BP"
"2039","NW_017739122.1",1235506,1238263,"rsi_circ_002960",10,"-",5,9,40,40,"my_test_rsi2",10,0,0,1,"GTAG",NA,"ANCHOR_UNIQUE,CANONICAL,CIRCULAR,PERFECT_EXT,UNAMBIGUOUS_BP"
"2040","NW_017739473.1",1317019,1353918,"rsi_circ_002961",2,"-",2,2,40,5,"my_test_rsi2",2,0,0,1,"GTAG",NA,"ANCHOR_UNIQUE,CANONICAL,CIRCULAR,PERFECT_EXT,UNAMBIGUOUS_BP"
"2041","NW_017739178.1",1997671,2026334,"rsi_circ_002962",4,"-",3,4,40,40,"my_test_rsi2",4,0,0,1,"GTAG",NA,"ANCHOR_UNIQUE,CANONICAL,CIRCULAR,PERFECT_EXT,UNAMBIGUOUS_BP"
"2042","NW_017739147.1",4737118,4788196,"rsi_circ_002965",3,"+",2,3,40,5,"my_test_rsi2",3,1,0,1,"GTAG",NA,"ANCHOR_UNIQUE,CANONICAL,CIRCULAR,GOOD_EXT,UNAMBIGUOUS_BP"
"2043","NW_017739217.1",1180317,1181453,"rsi_circ_002966",6,"-",2,6,40,5,"my_test_rsi2",6,0,0,1,"GTAG",NA,"ANCHOR_UNIQUE,CANONICAL,CIRCULAR,PERFECT_EXT,UNAMBIGUOUS_BP"
"2044","NW_017739003.1",433043,436405,"rsi_circ_002967",4,"-",1,4,40,40,"my_test_rsi2",4,0,0,1,"GTAG",NA,"ANCHOR_UNIQUE,CANONICAL,CIRCULAR,PERFECT_EXT,UNAMBIGUOUS_BP"
"2045","NW_017738982.1",2196815,2209649,"rsi_circ_002969",2,"+",2,2,40,40,"my_test_rsi2",2,1,0,1,"GTAG",NA,"ANCHOR_UNIQUE,CANONICAL,CIRCULAR,GOOD_EXT,UNAMBIGUOUS_BP"
"2046","NW_017739036.1",1841177,1858561,"rsi_circ_002970",3,"-",1,3,40,5,"my_test_rsi2",3,0,0,1,"GTAG",NA,"ANCHOR_UNIQUE,CANONICAL,CIRCULAR,PERFECT_EXT,UNAMBIGUOUS_BP"
"2047","NW_017739093.1",1487339,1487900,"rsi_circ_002972",6,"-",1,6,40,5,"my_test_rsi2",6,1,0,1,"GTAG",NA,"ANCHOR_UNIQUE,CANONICAL,CIRCULAR,GOOD_EXT,UNAMBIGUOUS_BP"
"2048","NW_017739011.1",2159590,2163770,"rsi_circ_002974",2,"-",1,2,40,40,"my_test_rsi2",2,0,0,1,"GTAG",NA,"ANCHOR_UNIQUE,CANONICAL,CIRCULAR,PERFECT_EXT,UNAMBIGUOUS_BP"
"2049","NW_017738991.1",191169,196325,"rsi_circ_002976",9,"-",8,9,40,40,"my_test_rsi2",9,0,0,1,"GTAG",NA,"ANCHOR_UNIQUE,CANONICAL,CIRCULAR,PERFECT_EXT,UNAMBIGUOUS_BP"
"2050","NW_017739208.1",289798,291315,"rsi_circ_002977",2,"-",1,2,40,40,"my_test_rsi2",2,0,1,1,"GTAG",NA,"ANCHOR_UNIQUE,CANONICAL,CIRCULAR,GOOD_EXT,UNAMBIGUOUS_BP"
"2051","NW_017738959.1",5741707,5761898,"rsi_circ_002979",8,"-",3,8,5,5,"my_test_rsi2",8,0,0,1,"GTAG",NA,"ANCHOR_UNIQUE,CANONICAL,CIRCULAR,PERFECT_EXT,UNAMBIGUOUS_BP"
"2052","NW_017739291.1",115149,135087,"rsi_circ_002981",2,"+",1,2,40,5,"my_test_rsi2",2,0,0,1,"GTAG",NA,"ANCHOR_UNIQUE,CANONICAL,CIRCULAR,PERFECT_EXT,UNAMBIGUOUS_BP"
"2053","NW_017739258.1",234020,239674,"rsi_circ_002982",2,"+",1,2,40,40,"my_test_rsi2",2,1,0,1,"GTAG",NA,"ANCHOR_UNIQUE,CANONICAL,CIRCULAR,GOOD_EXT,UNAMBIGUOUS_BP"
"2054","NW_017738955.1",5523879,5525555,"rsi_circ_002984",96,"+",40,92,40,40,"my_test_rsi2",96,0,0,1,"GTAG",NA,"ANCHOR_UNIQUE,CANONICAL,CIRCULAR,PERFECT_EXT,UNAMBIGUOUS_BP"
"2055","NW_017739349.1",496076,498462,"rsi_circ_002985",4,"+",2,4,5,40,"my_test_rsi2",4,0,0,1,"GTAG",NA,"ANCHOR_UNIQUE,CANONICAL,CIRCULAR,PERFECT_EXT,UNAMBIGUOUS_BP"
"2056","NW_017739146.1",2903410,2905352,"rsi_circ_002986",3,"+",1,3,5,35,"my_test_rsi2",3,2,0,1,"GTAG",NA,"ANCHOR_UNIQUE,CANONICAL,CIRCULAR,OK_EXT,UNAMBIGUOUS_BP"
"2057","NW_017738984.1",3761059,3770393,"rsi_circ_002987",3,"-",2,3,40,5,"my_test_rsi2",3,1,0,1,"GTAG",NA,"ANCHOR_UNIQUE,CANONICAL,CIRCULAR,GOOD_EXT,UNAMBIGUOUS_BP"
"2058","NW_017739469.1",565981,567802,"rsi_circ_002988",2,"+",1,2,40,40,"my_test_rsi2",2,0,0,1,"GTAG",NA,"ANCHOR_UNIQUE,CANONICAL,CIRCULAR,PERFECT_EXT,UNAMBIGUOUS_BP"
"2059","NW_017738971.1",751356,751653,"rsi_circ_002989",2,"-",1,2,5,40,"my_test_rsi2",2,0,0,1,"GTAG",NA,"ANCHOR_UNIQUE,CANONICAL,CIRCULAR,PERFECT_EXT,UNAMBIGUOUS_BP"
"2060","NW_017739055.1",3411812,3413982,"rsi_circ_002990",5,"-",4,3,40,40,"my_test_rsi2",5,0,0,1,"GTAG",NA,"ANCHOR_UNIQUE,CANONICAL,CIRCULAR,PERFECT_EXT,UNAMBIGUOUS_BP"
"2061","NW_017739393.1",765493,772572,"rsi_circ_002991",8,"-",4,8,40,40,"my_test_rsi2",8,0,0,1,"GTAG",NA,"ANCHOR_UNIQUE,CANONICAL,CIRCULAR,PERFECT_EXT,UNAMBIGUOUS_BP"
"2062","NW_017739657.1",248222,250368,"rsi_circ_002992",2,"-",2,2,40,40,"my_test_rsi2",2,0,0,1,"GTAG",NA,"ANCHOR_UNIQUE,CANONICAL,CIRCULAR,PERFECT_EXT,UNAMBIGUOUS_BP"
"2063","NW_017739227.1",514327,529489,"rsi_circ_002993",3,"-",1,3,40,40,"my_test_rsi2",3,1,0,1,"GTAG",NA,"ANCHOR_UNIQUE,CANONICAL,CIRCULAR,GOOD_EXT,UNAMBIGUOUS_BP"
"2064","NW_017738981.1",235281,237644,"rsi_circ_002994",19,"+",12,19,40,40,"my_test_rsi2",19,0,0,1,"GTAG",NA,"ANCHOR_UNIQUE,CANONICAL,CIRCULAR,PERFECT_EXT,UNAMBIGUOUS_BP"
"2065","NW_017739521.1",255029,283855,"rsi_circ_002995",3,"-",1,3,5,40,"my_test_rsi2",3,0,0,1,"GTAG",NA,"ANCHOR_UNIQUE,CANONICAL,CIRCULAR,PERFECT_EXT,UNAMBIGUOUS_BP"
"2066","NW_017738950.1",3685250,3696005,"rsi_circ_002996",3,"+",1,3,5,5,"my_test_rsi2",3,0,0,1,"GTAG",NA,"ANCHOR_UNIQUE,CANONICAL,CIRCULAR,PERFECT_EXT,UNAMBIGUOUS_BP"
"2067","NW_017738957.1",5450077,5450986,"rsi_circ_002997",2,"+",1,2,40,5,"my_test_rsi2",2,0,0,1,"GTAG",NA,"ANCHOR_UNIQUE,CANONICAL,CIRCULAR,PERFECT_EXT,UNAMBIGUOUS_BP"
"2068","NW_017738969.1",3646895,3654301,"rsi_circ_003001",5,"+",3,5,40,40,"my_test_rsi2",5,1,0,1,"GTAG",NA,"ANCHOR_UNIQUE,CANONICAL,CIRCULAR,GOOD_EXT,UNAMBIGUOUS_BP"
"2069","NW_017739382.1",538596,575308,"rsi_circ_003003",3,"-",1,3,40,5,"my_test_rsi2",3,0,0,1,"GTAG",NA,"ANCHOR_UNIQUE,CANONICAL,CIRCULAR,PERFECT_EXT,UNAMBIGUOUS_BP"
"2070","NW_017739146.1",1228406,1254304,"rsi_circ_003004",5,"+",3,5,40,40,"my_test_rsi2",5,0,0,1,"GTAG",NA,"ANCHOR_UNIQUE,CANONICAL,CIRCULAR,PERFECT_EXT,UNAMBIGUOUS_BP"
"2071","NW_017739082.1",2204074,2208841,"rsi_circ_003005",2,"-",2,2,40,40,"my_test_rsi2",2,2,0,1,"GTAG",NA,"ANCHOR_UNIQUE,CANONICAL,CIRCULAR,OK_EXT,UNAMBIGUOUS_BP"
"2072","NW_017739019.1",6179550,6186432,"rsi_circ_003006",8,"-",8,7,40,40,"my_test_rsi2",8,1,0,1,"GTAG",NA,"ANCHOR_UNIQUE,CANONICAL,CIRCULAR,GOOD_EXT,UNAMBIGUOUS_BP"
"2073","NW_017739134.1",476373,476680,"rsi_circ_003007",8,"+",4,7,37,40,"my_test_rsi2",8,0,0,1,"GTAG",NA,"ANCHOR_UNIQUE,CANONICAL,CIRCULAR,PERFECT_EXT,UNAMBIGUOUS_BP"
"2074","NW_017738940.1",6316651,6343591,"rsi_circ_003008",2,"+",1,2,40,40,"my_test_rsi2",2,0,0,1,"GTAG",NA,"ANCHOR_UNIQUE,CANONICAL,CIRCULAR,PERFECT_EXT,UNAMBIGUOUS_BP"
"2075","NW_017739349.1",498242,519894,"rsi_circ_003010",13,"+",6,13,40,40,"my_test_rsi2",13,0,0,1,"GTAG",NA,"ANCHOR_UNIQUE,CANONICAL,CIRCULAR,PERFECT_EXT,UNAMBIGUOUS_BP"
"2076","NW_017739137.1",1427534,1445353,"rsi_circ_003011",6,"-",2,6,5,40,"my_test_rsi2",6,1,0,1,"GTAG",NA,"ANCHOR_UNIQUE,CANONICAL,CIRCULAR,GOOD_EXT,UNAMBIGUOUS_BP"
"2077","NW_017739116.1",2980885,2998664,"rsi_circ_003012",2,"+",1,2,5,40,"my_test_rsi2",2,1,0,1,"GTAG",NA,"ANCHOR_UNIQUE,CANONICAL,CIRCULAR,GOOD_EXT,UNAMBIGUOUS_BP"
"2078","NW_017739130.1",1585130,1593268,"rsi_circ_003013",3,"+",3,3,40,35,"my_test_rsi2",3,0,0,1,"GTAG",NA,"ANCHOR_UNIQUE,CANONICAL,CIRCULAR,PERFECT_EXT,UNAMBIGUOUS_BP"
"2079","NW_017739108.1",1032161,1032754,"rsi_circ_003014",2,"-",1,2,40,40,"my_test_rsi2",2,0,0,1,"GTAG",NA,"ANCHOR_UNIQUE,CANONICAL,CIRCULAR,PERFECT_EXT,UNAMBIGUOUS_BP"
"2080","NW_017738956.1",3057237,3067347,"rsi_circ_003015",4,"+",2,4,40,40,"my_test_rsi2",4,0,0,1,"GTAG",NA,"ANCHOR_UNIQUE,CANONICAL,CIRCULAR,PERFECT_EXT,UNAMBIGUOUS_BP"
"2081","NW_017738932.1",2377557,2431992,"rsi_circ_003018",3,"+",1,3,40,40,"my_test_rsi2",3,0,0,1,"GTAG",NA,"ANCHOR_UNIQUE,CANONICAL,CIRCULAR,PERFECT_EXT,UNAMBIGUOUS_BP"
"2082","NW_017739088.1",7961859,7967049,"rsi_circ_003021",2,"+",1,2,5,40,"my_test_rsi2",2,0,0,1,"GTAG",NA,"ANCHOR_UNIQUE,CANONICAL,CIRCULAR,PERFECT_EXT,UNAMBIGUOUS_BP"
"2083","NW_017738990.1",5743375,5758107,"rsi_circ_003022",10,"-",5,10,40,40,"my_test_rsi2",10,0,0,1,"GTAG",NA,"ANCHOR_UNIQUE,CANONICAL,CIRCULAR,PERFECT_EXT,UNAMBIGUOUS_BP"
"2084","NW_017738959.1",5345724,5368167,"rsi_circ_003023",3,"-",2,3,40,40,"my_test_rsi2",3,1,0,1,"GTAG",NA,"ANCHOR_UNIQUE,CANONICAL,CIRCULAR,GOOD_EXT,UNAMBIGUOUS_BP"
"2085","NW_017739145.1",1174916,1176208,"rsi_circ_003024",4,"+",3,4,40,40,"my_test_rsi2",4,0,0,1,"GTAG",NA,"ANCHOR_UNIQUE,CANONICAL,CIRCULAR,PERFECT_EXT,UNAMBIGUOUS_BP"
"2086","NW_017739272.1",2305325,2325244,"rsi_circ_003026",2,"+",1,2,40,40,"my_test_rsi2",2,0,0,1,"GTAG",NA,"ANCHOR_UNIQUE,CANONICAL,CIRCULAR,PERFECT_EXT,UNAMBIGUOUS_BP"
"2087","NW_017739071.1",2989089,3003520,"rsi_circ_003027",3,"-",1,3,5,40,"my_test_rsi2",3,0,0,1,"GTAG",NA,"ANCHOR_UNIQUE,CANONICAL,CIRCULAR,PERFECT_EXT,UNAMBIGUOUS_BP"
"2088","NW_017739478.1",1382303,1409853,"rsi_circ_003028",3,"+",1,3,35,40,"my_test_rsi2",3,2,0,1,"GTAG",NA,"ANCHOR_UNIQUE,CANONICAL,CIRCULAR,OK_EXT,UNAMBIGUOUS_BP"
"2089","NW_017739291.1",27452,43134,"rsi_circ_003029",11,"+",7,11,40,40,"my_test_rsi2",11,0,0,1,"GTAG",NA,"ANCHOR_UNIQUE,CANONICAL,CIRCULAR,PERFECT_EXT,UNAMBIGUOUS_BP"
"2090","NW_017739555.1",347397,355203,"rsi_circ_003030",6,"+",3,5,40,5,"my_test_rsi2",6,0,0,1,"GTAG",NA,"ANCHOR_UNIQUE,CANONICAL,CIRCULAR,PERFECT_EXT,UNAMBIGUOUS_BP"
"2091","NW_017739642.1",118673,128626,"rsi_circ_003032",2,"-",2,2,40,40,"my_test_rsi2",2,0,0,1,"GTAG",NA,"ANCHOR_UNIQUE,CANONICAL,CIRCULAR,PERFECT_EXT,UNAMBIGUOUS_BP"
"2092","NW_017738943.1",8533678,8535272,"rsi_circ_003033",8,"+",5,8,40,5,"my_test_rsi2",8,1,0,1,"GTAG",NA,"ANCHOR_UNIQUE,CANONICAL,CIRCULAR,GOOD_EXT,UNAMBIGUOUS_BP"
"2093","NW_017739295.1",2066812,2077250,"rsi_circ_003034",8,"-",6,7,40,40,"my_test_rsi2",8,0,0,1,"GTAG",NA,"ANCHOR_UNIQUE,CANONICAL,CIRCULAR,PERFECT_EXT,UNAMBIGUOUS_BP"
"2094","NW_017739604.1",235484,239549,"rsi_circ_003035",2,"-",2,2,40,40,"my_test_rsi2",2,0,0,1,"GTAG",NA,"ANCHOR_UNIQUE,CANONICAL,CIRCULAR,PERFECT_EXT,UNAMBIGUOUS_BP"
"2095","NW_017739806.1",251550,253996,"rsi_circ_003037",4,"+",3,4,5,40,"my_test_rsi2",4,0,0,1,"GTAG",NA,"ANCHOR_UNIQUE,CANONICAL,CIRCULAR,PERFECT_EXT,UNAMBIGUOUS_BP"
"2096","NW_017739128.1",289061,295380,"rsi_circ_003040",6,"-",3,6,40,40,"my_test_rsi2",6,0,0,1,"GTAG",NA,"ANCHOR_UNIQUE,CANONICAL,CIRCULAR,PERFECT_EXT,UNAMBIGUOUS_BP"
"2097","NW_017739211.1",2716960,2739000,"rsi_circ_003041",22,"-",11,22,40,40,"my_test_rsi2",22,0,0,1,"GTAG",NA,"ANCHOR_UNIQUE,CANONICAL,CIRCULAR,PERFECT_EXT,UNAMBIGUOUS_BP"
"2098","NW_017739030.1",621084,621490,"rsi_circ_003043",2,"+",1,2,40,40,"my_test_rsi2",2,2,0,1,"GTAG",NA,"ANCHOR_UNIQUE,CANONICAL,CIRCULAR,OK_EXT,UNAMBIGUOUS_BP"
"2099","NW_017738957.1",5435636,5441576,"rsi_circ_003044",2,"+",1,2,40,5,"my_test_rsi2",2,0,0,1,"GTAG",NA,"ANCHOR_UNIQUE,CANONICAL,CIRCULAR,PERFECT_EXT,UNAMBIGUOUS_BP"
"2100","NW_017739578.1",14836,14997,"rsi_circ_003045",2,"-",1,2,40,40,"my_test_rsi2",2,1,0,1,"GTAG",NA,"ANCHOR_UNIQUE,CANONICAL,CIRCULAR,GOOD_EXT,UNAMBIGUOUS_BP"
"2101","NW_017739015.1",6910266,6910839,"rsi_circ_003048",2,"-",1,2,35,40,"my_test_rsi2",2,1,1,1,"GTAG",NA,"ANCHOR_UNIQUE,CANONICAL,CIRCULAR,GOOD_EXT,UNAMBIGUOUS_BP"
"2102","NW_017738962.1",344390,374196,"rsi_circ_003049",7,"+",1,7,35,5,"my_test_rsi2",7,1,0,1,"GTAG",NA,"ANCHOR_UNIQUE,CANONICAL,CIRCULAR,GOOD_EXT,UNAMBIGUOUS_BP"
"2103","NW_017738990.1",3711723,3712705,"rsi_circ_003053",74,"+",34,73,40,40,"my_test_rsi2",74,0,0,1,"GTAG",NA,"ANCHOR_UNIQUE,CANONICAL,CIRCULAR,PERFECT_EXT,UNAMBIGUOUS_BP"
"2104","NW_017739023.1",1735359,1736557,"rsi_circ_003054",101,"+",50,100,40,40,"my_test_rsi2",101,0,0,1,"GTAG",NA,"ANCHOR_UNIQUE,CANONICAL,CIRCULAR,PERFECT_EXT,UNAMBIGUOUS_BP"
"2105","NW_017739099.1",2463770,2464433,"rsi_circ_003056",3,"+",1,3,5,5,"my_test_rsi2",3,0,0,1,"GTAG",NA,"ANCHOR_UNIQUE,CANONICAL,CIRCULAR,PERFECT_EXT,UNAMBIGUOUS_BP"
"2106","NW_017739122.1",776560,777780,"rsi_circ_003060",2,"-",2,2,5,40,"my_test_rsi2",2,0,0,1,"GTAG",NA,"ANCHOR_UNIQUE,CANONICAL,CIRCULAR,PERFECT_EXT,UNAMBIGUOUS_BP"
"2107","NW_017739035.1",1310027,1310183,"rsi_circ_003061",2,"+",1,2,5,5,"my_test_rsi2",2,0,0,1,"GTAG",NA,"ANCHOR_UNIQUE,CANONICAL,CIRCULAR,PERFECT_EXT,UNAMBIGUOUS_BP"
"2108","NW_017739251.1",989266,989681,"rsi_circ_003062",28,"+",15,22,40,40,"my_test_rsi2",28,0,0,1,"GTAG",NA,"ANCHOR_UNIQUE,CANONICAL,CIRCULAR,PERFECT_EXT,UNAMBIGUOUS_BP"
"2109","NW_017738965.1",3365582,3387345,"rsi_circ_003064",4,"-",3,4,40,40,"my_test_rsi2",4,0,0,1,"GTAG",NA,"ANCHOR_UNIQUE,CANONICAL,CIRCULAR,PERFECT_EXT,UNAMBIGUOUS_BP"
"2110","NW_017739048.1",123171,130926,"rsi_circ_003065",13,"+",7,13,40,40,"my_test_rsi2",13,0,0,1,"GTAG",NA,"ANCHOR_UNIQUE,CANONICAL,CIRCULAR,PERFECT_EXT,UNAMBIGUOUS_BP"
"2111","NW_017739290.1",121607,133067,"rsi_circ_003066",3,"+",2,2,5,40,"my_test_rsi2",3,0,0,1,"GTAG",NA,"ANCHOR_UNIQUE,CANONICAL,CIRCULAR,PERFECT_EXT,UNAMBIGUOUS_BP"
"2112","NW_017738951.1",2248527,2249685,"rsi_circ_003067",2,"-",1,2,5,5,"my_test_rsi2",2,0,0,1,"GTAG",NA,"ANCHOR_UNIQUE,CANONICAL,CIRCULAR,PERFECT_EXT,UNAMBIGUOUS_BP"
"2113","NW_017738970.1",3239688,3241138,"rsi_circ_003069",4,"-",2,4,40,5,"my_test_rsi2",4,0,0,1,"GTAG",NA,"ANCHOR_UNIQUE,CANONICAL,CIRCULAR,PERFECT_EXT,UNAMBIGUOUS_BP"
"2114","NW_017739194.1",3697346,3731218,"rsi_circ_003070",2,"+",1,2,40,5,"my_test_rsi2",2,0,0,1,"GTAG",NA,"ANCHOR_UNIQUE,CANONICAL,CIRCULAR,PERFECT_EXT,UNAMBIGUOUS_BP"
"2115","NW_017739395.1",898967,907275,"rsi_circ_003072",3,"+",2,3,40,40,"my_test_rsi2",3,0,0,1,"GTAG",NA,"ANCHOR_UNIQUE,CANONICAL,CIRCULAR,PERFECT_EXT,UNAMBIGUOUS_BP"
"2116","NW_017739152.1",1054946,1057161,"rsi_circ_003073",38,"-",16,38,40,40,"my_test_rsi2",38,0,0,1,"GTAG",NA,"ANCHOR_UNIQUE,CANONICAL,CIRCULAR,PERFECT_EXT,UNAMBIGUOUS_BP"
"2117","NW_017739241.1",232132,259063,"rsi_circ_003074",4,"+",1,4,40,40,"my_test_rsi2",4,0,0,1,"GTAG",NA,"ANCHOR_UNIQUE,CANONICAL,CIRCULAR,PERFECT_EXT,UNAMBIGUOUS_BP"
"2118","NW_017739415.1",249501,250321,"rsi_circ_003075",11,"-",5,11,40,40,"my_test_rsi2",11,2,0,1,"GTAG",NA,"ANCHOR_UNIQUE,CANONICAL,CIRCULAR,OK_EXT,UNAMBIGUOUS_BP"
"2119","NW_017739633.1",151253,168454,"rsi_circ_003076",2,"+",2,1,5,40,"my_test_rsi2",2,0,0,1,"GTAG",NA,"ANCHOR_UNIQUE,CANONICAL,CIRCULAR,PERFECT_EXT,UNAMBIGUOUS_BP"
"2120","NW_017739306.1",4498732,4507688,"rsi_circ_003077",2,"-",2,2,40,40,"my_test_rsi2",2,0,0,1,"GTAG",NA,"ANCHOR_UNIQUE,CANONICAL,CIRCULAR,PERFECT_EXT,UNAMBIGUOUS_BP"
"2121","NW_017739053.1",2573284,2580035,"rsi_circ_003078",2,"+",1,2,5,40,"my_test_rsi2",2,1,0,1,"GTAG",NA,"ANCHOR_UNIQUE,CANONICAL,CIRCULAR,GOOD_EXT,UNAMBIGUOUS_BP"
"2122","NW_017738974.1",3197981,3204912,"rsi_circ_003080",2,"-",1,2,40,40,"my_test_rsi2",2,1,0,1,"GTAG",NA,"ANCHOR_UNIQUE,CANONICAL,CIRCULAR,GOOD_EXT,UNAMBIGUOUS_BP"
"2123","NW_017739343.1",1059681,1085910,"rsi_circ_003081",2,"+",1,2,40,5,"my_test_rsi2",2,1,0,1,"GTAG",NA,"ANCHOR_UNIQUE,CANONICAL,CIRCULAR,GOOD_EXT,UNAMBIGUOUS_BP"
"2124","NW_017739032.1",3082118,3088965,"rsi_circ_003082",12,"-",9,12,40,40,"my_test_rsi2",12,0,0,1,"GTAG",NA,"ANCHOR_UNIQUE,CANONICAL,CIRCULAR,PERFECT_EXT,UNAMBIGUOUS_BP"
"2125","NW_017739166.1",1678258,1688658,"rsi_circ_003083",3,"-",2,3,40,40,"my_test_rsi2",3,0,0,1,"GTAG",NA,"ANCHOR_UNIQUE,CANONICAL,CIRCULAR,PERFECT_EXT,UNAMBIGUOUS_BP"
"2126","NW_017739221.1",970499,971026,"rsi_circ_003084",4,"-",3,4,40,40,"my_test_rsi2",4,0,0,1,"GTAG",NA,"ANCHOR_UNIQUE,CANONICAL,CIRCULAR,PERFECT_EXT,UNAMBIGUOUS_BP"
"2127","NW_017739137.1",1443645,1476242,"rsi_circ_003085",2,"-",2,2,40,40,"my_test_rsi2",2,0,0,1,"GTAG",NA,"ANCHOR_UNIQUE,CANONICAL,CIRCULAR,PERFECT_EXT,UNAMBIGUOUS_BP"
"2128","NW_017739040.1",1503690,1533094,"rsi_circ_003086",5,"+",2,5,5,40,"my_test_rsi2",5,0,0,1,"GTAG",NA,"ANCHOR_UNIQUE,CANONICAL,CIRCULAR,PERFECT_EXT,UNAMBIGUOUS_BP"
"2129","NW_017739251.1",1346237,1347334,"rsi_circ_003087",2,"-",2,2,40,40,"my_test_rsi2",2,1,0,1,"GTAG",NA,"ANCHOR_UNIQUE,CANONICAL,CIRCULAR,GOOD_EXT,UNAMBIGUOUS_BP"
"2130","NW_017739130.1",691160,693468,"rsi_circ_003089",16,"+",11,16,40,40,"my_test_rsi2",16,0,0,1,"GTAG",NA,"ANCHOR_UNIQUE,CANONICAL,CIRCULAR,PERFECT_EXT,UNAMBIGUOUS_BP"
"2131","NW_017738980.1",1073369,1078729,"rsi_circ_003090",16,"-",9,16,40,40,"my_test_rsi2",16,0,0,1,"GTAG",NA,"ANCHOR_UNIQUE,CANONICAL,CIRCULAR,PERFECT_EXT,UNAMBIGUOUS_BP"
"2132","NW_017739221.1",499727,503102,"rsi_circ_003091",13,"+",7,13,40,40,"my_test_rsi2",13,0,0,1,"GTAG",NA,"ANCHOR_UNIQUE,CANONICAL,CIRCULAR,PERFECT_EXT,UNAMBIGUOUS_BP"
"2133","NW_017738933.1",9134493,9190306,"rsi_circ_003092",2,"+",1,2,5,40,"my_test_rsi2",2,2,0,1,"GTAG",NA,"ANCHOR_UNIQUE,CANONICAL,CIRCULAR,OK_EXT,UNAMBIGUOUS_BP"
"2134","NW_017738970.1",11570679,11574984,"rsi_circ_003094",2,"+",1,2,5,40,"my_test_rsi2",2,0,0,1,"GTAG",NA,"ANCHOR_UNIQUE,CANONICAL,CIRCULAR,PERFECT_EXT,UNAMBIGUOUS_BP"
"2135","NW_017739566.1",76632,77348,"rsi_circ_003095",8,"-",3,8,40,40,"my_test_rsi2",8,0,0,1,"GTAG",NA,"ANCHOR_UNIQUE,CANONICAL,CIRCULAR,PERFECT_EXT,UNAMBIGUOUS_BP"
"2136","NW_017739179.1",2666341,2681227,"rsi_circ_003096",3,"-",1,3,40,40,"my_test_rsi2",3,0,0,1,"GTAG",NA,"ANCHOR_UNIQUE,CANONICAL,CIRCULAR,PERFECT_EXT,UNAMBIGUOUS_BP"
"2137","NW_017738943.1",883239,883597,"rsi_circ_003098",7,"+",3,7,40,40,"my_test_rsi2",7,2,0,1,"GTAG",NA,"ANCHOR_UNIQUE,CANONICAL,CIRCULAR,OK_EXT,UNAMBIGUOUS_BP"
"2138","NW_017739185.1",4343791,4351241,"rsi_circ_003100",15,"-",12,15,40,40,"my_test_rsi2",15,0,0,1,"GTAG",NA,"ANCHOR_UNIQUE,CANONICAL,CIRCULAR,PERFECT_EXT,UNAMBIGUOUS_BP"
"2139","NW_017739035.1",1513744,1521221,"rsi_circ_003101",17,"-",7,17,40,40,"my_test_rsi2",17,0,0,1,"GTAG",NA,"ANCHOR_UNIQUE,CANONICAL,CIRCULAR,PERFECT_EXT,UNAMBIGUOUS_BP"
"2140","NW_017739170.1",2313677,2325692,"rsi_circ_003103",8,"+",5,8,40,40,"my_test_rsi2",8,0,0,1,"GTAG",NA,"ANCHOR_UNIQUE,CANONICAL,CIRCULAR,PERFECT_EXT,UNAMBIGUOUS_BP"
"2141","NW_017739280.1",712719,737405,"rsi_circ_003104",6,"+",4,6,40,40,"my_test_rsi2",6,0,0,1,"GTAG",NA,"ANCHOR_UNIQUE,CANONICAL,CIRCULAR,PERFECT_EXT,UNAMBIGUOUS_BP"
"2142","NW_017739028.1",4782049,4788739,"rsi_circ_003105",2,"+",1,2,40,40,"my_test_rsi2",2,0,0,1,"GTAG",NA,"ANCHOR_UNIQUE,CANONICAL,CIRCULAR,PERFECT_EXT,UNAMBIGUOUS_BP"
"2143","NW_017739263.1",997092,1030451,"rsi_circ_003106",3,"-",3,3,40,40,"my_test_rsi2",3,2,0,1,"GTAG",NA,"ANCHOR_UNIQUE,CANONICAL,CIRCULAR,OK_EXT,UNAMBIGUOUS_BP"
"2144","NW_017739172.1",920923,925190,"rsi_circ_003107",14,"-",7,14,40,35,"my_test_rsi2",14,0,0,1,"GTAG",NA,"ANCHOR_UNIQUE,CANONICAL,CIRCULAR,PERFECT_EXT,UNAMBIGUOUS_BP"
"2145","NW_017739075.1",1445691,1447919,"rsi_circ_003108",4,"-",4,4,5,40,"my_test_rsi2",4,0,0,1,"GTAG",NA,"ANCHOR_UNIQUE,CANONICAL,CIRCULAR,PERFECT_EXT,UNAMBIGUOUS_BP"
"2146","NW_017739146.1",2854730,2859848,"rsi_circ_003112",48,"-",29,47,40,40,"my_test_rsi2",48,0,0,1,"GTAG",NA,"ANCHOR_UNIQUE,CANONICAL,CIRCULAR,PERFECT_EXT,UNAMBIGUOUS_BP"
"2147","NW_017739394.1",418429,428903,"rsi_circ_003114",10,"-",7,9,40,40,"my_test_rsi2",10,0,0,1,"GTAG",NA,"ANCHOR_UNIQUE,CANONICAL,CIRCULAR,PERFECT_EXT,UNAMBIGUOUS_BP"
"2148","NW_017739001.1",3658362,3659908,"rsi_circ_003115",2,"-",1,2,40,40,"my_test_rsi2",2,0,0,1,"GTAG",NA,"ANCHOR_UNIQUE,CANONICAL,CIRCULAR,PERFECT_EXT,UNAMBIGUOUS_BP"
"2149","NW_017738943.1",1668328,1677243,"rsi_circ_003117",3,"-",1,3,40,5,"my_test_rsi2",3,0,0,1,"GTAG",NA,"ANCHOR_UNIQUE,CANONICAL,CIRCULAR,PERFECT_EXT,UNAMBIGUOUS_BP"
"2150","NW_017739122.1",254223,352952,"rsi_circ_003118",2,"-",2,2,40,40,"my_test_rsi2",2,0,0,1,"GTAG",NA,"ANCHOR_UNIQUE,CANONICAL,CIRCULAR,PERFECT_EXT,UNAMBIGUOUS_BP"
"2151","NW_017739313.1",649841,650023,"rsi_circ_003119",2,"+",1,2,35,5,"my_test_rsi2",2,1,0,1,"GTAG",NA,"ANCHOR_UNIQUE,CANONICAL,CIRCULAR,GOOD_EXT,UNAMBIGUOUS_BP"
"2152","NW_017739116.1",5016674,5019308,"rsi_circ_003121",6,"-",1,6,40,5,"my_test_rsi2",6,2,0,1,"GTAG",NA,"ANCHOR_UNIQUE,CANONICAL,CIRCULAR,OK_EXT,UNAMBIGUOUS_BP"
"2153","NW_017739174.1",59396,113586,"rsi_circ_003122",5,"+",2,5,40,5,"my_test_rsi2",5,0,0,1,"GTAG",NA,"ANCHOR_UNIQUE,CANONICAL,CIRCULAR,PERFECT_EXT,UNAMBIGUOUS_BP"
"2154","NW_017739017.1",1219830,1227016,"rsi_circ_003123",10,"-",5,10,40,40,"my_test_rsi2",10,1,0,1,"GTAG",NA,"ANCHOR_UNIQUE,CANONICAL,CIRCULAR,GOOD_EXT,UNAMBIGUOUS_BP"
"2155","NW_017739148.1",1283164,1284697,"rsi_circ_003124",14,"-",8,14,40,40,"my_test_rsi2",14,0,0,1,"GTAG",NA,"ANCHOR_UNIQUE,CANONICAL,CIRCULAR,PERFECT_EXT,UNAMBIGUOUS_BP"
"2156","NW_017739184.1",1403210,1408117,"rsi_circ_003125",3,"-",2,3,40,40,"my_test_rsi2",3,0,0,1,"GTAG",NA,"ANCHOR_UNIQUE,CANONICAL,CIRCULAR,PERFECT_EXT,UNAMBIGUOUS_BP"
"2157","NW_017739330.1",1181137,1186589,"rsi_circ_003126",2,"+",2,2,5,40,"my_test_rsi2",2,0,0,1,"GTAG",NA,"ANCHOR_UNIQUE,CANONICAL,CIRCULAR,PERFECT_EXT,UNAMBIGUOUS_BP"
"2158","NW_017739218.1",2132363,2144966,"rsi_circ_003127",9,"-",4,9,40,40,"my_test_rsi2",9,0,0,1,"GTAG",NA,"ANCHOR_UNIQUE,CANONICAL,CIRCULAR,PERFECT_EXT,UNAMBIGUOUS_BP"
"2159","NW_017739190.1",2868525,2869335,"rsi_circ_003129",4,"+",2,4,5,5,"my_test_rsi2",4,2,0,1,"GTAG",NA,"ANCHOR_UNIQUE,CANONICAL,CIRCULAR,OK_EXT,UNAMBIGUOUS_BP"
"2160","NW_017739161.1",262869,295090,"rsi_circ_003132",4,"+",2,4,40,40,"my_test_rsi2",4,0,0,1,"GTAG",NA,"ANCHOR_UNIQUE,CANONICAL,CIRCULAR,PERFECT_EXT,UNAMBIGUOUS_BP"
"2161","NW_017739694.1",318079,319942,"rsi_circ_003134",2,"-",2,2,40,40,"my_test_rsi2",2,0,0,1,"GTAG",NA,"ANCHOR_UNIQUE,CANONICAL,CIRCULAR,PERFECT_EXT,UNAMBIGUOUS_BP"
"2162","NW_017739160.1",1288850,1292400,"rsi_circ_003135",25,"+",17,23,40,40,"my_test_rsi2",25,0,0,1,"GTAG",NA,"ANCHOR_UNIQUE,CANONICAL,CIRCULAR,PERFECT_EXT,UNAMBIGUOUS_BP"
"2163","NW_017739059.1",1014240,1018215,"rsi_circ_003136",2,"+",1,2,5,5,"my_test_rsi2",2,0,0,1,"GTAG",NA,"ANCHOR_UNIQUE,CANONICAL,CIRCULAR,PERFECT_EXT,UNAMBIGUOUS_BP"
"2164","NW_017739016.1",8231484,8279803,"rsi_circ_003137",7,"-",2,7,40,40,"my_test_rsi2",7,1,0,1,"GTAG",NA,"ANCHOR_UNIQUE,CANONICAL,CIRCULAR,GOOD_EXT,UNAMBIGUOUS_BP"
"2165","NW_017738953.1",4629418,4639288,"rsi_circ_003138",6,"+",3,6,40,40,"my_test_rsi2",6,0,0,1,"GTAG",NA,"ANCHOR_UNIQUE,CANONICAL,CIRCULAR,PERFECT_EXT,UNAMBIGUOUS_BP"
"2166","NW_017739460.1",1288830,1296710,"rsi_circ_003139",18,"+",12,18,40,40,"my_test_rsi2",18,0,0,1,"GTAG",NA,"ANCHOR_UNIQUE,CANONICAL,CIRCULAR,PERFECT_EXT,UNAMBIGUOUS_BP"
"2167","NW_017739556.1",269503,280549,"rsi_circ_003141",3,"+",1,3,5,5,"my_test_rsi2",3,1,0,1,"GTAG",NA,"ANCHOR_UNIQUE,CANONICAL,CIRCULAR,GOOD_EXT,UNAMBIGUOUS_BP"
"2168","NW_017739586.1",669591,677018,"rsi_circ_003142",23,"-",12,17,40,5,"my_test_rsi2",23,1,0,1,"GTAG",NA,"ANCHOR_UNIQUE,CANONICAL,CIRCULAR,GOOD_EXT,UNAMBIGUOUS_BP"
"2169","NW_017739447.1",1388109,1397816,"rsi_circ_003143",3,"+",1,3,40,5,"my_test_rsi2",3,0,0,1,"GTAG",NA,"ANCHOR_UNIQUE,CANONICAL,CIRCULAR,PERFECT_EXT,UNAMBIGUOUS_BP"
"2170","NW_017739208.1",421777,425347,"rsi_circ_003144",2,"+",2,2,40,40,"my_test_rsi2",2,0,0,1,"GTAG",NA,"ANCHOR_UNIQUE,CANONICAL,CIRCULAR,PERFECT_EXT,UNAMBIGUOUS_BP"
"2171","NW_017738975.1",1659180,1665255,"rsi_circ_003145",2,"+",1,2,40,40,"my_test_rsi2",2,0,0,1,"GTAG",NA,"ANCHOR_UNIQUE,CANONICAL,CIRCULAR,PERFECT_EXT,UNAMBIGUOUS_BP"
"2172","NW_017739630.1",518977,564148,"rsi_circ_003146",7,"-",2,7,40,40,"my_test_rsi2",7,0,0,1,"GTAG",NA,"ANCHOR_UNIQUE,CANONICAL,CIRCULAR,PERFECT_EXT,UNAMBIGUOUS_BP"
"2173","NW_017739728.1",402947,424115,"rsi_circ_003147",24,"+",15,20,40,40,"my_test_rsi2",24,0,0,1,"GTAG",NA,"ANCHOR_UNIQUE,CANONICAL,CIRCULAR,PERFECT_EXT,UNAMBIGUOUS_BP"
"2174","NW_017739147.1",4365539,4383177,"rsi_circ_003149",7,"+",6,7,40,40,"my_test_rsi2",7,1,0,1,"GTAG",NA,"ANCHOR_UNIQUE,CANONICAL,CIRCULAR,GOOD_EXT,UNAMBIGUOUS_BP"
"2175","NW_017738954.1",276175,279451,"rsi_circ_003150",3,"-",3,3,40,40,"my_test_rsi2",3,1,0,1,"GTAG",NA,"ANCHOR_UNIQUE,CANONICAL,CIRCULAR,GOOD_EXT,UNAMBIGUOUS_BP"
"2176","NW_017739355.1",2954441,2973164,"rsi_circ_003153",7,"+",4,7,40,40,"my_test_rsi2",7,0,0,1,"GTAG",NA,"ANCHOR_UNIQUE,CANONICAL,CIRCULAR,PERFECT_EXT,UNAMBIGUOUS_BP"
"2177","NW_017739001.1",689352,716866,"rsi_circ_003154",6,"-",5,4,40,40,"my_test_rsi2",6,0,0,1,"GTAG",NA,"ANCHOR_UNIQUE,CANONICAL,CIRCULAR,PERFECT_EXT,UNAMBIGUOUS_BP"
"2178","NW_017739437.1",714614,718689,"rsi_circ_003156",31,"-",17,30,40,40,"my_test_rsi2",31,1,0,1,"GTAG",NA,"ANCHOR_UNIQUE,CANONICAL,CIRCULAR,GOOD_EXT,UNAMBIGUOUS_BP"
"2179","NW_017738952.1",2335021,2353094,"rsi_circ_003157",3,"+",1,3,5,40,"my_test_rsi2",3,0,0,1,"GTAG",NA,"ANCHOR_UNIQUE,CANONICAL,CIRCULAR,PERFECT_EXT,UNAMBIGUOUS_BP"
"2180","NW_017738988.1",2098608,2102440,"rsi_circ_003158",2,"-",1,2,40,40,"my_test_rsi2",2,0,0,1,"GTAG",NA,"ANCHOR_UNIQUE,CANONICAL,CIRCULAR,PERFECT_EXT,UNAMBIGUOUS_BP"
"2181","NW_017739033.1",2196659,2209181,"rsi_circ_003160",2,"+",1,2,40,40,"my_test_rsi2",2,0,0,1,"GTAG",NA,"ANCHOR_UNIQUE,CANONICAL,CIRCULAR,PERFECT_EXT,UNAMBIGUOUS_BP"
"2182","NW_017739050.1",1512954,1540479,"rsi_circ_003161",11,"-",7,11,40,40,"my_test_rsi2",11,0,0,1,"GTAG",NA,"ANCHOR_UNIQUE,CANONICAL,CIRCULAR,PERFECT_EXT,UNAMBIGUOUS_BP"
"2183","NW_017739101.1",949886,950665,"rsi_circ_003162",19,"-",12,19,40,40,"my_test_rsi2",19,0,0,1,"GTAG",NA,"ANCHOR_UNIQUE,CANONICAL,CIRCULAR,PERFECT_EXT,UNAMBIGUOUS_BP"
"2184","NW_017739116.1",4491310,4494123,"rsi_circ_003163",154,"-",59,153,40,40,"my_test_rsi2",154,0,0,1,"GTAG",NA,"ANCHOR_UNIQUE,CANONICAL,CIRCULAR,PERFECT_EXT,UNAMBIGUOUS_BP"
"2185","NW_017739295.1",2088341,2130284,"rsi_circ_003164",2,"-",1,2,40,40,"my_test_rsi2",2,0,0,1,"GTAG",NA,"ANCHOR_UNIQUE,CANONICAL,CIRCULAR,PERFECT_EXT,UNAMBIGUOUS_BP"
"2186","NW_017738979.1",6225137,6229399,"rsi_circ_003165",2,"+",1,2,40,35,"my_test_rsi2",2,0,0,1,"GTAG",NA,"ANCHOR_UNIQUE,CANONICAL,CIRCULAR,PERFECT_EXT,UNAMBIGUOUS_BP"
"2187","NW_017738943.1",13136522,13138246,"rsi_circ_003167",8,"-",2,8,40,40,"my_test_rsi2",8,1,0,1,"GTAG",NA,"ANCHOR_UNIQUE,CANONICAL,CIRCULAR,GOOD_EXT,UNAMBIGUOUS_BP"
"2188","NW_017739710.1",715688,715883,"rsi_circ_003169",2,"+",2,2,40,35,"my_test_rsi2",2,1,0,1,"GTAG",NA,"ANCHOR_UNIQUE,CANONICAL,CIRCULAR,GOOD_EXT,UNAMBIGUOUS_BP"
"2189","NW_017739130.1",1479806,1499738,"rsi_circ_003171",4,"+",2,4,40,5,"my_test_rsi2",4,0,0,1,"GTAG",NA,"ANCHOR_UNIQUE,CANONICAL,CIRCULAR,PERFECT_EXT,UNAMBIGUOUS_BP"
"2190","NW_017739495.1",479573,484783,"rsi_circ_003172",14,"+",9,13,40,40,"my_test_rsi2",14,0,0,1,"GTAG",NA,"ANCHOR_UNIQUE,CANONICAL,CIRCULAR,PERFECT_EXT,UNAMBIGUOUS_BP"
"2191","NW_017738923.1",11947978,11974235,"rsi_circ_003173",2,"-",1,2,40,5,"my_test_rsi2",2,0,0,1,"GTAG",NA,"ANCHOR_UNIQUE,CANONICAL,CIRCULAR,PERFECT_EXT,UNAMBIGUOUS_BP"
"2192","NW_017738970.1",14304548,14316598,"rsi_circ_003174",4,"+",2,4,40,40,"my_test_rsi2",4,0,0,1,"GTAG",NA,"ANCHOR_UNIQUE,CANONICAL,CIRCULAR,PERFECT_EXT,UNAMBIGUOUS_BP"
"2193","NW_017738952.1",1787487,1801389,"rsi_circ_003177",4,"+",3,4,40,40,"my_test_rsi2",4,0,0,1,"GTAG",NA,"ANCHOR_UNIQUE,CANONICAL,CIRCULAR,PERFECT_EXT,UNAMBIGUOUS_BP"
"2194","NW_017739654.1",173709,173913,"rsi_circ_003179",2,"-",2,2,40,5,"my_test_rsi2",2,0,0,1,"GTAG",NA,"ANCHOR_UNIQUE,CANONICAL,CIRCULAR,PERFECT_EXT,UNAMBIGUOUS_BP"
"2195","NW_017739028.1",4999732,5052936,"rsi_circ_003180",4,"+",2,4,40,40,"my_test_rsi2",4,1,0,1,"GTAG",NA,"ANCHOR_UNIQUE,CANONICAL,CIRCULAR,GOOD_EXT,UNAMBIGUOUS_BP"
"2196","NW_017739473.1",1350450,1353918,"rsi_circ_003181",3,"-",1,3,40,5,"my_test_rsi2",3,1,0,1,"GTAG",NA,"ANCHOR_UNIQUE,CANONICAL,CIRCULAR,GOOD_EXT,UNAMBIGUOUS_BP"
"2197","NW_017739258.1",410449,417036,"rsi_circ_003183",3,"+",1,3,40,40,"my_test_rsi2",3,0,0,1,"GTAG",NA,"ANCHOR_UNIQUE,CANONICAL,CIRCULAR,PERFECT_EXT,UNAMBIGUOUS_BP"
"2198","NW_017739128.1",737593,739586,"rsi_circ_003186",3,"+",1,3,40,40,"my_test_rsi2",3,0,0,1,"GTAG",NA,"ANCHOR_UNIQUE,CANONICAL,CIRCULAR,PERFECT_EXT,UNAMBIGUOUS_BP"
"2199","NW_017738973.1",9846854,9871548,"rsi_circ_003188",2,"-",1,2,5,40,"my_test_rsi2",2,1,0,1,"GTAG",NA,"ANCHOR_UNIQUE,CANONICAL,CIRCULAR,GOOD_EXT,UNAMBIGUOUS_BP"
"2200","NW_017738954.1",1830818,1843351,"rsi_circ_003189",4,"+",2,3,5,40,"my_test_rsi2",4,0,0,1,"GTAG",NA,"ANCHOR_UNIQUE,CANONICAL,CIRCULAR,PERFECT_EXT,UNAMBIGUOUS_BP"
"2201","NW_017739326.1",430337,443226,"rsi_circ_003190",3,"+",3,3,40,40,"my_test_rsi2",3,0,0,1,"GTAG",NA,"ANCHOR_UNIQUE,CANONICAL,CIRCULAR,PERFECT_EXT,UNAMBIGUOUS_BP"
"2202","NW_017739145.1",721471,722030,"rsi_circ_003191",4,"-",2,4,40,40,"my_test_rsi2",4,0,0,1,"GTAG",NA,"ANCHOR_UNIQUE,CANONICAL,CIRCULAR,PERFECT_EXT,UNAMBIGUOUS_BP"
"2203","NW_017739687.1",331075,333625,"rsi_circ_003192",2,"-",2,2,40,40,"my_test_rsi2",2,0,0,1,"GTAG",NA,"ANCHOR_UNIQUE,CANONICAL,CIRCULAR,PERFECT_EXT,UNAMBIGUOUS_BP"
"2204","NW_017739440.1",938588,939094,"rsi_circ_003193",39,"-",20,37,40,40,"my_test_rsi2",39,0,0,1,"GTAG",NA,"ANCHOR_UNIQUE,CANONICAL,CIRCULAR,PERFECT_EXT,UNAMBIGUOUS_BP"
"2205","NW_017739064.1",725641,731294,"rsi_circ_003195",10,"-",4,10,40,40,"my_test_rsi2",10,0,0,1,"GTAG",NA,"ANCHOR_UNIQUE,CANONICAL,CIRCULAR,PERFECT_EXT,UNAMBIGUOUS_BP"
"2206","NW_017739461.1",540056,542380,"rsi_circ_003196",5,"-",4,4,40,40,"my_test_rsi2",5,0,0,1,"GTAG",NA,"ANCHOR_UNIQUE,CANONICAL,CIRCULAR,PERFECT_EXT,UNAMBIGUOUS_BP"
"2207","NW_017738980.1",1083332,1085744,"rsi_circ_003199",2,"-",2,2,40,5,"my_test_rsi2",2,0,0,1,"GTAG",NA,"ANCHOR_UNIQUE,CANONICAL,CIRCULAR,PERFECT_EXT,UNAMBIGUOUS_BP"
"2208","NW_017739001.1",86535,87034,"rsi_circ_003200",2,"+",1,2,5,40,"my_test_rsi2",2,2,0,1,"GTAG",NA,"ANCHOR_UNIQUE,CANONICAL,CIRCULAR,OK_EXT,UNAMBIGUOUS_BP"
"2209","NW_017739403.1",950126,962408,"rsi_circ_003201",2,"+",1,2,40,40,"my_test_rsi2",2,0,0,1,"GTAG",NA,"ANCHOR_UNIQUE,CANONICAL,CIRCULAR,PERFECT_EXT,UNAMBIGUOUS_BP"
"2210","NW_017739204.1",1684972,1689993,"rsi_circ_003202",3,"+",2,3,40,40,"my_test_rsi2",3,1,0,1,"GTAG",NA,"ANCHOR_UNIQUE,CANONICAL,CIRCULAR,GOOD_EXT,UNAMBIGUOUS_BP"
"2211","NW_017739170.1",3441156,3441497,"rsi_circ_003203",2,"-",1,2,40,40,"my_test_rsi2",2,0,0,1,"GTAG",NA,"ANCHOR_UNIQUE,CANONICAL,CIRCULAR,PERFECT_EXT,UNAMBIGUOUS_BP"
"2212","NW_017739140.1",1647700,1657306,"rsi_circ_003205",5,"-",2,4,40,5,"my_test_rsi2",5,0,0,1,"GTAG",NA,"ANCHOR_UNIQUE,CANONICAL,CIRCULAR,PERFECT_EXT,UNAMBIGUOUS_BP"
"2213","NW_017738922.1",6964441,6976295,"rsi_circ_003206",2,"-",2,2,40,40,"my_test_rsi2",2,0,0,1,"GTAG",NA,"ANCHOR_UNIQUE,CANONICAL,CIRCULAR,PERFECT_EXT,UNAMBIGUOUS_BP"
"2214","NW_017738956.1",4822113,4827568,"rsi_circ_003207",9,"+",7,9,40,40,"my_test_rsi2",9,0,0,1,"GTAG",NA,"ANCHOR_UNIQUE,CANONICAL,CIRCULAR,PERFECT_EXT,UNAMBIGUOUS_BP"
"2215","NW_017739015.1",6916337,6917258,"rsi_circ_003208",5,"-",2,5,40,40,"my_test_rsi2",5,0,0,1,"GTAG",NA,"ANCHOR_UNIQUE,CANONICAL,CIRCULAR,PERFECT_EXT,UNAMBIGUOUS_BP"
"2216","NW_017739015.1",2234746,2248206,"rsi_circ_003210",3,"+",1,3,40,36,"my_test_rsi2",3,2,0,1,"GTAG",NA,"ANCHOR_UNIQUE,CANONICAL,CIRCULAR,OK_EXT,UNAMBIGUOUS_BP"
"2217","NW_017739074.1",3201264,3209307,"rsi_circ_003212",11,"+",6,11,40,40,"my_test_rsi2",11,0,0,1,"GTAG",NA,"ANCHOR_UNIQUE,CANONICAL,CIRCULAR,PERFECT_EXT,UNAMBIGUOUS_BP"
"2218","NW_017739233.1",2494806,2499675,"rsi_circ_003213",3,"-",2,3,40,40,"my_test_rsi2",3,0,0,1,"GTAG",NA,"ANCHOR_UNIQUE,CANONICAL,CIRCULAR,PERFECT_EXT,UNAMBIGUOUS_BP"
"2219","NW_017738951.1",138194,143270,"rsi_circ_003214",2,"-",1,2,40,40,"my_test_rsi2",2,0,0,1,"GTAG",NA,"ANCHOR_UNIQUE,CANONICAL,CIRCULAR,PERFECT_EXT,UNAMBIGUOUS_BP"
"2220","NW_017739233.1",2494806,2507772,"rsi_circ_003215",2,"-",1,2,5,5,"my_test_rsi2",2,0,0,1,"GTAG",NA,"ANCHOR_UNIQUE,CANONICAL,CIRCULAR,PERFECT_EXT,UNAMBIGUOUS_BP"
"2221","NW_017739130.1",1572990,1585292,"rsi_circ_003216",9,"+",4,9,40,40,"my_test_rsi2",9,0,0,1,"GTAG",NA,"ANCHOR_UNIQUE,CANONICAL,CIRCULAR,PERFECT_EXT,UNAMBIGUOUS_BP"
"2222","NW_017739050.1",1837746,1838955,"rsi_circ_003217",2,"+",1,2,40,5,"my_test_rsi2",2,0,0,1,"GTAG",NA,"ANCHOR_UNIQUE,CANONICAL,CIRCULAR,PERFECT_EXT,UNAMBIGUOUS_BP"
"2223","NW_017738970.1",3847262,3859844,"rsi_circ_003218",2,"-",1,1,2,36,"my_test_rsi2",2,2,0,1,"GTAG",NA,"ANCHOR_UNIQUE,CANONICAL,CIRCULAR,OK_EXT,UNAMBIGUOUS_BP"
"2224","NW_017739075.1",562831,574521,"rsi_circ_003219",12,"-",6,12,40,40,"my_test_rsi2",12,0,0,1,"GTAG",NA,"ANCHOR_UNIQUE,CANONICAL,CIRCULAR,PERFECT_EXT,UNAMBIGUOUS_BP"
"2225","NW_017739237.1",1682603,1707908,"rsi_circ_003220",5,"+",4,5,40,40,"my_test_rsi2",5,0,0,1,"GTAG",NA,"ANCHOR_UNIQUE,CANONICAL,CIRCULAR,PERFECT_EXT,UNAMBIGUOUS_BP"
"2226","NW_017739002.1",2553999,2558411,"rsi_circ_003224",8,"-",8,8,40,40,"my_test_rsi2",8,0,0,1,"GTAG",NA,"ANCHOR_UNIQUE,CANONICAL,CIRCULAR,PERFECT_EXT,UNAMBIGUOUS_BP"
"2227","NW_017739347.1",671074,671980,"rsi_circ_003225",33,"+",18,33,40,40,"my_test_rsi2",33,0,0,1,"GTAG",NA,"ANCHOR_UNIQUE,CANONICAL,CIRCULAR,PERFECT_EXT,UNAMBIGUOUS_BP"
"2228","NW_017738920.1",8185080,8185640,"rsi_circ_003226",2,"+",2,2,35,40,"my_test_rsi2",2,0,0,1,"GTAG",NA,"ANCHOR_UNIQUE,CANONICAL,CIRCULAR,PERFECT_EXT,UNAMBIGUOUS_BP"
"2229","NW_017739702.1",117666,179021,"rsi_circ_003227",2,"-",2,2,40,40,"my_test_rsi2",2,1,0,1,"GTAG",NA,"ANCHOR_UNIQUE,CANONICAL,CIRCULAR,GOOD_EXT,UNAMBIGUOUS_BP"
"2230","NW_017738968.1",1709163,1710078,"rsi_circ_003231",5,"+",1,5,40,40,"my_test_rsi2",5,0,0,1,"GTAG",NA,"ANCHOR_UNIQUE,CANONICAL,CIRCULAR,PERFECT_EXT,UNAMBIGUOUS_BP"
"2231","NW_017738993.1",2226258,2236618,"rsi_circ_003232",7,"-",3,7,40,40,"my_test_rsi2",7,0,0,1,"GTAG",NA,"ANCHOR_UNIQUE,CANONICAL,CIRCULAR,PERFECT_EXT,UNAMBIGUOUS_BP"
"2232","NW_017739398.1",591798,592670,"rsi_circ_003233",9,"+",6,9,40,37,"my_test_rsi2",9,0,0,1,"GTAG",NA,"ANCHOR_UNIQUE,CANONICAL,CIRCULAR,PERFECT_EXT,UNAMBIGUOUS_BP"
"2233","NW_017739003.1",843991,845189,"rsi_circ_003235",2,"+",1,2,40,5,"my_test_rsi2",2,0,0,1,"GTAG",NA,"ANCHOR_UNIQUE,CANONICAL,CIRCULAR,PERFECT_EXT,UNAMBIGUOUS_BP"
"2234","NW_017738927.1",2082909,2133522,"rsi_circ_003236",2,"+",2,2,40,40,"my_test_rsi2",2,1,0,1,"GTAG",NA,"ANCHOR_UNIQUE,CANONICAL,CIRCULAR,GOOD_EXT,UNAMBIGUOUS_BP"
"2235","NW_017738979.1",643217,668960,"rsi_circ_003237",2,"-",2,2,40,40,"my_test_rsi2",2,1,0,1,"GTAG",NA,"ANCHOR_UNIQUE,CANONICAL,CIRCULAR,GOOD_EXT,UNAMBIGUOUS_BP"
"2236","NW_017739182.1",1177320,1179578,"rsi_circ_003239",2,"-",2,2,40,40,"my_test_rsi2",2,0,0,1,"GTAG",NA,"ANCHOR_UNIQUE,CANONICAL,CIRCULAR,PERFECT_EXT,UNAMBIGUOUS_BP"
"2237","NW_017739174.1",913348,918863,"rsi_circ_003240",2,"-",1,2,5,40,"my_test_rsi2",2,0,0,1,"GTAG",NA,"ANCHOR_UNIQUE,CANONICAL,CIRCULAR,PERFECT_EXT,UNAMBIGUOUS_BP"
"2238","NW_017739260.1",2781979,2790688,"rsi_circ_003242",2,"+",1,2,40,40,"my_test_rsi2",2,1,0,1,"GTAG",NA,"ANCHOR_UNIQUE,CANONICAL,CIRCULAR,GOOD_EXT,UNAMBIGUOUS_BP"
"2239","NW_017739043.1",2824160,2830267,"rsi_circ_003243",3,"+",1,3,40,40,"my_test_rsi2",3,1,0,1,"GTAG",NA,"ANCHOR_UNIQUE,CANONICAL,CIRCULAR,GOOD_EXT,UNAMBIGUOUS_BP"
"2240","NW_017739709.1",668026,668422,"rsi_circ_003244",2,"-",1,2,40,5,"my_test_rsi2",2,0,0,1,"GTAG",NA,"ANCHOR_UNIQUE,CANONICAL,CIRCULAR,PERFECT_EXT,UNAMBIGUOUS_BP"
"2241","NW_017739088.1",8495841,8499445,"rsi_circ_003247",2,"+",1,2,40,40,"my_test_rsi2",2,0,0,1,"GTAG",NA,"ANCHOR_UNIQUE,CANONICAL,CIRCULAR,PERFECT_EXT,UNAMBIGUOUS_BP"
"2242","NW_017738984.1",1924086,1932275,"rsi_circ_003250",9,"+",4,9,40,40,"my_test_rsi2",9,0,0,1,"GTAG",NA,"ANCHOR_UNIQUE,CANONICAL,CIRCULAR,PERFECT_EXT,UNAMBIGUOUS_BP"
"2243","NW_017739487.1",140995,148534,"rsi_circ_003251",2,"-",2,2,40,40,"my_test_rsi2",2,0,0,1,"GTAG",NA,"ANCHOR_UNIQUE,CANONICAL,CIRCULAR,PERFECT_EXT,UNAMBIGUOUS_BP"
"2244","NW_017739016.1",6292999,6293180,"rsi_circ_003252",3,"-",2,3,40,40,"my_test_rsi2",3,0,0,1,"GTAG",NA,"ANCHOR_UNIQUE,CANONICAL,CIRCULAR,PERFECT_EXT,UNAMBIGUOUS_BP"
"2245","NW_017739593.1",187350,189005,"rsi_circ_003253",7,"-",4,7,40,40,"my_test_rsi2",7,0,0,1,"GTAG",NA,"ANCHOR_UNIQUE,CANONICAL,CIRCULAR,PERFECT_EXT,UNAMBIGUOUS_BP"
"2246","NW_017738956.1",4878119,4879892,"rsi_circ_003254",2,"-",1,2,40,40,"my_test_rsi2",2,2,0,1,"GTAG",NA,"ANCHOR_UNIQUE,CANONICAL,CIRCULAR,OK_EXT,UNAMBIGUOUS_BP"
"2247","NW_017739040.1",2828193,2840045,"rsi_circ_003255",3,"-",1,3,5,40,"my_test_rsi2",3,0,0,1,"GTAG",NA,"ANCHOR_UNIQUE,CANONICAL,CIRCULAR,PERFECT_EXT,UNAMBIGUOUS_BP"
"2248","NW_017739029.1",1685151,1686738,"rsi_circ_003256",2,"+",1,2,40,40,"my_test_rsi2",2,0,0,1,"GTAG",NA,"ANCHOR_UNIQUE,CANONICAL,CIRCULAR,PERFECT_EXT,UNAMBIGUOUS_BP"
"2249","NW_017739166.1",2010226,2010949,"rsi_circ_003257",2,"-",2,2,40,40,"my_test_rsi2",2,1,0,1,"GTAG",NA,"ANCHOR_UNIQUE,CANONICAL,CIRCULAR,GOOD_EXT,UNAMBIGUOUS_BP"
"2250","NW_017738940.1",4064069,4067337,"rsi_circ_003258",9,"-",4,8,40,40,"my_test_rsi2",9,1,0,1,"GTAG",NA,"ANCHOR_UNIQUE,CANONICAL,CIRCULAR,GOOD_EXT,UNAMBIGUOUS_BP"
"2251","NW_017739668.1",60315,72826,"rsi_circ_003260",48,"-",24,46,40,40,"my_test_rsi2",48,0,0,1,"GTAG",NA,"ANCHOR_UNIQUE,CANONICAL,CIRCULAR,PERFECT_EXT,UNAMBIGUOUS_BP"
"2252","NW_017739032.1",2021866,2024022,"rsi_circ_003261",9,"-",6,8,40,40,"my_test_rsi2",9,0,0,1,"GTAG",NA,"ANCHOR_UNIQUE,CANONICAL,CIRCULAR,PERFECT_EXT,UNAMBIGUOUS_BP"
"2253","NW_017738940.1",7234633,7240227,"rsi_circ_003262",2,"+",1,2,40,40,"my_test_rsi2",2,0,0,1,"GTAG",NA,"ANCHOR_UNIQUE,CANONICAL,CIRCULAR,PERFECT_EXT,UNAMBIGUOUS_BP"
"2254","NW_017738975.1",4313960,4316382,"rsi_circ_003263",14,"+",7,12,40,40,"my_test_rsi2",14,0,0,1,"GTAG",NA,"ANCHOR_UNIQUE,CANONICAL,CIRCULAR,PERFECT_EXT,UNAMBIGUOUS_BP"
"2255","NW_017739403.1",63918,65859,"rsi_circ_003264",2,"-",1,2,40,5,"my_test_rsi2",2,0,0,1,"GTAG",NA,"ANCHOR_UNIQUE,CANONICAL,CIRCULAR,PERFECT_EXT,UNAMBIGUOUS_BP"
"2256","NW_017738956.1",3518852,3523645,"rsi_circ_003265",4,"-",3,4,40,5,"my_test_rsi2",4,0,0,1,"GTAG",NA,"ANCHOR_UNIQUE,CANONICAL,CIRCULAR,PERFECT_EXT,UNAMBIGUOUS_BP"
"2257","NW_017739287.1",1489797,1493719,"rsi_circ_003266",2,"+",2,2,40,40,"my_test_rsi2",2,0,0,1,"GTAG",NA,"ANCHOR_UNIQUE,CANONICAL,CIRCULAR,PERFECT_EXT,UNAMBIGUOUS_BP"
"2258","NW_017739108.1",2418504,2440652,"rsi_circ_003268",4,"+",2,4,40,40,"my_test_rsi2",4,0,0,1,"GTAG",NA,"ANCHOR_UNIQUE,CANONICAL,CIRCULAR,PERFECT_EXT,UNAMBIGUOUS_BP"
"2259","NW_017738972.1",126800,129877,"rsi_circ_003269",5,"+",3,5,40,40,"my_test_rsi2",5,0,0,1,"GTAG",NA,"ANCHOR_UNIQUE,CANONICAL,CIRCULAR,PERFECT_EXT,UNAMBIGUOUS_BP"
"2260","NW_017739075.1",1381577,1386166,"rsi_circ_003270",3,"-",1,3,5,35,"my_test_rsi2",3,0,0,1,"GTAG",NA,"ANCHOR_UNIQUE,CANONICAL,CIRCULAR,PERFECT_EXT,UNAMBIGUOUS_BP"
"2261","NW_017738921.1",5694517,5742544,"rsi_circ_003271",2,"-",2,2,40,40,"my_test_rsi2",2,0,0,1,"GTAG",NA,"ANCHOR_UNIQUE,CANONICAL,CIRCULAR,PERFECT_EXT,UNAMBIGUOUS_BP"
"2262","NW_017739735.1",89223,92006,"rsi_circ_003272",2,"-",2,2,5,40,"my_test_rsi2",2,0,0,1,"GTAG",NA,"ANCHOR_UNIQUE,CANONICAL,CIRCULAR,PERFECT_EXT,UNAMBIGUOUS_BP"
"2263","NW_017739247.1",653653,658176,"rsi_circ_003273",2,"+",1,2,35,5,"my_test_rsi2",2,2,0,1,"GTAG",NA,"ANCHOR_UNIQUE,CANONICAL,CIRCULAR,OK_EXT,UNAMBIGUOUS_BP"
"2264","NW_017739654.1",380275,384313,"rsi_circ_003274",2,"+",1,2,5,5,"my_test_rsi2",2,0,0,1,"GTAG",NA,"ANCHOR_UNIQUE,CANONICAL,CIRCULAR,PERFECT_EXT,UNAMBIGUOUS_BP"
"2265","NW_017739511.1",278401,278845,"rsi_circ_003275",8,"-",3,8,40,40,"my_test_rsi2",8,0,0,1,"GTAG",NA,"ANCHOR_UNIQUE,CANONICAL,CIRCULAR,PERFECT_EXT,UNAMBIGUOUS_BP"
"2266","NW_017738967.1",564674,567976,"rsi_circ_003276",2,"+",1,2,5,40,"my_test_rsi2",2,0,0,1,"GTAG",NA,"ANCHOR_UNIQUE,CANONICAL,CIRCULAR,PERFECT_EXT,UNAMBIGUOUS_BP"
"2267","NW_017738949.1",4196933,4204986,"rsi_circ_003280",6,"-",5,6,40,40,"my_test_rsi2",6,0,0,1,"GTAG",NA,"ANCHOR_UNIQUE,CANONICAL,CIRCULAR,PERFECT_EXT,UNAMBIGUOUS_BP"
"2268","NW_017739702.1",173483,179021,"rsi_circ_003281",4,"-",3,4,35,40,"my_test_rsi2",4,0,0,1,"GTAG",NA,"ANCHOR_UNIQUE,CANONICAL,CIRCULAR,PERFECT_EXT,UNAMBIGUOUS_BP"
"2269","NW_017738976.1",936890,939612,"rsi_circ_003282",2,"+",2,2,40,40,"my_test_rsi2",2,1,0,1,"GTAG",NA,"ANCHOR_UNIQUE,CANONICAL,CIRCULAR,GOOD_EXT,UNAMBIGUOUS_BP"
"2270","NW_017738987.1",2124845,2130360,"rsi_circ_003283",3,"-",2,3,40,40,"my_test_rsi2",3,0,0,1,"GTAG",NA,"ANCHOR_UNIQUE,CANONICAL,CIRCULAR,PERFECT_EXT,UNAMBIGUOUS_BP"
"2271","NW_017739076.1",2173837,2178868,"rsi_circ_003284",3,"-",2,3,40,40,"my_test_rsi2",3,0,0,1,"GTAG",NA,"ANCHOR_UNIQUE,CANONICAL,CIRCULAR,PERFECT_EXT,UNAMBIGUOUS_BP"
"2272","NW_017739146.1",3123831,3143743,"rsi_circ_003285",3,"+",2,3,40,40,"my_test_rsi2",3,1,0,1,"GTAG",NA,"ANCHOR_UNIQUE,CANONICAL,CIRCULAR,GOOD_EXT,UNAMBIGUOUS_BP"
"2273","NW_017739489.1",462586,470304,"rsi_circ_003289",2,"-",2,2,40,5,"my_test_rsi2",2,1,0,1,"GTAG",NA,"ANCHOR_UNIQUE,CANONICAL,CIRCULAR,GOOD_EXT,UNAMBIGUOUS_BP"
"2274","NW_017739377.1",781248,788082,"rsi_circ_003290",8,"+",5,7,40,40,"my_test_rsi2",8,0,0,1,"GTAG",NA,"ANCHOR_UNIQUE,CANONICAL,CIRCULAR,PERFECT_EXT,UNAMBIGUOUS_BP"
"2275","NW_017739099.1",2039294,2048969,"rsi_circ_003292",6,"+",3,4,40,40,"my_test_rsi2",6,0,0,1,"GTAG",NA,"ANCHOR_UNIQUE,CANONICAL,CIRCULAR,PERFECT_EXT,UNAMBIGUOUS_BP"
"2276","NW_017738985.1",6620598,6621453,"rsi_circ_003293",4,"+",3,3,40,5,"my_test_rsi2",4,0,0,1,"GTAG",NA,"ANCHOR_UNIQUE,CANONICAL,CIRCULAR,PERFECT_EXT,UNAMBIGUOUS_BP"
"2277","NW_017739578.1",26719,31432,"rsi_circ_003294",3,"-",2,3,40,40,"my_test_rsi2",3,1,0,1,"GTAG",NA,"ANCHOR_UNIQUE,CANONICAL,CIRCULAR,GOOD_EXT,UNAMBIGUOUS_BP"
"2278","NW_017739239.1",61307,70288,"rsi_circ_003296",5,"-",2,5,40,40,"my_test_rsi2",5,0,0,1,"GTAG",NA,"ANCHOR_UNIQUE,CANONICAL,CIRCULAR,PERFECT_EXT,UNAMBIGUOUS_BP"
"2279","NW_017738975.1",487044,494625,"rsi_circ_003297",29,"+",18,29,40,40,"my_test_rsi2",29,0,0,1,"GTAG",NA,"ANCHOR_UNIQUE,CANONICAL,CIRCULAR,PERFECT_EXT,UNAMBIGUOUS_BP"
"2280","NW_017739030.1",49849,51753,"rsi_circ_003299",6,"+",4,6,40,40,"my_test_rsi2",6,0,0,1,"GTAG",NA,"ANCHOR_UNIQUE,CANONICAL,CIRCULAR,PERFECT_EXT,UNAMBIGUOUS_BP"
"2281","NW_017738956.1",4841893,4843184,"rsi_circ_003300",9,"-",5,9,40,40,"my_test_rsi2",9,1,0,1,"GTAG",NA,"ANCHOR_UNIQUE,CANONICAL,CIRCULAR,GOOD_EXT,UNAMBIGUOUS_BP"
"2282","NW_017739006.1",1250952,1259595,"rsi_circ_003301",2,"-",1,2,40,40,"my_test_rsi2",2,0,0,1,"GTAG",NA,"ANCHOR_UNIQUE,CANONICAL,CIRCULAR,PERFECT_EXT,UNAMBIGUOUS_BP"
"2283","NW_017739887.1",24184,24809,"rsi_circ_003303",5,"+",4,4,40,35,"my_test_rsi2",5,1,0,1,"GTAG",NA,"ANCHOR_UNIQUE,CANONICAL,CIRCULAR,GOOD_EXT,UNAMBIGUOUS_BP"
"2284","NW_017739213.1",640582,641064,"rsi_circ_003304",2,"+",1,2,40,40,"my_test_rsi2",2,0,0,1,"GTAG",NA,"ANCHOR_UNIQUE,CANONICAL,CIRCULAR,PERFECT_EXT,UNAMBIGUOUS_BP"
"2285","NW_017738958.1",5025631,5062901,"rsi_circ_003305",2,"-",2,2,40,40,"my_test_rsi2",2,0,0,1,"GTAG",NA,"ANCHOR_UNIQUE,CANONICAL,CIRCULAR,PERFECT_EXT,UNAMBIGUOUS_BP"
"2286","NW_017739279.1",237074,240920,"rsi_circ_003306",38,"+",16,38,40,40,"my_test_rsi2",38,0,0,1,"GTAG",NA,"ANCHOR_UNIQUE,CANONICAL,CIRCULAR,PERFECT_EXT,UNAMBIGUOUS_BP"
"2287","NW_017739071.1",3385666,3386176,"rsi_circ_003311",6,"+",2,6,40,40,"my_test_rsi2",6,0,0,1,"GTAG",NA,"ANCHOR_UNIQUE,CANONICAL,CIRCULAR,PERFECT_EXT,UNAMBIGUOUS_BP"
"2288","NW_017738958.1",7936458,7951494,"rsi_circ_003312",9,"+",5,9,40,40,"my_test_rsi2",9,0,0,1,"GTAG",NA,"ANCHOR_UNIQUE,CANONICAL,CIRCULAR,PERFECT_EXT,UNAMBIGUOUS_BP"
"2289","NW_017739886.1",52862,115707,"rsi_circ_003313",3,"+",2,3,40,40,"my_test_rsi2",3,0,0,1,"GTAG",NA,"ANCHOR_UNIQUE,CANONICAL,CIRCULAR,PERFECT_EXT,UNAMBIGUOUS_BP"
"2290","NW_017739594.1",349237,349375,"rsi_circ_003314",4,"+",1,4,40,40,"my_test_rsi2",4,0,0,1,"GTAG",NA,"ANCHOR_UNIQUE,CANONICAL,CIRCULAR,PERFECT_EXT,UNAMBIGUOUS_BP"
"2291","NW_017739065.1",693356,694781,"rsi_circ_003315",2,"+",1,2,5,40,"my_test_rsi2",2,0,0,1,"GTAG",NA,"ANCHOR_UNIQUE,CANONICAL,CIRCULAR,PERFECT_EXT,UNAMBIGUOUS_BP"
"2292","NW_017739358.1",366749,368002,"rsi_circ_003318",60,"+",30,59,40,40,"my_test_rsi2",60,0,0,1,"GTAG",NA,"ANCHOR_UNIQUE,CANONICAL,CIRCULAR,PERFECT_EXT,UNAMBIGUOUS_BP"
"2293","NW_017739190.1",3021963,3024115,"rsi_circ_003321",2,"+",1,2,5,40,"my_test_rsi2",2,1,0,1,"GTAG",NA,"ANCHOR_UNIQUE,CANONICAL,CIRCULAR,GOOD_EXT,UNAMBIGUOUS_BP"
"2294","NW_017739040.1",10006647,10027935,"rsi_circ_003323",3,"-",2,3,40,5,"my_test_rsi2",3,1,0,1,"GTAG",NA,"ANCHOR_UNIQUE,CANONICAL,CIRCULAR,GOOD_EXT,UNAMBIGUOUS_BP"
"2295","NW_017738927.1",448258,468188,"rsi_circ_003324",7,"-",3,7,40,40,"my_test_rsi2",7,0,0,1,"GTAG",NA,"ANCHOR_UNIQUE,CANONICAL,CIRCULAR,PERFECT_EXT,UNAMBIGUOUS_BP"
"2296","NW_017738957.1",14438366,14442262,"rsi_circ_003325",2,"-",1,2,5,40,"my_test_rsi2",2,0,0,1,"GTAG",NA,"ANCHOR_UNIQUE,CANONICAL,CIRCULAR,PERFECT_EXT,UNAMBIGUOUS_BP"
"2297","NW_017739052.1",1661156,1661313,"rsi_circ_003326",4,"-",1,4,35,40,"my_test_rsi2",4,1,0,1,"GTAG",NA,"ANCHOR_UNIQUE,CANONICAL,CIRCULAR,GOOD_EXT,UNAMBIGUOUS_BP"
"2298","NW_017738984.1",8596869,8611589,"rsi_circ_003331",2,"+",2,1,40,40,"my_test_rsi2",2,0,0,1,"GTAG",NA,"ANCHOR_UNIQUE,CANONICAL,CIRCULAR,PERFECT_EXT,UNAMBIGUOUS_BP"
"2299","NW_017739293.1",633063,634201,"rsi_circ_003333",2,"-",1,2,40,40,"my_test_rsi2",2,2,0,1,"GTAG",NA,"ANCHOR_UNIQUE,CANONICAL,CIRCULAR,OK_EXT,UNAMBIGUOUS_BP"
"2300","NW_017739213.1",677371,682020,"rsi_circ_003334",16,"+",8,16,40,40,"my_test_rsi2",16,0,0,1,"GTAG",NA,"ANCHOR_UNIQUE,CANONICAL,CIRCULAR,PERFECT_EXT,UNAMBIGUOUS_BP"
"2301","NW_017739486.1",123579,133237,"rsi_circ_003335",2,"-",2,2,5,40,"my_test_rsi2",2,2,0,1,"GTAG",NA,"ANCHOR_UNIQUE,CANONICAL,CIRCULAR,OK_EXT,UNAMBIGUOUS_BP"
"2302","NW_017739292.1",1007941,1011227,"rsi_circ_003336",3,"-",1,3,40,40,"my_test_rsi2",3,0,0,1,"GTAG",NA,"ANCHOR_UNIQUE,CANONICAL,CIRCULAR,PERFECT_EXT,UNAMBIGUOUS_BP"
"2303","NW_017738979.1",818512,829580,"rsi_circ_003337",5,"-",2,5,40,40,"my_test_rsi2",5,0,0,1,"GTAG",NA,"ANCHOR_UNIQUE,CANONICAL,CIRCULAR,PERFECT_EXT,UNAMBIGUOUS_BP"
"2304","NW_017739667.1",568612,571928,"rsi_circ_003338",6,"+",2,4,5,40,"my_test_rsi2",6,0,0,1,"GTAG",NA,"ANCHOR_UNIQUE,CANONICAL,CIRCULAR,PERFECT_EXT,UNAMBIGUOUS_BP"
"2305","NW_017739014.1",4752199,4755029,"rsi_circ_003339",3,"-",3,3,40,40,"my_test_rsi2",3,0,0,1,"GTAG",NA,"ANCHOR_UNIQUE,CANONICAL,CIRCULAR,PERFECT_EXT,UNAMBIGUOUS_BP"
"2306","NW_017739067.1",1757152,1761889,"rsi_circ_003341",13,"+",12,13,40,40,"my_test_rsi2",13,0,0,1,"GTAG",NA,"ANCHOR_UNIQUE,CANONICAL,CIRCULAR,PERFECT_EXT,UNAMBIGUOUS_BP"
"2307","NW_017739638.1",756457,757572,"rsi_circ_003342",12,"+",5,4,40,35,"my_test_rsi2",12,0,0,1,"GTAG",NA,"ANCHOR_UNIQUE,CANONICAL,CIRCULAR,PERFECT_EXT,UNAMBIGUOUS_BP"
"2308","NW_017739076.1",1362516,1365981,"rsi_circ_003343",5,"+",5,3,37,40,"my_test_rsi2",5,1,0,1,"GTAG",NA,"ANCHOR_UNIQUE,CANONICAL,CIRCULAR,GOOD_EXT,UNAMBIGUOUS_BP"
"2309","NW_017739424.1",479102,479378,"rsi_circ_003344",2,"+",2,2,40,40,"my_test_rsi2",2,0,0,1,"GTAG",NA,"ANCHOR_UNIQUE,CANONICAL,CIRCULAR,PERFECT_EXT,UNAMBIGUOUS_BP"
"2310","NW_017739068.1",4098052,4104049,"rsi_circ_003345",2,"+",1,2,40,40,"my_test_rsi2",2,0,0,1,"GTAG",NA,"ANCHOR_UNIQUE,CANONICAL,CIRCULAR,PERFECT_EXT,UNAMBIGUOUS_BP"
"2311","NW_017739653.1",43290,43809,"rsi_circ_003348",2,"-",1,2,5,5,"my_test_rsi2",2,0,0,1,"GTAG",NA,"ANCHOR_UNIQUE,CANONICAL,CIRCULAR,PERFECT_EXT,UNAMBIGUOUS_BP"
"2312","NW_017738932.1",7177022,7190407,"rsi_circ_003350",2,"+",1,2,40,5,"my_test_rsi2",2,1,0,1,"GTAG",NA,"ANCHOR_UNIQUE,CANONICAL,CIRCULAR,GOOD_EXT,UNAMBIGUOUS_BP"
"2313","NW_017739939.1",232679,235343,"rsi_circ_003353",6,"+",3,6,40,40,"my_test_rsi2",6,0,0,1,"GTAG",NA,"ANCHOR_UNIQUE,CANONICAL,CIRCULAR,PERFECT_EXT,UNAMBIGUOUS_BP"
"2314","NW_017739356.1",2416071,2466182,"rsi_circ_003354",4,"-",3,3,40,40,"my_test_rsi2",4,0,0,1,"GTAG",NA,"ANCHOR_UNIQUE,CANONICAL,CIRCULAR,PERFECT_EXT,UNAMBIGUOUS_BP"
"2315","NW_017739150.1",1136241,1136958,"rsi_circ_003355",74,"+",33,70,40,40,"my_test_rsi2",74,1,0,1,"GTAG",NA,"ANCHOR_UNIQUE,CANONICAL,CIRCULAR,GOOD_EXT,UNAMBIGUOUS_BP"
"2316","NW_017739886.1",52862,63205,"rsi_circ_003356",2,"+",2,2,40,40,"my_test_rsi2",2,0,0,1,"GTAG",NA,"ANCHOR_UNIQUE,CANONICAL,CIRCULAR,PERFECT_EXT,UNAMBIGUOUS_BP"
"2317","NW_017739698.1",126708,156393,"rsi_circ_003357",5,"-",3,5,40,40,"my_test_rsi2",5,0,0,1,"GTAG",NA,"ANCHOR_UNIQUE,CANONICAL,CIRCULAR,PERFECT_EXT,UNAMBIGUOUS_BP"
"2318","NW_017739479.1",371414,413709,"rsi_circ_003359",2,"+",1,2,37,40,"my_test_rsi2",2,1,0,1,"GTAG",NA,"ANCHOR_UNIQUE,CANONICAL,CIRCULAR,GOOD_EXT,UNAMBIGUOUS_BP"
"2319","NW_017739177.1",44053,45503,"rsi_circ_003360",2,"+",2,1,40,40,"my_test_rsi2",2,0,0,1,"GTAG",NA,"ANCHOR_UNIQUE,CANONICAL,CIRCULAR,PERFECT_EXT,UNAMBIGUOUS_BP"
"2320","NW_017739134.1",1306519,1307160,"rsi_circ_003362",4,"+",2,4,40,40,"my_test_rsi2",4,0,0,1,"GTAG",NA,"ANCHOR_UNIQUE,CANONICAL,CIRCULAR,PERFECT_EXT,UNAMBIGUOUS_BP"
"2321","NW_017738981.1",3171283,3173393,"rsi_circ_003364",7,"-",3,3,40,40,"my_test_rsi2",7,1,0,1,"GTAG",NA,"ANCHOR_UNIQUE,CANONICAL,CIRCULAR,GOOD_EXT,UNAMBIGUOUS_BP"
"2322","NW_017739409.1",386129,390953,"rsi_circ_003366",37,"+",18,37,40,40,"my_test_rsi2",37,0,0,1,"GTAG",NA,"ANCHOR_UNIQUE,CANONICAL,CIRCULAR,PERFECT_EXT,UNAMBIGUOUS_BP"
"2323","NW_017739415.1",1597217,1600259,"rsi_circ_003367",2,"+",2,2,40,40,"my_test_rsi2",2,0,0,1,"GTAG",NA,"ANCHOR_UNIQUE,CANONICAL,CIRCULAR,PERFECT_EXT,UNAMBIGUOUS_BP"
"2324","NW_017738967.1",5367578,5373058,"rsi_circ_003368",2,"-",2,2,40,40,"my_test_rsi2",2,2,0,1,"GTAG",NA,"ANCHOR_UNIQUE,CANONICAL,CIRCULAR,OK_EXT,UNAMBIGUOUS_BP"
"2325","NW_017739037.1",114446,128325,"rsi_circ_003370",2,"+",2,2,40,40,"my_test_rsi2",2,1,0,1,"GTAG",NA,"ANCHOR_UNIQUE,CANONICAL,CIRCULAR,GOOD_EXT,UNAMBIGUOUS_BP"
"2326","NW_017738992.1",506945,529469,"rsi_circ_003372",18,"-",9,18,40,40,"my_test_rsi2",18,0,0,1,"GTAG",NA,"ANCHOR_UNIQUE,CANONICAL,CIRCULAR,PERFECT_EXT,UNAMBIGUOUS_BP"
"2327","NW_017739084.1",904517,929334,"rsi_circ_003373",3,"+",1,3,35,40,"my_test_rsi2",3,2,0,1,"GTAG",NA,"ANCHOR_UNIQUE,CANONICAL,CIRCULAR,OK_EXT,UNAMBIGUOUS_BP"
"2328","NW_017739014.1",5148212,5149581,"rsi_circ_003374",126,"+",47,125,40,40,"my_test_rsi2",126,0,0,1,"GTAG",NA,"ANCHOR_UNIQUE,CANONICAL,CIRCULAR,PERFECT_EXT,UNAMBIGUOUS_BP"
"2329","NW_017739600.1",82566,88036,"rsi_circ_003376",2,"-",1,2,40,5,"my_test_rsi2",2,0,0,1,"GTAG",NA,"ANCHOR_UNIQUE,CANONICAL,CIRCULAR,PERFECT_EXT,UNAMBIGUOUS_BP"
"2330","NW_017739069.1",1404357,1405509,"rsi_circ_003377",2,"+",2,2,40,40,"my_test_rsi2",2,0,0,1,"GTAG",NA,"ANCHOR_UNIQUE,CANONICAL,CIRCULAR,PERFECT_EXT,UNAMBIGUOUS_BP"
"2331","NW_017739063.1",561281,572579,"rsi_circ_003379",3,"-",2,2,5,40,"my_test_rsi2",3,0,0,1,"GTAG",NA,"ANCHOR_UNIQUE,CANONICAL,CIRCULAR,PERFECT_EXT,UNAMBIGUOUS_BP"
"2332","NW_017739095.1",2085719,2116275,"rsi_circ_003380",3,"+",1,3,40,40,"my_test_rsi2",3,1,0,1,"GTAG",NA,"ANCHOR_UNIQUE,CANONICAL,CIRCULAR,GOOD_EXT,UNAMBIGUOUS_BP"
"2333","NW_017739150.1",318018,328113,"rsi_circ_003381",3,"+",1,3,5,40,"my_test_rsi2",3,0,0,1,"GTAG",NA,"ANCHOR_UNIQUE,CANONICAL,CIRCULAR,PERFECT_EXT,UNAMBIGUOUS_BP"
"2334","NW_017739019.1",3533883,3534127,"rsi_circ_003382",10,"+",5,10,40,40,"my_test_rsi2",10,0,0,1,"GTAG",NA,"ANCHOR_UNIQUE,CANONICAL,CIRCULAR,PERFECT_EXT,UNAMBIGUOUS_BP"
"2335","NW_017739386.1",490512,509261,"rsi_circ_003386",2,"-",2,2,40,40,"my_test_rsi2",2,1,0,1,"GTAG",NA,"ANCHOR_UNIQUE,CANONICAL,CIRCULAR,GOOD_EXT,UNAMBIGUOUS_BP"
"2336","NW_017739354.1",895377,901348,"rsi_circ_003387",2,"-",1,2,5,40,"my_test_rsi2",2,1,0,1,"GTAG",NA,"ANCHOR_UNIQUE,CANONICAL,CIRCULAR,GOOD_EXT,UNAMBIGUOUS_BP"
"2337","NW_017739836.1",97725,99708,"rsi_circ_003388",22,"-",11,22,40,40,"my_test_rsi2",22,0,0,1,"GTAG",NA,"ANCHOR_UNIQUE,CANONICAL,CIRCULAR,PERFECT_EXT,UNAMBIGUOUS_BP"
"2338","NW_017739011.1",2698772,2705532,"rsi_circ_003392",2,"-",1,2,40,35,"my_test_rsi2",2,1,0,1,"GTAG",NA,"ANCHOR_UNIQUE,CANONICAL,CIRCULAR,GOOD_EXT,UNAMBIGUOUS_BP"
"2339","NW_017739052.1",1660033,1660190,"rsi_circ_003393",2,"-",2,2,5,40,"my_test_rsi2",2,0,0,1,"GTAG",NA,"ANCHOR_UNIQUE,CANONICAL,CIRCULAR,PERFECT_EXT,UNAMBIGUOUS_BP"
"2340","NW_017739164.1",425369,468957,"rsi_circ_003396",4,"-",4,4,40,40,"my_test_rsi2",4,0,0,1,"GTAG",NA,"ANCHOR_UNIQUE,CANONICAL,CIRCULAR,PERFECT_EXT,UNAMBIGUOUS_BP"
"2341","NW_017738927.1",1644837,1671139,"rsi_circ_003398",2,"+",1,2,40,5,"my_test_rsi2",2,0,0,1,"GTAG",NA,"ANCHOR_UNIQUE,CANONICAL,CIRCULAR,PERFECT_EXT,UNAMBIGUOUS_BP"
"2342","NW_017738993.1",3006426,3009238,"rsi_circ_003400",6,"+",3,6,40,40,"my_test_rsi2",6,1,0,1,"GTAG",NA,"ANCHOR_UNIQUE,CANONICAL,CIRCULAR,GOOD_EXT,UNAMBIGUOUS_BP"
"2343","NW_017739180.1",727756,728910,"rsi_circ_003401",26,"-",12,26,40,40,"my_test_rsi2",26,0,0,1,"GTAG",NA,"ANCHOR_UNIQUE,CANONICAL,CIRCULAR,PERFECT_EXT,UNAMBIGUOUS_BP"
"2344","NW_017739244.1",649518,705046,"rsi_circ_003402",2,"+",2,2,40,5,"my_test_rsi2",2,0,0,1,"GTAG",NA,"ANCHOR_UNIQUE,CANONICAL,CIRCULAR,PERFECT_EXT,UNAMBIGUOUS_BP"
"2345","NW_017738994.1",2830891,2906355,"rsi_circ_003403",2,"-",1,2,40,35,"my_test_rsi2",2,2,0,1,"GTAG",NA,"ANCHOR_UNIQUE,CANONICAL,CIRCULAR,OK_EXT,UNAMBIGUOUS_BP"
"2346","NW_017739213.1",2214155,2215865,"rsi_circ_003404",4,"-",3,4,40,40,"my_test_rsi2",4,0,0,1,"GTAG",NA,"ANCHOR_UNIQUE,CANONICAL,CIRCULAR,PERFECT_EXT,UNAMBIGUOUS_BP"
"2347","NW_017738958.1",1178924,1187580,"rsi_circ_003405",4,"-",3,4,40,40,"my_test_rsi2",4,0,0,1,"GTAG",NA,"ANCHOR_UNIQUE,CANONICAL,CIRCULAR,PERFECT_EXT,UNAMBIGUOUS_BP"
"2348","NW_017739170.1",3440395,3442538,"rsi_circ_003406",2,"-",1,2,40,40,"my_test_rsi2",2,0,0,1,"GTAG",NA,"ANCHOR_UNIQUE,CANONICAL,CIRCULAR,PERFECT_EXT,UNAMBIGUOUS_BP"
"2349","NW_017738923.1",4941799,4956932,"rsi_circ_003407",2,"-",1,2,5,5,"my_test_rsi2",2,0,0,1,"GTAG",NA,"ANCHOR_UNIQUE,CANONICAL,CIRCULAR,PERFECT_EXT,UNAMBIGUOUS_BP"
"2350","NW_017738932.1",6302283,6308056,"rsi_circ_003408",9,"-",3,8,40,35,"my_test_rsi2",9,0,0,1,"GTAG",NA,"ANCHOR_UNIQUE,CANONICAL,CIRCULAR,PERFECT_EXT,UNAMBIGUOUS_BP"
"2351","NW_017739453.1",882627,882794,"rsi_circ_003409",3,"+",1,3,5,5,"my_test_rsi2",3,1,0,1,"GTAG",NA,"ANCHOR_UNIQUE,CANONICAL,CIRCULAR,GOOD_EXT,UNAMBIGUOUS_BP"
"2352","NW_017739265.1",320774,348215,"rsi_circ_003410",5,"-",3,5,40,35,"my_test_rsi2",5,0,0,1,"GTAG",NA,"ANCHOR_UNIQUE,CANONICAL,CIRCULAR,PERFECT_EXT,UNAMBIGUOUS_BP"
"2353","NW_017739293.1",1229684,1234132,"rsi_circ_003411",16,"-",11,16,40,40,"my_test_rsi2",16,0,0,1,"GTAG",NA,"ANCHOR_UNIQUE,CANONICAL,CIRCULAR,PERFECT_EXT,UNAMBIGUOUS_BP"
"2354","NW_017739011.1",391401,392658,"rsi_circ_003412",3,"+",1,3,40,40,"my_test_rsi2",3,0,0,1,"GTAG",NA,"ANCHOR_UNIQUE,CANONICAL,CIRCULAR,PERFECT_EXT,UNAMBIGUOUS_BP"
"2355","NW_017738935.1",7998737,8001994,"rsi_circ_003414",7,"+",3,7,40,40,"my_test_rsi2",7,1,0,1,"GTAG",NA,"ANCHOR_UNIQUE,CANONICAL,CIRCULAR,GOOD_EXT,UNAMBIGUOUS_BP"
"2356","NW_017739394.1",584726,585284,"rsi_circ_003416",2,"-",2,2,40,40,"my_test_rsi2",2,1,0,1,"GTAG",NA,"ANCHOR_UNIQUE,CANONICAL,CIRCULAR,GOOD_EXT,UNAMBIGUOUS_BP"
"2357","NW_017738987.1",4289321,4303983,"rsi_circ_003417",4,"+",3,4,40,40,"my_test_rsi2",4,0,0,1,"GTAG",NA,"ANCHOR_UNIQUE,CANONICAL,CIRCULAR,PERFECT_EXT,UNAMBIGUOUS_BP"
"2358","NW_017739112.1",553106,616540,"rsi_circ_003418",4,"-",2,4,5,40,"my_test_rsi2",4,0,0,1,"GTAG",NA,"ANCHOR_UNIQUE,CANONICAL,CIRCULAR,PERFECT_EXT,UNAMBIGUOUS_BP"
"2359","NW_017739052.1",1642334,1643212,"rsi_circ_003419",6,"-",2,6,40,40,"my_test_rsi2",6,0,0,1,"GTAG",NA,"ANCHOR_UNIQUE,CANONICAL,CIRCULAR,PERFECT_EXT,UNAMBIGUOUS_BP"
"2360","NW_017739602.1",209495,223865,"rsi_circ_003421",4,"-",3,4,40,40,"my_test_rsi2",4,0,0,1,"GTAG",NA,"ANCHOR_UNIQUE,CANONICAL,CIRCULAR,PERFECT_EXT,UNAMBIGUOUS_BP"
"2361","NW_017738971.1",7551847,7581829,"rsi_circ_003422",4,"+",4,4,40,40,"my_test_rsi2",4,0,0,1,"GTAG",NA,"ANCHOR_UNIQUE,CANONICAL,CIRCULAR,PERFECT_EXT,UNAMBIGUOUS_BP"
"2362","NW_017738943.1",8884240,8895196,"rsi_circ_003425",2,"+",2,2,40,40,"my_test_rsi2",2,0,0,1,"GTAG",NA,"ANCHOR_UNIQUE,CANONICAL,CIRCULAR,PERFECT_EXT,UNAMBIGUOUS_BP"
"2363","NW_017739180.1",727756,729122,"rsi_circ_003428",3,"-",1,3,40,5,"my_test_rsi2",3,0,0,1,"GTAG",NA,"ANCHOR_UNIQUE,CANONICAL,CIRCULAR,PERFECT_EXT,UNAMBIGUOUS_BP"
"2364","NW_017738920.1",3122490,3135452,"rsi_circ_003429",5,"-",3,5,40,40,"my_test_rsi2",5,0,0,1,"GTAG",NA,"ANCHOR_UNIQUE,CANONICAL,CIRCULAR,PERFECT_EXT,UNAMBIGUOUS_BP"
"2365","NW_017739609.1",679222,680428,"rsi_circ_003431",2,"+",2,2,40,40,"my_test_rsi2",2,0,0,1,"GTAG",NA,"ANCHOR_UNIQUE,CANONICAL,CIRCULAR,PERFECT_EXT,UNAMBIGUOUS_BP"
"2366","NW_017739394.1",458880,464027,"rsi_circ_003432",54,"-",25,50,40,40,"my_test_rsi2",54,0,0,1,"GTAG",NA,"ANCHOR_UNIQUE,CANONICAL,CIRCULAR,PERFECT_EXT,UNAMBIGUOUS_BP"
"2367","NW_017739349.1",69241,78617,"rsi_circ_003435",2,"-",1,2,40,35,"my_test_rsi2",2,0,0,1,"GTAG",NA,"ANCHOR_UNIQUE,CANONICAL,CIRCULAR,PERFECT_EXT,UNAMBIGUOUS_BP"
"2368","NW_017738923.1",14562041,14574944,"rsi_circ_003436",2,"-",1,2,40,4,"my_test_rsi2",2,1,0,1,"GTAG",NA,"ANCHOR_UNIQUE,CANONICAL,CIRCULAR,GOOD_EXT,UNAMBIGUOUS_BP"
"2369","NW_017739312.1",674680,687212,"rsi_circ_003438",2,"-",1,2,40,40,"my_test_rsi2",2,0,0,1,"GTAG",NA,"ANCHOR_UNIQUE,CANONICAL,CIRCULAR,PERFECT_EXT,UNAMBIGUOUS_BP"
"2370","NW_017739225.1",1658985,1666605,"rsi_circ_003439",4,"+",2,4,40,40,"my_test_rsi2",4,0,0,1,"GTAG",NA,"ANCHOR_UNIQUE,CANONICAL,CIRCULAR,PERFECT_EXT,UNAMBIGUOUS_BP"
"2371","NW_017739305.1",520842,537978,"rsi_circ_003440",4,"+",1,4,40,5,"my_test_rsi2",4,0,0,1,"GTAG",NA,"ANCHOR_UNIQUE,CANONICAL,CIRCULAR,PERFECT_EXT,UNAMBIGUOUS_BP"
"2372","NW_017739065.1",3895622,3905196,"rsi_circ_003441",2,"+",2,2,5,40,"my_test_rsi2",2,0,0,1,"GTAG",NA,"ANCHOR_UNIQUE,CANONICAL,CIRCULAR,PERFECT_EXT,UNAMBIGUOUS_BP"
"2373","NW_017739122.1",296962,309070,"rsi_circ_003442",13,"-",8,13,40,40,"my_test_rsi2",13,0,0,1,"GTAG",NA,"ANCHOR_UNIQUE,CANONICAL,CIRCULAR,PERFECT_EXT,UNAMBIGUOUS_BP"
"2374","NW_017739040.1",1747578,1751062,"rsi_circ_003444",2,"+",1,2,40,5,"my_test_rsi2",2,0,0,1,"GTAG",NA,"ANCHOR_UNIQUE,CANONICAL,CIRCULAR,PERFECT_EXT,UNAMBIGUOUS_BP"
"2375","NW_017739642.1",392077,392301,"rsi_circ_003445",4,"-",4,4,40,40,"my_test_rsi2",4,0,0,1,"GTAG",NA,"ANCHOR_UNIQUE,CANONICAL,CIRCULAR,PERFECT_EXT,UNAMBIGUOUS_BP"
"2376","NW_017738975.1",586983,591398,"rsi_circ_003446",2,"+",1,2,40,40,"my_test_rsi2",2,0,0,1,"GTAG",NA,"ANCHOR_UNIQUE,CANONICAL,CIRCULAR,PERFECT_EXT,UNAMBIGUOUS_BP"
"2377","NW_017739053.1",2020009,2022766,"rsi_circ_003447",5,"+",3,5,40,40,"my_test_rsi2",5,0,0,1,"GTAG",NA,"ANCHOR_UNIQUE,CANONICAL,CIRCULAR,PERFECT_EXT,UNAMBIGUOUS_BP"
"2378","NW_017739160.1",1285729,1298181,"rsi_circ_003448",2,"+",2,2,40,35,"my_test_rsi2",2,1,0,1,"GTAG",NA,"ANCHOR_UNIQUE,CANONICAL,CIRCULAR,GOOD_EXT,UNAMBIGUOUS_BP"
"2379","NW_017739002.1",2571684,2573542,"rsi_circ_003449",47,"-",24,47,40,40,"my_test_rsi2",47,0,0,1,"GTAG",NA,"ANCHOR_UNIQUE,CANONICAL,CIRCULAR,PERFECT_EXT,UNAMBIGUOUS_BP"
"2380","NW_017739443.1",1427222,1436540,"rsi_circ_003450",2,"+",1,2,40,40,"my_test_rsi2",2,1,0,1,"GTAG",NA,"ANCHOR_UNIQUE,CANONICAL,CIRCULAR,GOOD_EXT,UNAMBIGUOUS_BP"
"2381","NW_017738925.1",6510091,6518810,"rsi_circ_003451",9,"-",6,7,37,40,"my_test_rsi2",9,0,0,1,"GTAG",NA,"ANCHOR_UNIQUE,CANONICAL,CIRCULAR,PERFECT_EXT,UNAMBIGUOUS_BP"
"2382","NW_017739723.1",574143,578986,"rsi_circ_003452",6,"-",2,6,40,40,"my_test_rsi2",6,0,0,1,"GTAG",NA,"ANCHOR_UNIQUE,CANONICAL,CIRCULAR,PERFECT_EXT,UNAMBIGUOUS_BP"
"2383","NW_017739108.1",1437787,1439934,"rsi_circ_003453",5,"+",1,5,5,40,"my_test_rsi2",5,0,0,1,"GTAG",NA,"ANCHOR_UNIQUE,CANONICAL,CIRCULAR,PERFECT_EXT,UNAMBIGUOUS_BP"
"2384","NW_017739373.1",1641159,1641669,"rsi_circ_003454",2,"-",1,2,40,5,"my_test_rsi2",2,1,0,1,"GTAG",NA,"ANCHOR_UNIQUE,CANONICAL,CIRCULAR,GOOD_EXT,UNAMBIGUOUS_BP"
"2385","NW_017739070.1",1584439,1614588,"rsi_circ_003455",4,"-",1,4,5,5,"my_test_rsi2",4,0,0,1,"GTAG",NA,"ANCHOR_UNIQUE,CANONICAL,CIRCULAR,PERFECT_EXT,UNAMBIGUOUS_BP"
"2386","NW_017739040.1",8485676,8488599,"rsi_circ_003457",18,"+",10,18,40,40,"my_test_rsi2",18,0,0,1,"GTAG",NA,"ANCHOR_UNIQUE,CANONICAL,CIRCULAR,PERFECT_EXT,UNAMBIGUOUS_BP"
"2387","NW_017739424.1",405663,418160,"rsi_circ_003458",4,"-",4,4,40,40,"my_test_rsi2",4,0,0,1,"GTAG",NA,"ANCHOR_UNIQUE,CANONICAL,CIRCULAR,PERFECT_EXT,UNAMBIGUOUS_BP"
"2388","NW_017739012.1",598707,599224,"rsi_circ_003459",45,"-",19,44,40,40,"my_test_rsi2",45,1,0,1,"GTAG",NA,"ANCHOR_UNIQUE,CANONICAL,CIRCULAR,GOOD_EXT,UNAMBIGUOUS_BP"
"2389","NW_017739476.1",887252,897244,"rsi_circ_003460",215,"-",69,215,40,40,"my_test_rsi2",215,0,0,1,"GTAG",NA,"ANCHOR_UNIQUE,CANONICAL,CIRCULAR,PERFECT_EXT,UNAMBIGUOUS_BP"
"2390","NW_017738972.1",2844003,2863923,"rsi_circ_003462",2,"-",1,2,5,5,"my_test_rsi2",2,0,0,1,"GTAG",NA,"ANCHOR_UNIQUE,CANONICAL,CIRCULAR,PERFECT_EXT,UNAMBIGUOUS_BP"
"2391","NW_017738953.1",5035931,5068827,"rsi_circ_003463",2,"+",2,2,40,40,"my_test_rsi2",2,1,0,1,"GTAG",NA,"ANCHOR_UNIQUE,CANONICAL,CIRCULAR,GOOD_EXT,UNAMBIGUOUS_BP"
"2392","NW_017739078.1",5346890,5357360,"rsi_circ_003465",2,"+",2,2,40,40,"my_test_rsi2",2,0,0,1,"GTAG",NA,"ANCHOR_UNIQUE,CANONICAL,CIRCULAR,PERFECT_EXT,UNAMBIGUOUS_BP"
"2393","NW_017739075.1",1047966,1050264,"rsi_circ_003466",3,"+",1,3,40,40,"my_test_rsi2",3,2,0,1,"GTAG",NA,"ANCHOR_UNIQUE,CANONICAL,CIRCULAR,OK_EXT,UNAMBIGUOUS_BP"
"2394","NW_017739033.1",942276,961385,"rsi_circ_003467",3,"+",1,3,5,40,"my_test_rsi2",3,1,0,1,"GTAG",NA,"ANCHOR_UNIQUE,CANONICAL,CIRCULAR,GOOD_EXT,UNAMBIGUOUS_BP"
"2395","NW_017739944.1",49489,59634,"rsi_circ_003469",9,"-",6,9,40,40,"my_test_rsi2",9,0,0,1,"GTAG",NA,"ANCHOR_UNIQUE,CANONICAL,CIRCULAR,PERFECT_EXT,UNAMBIGUOUS_BP"
"2396","NW_017739004.1",2557888,2589730,"rsi_circ_003471",3,"-",2,3,40,35,"my_test_rsi2",3,0,0,1,"GTAG",NA,"ANCHOR_UNIQUE,CANONICAL,CIRCULAR,PERFECT_EXT,UNAMBIGUOUS_BP"
"2397","NW_017739019.1",4521975,4526035,"rsi_circ_003473",2,"-",2,1,40,40,"my_test_rsi2",2,0,0,1,"GTAG",NA,"ANCHOR_UNIQUE,CANONICAL,CIRCULAR,PERFECT_EXT,UNAMBIGUOUS_BP"
"2398","NW_017738946.1",5209880,5243683,"rsi_circ_003474",70,"+",31,65,40,40,"my_test_rsi2",70,0,0,1,"GTAG",NA,"ANCHOR_UNIQUE,CANONICAL,CIRCULAR,PERFECT_EXT,UNAMBIGUOUS_BP"
"2399","NW_017739442.1",845556,857790,"rsi_circ_003476",3,"+",2,3,40,40,"my_test_rsi2",3,0,0,1,"GTAG",NA,"ANCHOR_UNIQUE,CANONICAL,CIRCULAR,PERFECT_EXT,UNAMBIGUOUS_BP"
"2400","NW_017739032.1",714042,734046,"rsi_circ_003477",3,"+",2,3,40,40,"my_test_rsi2",3,0,0,1,"GTAG",NA,"ANCHOR_UNIQUE,CANONICAL,CIRCULAR,PERFECT_EXT,UNAMBIGUOUS_BP"
"2401","NW_017739633.1",633562,634636,"rsi_circ_003478",2,"+",1,2,40,40,"my_test_rsi2",2,0,0,1,"GTAG",NA,"ANCHOR_UNIQUE,CANONICAL,CIRCULAR,PERFECT_EXT,UNAMBIGUOUS_BP"
"2402","NW_017739023.1",1713385,1714285,"rsi_circ_003481",7,"+",5,7,40,40,"my_test_rsi2",7,0,0,1,"GTAG",NA,"ANCHOR_UNIQUE,CANONICAL,CIRCULAR,PERFECT_EXT,UNAMBIGUOUS_BP"
"2403","NW_017738957.1",14963662,14963876,"rsi_circ_003484",2,"+",1,2,5,40,"my_test_rsi2",2,0,0,1,"GTAG",NA,"ANCHOR_UNIQUE,CANONICAL,CIRCULAR,PERFECT_EXT,UNAMBIGUOUS_BP"
"2404","NW_017739653.1",213472,244503,"rsi_circ_003485",2,"+",1,2,5,40,"my_test_rsi2",2,1,0,1,"GTAG",NA,"ANCHOR_UNIQUE,CANONICAL,CIRCULAR,GOOD_EXT,UNAMBIGUOUS_BP"
"2405","NW_017738931.1",869751,871825,"rsi_circ_003486",12,"+",8,12,40,40,"my_test_rsi2",12,0,0,1,"GTAG",NA,"ANCHOR_UNIQUE,CANONICAL,CIRCULAR,PERFECT_EXT,UNAMBIGUOUS_BP"
"2406","NW_017738930.1",4157606,4161702,"rsi_circ_003489",6,"-",3,5,40,35,"my_test_rsi2",6,0,0,1,"GTAG",NA,"ANCHOR_UNIQUE,CANONICAL,CIRCULAR,PERFECT_EXT,UNAMBIGUOUS_BP"
"2407","NW_017739213.1",1681917,1689787,"rsi_circ_003490",3,"+",1,3,40,40,"my_test_rsi2",3,1,0,1,"GTAG",NA,"ANCHOR_UNIQUE,CANONICAL,CIRCULAR,GOOD_EXT,UNAMBIGUOUS_BP"
"2408","NW_017738960.1",6082275,6088233,"rsi_circ_003491",2,"-",2,2,40,40,"my_test_rsi2",2,0,0,1,"GTAG",NA,"ANCHOR_UNIQUE,CANONICAL,CIRCULAR,PERFECT_EXT,UNAMBIGUOUS_BP"
"2409","NW_017739028.1",4758929,4774226,"rsi_circ_003492",3,"+",1,3,40,40,"my_test_rsi2",3,0,1,1,"GTAG",NA,"ANCHOR_UNIQUE,CANONICAL,CIRCULAR,GOOD_EXT,UNAMBIGUOUS_BP"
"2410","NW_017738976.1",644850,711369,"rsi_circ_003493",2,"+",1,2,40,5,"my_test_rsi2",2,0,0,1,"GTAG",NA,"ANCHOR_UNIQUE,CANONICAL,CIRCULAR,PERFECT_EXT,UNAMBIGUOUS_BP"
"2411","NW_017738980.1",2227088,2233339,"rsi_circ_003495",4,"-",2,4,40,40,"my_test_rsi2",4,1,0,1,"GTAG",NA,"ANCHOR_UNIQUE,CANONICAL,CIRCULAR,GOOD_EXT,UNAMBIGUOUS_BP"
"2412","NW_017739067.1",1945139,1962996,"rsi_circ_003496",3,"+",2,3,40,40,"my_test_rsi2",3,0,0,1,"GTAG",NA,"ANCHOR_UNIQUE,CANONICAL,CIRCULAR,PERFECT_EXT,UNAMBIGUOUS_BP"
"2413","NW_017739817.1",164851,205905,"rsi_circ_003497",4,"-",2,4,5,35,"my_test_rsi2",4,0,0,1,"GTAG",NA,"ANCHOR_UNIQUE,CANONICAL,CIRCULAR,PERFECT_EXT,UNAMBIGUOUS_BP"
"2414","NW_017739849.1",45923,47244,"rsi_circ_003499",5,"-",3,5,5,40,"my_test_rsi2",5,0,0,1,"GTAG",NA,"ANCHOR_UNIQUE,CANONICAL,CIRCULAR,PERFECT_EXT,UNAMBIGUOUS_BP"
"2415","NW_017738923.1",4836105,4837641,"rsi_circ_003501",7,"-",3,7,40,40,"my_test_rsi2",7,0,0,1,"GTAG",NA,"ANCHOR_UNIQUE,CANONICAL,CIRCULAR,PERFECT_EXT,UNAMBIGUOUS_BP"
"2416","NW_017739267.1",1202850,1294961,"rsi_circ_003502",2,"+",1,2,40,40,"my_test_rsi2",2,1,2,1,"GTAG",NA,"ANCHOR_UNIQUE,CANONICAL,CIRCULAR,OK_EXT,UNAMBIGUOUS_BP"
"2417","NW_017739019.1",2118469,2121694,"rsi_circ_003503",2,"+",2,2,40,40,"my_test_rsi2",2,1,0,1,"GTAG",NA,"ANCHOR_UNIQUE,CANONICAL,CIRCULAR,GOOD_EXT,UNAMBIGUOUS_BP"
"2418","NW_017739390.1",1590590,1636474,"rsi_circ_003505",2,"-",1,2,40,40,"my_test_rsi2",2,0,0,1,"GTAG",NA,"ANCHOR_UNIQUE,CANONICAL,CIRCULAR,PERFECT_EXT,UNAMBIGUOUS_BP"
"2419","NW_017739437.1",1066114,1070820,"rsi_circ_003507",12,"+",8,12,40,40,"my_test_rsi2",12,0,0,1,"GTAG",NA,"ANCHOR_UNIQUE,CANONICAL,CIRCULAR,PERFECT_EXT,UNAMBIGUOUS_BP"
"2420","NW_017739159.1",1451114,1471207,"rsi_circ_003508",2,"+",1,2,40,40,"my_test_rsi2",2,0,0,1,"GTAG",NA,"ANCHOR_UNIQUE,CANONICAL,CIRCULAR,PERFECT_EXT,UNAMBIGUOUS_BP"
"2421","NW_017738936.1",7166869,7168593,"rsi_circ_003509",10,"-",5,10,40,40,"my_test_rsi2",10,0,0,1,"GTAG",NA,"ANCHOR_UNIQUE,CANONICAL,CIRCULAR,PERFECT_EXT,UNAMBIGUOUS_BP"
"2422","NW_017739366.1",1585316,1595813,"rsi_circ_003510",2,"+",2,2,40,40,"my_test_rsi2",2,1,0,1,"GTAG",NA,"ANCHOR_UNIQUE,CANONICAL,CIRCULAR,GOOD_EXT,UNAMBIGUOUS_BP"
"2423","NW_017738940.1",6390938,6428579,"rsi_circ_003511",2,"+",2,1,5,35,"my_test_rsi2",2,0,0,1,"GTAG",NA,"ANCHOR_UNIQUE,CANONICAL,CIRCULAR,PERFECT_EXT,UNAMBIGUOUS_BP"
"2424","NW_017739440.1",1744016,1744610,"rsi_circ_003515",2,"+",1,2,40,5,"my_test_rsi2",2,1,0,1,"GTAG",NA,"ANCHOR_UNIQUE,CANONICAL,CIRCULAR,GOOD_EXT,UNAMBIGUOUS_BP"
"2425","NW_017739190.1",1053683,1076802,"rsi_circ_003516",6,"-",3,6,40,5,"my_test_rsi2",6,0,0,1,"GTAG",NA,"ANCHOR_UNIQUE,CANONICAL,CIRCULAR,PERFECT_EXT,UNAMBIGUOUS_BP"
"2426","NW_017738957.1",452400,453250,"rsi_circ_003518",2,"-",1,2,5,35,"my_test_rsi2",2,1,0,1,"GTAG",NA,"ANCHOR_UNIQUE,CANONICAL,CIRCULAR,GOOD_EXT,UNAMBIGUOUS_BP"
"2427","NW_017739036.1",3375752,3385237,"rsi_circ_003519",7,"-",5,6,40,40,"my_test_rsi2",7,0,0,1,"GTAG",NA,"ANCHOR_UNIQUE,CANONICAL,CIRCULAR,PERFECT_EXT,UNAMBIGUOUS_BP"
"2428","NW_017739044.1",907181,929729,"rsi_circ_003520",28,"-",16,28,40,40,"my_test_rsi2",28,0,0,1,"GTAG",NA,"ANCHOR_UNIQUE,CANONICAL,CIRCULAR,PERFECT_EXT,UNAMBIGUOUS_BP"
"2429","NW_017738929.1",4157153,4167812,"rsi_circ_003521",2,"+",2,2,40,5,"my_test_rsi2",2,1,0,1,"GTAG",NA,"ANCHOR_UNIQUE,CANONICAL,CIRCULAR,GOOD_EXT,UNAMBIGUOUS_BP"
"2430","NW_017738944.1",5412509,5413001,"rsi_circ_003524",11,"+",7,11,40,40,"my_test_rsi2",11,0,0,1,"GTAG",NA,"ANCHOR_UNIQUE,CANONICAL,CIRCULAR,PERFECT_EXT,UNAMBIGUOUS_BP"
"2431","NW_017739075.1",2372011,2372301,"rsi_circ_003525",3,"-",1,3,40,40,"my_test_rsi2",3,1,0,1,"GTAG",NA,"ANCHOR_UNIQUE,CANONICAL,CIRCULAR,GOOD_EXT,UNAMBIGUOUS_BP"
"2432","NW_017739606.1",44534,48737,"rsi_circ_003527",7,"+",2,7,40,40,"my_test_rsi2",7,1,0,1,"GTAG",NA,"ANCHOR_UNIQUE,CANONICAL,CIRCULAR,GOOD_EXT,UNAMBIGUOUS_BP"
"2433","NW_017739039.1",2959707,2962599,"rsi_circ_003529",2,"-",1,2,5,5,"my_test_rsi2",2,0,0,1,"GTAG",NA,"ANCHOR_UNIQUE,CANONICAL,CIRCULAR,PERFECT_EXT,UNAMBIGUOUS_BP"
"2434","NW_017739666.1",318226,330398,"rsi_circ_003530",6,"+",4,6,40,40,"my_test_rsi2",6,1,0,1,"GTAG",NA,"ANCHOR_UNIQUE,CANONICAL,CIRCULAR,GOOD_EXT,UNAMBIGUOUS_BP"
"2435","NW_017738954.1",1536678,1542261,"rsi_circ_003531",3,"-",1,3,40,40,"my_test_rsi2",3,2,0,1,"GTAG",NA,"ANCHOR_UNIQUE,CANONICAL,CIRCULAR,OK_EXT,UNAMBIGUOUS_BP"
"2436","NW_017739606.1",35112,51700,"rsi_circ_003534",5,"+",3,5,40,40,"my_test_rsi2",5,2,0,1,"GTAG",NA,"ANCHOR_UNIQUE,CANONICAL,CIRCULAR,OK_EXT,UNAMBIGUOUS_BP"
"2437","NW_017739161.1",4276299,4284569,"rsi_circ_003535",2,"+",2,2,5,5,"my_test_rsi2",2,1,0,1,"GTAG",NA,"ANCHOR_UNIQUE,CANONICAL,CIRCULAR,GOOD_EXT,UNAMBIGUOUS_BP"
"2438","NW_017739166.1",1961406,1978354,"rsi_circ_003536",13,"+",5,13,40,40,"my_test_rsi2",13,0,0,1,"GTAG",NA,"ANCHOR_UNIQUE,CANONICAL,CIRCULAR,PERFECT_EXT,UNAMBIGUOUS_BP"
"2439","NW_017739067.1",413628,434491,"rsi_circ_003537",2,"+",1,2,40,35,"my_test_rsi2",2,2,0,1,"GTAG",NA,"ANCHOR_UNIQUE,CANONICAL,CIRCULAR,OK_EXT,UNAMBIGUOUS_BP"
"2440","NW_017738929.1",869241,869479,"rsi_circ_003538",3,"+",1,3,40,5,"my_test_rsi2",3,1,0,1,"GTAG",NA,"ANCHOR_UNIQUE,CANONICAL,CIRCULAR,GOOD_EXT,UNAMBIGUOUS_BP"
"2441","NW_017739122.1",296962,297583,"rsi_circ_003539",7,"-",3,7,40,40,"my_test_rsi2",7,0,0,1,"GTAG",NA,"ANCHOR_UNIQUE,CANONICAL,CIRCULAR,PERFECT_EXT,UNAMBIGUOUS_BP"
"2442","NW_017738925.1",9952543,9960474,"rsi_circ_003541",19,"-",7,19,40,40,"my_test_rsi2",19,0,0,1,"GTAG",NA,"ANCHOR_UNIQUE,CANONICAL,CIRCULAR,PERFECT_EXT,UNAMBIGUOUS_BP"
"2443","NW_017739227.1",1287939,1291888,"rsi_circ_003542",10,"+",9,9,40,40,"my_test_rsi2",10,0,0,1,"GTAG",NA,"ANCHOR_UNIQUE,CANONICAL,CIRCULAR,PERFECT_EXT,UNAMBIGUOUS_BP"
"2444","NW_017739057.1",1661683,1667521,"rsi_circ_003546",3,"-",3,3,40,40,"my_test_rsi2",3,0,0,1,"GTAG",NA,"ANCHOR_UNIQUE,CANONICAL,CIRCULAR,PERFECT_EXT,UNAMBIGUOUS_BP"
"2445","NW_017739478.1",1102602,1103334,"rsi_circ_003547",8,"+",5,8,40,40,"my_test_rsi2",8,0,0,1,"GTAG",NA,"ANCHOR_UNIQUE,CANONICAL,CIRCULAR,PERFECT_EXT,UNAMBIGUOUS_BP"
"2446","NW_017738972.1",2599791,2617250,"rsi_circ_003548",3,"-",1,3,40,40,"my_test_rsi2",3,0,0,1,"GTAG",NA,"ANCHOR_UNIQUE,CANONICAL,CIRCULAR,PERFECT_EXT,UNAMBIGUOUS_BP"
"2447","NW_017739004.1",4633425,4637829,"rsi_circ_003549",5,"+",3,5,40,40,"my_test_rsi2",5,0,0,1,"GTAG",NA,"ANCHOR_UNIQUE,CANONICAL,CIRCULAR,PERFECT_EXT,UNAMBIGUOUS_BP"
"2448","NW_017739476.1",854028,856146,"rsi_circ_003550",5,"-",4,5,40,35,"my_test_rsi2",5,0,0,1,"GTAG",NA,"ANCHOR_UNIQUE,CANONICAL,CIRCULAR,PERFECT_EXT,UNAMBIGUOUS_BP"
"2449","NW_017739074.1",665771,668077,"rsi_circ_003551",9,"+",5,6,40,40,"my_test_rsi2",9,0,0,1,"GTAG",NA,"ANCHOR_UNIQUE,CANONICAL,CIRCULAR,PERFECT_EXT,UNAMBIGUOUS_BP"
"2450","NW_017739282.1",648927,659475,"rsi_circ_003552",2,"-",1,2,5,5,"my_test_rsi2",2,2,0,1,"GTAG",NA,"ANCHOR_UNIQUE,CANONICAL,CIRCULAR,OK_EXT,UNAMBIGUOUS_BP"
"2451","NW_017739298.1",1401904,1428182,"rsi_circ_003553",5,"+",4,5,5,40,"my_test_rsi2",5,0,0,1,"GTAG",NA,"ANCHOR_UNIQUE,CANONICAL,CIRCULAR,PERFECT_EXT,UNAMBIGUOUS_BP"
"2452","NW_017739334.1",308242,310292,"rsi_circ_003554",6,"-",2,6,40,40,"my_test_rsi2",6,0,0,1,"GTAG",NA,"ANCHOR_UNIQUE,CANONICAL,CIRCULAR,PERFECT_EXT,UNAMBIGUOUS_BP"
"2453","NW_017739446.1",1017553,1024538,"rsi_circ_003555",3,"-",2,3,40,40,"my_test_rsi2",3,0,0,1,"GTAG",NA,"ANCHOR_UNIQUE,CANONICAL,CIRCULAR,PERFECT_EXT,UNAMBIGUOUS_BP"
"2454","NW_017739388.1",226308,237298,"rsi_circ_003558",2,"+",2,2,40,40,"my_test_rsi2",2,0,0,1,"GTAG",NA,"ANCHOR_UNIQUE,CANONICAL,CIRCULAR,PERFECT_EXT,UNAMBIGUOUS_BP"
"2455","NW_017738979.1",69247,72075,"rsi_circ_003562",2,"-",1,2,40,35,"my_test_rsi2",2,0,0,1,"GTAG",NA,"ANCHOR_UNIQUE,CANONICAL,CIRCULAR,PERFECT_EXT,UNAMBIGUOUS_BP"
"2456","NW_017739022.1",1967170,1996127,"rsi_circ_003564",2,"-",1,2,5,40,"my_test_rsi2",2,0,0,1,"GTAG",NA,"ANCHOR_UNIQUE,CANONICAL,CIRCULAR,PERFECT_EXT,UNAMBIGUOUS_BP"
"2457","NW_017739065.1",1833103,1834288,"rsi_circ_003565",63,"-",35,60,40,40,"my_test_rsi2",63,0,0,1,"GTAG",NA,"ANCHOR_UNIQUE,CANONICAL,CIRCULAR,PERFECT_EXT,UNAMBIGUOUS_BP"
"2458","NW_017739342.1",2418503,2419040,"rsi_circ_003571",3,"-",2,3,40,40,"my_test_rsi2",3,0,0,1,"GTAG",NA,"ANCHOR_UNIQUE,CANONICAL,CIRCULAR,PERFECT_EXT,UNAMBIGUOUS_BP"
"2459","NW_017739372.1",315040,317541,"rsi_circ_003572",2,"-",1,2,5,40,"my_test_rsi2",2,0,0,1,"GTAG",NA,"ANCHOR_UNIQUE,CANONICAL,CIRCULAR,PERFECT_EXT,UNAMBIGUOUS_BP"
"2460","NW_017738952.1",1180216,1180963,"rsi_circ_003574",2,"-",1,2,40,40,"my_test_rsi2",2,2,0,1,"GTAG",NA,"ANCHOR_UNIQUE,CANONICAL,CIRCULAR,OK_EXT,UNAMBIGUOUS_BP"
"2461","NW_017739083.1",3197436,3232647,"rsi_circ_003575",2,"+",2,1,40,40,"my_test_rsi2",2,0,0,1,"GTAG",NA,"ANCHOR_UNIQUE,CANONICAL,CIRCULAR,PERFECT_EXT,UNAMBIGUOUS_BP"
"2462","NW_017738979.1",166960,169419,"rsi_circ_003578",3,"+",1,3,5,40,"my_test_rsi2",3,0,0,1,"GTAG",NA,"ANCHOR_UNIQUE,CANONICAL,CIRCULAR,PERFECT_EXT,UNAMBIGUOUS_BP"
"2463","NW_017739246.1",1196337,1197123,"rsi_circ_003579",2,"+",2,2,40,40,"my_test_rsi2",2,0,0,1,"GTAG",NA,"ANCHOR_UNIQUE,CANONICAL,CIRCULAR,PERFECT_EXT,UNAMBIGUOUS_BP"
"2464","NW_017739395.1",1128762,1130606,"rsi_circ_003580",2,"+",1,2,40,40,"my_test_rsi2",2,1,0,1,"GTAG",NA,"ANCHOR_UNIQUE,CANONICAL,CIRCULAR,GOOD_EXT,UNAMBIGUOUS_BP"
"2465","NW_017738979.1",287071,290328,"rsi_circ_003581",6,"-",2,3,40,40,"my_test_rsi2",6,0,0,1,"GTAG",NA,"ANCHOR_UNIQUE,CANONICAL,CIRCULAR,PERFECT_EXT,UNAMBIGUOUS_BP"
"2466","NW_017739146.1",2805736,2859848,"rsi_circ_003582",10,"-",4,10,40,40,"my_test_rsi2",10,0,0,1,"GTAG",NA,"ANCHOR_UNIQUE,CANONICAL,CIRCULAR,PERFECT_EXT,UNAMBIGUOUS_BP"
"2467","NW_017739641.1",243240,246026,"rsi_circ_003583",2,"+",1,2,36,40,"my_test_rsi2",2,0,0,1,"GTAG",NA,"ANCHOR_UNIQUE,CANONICAL,CIRCULAR,PERFECT_EXT,UNAMBIGUOUS_BP"
"2468","NW_017738934.1",2960881,3005110,"rsi_circ_003584",2,"+",2,2,40,40,"my_test_rsi2",2,0,0,1,"GTAG",NA,"ANCHOR_UNIQUE,CANONICAL,CIRCULAR,PERFECT_EXT,UNAMBIGUOUS_BP"
"2469","NW_017738954.1",2362584,2366598,"rsi_circ_003586",13,"+",6,13,40,40,"my_test_rsi2",13,1,0,1,"GTAG",NA,"ANCHOR_UNIQUE,CANONICAL,CIRCULAR,GOOD_EXT,UNAMBIGUOUS_BP"
"2470","NW_017738973.1",10638472,10640111,"rsi_circ_003588",3,"-",1,3,40,5,"my_test_rsi2",3,0,0,1,"GTAG",NA,"ANCHOR_UNIQUE,CANONICAL,CIRCULAR,PERFECT_EXT,UNAMBIGUOUS_BP"
"2471","NW_017739412.1",264811,265142,"rsi_circ_003589",11,"-",4,11,40,40,"my_test_rsi2",11,0,0,1,"GTAG",NA,"ANCHOR_UNIQUE,CANONICAL,CIRCULAR,PERFECT_EXT,UNAMBIGUOUS_BP"
"2472","NW_017738943.1",15732032,15738105,"rsi_circ_003591",2,"+",1,2,40,40,"my_test_rsi2",2,1,0,1,"GTAG",NA,"ANCHOR_UNIQUE,CANONICAL,CIRCULAR,GOOD_EXT,UNAMBIGUOUS_BP"
"2473","NW_017738941.1",527361,535028,"rsi_circ_003592",6,"-",1,6,5,5,"my_test_rsi2",6,0,0,1,"GTAG",NA,"ANCHOR_UNIQUE,CANONICAL,CIRCULAR,PERFECT_EXT,UNAMBIGUOUS_BP"
"2474","NW_017739074.1",3814001,3833452,"rsi_circ_003594",4,"+",3,3,40,40,"my_test_rsi2",4,0,0,1,"GTAG",NA,"ANCHOR_UNIQUE,CANONICAL,CIRCULAR,PERFECT_EXT,UNAMBIGUOUS_BP"
"2475","NW_017739606.1",71264,80746,"rsi_circ_003595",58,"+",25,58,40,40,"my_test_rsi2",58,0,0,1,"GTAG",NA,"ANCHOR_UNIQUE,CANONICAL,CIRCULAR,PERFECT_EXT,UNAMBIGUOUS_BP"
"2476","NW_017739088.1",5098379,5119299,"rsi_circ_003596",2,"+",2,2,40,40,"my_test_rsi2",2,0,0,1,"GTAG",NA,"ANCHOR_UNIQUE,CANONICAL,CIRCULAR,PERFECT_EXT,UNAMBIGUOUS_BP"
"2477","NW_017738994.1",229128,229495,"rsi_circ_003597",2,"+",1,2,5,40,"my_test_rsi2",2,2,0,1,"GTAG",NA,"ANCHOR_UNIQUE,CANONICAL,CIRCULAR,OK_EXT,UNAMBIGUOUS_BP"
"2478","NW_017739489.1",876121,886513,"rsi_circ_003598",25,"+",14,25,40,40,"my_test_rsi2",25,0,0,1,"GTAG",NA,"ANCHOR_UNIQUE,CANONICAL,CIRCULAR,PERFECT_EXT,UNAMBIGUOUS_BP"
"2479","NW_017739215.1",843203,843832,"rsi_circ_003599",2,"+",1,2,5,40,"my_test_rsi2",2,0,0,1,"GTAG",NA,"ANCHOR_UNIQUE,CANONICAL,CIRCULAR,PERFECT_EXT,UNAMBIGUOUS_BP"
"2480","NW_017739979.1",121716,131399,"rsi_circ_003600",99,"+",36,91,40,40,"my_test_rsi2",99,0,0,1,"GTAG",NA,"ANCHOR_UNIQUE,CANONICAL,CIRCULAR,PERFECT_EXT,UNAMBIGUOUS_BP"
"2481","NW_017739014.1",3418510,3419387,"rsi_circ_003602",2,"+",2,1,5,40,"my_test_rsi2",2,0,0,1,"GTAG",NA,"ANCHOR_UNIQUE,CANONICAL,CIRCULAR,PERFECT_EXT,UNAMBIGUOUS_BP"
"2482","NW_017739305.1",331177,332187,"rsi_circ_003603",3,"+",1,3,40,40,"my_test_rsi2",3,0,0,1,"GTAG",NA,"ANCHOR_UNIQUE,CANONICAL,CIRCULAR,PERFECT_EXT,UNAMBIGUOUS_BP"
"2483","NW_017739845.1",293014,293924,"rsi_circ_003604",18,"-",8,18,40,40,"my_test_rsi2",18,0,0,1,"GTAG",NA,"ANCHOR_UNIQUE,CANONICAL,CIRCULAR,PERFECT_EXT,UNAMBIGUOUS_BP"
"2484","NW_017738923.1",4669486,4670320,"rsi_circ_003606",5,"-",1,5,5,40,"my_test_rsi2",5,0,0,1,"GTAG",NA,"ANCHOR_UNIQUE,CANONICAL,CIRCULAR,PERFECT_EXT,UNAMBIGUOUS_BP"
"2485","NW_017739182.1",1215161,1234905,"rsi_circ_003607",4,"-",2,4,40,40,"my_test_rsi2",4,0,0,1,"GTAG",NA,"ANCHOR_UNIQUE,CANONICAL,CIRCULAR,PERFECT_EXT,UNAMBIGUOUS_BP"
"2486","NW_017739087.1",4608385,4610553,"rsi_circ_003608",2,"-",1,2,5,5,"my_test_rsi2",2,0,0,1,"GTAG",NA,"ANCHOR_UNIQUE,CANONICAL,CIRCULAR,PERFECT_EXT,UNAMBIGUOUS_BP"
"2487","NW_017739265.1",379701,421300,"rsi_circ_003609",2,"-",1,2,5,5,"my_test_rsi2",2,1,0,1,"GTAG",NA,"ANCHOR_UNIQUE,CANONICAL,CIRCULAR,GOOD_EXT,UNAMBIGUOUS_BP"
"2488","NW_017739642.1",112200,113269,"rsi_circ_003611",3,"-",1,3,40,5,"my_test_rsi2",3,0,0,1,"GTAG",NA,"ANCHOR_UNIQUE,CANONICAL,CIRCULAR,PERFECT_EXT,UNAMBIGUOUS_BP"
"2489","NW_017739061.1",273867,275905,"rsi_circ_003612",12,"-",8,12,40,40,"my_test_rsi2",12,1,0,1,"GTAG",NA,"ANCHOR_UNIQUE,CANONICAL,CIRCULAR,GOOD_EXT,UNAMBIGUOUS_BP"
"2490","NW_017739014.1",4221848,4265858,"rsi_circ_003613",5,"-",1,5,5,40,"my_test_rsi2",5,0,0,1,"GTAG",NA,"ANCHOR_UNIQUE,CANONICAL,CIRCULAR,PERFECT_EXT,UNAMBIGUOUS_BP"
"2491","NW_017738979.1",2182890,2193573,"rsi_circ_003615",2,"-",1,2,5,35,"my_test_rsi2",2,0,1,1,"GTAG",NA,"ANCHOR_UNIQUE,CANONICAL,CIRCULAR,GOOD_EXT,UNAMBIGUOUS_BP"
"2492","NW_017739226.1",297208,299237,"rsi_circ_003616",7,"-",4,7,40,40,"my_test_rsi2",7,2,0,1,"GTAG",NA,"ANCHOR_UNIQUE,CANONICAL,CIRCULAR,OK_EXT,UNAMBIGUOUS_BP"
"2493","NW_017739100.1",1053439,1080110,"rsi_circ_003617",3,"-",1,3,40,40,"my_test_rsi2",3,0,0,1,"GTAG",NA,"ANCHOR_UNIQUE,CANONICAL,CIRCULAR,PERFECT_EXT,UNAMBIGUOUS_BP"
"2494","NW_017739028.1",1759000,1760706,"rsi_circ_003621",5,"+",3,5,40,40,"my_test_rsi2",5,0,0,1,"GTAG",NA,"ANCHOR_UNIQUE,CANONICAL,CIRCULAR,PERFECT_EXT,UNAMBIGUOUS_BP"
"2495","NW_017739549.1",420388,423603,"rsi_circ_003623",2,"-",1,2,5,35,"my_test_rsi2",2,0,0,1,"GTAG",NA,"ANCHOR_UNIQUE,CANONICAL,CIRCULAR,PERFECT_EXT,UNAMBIGUOUS_BP"
"2496","NW_017739634.1",403265,416938,"rsi_circ_003624",6,"-",4,6,40,40,"my_test_rsi2",6,0,0,1,"GTAG",NA,"ANCHOR_UNIQUE,CANONICAL,CIRCULAR,PERFECT_EXT,UNAMBIGUOUS_BP"
"2497","NW_017739555.1",227957,244277,"rsi_circ_003625",2,"+",1,2,5,5,"my_test_rsi2",2,0,0,1,"GTAG",NA,"ANCHOR_UNIQUE,CANONICAL,CIRCULAR,PERFECT_EXT,UNAMBIGUOUS_BP"
"2498","NW_017738933.1",1714009,1714213,"rsi_circ_003626",6,"-",3,6,40,40,"my_test_rsi2",6,0,0,1,"GTAG",NA,"ANCHOR_UNIQUE,CANONICAL,CIRCULAR,PERFECT_EXT,UNAMBIGUOUS_BP"
"2499","NW_017738952.1",2567354,2663779,"rsi_circ_003628",4,"+",1,4,40,5,"my_test_rsi2",4,1,0,1,"GTAG",NA,"ANCHOR_UNIQUE,CANONICAL,CIRCULAR,GOOD_EXT,UNAMBIGUOUS_BP"
"2500","NW_017739185.1",555601,562406,"rsi_circ_003634",4,"+",2,4,40,40,"my_test_rsi2",4,1,0,1,"GTAG",NA,"ANCHOR_UNIQUE,CANONICAL,CIRCULAR,GOOD_EXT,UNAMBIGUOUS_BP"
"2501","NW_017738946.1",5194202,5220965,"rsi_circ_003635",2,"+",2,2,40,40,"my_test_rsi2",2,0,0,1,"GTAG",NA,"ANCHOR_UNIQUE,CANONICAL,CIRCULAR,PERFECT_EXT,UNAMBIGUOUS_BP"
"2502","NW_017739192.1",822638,823735,"rsi_circ_003636",8,"-",6,7,40,35,"my_test_rsi2",8,2,0,1,"GTAG",NA,"ANCHOR_UNIQUE,CANONICAL,CIRCULAR,OK_EXT,UNAMBIGUOUS_BP"
"2503","NW_017739026.1",4124689,4149700,"rsi_circ_003638",8,"-",3,8,40,40,"my_test_rsi2",8,1,0,1,"GTAG",NA,"ANCHOR_UNIQUE,CANONICAL,CIRCULAR,GOOD_EXT,UNAMBIGUOUS_BP"
"2504","NW_017738965.1",3206910,3296783,"rsi_circ_003639",2,"-",1,2,40,40,"my_test_rsi2",2,0,0,1,"GTAG",NA,"ANCHOR_UNIQUE,CANONICAL,CIRCULAR,PERFECT_EXT,UNAMBIGUOUS_BP"
"2505","NW_017739298.1",1462893,1481909,"rsi_circ_003641",5,"+",1,5,5,40,"my_test_rsi2",5,2,0,1,"GTAG",NA,"ANCHOR_UNIQUE,CANONICAL,CIRCULAR,OK_EXT,UNAMBIGUOUS_BP"
"2506","NW_017739052.1",1602040,1602732,"rsi_circ_003643",3,"-",2,3,5,40,"my_test_rsi2",3,0,0,1,"GTAG",NA,"ANCHOR_UNIQUE,CANONICAL,CIRCULAR,PERFECT_EXT,UNAMBIGUOUS_BP"
"2507","NW_017739218.1",2141547,2189145,"rsi_circ_003645",2,"-",1,2,40,40,"my_test_rsi2",2,0,0,1,"GTAG",NA,"ANCHOR_UNIQUE,CANONICAL,CIRCULAR,PERFECT_EXT,UNAMBIGUOUS_BP"
"2508","NW_017739165.1",259237,265445,"rsi_circ_003646",3,"+",1,3,5,5,"my_test_rsi2",3,0,0,1,"GTAG",NA,"ANCHOR_UNIQUE,CANONICAL,CIRCULAR,PERFECT_EXT,UNAMBIGUOUS_BP"
"2509","NW_017739478.1",232862,261270,"rsi_circ_003647",7,"+",5,7,40,40,"my_test_rsi2",7,1,0,1,"GTAG",NA,"ANCHOR_UNIQUE,CANONICAL,CIRCULAR,GOOD_EXT,UNAMBIGUOUS_BP"
"2510","NW_017739015.1",6342308,6342499,"rsi_circ_003649",3,"-",1,3,35,40,"my_test_rsi2",3,0,2,1,"GTAG",NA,"ANCHOR_UNIQUE,CANONICAL,CIRCULAR,OK_EXT,UNAMBIGUOUS_BP"
"2511","NW_017738940.1",191845,193512,"rsi_circ_003650",2,"+",2,2,40,40,"my_test_rsi2",2,0,0,1,"GTAG",NA,"ANCHOR_UNIQUE,CANONICAL,CIRCULAR,PERFECT_EXT,UNAMBIGUOUS_BP"
"2512","NW_017739140.1",233672,259229,"rsi_circ_003651",2,"-",2,2,40,40,"my_test_rsi2",2,0,0,1,"GTAG",NA,"ANCHOR_UNIQUE,CANONICAL,CIRCULAR,PERFECT_EXT,UNAMBIGUOUS_BP"
"2513","NW_017739521.1",188347,270364,"rsi_circ_003653",4,"-",3,4,40,35,"my_test_rsi2",4,1,0,1,"GTAG",NA,"ANCHOR_UNIQUE,CANONICAL,CIRCULAR,GOOD_EXT,UNAMBIGUOUS_BP"
"2514","NW_017739068.1",2525274,2536875,"rsi_circ_003654",2,"-",1,2,35,40,"my_test_rsi2",2,1,0,1,"GTAG",NA,"ANCHOR_UNIQUE,CANONICAL,CIRCULAR,GOOD_EXT,UNAMBIGUOUS_BP"
"2515","NW_017738968.1",6840948,6844736,"rsi_circ_003656",4,"+",1,4,40,40,"my_test_rsi2",4,0,0,1,"GTAG",NA,"ANCHOR_UNIQUE,CANONICAL,CIRCULAR,PERFECT_EXT,UNAMBIGUOUS_BP"
"2516","NW_017739010.1",2704071,2706338,"rsi_circ_003657",2,"+",1,2,5,40,"my_test_rsi2",2,0,0,1,"GTAG",NA,"ANCHOR_UNIQUE,CANONICAL,CIRCULAR,PERFECT_EXT,UNAMBIGUOUS_BP"
"2517","NW_017739014.1",2694528,2696943,"rsi_circ_003658",6,"-",2,6,40,35,"my_test_rsi2",6,0,0,1,"GTAG",NA,"ANCHOR_UNIQUE,CANONICAL,CIRCULAR,PERFECT_EXT,UNAMBIGUOUS_BP"
"2518","NW_017738992.1",4617634,4626496,"rsi_circ_003659",3,"+",1,3,40,40,"my_test_rsi2",3,1,0,1,"GTAG",NA,"ANCHOR_UNIQUE,CANONICAL,CIRCULAR,GOOD_EXT,UNAMBIGUOUS_BP"
"2519","NW_017738973.1",9846854,9867895,"rsi_circ_003663",5,"-",4,5,40,40,"my_test_rsi2",5,0,0,1,"GTAG",NA,"ANCHOR_UNIQUE,CANONICAL,CIRCULAR,PERFECT_EXT,UNAMBIGUOUS_BP"
"2520","NW_017739349.1",593006,593693,"rsi_circ_003664",21,"+",10,21,40,40,"my_test_rsi2",21,0,0,1,"GTAG",NA,"ANCHOR_UNIQUE,CANONICAL,CIRCULAR,PERFECT_EXT,UNAMBIGUOUS_BP"
"2521","NW_017739461.1",823757,829248,"rsi_circ_003665",3,"+",2,3,40,5,"my_test_rsi2",3,1,0,1,"GTAG",NA,"ANCHOR_UNIQUE,CANONICAL,CIRCULAR,GOOD_EXT,UNAMBIGUOUS_BP"
"2522","NW_017738979.1",7078065,7085250,"rsi_circ_003666",5,"-",4,5,40,40,"my_test_rsi2",5,0,0,1,"GTAG",NA,"ANCHOR_UNIQUE,CANONICAL,CIRCULAR,PERFECT_EXT,UNAMBIGUOUS_BP"
"2523","NW_017739349.1",725085,763257,"rsi_circ_003667",4,"+",1,4,40,40,"my_test_rsi2",4,0,0,1,"GTAG",NA,"ANCHOR_UNIQUE,CANONICAL,CIRCULAR,PERFECT_EXT,UNAMBIGUOUS_BP"
"2524","NW_017739178.1",1505564,1508496,"rsi_circ_003668",2,"+",2,2,35,40,"my_test_rsi2",2,0,0,1,"GTAG",NA,"ANCHOR_UNIQUE,CANONICAL,CIRCULAR,PERFECT_EXT,UNAMBIGUOUS_BP"
"2525","NW_017739245.1",121322,143426,"rsi_circ_003669",3,"-",1,3,40,40,"my_test_rsi2",3,0,0,1,"GTAG",NA,"ANCHOR_UNIQUE,CANONICAL,CIRCULAR,PERFECT_EXT,UNAMBIGUOUS_BP"
"2526","NW_017739006.1",5839884,5848333,"rsi_circ_003672",10,"-",2,10,5,40,"my_test_rsi2",10,0,0,1,"GTAG",NA,"ANCHOR_UNIQUE,CANONICAL,CIRCULAR,PERFECT_EXT,UNAMBIGUOUS_BP"
"2527","NW_017738980.1",286944,303498,"rsi_circ_003674",35,"+",17,34,40,40,"my_test_rsi2",35,1,0,1,"GTAG",NA,"ANCHOR_UNIQUE,CANONICAL,CIRCULAR,GOOD_EXT,UNAMBIGUOUS_BP"
"2528","NW_017739633.1",633533,634636,"rsi_circ_003675",2,"+",2,2,40,40,"my_test_rsi2",2,0,0,1,"GTAG",NA,"ANCHOR_UNIQUE,CANONICAL,CIRCULAR,PERFECT_EXT,UNAMBIGUOUS_BP"
"2529","NW_017738943.1",9545636,9552498,"rsi_circ_003679",19,"+",9,19,40,40,"my_test_rsi2",19,0,0,1,"GTAG",NA,"ANCHOR_UNIQUE,CANONICAL,CIRCULAR,PERFECT_EXT,UNAMBIGUOUS_BP"
"2530","NW_017739195.1",2299553,2317298,"rsi_circ_003680",2,"-",2,2,5,40,"my_test_rsi2",2,0,0,1,"GTAG",NA,"ANCHOR_UNIQUE,CANONICAL,CIRCULAR,PERFECT_EXT,UNAMBIGUOUS_BP"
"2531","NW_017739212.1",1256340,1260327,"rsi_circ_003681",4,"-",3,4,5,40,"my_test_rsi2",4,0,0,1,"GTAG",NA,"ANCHOR_UNIQUE,CANONICAL,CIRCULAR,PERFECT_EXT,UNAMBIGUOUS_BP"
"2532","NW_017739022.1",1967170,1971716,"rsi_circ_003682",2,"-",1,2,40,5,"my_test_rsi2",2,0,0,1,"GTAG",NA,"ANCHOR_UNIQUE,CANONICAL,CIRCULAR,PERFECT_EXT,UNAMBIGUOUS_BP"
"2533","NW_017739322.1",2830295,2831324,"rsi_circ_003683",5,"+",1,5,5,40,"my_test_rsi2",5,0,0,1,"GTAG",NA,"ANCHOR_UNIQUE,CANONICAL,CIRCULAR,PERFECT_EXT,UNAMBIGUOUS_BP"
"2534","NW_017739040.1",10059282,10069000,"rsi_circ_003684",8,"-",7,7,40,40,"my_test_rsi2",8,0,0,1,"GTAG",NA,"ANCHOR_UNIQUE,CANONICAL,CIRCULAR,PERFECT_EXT,UNAMBIGUOUS_BP"
"2535","NW_017739473.1",1084184,1089860,"rsi_circ_003685",3,"-",2,3,40,40,"my_test_rsi2",3,0,0,1,"GTAG",NA,"ANCHOR_UNIQUE,CANONICAL,CIRCULAR,PERFECT_EXT,UNAMBIGUOUS_BP"
"2536","NW_017738956.1",3517875,3530186,"rsi_circ_003687",4,"-",3,4,35,40,"my_test_rsi2",4,0,0,1,"GTAG",NA,"ANCHOR_UNIQUE,CANONICAL,CIRCULAR,PERFECT_EXT,UNAMBIGUOUS_BP"
"2537","NW_017738920.1",1926501,1933968,"rsi_circ_003688",4,"-",1,4,5,5,"my_test_rsi2",4,2,0,1,"GTAG",NA,"ANCHOR_UNIQUE,CANONICAL,CIRCULAR,OK_EXT,UNAMBIGUOUS_BP"
"2538","NW_017739502.1",1022135,1022924,"rsi_circ_003690",2,"-",2,2,40,40,"my_test_rsi2",2,0,0,1,"GTAG",NA,"ANCHOR_UNIQUE,CANONICAL,CIRCULAR,PERFECT_EXT,UNAMBIGUOUS_BP"
"2539","NW_017739027.1",4350955,4366857,"rsi_circ_003691",2,"+",1,2,40,40,"my_test_rsi2",2,0,0,1,"GTAG",NA,"ANCHOR_UNIQUE,CANONICAL,CIRCULAR,PERFECT_EXT,UNAMBIGUOUS_BP"
"2540","NW_017739268.1",810464,847754,"rsi_circ_003692",2,"+",1,2,40,5,"my_test_rsi2",2,0,0,1,"GTAG",NA,"ANCHOR_UNIQUE,CANONICAL,CIRCULAR,PERFECT_EXT,UNAMBIGUOUS_BP"
"2541","NW_017738957.1",11585005,11585951,"rsi_circ_003693",2,"+",1,2,40,5,"my_test_rsi2",2,0,0,1,"GTAG",NA,"ANCHOR_UNIQUE,CANONICAL,CIRCULAR,PERFECT_EXT,UNAMBIGUOUS_BP"
"2542","NW_017739055.1",4760061,4763002,"rsi_circ_003694",45,"-",23,44,40,40,"my_test_rsi2",45,0,0,1,"GTAG",NA,"ANCHOR_UNIQUE,CANONICAL,CIRCULAR,PERFECT_EXT,UNAMBIGUOUS_BP"
"2543","NW_017738924.1",4612297,4616693,"rsi_circ_003695",12,"+",5,12,40,40,"my_test_rsi2",12,0,0,1,"GTAG",NA,"ANCHOR_UNIQUE,CANONICAL,CIRCULAR,PERFECT_EXT,UNAMBIGUOUS_BP"
"2544","NW_017739473.1",1145604,1171199,"rsi_circ_003696",11,"-",5,11,40,40,"my_test_rsi2",11,0,0,1,"GTAG",NA,"ANCHOR_UNIQUE,CANONICAL,CIRCULAR,PERFECT_EXT,UNAMBIGUOUS_BP"
"2545","NW_017738985.1",4962976,4978634,"rsi_circ_003697",4,"-",1,4,40,5,"my_test_rsi2",4,0,0,1,"GTAG",NA,"ANCHOR_UNIQUE,CANONICAL,CIRCULAR,PERFECT_EXT,UNAMBIGUOUS_BP"
"2546","NW_017739748.1",367169,376818,"rsi_circ_003698",7,"-",5,7,40,40,"my_test_rsi2",7,0,0,1,"GTAG",NA,"ANCHOR_UNIQUE,CANONICAL,CIRCULAR,PERFECT_EXT,UNAMBIGUOUS_BP"
"2547","NW_017739050.1",1821039,1825384,"rsi_circ_003699",3,"+",2,3,40,40,"my_test_rsi2",3,0,0,1,"GTAG",NA,"ANCHOR_UNIQUE,CANONICAL,CIRCULAR,PERFECT_EXT,UNAMBIGUOUS_BP"
"2548","NW_017738992.1",3930577,3940107,"rsi_circ_003700",2,"+",1,2,5,40,"my_test_rsi2",2,1,0,1,"GTAG",NA,"ANCHOR_UNIQUE,CANONICAL,CIRCULAR,GOOD_EXT,UNAMBIGUOUS_BP"
"2549","NW_017739027.1",3316070,3335462,"rsi_circ_003701",2,"+",1,2,35,40,"my_test_rsi2",2,0,0,1,"GTAG",NA,"ANCHOR_UNIQUE,CANONICAL,CIRCULAR,PERFECT_EXT,UNAMBIGUOUS_BP"
"2550","NW_017739024.1",1039055,1073051,"rsi_circ_003703",15,"+",5,15,40,40,"my_test_rsi2",15,1,0,1,"GTAG",NA,"ANCHOR_UNIQUE,CANONICAL,CIRCULAR,GOOD_EXT,UNAMBIGUOUS_BP"
"2551","NW_017738948.1",9475059,9482637,"rsi_circ_003704",3,"-",1,3,5,40,"my_test_rsi2",3,0,0,1,"GTAG",NA,"ANCHOR_UNIQUE,CANONICAL,CIRCULAR,PERFECT_EXT,UNAMBIGUOUS_BP"
"2552","NW_017739886.1",52862,142226,"rsi_circ_003705",6,"+",5,1,40,5,"my_test_rsi2",6,0,0,1,"GTAG",NA,"ANCHOR_UNIQUE,CANONICAL,CIRCULAR,PERFECT_EXT,UNAMBIGUOUS_BP"
"2553","NW_017739004.1",4444615,4451557,"rsi_circ_003706",2,"+",2,1,40,40,"my_test_rsi2",2,0,0,1,"GTAG",NA,"ANCHOR_UNIQUE,CANONICAL,CIRCULAR,PERFECT_EXT,UNAMBIGUOUS_BP"
"2554","NW_017739477.1",483572,485753,"rsi_circ_003707",2,"-",1,2,5,5,"my_test_rsi2",2,0,0,1,"GTAG",NA,"ANCHOR_UNIQUE,CANONICAL,CIRCULAR,PERFECT_EXT,UNAMBIGUOUS_BP"
"2555","NW_017739298.1",1118460,1121757,"rsi_circ_003708",28,"+",15,28,40,40,"my_test_rsi2",28,0,0,1,"GTAG",NA,"ANCHOR_UNIQUE,CANONICAL,CIRCULAR,PERFECT_EXT,UNAMBIGUOUS_BP"
"2556","NW_017739192.1",3508373,3510104,"rsi_circ_003709",4,"+",1,4,40,40,"my_test_rsi2",4,0,0,1,"GTAG",NA,"ANCHOR_UNIQUE,CANONICAL,CIRCULAR,PERFECT_EXT,UNAMBIGUOUS_BP"
"2557","NW_017739609.1",406686,443578,"rsi_circ_003711",3,"-",3,3,40,40,"my_test_rsi2",3,0,0,1,"GTAG",NA,"ANCHOR_UNIQUE,CANONICAL,CIRCULAR,PERFECT_EXT,UNAMBIGUOUS_BP"
"2558","NW_017739019.1",4630783,4637114,"rsi_circ_003714",2,"-",1,2,5,5,"my_test_rsi2",2,0,0,1,"GTAG",NA,"ANCHOR_UNIQUE,CANONICAL,CIRCULAR,PERFECT_EXT,UNAMBIGUOUS_BP"
"2559","NW_017738929.1",3799349,3801964,"rsi_circ_003716",4,"-",1,4,40,40,"my_test_rsi2",4,0,0,1,"GTAG",NA,"ANCHOR_UNIQUE,CANONICAL,CIRCULAR,PERFECT_EXT,UNAMBIGUOUS_BP"
"2560","NW_017738986.1",1758620,1760947,"rsi_circ_003717",2,"-",2,2,40,40,"my_test_rsi2",2,0,0,1,"GTAG",NA,"ANCHOR_UNIQUE,CANONICAL,CIRCULAR,PERFECT_EXT,UNAMBIGUOUS_BP"
"2561","NW_017739295.1",223415,237330,"rsi_circ_003718",20,"+",8,20,40,40,"my_test_rsi2",20,0,0,1,"GTAG",NA,"ANCHOR_UNIQUE,CANONICAL,CIRCULAR,PERFECT_EXT,UNAMBIGUOUS_BP"
"2562","NW_017739205.1",714919,717794,"rsi_circ_003719",13,"+",6,9,40,40,"my_test_rsi2",13,0,0,1,"GTAG",NA,"ANCHOR_UNIQUE,CANONICAL,CIRCULAR,PERFECT_EXT,UNAMBIGUOUS_BP"
"2563","NW_017739004.1",5472999,5475623,"rsi_circ_003720",2,"+",1,2,5,5,"my_test_rsi2",2,0,0,1,"GTAG",NA,"ANCHOR_UNIQUE,CANONICAL,CIRCULAR,PERFECT_EXT,UNAMBIGUOUS_BP"
"2564","NW_017739362.1",603609,614298,"rsi_circ_003721",2,"+",1,2,5,5,"my_test_rsi2",2,0,0,1,"GTAG",NA,"ANCHOR_UNIQUE,CANONICAL,CIRCULAR,PERFECT_EXT,UNAMBIGUOUS_BP"
"2565","NW_017739028.1",4806939,4816220,"rsi_circ_003722",2,"-",1,2,40,5,"my_test_rsi2",2,0,0,1,"GTAG",NA,"ANCHOR_UNIQUE,CANONICAL,CIRCULAR,PERFECT_EXT,UNAMBIGUOUS_BP"
"2566","NW_017739343.1",832431,832844,"rsi_circ_003723",2,"+",1,2,40,40,"my_test_rsi2",2,0,0,1,"GTAG",NA,"ANCHOR_UNIQUE,CANONICAL,CIRCULAR,PERFECT_EXT,UNAMBIGUOUS_BP"
"2567","NW_017738990.1",3619015,3624210,"rsi_circ_003724",14,"+",11,10,40,40,"my_test_rsi2",14,0,0,1,"GTAG",NA,"ANCHOR_UNIQUE,CANONICAL,CIRCULAR,PERFECT_EXT,UNAMBIGUOUS_BP"
"2568","NW_017739171.1",1714995,1716998,"rsi_circ_003728",11,"+",6,11,40,40,"my_test_rsi2",11,0,0,1,"GTAG",NA,"ANCHOR_UNIQUE,CANONICAL,CIRCULAR,PERFECT_EXT,UNAMBIGUOUS_BP"
"2569","NW_017739022.1",2381680,2381860,"rsi_circ_003729",4,"-",2,4,5,40,"my_test_rsi2",4,1,0,1,"GTAG",NA,"ANCHOR_UNIQUE,CANONICAL,CIRCULAR,GOOD_EXT,UNAMBIGUOUS_BP"
"2570","NW_017738957.1",4953301,4956532,"rsi_circ_003730",76,"-",37,71,40,40,"my_test_rsi2",76,0,0,1,"GTAG",NA,"ANCHOR_UNIQUE,CANONICAL,CIRCULAR,PERFECT_EXT,UNAMBIGUOUS_BP"
"2571","NW_017738944.1",4981745,4991133,"rsi_circ_003731",2,"+",2,2,40,5,"my_test_rsi2",2,0,0,1,"GTAG",NA,"ANCHOR_UNIQUE,CANONICAL,CIRCULAR,PERFECT_EXT,UNAMBIGUOUS_BP"
"2572","NW_017738990.1",4532098,4533336,"rsi_circ_003732",2,"-",2,2,5,40,"my_test_rsi2",2,1,0,1,"GTAG",NA,"ANCHOR_UNIQUE,CANONICAL,CIRCULAR,GOOD_EXT,UNAMBIGUOUS_BP"
"2573","NW_017739728.1",440326,449810,"rsi_circ_003733",8,"+",3,8,40,40,"my_test_rsi2",8,0,0,1,"GTAG",NA,"ANCHOR_UNIQUE,CANONICAL,CIRCULAR,PERFECT_EXT,UNAMBIGUOUS_BP"
"2574","NW_017739443.1",1215849,1218725,"rsi_circ_003734",10,"-",4,10,40,40,"my_test_rsi2",10,0,0,1,"GTAG",NA,"ANCHOR_UNIQUE,CANONICAL,CIRCULAR,PERFECT_EXT,UNAMBIGUOUS_BP"
"2575","NW_017739441.1",697318,698301,"rsi_circ_003735",9,"-",4,9,40,40,"my_test_rsi2",9,0,0,1,"GTAG",NA,"ANCHOR_UNIQUE,CANONICAL,CIRCULAR,PERFECT_EXT,UNAMBIGUOUS_BP"
"2576","NW_017739455.1",401870,404288,"rsi_circ_003737",5,"-",2,5,40,5,"my_test_rsi2",5,1,0,1,"GTAG",NA,"ANCHOR_UNIQUE,CANONICAL,CIRCULAR,GOOD_EXT,UNAMBIGUOUS_BP"
"2577","NW_017739562.1",536315,552134,"rsi_circ_003738",16,"+",10,16,40,40,"my_test_rsi2",16,0,0,1,"GTAG",NA,"ANCHOR_UNIQUE,CANONICAL,CIRCULAR,PERFECT_EXT,UNAMBIGUOUS_BP"
"2578","NW_017739582.1",197840,206321,"rsi_circ_003739",4,"+",2,4,35,40,"my_test_rsi2",4,1,0,1,"GTAG",NA,"ANCHOR_UNIQUE,CANONICAL,CIRCULAR,GOOD_EXT,UNAMBIGUOUS_BP"
"2579","NW_017739185.1",4549694,4561052,"rsi_circ_003740",2,"+",1,2,40,40,"my_test_rsi2",2,0,0,1,"GTAG",NA,"ANCHOR_UNIQUE,CANONICAL,CIRCULAR,PERFECT_EXT,UNAMBIGUOUS_BP"
"2580","NW_017739684.1",358669,370121,"rsi_circ_003741",15,"+",9,14,40,40,"my_test_rsi2",15,0,0,1,"GTAG",NA,"ANCHOR_UNIQUE,CANONICAL,CIRCULAR,PERFECT_EXT,UNAMBIGUOUS_BP"
"2581","NW_017739155.1",3058442,3061668,"rsi_circ_003742",4,"+",3,4,40,40,"my_test_rsi2",4,0,0,1,"GTAG",NA,"ANCHOR_UNIQUE,CANONICAL,CIRCULAR,PERFECT_EXT,UNAMBIGUOUS_BP"
"2582","NW_017738990.1",5071152,5080570,"rsi_circ_003745",6,"+",3,6,40,40,"my_test_rsi2",6,0,0,1,"GTAG",NA,"ANCHOR_UNIQUE,CANONICAL,CIRCULAR,PERFECT_EXT,UNAMBIGUOUS_BP"
"2583","NW_017738969.1",2728686,2733188,"rsi_circ_003746",36,"-",16,36,40,40,"my_test_rsi2",36,0,0,1,"GTAG",NA,"ANCHOR_UNIQUE,CANONICAL,CIRCULAR,PERFECT_EXT,UNAMBIGUOUS_BP"
"2584","NW_017738934.1",379588,393170,"rsi_circ_003748",4,"+",2,4,40,40,"my_test_rsi2",4,1,0,1,"GTAG",NA,"ANCHOR_UNIQUE,CANONICAL,CIRCULAR,GOOD_EXT,UNAMBIGUOUS_BP"
"2585","NW_017739071.1",2997741,3003520,"rsi_circ_003749",10,"-",6,7,40,40,"my_test_rsi2",10,0,0,1,"GTAG",NA,"ANCHOR_UNIQUE,CANONICAL,CIRCULAR,PERFECT_EXT,UNAMBIGUOUS_BP"
"2586","NW_017739212.1",1372459,1380783,"rsi_circ_003752",20,"+",13,12,40,40,"my_test_rsi2",20,0,0,1,"GTAG",NA,"ANCHOR_UNIQUE,CANONICAL,CIRCULAR,PERFECT_EXT,UNAMBIGUOUS_BP"
"2587","NW_017739642.1",201272,204094,"rsi_circ_003753",5,"+",2,3,5,40,"my_test_rsi2",5,0,0,1,"GTAG",NA,"ANCHOR_UNIQUE,CANONICAL,CIRCULAR,PERFECT_EXT,UNAMBIGUOUS_BP"
"2588","NW_017739232.1",352670,353061,"rsi_circ_003754",2,"+",2,2,5,5,"my_test_rsi2",2,2,0,1,"GTAG",NA,"ANCHOR_UNIQUE,CANONICAL,CIRCULAR,OK_EXT,UNAMBIGUOUS_BP"
"2589","NW_017739479.1",358592,385332,"rsi_circ_003755",3,"+",1,3,5,40,"my_test_rsi2",3,0,0,1,"GTAG",NA,"ANCHOR_UNIQUE,CANONICAL,CIRCULAR,PERFECT_EXT,UNAMBIGUOUS_BP"
"2590","NW_017739110.1",2458540,2458746,"rsi_circ_003756",2,"-",1,2,40,35,"my_test_rsi2",2,2,0,1,"GTAG",NA,"ANCHOR_UNIQUE,CANONICAL,CIRCULAR,OK_EXT,UNAMBIGUOUS_BP"
"2591","NW_017738981.1",27582,30793,"rsi_circ_003757",2,"-",1,2,5,40,"my_test_rsi2",2,0,0,1,"GTAG",NA,"ANCHOR_UNIQUE,CANONICAL,CIRCULAR,PERFECT_EXT,UNAMBIGUOUS_BP"
"2592","NW_017739055.1",280567,284144,"rsi_circ_003758",3,"-",1,3,40,5,"my_test_rsi2",3,0,0,1,"GTAG",NA,"ANCHOR_UNIQUE,CANONICAL,CIRCULAR,PERFECT_EXT,UNAMBIGUOUS_BP"
"2593","NW_017738959.1",2787805,2788714,"rsi_circ_003760",3,"+",2,3,40,40,"my_test_rsi2",3,0,0,1,"GTAG",NA,"ANCHOR_UNIQUE,CANONICAL,CIRCULAR,PERFECT_EXT,UNAMBIGUOUS_BP"
"2594","NW_017739758.1",204377,207745,"rsi_circ_003763",17,"-",8,15,40,40,"my_test_rsi2",17,0,0,1,"GTAG",NA,"ANCHOR_UNIQUE,CANONICAL,CIRCULAR,PERFECT_EXT,UNAMBIGUOUS_BP"
"2595","NW_017739194.1",2431154,2436054,"rsi_circ_003765",76,"+",43,76,40,40,"my_test_rsi2",76,0,0,1,"GTAG",NA,"ANCHOR_UNIQUE,CANONICAL,CIRCULAR,PERFECT_EXT,UNAMBIGUOUS_BP"
"2596","NW_017738939.1",459153,491681,"rsi_circ_003768",3,"+",1,3,40,40,"my_test_rsi2",3,1,0,1,"GTAG",NA,"ANCHOR_UNIQUE,CANONICAL,CIRCULAR,GOOD_EXT,UNAMBIGUOUS_BP"
"2597","NW_017739625.1",231289,231535,"rsi_circ_003769",5,"+",2,3,40,5,"my_test_rsi2",5,1,0,1,"GTAG",NA,"ANCHOR_UNIQUE,CANONICAL,CIRCULAR,GOOD_EXT,UNAMBIGUOUS_BP"
"2598","NW_017738929.1",3799146,3801964,"rsi_circ_003771",34,"-",14,33,40,40,"my_test_rsi2",34,0,0,1,"GTAG",NA,"ANCHOR_UNIQUE,CANONICAL,CIRCULAR,PERFECT_EXT,UNAMBIGUOUS_BP"
"2599","NW_017739293.1",359677,360744,"rsi_circ_003774",2,"-",1,2,40,40,"my_test_rsi2",2,1,0,1,"GTAG",NA,"ANCHOR_UNIQUE,CANONICAL,CIRCULAR,GOOD_EXT,UNAMBIGUOUS_BP"
"2600","NW_017738920.1",570825,571466,"rsi_circ_003775",2,"+",1,2,40,40,"my_test_rsi2",2,0,0,1,"GTAG",NA,"ANCHOR_UNIQUE,CANONICAL,CIRCULAR,PERFECT_EXT,UNAMBIGUOUS_BP"
"2601","NW_017738970.1",7013912,7046116,"rsi_circ_003779",8,"-",4,8,40,5,"my_test_rsi2",8,0,0,1,"GTAG",NA,"ANCHOR_UNIQUE,CANONICAL,CIRCULAR,PERFECT_EXT,UNAMBIGUOUS_BP"
"2602","NW_017739061.1",2049023,2050219,"rsi_circ_003780",3,"-",1,3,40,5,"my_test_rsi2",3,0,0,1,"GTAG",NA,"ANCHOR_UNIQUE,CANONICAL,CIRCULAR,PERFECT_EXT,UNAMBIGUOUS_BP"
"2603","NW_017739010.1",4530271,4532434,"rsi_circ_003784",3,"-",1,3,5,40,"my_test_rsi2",3,0,0,1,"GTAG",NA,"ANCHOR_UNIQUE,CANONICAL,CIRCULAR,PERFECT_EXT,UNAMBIGUOUS_BP"
"2604","NW_017739373.1",1233399,1245790,"rsi_circ_003785",7,"-",2,7,40,40,"my_test_rsi2",7,0,0,1,"GTAG",NA,"ANCHOR_UNIQUE,CANONICAL,CIRCULAR,PERFECT_EXT,UNAMBIGUOUS_BP"
"2605","NW_017739473.1",1145604,1205105,"rsi_circ_003789",3,"-",3,3,40,37,"my_test_rsi2",3,0,0,1,"GTAG",NA,"ANCHOR_UNIQUE,CANONICAL,CIRCULAR,PERFECT_EXT,UNAMBIGUOUS_BP"
"2606","NW_017739606.1",85705,90180,"rsi_circ_003790",3,"+",3,3,40,40,"my_test_rsi2",3,0,0,1,"GTAG",NA,"ANCHOR_UNIQUE,CANONICAL,CIRCULAR,PERFECT_EXT,UNAMBIGUOUS_BP"
"2607","NW_017739287.1",795830,836137,"rsi_circ_003791",3,"+",1,3,35,5,"my_test_rsi2",3,1,0,1,"GTAG",NA,"ANCHOR_UNIQUE,CANONICAL,CIRCULAR,GOOD_EXT,UNAMBIGUOUS_BP"
"2608","NW_017739401.1",1574501,1600850,"rsi_circ_003793",2,"-",1,2,5,5,"my_test_rsi2",2,0,0,1,"GTAG",NA,"ANCHOR_UNIQUE,CANONICAL,CIRCULAR,PERFECT_EXT,UNAMBIGUOUS_BP"
"2609","NW_017738953.1",3377277,3405588,"rsi_circ_003794",2,"+",1,2,40,40,"my_test_rsi2",2,1,0,1,"GTAG",NA,"ANCHOR_UNIQUE,CANONICAL,CIRCULAR,GOOD_EXT,UNAMBIGUOUS_BP"
"2610","NW_017738972.1",219426,225160,"rsi_circ_003795",2,"+",2,2,40,40,"my_test_rsi2",2,0,0,1,"GTAG",NA,"ANCHOR_UNIQUE,CANONICAL,CIRCULAR,PERFECT_EXT,UNAMBIGUOUS_BP"
"2611","NW_017739065.1",1398259,1409754,"rsi_circ_003796",4,"+",2,4,5,5,"my_test_rsi2",4,0,0,1,"GTAG",NA,"ANCHOR_UNIQUE,CANONICAL,CIRCULAR,PERFECT_EXT,UNAMBIGUOUS_BP"
"2612","NW_017738960.1",5238783,5253177,"rsi_circ_003798",2,"-",2,2,40,40,"my_test_rsi2",2,0,0,1,"GTAG",NA,"ANCHOR_UNIQUE,CANONICAL,CIRCULAR,PERFECT_EXT,UNAMBIGUOUS_BP"
"2613","NW_017739186.1",320205,324549,"rsi_circ_003799",2,"+",1,2,40,40,"my_test_rsi2",2,0,0,1,"GTAG",NA,"ANCHOR_UNIQUE,CANONICAL,CIRCULAR,PERFECT_EXT,UNAMBIGUOUS_BP"
"2614","NW_017739245.1",734771,753646,"rsi_circ_003801",7,"-",3,7,40,5,"my_test_rsi2",7,1,0,1,"GTAG",NA,"ANCHOR_UNIQUE,CANONICAL,CIRCULAR,GOOD_EXT,UNAMBIGUOUS_BP"
"2615","NW_017739030.1",1064384,1065723,"rsi_circ_003802",5,"-",2,5,40,5,"my_test_rsi2",5,0,0,1,"GTAG",NA,"ANCHOR_UNIQUE,CANONICAL,CIRCULAR,PERFECT_EXT,UNAMBIGUOUS_BP"
"2616","NW_017738936.1",1479202,1479832,"rsi_circ_003803",6,"+",1,6,40,40,"my_test_rsi2",6,0,0,1,"GTAG",NA,"ANCHOR_UNIQUE,CANONICAL,CIRCULAR,PERFECT_EXT,UNAMBIGUOUS_BP"
"2617","NW_017739845.1",282171,283437,"rsi_circ_003804",5,"-",2,3,40,40,"my_test_rsi2",5,0,0,1,"GTAG",NA,"ANCHOR_UNIQUE,CANONICAL,CIRCULAR,PERFECT_EXT,UNAMBIGUOUS_BP"
"2618","NW_017738955.1",5346057,5354689,"rsi_circ_003805",4,"+",3,4,40,40,"my_test_rsi2",4,1,0,1,"GTAG",NA,"ANCHOR_UNIQUE,CANONICAL,CIRCULAR,GOOD_EXT,UNAMBIGUOUS_BP"
"2619","NW_017739043.1",2526686,2527204,"rsi_circ_003806",2,"+",1,2,40,5,"my_test_rsi2",2,0,0,1,"GTAG",NA,"ANCHOR_UNIQUE,CANONICAL,CIRCULAR,PERFECT_EXT,UNAMBIGUOUS_BP"
"2620","NW_017739536.1",60548,60729,"rsi_circ_003807",4,"-",4,4,5,40,"my_test_rsi2",4,0,0,1,"GTAG",NA,"ANCHOR_UNIQUE,CANONICAL,CIRCULAR,PERFECT_EXT,UNAMBIGUOUS_BP"
"2621","NW_017739050.1",1474737,1540479,"rsi_circ_003809",3,"-",3,3,40,40,"my_test_rsi2",3,0,0,1,"GTAG",NA,"ANCHOR_UNIQUE,CANONICAL,CIRCULAR,PERFECT_EXT,UNAMBIGUOUS_BP"
"2622","NW_017739190.1",537789,545072,"rsi_circ_003810",6,"-",3,6,40,40,"my_test_rsi2",6,0,0,1,"GTAG",NA,"ANCHOR_UNIQUE,CANONICAL,CIRCULAR,PERFECT_EXT,UNAMBIGUOUS_BP"
"2623","NW_017738982.1",1228110,1259848,"rsi_circ_003813",2,"+",1,2,5,40,"my_test_rsi2",2,1,0,1,"GTAG",NA,"ANCHOR_UNIQUE,CANONICAL,CIRCULAR,GOOD_EXT,UNAMBIGUOUS_BP"
"2624","NW_017738967.1",498132,521608,"rsi_circ_003815",2,"+",1,2,40,5,"my_test_rsi2",2,0,0,1,"GTAG",NA,"ANCHOR_UNIQUE,CANONICAL,CIRCULAR,PERFECT_EXT,UNAMBIGUOUS_BP"
"2625","NW_017739291.1",770077,772306,"rsi_circ_003816",2,"-",2,2,40,40,"my_test_rsi2",2,0,0,1,"GTAG",NA,"ANCHOR_UNIQUE,CANONICAL,CIRCULAR,PERFECT_EXT,UNAMBIGUOUS_BP"
"2626","NW_017739820.1",199791,200965,"rsi_circ_003818",5,"+",3,5,40,40,"my_test_rsi2",5,0,0,1,"GTAG",NA,"ANCHOR_UNIQUE,CANONICAL,CIRCULAR,PERFECT_EXT,UNAMBIGUOUS_BP"
"2627","NW_017739019.1",3725392,3728061,"rsi_circ_003819",3,"+",3,3,40,40,"my_test_rsi2",3,0,0,1,"GTAG",NA,"ANCHOR_UNIQUE,CANONICAL,CIRCULAR,PERFECT_EXT,UNAMBIGUOUS_BP"
"2628","NW_017738920.1",4467235,4470399,"rsi_circ_003820",4,"-",2,4,35,40,"my_test_rsi2",4,1,0,1,"GTAG",NA,"ANCHOR_UNIQUE,CANONICAL,CIRCULAR,GOOD_EXT,UNAMBIGUOUS_BP"
"2629","NW_017739078.1",4335680,4342139,"rsi_circ_003821",2,"-",2,2,40,5,"my_test_rsi2",2,2,0,1,"GTAG",NA,"ANCHOR_UNIQUE,CANONICAL,CIRCULAR,OK_EXT,UNAMBIGUOUS_BP"
"2630","NW_017739642.1",615833,616428,"rsi_circ_003823",3,"+",2,3,40,40,"my_test_rsi2",3,0,0,1,"GTAG",NA,"ANCHOR_UNIQUE,CANONICAL,CIRCULAR,PERFECT_EXT,UNAMBIGUOUS_BP"
"2631","NW_017738940.1",7811148,7819067,"rsi_circ_003824",2,"+",2,2,40,40,"my_test_rsi2",2,0,0,1,"GTAG",NA,"ANCHOR_UNIQUE,CANONICAL,CIRCULAR,PERFECT_EXT,UNAMBIGUOUS_BP"
"2632","NW_017739075.1",867914,868386,"rsi_circ_003827",26,"-",13,26,40,40,"my_test_rsi2",26,0,0,1,"GTAG",NA,"ANCHOR_UNIQUE,CANONICAL,CIRCULAR,PERFECT_EXT,UNAMBIGUOUS_BP"
"2633","NW_017739063.1",2917433,2929420,"rsi_circ_003828",4,"+",1,4,5,5,"my_test_rsi2",4,0,0,1,"GTAG",NA,"ANCHOR_UNIQUE,CANONICAL,CIRCULAR,PERFECT_EXT,UNAMBIGUOUS_BP"
"2634","NW_017739046.1",1895195,1897915,"rsi_circ_003829",3,"-",1,3,40,40,"my_test_rsi2",3,0,0,1,"GTAG",NA,"ANCHOR_UNIQUE,CANONICAL,CIRCULAR,PERFECT_EXT,UNAMBIGUOUS_BP"
"2635","NW_017739028.1",2407123,2427633,"rsi_circ_003831",2,"-",1,2,40,35,"my_test_rsi2",2,1,0,1,"GTAG",NA,"ANCHOR_UNIQUE,CANONICAL,CIRCULAR,GOOD_EXT,UNAMBIGUOUS_BP"
"2636","NW_017739330.1",983970,984214,"rsi_circ_003832",2,"+",2,1,35,5,"my_test_rsi2",2,1,0,1,"GTAG",NA,"ANCHOR_UNIQUE,CANONICAL,CIRCULAR,GOOD_EXT,UNAMBIGUOUS_BP"
"2637","NW_017739006.1",4422266,4451090,"rsi_circ_003834",2,"-",1,2,40,40,"my_test_rsi2",2,0,0,1,"GTAG",NA,"ANCHOR_UNIQUE,CANONICAL,CIRCULAR,PERFECT_EXT,UNAMBIGUOUS_BP"
"2638","NW_017738942.1",3738739,3740873,"rsi_circ_003835",7,"+",3,4,40,35,"my_test_rsi2",7,0,0,1,"GTAG",NA,"ANCHOR_UNIQUE,CANONICAL,CIRCULAR,PERFECT_EXT,UNAMBIGUOUS_BP"
"2639","NW_017738952.1",1911269,1922369,"rsi_circ_003838",7,"-",2,7,40,40,"my_test_rsi2",7,0,0,1,"GTAG",NA,"ANCHOR_UNIQUE,CANONICAL,CIRCULAR,PERFECT_EXT,UNAMBIGUOUS_BP"
"2640","NW_017739169.1",351825,387615,"rsi_circ_003839",2,"+",1,2,40,40,"my_test_rsi2",2,0,0,1,"GTAG",NA,"ANCHOR_UNIQUE,CANONICAL,CIRCULAR,PERFECT_EXT,UNAMBIGUOUS_BP"
"2641","NW_017739372.1",906451,913937,"rsi_circ_003840",2,"+",1,2,40,40,"my_test_rsi2",2,2,0,1,"GTAG",NA,"ANCHOR_UNIQUE,CANONICAL,CIRCULAR,OK_EXT,UNAMBIGUOUS_BP"
"2642","NW_017739044.1",1848899,1861525,"rsi_circ_003841",6,"-",4,6,40,40,"my_test_rsi2",6,0,0,1,"GTAG",NA,"ANCHOR_UNIQUE,CANONICAL,CIRCULAR,PERFECT_EXT,UNAMBIGUOUS_BP"
"2643","NW_017739024.1",162044,171359,"rsi_circ_003843",2,"-",1,2,40,40,"my_test_rsi2",2,0,0,1,"GTAG",NA,"ANCHOR_UNIQUE,CANONICAL,CIRCULAR,PERFECT_EXT,UNAMBIGUOUS_BP"
"2644","NW_017739251.1",692536,700944,"rsi_circ_003845",3,"+",1,3,5,40,"my_test_rsi2",3,0,0,1,"GTAG",NA,"ANCHOR_UNIQUE,CANONICAL,CIRCULAR,PERFECT_EXT,UNAMBIGUOUS_BP"
"2645","NW_017738992.1",5783280,5799531,"rsi_circ_003846",48,"+",24,48,40,40,"my_test_rsi2",48,0,0,1,"GTAG",NA,"ANCHOR_UNIQUE,CANONICAL,CIRCULAR,PERFECT_EXT,UNAMBIGUOUS_BP"
"2646","NW_017739140.1",1651417,1664674,"rsi_circ_003847",2,"-",2,2,40,40,"my_test_rsi2",2,0,0,1,"GTAG",NA,"ANCHOR_UNIQUE,CANONICAL,CIRCULAR,PERFECT_EXT,UNAMBIGUOUS_BP"
"2647","NW_017738953.1",2808041,2831841,"rsi_circ_003848",4,"-",1,4,5,40,"my_test_rsi2",4,0,0,1,"GTAG",NA,"ANCHOR_UNIQUE,CANONICAL,CIRCULAR,PERFECT_EXT,UNAMBIGUOUS_BP"
"2648","NW_017738957.1",14858690,14891610,"rsi_circ_003850",6,"+",4,6,40,40,"my_test_rsi2",6,0,0,1,"GTAG",NA,"ANCHOR_UNIQUE,CANONICAL,CIRCULAR,PERFECT_EXT,UNAMBIGUOUS_BP"
"2649","NW_017739078.1",5413044,5413596,"rsi_circ_003851",4,"+",2,4,40,40,"my_test_rsi2",4,0,0,1,"GTAG",NA,"ANCHOR_UNIQUE,CANONICAL,CIRCULAR,PERFECT_EXT,UNAMBIGUOUS_BP"
"2650","NW_017739071.1",2362572,2374935,"rsi_circ_003853",4,"-",1,4,40,5,"my_test_rsi2",4,0,0,1,"GTAG",NA,"ANCHOR_UNIQUE,CANONICAL,CIRCULAR,PERFECT_EXT,UNAMBIGUOUS_BP"
"2651","NW_017738935.1",8140652,8143515,"rsi_circ_003854",13,"+",11,13,40,40,"my_test_rsi2",13,0,0,1,"GTAG",NA,"ANCHOR_UNIQUE,CANONICAL,CIRCULAR,PERFECT_EXT,UNAMBIGUOUS_BP"
"2652","NW_017739887.1",20046,26126,"rsi_circ_003856",5,"+",4,5,40,40,"my_test_rsi2",5,1,0,1,"GTAG",NA,"ANCHOR_UNIQUE,CANONICAL,CIRCULAR,GOOD_EXT,UNAMBIGUOUS_BP"
"2653","NW_017738944.1",2536943,2544589,"rsi_circ_003857",3,"+",2,3,40,5,"my_test_rsi2",3,0,0,1,"GTAG",NA,"ANCHOR_UNIQUE,CANONICAL,CIRCULAR,PERFECT_EXT,UNAMBIGUOUS_BP"
"2654","NW_017739330.1",622748,629442,"rsi_circ_003858",3,"-",2,3,40,40,"my_test_rsi2",3,0,0,1,"GTAG",NA,"ANCHOR_UNIQUE,CANONICAL,CIRCULAR,PERFECT_EXT,UNAMBIGUOUS_BP"
"2655","NW_017739190.1",699006,718664,"rsi_circ_003860",13,"-",9,13,40,40,"my_test_rsi2",13,0,0,1,"GTAG",NA,"ANCHOR_UNIQUE,CANONICAL,CIRCULAR,PERFECT_EXT,UNAMBIGUOUS_BP"
"2656","NW_017739450.1",143101,145048,"rsi_circ_003861",2,"-",1,2,5,5,"my_test_rsi2",2,0,0,1,"GTAG",NA,"ANCHOR_UNIQUE,CANONICAL,CIRCULAR,PERFECT_EXT,UNAMBIGUOUS_BP"
"2657","NW_017739011.1",2197664,2205003,"rsi_circ_003862",3,"-",1,3,5,5,"my_test_rsi2",3,0,0,1,"GTAG",NA,"ANCHOR_UNIQUE,CANONICAL,CIRCULAR,PERFECT_EXT,UNAMBIGUOUS_BP"
"2658","NW_017739107.1",948879,971237,"rsi_circ_003865",2,"+",2,2,5,40,"my_test_rsi2",2,1,0,1,"GTAG",NA,"ANCHOR_UNIQUE,CANONICAL,CIRCULAR,GOOD_EXT,UNAMBIGUOUS_BP"
"2659","NW_017739099.1",1112656,1116886,"rsi_circ_003866",7,"-",5,7,40,40,"my_test_rsi2",7,0,0,1,"GTAG",NA,"ANCHOR_UNIQUE,CANONICAL,CIRCULAR,PERFECT_EXT,UNAMBIGUOUS_BP"
"2660","NW_017739609.1",616319,647576,"rsi_circ_003868",2,"+",2,2,40,40,"my_test_rsi2",2,0,0,1,"GTAG",NA,"ANCHOR_UNIQUE,CANONICAL,CIRCULAR,PERFECT_EXT,UNAMBIGUOUS_BP"
"2661","NW_017739602.1",176235,223865,"rsi_circ_003869",4,"-",3,4,40,5,"my_test_rsi2",4,0,0,1,"GTAG",NA,"ANCHOR_UNIQUE,CANONICAL,CIRCULAR,PERFECT_EXT,UNAMBIGUOUS_BP"
"2662","NW_017739213.1",2158604,2171084,"rsi_circ_003870",3,"-",1,3,40,5,"my_test_rsi2",3,0,0,1,"GTAG",NA,"ANCHOR_UNIQUE,CANONICAL,CIRCULAR,PERFECT_EXT,UNAMBIGUOUS_BP"
"2663","NW_017739128.1",2242156,2244575,"rsi_circ_003871",2,"-",2,2,40,40,"my_test_rsi2",2,0,0,1,"GTAG",NA,"ANCHOR_UNIQUE,CANONICAL,CIRCULAR,PERFECT_EXT,UNAMBIGUOUS_BP"
"2664","NW_017739176.1",1176722,1229059,"rsi_circ_003872",3,"-",1,3,5,40,"my_test_rsi2",3,0,0,1,"GTAG",NA,"ANCHOR_UNIQUE,CANONICAL,CIRCULAR,PERFECT_EXT,UNAMBIGUOUS_BP"
"2665","NW_017738957.1",5534011,5534454,"rsi_circ_003873",5,"+",4,5,40,40,"my_test_rsi2",5,0,0,1,"GTAG",NA,"ANCHOR_UNIQUE,CANONICAL,CIRCULAR,PERFECT_EXT,UNAMBIGUOUS_BP"
"2666","NW_017739448.1",371275,386746,"rsi_circ_003874",5,"-",3,5,40,40,"my_test_rsi2",5,0,0,1,"GTAG",NA,"ANCHOR_UNIQUE,CANONICAL,CIRCULAR,PERFECT_EXT,UNAMBIGUOUS_BP"
"2667","NW_017738928.1",2442724,2446291,"rsi_circ_003875",3,"+",1,3,5,5,"my_test_rsi2",3,1,0,1,"GTAG",NA,"ANCHOR_UNIQUE,CANONICAL,CIRCULAR,GOOD_EXT,UNAMBIGUOUS_BP"
"2668","NW_017739846.1",172311,191627,"rsi_circ_003878",4,"-",1,4,40,40,"my_test_rsi2",4,0,0,1,"GTAG",NA,"ANCHOR_UNIQUE,CANONICAL,CIRCULAR,PERFECT_EXT,UNAMBIGUOUS_BP"
"2669","NW_017738987.1",5372777,5378134,"rsi_circ_003879",20,"-",9,20,40,40,"my_test_rsi2",20,0,0,1,"GTAG",NA,"ANCHOR_UNIQUE,CANONICAL,CIRCULAR,PERFECT_EXT,UNAMBIGUOUS_BP"
"2670","NW_017738957.1",201443,227036,"rsi_circ_003880",3,"-",3,3,40,40,"my_test_rsi2",3,0,0,1,"GTAG",NA,"ANCHOR_UNIQUE,CANONICAL,CIRCULAR,PERFECT_EXT,UNAMBIGUOUS_BP"
"2671","NW_017738926.1",4134112,4137008,"rsi_circ_003881",2,"+",1,2,40,40,"my_test_rsi2",2,2,0,1,"GTAG",NA,"ANCHOR_UNIQUE,CANONICAL,CIRCULAR,OK_EXT,UNAMBIGUOUS_BP"
"2672","NW_017739040.1",8502641,8524876,"rsi_circ_003882",4,"+",2,4,40,40,"my_test_rsi2",4,0,0,1,"GTAG",NA,"ANCHOR_UNIQUE,CANONICAL,CIRCULAR,PERFECT_EXT,UNAMBIGUOUS_BP"
"2673","NW_017739122.1",1223725,1224111,"rsi_circ_003883",3,"-",1,3,40,40,"my_test_rsi2",3,2,0,1,"GTAG",NA,"ANCHOR_UNIQUE,CANONICAL,CIRCULAR,OK_EXT,UNAMBIGUOUS_BP"
"2674","NW_017739015.1",6542723,6548927,"rsi_circ_003884",4,"-",2,4,40,40,"my_test_rsi2",4,0,0,1,"GTAG",NA,"ANCHOR_UNIQUE,CANONICAL,CIRCULAR,PERFECT_EXT,UNAMBIGUOUS_BP"
"2675","NW_017739472.1",376165,377075,"rsi_circ_003885",4,"-",4,4,40,40,"my_test_rsi2",4,0,0,1,"GTAG",NA,"ANCHOR_UNIQUE,CANONICAL,CIRCULAR,PERFECT_EXT,UNAMBIGUOUS_BP"
"2676","NW_017739010.1",4512952,4513880,"rsi_circ_003887",5,"-",2,5,40,40,"my_test_rsi2",5,0,0,1,"GTAG",NA,"ANCHOR_UNIQUE,CANONICAL,CIRCULAR,PERFECT_EXT,UNAMBIGUOUS_BP"
"2677","NW_017739020.1",3410512,3449114,"rsi_circ_003888",2,"-",2,2,40,40,"my_test_rsi2",2,0,0,1,"GTAG",NA,"ANCHOR_UNIQUE,CANONICAL,CIRCULAR,PERFECT_EXT,UNAMBIGUOUS_BP"
"2678","NW_017739220.1",453045,455905,"rsi_circ_003889",3,"+",1,3,5,5,"my_test_rsi2",3,1,0,1,"GTAG",NA,"ANCHOR_UNIQUE,CANONICAL,CIRCULAR,GOOD_EXT,UNAMBIGUOUS_BP"
"2679","NW_017739046.1",2626291,2684738,"rsi_circ_003890",4,"-",1,4,5,5,"my_test_rsi2",4,0,0,1,"GTAG",NA,"ANCHOR_UNIQUE,CANONICAL,CIRCULAR,PERFECT_EXT,UNAMBIGUOUS_BP"
"2680","NW_017739309.1",2190926,2208426,"rsi_circ_003891",6,"-",3,6,40,40,"my_test_rsi2",6,0,0,1,"GTAG",NA,"ANCHOR_UNIQUE,CANONICAL,CIRCULAR,PERFECT_EXT,UNAMBIGUOUS_BP"
"2681","NW_017739098.1",1200755,1282186,"rsi_circ_003895",2,"-",1,2,40,40,"my_test_rsi2",2,0,0,1,"GTAG",NA,"ANCHOR_UNIQUE,CANONICAL,CIRCULAR,PERFECT_EXT,UNAMBIGUOUS_BP"
"2682","NW_017739313.1",19822,20806,"rsi_circ_003898",5,"-",4,3,40,35,"my_test_rsi2",5,0,0,1,"GTAG",NA,"ANCHOR_UNIQUE,CANONICAL,CIRCULAR,PERFECT_EXT,UNAMBIGUOUS_BP"
"2683","NW_017738972.1",2617107,2628297,"rsi_circ_003899",19,"-",7,18,40,40,"my_test_rsi2",19,1,0,1,"GTAG",NA,"ANCHOR_UNIQUE,CANONICAL,CIRCULAR,GOOD_EXT,UNAMBIGUOUS_BP"
"2684","NW_017739366.1",1725456,1730623,"rsi_circ_003900",3,"-",1,3,40,40,"my_test_rsi2",3,0,0,1,"GTAG",NA,"ANCHOR_UNIQUE,CANONICAL,CIRCULAR,PERFECT_EXT,UNAMBIGUOUS_BP"
"2685","NW_017739055.1",3570323,3576614,"rsi_circ_003901",3,"+",2,3,40,5,"my_test_rsi2",3,1,0,1,"GTAG",NA,"ANCHOR_UNIQUE,CANONICAL,CIRCULAR,GOOD_EXT,UNAMBIGUOUS_BP"
"2686","NW_017739003.1",4526809,4526974,"rsi_circ_003902",2,"+",2,2,5,40,"my_test_rsi2",2,2,0,1,"GTAG",NA,"ANCHOR_UNIQUE,CANONICAL,CIRCULAR,OK_EXT,UNAMBIGUOUS_BP"
"2687","NW_017738979.1",2095789,2110580,"rsi_circ_003903",2,"-",2,2,40,35,"my_test_rsi2",2,0,0,1,"GTAG",NA,"ANCHOR_UNIQUE,CANONICAL,CIRCULAR,PERFECT_EXT,UNAMBIGUOUS_BP"
"2688","NW_017739443.1",1147892,1160883,"rsi_circ_003904",2,"+",1,2,40,40,"my_test_rsi2",2,0,0,1,"GTAG",NA,"ANCHOR_UNIQUE,CANONICAL,CIRCULAR,PERFECT_EXT,UNAMBIGUOUS_BP"
"2689","NW_017739126.1",1217887,1237145,"rsi_circ_003905",27,"+",13,18,40,40,"my_test_rsi2",27,0,0,1,"GTAG",NA,"ANCHOR_UNIQUE,CANONICAL,CIRCULAR,PERFECT_EXT,UNAMBIGUOUS_BP"
"2690","NW_017738945.1",302354,319857,"rsi_circ_003907",6,"+",3,6,5,40,"my_test_rsi2",6,1,0,1,"GTAG",NA,"ANCHOR_UNIQUE,CANONICAL,CIRCULAR,GOOD_EXT,UNAMBIGUOUS_BP"
"2691","NW_017738950.1",3250998,3255086,"rsi_circ_003908",31,"+",18,31,40,40,"my_test_rsi2",31,0,0,1,"GTAG",NA,"ANCHOR_UNIQUE,CANONICAL,CIRCULAR,PERFECT_EXT,UNAMBIGUOUS_BP"
"2692","NW_017739043.1",682934,685521,"rsi_circ_003909",6,"-",2,6,40,40,"my_test_rsi2",6,0,0,1,"GTAG",NA,"ANCHOR_UNIQUE,CANONICAL,CIRCULAR,PERFECT_EXT,UNAMBIGUOUS_BP"
"2693","NW_017739644.1",786553,790658,"rsi_circ_003910",29,"-",11,29,40,40,"my_test_rsi2",29,0,0,1,"GTAG",NA,"ANCHOR_UNIQUE,CANONICAL,CIRCULAR,PERFECT_EXT,UNAMBIGUOUS_BP"
"2694","NW_017738976.1",637774,656378,"rsi_circ_003911",4,"+",2,4,40,5,"my_test_rsi2",4,0,0,1,"GTAG",NA,"ANCHOR_UNIQUE,CANONICAL,CIRCULAR,PERFECT_EXT,UNAMBIGUOUS_BP"
"2695","NW_017739829.1",141655,144148,"rsi_circ_003912",10,"-",4,9,40,40,"my_test_rsi2",10,1,0,1,"GTAG",NA,"ANCHOR_UNIQUE,CANONICAL,CIRCULAR,GOOD_EXT,UNAMBIGUOUS_BP"
"2696","NW_017739032.1",3360368,3360610,"rsi_circ_003913",2,"-",2,2,5,5,"my_test_rsi2",2,0,0,1,"GTAG",NA,"ANCHOR_UNIQUE,CANONICAL,CIRCULAR,PERFECT_EXT,UNAMBIGUOUS_BP"
"2697","NW_017739263.1",997092,1000247,"rsi_circ_003915",7,"-",3,7,40,40,"my_test_rsi2",7,2,0,1,"GTAG",NA,"ANCHOR_UNIQUE,CANONICAL,CIRCULAR,OK_EXT,UNAMBIGUOUS_BP"
"2698","NW_017739521.1",244983,270364,"rsi_circ_003917",5,"-",3,3,37,40,"my_test_rsi2",5,1,0,1,"GTAG",NA,"ANCHOR_UNIQUE,CANONICAL,CIRCULAR,GOOD_EXT,UNAMBIGUOUS_BP"
"2699","NW_017739032.1",3401707,3401950,"rsi_circ_003919",6,"-",2,6,40,40,"my_test_rsi2",6,1,0,1,"GTAG",NA,"ANCHOR_UNIQUE,CANONICAL,CIRCULAR,GOOD_EXT,UNAMBIGUOUS_BP"
"2700","NW_017739702.1",107625,126003,"rsi_circ_003920",3,"-",2,2,40,40,"my_test_rsi2",3,0,0,1,"GTAG",NA,"ANCHOR_UNIQUE,CANONICAL,CIRCULAR,PERFECT_EXT,UNAMBIGUOUS_BP"
"2701","NW_017739060.1",1519960,1536965,"rsi_circ_003922",2,"+",1,2,40,40,"my_test_rsi2",2,0,0,1,"GTAG",NA,"ANCHOR_UNIQUE,CANONICAL,CIRCULAR,PERFECT_EXT,UNAMBIGUOUS_BP"
"2702","NW_017738954.1",2877950,2891515,"rsi_circ_003923",3,"+",1,3,40,5,"my_test_rsi2",3,0,0,1,"GTAG",NA,"ANCHOR_UNIQUE,CANONICAL,CIRCULAR,PERFECT_EXT,UNAMBIGUOUS_BP"
"2703","NW_017738968.1",423596,425457,"rsi_circ_003924",4,"+",1,4,40,40,"my_test_rsi2",4,1,0,1,"GTAG",NA,"ANCHOR_UNIQUE,CANONICAL,CIRCULAR,GOOD_EXT,UNAMBIGUOUS_BP"
"2704","NW_017739086.1",1387263,1404803,"rsi_circ_003925",4,"+",1,4,5,40,"my_test_rsi2",4,0,0,1,"GTAG",NA,"ANCHOR_UNIQUE,CANONICAL,CIRCULAR,PERFECT_EXT,UNAMBIGUOUS_BP"
"2705","NW_017738996.1",1562665,1576136,"rsi_circ_003926",2,"-",1,2,5,5,"my_test_rsi2",2,0,0,1,"GTAG",NA,"ANCHOR_UNIQUE,CANONICAL,CIRCULAR,PERFECT_EXT,UNAMBIGUOUS_BP"
"2706","NW_017739071.1",3385666,3397300,"rsi_circ_003927",11,"+",6,11,40,40,"my_test_rsi2",11,0,0,1,"GTAG",NA,"ANCHOR_UNIQUE,CANONICAL,CIRCULAR,PERFECT_EXT,UNAMBIGUOUS_BP"
"2707","NW_017739074.1",601696,609419,"rsi_circ_003928",4,"+",2,4,5,40,"my_test_rsi2",4,0,0,1,"GTAG",NA,"ANCHOR_UNIQUE,CANONICAL,CIRCULAR,PERFECT_EXT,UNAMBIGUOUS_BP"
"2708","NW_017739377.1",479089,498000,"rsi_circ_003930",2,"+",1,2,35,5,"my_test_rsi2",2,1,0,1,"GTAG",NA,"ANCHOR_UNIQUE,CANONICAL,CIRCULAR,GOOD_EXT,UNAMBIGUOUS_BP"
"2709","NW_017738958.1",261062,266995,"rsi_circ_003931",2,"+",1,2,5,40,"my_test_rsi2",2,1,0,1,"GTAG",NA,"ANCHOR_UNIQUE,CANONICAL,CIRCULAR,GOOD_EXT,UNAMBIGUOUS_BP"
"2710","NW_017738927.1",2113774,2133522,"rsi_circ_003932",2,"+",2,2,40,40,"my_test_rsi2",2,0,0,1,"GTAG",NA,"ANCHOR_UNIQUE,CANONICAL,CIRCULAR,PERFECT_EXT,UNAMBIGUOUS_BP"
"2711","NW_017739155.1",3962127,3971162,"rsi_circ_003933",7,"+",2,7,40,40,"my_test_rsi2",7,0,0,1,"GTAG",NA,"ANCHOR_UNIQUE,CANONICAL,CIRCULAR,PERFECT_EXT,UNAMBIGUOUS_BP"
"2712","NW_017739388.1",1383706,1389177,"rsi_circ_003934",24,"-",11,23,40,40,"my_test_rsi2",24,0,0,1,"GTAG",NA,"ANCHOR_UNIQUE,CANONICAL,CIRCULAR,PERFECT_EXT,UNAMBIGUOUS_BP"
"2713","NW_017738943.1",11619942,11630638,"rsi_circ_003937",23,"+",14,23,40,40,"my_test_rsi2",23,0,0,1,"GTAG",NA,"ANCHOR_UNIQUE,CANONICAL,CIRCULAR,PERFECT_EXT,UNAMBIGUOUS_BP"
"2714","NW_017739591.1",76822,77179,"rsi_circ_003941",5,"-",3,5,40,40,"my_test_rsi2",5,0,0,1,"GTAG",NA,"ANCHOR_UNIQUE,CANONICAL,CIRCULAR,PERFECT_EXT,UNAMBIGUOUS_BP"
"2715","NW_017738929.1",2287985,2292782,"rsi_circ_003943",6,"-",2,4,40,40,"my_test_rsi2",6,1,0,1,"GTAG",NA,"ANCHOR_UNIQUE,CANONICAL,CIRCULAR,GOOD_EXT,UNAMBIGUOUS_BP"
"2716","NW_017739390.1",1278116,1278699,"rsi_circ_003944",9,"-",7,9,40,35,"my_test_rsi2",9,0,0,1,"GTAG",NA,"ANCHOR_UNIQUE,CANONICAL,CIRCULAR,PERFECT_EXT,UNAMBIGUOUS_BP"
"2717","NW_017739454.1",1323936,1328165,"rsi_circ_003946",3,"+",1,3,40,40,"my_test_rsi2",3,0,0,1,"GTAG",NA,"ANCHOR_UNIQUE,CANONICAL,CIRCULAR,PERFECT_EXT,UNAMBIGUOUS_BP"
"2718","NW_017739055.1",2003717,2003947,"rsi_circ_003948",4,"+",2,4,40,5,"my_test_rsi2",4,0,0,1,"GTAG",NA,"ANCHOR_UNIQUE,CANONICAL,CIRCULAR,PERFECT_EXT,UNAMBIGUOUS_BP"
"2719","NW_017739249.1",737181,750604,"rsi_circ_003949",43,"-",17,43,40,40,"my_test_rsi2",43,1,0,1,"GTAG",NA,"ANCHOR_UNIQUE,CANONICAL,CIRCULAR,GOOD_EXT,UNAMBIGUOUS_BP"
"2720","NW_017738966.1",202246,253035,"rsi_circ_003950",2,"-",2,2,40,37,"my_test_rsi2",2,0,0,1,"GTAG",NA,"ANCHOR_UNIQUE,CANONICAL,CIRCULAR,PERFECT_EXT,UNAMBIGUOUS_BP"
"2721","NW_017739337.1",1583134,1629025,"rsi_circ_003951",17,"-",7,14,40,40,"my_test_rsi2",17,1,0,1,"GTAG",NA,"ANCHOR_UNIQUE,CANONICAL,CIRCULAR,GOOD_EXT,UNAMBIGUOUS_BP"
"2722","NW_017738954.1",4599359,4606173,"rsi_circ_003953",2,"+",2,2,5,35,"my_test_rsi2",2,0,0,1,"GTAG",NA,"ANCHOR_UNIQUE,CANONICAL,CIRCULAR,PERFECT_EXT,UNAMBIGUOUS_BP"
"2723","NW_017739195.1",2295415,2317298,"rsi_circ_003954",2,"-",2,2,40,40,"my_test_rsi2",2,0,0,1,"GTAG",NA,"ANCHOR_UNIQUE,CANONICAL,CIRCULAR,PERFECT_EXT,UNAMBIGUOUS_BP"
"2724","NW_017739043.1",1949867,1950672,"rsi_circ_003955",2,"+",1,2,40,5,"my_test_rsi2",2,2,0,1,"GTAG",NA,"ANCHOR_UNIQUE,CANONICAL,CIRCULAR,OK_EXT,UNAMBIGUOUS_BP"
"2725","NW_017739476.1",854028,897244,"rsi_circ_003956",5,"-",4,5,40,40,"my_test_rsi2",5,0,0,1,"GTAG",NA,"ANCHOR_UNIQUE,CANONICAL,CIRCULAR,PERFECT_EXT,UNAMBIGUOUS_BP"
"2726","NW_017739394.1",1086246,1116254,"rsi_circ_003958",2,"-",1,2,5,40,"my_test_rsi2",2,0,0,1,"GTAG",NA,"ANCHOR_UNIQUE,CANONICAL,CIRCULAR,PERFECT_EXT,UNAMBIGUOUS_BP"
"2727","NW_017738932.1",5993187,6002865,"rsi_circ_003959",2,"+",2,2,40,40,"my_test_rsi2",2,0,0,1,"GTAG",NA,"ANCHOR_UNIQUE,CANONICAL,CIRCULAR,PERFECT_EXT,UNAMBIGUOUS_BP"
"2728","NW_017738967.1",778723,779589,"rsi_circ_003960",9,"-",5,9,40,40,"my_test_rsi2",9,0,0,1,"GTAG",NA,"ANCHOR_UNIQUE,CANONICAL,CIRCULAR,PERFECT_EXT,UNAMBIGUOUS_BP"
"2729","NW_017738957.1",13193122,13238526,"rsi_circ_003962",18,"+",11,17,40,40,"my_test_rsi2",18,0,0,1,"GTAG",NA,"ANCHOR_UNIQUE,CANONICAL,CIRCULAR,PERFECT_EXT,UNAMBIGUOUS_BP"
"2730","NW_017739003.1",8565872,8569606,"rsi_circ_003963",5,"-",4,5,5,40,"my_test_rsi2",5,0,0,1,"GTAG",NA,"ANCHOR_UNIQUE,CANONICAL,CIRCULAR,PERFECT_EXT,UNAMBIGUOUS_BP"
"2731","NW_017738961.1",3554188,3563023,"rsi_circ_003964",5,"+",3,5,40,40,"my_test_rsi2",5,0,0,1,"GTAG",NA,"ANCHOR_UNIQUE,CANONICAL,CIRCULAR,PERFECT_EXT,UNAMBIGUOUS_BP"
"2732","NW_017739154.1",262477,280000,"rsi_circ_003965",2,"+",1,2,5,40,"my_test_rsi2",2,1,0,1,"GTAG",NA,"ANCHOR_UNIQUE,CANONICAL,CIRCULAR,GOOD_EXT,UNAMBIGUOUS_BP"
"2733","NW_017739478.1",1382303,1404237,"rsi_circ_003966",3,"+",2,3,35,35,"my_test_rsi2",3,1,0,1,"GTAG",NA,"ANCHOR_UNIQUE,CANONICAL,CIRCULAR,GOOD_EXT,UNAMBIGUOUS_BP"
"2734","NW_017739403.1",286577,302039,"rsi_circ_003967",2,"+",2,2,40,40,"my_test_rsi2",2,0,0,1,"GTAG",NA,"ANCHOR_UNIQUE,CANONICAL,CIRCULAR,PERFECT_EXT,UNAMBIGUOUS_BP"
"2735","NW_017739142.1",2911411,2914570,"rsi_circ_003968",5,"-",4,5,40,40,"my_test_rsi2",5,0,0,1,"GTAG",NA,"ANCHOR_UNIQUE,CANONICAL,CIRCULAR,PERFECT_EXT,UNAMBIGUOUS_BP"
"2736","NW_017739306.1",3885496,3907705,"rsi_circ_003970",8,"+",3,8,40,40,"my_test_rsi2",8,0,0,1,"GTAG",NA,"ANCHOR_UNIQUE,CANONICAL,CIRCULAR,PERFECT_EXT,UNAMBIGUOUS_BP"
"2737","NW_017739446.1",1750117,1754895,"rsi_circ_003971",3,"-",2,2,40,35,"my_test_rsi2",3,0,0,1,"GTAG",NA,"ANCHOR_UNIQUE,CANONICAL,CIRCULAR,PERFECT_EXT,UNAMBIGUOUS_BP"
"2738","NW_017739200.1",1973253,1984366,"rsi_circ_003972",3,"-",2,3,40,40,"my_test_rsi2",3,0,0,1,"GTAG",NA,"ANCHOR_UNIQUE,CANONICAL,CIRCULAR,PERFECT_EXT,UNAMBIGUOUS_BP"
"2739","NW_017739239.1",61307,63194,"rsi_circ_003974",27,"-",14,26,40,40,"my_test_rsi2",27,0,0,1,"GTAG",NA,"ANCHOR_UNIQUE,CANONICAL,CIRCULAR,PERFECT_EXT,UNAMBIGUOUS_BP"
"2740","NW_017739578.1",25041,26086,"rsi_circ_003975",7,"+",3,6,5,40,"my_test_rsi2",7,1,0,1,"GTAG",NA,"ANCHOR_UNIQUE,CANONICAL,CIRCULAR,GOOD_EXT,UNAMBIGUOUS_BP"
"2741","NW_017738973.1",638644,643444,"rsi_circ_003976",13,"-",7,12,40,40,"my_test_rsi2",13,0,0,1,"GTAG",NA,"ANCHOR_UNIQUE,CANONICAL,CIRCULAR,PERFECT_EXT,UNAMBIGUOUS_BP"
"2742","NW_017739633.1",282833,292560,"rsi_circ_003977",4,"+",2,4,5,40,"my_test_rsi2",4,0,0,1,"GTAG",NA,"ANCHOR_UNIQUE,CANONICAL,CIRCULAR,PERFECT_EXT,UNAMBIGUOUS_BP"
"2743","NW_017739107.1",515130,529048,"rsi_circ_003978",3,"+",2,3,40,35,"my_test_rsi2",3,1,0,1,"GTAG",NA,"ANCHOR_UNIQUE,CANONICAL,CIRCULAR,GOOD_EXT,UNAMBIGUOUS_BP"
"2744","NW_017738970.1",7694726,7711411,"rsi_circ_003979",6,"-",4,6,40,40,"my_test_rsi2",6,0,0,1,"GTAG",NA,"ANCHOR_UNIQUE,CANONICAL,CIRCULAR,PERFECT_EXT,UNAMBIGUOUS_BP"
"2745","NW_017739390.1",1534418,1551625,"rsi_circ_003980",4,"-",3,3,40,40,"my_test_rsi2",4,0,0,1,"GTAG",NA,"ANCHOR_UNIQUE,CANONICAL,CIRCULAR,PERFECT_EXT,UNAMBIGUOUS_BP"
"2746","NW_017739211.1",2713084,2739000,"rsi_circ_003982",2,"-",1,2,35,40,"my_test_rsi2",2,1,0,1,"GTAG",NA,"ANCHOR_UNIQUE,CANONICAL,CIRCULAR,GOOD_EXT,UNAMBIGUOUS_BP"
"2747","NW_017739395.1",933399,934333,"rsi_circ_003983",96,"+",42,95,40,40,"my_test_rsi2",96,1,0,1,"GTAG",NA,"ANCHOR_UNIQUE,CANONICAL,CIRCULAR,GOOD_EXT,UNAMBIGUOUS_BP"
"2748","NW_017739052.1",1889888,1890781,"rsi_circ_003985",4,"-",2,4,40,5,"my_test_rsi2",4,0,0,1,"GTAG",NA,"ANCHOR_UNIQUE,CANONICAL,CIRCULAR,PERFECT_EXT,UNAMBIGUOUS_BP"
"2749","NW_017739885.1",85204,87051,"rsi_circ_003987",2,"+",1,2,35,35,"my_test_rsi2",2,1,0,1,"GTAG",NA,"ANCHOR_UNIQUE,CANONICAL,CIRCULAR,GOOD_EXT,UNAMBIGUOUS_BP"
"2750","NW_017739127.1",3917459,3972363,"rsi_circ_003988",3,"+",1,3,40,40,"my_test_rsi2",3,0,0,1,"GTAG",NA,"ANCHOR_UNIQUE,CANONICAL,CIRCULAR,PERFECT_EXT,UNAMBIGUOUS_BP"
"2751","NW_017740343.1",4158,11005,"rsi_circ_003990",3,"-",1,3,40,40,"my_test_rsi2",3,0,0,1,"GTAG",NA,"ANCHOR_UNIQUE,CANONICAL,CIRCULAR,PERFECT_EXT,UNAMBIGUOUS_BP"
"2752","NW_017739551.1",67693,69209,"rsi_circ_003991",3,"+",3,2,40,40,"my_test_rsi2",3,0,0,1,"GTAG",NA,"ANCHOR_UNIQUE,CANONICAL,CIRCULAR,PERFECT_EXT,UNAMBIGUOUS_BP"
"2753","NW_017739424.1",469372,469562,"rsi_circ_003992",2,"+",1,2,5,5,"my_test_rsi2",2,1,0,1,"GTAG",NA,"ANCHOR_UNIQUE,CANONICAL,CIRCULAR,GOOD_EXT,UNAMBIGUOUS_BP"
"2754","NW_017739159.1",1620212,1632030,"rsi_circ_003994",3,"+",1,3,40,40,"my_test_rsi2",3,0,0,1,"GTAG",NA,"ANCHOR_UNIQUE,CANONICAL,CIRCULAR,PERFECT_EXT,UNAMBIGUOUS_BP"
"2755","NW_017738975.1",4626327,4628082,"rsi_circ_003995",2,"+",2,2,40,40,"my_test_rsi2",2,0,0,1,"GTAG",NA,"ANCHOR_UNIQUE,CANONICAL,CIRCULAR,PERFECT_EXT,UNAMBIGUOUS_BP"
"2756","NW_017738922.1",6942596,6976295,"rsi_circ_003996",4,"-",2,4,40,40,"my_test_rsi2",4,0,0,1,"GTAG",NA,"ANCHOR_UNIQUE,CANONICAL,CIRCULAR,PERFECT_EXT,UNAMBIGUOUS_BP"
"2757","NW_017739489.1",989071,991092,"rsi_circ_003997",45,"+",15,45,40,40,"my_test_rsi2",45,0,0,1,"GTAG",NA,"ANCHOR_UNIQUE,CANONICAL,CIRCULAR,PERFECT_EXT,UNAMBIGUOUS_BP"
"2758","NW_017738943.1",758362,768402,"rsi_circ_003998",2,"+",1,2,40,40,"my_test_rsi2",2,0,0,1,"GTAG",NA,"ANCHOR_UNIQUE,CANONICAL,CIRCULAR,PERFECT_EXT,UNAMBIGUOUS_BP"
"2759","NW_017739179.1",2737109,2740036,"rsi_circ_003999",3,"-",1,3,5,40,"my_test_rsi2",3,1,0,1,"GTAG",NA,"ANCHOR_UNIQUE,CANONICAL,CIRCULAR,GOOD_EXT,UNAMBIGUOUS_BP"
"2760","NW_017738933.1",10847039,10847276,"rsi_circ_004000",33,"-",24,28,40,40,"my_test_rsi2",33,0,0,1,"GTAG",NA,"ANCHOR_UNIQUE,CANONICAL,CIRCULAR,PERFECT_EXT,UNAMBIGUOUS_BP"
"2761","NW_017739771.1",184526,188606,"rsi_circ_004001",2,"+",2,2,40,40,"my_test_rsi2",2,1,0,1,"GTAG",NA,"ANCHOR_UNIQUE,CANONICAL,CIRCULAR,GOOD_EXT,UNAMBIGUOUS_BP"
"2762","NW_017739115.1",3241163,3242380,"rsi_circ_004002",2,"+",2,2,40,40,"my_test_rsi2",2,0,0,1,"GTAG",NA,"ANCHOR_UNIQUE,CANONICAL,CIRCULAR,PERFECT_EXT,UNAMBIGUOUS_BP"
"2763","NW_017739217.1",273203,278890,"rsi_circ_004004",11,"+",4,11,40,40,"my_test_rsi2",11,1,0,1,"GTAG",NA,"ANCHOR_UNIQUE,CANONICAL,CIRCULAR,GOOD_EXT,UNAMBIGUOUS_BP"
"2764","NW_017739272.1",2264599,2271681,"rsi_circ_004005",43,"+",22,43,40,40,"my_test_rsi2",43,0,0,1,"GTAG",NA,"ANCHOR_UNIQUE,CANONICAL,CIRCULAR,PERFECT_EXT,UNAMBIGUOUS_BP"
"2765","NW_017739388.1",1346584,1389177,"rsi_circ_004006",2,"-",1,2,40,40,"my_test_rsi2",2,2,0,1,"GTAG",NA,"ANCHOR_UNIQUE,CANONICAL,CIRCULAR,OK_EXT,UNAMBIGUOUS_BP"
"2766","NW_017739589.1",668133,668866,"rsi_circ_004008",11,"+",6,4,37,5,"my_test_rsi2",11,0,0,1,"GTAG",NA,"ANCHOR_UNIQUE,CANONICAL,CIRCULAR,PERFECT_EXT,UNAMBIGUOUS_BP"
"2767","NW_017739226.1",562403,563993,"rsi_circ_004009",2,"+",1,2,5,40,"my_test_rsi2",2,0,0,1,"GTAG",NA,"ANCHOR_UNIQUE,CANONICAL,CIRCULAR,PERFECT_EXT,UNAMBIGUOUS_BP"
"2768","NW_017739251.1",210543,211881,"rsi_circ_004011",2,"-",1,2,5,40,"my_test_rsi2",2,2,0,1,"GTAG",NA,"ANCHOR_UNIQUE,CANONICAL,CIRCULAR,OK_EXT,UNAMBIGUOUS_BP"
"2769","NW_017739029.1",1208736,1211473,"rsi_circ_004013",18,"-",8,18,40,40,"my_test_rsi2",18,0,0,1,"GTAG",NA,"ANCHOR_UNIQUE,CANONICAL,CIRCULAR,PERFECT_EXT,UNAMBIGUOUS_BP"
"2770","NW_017739000.1",538835,548265,"rsi_circ_004014",3,"+",3,3,40,5,"my_test_rsi2",3,2,0,1,"GTAG",NA,"ANCHOR_UNIQUE,CANONICAL,CIRCULAR,OK_EXT,UNAMBIGUOUS_BP"
"2771","NW_017739249.1",858393,895245,"rsi_circ_004015",2,"-",2,2,40,40,"my_test_rsi2",2,1,0,1,"GTAG",NA,"ANCHOR_UNIQUE,CANONICAL,CIRCULAR,GOOD_EXT,UNAMBIGUOUS_BP"
"2772","NW_017738923.1",528989,531178,"rsi_circ_004018",9,"+",4,9,40,40,"my_test_rsi2",9,0,0,1,"GTAG",NA,"ANCHOR_UNIQUE,CANONICAL,CIRCULAR,PERFECT_EXT,UNAMBIGUOUS_BP"
"2773","NW_017739050.1",1535483,1540479,"rsi_circ_004019",99,"-",40,99,40,40,"my_test_rsi2",99,0,0,1,"GTAG",NA,"ANCHOR_UNIQUE,CANONICAL,CIRCULAR,PERFECT_EXT,UNAMBIGUOUS_BP"
"2774","NW_017739163.1",2237587,2237739,"rsi_circ_004021",2,"+",2,1,2,40,"my_test_rsi2",2,0,0,1,"GTAG",NA,"ANCHOR_UNIQUE,CANONICAL,CIRCULAR,PERFECT_EXT,UNAMBIGUOUS_BP"
"2775","NW_017739405.1",1045653,1054783,"rsi_circ_004022",2,"-",2,2,40,40,"my_test_rsi2",2,0,0,1,"GTAG",NA,"ANCHOR_UNIQUE,CANONICAL,CIRCULAR,PERFECT_EXT,UNAMBIGUOUS_BP"
"2776","NW_017738953.1",4758671,4775796,"rsi_circ_004023",3,"+",3,3,40,40,"my_test_rsi2",3,0,0,1,"GTAG",NA,"ANCHOR_UNIQUE,CANONICAL,CIRCULAR,PERFECT_EXT,UNAMBIGUOUS_BP"
"2777","NW_017739657.1",223057,250368,"rsi_circ_004024",4,"-",1,4,40,40,"my_test_rsi2",4,0,0,1,"GTAG",NA,"ANCHOR_UNIQUE,CANONICAL,CIRCULAR,PERFECT_EXT,UNAMBIGUOUS_BP"
"2778","NW_017739405.1",2045061,2081910,"rsi_circ_004028",4,"+",1,4,40,40,"my_test_rsi2",4,0,0,1,"GTAG",NA,"ANCHOR_UNIQUE,CANONICAL,CIRCULAR,PERFECT_EXT,UNAMBIGUOUS_BP"
"2779","NW_017739500.1",252434,253913,"rsi_circ_004029",2,"+",2,2,35,40,"my_test_rsi2",2,1,0,1,"GTAG",NA,"ANCHOR_UNIQUE,CANONICAL,CIRCULAR,GOOD_EXT,UNAMBIGUOUS_BP"
"2780","NW_017739011.1",902083,951764,"rsi_circ_004030",2,"-",1,2,5,5,"my_test_rsi2",2,0,0,1,"GTAG",NA,"ANCHOR_UNIQUE,CANONICAL,CIRCULAR,PERFECT_EXT,UNAMBIGUOUS_BP"
"2781","NW_017739003.1",4524876,4526974,"rsi_circ_004031",4,"+",3,4,40,40,"my_test_rsi2",4,2,0,1,"GTAG",NA,"ANCHOR_UNIQUE,CANONICAL,CIRCULAR,OK_EXT,UNAMBIGUOUS_BP"
"2782","NW_017739728.1",449655,452770,"rsi_circ_004032",6,"+",4,6,40,40,"my_test_rsi2",6,0,0,1,"GTAG",NA,"ANCHOR_UNIQUE,CANONICAL,CIRCULAR,PERFECT_EXT,UNAMBIGUOUS_BP"
"2783","NW_017738978.1",3085351,3147739,"rsi_circ_004033",6,"-",2,6,40,40,"my_test_rsi2",6,0,0,1,"GTAG",NA,"ANCHOR_UNIQUE,CANONICAL,CIRCULAR,PERFECT_EXT,UNAMBIGUOUS_BP"
"2784","NW_017739538.1",26823,28072,"rsi_circ_004035",22,"-",14,17,40,40,"my_test_rsi2",22,1,0,1,"GTAG",NA,"ANCHOR_UNIQUE,CANONICAL,CIRCULAR,GOOD_EXT,UNAMBIGUOUS_BP"
"2785","NW_017739063.1",3286392,3297861,"rsi_circ_004036",5,"-",2,5,40,40,"my_test_rsi2",5,0,0,1,"GTAG",NA,"ANCHOR_UNIQUE,CANONICAL,CIRCULAR,PERFECT_EXT,UNAMBIGUOUS_BP"
"2786","NW_017739014.1",3352371,3361491,"rsi_circ_004038",2,"+",2,2,40,40,"my_test_rsi2",2,2,0,1,"GTAG",NA,"ANCHOR_UNIQUE,CANONICAL,CIRCULAR,OK_EXT,UNAMBIGUOUS_BP"
"2787","NW_017739006.1",1640882,1645286,"rsi_circ_004042",2,"-",1,2,40,40,"my_test_rsi2",2,0,0,1,"GTAG",NA,"ANCHOR_UNIQUE,CANONICAL,CIRCULAR,PERFECT_EXT,UNAMBIGUOUS_BP"
"2788","NW_017738940.1",2456,26083,"rsi_circ_004043",9,"+",2,9,35,40,"my_test_rsi2",9,0,0,1,"GTAG",NA,"ANCHOR_UNIQUE,CANONICAL,CIRCULAR,PERFECT_EXT,UNAMBIGUOUS_BP"
"2789","NW_017739295.1",1591724,1600094,"rsi_circ_004046",3,"-",2,3,40,40,"my_test_rsi2",3,2,0,1,"GTAG",NA,"ANCHOR_UNIQUE,CANONICAL,CIRCULAR,OK_EXT,UNAMBIGUOUS_BP"
"2790","NW_017739035.1",732445,736218,"rsi_circ_004047",9,"+",4,9,40,40,"my_test_rsi2",9,0,0,1,"GTAG",NA,"ANCHOR_UNIQUE,CANONICAL,CIRCULAR,PERFECT_EXT,UNAMBIGUOUS_BP"
"2791","NW_017739046.1",5036866,5071258,"rsi_circ_004048",2,"+",1,2,40,40,"my_test_rsi2",2,0,0,1,"GTAG",NA,"ANCHOR_UNIQUE,CANONICAL,CIRCULAR,PERFECT_EXT,UNAMBIGUOUS_BP"
"2792","NW_017739036.1",3550259,3550917,"rsi_circ_004049",5,"+",2,5,40,40,"my_test_rsi2",5,1,0,1,"GTAG",NA,"ANCHOR_UNIQUE,CANONICAL,CIRCULAR,GOOD_EXT,UNAMBIGUOUS_BP"
"2793","NW_017739341.1",431065,507561,"rsi_circ_004050",2,"+",1,2,5,5,"my_test_rsi2",2,0,0,1,"GTAG",NA,"ANCHOR_UNIQUE,CANONICAL,CIRCULAR,PERFECT_EXT,UNAMBIGUOUS_BP"
"2794","NW_017739166.1",1299055,1302406,"rsi_circ_004051",15,"-",8,15,40,40,"my_test_rsi2",15,0,0,1,"GTAG",NA,"ANCHOR_UNIQUE,CANONICAL,CIRCULAR,PERFECT_EXT,UNAMBIGUOUS_BP"
"2795","NW_017739454.1",615778,619018,"rsi_circ_004052",8,"-",6,6,40,40,"my_test_rsi2",8,0,0,1,"GTAG",NA,"ANCHOR_UNIQUE,CANONICAL,CIRCULAR,PERFECT_EXT,UNAMBIGUOUS_BP"
"2796","NW_017738958.1",2405229,2418418,"rsi_circ_004053",5,"-",4,5,40,40,"my_test_rsi2",5,0,0,1,"GTAG",NA,"ANCHOR_UNIQUE,CANONICAL,CIRCULAR,PERFECT_EXT,UNAMBIGUOUS_BP"
"2797","NW_017739455.1",675261,675536,"rsi_circ_004055",15,"-",5,15,40,40,"my_test_rsi2",15,0,0,1,"GTAG",NA,"ANCHOR_UNIQUE,CANONICAL,CIRCULAR,PERFECT_EXT,UNAMBIGUOUS_BP"
"2798","NW_017739244.1",2857507,2888199,"rsi_circ_004056",2,"+",1,2,40,40,"my_test_rsi2",2,0,0,1,"GTAG",NA,"ANCHOR_UNIQUE,CANONICAL,CIRCULAR,PERFECT_EXT,UNAMBIGUOUS_BP"
"2799","NW_017739227.1",558281,565895,"rsi_circ_004058",2,"+",1,2,5,40,"my_test_rsi2",2,0,0,1,"GTAG",NA,"ANCHOR_UNIQUE,CANONICAL,CIRCULAR,PERFECT_EXT,UNAMBIGUOUS_BP"
"2800","NW_017739044.1",907181,911990,"rsi_circ_004059",4,"-",2,4,40,40,"my_test_rsi2",4,0,0,1,"GTAG",NA,"ANCHOR_UNIQUE,CANONICAL,CIRCULAR,PERFECT_EXT,UNAMBIGUOUS_BP"
"2801","NW_017738979.1",818512,853053,"rsi_circ_004060",5,"-",4,5,40,40,"my_test_rsi2",5,0,0,1,"GTAG",NA,"ANCHOR_UNIQUE,CANONICAL,CIRCULAR,PERFECT_EXT,UNAMBIGUOUS_BP"
"2802","NW_017739011.1",1011930,1031795,"rsi_circ_004061",2,"-",2,2,40,40,"my_test_rsi2",2,1,0,1,"GTAG",NA,"ANCHOR_UNIQUE,CANONICAL,CIRCULAR,GOOD_EXT,UNAMBIGUOUS_BP"
"2803","NW_017739886.1",52862,95923,"rsi_circ_004062",113,"+",49,106,40,40,"my_test_rsi2",113,0,0,1,"GTAG",NA,"ANCHOR_UNIQUE,CANONICAL,CIRCULAR,PERFECT_EXT,UNAMBIGUOUS_BP"
"2804","NW_017740139.1",31721,32075,"rsi_circ_004066",2,"-",1,2,40,5,"my_test_rsi2",2,2,0,1,"GTAG",NA,"ANCHOR_UNIQUE,CANONICAL,CIRCULAR,OK_EXT,UNAMBIGUOUS_BP"
"2805","NW_017739395.1",927086,930553,"rsi_circ_004067",4,"+",3,3,40,40,"my_test_rsi2",4,2,0,1,"GTAG",NA,"ANCHOR_UNIQUE,CANONICAL,CIRCULAR,OK_EXT,UNAMBIGUOUS_BP"
"2806","NW_017739001.1",1815665,1827590,"rsi_circ_004068",13,"-",10,13,40,40,"my_test_rsi2",13,0,0,1,"GTAG",NA,"ANCHOR_UNIQUE,CANONICAL,CIRCULAR,PERFECT_EXT,UNAMBIGUOUS_BP"
"2807","NW_017738944.1",2536943,2549246,"rsi_circ_004069",18,"+",5,15,40,5,"my_test_rsi2",18,0,0,1,"GTAG",NA,"ANCHOR_UNIQUE,CANONICAL,CIRCULAR,PERFECT_EXT,UNAMBIGUOUS_BP"
"2808","NW_017738923.1",12433877,12472887,"rsi_circ_004071",2,"+",1,2,40,5,"my_test_rsi2",2,1,0,1,"GTAG",NA,"ANCHOR_UNIQUE,CANONICAL,CIRCULAR,GOOD_EXT,UNAMBIGUOUS_BP"
"2809","NW_017739140.1",3477821,3478178,"rsi_circ_004073",2,"+",1,2,40,5,"my_test_rsi2",2,0,0,1,"GTAG",NA,"ANCHOR_UNIQUE,CANONICAL,CIRCULAR,PERFECT_EXT,UNAMBIGUOUS_BP"
"2810","NW_017739004.1",6824309,6834632,"rsi_circ_004075",10,"-",5,10,40,40,"my_test_rsi2",10,0,0,1,"GTAG",NA,"ANCHOR_UNIQUE,CANONICAL,CIRCULAR,PERFECT_EXT,UNAMBIGUOUS_BP"
"2811","NW_017739671.1",1440485,1452803,"rsi_circ_004076",2,"-",1,2,40,5,"my_test_rsi2",2,0,0,1,"GTAG",NA,"ANCHOR_UNIQUE,CANONICAL,CIRCULAR,PERFECT_EXT,UNAMBIGUOUS_BP"
"2812","NW_017739591.1",363351,364564,"rsi_circ_004077",3,"+",3,3,40,40,"my_test_rsi2",3,0,0,1,"GTAG",NA,"ANCHOR_UNIQUE,CANONICAL,CIRCULAR,PERFECT_EXT,UNAMBIGUOUS_BP"
"2813","NW_017739489.1",588053,590808,"rsi_circ_004078",2,"-",2,2,40,40,"my_test_rsi2",2,1,0,1,"GTAG",NA,"ANCHOR_UNIQUE,CANONICAL,CIRCULAR,GOOD_EXT,UNAMBIGUOUS_BP"
"2814","NW_017739073.1",1536799,1537455,"rsi_circ_004082",4,"+",4,4,40,40,"my_test_rsi2",4,0,0,1,"GTAG",NA,"ANCHOR_UNIQUE,CANONICAL,CIRCULAR,PERFECT_EXT,UNAMBIGUOUS_BP"
"2815","NW_017739270.1",614243,643297,"rsi_circ_004084",3,"+",1,3,5,40,"my_test_rsi2",3,0,0,1,"GTAG",NA,"ANCHOR_UNIQUE,CANONICAL,CIRCULAR,PERFECT_EXT,UNAMBIGUOUS_BP"
"2816","NW_017738920.1",7728121,7748641,"rsi_circ_004086",2,"+",2,2,40,40,"my_test_rsi2",2,0,0,1,"GTAG",NA,"ANCHOR_UNIQUE,CANONICAL,CIRCULAR,PERFECT_EXT,UNAMBIGUOUS_BP"
"2817","NW_017739254.1",1181918,1184985,"rsi_circ_004089",6,"+",5,6,40,40,"my_test_rsi2",6,0,0,1,"GTAG",NA,"ANCHOR_UNIQUE,CANONICAL,CIRCULAR,PERFECT_EXT,UNAMBIGUOUS_BP"
"2818","NW_017738921.1",1255832,1258670,"rsi_circ_004090",2,"+",2,1,40,35,"my_test_rsi2",2,1,0,1,"GTAG",NA,"ANCHOR_UNIQUE,CANONICAL,CIRCULAR,GOOD_EXT,UNAMBIGUOUS_BP"
"2819","NW_017739099.1",4204337,4211528,"rsi_circ_004091",8,"+",5,8,40,40,"my_test_rsi2",8,0,0,1,"GTAG",NA,"ANCHOR_UNIQUE,CANONICAL,CIRCULAR,PERFECT_EXT,UNAMBIGUOUS_BP"
"2820","NW_017738979.1",6397590,6404599,"rsi_circ_004092",6,"+",2,6,40,40,"my_test_rsi2",6,0,0,1,"GTAG",NA,"ANCHOR_UNIQUE,CANONICAL,CIRCULAR,PERFECT_EXT,UNAMBIGUOUS_BP"
"2821","NW_017738979.1",5981828,5983126,"rsi_circ_004093",2,"+",1,2,40,40,"my_test_rsi2",2,0,0,1,"GTAG",NA,"ANCHOR_UNIQUE,CANONICAL,CIRCULAR,PERFECT_EXT,UNAMBIGUOUS_BP"
"2822","NW_017739159.1",116696,149934,"rsi_circ_004095",2,"+",2,1,5,40,"my_test_rsi2",2,0,0,1,"GTAG",NA,"ANCHOR_UNIQUE,CANONICAL,CIRCULAR,PERFECT_EXT,UNAMBIGUOUS_BP"
"2823","NW_017738950.1",3299872,3308363,"rsi_circ_004096",3,"+",1,3,40,5,"my_test_rsi2",3,0,0,1,"GTAG",NA,"ANCHOR_UNIQUE,CANONICAL,CIRCULAR,PERFECT_EXT,UNAMBIGUOUS_BP"
"2824","NW_017738957.1",410205,423796,"rsi_circ_004097",4,"-",2,4,40,40,"my_test_rsi2",4,0,0,1,"GTAG",NA,"ANCHOR_UNIQUE,CANONICAL,CIRCULAR,PERFECT_EXT,UNAMBIGUOUS_BP"
"2825","NW_017739130.1",2188030,2195175,"rsi_circ_004098",2,"+",2,2,40,40,"my_test_rsi2",2,0,0,1,"GTAG",NA,"ANCHOR_UNIQUE,CANONICAL,CIRCULAR,PERFECT_EXT,UNAMBIGUOUS_BP"
"2826","NW_017739112.1",1272199,1274296,"rsi_circ_004100",3,"-",3,3,40,40,"my_test_rsi2",3,0,0,1,"GTAG",NA,"ANCHOR_UNIQUE,CANONICAL,CIRCULAR,PERFECT_EXT,UNAMBIGUOUS_BP"
"2827","NW_017739278.1",1141536,1143626,"rsi_circ_004104",2,"+",2,2,40,40,"my_test_rsi2",2,0,0,1,"GTAG",NA,"ANCHOR_UNIQUE,CANONICAL,CIRCULAR,PERFECT_EXT,UNAMBIGUOUS_BP"
"2828","NW_017738948.1",3250974,3254869,"rsi_circ_004105",4,"-",3,4,40,40,"my_test_rsi2",4,0,0,1,"GTAG",NA,"ANCHOR_UNIQUE,CANONICAL,CIRCULAR,PERFECT_EXT,UNAMBIGUOUS_BP"
"2829","NW_017738954.1",2558696,2561993,"rsi_circ_004106",3,"+",1,3,5,40,"my_test_rsi2",3,0,0,1,"GTAG",NA,"ANCHOR_UNIQUE,CANONICAL,CIRCULAR,PERFECT_EXT,UNAMBIGUOUS_BP"
"2830","NW_017738987.1",1849638,1860162,"rsi_circ_004107",6,"+",2,6,40,40,"my_test_rsi2",6,0,0,1,"GTAG",NA,"ANCHOR_UNIQUE,CANONICAL,CIRCULAR,PERFECT_EXT,UNAMBIGUOUS_BP"
"2831","NW_017739595.1",250949,251625,"rsi_circ_004109",2,"+",1,2,40,35,"my_test_rsi2",2,2,0,1,"GTAG",NA,"ANCHOR_UNIQUE,CANONICAL,CIRCULAR,OK_EXT,UNAMBIGUOUS_BP"
"2832","NW_017739046.1",6182385,6182887,"rsi_circ_004110",11,"-",6,11,40,40,"my_test_rsi2",11,0,0,1,"GTAG",NA,"ANCHOR_UNIQUE,CANONICAL,CIRCULAR,PERFECT_EXT,UNAMBIGUOUS_BP"
"2833","NW_017739010.1",2904296,2905512,"rsi_circ_004111",2,"+",1,2,5,5,"my_test_rsi2",2,2,0,1,"GTAG",NA,"ANCHOR_UNIQUE,CANONICAL,CIRCULAR,OK_EXT,UNAMBIGUOUS_BP"
"2834","NW_017739473.1",1201300,1205105,"rsi_circ_004112",52,"-",33,49,40,40,"my_test_rsi2",52,0,0,1,"GTAG",NA,"ANCHOR_UNIQUE,CANONICAL,CIRCULAR,PERFECT_EXT,UNAMBIGUOUS_BP"
"2835","NW_017739245.1",736853,753646,"rsi_circ_004113",2,"-",1,2,40,40,"my_test_rsi2",2,0,0,1,"GTAG",NA,"ANCHOR_UNIQUE,CANONICAL,CIRCULAR,PERFECT_EXT,UNAMBIGUOUS_BP"
"2836","NW_017739190.1",1016344,1025947,"rsi_circ_004114",4,"-",2,4,40,35,"my_test_rsi2",4,0,0,1,"GTAG",NA,"ANCHOR_UNIQUE,CANONICAL,CIRCULAR,PERFECT_EXT,UNAMBIGUOUS_BP"
"2837","NW_017739405.1",2045061,2061532,"rsi_circ_004115",3,"+",1,3,40,40,"my_test_rsi2",3,0,0,1,"GTAG",NA,"ANCHOR_UNIQUE,CANONICAL,CIRCULAR,PERFECT_EXT,UNAMBIGUOUS_BP"
"2838","NW_017739206.1",1620323,1647464,"rsi_circ_004116",13,"+",4,13,40,40,"my_test_rsi2",13,1,0,1,"GTAG",NA,"ANCHOR_UNIQUE,CANONICAL,CIRCULAR,GOOD_EXT,UNAMBIGUOUS_BP"
"2839","NW_017738921.1",266539,268602,"rsi_circ_004118",2,"+",1,2,40,5,"my_test_rsi2",2,0,0,1,"GTAG",NA,"ANCHOR_UNIQUE,CANONICAL,CIRCULAR,PERFECT_EXT,UNAMBIGUOUS_BP"
"2840","NW_017739198.1",1610576,1624897,"rsi_circ_004119",3,"-",1,3,40,35,"my_test_rsi2",3,1,0,1,"GTAG",NA,"ANCHOR_UNIQUE,CANONICAL,CIRCULAR,GOOD_EXT,UNAMBIGUOUS_BP"
"2841","NW_017739657.1",211917,250368,"rsi_circ_004120",2,"-",1,2,40,5,"my_test_rsi2",2,0,0,1,"GTAG",NA,"ANCHOR_UNIQUE,CANONICAL,CIRCULAR,PERFECT_EXT,UNAMBIGUOUS_BP"
"2842","NW_017739642.1",613047,615061,"rsi_circ_004121",3,"+",2,3,5,40,"my_test_rsi2",3,0,0,1,"GTAG",NA,"ANCHOR_UNIQUE,CANONICAL,CIRCULAR,PERFECT_EXT,UNAMBIGUOUS_BP"
"2843","NW_017739536.1",348508,350348,"rsi_circ_004124",2,"+",1,2,5,5,"my_test_rsi2",2,1,0,1,"GTAG",NA,"ANCHOR_UNIQUE,CANONICAL,CIRCULAR,GOOD_EXT,UNAMBIGUOUS_BP"
"2844","NW_017739063.1",529289,562086,"rsi_circ_004125",2,"-",1,2,5,5,"my_test_rsi2",2,0,0,1,"GTAG",NA,"ANCHOR_UNIQUE,CANONICAL,CIRCULAR,PERFECT_EXT,UNAMBIGUOUS_BP"
"2845","NW_017738937.1",5916540,5917674,"rsi_circ_004126",2,"+",2,2,40,40,"my_test_rsi2",2,0,0,1,"GTAG",NA,"ANCHOR_UNIQUE,CANONICAL,CIRCULAR,PERFECT_EXT,UNAMBIGUOUS_BP"
"2846","NW_017739566.1",16178,77348,"rsi_circ_004127",2,"-",2,2,40,5,"my_test_rsi2",2,0,0,1,"GTAG",NA,"ANCHOR_UNIQUE,CANONICAL,CIRCULAR,PERFECT_EXT,UNAMBIGUOUS_BP"
"2847","NW_017739097.1",2483116,2511522,"rsi_circ_004128",11,"+",5,10,40,40,"my_test_rsi2",11,0,0,1,"GTAG",NA,"ANCHOR_UNIQUE,CANONICAL,CIRCULAR,PERFECT_EXT,UNAMBIGUOUS_BP"
"2848","NW_017739075.1",1381577,1396884,"rsi_circ_004130",4,"-",3,4,5,40,"my_test_rsi2",4,0,0,1,"GTAG",NA,"ANCHOR_UNIQUE,CANONICAL,CIRCULAR,PERFECT_EXT,UNAMBIGUOUS_BP"
"2849","NW_017738948.1",3254654,3269089,"rsi_circ_004133",2,"-",2,2,5,5,"my_test_rsi2",2,0,0,1,"GTAG",NA,"ANCHOR_UNIQUE,CANONICAL,CIRCULAR,PERFECT_EXT,UNAMBIGUOUS_BP"
"2850","NW_017739172.1",890743,907806,"rsi_circ_004135",6,"-",4,6,40,40,"my_test_rsi2",6,0,0,1,"GTAG",NA,"ANCHOR_UNIQUE,CANONICAL,CIRCULAR,PERFECT_EXT,UNAMBIGUOUS_BP"
"2851","NW_017739602.1",209495,214711,"rsi_circ_004136",2,"-",1,2,40,40,"my_test_rsi2",2,0,0,1,"GTAG",NA,"ANCHOR_UNIQUE,CANONICAL,CIRCULAR,PERFECT_EXT,UNAMBIGUOUS_BP"
"2852","NW_017739716.1",675875,683312,"rsi_circ_004138",4,"+",2,4,40,40,"my_test_rsi2",4,0,0,1,"GTAG",NA,"ANCHOR_UNIQUE,CANONICAL,CIRCULAR,PERFECT_EXT,UNAMBIGUOUS_BP"
"2853","NW_017739099.1",1112656,1113052,"rsi_circ_004140",2,"-",1,2,40,35,"my_test_rsi2",2,1,0,1,"GTAG",NA,"ANCHOR_UNIQUE,CANONICAL,CIRCULAR,GOOD_EXT,UNAMBIGUOUS_BP"
"2854","NW_017739111.1",3454325,3460191,"rsi_circ_004142",6,"+",3,6,5,40,"my_test_rsi2",6,0,0,1,"GTAG",NA,"ANCHOR_UNIQUE,CANONICAL,CIRCULAR,PERFECT_EXT,UNAMBIGUOUS_BP"
"2855","NW_017739170.1",240214,244277,"rsi_circ_004143",6,"-",2,6,40,40,"my_test_rsi2",6,0,0,1,"GTAG",NA,"ANCHOR_UNIQUE,CANONICAL,CIRCULAR,PERFECT_EXT,UNAMBIGUOUS_BP"
"2856","NW_017739003.1",13815263,13817028,"rsi_circ_004144",9,"-",5,9,40,40,"my_test_rsi2",9,0,0,1,"GTAG",NA,"ANCHOR_UNIQUE,CANONICAL,CIRCULAR,PERFECT_EXT,UNAMBIGUOUS_BP"
"2857","NW_017739059.1",3718012,3727696,"rsi_circ_004146",3,"+",1,3,5,40,"my_test_rsi2",3,0,0,1,"GTAG",NA,"ANCHOR_UNIQUE,CANONICAL,CIRCULAR,PERFECT_EXT,UNAMBIGUOUS_BP"
"2858","NW_017739115.1",3613514,3633273,"rsi_circ_004150",2,"+",2,1,40,40,"my_test_rsi2",2,0,0,1,"GTAG",NA,"ANCHOR_UNIQUE,CANONICAL,CIRCULAR,PERFECT_EXT,UNAMBIGUOUS_BP"
"2859","NW_017739319.1",582670,595551,"rsi_circ_004151",20,"-",10,20,40,40,"my_test_rsi2",20,0,0,1,"GTAG",NA,"ANCHOR_UNIQUE,CANONICAL,CIRCULAR,PERFECT_EXT,UNAMBIGUOUS_BP"
"2860","NW_017738985.1",551492,554889,"rsi_circ_004152",2,"+",2,2,5,5,"my_test_rsi2",2,0,0,1,"GTAG",NA,"ANCHOR_UNIQUE,CANONICAL,CIRCULAR,PERFECT_EXT,UNAMBIGUOUS_BP"
"2861","NW_017739272.1",866593,939867,"rsi_circ_004154",2,"-",2,2,40,35,"my_test_rsi2",2,0,0,1,"GTAG",NA,"ANCHOR_UNIQUE,CANONICAL,CIRCULAR,PERFECT_EXT,UNAMBIGUOUS_BP"
"2862","NW_017739073.1",2652435,2671327,"rsi_circ_004155",2,"-",1,2,5,40,"my_test_rsi2",2,0,0,1,"GTAG",NA,"ANCHOR_UNIQUE,CANONICAL,CIRCULAR,PERFECT_EXT,UNAMBIGUOUS_BP"
"2863","NW_017738951.1",179644,187140,"rsi_circ_004156",2,"-",2,2,40,35,"my_test_rsi2",2,0,0,1,"GTAG",NA,"ANCHOR_UNIQUE,CANONICAL,CIRCULAR,PERFECT_EXT,UNAMBIGUOUS_BP"
"2864","NW_017738993.1",21410,54937,"rsi_circ_004157",4,"-",4,4,40,40,"my_test_rsi2",4,0,0,1,"GTAG",NA,"ANCHOR_UNIQUE,CANONICAL,CIRCULAR,PERFECT_EXT,UNAMBIGUOUS_BP"
"2865","NW_017739454.1",615778,621231,"rsi_circ_004158",2,"-",2,2,5,40,"my_test_rsi2",2,0,0,1,"GTAG",NA,"ANCHOR_UNIQUE,CANONICAL,CIRCULAR,PERFECT_EXT,UNAMBIGUOUS_BP"
"2866","NW_017739573.1",198279,200843,"rsi_circ_004160",10,"-",7,10,40,40,"my_test_rsi2",10,0,0,1,"GTAG",NA,"ANCHOR_UNIQUE,CANONICAL,CIRCULAR,PERFECT_EXT,UNAMBIGUOUS_BP"
"2867","NW_017739120.1",46241,51843,"rsi_circ_004163",11,"+",5,11,40,40,"my_test_rsi2",11,0,0,1,"GTAG",NA,"ANCHOR_UNIQUE,CANONICAL,CIRCULAR,PERFECT_EXT,UNAMBIGUOUS_BP"
"2868","NW_017739016.1",4169086,4185373,"rsi_circ_004164",2,"+",1,2,40,5,"my_test_rsi2",2,0,0,1,"GTAG",NA,"ANCHOR_UNIQUE,CANONICAL,CIRCULAR,PERFECT_EXT,UNAMBIGUOUS_BP"
"2869","NW_017739232.1",617139,617457,"rsi_circ_004165",2,"-",1,2,40,40,"my_test_rsi2",2,0,0,1,"GTAG",NA,"ANCHOR_UNIQUE,CANONICAL,CIRCULAR,PERFECT_EXT,UNAMBIGUOUS_BP"
"2870","NW_017739653.1",222976,223491,"rsi_circ_004167",68,"+",21,62,40,40,"my_test_rsi2",68,0,0,1,"GTAG",NA,"ANCHOR_UNIQUE,CANONICAL,CIRCULAR,PERFECT_EXT,UNAMBIGUOUS_BP"
"2871","NW_017739681.1",135958,151327,"rsi_circ_004168",3,"-",1,3,40,40,"my_test_rsi2",3,0,0,1,"GTAG",NA,"ANCHOR_UNIQUE,CANONICAL,CIRCULAR,PERFECT_EXT,UNAMBIGUOUS_BP"
"2872","NW_017739409.1",255817,290282,"rsi_circ_004170",2,"-",2,2,40,40,"my_test_rsi2",2,0,0,1,"GTAG",NA,"ANCHOR_UNIQUE,CANONICAL,CIRCULAR,PERFECT_EXT,UNAMBIGUOUS_BP"
"2873","NW_017738946.1",5243588,5299285,"rsi_circ_004173",6,"+",6,6,40,40,"my_test_rsi2",6,0,0,1,"GTAG",NA,"ANCHOR_UNIQUE,CANONICAL,CIRCULAR,PERFECT_EXT,UNAMBIGUOUS_BP"
"2874","NW_017739356.1",575341,576865,"rsi_circ_004174",13,"-",8,11,40,40,"my_test_rsi2",13,0,0,1,"GTAG",NA,"ANCHOR_UNIQUE,CANONICAL,CIRCULAR,PERFECT_EXT,UNAMBIGUOUS_BP"
"2875","NW_017739147.1",4050678,4060409,"rsi_circ_004175",2,"+",1,2,40,5,"my_test_rsi2",2,0,0,1,"GTAG",NA,"ANCHOR_UNIQUE,CANONICAL,CIRCULAR,PERFECT_EXT,UNAMBIGUOUS_BP"
"2876","NW_017739462.1",171343,174100,"rsi_circ_004176",56,"-",29,54,40,40,"my_test_rsi2",56,0,0,1,"GTAG",NA,"ANCHOR_UNIQUE,CANONICAL,CIRCULAR,PERFECT_EXT,UNAMBIGUOUS_BP"
"2877","NW_017739046.1",1840766,1844512,"rsi_circ_004177",2,"+",2,2,40,40,"my_test_rsi2",2,0,0,1,"GTAG",NA,"ANCHOR_UNIQUE,CANONICAL,CIRCULAR,PERFECT_EXT,UNAMBIGUOUS_BP"
"2878","NW_017738934.1",4356150,4356879,"rsi_circ_004179",12,"-",7,12,40,40,"my_test_rsi2",12,0,0,1,"GTAG",NA,"ANCHOR_UNIQUE,CANONICAL,CIRCULAR,PERFECT_EXT,UNAMBIGUOUS_BP"
"2879","NW_017739015.1",2899980,2902162,"rsi_circ_004180",2,"-",1,2,40,40,"my_test_rsi2",2,0,0,1,"GTAG",NA,"ANCHOR_UNIQUE,CANONICAL,CIRCULAR,PERFECT_EXT,UNAMBIGUOUS_BP"
"2880","NW_017739192.1",3362736,3370163,"rsi_circ_004181",8,"+",4,8,40,40,"my_test_rsi2",8,1,0,1,"GTAG",NA,"ANCHOR_UNIQUE,CANONICAL,CIRCULAR,GOOD_EXT,UNAMBIGUOUS_BP"
"2881","NW_017738925.1",9888389,9900023,"rsi_circ_004182",4,"-",2,2,35,40,"my_test_rsi2",4,0,0,1,"GTAG",NA,"ANCHOR_UNIQUE,CANONICAL,CIRCULAR,PERFECT_EXT,UNAMBIGUOUS_BP"
"2882","NW_017739251.1",396013,399141,"rsi_circ_004183",2,"-",2,2,40,40,"my_test_rsi2",2,0,0,1,"GTAG",NA,"ANCHOR_UNIQUE,CANONICAL,CIRCULAR,PERFECT_EXT,UNAMBIGUOUS_BP"
"2883","NW_017739397.1",510830,511299,"rsi_circ_004184",4,"+",1,4,40,40,"my_test_rsi2",4,1,0,1,"GTAG",NA,"ANCHOR_UNIQUE,CANONICAL,CIRCULAR,GOOD_EXT,UNAMBIGUOUS_BP"
"2884","NW_017739324.1",172924,173608,"rsi_circ_004185",12,"-",10,12,40,40,"my_test_rsi2",12,0,0,1,"GTAG",NA,"ANCHOR_UNIQUE,CANONICAL,CIRCULAR,PERFECT_EXT,UNAMBIGUOUS_BP"
"2885","NW_017739048.1",120114,130926,"rsi_circ_004187",17,"+",9,14,40,40,"my_test_rsi2",17,0,0,1,"GTAG",NA,"ANCHOR_UNIQUE,CANONICAL,CIRCULAR,PERFECT_EXT,UNAMBIGUOUS_BP"
"2886","NW_017739740.1",14662,21759,"rsi_circ_004188",3,"-",1,3,5,40,"my_test_rsi2",3,0,0,1,"GTAG",NA,"ANCHOR_UNIQUE,CANONICAL,CIRCULAR,PERFECT_EXT,UNAMBIGUOUS_BP"
"2887","NW_017739200.1",1961107,2032905,"rsi_circ_004191",2,"-",1,2,5,5,"my_test_rsi2",2,0,0,1,"GTAG",NA,"ANCHOR_UNIQUE,CANONICAL,CIRCULAR,PERFECT_EXT,UNAMBIGUOUS_BP"
"2888","NW_017739427.1",552532,569401,"rsi_circ_004192",6,"+",2,6,40,40,"my_test_rsi2",6,0,0,1,"GTAG",NA,"ANCHOR_UNIQUE,CANONICAL,CIRCULAR,PERFECT_EXT,UNAMBIGUOUS_BP"
"2889","NW_017738989.1",346124,349739,"rsi_circ_004193",3,"+",1,3,5,5,"my_test_rsi2",3,0,0,1,"GTAG",NA,"ANCHOR_UNIQUE,CANONICAL,CIRCULAR,PERFECT_EXT,UNAMBIGUOUS_BP"
"2890","NW_017739142.1",2786408,2788463,"rsi_circ_004194",2,"+",1,2,40,40,"my_test_rsi2",2,0,0,1,"GTAG",NA,"ANCHOR_UNIQUE,CANONICAL,CIRCULAR,PERFECT_EXT,UNAMBIGUOUS_BP"
"2891","NW_017739318.1",1131907,1138690,"rsi_circ_004195",3,"+",1,3,40,40,"my_test_rsi2",3,0,0,1,"GTAG",NA,"ANCHOR_UNIQUE,CANONICAL,CIRCULAR,PERFECT_EXT,UNAMBIGUOUS_BP"
"2892","NW_017738933.1",9178922,9190306,"rsi_circ_004196",2,"+",2,2,40,40,"my_test_rsi2",2,1,0,1,"GTAG",NA,"ANCHOR_UNIQUE,CANONICAL,CIRCULAR,GOOD_EXT,UNAMBIGUOUS_BP"
"2893","NW_017739128.1",2465921,2467807,"rsi_circ_004197",4,"-",2,4,40,40,"my_test_rsi2",4,1,0,1,"GTAG",NA,"ANCHOR_UNIQUE,CANONICAL,CIRCULAR,GOOD_EXT,UNAMBIGUOUS_BP"
"2894","NW_017738957.1",14636165,14650253,"rsi_circ_004198",2,"+",1,2,40,40,"my_test_rsi2",2,2,0,1,"GTAG",NA,"ANCHOR_UNIQUE,CANONICAL,CIRCULAR,OK_EXT,UNAMBIGUOUS_BP"
"2895","NW_017739035.1",2060722,2101217,"rsi_circ_004199",5,"+",4,5,40,40,"my_test_rsi2",5,0,0,1,"GTAG",NA,"ANCHOR_UNIQUE,CANONICAL,CIRCULAR,PERFECT_EXT,UNAMBIGUOUS_BP"
"2896","NW_017739016.1",6413860,6428206,"rsi_circ_004200",3,"+",3,3,40,40,"my_test_rsi2",3,0,0,1,"GTAG",NA,"ANCHOR_UNIQUE,CANONICAL,CIRCULAR,PERFECT_EXT,UNAMBIGUOUS_BP"
"2897","NW_017739001.1",423414,430886,"rsi_circ_004202",2,"+",1,2,40,5,"my_test_rsi2",2,0,0,1,"GTAG",NA,"ANCHOR_UNIQUE,CANONICAL,CIRCULAR,PERFECT_EXT,UNAMBIGUOUS_BP"
"2898","NW_017739063.1",2794599,2816855,"rsi_circ_004204",2,"+",1,2,5,40,"my_test_rsi2",2,0,0,1,"GTAG",NA,"ANCHOR_UNIQUE,CANONICAL,CIRCULAR,PERFECT_EXT,UNAMBIGUOUS_BP"
"2899","NW_017739137.1",1427534,1476242,"rsi_circ_004205",2,"-",1,2,40,40,"my_test_rsi2",2,0,1,1,"GTAG",NA,"ANCHOR_UNIQUE,CANONICAL,CIRCULAR,GOOD_EXT,UNAMBIGUOUS_BP"
"2900","NW_017739298.1",1428088,1437283,"rsi_circ_004206",3,"+",2,3,5,5,"my_test_rsi2",3,0,0,1,"GTAG",NA,"ANCHOR_UNIQUE,CANONICAL,CIRCULAR,PERFECT_EXT,UNAMBIGUOUS_BP"
"2901","NW_017739265.1",368201,385072,"rsi_circ_004207",6,"-",3,6,40,40,"my_test_rsi2",6,0,0,1,"GTAG",NA,"ANCHOR_UNIQUE,CANONICAL,CIRCULAR,PERFECT_EXT,UNAMBIGUOUS_BP"
"2902","NW_017739174.1",2022,8053,"rsi_circ_004208",4,"+",4,4,40,40,"my_test_rsi2",4,0,0,1,"GTAG",NA,"ANCHOR_UNIQUE,CANONICAL,CIRCULAR,PERFECT_EXT,UNAMBIGUOUS_BP"
"2903","NW_017738975.1",541000,544989,"rsi_circ_004209",3,"+",1,3,5,40,"my_test_rsi2",3,0,0,1,"GTAG",NA,"ANCHOR_UNIQUE,CANONICAL,CIRCULAR,PERFECT_EXT,UNAMBIGUOUS_BP"
"2904","NW_017739155.1",3622683,3631377,"rsi_circ_004211",3,"+",1,3,5,5,"my_test_rsi2",3,1,0,1,"GTAG",NA,"ANCHOR_UNIQUE,CANONICAL,CIRCULAR,GOOD_EXT,UNAMBIGUOUS_BP"
"2905","NW_017738946.1",5416841,5418131,"rsi_circ_004212",4,"-",2,4,40,40,"my_test_rsi2",4,2,0,1,"GTAG",NA,"ANCHOR_UNIQUE,CANONICAL,CIRCULAR,OK_EXT,UNAMBIGUOUS_BP"
"2906","NW_017739127.1",1643258,1649448,"rsi_circ_004213",3,"-",1,3,5,5,"my_test_rsi2",3,0,1,1,"GTAG",NA,"ANCHOR_UNIQUE,CANONICAL,CIRCULAR,GOOD_EXT,UNAMBIGUOUS_BP"
"2907","NW_017739642.1",221552,223396,"rsi_circ_004214",5,"+",3,3,5,5,"my_test_rsi2",5,0,0,1,"GTAG",NA,"ANCHOR_UNIQUE,CANONICAL,CIRCULAR,PERFECT_EXT,UNAMBIGUOUS_BP"
"2908","NW_017739140.1",131782,134128,"rsi_circ_004215",8,"+",3,8,40,40,"my_test_rsi2",8,1,0,1,"GTAG",NA,"ANCHOR_UNIQUE,CANONICAL,CIRCULAR,GOOD_EXT,UNAMBIGUOUS_BP"
"2909","NW_017739007.1",1143896,1144789,"rsi_circ_004216",39,"-",19,39,40,40,"my_test_rsi2",39,0,0,1,"GTAG",NA,"ANCHOR_UNIQUE,CANONICAL,CIRCULAR,PERFECT_EXT,UNAMBIGUOUS_BP"
"2910","NW_017738966.1",150874,152759,"rsi_circ_004218",48,"+",24,48,40,40,"my_test_rsi2",48,0,0,1,"GTAG",NA,"ANCHOR_UNIQUE,CANONICAL,CIRCULAR,PERFECT_EXT,UNAMBIGUOUS_BP"
"2911","NW_017739166.1",2148579,2159332,"rsi_circ_004221",5,"+",2,5,40,40,"my_test_rsi2",5,0,0,1,"GTAG",NA,"ANCHOR_UNIQUE,CANONICAL,CIRCULAR,PERFECT_EXT,UNAMBIGUOUS_BP"
"2912","NW_017739606.1",59348,80746,"rsi_circ_004222",2,"+",2,2,40,40,"my_test_rsi2",2,0,0,1,"GTAG",NA,"ANCHOR_UNIQUE,CANONICAL,CIRCULAR,PERFECT_EXT,UNAMBIGUOUS_BP"
"2913","NW_017738927.1",1671013,1710610,"rsi_circ_004224",2,"+",2,2,40,5,"my_test_rsi2",2,0,0,1,"GTAG",NA,"ANCHOR_UNIQUE,CANONICAL,CIRCULAR,PERFECT_EXT,UNAMBIGUOUS_BP"
"2914","NW_017738959.1",986763,989745,"rsi_circ_004225",3,"+",1,3,40,40,"my_test_rsi2",3,1,0,1,"GTAG",NA,"ANCHOR_UNIQUE,CANONICAL,CIRCULAR,GOOD_EXT,UNAMBIGUOUS_BP"
"2915","NW_017739570.1",77985,78618,"rsi_circ_004227",80,"-",29,77,40,40,"my_test_rsi2",80,0,0,1,"GTAG",NA,"ANCHOR_UNIQUE,CANONICAL,CIRCULAR,PERFECT_EXT,UNAMBIGUOUS_BP"
"2916","NW_017739606.1",71264,90180,"rsi_circ_004230",9,"+",2,9,40,40,"my_test_rsi2",9,0,0,1,"GTAG",NA,"ANCHOR_UNIQUE,CANONICAL,CIRCULAR,PERFECT_EXT,UNAMBIGUOUS_BP"
"2917","NW_017738988.1",2327706,2332705,"rsi_circ_004232",7,"+",5,4,40,40,"my_test_rsi2",7,0,0,1,"GTAG",NA,"ANCHOR_UNIQUE,CANONICAL,CIRCULAR,PERFECT_EXT,UNAMBIGUOUS_BP"
"2918","NW_017738944.1",5582905,5583159,"rsi_circ_004233",3,"+",1,3,5,5,"my_test_rsi2",3,1,0,1,"GTAG",NA,"ANCHOR_UNIQUE,CANONICAL,CIRCULAR,GOOD_EXT,UNAMBIGUOUS_BP"
"2919","NW_017738948.1",2586487,2586796,"rsi_circ_004234",3,"+",1,3,40,40,"my_test_rsi2",3,0,0,1,"GTAG",NA,"ANCHOR_UNIQUE,CANONICAL,CIRCULAR,PERFECT_EXT,UNAMBIGUOUS_BP"
"2920","NW_017739035.1",1938753,1947782,"rsi_circ_004235",16,"+",7,16,40,40,"my_test_rsi2",16,0,0,1,"GTAG",NA,"ANCHOR_UNIQUE,CANONICAL,CIRCULAR,PERFECT_EXT,UNAMBIGUOUS_BP"
"2921","NW_017739602.1",349125,351664,"rsi_circ_004236",2,"-",2,2,40,40,"my_test_rsi2",2,0,0,1,"GTAG",NA,"ANCHOR_UNIQUE,CANONICAL,CIRCULAR,PERFECT_EXT,UNAMBIGUOUS_BP"
"2922","NW_017739195.1",2237096,2243660,"rsi_circ_004238",5,"+",4,4,40,40,"my_test_rsi2",5,0,0,1,"GTAG",NA,"ANCHOR_UNIQUE,CANONICAL,CIRCULAR,PERFECT_EXT,UNAMBIGUOUS_BP"
"2923","NW_017738959.1",5613581,5619363,"rsi_circ_004239",3,"-",1,3,40,5,"my_test_rsi2",3,0,1,1,"GTAG",NA,"ANCHOR_UNIQUE,CANONICAL,CIRCULAR,GOOD_EXT,UNAMBIGUOUS_BP"
"2924","NW_017738966.1",1769783,1771172,"rsi_circ_004240",3,"+",1,3,5,40,"my_test_rsi2",3,0,0,1,"GTAG",NA,"ANCHOR_UNIQUE,CANONICAL,CIRCULAR,PERFECT_EXT,UNAMBIGUOUS_BP"
"2925","NW_017739469.1",461968,482742,"rsi_circ_004241",8,"+",1,8,35,5,"my_test_rsi2",8,0,0,1,"GTAG",NA,"ANCHOR_UNIQUE,CANONICAL,CIRCULAR,PERFECT_EXT,UNAMBIGUOUS_BP"
"2926","NW_017739206.1",1620323,1625381,"rsi_circ_004244",5,"+",5,4,40,40,"my_test_rsi2",5,1,0,1,"GTAG",NA,"ANCHOR_UNIQUE,CANONICAL,CIRCULAR,GOOD_EXT,UNAMBIGUOUS_BP"
"2927","NW_017739709.1",713860,754208,"rsi_circ_004246",3,"-",3,3,40,40,"my_test_rsi2",3,0,0,1,"GTAG",NA,"ANCHOR_UNIQUE,CANONICAL,CIRCULAR,PERFECT_EXT,UNAMBIGUOUS_BP"
"2928","NW_017739192.1",813563,823735,"rsi_circ_004247",2,"-",2,2,40,40,"my_test_rsi2",2,0,0,1,"GTAG",NA,"ANCHOR_UNIQUE,CANONICAL,CIRCULAR,PERFECT_EXT,UNAMBIGUOUS_BP"
"2929","NW_017739089.1",6047149,6056089,"rsi_circ_004248",2,"+",2,1,35,40,"my_test_rsi2",2,1,0,1,"GTAG",NA,"ANCHOR_UNIQUE,CANONICAL,CIRCULAR,GOOD_EXT,UNAMBIGUOUS_BP"
"2930","NW_017739466.1",444238,454505,"rsi_circ_004250",2,"+",1,2,5,40,"my_test_rsi2",2,0,0,1,"GTAG",NA,"ANCHOR_UNIQUE,CANONICAL,CIRCULAR,PERFECT_EXT,UNAMBIGUOUS_BP"
"2931","NW_017739428.1",1552785,1554585,"rsi_circ_004251",6,"-",4,6,40,40,"my_test_rsi2",6,0,0,1,"GTAG",NA,"ANCHOR_UNIQUE,CANONICAL,CIRCULAR,PERFECT_EXT,UNAMBIGUOUS_BP"
"2932","NW_017738937.1",5261354,5269675,"rsi_circ_004253",3,"-",1,3,35,40,"my_test_rsi2",3,0,0,1,"GTAG",NA,"ANCHOR_UNIQUE,CANONICAL,CIRCULAR,PERFECT_EXT,UNAMBIGUOUS_BP"
"2933","NW_017738927.1",4728499,4729400,"rsi_circ_004254",2,"+",1,2,40,40,"my_test_rsi2",2,0,0,1,"GTAG",NA,"ANCHOR_UNIQUE,CANONICAL,CIRCULAR,PERFECT_EXT,UNAMBIGUOUS_BP"
"2934","NW_017738992.1",277186,337808,"rsi_circ_004256",2,"+",1,2,40,5,"my_test_rsi2",2,0,0,1,"GTAG",NA,"ANCHOR_UNIQUE,CANONICAL,CIRCULAR,PERFECT_EXT,UNAMBIGUOUS_BP"
"2935","NW_017738952.1",1176695,1230589,"rsi_circ_004258",3,"+",2,3,40,40,"my_test_rsi2",3,0,0,1,"GTAG",NA,"ANCHOR_UNIQUE,CANONICAL,CIRCULAR,PERFECT_EXT,UNAMBIGUOUS_BP"
"2936","NW_017739452.1",449062,449416,"rsi_circ_004261",2,"+",2,2,40,5,"my_test_rsi2",2,1,0,1,"GTAG",NA,"ANCHOR_UNIQUE,CANONICAL,CIRCULAR,GOOD_EXT,UNAMBIGUOUS_BP"
"2937","NW_017739460.1",1288830,1294241,"rsi_circ_004262",7,"+",2,7,40,5,"my_test_rsi2",7,1,0,1,"GTAG",NA,"ANCHOR_UNIQUE,CANONICAL,CIRCULAR,GOOD_EXT,UNAMBIGUOUS_BP"
"2938","NW_017739192.1",561438,602171,"rsi_circ_004263",3,"-",2,3,40,5,"my_test_rsi2",3,0,0,1,"GTAG",NA,"ANCHOR_UNIQUE,CANONICAL,CIRCULAR,PERFECT_EXT,UNAMBIGUOUS_BP"
"2939","NW_017739089.1",4334834,4382793,"rsi_circ_004264",2,"-",1,2,40,35,"my_test_rsi2",2,1,0,1,"GTAG",NA,"ANCHOR_UNIQUE,CANONICAL,CIRCULAR,GOOD_EXT,UNAMBIGUOUS_BP"
"2940","NW_017739486.1",117831,142258,"rsi_circ_004266",11,"-",5,11,40,40,"my_test_rsi2",11,2,0,1,"GTAG",NA,"ANCHOR_UNIQUE,CANONICAL,CIRCULAR,OK_EXT,UNAMBIGUOUS_BP"
"2941","NW_017739388.1",171009,258802,"rsi_circ_004270",3,"+",1,3,5,40,"my_test_rsi2",3,1,0,1,"GTAG",NA,"ANCHOR_UNIQUE,CANONICAL,CIRCULAR,GOOD_EXT,UNAMBIGUOUS_BP"
"2942","NW_017739442.1",859013,863628,"rsi_circ_004271",8,"+",5,8,40,40,"my_test_rsi2",8,0,0,1,"GTAG",NA,"ANCHOR_UNIQUE,CANONICAL,CIRCULAR,PERFECT_EXT,UNAMBIGUOUS_BP"
"2943","NW_017738957.1",10875937,10891283,"rsi_circ_004272",2,"+",2,2,40,40,"my_test_rsi2",2,0,0,1,"GTAG",NA,"ANCHOR_UNIQUE,CANONICAL,CIRCULAR,PERFECT_EXT,UNAMBIGUOUS_BP"
"2944","NW_017739275.1",520283,520469,"rsi_circ_004273",11,"+",5,10,40,40,"my_test_rsi2",11,0,0,1,"GTAG",NA,"ANCHOR_UNIQUE,CANONICAL,CIRCULAR,PERFECT_EXT,UNAMBIGUOUS_BP"
"2945","NW_017738972.1",2816896,2844251,"rsi_circ_004274",4,"-",4,4,40,40,"my_test_rsi2",4,0,0,1,"GTAG",NA,"ANCHOR_UNIQUE,CANONICAL,CIRCULAR,PERFECT_EXT,UNAMBIGUOUS_BP"
"2946","NW_017739020.1",3433039,3435746,"rsi_circ_004275",3,"-",2,3,40,5,"my_test_rsi2",3,0,0,1,"GTAG",NA,"ANCHOR_UNIQUE,CANONICAL,CIRCULAR,PERFECT_EXT,UNAMBIGUOUS_BP"
"2947","NW_017739576.1",545186,548160,"rsi_circ_004276",12,"+",4,12,40,5,"my_test_rsi2",12,0,0,1,"GTAG",NA,"ANCHOR_UNIQUE,CANONICAL,CIRCULAR,PERFECT_EXT,UNAMBIGUOUS_BP"
"2948","NW_017739004.1",260789,264457,"rsi_circ_004277",2,"-",2,2,5,35,"my_test_rsi2",2,0,0,1,"GTAG",NA,"ANCHOR_UNIQUE,CANONICAL,CIRCULAR,PERFECT_EXT,UNAMBIGUOUS_BP"
"2949","NW_017739059.1",1662975,1671816,"rsi_circ_004278",4,"-",3,4,40,40,"my_test_rsi2",4,0,0,1,"GTAG",NA,"ANCHOR_UNIQUE,CANONICAL,CIRCULAR,PERFECT_EXT,UNAMBIGUOUS_BP"
"2950","NW_017738954.1",331471,334826,"rsi_circ_004280",8,"+",4,8,40,40,"my_test_rsi2",8,0,0,1,"GTAG",NA,"ANCHOR_UNIQUE,CANONICAL,CIRCULAR,PERFECT_EXT,UNAMBIGUOUS_BP"
"2951","NW_017739152.1",395949,396324,"rsi_circ_004281",4,"+",1,4,5,40,"my_test_rsi2",4,1,0,1,"GTAG",NA,"ANCHOR_UNIQUE,CANONICAL,CIRCULAR,GOOD_EXT,UNAMBIGUOUS_BP"
"2952","NW_017739162.1",3910008,3925669,"rsi_circ_004282",5,"-",4,5,40,40,"my_test_rsi2",5,0,0,1,"GTAG",NA,"ANCHOR_UNIQUE,CANONICAL,CIRCULAR,PERFECT_EXT,UNAMBIGUOUS_BP"
"2953","NW_017738970.1",1978974,1983000,"rsi_circ_004283",2,"-",2,2,40,40,"my_test_rsi2",2,0,0,1,"GTAG",NA,"ANCHOR_UNIQUE,CANONICAL,CIRCULAR,PERFECT_EXT,UNAMBIGUOUS_BP"
"2954","NW_017738937.1",5833424,5872440,"rsi_circ_004284",2,"-",1,2,5,5,"my_test_rsi2",2,0,0,1,"GTAG",NA,"ANCHOR_UNIQUE,CANONICAL,CIRCULAR,PERFECT_EXT,UNAMBIGUOUS_BP"
"2955","NW_017739387.1",48291,52430,"rsi_circ_004285",2,"+",1,2,40,5,"my_test_rsi2",2,0,0,1,"GTAG",NA,"ANCHOR_UNIQUE,CANONICAL,CIRCULAR,PERFECT_EXT,UNAMBIGUOUS_BP"
"2956","NW_017738975.1",6494930,6497036,"rsi_circ_004286",7,"+",3,7,40,40,"my_test_rsi2",7,0,0,1,"GTAG",NA,"ANCHOR_UNIQUE,CANONICAL,CIRCULAR,PERFECT_EXT,UNAMBIGUOUS_BP"
"2957","NW_017738945.1",301261,318317,"rsi_circ_004287",3,"+",2,3,40,40,"my_test_rsi2",3,0,0,1,"GTAG",NA,"ANCHOR_UNIQUE,CANONICAL,CIRCULAR,PERFECT_EXT,UNAMBIGUOUS_BP"
"2958","NW_017739309.1",1276606,1304586,"rsi_circ_004288",4,"+",2,4,40,40,"my_test_rsi2",4,0,0,1,"GTAG",NA,"ANCHOR_UNIQUE,CANONICAL,CIRCULAR,PERFECT_EXT,UNAMBIGUOUS_BP"
"2959","NW_017739166.1",1321534,1330250,"rsi_circ_004289",2,"-",1,2,40,40,"my_test_rsi2",2,0,0,1,"GTAG",NA,"ANCHOR_UNIQUE,CANONICAL,CIRCULAR,PERFECT_EXT,UNAMBIGUOUS_BP"
"2960","NW_017738943.1",8413720,8418937,"rsi_circ_004290",18,"+",12,18,40,40,"my_test_rsi2",18,0,0,1,"GTAG",NA,"ANCHOR_UNIQUE,CANONICAL,CIRCULAR,PERFECT_EXT,UNAMBIGUOUS_BP"
"2961","NW_017739557.1",56084,63944,"rsi_circ_004292",3,"-",3,3,40,40,"my_test_rsi2",3,0,0,1,"GTAG",NA,"ANCHOR_UNIQUE,CANONICAL,CIRCULAR,PERFECT_EXT,UNAMBIGUOUS_BP"
"2962","NW_017738958.1",1136595,1149423,"rsi_circ_004293",2,"-",2,2,40,40,"my_test_rsi2",2,0,0,1,"GTAG",NA,"ANCHOR_UNIQUE,CANONICAL,CIRCULAR,PERFECT_EXT,UNAMBIGUOUS_BP"
"2963","NW_017739710.1",1293496,1297236,"rsi_circ_004294",7,"+",3,7,40,40,"my_test_rsi2",7,0,0,1,"GTAG",NA,"ANCHOR_UNIQUE,CANONICAL,CIRCULAR,PERFECT_EXT,UNAMBIGUOUS_BP"
"2964","NW_017739052.1",1605812,1606656,"rsi_circ_004295",2,"-",2,2,40,40,"my_test_rsi2",2,2,0,1,"GTAG",NA,"ANCHOR_UNIQUE,CANONICAL,CIRCULAR,OK_EXT,UNAMBIGUOUS_BP"
"2965","NW_017739205.1",566747,595241,"rsi_circ_004297",3,"-",1,3,40,5,"my_test_rsi2",3,0,0,1,"GTAG",NA,"ANCHOR_UNIQUE,CANONICAL,CIRCULAR,PERFECT_EXT,UNAMBIGUOUS_BP"
"2966","NW_017739078.1",4148096,4149518,"rsi_circ_004298",8,"+",5,8,40,40,"my_test_rsi2",8,0,0,1,"GTAG",NA,"ANCHOR_UNIQUE,CANONICAL,CIRCULAR,PERFECT_EXT,UNAMBIGUOUS_BP"
"2967","NW_017738975.1",288965,295208,"rsi_circ_004300",11,"+",5,11,40,40,"my_test_rsi2",11,0,0,1,"GTAG",NA,"ANCHOR_UNIQUE,CANONICAL,CIRCULAR,PERFECT_EXT,UNAMBIGUOUS_BP"
"2968","NW_017739089.1",8238789,8246930,"rsi_circ_004301",5,"-",4,4,40,40,"my_test_rsi2",5,0,0,1,"GTAG",NA,"ANCHOR_UNIQUE,CANONICAL,CIRCULAR,PERFECT_EXT,UNAMBIGUOUS_BP"
"2969","NW_017739170.1",2031886,2032673,"rsi_circ_004302",3,"-",1,3,40,5,"my_test_rsi2",3,0,0,1,"GTAG",NA,"ANCHOR_UNIQUE,CANONICAL,CIRCULAR,PERFECT_EXT,UNAMBIGUOUS_BP"
"2970","NW_017739935.1",135499,141950,"rsi_circ_004304",4,"-",2,4,40,40,"my_test_rsi2",4,0,0,1,"GTAG",NA,"ANCHOR_UNIQUE,CANONICAL,CIRCULAR,PERFECT_EXT,UNAMBIGUOUS_BP"
"2971","NW_017739615.1",733828,749267,"rsi_circ_004305",8,"-",4,8,40,40,"my_test_rsi2",8,0,0,1,"GTAG",NA,"ANCHOR_UNIQUE,CANONICAL,CIRCULAR,PERFECT_EXT,UNAMBIGUOUS_BP"
"2972","NW_017739327.1",817651,820270,"rsi_circ_004306",5,"-",3,5,40,40,"my_test_rsi2",5,0,0,1,"GTAG",NA,"ANCHOR_UNIQUE,CANONICAL,CIRCULAR,PERFECT_EXT,UNAMBIGUOUS_BP"
"2973","NW_017739630.1",967558,981239,"rsi_circ_004310",3,"+",1,3,40,40,"my_test_rsi2",3,1,0,1,"GTAG",NA,"ANCHOR_UNIQUE,CANONICAL,CIRCULAR,GOOD_EXT,UNAMBIGUOUS_BP"
"2974","NW_017738956.1",2822227,2822378,"rsi_circ_004311",2,"+",1,2,40,5,"my_test_rsi2",2,1,0,1,"GTAG",NA,"ANCHOR_UNIQUE,CANONICAL,CIRCULAR,GOOD_EXT,UNAMBIGUOUS_BP"
"2975","NW_017738957.1",17754970,17757579,"rsi_circ_004312",23,"-",13,20,40,40,"my_test_rsi2",23,0,0,1,"GTAG",NA,"ANCHOR_UNIQUE,CANONICAL,CIRCULAR,PERFECT_EXT,UNAMBIGUOUS_BP"
"2976","NW_017739122.1",308890,313233,"rsi_circ_004313",8,"-",5,6,40,40,"my_test_rsi2",8,0,0,1,"GTAG",NA,"ANCHOR_UNIQUE,CANONICAL,CIRCULAR,PERFECT_EXT,UNAMBIGUOUS_BP"
"2977","NW_017738972.1",2315235,2321692,"rsi_circ_004314",2,"+",1,2,5,40,"my_test_rsi2",2,0,0,1,"GTAG",NA,"ANCHOR_UNIQUE,CANONICAL,CIRCULAR,PERFECT_EXT,UNAMBIGUOUS_BP"
"2978","NW_017739195.1",2708720,2729510,"rsi_circ_004317",3,"-",2,3,5,5,"my_test_rsi2",3,0,0,1,"GTAG",NA,"ANCHOR_UNIQUE,CANONICAL,CIRCULAR,PERFECT_EXT,UNAMBIGUOUS_BP"
"2979","NW_017739274.1",772216,775792,"rsi_circ_004319",6,"-",2,6,40,40,"my_test_rsi2",6,1,0,1,"GTAG",NA,"ANCHOR_UNIQUE,CANONICAL,CIRCULAR,GOOD_EXT,UNAMBIGUOUS_BP"
"2980","NW_017739080.1",337197,340760,"rsi_circ_004320",10,"-",5,10,40,40,"my_test_rsi2",10,0,0,1,"GTAG",NA,"ANCHOR_UNIQUE,CANONICAL,CIRCULAR,PERFECT_EXT,UNAMBIGUOUS_BP"
"2981","NW_017738926.1",1905513,1907560,"rsi_circ_004321",2,"+",1,2,5,40,"my_test_rsi2",2,0,0,1,"GTAG",NA,"ANCHOR_UNIQUE,CANONICAL,CIRCULAR,PERFECT_EXT,UNAMBIGUOUS_BP"
"2982","NW_017738972.1",126800,181628,"rsi_circ_004322",3,"+",2,3,40,40,"my_test_rsi2",3,0,0,1,"GTAG",NA,"ANCHOR_UNIQUE,CANONICAL,CIRCULAR,PERFECT_EXT,UNAMBIGUOUS_BP"
"2983","NW_017739101.1",949886,985569,"rsi_circ_004323",4,"-",2,4,5,35,"my_test_rsi2",4,1,0,1,"GTAG",NA,"ANCHOR_UNIQUE,CANONICAL,CIRCULAR,GOOD_EXT,UNAMBIGUOUS_BP"
"2984","NW_017739732.1",88015,101351,"rsi_circ_004324",9,"-",8,9,40,40,"my_test_rsi2",9,0,0,1,"GTAG",NA,"ANCHOR_UNIQUE,CANONICAL,CIRCULAR,PERFECT_EXT,UNAMBIGUOUS_BP"
"2985","NW_017739014.1",3355816,3361491,"rsi_circ_004326",3,"+",1,3,5,40,"my_test_rsi2",3,2,0,1,"GTAG",NA,"ANCHOR_UNIQUE,CANONICAL,CIRCULAR,OK_EXT,UNAMBIGUOUS_BP"
"2986","NW_017738990.1",5021240,5033036,"rsi_circ_004329",2,"+",2,2,40,40,"my_test_rsi2",2,0,0,1,"GTAG",NA,"ANCHOR_UNIQUE,CANONICAL,CIRCULAR,PERFECT_EXT,UNAMBIGUOUS_BP"
"2987","NW_017739110.1",3012941,3025348,"rsi_circ_004330",2,"-",1,2,5,40,"my_test_rsi2",2,0,0,1,"GTAG",NA,"ANCHOR_UNIQUE,CANONICAL,CIRCULAR,PERFECT_EXT,UNAMBIGUOUS_BP"
"2988","NW_017738970.1",1054786,1057121,"rsi_circ_004332",2,"+",2,2,40,40,"my_test_rsi2",2,1,0,1,"GTAG",NA,"ANCHOR_UNIQUE,CANONICAL,CIRCULAR,GOOD_EXT,UNAMBIGUOUS_BP"
"2989","NW_017739166.1",1316808,1330250,"rsi_circ_004333",3,"-",2,3,40,40,"my_test_rsi2",3,0,0,1,"GTAG",NA,"ANCHOR_UNIQUE,CANONICAL,CIRCULAR,PERFECT_EXT,UNAMBIGUOUS_BP"
"2990","NW_017739103.1",1935679,1954776,"rsi_circ_004338",3,"-",2,3,40,40,"my_test_rsi2",3,0,0,1,"GTAG",NA,"ANCHOR_UNIQUE,CANONICAL,CIRCULAR,PERFECT_EXT,UNAMBIGUOUS_BP"
"2991","NW_017739306.1",3852650,3854335,"rsi_circ_004342",11,"+",9,9,40,40,"my_test_rsi2",11,0,0,1,"GTAG",NA,"ANCHOR_UNIQUE,CANONICAL,CIRCULAR,PERFECT_EXT,UNAMBIGUOUS_BP"
"2992","NW_017739014.1",5212096,5220094,"rsi_circ_004343",2,"+",2,2,40,40,"my_test_rsi2",2,0,0,1,"GTAG",NA,"ANCHOR_UNIQUE,CANONICAL,CIRCULAR,PERFECT_EXT,UNAMBIGUOUS_BP"
"2993","NW_017739153.1",194658,197672,"rsi_circ_004344",2,"+",2,2,40,40,"my_test_rsi2",2,0,0,1,"GTAG",NA,"ANCHOR_UNIQUE,CANONICAL,CIRCULAR,PERFECT_EXT,UNAMBIGUOUS_BP"
"2994","NW_017738952.1",2410604,2428072,"rsi_circ_004345",4,"+",2,4,40,40,"my_test_rsi2",4,0,0,1,"GTAG",NA,"ANCHOR_UNIQUE,CANONICAL,CIRCULAR,PERFECT_EXT,UNAMBIGUOUS_BP"
"2995","NW_017739247.1",313555,317154,"rsi_circ_004346",42,"+",21,42,40,40,"my_test_rsi2",42,0,0,1,"GTAG",NA,"ANCHOR_UNIQUE,CANONICAL,CIRCULAR,PERFECT_EXT,UNAMBIGUOUS_BP"
"2996","NW_017739466.1",995449,995792,"rsi_circ_004347",2,"+",1,2,40,5,"my_test_rsi2",2,1,0,1,"GTAG",NA,"ANCHOR_UNIQUE,CANONICAL,CIRCULAR,GOOD_EXT,UNAMBIGUOUS_BP"
"2997","NW_017739046.1",6132824,6133872,"rsi_circ_004348",51,"-",29,51,40,40,"my_test_rsi2",51,0,0,1,"GTAG",NA,"ANCHOR_UNIQUE,CANONICAL,CIRCULAR,PERFECT_EXT,UNAMBIGUOUS_BP"
"2998","NW_017738923.1",14718984,14746882,"rsi_circ_004349",3,"-",2,3,40,40,"my_test_rsi2",3,0,0,1,"GTAG",NA,"ANCHOR_UNIQUE,CANONICAL,CIRCULAR,PERFECT_EXT,UNAMBIGUOUS_BP"
"2999","NW_017738958.1",1495487,1528625,"rsi_circ_004350",2,"+",1,2,40,35,"my_test_rsi2",2,0,0,1,"GTAG",NA,"ANCHOR_UNIQUE,CANONICAL,CIRCULAR,PERFECT_EXT,UNAMBIGUOUS_BP"
"3000","NW_017738992.1",506945,515480,"rsi_circ_004352",11,"-",7,11,40,40,"my_test_rsi2",11,0,0,1,"GTAG",NA,"ANCHOR_UNIQUE,CANONICAL,CIRCULAR,PERFECT_EXT,UNAMBIGUOUS_BP"
"3001","NW_017739480.1",1030623,1030773,"rsi_circ_004356",3,"+",1,3,40,40,"my_test_rsi2",3,0,0,1,"GTAG",NA,"ANCHOR_UNIQUE,CANONICAL,CIRCULAR,PERFECT_EXT,UNAMBIGUOUS_BP"
"3002","NW_017739310.1",1203516,1205043,"rsi_circ_004357",26,"-",15,24,40,40,"my_test_rsi2",26,0,0,1,"GTAG",NA,"ANCHOR_UNIQUE,CANONICAL,CIRCULAR,PERFECT_EXT,UNAMBIGUOUS_BP"
"3003","NW_017739075.1",673685,673874,"rsi_circ_004359",2,"-",1,2,5,40,"my_test_rsi2",2,0,2,1,"GTAG",NA,"ANCHOR_UNIQUE,CANONICAL,CIRCULAR,OK_EXT,UNAMBIGUOUS_BP"
"3004","NW_017738934.1",871120,926749,"rsi_circ_004360",2,"+",1,2,40,40,"my_test_rsi2",2,0,0,1,"GTAG",NA,"ANCHOR_UNIQUE,CANONICAL,CIRCULAR,PERFECT_EXT,UNAMBIGUOUS_BP"
"3005","NW_017739323.1",431948,441799,"rsi_circ_004362",5,"-",1,5,40,40,"my_test_rsi2",5,0,0,1,"GTAG",NA,"ANCHOR_UNIQUE,CANONICAL,CIRCULAR,PERFECT_EXT,UNAMBIGUOUS_BP"
"3006","NW_017738947.1",3730305,3754560,"rsi_circ_004366",2,"-",1,2,5,40,"my_test_rsi2",2,1,0,1,"GTAG",NA,"ANCHOR_UNIQUE,CANONICAL,CIRCULAR,GOOD_EXT,UNAMBIGUOUS_BP"
"3007","NW_017739039.1",2864923,2872085,"rsi_circ_004367",5,"+",3,3,40,40,"my_test_rsi2",5,0,0,1,"GTAG",NA,"ANCHOR_UNIQUE,CANONICAL,CIRCULAR,PERFECT_EXT,UNAMBIGUOUS_BP"
"3008","NW_017739040.1",7117311,7158395,"rsi_circ_004369",2,"+",1,2,40,5,"my_test_rsi2",2,0,1,1,"GTAG",NA,"ANCHOR_UNIQUE,CANONICAL,CIRCULAR,GOOD_EXT,UNAMBIGUOUS_BP"
"3009","NW_017738956.1",4840723,4843136,"rsi_circ_004370",4,"-",1,4,35,40,"my_test_rsi2",4,2,0,1,"GTAG",NA,"ANCHOR_UNIQUE,CANONICAL,CIRCULAR,OK_EXT,UNAMBIGUOUS_BP"
"3010","NW_017739710.1",279670,286724,"rsi_circ_004371",3,"-",2,3,5,40,"my_test_rsi2",3,0,0,1,"GTAG",NA,"ANCHOR_UNIQUE,CANONICAL,CIRCULAR,PERFECT_EXT,UNAMBIGUOUS_BP"
"3011","NW_017738947.1",3579374,3629680,"rsi_circ_004372",2,"+",2,2,40,40,"my_test_rsi2",2,0,0,1,"GTAG",NA,"ANCHOR_UNIQUE,CANONICAL,CIRCULAR,PERFECT_EXT,UNAMBIGUOUS_BP"
"3012","NW_017738967.1",1326034,1374612,"rsi_circ_004374",10,"+",2,10,40,40,"my_test_rsi2",10,0,0,1,"GTAG",NA,"ANCHOR_UNIQUE,CANONICAL,CIRCULAR,PERFECT_EXT,UNAMBIGUOUS_BP"
"3013","NW_017739281.1",102209,152813,"rsi_circ_004375",2,"+",1,2,5,40,"my_test_rsi2",2,0,0,1,"GTAG",NA,"ANCHOR_UNIQUE,CANONICAL,CIRCULAR,PERFECT_EXT,UNAMBIGUOUS_BP"
"3014","NW_017738992.1",3998885,4017015,"rsi_circ_004379",3,"+",2,2,40,5,"my_test_rsi2",3,2,0,1,"GTAG",NA,"ANCHOR_UNIQUE,CANONICAL,CIRCULAR,OK_EXT,UNAMBIGUOUS_BP"
"3015","NW_017738923.1",14980927,14981797,"rsi_circ_004380",5,"-",1,5,40,40,"my_test_rsi2",5,1,0,1,"GTAG",NA,"ANCHOR_UNIQUE,CANONICAL,CIRCULAR,GOOD_EXT,UNAMBIGUOUS_BP"
"3016","NW_017739368.1",339850,340980,"rsi_circ_004381",2,"+",1,2,40,5,"my_test_rsi2",2,0,0,1,"GTAG",NA,"ANCHOR_UNIQUE,CANONICAL,CIRCULAR,PERFECT_EXT,UNAMBIGUOUS_BP"
"3017","NW_017739170.1",1614593,1618743,"rsi_circ_004382",2,"+",1,2,5,40,"my_test_rsi2",2,0,1,1,"GTAG",NA,"ANCHOR_UNIQUE,CANONICAL,CIRCULAR,GOOD_EXT,UNAMBIGUOUS_BP"
"3018","NW_017738956.1",3517875,3521903,"rsi_circ_004383",8,"-",3,8,5,5,"my_test_rsi2",8,0,0,1,"GTAG",NA,"ANCHOR_UNIQUE,CANONICAL,CIRCULAR,PERFECT_EXT,UNAMBIGUOUS_BP"
"3019","NW_017739127.1",1432651,1432768,"rsi_circ_004385",2,"-",2,2,40,37,"my_test_rsi2",2,0,0,1,"GTAG",NA,"ANCHOR_UNIQUE,CANONICAL,CIRCULAR,PERFECT_EXT,UNAMBIGUOUS_BP"
"3020","NW_017739014.1",2744170,2744327,"rsi_circ_004387",2,"+",1,2,40,40,"my_test_rsi2",2,1,0,1,"GTAG",NA,"ANCHOR_UNIQUE,CANONICAL,CIRCULAR,GOOD_EXT,UNAMBIGUOUS_BP"
"3021","NW_017739161.1",4093504,4100491,"rsi_circ_004388",15,"+",8,13,40,40,"my_test_rsi2",15,0,0,1,"GTAG",NA,"ANCHOR_UNIQUE,CANONICAL,CIRCULAR,PERFECT_EXT,UNAMBIGUOUS_BP"
"3022","NW_017739083.1",3278318,3284126,"rsi_circ_004391",3,"+",1,3,5,40,"my_test_rsi2",3,1,0,1,"GTAG",NA,"ANCHOR_UNIQUE,CANONICAL,CIRCULAR,GOOD_EXT,UNAMBIGUOUS_BP"
"3023","NW_017739455.1",1059724,1059949,"rsi_circ_004395",4,"-",2,4,40,40,"my_test_rsi2",4,2,0,1,"GTAG",NA,"ANCHOR_UNIQUE,CANONICAL,CIRCULAR,OK_EXT,UNAMBIGUOUS_BP"
"3024","NW_017740270.1",3823,47756,"rsi_circ_004396",7,"+",4,5,40,5,"my_test_rsi2",7,0,0,1,"GTAG",NA,"ANCHOR_UNIQUE,CANONICAL,CIRCULAR,PERFECT_EXT,UNAMBIGUOUS_BP"
"3025","NW_017739116.1",5333549,5335313,"rsi_circ_004397",2,"+",2,2,40,40,"my_test_rsi2",2,0,0,1,"GTAG",NA,"ANCHOR_UNIQUE,CANONICAL,CIRCULAR,PERFECT_EXT,UNAMBIGUOUS_BP"
"3026","NW_017739057.1",46037,48474,"rsi_circ_004400",2,"+",2,2,40,40,"my_test_rsi2",2,0,0,1,"GTAG",NA,"ANCHOR_UNIQUE,CANONICAL,CIRCULAR,PERFECT_EXT,UNAMBIGUOUS_BP"
"3027","NW_017739016.1",5162850,5187477,"rsi_circ_004403",3,"-",2,3,40,40,"my_test_rsi2",3,0,0,1,"GTAG",NA,"ANCHOR_UNIQUE,CANONICAL,CIRCULAR,PERFECT_EXT,UNAMBIGUOUS_BP"
"3028","NW_017739029.1",1891664,1908855,"rsi_circ_004404",8,"+",3,8,5,35,"my_test_rsi2",8,1,0,1,"GTAG",NA,"ANCHOR_UNIQUE,CANONICAL,CIRCULAR,GOOD_EXT,UNAMBIGUOUS_BP"
"3029","NW_017738980.1",286944,301213,"rsi_circ_004406",9,"+",4,9,40,40,"my_test_rsi2",9,1,0,1,"GTAG",NA,"ANCHOR_UNIQUE,CANONICAL,CIRCULAR,GOOD_EXT,UNAMBIGUOUS_BP"
"3030","NW_017739713.1",395928,397780,"rsi_circ_004409",8,"+",5,6,40,5,"my_test_rsi2",8,0,0,1,"GTAG",NA,"ANCHOR_UNIQUE,CANONICAL,CIRCULAR,PERFECT_EXT,UNAMBIGUOUS_BP"
"3031","NW_017740082.1",17911,19354,"rsi_circ_004410",2,"-",2,2,40,40,"my_test_rsi2",2,1,0,1,"GTAG",NA,"ANCHOR_UNIQUE,CANONICAL,CIRCULAR,GOOD_EXT,UNAMBIGUOUS_BP"
"3032","NW_017739440.1",1079566,1080391,"rsi_circ_004412",5,"+",2,5,40,5,"my_test_rsi2",5,0,0,1,"GTAG",NA,"ANCHOR_UNIQUE,CANONICAL,CIRCULAR,PERFECT_EXT,UNAMBIGUOUS_BP"
"3033","NW_017738979.1",2720311,2771540,"rsi_circ_004414",2,"+",2,2,5,40,"my_test_rsi2",2,0,0,1,"GTAG",NA,"ANCHOR_UNIQUE,CANONICAL,CIRCULAR,PERFECT_EXT,UNAMBIGUOUS_BP"
"3034","NW_017738956.1",1555836,1558393,"rsi_circ_004415",6,"+",5,6,40,40,"my_test_rsi2",6,0,0,1,"GTAG",NA,"ANCHOR_UNIQUE,CANONICAL,CIRCULAR,PERFECT_EXT,UNAMBIGUOUS_BP"
"3035","NW_017738948.1",11008416,11009142,"rsi_circ_004416",4,"+",2,4,5,40,"my_test_rsi2",4,2,0,1,"GTAG",NA,"ANCHOR_UNIQUE,CANONICAL,CIRCULAR,OK_EXT,UNAMBIGUOUS_BP"
"3036","NW_017739035.1",390324,393477,"rsi_circ_004419",5,"-",1,5,40,40,"my_test_rsi2",5,0,0,1,"GTAG",NA,"ANCHOR_UNIQUE,CANONICAL,CIRCULAR,PERFECT_EXT,UNAMBIGUOUS_BP"
"3037","NW_017739128.1",1126325,1133359,"rsi_circ_004421",54,"-",26,54,40,40,"my_test_rsi2",54,0,0,1,"GTAG",NA,"ANCHOR_UNIQUE,CANONICAL,CIRCULAR,PERFECT_EXT,UNAMBIGUOUS_BP"
"3038","NW_017738923.1",11902277,11909531,"rsi_circ_004422",5,"-",2,5,35,40,"my_test_rsi2",5,0,0,1,"GTAG",NA,"ANCHOR_UNIQUE,CANONICAL,CIRCULAR,PERFECT_EXT,UNAMBIGUOUS_BP"
"3039","NW_017738943.1",9165778,9181165,"rsi_circ_004424",2,"+",1,2,40,40,"my_test_rsi2",2,0,0,1,"GTAG",NA,"ANCHOR_UNIQUE,CANONICAL,CIRCULAR,PERFECT_EXT,UNAMBIGUOUS_BP"
"3040","NW_017739016.1",9944334,9950076,"rsi_circ_004425",2,"+",1,2,40,40,"my_test_rsi2",2,0,0,1,"GTAG",NA,"ANCHOR_UNIQUE,CANONICAL,CIRCULAR,PERFECT_EXT,UNAMBIGUOUS_BP"
"3041","NW_017739557.1",60068,63944,"rsi_circ_004426",5,"-",4,5,40,40,"my_test_rsi2",5,0,0,1,"GTAG",NA,"ANCHOR_UNIQUE,CANONICAL,CIRCULAR,PERFECT_EXT,UNAMBIGUOUS_BP"
"3042","NW_017739044.1",332332,339708,"rsi_circ_004427",3,"+",1,3,5,40,"my_test_rsi2",3,1,0,1,"GTAG",NA,"ANCHOR_UNIQUE,CANONICAL,CIRCULAR,GOOD_EXT,UNAMBIGUOUS_BP"
"3043","NW_017738959.1",2361797,2362117,"rsi_circ_004428",4,"-",1,4,5,5,"my_test_rsi2",4,1,0,1,"GTAG",NA,"ANCHOR_UNIQUE,CANONICAL,CIRCULAR,GOOD_EXT,UNAMBIGUOUS_BP"
"3044","NW_017738967.1",101466,128756,"rsi_circ_004431",4,"-",1,4,5,40,"my_test_rsi2",4,0,0,1,"GTAG",NA,"ANCHOR_UNIQUE,CANONICAL,CIRCULAR,PERFECT_EXT,UNAMBIGUOUS_BP"
"3045","NW_017738975.1",688712,692295,"rsi_circ_004432",3,"+",3,3,35,5,"my_test_rsi2",3,1,0,1,"GTAG",NA,"ANCHOR_UNIQUE,CANONICAL,CIRCULAR,GOOD_EXT,UNAMBIGUOUS_BP"
"3046","NW_017738958.1",1899016,1900113,"rsi_circ_004433",2,"-",2,1,40,40,"my_test_rsi2",2,0,0,1,"GTAG",NA,"ANCHOR_UNIQUE,CANONICAL,CIRCULAR,PERFECT_EXT,UNAMBIGUOUS_BP"
"3047","NW_017739362.1",603609,622238,"rsi_circ_004437",5,"+",4,5,5,40,"my_test_rsi2",5,0,0,1,"GTAG",NA,"ANCHOR_UNIQUE,CANONICAL,CIRCULAR,PERFECT_EXT,UNAMBIGUOUS_BP"
"3048","NW_017739360.1",258657,279623,"rsi_circ_004438",4,"-",2,4,40,40,"my_test_rsi2",4,0,0,1,"GTAG",NA,"ANCHOR_UNIQUE,CANONICAL,CIRCULAR,PERFECT_EXT,UNAMBIGUOUS_BP"
"3049","NW_017739437.1",706037,718689,"rsi_circ_004439",14,"-",7,14,40,40,"my_test_rsi2",14,0,0,1,"GTAG",NA,"ANCHOR_UNIQUE,CANONICAL,CIRCULAR,PERFECT_EXT,UNAMBIGUOUS_BP"
"3050","NW_017738975.1",541000,543319,"rsi_circ_004440",23,"+",11,23,40,40,"my_test_rsi2",23,0,0,1,"GTAG",NA,"ANCHOR_UNIQUE,CANONICAL,CIRCULAR,PERFECT_EXT,UNAMBIGUOUS_BP"
"3051","NW_017739287.1",1493242,1518986,"rsi_circ_004441",3,"+",1,3,5,40,"my_test_rsi2",3,1,0,1,"GTAG",NA,"ANCHOR_UNIQUE,CANONICAL,CIRCULAR,GOOD_EXT,UNAMBIGUOUS_BP"
"3052","NW_017738937.1",5554257,5571747,"rsi_circ_004443",15,"+",8,15,40,40,"my_test_rsi2",15,0,0,1,"GTAG",NA,"ANCHOR_UNIQUE,CANONICAL,CIRCULAR,PERFECT_EXT,UNAMBIGUOUS_BP"
"3053","NW_017738968.1",1304312,1317926,"rsi_circ_004445",2,"+",1,2,35,5,"my_test_rsi2",2,0,0,1,"GTAG",NA,"ANCHOR_UNIQUE,CANONICAL,CIRCULAR,PERFECT_EXT,UNAMBIGUOUS_BP"
"3054","NW_017739306.1",4368798,4410276,"rsi_circ_004446",11,"+",5,11,40,40,"my_test_rsi2",11,0,0,1,"GTAG",NA,"ANCHOR_UNIQUE,CANONICAL,CIRCULAR,PERFECT_EXT,UNAMBIGUOUS_BP"
"3055","NW_017739249.1",736251,750604,"rsi_circ_004447",2,"-",1,2,40,40,"my_test_rsi2",2,1,0,1,"GTAG",NA,"ANCHOR_UNIQUE,CANONICAL,CIRCULAR,GOOD_EXT,UNAMBIGUOUS_BP"
"3056","NW_017738927.1",77669,95402,"rsi_circ_004448",4,"-",3,4,40,40,"my_test_rsi2",4,0,0,1,"GTAG",NA,"ANCHOR_UNIQUE,CANONICAL,CIRCULAR,PERFECT_EXT,UNAMBIGUOUS_BP"
"3057","NW_017738954.1",1533009,1533921,"rsi_circ_004452",3,"-",1,3,5,40,"my_test_rsi2",3,0,0,1,"GTAG",NA,"ANCHOR_UNIQUE,CANONICAL,CIRCULAR,PERFECT_EXT,UNAMBIGUOUS_BP"
"3058","NW_017739473.1",963297,997061,"rsi_circ_004453",3,"-",1,3,40,40,"my_test_rsi2",3,0,0,1,"GTAG",NA,"ANCHOR_UNIQUE,CANONICAL,CIRCULAR,PERFECT_EXT,UNAMBIGUOUS_BP"
"3059","NW_017739127.1",744989,751813,"rsi_circ_004454",2,"-",1,2,5,5,"my_test_rsi2",2,0,0,1,"GTAG",NA,"ANCHOR_UNIQUE,CANONICAL,CIRCULAR,PERFECT_EXT,UNAMBIGUOUS_BP"
"3060","NW_017738946.1",5415012,5418210,"rsi_circ_004457",30,"+",15,30,40,40,"my_test_rsi2",30,0,0,1,"GTAG",NA,"ANCHOR_UNIQUE,CANONICAL,CIRCULAR,PERFECT_EXT,UNAMBIGUOUS_BP"
"3061","NW_017739180.1",940403,940846,"rsi_circ_004458",2,"+",1,2,40,40,"my_test_rsi2",2,0,0,1,"GTAG",NA,"ANCHOR_UNIQUE,CANONICAL,CIRCULAR,PERFECT_EXT,UNAMBIGUOUS_BP"
"3062","NW_017739227.1",140644,152936,"rsi_circ_004459",3,"-",1,3,5,5,"my_test_rsi2",3,0,0,1,"GTAG",NA,"ANCHOR_UNIQUE,CANONICAL,CIRCULAR,PERFECT_EXT,UNAMBIGUOUS_BP"
"3063","NW_017739151.1",176376,225123,"rsi_circ_004460",5,"-",1,5,40,35,"my_test_rsi2",5,0,0,1,"GTAG",NA,"ANCHOR_UNIQUE,CANONICAL,CIRCULAR,PERFECT_EXT,UNAMBIGUOUS_BP"
"3064","NW_017739634.1",998800,1000640,"rsi_circ_004462",5,"+",3,5,40,40,"my_test_rsi2",5,1,0,1,"GTAG",NA,"ANCHOR_UNIQUE,CANONICAL,CIRCULAR,GOOD_EXT,UNAMBIGUOUS_BP"
"3065","NW_017739153.1",5355766,5365498,"rsi_circ_004465",2,"+",2,2,40,40,"my_test_rsi2",2,0,0,1,"GTAG",NA,"ANCHOR_UNIQUE,CANONICAL,CIRCULAR,PERFECT_EXT,UNAMBIGUOUS_BP"
"3066","NW_017738975.1",3195854,3200263,"rsi_circ_004466",7,"-",4,7,40,40,"my_test_rsi2",7,1,0,1,"GTAG",NA,"ANCHOR_UNIQUE,CANONICAL,CIRCULAR,GOOD_EXT,UNAMBIGUOUS_BP"
"3067","NW_017739330.1",228363,233223,"rsi_circ_004468",2,"-",1,2,40,40,"my_test_rsi2",2,0,0,1,"GTAG",NA,"ANCHOR_UNIQUE,CANONICAL,CIRCULAR,PERFECT_EXT,UNAMBIGUOUS_BP"
"3068","NW_017738951.1",1439893,1443393,"rsi_circ_004469",2,"+",2,2,40,40,"my_test_rsi2",2,1,0,1,"GTAG",NA,"ANCHOR_UNIQUE,CANONICAL,CIRCULAR,GOOD_EXT,UNAMBIGUOUS_BP"
"3069","NW_017739642.1",291827,294791,"rsi_circ_004470",7,"+",4,4,35,35,"my_test_rsi2",7,0,0,1,"GTAG",NA,"ANCHOR_UNIQUE,CANONICAL,CIRCULAR,PERFECT_EXT,UNAMBIGUOUS_BP"
"3070","NW_017739270.1",788230,790922,"rsi_circ_004471",2,"+",1,2,40,5,"my_test_rsi2",2,0,0,1,"GTAG",NA,"ANCHOR_UNIQUE,CANONICAL,CIRCULAR,PERFECT_EXT,UNAMBIGUOUS_BP"
"3071","NW_017738929.1",3799146,3819976,"rsi_circ_004474",2,"-",2,2,35,40,"my_test_rsi2",2,0,0,1,"GTAG",NA,"ANCHOR_UNIQUE,CANONICAL,CIRCULAR,PERFECT_EXT,UNAMBIGUOUS_BP"
"3072","NW_017738936.1",3911371,3924441,"rsi_circ_004475",2,"-",2,1,5,40,"my_test_rsi2",2,0,0,1,"GTAG",NA,"ANCHOR_UNIQUE,CANONICAL,CIRCULAR,PERFECT_EXT,UNAMBIGUOUS_BP"
"3073","NW_017739099.1",2203555,2205478,"rsi_circ_004478",376,"-",116,352,40,40,"my_test_rsi2",376,0,0,1,"GTAG",NA,"ANCHOR_UNIQUE,CANONICAL,CIRCULAR,PERFECT_EXT,UNAMBIGUOUS_BP"
"3074","NW_017738959.1",2315412,2323258,"rsi_circ_004479",4,"+",4,3,40,40,"my_test_rsi2",4,0,0,1,"GTAG",NA,"ANCHOR_UNIQUE,CANONICAL,CIRCULAR,PERFECT_EXT,UNAMBIGUOUS_BP"
"3075","NW_017739606.1",35112,48737,"rsi_circ_004480",2,"+",2,1,40,40,"my_test_rsi2",2,1,0,1,"GTAG",NA,"ANCHOR_UNIQUE,CANONICAL,CIRCULAR,GOOD_EXT,UNAMBIGUOUS_BP"
"3076","NW_017739016.1",4175352,4185373,"rsi_circ_004481",2,"+",2,2,40,40,"my_test_rsi2",2,0,0,1,"GTAG",NA,"ANCHOR_UNIQUE,CANONICAL,CIRCULAR,PERFECT_EXT,UNAMBIGUOUS_BP"
"3077","NW_017739337.1",1568858,1595585,"rsi_circ_004483",7,"-",3,7,40,40,"my_test_rsi2",7,0,0,1,"GTAG",NA,"ANCHOR_UNIQUE,CANONICAL,CIRCULAR,PERFECT_EXT,UNAMBIGUOUS_BP"
"3078","NW_017738979.1",7125953,7126188,"rsi_circ_004484",8,"-",4,8,40,40,"my_test_rsi2",8,0,0,1,"GTAG",NA,"ANCHOR_UNIQUE,CANONICAL,CIRCULAR,PERFECT_EXT,UNAMBIGUOUS_BP"
"3079","NW_017739388.1",1354694,1383816,"rsi_circ_004486",2,"-",1,2,40,5,"my_test_rsi2",2,1,0,1,"GTAG",NA,"ANCHOR_UNIQUE,CANONICAL,CIRCULAR,GOOD_EXT,UNAMBIGUOUS_BP"
"3080","NW_017739146.1",1237021,1254304,"rsi_circ_004487",3,"+",2,3,40,40,"my_test_rsi2",3,0,0,1,"GTAG",NA,"ANCHOR_UNIQUE,CANONICAL,CIRCULAR,PERFECT_EXT,UNAMBIGUOUS_BP"
"3081","NW_017738945.1",301261,319857,"rsi_circ_004490",5,"+",3,5,40,40,"my_test_rsi2",5,1,0,1,"GTAG",NA,"ANCHOR_UNIQUE,CANONICAL,CIRCULAR,GOOD_EXT,UNAMBIGUOUS_BP"
"3082","NW_017739080.1",328774,337318,"rsi_circ_004491",2,"-",2,2,40,40,"my_test_rsi2",2,0,0,1,"GTAG",NA,"ANCHOR_UNIQUE,CANONICAL,CIRCULAR,PERFECT_EXT,UNAMBIGUOUS_BP"
"3083","NW_017739390.1",1328047,1334793,"rsi_circ_004492",3,"+",2,3,5,40,"my_test_rsi2",3,0,0,1,"GTAG",NA,"ANCHOR_UNIQUE,CANONICAL,CIRCULAR,PERFECT_EXT,UNAMBIGUOUS_BP"
"3084","NW_017739059.1",1936735,1949982,"rsi_circ_004493",2,"+",1,2,40,5,"my_test_rsi2",2,0,0,1,"GTAG",NA,"ANCHOR_UNIQUE,CANONICAL,CIRCULAR,PERFECT_EXT,UNAMBIGUOUS_BP"
"3085","NW_017739108.1",634894,649895,"rsi_circ_004494",8,"+",3,8,35,40,"my_test_rsi2",8,0,0,1,"GTAG",NA,"ANCHOR_UNIQUE,CANONICAL,CIRCULAR,PERFECT_EXT,UNAMBIGUOUS_BP"
"3086","NW_017738922.1",6938244,6938685,"rsi_circ_004495",4,"+",1,4,40,5,"my_test_rsi2",4,0,0,1,"GTAG",NA,"ANCHOR_UNIQUE,CANONICAL,CIRCULAR,PERFECT_EXT,UNAMBIGUOUS_BP"
"3087","NW_017739237.1",1682603,1728651,"rsi_circ_004496",2,"+",1,2,40,35,"my_test_rsi2",2,1,0,1,"GTAG",NA,"ANCHOR_UNIQUE,CANONICAL,CIRCULAR,GOOD_EXT,UNAMBIGUOUS_BP"
"3088","NW_017738992.1",3752454,3793163,"rsi_circ_004498",5,"+",4,5,40,40,"my_test_rsi2",5,0,0,1,"GTAG",NA,"ANCHOR_UNIQUE,CANONICAL,CIRCULAR,PERFECT_EXT,UNAMBIGUOUS_BP"
"3089","NW_017739128.1",199054,213576,"rsi_circ_004499",7,"-",4,7,40,40,"my_test_rsi2",7,0,0,1,"GTAG",NA,"ANCHOR_UNIQUE,CANONICAL,CIRCULAR,PERFECT_EXT,UNAMBIGUOUS_BP"
"3090","NW_017739056.1",1538647,1546445,"rsi_circ_004502",5,"-",3,5,40,40,"my_test_rsi2",5,0,0,1,"GTAG",NA,"ANCHOR_UNIQUE,CANONICAL,CIRCULAR,PERFECT_EXT,UNAMBIGUOUS_BP"
"3091","NW_017739076.1",2064533,2108487,"rsi_circ_004503",3,"+",1,3,40,5,"my_test_rsi2",3,0,0,1,"GTAG",NA,"ANCHOR_UNIQUE,CANONICAL,CIRCULAR,PERFECT_EXT,UNAMBIGUOUS_BP"
"3092","NW_017739583.1",5306,7961,"rsi_circ_004504",2,"-",2,2,5,35,"my_test_rsi2",2,0,0,1,"GTAG",NA,"ANCHOR_UNIQUE,CANONICAL,CIRCULAR,PERFECT_EXT,UNAMBIGUOUS_BP"
"3093","NW_017739146.1",1665212,1671431,"rsi_circ_004505",2,"-",2,2,40,37,"my_test_rsi2",2,0,0,1,"GTAG",NA,"ANCHOR_UNIQUE,CANONICAL,CIRCULAR,PERFECT_EXT,UNAMBIGUOUS_BP"
"3094","NW_017739004.1",7829516,7917516,"rsi_circ_004506",2,"+",1,2,40,5,"my_test_rsi2",2,1,0,1,"GTAG",NA,"ANCHOR_UNIQUE,CANONICAL,CIRCULAR,GOOD_EXT,UNAMBIGUOUS_BP"
"3095","NW_017739097.1",2198625,2201629,"rsi_circ_004508",5,"+",4,4,40,40,"my_test_rsi2",5,0,0,1,"GTAG",NA,"ANCHOR_UNIQUE,CANONICAL,CIRCULAR,PERFECT_EXT,UNAMBIGUOUS_BP"
"3096","NW_017739521.1",255029,270364,"rsi_circ_004511",2,"-",1,2,40,35,"my_test_rsi2",2,0,0,1,"GTAG",NA,"ANCHOR_UNIQUE,CANONICAL,CIRCULAR,PERFECT_EXT,UNAMBIGUOUS_BP"
"3097","NW_017739127.1",1532002,1533541,"rsi_circ_004512",2,"-",2,2,35,40,"my_test_rsi2",2,1,0,1,"GTAG",NA,"ANCHOR_UNIQUE,CANONICAL,CIRCULAR,GOOD_EXT,UNAMBIGUOUS_BP"
"3098","NW_017739016.1",9168680,9173628,"rsi_circ_004513",2,"-",2,2,40,40,"my_test_rsi2",2,0,0,1,"GTAG",NA,"ANCHOR_UNIQUE,CANONICAL,CIRCULAR,PERFECT_EXT,UNAMBIGUOUS_BP"
"3099","NW_017738946.1",3917358,3919286,"rsi_circ_004514",18,"-",9,17,40,40,"my_test_rsi2",18,0,0,1,"GTAG",NA,"ANCHOR_UNIQUE,CANONICAL,CIRCULAR,PERFECT_EXT,UNAMBIGUOUS_BP"
"3100","NW_017740589.1",24371,24573,"rsi_circ_004515",2,"+",1,2,40,40,"my_test_rsi2",2,2,0,1,"GTAG",NA,"ANCHOR_UNIQUE,CANONICAL,CIRCULAR,OK_EXT,UNAMBIGUOUS_BP"
"3101","NW_017738967.1",5308286,5312723,"rsi_circ_004517",5,"-",5,5,40,40,"my_test_rsi2",5,0,0,1,"GTAG",NA,"ANCHOR_UNIQUE,CANONICAL,CIRCULAR,PERFECT_EXT,UNAMBIGUOUS_BP"
"3102","NW_017739244.1",661750,686356,"rsi_circ_004518",7,"+",3,7,40,40,"my_test_rsi2",7,0,0,1,"GTAG",NA,"ANCHOR_UNIQUE,CANONICAL,CIRCULAR,PERFECT_EXT,UNAMBIGUOUS_BP"
"3103","NW_017738965.1",3365582,3373730,"rsi_circ_004519",9,"-",6,9,40,40,"my_test_rsi2",9,1,0,1,"GTAG",NA,"ANCHOR_UNIQUE,CANONICAL,CIRCULAR,GOOD_EXT,UNAMBIGUOUS_BP"
"3104","NW_017739074.1",1230105,1235938,"rsi_circ_004520",4,"+",2,4,40,40,"my_test_rsi2",4,0,0,1,"GTAG",NA,"ANCHOR_UNIQUE,CANONICAL,CIRCULAR,PERFECT_EXT,UNAMBIGUOUS_BP"
"3105","NW_017739001.1",782661,808667,"rsi_circ_004521",12,"-",6,12,40,40,"my_test_rsi2",12,0,0,1,"GTAG",NA,"ANCHOR_UNIQUE,CANONICAL,CIRCULAR,PERFECT_EXT,UNAMBIGUOUS_BP"
"3106","NW_017739012.1",1751257,1752805,"rsi_circ_004522",11,"-",5,11,40,40,"my_test_rsi2",11,0,0,1,"GTAG",NA,"ANCHOR_UNIQUE,CANONICAL,CIRCULAR,PERFECT_EXT,UNAMBIGUOUS_BP"
"3107","NW_017738968.1",9473985,9516091,"rsi_circ_004523",5,"+",1,5,40,40,"my_test_rsi2",5,1,0,1,"GTAG",NA,"ANCHOR_UNIQUE,CANONICAL,CIRCULAR,GOOD_EXT,UNAMBIGUOUS_BP"
"3108","NW_017739446.1",511633,538032,"rsi_circ_004524",4,"-",2,4,40,5,"my_test_rsi2",4,0,0,1,"GTAG",NA,"ANCHOR_UNIQUE,CANONICAL,CIRCULAR,PERFECT_EXT,UNAMBIGUOUS_BP"
"3109","NW_017738990.1",5343926,5344237,"rsi_circ_004525",2,"+",2,2,40,40,"my_test_rsi2",2,1,0,1,"GTAG",NA,"ANCHOR_UNIQUE,CANONICAL,CIRCULAR,GOOD_EXT,UNAMBIGUOUS_BP"
"3110","NW_017739012.1",1751257,1762625,"rsi_circ_004526",6,"-",5,6,40,40,"my_test_rsi2",6,0,0,1,"GTAG",NA,"ANCHOR_UNIQUE,CANONICAL,CIRCULAR,PERFECT_EXT,UNAMBIGUOUS_BP"
"3111","NW_017739063.1",876562,883248,"rsi_circ_004528",5,"-",4,3,40,40,"my_test_rsi2",5,0,0,1,"GTAG",NA,"ANCHOR_UNIQUE,CANONICAL,CIRCULAR,PERFECT_EXT,UNAMBIGUOUS_BP"
"3112","NW_017739145.1",1492019,1492590,"rsi_circ_004529",3,"-",1,3,40,40,"my_test_rsi2",3,1,0,1,"GTAG",NA,"ANCHOR_UNIQUE,CANONICAL,CIRCULAR,GOOD_EXT,UNAMBIGUOUS_BP"
"3113","NW_017739133.1",104121,119732,"rsi_circ_004530",3,"-",3,2,40,35,"my_test_rsi2",3,2,0,1,"GTAG",NA,"ANCHOR_UNIQUE,CANONICAL,CIRCULAR,OK_EXT,UNAMBIGUOUS_BP"
"3114","NW_017739071.1",3395193,3397300,"rsi_circ_004531",14,"+",8,14,40,40,"my_test_rsi2",14,0,0,1,"GTAG",NA,"ANCHOR_UNIQUE,CANONICAL,CIRCULAR,PERFECT_EXT,UNAMBIGUOUS_BP"
"3115","NW_017739024.1",1072789,1073051,"rsi_circ_004532",11,"+",8,11,40,40,"my_test_rsi2",11,0,0,1,"GTAG",NA,"ANCHOR_UNIQUE,CANONICAL,CIRCULAR,PERFECT_EXT,UNAMBIGUOUS_BP"
"3116","NW_017739182.1",527785,543906,"rsi_circ_004534",8,"+",4,8,40,40,"my_test_rsi2",8,0,0,1,"GTAG",NA,"ANCHOR_UNIQUE,CANONICAL,CIRCULAR,PERFECT_EXT,UNAMBIGUOUS_BP"
"3117","NW_017739366.1",1659561,1663278,"rsi_circ_004535",4,"+",2,4,40,5,"my_test_rsi2",4,0,0,1,"GTAG",NA,"ANCHOR_UNIQUE,CANONICAL,CIRCULAR,PERFECT_EXT,UNAMBIGUOUS_BP"
"3118","NW_017739576.1",593902,607037,"rsi_circ_004536",75,"+",30,75,40,40,"my_test_rsi2",75,0,0,1,"GTAG",NA,"ANCHOR_UNIQUE,CANONICAL,CIRCULAR,PERFECT_EXT,UNAMBIGUOUS_BP"
"3119","NW_017739440.1",938510,951117,"rsi_circ_004538",20,"-",8,20,40,40,"my_test_rsi2",20,0,0,1,"GTAG",NA,"ANCHOR_UNIQUE,CANONICAL,CIRCULAR,PERFECT_EXT,UNAMBIGUOUS_BP"
"3120","NW_017738932.1",7177022,7188798,"rsi_circ_004541",2,"+",1,2,40,40,"my_test_rsi2",2,0,0,1,"GTAG",NA,"ANCHOR_UNIQUE,CANONICAL,CIRCULAR,PERFECT_EXT,UNAMBIGUOUS_BP"
"3121","NW_017739358.1",352379,377513,"rsi_circ_004542",2,"+",2,2,40,40,"my_test_rsi2",2,0,0,1,"GTAG",NA,"ANCHOR_UNIQUE,CANONICAL,CIRCULAR,PERFECT_EXT,UNAMBIGUOUS_BP"
"3122","NW_017738927.1",1710503,1732109,"rsi_circ_004544",7,"+",5,7,40,40,"my_test_rsi2",7,0,0,1,"GTAG",NA,"ANCHOR_UNIQUE,CANONICAL,CIRCULAR,PERFECT_EXT,UNAMBIGUOUS_BP"
"3123","NW_017738946.1",5194202,5271782,"rsi_circ_004545",37,"+",22,37,40,40,"my_test_rsi2",37,0,0,1,"GTAG",NA,"ANCHOR_UNIQUE,CANONICAL,CIRCULAR,PERFECT_EXT,UNAMBIGUOUS_BP"
"3124","NW_017739484.1",733905,735244,"rsi_circ_004546",2,"+",1,2,5,5,"my_test_rsi2",2,1,0,1,"GTAG",NA,"ANCHOR_UNIQUE,CANONICAL,CIRCULAR,GOOD_EXT,UNAMBIGUOUS_BP"
"3125","NW_017738953.1",4742606,4747321,"rsi_circ_004547",2,"+",1,2,40,40,"my_test_rsi2",2,0,0,1,"GTAG",NA,"ANCHOR_UNIQUE,CANONICAL,CIRCULAR,PERFECT_EXT,UNAMBIGUOUS_BP"
"3126","NW_017739178.1",2022125,2026334,"rsi_circ_004548",5,"-",5,5,40,40,"my_test_rsi2",5,0,0,1,"GTAG",NA,"ANCHOR_UNIQUE,CANONICAL,CIRCULAR,PERFECT_EXT,UNAMBIGUOUS_BP"
"3127","NW_017739094.1",103444,112159,"rsi_circ_004549",6,"-",4,6,40,40,"my_test_rsi2",6,0,0,1,"GTAG",NA,"ANCHOR_UNIQUE,CANONICAL,CIRCULAR,PERFECT_EXT,UNAMBIGUOUS_BP"
"3128","NW_017739668.1",43382,43779,"rsi_circ_004550",6,"-",2,6,40,40,"my_test_rsi2",6,1,0,1,"GTAG",NA,"ANCHOR_UNIQUE,CANONICAL,CIRCULAR,GOOD_EXT,UNAMBIGUOUS_BP"
"3129","NW_017738950.1",5807051,5846461,"rsi_circ_004551",44,"-",24,42,40,40,"my_test_rsi2",44,0,0,1,"GTAG",NA,"ANCHOR_UNIQUE,CANONICAL,CIRCULAR,PERFECT_EXT,UNAMBIGUOUS_BP"
"3130","NW_017738926.1",2274675,2288018,"rsi_circ_004554",2,"-",1,2,40,40,"my_test_rsi2",2,0,0,1,"GTAG",NA,"ANCHOR_UNIQUE,CANONICAL,CIRCULAR,PERFECT_EXT,UNAMBIGUOUS_BP"
"3131","NW_017739356.1",504708,511341,"rsi_circ_004556",22,"+",12,22,40,40,"my_test_rsi2",22,0,0,1,"GTAG",NA,"ANCHOR_UNIQUE,CANONICAL,CIRCULAR,PERFECT_EXT,UNAMBIGUOUS_BP"
"3132","NW_017738972.1",2551008,2583554,"rsi_circ_004557",2,"-",1,2,5,5,"my_test_rsi2",2,1,0,1,"GTAG",NA,"ANCHOR_UNIQUE,CANONICAL,CIRCULAR,GOOD_EXT,UNAMBIGUOUS_BP"
"3133","NW_017739390.1",907602,913835,"rsi_circ_004558",5,"-",3,5,40,40,"my_test_rsi2",5,0,0,1,"GTAG",NA,"ANCHOR_UNIQUE,CANONICAL,CIRCULAR,PERFECT_EXT,UNAMBIGUOUS_BP"
"3134","NW_017739384.1",1126776,1131567,"rsi_circ_004559",4,"-",3,3,5,37,"my_test_rsi2",4,0,0,1,"GTAG",NA,"ANCHOR_UNIQUE,CANONICAL,CIRCULAR,PERFECT_EXT,UNAMBIGUOUS_BP"
"3135","NW_017738963.1",1000516,1058816,"rsi_circ_004562",3,"+",1,3,40,5,"my_test_rsi2",3,0,0,1,"GTAG",NA,"ANCHOR_UNIQUE,CANONICAL,CIRCULAR,PERFECT_EXT,UNAMBIGUOUS_BP"
"3136","NW_017739185.1",4343791,4392688,"rsi_circ_004563",2,"-",2,2,40,40,"my_test_rsi2",2,0,0,1,"GTAG",NA,"ANCHOR_UNIQUE,CANONICAL,CIRCULAR,PERFECT_EXT,UNAMBIGUOUS_BP"
"3137","NW_017739073.1",2583591,2596186,"rsi_circ_004564",2,"-",1,2,40,5,"my_test_rsi2",2,0,0,1,"GTAG",NA,"ANCHOR_UNIQUE,CANONICAL,CIRCULAR,PERFECT_EXT,UNAMBIGUOUS_BP"
"3138","NW_017738923.1",15205275,15213975,"rsi_circ_004565",3,"+",1,3,40,40,"my_test_rsi2",3,1,0,1,"GTAG",NA,"ANCHOR_UNIQUE,CANONICAL,CIRCULAR,GOOD_EXT,UNAMBIGUOUS_BP"
"3139","NW_017739304.1",394671,397787,"rsi_circ_004567",3,"-",1,3,40,40,"my_test_rsi2",3,1,0,1,"GTAG",NA,"ANCHOR_UNIQUE,CANONICAL,CIRCULAR,GOOD_EXT,UNAMBIGUOUS_BP"
"3140","NW_017739011.1",3279538,3282511,"rsi_circ_004568",8,"+",6,8,40,40,"my_test_rsi2",8,1,0,1,"GTAG",NA,"ANCHOR_UNIQUE,CANONICAL,CIRCULAR,GOOD_EXT,UNAMBIGUOUS_BP"
"3141","NW_017738943.1",11635076,11642889,"rsi_circ_004570",2,"+",1,2,5,40,"my_test_rsi2",2,0,0,1,"GTAG",NA,"ANCHOR_UNIQUE,CANONICAL,CIRCULAR,PERFECT_EXT,UNAMBIGUOUS_BP"
"3142","NW_017739180.1",940403,945957,"rsi_circ_004572",2,"+",2,2,40,40,"my_test_rsi2",2,0,0,1,"GTAG",NA,"ANCHOR_UNIQUE,CANONICAL,CIRCULAR,PERFECT_EXT,UNAMBIGUOUS_BP"
"3143","NW_017739437.1",1064948,1065121,"rsi_circ_004573",6,"+",2,6,40,40,"my_test_rsi2",6,1,0,1,"GTAG",NA,"ANCHOR_UNIQUE,CANONICAL,CIRCULAR,GOOD_EXT,UNAMBIGUOUS_BP"
"3144","NW_017739267.1",203795,217754,"rsi_circ_004575",5,"+",2,5,40,40,"my_test_rsi2",5,0,0,1,"GTAG",NA,"ANCHOR_UNIQUE,CANONICAL,CIRCULAR,PERFECT_EXT,UNAMBIGUOUS_BP"
"3145","NW_017738991.1",2183051,2192463,"rsi_circ_004576",4,"+",1,4,40,5,"my_test_rsi2",4,1,0,1,"GTAG",NA,"ANCHOR_UNIQUE,CANONICAL,CIRCULAR,GOOD_EXT,UNAMBIGUOUS_BP"
"3146","NW_017739125.1",2160306,2226974,"rsi_circ_004579",2,"+",2,2,40,40,"my_test_rsi2",2,0,0,1,"GTAG",NA,"ANCHOR_UNIQUE,CANONICAL,CIRCULAR,PERFECT_EXT,UNAMBIGUOUS_BP"
"3147","NW_017738982.1",1008947,1021971,"rsi_circ_004580",2,"-",2,2,40,5,"my_test_rsi2",2,0,0,1,"GTAG",NA,"ANCHOR_UNIQUE,CANONICAL,CIRCULAR,PERFECT_EXT,UNAMBIGUOUS_BP"
"3148","NW_017738927.1",6641065,6661225,"rsi_circ_004581",7,"-",4,4,40,40,"my_test_rsi2",7,0,0,1,"GTAG",NA,"ANCHOR_UNIQUE,CANONICAL,CIRCULAR,PERFECT_EXT,UNAMBIGUOUS_BP"
"3149","NW_017739078.1",908866,910753,"rsi_circ_004582",2,"+",1,2,40,40,"my_test_rsi2",2,0,0,1,"GTAG",NA,"ANCHOR_UNIQUE,CANONICAL,CIRCULAR,PERFECT_EXT,UNAMBIGUOUS_BP"
"3150","NW_017738977.1",3949854,3952492,"rsi_circ_004583",6,"+",2,6,40,40,"my_test_rsi2",6,0,0,1,"GTAG",NA,"ANCHOR_UNIQUE,CANONICAL,CIRCULAR,PERFECT_EXT,UNAMBIGUOUS_BP"
"3151","NW_017739356.1",466727,479632,"rsi_circ_004584",4,"+",2,4,40,40,"my_test_rsi2",4,0,0,1,"GTAG",NA,"ANCHOR_UNIQUE,CANONICAL,CIRCULAR,PERFECT_EXT,UNAMBIGUOUS_BP"
"3152","NW_017739076.1",2168520,2174723,"rsi_circ_004585",2,"-",1,2,5,5,"my_test_rsi2",2,0,0,1,"GTAG",NA,"ANCHOR_UNIQUE,CANONICAL,CIRCULAR,PERFECT_EXT,UNAMBIGUOUS_BP"
"3153","NW_017739473.1",1145604,1180171,"rsi_circ_004587",5,"-",3,5,40,5,"my_test_rsi2",5,0,0,1,"GTAG",NA,"ANCHOR_UNIQUE,CANONICAL,CIRCULAR,PERFECT_EXT,UNAMBIGUOUS_BP"
"3154","NW_017738993.1",3272806,3273249,"rsi_circ_004588",2,"+",1,2,40,40,"my_test_rsi2",2,2,0,1,"GTAG",NA,"ANCHOR_UNIQUE,CANONICAL,CIRCULAR,OK_EXT,UNAMBIGUOUS_BP"
"3155","NW_017738953.1",3230166,3287234,"rsi_circ_004589",6,"+",4,6,40,40,"my_test_rsi2",6,0,0,1,"GTAG",NA,"ANCHOR_UNIQUE,CANONICAL,CIRCULAR,PERFECT_EXT,UNAMBIGUOUS_BP"
"3156","NW_017739390.1",1328047,1330590,"rsi_circ_004592",8,"+",5,8,40,40,"my_test_rsi2",8,0,0,1,"GTAG",NA,"ANCHOR_UNIQUE,CANONICAL,CIRCULAR,PERFECT_EXT,UNAMBIGUOUS_BP"
"3157","NW_017739553.1",161043,172978,"rsi_circ_004593",3,"+",2,3,40,40,"my_test_rsi2",3,1,0,1,"GTAG",NA,"ANCHOR_UNIQUE,CANONICAL,CIRCULAR,GOOD_EXT,UNAMBIGUOUS_BP"
"3158","NW_017739519.1",605634,616680,"rsi_circ_004594",4,"-",2,4,40,40,"my_test_rsi2",4,0,0,1,"GTAG",NA,"ANCHOR_UNIQUE,CANONICAL,CIRCULAR,PERFECT_EXT,UNAMBIGUOUS_BP"
"3159","NW_017739030.1",2074737,2081823,"rsi_circ_004596",5,"+",4,5,5,40,"my_test_rsi2",5,0,0,1,"GTAG",NA,"ANCHOR_UNIQUE,CANONICAL,CIRCULAR,PERFECT_EXT,UNAMBIGUOUS_BP"
"3160","NW_017739486.1",904165,914091,"rsi_circ_004597",2,"-",1,2,40,5,"my_test_rsi2",2,0,0,1,"GTAG",NA,"ANCHOR_UNIQUE,CANONICAL,CIRCULAR,PERFECT_EXT,UNAMBIGUOUS_BP"
"3161","NW_017739116.1",5421807,5427987,"rsi_circ_004598",4,"-",2,4,40,40,"my_test_rsi2",4,0,0,1,"GTAG",NA,"ANCHOR_UNIQUE,CANONICAL,CIRCULAR,PERFECT_EXT,UNAMBIGUOUS_BP"
"3162","NW_017739687.1",304743,318082,"rsi_circ_004599",2,"-",2,2,5,40,"my_test_rsi2",2,0,0,1,"GTAG",NA,"ANCHOR_UNIQUE,CANONICAL,CIRCULAR,PERFECT_EXT,UNAMBIGUOUS_BP"
"3163","NW_017738954.1",4696175,4705629,"rsi_circ_004600",3,"+",1,3,40,40,"my_test_rsi2",3,0,0,1,"GTAG",NA,"ANCHOR_UNIQUE,CANONICAL,CIRCULAR,PERFECT_EXT,UNAMBIGUOUS_BP"
"3164","NW_017739372.1",1102074,1103360,"rsi_circ_004601",3,"-",2,2,4,40,"my_test_rsi2",3,0,0,1,"GTAG",NA,"ANCHOR_UNIQUE,CANONICAL,CIRCULAR,PERFECT_EXT,UNAMBIGUOUS_BP"
"3165","NW_017738986.1",4212382,4218691,"rsi_circ_004602",3,"+",2,3,40,40,"my_test_rsi2",3,0,0,1,"GTAG",NA,"ANCHOR_UNIQUE,CANONICAL,CIRCULAR,PERFECT_EXT,UNAMBIGUOUS_BP"
"3166","NW_017739161.1",1505083,1509925,"rsi_circ_004603",24,"-",14,23,40,40,"my_test_rsi2",24,0,0,1,"GTAG",NA,"ANCHOR_UNIQUE,CANONICAL,CIRCULAR,PERFECT_EXT,UNAMBIGUOUS_BP"
"3167","NW_017739772.1",354223,360047,"rsi_circ_004604",9,"+",5,9,40,40,"my_test_rsi2",9,0,0,1,"GTAG",NA,"ANCHOR_UNIQUE,CANONICAL,CIRCULAR,PERFECT_EXT,UNAMBIGUOUS_BP"
"3168","NW_017738947.1",3589870,3590171,"rsi_circ_004605",12,"+",5,12,40,40,"my_test_rsi2",12,0,0,1,"GTAG",NA,"ANCHOR_UNIQUE,CANONICAL,CIRCULAR,PERFECT_EXT,UNAMBIGUOUS_BP"
"3169","NW_017739401.1",562050,579442,"rsi_circ_004606",8,"+",7,8,40,40,"my_test_rsi2",8,0,0,1,"GTAG",NA,"ANCHOR_UNIQUE,CANONICAL,CIRCULAR,PERFECT_EXT,UNAMBIGUOUS_BP"
"3170","NW_017738943.1",13314354,13318741,"rsi_circ_004607",4,"+",1,4,40,5,"my_test_rsi2",4,2,0,1,"GTAG",NA,"ANCHOR_UNIQUE,CANONICAL,CIRCULAR,OK_EXT,UNAMBIGUOUS_BP"
"3171","NW_017739172.1",816687,818243,"rsi_circ_004608",2,"-",1,2,40,35,"my_test_rsi2",2,1,0,1,"GTAG",NA,"ANCHOR_UNIQUE,CANONICAL,CIRCULAR,GOOD_EXT,UNAMBIGUOUS_BP"
"3172","NW_017739004.1",8120224,8186171,"rsi_circ_004609",5,"+",1,5,40,40,"my_test_rsi2",5,0,0,1,"GTAG",NA,"ANCHOR_UNIQUE,CANONICAL,CIRCULAR,PERFECT_EXT,UNAMBIGUOUS_BP"
"3173","NW_017739697.1",261585,292132,"rsi_circ_004610",4,"+",3,4,40,40,"my_test_rsi2",4,2,0,1,"GTAG",NA,"ANCHOR_UNIQUE,CANONICAL,CIRCULAR,OK_EXT,UNAMBIGUOUS_BP"
"3174","NW_017739278.1",1127871,1128298,"rsi_circ_004611",2,"-",1,2,40,35,"my_test_rsi2",2,0,0,1,"GTAG",NA,"ANCHOR_UNIQUE,CANONICAL,CIRCULAR,PERFECT_EXT,UNAMBIGUOUS_BP"
"3175","NW_017739386.1",509147,532589,"rsi_circ_004613",5,"-",3,5,40,40,"my_test_rsi2",5,0,0,1,"GTAG",NA,"ANCHOR_UNIQUE,CANONICAL,CIRCULAR,PERFECT_EXT,UNAMBIGUOUS_BP"
"3176","NW_017739001.1",3655034,3666582,"rsi_circ_004614",7,"-",5,7,40,5,"my_test_rsi2",7,0,0,1,"GTAG",NA,"ANCHOR_UNIQUE,CANONICAL,CIRCULAR,PERFECT_EXT,UNAMBIGUOUS_BP"
"3177","NW_017739656.1",150702,152752,"rsi_circ_004615",2,"+",1,2,5,5,"my_test_rsi2",2,0,0,1,"GTAG",NA,"ANCHOR_UNIQUE,CANONICAL,CIRCULAR,PERFECT_EXT,UNAMBIGUOUS_BP"
"3178","NW_017739290.1",144956,160656,"rsi_circ_004616",3,"+",1,3,40,40,"my_test_rsi2",3,0,0,1,"GTAG",NA,"ANCHOR_UNIQUE,CANONICAL,CIRCULAR,PERFECT_EXT,UNAMBIGUOUS_BP"
"3179","NW_017739634.1",408735,416938,"rsi_circ_004618",25,"-",8,23,40,40,"my_test_rsi2",25,0,0,1,"GTAG",NA,"ANCHOR_UNIQUE,CANONICAL,CIRCULAR,PERFECT_EXT,UNAMBIGUOUS_BP"
"3180","NW_017739010.1",4575153,4603393,"rsi_circ_004619",4,"-",3,4,40,40,"my_test_rsi2",4,1,0,1,"GTAG",NA,"ANCHOR_UNIQUE,CANONICAL,CIRCULAR,GOOD_EXT,UNAMBIGUOUS_BP"
"3181","NW_017739300.1",583559,585833,"rsi_circ_004620",8,"+",4,8,40,40,"my_test_rsi2",8,0,0,1,"GTAG",NA,"ANCHOR_UNIQUE,CANONICAL,CIRCULAR,PERFECT_EXT,UNAMBIGUOUS_BP"
"3182","NW_017738959.1",2313290,2316293,"rsi_circ_004621",14,"+",8,13,40,40,"my_test_rsi2",14,0,0,1,"GTAG",NA,"ANCHOR_UNIQUE,CANONICAL,CIRCULAR,PERFECT_EXT,UNAMBIGUOUS_BP"
"3183","NW_017739170.1",2437835,2442110,"rsi_circ_004623",17,"+",13,17,40,40,"my_test_rsi2",17,0,0,1,"GTAG",NA,"ANCHOR_UNIQUE,CANONICAL,CIRCULAR,PERFECT_EXT,UNAMBIGUOUS_BP"
"3184","NW_017738956.1",4247028,4247296,"rsi_circ_004624",2,"-",1,2,40,40,"my_test_rsi2",2,0,0,1,"GTAG",NA,"ANCHOR_UNIQUE,CANONICAL,CIRCULAR,PERFECT_EXT,UNAMBIGUOUS_BP"
"3185","NW_017739290.1",157876,160656,"rsi_circ_004627",3,"+",2,3,40,40,"my_test_rsi2",3,0,0,1,"GTAG",NA,"ANCHOR_UNIQUE,CANONICAL,CIRCULAR,PERFECT_EXT,UNAMBIGUOUS_BP"
"3186","NW_017738950.1",5807051,5824047,"rsi_circ_004629",3,"-",2,3,40,40,"my_test_rsi2",3,1,0,1,"GTAG",NA,"ANCHOR_UNIQUE,CANONICAL,CIRCULAR,GOOD_EXT,UNAMBIGUOUS_BP"
"3187","NW_017739079.1",1097110,1098189,"rsi_circ_004633",2,"+",1,2,5,5,"my_test_rsi2",2,1,0,1,"GTAG",NA,"ANCHOR_UNIQUE,CANONICAL,CIRCULAR,GOOD_EXT,UNAMBIGUOUS_BP"
"3188","NW_017738940.1",7333502,7394832,"rsi_circ_004634",2,"-",1,2,5,5,"my_test_rsi2",2,1,0,1,"GTAG",NA,"ANCHOR_UNIQUE,CANONICAL,CIRCULAR,GOOD_EXT,UNAMBIGUOUS_BP"
"3189","NW_017739245.1",734771,736964,"rsi_circ_004635",9,"-",5,9,40,40,"my_test_rsi2",9,1,0,1,"GTAG",NA,"ANCHOR_UNIQUE,CANONICAL,CIRCULAR,GOOD_EXT,UNAMBIGUOUS_BP"
"3190","NW_017739147.1",3349678,3356937,"rsi_circ_004636",13,"-",7,12,40,40,"my_test_rsi2",13,0,0,1,"GTAG",NA,"ANCHOR_UNIQUE,CANONICAL,CIRCULAR,PERFECT_EXT,UNAMBIGUOUS_BP"
"3191","NW_017738923.1",3241438,3304841,"rsi_circ_004640",2,"+",1,2,40,5,"my_test_rsi2",2,0,0,1,"GTAG",NA,"ANCHOR_UNIQUE,CANONICAL,CIRCULAR,PERFECT_EXT,UNAMBIGUOUS_BP"
"3192","NW_017738923.1",2384555,2385835,"rsi_circ_004641",18,"+",12,18,40,40,"my_test_rsi2",18,0,0,1,"GTAG",NA,"ANCHOR_UNIQUE,CANONICAL,CIRCULAR,PERFECT_EXT,UNAMBIGUOUS_BP"
"3193","NW_017739064.1",1741070,1744171,"rsi_circ_004645",4,"-",4,3,40,40,"my_test_rsi2",4,0,0,1,"GTAG",NA,"ANCHOR_UNIQUE,CANONICAL,CIRCULAR,PERFECT_EXT,UNAMBIGUOUS_BP"
"3194","NW_017739015.1",6988686,7038295,"rsi_circ_004646",2,"-",2,2,40,5,"my_test_rsi2",2,0,0,1,"GTAG",NA,"ANCHOR_UNIQUE,CANONICAL,CIRCULAR,PERFECT_EXT,UNAMBIGUOUS_BP"
"3195","NW_017739337.1",1555251,1595585,"rsi_circ_004647",6,"-",3,6,40,40,"my_test_rsi2",6,0,0,1,"GTAG",NA,"ANCHOR_UNIQUE,CANONICAL,CIRCULAR,PERFECT_EXT,UNAMBIGUOUS_BP"
"3196","NW_017738970.1",14880934,14882297,"rsi_circ_004649",18,"-",9,18,40,40,"my_test_rsi2",18,0,0,1,"GTAG",NA,"ANCHOR_UNIQUE,CANONICAL,CIRCULAR,PERFECT_EXT,UNAMBIGUOUS_BP"
"3197","NW_017739057.1",149412,157013,"rsi_circ_004651",8,"-",2,8,40,5,"my_test_rsi2",8,0,0,1,"GTAG",NA,"ANCHOR_UNIQUE,CANONICAL,CIRCULAR,PERFECT_EXT,UNAMBIGUOUS_BP"
"3198","NW_017739126.1",1276131,1280107,"rsi_circ_004654",8,"+",4,8,40,40,"my_test_rsi2",8,1,0,1,"GTAG",NA,"ANCHOR_UNIQUE,CANONICAL,CIRCULAR,GOOD_EXT,UNAMBIGUOUS_BP"
"3199","NW_017739082.1",1912259,1913515,"rsi_circ_004655",2,"-",2,2,40,40,"my_test_rsi2",2,0,0,1,"GTAG",NA,"ANCHOR_UNIQUE,CANONICAL,CIRCULAR,PERFECT_EXT,UNAMBIGUOUS_BP"
"3200","NW_017738979.1",4546194,4548771,"rsi_circ_004658",45,"-",24,45,40,40,"my_test_rsi2",45,1,0,1,"GTAG",NA,"ANCHOR_UNIQUE,CANONICAL,CIRCULAR,GOOD_EXT,UNAMBIGUOUS_BP"
"3201","NW_017739122.1",254223,309070,"rsi_circ_004659",5,"-",2,5,40,40,"my_test_rsi2",5,0,0,1,"GTAG",NA,"ANCHOR_UNIQUE,CANONICAL,CIRCULAR,PERFECT_EXT,UNAMBIGUOUS_BP"
"3202","NW_017739393.1",350791,356314,"rsi_circ_004660",2,"-",2,2,5,40,"my_test_rsi2",2,1,0,1,"GTAG",NA,"ANCHOR_UNIQUE,CANONICAL,CIRCULAR,GOOD_EXT,UNAMBIGUOUS_BP"
"3203","NW_017739425.1",577381,577741,"rsi_circ_004661",11,"+",9,8,40,40,"my_test_rsi2",11,0,0,1,"GTAG",NA,"ANCHOR_UNIQUE,CANONICAL,CIRCULAR,PERFECT_EXT,UNAMBIGUOUS_BP"
"3204","NW_017739593.1",120120,120604,"rsi_circ_004664",2,"+",2,2,40,40,"my_test_rsi2",2,0,0,1,"GTAG",NA,"ANCHOR_UNIQUE,CANONICAL,CIRCULAR,PERFECT_EXT,UNAMBIGUOUS_BP"
"3205","NW_017738920.1",2062074,2063903,"rsi_circ_004665",2,"+",1,2,40,5,"my_test_rsi2",2,1,0,1,"GTAG",NA,"ANCHOR_UNIQUE,CANONICAL,CIRCULAR,GOOD_EXT,UNAMBIGUOUS_BP"
"3206","NW_017739356.1",2416071,2436514,"rsi_circ_004666",2,"-",2,1,40,40,"my_test_rsi2",2,0,0,1,"GTAG",NA,"ANCHOR_UNIQUE,CANONICAL,CIRCULAR,PERFECT_EXT,UNAMBIGUOUS_BP"
"3207","NW_017739778.1",138080,145105,"rsi_circ_004667",2,"+",1,2,40,35,"my_test_rsi2",2,0,2,1,"GTAG",NA,"ANCHOR_UNIQUE,CANONICAL,CIRCULAR,OK_EXT,UNAMBIGUOUS_BP"
"3208","NW_017738980.1",2227088,2236330,"rsi_circ_004669",5,"-",2,5,40,40,"my_test_rsi2",5,0,0,1,"GTAG",NA,"ANCHOR_UNIQUE,CANONICAL,CIRCULAR,PERFECT_EXT,UNAMBIGUOUS_BP"
"3209","NW_017739777.1",95009,99077,"rsi_circ_004670",4,"+",2,4,5,40,"my_test_rsi2",4,1,0,1,"GTAG",NA,"ANCHOR_UNIQUE,CANONICAL,CIRCULAR,GOOD_EXT,UNAMBIGUOUS_BP"
"3210","NW_017739142.1",2811842,2817517,"rsi_circ_004671",2,"+",2,2,40,35,"my_test_rsi2",2,1,0,1,"GTAG",NA,"ANCHOR_UNIQUE,CANONICAL,CIRCULAR,GOOD_EXT,UNAMBIGUOUS_BP"
"3211","NW_017739095.1",1535341,1542355,"rsi_circ_004672",2,"+",2,1,40,5,"my_test_rsi2",2,0,0,1,"GTAG",NA,"ANCHOR_UNIQUE,CANONICAL,CIRCULAR,PERFECT_EXT,UNAMBIGUOUS_BP"
"3212","NW_017738940.1",1183027,1183201,"rsi_circ_004674",54,"-",32,54,40,40,"my_test_rsi2",54,0,0,1,"GTAG",NA,"ANCHOR_UNIQUE,CANONICAL,CIRCULAR,PERFECT_EXT,UNAMBIGUOUS_BP"
"3213","NW_017739111.1",155757,177979,"rsi_circ_004675",4,"+",1,4,5,5,"my_test_rsi2",4,0,0,1,"GTAG",NA,"ANCHOR_UNIQUE,CANONICAL,CIRCULAR,PERFECT_EXT,UNAMBIGUOUS_BP"
"3214","NW_017738979.1",2767820,2771540,"rsi_circ_004676",7,"+",4,7,40,40,"my_test_rsi2",7,0,0,1,"GTAG",NA,"ANCHOR_UNIQUE,CANONICAL,CIRCULAR,PERFECT_EXT,UNAMBIGUOUS_BP"
"3215","NW_017738925.1",9922726,9954295,"rsi_circ_004677",2,"-",2,2,35,35,"my_test_rsi2",2,0,0,1,"GTAG",NA,"ANCHOR_UNIQUE,CANONICAL,CIRCULAR,PERFECT_EXT,UNAMBIGUOUS_BP"
"3216","NW_017739645.1",239772,240798,"rsi_circ_004678",4,"-",4,4,40,40,"my_test_rsi2",4,1,0,1,"GTAG",NA,"ANCHOR_UNIQUE,CANONICAL,CIRCULAR,GOOD_EXT,UNAMBIGUOUS_BP"
"3217","NW_017739102.1",411853,413675,"rsi_circ_004679",3,"+",1,3,35,5,"my_test_rsi2",3,0,0,1,"GTAG",NA,"ANCHOR_UNIQUE,CANONICAL,CIRCULAR,PERFECT_EXT,UNAMBIGUOUS_BP"
"3218","NW_017739015.1",5281923,5297767,"rsi_circ_004681",8,"+",5,8,40,40,"my_test_rsi2",8,0,0,1,"GTAG",NA,"ANCHOR_UNIQUE,CANONICAL,CIRCULAR,PERFECT_EXT,UNAMBIGUOUS_BP"
"3219","NW_017739020.1",331506,347720,"rsi_circ_004682",2,"-",1,2,40,40,"my_test_rsi2",2,1,0,1,"GTAG",NA,"ANCHOR_UNIQUE,CANONICAL,CIRCULAR,GOOD_EXT,UNAMBIGUOUS_BP"
"3220","NW_017738975.1",5662860,5663734,"rsi_circ_004684",2,"-",2,2,40,40,"my_test_rsi2",2,0,0,1,"GTAG",NA,"ANCHOR_UNIQUE,CANONICAL,CIRCULAR,PERFECT_EXT,UNAMBIGUOUS_BP"
"3221","NW_017739002.1",2786462,2791327,"rsi_circ_004688",7,"-",4,7,40,40,"my_test_rsi2",7,0,0,1,"GTAG",NA,"ANCHOR_UNIQUE,CANONICAL,CIRCULAR,PERFECT_EXT,UNAMBIGUOUS_BP"
"3222","NW_017739462.1",150066,155912,"rsi_circ_004689",4,"-",2,4,40,5,"my_test_rsi2",4,2,0,1,"GTAG",NA,"ANCHOR_UNIQUE,CANONICAL,CIRCULAR,OK_EXT,UNAMBIGUOUS_BP"
"3223","NW_017738973.1",387932,392306,"rsi_circ_004690",3,"+",2,3,40,40,"my_test_rsi2",3,0,0,1,"GTAG",NA,"ANCHOR_UNIQUE,CANONICAL,CIRCULAR,PERFECT_EXT,UNAMBIGUOUS_BP"
"3224","NW_017738968.1",6881011,6908551,"rsi_circ_004691",2,"-",1,2,5,40,"my_test_rsi2",2,0,0,1,"GTAG",NA,"ANCHOR_UNIQUE,CANONICAL,CIRCULAR,PERFECT_EXT,UNAMBIGUOUS_BP"
"3225","NW_017738957.1",14610082,14625440,"rsi_circ_004696",4,"-",1,4,40,5,"my_test_rsi2",4,2,0,1,"GTAG",NA,"ANCHOR_UNIQUE,CANONICAL,CIRCULAR,OK_EXT,UNAMBIGUOUS_BP"
"3226","NW_017739284.1",801103,813162,"rsi_circ_004697",3,"-",1,3,40,5,"my_test_rsi2",3,0,0,1,"GTAG",NA,"ANCHOR_UNIQUE,CANONICAL,CIRCULAR,PERFECT_EXT,UNAMBIGUOUS_BP"
"3227","NW_017738948.1",8811954,8827869,"rsi_circ_004698",2,"+",1,2,40,40,"my_test_rsi2",2,1,0,1,"GTAG",NA,"ANCHOR_UNIQUE,CANONICAL,CIRCULAR,GOOD_EXT,UNAMBIGUOUS_BP"
"3228","NW_017739293.1",826297,833435,"rsi_circ_004699",4,"+",3,4,40,40,"my_test_rsi2",4,0,0,1,"GTAG",NA,"ANCHOR_UNIQUE,CANONICAL,CIRCULAR,PERFECT_EXT,UNAMBIGUOUS_BP"
"3229","NW_017739025.1",2681078,2702740,"rsi_circ_004700",2,"-",2,2,40,40,"my_test_rsi2",2,0,0,1,"GTAG",NA,"ANCHOR_UNIQUE,CANONICAL,CIRCULAR,PERFECT_EXT,UNAMBIGUOUS_BP"
"3230","NW_017739409.1",345801,349676,"rsi_circ_004701",13,"+",8,12,40,40,"my_test_rsi2",13,0,0,1,"GTAG",NA,"ANCHOR_UNIQUE,CANONICAL,CIRCULAR,PERFECT_EXT,UNAMBIGUOUS_BP"
"3231","NW_017739217.1",1568133,1578231,"rsi_circ_004702",2,"+",1,2,40,5,"my_test_rsi2",2,1,0,1,"GTAG",NA,"ANCHOR_UNIQUE,CANONICAL,CIRCULAR,GOOD_EXT,UNAMBIGUOUS_BP"
"3232","NW_017739260.1",2789812,2790688,"rsi_circ_004703",3,"+",2,3,40,40,"my_test_rsi2",3,1,0,1,"GTAG",NA,"ANCHOR_UNIQUE,CANONICAL,CIRCULAR,GOOD_EXT,UNAMBIGUOUS_BP"
"3233","NW_017738947.1",3362524,3369854,"rsi_circ_004704",3,"+",1,3,40,5,"my_test_rsi2",3,0,0,1,"GTAG",NA,"ANCHOR_UNIQUE,CANONICAL,CIRCULAR,PERFECT_EXT,UNAMBIGUOUS_BP"
"3234","NW_017739012.1",598707,606893,"rsi_circ_004706",4,"-",1,4,5,40,"my_test_rsi2",4,1,0,1,"GTAG",NA,"ANCHOR_UNIQUE,CANONICAL,CIRCULAR,GOOD_EXT,UNAMBIGUOUS_BP"
"3235","NW_017739630.1",518977,530037,"rsi_circ_004708",4,"-",4,3,40,40,"my_test_rsi2",4,0,0,1,"GTAG",NA,"ANCHOR_UNIQUE,CANONICAL,CIRCULAR,PERFECT_EXT,UNAMBIGUOUS_BP"
"3236","NW_017739638.1",29643,30363,"rsi_circ_004709",2,"+",2,2,5,40,"my_test_rsi2",2,1,0,1,"GTAG",NA,"ANCHOR_UNIQUE,CANONICAL,CIRCULAR,GOOD_EXT,UNAMBIGUOUS_BP"
"3237","NW_017739158.1",2556044,2567482,"rsi_circ_004711",5,"+",2,5,40,5,"my_test_rsi2",5,1,0,1,"GTAG",NA,"ANCHOR_UNIQUE,CANONICAL,CIRCULAR,GOOD_EXT,UNAMBIGUOUS_BP"
"3238","NW_017739244.1",2865636,2867799,"rsi_circ_004712",3,"+",1,3,5,5,"my_test_rsi2",3,1,0,1,"GTAG",NA,"ANCHOR_UNIQUE,CANONICAL,CIRCULAR,GOOD_EXT,UNAMBIGUOUS_BP"
"3239","NW_017739351.1",773506,787832,"rsi_circ_004713",8,"-",4,8,40,40,"my_test_rsi2",8,0,0,1,"GTAG",NA,"ANCHOR_UNIQUE,CANONICAL,CIRCULAR,PERFECT_EXT,UNAMBIGUOUS_BP"
"3240","NW_017739075.1",557369,574521,"rsi_circ_004717",5,"-",2,5,40,40,"my_test_rsi2",5,0,0,1,"GTAG",NA,"ANCHOR_UNIQUE,CANONICAL,CIRCULAR,PERFECT_EXT,UNAMBIGUOUS_BP"
"3241","NW_017739575.1",366285,385661,"rsi_circ_004718",2,"-",1,2,5,40,"my_test_rsi2",2,0,0,1,"GTAG",NA,"ANCHOR_UNIQUE,CANONICAL,CIRCULAR,PERFECT_EXT,UNAMBIGUOUS_BP"
"3242","NW_017739124.1",1361486,1372220,"rsi_circ_004719",3,"-",2,3,40,40,"my_test_rsi2",3,0,0,1,"GTAG",NA,"ANCHOR_UNIQUE,CANONICAL,CIRCULAR,PERFECT_EXT,UNAMBIGUOUS_BP"
"3243","NW_017739316.1",84986,89830,"rsi_circ_004725",6,"-",2,6,40,37,"my_test_rsi2",6,0,0,1,"GTAG",NA,"ANCHOR_UNIQUE,CANONICAL,CIRCULAR,PERFECT_EXT,UNAMBIGUOUS_BP"
"3244","NW_017739020.1",1829309,1841413,"rsi_circ_004727",4,"+",2,4,40,40,"my_test_rsi2",4,0,0,1,"GTAG",NA,"ANCHOR_UNIQUE,CANONICAL,CIRCULAR,PERFECT_EXT,UNAMBIGUOUS_BP"
"3245","NW_017738946.1",5194202,5265833,"rsi_circ_004728",54,"+",22,54,40,40,"my_test_rsi2",54,0,0,1,"GTAG",NA,"ANCHOR_UNIQUE,CANONICAL,CIRCULAR,PERFECT_EXT,UNAMBIGUOUS_BP"
"3246","NW_017739147.1",3974760,3978778,"rsi_circ_004729",9,"+",4,9,40,40,"my_test_rsi2",9,0,0,1,"GTAG",NA,"ANCHOR_UNIQUE,CANONICAL,CIRCULAR,PERFECT_EXT,UNAMBIGUOUS_BP"
"3247","NW_017739177.1",2612255,2615499,"rsi_circ_004732",5,"-",2,5,40,40,"my_test_rsi2",5,0,0,1,"GTAG",NA,"ANCHOR_UNIQUE,CANONICAL,CIRCULAR,PERFECT_EXT,UNAMBIGUOUS_BP"
"3248","NW_017739003.1",1109704,1164780,"rsi_circ_004733",2,"+",1,2,40,40,"my_test_rsi2",2,0,0,1,"GTAG",NA,"ANCHOR_UNIQUE,CANONICAL,CIRCULAR,PERFECT_EXT,UNAMBIGUOUS_BP"
"3249","NW_017739130.1",1557234,1585292,"rsi_circ_004735",4,"+",2,4,5,40,"my_test_rsi2",4,0,0,1,"GTAG",NA,"ANCHOR_UNIQUE,CANONICAL,CIRCULAR,PERFECT_EXT,UNAMBIGUOUS_BP"
"3250","NW_017738949.1",1917391,1921050,"rsi_circ_004736",2,"-",1,2,5,5,"my_test_rsi2",2,0,0,1,"GTAG",NA,"ANCHOR_UNIQUE,CANONICAL,CIRCULAR,PERFECT_EXT,UNAMBIGUOUS_BP"
"3251","NW_017739394.1",1023609,1032673,"rsi_circ_004737",8,"-",6,7,40,40,"my_test_rsi2",8,0,0,1,"GTAG",NA,"ANCHOR_UNIQUE,CANONICAL,CIRCULAR,PERFECT_EXT,UNAMBIGUOUS_BP"
"3252","NW_017738967.1",551997,553816,"rsi_circ_004738",4,"+",1,4,40,40,"my_test_rsi2",4,0,0,1,"GTAG",NA,"ANCHOR_UNIQUE,CANONICAL,CIRCULAR,PERFECT_EXT,UNAMBIGUOUS_BP"
"3253","NW_017739489.1",585429,590808,"rsi_circ_004739",2,"-",2,1,40,40,"my_test_rsi2",2,0,0,1,"GTAG",NA,"ANCHOR_UNIQUE,CANONICAL,CIRCULAR,PERFECT_EXT,UNAMBIGUOUS_BP"
"3254","NW_017739134.1",778136,811294,"rsi_circ_004740",2,"-",1,2,40,40,"my_test_rsi2",2,0,0,1,"GTAG",NA,"ANCHOR_UNIQUE,CANONICAL,CIRCULAR,PERFECT_EXT,UNAMBIGUOUS_BP"
"3255","NW_017739173.1",704128,705083,"rsi_circ_004742",6,"+",2,4,40,40,"my_test_rsi2",6,0,0,1,"GTAG",NA,"ANCHOR_UNIQUE,CANONICAL,CIRCULAR,PERFECT_EXT,UNAMBIGUOUS_BP"
"3256","NW_017738956.1",3699511,3699668,"rsi_circ_004743",2,"+",1,2,40,40,"my_test_rsi2",2,2,0,1,"GTAG",NA,"ANCHOR_UNIQUE,CANONICAL,CIRCULAR,OK_EXT,UNAMBIGUOUS_BP"
"3257","NW_017738936.1",3922120,3938731,"rsi_circ_004744",4,"-",3,3,40,5,"my_test_rsi2",4,0,0,1,"GTAG",NA,"ANCHOR_UNIQUE,CANONICAL,CIRCULAR,PERFECT_EXT,UNAMBIGUOUS_BP"
"3258","NW_017739193.1",1018322,1022141,"rsi_circ_004745",3,"+",2,3,40,40,"my_test_rsi2",3,0,0,1,"GTAG",NA,"ANCHOR_UNIQUE,CANONICAL,CIRCULAR,PERFECT_EXT,UNAMBIGUOUS_BP"
"3259","NW_017739244.1",2857507,2872173,"rsi_circ_004746",6,"+",4,6,40,40,"my_test_rsi2",6,0,0,1,"GTAG",NA,"ANCHOR_UNIQUE,CANONICAL,CIRCULAR,PERFECT_EXT,UNAMBIGUOUS_BP"
"3260","NW_017739285.1",572520,573286,"rsi_circ_004747",4,"-",1,4,40,40,"my_test_rsi2",4,2,0,1,"GTAG",NA,"ANCHOR_UNIQUE,CANONICAL,CIRCULAR,OK_EXT,UNAMBIGUOUS_BP"
"3261","NW_017739898.1",50445,50753,"rsi_circ_004748",3,"+",1,3,40,5,"my_test_rsi2",3,1,0,1,"GTAG",NA,"ANCHOR_UNIQUE,CANONICAL,CIRCULAR,GOOD_EXT,UNAMBIGUOUS_BP"
"3262","NW_017738942.1",3149359,3188042,"rsi_circ_004749",2,"+",1,2,40,40,"my_test_rsi2",2,0,0,1,"GTAG",NA,"ANCHOR_UNIQUE,CANONICAL,CIRCULAR,PERFECT_EXT,UNAMBIGUOUS_BP"
"3263","NW_017739166.1",1293844,1302406,"rsi_circ_004750",2,"-",1,2,5,40,"my_test_rsi2",2,0,0,1,"GTAG",NA,"ANCHOR_UNIQUE,CANONICAL,CIRCULAR,PERFECT_EXT,UNAMBIGUOUS_BP"
"3264","NW_017738941.1",2326589,2330405,"rsi_circ_004752",2,"+",1,2,40,40,"my_test_rsi2",2,0,0,1,"GTAG",NA,"ANCHOR_UNIQUE,CANONICAL,CIRCULAR,PERFECT_EXT,UNAMBIGUOUS_BP"
"3265","NW_017739211.1",2716960,2766751,"rsi_circ_004753",2,"-",1,2,40,5,"my_test_rsi2",2,0,0,1,"GTAG",NA,"ANCHOR_UNIQUE,CANONICAL,CIRCULAR,PERFECT_EXT,UNAMBIGUOUS_BP"
"3266","NW_017739230.1",1975074,1975281,"rsi_circ_004756",12,"+",10,12,40,40,"my_test_rsi2",12,0,0,1,"GTAG",NA,"ANCHOR_UNIQUE,CANONICAL,CIRCULAR,PERFECT_EXT,UNAMBIGUOUS_BP"
"3267","NW_017739073.1",2560376,2568711,"rsi_circ_004757",2,"-",1,2,40,40,"my_test_rsi2",2,0,0,1,"GTAG",NA,"ANCHOR_UNIQUE,CANONICAL,CIRCULAR,PERFECT_EXT,UNAMBIGUOUS_BP"
"3268","NW_017739169.1",55699,57063,"rsi_circ_004758",24,"+",15,23,40,40,"my_test_rsi2",24,0,0,1,"GTAG",NA,"ANCHOR_UNIQUE,CANONICAL,CIRCULAR,PERFECT_EXT,UNAMBIGUOUS_BP"
"3269","NW_017739097.1",676656,723895,"rsi_circ_004759",6,"-",1,6,40,5,"my_test_rsi2",6,0,0,1,"GTAG",NA,"ANCHOR_UNIQUE,CANONICAL,CIRCULAR,PERFECT_EXT,UNAMBIGUOUS_BP"
"3270","NW_017739246.1",1433409,1485448,"rsi_circ_004760",6,"-",2,6,5,40,"my_test_rsi2",6,0,0,1,"GTAG",NA,"ANCHOR_UNIQUE,CANONICAL,CIRCULAR,PERFECT_EXT,UNAMBIGUOUS_BP"
"3271","NW_017738958.1",1490700,1495635,"rsi_circ_004761",6,"+",4,6,40,40,"my_test_rsi2",6,0,0,1,"GTAG",NA,"ANCHOR_UNIQUE,CANONICAL,CIRCULAR,PERFECT_EXT,UNAMBIGUOUS_BP"
"3272","NW_017739022.1",2311655,2313405,"rsi_circ_004763",2,"+",1,2,40,5,"my_test_rsi2",2,0,0,1,"GTAG",NA,"ANCHOR_UNIQUE,CANONICAL,CIRCULAR,PERFECT_EXT,UNAMBIGUOUS_BP"
"3273","NW_017739244.1",1963840,1981416,"rsi_circ_004765",2,"+",1,2,40,5,"my_test_rsi2",2,0,0,1,"GTAG",NA,"ANCHOR_UNIQUE,CANONICAL,CIRCULAR,PERFECT_EXT,UNAMBIGUOUS_BP"
"3274","NW_017739395.1",898967,900972,"rsi_circ_004766",15,"+",9,14,40,40,"my_test_rsi2",15,0,0,1,"GTAG",NA,"ANCHOR_UNIQUE,CANONICAL,CIRCULAR,PERFECT_EXT,UNAMBIGUOUS_BP"
"3275","NW_017738984.1",7470735,7472379,"rsi_circ_004770",3,"+",1,3,40,40,"my_test_rsi2",3,0,0,1,"GTAG",NA,"ANCHOR_UNIQUE,CANONICAL,CIRCULAR,PERFECT_EXT,UNAMBIGUOUS_BP"
"3276","NW_017738997.1",3323700,3325595,"rsi_circ_004771",3,"+",3,3,40,40,"my_test_rsi2",3,0,0,1,"GTAG",NA,"ANCHOR_UNIQUE,CANONICAL,CIRCULAR,PERFECT_EXT,UNAMBIGUOUS_BP"
"3277","NW_017739145.1",720640,722030,"rsi_circ_004773",2,"-",2,2,5,40,"my_test_rsi2",2,0,0,1,"GTAG",NA,"ANCHOR_UNIQUE,CANONICAL,CIRCULAR,PERFECT_EXT,UNAMBIGUOUS_BP"
"3278","NW_017738945.1",327334,337923,"rsi_circ_004776",9,"+",4,9,40,40,"my_test_rsi2",9,0,0,1,"GTAG",NA,"ANCHOR_UNIQUE,CANONICAL,CIRCULAR,PERFECT_EXT,UNAMBIGUOUS_BP"
"3279","NW_017739388.1",1453093,1456819,"rsi_circ_004777",4,"-",3,4,40,35,"my_test_rsi2",4,1,0,1,"GTAG",NA,"ANCHOR_UNIQUE,CANONICAL,CIRCULAR,GOOD_EXT,UNAMBIGUOUS_BP"
"3280","NW_017738946.1",4138443,4160407,"rsi_circ_004778",9,"+",8,8,40,40,"my_test_rsi2",9,0,0,1,"GTAG",NA,"ANCHOR_UNIQUE,CANONICAL,CIRCULAR,PERFECT_EXT,UNAMBIGUOUS_BP"
"3281","NW_017739073.1",2821502,2829486,"rsi_circ_004779",4,"+",1,4,35,40,"my_test_rsi2",4,1,0,1,"GTAG",NA,"ANCHOR_UNIQUE,CANONICAL,CIRCULAR,GOOD_EXT,UNAMBIGUOUS_BP"
"3282","NW_017738931.1",5248210,5254330,"rsi_circ_004781",2,"+",2,2,40,40,"my_test_rsi2",2,0,0,1,"GTAG",NA,"ANCHOR_UNIQUE,CANONICAL,CIRCULAR,PERFECT_EXT,UNAMBIGUOUS_BP"
"3283","NW_017739379.1",100828,102158,"rsi_circ_004782",6,"-",2,6,5,40,"my_test_rsi2",6,1,0,1,"GTAG",NA,"ANCHOR_UNIQUE,CANONICAL,CIRCULAR,GOOD_EXT,UNAMBIGUOUS_BP"
"3284","NW_017739122.1",994210,995512,"rsi_circ_004783",3,"-",2,2,35,40,"my_test_rsi2",3,0,0,1,"GTAG",NA,"ANCHOR_UNIQUE,CANONICAL,CIRCULAR,PERFECT_EXT,UNAMBIGUOUS_BP"
"3285","NW_017738993.1",1177289,1177826,"rsi_circ_004784",4,"+",2,4,40,40,"my_test_rsi2",4,0,0,1,"GTAG",NA,"ANCHOR_UNIQUE,CANONICAL,CIRCULAR,PERFECT_EXT,UNAMBIGUOUS_BP"
"3286","NW_017739097.1",5370141,5374585,"rsi_circ_004787",2,"-",2,2,35,40,"my_test_rsi2",2,0,0,1,"GTAG",NA,"ANCHOR_UNIQUE,CANONICAL,CIRCULAR,PERFECT_EXT,UNAMBIGUOUS_BP"
"3287","NW_017739340.1",545177,578783,"rsi_circ_004789",3,"+",1,3,5,5,"my_test_rsi2",3,0,0,1,"GTAG",NA,"ANCHOR_UNIQUE,CANONICAL,CIRCULAR,PERFECT_EXT,UNAMBIGUOUS_BP"
"3288","NW_017739146.1",3123831,3128516,"rsi_circ_004790",23,"+",9,23,40,40,"my_test_rsi2",23,0,0,1,"GTAG",NA,"ANCHOR_UNIQUE,CANONICAL,CIRCULAR,PERFECT_EXT,UNAMBIGUOUS_BP"
"3289","NW_017738939.1",2649094,2651355,"rsi_circ_004793",13,"-",8,13,40,40,"my_test_rsi2",13,0,0,1,"GTAG",NA,"ANCHOR_UNIQUE,CANONICAL,CIRCULAR,PERFECT_EXT,UNAMBIGUOUS_BP"
"3290","NW_017739436.1",545581,549591,"rsi_circ_004794",13,"-",9,13,40,40,"my_test_rsi2",13,0,0,1,"GTAG",NA,"ANCHOR_UNIQUE,CANONICAL,CIRCULAR,PERFECT_EXT,UNAMBIGUOUS_BP"
"3291","NW_017739448.1",376171,386746,"rsi_circ_004795",7,"-",2,4,40,5,"my_test_rsi2",7,0,0,1,"GTAG",NA,"ANCHOR_UNIQUE,CANONICAL,CIRCULAR,PERFECT_EXT,UNAMBIGUOUS_BP"
"3292","NW_017739087.1",4721109,4721699,"rsi_circ_004796",4,"-",4,4,40,40,"my_test_rsi2",4,0,0,1,"GTAG",NA,"ANCHOR_UNIQUE,CANONICAL,CIRCULAR,PERFECT_EXT,UNAMBIGUOUS_BP"
"3293","NW_017739068.1",2513328,2596375,"rsi_circ_004797",2,"-",1,2,40,5,"my_test_rsi2",2,2,0,1,"GTAG",NA,"ANCHOR_UNIQUE,CANONICAL,CIRCULAR,OK_EXT,UNAMBIGUOUS_BP"
"3294","NW_017739213.1",311363,332466,"rsi_circ_004798",2,"+",2,1,5,40,"my_test_rsi2",2,2,0,1,"GTAG",NA,"ANCHOR_UNIQUE,CANONICAL,CIRCULAR,OK_EXT,UNAMBIGUOUS_BP"
"3295","NW_017739362.1",421884,422410,"rsi_circ_004802",4,"-",4,3,40,40,"my_test_rsi2",4,0,0,1,"GTAG",NA,"ANCHOR_UNIQUE,CANONICAL,CIRCULAR,PERFECT_EXT,UNAMBIGUOUS_BP"
"3296","NW_017739600.1",995880,1014231,"rsi_circ_004804",2,"+",1,2,5,40,"my_test_rsi2",2,0,0,1,"GTAG",NA,"ANCHOR_UNIQUE,CANONICAL,CIRCULAR,PERFECT_EXT,UNAMBIGUOUS_BP"
"3297","NW_017739701.1",359741,362928,"rsi_circ_004805",2,"-",1,2,40,40,"my_test_rsi2",2,0,0,1,"GTAG",NA,"ANCHOR_UNIQUE,CANONICAL,CIRCULAR,PERFECT_EXT,UNAMBIGUOUS_BP"
"3298","NW_017738985.1",140316,184235,"rsi_circ_004807",2,"-",2,2,40,40,"my_test_rsi2",2,0,0,1,"GTAG",NA,"ANCHOR_UNIQUE,CANONICAL,CIRCULAR,PERFECT_EXT,UNAMBIGUOUS_BP"
"3299","NW_017739194.1",2129465,2133531,"rsi_circ_004810",2,"+",1,2,5,36,"my_test_rsi2",2,1,0,1,"GTAG",NA,"ANCHOR_UNIQUE,CANONICAL,CIRCULAR,GOOD_EXT,UNAMBIGUOUS_BP"
"3300","NW_017739466.1",11450,13169,"rsi_circ_004811",4,"+",2,4,40,40,"my_test_rsi2",4,0,0,1,"GTAG",NA,"ANCHOR_UNIQUE,CANONICAL,CIRCULAR,PERFECT_EXT,UNAMBIGUOUS_BP"
"3301","NW_017739016.1",8091793,8094215,"rsi_circ_004812",2,"+",2,2,40,40,"my_test_rsi2",2,0,0,1,"GTAG",NA,"ANCHOR_UNIQUE,CANONICAL,CIRCULAR,PERFECT_EXT,UNAMBIGUOUS_BP"
"3302","NW_017739249.1",804779,821010,"rsi_circ_004813",6,"-",1,6,40,35,"my_test_rsi2",6,0,0,1,"GTAG",NA,"ANCHOR_UNIQUE,CANONICAL,CIRCULAR,PERFECT_EXT,UNAMBIGUOUS_BP"
"3303","NW_017738975.1",3195854,3199477,"rsi_circ_004814",12,"-",8,12,40,40,"my_test_rsi2",12,0,0,1,"GTAG",NA,"ANCHOR_UNIQUE,CANONICAL,CIRCULAR,PERFECT_EXT,UNAMBIGUOUS_BP"
"3304","NW_017739359.1",202603,203119,"rsi_circ_004815",2,"+",1,2,5,5,"my_test_rsi2",2,1,0,1,"GTAG",NA,"ANCHOR_UNIQUE,CANONICAL,CIRCULAR,GOOD_EXT,UNAMBIGUOUS_BP"
"3305","NW_017739466.1",1060013,1064199,"rsi_circ_004816",3,"+",2,3,40,40,"my_test_rsi2",3,0,0,1,"GTAG",NA,"ANCHOR_UNIQUE,CANONICAL,CIRCULAR,PERFECT_EXT,UNAMBIGUOUS_BP"
"3306","NW_017739466.1",752075,769418,"rsi_circ_004818",2,"-",2,2,40,5,"my_test_rsi2",2,0,0,1,"GTAG",NA,"ANCHOR_UNIQUE,CANONICAL,CIRCULAR,PERFECT_EXT,UNAMBIGUOUS_BP"
"3307","NW_017739122.1",24709,29004,"rsi_circ_004819",3,"-",1,3,40,5,"my_test_rsi2",3,1,0,1,"GTAG",NA,"ANCHOR_UNIQUE,CANONICAL,CIRCULAR,GOOD_EXT,UNAMBIGUOUS_BP"
"3308","NW_017739066.1",3488603,3501854,"rsi_circ_004820",5,"+",3,5,40,40,"my_test_rsi2",5,0,0,1,"GTAG",NA,"ANCHOR_UNIQUE,CANONICAL,CIRCULAR,PERFECT_EXT,UNAMBIGUOUS_BP"
"3309","NW_017739074.1",3154716,3172340,"rsi_circ_004822",8,"+",4,8,40,40,"my_test_rsi2",8,0,0,1,"GTAG",NA,"ANCHOR_UNIQUE,CANONICAL,CIRCULAR,PERFECT_EXT,UNAMBIGUOUS_BP"
"3310","NW_017739272.1",2512909,2518804,"rsi_circ_004826",20,"-",14,19,40,40,"my_test_rsi2",20,0,0,1,"GTAG",NA,"ANCHOR_UNIQUE,CANONICAL,CIRCULAR,PERFECT_EXT,UNAMBIGUOUS_BP"
"3311","NW_017739061.1",2195128,2198039,"rsi_circ_004828",3,"+",1,3,40,5,"my_test_rsi2",3,0,0,1,"GTAG",NA,"ANCHOR_UNIQUE,CANONICAL,CIRCULAR,PERFECT_EXT,UNAMBIGUOUS_BP"
"3312","NW_017739681.1",49863,58629,"rsi_circ_004831",5,"-",2,5,5,40,"my_test_rsi2",5,1,0,1,"GTAG",NA,"ANCHOR_UNIQUE,CANONICAL,CIRCULAR,GOOD_EXT,UNAMBIGUOUS_BP"
"3313","NW_017738922.1",5071318,5093791,"rsi_circ_004832",3,"+",1,3,5,35,"my_test_rsi2",3,2,0,1,"GTAG",NA,"ANCHOR_UNIQUE,CANONICAL,CIRCULAR,OK_EXT,UNAMBIGUOUS_BP"
"3314","NW_017739306.1",4401018,4402989,"rsi_circ_004833",4,"+",3,4,40,5,"my_test_rsi2",4,0,0,1,"GTAG",NA,"ANCHOR_UNIQUE,CANONICAL,CIRCULAR,PERFECT_EXT,UNAMBIGUOUS_BP"
"3315","NW_017739415.1",1610605,1611964,"rsi_circ_004834",2,"+",1,2,35,40,"my_test_rsi2",2,1,0,1,"GTAG",NA,"ANCHOR_UNIQUE,CANONICAL,CIRCULAR,GOOD_EXT,UNAMBIGUOUS_BP"
"3316","NW_017739726.1",614462,616884,"rsi_circ_004836",6,"-",3,6,40,40,"my_test_rsi2",6,1,0,1,"GTAG",NA,"ANCHOR_UNIQUE,CANONICAL,CIRCULAR,GOOD_EXT,UNAMBIGUOUS_BP"
"3317","NW_017739084.1",187282,191108,"rsi_circ_004840",2,"-",2,2,5,40,"my_test_rsi2",2,0,0,1,"GTAG",NA,"ANCHOR_UNIQUE,CANONICAL,CIRCULAR,PERFECT_EXT,UNAMBIGUOUS_BP"
"3318","NW_017739265.1",320787,348215,"rsi_circ_004841",2,"-",1,2,40,5,"my_test_rsi2",2,0,0,1,"GTAG",NA,"ANCHOR_UNIQUE,CANONICAL,CIRCULAR,PERFECT_EXT,UNAMBIGUOUS_BP"
"3319","NW_017739025.1",2108139,2132599,"rsi_circ_004843",2,"-",1,2,5,40,"my_test_rsi2",2,1,0,1,"GTAG",NA,"ANCHOR_UNIQUE,CANONICAL,CIRCULAR,GOOD_EXT,UNAMBIGUOUS_BP"
"3320","NW_017739414.1",500080,506496,"rsi_circ_004844",2,"-",1,2,5,40,"my_test_rsi2",2,1,0,1,"GTAG",NA,"ANCHOR_UNIQUE,CANONICAL,CIRCULAR,GOOD_EXT,UNAMBIGUOUS_BP"
"3321","NW_017738922.1",3297367,3331751,"rsi_circ_004846",7,"-",1,7,5,40,"my_test_rsi2",7,1,0,1,"GTAG",NA,"ANCHOR_UNIQUE,CANONICAL,CIRCULAR,GOOD_EXT,UNAMBIGUOUS_BP"
"3322","NW_017738953.1",2068979,2084245,"rsi_circ_004848",3,"-",2,3,40,40,"my_test_rsi2",3,0,0,1,"GTAG",NA,"ANCHOR_UNIQUE,CANONICAL,CIRCULAR,PERFECT_EXT,UNAMBIGUOUS_BP"
"3323","NW_017739010.1",2504524,2507832,"rsi_circ_004849",2,"+",1,2,35,40,"my_test_rsi2",2,0,0,1,"GTAG",NA,"ANCHOR_UNIQUE,CANONICAL,CIRCULAR,PERFECT_EXT,UNAMBIGUOUS_BP"
"3324","NW_017739112.1",865943,872806,"rsi_circ_004850",6,"+",3,1,37,35,"my_test_rsi2",6,0,0,1,"GTAG",NA,"ANCHOR_UNIQUE,CANONICAL,CIRCULAR,PERFECT_EXT,UNAMBIGUOUS_BP"
"3325","NW_017739476.1",694105,720428,"rsi_circ_004853",2,"+",1,2,40,5,"my_test_rsi2",2,0,0,1,"GTAG",NA,"ANCHOR_UNIQUE,CANONICAL,CIRCULAR,PERFECT_EXT,UNAMBIGUOUS_BP"
"3326","NW_017738989.1",2362435,2363443,"rsi_circ_004854",4,"-",1,4,40,36,"my_test_rsi2",4,1,0,1,"GTAG",NA,"ANCHOR_UNIQUE,CANONICAL,CIRCULAR,GOOD_EXT,UNAMBIGUOUS_BP"
"3327","NW_017739093.1",1607875,1608431,"rsi_circ_004855",2,"+",1,2,5,40,"my_test_rsi2",2,0,0,1,"GTAG",NA,"ANCHOR_UNIQUE,CANONICAL,CIRCULAR,PERFECT_EXT,UNAMBIGUOUS_BP"
"3328","NW_017738920.1",4696947,4786143,"rsi_circ_004856",2,"+",1,2,40,40,"my_test_rsi2",2,0,0,1,"GTAG",NA,"ANCHOR_UNIQUE,CANONICAL,CIRCULAR,PERFECT_EXT,UNAMBIGUOUS_BP"
"3329","NW_017738953.1",1397530,1400823,"rsi_circ_004857",2,"+",1,2,4,5,"my_test_rsi2",2,0,0,1,"GTAG",NA,"ANCHOR_UNIQUE,CANONICAL,CIRCULAR,PERFECT_EXT,UNAMBIGUOUS_BP"
"3330","NW_017739161.1",1359850,1376547,"rsi_circ_004858",2,"+",2,2,40,35,"my_test_rsi2",2,0,0,1,"GTAG",NA,"ANCHOR_UNIQUE,CANONICAL,CIRCULAR,PERFECT_EXT,UNAMBIGUOUS_BP"
"3331","NW_017739666.1",495878,501027,"rsi_circ_004859",2,"+",2,2,35,40,"my_test_rsi2",2,0,0,1,"GTAG",NA,"ANCHOR_UNIQUE,CANONICAL,CIRCULAR,PERFECT_EXT,UNAMBIGUOUS_BP"
"3332","NW_017739342.1",2009743,2019870,"rsi_circ_004860",12,"-",5,12,40,40,"my_test_rsi2",12,0,0,1,"GTAG",NA,"ANCHOR_UNIQUE,CANONICAL,CIRCULAR,PERFECT_EXT,UNAMBIGUOUS_BP"
"3333","NW_017738920.1",6693529,6721236,"rsi_circ_004861",16,"+",10,16,40,40,"my_test_rsi2",16,1,0,1,"GTAG",NA,"ANCHOR_UNIQUE,CANONICAL,CIRCULAR,GOOD_EXT,UNAMBIGUOUS_BP"
"3334","NW_017739192.1",3343475,3346468,"rsi_circ_004862",3,"+",1,3,40,40,"my_test_rsi2",3,1,0,1,"GTAG",NA,"ANCHOR_UNIQUE,CANONICAL,CIRCULAR,GOOD_EXT,UNAMBIGUOUS_BP"
"3335","NW_017738925.1",10507056,10518718,"rsi_circ_004863",6,"+",4,6,40,40,"my_test_rsi2",6,0,0,1,"GTAG",NA,"ANCHOR_UNIQUE,CANONICAL,CIRCULAR,PERFECT_EXT,UNAMBIGUOUS_BP"
"3336","NW_017738948.1",5269055,5269242,"rsi_circ_004864",2,"+",2,2,40,40,"my_test_rsi2",2,2,0,1,"GTAG",NA,"ANCHOR_UNIQUE,CANONICAL,CIRCULAR,OK_EXT,UNAMBIGUOUS_BP"
"3337","NW_017739076.1",2064533,2095847,"rsi_circ_004866",2,"+",1,2,5,5,"my_test_rsi2",2,0,0,1,"GTAG",NA,"ANCHOR_UNIQUE,CANONICAL,CIRCULAR,PERFECT_EXT,UNAMBIGUOUS_BP"
"3338","NW_017739160.1",925193,948242,"rsi_circ_004867",2,"-",1,2,40,40,"my_test_rsi2",2,0,0,1,"GTAG",NA,"ANCHOR_UNIQUE,CANONICAL,CIRCULAR,PERFECT_EXT,UNAMBIGUOUS_BP"
"3339","NW_017739300.1",160389,161915,"rsi_circ_004868",2,"+",1,2,40,5,"my_test_rsi2",2,0,0,1,"GTAG",NA,"ANCHOR_UNIQUE,CANONICAL,CIRCULAR,PERFECT_EXT,UNAMBIGUOUS_BP"
"3340","NW_017739318.1",1305340,1306176,"rsi_circ_004869",2,"+",1,2,5,35,"my_test_rsi2",2,1,0,1,"GTAG",NA,"ANCHOR_UNIQUE,CANONICAL,CIRCULAR,GOOD_EXT,UNAMBIGUOUS_BP"
"3341","NW_017739346.1",255903,267991,"rsi_circ_004870",2,"-",2,2,5,40,"my_test_rsi2",2,0,0,1,"GTAG",NA,"ANCHOR_UNIQUE,CANONICAL,CIRCULAR,PERFECT_EXT,UNAMBIGUOUS_BP"
"3342","NW_017739040.1",10019679,10027935,"rsi_circ_004871",2,"-",1,2,40,5,"my_test_rsi2",2,0,0,1,"GTAG",NA,"ANCHOR_UNIQUE,CANONICAL,CIRCULAR,PERFECT_EXT,UNAMBIGUOUS_BP"
"3343","NW_017739001.1",345000,347042,"rsi_circ_004872",12,"+",5,12,40,40,"my_test_rsi2",12,1,0,1,"GTAG",NA,"ANCHOR_UNIQUE,CANONICAL,CIRCULAR,GOOD_EXT,UNAMBIGUOUS_BP"
"3344","NW_017739401.1",579317,618570,"rsi_circ_004873",2,"+",1,2,40,36,"my_test_rsi2",2,0,0,1,"GTAG",NA,"ANCHOR_UNIQUE,CANONICAL,CIRCULAR,PERFECT_EXT,UNAMBIGUOUS_BP"
"3345","NW_017739099.1",1047837,1066589,"rsi_circ_004874",95,"-",41,88,40,40,"my_test_rsi2",95,0,0,1,"GTAG",NA,"ANCHOR_UNIQUE,CANONICAL,CIRCULAR,PERFECT_EXT,UNAMBIGUOUS_BP"
"3346","NW_017738961.1",3744672,3746312,"rsi_circ_004876",2,"+",1,2,40,40,"my_test_rsi2",2,0,0,1,"GTAG",NA,"ANCHOR_UNIQUE,CANONICAL,CIRCULAR,PERFECT_EXT,UNAMBIGUOUS_BP"
"3347","NW_017739333.1",592832,593988,"rsi_circ_004877",12,"-",6,7,40,5,"my_test_rsi2",12,0,0,1,"GTAG",NA,"ANCHOR_UNIQUE,CANONICAL,CIRCULAR,PERFECT_EXT,UNAMBIGUOUS_BP"
"3348","NW_017738983.1",1902202,1915569,"rsi_circ_004878",2,"-",1,2,40,5,"my_test_rsi2",2,0,0,1,"GTAG",NA,"ANCHOR_UNIQUE,CANONICAL,CIRCULAR,PERFECT_EXT,UNAMBIGUOUS_BP"
"3349","NW_017739137.1",1255466,1255860,"rsi_circ_004881",59,"-",25,57,40,40,"my_test_rsi2",59,0,0,1,"GTAG",NA,"ANCHOR_UNIQUE,CANONICAL,CIRCULAR,PERFECT_EXT,UNAMBIGUOUS_BP"
"3350","NW_017739473.1",1190038,1205105,"rsi_circ_004883",5,"-",3,5,40,5,"my_test_rsi2",5,0,0,1,"GTAG",NA,"ANCHOR_UNIQUE,CANONICAL,CIRCULAR,PERFECT_EXT,UNAMBIGUOUS_BP"
"3351","NW_017739311.1",2665771,2672823,"rsi_circ_004884",4,"+",2,1,40,40,"my_test_rsi2",4,0,0,1,"GTAG",NA,"ANCHOR_UNIQUE,CANONICAL,CIRCULAR,PERFECT_EXT,UNAMBIGUOUS_BP"
"3352","NW_017739051.1",3132458,3140101,"rsi_circ_004885",13,"-",5,13,40,40,"my_test_rsi2",13,0,0,1,"GTAG",NA,"ANCHOR_UNIQUE,CANONICAL,CIRCULAR,PERFECT_EXT,UNAMBIGUOUS_BP"
"3353","NW_017738943.1",9165778,9192801,"rsi_circ_004887",2,"+",1,2,5,40,"my_test_rsi2",2,0,0,1,"GTAG",NA,"ANCHOR_UNIQUE,CANONICAL,CIRCULAR,PERFECT_EXT,UNAMBIGUOUS_BP"
"3354","NW_017739391.1",275111,280019,"rsi_circ_004888",8,"+",4,8,40,40,"my_test_rsi2",8,0,0,1,"GTAG",NA,"ANCHOR_UNIQUE,CANONICAL,CIRCULAR,PERFECT_EXT,UNAMBIGUOUS_BP"
"3355","NW_017738931.1",4250810,4269447,"rsi_circ_004889",21,"-",7,21,40,40,"my_test_rsi2",21,0,0,1,"GTAG",NA,"ANCHOR_UNIQUE,CANONICAL,CIRCULAR,PERFECT_EXT,UNAMBIGUOUS_BP"
"3356","NW_017738980.1",4689829,4696105,"rsi_circ_004890",11,"-",4,11,40,40,"my_test_rsi2",11,0,0,1,"GTAG",NA,"ANCHOR_UNIQUE,CANONICAL,CIRCULAR,PERFECT_EXT,UNAMBIGUOUS_BP"
"3357","NW_017739093.1",778783,779490,"rsi_circ_004891",13,"-",7,10,40,40,"my_test_rsi2",13,0,0,1,"GTAG",NA,"ANCHOR_UNIQUE,CANONICAL,CIRCULAR,PERFECT_EXT,UNAMBIGUOUS_BP"
"3358","NW_017739007.1",2382385,2384280,"rsi_circ_004895",4,"-",1,4,40,5,"my_test_rsi2",4,0,0,1,"GTAG",NA,"ANCHOR_UNIQUE,CANONICAL,CIRCULAR,PERFECT_EXT,UNAMBIGUOUS_BP"
"3359","NW_017739069.1",1453345,1458522,"rsi_circ_004896",3,"-",3,3,40,40,"my_test_rsi2",3,2,0,1,"GTAG",NA,"ANCHOR_UNIQUE,CANONICAL,CIRCULAR,OK_EXT,UNAMBIGUOUS_BP"
"3360","NW_017739336.1",515637,533871,"rsi_circ_004898",5,"+",2,5,40,40,"my_test_rsi2",5,1,0,1,"GTAG",NA,"ANCHOR_UNIQUE,CANONICAL,CIRCULAR,GOOD_EXT,UNAMBIGUOUS_BP"
"3361","NW_017739161.1",2286260,2294469,"rsi_circ_004900",3,"+",2,3,40,40,"my_test_rsi2",3,0,0,1,"GTAG",NA,"ANCHOR_UNIQUE,CANONICAL,CIRCULAR,PERFECT_EXT,UNAMBIGUOUS_BP"
"3362","NW_017738936.1",2721184,2721647,"rsi_circ_004901",2,"+",1,2,40,5,"my_test_rsi2",2,1,1,1,"GTAG",NA,"ANCHOR_UNIQUE,CANONICAL,CIRCULAR,GOOD_EXT,UNAMBIGUOUS_BP"
"3363","NW_017739551.1",56277,69209,"rsi_circ_004902",5,"+",2,5,40,40,"my_test_rsi2",5,0,0,1,"GTAG",NA,"ANCHOR_UNIQUE,CANONICAL,CIRCULAR,PERFECT_EXT,UNAMBIGUOUS_BP"
"3364","NW_017739871.1",227283,228132,"rsi_circ_004903",2,"-",2,2,40,5,"my_test_rsi2",2,1,0,1,"GTAG",NA,"ANCHOR_UNIQUE,CANONICAL,CIRCULAR,GOOD_EXT,UNAMBIGUOUS_BP"
"3365","NW_017739227.1",1031180,1033120,"rsi_circ_004906",2,"-",2,2,5,40,"my_test_rsi2",2,0,0,1,"GTAG",NA,"ANCHOR_UNIQUE,CANONICAL,CIRCULAR,PERFECT_EXT,UNAMBIGUOUS_BP"
"3366","NW_017739115.1",3672650,3680499,"rsi_circ_004909",2,"+",2,2,5,40,"my_test_rsi2",2,0,0,1,"GTAG",NA,"ANCHOR_UNIQUE,CANONICAL,CIRCULAR,PERFECT_EXT,UNAMBIGUOUS_BP"
"3367","NW_017739011.1",5071737,5083962,"rsi_circ_004910",4,"+",2,4,35,40,"my_test_rsi2",4,0,0,1,"GTAG",NA,"ANCHOR_UNIQUE,CANONICAL,CIRCULAR,PERFECT_EXT,UNAMBIGUOUS_BP"
"3368","NW_017739360.1",318170,320596,"rsi_circ_004911",6,"-",2,6,5,40,"my_test_rsi2",6,0,0,1,"GTAG",NA,"ANCHOR_UNIQUE,CANONICAL,CIRCULAR,PERFECT_EXT,UNAMBIGUOUS_BP"
"3369","NW_017738928.1",1120079,1132811,"rsi_circ_004912",2,"-",2,2,5,40,"my_test_rsi2",2,1,0,1,"GTAG",NA,"ANCHOR_UNIQUE,CANONICAL,CIRCULAR,GOOD_EXT,UNAMBIGUOUS_BP"
"3370","NW_017738989.1",377087,380798,"rsi_circ_004914",42,"+",22,41,40,40,"my_test_rsi2",42,0,0,1,"GTAG",NA,"ANCHOR_UNIQUE,CANONICAL,CIRCULAR,PERFECT_EXT,UNAMBIGUOUS_BP"
"3371","NW_017739657.1",248222,268423,"rsi_circ_004915",26,"-",12,26,40,40,"my_test_rsi2",26,0,0,1,"GTAG",NA,"ANCHOR_UNIQUE,CANONICAL,CIRCULAR,PERFECT_EXT,UNAMBIGUOUS_BP"
"3372","NW_017738935.1",367437,373545,"rsi_circ_004916",3,"-",1,3,5,40,"my_test_rsi2",3,2,0,1,"GTAG",NA,"ANCHOR_UNIQUE,CANONICAL,CIRCULAR,OK_EXT,UNAMBIGUOUS_BP"
"3373","NW_017739401.1",1574501,1584669,"rsi_circ_004917",6,"-",3,6,40,40,"my_test_rsi2",6,0,0,1,"GTAG",NA,"ANCHOR_UNIQUE,CANONICAL,CIRCULAR,PERFECT_EXT,UNAMBIGUOUS_BP"
"3374","NW_017739076.1",1391926,1399198,"rsi_circ_004918",4,"+",2,4,40,40,"my_test_rsi2",4,1,0,1,"GTAG",NA,"ANCHOR_UNIQUE,CANONICAL,CIRCULAR,GOOD_EXT,UNAMBIGUOUS_BP"
"3375","NW_017739886.1",85787,95923,"rsi_circ_004919",4,"+",2,4,35,40,"my_test_rsi2",4,0,0,1,"GTAG",NA,"ANCHOR_UNIQUE,CANONICAL,CIRCULAR,PERFECT_EXT,UNAMBIGUOUS_BP"
"3376","NW_017739147.1",3974760,3975579,"rsi_circ_004921",2,"+",1,2,5,40,"my_test_rsi2",2,0,0,1,"GTAG",NA,"ANCHOR_UNIQUE,CANONICAL,CIRCULAR,PERFECT_EXT,UNAMBIGUOUS_BP"
"3377","NW_017738923.1",4886684,4892050,"rsi_circ_004922",4,"+",2,4,40,40,"my_test_rsi2",4,0,0,1,"GTAG",NA,"ANCHOR_UNIQUE,CANONICAL,CIRCULAR,PERFECT_EXT,UNAMBIGUOUS_BP"
"3378","NW_017738925.1",9888389,9897797,"rsi_circ_004923",3,"-",2,2,40,36,"my_test_rsi2",3,0,0,1,"GTAG",NA,"ANCHOR_UNIQUE,CANONICAL,CIRCULAR,PERFECT_EXT,UNAMBIGUOUS_BP"
"3379","NW_017739053.1",2383200,2394742,"rsi_circ_004924",11,"-",5,11,5,40,"my_test_rsi2",11,0,0,1,"GTAG",NA,"ANCHOR_UNIQUE,CANONICAL,CIRCULAR,PERFECT_EXT,UNAMBIGUOUS_BP"
"3380","NW_017738929.1",3654046,3678563,"rsi_circ_004925",2,"-",2,1,40,35,"my_test_rsi2",2,2,0,1,"GTAG",NA,"ANCHOR_UNIQUE,CANONICAL,CIRCULAR,OK_EXT,UNAMBIGUOUS_BP"
"3381","NW_017739279.1",1432683,1434359,"rsi_circ_004926",15,"-",11,15,40,40,"my_test_rsi2",15,0,0,1,"GTAG",NA,"ANCHOR_UNIQUE,CANONICAL,CIRCULAR,PERFECT_EXT,UNAMBIGUOUS_BP"
"3382","NW_017739200.1",3416591,3423305,"rsi_circ_004929",5,"+",3,3,40,40,"my_test_rsi2",5,1,0,1,"GTAG",NA,"ANCHOR_UNIQUE,CANONICAL,CIRCULAR,GOOD_EXT,UNAMBIGUOUS_BP"
"3383","NW_017739356.1",3542026,3551669,"rsi_circ_004930",3,"-",3,3,40,5,"my_test_rsi2",3,0,0,1,"GTAG",NA,"ANCHOR_UNIQUE,CANONICAL,CIRCULAR,PERFECT_EXT,UNAMBIGUOUS_BP"
"3384","NW_017738959.1",1594191,1597971,"rsi_circ_004931",5,"-",4,5,40,40,"my_test_rsi2",5,0,0,1,"GTAG",NA,"ANCHOR_UNIQUE,CANONICAL,CIRCULAR,PERFECT_EXT,UNAMBIGUOUS_BP"
"3385","NW_017739769.1",195191,210401,"rsi_circ_004932",26,"+",23,2,35,40,"my_test_rsi2",26,0,0,1,"GTAG",NA,"ANCHOR_UNIQUE,CANONICAL,CIRCULAR,PERFECT_EXT,UNAMBIGUOUS_BP"
"3386","NW_017739886.1",52862,122172,"rsi_circ_004933",50,"+",24,47,40,40,"my_test_rsi2",50,0,0,1,"GTAG",NA,"ANCHOR_UNIQUE,CANONICAL,CIRCULAR,PERFECT_EXT,UNAMBIGUOUS_BP"
"3387","NW_017739720.1",121791,122443,"rsi_circ_004935",2,"-",1,2,35,40,"my_test_rsi2",2,0,0,1,"GTAG",NA,"ANCHOR_UNIQUE,CANONICAL,CIRCULAR,PERFECT_EXT,UNAMBIGUOUS_BP"
"3388","NW_017738928.1",4118881,4125453,"rsi_circ_004937",3,"+",1,3,5,5,"my_test_rsi2",3,1,0,1,"GTAG",NA,"ANCHOR_UNIQUE,CANONICAL,CIRCULAR,GOOD_EXT,UNAMBIGUOUS_BP"
"3389","NW_017738923.1",2438742,2448025,"rsi_circ_004938",10,"+",4,10,40,40,"my_test_rsi2",10,1,0,1,"GTAG",NA,"ANCHOR_UNIQUE,CANONICAL,CIRCULAR,GOOD_EXT,UNAMBIGUOUS_BP"
"3390","NW_017739575.1",366285,417105,"rsi_circ_004939",3,"-",1,3,40,35,"my_test_rsi2",3,0,0,1,"GTAG",NA,"ANCHOR_UNIQUE,CANONICAL,CIRCULAR,PERFECT_EXT,UNAMBIGUOUS_BP"
"3391","NW_017739253.1",2174714,2175765,"rsi_circ_004940",7,"+",1,7,40,5,"my_test_rsi2",7,0,0,1,"GTAG",NA,"ANCHOR_UNIQUE,CANONICAL,CIRCULAR,PERFECT_EXT,UNAMBIGUOUS_BP"
"3392","NW_017738959.1",959596,969253,"rsi_circ_004941",7,"+",3,7,5,40,"my_test_rsi2",7,0,0,1,"GTAG",NA,"ANCHOR_UNIQUE,CANONICAL,CIRCULAR,PERFECT_EXT,UNAMBIGUOUS_BP"
"3393","NW_017739087.1",4980844,5003274,"rsi_circ_004943",11,"+",7,11,40,40,"my_test_rsi2",11,1,0,1,"GTAG",NA,"ANCHOR_UNIQUE,CANONICAL,CIRCULAR,GOOD_EXT,UNAMBIGUOUS_BP"
"3394","NW_017739955.1",56601,57052,"rsi_circ_004944",2,"-",2,2,40,40,"my_test_rsi2",2,0,0,1,"GTAG",NA,"ANCHOR_UNIQUE,CANONICAL,CIRCULAR,PERFECT_EXT,UNAMBIGUOUS_BP"
"3395","NW_017739245.1",750394,753646,"rsi_circ_004945",3,"-",2,3,40,40,"my_test_rsi2",3,1,0,1,"GTAG",NA,"ANCHOR_UNIQUE,CANONICAL,CIRCULAR,GOOD_EXT,UNAMBIGUOUS_BP"
"3396","NW_017738936.1",7165147,7168593,"rsi_circ_004946",3,"-",2,3,40,5,"my_test_rsi2",3,0,0,1,"GTAG",NA,"ANCHOR_UNIQUE,CANONICAL,CIRCULAR,PERFECT_EXT,UNAMBIGUOUS_BP"
"3397","NW_017739015.1",5453409,5463788,"rsi_circ_004947",26,"-",17,25,40,40,"my_test_rsi2",26,0,0,1,"GTAG",NA,"ANCHOR_UNIQUE,CANONICAL,CIRCULAR,PERFECT_EXT,UNAMBIGUOUS_BP"
"3398","NW_017739437.1",757518,758039,"rsi_circ_004950",76,"-",35,65,40,40,"my_test_rsi2",76,0,0,1,"GTAG",NA,"ANCHOR_UNIQUE,CANONICAL,CIRCULAR,PERFECT_EXT,UNAMBIGUOUS_BP"
"3399","NW_017739040.1",9545498,9550150,"rsi_circ_004951",4,"-",1,4,40,40,"my_test_rsi2",4,0,0,1,"GTAG",NA,"ANCHOR_UNIQUE,CANONICAL,CIRCULAR,PERFECT_EXT,UNAMBIGUOUS_BP"
"3400","NW_017739188.1",687478,702393,"rsi_circ_004952",2,"+",1,2,5,5,"my_test_rsi2",2,2,0,1,"GTAG",NA,"ANCHOR_UNIQUE,CANONICAL,CIRCULAR,OK_EXT,UNAMBIGUOUS_BP"
"3401","NW_017739349.1",964069,968072,"rsi_circ_004954",2,"-",1,2,40,40,"my_test_rsi2",2,0,0,1,"GTAG",NA,"ANCHOR_UNIQUE,CANONICAL,CIRCULAR,PERFECT_EXT,UNAMBIGUOUS_BP"
"3402","NW_017739681.1",7480,7768,"rsi_circ_004955",3,"-",3,2,5,40,"my_test_rsi2",3,0,0,1,"GTAG",NA,"ANCHOR_UNIQUE,CANONICAL,CIRCULAR,PERFECT_EXT,UNAMBIGUOUS_BP"
"3403","NW_017739319.1",593667,595551,"rsi_circ_004957",66,"-",28,63,40,40,"my_test_rsi2",66,0,0,1,"GTAG",NA,"ANCHOR_UNIQUE,CANONICAL,CIRCULAR,PERFECT_EXT,UNAMBIGUOUS_BP"
"3404","NW_017739111.1",186866,188120,"rsi_circ_004960",6,"+",1,6,40,40,"my_test_rsi2",6,0,0,1,"GTAG",NA,"ANCHOR_UNIQUE,CANONICAL,CIRCULAR,PERFECT_EXT,UNAMBIGUOUS_BP"
"3405","NW_017739143.1",1619005,1620128,"rsi_circ_004961",4,"-",2,4,5,40,"my_test_rsi2",4,0,0,1,"GTAG",NA,"ANCHOR_UNIQUE,CANONICAL,CIRCULAR,PERFECT_EXT,UNAMBIGUOUS_BP"
"3406","NW_017739028.1",1560638,1572816,"rsi_circ_004963",2,"-",2,2,5,5,"my_test_rsi2",2,0,0,1,"GTAG",NA,"ANCHOR_UNIQUE,CANONICAL,CIRCULAR,PERFECT_EXT,UNAMBIGUOUS_BP"
"3407","NW_017739138.1",972321,978449,"rsi_circ_004965",2,"+",1,2,5,40,"my_test_rsi2",2,2,0,1,"GTAG",NA,"ANCHOR_UNIQUE,CANONICAL,CIRCULAR,OK_EXT,UNAMBIGUOUS_BP"
"3408","NW_017738951.1",2986293,2986672,"rsi_circ_004967",14,"+",7,14,40,40,"my_test_rsi2",14,0,0,1,"GTAG",NA,"ANCHOR_UNIQUE,CANONICAL,CIRCULAR,PERFECT_EXT,UNAMBIGUOUS_BP"
"3409","NW_017739355.1",3114790,3135769,"rsi_circ_004969",2,"-",2,2,40,35,"my_test_rsi2",2,0,0,1,"GTAG",NA,"ANCHOR_UNIQUE,CANONICAL,CIRCULAR,PERFECT_EXT,UNAMBIGUOUS_BP"
"3410","NW_017738975.1",1655098,1675640,"rsi_circ_004970",7,"+",3,7,35,5,"my_test_rsi2",7,0,0,1,"GTAG",NA,"ANCHOR_UNIQUE,CANONICAL,CIRCULAR,PERFECT_EXT,UNAMBIGUOUS_BP"
"3411","NW_017739443.1",1323351,1327534,"rsi_circ_004972",4,"+",2,4,40,40,"my_test_rsi2",4,0,0,1,"GTAG",NA,"ANCHOR_UNIQUE,CANONICAL,CIRCULAR,PERFECT_EXT,UNAMBIGUOUS_BP"
"3412","NW_017739046.1",2705178,2709289,"rsi_circ_004973",6,"+",4,5,40,40,"my_test_rsi2",6,0,0,1,"GTAG",NA,"ANCHOR_UNIQUE,CANONICAL,CIRCULAR,PERFECT_EXT,UNAMBIGUOUS_BP"
"3413","NW_017738923.1",15238448,15243820,"rsi_circ_004974",4,"+",3,4,40,40,"my_test_rsi2",4,0,0,1,"GTAG",NA,"ANCHOR_UNIQUE,CANONICAL,CIRCULAR,PERFECT_EXT,UNAMBIGUOUS_BP"
"3414","NW_017739298.1",1231355,1234963,"rsi_circ_004976",60,"+",28,59,40,40,"my_test_rsi2",60,0,0,1,"GTAG",NA,"ANCHOR_UNIQUE,CANONICAL,CIRCULAR,PERFECT_EXT,UNAMBIGUOUS_BP"
"3415","NW_017739245.1",121322,137039,"rsi_circ_004977",4,"-",2,4,40,40,"my_test_rsi2",4,0,1,1,"GTAG",NA,"ANCHOR_UNIQUE,CANONICAL,CIRCULAR,GOOD_EXT,UNAMBIGUOUS_BP"
"3416","NW_017738920.1",3099553,3114478,"rsi_circ_004979",3,"-",1,3,5,5,"my_test_rsi2",3,0,0,1,"GTAG",NA,"ANCHOR_UNIQUE,CANONICAL,CIRCULAR,PERFECT_EXT,UNAMBIGUOUS_BP"
"3417","NW_017739276.1",1091297,1105449,"rsi_circ_004980",9,"+",3,9,40,35,"my_test_rsi2",9,0,0,1,"GTAG",NA,"ANCHOR_UNIQUE,CANONICAL,CIRCULAR,PERFECT_EXT,UNAMBIGUOUS_BP"
"3418","NW_017739097.1",2267443,2279817,"rsi_circ_004982",2,"+",1,2,5,40,"my_test_rsi2",2,0,0,1,"GTAG",NA,"ANCHOR_UNIQUE,CANONICAL,CIRCULAR,PERFECT_EXT,UNAMBIGUOUS_BP"
"3419","NW_017738988.1",1907161,1921371,"rsi_circ_004983",2,"+",2,2,40,40,"my_test_rsi2",2,0,0,1,"GTAG",NA,"ANCHOR_UNIQUE,CANONICAL,CIRCULAR,PERFECT_EXT,UNAMBIGUOUS_BP"
"3420","NW_017738995.1",192235,197634,"rsi_circ_004984",27,"+",14,20,40,40,"my_test_rsi2",27,0,0,1,"GTAG",NA,"ANCHOR_UNIQUE,CANONICAL,CIRCULAR,PERFECT_EXT,UNAMBIGUOUS_BP"
"3421","NW_017738948.1",2626020,2626350,"rsi_circ_004988",5,"-",5,5,40,40,"my_test_rsi2",5,0,0,1,"GTAG",NA,"ANCHOR_UNIQUE,CANONICAL,CIRCULAR,PERFECT_EXT,UNAMBIGUOUS_BP"
"3422","NW_017739101.1",1212174,1297145,"rsi_circ_004989",9,"-",5,9,40,40,"my_test_rsi2",9,0,0,1,"GTAG",NA,"ANCHOR_UNIQUE,CANONICAL,CIRCULAR,PERFECT_EXT,UNAMBIGUOUS_BP"
"3423","NW_017739137.1",4060200,4077847,"rsi_circ_004990",3,"+",2,3,40,40,"my_test_rsi2",3,0,0,1,"GTAG",NA,"ANCHOR_UNIQUE,CANONICAL,CIRCULAR,PERFECT_EXT,UNAMBIGUOUS_BP"
"3424","NW_017739278.1",1432375,1432621,"rsi_circ_004991",2,"+",1,2,40,40,"my_test_rsi2",2,1,0,1,"GTAG",NA,"ANCHOR_UNIQUE,CANONICAL,CIRCULAR,GOOD_EXT,UNAMBIGUOUS_BP"
"3425","NW_017739201.1",1259525,1262448,"rsi_circ_004993",3,"+",3,1,40,5,"my_test_rsi2",3,0,0,1,"GTAG",NA,"ANCHOR_UNIQUE,CANONICAL,CIRCULAR,PERFECT_EXT,UNAMBIGUOUS_BP"
"3426","NW_017739412.1",620333,626578,"rsi_circ_004995",3,"-",2,3,5,40,"my_test_rsi2",3,1,0,1,"GTAG",NA,"ANCHOR_UNIQUE,CANONICAL,CIRCULAR,GOOD_EXT,UNAMBIGUOUS_BP"
"3427","NW_017739225.1",1352260,1353024,"rsi_circ_004996",2,"-",1,2,40,5,"my_test_rsi2",2,0,0,1,"GTAG",NA,"ANCHOR_UNIQUE,CANONICAL,CIRCULAR,PERFECT_EXT,UNAMBIGUOUS_BP"
"3428","NW_017738953.1",1292364,1299203,"rsi_circ_004997",3,"-",1,3,40,40,"my_test_rsi2",3,0,0,1,"GTAG",NA,"ANCHOR_UNIQUE,CANONICAL,CIRCULAR,PERFECT_EXT,UNAMBIGUOUS_BP"
"3429","NW_017738924.1",7274660,7277225,"rsi_circ_004998",3,"-",3,3,40,40,"my_test_rsi2",3,0,0,1,"GTAG",NA,"ANCHOR_UNIQUE,CANONICAL,CIRCULAR,PERFECT_EXT,UNAMBIGUOUS_BP"
"3430","NW_017739092.1",2103675,2106940,"rsi_circ_004999",3,"-",2,3,40,40,"my_test_rsi2",3,1,0,1,"GTAG",NA,"ANCHOR_UNIQUE,CANONICAL,CIRCULAR,GOOD_EXT,UNAMBIGUOUS_BP"
"3431","NW_017739358.1",700867,712164,"rsi_circ_005000",2,"+",2,2,40,40,"my_test_rsi2",2,1,0,1,"GTAG",NA,"ANCHOR_UNIQUE,CANONICAL,CIRCULAR,GOOD_EXT,UNAMBIGUOUS_BP"
"3432","NW_017739015.1",5339192,5354654,"rsi_circ_005001",3,"+",1,3,40,40,"my_test_rsi2",3,0,0,1,"GTAG",NA,"ANCHOR_UNIQUE,CANONICAL,CIRCULAR,PERFECT_EXT,UNAMBIGUOUS_BP"
"3433","NW_017739161.1",280800,295090,"rsi_circ_005002",4,"+",1,4,35,40,"my_test_rsi2",4,0,0,1,"GTAG",NA,"ANCHOR_UNIQUE,CANONICAL,CIRCULAR,PERFECT_EXT,UNAMBIGUOUS_BP"
"3434","NW_017738960.1",6053054,6088233,"rsi_circ_005005",3,"-",1,3,5,40,"my_test_rsi2",3,0,0,1,"GTAG",NA,"ANCHOR_UNIQUE,CANONICAL,CIRCULAR,PERFECT_EXT,UNAMBIGUOUS_BP"
"3435","NW_017738975.1",547447,551558,"rsi_circ_005006",16,"+",8,16,40,40,"my_test_rsi2",16,0,0,1,"GTAG",NA,"ANCHOR_UNIQUE,CANONICAL,CIRCULAR,PERFECT_EXT,UNAMBIGUOUS_BP"
"3436","NW_017739939.1",228772,233383,"rsi_circ_005007",4,"+",3,4,40,40,"my_test_rsi2",4,0,0,1,"GTAG",NA,"ANCHOR_UNIQUE,CANONICAL,CIRCULAR,PERFECT_EXT,UNAMBIGUOUS_BP"
"3437","NW_017739305.1",527505,534785,"rsi_circ_005008",21,"+",6,20,40,40,"my_test_rsi2",21,0,0,1,"GTAG",NA,"ANCHOR_UNIQUE,CANONICAL,CIRCULAR,PERFECT_EXT,UNAMBIGUOUS_BP"
"3438","NW_017739290.1",223143,224859,"rsi_circ_005009",2,"+",2,2,40,40,"my_test_rsi2",2,1,0,1,"GTAG",NA,"ANCHOR_UNIQUE,CANONICAL,CIRCULAR,GOOD_EXT,UNAMBIGUOUS_BP"
"3439","NW_017739147.1",4341601,4347527,"rsi_circ_005010",6,"+",3,6,40,40,"my_test_rsi2",6,0,0,1,"GTAG",NA,"ANCHOR_UNIQUE,CANONICAL,CIRCULAR,PERFECT_EXT,UNAMBIGUOUS_BP"
"3440","NW_017739138.1",576201,578619,"rsi_circ_005011",4,"-",3,4,40,40,"my_test_rsi2",4,1,0,1,"GTAG",NA,"ANCHOR_UNIQUE,CANONICAL,CIRCULAR,GOOD_EXT,UNAMBIGUOUS_BP"
"3441","NW_017739093.1",1266336,1266908,"rsi_circ_005012",25,"+",7,25,40,40,"my_test_rsi2",25,0,0,1,"GTAG",NA,"ANCHOR_UNIQUE,CANONICAL,CIRCULAR,PERFECT_EXT,UNAMBIGUOUS_BP"
"3442","NW_017739019.1",4741405,4742076,"rsi_circ_005014",8,"-",2,8,40,40,"my_test_rsi2",8,0,0,1,"GTAG",NA,"ANCHOR_UNIQUE,CANONICAL,CIRCULAR,PERFECT_EXT,UNAMBIGUOUS_BP"
"3443","NW_017739033.1",2334458,2349137,"rsi_circ_005015",2,"-",1,2,40,5,"my_test_rsi2",2,0,0,1,"GTAG",NA,"ANCHOR_UNIQUE,CANONICAL,CIRCULAR,PERFECT_EXT,UNAMBIGUOUS_BP"
"3444","NW_017739224.1",2832157,2844390,"rsi_circ_005016",2,"+",1,2,40,5,"my_test_rsi2",2,1,0,1,"GTAG",NA,"ANCHOR_UNIQUE,CANONICAL,CIRCULAR,GOOD_EXT,UNAMBIGUOUS_BP"
"3445","NW_017738973.1",324927,327988,"rsi_circ_005018",4,"-",4,4,5,40,"my_test_rsi2",4,0,0,1,"GTAG",NA,"ANCHOR_UNIQUE,CANONICAL,CIRCULAR,PERFECT_EXT,UNAMBIGUOUS_BP"
"3446","NW_017739462.1",135775,151363,"rsi_circ_005019",3,"-",1,3,40,5,"my_test_rsi2",3,1,0,1,"GTAG",NA,"ANCHOR_UNIQUE,CANONICAL,CIRCULAR,GOOD_EXT,UNAMBIGUOUS_BP"
"3447","NW_017738931.1",4963952,4965966,"rsi_circ_005020",6,"-",5,6,40,40,"my_test_rsi2",6,0,0,1,"GTAG",NA,"ANCHOR_UNIQUE,CANONICAL,CIRCULAR,PERFECT_EXT,UNAMBIGUOUS_BP"
"3448","NW_017739227.1",725957,752004,"rsi_circ_005021",7,"-",3,7,40,40,"my_test_rsi2",7,0,0,1,"GTAG",NA,"ANCHOR_UNIQUE,CANONICAL,CIRCULAR,PERFECT_EXT,UNAMBIGUOUS_BP"
"3449","NW_017738998.1",5092016,5097680,"rsi_circ_005023",2,"-",1,2,5,40,"my_test_rsi2",2,0,0,1,"GTAG",NA,"ANCHOR_UNIQUE,CANONICAL,CIRCULAR,PERFECT_EXT,UNAMBIGUOUS_BP"
"3450","NW_017739415.1",1610583,1611964,"rsi_circ_005024",74,"+",39,62,40,40,"my_test_rsi2",74,0,0,1,"GTAG",NA,"ANCHOR_UNIQUE,CANONICAL,CIRCULAR,PERFECT_EXT,UNAMBIGUOUS_BP"
"3451","NW_017738943.1",17545880,17546469,"rsi_circ_005026",4,"-",4,3,40,40,"my_test_rsi2",4,0,0,1,"GTAG",NA,"ANCHOR_UNIQUE,CANONICAL,CIRCULAR,PERFECT_EXT,UNAMBIGUOUS_BP"
"3452","NW_017739373.1",1520596,1524270,"rsi_circ_005027",4,"-",1,4,40,40,"my_test_rsi2",4,0,0,1,"GTAG",NA,"ANCHOR_UNIQUE,CANONICAL,CIRCULAR,PERFECT_EXT,UNAMBIGUOUS_BP"
"3453","NW_017739410.1",680731,696596,"rsi_circ_005028",2,"-",2,2,40,40,"my_test_rsi2",2,0,0,1,"GTAG",NA,"ANCHOR_UNIQUE,CANONICAL,CIRCULAR,PERFECT_EXT,UNAMBIGUOUS_BP"
"3454","NW_017738948.1",6151613,6161630,"rsi_circ_005029",18,"-",9,18,40,40,"my_test_rsi2",18,0,0,1,"GTAG",NA,"ANCHOR_UNIQUE,CANONICAL,CIRCULAR,PERFECT_EXT,UNAMBIGUOUS_BP"
"3455","NW_017739026.1",4027853,4033053,"rsi_circ_005035",14,"-",7,14,40,40,"my_test_rsi2",14,0,0,1,"GTAG",NA,"ANCHOR_UNIQUE,CANONICAL,CIRCULAR,PERFECT_EXT,UNAMBIGUOUS_BP"
"3456","NW_017738948.1",5075554,5075940,"rsi_circ_005037",4,"-",1,4,40,40,"my_test_rsi2",4,0,0,1,"GTAG",NA,"ANCHOR_UNIQUE,CANONICAL,CIRCULAR,PERFECT_EXT,UNAMBIGUOUS_BP"
"3457","NW_017739829.1",141655,141912,"rsi_circ_005038",6,"-",4,6,40,40,"my_test_rsi2",6,0,0,1,"GTAG",NA,"ANCHOR_UNIQUE,CANONICAL,CIRCULAR,PERFECT_EXT,UNAMBIGUOUS_BP"
"3458","NW_017738943.1",8992724,9012469,"rsi_circ_005039",3,"+",1,3,40,40,"my_test_rsi2",3,0,0,1,"GTAG",NA,"ANCHOR_UNIQUE,CANONICAL,CIRCULAR,PERFECT_EXT,UNAMBIGUOUS_BP"
"3459","NW_017738930.1",976287,996204,"rsi_circ_005041",2,"-",2,2,5,40,"my_test_rsi2",2,0,0,1,"GTAG",NA,"ANCHOR_UNIQUE,CANONICAL,CIRCULAR,PERFECT_EXT,UNAMBIGUOUS_BP"
"3460","NW_017738951.1",7338756,7345991,"rsi_circ_005042",3,"+",3,3,40,40,"my_test_rsi2",3,1,0,1,"GTAG",NA,"ANCHOR_UNIQUE,CANONICAL,CIRCULAR,GOOD_EXT,UNAMBIGUOUS_BP"
"3461","NW_017739161.1",2198546,2294469,"rsi_circ_005044",2,"+",2,2,40,40,"my_test_rsi2",2,0,0,1,"GTAG",NA,"ANCHOR_UNIQUE,CANONICAL,CIRCULAR,PERFECT_EXT,UNAMBIGUOUS_BP"
"3462","NW_017738929.1",3799351,3804906,"rsi_circ_005045",2,"-",1,2,40,40,"my_test_rsi2",2,0,1,1,"GTAG",NA,"ANCHOR_UNIQUE,CANONICAL,CIRCULAR,GOOD_EXT,UNAMBIGUOUS_BP"
"3463","NW_017739325.1",300940,301481,"rsi_circ_005046",2,"-",2,2,40,40,"my_test_rsi2",2,0,0,1,"GTAG",NA,"ANCHOR_UNIQUE,CANONICAL,CIRCULAR,PERFECT_EXT,UNAMBIGUOUS_BP"
"3464","NW_017739028.1",1266406,1287881,"rsi_circ_005047",2,"+",2,2,40,40,"my_test_rsi2",2,0,0,1,"GTAG",NA,"ANCHOR_UNIQUE,CANONICAL,CIRCULAR,PERFECT_EXT,UNAMBIGUOUS_BP"
"3465","NW_017739120.1",2387999,2413262,"rsi_circ_005048",2,"-",1,2,40,5,"my_test_rsi2",2,0,0,1,"GTAG",NA,"ANCHOR_UNIQUE,CANONICAL,CIRCULAR,PERFECT_EXT,UNAMBIGUOUS_BP"
"3466","NW_017739386.1",520279,526216,"rsi_circ_005049",2,"-",2,2,40,40,"my_test_rsi2",2,0,0,1,"GTAG",NA,"ANCHOR_UNIQUE,CANONICAL,CIRCULAR,PERFECT_EXT,UNAMBIGUOUS_BP"
"3467","NW_017739293.1",841839,847372,"rsi_circ_005050",4,"+",3,4,40,40,"my_test_rsi2",4,0,0,1,"GTAG",NA,"ANCHOR_UNIQUE,CANONICAL,CIRCULAR,PERFECT_EXT,UNAMBIGUOUS_BP"
"3468","NW_017739078.1",4266919,4286864,"rsi_circ_005051",5,"-",4,5,40,35,"my_test_rsi2",5,0,0,1,"GTAG",NA,"ANCHOR_UNIQUE,CANONICAL,CIRCULAR,PERFECT_EXT,UNAMBIGUOUS_BP"
"3469","NW_017738955.1",1447216,1448275,"rsi_circ_005054",17,"-",10,16,40,40,"my_test_rsi2",17,0,0,1,"GTAG",NA,"ANCHOR_UNIQUE,CANONICAL,CIRCULAR,PERFECT_EXT,UNAMBIGUOUS_BP"
"3470","NW_017739205.1",562817,595241,"rsi_circ_005055",2,"-",1,2,40,5,"my_test_rsi2",2,0,0,1,"GTAG",NA,"ANCHOR_UNIQUE,CANONICAL,CIRCULAR,PERFECT_EXT,UNAMBIGUOUS_BP"
"3471","NW_017739032.1",3446160,3471709,"rsi_circ_005056",4,"-",2,4,40,35,"my_test_rsi2",4,1,0,1,"GTAG",NA,"ANCHOR_UNIQUE,CANONICAL,CIRCULAR,GOOD_EXT,UNAMBIGUOUS_BP"
"3472","NW_017739293.1",179397,187337,"rsi_circ_005058",4,"-",1,4,35,35,"my_test_rsi2",4,0,0,1,"GTAG",NA,"ANCHOR_UNIQUE,CANONICAL,CIRCULAR,PERFECT_EXT,UNAMBIGUOUS_BP"
"3473","NW_017738942.1",3187904,3217393,"rsi_circ_005059",2,"+",1,2,40,40,"my_test_rsi2",2,0,0,1,"GTAG",NA,"ANCHOR_UNIQUE,CANONICAL,CIRCULAR,PERFECT_EXT,UNAMBIGUOUS_BP"
"3474","NW_017739306.1",4515356,4518146,"rsi_circ_005060",3,"-",1,3,40,5,"my_test_rsi2",3,0,0,1,"GTAG",NA,"ANCHOR_UNIQUE,CANONICAL,CIRCULAR,PERFECT_EXT,UNAMBIGUOUS_BP"
"3475","NW_017739017.1",1333896,1358156,"rsi_circ_005062",3,"+",1,3,5,5,"my_test_rsi2",3,1,0,1,"GTAG",NA,"ANCHOR_UNIQUE,CANONICAL,CIRCULAR,GOOD_EXT,UNAMBIGUOUS_BP"
"3476","NW_017739042.1",51848,56200,"rsi_circ_005063",19,"-",10,18,40,40,"my_test_rsi2",19,0,0,1,"GTAG",NA,"ANCHOR_UNIQUE,CANONICAL,CIRCULAR,PERFECT_EXT,UNAMBIGUOUS_BP"
"3477","NW_017739245.1",643431,645930,"rsi_circ_005065",7,"-",4,7,40,40,"my_test_rsi2",7,0,0,1,"GTAG",NA,"ANCHOR_UNIQUE,CANONICAL,CIRCULAR,PERFECT_EXT,UNAMBIGUOUS_BP"
"3478","NW_017738951.1",7336656,7338845,"rsi_circ_005067",5,"+",4,5,40,35,"my_test_rsi2",5,1,0,1,"GTAG",NA,"ANCHOR_UNIQUE,CANONICAL,CIRCULAR,GOOD_EXT,UNAMBIGUOUS_BP"
"3479","NW_017739115.1",3624351,3630983,"rsi_circ_005068",4,"+",3,4,40,5,"my_test_rsi2",4,0,0,1,"GTAG",NA,"ANCHOR_UNIQUE,CANONICAL,CIRCULAR,PERFECT_EXT,UNAMBIGUOUS_BP"
"3480","NW_017739443.1",1353903,1359680,"rsi_circ_005069",2,"+",1,2,40,40,"my_test_rsi2",2,0,0,1,"GTAG",NA,"ANCHOR_UNIQUE,CANONICAL,CIRCULAR,PERFECT_EXT,UNAMBIGUOUS_BP"
"3481","NW_017739071.1",3229198,3229718,"rsi_circ_005070",4,"+",1,4,5,40,"my_test_rsi2",4,0,0,1,"GTAG",NA,"ANCHOR_UNIQUE,CANONICAL,CIRCULAR,PERFECT_EXT,UNAMBIGUOUS_BP"
"3482","NW_017739341.1",1164395,1168575,"rsi_circ_005072",5,"+",5,5,40,40,"my_test_rsi2",5,0,0,1,"GTAG",NA,"ANCHOR_UNIQUE,CANONICAL,CIRCULAR,PERFECT_EXT,UNAMBIGUOUS_BP"
"3483","NW_017738996.1",1666432,1688117,"rsi_circ_005073",5,"-",3,5,40,40,"my_test_rsi2",5,2,0,1,"GTAG",NA,"ANCHOR_UNIQUE,CANONICAL,CIRCULAR,OK_EXT,UNAMBIGUOUS_BP"
"3484","NW_017739468.1",216141,217177,"rsi_circ_005074",2,"+",2,2,5,40,"my_test_rsi2",2,0,0,1,"GTAG",NA,"ANCHOR_UNIQUE,CANONICAL,CIRCULAR,PERFECT_EXT,UNAMBIGUOUS_BP"
"3485","NW_017738927.1",4129032,4138592,"rsi_circ_005075",2,"+",2,2,40,35,"my_test_rsi2",2,1,0,1,"GTAG",NA,"ANCHOR_UNIQUE,CANONICAL,CIRCULAR,GOOD_EXT,UNAMBIGUOUS_BP"
"3486","NW_017738970.1",3668877,3672255,"rsi_circ_005077",2,"-",1,2,40,40,"my_test_rsi2",2,0,0,1,"GTAG",NA,"ANCHOR_UNIQUE,CANONICAL,CIRCULAR,PERFECT_EXT,UNAMBIGUOUS_BP"
"3487","NW_017739478.1",215667,219181,"rsi_circ_005078",6,"+",3,6,40,40,"my_test_rsi2",6,1,0,1,"GTAG",NA,"ANCHOR_UNIQUE,CANONICAL,CIRCULAR,GOOD_EXT,UNAMBIGUOUS_BP"
"3488","NW_017739115.1",2835269,2838387,"rsi_circ_005079",7,"+",4,7,40,40,"my_test_rsi2",7,0,0,1,"GTAG",NA,"ANCHOR_UNIQUE,CANONICAL,CIRCULAR,PERFECT_EXT,UNAMBIGUOUS_BP"
"3489","NW_017738929.1",3799351,3801964,"rsi_circ_005082",7,"-",4,7,40,5,"my_test_rsi2",7,0,0,1,"GTAG",NA,"ANCHOR_UNIQUE,CANONICAL,CIRCULAR,PERFECT_EXT,UNAMBIGUOUS_BP"
"3490","NW_017739006.1",5407315,5412146,"rsi_circ_005083",2,"+",1,2,40,40,"my_test_rsi2",2,0,0,1,"GTAG",NA,"ANCHOR_UNIQUE,CANONICAL,CIRCULAR,PERFECT_EXT,UNAMBIGUOUS_BP"
"3491","NW_017738992.1",478293,529469,"rsi_circ_005084",9,"-",8,8,40,40,"my_test_rsi2",9,0,0,1,"GTAG",NA,"ANCHOR_UNIQUE,CANONICAL,CIRCULAR,PERFECT_EXT,UNAMBIGUOUS_BP"
"3492","NW_017739104.1",221242,224985,"rsi_circ_005086",3,"+",2,3,40,40,"my_test_rsi2",3,0,0,1,"GTAG",NA,"ANCHOR_UNIQUE,CANONICAL,CIRCULAR,PERFECT_EXT,UNAMBIGUOUS_BP"
"3493","NW_017738954.1",2983752,2985490,"rsi_circ_005089",4,"+",3,4,40,40,"my_test_rsi2",4,0,0,1,"GTAG",NA,"ANCHOR_UNIQUE,CANONICAL,CIRCULAR,PERFECT_EXT,UNAMBIGUOUS_BP"
"3494","NW_017739020.1",821991,870023,"rsi_circ_005093",2,"+",2,1,5,40,"my_test_rsi2",2,0,0,1,"GTAG",NA,"ANCHOR_UNIQUE,CANONICAL,CIRCULAR,PERFECT_EXT,UNAMBIGUOUS_BP"
"3495","NW_017738924.1",9562995,9564290,"rsi_circ_005094",2,"-",2,2,37,5,"my_test_rsi2",2,0,0,1,"GTAG",NA,"ANCHOR_UNIQUE,CANONICAL,CIRCULAR,PERFECT_EXT,UNAMBIGUOUS_BP"
"3496","NW_017738934.1",2535016,2613570,"rsi_circ_005096",2,"-",1,2,5,35,"my_test_rsi2",2,2,0,1,"GTAG",NA,"ANCHOR_UNIQUE,CANONICAL,CIRCULAR,OK_EXT,UNAMBIGUOUS_BP"
"3497","NW_017739034.1",1947427,1968621,"rsi_circ_005097",3,"+",3,1,40,5,"my_test_rsi2",3,0,0,1,"GTAG",NA,"ANCHOR_UNIQUE,CANONICAL,CIRCULAR,PERFECT_EXT,UNAMBIGUOUS_BP"
"3498","NW_017739194.1",3481642,3484935,"rsi_circ_005099",6,"-",2,6,40,40,"my_test_rsi2",6,0,0,1,"GTAG",NA,"ANCHOR_UNIQUE,CANONICAL,CIRCULAR,PERFECT_EXT,UNAMBIGUOUS_BP"
"3499","NW_017739174.1",2022,59483,"rsi_circ_005100",30,"+",16,28,40,40,"my_test_rsi2",30,0,0,1,"GTAG",NA,"ANCHOR_UNIQUE,CANONICAL,CIRCULAR,PERFECT_EXT,UNAMBIGUOUS_BP"
"3500","NW_017739099.1",1415365,1426604,"rsi_circ_005101",4,"+",2,4,40,40,"my_test_rsi2",4,0,0,1,"GTAG",NA,"ANCHOR_UNIQUE,CANONICAL,CIRCULAR,PERFECT_EXT,UNAMBIGUOUS_BP"
"3501","NW_017738932.1",5340805,5344782,"rsi_circ_005105",2,"+",1,2,35,40,"my_test_rsi2",2,0,0,1,"GTAG",NA,"ANCHOR_UNIQUE,CANONICAL,CIRCULAR,PERFECT_EXT,UNAMBIGUOUS_BP"
"3502","NW_017739309.1",2204571,2224425,"rsi_circ_005106",3,"-",1,3,40,5,"my_test_rsi2",3,0,0,1,"GTAG",NA,"ANCHOR_UNIQUE,CANONICAL,CIRCULAR,PERFECT_EXT,UNAMBIGUOUS_BP"
"3503","NW_017739132.1",2054873,2058023,"rsi_circ_005107",5,"-",5,5,40,5,"my_test_rsi2",5,0,0,1,"GTAG",NA,"ANCHOR_UNIQUE,CANONICAL,CIRCULAR,PERFECT_EXT,UNAMBIGUOUS_BP"
"3504","NW_017739521.1",236707,270364,"rsi_circ_005108",11,"-",8,11,40,40,"my_test_rsi2",11,1,0,1,"GTAG",NA,"ANCHOR_UNIQUE,CANONICAL,CIRCULAR,GOOD_EXT,UNAMBIGUOUS_BP"
"3505","NW_017739158.1",2288096,2302346,"rsi_circ_005110",2,"+",1,2,40,40,"my_test_rsi2",2,0,0,1,"GTAG",NA,"ANCHOR_UNIQUE,CANONICAL,CIRCULAR,PERFECT_EXT,UNAMBIGUOUS_BP"
"3506","NW_017739115.1",3658361,3680499,"rsi_circ_005111",4,"+",3,4,40,40,"my_test_rsi2",4,0,0,1,"GTAG",NA,"ANCHOR_UNIQUE,CANONICAL,CIRCULAR,PERFECT_EXT,UNAMBIGUOUS_BP"
"3507","NW_017739476.1",863649,897244,"rsi_circ_005112",5,"-",3,5,40,40,"my_test_rsi2",5,0,0,1,"GTAG",NA,"ANCHOR_UNIQUE,CANONICAL,CIRCULAR,PERFECT_EXT,UNAMBIGUOUS_BP"
"3508","NW_017738944.1",1055932,1059146,"rsi_circ_005115",3,"+",3,3,40,40,"my_test_rsi2",3,0,0,1,"GTAG",NA,"ANCHOR_UNIQUE,CANONICAL,CIRCULAR,PERFECT_EXT,UNAMBIGUOUS_BP"
"3509","NW_017739063.1",846697,863601,"rsi_circ_005116",2,"-",1,2,40,5,"my_test_rsi2",2,2,0,1,"GTAG",NA,"ANCHOR_UNIQUE,CANONICAL,CIRCULAR,OK_EXT,UNAMBIGUOUS_BP"
"3510","NW_017739095.1",1134955,1138091,"rsi_circ_005117",2,"-",2,2,40,40,"my_test_rsi2",2,0,0,1,"GTAG",NA,"ANCHOR_UNIQUE,CANONICAL,CIRCULAR,PERFECT_EXT,UNAMBIGUOUS_BP"
"3511","NW_017738923.1",16045357,16045980,"rsi_circ_005118",2,"-",2,2,40,40,"my_test_rsi2",2,0,0,1,"GTAG",NA,"ANCHOR_UNIQUE,CANONICAL,CIRCULAR,PERFECT_EXT,UNAMBIGUOUS_BP"
"3512","NW_017738932.1",7156512,7177138,"rsi_circ_005119",25,"+",18,23,40,40,"my_test_rsi2",25,0,0,1,"GTAG",NA,"ANCHOR_UNIQUE,CANONICAL,CIRCULAR,PERFECT_EXT,UNAMBIGUOUS_BP"
"3513","NW_017739146.1",1406929,1410563,"rsi_circ_005120",2,"-",1,2,5,40,"my_test_rsi2",2,1,0,1,"GTAG",NA,"ANCHOR_UNIQUE,CANONICAL,CIRCULAR,GOOD_EXT,UNAMBIGUOUS_BP"
"3514","NW_017739004.1",3576988,3584590,"rsi_circ_005122",6,"-",4,6,5,40,"my_test_rsi2",6,0,0,1,"GTAG",NA,"ANCHOR_UNIQUE,CANONICAL,CIRCULAR,PERFECT_EXT,UNAMBIGUOUS_BP"
"3515","NW_017738957.1",11552380,11553317,"rsi_circ_005124",4,"-",2,4,40,40,"my_test_rsi2",4,2,0,1,"GTAG",NA,"ANCHOR_UNIQUE,CANONICAL,CIRCULAR,OK_EXT,UNAMBIGUOUS_BP"
"3516","NW_017739165.1",1110915,1178980,"rsi_circ_005125",4,"-",1,4,40,40,"my_test_rsi2",4,0,0,1,"GTAG",NA,"ANCHOR_UNIQUE,CANONICAL,CIRCULAR,PERFECT_EXT,UNAMBIGUOUS_BP"
"3517","NW_017739001.1",3655034,3659908,"rsi_circ_005126",10,"-",6,10,40,40,"my_test_rsi2",10,0,0,1,"GTAG",NA,"ANCHOR_UNIQUE,CANONICAL,CIRCULAR,PERFECT_EXT,UNAMBIGUOUS_BP"
"3518","NW_017738944.1",5525206,5529596,"rsi_circ_005127",4,"+",1,4,5,40,"my_test_rsi2",4,2,0,1,"GTAG",NA,"ANCHOR_UNIQUE,CANONICAL,CIRCULAR,OK_EXT,UNAMBIGUOUS_BP"
"3519","NW_017738920.1",1202591,1205197,"rsi_circ_005128",4,"+",1,4,5,40,"my_test_rsi2",4,1,0,1,"GTAG",NA,"ANCHOR_UNIQUE,CANONICAL,CIRCULAR,GOOD_EXT,UNAMBIGUOUS_BP"
"3520","NW_017739123.1",417133,420280,"rsi_circ_005129",2,"+",1,2,5,5,"my_test_rsi2",2,0,0,1,"GTAG",NA,"ANCHOR_UNIQUE,CANONICAL,CIRCULAR,PERFECT_EXT,UNAMBIGUOUS_BP"
"3521","NW_017739126.1",1035397,1039953,"rsi_circ_005130",2,"-",1,2,35,5,"my_test_rsi2",2,0,1,1,"GTAG",NA,"ANCHOR_UNIQUE,CANONICAL,CIRCULAR,GOOD_EXT,UNAMBIGUOUS_BP"
"3522","NW_017739070.1",112798,119669,"rsi_circ_005131",2,"-",1,2,40,35,"my_test_rsi2",2,0,0,1,"GTAG",NA,"ANCHOR_UNIQUE,CANONICAL,CIRCULAR,PERFECT_EXT,UNAMBIGUOUS_BP"
"3523","NW_017739143.1",1460023,1469902,"rsi_circ_005132",4,"-",3,4,40,5,"my_test_rsi2",4,0,0,1,"GTAG",NA,"ANCHOR_UNIQUE,CANONICAL,CIRCULAR,PERFECT_EXT,UNAMBIGUOUS_BP"
"3524","NW_017738929.1",736379,745130,"rsi_circ_005133",5,"-",1,5,5,5,"my_test_rsi2",5,0,0,1,"GTAG",NA,"ANCHOR_UNIQUE,CANONICAL,CIRCULAR,PERFECT_EXT,UNAMBIGUOUS_BP"
"3525","NW_017739294.1",320694,360933,"rsi_circ_005134",3,"-",1,3,40,5,"my_test_rsi2",3,0,0,1,"GTAG",NA,"ANCHOR_UNIQUE,CANONICAL,CIRCULAR,PERFECT_EXT,UNAMBIGUOUS_BP"
"3526","NW_017738957.1",18282485,18288232,"rsi_circ_005138",3,"+",1,3,40,5,"my_test_rsi2",3,0,0,1,"GTAG",NA,"ANCHOR_UNIQUE,CANONICAL,CIRCULAR,PERFECT_EXT,UNAMBIGUOUS_BP"
"3527","NW_017739448.1",1010286,1052676,"rsi_circ_005139",2,"-",1,2,40,40,"my_test_rsi2",2,0,0,1,"GTAG",NA,"ANCHOR_UNIQUE,CANONICAL,CIRCULAR,PERFECT_EXT,UNAMBIGUOUS_BP"
"3528","NW_017738960.1",3686537,3696372,"rsi_circ_005140",3,"+",2,3,40,5,"my_test_rsi2",3,1,0,1,"GTAG",NA,"ANCHOR_UNIQUE,CANONICAL,CIRCULAR,GOOD_EXT,UNAMBIGUOUS_BP"
"3529","NW_017739660.1",745804,788387,"rsi_circ_005141",3,"-",2,3,40,35,"my_test_rsi2",3,0,0,1,"GTAG",NA,"ANCHOR_UNIQUE,CANONICAL,CIRCULAR,PERFECT_EXT,UNAMBIGUOUS_BP"
"3530","NW_017739046.1",2766124,2769656,"rsi_circ_005144",4,"+",3,4,40,40,"my_test_rsi2",4,0,0,1,"GTAG",NA,"ANCHOR_UNIQUE,CANONICAL,CIRCULAR,PERFECT_EXT,UNAMBIGUOUS_BP"
"3531","NW_017739177.1",2577772,2578395,"rsi_circ_005145",21,"-",9,21,40,40,"my_test_rsi2",21,0,0,1,"GTAG",NA,"ANCHOR_UNIQUE,CANONICAL,CIRCULAR,PERFECT_EXT,UNAMBIGUOUS_BP"
"3532","NW_017738980.1",1917480,1922507,"rsi_circ_005147",2,"-",1,2,5,5,"my_test_rsi2",2,2,0,1,"GTAG",NA,"ANCHOR_UNIQUE,CANONICAL,CIRCULAR,OK_EXT,UNAMBIGUOUS_BP"
"3533","NW_017739265.1",415346,421300,"rsi_circ_005148",19,"-",7,17,40,40,"my_test_rsi2",19,1,0,1,"GTAG",NA,"ANCHOR_UNIQUE,CANONICAL,CIRCULAR,GOOD_EXT,UNAMBIGUOUS_BP"
"3534","NW_017738923.1",14772274,14789617,"rsi_circ_005149",16,"-",10,16,40,40,"my_test_rsi2",16,0,0,1,"GTAG",NA,"ANCHOR_UNIQUE,CANONICAL,CIRCULAR,PERFECT_EXT,UNAMBIGUOUS_BP"
"3535","NW_017739180.1",749217,757892,"rsi_circ_005150",2,"-",1,2,5,5,"my_test_rsi2",2,1,0,1,"GTAG",NA,"ANCHOR_UNIQUE,CANONICAL,CIRCULAR,GOOD_EXT,UNAMBIGUOUS_BP"
"3536","NW_017739446.1",688029,688264,"rsi_circ_005151",91,"-",41,91,40,40,"my_test_rsi2",91,0,0,1,"GTAG",NA,"ANCHOR_UNIQUE,CANONICAL,CIRCULAR,PERFECT_EXT,UNAMBIGUOUS_BP"
"3537","NW_017739355.1",2877114,2881003,"rsi_circ_005152",5,"+",3,5,40,40,"my_test_rsi2",5,0,0,1,"GTAG",NA,"ANCHOR_UNIQUE,CANONICAL,CIRCULAR,PERFECT_EXT,UNAMBIGUOUS_BP"
"3538","NW_017739195.1",2302255,2317298,"rsi_circ_005153",4,"-",2,4,40,40,"my_test_rsi2",4,0,0,1,"GTAG",NA,"ANCHOR_UNIQUE,CANONICAL,CIRCULAR,PERFECT_EXT,UNAMBIGUOUS_BP"
"3539","NW_017738929.1",3925594,3930657,"rsi_circ_005154",2,"-",2,1,40,40,"my_test_rsi2",2,1,0,1,"GTAG",NA,"ANCHOR_UNIQUE,CANONICAL,CIRCULAR,GOOD_EXT,UNAMBIGUOUS_BP"
"3540","NW_017739342.1",446551,452019,"rsi_circ_005156",8,"+",4,7,40,40,"my_test_rsi2",8,0,0,1,"GTAG",NA,"ANCHOR_UNIQUE,CANONICAL,CIRCULAR,PERFECT_EXT,UNAMBIGUOUS_BP"
"3541","NW_017739010.1",3606683,3661067,"rsi_circ_005158",2,"+",1,2,5,40,"my_test_rsi2",2,1,0,1,"GTAG",NA,"ANCHOR_UNIQUE,CANONICAL,CIRCULAR,GOOD_EXT,UNAMBIGUOUS_BP"
"3542","NW_017739190.1",44361,90961,"rsi_circ_005159",2,"+",1,2,5,5,"my_test_rsi2",2,0,0,1,"GTAG",NA,"ANCHOR_UNIQUE,CANONICAL,CIRCULAR,PERFECT_EXT,UNAMBIGUOUS_BP"
"3543","NW_017738965.1",3732411,3736884,"rsi_circ_005160",3,"+",1,3,5,35,"my_test_rsi2",3,1,0,1,"GTAG",NA,"ANCHOR_UNIQUE,CANONICAL,CIRCULAR,GOOD_EXT,UNAMBIGUOUS_BP"
"3544","NW_017738943.1",17968821,17973379,"rsi_circ_005161",2,"+",1,2,5,40,"my_test_rsi2",2,2,0,1,"GTAG",NA,"ANCHOR_UNIQUE,CANONICAL,CIRCULAR,OK_EXT,UNAMBIGUOUS_BP"
"3545","NW_017739084.1",3195307,3196389,"rsi_circ_005164",9,"+",6,9,40,40,"my_test_rsi2",9,1,0,1,"GTAG",NA,"ANCHOR_UNIQUE,CANONICAL,CIRCULAR,GOOD_EXT,UNAMBIGUOUS_BP"
"3546","NW_017739036.1",818194,821477,"rsi_circ_005166",6,"+",1,6,5,40,"my_test_rsi2",6,0,0,1,"GTAG",NA,"ANCHOR_UNIQUE,CANONICAL,CIRCULAR,PERFECT_EXT,UNAMBIGUOUS_BP"
"3547","NW_017739076.1",3831058,3834873,"rsi_circ_005169",6,"+",2,4,40,40,"my_test_rsi2",6,0,0,1,"GTAG",NA,"ANCHOR_UNIQUE,CANONICAL,CIRCULAR,PERFECT_EXT,UNAMBIGUOUS_BP"
"3548","NW_017738923.1",11207816,11215232,"rsi_circ_005172",2,"+",1,2,40,35,"my_test_rsi2",2,0,0,1,"GTAG",NA,"ANCHOR_UNIQUE,CANONICAL,CIRCULAR,PERFECT_EXT,UNAMBIGUOUS_BP"
"3549","NW_017739249.1",887239,895245,"rsi_circ_005174",17,"-",11,15,40,40,"my_test_rsi2",17,0,0,1,"GTAG",NA,"ANCHOR_UNIQUE,CANONICAL,CIRCULAR,PERFECT_EXT,UNAMBIGUOUS_BP"
"3550","NW_017739576.1",593902,618618,"rsi_circ_005177",52,"+",22,52,40,40,"my_test_rsi2",52,0,0,1,"GTAG",NA,"ANCHOR_UNIQUE,CANONICAL,CIRCULAR,PERFECT_EXT,UNAMBIGUOUS_BP"
"3551","NW_017739217.1",1575109,1576606,"rsi_circ_005178",9,"+",3,9,40,40,"my_test_rsi2",9,0,0,1,"GTAG",NA,"ANCHOR_UNIQUE,CANONICAL,CIRCULAR,PERFECT_EXT,UNAMBIGUOUS_BP"
"3552","NW_017739026.1",3381402,3381885,"rsi_circ_005179",2,"-",1,2,40,40,"my_test_rsi2",2,2,0,1,"GTAG",NA,"ANCHOR_UNIQUE,CANONICAL,CIRCULAR,OK_EXT,UNAMBIGUOUS_BP"
"3553","NW_017739403.1",1092932,1109306,"rsi_circ_005180",2,"-",1,2,40,5,"my_test_rsi2",2,0,0,1,"GTAG",NA,"ANCHOR_UNIQUE,CANONICAL,CIRCULAR,PERFECT_EXT,UNAMBIGUOUS_BP"
"3554","NW_017739337.1",1568858,1574515,"rsi_circ_005181",8,"-",6,8,40,40,"my_test_rsi2",8,0,0,1,"GTAG",NA,"ANCHOR_UNIQUE,CANONICAL,CIRCULAR,PERFECT_EXT,UNAMBIGUOUS_BP"
"3555","NW_017738969.1",2850794,2878705,"rsi_circ_005182",2,"+",1,2,5,40,"my_test_rsi2",2,0,0,1,"GTAG",NA,"ANCHOR_UNIQUE,CANONICAL,CIRCULAR,PERFECT_EXT,UNAMBIGUOUS_BP"
"3556","NW_017739355.1",2792939,2857958,"rsi_circ_005183",4,"+",3,4,40,40,"my_test_rsi2",4,0,0,1,"GTAG",NA,"ANCHOR_UNIQUE,CANONICAL,CIRCULAR,PERFECT_EXT,UNAMBIGUOUS_BP"
"3557","NW_017739473.1",1543463,1548621,"rsi_circ_005185",10,"+",6,10,40,40,"my_test_rsi2",10,0,0,1,"GTAG",NA,"ANCHOR_UNIQUE,CANONICAL,CIRCULAR,PERFECT_EXT,UNAMBIGUOUS_BP"
"3558","NW_017739037.1",140296,188833,"rsi_circ_005186",4,"-",1,4,5,5,"my_test_rsi2",4,0,0,1,"GTAG",NA,"ANCHOR_UNIQUE,CANONICAL,CIRCULAR,PERFECT_EXT,UNAMBIGUOUS_BP"
"3559","NW_017739555.1",223705,248026,"rsi_circ_005187",3,"+",1,3,5,5,"my_test_rsi2",3,0,0,1,"GTAG",NA,"ANCHOR_UNIQUE,CANONICAL,CIRCULAR,PERFECT_EXT,UNAMBIGUOUS_BP"
"3560","NW_017739514.1",104507,128627,"rsi_circ_005190",2,"-",1,2,5,40,"my_test_rsi2",2,0,0,1,"GTAG",NA,"ANCHOR_UNIQUE,CANONICAL,CIRCULAR,PERFECT_EXT,UNAMBIGUOUS_BP"
"3561","NW_017738973.1",306705,314179,"rsi_circ_005191",4,"-",1,4,5,5,"my_test_rsi2",4,0,0,1,"GTAG",NA,"ANCHOR_UNIQUE,CANONICAL,CIRCULAR,PERFECT_EXT,UNAMBIGUOUS_BP"
"3562","NW_017739088.1",7940595,7967049,"rsi_circ_005192",4,"+",1,4,40,40,"my_test_rsi2",4,0,0,1,"GTAG",NA,"ANCHOR_UNIQUE,CANONICAL,CIRCULAR,PERFECT_EXT,UNAMBIGUOUS_BP"
"3563","NW_017739395.1",878862,879509,"rsi_circ_005194",4,"+",3,4,40,40,"my_test_rsi2",4,0,0,1,"GTAG",NA,"ANCHOR_UNIQUE,CANONICAL,CIRCULAR,PERFECT_EXT,UNAMBIGUOUS_BP"
"3564","NW_017739221.1",501874,503102,"rsi_circ_005196",62,"+",29,58,40,40,"my_test_rsi2",62,0,0,1,"GTAG",NA,"ANCHOR_UNIQUE,CANONICAL,CIRCULAR,PERFECT_EXT,UNAMBIGUOUS_BP"
"3565","NW_017739204.1",1726230,1737019,"rsi_circ_005197",3,"+",1,3,5,40,"my_test_rsi2",3,0,0,1,"GTAG",NA,"ANCHOR_UNIQUE,CANONICAL,CIRCULAR,PERFECT_EXT,UNAMBIGUOUS_BP"
"3566","NW_017739017.1",2554458,2556733,"rsi_circ_005199",13,"+",7,13,40,40,"my_test_rsi2",13,0,0,1,"GTAG",NA,"ANCHOR_UNIQUE,CANONICAL,CIRCULAR,PERFECT_EXT,UNAMBIGUOUS_BP"
"3567","NW_017739021.1",836118,838449,"rsi_circ_005202",3,"-",1,3,5,40,"my_test_rsi2",3,0,0,1,"GTAG",NA,"ANCHOR_UNIQUE,CANONICAL,CIRCULAR,PERFECT_EXT,UNAMBIGUOUS_BP"
"3568","NW_017739130.1",60182,63329,"rsi_circ_005203",15,"-",11,5,40,40,"my_test_rsi2",15,0,0,1,"GTAG",NA,"ANCHOR_UNIQUE,CANONICAL,CIRCULAR,PERFECT_EXT,UNAMBIGUOUS_BP"
"3569","NW_017738995.1",44865,62893,"rsi_circ_005205",6,"+",5,6,40,40,"my_test_rsi2",6,1,0,1,"GTAG",NA,"ANCHOR_UNIQUE,CANONICAL,CIRCULAR,GOOD_EXT,UNAMBIGUOUS_BP"
"3570","NW_017739668.1",60315,62036,"rsi_circ_005206",2,"-",1,2,40,5,"my_test_rsi2",2,0,0,1,"GTAG",NA,"ANCHOR_UNIQUE,CANONICAL,CIRCULAR,PERFECT_EXT,UNAMBIGUOUS_BP"
"3571","NW_017739102.1",1631017,1632837,"rsi_circ_005208",13,"+",9,12,40,40,"my_test_rsi2",13,0,0,1,"GTAG",NA,"ANCHOR_UNIQUE,CANONICAL,CIRCULAR,PERFECT_EXT,UNAMBIGUOUS_BP"
"3572","NW_017739291.1",897493,905140,"rsi_circ_005209",4,"+",2,4,40,40,"my_test_rsi2",4,1,0,1,"GTAG",NA,"ANCHOR_UNIQUE,CANONICAL,CIRCULAR,GOOD_EXT,UNAMBIGUOUS_BP"
"3573","NW_017739375.1",169329,174899,"rsi_circ_005210",2,"-",2,2,40,5,"my_test_rsi2",2,0,0,1,"GTAG",NA,"ANCHOR_UNIQUE,CANONICAL,CIRCULAR,PERFECT_EXT,UNAMBIGUOUS_BP"
"3574","NW_017738921.1",7113406,7120022,"rsi_circ_005211",8,"+",5,8,40,40,"my_test_rsi2",8,0,0,1,"GTAG",NA,"ANCHOR_UNIQUE,CANONICAL,CIRCULAR,PERFECT_EXT,UNAMBIGUOUS_BP"
"3575","NW_017739200.1",2032425,2032905,"rsi_circ_005212",37,"-",19,37,40,40,"my_test_rsi2",37,0,0,1,"GTAG",NA,"ANCHOR_UNIQUE,CANONICAL,CIRCULAR,PERFECT_EXT,UNAMBIGUOUS_BP"
"3576","NW_017739011.1",2045964,2046926,"rsi_circ_005216",2,"-",2,2,40,40,"my_test_rsi2",2,1,0,1,"GTAG",NA,"ANCHOR_UNIQUE,CANONICAL,CIRCULAR,GOOD_EXT,UNAMBIGUOUS_BP"
"3577","NW_017739132.1",1314542,1324750,"rsi_circ_005218",2,"-",2,2,5,40,"my_test_rsi2",2,0,0,1,"GTAG",NA,"ANCHOR_UNIQUE,CANONICAL,CIRCULAR,PERFECT_EXT,UNAMBIGUOUS_BP"
"3578","NW_017738923.1",15232715,15238606,"rsi_circ_005219",5,"+",4,5,40,40,"my_test_rsi2",5,0,0,1,"GTAG",NA,"ANCHOR_UNIQUE,CANONICAL,CIRCULAR,PERFECT_EXT,UNAMBIGUOUS_BP"
"3579","NW_017738944.1",5273050,5273262,"rsi_circ_005220",2,"+",1,2,35,40,"my_test_rsi2",2,1,2,1,"GTAG",NA,"ANCHOR_UNIQUE,CANONICAL,CIRCULAR,OK_EXT,UNAMBIGUOUS_BP"
"3580","NW_017739075.1",1241812,1242249,"rsi_circ_005221",7,"+",3,7,40,40,"my_test_rsi2",7,0,0,1,"GTAG",NA,"ANCHOR_UNIQUE,CANONICAL,CIRCULAR,PERFECT_EXT,UNAMBIGUOUS_BP"
"3581","NW_017739298.1",1401904,1447475,"rsi_circ_005223",23,"+",10,23,40,40,"my_test_rsi2",23,0,0,1,"GTAG",NA,"ANCHOR_UNIQUE,CANONICAL,CIRCULAR,PERFECT_EXT,UNAMBIGUOUS_BP"
"3582","NW_017739877.1",11687,40745,"rsi_circ_005224",2,"+",1,2,35,40,"my_test_rsi2",2,0,0,1,"GTAG",NA,"ANCHOR_UNIQUE,CANONICAL,CIRCULAR,PERFECT_EXT,UNAMBIGUOUS_BP"
"3583","NW_017739410.1",228936,237067,"rsi_circ_005225",2,"+",2,1,5,5,"my_test_rsi2",2,0,0,1,"GTAG",NA,"ANCHOR_UNIQUE,CANONICAL,CIRCULAR,PERFECT_EXT,UNAMBIGUOUS_BP"
"3584","NW_017739029.1",1193558,1196772,"rsi_circ_005227",9,"-",5,8,40,40,"my_test_rsi2",9,0,0,1,"GTAG",NA,"ANCHOR_UNIQUE,CANONICAL,CIRCULAR,PERFECT_EXT,UNAMBIGUOUS_BP"
"3585","NW_017739103.1",167230,168078,"rsi_circ_005228",18,"+",13,17,40,40,"my_test_rsi2",18,0,0,1,"GTAG",NA,"ANCHOR_UNIQUE,CANONICAL,CIRCULAR,PERFECT_EXT,UNAMBIGUOUS_BP"
"3586","NW_017739066.1",3501742,3505934,"rsi_circ_005229",3,"+",1,3,5,35,"my_test_rsi2",3,0,0,1,"GTAG",NA,"ANCHOR_UNIQUE,CANONICAL,CIRCULAR,PERFECT_EXT,UNAMBIGUOUS_BP"
"3587","NW_017738932.1",7022295,7026841,"rsi_circ_005230",2,"+",2,2,5,5,"my_test_rsi2",2,0,0,1,"GTAG",NA,"ANCHOR_UNIQUE,CANONICAL,CIRCULAR,PERFECT_EXT,UNAMBIGUOUS_BP"
"3588","NW_017739522.1",431808,432559,"rsi_circ_005231",2,"+",1,2,40,5,"my_test_rsi2",2,1,0,1,"GTAG",NA,"ANCHOR_UNIQUE,CANONICAL,CIRCULAR,GOOD_EXT,UNAMBIGUOUS_BP"
"3589","NW_017738960.1",1865460,1868828,"rsi_circ_005232",3,"+",2,3,5,40,"my_test_rsi2",3,0,0,1,"GTAG",NA,"ANCHOR_UNIQUE,CANONICAL,CIRCULAR,PERFECT_EXT,UNAMBIGUOUS_BP"
"3590","NW_017738984.1",584686,589737,"rsi_circ_005233",2,"-",1,2,5,40,"my_test_rsi2",2,0,0,1,"GTAG",NA,"ANCHOR_UNIQUE,CANONICAL,CIRCULAR,PERFECT_EXT,UNAMBIGUOUS_BP"
"3591","NW_017739088.1",347440,347695,"rsi_circ_005234",7,"+",3,7,40,40,"my_test_rsi2",7,0,0,1,"GTAG",NA,"ANCHOR_UNIQUE,CANONICAL,CIRCULAR,PERFECT_EXT,UNAMBIGUOUS_BP"
"3592","NW_017738958.1",4032645,4033962,"rsi_circ_005235",17,"-",11,14,40,40,"my_test_rsi2",17,0,0,1,"GTAG",NA,"ANCHOR_UNIQUE,CANONICAL,CIRCULAR,PERFECT_EXT,UNAMBIGUOUS_BP"
"3593","NW_017739265.1",414033,421300,"rsi_circ_005237",3,"-",1,3,5,40,"my_test_rsi2",3,1,0,1,"GTAG",NA,"ANCHOR_UNIQUE,CANONICAL,CIRCULAR,GOOD_EXT,UNAMBIGUOUS_BP"
"3594","NW_017739059.1",1003300,1018215,"rsi_circ_005238",3,"+",3,3,40,40,"my_test_rsi2",3,0,0,1,"GTAG",NA,"ANCHOR_UNIQUE,CANONICAL,CIRCULAR,PERFECT_EXT,UNAMBIGUOUS_BP"
"3595","NW_017739210.1",936931,938630,"rsi_circ_005241",3,"-",2,3,40,40,"my_test_rsi2",3,0,0,1,"GTAG",NA,"ANCHOR_UNIQUE,CANONICAL,CIRCULAR,PERFECT_EXT,UNAMBIGUOUS_BP"
"3596","NW_017739257.1",599747,605628,"rsi_circ_005242",8,"-",4,8,40,40,"my_test_rsi2",8,0,0,1,"GTAG",NA,"ANCHOR_UNIQUE,CANONICAL,CIRCULAR,PERFECT_EXT,UNAMBIGUOUS_BP"
"3597","NW_017738953.1",4499306,4515287,"rsi_circ_005243",3,"+",1,3,40,40,"my_test_rsi2",3,0,0,1,"GTAG",NA,"ANCHOR_UNIQUE,CANONICAL,CIRCULAR,PERFECT_EXT,UNAMBIGUOUS_BP"
"3598","NW_017739573.1",189226,200843,"rsi_circ_005244",6,"-",4,6,40,40,"my_test_rsi2",6,0,0,1,"GTAG",NA,"ANCHOR_UNIQUE,CANONICAL,CIRCULAR,PERFECT_EXT,UNAMBIGUOUS_BP"
"3599","NW_017739298.1",1401904,1432552,"rsi_circ_005245",17,"+",10,17,40,40,"my_test_rsi2",17,0,0,1,"GTAG",NA,"ANCHOR_UNIQUE,CANONICAL,CIRCULAR,PERFECT_EXT,UNAMBIGUOUS_BP"
"3600","NW_017739723.1",89801,106589,"rsi_circ_005246",5,"-",3,5,40,40,"my_test_rsi2",5,0,0,1,"GTAG",NA,"ANCHOR_UNIQUE,CANONICAL,CIRCULAR,PERFECT_EXT,UNAMBIGUOUS_BP"
"3601","NW_017739914.1",104901,110778,"rsi_circ_005247",27,"-",13,27,40,40,"my_test_rsi2",27,0,0,1,"GTAG",NA,"ANCHOR_UNIQUE,CANONICAL,CIRCULAR,PERFECT_EXT,UNAMBIGUOUS_BP"
"3602","NW_017739443.1",1147892,1155443,"rsi_circ_005249",6,"+",4,6,40,40,"my_test_rsi2",6,0,0,1,"GTAG",NA,"ANCHOR_UNIQUE,CANONICAL,CIRCULAR,PERFECT_EXT,UNAMBIGUOUS_BP"
"3603","NW_017739024.1",835423,836582,"rsi_circ_005250",4,"-",4,4,40,40,"my_test_rsi2",4,1,0,1,"GTAG",NA,"ANCHOR_UNIQUE,CANONICAL,CIRCULAR,GOOD_EXT,UNAMBIGUOUS_BP"
"3604","NW_017739093.1",604945,608049,"rsi_circ_005252",5,"+",2,5,40,40,"my_test_rsi2",5,0,0,1,"GTAG",NA,"ANCHOR_UNIQUE,CANONICAL,CIRCULAR,PERFECT_EXT,UNAMBIGUOUS_BP"
"3605","NW_017739082.1",2548535,2562184,"rsi_circ_005253",16,"+",10,16,40,40,"my_test_rsi2",16,1,0,1,"GTAG",NA,"ANCHOR_UNIQUE,CANONICAL,CIRCULAR,GOOD_EXT,UNAMBIGUOUS_BP"
"3606","NW_017738929.1",3801841,3819976,"rsi_circ_005254",2,"-",1,2,40,40,"my_test_rsi2",2,0,0,1,"GTAG",NA,"ANCHOR_UNIQUE,CANONICAL,CIRCULAR,PERFECT_EXT,UNAMBIGUOUS_BP"
"3607","NW_017738954.1",2354484,2354858,"rsi_circ_005255",5,"+",2,5,40,40,"my_test_rsi2",5,0,0,1,"GTAG",NA,"ANCHOR_UNIQUE,CANONICAL,CIRCULAR,PERFECT_EXT,UNAMBIGUOUS_BP"
"3608","NW_017738955.1",2608411,2625555,"rsi_circ_005256",3,"+",1,3,5,40,"my_test_rsi2",3,0,0,1,"GTAG",NA,"ANCHOR_UNIQUE,CANONICAL,CIRCULAR,PERFECT_EXT,UNAMBIGUOUS_BP"
"3609","NW_017739313.1",40563,44581,"rsi_circ_005257",2,"-",1,2,40,5,"my_test_rsi2",2,1,0,1,"GTAG",NA,"ANCHOR_UNIQUE,CANONICAL,CIRCULAR,GOOD_EXT,UNAMBIGUOUS_BP"
"3610","NW_017739097.1",710168,719520,"rsi_circ_005258",19,"-",8,19,40,40,"my_test_rsi2",19,0,0,1,"GTAG",NA,"ANCHOR_UNIQUE,CANONICAL,CIRCULAR,PERFECT_EXT,UNAMBIGUOUS_BP"
"3611","NW_017738953.1",5035931,5061412,"rsi_circ_005259",2,"+",2,2,35,40,"my_test_rsi2",2,0,0,1,"GTAG",NA,"ANCHOR_UNIQUE,CANONICAL,CIRCULAR,PERFECT_EXT,UNAMBIGUOUS_BP"
"3612","NW_017738984.1",8611491,8640959,"rsi_circ_005260",3,"+",2,3,40,35,"my_test_rsi2",3,0,0,1,"GTAG",NA,"ANCHOR_UNIQUE,CANONICAL,CIRCULAR,PERFECT_EXT,UNAMBIGUOUS_BP"
"3613","NW_017738958.1",2722815,2732784,"rsi_circ_005261",3,"-",3,3,40,40,"my_test_rsi2",3,0,0,1,"GTAG",NA,"ANCHOR_UNIQUE,CANONICAL,CIRCULAR,PERFECT_EXT,UNAMBIGUOUS_BP"
"3614","NW_017739178.1",2434936,2441321,"rsi_circ_005262",6,"+",4,6,35,40,"my_test_rsi2",6,0,0,1,"GTAG",NA,"ANCHOR_UNIQUE,CANONICAL,CIRCULAR,PERFECT_EXT,UNAMBIGUOUS_BP"
"3615","NW_017739464.1",213344,215235,"rsi_circ_005263",3,"+",1,3,40,5,"my_test_rsi2",3,0,0,1,"GTAG",NA,"ANCHOR_UNIQUE,CANONICAL,CIRCULAR,PERFECT_EXT,UNAMBIGUOUS_BP"
"3616","NW_017739218.1",2143125,2144966,"rsi_circ_005264",2,"-",2,2,40,40,"my_test_rsi2",2,0,0,1,"GTAG",NA,"ANCHOR_UNIQUE,CANONICAL,CIRCULAR,PERFECT_EXT,UNAMBIGUOUS_BP"
"3617","NW_017739053.1",2347905,2356226,"rsi_circ_005267",3,"-",3,3,5,40,"my_test_rsi2",3,0,0,1,"GTAG",NA,"ANCHOR_UNIQUE,CANONICAL,CIRCULAR,PERFECT_EXT,UNAMBIGUOUS_BP"
"3618","NW_017738924.1",4291186,4291946,"rsi_circ_005270",2,"+",1,2,40,40,"my_test_rsi2",2,1,0,1,"GTAG",NA,"ANCHOR_UNIQUE,CANONICAL,CIRCULAR,GOOD_EXT,UNAMBIGUOUS_BP"
"3619","NW_017739604.1",244047,244533,"rsi_circ_005271",4,"-",2,4,5,40,"my_test_rsi2",4,0,0,1,"GTAG",NA,"ANCHOR_UNIQUE,CANONICAL,CIRCULAR,PERFECT_EXT,UNAMBIGUOUS_BP"
"3620","NW_017738934.1",3466396,3482902,"rsi_circ_005273",2,"-",1,2,40,5,"my_test_rsi2",2,1,0,1,"GTAG",NA,"ANCHOR_UNIQUE,CANONICAL,CIRCULAR,GOOD_EXT,UNAMBIGUOUS_BP"
"3621","NW_017739007.1",985380,997233,"rsi_circ_005274",2,"+",1,2,5,40,"my_test_rsi2",2,0,0,1,"GTAG",NA,"ANCHOR_UNIQUE,CANONICAL,CIRCULAR,PERFECT_EXT,UNAMBIGUOUS_BP"
"3622","NW_017738978.1",5123117,5126013,"rsi_circ_005275",2,"-",1,2,40,40,"my_test_rsi2",2,0,0,1,"GTAG",NA,"ANCHOR_UNIQUE,CANONICAL,CIRCULAR,PERFECT_EXT,UNAMBIGUOUS_BP"
"3623","NW_017739097.1",4273303,4276741,"rsi_circ_005276",2,"+",1,2,5,40,"my_test_rsi2",2,0,0,1,"GTAG",NA,"ANCHOR_UNIQUE,CANONICAL,CIRCULAR,PERFECT_EXT,UNAMBIGUOUS_BP"
"3624","NW_017739024.1",1275187,1285535,"rsi_circ_005277",2,"-",2,2,40,40,"my_test_rsi2",2,1,0,1,"GTAG",NA,"ANCHOR_UNIQUE,CANONICAL,CIRCULAR,GOOD_EXT,UNAMBIGUOUS_BP"
"3625","NW_017739478.1",1382303,1395844,"rsi_circ_005278",13,"+",6,13,40,5,"my_test_rsi2",13,0,0,1,"GTAG",NA,"ANCHOR_UNIQUE,CANONICAL,CIRCULAR,PERFECT_EXT,UNAMBIGUOUS_BP"
"3626","NW_017738940.1",474028,475112,"rsi_circ_005279",48,"+",25,37,40,40,"my_test_rsi2",48,0,0,1,"GTAG",NA,"ANCHOR_UNIQUE,CANONICAL,CIRCULAR,PERFECT_EXT,UNAMBIGUOUS_BP"
"3627","NW_017738953.1",4159510,4159835,"rsi_circ_005281",2,"-",1,2,40,40,"my_test_rsi2",2,0,0,1,"GTAG",NA,"ANCHOR_UNIQUE,CANONICAL,CIRCULAR,PERFECT_EXT,UNAMBIGUOUS_BP"
"3628","NW_017739394.1",824271,836520,"rsi_circ_005282",2,"+",1,2,40,40,"my_test_rsi2",2,0,0,1,"GTAG",NA,"ANCHOR_UNIQUE,CANONICAL,CIRCULAR,PERFECT_EXT,UNAMBIGUOUS_BP"
"3629","NW_017738979.1",5218273,5218673,"rsi_circ_005283",49,"-",22,49,40,40,"my_test_rsi2",49,1,0,1,"GTAG",NA,"ANCHOR_UNIQUE,CANONICAL,CIRCULAR,GOOD_EXT,UNAMBIGUOUS_BP"
"3630","NW_017738960.1",3909438,3913069,"rsi_circ_005285",5,"-",4,5,40,40,"my_test_rsi2",5,0,0,1,"GTAG",NA,"ANCHOR_UNIQUE,CANONICAL,CIRCULAR,PERFECT_EXT,UNAMBIGUOUS_BP"
"3631","NW_017739424.1",377257,378105,"rsi_circ_005286",4,"-",2,4,40,35,"my_test_rsi2",4,1,0,1,"GTAG",NA,"ANCHOR_UNIQUE,CANONICAL,CIRCULAR,GOOD_EXT,UNAMBIGUOUS_BP"
"3632","NW_017739446.1",1023457,1024538,"rsi_circ_005288",2,"-",2,2,40,40,"my_test_rsi2",2,0,0,1,"GTAG",NA,"ANCHOR_UNIQUE,CANONICAL,CIRCULAR,PERFECT_EXT,UNAMBIGUOUS_BP"
"3633","NW_017739193.1",2863935,2870679,"rsi_circ_005289",5,"+",1,5,40,40,"my_test_rsi2",5,0,0,1,"GTAG",NA,"ANCHOR_UNIQUE,CANONICAL,CIRCULAR,PERFECT_EXT,UNAMBIGUOUS_BP"
"3634","NW_017739698.1",136816,156393,"rsi_circ_005290",3,"-",1,3,5,5,"my_test_rsi2",3,0,0,1,"GTAG",NA,"ANCHOR_UNIQUE,CANONICAL,CIRCULAR,PERFECT_EXT,UNAMBIGUOUS_BP"
"3635","NW_017739010.1",4561160,4577551,"rsi_circ_005292",14,"-",8,14,40,40,"my_test_rsi2",14,1,0,1,"GTAG",NA,"ANCHOR_UNIQUE,CANONICAL,CIRCULAR,GOOD_EXT,UNAMBIGUOUS_BP"
"3636","NW_017739216.1",356721,357582,"rsi_circ_005293",9,"-",7,7,40,40,"my_test_rsi2",9,0,0,1,"GTAG",NA,"ANCHOR_UNIQUE,CANONICAL,CIRCULAR,PERFECT_EXT,UNAMBIGUOUS_BP"
"3637","NW_017739010.1",4461259,4523525,"rsi_circ_005294",5,"-",5,5,40,40,"my_test_rsi2",5,0,0,1,"GTAG",NA,"ANCHOR_UNIQUE,CANONICAL,CIRCULAR,PERFECT_EXT,UNAMBIGUOUS_BP"
"3638","NW_017739039.1",1467742,1468166,"rsi_circ_005295",2,"+",1,2,40,5,"my_test_rsi2",2,0,0,1,"GTAG",NA,"ANCHOR_UNIQUE,CANONICAL,CIRCULAR,PERFECT_EXT,UNAMBIGUOUS_BP"
"3639","NW_017739487.1",216960,221439,"rsi_circ_005296",9,"+",8,9,40,40,"my_test_rsi2",9,0,0,1,"GTAG",NA,"ANCHOR_UNIQUE,CANONICAL,CIRCULAR,PERFECT_EXT,UNAMBIGUOUS_BP"
"3640","NW_017738967.1",6599996,6622303,"rsi_circ_005297",2,"+",2,2,35,40,"my_test_rsi2",2,1,0,1,"GTAG",NA,"ANCHOR_UNIQUE,CANONICAL,CIRCULAR,GOOD_EXT,UNAMBIGUOUS_BP"
"3641","NW_017738960.1",4043746,4087651,"rsi_circ_005298",3,"-",1,3,40,40,"my_test_rsi2",3,0,0,1,"GTAG",NA,"ANCHOR_UNIQUE,CANONICAL,CIRCULAR,PERFECT_EXT,UNAMBIGUOUS_BP"
"3642","NW_017739473.1",255852,257052,"rsi_circ_005299",260,"-",65,244,40,40,"my_test_rsi2",260,0,0,1,"GTAG",NA,"ANCHOR_UNIQUE,CANONICAL,CIRCULAR,PERFECT_EXT,UNAMBIGUOUS_BP"
"3643","NW_017739215.1",832340,834522,"rsi_circ_005300",2,"+",2,2,40,5,"my_test_rsi2",2,0,0,1,"GTAG",NA,"ANCHOR_UNIQUE,CANONICAL,CIRCULAR,PERFECT_EXT,UNAMBIGUOUS_BP"
"3644","NW_017738933.1",1697420,1714213,"rsi_circ_005301",3,"-",2,1,40,40,"my_test_rsi2",3,0,0,1,"GTAG",NA,"ANCHOR_UNIQUE,CANONICAL,CIRCULAR,PERFECT_EXT,UNAMBIGUOUS_BP"
"3645","NW_017739040.1",5842194,5844474,"rsi_circ_005302",9,"-",6,9,40,40,"my_test_rsi2",9,0,0,1,"GTAG",NA,"ANCHOR_UNIQUE,CANONICAL,CIRCULAR,PERFECT_EXT,UNAMBIGUOUS_BP"
"3646","NW_017739211.1",3903978,3905906,"rsi_circ_005304",2,"+",1,2,5,5,"my_test_rsi2",2,0,0,1,"GTAG",NA,"ANCHOR_UNIQUE,CANONICAL,CIRCULAR,PERFECT_EXT,UNAMBIGUOUS_BP"
"3647","NW_017739373.1",1537070,1553251,"rsi_circ_005307",2,"-",1,2,5,5,"my_test_rsi2",2,2,0,1,"GTAG",NA,"ANCHOR_UNIQUE,CANONICAL,CIRCULAR,OK_EXT,UNAMBIGUOUS_BP"
"3648","NW_017739163.1",2073145,2080064,"rsi_circ_005308",3,"+",3,3,40,40,"my_test_rsi2",3,0,0,1,"GTAG",NA,"ANCHOR_UNIQUE,CANONICAL,CIRCULAR,PERFECT_EXT,UNAMBIGUOUS_BP"
"3649","NW_017739382.1",311586,312175,"rsi_circ_005309",4,"-",3,4,40,40,"my_test_rsi2",4,1,0,1,"GTAG",NA,"ANCHOR_UNIQUE,CANONICAL,CIRCULAR,GOOD_EXT,UNAMBIGUOUS_BP"
"3650","NW_017739194.1",1257911,1263680,"rsi_circ_005311",2,"+",2,2,40,5,"my_test_rsi2",2,1,0,1,"GTAG",NA,"ANCHOR_UNIQUE,CANONICAL,CIRCULAR,GOOD_EXT,UNAMBIGUOUS_BP"
"3651","NW_017739028.1",2128951,2133792,"rsi_circ_005312",3,"+",1,3,40,40,"my_test_rsi2",3,1,0,1,"GTAG",NA,"ANCHOR_UNIQUE,CANONICAL,CIRCULAR,GOOD_EXT,UNAMBIGUOUS_BP"
"3652","NW_017739293.1",429143,443150,"rsi_circ_005315",4,"+",2,4,40,40,"my_test_rsi2",4,0,0,1,"GTAG",NA,"ANCHOR_UNIQUE,CANONICAL,CIRCULAR,PERFECT_EXT,UNAMBIGUOUS_BP"
"3653","NW_017738957.1",5479117,5479506,"rsi_circ_005317",2,"-",1,2,5,5,"my_test_rsi2",2,1,0,1,"GTAG",NA,"ANCHOR_UNIQUE,CANONICAL,CIRCULAR,GOOD_EXT,UNAMBIGUOUS_BP"
"3654","NW_017739444.1",188009,188302,"rsi_circ_005319",2,"+",1,2,40,5,"my_test_rsi2",2,1,0,1,"GTAG",NA,"ANCHOR_UNIQUE,CANONICAL,CIRCULAR,GOOD_EXT,UNAMBIGUOUS_BP"
"3655","NW_017739107.1",2978902,2981706,"rsi_circ_005320",13,"+",6,13,40,40,"my_test_rsi2",13,0,0,1,"GTAG",NA,"ANCHOR_UNIQUE,CANONICAL,CIRCULAR,PERFECT_EXT,UNAMBIGUOUS_BP"
"3656","NW_017739067.1",1823700,1824173,"rsi_circ_005322",12,"-",8,12,40,40,"my_test_rsi2",12,0,0,1,"GTAG",NA,"ANCHOR_UNIQUE,CANONICAL,CIRCULAR,PERFECT_EXT,UNAMBIGUOUS_BP"
"3657","NW_017739412.1",121735,156044,"rsi_circ_005323",2,"+",2,2,40,40,"my_test_rsi2",2,0,0,1,"GTAG",NA,"ANCHOR_UNIQUE,CANONICAL,CIRCULAR,PERFECT_EXT,UNAMBIGUOUS_BP"
"3658","NW_017739151.1",886403,928830,"rsi_circ_005326",7,"-",4,4,40,5,"my_test_rsi2",7,0,0,1,"GTAG",NA,"ANCHOR_UNIQUE,CANONICAL,CIRCULAR,PERFECT_EXT,UNAMBIGUOUS_BP"
"3659","NW_017739208.1",615993,618138,"rsi_circ_005327",2,"-",2,2,40,40,"my_test_rsi2",2,0,0,1,"GTAG",NA,"ANCHOR_UNIQUE,CANONICAL,CIRCULAR,PERFECT_EXT,UNAMBIGUOUS_BP"
"3660","NW_017738940.1",6056520,6061502,"rsi_circ_005328",2,"-",1,2,5,5,"my_test_rsi2",2,0,0,1,"GTAG",NA,"ANCHOR_UNIQUE,CANONICAL,CIRCULAR,PERFECT_EXT,UNAMBIGUOUS_BP"
"3661","NW_017738956.1",3517862,3523645,"rsi_circ_005329",2,"-",1,2,40,5,"my_test_rsi2",2,0,0,1,"GTAG",NA,"ANCHOR_UNIQUE,CANONICAL,CIRCULAR,PERFECT_EXT,UNAMBIGUOUS_BP"
"3662","NW_017739180.1",716557,722946,"rsi_circ_005331",3,"-",1,3,5,40,"my_test_rsi2",3,1,0,1,"GTAG",NA,"ANCHOR_UNIQUE,CANONICAL,CIRCULAR,GOOD_EXT,UNAMBIGUOUS_BP"
"3663","NW_017739093.1",1139810,1140806,"rsi_circ_005332",5,"-",3,5,40,40,"my_test_rsi2",5,0,0,1,"GTAG",NA,"ANCHOR_UNIQUE,CANONICAL,CIRCULAR,PERFECT_EXT,UNAMBIGUOUS_BP"
"3664","NW_017738975.1",4725957,4740849,"rsi_circ_005333",2,"+",2,2,40,40,"my_test_rsi2",2,0,0,1,"GTAG",NA,"ANCHOR_UNIQUE,CANONICAL,CIRCULAR,PERFECT_EXT,UNAMBIGUOUS_BP"
"3665","NW_017739226.1",1126732,1129687,"rsi_circ_005335",4,"+",3,4,40,40,"my_test_rsi2",4,0,0,1,"GTAG",NA,"ANCHOR_UNIQUE,CANONICAL,CIRCULAR,PERFECT_EXT,UNAMBIGUOUS_BP"
"3666","NW_017742313.1",166,2947,"rsi_circ_005337",6,"+",3,4,40,40,"my_test_rsi2",6,0,0,1,"GTAG",NA,"ANCHOR_UNIQUE,CANONICAL,CIRCULAR,PERFECT_EXT,UNAMBIGUOUS_BP"
"3667","NW_017739353.1",567921,568511,"rsi_circ_005338",2,"+",2,2,40,40,"my_test_rsi2",2,0,0,1,"GTAG",NA,"ANCHOR_UNIQUE,CANONICAL,CIRCULAR,PERFECT_EXT,UNAMBIGUOUS_BP"
"3668","NW_017738964.1",353712,357588,"rsi_circ_005341",2,"-",2,1,5,35,"my_test_rsi2",2,1,0,1,"GTAG",NA,"ANCHOR_UNIQUE,CANONICAL,CIRCULAR,GOOD_EXT,UNAMBIGUOUS_BP"
"3669","NW_017738984.1",4281362,4293163,"rsi_circ_005342",35,"+",20,34,40,40,"my_test_rsi2",35,0,0,1,"GTAG",NA,"ANCHOR_UNIQUE,CANONICAL,CIRCULAR,PERFECT_EXT,UNAMBIGUOUS_BP"
"3670","NW_017738923.1",11902277,11951897,"rsi_circ_005343",2,"-",2,2,5,40,"my_test_rsi2",2,1,0,1,"GTAG",NA,"ANCHOR_UNIQUE,CANONICAL,CIRCULAR,GOOD_EXT,UNAMBIGUOUS_BP"
"3671","NW_017738941.1",634338,641331,"rsi_circ_005344",3,"-",1,3,5,5,"my_test_rsi2",3,0,0,1,"GTAG",NA,"ANCHOR_UNIQUE,CANONICAL,CIRCULAR,PERFECT_EXT,UNAMBIGUOUS_BP"
"3672","NW_017738986.1",3989159,3991155,"rsi_circ_005348",2,"+",1,2,40,40,"my_test_rsi2",2,0,0,1,"GTAG",NA,"ANCHOR_UNIQUE,CANONICAL,CIRCULAR,PERFECT_EXT,UNAMBIGUOUS_BP"
"3673","NW_017739059.1",3713669,3727696,"rsi_circ_005349",5,"+",4,5,35,40,"my_test_rsi2",5,1,0,1,"GTAG",NA,"ANCHOR_UNIQUE,CANONICAL,CIRCULAR,GOOD_EXT,UNAMBIGUOUS_BP"
"3674","NW_017739845.1",282171,285096,"rsi_circ_005351",2,"-",2,2,35,40,"my_test_rsi2",2,1,0,1,"GTAG",NA,"ANCHOR_UNIQUE,CANONICAL,CIRCULAR,GOOD_EXT,UNAMBIGUOUS_BP"
"3675","NW_017738989.1",827276,827548,"rsi_circ_005352",17,"-",11,17,40,40,"my_test_rsi2",17,0,0,1,"GTAG",NA,"ANCHOR_UNIQUE,CANONICAL,CIRCULAR,PERFECT_EXT,UNAMBIGUOUS_BP"
"3676","NW_017739264.1",1609790,1611020,"rsi_circ_005353",62,"+",35,59,40,40,"my_test_rsi2",62,0,0,1,"GTAG",NA,"ANCHOR_UNIQUE,CANONICAL,CIRCULAR,PERFECT_EXT,UNAMBIGUOUS_BP"
"3677","NW_017738929.1",1168616,1172607,"rsi_circ_005356",4,"+",2,4,40,5,"my_test_rsi2",4,1,0,1,"GTAG",NA,"ANCHOR_UNIQUE,CANONICAL,CIRCULAR,GOOD_EXT,UNAMBIGUOUS_BP"
"3678","NW_017739043.1",1166857,1168032,"rsi_circ_005358",4,"+",2,4,40,40,"my_test_rsi2",4,0,0,1,"GTAG",NA,"ANCHOR_UNIQUE,CANONICAL,CIRCULAR,PERFECT_EXT,UNAMBIGUOUS_BP"
"3679","NW_017739103.1",2089759,2099643,"rsi_circ_005359",3,"+",2,3,40,40,"my_test_rsi2",3,0,0,1,"GTAG",NA,"ANCHOR_UNIQUE,CANONICAL,CIRCULAR,PERFECT_EXT,UNAMBIGUOUS_BP"
"3680","NW_017738924.1",9389751,9395408,"rsi_circ_005360",3,"+",2,3,40,5,"my_test_rsi2",3,0,0,1,"GTAG",NA,"ANCHOR_UNIQUE,CANONICAL,CIRCULAR,PERFECT_EXT,UNAMBIGUOUS_BP"
"3681","NW_017739440.1",950032,955054,"rsi_circ_005361",3,"-",2,2,40,40,"my_test_rsi2",3,0,0,1,"GTAG",NA,"ANCHOR_UNIQUE,CANONICAL,CIRCULAR,PERFECT_EXT,UNAMBIGUOUS_BP"
"3682","NW_017739415.1",1610649,1611964,"rsi_circ_005362",2,"+",2,2,40,40,"my_test_rsi2",2,0,0,1,"GTAG",NA,"ANCHOR_UNIQUE,CANONICAL,CIRCULAR,PERFECT_EXT,UNAMBIGUOUS_BP"
"3683","NW_017739653.1",506502,508666,"rsi_circ_005364",2,"-",2,2,40,40,"my_test_rsi2",2,1,0,1,"GTAG",NA,"ANCHOR_UNIQUE,CANONICAL,CIRCULAR,GOOD_EXT,UNAMBIGUOUS_BP"
"3684","NW_017739040.1",6315138,6329610,"rsi_circ_005366",2,"+",1,2,40,5,"my_test_rsi2",2,0,0,1,"GTAG",NA,"ANCHOR_UNIQUE,CANONICAL,CIRCULAR,PERFECT_EXT,UNAMBIGUOUS_BP"
"3685","NW_017738971.1",6375781,6377010,"rsi_circ_005367",8,"+",4,8,40,40,"my_test_rsi2",8,0,0,1,"GTAG",NA,"ANCHOR_UNIQUE,CANONICAL,CIRCULAR,PERFECT_EXT,UNAMBIGUOUS_BP"
"3686","NW_017738946.1",5209880,5271782,"rsi_circ_005369",15,"+",10,11,40,40,"my_test_rsi2",15,0,0,1,"GTAG",NA,"ANCHOR_UNIQUE,CANONICAL,CIRCULAR,PERFECT_EXT,UNAMBIGUOUS_BP"
"3687","NW_017738954.1",4959259,4970392,"rsi_circ_005371",8,"-",2,8,40,40,"my_test_rsi2",8,0,0,1,"GTAG",NA,"ANCHOR_UNIQUE,CANONICAL,CIRCULAR,PERFECT_EXT,UNAMBIGUOUS_BP"
"3688","NW_017739046.1",5972812,5999231,"rsi_circ_005372",2,"+",1,2,5,40,"my_test_rsi2",2,0,0,1,"GTAG",NA,"ANCHOR_UNIQUE,CANONICAL,CIRCULAR,PERFECT_EXT,UNAMBIGUOUS_BP"
"3689","NW_017739244.1",1605917,1614015,"rsi_circ_005373",2,"+",1,2,40,35,"my_test_rsi2",2,0,0,1,"GTAG",NA,"ANCHOR_UNIQUE,CANONICAL,CIRCULAR,PERFECT_EXT,UNAMBIGUOUS_BP"
"3690","NW_017739245.1",650033,661400,"rsi_circ_005374",3,"-",2,3,5,40,"my_test_rsi2",3,0,0,1,"GTAG",NA,"ANCHOR_UNIQUE,CANONICAL,CIRCULAR,PERFECT_EXT,UNAMBIGUOUS_BP"
"3691","NW_017739089.1",8183231,8244761,"rsi_circ_005375",16,"-",7,16,40,40,"my_test_rsi2",16,0,0,1,"GTAG",NA,"ANCHOR_UNIQUE,CANONICAL,CIRCULAR,PERFECT_EXT,UNAMBIGUOUS_BP"
"3692","NW_017739167.1",3143974,3156437,"rsi_circ_005376",2,"-",2,2,40,4,"my_test_rsi2",2,0,0,1,"GTAG",NA,"ANCHOR_UNIQUE,CANONICAL,CIRCULAR,PERFECT_EXT,UNAMBIGUOUS_BP"
"3693","NW_017739253.1",1432506,1432875,"rsi_circ_005377",5,"-",2,5,40,40,"my_test_rsi2",5,0,0,1,"GTAG",NA,"ANCHOR_UNIQUE,CANONICAL,CIRCULAR,PERFECT_EXT,UNAMBIGUOUS_BP"
"3694","NW_017739026.1",4136207,4146889,"rsi_circ_005378",5,"-",3,5,40,40,"my_test_rsi2",5,0,0,1,"GTAG",NA,"ANCHOR_UNIQUE,CANONICAL,CIRCULAR,PERFECT_EXT,UNAMBIGUOUS_BP"
"3695","NW_017739298.1",1428088,1447475,"rsi_circ_005380",2,"+",2,2,35,40,"my_test_rsi2",2,0,0,1,"GTAG",NA,"ANCHOR_UNIQUE,CANONICAL,CIRCULAR,PERFECT_EXT,UNAMBIGUOUS_BP"
"3696","NW_017739074.1",3743253,3751602,"rsi_circ_005381",76,"+",34,74,40,40,"my_test_rsi2",76,0,0,1,"GTAG",NA,"ANCHOR_UNIQUE,CANONICAL,CIRCULAR,PERFECT_EXT,UNAMBIGUOUS_BP"
"3697","NW_017738970.1",11852489,11865737,"rsi_circ_005382",2,"+",1,2,40,5,"my_test_rsi2",2,0,0,1,"GTAG",NA,"ANCHOR_UNIQUE,CANONICAL,CIRCULAR,PERFECT_EXT,UNAMBIGUOUS_BP"
"3698","NW_017738967.1",1326034,1408606,"rsi_circ_005383",3,"+",1,3,40,35,"my_test_rsi2",3,0,0,1,"GTAG",NA,"ANCHOR_UNIQUE,CANONICAL,CIRCULAR,PERFECT_EXT,UNAMBIGUOUS_BP"
"3699","NW_017739024.1",1257815,1258100,"rsi_circ_005384",2,"+",2,2,40,40,"my_test_rsi2",2,1,0,1,"GTAG",NA,"ANCHOR_UNIQUE,CANONICAL,CIRCULAR,GOOD_EXT,UNAMBIGUOUS_BP"
"3700","NW_017739076.1",2173837,2178872,"rsi_circ_005386",8,"-",8,8,40,40,"my_test_rsi2",8,0,0,1,"GTAG",NA,"ANCHOR_UNIQUE,CANONICAL,CIRCULAR,PERFECT_EXT,UNAMBIGUOUS_BP"
"3701","NW_017739025.1",7410592,7414190,"rsi_circ_005387",13,"-",8,13,40,40,"my_test_rsi2",13,0,0,1,"GTAG",NA,"ANCHOR_UNIQUE,CANONICAL,CIRCULAR,PERFECT_EXT,UNAMBIGUOUS_BP"
"3702","NW_017739011.1",1258084,1263304,"rsi_circ_005388",3,"+",1,3,40,5,"my_test_rsi2",3,0,0,1,"GTAG",NA,"ANCHOR_UNIQUE,CANONICAL,CIRCULAR,PERFECT_EXT,UNAMBIGUOUS_BP"
"3703","NW_017738980.1",286944,287179,"rsi_circ_005390",2,"+",2,2,40,40,"my_test_rsi2",2,1,0,1,"GTAG",NA,"ANCHOR_UNIQUE,CANONICAL,CIRCULAR,GOOD_EXT,UNAMBIGUOUS_BP"
"3704","NW_017739486.1",117831,142361,"rsi_circ_005392",17,"-",10,17,40,40,"my_test_rsi2",17,0,0,1,"GTAG",NA,"ANCHOR_UNIQUE,CANONICAL,CIRCULAR,PERFECT_EXT,UNAMBIGUOUS_BP"
"3705","NW_017739825.1",44019,46986,"rsi_circ_005393",4,"-",1,4,40,40,"my_test_rsi2",4,0,0,1,"GTAG",NA,"ANCHOR_UNIQUE,CANONICAL,CIRCULAR,PERFECT_EXT,UNAMBIGUOUS_BP"
"3706","NW_017739401.1",212928,213744,"rsi_circ_005394",9,"-",5,8,5,40,"my_test_rsi2",9,0,0,1,"GTAG",NA,"ANCHOR_UNIQUE,CANONICAL,CIRCULAR,PERFECT_EXT,UNAMBIGUOUS_BP"
"3707","NW_017739451.1",305609,386167,"rsi_circ_005397",2,"+",1,2,35,40,"my_test_rsi2",2,0,0,1,"GTAG",NA,"ANCHOR_UNIQUE,CANONICAL,CIRCULAR,PERFECT_EXT,UNAMBIGUOUS_BP"
"3708","NW_017739618.1",454149,521015,"rsi_circ_005398",2,"+",2,2,40,40,"my_test_rsi2",2,0,0,1,"GTAG",NA,"ANCHOR_UNIQUE,CANONICAL,CIRCULAR,PERFECT_EXT,UNAMBIGUOUS_BP"
"3709","NW_017739128.1",737593,738735,"rsi_circ_005401",4,"+",2,4,40,40,"my_test_rsi2",4,0,0,1,"GTAG",NA,"ANCHOR_UNIQUE,CANONICAL,CIRCULAR,PERFECT_EXT,UNAMBIGUOUS_BP"
"3710","NW_017739263.1",152265,164670,"rsi_circ_005402",3,"+",2,3,5,5,"my_test_rsi2",3,0,0,1,"GTAG",NA,"ANCHOR_UNIQUE,CANONICAL,CIRCULAR,PERFECT_EXT,UNAMBIGUOUS_BP"
"3711","NW_017738935.1",4958552,5049643,"rsi_circ_005403",3,"+",1,3,40,5,"my_test_rsi2",3,2,0,1,"GTAG",NA,"ANCHOR_UNIQUE,CANONICAL,CIRCULAR,OK_EXT,UNAMBIGUOUS_BP"
"3712","NW_017739022.1",1989293,1996127,"rsi_circ_005404",9,"-",6,9,40,40,"my_test_rsi2",9,0,0,1,"GTAG",NA,"ANCHOR_UNIQUE,CANONICAL,CIRCULAR,PERFECT_EXT,UNAMBIGUOUS_BP"
"3713","NW_017738979.1",4756833,4761089,"rsi_circ_005405",4,"+",3,4,40,40,"my_test_rsi2",4,0,0,1,"GTAG",NA,"ANCHOR_UNIQUE,CANONICAL,CIRCULAR,PERFECT_EXT,UNAMBIGUOUS_BP"
"3714","NW_017738990.1",1513940,1531698,"rsi_circ_005406",5,"-",4,5,40,40,"my_test_rsi2",5,0,0,1,"GTAG",NA,"ANCHOR_UNIQUE,CANONICAL,CIRCULAR,PERFECT_EXT,UNAMBIGUOUS_BP"
"3715","NW_017738954.1",4353471,4364335,"rsi_circ_005407",4,"-",4,3,40,40,"my_test_rsi2",4,0,0,1,"GTAG",NA,"ANCHOR_UNIQUE,CANONICAL,CIRCULAR,PERFECT_EXT,UNAMBIGUOUS_BP"
"3716","NW_017738946.1",5388693,5389783,"rsi_circ_005408",2,"+",2,2,40,40,"my_test_rsi2",2,1,0,1,"GTAG",NA,"ANCHOR_UNIQUE,CANONICAL,CIRCULAR,GOOD_EXT,UNAMBIGUOUS_BP"
"3717","NW_017739032.1",3401414,3402509,"rsi_circ_005409",4,"-",2,4,40,40,"my_test_rsi2",4,1,0,1,"GTAG",NA,"ANCHOR_UNIQUE,CANONICAL,CIRCULAR,GOOD_EXT,UNAMBIGUOUS_BP"
"3718","NW_017739028.1",6237726,6254252,"rsi_circ_005410",2,"+",1,2,5,36,"my_test_rsi2",2,0,0,1,"GTAG",NA,"ANCHOR_UNIQUE,CANONICAL,CIRCULAR,PERFECT_EXT,UNAMBIGUOUS_BP"
"3719","NW_017738975.1",3610251,3610509,"rsi_circ_005411",3,"+",1,3,5,5,"my_test_rsi2",3,1,0,1,"GTAG",NA,"ANCHOR_UNIQUE,CANONICAL,CIRCULAR,GOOD_EXT,UNAMBIGUOUS_BP"
"3720","NW_017739028.1",5800246,5808696,"rsi_circ_005413",3,"+",2,3,5,40,"my_test_rsi2",3,0,0,1,"GTAG",NA,"ANCHOR_UNIQUE,CANONICAL,CIRCULAR,PERFECT_EXT,UNAMBIGUOUS_BP"
"3721","NW_017739147.1",2374448,2375181,"rsi_circ_005414",4,"-",1,4,35,5,"my_test_rsi2",4,2,0,1,"GTAG",NA,"ANCHOR_UNIQUE,CANONICAL,CIRCULAR,OK_EXT,UNAMBIGUOUS_BP"
"3722","NW_017739080.1",333725,340760,"rsi_circ_005415",8,"-",4,8,40,40,"my_test_rsi2",8,0,0,1,"GTAG",NA,"ANCHOR_UNIQUE,CANONICAL,CIRCULAR,PERFECT_EXT,UNAMBIGUOUS_BP"
"3723","NW_017738951.1",473922,474621,"rsi_circ_005417",9,"+",5,8,40,40,"my_test_rsi2",9,0,0,1,"GTAG",NA,"ANCHOR_UNIQUE,CANONICAL,CIRCULAR,PERFECT_EXT,UNAMBIGUOUS_BP"
"3724","NW_017739043.1",1174406,1184339,"rsi_circ_005418",2,"+",2,2,40,5,"my_test_rsi2",2,0,0,1,"GTAG",NA,"ANCHOR_UNIQUE,CANONICAL,CIRCULAR,PERFECT_EXT,UNAMBIGUOUS_BP"
"3725","NW_017739085.1",55985,63337,"rsi_circ_005419",88,"+",41,86,40,40,"my_test_rsi2",88,0,0,1,"GTAG",NA,"ANCHOR_UNIQUE,CANONICAL,CIRCULAR,PERFECT_EXT,UNAMBIGUOUS_BP"
"3726","NW_017739298.1",1401904,1404613,"rsi_circ_005420",9,"+",7,7,40,40,"my_test_rsi2",9,0,0,1,"GTAG",NA,"ANCHOR_UNIQUE,CANONICAL,CIRCULAR,PERFECT_EXT,UNAMBIGUOUS_BP"
"3727","NW_017739056.1",4940768,4950489,"rsi_circ_005421",14,"-",9,14,40,40,"my_test_rsi2",14,0,0,1,"GTAG",NA,"ANCHOR_UNIQUE,CANONICAL,CIRCULAR,PERFECT_EXT,UNAMBIGUOUS_BP"
"3728","NW_017739244.1",3025987,3034930,"rsi_circ_005422",2,"-",1,2,5,5,"my_test_rsi2",2,0,0,1,"GTAG",NA,"ANCHOR_UNIQUE,CANONICAL,CIRCULAR,PERFECT_EXT,UNAMBIGUOUS_BP"
"3729","NW_017738924.1",7328075,7328682,"rsi_circ_005423",6,"-",3,6,40,40,"my_test_rsi2",6,1,0,1,"GTAG",NA,"ANCHOR_UNIQUE,CANONICAL,CIRCULAR,GOOD_EXT,UNAMBIGUOUS_BP"
"3730","NW_017739099.1",1061406,1066589,"rsi_circ_005424",12,"-",6,12,40,40,"my_test_rsi2",12,0,0,1,"GTAG",NA,"ANCHOR_UNIQUE,CANONICAL,CIRCULAR,PERFECT_EXT,UNAMBIGUOUS_BP"
"3731","NW_017739084.1",1216212,1230775,"rsi_circ_005425",2,"-",1,2,35,40,"my_test_rsi2",2,0,0,1,"GTAG",NA,"ANCHOR_UNIQUE,CANONICAL,CIRCULAR,PERFECT_EXT,UNAMBIGUOUS_BP"
"3732","NW_017739020.1",3407472,3415236,"rsi_circ_005427",3,"-",1,3,40,40,"my_test_rsi2",3,0,0,1,"GTAG",NA,"ANCHOR_UNIQUE,CANONICAL,CIRCULAR,PERFECT_EXT,UNAMBIGUOUS_BP"
"3733","NW_017739254.1",1155244,1155566,"rsi_circ_005428",2,"+",2,1,40,40,"my_test_rsi2",2,1,0,1,"GTAG",NA,"ANCHOR_UNIQUE,CANONICAL,CIRCULAR,GOOD_EXT,UNAMBIGUOUS_BP"
"3734","NW_017739033.1",1139787,1142578,"rsi_circ_005429",2,"+",1,2,40,40,"my_test_rsi2",2,0,0,1,"GTAG",NA,"ANCHOR_UNIQUE,CANONICAL,CIRCULAR,PERFECT_EXT,UNAMBIGUOUS_BP"
"3735","NW_017739040.1",8485676,8502803,"rsi_circ_005430",4,"+",2,4,40,40,"my_test_rsi2",4,0,0,1,"GTAG",NA,"ANCHOR_UNIQUE,CANONICAL,CIRCULAR,PERFECT_EXT,UNAMBIGUOUS_BP"
"3736","NW_017739182.1",1167710,1177435,"rsi_circ_005431",3,"-",2,3,40,5,"my_test_rsi2",3,1,0,1,"GTAG",NA,"ANCHOR_UNIQUE,CANONICAL,CIRCULAR,GOOD_EXT,UNAMBIGUOUS_BP"
"3737","NW_017739008.1",2167356,2168967,"rsi_circ_005433",3,"+",1,3,35,40,"my_test_rsi2",3,0,0,1,"GTAG",NA,"ANCHOR_UNIQUE,CANONICAL,CIRCULAR,PERFECT_EXT,UNAMBIGUOUS_BP"
"3738","NW_017739143.1",1641028,1651900,"rsi_circ_005434",41,"-",15,41,40,40,"my_test_rsi2",41,0,0,1,"GTAG",NA,"ANCHOR_UNIQUE,CANONICAL,CIRCULAR,PERFECT_EXT,UNAMBIGUOUS_BP"
"3739","NW_017739041.1",274242,276143,"rsi_circ_005436",13,"-",8,12,40,40,"my_test_rsi2",13,1,0,1,"GTAG",NA,"ANCHOR_UNIQUE,CANONICAL,CIRCULAR,GOOD_EXT,UNAMBIGUOUS_BP"
"3740","NW_017739579.1",262607,264669,"rsi_circ_005437",2,"-",2,2,40,40,"my_test_rsi2",2,0,0,1,"GTAG",NA,"ANCHOR_UNIQUE,CANONICAL,CIRCULAR,PERFECT_EXT,UNAMBIGUOUS_BP"
"3741","NW_017739618.1",404170,404633,"rsi_circ_005440",5,"+",4,5,40,40,"my_test_rsi2",5,0,0,1,"GTAG",NA,"ANCHOR_UNIQUE,CANONICAL,CIRCULAR,PERFECT_EXT,UNAMBIGUOUS_BP"
"3742","NW_017738972.1",5177120,5178506,"rsi_circ_005442",2,"-",1,2,40,40,"my_test_rsi2",2,0,0,1,"GTAG",NA,"ANCHOR_UNIQUE,CANONICAL,CIRCULAR,PERFECT_EXT,UNAMBIGUOUS_BP"
"3743","NW_017739097.1",5495488,5510150,"rsi_circ_005443",7,"+",5,7,40,40,"my_test_rsi2",7,0,0,1,"GTAG",NA,"ANCHOR_UNIQUE,CANONICAL,CIRCULAR,PERFECT_EXT,UNAMBIGUOUS_BP"
"3744","NW_017739372.1",483611,485781,"rsi_circ_005444",2,"+",2,2,40,40,"my_test_rsi2",2,0,0,1,"GTAG",NA,"ANCHOR_UNIQUE,CANONICAL,CIRCULAR,PERFECT_EXT,UNAMBIGUOUS_BP"
"3745","NW_017738968.1",358631,374230,"rsi_circ_005447",3,"+",1,3,40,40,"my_test_rsi2",3,0,0,1,"GTAG",NA,"ANCHOR_UNIQUE,CANONICAL,CIRCULAR,PERFECT_EXT,UNAMBIGUOUS_BP"
"3746","NW_017739253.1",2050317,2055611,"rsi_circ_005448",6,"+",5,6,40,40,"my_test_rsi2",6,0,0,1,"GTAG",NA,"ANCHOR_UNIQUE,CANONICAL,CIRCULAR,PERFECT_EXT,UNAMBIGUOUS_BP"
"3747","NW_017739440.1",938510,955054,"rsi_circ_005451",4,"-",1,4,35,35,"my_test_rsi2",4,0,0,1,"GTAG",NA,"ANCHOR_UNIQUE,CANONICAL,CIRCULAR,PERFECT_EXT,UNAMBIGUOUS_BP"
"3748","NW_017738973.1",2804080,2810538,"rsi_circ_005452",10,"-",7,10,40,40,"my_test_rsi2",10,0,0,1,"GTAG",NA,"ANCHOR_UNIQUE,CANONICAL,CIRCULAR,PERFECT_EXT,UNAMBIGUOUS_BP"
"3749","NW_017739065.1",1409652,1434380,"rsi_circ_005455",4,"+",2,4,40,40,"my_test_rsi2",4,0,0,1,"GTAG",NA,"ANCHOR_UNIQUE,CANONICAL,CIRCULAR,PERFECT_EXT,UNAMBIGUOUS_BP"
"3750","NW_017739063.1",3198490,3209778,"rsi_circ_005457",4,"-",3,4,40,40,"my_test_rsi2",4,0,0,1,"GTAG",NA,"ANCHOR_UNIQUE,CANONICAL,CIRCULAR,PERFECT_EXT,UNAMBIGUOUS_BP"
"3751","NW_017739078.1",835194,850520,"rsi_circ_005459",2,"+",1,2,40,40,"my_test_rsi2",2,0,0,1,"GTAG",NA,"ANCHOR_UNIQUE,CANONICAL,CIRCULAR,PERFECT_EXT,UNAMBIGUOUS_BP"
"3752","NW_017739232.1",466766,467123,"rsi_circ_005460",2,"-",1,2,5,40,"my_test_rsi2",2,0,0,1,"GTAG",NA,"ANCHOR_UNIQUE,CANONICAL,CIRCULAR,PERFECT_EXT,UNAMBIGUOUS_BP"
"3753","NW_017739015.1",7015145,7079214,"rsi_circ_005463",2,"-",1,2,40,5,"my_test_rsi2",2,1,0,1,"GTAG",NA,"ANCHOR_UNIQUE,CANONICAL,CIRCULAR,GOOD_EXT,UNAMBIGUOUS_BP"
"3754","NW_017739829.1",135380,137099,"rsi_circ_005464",4,"-",1,4,40,40,"my_test_rsi2",4,0,0,1,"GTAG",NA,"ANCHOR_UNIQUE,CANONICAL,CIRCULAR,PERFECT_EXT,UNAMBIGUOUS_BP"
"3755","NW_017739313.1",676908,677305,"rsi_circ_005465",2,"-",1,2,5,40,"my_test_rsi2",2,0,0,1,"GTAG",NA,"ANCHOR_UNIQUE,CANONICAL,CIRCULAR,PERFECT_EXT,UNAMBIGUOUS_BP"
"3756","NW_017739208.1",611851,618138,"rsi_circ_005466",3,"-",2,3,40,40,"my_test_rsi2",3,0,0,1,"GTAG",NA,"ANCHOR_UNIQUE,CANONICAL,CIRCULAR,PERFECT_EXT,UNAMBIGUOUS_BP"
"3757","NW_017739732.1",88015,121525,"rsi_circ_005467",4,"-",1,4,40,40,"my_test_rsi2",4,0,0,1,"GTAG",NA,"ANCHOR_UNIQUE,CANONICAL,CIRCULAR,PERFECT_EXT,UNAMBIGUOUS_BP"
"3758","NW_017739198.1",2408292,2408467,"rsi_circ_005468",2,"-",2,2,40,3,"my_test_rsi2",2,0,0,1,"GTAG",NA,"ANCHOR_UNIQUE,CANONICAL,CIRCULAR,PERFECT_EXT,UNAMBIGUOUS_BP"
"3759","NW_017739039.1",2556564,2587289,"rsi_circ_005470",2,"+",2,2,40,40,"my_test_rsi2",2,0,0,1,"GTAG",NA,"ANCHOR_UNIQUE,CANONICAL,CIRCULAR,PERFECT_EXT,UNAMBIGUOUS_BP"
"3760","NW_017739178.1",2682788,2696554,"rsi_circ_005471",2,"-",1,2,35,5,"my_test_rsi2",2,1,0,1,"GTAG",NA,"ANCHOR_UNIQUE,CANONICAL,CIRCULAR,GOOD_EXT,UNAMBIGUOUS_BP"
"3761","NW_017738944.1",2210937,2214202,"rsi_circ_005473",2,"-",2,2,40,40,"my_test_rsi2",2,0,0,1,"GTAG",NA,"ANCHOR_UNIQUE,CANONICAL,CIRCULAR,PERFECT_EXT,UNAMBIGUOUS_BP"
"3762","NW_017738959.1",5345724,5362288,"rsi_circ_005474",3,"-",2,3,5,5,"my_test_rsi2",3,1,0,1,"GTAG",NA,"ANCHOR_UNIQUE,CANONICAL,CIRCULAR,GOOD_EXT,UNAMBIGUOUS_BP"
"3763","NW_017739287.1",1441462,1444620,"rsi_circ_005476",4,"-",2,4,40,40,"my_test_rsi2",4,2,0,1,"GTAG",NA,"ANCHOR_UNIQUE,CANONICAL,CIRCULAR,OK_EXT,UNAMBIGUOUS_BP"
"3764","NW_017738936.1",6241014,6249479,"rsi_circ_005477",2,"-",1,2,40,40,"my_test_rsi2",2,0,0,1,"GTAG",NA,"ANCHOR_UNIQUE,CANONICAL,CIRCULAR,PERFECT_EXT,UNAMBIGUOUS_BP"
"3765","NW_017738932.1",6916333,6951147,"rsi_circ_005479",2,"+",1,2,35,40,"my_test_rsi2",2,0,0,1,"GTAG",NA,"ANCHOR_UNIQUE,CANONICAL,CIRCULAR,PERFECT_EXT,UNAMBIGUOUS_BP"
"3766","NW_017739022.1",3531515,3616514,"rsi_circ_005480",2,"+",1,2,40,5,"my_test_rsi2",2,0,0,1,"GTAG",NA,"ANCHOR_UNIQUE,CANONICAL,CIRCULAR,PERFECT_EXT,UNAMBIGUOUS_BP"
"3767","NW_017739211.1",3529186,3531890,"rsi_circ_005481",2,"-",2,2,40,40,"my_test_rsi2",2,0,0,1,"GTAG",NA,"ANCHOR_UNIQUE,CANONICAL,CIRCULAR,PERFECT_EXT,UNAMBIGUOUS_BP"
"3768","NW_017739482.1",155614,159018,"rsi_circ_005482",12,"-",5,12,40,40,"my_test_rsi2",12,0,0,1,"GTAG",NA,"ANCHOR_UNIQUE,CANONICAL,CIRCULAR,PERFECT_EXT,UNAMBIGUOUS_BP"
"3769","NW_017739388.1",1354694,1414257,"rsi_circ_005483",2,"-",1,2,40,5,"my_test_rsi2",2,0,0,1,"GTAG",NA,"ANCHOR_UNIQUE,CANONICAL,CIRCULAR,PERFECT_EXT,UNAMBIGUOUS_BP"
"3770","NW_017739300.1",407246,416347,"rsi_circ_005484",2,"+",2,2,40,40,"my_test_rsi2",2,0,0,1,"GTAG",NA,"ANCHOR_UNIQUE,CANONICAL,CIRCULAR,PERFECT_EXT,UNAMBIGUOUS_BP"
"3771","NW_017739024.1",907945,912879,"rsi_circ_005485",2,"+",1,2,40,5,"my_test_rsi2",2,1,0,1,"GTAG",NA,"ANCHOR_UNIQUE,CANONICAL,CIRCULAR,GOOD_EXT,UNAMBIGUOUS_BP"
"3772","NW_017739116.1",5277600,5281623,"rsi_circ_005486",3,"+",1,3,40,40,"my_test_rsi2",3,0,0,1,"GTAG",NA,"ANCHOR_UNIQUE,CANONICAL,CIRCULAR,PERFECT_EXT,UNAMBIGUOUS_BP"
"3773","NW_017738954.1",1979267,2002836,"rsi_circ_005487",5,"+",3,5,40,40,"my_test_rsi2",5,0,0,1,"GTAG",NA,"ANCHOR_UNIQUE,CANONICAL,CIRCULAR,PERFECT_EXT,UNAMBIGUOUS_BP"
"3774","NW_017739188.1",687478,712598,"rsi_circ_005488",4,"+",1,4,5,40,"my_test_rsi2",4,1,0,1,"GTAG",NA,"ANCHOR_UNIQUE,CANONICAL,CIRCULAR,GOOD_EXT,UNAMBIGUOUS_BP"
"3775","NW_017739191.1",21602,28003,"rsi_circ_005489",10,"+",6,10,40,40,"my_test_rsi2",10,0,0,1,"GTAG",NA,"ANCHOR_UNIQUE,CANONICAL,CIRCULAR,PERFECT_EXT,UNAMBIGUOUS_BP"
"3776","NW_017739017.1",2278472,2282880,"rsi_circ_005490",6,"-",2,6,40,40,"my_test_rsi2",6,0,0,1,"GTAG",NA,"ANCHOR_UNIQUE,CANONICAL,CIRCULAR,PERFECT_EXT,UNAMBIGUOUS_BP"
"3777","NW_017739180.1",635608,647084,"rsi_circ_005491",4,"+",2,3,40,40,"my_test_rsi2",4,0,0,1,"GTAG",NA,"ANCHOR_UNIQUE,CANONICAL,CIRCULAR,PERFECT_EXT,UNAMBIGUOUS_BP"
"3778","NW_017738956.1",1306277,1318456,"rsi_circ_005493",2,"-",1,2,40,40,"my_test_rsi2",2,0,0,1,"GTAG",NA,"ANCHOR_UNIQUE,CANONICAL,CIRCULAR,PERFECT_EXT,UNAMBIGUOUS_BP"
"3779","NW_017739128.1",951548,952399,"rsi_circ_005494",3,"-",2,3,40,5,"my_test_rsi2",3,0,0,1,"GTAG",NA,"ANCHOR_UNIQUE,CANONICAL,CIRCULAR,PERFECT_EXT,UNAMBIGUOUS_BP"
"3780","NW_017738992.1",2427523,2430197,"rsi_circ_005496",4,"+",4,4,40,40,"my_test_rsi2",4,0,0,1,"GTAG",NA,"ANCHOR_UNIQUE,CANONICAL,CIRCULAR,PERFECT_EXT,UNAMBIGUOUS_BP"
"3781","NW_017739015.1",5276181,5297767,"rsi_circ_005497",4,"+",1,4,5,40,"my_test_rsi2",4,0,0,1,"GTAG",NA,"ANCHOR_UNIQUE,CANONICAL,CIRCULAR,PERFECT_EXT,UNAMBIGUOUS_BP"
"3782","NW_017739032.1",794295,795492,"rsi_circ_005500",2,"-",1,2,5,5,"my_test_rsi2",2,0,0,1,"GTAG",NA,"ANCHOR_UNIQUE,CANONICAL,CIRCULAR,PERFECT_EXT,UNAMBIGUOUS_BP"
"3783","NW_017739768.1",114226,128559,"rsi_circ_005501",2,"+",1,2,5,5,"my_test_rsi2",2,1,0,1,"GTAG",NA,"ANCHOR_UNIQUE,CANONICAL,CIRCULAR,GOOD_EXT,UNAMBIGUOUS_BP"
"3784","NW_017738943.1",1665972,1669030,"rsi_circ_005502",6,"-",3,6,40,40,"my_test_rsi2",6,0,0,1,"GTAG",NA,"ANCHOR_UNIQUE,CANONICAL,CIRCULAR,PERFECT_EXT,UNAMBIGUOUS_BP"
"3785","NW_017738979.1",136332,187502,"rsi_circ_005503",9,"+",6,9,40,40,"my_test_rsi2",9,0,0,1,"GTAG",NA,"ANCHOR_UNIQUE,CANONICAL,CIRCULAR,PERFECT_EXT,UNAMBIGUOUS_BP"
"3786","NW_017739290.1",92514,95379,"rsi_circ_005507",2,"+",1,2,5,5,"my_test_rsi2",2,0,0,1,"GTAG",NA,"ANCHOR_UNIQUE,CANONICAL,CIRCULAR,PERFECT_EXT,UNAMBIGUOUS_BP"
"3787","NW_017739829.1",135380,152644,"rsi_circ_005508",23,"-",14,23,40,40,"my_test_rsi2",23,0,0,1,"GTAG",NA,"ANCHOR_UNIQUE,CANONICAL,CIRCULAR,PERFECT_EXT,UNAMBIGUOUS_BP"
"3788","NW_017738997.1",496611,497385,"rsi_circ_005509",6,"+",2,6,40,40,"my_test_rsi2",6,0,0,1,"GTAG",NA,"ANCHOR_UNIQUE,CANONICAL,CIRCULAR,PERFECT_EXT,UNAMBIGUOUS_BP"
"3789","NW_017739446.1",1020786,1024538,"rsi_circ_005510",9,"-",3,9,40,40,"my_test_rsi2",9,0,0,1,"GTAG",NA,"ANCHOR_UNIQUE,CANONICAL,CIRCULAR,PERFECT_EXT,UNAMBIGUOUS_BP"
"3790","NW_017739227.1",1302747,1304439,"rsi_circ_005511",2,"+",2,2,35,5,"my_test_rsi2",2,0,0,1,"GTAG",NA,"ANCHOR_UNIQUE,CANONICAL,CIRCULAR,PERFECT_EXT,UNAMBIGUOUS_BP"
"3791","NW_017739169.1",55699,65352,"rsi_circ_005516",3,"+",1,3,40,40,"my_test_rsi2",3,2,0,1,"GTAG",NA,"ANCHOR_UNIQUE,CANONICAL,CIRCULAR,OK_EXT,UNAMBIGUOUS_BP"
"3792","NW_017738997.1",3458019,3476431,"rsi_circ_005517",2,"+",1,2,40,5,"my_test_rsi2",2,0,0,1,"GTAG",NA,"ANCHOR_UNIQUE,CANONICAL,CIRCULAR,PERFECT_EXT,UNAMBIGUOUS_BP"
"3793","NW_017738925.1",6510091,6538839,"rsi_circ_005518",2,"-",1,2,5,40,"my_test_rsi2",2,0,0,1,"GTAG",NA,"ANCHOR_UNIQUE,CANONICAL,CIRCULAR,PERFECT_EXT,UNAMBIGUOUS_BP"
"3794","NW_017739268.1",999803,1000537,"rsi_circ_005520",2,"-",1,2,40,40,"my_test_rsi2",2,0,0,1,"GTAG",NA,"ANCHOR_UNIQUE,CANONICAL,CIRCULAR,PERFECT_EXT,UNAMBIGUOUS_BP"
"3795","NW_017738959.1",177339,181909,"rsi_circ_005521",22,"-",12,22,40,40,"my_test_rsi2",22,0,0,1,"GTAG",NA,"ANCHOR_UNIQUE,CANONICAL,CIRCULAR,PERFECT_EXT,UNAMBIGUOUS_BP"
"3796","NW_017739663.1",72869,74159,"rsi_circ_005522",2,"-",2,1,5,5,"my_test_rsi2",2,1,0,1,"GTAG",NA,"ANCHOR_UNIQUE,CANONICAL,CIRCULAR,GOOD_EXT,UNAMBIGUOUS_BP"
"3797","NW_017738961.1",2446314,2449263,"rsi_circ_005523",10,"-",3,10,40,40,"my_test_rsi2",10,0,0,1,"GTAG",NA,"ANCHOR_UNIQUE,CANONICAL,CIRCULAR,PERFECT_EXT,UNAMBIGUOUS_BP"
"3798","NW_017739274.1",798461,811511,"rsi_circ_005524",21,"-",10,21,40,40,"my_test_rsi2",21,0,0,1,"GTAG",NA,"ANCHOR_UNIQUE,CANONICAL,CIRCULAR,PERFECT_EXT,UNAMBIGUOUS_BP"
"3799","NW_017738925.1",9859181,9888515,"rsi_circ_005526",2,"-",1,2,40,40,"my_test_rsi2",2,0,0,1,"GTAG",NA,"ANCHOR_UNIQUE,CANONICAL,CIRCULAR,PERFECT_EXT,UNAMBIGUOUS_BP"
"3800","NW_017739071.1",3351685,3386176,"rsi_circ_005529",6,"+",2,6,35,40,"my_test_rsi2",6,0,0,1,"GTAG",NA,"ANCHOR_UNIQUE,CANONICAL,CIRCULAR,PERFECT_EXT,UNAMBIGUOUS_BP"
"3801","NW_017739146.1",2835486,2837184,"rsi_circ_005530",3,"-",2,3,40,40,"my_test_rsi2",3,0,0,1,"GTAG",NA,"ANCHOR_UNIQUE,CANONICAL,CIRCULAR,PERFECT_EXT,UNAMBIGUOUS_BP"
"3802","NW_017739160.1",1152585,1162998,"rsi_circ_005531",2,"-",2,2,40,40,"my_test_rsi2",2,1,0,1,"GTAG",NA,"ANCHOR_UNIQUE,CANONICAL,CIRCULAR,GOOD_EXT,UNAMBIGUOUS_BP"
"3803","NW_017738927.1",448258,452899,"rsi_circ_005533",3,"-",2,3,40,40,"my_test_rsi2",3,0,0,1,"GTAG",NA,"ANCHOR_UNIQUE,CANONICAL,CIRCULAR,PERFECT_EXT,UNAMBIGUOUS_BP"
"3804","NW_017739046.1",3524820,3527061,"rsi_circ_005534",2,"+",1,2,5,40,"my_test_rsi2",2,0,0,1,"GTAG",NA,"ANCHOR_UNIQUE,CANONICAL,CIRCULAR,PERFECT_EXT,UNAMBIGUOUS_BP"
"3805","NW_017739070.1",1594490,1614588,"rsi_circ_005536",2,"-",2,2,40,40,"my_test_rsi2",2,0,0,1,"GTAG",NA,"ANCHOR_UNIQUE,CANONICAL,CIRCULAR,PERFECT_EXT,UNAMBIGUOUS_BP"
"3806","NW_017739068.1",2649078,2653638,"rsi_circ_005538",2,"-",1,2,40,40,"my_test_rsi2",2,0,0,1,"GTAG",NA,"ANCHOR_UNIQUE,CANONICAL,CIRCULAR,PERFECT_EXT,UNAMBIGUOUS_BP"
"3807","NW_017738920.1",4514846,4523031,"rsi_circ_005539",2,"-",1,2,5,40,"my_test_rsi2",2,0,0,1,"GTAG",NA,"ANCHOR_UNIQUE,CANONICAL,CIRCULAR,PERFECT_EXT,UNAMBIGUOUS_BP"
"3808","NW_017739185.1",4343791,4362695,"rsi_circ_005540",7,"-",4,7,40,40,"my_test_rsi2",7,0,0,1,"GTAG",NA,"ANCHOR_UNIQUE,CANONICAL,CIRCULAR,PERFECT_EXT,UNAMBIGUOUS_BP"
"3809","NW_017739478.1",236483,261270,"rsi_circ_005541",4,"+",2,4,40,40,"my_test_rsi2",4,1,0,1,"GTAG",NA,"ANCHOR_UNIQUE,CANONICAL,CIRCULAR,GOOD_EXT,UNAMBIGUOUS_BP"
"3810","NW_017738971.1",7131593,7134831,"rsi_circ_005543",4,"-",2,4,40,35,"my_test_rsi2",4,1,0,1,"GTAG",NA,"ANCHOR_UNIQUE,CANONICAL,CIRCULAR,GOOD_EXT,UNAMBIGUOUS_BP"
"3811","NW_017739025.1",2863893,2890220,"rsi_circ_005544",4,"+",3,4,40,40,"my_test_rsi2",4,1,0,1,"GTAG",NA,"ANCHOR_UNIQUE,CANONICAL,CIRCULAR,GOOD_EXT,UNAMBIGUOUS_BP"
"3812","NW_017739002.1",536015,583772,"rsi_circ_005545",2,"+",1,2,40,40,"my_test_rsi2",2,1,0,1,"GTAG",NA,"ANCHOR_UNIQUE,CANONICAL,CIRCULAR,GOOD_EXT,UNAMBIGUOUS_BP"
"3813","NW_017739055.1",4894294,4906943,"rsi_circ_005546",2,"-",2,2,40,40,"my_test_rsi2",2,0,0,1,"GTAG",NA,"ANCHOR_UNIQUE,CANONICAL,CIRCULAR,PERFECT_EXT,UNAMBIGUOUS_BP"
"3814","NW_017739012.1",1395768,1399789,"rsi_circ_005547",3,"+",1,3,40,5,"my_test_rsi2",3,0,0,1,"GTAG",NA,"ANCHOR_UNIQUE,CANONICAL,CIRCULAR,PERFECT_EXT,UNAMBIGUOUS_BP"
"3815","NW_017738937.1",4049371,4067225,"rsi_circ_005552",4,"+",2,4,40,40,"my_test_rsi2",4,0,0,1,"GTAG",NA,"ANCHOR_UNIQUE,CANONICAL,CIRCULAR,PERFECT_EXT,UNAMBIGUOUS_BP"
"3816","NW_017739125.1",2324984,2325394,"rsi_circ_005554",2,"+",1,2,5,5,"my_test_rsi2",2,0,0,1,"GTAG",NA,"ANCHOR_UNIQUE,CANONICAL,CIRCULAR,PERFECT_EXT,UNAMBIGUOUS_BP"
"3817","NW_017739010.1",4461259,4523522,"rsi_circ_005555",3,"-",1,3,40,40,"my_test_rsi2",3,0,0,1,"GTAG",NA,"ANCHOR_UNIQUE,CANONICAL,CIRCULAR,PERFECT_EXT,UNAMBIGUOUS_BP"
"3818","NW_017738979.1",5981828,5990722,"rsi_circ_005556",2,"+",1,2,40,40,"my_test_rsi2",2,0,0,1,"GTAG",NA,"ANCHOR_UNIQUE,CANONICAL,CIRCULAR,PERFECT_EXT,UNAMBIGUOUS_BP"
"3819","NW_017739358.1",366749,377513,"rsi_circ_005558",2,"+",1,2,40,40,"my_test_rsi2",2,0,0,1,"GTAG",NA,"ANCHOR_UNIQUE,CANONICAL,CIRCULAR,PERFECT_EXT,UNAMBIGUOUS_BP"
"3820","NW_017739519.1",598564,605814,"rsi_circ_005561",3,"-",2,3,40,5,"my_test_rsi2",3,1,0,1,"GTAG",NA,"ANCHOR_UNIQUE,CANONICAL,CIRCULAR,GOOD_EXT,UNAMBIGUOUS_BP"
"3821","NW_017739019.1",4729044,4729613,"rsi_circ_005563",6,"+",3,5,40,40,"my_test_rsi2",6,0,0,1,"GTAG",NA,"ANCHOR_UNIQUE,CANONICAL,CIRCULAR,PERFECT_EXT,UNAMBIGUOUS_BP"
"3822","NW_017739394.1",938401,944390,"rsi_circ_005565",52,"-",25,52,40,40,"my_test_rsi2",52,0,0,1,"GTAG",NA,"ANCHOR_UNIQUE,CANONICAL,CIRCULAR,PERFECT_EXT,UNAMBIGUOUS_BP"
"3823","NW_017739550.1",329131,335559,"rsi_circ_005566",4,"+",2,4,5,40,"my_test_rsi2",4,0,0,1,"GTAG",NA,"ANCHOR_UNIQUE,CANONICAL,CIRCULAR,PERFECT_EXT,UNAMBIGUOUS_BP"
"3824","NW_017739115.1",3447648,3448643,"rsi_circ_005567",21,"+",7,21,40,40,"my_test_rsi2",21,1,0,1,"GTAG",NA,"ANCHOR_UNIQUE,CANONICAL,CIRCULAR,GOOD_EXT,UNAMBIGUOUS_BP"
"3825","NW_017739122.1",296962,352952,"rsi_circ_005569",3,"-",3,2,40,40,"my_test_rsi2",3,0,0,1,"GTAG",NA,"ANCHOR_UNIQUE,CANONICAL,CIRCULAR,PERFECT_EXT,UNAMBIGUOUS_BP"
"3826","NW_017739089.1",8221331,8246930,"rsi_circ_005570",2,"-",2,2,40,40,"my_test_rsi2",2,0,0,1,"GTAG",NA,"ANCHOR_UNIQUE,CANONICAL,CIRCULAR,PERFECT_EXT,UNAMBIGUOUS_BP"
"3827","NW_017738978.1",2956832,2957144,"rsi_circ_005571",5,"+",1,5,40,40,"my_test_rsi2",5,0,0,1,"GTAG",NA,"ANCHOR_UNIQUE,CANONICAL,CIRCULAR,PERFECT_EXT,UNAMBIGUOUS_BP"
"3828","NW_017738948.1",3132554,3140473,"rsi_circ_005572",7,"-",4,7,40,40,"my_test_rsi2",7,0,0,1,"GTAG",NA,"ANCHOR_UNIQUE,CANONICAL,CIRCULAR,PERFECT_EXT,UNAMBIGUOUS_BP"
"3829","NW_017739400.1",267472,274242,"rsi_circ_005573",2,"-",2,2,40,40,"my_test_rsi2",2,1,0,1,"GTAG",NA,"ANCHOR_UNIQUE,CANONICAL,CIRCULAR,GOOD_EXT,UNAMBIGUOUS_BP"
"3830","NW_017738967.1",1787759,1798980,"rsi_circ_005574",4,"+",2,4,40,40,"my_test_rsi2",4,1,0,1,"GTAG",NA,"ANCHOR_UNIQUE,CANONICAL,CIRCULAR,GOOD_EXT,UNAMBIGUOUS_BP"
"3831","NW_017739016.1",1564281,1567395,"rsi_circ_005575",3,"-",1,3,35,40,"my_test_rsi2",3,0,0,1,"GTAG",NA,"ANCHOR_UNIQUE,CANONICAL,CIRCULAR,PERFECT_EXT,UNAMBIGUOUS_BP"
"3832","NW_017739163.1",900670,905046,"rsi_circ_005578",4,"+",3,4,40,40,"my_test_rsi2",4,0,0,1,"GTAG",NA,"ANCHOR_UNIQUE,CANONICAL,CIRCULAR,PERFECT_EXT,UNAMBIGUOUS_BP"
"3833","NW_017738979.1",2720311,2801890,"rsi_circ_005579",7,"+",3,7,40,40,"my_test_rsi2",7,0,0,1,"GTAG",NA,"ANCHOR_UNIQUE,CANONICAL,CIRCULAR,PERFECT_EXT,UNAMBIGUOUS_BP"
"3834","NW_017739600.1",82566,88062,"rsi_circ_005581",14,"-",7,14,40,40,"my_test_rsi2",14,0,0,1,"GTAG",NA,"ANCHOR_UNIQUE,CANONICAL,CIRCULAR,PERFECT_EXT,UNAMBIGUOUS_BP"
"3835","NW_017739174.1",2022,15931,"rsi_circ_005582",5,"+",3,5,40,40,"my_test_rsi2",5,0,0,1,"GTAG",NA,"ANCHOR_UNIQUE,CANONICAL,CIRCULAR,PERFECT_EXT,UNAMBIGUOUS_BP"
"3836","NW_017739576.1",593902,597443,"rsi_circ_005583",35,"+",18,35,40,40,"my_test_rsi2",35,0,0,1,"GTAG",NA,"ANCHOR_UNIQUE,CANONICAL,CIRCULAR,PERFECT_EXT,UNAMBIGUOUS_BP"
"3837","NW_017739025.1",2908874,2915389,"rsi_circ_005584",3,"+",1,3,40,5,"my_test_rsi2",3,0,0,1,"GTAG",NA,"ANCHOR_UNIQUE,CANONICAL,CIRCULAR,PERFECT_EXT,UNAMBIGUOUS_BP"
"3838","NW_017739104.1",2476700,2482713,"rsi_circ_005585",12,"+",7,12,40,40,"my_test_rsi2",12,1,0,1,"GTAG",NA,"ANCHOR_UNIQUE,CANONICAL,CIRCULAR,GOOD_EXT,UNAMBIGUOUS_BP"
"3839","NW_017739590.1",133718,134441,"rsi_circ_005587",11,"-",6,11,40,40,"my_test_rsi2",11,0,0,1,"GTAG",NA,"ANCHOR_UNIQUE,CANONICAL,CIRCULAR,PERFECT_EXT,UNAMBIGUOUS_BP"
"3840","NW_017738936.1",3119662,3121895,"rsi_circ_005588",3,"-",1,3,5,5,"my_test_rsi2",3,0,0,1,"GTAG",NA,"ANCHOR_UNIQUE,CANONICAL,CIRCULAR,PERFECT_EXT,UNAMBIGUOUS_BP"
"3841","NW_017738932.1",7188715,7200172,"rsi_circ_005589",2,"+",1,2,35,40,"my_test_rsi2",2,1,0,1,"GTAG",NA,"ANCHOR_UNIQUE,CANONICAL,CIRCULAR,GOOD_EXT,UNAMBIGUOUS_BP"
"3842","NW_017739059.1",3354128,3369968,"rsi_circ_005590",3,"-",1,3,5,40,"my_test_rsi2",3,2,0,1,"GTAG",NA,"ANCHOR_UNIQUE,CANONICAL,CIRCULAR,OK_EXT,UNAMBIGUOUS_BP"
"3843","NW_017739104.1",1820589,1829776,"rsi_circ_005591",2,"-",1,2,35,5,"my_test_rsi2",2,1,0,1,"GTAG",NA,"ANCHOR_UNIQUE,CANONICAL,CIRCULAR,GOOD_EXT,UNAMBIGUOUS_BP"
"3844","NW_017739342.1",3480213,3495584,"rsi_circ_005593",4,"+",2,4,40,40,"my_test_rsi2",4,0,0,1,"GTAG",NA,"ANCHOR_UNIQUE,CANONICAL,CIRCULAR,PERFECT_EXT,UNAMBIGUOUS_BP"
"3845","NW_017739006.1",4422266,4422773,"rsi_circ_005594",4,"-",2,4,40,40,"my_test_rsi2",4,0,0,1,"GTAG",NA,"ANCHOR_UNIQUE,CANONICAL,CIRCULAR,PERFECT_EXT,UNAMBIGUOUS_BP"
"3846","NW_017739130.1",2224023,2224831,"rsi_circ_005595",2,"-",1,2,40,40,"my_test_rsi2",2,0,0,1,"GTAG",NA,"ANCHOR_UNIQUE,CANONICAL,CIRCULAR,PERFECT_EXT,UNAMBIGUOUS_BP"
"3847","NW_017739227.1",148342,159562,"rsi_circ_005597",4,"-",2,4,5,40,"my_test_rsi2",4,0,0,1,"GTAG",NA,"ANCHOR_UNIQUE,CANONICAL,CIRCULAR,PERFECT_EXT,UNAMBIGUOUS_BP"
"3848","NW_017739017.1",359911,360661,"rsi_circ_005598",7,"+",5,7,40,40,"my_test_rsi2",7,0,0,1,"GTAG",NA,"ANCHOR_UNIQUE,CANONICAL,CIRCULAR,PERFECT_EXT,UNAMBIGUOUS_BP"
"3849","NW_017738940.1",6102915,6124957,"rsi_circ_005599",7,"-",2,7,40,35,"my_test_rsi2",7,0,0,1,"GTAG",NA,"ANCHOR_UNIQUE,CANONICAL,CIRCULAR,PERFECT_EXT,UNAMBIGUOUS_BP"
"3850","NW_017738928.1",1523015,1540372,"rsi_circ_005600",2,"-",1,2,40,40,"my_test_rsi2",2,1,0,1,"GTAG",NA,"ANCHOR_UNIQUE,CANONICAL,CIRCULAR,GOOD_EXT,UNAMBIGUOUS_BP"
"3851","NW_017738984.1",1865382,1871327,"rsi_circ_005602",2,"+",1,2,40,5,"my_test_rsi2",2,1,0,1,"GTAG",NA,"ANCHOR_UNIQUE,CANONICAL,CIRCULAR,GOOD_EXT,UNAMBIGUOUS_BP"
"3852","NW_017739011.1",2202749,2205003,"rsi_circ_005603",6,"-",2,6,40,40,"my_test_rsi2",6,0,0,1,"GTAG",NA,"ANCHOR_UNIQUE,CANONICAL,CIRCULAR,PERFECT_EXT,UNAMBIGUOUS_BP"
"3853","NW_017738987.1",1224070,1226359,"rsi_circ_005606",3,"+",2,3,5,40,"my_test_rsi2",3,1,0,1,"GTAG",NA,"ANCHOR_UNIQUE,CANONICAL,CIRCULAR,GOOD_EXT,UNAMBIGUOUS_BP"
"3854","NW_017738951.1",1873602,1889843,"rsi_circ_005607",4,"-",2,4,5,40,"my_test_rsi2",4,0,0,1,"GTAG",NA,"ANCHOR_UNIQUE,CANONICAL,CIRCULAR,PERFECT_EXT,UNAMBIGUOUS_BP"
"3855","NW_017739337.1",1568858,1629025,"rsi_circ_005608",9,"-",6,3,40,5,"my_test_rsi2",9,0,0,1,"GTAG",NA,"ANCHOR_UNIQUE,CANONICAL,CIRCULAR,PERFECT_EXT,UNAMBIGUOUS_BP"
"3856","NW_017739042.1",2343533,2344720,"rsi_circ_005609",11,"-",9,11,40,40,"my_test_rsi2",11,0,0,1,"GTAG",NA,"ANCHOR_UNIQUE,CANONICAL,CIRCULAR,PERFECT_EXT,UNAMBIGUOUS_BP"
"3857","NW_017739246.1",1456291,1467425,"rsi_circ_005610",10,"-",7,9,40,40,"my_test_rsi2",10,0,0,1,"GTAG",NA,"ANCHOR_UNIQUE,CANONICAL,CIRCULAR,PERFECT_EXT,UNAMBIGUOUS_BP"
"3858","NW_017738949.1",114547,115098,"rsi_circ_005612",5,"+",5,5,40,40,"my_test_rsi2",5,1,0,1,"GTAG",NA,"ANCHOR_UNIQUE,CANONICAL,CIRCULAR,GOOD_EXT,UNAMBIGUOUS_BP"
"3859","NW_017739016.1",2084554,2088549,"rsi_circ_005613",4,"+",1,4,40,40,"my_test_rsi2",4,0,0,1,"GTAG",NA,"ANCHOR_UNIQUE,CANONICAL,CIRCULAR,PERFECT_EXT,UNAMBIGUOUS_BP"
"3860","NW_017738947.1",3627894,3629680,"rsi_circ_005614",16,"+",10,16,40,40,"my_test_rsi2",16,0,0,1,"GTAG",NA,"ANCHOR_UNIQUE,CANONICAL,CIRCULAR,PERFECT_EXT,UNAMBIGUOUS_BP"
"3861","NW_017739127.1",3944438,3949271,"rsi_circ_005615",2,"+",1,2,40,40,"my_test_rsi2",2,0,0,1,"GTAG",NA,"ANCHOR_UNIQUE,CANONICAL,CIRCULAR,PERFECT_EXT,UNAMBIGUOUS_BP"
"3862","NW_017738958.1",2424988,2426116,"rsi_circ_005616",2,"-",1,2,40,40,"my_test_rsi2",2,0,0,1,"GTAG",NA,"ANCHOR_UNIQUE,CANONICAL,CIRCULAR,PERFECT_EXT,UNAMBIGUOUS_BP"
"3863","NW_017738936.1",6887492,6887721,"rsi_circ_005617",2,"-",1,2,5,5,"my_test_rsi2",2,1,0,1,"GTAG",NA,"ANCHOR_UNIQUE,CANONICAL,CIRCULAR,GOOD_EXT,UNAMBIGUOUS_BP"
"3864","NW_017739779.1",391070,401321,"rsi_circ_005618",2,"-",1,2,5,40,"my_test_rsi2",2,2,0,1,"GTAG",NA,"ANCHOR_UNIQUE,CANONICAL,CIRCULAR,OK_EXT,UNAMBIGUOUS_BP"
"3865","NW_017739040.1",9547307,9550150,"rsi_circ_005620",2,"-",1,2,40,40,"my_test_rsi2",2,1,0,1,"GTAG",NA,"ANCHOR_UNIQUE,CANONICAL,CIRCULAR,GOOD_EXT,UNAMBIGUOUS_BP"
"3866","NW_017738929.1",801155,802536,"rsi_circ_005622",22,"-",8,22,40,40,"my_test_rsi2",22,0,0,1,"GTAG",NA,"ANCHOR_UNIQUE,CANONICAL,CIRCULAR,PERFECT_EXT,UNAMBIGUOUS_BP"
"3867","NW_017738948.1",5174650,5176474,"rsi_circ_005624",4,"-",4,4,40,40,"my_test_rsi2",4,0,0,1,"GTAG",NA,"ANCHOR_UNIQUE,CANONICAL,CIRCULAR,PERFECT_EXT,UNAMBIGUOUS_BP"
"3868","NW_017739212.1",1372459,1400932,"rsi_circ_005627",2,"+",2,2,40,40,"my_test_rsi2",2,0,0,1,"GTAG",NA,"ANCHOR_UNIQUE,CANONICAL,CIRCULAR,PERFECT_EXT,UNAMBIGUOUS_BP"
"3869","NW_017738936.1",3778319,3780165,"rsi_circ_005628",191,"-",60,172,40,40,"my_test_rsi2",191,0,0,1,"GTAG",NA,"ANCHOR_UNIQUE,CANONICAL,CIRCULAR,PERFECT_EXT,UNAMBIGUOUS_BP"
"3870","NW_017739013.1",3700605,3704628,"rsi_circ_005629",4,"+",3,4,40,40,"my_test_rsi2",4,0,0,1,"GTAG",NA,"ANCHOR_UNIQUE,CANONICAL,CIRCULAR,PERFECT_EXT,UNAMBIGUOUS_BP"
"3871","NW_017739390.1",1307407,1353214,"rsi_circ_005630",3,"+",2,3,40,40,"my_test_rsi2",3,0,0,1,"GTAG",NA,"ANCHOR_UNIQUE,CANONICAL,CIRCULAR,PERFECT_EXT,UNAMBIGUOUS_BP"
"3872","NW_017739265.1",348108,421300,"rsi_circ_005631",12,"-",7,10,40,40,"my_test_rsi2",12,1,0,1,"GTAG",NA,"ANCHOR_UNIQUE,CANONICAL,CIRCULAR,GOOD_EXT,UNAMBIGUOUS_BP"
"3873","NW_017738977.1",3949854,4027104,"rsi_circ_005632",2,"+",1,2,40,5,"my_test_rsi2",2,1,0,1,"GTAG",NA,"ANCHOR_UNIQUE,CANONICAL,CIRCULAR,GOOD_EXT,UNAMBIGUOUS_BP"
"3874","NW_017739026.1",4633929,4635072,"rsi_circ_005633",6,"-",5,5,40,40,"my_test_rsi2",6,1,0,1,"GTAG",NA,"ANCHOR_UNIQUE,CANONICAL,CIRCULAR,GOOD_EXT,UNAMBIGUOUS_BP"
"3875","NW_017739078.1",4204133,4209052,"rsi_circ_005634",3,"-",1,3,40,5,"my_test_rsi2",3,0,0,1,"GTAG",NA,"ANCHOR_UNIQUE,CANONICAL,CIRCULAR,PERFECT_EXT,UNAMBIGUOUS_BP"
"3876","NW_017739460.1",1304759,1316516,"rsi_circ_005635",2,"+",1,2,40,40,"my_test_rsi2",2,0,0,1,"GTAG",NA,"ANCHOR_UNIQUE,CANONICAL,CIRCULAR,PERFECT_EXT,UNAMBIGUOUS_BP"
"3877","NW_017739711.1",124573,134248,"rsi_circ_005637",2,"-",2,2,5,40,"my_test_rsi2",2,0,0,1,"GTAG",NA,"ANCHOR_UNIQUE,CANONICAL,CIRCULAR,PERFECT_EXT,UNAMBIGUOUS_BP"
"3878","NW_017738937.1",5997374,6010522,"rsi_circ_005638",2,"-",1,2,5,5,"my_test_rsi2",2,1,0,1,"GTAG",NA,"ANCHOR_UNIQUE,CANONICAL,CIRCULAR,GOOD_EXT,UNAMBIGUOUS_BP"
"3879","NW_017739172.1",890743,921852,"rsi_circ_005639",11,"-",8,10,40,40,"my_test_rsi2",11,0,0,1,"GTAG",NA,"ANCHOR_UNIQUE,CANONICAL,CIRCULAR,PERFECT_EXT,UNAMBIGUOUS_BP"
"3880","NW_017738922.1",6969031,6976295,"rsi_circ_005640",2,"-",2,2,40,40,"my_test_rsi2",2,0,0,1,"GTAG",NA,"ANCHOR_UNIQUE,CANONICAL,CIRCULAR,PERFECT_EXT,UNAMBIGUOUS_BP"
"3881","NW_017739450.1",320079,326447,"rsi_circ_005643",2,"+",1,2,5,40,"my_test_rsi2",2,1,0,1,"GTAG",NA,"ANCHOR_UNIQUE,CANONICAL,CIRCULAR,GOOD_EXT,UNAMBIGUOUS_BP"
"3882","NW_017739246.1",1195253,1195643,"rsi_circ_005644",5,"+",4,5,40,40,"my_test_rsi2",5,0,0,1,"GTAG",NA,"ANCHOR_UNIQUE,CANONICAL,CIRCULAR,PERFECT_EXT,UNAMBIGUOUS_BP"
"3883","NW_017738992.1",2427523,2430970,"rsi_circ_005645",4,"+",3,4,40,40,"my_test_rsi2",4,0,0,1,"GTAG",NA,"ANCHOR_UNIQUE,CANONICAL,CIRCULAR,PERFECT_EXT,UNAMBIGUOUS_BP"
"3884","NW_017739211.1",3572373,3575315,"rsi_circ_005646",11,"-",7,11,40,40,"my_test_rsi2",11,1,0,1,"GTAG",NA,"ANCHOR_UNIQUE,CANONICAL,CIRCULAR,GOOD_EXT,UNAMBIGUOUS_BP"
"3885","NW_017738931.1",5431174,5442986,"rsi_circ_005647",3,"-",1,3,5,40,"my_test_rsi2",3,1,0,1,"GTAG",NA,"ANCHOR_UNIQUE,CANONICAL,CIRCULAR,GOOD_EXT,UNAMBIGUOUS_BP"
"3886","NW_017739190.1",103509,124222,"rsi_circ_005650",2,"+",1,2,5,40,"my_test_rsi2",2,0,0,1,"GTAG",NA,"ANCHOR_UNIQUE,CANONICAL,CIRCULAR,PERFECT_EXT,UNAMBIGUOUS_BP"
"3887","NW_017739349.1",468151,546422,"rsi_circ_005651",3,"+",2,3,40,40,"my_test_rsi2",3,1,0,1,"GTAG",NA,"ANCHOR_UNIQUE,CANONICAL,CIRCULAR,GOOD_EXT,UNAMBIGUOUS_BP"
"3888","NW_017739771.1",80943,81689,"rsi_circ_005652",6,"+",1,6,40,40,"my_test_rsi2",6,0,0,1,"GTAG",NA,"ANCHOR_UNIQUE,CANONICAL,CIRCULAR,PERFECT_EXT,UNAMBIGUOUS_BP"
"3889","NW_017738969.1",2578962,2584805,"rsi_circ_005653",2,"-",1,2,40,5,"my_test_rsi2",2,0,0,1,"GTAG",NA,"ANCHOR_UNIQUE,CANONICAL,CIRCULAR,PERFECT_EXT,UNAMBIGUOUS_BP"
"3890","NW_017739296.1",634950,638186,"rsi_circ_005654",2,"+",2,2,40,40,"my_test_rsi2",2,0,0,1,"GTAG",NA,"ANCHOR_UNIQUE,CANONICAL,CIRCULAR,PERFECT_EXT,UNAMBIGUOUS_BP"
"3891","NW_017739476.1",854028,863812,"rsi_circ_005656",10,"-",4,10,40,40,"my_test_rsi2",10,0,0,1,"GTAG",NA,"ANCHOR_UNIQUE,CANONICAL,CIRCULAR,PERFECT_EXT,UNAMBIGUOUS_BP"
"3892","NW_017739443.1",1131284,1131530,"rsi_circ_005658",9,"+",4,9,40,40,"my_test_rsi2",9,0,0,1,"GTAG",NA,"ANCHOR_UNIQUE,CANONICAL,CIRCULAR,PERFECT_EXT,UNAMBIGUOUS_BP"
"3893","NW_017738990.1",6865777,6865957,"rsi_circ_005659",3,"-",1,3,5,40,"my_test_rsi2",3,0,0,1,"GTAG",NA,"ANCHOR_UNIQUE,CANONICAL,CIRCULAR,PERFECT_EXT,UNAMBIGUOUS_BP"
"3894","NW_017738960.1",598827,603911,"rsi_circ_005660",2,"-",2,2,40,40,"my_test_rsi2",2,0,0,1,"GTAG",NA,"ANCHOR_UNIQUE,CANONICAL,CIRCULAR,PERFECT_EXT,UNAMBIGUOUS_BP"
"3895","NW_017738944.1",1070994,1080585,"rsi_circ_005661",2,"+",1,2,40,5,"my_test_rsi2",2,0,0,1,"GTAG",NA,"ANCHOR_UNIQUE,CANONICAL,CIRCULAR,PERFECT_EXT,UNAMBIGUOUS_BP"
"3896","NW_017739065.1",1409652,1452589,"rsi_circ_005663",2,"+",1,2,40,40,"my_test_rsi2",2,1,0,1,"GTAG",NA,"ANCHOR_UNIQUE,CANONICAL,CIRCULAR,GOOD_EXT,UNAMBIGUOUS_BP"
"3897","NW_017739576.1",593902,603601,"rsi_circ_005665",2,"+",2,2,40,5,"my_test_rsi2",2,0,0,1,"GTAG",NA,"ANCHOR_UNIQUE,CANONICAL,CIRCULAR,PERFECT_EXT,UNAMBIGUOUS_BP"
"3898","NW_017739379.1",432377,435595,"rsi_circ_005666",3,"+",2,3,40,40,"my_test_rsi2",3,0,0,1,"GTAG",NA,"ANCHOR_UNIQUE,CANONICAL,CIRCULAR,PERFECT_EXT,UNAMBIGUOUS_BP"
"3899","NW_017738926.1",5106247,5113352,"rsi_circ_005667",9,"-",6,9,40,40,"my_test_rsi2",9,0,0,1,"GTAG",NA,"ANCHOR_UNIQUE,CANONICAL,CIRCULAR,PERFECT_EXT,UNAMBIGUOUS_BP"
"3900","NW_017739032.1",3849851,3855488,"rsi_circ_005669",17,"+",10,17,40,40,"my_test_rsi2",17,0,0,1,"GTAG",NA,"ANCHOR_UNIQUE,CANONICAL,CIRCULAR,PERFECT_EXT,UNAMBIGUOUS_BP"
"3901","NW_017739330.1",488104,524378,"rsi_circ_005673",2,"-",2,2,35,35,"my_test_rsi2",2,1,0,1,"GTAG",NA,"ANCHOR_UNIQUE,CANONICAL,CIRCULAR,GOOD_EXT,UNAMBIGUOUS_BP"
"3902","NW_017739446.1",1590880,1596580,"rsi_circ_005675",3,"-",2,3,35,40,"my_test_rsi2",3,0,0,1,"GTAG",NA,"ANCHOR_UNIQUE,CANONICAL,CIRCULAR,PERFECT_EXT,UNAMBIGUOUS_BP"
"3903","NW_017739104.1",77305,102080,"rsi_circ_005676",2,"-",1,2,40,40,"my_test_rsi2",2,1,0,1,"GTAG",NA,"ANCHOR_UNIQUE,CANONICAL,CIRCULAR,GOOD_EXT,UNAMBIGUOUS_BP"
"3904","NW_017739466.1",448403,466299,"rsi_circ_005677",2,"+",1,2,5,5,"my_test_rsi2",2,0,0,1,"GTAG",NA,"ANCHOR_UNIQUE,CANONICAL,CIRCULAR,PERFECT_EXT,UNAMBIGUOUS_BP"
"3905","NW_017739285.1",248520,249062,"rsi_circ_005679",2,"-",2,2,40,5,"my_test_rsi2",2,2,0,1,"GTAG",NA,"ANCHOR_UNIQUE,CANONICAL,CIRCULAR,OK_EXT,UNAMBIGUOUS_BP"
"3906","NW_017738948.1",5075554,5079552,"rsi_circ_005681",13,"-",11,13,40,40,"my_test_rsi2",13,0,0,1,"GTAG",NA,"ANCHOR_UNIQUE,CANONICAL,CIRCULAR,PERFECT_EXT,UNAMBIGUOUS_BP"
"3907","NW_017739609.1",613011,626992,"rsi_circ_005684",2,"+",1,2,5,5,"my_test_rsi2",2,0,1,1,"GTAG",NA,"ANCHOR_UNIQUE,CANONICAL,CIRCULAR,GOOD_EXT,UNAMBIGUOUS_BP"
"3908","NW_017739394.1",1023609,1029985,"rsi_circ_005686",2,"-",1,2,40,40,"my_test_rsi2",2,0,0,1,"GTAG",NA,"ANCHOR_UNIQUE,CANONICAL,CIRCULAR,PERFECT_EXT,UNAMBIGUOUS_BP"
"3909","NW_017738987.1",927059,940294,"rsi_circ_005687",2,"-",1,2,40,35,"my_test_rsi2",2,0,0,1,"GTAG",NA,"ANCHOR_UNIQUE,CANONICAL,CIRCULAR,PERFECT_EXT,UNAMBIGUOUS_BP"
"3910","NW_017739065.1",1548382,1614670,"rsi_circ_005688",3,"+",1,3,5,40,"my_test_rsi2",3,2,0,1,"GTAG",NA,"ANCHOR_UNIQUE,CANONICAL,CIRCULAR,OK_EXT,UNAMBIGUOUS_BP"
"3911","NW_017739220.1",229657,241516,"rsi_circ_005689",2,"-",2,2,5,40,"my_test_rsi2",2,0,0,1,"GTAG",NA,"ANCHOR_UNIQUE,CANONICAL,CIRCULAR,PERFECT_EXT,UNAMBIGUOUS_BP"
"3912","NW_017739462.1",73926,74082,"rsi_circ_005690",2,"-",1,2,40,5,"my_test_rsi2",2,1,0,1,"GTAG",NA,"ANCHOR_UNIQUE,CANONICAL,CIRCULAR,GOOD_EXT,UNAMBIGUOUS_BP"
"3913","NW_017738943.1",12476612,12476813,"rsi_circ_005691",2,"+",1,2,35,5,"my_test_rsi2",2,2,0,1,"GTAG",NA,"ANCHOR_UNIQUE,CANONICAL,CIRCULAR,OK_EXT,UNAMBIGUOUS_BP"
"3914","NW_017739032.1",3399797,3399961,"rsi_circ_005692",2,"-",2,2,40,35,"my_test_rsi2",2,0,0,1,"GTAG",NA,"ANCHOR_UNIQUE,CANONICAL,CIRCULAR,PERFECT_EXT,UNAMBIGUOUS_BP"
"3915","NW_017739315.1",455967,483722,"rsi_circ_005695",2,"+",2,2,5,40,"my_test_rsi2",2,0,0,1,"GTAG",NA,"ANCHOR_UNIQUE,CANONICAL,CIRCULAR,PERFECT_EXT,UNAMBIGUOUS_BP"
"3916","NW_017738935.1",7983618,7998873,"rsi_circ_005697",9,"+",6,9,40,40,"my_test_rsi2",9,1,0,1,"GTAG",NA,"ANCHOR_UNIQUE,CANONICAL,CIRCULAR,GOOD_EXT,UNAMBIGUOUS_BP"
"3917","NW_017739460.1",1288830,1307980,"rsi_circ_005698",19,"+",11,15,40,40,"my_test_rsi2",19,1,0,1,"GTAG",NA,"ANCHOR_UNIQUE,CANONICAL,CIRCULAR,GOOD_EXT,UNAMBIGUOUS_BP"
"3918","NW_017739806.1",251591,252989,"rsi_circ_005699",4,"+",3,4,40,40,"my_test_rsi2",4,0,0,1,"GTAG",NA,"ANCHOR_UNIQUE,CANONICAL,CIRCULAR,PERFECT_EXT,UNAMBIGUOUS_BP"
"3919","NW_017739103.1",2113124,2129080,"rsi_circ_005701",4,"+",2,4,5,40,"my_test_rsi2",4,1,0,1,"GTAG",NA,"ANCHOR_UNIQUE,CANONICAL,CIRCULAR,GOOD_EXT,UNAMBIGUOUS_BP"
"3920","NW_017739121.1",393891,395439,"rsi_circ_005703",2,"+",2,2,40,5,"my_test_rsi2",2,1,0,1,"GTAG",NA,"ANCHOR_UNIQUE,CANONICAL,CIRCULAR,GOOD_EXT,UNAMBIGUOUS_BP"
"3921","NW_017739473.1",963297,970171,"rsi_circ_005705",4,"-",2,4,40,40,"my_test_rsi2",4,0,0,1,"GTAG",NA,"ANCHOR_UNIQUE,CANONICAL,CIRCULAR,PERFECT_EXT,UNAMBIGUOUS_BP"
"3922","NW_017739028.1",6230436,6232068,"rsi_circ_005706",4,"+",2,4,40,5,"my_test_rsi2",4,0,0,1,"GTAG",NA,"ANCHOR_UNIQUE,CANONICAL,CIRCULAR,PERFECT_EXT,UNAMBIGUOUS_BP"
"3923","NW_017739427.1",537271,543489,"rsi_circ_005707",10,"+",2,10,40,40,"my_test_rsi2",10,0,0,1,"GTAG",NA,"ANCHOR_UNIQUE,CANONICAL,CIRCULAR,PERFECT_EXT,UNAMBIGUOUS_BP"
"3924","NW_017739211.1",3760860,3766144,"rsi_circ_005708",5,"+",3,5,40,40,"my_test_rsi2",5,0,0,1,"GTAG",NA,"ANCHOR_UNIQUE,CANONICAL,CIRCULAR,PERFECT_EXT,UNAMBIGUOUS_BP"
"3925","NW_017739058.1",938151,941374,"rsi_circ_005710",38,"+",24,32,40,40,"my_test_rsi2",38,0,0,1,"GTAG",NA,"ANCHOR_UNIQUE,CANONICAL,CIRCULAR,PERFECT_EXT,UNAMBIGUOUS_BP"
"3926","NW_017738924.1",4599426,4616693,"rsi_circ_005711",3,"+",1,3,5,40,"my_test_rsi2",3,0,0,1,"GTAG",NA,"ANCHOR_UNIQUE,CANONICAL,CIRCULAR,PERFECT_EXT,UNAMBIGUOUS_BP"
"3927","NW_017738973.1",317302,325021,"rsi_circ_005712",2,"-",2,2,40,40,"my_test_rsi2",2,0,0,1,"GTAG",NA,"ANCHOR_UNIQUE,CANONICAL,CIRCULAR,PERFECT_EXT,UNAMBIGUOUS_BP"
"3928","NW_017739017.1",1684750,1699893,"rsi_circ_005713",2,"-",2,2,5,5,"my_test_rsi2",2,0,0,1,"GTAG",NA,"ANCHOR_UNIQUE,CANONICAL,CIRCULAR,PERFECT_EXT,UNAMBIGUOUS_BP"
"3929","NW_017738969.1",2665236,2733188,"rsi_circ_005714",4,"-",3,4,40,40,"my_test_rsi2",4,0,0,1,"GTAG",NA,"ANCHOR_UNIQUE,CANONICAL,CIRCULAR,PERFECT_EXT,UNAMBIGUOUS_BP"
"3930","NW_017739327.1",584908,588778,"rsi_circ_005715",2,"-",1,2,40,40,"my_test_rsi2",2,0,0,1,"GTAG",NA,"ANCHOR_UNIQUE,CANONICAL,CIRCULAR,PERFECT_EXT,UNAMBIGUOUS_BP"
"3931","NW_017739093.1",1354577,1354826,"rsi_circ_005716",4,"+",4,4,40,40,"my_test_rsi2",4,1,0,1,"GTAG",NA,"ANCHOR_UNIQUE,CANONICAL,CIRCULAR,GOOD_EXT,UNAMBIGUOUS_BP"
"3932","NW_017739159.1",1671272,1673721,"rsi_circ_005720",4,"+",2,4,40,40,"my_test_rsi2",4,0,0,1,"GTAG",NA,"ANCHOR_UNIQUE,CANONICAL,CIRCULAR,PERFECT_EXT,UNAMBIGUOUS_BP"
"3933","NW_017738975.1",4405665,4416935,"rsi_circ_005721",3,"+",1,3,5,40,"my_test_rsi2",3,0,0,1,"GTAG",NA,"ANCHOR_UNIQUE,CANONICAL,CIRCULAR,PERFECT_EXT,UNAMBIGUOUS_BP"
"3934","NW_017739461.1",859907,867549,"rsi_circ_005722",2,"+",1,2,5,5,"my_test_rsi2",2,1,0,1,"GTAG",NA,"ANCHOR_UNIQUE,CANONICAL,CIRCULAR,GOOD_EXT,UNAMBIGUOUS_BP"
"3935","NW_017739031.1",1474693,1502695,"rsi_circ_005725",5,"-",2,5,40,40,"my_test_rsi2",5,0,0,1,"GTAG",NA,"ANCHOR_UNIQUE,CANONICAL,CIRCULAR,PERFECT_EXT,UNAMBIGUOUS_BP"
"3936","NW_017738984.1",8867462,8867780,"rsi_circ_005727",25,"+",16,25,40,40,"my_test_rsi2",25,0,0,1,"GTAG",NA,"ANCHOR_UNIQUE,CANONICAL,CIRCULAR,PERFECT_EXT,UNAMBIGUOUS_BP"
"3937","NW_017739488.1",623981,632369,"rsi_circ_005728",62,"-",31,62,40,40,"my_test_rsi2",62,0,0,1,"GTAG",NA,"ANCHOR_UNIQUE,CANONICAL,CIRCULAR,PERFECT_EXT,UNAMBIGUOUS_BP"
"3938","NW_017739212.1",1091125,1094243,"rsi_circ_005729",4,"+",4,2,40,40,"my_test_rsi2",4,0,0,1,"GTAG",NA,"ANCHOR_UNIQUE,CANONICAL,CIRCULAR,PERFECT_EXT,UNAMBIGUOUS_BP"
"3939","NW_017739168.1",485119,486180,"rsi_circ_005730",4,"+",1,4,5,36,"my_test_rsi2",4,0,0,1,"GTAG",NA,"ANCHOR_UNIQUE,CANONICAL,CIRCULAR,PERFECT_EXT,UNAMBIGUOUS_BP"
"3940","NW_017739029.1",1208736,1227259,"rsi_circ_005732",2,"-",2,2,40,40,"my_test_rsi2",2,0,0,1,"GTAG",NA,"ANCHOR_UNIQUE,CANONICAL,CIRCULAR,PERFECT_EXT,UNAMBIGUOUS_BP"
"3941","NW_017739364.1",108046,108554,"rsi_circ_005733",5,"+",2,5,40,35,"my_test_rsi2",5,0,0,1,"GTAG",NA,"ANCHOR_UNIQUE,CANONICAL,CIRCULAR,PERFECT_EXT,UNAMBIGUOUS_BP"
"3942","NW_017738945.1",301261,344622,"rsi_circ_005734",3,"+",2,3,35,5,"my_test_rsi2",3,0,0,1,"GTAG",NA,"ANCHOR_UNIQUE,CANONICAL,CIRCULAR,PERFECT_EXT,UNAMBIGUOUS_BP"
"3943","NW_017738942.1",3097277,3149544,"rsi_circ_005735",6,"+",3,6,40,35,"my_test_rsi2",6,2,0,1,"GTAG",NA,"ANCHOR_UNIQUE,CANONICAL,CIRCULAR,OK_EXT,UNAMBIGUOUS_BP"
"3944","NW_017738962.1",344390,358251,"rsi_circ_005736",7,"+",4,7,40,40,"my_test_rsi2",7,0,0,1,"GTAG",NA,"ANCHOR_UNIQUE,CANONICAL,CIRCULAR,PERFECT_EXT,UNAMBIGUOUS_BP"
"3945","NW_017739066.1",3990934,4004195,"rsi_circ_005737",17,"+",9,17,40,40,"my_test_rsi2",17,0,0,1,"GTAG",NA,"ANCHOR_UNIQUE,CANONICAL,CIRCULAR,PERFECT_EXT,UNAMBIGUOUS_BP"
"3946","NW_017739035.1",2070864,2071699,"rsi_circ_005740",3,"+",2,3,40,5,"my_test_rsi2",3,0,0,1,"GTAG",NA,"ANCHOR_UNIQUE,CANONICAL,CIRCULAR,PERFECT_EXT,UNAMBIGUOUS_BP"
"3947","NW_017738957.1",5149225,5157737,"rsi_circ_005741",3,"-",3,3,5,40,"my_test_rsi2",3,0,0,1,"GTAG",NA,"ANCHOR_UNIQUE,CANONICAL,CIRCULAR,PERFECT_EXT,UNAMBIGUOUS_BP"
"3948","NW_017738958.1",479786,486312,"rsi_circ_005742",2,"-",1,2,5,5,"my_test_rsi2",2,0,0,1,"GTAG",NA,"ANCHOR_UNIQUE,CANONICAL,CIRCULAR,PERFECT_EXT,UNAMBIGUOUS_BP"
"3949","NW_017738933.1",10164562,10180248,"rsi_circ_005743",2,"+",1,2,5,5,"my_test_rsi2",2,0,0,1,"GTAG",NA,"ANCHOR_UNIQUE,CANONICAL,CIRCULAR,PERFECT_EXT,UNAMBIGUOUS_BP"
"3950","NW_017738928.1",4723210,4741477,"rsi_circ_005745",6,"+",5,6,40,40,"my_test_rsi2",6,0,0,1,"GTAG",NA,"ANCHOR_UNIQUE,CANONICAL,CIRCULAR,PERFECT_EXT,UNAMBIGUOUS_BP"
"3951","NW_017738926.1",1853164,1857286,"rsi_circ_005746",3,"+",1,3,35,40,"my_test_rsi2",3,0,0,1,"GTAG",NA,"ANCHOR_UNIQUE,CANONICAL,CIRCULAR,PERFECT_EXT,UNAMBIGUOUS_BP"
"3952","NW_017739089.1",7048728,7050196,"rsi_circ_005750",2,"-",1,2,40,5,"my_test_rsi2",2,1,0,1,"GTAG",NA,"ANCHOR_UNIQUE,CANONICAL,CIRCULAR,GOOD_EXT,UNAMBIGUOUS_BP"
"3953","NW_017739388.1",1242686,1244572,"rsi_circ_005751",5,"+",2,5,40,5,"my_test_rsi2",5,0,0,1,"GTAG",NA,"ANCHOR_UNIQUE,CANONICAL,CIRCULAR,PERFECT_EXT,UNAMBIGUOUS_BP"
"3954","NW_017738928.1",1523015,1530960,"rsi_circ_005752",16,"-",5,11,40,40,"my_test_rsi2",16,0,0,1,"GTAG",NA,"ANCHOR_UNIQUE,CANONICAL,CIRCULAR,PERFECT_EXT,UNAMBIGUOUS_BP"
"3955","NW_017738927.1",2081118,2083005,"rsi_circ_005755",2,"+",1,2,40,40,"my_test_rsi2",2,0,0,1,"GTAG",NA,"ANCHOR_UNIQUE,CANONICAL,CIRCULAR,PERFECT_EXT,UNAMBIGUOUS_BP"
"3956","NW_017738979.1",4343875,4350750,"rsi_circ_005756",2,"+",2,2,5,40,"my_test_rsi2",2,0,0,1,"GTAG",NA,"ANCHOR_UNIQUE,CANONICAL,CIRCULAR,PERFECT_EXT,UNAMBIGUOUS_BP"
"3957","NW_017739001.1",3028725,3065085,"rsi_circ_005757",8,"+",5,8,40,35,"my_test_rsi2",8,0,0,1,"GTAG",NA,"ANCHOR_UNIQUE,CANONICAL,CIRCULAR,PERFECT_EXT,UNAMBIGUOUS_BP"
"3958","NW_017739596.1",70937,83698,"rsi_circ_005758",4,"-",2,3,5,40,"my_test_rsi2",4,0,0,1,"GTAG",NA,"ANCHOR_UNIQUE,CANONICAL,CIRCULAR,PERFECT_EXT,UNAMBIGUOUS_BP"
"3959","NW_017739045.1",4908043,4912616,"rsi_circ_005760",5,"+",4,5,40,40,"my_test_rsi2",5,0,0,1,"GTAG",NA,"ANCHOR_UNIQUE,CANONICAL,CIRCULAR,PERFECT_EXT,UNAMBIGUOUS_BP"
"3960","NW_017739033.1",2970404,2982596,"rsi_circ_005764",3,"-",2,3,40,40,"my_test_rsi2",3,0,0,1,"GTAG",NA,"ANCHOR_UNIQUE,CANONICAL,CIRCULAR,PERFECT_EXT,UNAMBIGUOUS_BP"
"3961","NW_017739423.1",175353,176602,"rsi_circ_005765",5,"+",1,5,40,40,"my_test_rsi2",5,0,0,1,"GTAG",NA,"ANCHOR_UNIQUE,CANONICAL,CIRCULAR,PERFECT_EXT,UNAMBIGUOUS_BP"
"3962","NW_017738941.1",3531499,3538103,"rsi_circ_005771",6,"-",1,6,5,40,"my_test_rsi2",6,0,0,1,"GTAG",NA,"ANCHOR_UNIQUE,CANONICAL,CIRCULAR,PERFECT_EXT,UNAMBIGUOUS_BP"
"3963","NW_017738926.1",1701636,1710789,"rsi_circ_005775",2,"-",2,2,40,40,"my_test_rsi2",2,0,0,1,"GTAG",NA,"ANCHOR_UNIQUE,CANONICAL,CIRCULAR,PERFECT_EXT,UNAMBIGUOUS_BP"
"3964","NW_017739110.1",3012941,3015009,"rsi_circ_005776",3,"-",1,3,40,40,"my_test_rsi2",3,0,0,1,"GTAG",NA,"ANCHOR_UNIQUE,CANONICAL,CIRCULAR,PERFECT_EXT,UNAMBIGUOUS_BP"
"3965","NW_017738943.1",11654874,11658738,"rsi_circ_005779",27,"+",18,27,40,40,"my_test_rsi2",27,0,0,1,"GTAG",NA,"ANCHOR_UNIQUE,CANONICAL,CIRCULAR,PERFECT_EXT,UNAMBIGUOUS_BP"
"3966","NW_017738968.1",4241109,4242854,"rsi_circ_005780",56,"-",30,55,40,40,"my_test_rsi2",56,0,0,1,"GTAG",NA,"ANCHOR_UNIQUE,CANONICAL,CIRCULAR,PERFECT_EXT,UNAMBIGUOUS_BP"
"3967","NW_017738926.1",4318311,4320243,"rsi_circ_005781",76,"+",36,71,40,40,"my_test_rsi2",76,0,0,1,"GTAG",NA,"ANCHOR_UNIQUE,CANONICAL,CIRCULAR,PERFECT_EXT,UNAMBIGUOUS_BP"
"3968","NW_017739608.1",467269,471533,"rsi_circ_005782",5,"-",2,1,5,35,"my_test_rsi2",5,0,0,1,"GTAG",NA,"ANCHOR_UNIQUE,CANONICAL,CIRCULAR,PERFECT_EXT,UNAMBIGUOUS_BP"
"3969","NW_017738984.1",7415923,7417337,"rsi_circ_005783",8,"+",4,8,40,40,"my_test_rsi2",8,0,0,1,"GTAG",NA,"ANCHOR_UNIQUE,CANONICAL,CIRCULAR,PERFECT_EXT,UNAMBIGUOUS_BP"
"3970","NW_017738950.1",6539869,6548413,"rsi_circ_005785",6,"+",3,6,37,40,"my_test_rsi2",6,0,0,1,"GTAG",NA,"ANCHOR_UNIQUE,CANONICAL,CIRCULAR,PERFECT_EXT,UNAMBIGUOUS_BP"
"3971","NW_017738966.1",604195,613949,"rsi_circ_005786",9,"+",3,8,40,40,"my_test_rsi2",9,0,0,1,"GTAG",NA,"ANCHOR_UNIQUE,CANONICAL,CIRCULAR,PERFECT_EXT,UNAMBIGUOUS_BP"
"3972","NW_017738937.1",4054511,4067225,"rsi_circ_005787",7,"+",4,7,40,40,"my_test_rsi2",7,0,0,1,"GTAG",NA,"ANCHOR_UNIQUE,CANONICAL,CIRCULAR,PERFECT_EXT,UNAMBIGUOUS_BP"
"3973","NW_017739133.1",1073688,1097081,"rsi_circ_005789",5,"+",3,5,40,40,"my_test_rsi2",5,2,0,1,"GTAG",NA,"ANCHOR_UNIQUE,CANONICAL,CIRCULAR,OK_EXT,UNAMBIGUOUS_BP"
"3974","NW_017738971.1",6902874,6905597,"rsi_circ_005791",4,"-",2,4,40,40,"my_test_rsi2",4,1,0,1,"GTAG",NA,"ANCHOR_UNIQUE,CANONICAL,CIRCULAR,GOOD_EXT,UNAMBIGUOUS_BP"
"3975","NW_017739088.1",685328,693892,"rsi_circ_005792",5,"-",3,5,40,40,"my_test_rsi2",5,0,0,1,"GTAG",NA,"ANCHOR_UNIQUE,CANONICAL,CIRCULAR,PERFECT_EXT,UNAMBIGUOUS_BP"
"3976","NW_017739015.1",6988686,7033666,"rsi_circ_005795",4,"-",2,4,40,35,"my_test_rsi2",4,0,0,1,"GTAG",NA,"ANCHOR_UNIQUE,CANONICAL,CIRCULAR,PERFECT_EXT,UNAMBIGUOUS_BP"
"3977","NW_017739023.1",2070946,2071789,"rsi_circ_005796",4,"-",2,4,35,40,"my_test_rsi2",4,0,0,1,"GTAG",NA,"ANCHOR_UNIQUE,CANONICAL,CIRCULAR,PERFECT_EXT,UNAMBIGUOUS_BP"
"3978","NW_017739097.1",687996,723895,"rsi_circ_005797",2,"-",1,2,5,40,"my_test_rsi2",2,2,0,1,"GTAG",NA,"ANCHOR_UNIQUE,CANONICAL,CIRCULAR,OK_EXT,UNAMBIGUOUS_BP"
"3979","NW_017739147.1",4010254,4012149,"rsi_circ_005799",4,"+",1,4,40,5,"my_test_rsi2",4,0,0,1,"GTAG",NA,"ANCHOR_UNIQUE,CANONICAL,CIRCULAR,PERFECT_EXT,UNAMBIGUOUS_BP"
"3980","NW_017739030.1",1019108,1020442,"rsi_circ_005800",2,"+",2,2,40,40,"my_test_rsi2",2,0,0,1,"GTAG",NA,"ANCHOR_UNIQUE,CANONICAL,CIRCULAR,PERFECT_EXT,UNAMBIGUOUS_BP"
"3981","NW_017738924.1",4229,8141,"rsi_circ_005801",4,"+",3,4,40,40,"my_test_rsi2",4,1,0,1,"GTAG",NA,"ANCHOR_UNIQUE,CANONICAL,CIRCULAR,GOOD_EXT,UNAMBIGUOUS_BP"
"3982","NW_017739050.1",647334,647700,"rsi_circ_005802",2,"+",1,2,40,40,"my_test_rsi2",2,0,0,1,"GTAG",NA,"ANCHOR_UNIQUE,CANONICAL,CIRCULAR,PERFECT_EXT,UNAMBIGUOUS_BP"
"3983","NW_017738930.1",976287,979874,"rsi_circ_005805",37,"-",21,34,40,40,"my_test_rsi2",37,0,0,1,"GTAG",NA,"ANCHOR_UNIQUE,CANONICAL,CIRCULAR,PERFECT_EXT,UNAMBIGUOUS_BP"
"3984","NW_017739059.1",3353046,3353322,"rsi_circ_005806",2,"-",1,2,40,40,"my_test_rsi2",2,2,0,1,"GTAG",NA,"ANCHOR_UNIQUE,CANONICAL,CIRCULAR,OK_EXT,UNAMBIGUOUS_BP"
"3985","NW_017739200.1",1312966,1336148,"rsi_circ_005807",2,"+",1,2,40,5,"my_test_rsi2",2,1,0,1,"GTAG",NA,"ANCHOR_UNIQUE,CANONICAL,CIRCULAR,GOOD_EXT,UNAMBIGUOUS_BP"
"3986","NW_017739055.1",3362551,3390287,"rsi_circ_005808",4,"-",1,4,40,5,"my_test_rsi2",4,0,0,1,"GTAG",NA,"ANCHOR_UNIQUE,CANONICAL,CIRCULAR,PERFECT_EXT,UNAMBIGUOUS_BP"
"3987","NW_017739042.1",889807,890100,"rsi_circ_005809",3,"+",2,2,4,5,"my_test_rsi2",3,1,0,1,"GTAG",NA,"ANCHOR_UNIQUE,CANONICAL,CIRCULAR,GOOD_EXT,UNAMBIGUOUS_BP"
"3988","NW_017738932.1",6812816,6814373,"rsi_circ_005812",2,"+",2,2,40,40,"my_test_rsi2",2,0,0,1,"GTAG",NA,"ANCHOR_UNIQUE,CANONICAL,CIRCULAR,PERFECT_EXT,UNAMBIGUOUS_BP"
"3989","NW_017739387.1",1855810,1859438,"rsi_circ_005813",3,"-",1,3,40,35,"my_test_rsi2",3,0,0,1,"GTAG",NA,"ANCHOR_UNIQUE,CANONICAL,CIRCULAR,PERFECT_EXT,UNAMBIGUOUS_BP"
"3990","NW_017739346.1",208938,217232,"rsi_circ_005814",2,"-",1,2,5,40,"my_test_rsi2",2,0,0,1,"GTAG",NA,"ANCHOR_UNIQUE,CANONICAL,CIRCULAR,PERFECT_EXT,UNAMBIGUOUS_BP"
"3991","NW_017739326.1",431920,443226,"rsi_circ_005815",3,"+",1,3,5,5,"my_test_rsi2",3,2,0,1,"GTAG",NA,"ANCHOR_UNIQUE,CANONICAL,CIRCULAR,OK_EXT,UNAMBIGUOUS_BP"
"3992","NW_017739728.1",458527,469442,"rsi_circ_005816",6,"+",3,6,40,5,"my_test_rsi2",6,0,0,1,"GTAG",NA,"ANCHOR_UNIQUE,CANONICAL,CIRCULAR,PERFECT_EXT,UNAMBIGUOUS_BP"
"3993","NW_017738923.1",1422756,1427775,"rsi_circ_005817",4,"-",1,4,5,40,"my_test_rsi2",4,2,0,1,"GTAG",NA,"ANCHOR_UNIQUE,CANONICAL,CIRCULAR,OK_EXT,UNAMBIGUOUS_BP"
"3994","NW_017738920.1",3166949,3179011,"rsi_circ_005818",10,"-",7,9,40,40,"my_test_rsi2",10,0,0,1,"GTAG",NA,"ANCHOR_UNIQUE,CANONICAL,CIRCULAR,PERFECT_EXT,UNAMBIGUOUS_BP"
"3995","NW_017739294.1",247879,257450,"rsi_circ_005820",2,"-",1,2,40,40,"my_test_rsi2",2,1,0,1,"GTAG",NA,"ANCHOR_UNIQUE,CANONICAL,CIRCULAR,GOOD_EXT,UNAMBIGUOUS_BP"
"3996","NW_017738923.1",14779292,14789617,"rsi_circ_005821",3,"-",2,3,5,40,"my_test_rsi2",3,0,0,1,"GTAG",NA,"ANCHOR_UNIQUE,CANONICAL,CIRCULAR,PERFECT_EXT,UNAMBIGUOUS_BP"
"3997","NW_017739155.1",3027915,3041062,"rsi_circ_005822",2,"+",1,2,40,40,"my_test_rsi2",2,1,0,1,"GTAG",NA,"ANCHOR_UNIQUE,CANONICAL,CIRCULAR,GOOD_EXT,UNAMBIGUOUS_BP"
"3998","NW_017739373.1",1547903,1562085,"rsi_circ_005823",2,"-",1,2,5,40,"my_test_rsi2",2,2,0,1,"GTAG",NA,"ANCHOR_UNIQUE,CANONICAL,CIRCULAR,OK_EXT,UNAMBIGUOUS_BP"
"3999","NW_017739293.1",326474,334286,"rsi_circ_005824",41,"+",18,41,40,40,"my_test_rsi2",41,0,0,1,"GTAG",NA,"ANCHOR_UNIQUE,CANONICAL,CIRCULAR,PERFECT_EXT,UNAMBIGUOUS_BP"
"4000","NW_017739401.1",212928,254591,"rsi_circ_005829",5,"-",2,5,40,40,"my_test_rsi2",5,0,0,1,"GTAG",NA,"ANCHOR_UNIQUE,CANONICAL,CIRCULAR,PERFECT_EXT,UNAMBIGUOUS_BP"
"4001","NW_017739153.1",4649837,4655532,"rsi_circ_005830",6,"+",3,6,40,40,"my_test_rsi2",6,0,0,1,"GTAG",NA,"ANCHOR_UNIQUE,CANONICAL,CIRCULAR,PERFECT_EXT,UNAMBIGUOUS_BP"
"4002","NW_017738987.1",5007737,5008457,"rsi_circ_005832",2,"+",1,2,35,40,"my_test_rsi2",2,2,0,1,"GTAG",NA,"ANCHOR_UNIQUE,CANONICAL,CIRCULAR,OK_EXT,UNAMBIGUOUS_BP"
"4003","NW_017738939.1",1907420,1918293,"rsi_circ_005833",10,"+",4,9,40,40,"my_test_rsi2",10,0,0,1,"GTAG",NA,"ANCHOR_UNIQUE,CANONICAL,CIRCULAR,PERFECT_EXT,UNAMBIGUOUS_BP"
"4004","NW_017739075.1",1585791,1597555,"rsi_circ_005834",3,"-",1,3,40,40,"my_test_rsi2",3,1,0,1,"GTAG",NA,"ANCHOR_UNIQUE,CANONICAL,CIRCULAR,GOOD_EXT,UNAMBIGUOUS_BP"
"4005","NW_017738927.1",1720448,1732109,"rsi_circ_005835",2,"+",2,2,5,40,"my_test_rsi2",2,0,0,1,"GTAG",NA,"ANCHOR_UNIQUE,CANONICAL,CIRCULAR,PERFECT_EXT,UNAMBIGUOUS_BP"
"4006","NW_017739175.1",499668,500600,"rsi_circ_005836",2,"-",1,2,35,5,"my_test_rsi2",2,2,0,1,"GTAG",NA,"ANCHOR_UNIQUE,CANONICAL,CIRCULAR,OK_EXT,UNAMBIGUOUS_BP"
"4007","NW_017738923.1",15071110,15110491,"rsi_circ_005837",4,"-",1,4,5,40,"my_test_rsi2",4,0,0,1,"GTAG",NA,"ANCHOR_UNIQUE,CANONICAL,CIRCULAR,PERFECT_EXT,UNAMBIGUOUS_BP"
"4008","NW_017739395.1",933361,934333,"rsi_circ_005838",2,"+",1,2,5,40,"my_test_rsi2",2,1,0,1,"GTAG",NA,"ANCHOR_UNIQUE,CANONICAL,CIRCULAR,GOOD_EXT,UNAMBIGUOUS_BP"
"4009","NW_017738944.1",257471,260653,"rsi_circ_005839",6,"-",2,6,40,40,"my_test_rsi2",6,1,0,1,"GTAG",NA,"ANCHOR_UNIQUE,CANONICAL,CIRCULAR,GOOD_EXT,UNAMBIGUOUS_BP"
"4010","NW_017739522.1",429222,429942,"rsi_circ_005840",3,"+",1,3,40,5,"my_test_rsi2",3,0,0,1,"GTAG",NA,"ANCHOR_UNIQUE,CANONICAL,CIRCULAR,PERFECT_EXT,UNAMBIGUOUS_BP"
"4011","NW_017739416.1",401175,426476,"rsi_circ_005841",5,"+",4,2,37,5,"my_test_rsi2",5,0,0,1,"GTAG",NA,"ANCHOR_UNIQUE,CANONICAL,CIRCULAR,PERFECT_EXT,UNAMBIGUOUS_BP"
"4012","NW_017739130.1",1572990,1593268,"rsi_circ_005842",2,"+",2,2,40,40,"my_test_rsi2",2,0,0,1,"GTAG",NA,"ANCHOR_UNIQUE,CANONICAL,CIRCULAR,PERFECT_EXT,UNAMBIGUOUS_BP"
"4013","NW_017739139.1",1026790,1029145,"rsi_circ_005844",4,"-",2,4,5,35,"my_test_rsi2",4,0,0,1,"GTAG",NA,"ANCHOR_UNIQUE,CANONICAL,CIRCULAR,PERFECT_EXT,UNAMBIGUOUS_BP"
"4014","NW_017739593.1",341616,356165,"rsi_circ_005845",2,"+",1,2,40,40,"my_test_rsi2",2,0,0,1,"GTAG",NA,"ANCHOR_UNIQUE,CANONICAL,CIRCULAR,PERFECT_EXT,UNAMBIGUOUS_BP"
"4015","NW_017739244.1",2456759,2502383,"rsi_circ_005846",11,"+",5,11,40,40,"my_test_rsi2",11,1,0,1,"GTAG",NA,"ANCHOR_UNIQUE,CANONICAL,CIRCULAR,GOOD_EXT,UNAMBIGUOUS_BP"
"4016","NW_017739128.1",279423,283525,"rsi_circ_005847",8,"-",2,7,5,40,"my_test_rsi2",8,0,0,1,"GTAG",NA,"ANCHOR_UNIQUE,CANONICAL,CIRCULAR,PERFECT_EXT,UNAMBIGUOUS_BP"
"4017","NW_017739702.1",123015,126003,"rsi_circ_005848",17,"-",6,17,40,40,"my_test_rsi2",17,0,0,1,"GTAG",NA,"ANCHOR_UNIQUE,CANONICAL,CIRCULAR,PERFECT_EXT,UNAMBIGUOUS_BP"
"4018","NW_017739071.1",2990492,2994488,"rsi_circ_005850",77,"-",36,42,40,37,"my_test_rsi2",77,0,0,1,"GTAG",NA,"ANCHOR_UNIQUE,CANONICAL,CIRCULAR,PERFECT_EXT,UNAMBIGUOUS_BP"
"4019","NW_017739551.1",67693,108735,"rsi_circ_005851",2,"+",1,2,35,5,"my_test_rsi2",2,0,0,1,"GTAG",NA,"ANCHOR_UNIQUE,CANONICAL,CIRCULAR,PERFECT_EXT,UNAMBIGUOUS_BP"
"4020","NW_017738997.1",2982998,2985624,"rsi_circ_005852",3,"+",1,3,40,5,"my_test_rsi2",3,0,0,1,"GTAG",NA,"ANCHOR_UNIQUE,CANONICAL,CIRCULAR,PERFECT_EXT,UNAMBIGUOUS_BP"
"4021","NW_017739140.1",5274076,5306483,"rsi_circ_005853",2,"+",1,2,40,40,"my_test_rsi2",2,0,0,1,"GTAG",NA,"ANCHOR_UNIQUE,CANONICAL,CIRCULAR,PERFECT_EXT,UNAMBIGUOUS_BP"
"4022","NW_017738957.1",5266290,5267807,"rsi_circ_005854",4,"+",2,4,40,5,"my_test_rsi2",4,0,0,1,"GTAG",NA,"ANCHOR_UNIQUE,CANONICAL,CIRCULAR,PERFECT_EXT,UNAMBIGUOUS_BP"
"4023","NW_017738957.1",12668430,12670090,"rsi_circ_005856",2,"+",1,2,40,40,"my_test_rsi2",2,1,0,1,"GTAG",NA,"ANCHOR_UNIQUE,CANONICAL,CIRCULAR,GOOD_EXT,UNAMBIGUOUS_BP"
"4024","NW_017739356.1",3542026,3551113,"rsi_circ_005857",3,"-",2,3,35,40,"my_test_rsi2",3,0,0,1,"GTAG",NA,"ANCHOR_UNIQUE,CANONICAL,CIRCULAR,PERFECT_EXT,UNAMBIGUOUS_BP"
"4025","NW_017739466.1",448403,452435,"rsi_circ_005858",8,"+",7,8,40,40,"my_test_rsi2",8,0,0,1,"GTAG",NA,"ANCHOR_UNIQUE,CANONICAL,CIRCULAR,PERFECT_EXT,UNAMBIGUOUS_BP"
"4026","NW_017738967.1",8603718,8613259,"rsi_circ_005860",4,"-",2,4,40,40,"my_test_rsi2",4,0,0,1,"GTAG",NA,"ANCHOR_UNIQUE,CANONICAL,CIRCULAR,PERFECT_EXT,UNAMBIGUOUS_BP"
"4027","NW_017738948.1",3672387,3675662,"rsi_circ_005861",2,"+",1,2,40,40,"my_test_rsi2",2,0,0,1,"GTAG",NA,"ANCHOR_UNIQUE,CANONICAL,CIRCULAR,PERFECT_EXT,UNAMBIGUOUS_BP"
"4028","NW_017739353.1",32014,57864,"rsi_circ_005863",2,"-",2,2,40,40,"my_test_rsi2",2,1,0,1,"GTAG",NA,"ANCHOR_UNIQUE,CANONICAL,CIRCULAR,GOOD_EXT,UNAMBIGUOUS_BP"
"4029","NW_017738951.1",473922,474718,"rsi_circ_005865",3,"+",3,3,40,40,"my_test_rsi2",3,0,0,1,"GTAG",NA,"ANCHOR_UNIQUE,CANONICAL,CIRCULAR,PERFECT_EXT,UNAMBIGUOUS_BP"
"4030","NW_017739103.1",1365343,1367863,"rsi_circ_005867",2,"+",1,2,40,40,"my_test_rsi2",2,0,0,1,"GTAG",NA,"ANCHOR_UNIQUE,CANONICAL,CIRCULAR,PERFECT_EXT,UNAMBIGUOUS_BP"
"4031","NW_017739056.1",1608490,1618600,"rsi_circ_005868",10,"-",4,10,40,40,"my_test_rsi2",10,0,0,1,"GTAG",NA,"ANCHOR_UNIQUE,CANONICAL,CIRCULAR,PERFECT_EXT,UNAMBIGUOUS_BP"
"4032","NW_017738958.1",1305785,1320181,"rsi_circ_005870",12,"-",5,12,40,40,"my_test_rsi2",12,1,0,1,"GTAG",NA,"ANCHOR_UNIQUE,CANONICAL,CIRCULAR,GOOD_EXT,UNAMBIGUOUS_BP"
"4033","NW_017739026.1",4136207,4149700,"rsi_circ_005872",7,"-",5,7,40,40,"my_test_rsi2",7,0,0,1,"GTAG",NA,"ANCHOR_UNIQUE,CANONICAL,CIRCULAR,PERFECT_EXT,UNAMBIGUOUS_BP"
"4034","NW_017739263.1",433112,434425,"rsi_circ_005873",2,"+",1,2,5,40,"my_test_rsi2",2,1,0,1,"GTAG",NA,"ANCHOR_UNIQUE,CANONICAL,CIRCULAR,GOOD_EXT,UNAMBIGUOUS_BP"
"4035","NW_017739061.1",2197710,2198039,"rsi_circ_005876",6,"+",2,6,40,40,"my_test_rsi2",6,0,0,1,"GTAG",NA,"ANCHOR_UNIQUE,CANONICAL,CIRCULAR,PERFECT_EXT,UNAMBIGUOUS_BP"
"4036","NW_017739341.1",1164395,1188652,"rsi_circ_005879",6,"+",3,6,40,40,"my_test_rsi2",6,0,0,1,"GTAG",NA,"ANCHOR_UNIQUE,CANONICAL,CIRCULAR,PERFECT_EXT,UNAMBIGUOUS_BP"
"4037","NW_017739254.1",1283112,1292755,"rsi_circ_005881",9,"+",5,8,40,40,"my_test_rsi2",9,1,0,1,"GTAG",NA,"ANCHOR_UNIQUE,CANONICAL,CIRCULAR,GOOD_EXT,UNAMBIGUOUS_BP"
"4038","NW_017738947.1",3579374,3579653,"rsi_circ_005883",94,"+",46,92,40,40,"my_test_rsi2",94,0,0,1,"GTAG",NA,"ANCHOR_UNIQUE,CANONICAL,CIRCULAR,PERFECT_EXT,UNAMBIGUOUS_BP"
"4039","NW_017739716.1",675440,683312,"rsi_circ_005884",5,"+",3,5,40,40,"my_test_rsi2",5,0,0,1,"GTAG",NA,"ANCHOR_UNIQUE,CANONICAL,CIRCULAR,PERFECT_EXT,UNAMBIGUOUS_BP"
"4040","NW_017738922.1",1057564,1058632,"rsi_circ_005885",4,"+",4,4,40,40,"my_test_rsi2",4,0,0,1,"GTAG",NA,"ANCHOR_UNIQUE,CANONICAL,CIRCULAR,PERFECT_EXT,UNAMBIGUOUS_BP"
"4041","NW_017739341.1",1358017,1361898,"rsi_circ_005886",2,"-",1,2,40,40,"my_test_rsi2",2,0,0,1,"GTAG",NA,"ANCHOR_UNIQUE,CANONICAL,CIRCULAR,PERFECT_EXT,UNAMBIGUOUS_BP"
"4042","NW_017739162.1",3925579,3941043,"rsi_circ_005888",3,"-",2,3,40,40,"my_test_rsi2",3,0,0,1,"GTAG",NA,"ANCHOR_UNIQUE,CANONICAL,CIRCULAR,PERFECT_EXT,UNAMBIGUOUS_BP"
"4043","NW_017739011.1",895727,904872,"rsi_circ_005889",5,"-",4,5,35,40,"my_test_rsi2",5,0,0,1,"GTAG",NA,"ANCHOR_UNIQUE,CANONICAL,CIRCULAR,PERFECT_EXT,UNAMBIGUOUS_BP"
"4044","NW_017739127.1",1438115,1442701,"rsi_circ_005890",2,"-",2,2,40,40,"my_test_rsi2",2,0,0,1,"GTAG",NA,"ANCHOR_UNIQUE,CANONICAL,CIRCULAR,PERFECT_EXT,UNAMBIGUOUS_BP"
"4045","NW_017738959.1",7595567,7605932,"rsi_circ_005891",2,"+",2,2,5,40,"my_test_rsi2",2,1,0,1,"GTAG",NA,"ANCHOR_UNIQUE,CANONICAL,CIRCULAR,GOOD_EXT,UNAMBIGUOUS_BP"
"4046","NW_017739185.1",400875,404231,"rsi_circ_005892",2,"+",2,2,40,40,"my_test_rsi2",2,1,0,1,"GTAG",NA,"ANCHOR_UNIQUE,CANONICAL,CIRCULAR,GOOD_EXT,UNAMBIGUOUS_BP"
"4047","NW_017738948.1",3649899,3692246,"rsi_circ_005893",2,"+",1,2,40,40,"my_test_rsi2",2,0,0,1,"GTAG",NA,"ANCHOR_UNIQUE,CANONICAL,CIRCULAR,PERFECT_EXT,UNAMBIGUOUS_BP"
"4048","NW_017739260.1",332504,350644,"rsi_circ_005895",5,"-",2,5,5,40,"my_test_rsi2",5,0,0,1,"GTAG",NA,"ANCHOR_UNIQUE,CANONICAL,CIRCULAR,PERFECT_EXT,UNAMBIGUOUS_BP"
"4049","NW_017739116.1",415996,425101,"rsi_circ_005898",2,"+",2,1,5,5,"my_test_rsi2",2,0,0,1,"GTAG",NA,"ANCHOR_UNIQUE,CANONICAL,CIRCULAR,PERFECT_EXT,UNAMBIGUOUS_BP"
"4050","NW_017739338.1",70476,73578,"rsi_circ_005899",3,"-",1,3,5,40,"my_test_rsi2",3,0,0,1,"GTAG",NA,"ANCHOR_UNIQUE,CANONICAL,CIRCULAR,PERFECT_EXT,UNAMBIGUOUS_BP"
"4051","NW_017739703.1",201366,203596,"rsi_circ_005900",3,"+",1,3,40,40,"my_test_rsi2",3,0,0,1,"GTAG",NA,"ANCHOR_UNIQUE,CANONICAL,CIRCULAR,PERFECT_EXT,UNAMBIGUOUS_BP"
"4052","NW_017738922.1",5045702,5051718,"rsi_circ_005904",2,"+",1,2,5,5,"my_test_rsi2",2,1,0,1,"GTAG",NA,"ANCHOR_UNIQUE,CANONICAL,CIRCULAR,GOOD_EXT,UNAMBIGUOUS_BP"
"4053","NW_017739112.1",963878,967036,"rsi_circ_005905",2,"+",2,2,40,5,"my_test_rsi2",2,0,0,1,"GTAG",NA,"ANCHOR_UNIQUE,CANONICAL,CIRCULAR,PERFECT_EXT,UNAMBIGUOUS_BP"
"4054","NW_017739087.1",4697014,4721699,"rsi_circ_005909",4,"-",2,4,40,40,"my_test_rsi2",4,0,0,1,"GTAG",NA,"ANCHOR_UNIQUE,CANONICAL,CIRCULAR,PERFECT_EXT,UNAMBIGUOUS_BP"
"4055","NW_017739079.1",1502891,1508678,"rsi_circ_005910",2,"+",2,1,40,5,"my_test_rsi2",2,1,0,1,"GTAG",NA,"ANCHOR_UNIQUE,CANONICAL,CIRCULAR,GOOD_EXT,UNAMBIGUOUS_BP"
"4056","NW_017739483.1",98665,101172,"rsi_circ_005911",10,"-",5,9,40,40,"my_test_rsi2",10,0,0,1,"GTAG",NA,"ANCHOR_UNIQUE,CANONICAL,CIRCULAR,PERFECT_EXT,UNAMBIGUOUS_BP"
"4057","NW_017739437.1",853105,853276,"rsi_circ_005912",2,"-",1,2,40,40,"my_test_rsi2",2,1,0,1,"GTAG",NA,"ANCHOR_UNIQUE,CANONICAL,CIRCULAR,GOOD_EXT,UNAMBIGUOUS_BP"
"4058","NW_017738932.1",6950830,6951147,"rsi_circ_005913",10,"+",4,10,40,40,"my_test_rsi2",10,0,0,1,"GTAG",NA,"ANCHOR_UNIQUE,CANONICAL,CIRCULAR,PERFECT_EXT,UNAMBIGUOUS_BP"
"4059","NW_017739298.1",1432420,1481909,"rsi_circ_005914",2,"+",1,2,35,40,"my_test_rsi2",2,1,2,1,"GTAG",NA,"ANCHOR_UNIQUE,CANONICAL,CIRCULAR,OK_EXT,UNAMBIGUOUS_BP"
"4060","NW_017738925.1",9942460,9983172,"rsi_circ_005916",3,"-",1,3,40,40,"my_test_rsi2",3,1,0,1,"GTAG",NA,"ANCHOR_UNIQUE,CANONICAL,CIRCULAR,GOOD_EXT,UNAMBIGUOUS_BP"
"4061","NW_017739122.1",1434372,1442242,"rsi_circ_005917",3,"+",3,3,5,40,"my_test_rsi2",3,0,0,1,"GTAG",NA,"ANCHOR_UNIQUE,CANONICAL,CIRCULAR,PERFECT_EXT,UNAMBIGUOUS_BP"
"4062","NW_017738962.1",5634388,5636120,"rsi_circ_005918",2,"+",1,2,40,35,"my_test_rsi2",2,1,0,1,"GTAG",NA,"ANCHOR_UNIQUE,CANONICAL,CIRCULAR,GOOD_EXT,UNAMBIGUOUS_BP"
"4063","NW_017739185.1",4343791,4353718,"rsi_circ_005921",13,"-",6,13,40,40,"my_test_rsi2",13,0,0,1,"GTAG",NA,"ANCHOR_UNIQUE,CANONICAL,CIRCULAR,PERFECT_EXT,UNAMBIGUOUS_BP"
"4064","NW_017739590.1",727883,733245,"rsi_circ_005922",2,"-",1,2,5,5,"my_test_rsi2",2,0,0,1,"GTAG",NA,"ANCHOR_UNIQUE,CANONICAL,CIRCULAR,PERFECT_EXT,UNAMBIGUOUS_BP"
"4065","NW_017739054.1",4665415,4665682,"rsi_circ_005924",2,"-",1,2,40,40,"my_test_rsi2",2,0,0,1,"GTAG",NA,"ANCHOR_UNIQUE,CANONICAL,CIRCULAR,PERFECT_EXT,UNAMBIGUOUS_BP"
"4066","NW_017739244.1",669993,686356,"rsi_circ_005926",3,"+",2,3,40,35,"my_test_rsi2",3,1,0,1,"GTAG",NA,"ANCHOR_UNIQUE,CANONICAL,CIRCULAR,GOOD_EXT,UNAMBIGUOUS_BP"
"4067","NW_017739267.1",203795,234616,"rsi_circ_005927",4,"+",2,4,40,5,"my_test_rsi2",4,1,0,1,"GTAG",NA,"ANCHOR_UNIQUE,CANONICAL,CIRCULAR,GOOD_EXT,UNAMBIGUOUS_BP"
"4068","NW_017738959.1",2107426,2112495,"rsi_circ_005928",7,"+",1,7,36,5,"my_test_rsi2",7,1,0,1,"GTAG",NA,"ANCHOR_UNIQUE,CANONICAL,CIRCULAR,GOOD_EXT,UNAMBIGUOUS_BP"
"4069","NW_017739698.1",361755,383098,"rsi_circ_005929",2,"-",1,2,40,40,"my_test_rsi2",2,1,0,1,"GTAG",NA,"ANCHOR_UNIQUE,CANONICAL,CIRCULAR,GOOD_EXT,UNAMBIGUOUS_BP"
"4070","NW_017739137.1",3793679,3800469,"rsi_circ_005930",3,"-",1,3,40,5,"my_test_rsi2",3,0,0,1,"GTAG",NA,"ANCHOR_UNIQUE,CANONICAL,CIRCULAR,PERFECT_EXT,UNAMBIGUOUS_BP"
"4071","NW_017739641.1",997894,1011822,"rsi_circ_005931",7,"+",4,7,40,40,"my_test_rsi2",7,0,0,1,"GTAG",NA,"ANCHOR_UNIQUE,CANONICAL,CIRCULAR,PERFECT_EXT,UNAMBIGUOUS_BP"
"4072","NW_017739046.1",3624312,3637170,"rsi_circ_005932",3,"+",1,3,40,5,"my_test_rsi2",3,0,0,1,"GTAG",NA,"ANCHOR_UNIQUE,CANONICAL,CIRCULAR,PERFECT_EXT,UNAMBIGUOUS_BP"
"4073","NW_017739040.1",6268072,6290719,"rsi_circ_005933",2,"-",1,2,40,40,"my_test_rsi2",2,1,0,1,"GTAG",NA,"ANCHOR_UNIQUE,CANONICAL,CIRCULAR,GOOD_EXT,UNAMBIGUOUS_BP"
"4074","NW_017739179.1",2123115,2126466,"rsi_circ_005934",13,"-",10,13,40,40,"my_test_rsi2",13,0,0,1,"GTAG",NA,"ANCHOR_UNIQUE,CANONICAL,CIRCULAR,PERFECT_EXT,UNAMBIGUOUS_BP"
"4075","NW_017739040.1",8702861,8733348,"rsi_circ_005935",2,"-",1,2,40,5,"my_test_rsi2",2,0,0,1,"GTAG",NA,"ANCHOR_UNIQUE,CANONICAL,CIRCULAR,PERFECT_EXT,UNAMBIGUOUS_BP"
"4076","NW_017739160.1",1153118,1161116,"rsi_circ_005937",6,"-",1,6,40,5,"my_test_rsi2",6,0,0,1,"GTAG",NA,"ANCHOR_UNIQUE,CANONICAL,CIRCULAR,PERFECT_EXT,UNAMBIGUOUS_BP"
"4077","NW_017739653.1",222976,244503,"rsi_circ_005938",7,"+",7,7,5,40,"my_test_rsi2",7,0,0,1,"GTAG",NA,"ANCHOR_UNIQUE,CANONICAL,CIRCULAR,PERFECT_EXT,UNAMBIGUOUS_BP"
"4078","NW_017739295.1",2077127,2097579,"rsi_circ_005940",3,"-",3,3,40,40,"my_test_rsi2",3,1,0,1,"GTAG",NA,"ANCHOR_UNIQUE,CANONICAL,CIRCULAR,GOOD_EXT,UNAMBIGUOUS_BP"
"4079","NW_017739479.1",434907,435518,"rsi_circ_005941",7,"+",3,7,40,40,"my_test_rsi2",7,2,0,1,"GTAG",NA,"ANCHOR_UNIQUE,CANONICAL,CIRCULAR,OK_EXT,UNAMBIGUOUS_BP"
"4080","NW_017739625.1",521869,527756,"rsi_circ_005942",3,"-",3,3,40,40,"my_test_rsi2",3,0,0,1,"GTAG",NA,"ANCHOR_UNIQUE,CANONICAL,CIRCULAR,PERFECT_EXT,UNAMBIGUOUS_BP"
"4081","NW_017739412.1",487234,492835,"rsi_circ_005943",2,"-",2,2,40,40,"my_test_rsi2",2,1,0,1,"GTAG",NA,"ANCHOR_UNIQUE,CANONICAL,CIRCULAR,GOOD_EXT,UNAMBIGUOUS_BP"
"4082","NW_017739030.1",2086506,2087237,"rsi_circ_005944",2,"+",1,2,40,40,"my_test_rsi2",2,0,0,1,"GTAG",NA,"ANCHOR_UNIQUE,CANONICAL,CIRCULAR,PERFECT_EXT,UNAMBIGUOUS_BP"
"4083","NW_017739161.1",2160600,2161060,"rsi_circ_005945",8,"+",6,7,40,40,"my_test_rsi2",8,1,0,1,"GTAG",NA,"ANCHOR_UNIQUE,CANONICAL,CIRCULAR,GOOD_EXT,UNAMBIGUOUS_BP"
"4084","NW_017739089.1",7284060,7301508,"rsi_circ_005946",8,"-",1,8,5,40,"my_test_rsi2",8,2,0,1,"GTAG",NA,"ANCHOR_UNIQUE,CANONICAL,CIRCULAR,OK_EXT,UNAMBIGUOUS_BP"
"4085","NW_017739330.1",978100,978360,"rsi_circ_005948",2,"+",2,2,40,40,"my_test_rsi2",2,2,0,1,"GTAG",NA,"ANCHOR_UNIQUE,CANONICAL,CIRCULAR,OK_EXT,UNAMBIGUOUS_BP"
"4086","NW_017738924.1",8969067,8971002,"rsi_circ_005951",5,"-",4,5,40,40,"my_test_rsi2",5,1,0,1,"GTAG",NA,"ANCHOR_UNIQUE,CANONICAL,CIRCULAR,GOOD_EXT,UNAMBIGUOUS_BP"
"4087","NW_017739566.1",63125,77348,"rsi_circ_005954",14,"-",11,14,40,40,"my_test_rsi2",14,0,0,1,"GTAG",NA,"ANCHOR_UNIQUE,CANONICAL,CIRCULAR,PERFECT_EXT,UNAMBIGUOUS_BP"
"4088","NW_017739162.1",4188644,4214871,"rsi_circ_005955",5,"-",4,5,40,40,"my_test_rsi2",5,0,0,1,"GTAG",NA,"ANCHOR_UNIQUE,CANONICAL,CIRCULAR,PERFECT_EXT,UNAMBIGUOUS_BP"
"4089","NW_017739065.1",1749697,1754724,"rsi_circ_005956",5,"-",3,5,40,40,"my_test_rsi2",5,0,0,1,"GTAG",NA,"ANCHOR_UNIQUE,CANONICAL,CIRCULAR,PERFECT_EXT,UNAMBIGUOUS_BP"
"4090","NW_017738955.1",5643653,5645063,"rsi_circ_005958",3,"+",2,3,40,40,"my_test_rsi2",3,0,0,1,"GTAG",NA,"ANCHOR_UNIQUE,CANONICAL,CIRCULAR,PERFECT_EXT,UNAMBIGUOUS_BP"
"4091","NW_017739641.1",571000,601651,"rsi_circ_005959",2,"-",2,2,40,40,"my_test_rsi2",2,0,0,1,"GTAG",NA,"ANCHOR_UNIQUE,CANONICAL,CIRCULAR,PERFECT_EXT,UNAMBIGUOUS_BP"
"4092","NW_017739880.1",9902,30121,"rsi_circ_005960",2,"+",1,2,40,5,"my_test_rsi2",2,1,0,1,"GTAG",NA,"ANCHOR_UNIQUE,CANONICAL,CIRCULAR,GOOD_EXT,UNAMBIGUOUS_BP"
"4093","NW_017739562.1",536315,543989,"rsi_circ_005962",3,"+",1,3,40,5,"my_test_rsi2",3,0,0,1,"GTAG",NA,"ANCHOR_UNIQUE,CANONICAL,CIRCULAR,PERFECT_EXT,UNAMBIGUOUS_BP"
"4094","NW_017739496.1",914719,920079,"rsi_circ_005963",2,"+",1,2,40,40,"my_test_rsi2",2,0,0,1,"GTAG",NA,"ANCHOR_UNIQUE,CANONICAL,CIRCULAR,PERFECT_EXT,UNAMBIGUOUS_BP"
"4095","NW_017739001.1",3658362,3659928,"rsi_circ_005964",3,"-",2,3,40,40,"my_test_rsi2",3,0,0,1,"GTAG",NA,"ANCHOR_UNIQUE,CANONICAL,CIRCULAR,PERFECT_EXT,UNAMBIGUOUS_BP"
"4096","NW_017738981.1",2490377,2491572,"rsi_circ_005967",2,"-",1,2,5,40,"my_test_rsi2",2,1,0,1,"GTAG",NA,"ANCHOR_UNIQUE,CANONICAL,CIRCULAR,GOOD_EXT,UNAMBIGUOUS_BP"
"4097","NW_017739076.1",2079702,2102558,"rsi_circ_005969",2,"+",1,2,5,5,"my_test_rsi2",2,0,0,1,"GTAG",NA,"ANCHOR_UNIQUE,CANONICAL,CIRCULAR,PERFECT_EXT,UNAMBIGUOUS_BP"
"4098","NW_017739902.1",112088,112388,"rsi_circ_005970",3,"-",1,3,40,5,"my_test_rsi2",3,1,0,1,"GTAG",NA,"ANCHOR_UNIQUE,CANONICAL,CIRCULAR,GOOD_EXT,UNAMBIGUOUS_BP"
"4099","NW_017738923.1",3204641,3241511,"rsi_circ_005972",6,"+",3,6,40,40,"my_test_rsi2",6,0,0,1,"GTAG",NA,"ANCHOR_UNIQUE,CANONICAL,CIRCULAR,PERFECT_EXT,UNAMBIGUOUS_BP"
"4100","NW_017739193.1",2070405,2076447,"rsi_circ_005973",4,"-",2,4,5,5,"my_test_rsi2",4,0,0,1,"GTAG",NA,"ANCHOR_UNIQUE,CANONICAL,CIRCULAR,PERFECT_EXT,UNAMBIGUOUS_BP"
"4101","NW_017738951.1",158293,179852,"rsi_circ_005974",5,"-",3,5,5,40,"my_test_rsi2",5,0,0,1,"GTAG",NA,"ANCHOR_UNIQUE,CANONICAL,CIRCULAR,PERFECT_EXT,UNAMBIGUOUS_BP"
"4102","NW_017739025.1",1072673,1078736,"rsi_circ_005975",2,"+",2,2,40,40,"my_test_rsi2",2,0,0,1,"GTAG",NA,"ANCHOR_UNIQUE,CANONICAL,CIRCULAR,PERFECT_EXT,UNAMBIGUOUS_BP"
"4103","NW_017739500.1",252430,253913,"rsi_circ_005976",211,"+",72,206,40,40,"my_test_rsi2",211,0,0,1,"GTAG",NA,"ANCHOR_UNIQUE,CANONICAL,CIRCULAR,PERFECT_EXT,UNAMBIGUOUS_BP"
"4104","NW_017738975.1",3180774,3192696,"rsi_circ_005977",4,"-",2,4,40,40,"my_test_rsi2",4,0,0,1,"GTAG",NA,"ANCHOR_UNIQUE,CANONICAL,CIRCULAR,PERFECT_EXT,UNAMBIGUOUS_BP"
"4105","NW_017739292.1",1064222,1064596,"rsi_circ_005978",2,"-",1,2,5,40,"my_test_rsi2",2,0,0,1,"GTAG",NA,"ANCHOR_UNIQUE,CANONICAL,CIRCULAR,PERFECT_EXT,UNAMBIGUOUS_BP"
"4106","NW_017738926.1",3821875,3825401,"rsi_circ_005979",2,"+",2,2,40,40,"my_test_rsi2",2,0,0,1,"GTAG",NA,"ANCHOR_UNIQUE,CANONICAL,CIRCULAR,PERFECT_EXT,UNAMBIGUOUS_BP"
"4107","NW_017739246.1",1433409,1467425,"rsi_circ_005980",2,"-",2,2,40,40,"my_test_rsi2",2,0,0,1,"GTAG",NA,"ANCHOR_UNIQUE,CANONICAL,CIRCULAR,PERFECT_EXT,UNAMBIGUOUS_BP"
"4108","NW_017739172.1",863287,863716,"rsi_circ_005981",4,"-",1,4,5,5,"my_test_rsi2",4,1,0,1,"GTAG",NA,"ANCHOR_UNIQUE,CANONICAL,CIRCULAR,GOOD_EXT,UNAMBIGUOUS_BP"
"4109","NW_017738924.1",9460218,9467957,"rsi_circ_005982",3,"+",1,3,40,40,"my_test_rsi2",3,1,0,1,"GTAG",NA,"ANCHOR_UNIQUE,CANONICAL,CIRCULAR,GOOD_EXT,UNAMBIGUOUS_BP"
"4110","NW_017739019.1",3588333,3605501,"rsi_circ_005985",2,"-",2,2,40,40,"my_test_rsi2",2,1,0,1,"GTAG",NA,"ANCHOR_UNIQUE,CANONICAL,CIRCULAR,GOOD_EXT,UNAMBIGUOUS_BP"
"4111","NW_017739136.1",221644,232682,"rsi_circ_005986",28,"-",20,26,40,40,"my_test_rsi2",28,0,0,1,"GTAG",NA,"ANCHOR_UNIQUE,CANONICAL,CIRCULAR,PERFECT_EXT,UNAMBIGUOUS_BP"
"4112","NW_017739415.1",1695696,1699066,"rsi_circ_005988",3,"+",1,3,40,5,"my_test_rsi2",3,1,0,1,"GTAG",NA,"ANCHOR_UNIQUE,CANONICAL,CIRCULAR,GOOD_EXT,UNAMBIGUOUS_BP"
"4113","NW_017739016.1",2587812,2588050,"rsi_circ_005989",3,"+",1,3,5,40,"my_test_rsi2",3,0,0,1,"GTAG",NA,"ANCHOR_UNIQUE,CANONICAL,CIRCULAR,PERFECT_EXT,UNAMBIGUOUS_BP"
"4114","NW_017739074.1",3743253,3833452,"rsi_circ_005990",6,"+",2,6,40,40,"my_test_rsi2",6,0,0,1,"GTAG",NA,"ANCHOR_UNIQUE,CANONICAL,CIRCULAR,PERFECT_EXT,UNAMBIGUOUS_BP"
"4115","NW_017739518.1",400664,410044,"rsi_circ_005991",2,"+",1,2,5,40,"my_test_rsi2",2,0,0,1,"GTAG",NA,"ANCHOR_UNIQUE,CANONICAL,CIRCULAR,PERFECT_EXT,UNAMBIGUOUS_BP"
"4116","NW_017739046.1",5691981,5706195,"rsi_circ_005992",5,"-",4,5,40,40,"my_test_rsi2",5,0,0,1,"GTAG",NA,"ANCHOR_UNIQUE,CANONICAL,CIRCULAR,PERFECT_EXT,UNAMBIGUOUS_BP"
"4117","NW_017739179.1",472666,480922,"rsi_circ_005993",4,"+",2,4,40,40,"my_test_rsi2",4,1,0,1,"GTAG",NA,"ANCHOR_UNIQUE,CANONICAL,CIRCULAR,GOOD_EXT,UNAMBIGUOUS_BP"
"4118","NW_017739161.1",2293148,2294469,"rsi_circ_005996",2,"+",1,2,40,5,"my_test_rsi2",2,0,0,1,"GTAG",NA,"ANCHOR_UNIQUE,CANONICAL,CIRCULAR,PERFECT_EXT,UNAMBIGUOUS_BP"
"4119","NW_017738985.1",7748503,7755187,"rsi_circ_005997",4,"-",3,4,5,39,"my_test_rsi2",4,0,0,1,"GTAG",NA,"ANCHOR_UNIQUE,CANONICAL,CIRCULAR,PERFECT_EXT,UNAMBIGUOUS_BP"
"4120","NW_017738984.1",8603791,8629504,"rsi_circ_005998",3,"+",1,3,40,5,"my_test_rsi2",3,0,0,1,"GTAG",NA,"ANCHOR_UNIQUE,CANONICAL,CIRCULAR,PERFECT_EXT,UNAMBIGUOUS_BP"
"4121","NW_017738991.1",1090170,1100694,"rsi_circ_006001",2,"+",1,2,5,40,"my_test_rsi2",2,0,0,1,"GTAG",NA,"ANCHOR_UNIQUE,CANONICAL,CIRCULAR,PERFECT_EXT,UNAMBIGUOUS_BP"
"4122","NW_017738946.1",3869543,3919286,"rsi_circ_006002",3,"-",2,3,40,40,"my_test_rsi2",3,1,0,1,"GTAG",NA,"ANCHOR_UNIQUE,CANONICAL,CIRCULAR,GOOD_EXT,UNAMBIGUOUS_BP"
"4123","NW_017738960.1",5273870,5276867,"rsi_circ_006003",5,"-",3,5,40,40,"my_test_rsi2",5,0,0,1,"GTAG",NA,"ANCHOR_UNIQUE,CANONICAL,CIRCULAR,PERFECT_EXT,UNAMBIGUOUS_BP"
"4124","NW_017739710.1",841523,841778,"rsi_circ_006004",6,"+",5,6,40,40,"my_test_rsi2",6,0,0,1,"GTAG",NA,"ANCHOR_UNIQUE,CANONICAL,CIRCULAR,PERFECT_EXT,UNAMBIGUOUS_BP"
"4125","NW_017738944.1",942421,981045,"rsi_circ_006008",2,"-",2,2,40,40,"my_test_rsi2",2,0,0,1,"GTAG",NA,"ANCHOR_UNIQUE,CANONICAL,CIRCULAR,PERFECT_EXT,UNAMBIGUOUS_BP"
"4126","NW_017739578.1",15033,15249,"rsi_circ_006009",2,"+",2,2,40,40,"my_test_rsi2",2,2,0,1,"GTAG",NA,"ANCHOR_UNIQUE,CANONICAL,CIRCULAR,OK_EXT,UNAMBIGUOUS_BP"
"4127","NW_017738934.1",3132153,3142716,"rsi_circ_006013",2,"-",1,2,5,40,"my_test_rsi2",2,0,0,1,"GTAG",NA,"ANCHOR_UNIQUE,CANONICAL,CIRCULAR,PERFECT_EXT,UNAMBIGUOUS_BP"
"4128","NW_017739170.1",2313677,2341940,"rsi_circ_006014",7,"+",3,7,40,40,"my_test_rsi2",7,0,0,1,"GTAG",NA,"ANCHOR_UNIQUE,CANONICAL,CIRCULAR,PERFECT_EXT,UNAMBIGUOUS_BP"
"4129","NW_017739006.1",2571228,2576657,"rsi_circ_006017",2,"+",2,2,40,5,"my_test_rsi2",2,0,0,1,"GTAG",NA,"ANCHOR_UNIQUE,CANONICAL,CIRCULAR,PERFECT_EXT,UNAMBIGUOUS_BP"
"4130","NW_017738958.1",152340,180119,"rsi_circ_006018",2,"-",1,2,40,35,"my_test_rsi2",2,0,0,1,"GTAG",NA,"ANCHOR_UNIQUE,CANONICAL,CIRCULAR,PERFECT_EXT,UNAMBIGUOUS_BP"
"4131","NW_017738976.1",3968181,3970531,"rsi_circ_006019",8,"-",3,8,40,40,"my_test_rsi2",8,1,0,1,"GTAG",NA,"ANCHOR_UNIQUE,CANONICAL,CIRCULAR,GOOD_EXT,UNAMBIGUOUS_BP"
"4132","NW_017739476.1",887252,897241,"rsi_circ_006020",146,"-",55,146,40,40,"my_test_rsi2",146,0,0,1,"GTAG",NA,"ANCHOR_UNIQUE,CANONICAL,CIRCULAR,PERFECT_EXT,UNAMBIGUOUS_BP"
"4133","NW_017738923.1",14193179,14193374,"rsi_circ_006021",3,"+",1,3,5,5,"my_test_rsi2",3,2,0,1,"GTAG",NA,"ANCHOR_UNIQUE,CANONICAL,CIRCULAR,OK_EXT,UNAMBIGUOUS_BP"
"4134","NW_017739048.1",1653090,1671459,"rsi_circ_006022",3,"-",1,3,5,40,"my_test_rsi2",3,0,0,1,"GTAG",NA,"ANCHOR_UNIQUE,CANONICAL,CIRCULAR,PERFECT_EXT,UNAMBIGUOUS_BP"
"4135","NW_017738953.1",2087577,2089405,"rsi_circ_006023",8,"-",2,8,40,40,"my_test_rsi2",8,0,0,1,"GTAG",NA,"ANCHOR_UNIQUE,CANONICAL,CIRCULAR,PERFECT_EXT,UNAMBIGUOUS_BP"
"4136","NW_017739709.1",672304,672961,"rsi_circ_006024",9,"-",3,9,40,40,"my_test_rsi2",9,0,0,1,"GTAG",NA,"ANCHOR_UNIQUE,CANONICAL,CIRCULAR,PERFECT_EXT,UNAMBIGUOUS_BP"
"4137","NW_017739040.1",2626502,2670310,"rsi_circ_006025",3,"-",2,3,40,40,"my_test_rsi2",3,1,0,1,"GTAG",NA,"ANCHOR_UNIQUE,CANONICAL,CIRCULAR,GOOD_EXT,UNAMBIGUOUS_BP"
"4138","NW_017738953.1",3567994,3570654,"rsi_circ_006026",3,"-",2,3,5,40,"my_test_rsi2",3,0,0,1,"GTAG",NA,"ANCHOR_UNIQUE,CANONICAL,CIRCULAR,PERFECT_EXT,UNAMBIGUOUS_BP"
"4139","NW_017739455.1",633466,638805,"rsi_circ_006027",2,"+",2,2,35,40,"my_test_rsi2",2,1,0,1,"GTAG",NA,"ANCHOR_UNIQUE,CANONICAL,CIRCULAR,GOOD_EXT,UNAMBIGUOUS_BP"
"4140","NW_017738953.1",2086273,2097956,"rsi_circ_006028",3,"-",1,3,40,5,"my_test_rsi2",3,1,0,1,"GTAG",NA,"ANCHOR_UNIQUE,CANONICAL,CIRCULAR,GOOD_EXT,UNAMBIGUOUS_BP"
"4141","NW_017739710.1",698291,705098,"rsi_circ_006029",5,"+",4,4,40,40,"my_test_rsi2",5,0,0,1,"GTAG",NA,"ANCHOR_UNIQUE,CANONICAL,CIRCULAR,PERFECT_EXT,UNAMBIGUOUS_BP"
"4142","NW_017739298.1",1463383,1478232,"rsi_circ_006030",3,"+",1,3,40,40,"my_test_rsi2",3,0,0,1,"GTAG",NA,"ANCHOR_UNIQUE,CANONICAL,CIRCULAR,PERFECT_EXT,UNAMBIGUOUS_BP"
"4143","NW_017739128.1",3180531,3181321,"rsi_circ_006031",5,"-",2,5,40,40,"my_test_rsi2",5,1,0,1,"GTAG",NA,"ANCHOR_UNIQUE,CANONICAL,CIRCULAR,GOOD_EXT,UNAMBIGUOUS_BP"
"4144","NW_017739185.1",4486484,4486810,"rsi_circ_006033",3,"+",2,3,40,40,"my_test_rsi2",3,1,0,1,"GTAG",NA,"ANCHOR_UNIQUE,CANONICAL,CIRCULAR,GOOD_EXT,UNAMBIGUOUS_BP"
"4145","NW_017738967.1",6517648,6526623,"rsi_circ_006034",4,"+",2,4,40,40,"my_test_rsi2",4,1,0,1,"GTAG",NA,"ANCHOR_UNIQUE,CANONICAL,CIRCULAR,GOOD_EXT,UNAMBIGUOUS_BP"
"4146","NW_017739260.1",1240764,1250976,"rsi_circ_006037",7,"+",5,7,40,35,"my_test_rsi2",7,0,0,1,"GTAG",NA,"ANCHOR_UNIQUE,CANONICAL,CIRCULAR,PERFECT_EXT,UNAMBIGUOUS_BP"
"4147","NW_017738941.1",3888998,3889500,"rsi_circ_006038",8,"-",5,8,40,40,"my_test_rsi2",8,0,0,1,"GTAG",NA,"ANCHOR_UNIQUE,CANONICAL,CIRCULAR,PERFECT_EXT,UNAMBIGUOUS_BP"
"4148","NW_017739645.1",232790,240798,"rsi_circ_006040",7,"-",2,7,40,35,"my_test_rsi2",7,1,0,1,"GTAG",NA,"ANCHOR_UNIQUE,CANONICAL,CIRCULAR,GOOD_EXT,UNAMBIGUOUS_BP"
"4149","NW_017738952.1",1784330,1788228,"rsi_circ_006041",2,"+",1,2,5,40,"my_test_rsi2",2,1,0,1,"GTAG",NA,"ANCHOR_UNIQUE,CANONICAL,CIRCULAR,GOOD_EXT,UNAMBIGUOUS_BP"
"4150","NW_017739044.1",878927,882702,"rsi_circ_006042",11,"-",7,11,40,40,"my_test_rsi2",11,0,0,1,"GTAG",NA,"ANCHOR_UNIQUE,CANONICAL,CIRCULAR,PERFECT_EXT,UNAMBIGUOUS_BP"
"4151","NW_017739170.1",1969823,1975411,"rsi_circ_006043",11,"+",7,11,40,40,"my_test_rsi2",11,0,0,1,"GTAG",NA,"ANCHOR_UNIQUE,CANONICAL,CIRCULAR,PERFECT_EXT,UNAMBIGUOUS_BP"
"4152","NW_017739295.1",2077127,2114255,"rsi_circ_006044",5,"-",2,5,5,5,"my_test_rsi2",5,0,0,1,"GTAG",NA,"ANCHOR_UNIQUE,CANONICAL,CIRCULAR,PERFECT_EXT,UNAMBIGUOUS_BP"
"4153","NW_017738970.1",7495454,7495855,"rsi_circ_006045",6,"-",2,6,40,40,"my_test_rsi2",6,0,0,1,"GTAG",NA,"ANCHOR_UNIQUE,CANONICAL,CIRCULAR,PERFECT_EXT,UNAMBIGUOUS_BP"
"4154","NW_017739032.1",3402061,3402507,"rsi_circ_006046",2,"-",1,2,5,40,"my_test_rsi2",2,0,0,1,"GTAG",NA,"ANCHOR_UNIQUE,CANONICAL,CIRCULAR,PERFECT_EXT,UNAMBIGUOUS_BP"
"4155","NW_017738936.1",4523726,4534806,"rsi_circ_006048",3,"+",1,3,5,40,"my_test_rsi2",3,0,0,1,"GTAG",NA,"ANCHOR_UNIQUE,CANONICAL,CIRCULAR,PERFECT_EXT,UNAMBIGUOUS_BP"
"4156","NW_017739556.1",244652,250760,"rsi_circ_006049",2,"+",2,2,40,40,"my_test_rsi2",2,0,0,1,"GTAG",NA,"ANCHOR_UNIQUE,CANONICAL,CIRCULAR,PERFECT_EXT,UNAMBIGUOUS_BP"
"4157","NW_017738979.1",2404889,2410775,"rsi_circ_006053",18,"+",9,16,40,40,"my_test_rsi2",18,0,0,1,"GTAG",NA,"ANCHOR_UNIQUE,CANONICAL,CIRCULAR,PERFECT_EXT,UNAMBIGUOUS_BP"
"4158","NW_017738985.1",7753646,7755187,"rsi_circ_006054",5,"-",2,2,5,5,"my_test_rsi2",5,0,0,1,"GTAG",NA,"ANCHOR_UNIQUE,CANONICAL,CIRCULAR,PERFECT_EXT,UNAMBIGUOUS_BP"
"4159","NW_017739355.1",2365397,2369200,"rsi_circ_006055",2,"-",1,2,5,40,"my_test_rsi2",2,1,0,1,"GTAG",NA,"ANCHOR_UNIQUE,CANONICAL,CIRCULAR,GOOD_EXT,UNAMBIGUOUS_BP"
"4160","NW_017739575.1",366285,396037,"rsi_circ_006056",2,"-",1,2,40,35,"my_test_rsi2",2,0,0,1,"GTAG",NA,"ANCHOR_UNIQUE,CANONICAL,CIRCULAR,PERFECT_EXT,UNAMBIGUOUS_BP"
"4161","NW_017738923.1",7840343,7840705,"rsi_circ_006057",9,"+",5,9,40,40,"my_test_rsi2",9,1,0,1,"GTAG",NA,"ANCHOR_UNIQUE,CANONICAL,CIRCULAR,GOOD_EXT,UNAMBIGUOUS_BP"
"4162","NW_017738972.1",126800,160213,"rsi_circ_006058",2,"+",2,2,40,40,"my_test_rsi2",2,0,0,1,"GTAG",NA,"ANCHOR_UNIQUE,CANONICAL,CIRCULAR,PERFECT_EXT,UNAMBIGUOUS_BP"
"4163","NW_017739293.1",209773,214477,"rsi_circ_006061",2,"+",1,2,40,5,"my_test_rsi2",2,0,0,1,"GTAG",NA,"ANCHOR_UNIQUE,CANONICAL,CIRCULAR,PERFECT_EXT,UNAMBIGUOUS_BP"
"4164","NW_017739291.1",386110,388528,"rsi_circ_006064",2,"+",2,1,5,40,"my_test_rsi2",2,0,0,1,"GTAG",NA,"ANCHOR_UNIQUE,CANONICAL,CIRCULAR,PERFECT_EXT,UNAMBIGUOUS_BP"
"4165","NW_017739423.1",169858,170086,"rsi_circ_006065",5,"+",3,2,40,40,"my_test_rsi2",5,1,0,1,"GTAG",NA,"ANCHOR_UNIQUE,CANONICAL,CIRCULAR,GOOD_EXT,UNAMBIGUOUS_BP"
"4166","NW_017738929.1",761009,761288,"rsi_circ_006066",2,"-",1,2,40,40,"my_test_rsi2",2,1,0,1,"GTAG",NA,"ANCHOR_UNIQUE,CANONICAL,CIRCULAR,GOOD_EXT,UNAMBIGUOUS_BP"
"4167","NW_017738996.1",1576071,1594043,"rsi_circ_006067",2,"-",1,2,5,35,"my_test_rsi2",2,1,0,1,"GTAG",NA,"ANCHOR_UNIQUE,CANONICAL,CIRCULAR,GOOD_EXT,UNAMBIGUOUS_BP"
"4168","NW_017739545.1",506730,523047,"rsi_circ_006069",2,"-",1,2,40,40,"my_test_rsi2",2,1,0,1,"GTAG",NA,"ANCHOR_UNIQUE,CANONICAL,CIRCULAR,GOOD_EXT,UNAMBIGUOUS_BP"
"4169","NW_017739366.1",1582184,1595813,"rsi_circ_006070",5,"+",3,5,40,40,"my_test_rsi2",5,0,0,1,"GTAG",NA,"ANCHOR_UNIQUE,CANONICAL,CIRCULAR,PERFECT_EXT,UNAMBIGUOUS_BP"
"4170","NW_017739128.1",279423,295380,"rsi_circ_006071",8,"-",3,8,40,40,"my_test_rsi2",8,0,0,1,"GTAG",NA,"ANCHOR_UNIQUE,CANONICAL,CIRCULAR,PERFECT_EXT,UNAMBIGUOUS_BP"
"4171","NW_017739249.1",737181,744529,"rsi_circ_006072",14,"-",5,14,40,40,"my_test_rsi2",14,0,0,1,"GTAG",NA,"ANCHOR_UNIQUE,CANONICAL,CIRCULAR,PERFECT_EXT,UNAMBIGUOUS_BP"
"4172","NW_017739092.1",1121207,1189689,"rsi_circ_006073",2,"-",1,2,40,5,"my_test_rsi2",2,0,0,1,"GTAG",NA,"ANCHOR_UNIQUE,CANONICAL,CIRCULAR,PERFECT_EXT,UNAMBIGUOUS_BP"
"4173","NW_017739412.1",273191,274268,"rsi_circ_006076",5,"-",2,5,40,40,"my_test_rsi2",5,0,0,1,"GTAG",NA,"ANCHOR_UNIQUE,CANONICAL,CIRCULAR,PERFECT_EXT,UNAMBIGUOUS_BP"
"4174","NW_017739097.1",2483116,2484444,"rsi_circ_006077",179,"+",72,168,40,40,"my_test_rsi2",179,0,0,1,"GTAG",NA,"ANCHOR_UNIQUE,CANONICAL,CIRCULAR,PERFECT_EXT,UNAMBIGUOUS_BP"
"4175","NW_017738956.1",3123885,3142087,"rsi_circ_006078",2,"+",2,2,40,40,"my_test_rsi2",2,0,0,1,"GTAG",NA,"ANCHOR_UNIQUE,CANONICAL,CIRCULAR,PERFECT_EXT,UNAMBIGUOUS_BP"
"4176","NW_017738927.1",1710503,1711575,"rsi_circ_006079",2,"+",1,2,5,35,"my_test_rsi2",2,1,0,1,"GTAG",NA,"ANCHOR_UNIQUE,CANONICAL,CIRCULAR,GOOD_EXT,UNAMBIGUOUS_BP"
"4177","NW_017738930.1",695114,697286,"rsi_circ_006080",4,"+",4,4,40,40,"my_test_rsi2",4,0,0,1,"GTAG",NA,"ANCHOR_UNIQUE,CANONICAL,CIRCULAR,PERFECT_EXT,UNAMBIGUOUS_BP"
"4178","NW_017739170.1",2069233,2076874,"rsi_circ_006081",2,"-",1,2,40,40,"my_test_rsi2",2,0,0,1,"GTAG",NA,"ANCHOR_UNIQUE,CANONICAL,CIRCULAR,PERFECT_EXT,UNAMBIGUOUS_BP"
"4179","NW_017739048.1",87975,130926,"rsi_circ_006085",6,"+",3,4,40,40,"my_test_rsi2",6,0,0,1,"GTAG",NA,"ANCHOR_UNIQUE,CANONICAL,CIRCULAR,PERFECT_EXT,UNAMBIGUOUS_BP"
"4180","NW_017738954.1",1675121,1675520,"rsi_circ_006088",4,"-",2,4,40,40,"my_test_rsi2",4,0,0,1,"GTAG",NA,"ANCHOR_UNIQUE,CANONICAL,CIRCULAR,PERFECT_EXT,UNAMBIGUOUS_BP"
"4181","NW_017739666.1",512058,514516,"rsi_circ_006091",3,"+",3,3,40,40,"my_test_rsi2",3,0,0,1,"GTAG",NA,"ANCHOR_UNIQUE,CANONICAL,CIRCULAR,PERFECT_EXT,UNAMBIGUOUS_BP"
"4182","NW_017739065.1",1423653,1425386,"rsi_circ_006092",20,"+",3,20,40,40,"my_test_rsi2",20,0,0,1,"GTAG",NA,"ANCHOR_UNIQUE,CANONICAL,CIRCULAR,PERFECT_EXT,UNAMBIGUOUS_BP"
"4183","NW_017739006.1",4975108,4982126,"rsi_circ_006093",3,"-",1,3,40,35,"my_test_rsi2",3,0,0,1,"GTAG",NA,"ANCHOR_UNIQUE,CANONICAL,CIRCULAR,PERFECT_EXT,UNAMBIGUOUS_BP"
"4184","NW_017739337.1",3759148,3771848,"rsi_circ_006094",2,"+",2,2,40,40,"my_test_rsi2",2,0,0,1,"GTAG",NA,"ANCHOR_UNIQUE,CANONICAL,CIRCULAR,PERFECT_EXT,UNAMBIGUOUS_BP"
"4185","NW_017739473.1",1167797,1171199,"rsi_circ_006095",7,"-",3,7,40,40,"my_test_rsi2",7,1,0,1,"GTAG",NA,"ANCHOR_UNIQUE,CANONICAL,CIRCULAR,GOOD_EXT,UNAMBIGUOUS_BP"
"4186","NW_017739281.1",1471382,1480828,"rsi_circ_006097",9,"-",3,9,40,40,"my_test_rsi2",9,0,0,1,"GTAG",NA,"ANCHOR_UNIQUE,CANONICAL,CIRCULAR,PERFECT_EXT,UNAMBIGUOUS_BP"
"4187","NW_017739425.1",1626919,1699415,"rsi_circ_006099",3,"+",1,3,40,35,"my_test_rsi2",3,1,0,1,"GTAG",NA,"ANCHOR_UNIQUE,CANONICAL,CIRCULAR,GOOD_EXT,UNAMBIGUOUS_BP"
"4188","NW_017739044.1",1397575,1409129,"rsi_circ_006100",2,"-",1,2,40,35,"my_test_rsi2",2,0,0,1,"GTAG",NA,"ANCHOR_UNIQUE,CANONICAL,CIRCULAR,PERFECT_EXT,UNAMBIGUOUS_BP"
"4189","NW_017738975.1",7503387,7515569,"rsi_circ_006102",2,"+",1,2,5,35,"my_test_rsi2",2,0,0,1,"GTAG",NA,"ANCHOR_UNIQUE,CANONICAL,CIRCULAR,PERFECT_EXT,UNAMBIGUOUS_BP"
"4190","NW_017739089.1",8392681,8398819,"rsi_circ_006104",7,"+",3,7,40,40,"my_test_rsi2",7,0,0,1,"GTAG",NA,"ANCHOR_UNIQUE,CANONICAL,CIRCULAR,PERFECT_EXT,UNAMBIGUOUS_BP"
"4191","NW_017739710.1",377210,380313,"rsi_circ_006107",2,"-",1,2,5,40,"my_test_rsi2",2,0,0,1,"GTAG",NA,"ANCHOR_UNIQUE,CANONICAL,CIRCULAR,PERFECT_EXT,UNAMBIGUOUS_BP"
"4192","NW_017738993.1",3502056,3507814,"rsi_circ_006109",8,"+",5,8,40,40,"my_test_rsi2",8,0,0,1,"GTAG",NA,"ANCHOR_UNIQUE,CANONICAL,CIRCULAR,PERFECT_EXT,UNAMBIGUOUS_BP"
"4193","NW_017739401.1",1589645,1600850,"rsi_circ_006114",2,"-",2,2,40,40,"my_test_rsi2",2,1,0,1,"GTAG",NA,"ANCHOR_UNIQUE,CANONICAL,CIRCULAR,GOOD_EXT,UNAMBIGUOUS_BP"
"4194","NW_017739581.1",413695,414682,"rsi_circ_006115",2,"-",1,2,40,35,"my_test_rsi2",2,0,0,1,"GTAG",NA,"ANCHOR_UNIQUE,CANONICAL,CIRCULAR,PERFECT_EXT,UNAMBIGUOUS_BP"
"4195","NW_017739078.1",5426191,5428007,"rsi_circ_006116",4,"+",2,4,37,40,"my_test_rsi2",4,0,0,1,"GTAG",NA,"ANCHOR_UNIQUE,CANONICAL,CIRCULAR,PERFECT_EXT,UNAMBIGUOUS_BP"
"4196","NW_017738942.1",3819481,3873132,"rsi_circ_006118",3,"+",1,3,5,40,"my_test_rsi2",3,0,0,1,"GTAG",NA,"ANCHOR_UNIQUE,CANONICAL,CIRCULAR,PERFECT_EXT,UNAMBIGUOUS_BP"
"4197","NW_017738936.1",2811599,2811754,"rsi_circ_006119",3,"-",1,3,5,40,"my_test_rsi2",3,2,0,1,"GTAG",NA,"ANCHOR_UNIQUE,CANONICAL,CIRCULAR,OK_EXT,UNAMBIGUOUS_BP"
"4198","NW_017738923.1",5576470,5592882,"rsi_circ_006120",3,"-",1,3,5,40,"my_test_rsi2",3,1,0,1,"GTAG",NA,"ANCHOR_UNIQUE,CANONICAL,CIRCULAR,GOOD_EXT,UNAMBIGUOUS_BP"
"4199","NW_017739061.1",273867,274743,"rsi_circ_006121",42,"-",17,40,40,40,"my_test_rsi2",42,0,0,1,"GTAG",NA,"ANCHOR_UNIQUE,CANONICAL,CIRCULAR,PERFECT_EXT,UNAMBIGUOUS_BP"
"4200","NW_017739104.1",2462085,2482713,"rsi_circ_006122",2,"+",1,2,40,5,"my_test_rsi2",2,1,0,1,"GTAG",NA,"ANCHOR_UNIQUE,CANONICAL,CIRCULAR,GOOD_EXT,UNAMBIGUOUS_BP"
"4201","NW_017738927.1",6628090,6630899,"rsi_circ_006125",4,"-",2,2,40,40,"my_test_rsi2",4,0,0,1,"GTAG",NA,"ANCHOR_UNIQUE,CANONICAL,CIRCULAR,PERFECT_EXT,UNAMBIGUOUS_BP"
"4202","NW_017739171.1",40872,48758,"rsi_circ_006127",2,"+",1,2,40,40,"my_test_rsi2",2,0,0,1,"GTAG",NA,"ANCHOR_UNIQUE,CANONICAL,CIRCULAR,PERFECT_EXT,UNAMBIGUOUS_BP"
"4203","NW_017738947.1",3579374,3601454,"rsi_circ_006128",2,"+",1,2,5,40,"my_test_rsi2",2,0,0,1,"GTAG",NA,"ANCHOR_UNIQUE,CANONICAL,CIRCULAR,PERFECT_EXT,UNAMBIGUOUS_BP"
"4204","NW_017738959.1",1041430,1042740,"rsi_circ_006129",3,"-",2,3,40,40,"my_test_rsi2",3,1,0,1,"GTAG",NA,"ANCHOR_UNIQUE,CANONICAL,CIRCULAR,GOOD_EXT,UNAMBIGUOUS_BP"
"4205","NW_017738971.1",6469597,6471467,"rsi_circ_006130",2,"+",1,2,5,5,"my_test_rsi2",2,2,0,1,"GTAG",NA,"ANCHOR_UNIQUE,CANONICAL,CIRCULAR,OK_EXT,UNAMBIGUOUS_BP"
"4206","NW_017739286.1",1304947,1323008,"rsi_circ_006131",2,"+",2,2,5,5,"my_test_rsi2",2,0,0,1,"GTAG",NA,"ANCHOR_UNIQUE,CANONICAL,CIRCULAR,PERFECT_EXT,UNAMBIGUOUS_BP"
"4207","NW_017739010.1",2987966,2988880,"rsi_circ_006132",2,"+",2,1,40,3,"my_test_rsi2",2,0,0,1,"GTAG",NA,"ANCHOR_UNIQUE,CANONICAL,CIRCULAR,PERFECT_EXT,UNAMBIGUOUS_BP"
"4208","NW_017738979.1",2095789,2127656,"rsi_circ_006133",5,"-",2,5,40,40,"my_test_rsi2",5,0,0,1,"GTAG",NA,"ANCHOR_UNIQUE,CANONICAL,CIRCULAR,PERFECT_EXT,UNAMBIGUOUS_BP"
"4209","NW_017739508.1",261756,276583,"rsi_circ_006134",5,"+",3,5,40,40,"my_test_rsi2",5,0,0,1,"GTAG",NA,"ANCHOR_UNIQUE,CANONICAL,CIRCULAR,PERFECT_EXT,UNAMBIGUOUS_BP"
"4210","NW_017739793.1",12905,28631,"rsi_circ_006136",4,"+",3,4,40,40,"my_test_rsi2",4,0,0,1,"GTAG",NA,"ANCHOR_UNIQUE,CANONICAL,CIRCULAR,PERFECT_EXT,UNAMBIGUOUS_BP"
"4211","NW_017738926.1",3379168,3385576,"rsi_circ_006137",4,"-",2,4,5,40,"my_test_rsi2",4,0,0,1,"GTAG",NA,"ANCHOR_UNIQUE,CANONICAL,CIRCULAR,PERFECT_EXT,UNAMBIGUOUS_BP"
"4212","NW_017739306.1",3894608,3907705,"rsi_circ_006138",5,"+",1,5,40,40,"my_test_rsi2",5,0,0,1,"GTAG",NA,"ANCHOR_UNIQUE,CANONICAL,CIRCULAR,PERFECT_EXT,UNAMBIGUOUS_BP"
"4213","NW_017738953.1",4960620,4970725,"rsi_circ_006139",23,"+",11,18,40,40,"my_test_rsi2",23,0,0,1,"GTAG",NA,"ANCHOR_UNIQUE,CANONICAL,CIRCULAR,PERFECT_EXT,UNAMBIGUOUS_BP"
"4214","NW_017739260.1",775797,782305,"rsi_circ_006141",3,"+",1,3,40,40,"my_test_rsi2",3,1,0,1,"GTAG",NA,"ANCHOR_UNIQUE,CANONICAL,CIRCULAR,GOOD_EXT,UNAMBIGUOUS_BP"
"4215","NW_017739347.1",1418505,1429506,"rsi_circ_006142",3,"-",2,3,40,40,"my_test_rsi2",3,0,0,1,"GTAG",NA,"ANCHOR_UNIQUE,CANONICAL,CIRCULAR,PERFECT_EXT,UNAMBIGUOUS_BP"
"4216","NW_017739130.1",599894,605208,"rsi_circ_006143",5,"-",2,5,40,40,"my_test_rsi2",5,0,0,1,"GTAG",NA,"ANCHOR_UNIQUE,CANONICAL,CIRCULAR,PERFECT_EXT,UNAMBIGUOUS_BP"
"4217","NW_017739061.1",1162886,1167596,"rsi_circ_006144",3,"+",1,3,35,40,"my_test_rsi2",3,0,0,1,"GTAG",NA,"ANCHOR_UNIQUE,CANONICAL,CIRCULAR,PERFECT_EXT,UNAMBIGUOUS_BP"
"4218","NW_017739633.1",151253,172062,"rsi_circ_006146",8,"+",5,8,40,40,"my_test_rsi2",8,1,0,1,"GTAG",NA,"ANCHOR_UNIQUE,CANONICAL,CIRCULAR,GOOD_EXT,UNAMBIGUOUS_BP"
"4219","NW_017739405.1",985275,991566,"rsi_circ_006147",4,"-",2,4,40,40,"my_test_rsi2",4,0,0,1,"GTAG",NA,"ANCHOR_UNIQUE,CANONICAL,CIRCULAR,PERFECT_EXT,UNAMBIGUOUS_BP"
"4220","NW_017739391.1",451202,454495,"rsi_circ_006149",9,"+",8,9,40,40,"my_test_rsi2",9,1,0,1,"GTAG",NA,"ANCHOR_UNIQUE,CANONICAL,CIRCULAR,GOOD_EXT,UNAMBIGUOUS_BP"
"4221","NW_017739446.1",1005894,1024538,"rsi_circ_006150",16,"-",8,16,40,40,"my_test_rsi2",16,2,0,1,"GTAG",NA,"ANCHOR_UNIQUE,CANONICAL,CIRCULAR,OK_EXT,UNAMBIGUOUS_BP"
"4222","NW_017739253.1",1432506,1432872,"rsi_circ_006151",10,"-",3,10,40,40,"my_test_rsi2",10,0,0,1,"GTAG",NA,"ANCHOR_UNIQUE,CANONICAL,CIRCULAR,PERFECT_EXT,UNAMBIGUOUS_BP"
"4223","NW_017739524.1",106760,108631,"rsi_circ_006152",44,"-",24,41,40,40,"my_test_rsi2",44,0,0,1,"GTAG",NA,"ANCHOR_UNIQUE,CANONICAL,CIRCULAR,PERFECT_EXT,UNAMBIGUOUS_BP"
"4224","NW_017738940.1",6121678,6141622,"rsi_circ_006155",9,"-",5,9,40,40,"my_test_rsi2",9,1,0,1,"GTAG",NA,"ANCHOR_UNIQUE,CANONICAL,CIRCULAR,GOOD_EXT,UNAMBIGUOUS_BP"
"4225","NW_017739212.1",1372459,1393986,"rsi_circ_006158",7,"+",4,7,40,40,"my_test_rsi2",7,0,0,1,"GTAG",NA,"ANCHOR_UNIQUE,CANONICAL,CIRCULAR,PERFECT_EXT,UNAMBIGUOUS_BP"
"4226","NW_017738922.1",5071320,5085450,"rsi_circ_006161",4,"+",3,4,40,40,"my_test_rsi2",4,1,0,1,"GTAG",NA,"ANCHOR_UNIQUE,CANONICAL,CIRCULAR,GOOD_EXT,UNAMBIGUOUS_BP"
"4227","NW_017738967.1",8616461,8620242,"rsi_circ_006162",2,"-",1,2,40,5,"my_test_rsi2",2,0,0,1,"GTAG",NA,"ANCHOR_UNIQUE,CANONICAL,CIRCULAR,PERFECT_EXT,UNAMBIGUOUS_BP"
"4228","NW_017738937.1",1868972,1892498,"rsi_circ_006163",3,"-",2,3,5,40,"my_test_rsi2",3,0,0,1,"GTAG",NA,"ANCHOR_UNIQUE,CANONICAL,CIRCULAR,PERFECT_EXT,UNAMBIGUOUS_BP"
"4229","NW_017738943.1",290290,302161,"rsi_circ_006164",3,"+",1,3,40,40,"my_test_rsi2",3,2,0,1,"GTAG",NA,"ANCHOR_UNIQUE,CANONICAL,CIRCULAR,OK_EXT,UNAMBIGUOUS_BP"
"4230","NW_017739245.1",658450,661400,"rsi_circ_006165",6,"-",3,4,40,40,"my_test_rsi2",6,0,0,1,"GTAG",NA,"ANCHOR_UNIQUE,CANONICAL,CIRCULAR,PERFECT_EXT,UNAMBIGUOUS_BP"
"4231","NW_017739130.1",1546322,1560962,"rsi_circ_006167",4,"+",3,4,40,40,"my_test_rsi2",4,0,0,1,"GTAG",NA,"ANCHOR_UNIQUE,CANONICAL,CIRCULAR,PERFECT_EXT,UNAMBIGUOUS_BP"
"4232","NW_017739074.1",1759813,1768757,"rsi_circ_006168",2,"+",2,2,40,40,"my_test_rsi2",2,0,0,1,"GTAG",NA,"ANCHOR_UNIQUE,CANONICAL,CIRCULAR,PERFECT_EXT,UNAMBIGUOUS_BP"
"4233","NW_017739132.1",421082,423369,"rsi_circ_006169",10,"+",5,8,40,5,"my_test_rsi2",10,0,0,1,"GTAG",NA,"ANCHOR_UNIQUE,CANONICAL,CIRCULAR,PERFECT_EXT,UNAMBIGUOUS_BP"
"4234","NW_017738929.1",4243894,4262402,"rsi_circ_006171",2,"-",2,2,40,40,"my_test_rsi2",2,0,0,1,"GTAG",NA,"ANCHOR_UNIQUE,CANONICAL,CIRCULAR,PERFECT_EXT,UNAMBIGUOUS_BP"
"4235","NW_017739153.1",208662,209061,"rsi_circ_006174",6,"+",4,6,40,40,"my_test_rsi2",6,0,0,1,"GTAG",NA,"ANCHOR_UNIQUE,CANONICAL,CIRCULAR,PERFECT_EXT,UNAMBIGUOUS_BP"
"4236","NW_017739056.1",4934733,4950489,"rsi_circ_006175",3,"-",1,3,40,5,"my_test_rsi2",3,0,0,1,"GTAG",NA,"ANCHOR_UNIQUE,CANONICAL,CIRCULAR,PERFECT_EXT,UNAMBIGUOUS_BP"
"4237","NW_017739232.1",50088,52908,"rsi_circ_006177",2,"-",1,2,5,40,"my_test_rsi2",2,0,0,1,"GTAG",NA,"ANCHOR_UNIQUE,CANONICAL,CIRCULAR,PERFECT_EXT,UNAMBIGUOUS_BP"
"4238","NW_017739364.1",336109,339258,"rsi_circ_006178",20,"+",11,19,40,40,"my_test_rsi2",20,0,0,1,"GTAG",NA,"ANCHOR_UNIQUE,CANONICAL,CIRCULAR,PERFECT_EXT,UNAMBIGUOUS_BP"
"4239","NW_017739768.1",219905,221146,"rsi_circ_006179",14,"+",8,14,40,40,"my_test_rsi2",14,0,0,1,"GTAG",NA,"ANCHOR_UNIQUE,CANONICAL,CIRCULAR,PERFECT_EXT,UNAMBIGUOUS_BP"
"4240","NW_017739644.1",835768,846924,"rsi_circ_006181",3,"-",2,3,40,35,"my_test_rsi2",3,0,0,1,"GTAG",NA,"ANCHOR_UNIQUE,CANONICAL,CIRCULAR,PERFECT_EXT,UNAMBIGUOUS_BP"
"4241","NW_017739235.1",640954,669729,"rsi_circ_006182",6,"-",3,6,40,40,"my_test_rsi2",6,0,0,1,"GTAG",NA,"ANCHOR_UNIQUE,CANONICAL,CIRCULAR,PERFECT_EXT,UNAMBIGUOUS_BP"
"4242","NW_017738959.1",7590773,7598401,"rsi_circ_006184",8,"+",4,8,40,40,"my_test_rsi2",8,0,0,1,"GTAG",NA,"ANCHOR_UNIQUE,CANONICAL,CIRCULAR,PERFECT_EXT,UNAMBIGUOUS_BP"
"4243","NW_017739663.1",86823,88696,"rsi_circ_006185",7,"-",3,7,40,40,"my_test_rsi2",7,1,0,1,"GTAG",NA,"ANCHOR_UNIQUE,CANONICAL,CIRCULAR,GOOD_EXT,UNAMBIGUOUS_BP"
"4244","NW_017739465.1",1216461,1230777,"rsi_circ_006188",3,"+",2,3,5,5,"my_test_rsi2",3,0,0,1,"GTAG",NA,"ANCHOR_UNIQUE,CANONICAL,CIRCULAR,PERFECT_EXT,UNAMBIGUOUS_BP"
"4245","NW_017739719.1",350786,378345,"rsi_circ_006189",2,"+",1,2,40,40,"my_test_rsi2",2,0,0,1,"GTAG",NA,"ANCHOR_UNIQUE,CANONICAL,CIRCULAR,PERFECT_EXT,UNAMBIGUOUS_BP"
"4246","NW_017739035.1",981824,989099,"rsi_circ_006190",3,"-",2,3,35,40,"my_test_rsi2",3,0,0,1,"GTAG",NA,"ANCHOR_UNIQUE,CANONICAL,CIRCULAR,PERFECT_EXT,UNAMBIGUOUS_BP"
"4247","NW_017738957.1",4948080,4956532,"rsi_circ_006191",31,"-",16,28,40,40,"my_test_rsi2",31,0,0,1,"GTAG",NA,"ANCHOR_UNIQUE,CANONICAL,CIRCULAR,PERFECT_EXT,UNAMBIGUOUS_BP"
"4248","NW_017738971.1",3780915,3797982,"rsi_circ_006193",2,"-",1,2,40,5,"my_test_rsi2",2,0,0,1,"GTAG",NA,"ANCHOR_UNIQUE,CANONICAL,CIRCULAR,PERFECT_EXT,UNAMBIGUOUS_BP"
"4249","NW_017739983.1",114127,116022,"rsi_circ_006194",7,"+",4,5,40,40,"my_test_rsi2",7,0,0,1,"GTAG",NA,"ANCHOR_UNIQUE,CANONICAL,CIRCULAR,PERFECT_EXT,UNAMBIGUOUS_BP"
"4250","NW_017739634.1",693832,726248,"rsi_circ_006195",2,"-",1,2,40,5,"my_test_rsi2",2,0,0,1,"GTAG",NA,"ANCHOR_UNIQUE,CANONICAL,CIRCULAR,PERFECT_EXT,UNAMBIGUOUS_BP"
"4251","NW_017738961.1",4801077,4803810,"rsi_circ_006197",4,"-",4,4,40,40,"my_test_rsi2",4,0,0,1,"GTAG",NA,"ANCHOR_UNIQUE,CANONICAL,CIRCULAR,PERFECT_EXT,UNAMBIGUOUS_BP"
"4252","NW_017739395.1",878862,900972,"rsi_circ_006200",12,"+",9,9,40,40,"my_test_rsi2",12,0,0,1,"GTAG",NA,"ANCHOR_UNIQUE,CANONICAL,CIRCULAR,PERFECT_EXT,UNAMBIGUOUS_BP"
"4253","NW_017739382.1",450391,470723,"rsi_circ_006202",3,"-",3,3,40,40,"my_test_rsi2",3,0,0,1,"GTAG",NA,"ANCHOR_UNIQUE,CANONICAL,CIRCULAR,PERFECT_EXT,UNAMBIGUOUS_BP"
"4254","NW_017739246.1",874750,875204,"rsi_circ_006203",5,"+",2,5,40,40,"my_test_rsi2",5,1,0,1,"GTAG",NA,"ANCHOR_UNIQUE,CANONICAL,CIRCULAR,GOOD_EXT,UNAMBIGUOUS_BP"
"4255","NW_017738940.1",6177717,6188342,"rsi_circ_006204",5,"+",3,4,40,5,"my_test_rsi2",5,1,0,1,"GTAG",NA,"ANCHOR_UNIQUE,CANONICAL,CIRCULAR,GOOD_EXT,UNAMBIGUOUS_BP"
"4256","NW_017739249.1",829108,837279,"rsi_circ_006205",3,"-",1,3,35,5,"my_test_rsi2",3,1,0,1,"GTAG",NA,"ANCHOR_UNIQUE,CANONICAL,CIRCULAR,GOOD_EXT,UNAMBIGUOUS_BP"
"4257","NW_017739502.1",1022135,1022959,"rsi_circ_006206",25,"-",18,25,40,40,"my_test_rsi2",25,0,0,1,"GTAG",NA,"ANCHOR_UNIQUE,CANONICAL,CIRCULAR,PERFECT_EXT,UNAMBIGUOUS_BP"
"4258","NW_017739155.1",4239039,4239905,"rsi_circ_006207",280,"-",98,270,40,40,"my_test_rsi2",280,0,0,1,"GTAG",NA,"ANCHOR_UNIQUE,CANONICAL,CIRCULAR,PERFECT_EXT,UNAMBIGUOUS_BP"
"4259","NW_017739003.1",12316069,12328518,"rsi_circ_006208",5,"-",4,5,40,40,"my_test_rsi2",5,0,0,1,"GTAG",NA,"ANCHOR_UNIQUE,CANONICAL,CIRCULAR,PERFECT_EXT,UNAMBIGUOUS_BP"
"4260","NW_017739055.1",1484468,1509380,"rsi_circ_006209",2,"+",1,2,40,40,"my_test_rsi2",2,0,0,1,"GTAG",NA,"ANCHOR_UNIQUE,CANONICAL,CIRCULAR,PERFECT_EXT,UNAMBIGUOUS_BP"
"4261","NW_017739685.1",136591,138400,"rsi_circ_006210",2,"+",2,2,40,40,"my_test_rsi2",2,0,0,1,"GTAG",NA,"ANCHOR_UNIQUE,CANONICAL,CIRCULAR,PERFECT_EXT,UNAMBIGUOUS_BP"
"4262","NW_017739026.1",4128086,4136345,"rsi_circ_006211",2,"-",2,2,40,37,"my_test_rsi2",2,0,0,1,"GTAG",NA,"ANCHOR_UNIQUE,CANONICAL,CIRCULAR,PERFECT_EXT,UNAMBIGUOUS_BP"
"4263","NW_017739455.1",565725,576733,"rsi_circ_006212",3,"+",2,3,5,40,"my_test_rsi2",3,0,0,1,"GTAG",NA,"ANCHOR_UNIQUE,CANONICAL,CIRCULAR,PERFECT_EXT,UNAMBIGUOUS_BP"
"4264","NW_017739064.1",1706529,1712902,"rsi_circ_006215",2,"-",1,2,40,40,"my_test_rsi2",2,1,0,1,"GTAG",NA,"ANCHOR_UNIQUE,CANONICAL,CIRCULAR,GOOD_EXT,UNAMBIGUOUS_BP"
"4265","NW_017738955.1",1591315,1593413,"rsi_circ_006217",7,"+",3,5,5,40,"my_test_rsi2",7,0,0,1,"GTAG",NA,"ANCHOR_UNIQUE,CANONICAL,CIRCULAR,PERFECT_EXT,UNAMBIGUOUS_BP"
"4266","NW_017739138.1",62537,62787,"rsi_circ_006218",156,"+",74,150,40,40,"my_test_rsi2",156,0,0,1,"GTAG",NA,"ANCHOR_UNIQUE,CANONICAL,CIRCULAR,PERFECT_EXT,UNAMBIGUOUS_BP"
"4267","NW_017739192.1",913055,914460,"rsi_circ_006221",5,"-",2,5,40,40,"my_test_rsi2",5,1,0,1,"GTAG",NA,"ANCHOR_UNIQUE,CANONICAL,CIRCULAR,GOOD_EXT,UNAMBIGUOUS_BP"
"4268","NW_017738937.1",5828630,5835467,"rsi_circ_006222",2,"-",2,2,40,35,"my_test_rsi2",2,0,0,1,"GTAG",NA,"ANCHOR_UNIQUE,CANONICAL,CIRCULAR,PERFECT_EXT,UNAMBIGUOUS_BP"
"4269","NW_017739033.1",2233748,2238347,"rsi_circ_006224",2,"-",1,2,40,5,"my_test_rsi2",2,0,0,1,"GTAG",NA,"ANCHOR_UNIQUE,CANONICAL,CIRCULAR,PERFECT_EXT,UNAMBIGUOUS_BP"
"4270","NW_017739043.1",1133640,1134536,"rsi_circ_006225",9,"+",5,9,40,40,"my_test_rsi2",9,0,0,1,"GTAG",NA,"ANCHOR_UNIQUE,CANONICAL,CIRCULAR,PERFECT_EXT,UNAMBIGUOUS_BP"
"4271","NW_017739146.1",3157941,3161922,"rsi_circ_006228",22,"+",7,22,40,40,"my_test_rsi2",22,0,0,1,"GTAG",NA,"ANCHOR_UNIQUE,CANONICAL,CIRCULAR,PERFECT_EXT,UNAMBIGUOUS_BP"
"4272","NW_017739170.1",1485493,1498266,"rsi_circ_006229",2,"+",2,2,40,40,"my_test_rsi2",2,0,0,1,"GTAG",NA,"ANCHOR_UNIQUE,CANONICAL,CIRCULAR,PERFECT_EXT,UNAMBIGUOUS_BP"
"4273","NW_017739032.1",3402867,3403069,"rsi_circ_006230",17,"-",14,17,40,40,"my_test_rsi2",17,0,0,1,"GTAG",NA,"ANCHOR_UNIQUE,CANONICAL,CIRCULAR,PERFECT_EXT,UNAMBIGUOUS_BP"
"4274","NW_017738938.1",4539370,4541230,"rsi_circ_006231",10,"-",5,10,40,40,"my_test_rsi2",10,1,0,1,"GTAG",NA,"ANCHOR_UNIQUE,CANONICAL,CIRCULAR,GOOD_EXT,UNAMBIGUOUS_BP"
"4275","NW_017739134.1",1011946,1014636,"rsi_circ_006232",68,"-",21,66,40,40,"my_test_rsi2",68,0,0,1,"GTAG",NA,"ANCHOR_UNIQUE,CANONICAL,CIRCULAR,PERFECT_EXT,UNAMBIGUOUS_BP"
"4276","NW_017739146.1",3123831,3146219,"rsi_circ_006233",4,"+",2,4,40,40,"my_test_rsi2",4,2,0,1,"GTAG",NA,"ANCHOR_UNIQUE,CANONICAL,CIRCULAR,OK_EXT,UNAMBIGUOUS_BP"
"4277","NW_017739122.1",296962,313233,"rsi_circ_006235",7,"-",5,7,40,40,"my_test_rsi2",7,0,0,1,"GTAG",NA,"ANCHOR_UNIQUE,CANONICAL,CIRCULAR,PERFECT_EXT,UNAMBIGUOUS_BP"
"4278","NW_017739373.1",1782942,1787488,"rsi_circ_006236",8,"+",3,8,40,40,"my_test_rsi2",8,1,0,1,"GTAG",NA,"ANCHOR_UNIQUE,CANONICAL,CIRCULAR,GOOD_EXT,UNAMBIGUOUS_BP"
"4279","NW_017739016.1",9168680,9173760,"rsi_circ_006238",5,"-",3,5,40,40,"my_test_rsi2",5,0,0,1,"GTAG",NA,"ANCHOR_UNIQUE,CANONICAL,CIRCULAR,PERFECT_EXT,UNAMBIGUOUS_BP"
"4280","NW_017739290.1",343717,344435,"rsi_circ_006239",2,"+",2,2,40,40,"my_test_rsi2",2,0,0,1,"GTAG",NA,"ANCHOR_UNIQUE,CANONICAL,CIRCULAR,PERFECT_EXT,UNAMBIGUOUS_BP"
"4281","NW_017739184.1",1422022,1439091,"rsi_circ_006242",2,"-",1,2,5,40,"my_test_rsi2",2,0,0,1,"GTAG",NA,"ANCHOR_UNIQUE,CANONICAL,CIRCULAR,PERFECT_EXT,UNAMBIGUOUS_BP"
"4282","NW_017739322.1",2635799,2635983,"rsi_circ_006243",4,"+",3,4,5,40,"my_test_rsi2",4,0,0,1,"GTAG",NA,"ANCHOR_UNIQUE,CANONICAL,CIRCULAR,PERFECT_EXT,UNAMBIGUOUS_BP"
"4283","NW_017739692.1",108561,110874,"rsi_circ_006244",2,"-",1,2,40,40,"my_test_rsi2",2,0,1,1,"GTAG",NA,"ANCHOR_UNIQUE,CANONICAL,CIRCULAR,GOOD_EXT,UNAMBIGUOUS_BP"
"4284","NW_017738934.1",304497,310695,"rsi_circ_006245",3,"+",1,3,40,40,"my_test_rsi2",3,1,0,1,"GTAG",NA,"ANCHOR_UNIQUE,CANONICAL,CIRCULAR,GOOD_EXT,UNAMBIGUOUS_BP"
"4285","NW_017739046.1",6540978,6549195,"rsi_circ_006246",11,"+",5,11,40,40,"my_test_rsi2",11,0,0,1,"GTAG",NA,"ANCHOR_UNIQUE,CANONICAL,CIRCULAR,PERFECT_EXT,UNAMBIGUOUS_BP"
"4286","NW_017738925.1",5373185,5387931,"rsi_circ_006247",13,"-",10,13,40,40,"my_test_rsi2",13,0,0,1,"GTAG",NA,"ANCHOR_UNIQUE,CANONICAL,CIRCULAR,PERFECT_EXT,UNAMBIGUOUS_BP"
"4287","NW_017738933.1",11168283,11169017,"rsi_circ_006248",2,"-",2,2,40,40,"my_test_rsi2",2,0,0,1,"GTAG",NA,"ANCHOR_UNIQUE,CANONICAL,CIRCULAR,PERFECT_EXT,UNAMBIGUOUS_BP"
"4288","NW_017738929.1",214471,214706,"rsi_circ_006249",6,"-",4,6,40,40,"my_test_rsi2",6,1,0,1,"GTAG",NA,"ANCHOR_UNIQUE,CANONICAL,CIRCULAR,GOOD_EXT,UNAMBIGUOUS_BP"
"4289","NW_017738944.1",664513,699114,"rsi_circ_006250",3,"-",2,3,40,5,"my_test_rsi2",3,0,0,1,"GTAG",NA,"ANCHOR_UNIQUE,CANONICAL,CIRCULAR,PERFECT_EXT,UNAMBIGUOUS_BP"
"4290","NW_017739028.1",1705851,1760706,"rsi_circ_006252",3,"+",1,3,40,5,"my_test_rsi2",3,0,0,1,"GTAG",NA,"ANCHOR_UNIQUE,CANONICAL,CIRCULAR,PERFECT_EXT,UNAMBIGUOUS_BP"
"4291","NW_017738970.1",13274321,13290917,"rsi_circ_006257",3,"-",1,3,5,5,"my_test_rsi2",3,0,0,1,"GTAG",NA,"ANCHOR_UNIQUE,CANONICAL,CIRCULAR,PERFECT_EXT,UNAMBIGUOUS_BP"
"4292","NW_017739044.1",246405,270790,"rsi_circ_006258",3,"+",1,3,5,40,"my_test_rsi2",3,1,0,1,"GTAG",NA,"ANCHOR_UNIQUE,CANONICAL,CIRCULAR,GOOD_EXT,UNAMBIGUOUS_BP"
"4293","NW_017739435.1",771823,807229,"rsi_circ_006261",5,"-",1,5,5,5,"my_test_rsi2",5,0,0,1,"GTAG",NA,"ANCHOR_UNIQUE,CANONICAL,CIRCULAR,PERFECT_EXT,UNAMBIGUOUS_BP"
"4294","NW_017739119.1",2545751,2548200,"rsi_circ_006262",2,"-",1,2,40,5,"my_test_rsi2",2,2,0,1,"GTAG",NA,"ANCHOR_UNIQUE,CANONICAL,CIRCULAR,OK_EXT,UNAMBIGUOUS_BP"
"4295","NW_017738946.1",4138443,4170503,"rsi_circ_006263",4,"+",3,3,40,40,"my_test_rsi2",4,0,0,1,"GTAG",NA,"ANCHOR_UNIQUE,CANONICAL,CIRCULAR,PERFECT_EXT,UNAMBIGUOUS_BP"
"4296","NW_017739125.1",597454,619971,"rsi_circ_006264",8,"+",2,8,40,40,"my_test_rsi2",8,1,0,1,"GTAG",NA,"ANCHOR_UNIQUE,CANONICAL,CIRCULAR,GOOD_EXT,UNAMBIGUOUS_BP"
"4297","NW_017739291.1",27452,37746,"rsi_circ_006267",4,"+",2,4,40,40,"my_test_rsi2",4,0,0,1,"GTAG",NA,"ANCHOR_UNIQUE,CANONICAL,CIRCULAR,PERFECT_EXT,UNAMBIGUOUS_BP"
"4298","NW_017738992.1",3084924,3085392,"rsi_circ_006268",2,"-",1,2,5,5,"my_test_rsi2",2,0,0,1,"GTAG",NA,"ANCHOR_UNIQUE,CANONICAL,CIRCULAR,PERFECT_EXT,UNAMBIGUOUS_BP"
"4299","NW_017739065.1",1531529,1600068,"rsi_circ_006269",2,"+",1,2,40,5,"my_test_rsi2",2,0,0,1,"GTAG",NA,"ANCHOR_UNIQUE,CANONICAL,CIRCULAR,PERFECT_EXT,UNAMBIGUOUS_BP"
"4300","NW_017739227.1",514327,522222,"rsi_circ_006270",2,"-",1,2,40,40,"my_test_rsi2",2,1,0,1,"GTAG",NA,"ANCHOR_UNIQUE,CANONICAL,CIRCULAR,GOOD_EXT,UNAMBIGUOUS_BP"
"4301","NW_017739039.1",1845593,1845918,"rsi_circ_006271",2,"+",1,2,40,35,"my_test_rsi2",2,2,0,1,"GTAG",NA,"ANCHOR_UNIQUE,CANONICAL,CIRCULAR,OK_EXT,UNAMBIGUOUS_BP"
"4302","NW_017738966.1",2133302,2133738,"rsi_circ_006273",3,"-",1,3,40,40,"my_test_rsi2",3,1,0,1,"GTAG",NA,"ANCHOR_UNIQUE,CANONICAL,CIRCULAR,GOOD_EXT,UNAMBIGUOUS_BP"
"4303","NW_017738942.1",1464498,1469285,"rsi_circ_006275",2,"+",2,2,40,40,"my_test_rsi2",2,2,0,1,"GTAG",NA,"ANCHOR_UNIQUE,CANONICAL,CIRCULAR,OK_EXT,UNAMBIGUOUS_BP"
"4304","NW_017739192.1",583047,602171,"rsi_circ_006276",2,"-",1,2,40,40,"my_test_rsi2",2,0,0,1,"GTAG",NA,"ANCHOR_UNIQUE,CANONICAL,CIRCULAR,PERFECT_EXT,UNAMBIGUOUS_BP"
"4305","NW_017738957.1",14640528,14643156,"rsi_circ_006278",3,"+",1,3,40,40,"my_test_rsi2",3,0,0,1,"GTAG",NA,"ANCHOR_UNIQUE,CANONICAL,CIRCULAR,PERFECT_EXT,UNAMBIGUOUS_BP"
"4306","NW_017739215.1",714894,718185,"rsi_circ_006279",3,"+",1,3,5,40,"my_test_rsi2",3,0,0,1,"GTAG",NA,"ANCHOR_UNIQUE,CANONICAL,CIRCULAR,PERFECT_EXT,UNAMBIGUOUS_BP"
"4307","NW_017738937.1",1129788,1133497,"rsi_circ_006280",2,"-",2,2,5,40,"my_test_rsi2",2,0,0,1,"GTAG",NA,"ANCHOR_UNIQUE,CANONICAL,CIRCULAR,PERFECT_EXT,UNAMBIGUOUS_BP"
"4308","NW_017739046.1",6132824,6143192,"rsi_circ_006281",4,"-",4,4,5,40,"my_test_rsi2",4,1,0,1,"GTAG",NA,"ANCHOR_UNIQUE,CANONICAL,CIRCULAR,GOOD_EXT,UNAMBIGUOUS_BP"
"4309","NW_017738957.1",17516782,17528371,"rsi_circ_006282",3,"-",2,3,40,5,"my_test_rsi2",3,1,0,1,"GTAG",NA,"ANCHOR_UNIQUE,CANONICAL,CIRCULAR,GOOD_EXT,UNAMBIGUOUS_BP"
"4310","NW_017739432.1",23534,65465,"rsi_circ_006283",9,"+",5,5,40,40,"my_test_rsi2",9,0,0,1,"GTAG",NA,"ANCHOR_UNIQUE,CANONICAL,CIRCULAR,PERFECT_EXT,UNAMBIGUOUS_BP"
"4311","NW_017739486.1",793725,796217,"rsi_circ_006284",2,"+",1,2,40,40,"my_test_rsi2",2,1,0,1,"GTAG",NA,"ANCHOR_UNIQUE,CANONICAL,CIRCULAR,GOOD_EXT,UNAMBIGUOUS_BP"
"4312","NW_017739240.1",919872,943517,"rsi_circ_006286",3,"-",1,3,40,5,"my_test_rsi2",3,1,0,1,"GTAG",NA,"ANCHOR_UNIQUE,CANONICAL,CIRCULAR,GOOD_EXT,UNAMBIGUOUS_BP"
"4313","NW_017739190.1",737872,758147,"rsi_circ_006292",3,"-",1,3,40,40,"my_test_rsi2",3,1,0,1,"GTAG",NA,"ANCHOR_UNIQUE,CANONICAL,CIRCULAR,GOOD_EXT,UNAMBIGUOUS_BP"
"4314","NW_017739089.1",6355554,6357787,"rsi_circ_006293",2,"-",1,2,5,40,"my_test_rsi2",2,0,0,1,"GTAG",NA,"ANCHOR_UNIQUE,CANONICAL,CIRCULAR,PERFECT_EXT,UNAMBIGUOUS_BP"
"4315","NW_017739093.1",1323771,1325735,"rsi_circ_006294",6,"-",4,6,40,40,"my_test_rsi2",6,0,0,1,"GTAG",NA,"ANCHOR_UNIQUE,CANONICAL,CIRCULAR,PERFECT_EXT,UNAMBIGUOUS_BP"
"4316","NW_017739162.1",3910008,3918803,"rsi_circ_006296",2,"-",1,2,5,4,"my_test_rsi2",2,0,0,1,"GTAG",NA,"ANCHOR_UNIQUE,CANONICAL,CIRCULAR,PERFECT_EXT,UNAMBIGUOUS_BP"
"4317","NW_017738999.1",3977926,3987355,"rsi_circ_006297",22,"+",11,21,40,40,"my_test_rsi2",22,0,0,1,"GTAG",NA,"ANCHOR_UNIQUE,CANONICAL,CIRCULAR,PERFECT_EXT,UNAMBIGUOUS_BP"
"4318","NW_017738950.1",5845550,5846461,"rsi_circ_006298",10,"-",8,10,40,40,"my_test_rsi2",10,0,0,1,"GTAG",NA,"ANCHOR_UNIQUE,CANONICAL,CIRCULAR,PERFECT_EXT,UNAMBIGUOUS_BP"
"4319","NW_017739008.1",18889,33645,"rsi_circ_006300",2,"+",2,2,40,40,"my_test_rsi2",2,0,0,1,"GTAG",NA,"ANCHOR_UNIQUE,CANONICAL,CIRCULAR,PERFECT_EXT,UNAMBIGUOUS_BP"
"4320","NW_017738944.1",1047628,1059146,"rsi_circ_006301",3,"+",1,3,40,5,"my_test_rsi2",3,1,0,1,"GTAG",NA,"ANCHOR_UNIQUE,CANONICAL,CIRCULAR,GOOD_EXT,UNAMBIGUOUS_BP"
"4321","NW_017738934.1",2960881,2961055,"rsi_circ_006304",4,"+",2,4,40,5,"my_test_rsi2",4,0,0,1,"GTAG",NA,"ANCHOR_UNIQUE,CANONICAL,CIRCULAR,PERFECT_EXT,UNAMBIGUOUS_BP"
"4322","NW_017739538.1",396740,422978,"rsi_circ_006307",5,"-",3,5,40,40,"my_test_rsi2",5,0,0,1,"GTAG",NA,"ANCHOR_UNIQUE,CANONICAL,CIRCULAR,PERFECT_EXT,UNAMBIGUOUS_BP"
"4323","NW_017739479.1",354531,372433,"rsi_circ_006308",2,"+",2,2,40,40,"my_test_rsi2",2,0,0,1,"GTAG",NA,"ANCHOR_UNIQUE,CANONICAL,CIRCULAR,PERFECT_EXT,UNAMBIGUOUS_BP"
"4324","NW_017739067.1",1345555,1373194,"rsi_circ_006312",2,"+",1,2,5,35,"my_test_rsi2",2,0,0,1,"GTAG",NA,"ANCHOR_UNIQUE,CANONICAL,CIRCULAR,PERFECT_EXT,UNAMBIGUOUS_BP"
"4325","NW_017739487.1",688836,690536,"rsi_circ_006313",8,"+",6,6,40,40,"my_test_rsi2",8,0,0,1,"GTAG",NA,"ANCHOR_UNIQUE,CANONICAL,CIRCULAR,PERFECT_EXT,UNAMBIGUOUS_BP"
"4326","NW_017739401.1",242401,264366,"rsi_circ_006314",3,"-",1,3,40,40,"my_test_rsi2",3,0,0,1,"GTAG",NA,"ANCHOR_UNIQUE,CANONICAL,CIRCULAR,PERFECT_EXT,UNAMBIGUOUS_BP"
"4327","NW_017739671.1",1434053,1437086,"rsi_circ_006315",3,"-",1,3,40,40,"my_test_rsi2",3,0,0,1,"GTAG",NA,"ANCHOR_UNIQUE,CANONICAL,CIRCULAR,PERFECT_EXT,UNAMBIGUOUS_BP"
"4328","NW_017739089.1",8398687,8423222,"rsi_circ_006316",3,"+",3,3,40,40,"my_test_rsi2",3,0,0,1,"GTAG",NA,"ANCHOR_UNIQUE,CANONICAL,CIRCULAR,PERFECT_EXT,UNAMBIGUOUS_BP"
"4329","NW_017739554.1",420778,426307,"rsi_circ_006317",3,"-",1,3,5,40,"my_test_rsi2",3,0,0,1,"GTAG",NA,"ANCHOR_UNIQUE,CANONICAL,CIRCULAR,PERFECT_EXT,UNAMBIGUOUS_BP"
"4330","NW_017739480.1",974933,980157,"rsi_circ_006319",3,"+",3,3,35,40,"my_test_rsi2",3,0,0,1,"GTAG",NA,"ANCHOR_UNIQUE,CANONICAL,CIRCULAR,PERFECT_EXT,UNAMBIGUOUS_BP"
"4331","NW_017738954.1",4604548,4606173,"rsi_circ_006320",7,"+",3,5,40,5,"my_test_rsi2",7,0,0,1,"GTAG",NA,"ANCHOR_UNIQUE,CANONICAL,CIRCULAR,PERFECT_EXT,UNAMBIGUOUS_BP"
"4332","NW_017739191.1",19300,21720,"rsi_circ_006321",5,"+",2,5,40,5,"my_test_rsi2",5,0,0,1,"GTAG",NA,"ANCHOR_UNIQUE,CANONICAL,CIRCULAR,PERFECT_EXT,UNAMBIGUOUS_BP"
"4333","NW_017739174.1",910736,913537,"rsi_circ_006323",4,"-",3,4,40,40,"my_test_rsi2",4,1,0,1,"GTAG",NA,"ANCHOR_UNIQUE,CANONICAL,CIRCULAR,GOOD_EXT,UNAMBIGUOUS_BP"
"4334","NW_017739069.1",1629599,1662739,"rsi_circ_006324",2,"-",1,2,5,35,"my_test_rsi2",2,0,0,1,"GTAG",NA,"ANCHOR_UNIQUE,CANONICAL,CIRCULAR,PERFECT_EXT,UNAMBIGUOUS_BP"
"4335","NW_017738991.1",1506679,1511865,"rsi_circ_006326",9,"+",5,8,40,40,"my_test_rsi2",9,0,0,1,"GTAG",NA,"ANCHOR_UNIQUE,CANONICAL,CIRCULAR,PERFECT_EXT,UNAMBIGUOUS_BP"
"4336","NW_017739298.1",1401904,1481909,"rsi_circ_006327",2,"+",1,2,5,40,"my_test_rsi2",2,0,0,1,"GTAG",NA,"ANCHOR_UNIQUE,CANONICAL,CIRCULAR,PERFECT_EXT,UNAMBIGUOUS_BP"
"4337","NW_017739099.1",889532,931726,"rsi_circ_006330",2,"-",2,2,40,40,"my_test_rsi2",2,0,0,1,"GTAG",NA,"ANCHOR_UNIQUE,CANONICAL,CIRCULAR,PERFECT_EXT,UNAMBIGUOUS_BP"
"4338","NW_017739473.1",1292076,1300051,"rsi_circ_006331",6,"-",3,6,40,40,"my_test_rsi2",6,0,0,1,"GTAG",NA,"ANCHOR_UNIQUE,CANONICAL,CIRCULAR,PERFECT_EXT,UNAMBIGUOUS_BP"
"4339","NW_017738976.1",4858028,4858194,"rsi_circ_006332",2,"+",2,2,5,37,"my_test_rsi2",2,1,0,1,"GTAG",NA,"ANCHOR_UNIQUE,CANONICAL,CIRCULAR,GOOD_EXT,UNAMBIGUOUS_BP"
"4340","NW_017739516.1",1435282,1441865,"rsi_circ_006333",13,"-",7,13,40,40,"my_test_rsi2",13,0,0,1,"GTAG",NA,"ANCHOR_UNIQUE,CANONICAL,CIRCULAR,PERFECT_EXT,UNAMBIGUOUS_BP"
"4341","NW_017738979.1",8000186,8013315,"rsi_circ_006334",9,"-",1,9,40,36,"my_test_rsi2",9,2,0,1,"GTAG",NA,"ANCHOR_UNIQUE,CANONICAL,CIRCULAR,OK_EXT,UNAMBIGUOUS_BP"
"4342","NW_017739140.1",5303966,5306483,"rsi_circ_006335",97,"+",37,94,40,40,"my_test_rsi2",97,0,0,1,"GTAG",NA,"ANCHOR_UNIQUE,CANONICAL,CIRCULAR,PERFECT_EXT,UNAMBIGUOUS_BP"
"4343","NW_017739019.1",658671,659224,"rsi_circ_006339",8,"+",5,7,40,40,"my_test_rsi2",8,0,0,1,"GTAG",NA,"ANCHOR_UNIQUE,CANONICAL,CIRCULAR,PERFECT_EXT,UNAMBIGUOUS_BP"
"4344","NW_017739016.1",5970712,5972558,"rsi_circ_006340",3,"-",1,3,40,40,"my_test_rsi2",3,0,0,1,"GTAG",NA,"ANCHOR_UNIQUE,CANONICAL,CIRCULAR,PERFECT_EXT,UNAMBIGUOUS_BP"
"4345","NW_017739438.1",415387,416334,"rsi_circ_006341",4,"-",3,4,40,40,"my_test_rsi2",4,0,0,1,"GTAG",NA,"ANCHOR_UNIQUE,CANONICAL,CIRCULAR,PERFECT_EXT,UNAMBIGUOUS_BP"
"4346","NW_017739097.1",837377,838976,"rsi_circ_006342",2,"+",1,2,40,40,"my_test_rsi2",2,1,0,1,"GTAG",NA,"ANCHOR_UNIQUE,CANONICAL,CIRCULAR,GOOD_EXT,UNAMBIGUOUS_BP"
"4347","NW_017739084.1",587608,596959,"rsi_circ_006343",19,"-",14,19,40,40,"my_test_rsi2",19,0,0,1,"GTAG",NA,"ANCHOR_UNIQUE,CANONICAL,CIRCULAR,PERFECT_EXT,UNAMBIGUOUS_BP"
"4348","NW_017738946.1",5200713,5230626,"rsi_circ_006345",8,"+",6,8,40,40,"my_test_rsi2",8,0,0,1,"GTAG",NA,"ANCHOR_UNIQUE,CANONICAL,CIRCULAR,PERFECT_EXT,UNAMBIGUOUS_BP"
"4349","NW_017739179.1",1951830,1961358,"rsi_circ_006346",9,"+",4,9,40,40,"my_test_rsi2",9,0,0,1,"GTAG",NA,"ANCHOR_UNIQUE,CANONICAL,CIRCULAR,PERFECT_EXT,UNAMBIGUOUS_BP"
"4350","NW_017739025.1",7870230,7900555,"rsi_circ_006347",4,"+",2,4,40,40,"my_test_rsi2",4,0,0,1,"GTAG",NA,"ANCHOR_UNIQUE,CANONICAL,CIRCULAR,PERFECT_EXT,UNAMBIGUOUS_BP"
"4351","NW_017739829.1",141503,143389,"rsi_circ_006349",3,"-",1,3,5,40,"my_test_rsi2",3,0,0,1,"GTAG",NA,"ANCHOR_UNIQUE,CANONICAL,CIRCULAR,PERFECT_EXT,UNAMBIGUOUS_BP"
"4352","NW_017738931.1",9382427,9396957,"rsi_circ_006350",3,"-",2,3,5,40,"my_test_rsi2",3,0,0,1,"GTAG",NA,"ANCHOR_UNIQUE,CANONICAL,CIRCULAR,PERFECT_EXT,UNAMBIGUOUS_BP"
"4353","NW_017739108.1",632160,655989,"rsi_circ_006351",3,"+",2,3,40,5,"my_test_rsi2",3,0,0,1,"GTAG",NA,"ANCHOR_UNIQUE,CANONICAL,CIRCULAR,PERFECT_EXT,UNAMBIGUOUS_BP"
"4354","NW_017738925.1",9952543,9954295,"rsi_circ_006353",56,"-",39,56,40,40,"my_test_rsi2",56,0,0,1,"GTAG",NA,"ANCHOR_UNIQUE,CANONICAL,CIRCULAR,PERFECT_EXT,UNAMBIGUOUS_BP"
"4355","NW_017739008.1",2316485,2317507,"rsi_circ_006355",3,"+",1,3,40,40,"my_test_rsi2",3,0,0,1,"GTAG",NA,"ANCHOR_UNIQUE,CANONICAL,CIRCULAR,PERFECT_EXT,UNAMBIGUOUS_BP"
"4356","NW_017739390.1",1534418,1535379,"rsi_circ_006356",3,"-",3,3,40,40,"my_test_rsi2",3,0,0,1,"GTAG",NA,"ANCHOR_UNIQUE,CANONICAL,CIRCULAR,PERFECT_EXT,UNAMBIGUOUS_BP"
"4357","NW_017739666.1",500943,514516,"rsi_circ_006358",7,"+",3,7,40,40,"my_test_rsi2",7,0,0,1,"GTAG",NA,"ANCHOR_UNIQUE,CANONICAL,CIRCULAR,PERFECT_EXT,UNAMBIGUOUS_BP"
"4358","NW_017739003.1",13225495,13232588,"rsi_circ_006359",3,"-",1,3,40,40,"my_test_rsi2",3,0,0,1,"GTAG",NA,"ANCHOR_UNIQUE,CANONICAL,CIRCULAR,PERFECT_EXT,UNAMBIGUOUS_BP"
"4359","NW_017739313.1",545221,634993,"rsi_circ_006360",2,"+",1,2,5,40,"my_test_rsi2",2,0,0,1,"GTAG",NA,"ANCHOR_UNIQUE,CANONICAL,CIRCULAR,PERFECT_EXT,UNAMBIGUOUS_BP"
"4360","NW_017739360.1",665752,666793,"rsi_circ_006361",4,"-",3,4,40,40,"my_test_rsi2",4,1,0,1,"GTAG",NA,"ANCHOR_UNIQUE,CANONICAL,CIRCULAR,GOOD_EXT,UNAMBIGUOUS_BP"
"4361","NW_017738931.1",4250810,4254193,"rsi_circ_006362",12,"-",4,8,35,40,"my_test_rsi2",12,0,0,1,"GTAG",NA,"ANCHOR_UNIQUE,CANONICAL,CIRCULAR,PERFECT_EXT,UNAMBIGUOUS_BP"
"4362","NW_017739524.1",442495,453390,"rsi_circ_006365",3,"+",2,3,40,40,"my_test_rsi2",3,0,0,1,"GTAG",NA,"ANCHOR_UNIQUE,CANONICAL,CIRCULAR,PERFECT_EXT,UNAMBIGUOUS_BP"
"4363","NW_017738931.1",2421652,2434403,"rsi_circ_006367",3,"-",2,2,40,40,"my_test_rsi2",3,0,0,1,"GTAG",NA,"ANCHOR_UNIQUE,CANONICAL,CIRCULAR,PERFECT_EXT,UNAMBIGUOUS_BP"
"4364","NW_017739101.1",949886,972900,"rsi_circ_006370",8,"-",5,8,40,40,"my_test_rsi2",8,1,0,1,"GTAG",NA,"ANCHOR_UNIQUE,CANONICAL,CIRCULAR,GOOD_EXT,UNAMBIGUOUS_BP"
"4365","NW_017739011.1",4240,4622,"rsi_circ_006371",4,"+",1,4,35,5,"my_test_rsi2",4,1,0,1,"GTAG",NA,"ANCHOR_UNIQUE,CANONICAL,CIRCULAR,GOOD_EXT,UNAMBIGUOUS_BP"
"4366","NW_017739244.1",3019621,3024544,"rsi_circ_006372",4,"-",2,4,40,40,"my_test_rsi2",4,1,0,1,"GTAG",NA,"ANCHOR_UNIQUE,CANONICAL,CIRCULAR,GOOD_EXT,UNAMBIGUOUS_BP"
"4367","NW_017738946.1",5698569,5699485,"rsi_circ_006373",9,"-",6,8,40,40,"my_test_rsi2",9,0,0,1,"GTAG",NA,"ANCHOR_UNIQUE,CANONICAL,CIRCULAR,PERFECT_EXT,UNAMBIGUOUS_BP"
"4368","NW_017738928.1",1508120,1518553,"rsi_circ_006374",17,"-",12,16,40,40,"my_test_rsi2",17,0,0,1,"GTAG",NA,"ANCHOR_UNIQUE,CANONICAL,CIRCULAR,PERFECT_EXT,UNAMBIGUOUS_BP"
"4369","NW_017739514.1",176736,179062,"rsi_circ_006376",46,"-",19,46,40,40,"my_test_rsi2",46,0,0,1,"GTAG",NA,"ANCHOR_UNIQUE,CANONICAL,CIRCULAR,PERFECT_EXT,UNAMBIGUOUS_BP"
"4370","NW_017739410.1",466532,470175,"rsi_circ_006377",4,"-",2,4,40,40,"my_test_rsi2",4,0,0,1,"GTAG",NA,"ANCHOR_UNIQUE,CANONICAL,CIRCULAR,PERFECT_EXT,UNAMBIGUOUS_BP"
"4371","NW_017739127.1",498510,522947,"rsi_circ_006378",4,"-",1,4,5,40,"my_test_rsi2",4,0,0,1,"GTAG",NA,"ANCHOR_UNIQUE,CANONICAL,CIRCULAR,PERFECT_EXT,UNAMBIGUOUS_BP"
"4372","NW_017739040.1",2890521,2916672,"rsi_circ_006379",5,"-",3,3,40,40,"my_test_rsi2",5,0,0,1,"GTAG",NA,"ANCHOR_UNIQUE,CANONICAL,CIRCULAR,PERFECT_EXT,UNAMBIGUOUS_BP"
"4373","NW_017739012.1",551531,552928,"rsi_circ_006380",8,"-",4,6,40,40,"my_test_rsi2",8,0,0,1,"GTAG",NA,"ANCHOR_UNIQUE,CANONICAL,CIRCULAR,PERFECT_EXT,UNAMBIGUOUS_BP"
"4374","NW_017739332.1",1511673,1544382,"rsi_circ_006381",2,"-",2,2,40,40,"my_test_rsi2",2,0,0,1,"GTAG",NA,"ANCHOR_UNIQUE,CANONICAL,CIRCULAR,PERFECT_EXT,UNAMBIGUOUS_BP"
"4375","NW_017739044.1",32712,48282,"rsi_circ_006382",20,"-",9,20,40,40,"my_test_rsi2",20,0,0,1,"GTAG",NA,"ANCHOR_UNIQUE,CANONICAL,CIRCULAR,PERFECT_EXT,UNAMBIGUOUS_BP"
"4376","NW_017739886.1",52862,62831,"rsi_circ_006383",5,"+",5,4,40,5,"my_test_rsi2",5,0,0,1,"GTAG",NA,"ANCHOR_UNIQUE,CANONICAL,CIRCULAR,PERFECT_EXT,UNAMBIGUOUS_BP"
