"gene_name","hsa","hsa_n_circs","mfu","mfu_n_circs","mma","mma_n_circs","mmu","mmu_n_circs","mpi","mpi_n_circs","rsi","rsi_n_circs"
"DHRS3","1:12578717|12579412",1,"scaffold0027:20236532|20238012",1,"",0,"",0,"scaffold0010:72755111|72760656",1,"",0
"KDM1A","1:23030468|23050520",1,"",0,"1:201727466|201756911",1,"",0,"scaffold0010:66211023|66221206",1,"",0
"RNF19B","1:32948221|32949774",1,"scaffold0027:4819976|4821525;scaffold0027:4819976|4829271;scaffold0027:4823678|4829271",3,"",0,"",0,"",0,"NW_017738987.1:2235418|2239267",1
"FGGY","1:59339957|59378837",1,"scaffold0010:7848241|7868002;scaffold0010:7848241|7891383",2,"",0,"",0,"",0,"NW_017739104.1:2461959|2482713",1
"PDCD11","10:103438014|103438808",1,"scaffold0011:44317106|44317801",1,"",0,"",0,"scaffold0014:16635491|16635980",1,"",0
"CUL2","10:35060873|35071339",1,"scaffold0034:2952545|2956224",1,"",0,"",0,"scaffold0004:2117777|2139336",1,"",0
"RSF1","11:77683709|77693611",1,"scaffold0008:29542735|29545599;scaffold0008:29545410|29545599",2,"",0,"",0,"scaffold0017:10188645|10190138;scaffold0017:10188645|10201360;scaffold0017:10240961|10244229;scaffold0017:10248029|10248218",4,"",0
"RAB3IP","12:69800208|69801721",1,"",0,"11:69294399|69295669",1,"",0,"scaffold0001:107430334|107431589",1,"",0
"MAP3K9","14:70742350|70742591",1,"scaffold0026:24542637|24588358",1,"",0,"",0,"scaffold0004:80457494|80496462",1,"",0
"CEP128","14:80497468|80530886",1,"scaffold0026:16731060|16738915;scaffold0026:16731060|16747093;scaffold0026:16731060|16780852;scaffold0026:16735069|16747093;scaffold0026:16735069|16780852;scaffold0026:16774303|16802082;scaffold0026:16780700|16802082;scaffold0026:16833631|16842542;scaffold0026:16837417|16842542;scaffold0026:16990076|16994169",10,"",0,"",0,"scaffold0004:88529005|88538971;scaffold0004:88640375|88660723;scaffold0004:88663743|88665134",3,"",0
"RMDN3","15:40744046|40745259",1,"scaffold0015:8479790|8481428;scaffold0015:8479790|8487587;scaffold0015:8481142|8481428",3,"",0,"",0,"scaffold0004:39566228|39567273",1,"",0
"MAP2K1","15:66435026|66436892",1,"",0,"",0,"",0,"scaffold0004:61501086|61502892;scaffold0004:61501086|61507757",2,"NW_017738959.1:959596|969253;NW_017738959.1:986763|989745;NW_017738959.1:986763|994090",3
"MARK4","19:45263112|45263367",1,"scaffold0017:5408276|5410461;scaffold0017:5409823|5414164",2,"",0,"",0,"",0,"NW_017739327.1:584908|588778",1
"SAFB2","19:5604582|5604936",1,"scaffold0005:51280393|51286358;scaffold0005:51289485|51291109;scaffold0005:51290978|51295360",3,"",0,"",0,"scaffold0005:80474870|80475223;scaffold0005:80474870|80485580",2,"",0
"HNRNPM","19:8455404|8463686",1,"scaffold0005:65074868|65086728;scaffold0005:65074868|65094172;scaffold0005:65080607|65094172;scaffold0005:65085579|65094172",4,"",0,"",0,"",0,"NW_017739452.1:504151|517326",1
"ZC3H6","2:112299848|112300029",1,"scaffold0021:33260789|33267063",1,"",0,"",0,"",0,"NW_017739536.1:51853|60729;NW_017739536.1:60548|60729",2
"RHBDD1","2:226906792|226914351",1,"scaffold0004:7192048|7202013",1,"",0,"",0,"scaffold0012:27735178|27737047;scaffold0012:27735178|27773264;scaffold0012:27762829|27773264",3,"",0
"ARFGEF2","20:48953555|48963898",1,"scaffold0012:44191779|44193568",1,"",0,"",0,"scaffold0008:64560446|64561815;scaffold0008:64588836|64590653",2,"",0
"OSBPL2","20:62286582|62289330",1,"scaffold0042:1343264|1348375",1,"",0,"",0,"",0,"NW_017739293.1:1229684|1234132;NW_017739293.1:1231667|1234132",2
"NRIP1","21:15014343|15043574",1,"scaffold0003:12289799|12318485",1,"",0,"",0,"",0,"NW_017739193.1:342838|362607",1
"DOP1B","21:36247516|36248568",1,"scaffold0003:94437718|94439479",1,"",0,"",0,"scaffold0002:3370331|3371816;scaffold0002:3370331|3373819",2,"",0
"PDIA5","3:123124065|123130616",1,"scaffold0003:50341592|50344769",1,"",0,"",0,"",0,"NW_017739064.1:1719530|1744171",1
"SMARCA5","4:143543508|143543972",1,"scaffold0005:22125431|22125892",1,"",0,"",0,"",0,"NW_017738992.1:3084924|3085396",1
"TBC1D1","4:38089931|38103157",1,"scaffold0018:15748993|15753874",1,"",0,"",0,"scaffold0006:23334440|23341191;scaffold0006:23334440|23355785;scaffold0006:23341080|23351612;scaffold0006:23341080|23355785;scaffold0006:23401188|23403741;scaffold0006:23401188|23417524",6,"",0
"PDZD2","5:31995575|32010482",1,"scaffold0002:95163997|95164824",1,"",0,"",0,"",0,"NW_017739046.1:6132824|6133872;NW_017739046.1:6163881|6172599;NW_017739046.1:6163881|6182887;NW_017739046.1:6182385|6182887",4
"FCHO2","5:73074741|73077493",1,"",0,"6:69883942|69903301;6:69900535|69903301",2,"",0,"scaffold0003:38201955|38211631",1,"",0
"ATXN1","6:16657775|16753347",1,"",0,"4:153641122|153643151",1,"",0,"",0,"NW_017739111.1:984191|1031748",1
"FARS2","6:5404541|5431172",1,"scaffold0010:53049054|53096524",1,"",0,"",0,"",0,"NW_017739428.1:1074917|1120154",1
"AUTS2","7:69899285|69899498",1,"scaffold0002:19399740|19399953",1,"",0,"",0,"scaffold0003:84836920|84837133",1,"",0
"TRIM35","8:27294079|27294310",1,"scaffold0005:47057463|47060250",1,"",0,"",0,"scaffold0005:76369565|76372353;scaffold0005:76372122|76372353",2,"",0
"RAB11FIP1","8:37877108|37877551",1,"scaffold0029:22578672|22584432",1,"",0,"",0,"",0,"NW_017739180.1:940403|945957",1
"LPAR1","9:110972072|110973558",1,"scaffold0007:53707943|53708691",1,"",0,"",0,"",0,"NW_017739211.1:2716960|2717708;NW_017739211.1:2716960|2739000",2
"KATNAL1","",0,"scaffold0001:100957916|100972382;scaffold0001:100957916|100976911;scaffold0001:100957916|100977439;scaffold0001:101022399|101024700;scaffold0001:101024527|101024700",5,"",0,"",0,"scaffold0001:74239457|74241411;scaffold0001:74239457|74250096",2,"NW_017739040.1:10059282|10069000",1
"ZMYM2","",0,"scaffold0001:103620482|103623075",1,"",0,"",0,"scaffold0001:71779625|71780485;scaffold0001:71796849|71800575",2,"NW_017739212.1:1372459|1379141;NW_017739212.1:1372459|1380783;NW_017739212.1:1372459|1393986;NW_017739212.1:1372459|1400932;NW_017739212.1:1424858|1429658",5
"ZMYM5","",0,"scaffold0001:103794219|103795726;scaffold0001:103794219|103797295",2,"",0,"",0,"scaffold0001:71600528|71602339",1,"NW_017739212.1:1300327|1313300",1
"PSPC1","",0,"scaffold0001:103825074|103825376;scaffold0001:103825074|103841091;scaffold0001:103825074|103854606;scaffold0001:103825074|103868986;scaffold0001:103840995|103845464;scaffold0001:103840995|103854606;scaffold0001:103840995|103868986;scaffold0001:103845267|103854606;scaffold0001:103845267|103868986",9,"",0,"",0,"scaffold0001:71530409|71549117;scaffold0001:71537237|71541501;scaffold0001:71537237|71549117;scaffold0001:71541405|71549117",4,"NW_017739212.1:1256340|1260327",1
"PARP4","",0,"scaffold0001:104106010|104109085",1,"",0,"",0,"scaffold0001:71303269|71307588",1,"NW_017739212.1:1091125|1094243;NW_017739212.1:1094554|1099047",2
"RIC8B","",0,"scaffold0001:12036668|12037747;scaffold0001:12063936|12064545;scaffold0001:12063936|12091450",3,"",0,"",0,"scaffold0001:162978690|162979774",1,"NW_017738978.1:3085351|3147739;NW_017738978.1:3095165|3101233",2
"PPP6R2","",0,"scaffold0001:267622|272027;scaffold0001:274858|277076",2,"",0,"",0,"scaffold0032:8497011|8502116",1,"NW_017739200.1:3390913|3409367;NW_017739200.1:3404213|3409367",2
"ATXN10","",0,"scaffold0001:2695980|2706533;scaffold0001:2695980|2745133;scaffold0001:2698075|2706533;scaffold0001:2706367|2726468;scaffold0001:2706367|2729068;scaffold0001:2706367|2745133;scaffold0001:2714078|2745133;scaffold0001:2726309|2729068;scaffold0001:2726309|2745133;scaffold0001:2743396|2745133",10,"",0,"",0,"scaffold0032:6664857|6682260;scaffold0032:6680524|6703237;scaffold0032:6693926|6703237;scaffold0032:6700212|6703237",4,"NW_017739067.1:1020554|1022306;NW_017739067.1:1020554|1033429;NW_017739067.1:1045531|1062700;NW_017739067.1:1053142|1062700",4
"AEBP2","",0,"scaffold0001:30647175|30656800;scaffold0001:30656692|30675561",2,"",0,"",0,"scaffold0001:144239970|144271731;scaffold0001:144261396|144271731",2,"NW_017739541.1:602631|610480",1
"ETNK1","",0,"scaffold0001:32690007|32690267;scaffold0001:32701385|32719487",2,"",0,"",0,"scaffold0001:142311025|142311285",1,"NW_017738931.1:9382427|9396957",1
"TM7SF3","",0,"scaffold0001:36281567|36296394",1,"11:28302494|28303353",1,"",0,"scaffold0001:138721564|138727145;scaffold0001:138725831|138727145",2,"",0
"FAR2","",0,"scaffold0001:38040620|38042942;scaffold0001:38052376|38057877",2,"",0,"",0,"scaffold0001:136975285|136978985",1,"NW_017738931.1:4250810|4269447",1
"PPHLN1","",0,"scaffold0001:44152978|44165158",1,"",0,"",0,"scaffold0001:130894761|130901439;scaffold0001:130894761|130907439;scaffold0001:130894761|130909947;scaffold0001:130894761|130936361",4,"NW_017739185.1:4343791|4351241;NW_017739185.1:4343791|4353718",2
"DIP2B","",0,"scaffold0001:50926150|50937789;scaffold0001:50955334|50957849;scaffold0001:50960020|50962264",3,"",0,"",0,"scaffold0001:124169788|124180275",1,"NW_017738956.1:3353989|3376829",1
"ATF1","",0,"scaffold0001:51046203|51048931;scaffold0001:51046203|51062562;scaffold0001:51048830|51062562",3,"",0,"",0,"scaffold0001:124020877|124061537",1,"NW_017738956.1:3236390|3236819",1
"TFCP2","",0,"scaffold0001:51332891|51334356;scaffold0001:51335603|51337670",2,"",0,"",0,"scaffold0001:123799937|123801342",1,"NW_017738956.1:3045228|3048187",1
"EIF4B","",0,"scaffold0001:52956291|52957915;scaffold0001:52960939|52963766;scaffold0001:52967570|52967983",3,"",0,"",0,"scaffold0001:122258977|122260572",1,"NW_017738956.1:1655489|1661613",1
"EP300","",0,"scaffold0001:5525738|5527722;scaffold0001:5541664|5549215;scaffold0001:5546749|5549215;scaffold0001:5560043|5561596",4,"10:10342716|10344277",1,"",0,"scaffold0032:3922858|3923665;scaffold0032:3922858|3926264;scaffold0032:3925314|3926264;scaffold0032:3925314|3931245",4,"",0
"MON2","",0,"scaffold0001:61047681|61051113;scaffold0001:61050321|61051113",2,"",0,"",0,"scaffold0001:113822631|113824795;scaffold0001:113879748|113888329",2,"NW_017739010.1:1679669|1697991",1
"TNRC6B","",0,"scaffold0001:6154414|6162474;scaffold0001:6154414|6164181;scaffold0001:6160028|6162474;scaffold0001:6160028|6164181;scaffold0001:6174205|6184981",5,"",0,"",0,"scaffold0032:3172971|3178494;scaffold0032:3318120|3318867",2,"NW_017739024.1:1275187|1275991",1
"TBC1D15","",0,"scaffold0001:68968813|68969571;scaffold0001:68968813|68976308;scaffold0001:68971239|68976308",3,"",0,"",0,"scaffold0001:105448308|105451257",1,"NW_017739194.1:3640619|3641209",1
"POC1B","",0,"scaffold0001:85159109|85163339",1,"",0,"",0,"scaffold0001:90034344|90038727",1,"NW_017739100.1:1075404|1080110",1
"MYH9","",0,"scaffold0001:8991165|8995921;scaffold0001:8991165|9012318;scaffold0001:9012224|9016971;scaffold0001:9028507|9029981",4,"",0,"",0,"scaffold0032:348428|350192;scaffold0032:372300|373372",2,"NW_017739495.1:479573|484783;NW_017739495.1:479573|498905",2
"KDM5A","",0,"scaffold0001:93466643|93471822;scaffold0001:93469369|93471822;scaffold0001:93471627|93475263;scaffold0001:93471627|93477289;scaffold0001:93492828|93498329;scaffold0001:93503077|93505395",6,"",0,"",0,"scaffold0001:81588335|81589629;scaffold0001:81611715|81617000;scaffold0001:81633624|81651337",3,"NW_017739440.1:469920|472170",1
"SPATA13","",0,"scaffold0001:95960829|95963076",1,"",0,"",0,"scaffold0001:79236537|79238450",1,"NW_017739040.1:5799725|5808340;NW_017739040.1:5842194|5844474;NW_017739040.1:5867522|5869211",3
"CLEC16A","",0,"scaffold0002:10849427|10861816;scaffold0002:10893212|10897221;scaffold0002:10893212|10917732;scaffold0002:10893212|10925927;scaffold0002:10973249|10977688",5,"",0,"",0,"scaffold0003:93357688|93393321;scaffold0003:93389287|93393321",2,"NW_017739521.1:265639|270364",1
"TXNDC11","",0,"scaffold0002:11408485|11409066;scaffold0002:11434730|11451941;scaffold0002:11444570|11451941;scaffold0002:11448229|11451941",4,"",0,"",0,"scaffold0003:92820923|92824964;scaffold0003:92820923|92831109;scaffold0003:92820923|92839951;scaffold0003:92830979|92839951;scaffold0003:92839857|92860163;scaffold0003:92857732|92860163",6,"NW_017739562.1:536315|539730;NW_017739562.1:536315|543989;NW_017739562.1:536315|552134;NW_017739562.1:539632|552134;NW_017739562.1:543859|552134",5
"XYLT1","",0,"scaffold0002:15523998|15524506;scaffold0002:15577728|15579011",2,"20:16960771|16961282",1,"",0,"scaffold0003:88707379|88708656",1,"",0
"RABGEF1","",0,"scaffold0002:17162199|17165840;scaffold0002:17185151|17187265",2,"",0,"",0,"scaffold0003:86980408|86988143;scaffold0003:86980408|86990656;scaffold0003:86987976|86990656",3,"NW_017739681.1:118278|136125;NW_017739681.1:118278|136128;NW_017739681.1:135958|151327;NW_017739681.1:147425|151327",4
"BAZ1B","",0,"scaffold0002:22406801|22408810;scaffold0002:22418970|22420339",2,"3:45820499|45822201",1,"",0,"scaffold0003:81970659|81982772;scaffold0003:81977304|81978499;scaffold0003:81977304|81982772;scaffold0003:81981996|81982772;scaffold0003:82001046|82014539;scaffold0003:82008298|82008500;scaffold0003:82008298|82014539",7,"",0
"CRAMP1","",0,"scaffold0002:2742921|2755332;scaffold0002:2742921|2762058;scaffold0002:2755138|2762058;scaffold0002:2755138|2772107;scaffold0002:2761904|2772107",5,"",0,"",0,"scaffold0003:101537874|101544412",1,"NW_017739486.1:319252|325215",1
"ZNF608","",0,"scaffold0002:29602281|29602537",1,"6:122108684|122171499;6:122113026|122171499;6:122171243|122171499",3,"",0,"scaffold0003:74881559|74881815",1,"",0
"PDPK1","",0,"scaffold0002:3619932|3624658;scaffold0002:3635176|3644837;scaffold0002:3636100|3641518",3,"",0,"",0,"scaffold0003:100636472|100636739;scaffold0003:100636472|100641072;scaffold0003:100636472|100647439;scaffold0003:100636472|100657191;scaffold0003:100636472|100662389;scaffold0003:100636472|100678732;scaffold0003:100641341|100646472;scaffold0003:100647341|100657191;scaffold0003:100657115|100662389;scaffold0003:100674780|100678732",10,"NW_017739979.1:121716|131399;NW_017739979.1:121716|150710",2
"MCC","",0,"scaffold0002:38374770|38387564;scaffold0002:38411354|38413657",2,"",0,"",0,"scaffold0003:66143096|66149021;scaffold0003:66172070|66174414",2,"NW_017738972.1:2816896|2844251;NW_017738972.1:2844003|2844251",2
"XPO6","",0,"scaffold0002:396594|401140;scaffold0002:410616|412691;scaffold0002:421460|425259;scaffold0002:430371|444679;scaffold0002:450837|461579;scaffold0002:454647|461579;scaffold0002:469876|475932",7,"",0,"",0,"scaffold0003:104038223|104039425;scaffold0003:104041917|104047648;scaffold0003:104081565|104091600;scaffold0003:104099481|104101523;scaffold0003:104108497|104113091",5,"NW_017739325.1:676668|680607;NW_017739325.1:696809|700581;NW_017739325.1:696809|705151;NW_017739325.1:722861|732096",4
"PJA2","",0,"scaffold0002:41117289|41117475;scaffold0002:41122433|41130915",2,"",0,"",0,"scaffold0003:63502319|63504149",1,"NW_017738973.1:10613582|10618833",1
"FBXL17","",0,"scaffold0002:41915919|41940692",1,"",0,"",0,"scaffold0003:62864616|62878206",1,"NW_017738973.1:9846854|9867895",1
"CHD1","",0,"scaffold0002:48606329|48607589",1,"6:96238501|96242533",1,"",0,"",0,"NW_017738973.1:2804080|2810538",1
"LNPEP","",0,"scaffold0002:49798701|49800268",1,"6:93828016|93858593",1,"",0,"scaffold0003:55231624|55239862;scaffold0003:55257568|55259183",2,"",0
"MEF2C","",0,"scaffold0002:56304343|56313816;scaffold0002:56329634|56333061;scaffold0002:56332200|56333061",3,"",0,"",0,"scaffold0003:48873824|48877641;scaffold0003:48893394|48902974",2,"NW_017739021.1:836118|838449",1
"RASA1","",0,"scaffold0002:57434607|57445042;scaffold0002:57435541|57449115;scaffold0002:57440565|57456792;scaffold0002:57449083|57456792;scaffold0002:57452295|57456792;scaffold0002:57454847|57456792",6,"",0,"",0,"scaffold0003:47838009|47851208;scaffold0003:47864448|47865420",2,"NW_017739154.1:3938182|3957797",1
"TENT2","",0,"scaffold0002:62700866|62716148;scaffold0002:62712792|62716148",2,"6:76449776|76453727;6:76449776|76498869",2,"",0,"scaffold0003:42865011|42865309",1,"",0
"IQGAP2","",0,"scaffold0002:64753019|64754545;scaffold0002:64760600|64767812;scaffold0002:64802475|64831005",3,"",0,"",0,"scaffold0003:40578832|40595311;scaffold0003:40719921|40723916",2,"NW_017738975.1:4405665|4416935",1
"GFM2","",0,"scaffold0002:66005067|66010747;scaffold0002:66006343|66010747",2,"",0,"",0,"scaffold0003:39556507|39560779",1,"NW_017738975.1:3195854|3199477;NW_017738975.1:3195854|3200263",2
"MAST4","",0,"scaffold0002:70557693|70560299;scaffold0002:70841991|70865506;scaffold0002:70865352|70865506",3,"",0,"",0,"scaffold0003:34918482|34944456",1,"NW_017739150.1:318018|322697",1
"ERBIN","",0,"scaffold0002:71365534|71380622;scaffold0002:71368722|71380622;scaffold0002:71370451|71380622;scaffold0002:71379616|71380622;scaffold0002:71379616|71383272",5,"",0,"",0,"scaffold0003:34378760|34382243;scaffold0003:34378760|34391385;scaffold0003:34382125|34391385;scaffold0003:34382125|34395266;scaffold0003:34427981|34430050",5,"NW_017738935.1:8140652|8143515",1
"IPO11","",0,"scaffold0002:73223788|73229499",1,"",0,"",0,"scaffold0003:32485162|32501134",1,"NW_017738935.1:5794504|5797750",1
"ZSWIM6","",0,"scaffold0002:73986299|73995143;scaffold0002:73990050|73995143;scaffold0002:74016431|74019757;scaffold0002:74016431|74034590",4,"",0,"",0,"scaffold0003:31610601|31610958;scaffold0003:31610601|31635210;scaffold0003:31631734|31635210;scaffold0003:31665522|31671141",4,"NW_017738935.1:5032549|5049643;NW_017738935.1:5046317|5049643",2
"MARCH6","",0,"scaffold0002:82454069|82455895;scaffold0002:82454069|82460930;scaffold0002:82454069|82467295;scaffold0002:82469696|82475799;scaffold0002:82478816|82481486",5,"",0,"",0,"scaffold0003:12801892|12807002;scaffold0003:12804831|12807002;scaffold0003:12804831|12809690",3,"NW_017739148.1:1283164|1284697",1
"TRIO","",0,"scaffold0002:85043382|85069491;scaffold0002:85201848|85202400",2,"",0,"",0,"scaffold0003:15262977|15276681;scaffold0003:15310653|15311874",2,"NW_017739295.1:1993105|2005863;NW_017739295.1:2066812|2077250;NW_017739295.1:2066812|2097579;NW_017739295.1:2066812|2110737;NW_017739295.1:2077127|2114255",5
"NIPBL","",0,"scaffold0002:98168462|98172120;scaffold0002:98270867|98272364",2,"6:36815572|36817198",1,"",0,"scaffold0003:6052344|6058582;scaffold0003:6064454|6066930",2,"",0
"RICTOR","",0,"scaffold0002:99546679|99553061;scaffold0002:99558121|99576728;scaffold0002:99563665|99576728",3,"6:38819331|38822777",1,"",0,"scaffold0003:7331428|7344948;scaffold0003:7351495|7366728;scaffold0003:7357665|7366728",3,"",0
"HUNK","",0,"scaffold0003:101850098|101852914;scaffold0003:101858640|101863865;scaffold0003:101858640|101880318;scaffold0003:101863729|101880318;scaffold0003:101880025|101880318",5,"",0,"",0,"scaffold0002:1221832|1222125",1,"NW_017738988.1:957831|958124",1
"TIAM1","",0,"scaffold0003:102254639|102256479;scaffold0003:102254639|102263102;scaffold0003:102261247|102284294;scaffold0003:102272622|102275765",4,"",0,"",0,"scaffold0002:906998|914009;scaffold0002:941640|946601",2,"NW_017738988.1:426075|432451",1
"XRN1","",0,"scaffold0003:1378819|1385269;scaffold0003:1389546|1396740;scaffold0003:1392379|1396740;scaffold0003:1396155|1409947;scaffold0003:1406476|1409947",5,"",0,"",0,"scaffold0002:113175200|113178048;scaffold0002:113191074|113195250;scaffold0002:113214717|113219610;scaffold0002:113316248|113316558",4,"NW_017739298.1:1210732|1225025;NW_017739298.1:1231355|1234963;NW_017739298.1:1305911|1312799",3
"ATR","",0,"scaffold0003:1560596|1561018;scaffold0003:1574293|1581819;scaffold0003:1577787|1591494;scaffold0003:1616505|1631827",4,"",0,"",0,"scaffold0002:112995176|113010016;scaffold0002:113004233|113006743;scaffold0002:113004233|113010016;scaffold0002:113032183|113036163;scaffold0002:113109087|113112729",5,"NW_017739298.1:1109960|1117704;NW_017739298.1:1118460|1121757",2
"ZBTB11","",0,"scaffold0003:29592680|29593789",1,"",0,"",0,"scaffold0002:80290520|80292302;scaffold0002:80301230|80302485;scaffold0002:80301230|80314435;scaffold0002:80313128|80314435",4,"NW_017739438.1:430033|431211",1
"TOMM70","",0,"scaffold0003:30589146|30590977",1,"",0,"",0,"scaffold0002:79139487|79152820;scaffold0002:79152646|79152820",2,"NW_017739366.1:1725456|1730623",1
"TBC1D23","",0,"scaffold0003:30642469|30651605;scaffold0003:30667976|30670645",2,"",0,"",0,"scaffold0002:79025343|79028173;scaffold0002:79041757|79044950",2,"NW_017739366.1:1647729|1649395",1
"CD80","",0,"scaffold0003:47755222|47775765;scaffold0003:47767501|47767819",2,"",0,"",0,"scaffold0002:60083040|60093894",1,"NW_017738984.1:8867462|8867780",1
"GSK3B","",0,"scaffold0003:48030879|48042334;scaffold0003:48141933|48142127",2,"",0,"",0,"scaffold0002:59766884|59777423",1,"NW_017738984.1:8607220|8629504",1
"OSBPL11","",0,"scaffold0003:52542760|52555913",1,"",0,"",0,"scaffold0002:54579348|54583626;scaffold0002:54579348|54603767",2,"NW_017738953.1:4742606|4747321;NW_017738953.1:4747175|4751480;NW_017738953.1:4758671|4775796",3
"LRCH3","",0,"scaffold0003:52745279|52746890;scaffold0003:52769893|52774090;scaffold0003:52771293|52774090;scaffold0003:52771293|52777055;scaffold0003:52771293|52787190",5,"2:297094|302580",1,"",0,"scaffold0002:54302362|54318118;scaffold0002:54344695|54349128;scaffold0002:54348169|54349128;scaffold0002:54368331|54369238",4,"",0
"SENP5","",0,"scaffold0003:53813648|53815180",1,"",0,"",0,"scaffold0002:53134198|53136851",1,"NW_017738953.1:3567994|3570654",1
"DLG1","",0,"scaffold0003:53973546|54008270;scaffold0003:53979488|54008270",2,"",0,"",0,"scaffold0002:52931019|52951416",1,"NW_017738953.1:3230166|3287234;NW_017738953.1:3377277|3383185",2
"ACAP2","",0,"scaffold0003:54801673|54802385",1,"",0,"",0,"scaffold0002:52208524|52214371;scaffold0002:52237521|52260969;scaffold0002:52258849|52260969;scaffold0002:52258849|52275656;scaffold0002:52274695|52275656",5,"NW_017738953.1:2808041|2820537;NW_017738953.1:2819572|2820537",2
"CCDC50","",0,"scaffold0003:57853501|57854295;scaffold0003:57866331|57878835;scaffold0003:57873856|57878835",3,"",0,"",0,"scaffold0002:48917917|48933209;scaffold0002:48945760|48946548;scaffold0002:48945760|48950233;scaffold0002:48945760|48954394",4,"NW_017739468.1:243196|249974",1
"YEATS2","",0,"scaffold0003:63804700|63807392;scaffold0003:63804700|63809282;scaffold0003:63807288|63811222;scaffold0003:63810982|63816909;scaffold0003:63814467|63816909;scaffold0003:63814467|63821146;scaffold0003:63816864|63822094;scaffold0003:63837338|63842145",8,"2:88934461|88942184;2:88941203|88942184;2:88941203|88965874",3,"",0,"scaffold0002:42062515|42071680;scaffold0002:42076855|42088704;scaffold0002:42087926|42088704;scaffold0002:42102187|42108146",4,"",0
"KLHL24","",0,"scaffold0003:63880412|63881859;scaffold0003:63885906|63886855",2,"",0,"",0,"scaffold0002:41997615|41998949;scaffold0002:42003375|42004824",2,"NW_017739033.1:2334458|2349137",1
"ATP11B","",0,"scaffold0003:64447106|64465839",1,"",0,"",0,"scaffold0002:41343404|41355332",1,"NW_017739033.1:2970404|2982596",1
"NCEH1","",0,"scaffold0003:72160347|72162476;scaffold0003:72160347|72171601",2,"",0,"",0,"scaffold0002:32909537|32911894",1,"NW_017738930.1:695114|697286",1
"PHC3","",0,"scaffold0003:73891072|73893353;scaffold0003:73891072|73900075;scaffold0003:73913944|73914195",3,"2:75075317|75088409;2:75084645|75088409;2:75109809|75117361",3,"",0,"scaffold0002:30936802|30941303;scaffold0002:30953862|30963511;scaffold0002:30953862|30966319;scaffold0002:30963412|30966319",4,"",0
"IFT80","",0,"scaffold0003:80128615|80131401;scaffold0003:80195165|80198454",2,"",0,"",0,"scaffold0002:24130751|24133229",1,"NW_017739004.1:797395|812305",1
"HLCS","",0,"scaffold0003:94887459|94887731",1,"",0,"",0,"scaffold0002:3803626|3803898",1,"NW_017738989.1:827276|827548",1
"TTC3","",0,"scaffold0003:95019876|95028086;scaffold0003:95070618|95077325",2,"",0,"",0,"scaffold0002:3902987|3907310",1,"NW_017738989.1:968267|987355",1
"DYRK1A","",0,"scaffold0003:95251744|95298724;scaffold0003:95298527|95307151;scaffold0003:95317710|95319968;scaffold0003:95325683|95326593",4,"",0,"",0,"scaffold0002:4141343|4180376;scaffold0002:4141343|4190473;scaffold0002:4141343|4195906",3,"NW_017738989.1:1225783|1271802",1
"BACE2","",0,"scaffold0003:97352286|97364701",1,"",0,"",0,"scaffold0002:6325317|6326898",1,"NW_017739146.1:1228406|1254304",1
"HDAC4","",0,"scaffold0004:1057510|1057702;scaffold0004:1057510|1123353;scaffold0004:1057510|1139579",3,"12:126751957|126752198",1,"",0,"scaffold0012:35400163|35400390",1,"",0
"THAP4","",0,"scaffold0004:171743|172879;scaffold0004:171743|191961;scaffold0004:189041|191961",3,"",0,"",0,"scaffold0012:36547311|36550335",1,"NW_017739446.1:1984387|1987609",1
"KANSL1L","",0,"scaffold0004:18662435|18689543;scaffold0004:18662435|18708867;scaffold0004:18708662|18730118",3,"12:97434039|97475083;12:97473966|97475083",2,"",0,"",0,"NW_017738968.1:6927394|6928511",1
"KLF7","",0,"scaffold0004:20369500|20370131",1,"",0,"",0,"scaffold0012:14073335|14073966",1,"NW_017738968.1:4977950|4978581",1
"BMPR2","",0,"scaffold0004:23822358|23826678;scaffold0004:23855456|23857107",2,"",0,"",0,"scaffold0012:10434988|10436513",1,"NW_017738968.1:1272800|1274257;NW_017738968.1:1304312|1317926",2
"HDLBP","",0,"scaffold0004:364645|366142;scaffold0004:367307|368187;scaffold0004:368047|371153;scaffold0004:375644|375863",4,"",0,"",0,"scaffold0012:36295572|36299767",1,"NW_017739446.1:1729295|1730723;NW_017739446.1:1750117|1754895",2
"GIGYF2","",0,"scaffold0004:3993177|4001482;scaffold0004:4011377|4011557",2,"",0,"",0,"scaffold0012:31660991|31662738;scaffold0012:31660991|31685589;scaffold0012:31677510|31685589;scaffold0012:31710107|31714626;scaffold0012:31710107|31722434",5,"NW_017739074.1:1721756|1736768;NW_017739074.1:1759813|1768757",2
"DIS3L2","",0,"scaffold0004:4265445|4289673;scaffold0004:4303607|4332929;scaffold0004:4356393|4421718;scaffold0004:4370427|4373096;scaffold0004:4394383|4413025;scaffold0004:4394383|4421718;scaffold0004:4407788|4421718;scaffold0004:4420907|4421718",8,"",0,"",0,"scaffold0012:31160888|31161955;scaffold0012:31228659|31231256;scaffold0012:31361704|31361938",3,"NW_017739074.1:1230105|1235938;NW_017739074.1:1302847|1319384",2
"TLK1","",0,"scaffold0004:46078703|46079757",1,"",0,"",0,"scaffold0012:46018514|46038840;scaffold0012:46018514|46057012;scaffold0012:46064764|46071609;scaffold0012:46104405|46108884",4,"NW_017738970.1:12757260|12769864",1
"TANC1","",0,"scaffold0004:55597087|55599403",1,"",0,"",0,"scaffold0012:55584931|55586282",1,"NW_017738970.1:3051352|3063634",1
"GTDC1","",0,"scaffold0004:68316274|68338466",1,"",0,"",0,"scaffold0012:67924133|67927267",1,"NW_017739034.1:3049837|3053571",1
"PTPN4","",0,"scaffold0004:85123370|85164237;scaffold0004:85123370|85173468;scaffold0004:85169336|85173468;scaffold0004:85208533|85225443;scaffold0004:85246186|85249755;scaffold0004:85259347|85262514;scaffold0004:85259347|85268997",7,"",0,"",0,"scaffold0026:8666429|8681006;scaffold0026:8698895|8701575;scaffold0026:8806957|8816042",3,"NW_017739576.1:460685|465211",1
"EPB41L5","",0,"scaffold0004:85416705|85431004;scaffold0004:85416705|85436728",2,"",0,"",0,"scaffold0026:8435298|8448596",1,"NW_017739576.1:501814|511858;NW_017739576.1:545186|548160;NW_017739576.1:545186|555748;NW_017739576.1:593902|597443;NW_017739576.1:593902|603601;NW_017739576.1:593902|607037;NW_017739576.1:593902|613160",7
"CUL3","",0,"scaffold0004:8574989|8594906",1,"",0,"",0,"scaffold0012:26193418|26216044",1,"NW_017739302.1:21491|41595",1
"CLASP1","",0,"scaffold0004:86573059|86575011;scaffold0004:86573059|86582567;scaffold0004:86613026|86618611;scaffold0004:86613026|86632488;scaffold0004:86737383|86746671;scaffold0004:86800859|86801339",6,"",0,"",0,"scaffold0026:7144156|7144635;scaffold0026:7293666|7300390;scaffold0026:7297061|7300390",3,"NW_017739200.1:1845898|1855819;NW_017739200.1:2032425|2032905",2
"SAP130","",0,"scaffold0004:93347317|93348794;scaffold0004:93353952|93356955;scaffold0004:93374887|93376954",3,"",0,"",0,"scaffold0026:751953|757457;scaffold0026:757315|765130",2,"NW_017739710.1:495775|522900",1
"UGGT1","",0,"scaffold0004:93466231|93474655;scaffold0004:93472016|93474655;scaffold0004:93474524|93493005;scaffold0004:93549486|93554633;scaffold0004:93573474|93578906;scaffold0004:93573474|93581098;scaffold0004:93599372|93604592",7,"",0,"",0,"scaffold0026:478178|484593;scaffold0026:479864|484593;scaffold0026:483882|484593;scaffold0026:497759|505873;scaffold0026:528278|567173;scaffold0026:567041|571646;scaffold0026:567041|581010;scaffold0026:643311|645219",8,"NW_017739710.1:279670|286724",1
"JADE1","",0,"scaffold0005:13034755|13049345;scaffold0005:13034755|13051719",2,"",0,"",0,"scaffold0005:42956443|42958615",1,"NW_017739195.1:2286167|2317298;NW_017739195.1:2299553|2304541",2
"SEC24A","",0,"scaffold0005:1846996|1850204;scaffold0005:1848061|1854008;scaffold0005:1861542|1870554;scaffold0005:1870395|1887150;scaffold0005:1871334|1873659;scaffold0005:1871334|1887150;scaffold0005:1881939|1887150;scaffold0005:1884400|1887150;scaffold0005:1889297|1892199;scaffold0005:1892989|1894784;scaffold0005:1899061|1899538",11,"",0,"",0,"scaffold0005:33439856|33444017;scaffold0005:33456171|33459731;scaffold0005:33457848|33459731;scaffold0005:33457848|33462892;scaffold0005:33464312|33467903;scaffold0005:33473041|33473518",6,"NW_017739078.1:835194|850520;NW_017739078.1:857719|859803",2
"INPP4B","",0,"scaffold0005:21098876|21103968;scaffold0005:21119949|21132891;scaffold0005:21324918|21365693",3,"",0,"",0,"scaffold0005:50307939|50317623;scaffold0005:50334838|50356573",2,"NW_017738992.1:3770239|3793163;NW_017738992.1:3790852|3793163;NW_017738992.1:3894174|3911009;NW_017738992.1:3982945|4017015",4
"OTUD4","",0,"scaffold0005:22826548|22828205",1,"",0,"",0,"scaffold0005:51855959|51856433",1,"NW_017738992.1:2427523|2430197;NW_017738992.1:2427523|2430970",2
"SLC10A7","",0,"scaffold0005:23732386|23742185",1,"",0,"",0,"scaffold0005:52771813|52775957;scaffold0005:52771813|52781561",2,"NW_017738992.1:1502996|1508058",1
"DCLK2","",0,"scaffold0005:26393049|26393384",1,"",0,"",0,"scaffold0005:55349367|55349702;scaffold0005:55447294|55447805",2,"NW_017738952.1:2948622|2948954",1
"GATB","",0,"scaffold0005:27622996|27625126",1,"",0,"",0,"scaffold0005:56580348|56583454",1,"NW_017738952.1:1784330|1788228;NW_017738952.1:1784330|1801389",2
"TMEM131L","",0,"scaffold0005:28949379|28958531",1,"5:150924209|150927274",1,"",0,"scaffold0005:57951522|57958669",1,"",0
"KLHL2","",0,"scaffold0005:30863040|30865179",1,"",0,"",0,"scaffold0005:59649084|59697626;scaffold0005:59679880|59697626;scaffold0005:59689317|59697626",3,"NW_017739136.1:172817|206706;NW_017739136.1:221644|232682",2
"RAPGEF2","",0,"scaffold0005:34735851|34745403;scaffold0005:34799840|34802159;scaffold0005:34799840|34849122;scaffold0005:34827550|34849122",4,"",0,"",0,"scaffold0005:63547140|63553887;scaffold0005:63613106|63615427",2,"NW_017739015.1:6923285|6931309;NW_017739015.1:6988686|7033666",2
"SH3RF1","",0,"scaffold0005:39301743|39302102",1,"",0,"",0,"scaffold0005:68120733|68121937",1,"NW_017739000.1:2544560|2545754",1
"NEK1","",0,"scaffold0005:39576569|39583189",1,"",0,"",0,"scaffold0005:68344497|68345739;scaffold0005:68360044|68374057;scaffold0005:68411594|68422335",3,"NW_017739000.1:2735054|2742864;NW_017739000.1:2776687|2782785",2
"HMBOX1","",0,"scaffold0005:45554372|45554526;scaffold0005:45554372|45565245",2,"",0,"",0,"scaffold0005:74765126|74782685",1,"NW_017739015.1:5453409|5463788;NW_017739015.1:5493505|5502656",2
"INTS9","",0,"scaffold0005:45723121|45724169;scaffold0005:45723121|45732710",2,"",0,"",0,"scaffold0005:74980304|74981285",1,"NW_017739015.1:5630403|5631448",1
"EXTL3","",0,"scaffold0005:45767262|45780613;scaffold0005:45772823|45780613",2,"",0,"",0,"scaffold0005:75034148|75047562",1,"NW_017739015.1:5680556|5688083",1
"PTK2B","",0,"scaffold0005:46945284|46947407;scaffold0005:46945284|46965269;scaffold0005:46965028|46965269",3,"",0,"",0,"scaffold0005:76245478|76247747",1,"NW_017739015.1:6767107|6767348",1
"DOT1L","",0,"scaffold0005:48905418|48907870",1,"",0,"",0,"scaffold0005:78040840|78042254",1,"NW_017739128.1:2242156|2244575",1
"KDM4B","",0,"scaffold0005:50892886|50894261;scaffold0005:50892886|50897226;scaffold0005:50949556|50949753",3,"19:4977044|4978523",1,"",0,"",0,"NW_017739128.1:212918|222405;NW_017739128.1:242576|250892;NW_017739128.1:279423|283525",3
"DNMT1","",0,"scaffold0005:53136083|53136276;scaffold0005:53166308|53167571",2,"19:9890719|9893473;19:9896058|9903745",2,"",0,"scaffold0005:83216136|83220145",1,"",0
"NFIX","",0,"scaffold0005:56016280|56023315;scaffold0005:56016280|56025494;scaffold0005:56023139|56025494;scaffold0005:56028048|56030250;scaffold0005:56081315|56081847",5,"",0,"",0,"scaffold0005:87478960|87483942",1,"NW_017739152.1:1050164|1052411;NW_017739152.1:1054946|1057161;NW_017739152.1:1100533|1101065",3
"EPS15L1","",0,"scaffold0005:57344389|57347142;scaffold0005:57351872|57354466;scaffold0005:57360931|57367114;scaffold0005:57366956|57372204;scaffold0005:57371970|57372204;scaffold0005:57371970|57379246",6,"",0,"",0,"scaffold0005:89565213|89574626;scaffold0005:89588527|89588761",2,"NW_017739043.1:682934|685521",1
"MYO9B","",0,"scaffold0005:57852255|57853151;scaffold0005:57887499|57888090",2,"",0,"",0,"scaffold0005:90048885|90049780;scaffold0005:90088559|90089149;scaffold0005:90111933|90112497",3,"NW_017739043.1:1133640|1134536;NW_017739043.1:1166857|1168032;NW_017739043.1:1174406|1184339",3
"GATAD2A","",0,"scaffold0005:59515861|59538352;scaffold0005:59538084|59538352;scaffold0005:59565059|59565451",3,"",0,"",0,"scaffold0005:91880624|91904895;scaffold0005:91904629|91904895;scaffold0005:91904634|91904895",3,"NW_017739043.1:2580600|2604982",1
"TRRAP","",0,"scaffold0005:6736959|6739038;scaffold0005:6765058|6766485;scaffold0005:6794619|6797124;scaffold0005:6799448|6802248",4,"3:41066837|41070508",1,"",0,"scaffold0005:37451226|37452865",1,"",0
"RNF145","",0,"scaffold0005:74558078|74561032;scaffold0005:74558078|74578465;scaffold0005:74578356|74584497;scaffold0005:74584294|74584497",4,"",0,"",0,"scaffold0005:14559619|14573606",1,"NW_017738933.1:1697420|1714213;NW_017738933.1:1697420|1714957;NW_017738933.1:1708207|1714213",3
"LMTK2","",0,"scaffold0005:85942590|85943200;scaffold0005:85960666|85977795;scaffold0005:85960666|85980912;scaffold0005:85972041|85977795;scaffold0005:85972041|85980912;scaffold0005:85972041|85986635",6,"",0,"",0,"scaffold0005:3184614|3189288;scaffold0005:3184614|3194286",2,"NW_017739608.1:453476|471533",1
"RNF216","",0,"scaffold0005:86774509|86782956",1,"",0,"",0,"scaffold0005:2469476|2479810;scaffold0005:2538524|2541236;scaffold0005:2548443|2549295",3,"NW_017739300.1:407246|416347",1
"TNRC18","",0,"scaffold0005:86990267|86996306;scaffold0005:86990267|87001171;scaffold0005:87000734|87007921",3,"",0,"",0,"scaffold0005:2280076|2283010;scaffold0005:2286917|2296060",2,"NW_017739300.1:583559|585833",1
"SUN1","",0,"scaffold0005:89302956|89309522;scaffold0005:89311701|89312893;scaffold0005:89318321|89319623;scaffold0005:89318321|89327366",4,"",0,"",0,"scaffold0005:362904|364133;scaffold0005:374058|375311;scaffold0005:379774|381949",3,"NW_017739174.1:910736|918863",1
"SPATA5","",0,"scaffold0005:9124904|9128407;scaffold0005:9124904|9131235;scaffold0005:9130979|9131235;scaffold0005:9175835|9201695",4,"5:120812992|120905786",1,"",0,"",0,"NW_017739092.1:1294316|1308037;NW_017739092.1:1294316|1322335",2
"TPP2","",0,"scaffold0006:13307742|13316696",1,"",0,"",0,"scaffold0020:37562591|37573226",1,"NW_017738995.1:44865|62893",1
"RNF219","",0,"scaffold0006:32815841|32825239",1,"",0,"",0,"scaffold0001:17070199|17079951",1,"NW_017739105.1:1002258|1005866;NW_017739105.1:1002258|1010677",2
"SLAIN1","",0,"scaffold0006:33717125|33726873;scaffold0006:33717125|33753362;scaffold0006:33724145|33753362",3,"17:59527762|59562744",1,"",0,"scaffold0001:17837041|17840087;scaffold0001:17837041|17864064",2,"",0
"PSD3","",0,"scaffold0006:3507736|3511857",1,"8:18946944|18952495",1,"",0,"",0,"NW_017739099.1:1047837|1066589;NW_017739099.1:1061406|1066589;NW_017739099.1:1112656|1113052;NW_017739099.1:1112656|1116886;NW_017739099.1:1112656|1161323;NW_017739099.1:886807|889690;NW_017739099.1:886807|931726",7
"MCF2L","",0,"scaffold0006:4943769|4947273",1,"",0,"",0,"scaffold0020:29293464|29294863",1,"NW_017739159.1:1451114|1471207",1
"TDRD3","",0,"scaffold0006:49515686|49565783;scaffold0006:49521843|49530104;scaffold0006:49534871|49565783",3,"",0,"",0,"scaffold0001:33564409|33567314",1,"NW_017739243.1:1727781|1746209",1
"WBP4","",0,"scaffold0006:57181460|57193233",1,"",0,"",0,"scaffold0001:41501051|41501334",1,"NW_017739338.1:70476|73578",1
"VWA8","",0,"scaffold0006:57590882|57593172;scaffold0006:57617031|57620674;scaffold0006:57821940|57904514;scaffold0006:57888221|57891013;scaffold0006:57888221|57923644;scaffold0006:57907923|57909333",6,"",0,"",0,"scaffold0001:42124302|42130785;scaffold0001:42203863|42219201;scaffold0001:42296697|42314870;scaffold0001:42296697|42328921;scaffold0001:42303657|42310430;scaffold0001:42303657|42328921",6,"NW_017739575.1:366285|385661;NW_017739575.1:366285|399213",2
"AKAP11","",0,"scaffold0006:58402784|58409387",1,"",0,"",0,"scaffold0001:42676028|42678605",1,"NW_017739217.1:273203|278890",1
"COG3","",0,"scaffold0006:61748811|61751078;scaffold0006:61771909|61783441;scaffold0006:61771909|61794294",3,"",0,"",0,"scaffold0001:45969783|45970685;scaffold0001:46022135|46029151",2,"NW_017739377.1:837636|845722",1
"FNDC3A","",0,"scaffold0006:63301118|63301854;scaffold0006:63308116|63311644",2,"",0,"",0,"scaffold0001:47615168|47615902;scaffold0001:47623755|47627295",2,"NW_017739179.1:2123115|2126466;NW_017739179.1:2182548|2219604",2
"RCBTB1","",0,"scaffold0006:63831445|63842026",1,"",0,"",0,"scaffold0001:48112233|48112935",1,"NW_017739179.1:1739406|1740308;NW_017739179.1:1739406|1743633",2
"SUCLA2","",0,"scaffold0006:69528119|69528564",1,"",0,"",0,"scaffold0001:53407124|53407573",1,"NW_017739179.1:3058324|3064666",1
"NBEA","",0,"scaffold0006:75919369|75968190;scaffold0006:76081660|76099075;scaffold0006:76091962|76094946",3,"",0,"",0,"scaffold0001:59465041|59469120;scaffold0001:59465041|59476372;scaffold0001:59577124|59578052;scaffold0001:59708400|59716191;scaffold0001:59708400|59732866",5,"NW_017739040.1:2736767|2739327;NW_017739040.1:2890521|2916672;NW_017739040.1:2912491|2916672",3
"FOCAD","",0,"scaffold0007:10036882|10040332;scaffold0007:9988040|10010250",2,"",0,"",0,"scaffold0013:13407771|13413434",1,"NW_017739229.1:332524|335862;NW_017739229.1:410224|437563",2
"DENND4C","",0,"scaffold0007:11245164|11246318;scaffold0007:11259766|11261357;scaffold0007:11274700|11282128;scaffold0007:11287870|11302556;scaffold0007:11293337|11295139;scaffold0007:11298690|11302556;scaffold0007:11298690|11307016",7,"",0,"",0,"scaffold0013:14479322|14480817;scaffold0013:14506008|14506823;scaffold0013:14528670|14539313",3,"NW_017739229.1:1503492|1514183;NW_017739229.1:1539532|1549670",2
"KDM4C","",0,"scaffold0007:21570647|21573226;scaffold0007:21570647|21599565;scaffold0007:21596075|21599565;scaffold0007:21627445|21630800;scaffold0007:21713306|21750397;scaffold0007:21782734|21790061;scaffold0007:21789885|21799543",7,"",0,"",0,"scaffold0013:24547824|24566813;scaffold0013:24754433|24771953;scaffold0013:24754433|24797549",3,"NW_017738969.1:2665236|2669681;NW_017738969.1:2665236|2681908;NW_017738969.1:2665236|2701352;NW_017738969.1:2665236|2733188;NW_017738969.1:2681858|2733188;NW_017738969.1:2728686|2733188",6
"JAK2","",0,"scaffold0007:22948473|22956713;scaffold0007:22955092|22956713",2,"",0,"",0,"scaffold0013:25994039|26000374",1,"NW_017738927.1:77669|77815;NW_017738927.1:77669|95402",2
"VPS13A","",0,"scaffold0007:33681475|33688195",1,"",0,"",0,"scaffold0013:36624690|36625943",1,"NW_017739042.1:3952895|3955847",1
"NFX1","",0,"scaffold0007:41277922|41278903",1,"",0,"",0,"scaffold0013:44022101|44023372;scaffold0013:44042641|44043512",2,"NW_017738929.1:3986158|3994073",1
"CLTA","",0,"scaffold0007:43158779|43163591",1,"",0,"",0,"scaffold0013:45793115|45800920",1,"NW_017738980.1:979879|984092",1
"PTBP3","",0,"scaffold0007:54432710|54436279;scaffold0007:54446383|54448120;scaffold0007:54453634|54476364",3,"",0,"",0,"scaffold0013:56871061|56872136;scaffold0013:56871061|56875761",2,"NW_017739211.1:3631727|3633469;NW_017739211.1:3641643|3652624;NW_017739211.1:3641643|3666898",3
"FBXW2","",0,"scaffold0007:55656772|55661004",1,"",0,"",0,"scaffold0013:59381066|59388142;scaffold0013:59387061|59388142",2,"NW_017738998.1:5092016|5095355;NW_017738998.1:5092016|5097680",2
"RABGAP1","",0,"scaffold0007:62449278|62467204;scaffold0007:62496244|62500885;scaffold0007:62527903|62551780;scaffold0007:62551143|62551780;scaffold0007:62559551|62563029",5,"",0,"",0,"scaffold0013:65007676|65009780;scaffold0013:65058897|65062638",2,"NW_017738979.1:136332|136532;NW_017738979.1:166960|169419;NW_017738979.1:166960|187502",3
"DENND1A","",0,"scaffold0007:63096418|63106536;scaffold0007:63096418|63131213",2,"15:16916760|16928553",1,"",0,"scaffold0013:65634724|65642177;scaffold0013:65634724|65668998",2,"",0
"MAPKAP1","",0,"scaffold0007:64202122|64218194;scaffold0007:64202122|64249776;scaffold0007:64316479|64325134;scaffold0007:64316479|64327817;scaffold0007:64316479|64335264",5,"",0,"",0,"scaffold0013:66728894|66763197;scaffold0013:66744066|66763197;scaffold0013:66865915|66868664;scaffold0013:66865915|66871573;scaffold0013:66865915|66879203",5,"NW_017738979.1:2044317|2062329;NW_017738979.1:2095789|2110580;NW_017738979.1:2095789|2127656;NW_017738979.1:2182890|2196706;NW_017738979.1:2193483|2196706",5
"MVB12B","",0,"scaffold0007:64798707|64820918;scaffold0007:64798707|64826137;scaffold0007:64798707|64836283;scaffold0007:64798707|64860611;scaffold0007:64820810|64836283;scaffold0007:64826040|64836283",6,"",0,"",0,"scaffold0013:67357091|67385173;scaffold0013:67357091|67394796;scaffold0013:67392616|67394796;scaffold0013:67392616|67421714",4,"NW_017738979.1:2720311|2771540;NW_017738979.1:2720311|2801890;NW_017738979.1:2755287|2801890;NW_017738979.1:2767820|2801890",4
"RALGPS1","",0,"scaffold0007:65257690|65261087;scaffold0007:65257690|65274299;scaffold0007:65257690|65336050",3,"",0,"",0,"scaffold0013:67790228|67793584;scaffold0013:67790228|67806029",2,"NW_017738979.1:3223350|3237852",1
"RAPGEF1","",0,"scaffold0007:68539532|68540326;scaffold0007:68539532|68544987;scaffold0007:68539532|68549646;scaffold0007:68544808|68549646;scaffold0007:68564574|68566459",5,"",0,"",0,"scaffold0013:70833373|70834975;scaffold0013:70881189|70890878",2,"NW_017738979.1:6569475|6579402",1
"ABL1","",0,"scaffold0007:69058907|69066795;scaffold0007:69065760|69066795",2,"",0,"",0,"scaffold0013:70386613|70387850;scaffold0013:70386613|70397295",2,"NW_017738979.1:5981828|5983126;NW_017738979.1:5981828|5990722",2
"EHMT1","",0,"scaffold0007:70875389|70897714;scaffold0007:70883378|70897714;scaffold0007:70893572|70897714;scaffold0007:70893572|70907801;scaffold0007:70901937|70907801",5,"",0,"",0,"scaffold0013:73362053|73362580;scaffold0013:73362053|73365157;scaffold0013:73362053|73366520;scaffold0013:73372016|73380491",4,"NW_017739606.1:58331|80746;NW_017739606.1:59348|80746;NW_017739606.1:71264|80746;NW_017739606.1:85705|90180",4
"MAML2","",0,"scaffold0008:15030152|15031660",1,"",0,"",0,"scaffold0024:21000642|21002160",1,"NW_017739050.1:461523|463095",1
"AMOTL1","",0,"scaffold0008:16372452|16381121;scaffold0008:16377546|16381121",2,"",0,"",0,"scaffold0024:22060683|22064825;scaffold0024:22085552|22087126;scaffold0024:22108073|22115630",3,"NW_017739050.1:1490295|1494107;NW_017739050.1:1512954|1540479;NW_017739050.1:1521820|1540479;NW_017739050.1:1535483|1540479",4
"CEP295","",0,"scaffold0008:17108911|17111928",1,"14:86956941|86960813",1,"",0,"scaffold0024:22900609|22904223;scaffold0024:22914992|22915431",2,"",0
"TMEM135","",0,"scaffold0008:22011413|22019075",1,"",0,"",0,"scaffold0017:2218343|2230010;scaffold0017:2227597|2230010",2,"NW_017739071.1:2362572|2374935",1
"EED","",0,"scaffold0008:22650915|22657399;scaffold0008:22657307|22668763;scaffold0008:22660127|22668763",3,"",0,"",0,"scaffold0017:2835161|2837157",1,"NW_017739071.1:2990492|2994488;NW_017739071.1:2992491|2997823;NW_017739071.1:2997741|3003520",3
"ANKRD42","",0,"scaffold0008:25141339|25149031;scaffold0008:25141339|25158455;scaffold0008:25153701|25158455;scaffold0008:25153701|25163772",4,"",0,"",0,"scaffold0017:5477827|5486737;scaffold0017:5495945|5507710",2,"NW_017739276.1:833139|837260",1
"RNF169","",0,"scaffold0008:32014356|32020445;scaffold0008:32014356|32036458",2,"",0,"",0,"scaffold0017:12543061|12565874",1,"NW_017739130.1:152202|176481",1
"C2CD3","",0,"scaffold0008:32488470|32490526",1,"",0,"",0,"scaffold0017:13055466|13058574",1,"NW_017739130.1:691160|693468",1
"FCHSD2","",0,"scaffold0008:33380456|33390681;scaffold0008:33380456|33395644;scaffold0008:33390547|33395644;scaffold0008:33427208|33434523;scaffold0008:33427208|33439729;scaffold0008:33431941|33439729",6,"",0,"",0,"scaffold0017:13863469|13878943;scaffold0017:13873060|13878943;scaffold0017:13873060|13907423;scaffold0017:13918366|13921130",4,"NW_017739130.1:1488164|1504523;NW_017739130.1:1499604|1504523;NW_017739130.1:1499604|1560962;NW_017739130.1:1546322|1560962;NW_017739130.1:1557234|1585292;NW_017739130.1:1572990|1585292;NW_017739130.1:1572990|1593268;NW_017739130.1:1585130|1593268",8
"STIM1","",0,"scaffold0008:34544891|34573100;scaffold0008:34591592|34606945;scaffold0008:34602366|34606945;scaffold0008:34602366|34618605",4,"",0,"",0,"scaffold0017:15077026|15107109;scaffold0017:15139250|15144407",2,"NW_017739012.1:94843|99265",1
"PARVA","",0,"scaffold0008:41327419|41329245",1,"",0,"",0,"scaffold0017:22212200|22213941",1,"NW_017738926.1:4318311|4320243",1
"RRAS2","",0,"scaffold0008:42709058|42721490;scaffold0008:42719544|42719922;scaffold0008:42719544|42721490",3,"",0,"",0,"scaffold0017:23697480|23697930",1,"NW_017739319.1:582670|595551;NW_017739319.1:593667|595551",2
"PIK3C2A","",0,"scaffold0008:45069659|45074713;scaffold0008:45069659|45085296;scaffold0008:45102732|45103070",3,"",0,"",0,"scaffold0017:26224133|26227957",1,"NW_017739160.1:1173022|1176071;NW_017739160.1:1173022|1180849",2
"EIF3M","",0,"scaffold0008:54755760|54757545",1,"14:32838508|32845473",1,"",0,"",0,"NW_017739059.1:1936735|1949982",1
"ARHGAP1","",0,"scaffold0008:63683676|63684160",1,"14:19082645|19083815",1,"",0,"scaffold0017:40179879|40180757",1,"",0
"SLC43A1","",0,"scaffold0008:65709915|65710467",1,"",0,"",0,"scaffold0017:37897767|37898399",1,"NW_017739570.1:73533|76019;NW_017739570.1:77985|78618",2
"AFDN","",0,"scaffold0009:1006957|1019506;scaffold0009:1014165|1019506;scaffold0009:1016141|1019506;scaffold0009:998421|1019506",4,"",0,"",0,"scaffold0007:96266423|96270243",1,"NW_017739460.1:1288830|1294241;NW_017739460.1:1288830|1296710;NW_017739460.1:1288830|1316516;NW_017739460.1:1304759|1316516",4
"SHPRH","",0,"scaffold0009:13172426|13175572;scaffold0009:13189978|13195113",2,"",0,"",0,"scaffold0007:66349292|66352392",1,"NW_017739132.1:421082|423369",1
"UTRN","",0,"scaffold0009:13791708|13796541;scaffold0009:13807024|13832178;scaffold0009:13819428|13838117;scaffold0009:13824310|13838117;scaffold0009:13826518|13838117;scaffold0009:13885669|13905698;scaffold0009:13885669|13917179;scaffold0009:13905541|13917179;scaffold0009:13999067|14000963;scaffold0009:14050995|14051893",10,"",0,"",0,"scaffold0007:67077453|67094561;scaffold0007:67085373|67094561;scaffold0007:67160605|67172637;scaffold0007:67368959|67370733;scaffold0007:67469151|67474670",5,"NW_017739132.1:1275503|1275772",1
"REV3L","",0,"scaffold0009:37361337|37365236;scaffold0009:37363032|37365236",2,"",0,"",0,"scaffold0007:60994938|60999978",1,"NW_017739028.1:1266406|1287881",1
"CDK19","",0,"scaffold0009:37814294|37835890;scaffold0009:37814294|37851725;scaffold0009:37835814|37851725;scaffold0009:37880344|37884798",4,"",0,"",0,"scaffold0007:60559861|60561977;scaffold0007:60559861|60585684;scaffold0007:60559861|60606509;scaffold0007:60585608|60606509",4,"NW_017739028.1:1705851|1760706;NW_017739028.1:1759000|1760706",2
"SCML4","",0,"scaffold0009:39832478|39849957;scaffold0009:39832478|39877257;scaffold0009:39843042|39849957;scaffold0009:39868652|39877257",4,"",0,"",0,"scaffold0007:58551835|58560093;scaffold0007:58575570|58590320",2,"NW_017739028.1:3904626|3929695",1
"ASCC3","",0,"scaffold0009:44620665|44622865;scaffold0009:44673923|44674724",2,"",0,"",0,"scaffold0007:53389399|53389841;scaffold0007:53389399|53402164",2,"NW_017739062.1:819342|820143",1
"TULP4","",0,"scaffold0009:5234753|5236982",1,"",0,"",0,"scaffold0007:92559814|92562011;scaffold0007:92620272|92621231;scaffold0007:92634005|92641398",3,"NW_017738939.1:1615681|1617932",1
"SNX9","",0,"scaffold0009:5476958|5481089",1,"",0,"",0,"scaffold0007:92319106|92324139",1,"NW_017738939.1:1294318|1323617",1
"ARID1B","",0,"scaffold0009:5916141|5916940;scaffold0009:5916833|5923970;scaffold0009:5940366|5951196;scaffold0009:5951016|5988672;scaffold0009:5966157|5988672;scaffold0009:6100188|6121807;scaffold0009:6100188|6187626;scaffold0009:6121657|6187626;scaffold0009:6187431|6187626",9,"",0,"",0,"scaffold0007:91656590|91656785;scaffold0007:91656590|91726421;scaffold0007:91656590|91742312;scaffold0007:91726271|91742312;scaffold0007:91865746|91865990;scaffold0007:91865746|91888462;scaffold0007:91865746|91902099;scaffold0007:91888372|91902099",8,"NW_017738939.1:422395|422590",1
"PHIP","",0,"scaffold0009:60379345|60379689;scaffold0009:60379345|60391612;scaffold0009:60409664|60414085",3,"",0,"",0,"scaffold0007:37693424|37714385;scaffold0007:37714042|37714385",2,"NW_017738984.1:4281362|4293163",1
"SCAF8","",0,"scaffold0009:7565880|7575983",1,"4:61068560|61089519;4:61082640|61087526;4:61082640|61089519",3,"",0,"scaffold0007:90321767|90330459;scaffold0007:90340007|90343305",2,"",0
"MTHFD1L","",0,"scaffold0009:9683371|9685990;scaffold0009:9706464|9714098;scaffold0009:9744587|9759397;scaffold0009:9771784|9781200",4,"",0,"",0,"scaffold0007:87892842|87900376;scaffold0007:87898133|87900376;scaffold0007:87981610|87988596",3,"NW_017739031.1:1474693|1502695",1
"ADGRL2","",0,"scaffold0010:25008881|25076697",1,"",0,"",0,"scaffold0010:20051519|20115514",1,"NW_017739317.1:582645|582818;NW_017739317.1:582645|648296",2
"SCP2","",0,"scaffold0010:3028331|3031094",1,"",0,"",0,"scaffold0010:43800944|43822989",1,"NW_017739108.1:1528670|1568027",1
"PKN2","",0,"scaffold0010:30824273|30824574;scaffold0010:30872533|30874352",2,"",0,"",0,"scaffold0005:86457470|86460066",1,"NW_017739260.1:2765737|2766038",1
"TGFBR3","",0,"scaffold0010:33240213|33244085;scaffold0010:33329199|33395407",2,"",0,"",0,"scaffold0010:10352375|10360437",1,"NW_017738942.1:3149359|3188042;NW_017738942.1:3222240|3232864",2
"EVI5","",0,"scaffold0010:34046569|34048470",1,"",0,"",0,"scaffold0010:9500820|9501050;scaffold0010:9513400|9515417",2,"NW_017738942.1:2462245|2462475;NW_017738942.1:2479686|2481615;NW_017738942.1:2479686|2493590;NW_017738942.1:2490602|2493590;NW_017738942.1:2545970|2550045",5
"ARHGAP29","",0,"scaffold0010:35332335|35344444",1,"",0,"",0,"scaffold0010:8043993|8057379",1,"NW_017738942.1:1259929|1272113",1
"CDKAL1","",0,"scaffold0010:38754672|38791089;scaffold0010:39138535|39139733",2,"",0,"",0,"scaffold0010:3982498|3983852;scaffold0010:4369613|4406851",2,"NW_017739022.1:2311655|2313405;NW_017739022.1:2471502|2507093",2
"TMEM59","",0,"scaffold0010:3907997|3913064;scaffold0010:3912034|3913064",2,"",0,"",0,"scaffold0010:42951424|42964754;scaffold0010:42955662|42958746",2,"NW_017739108.1:2397622|2400301",1
"CDYL","",0,"scaffold0010:53557349|53559148",1,"",0,"",0,"scaffold0002:123947217|123947884",1,"NW_017739428.1:1552785|1554585;NW_017739428.1:1612605|1613272",2
"EXOC2","",0,"scaffold0010:58396621|58434433;scaffold0010:58453194|58463220;scaffold0010:58476479|58478178;scaffold0010:58498309|58514148;scaffold0010:58509590|58514148",5,"",0,"",0,"scaffold0002:119094516|119099461;scaffold0002:119147740|119152438",2,"NW_017739549.1:109720|124657;NW_017739549.1:122945|124657;NW_017739549.1:92735|97208",3
"SLC22A23","",0,"scaffold0010:61413672|61435927;scaffold0010:61413672|61454792;scaffold0010:61511301|61516817",3,"",0,"",0,"scaffold0002:122495930|122500805",1,"NW_017739272.1:2408376|2429489;NW_017739272.1:2512909|2518804",2
"ZMIZ1","",0,"scaffold0011:12443094|12446855;scaffold0011:12525377|12536625",2,"",0,"",0,"scaffold0014:48997862|49010437",1,"NW_017739210.1:936931|938630",1
"VCL","",0,"scaffold0011:16846515|16847573",1,"",0,"",0,"scaffold0014:44649045|44653053",1,"NW_017739147.1:3632316|3632758",1
"P4HA1","",0,"scaffold0011:17623665|17635860;scaffold0011:17648234|17650460",2,"",0,"",0,"scaffold0014:43815462|43818891",1,"NW_017739147.1:4341601|4347527",1
"CCAR1","",0,"scaffold0011:21158036|21158564;scaffold0011:21165017|21165438;scaffold0011:21165017|21168221;scaffold0011:21170619|21176040",4,"",0,"",0,"scaffold0014:40487613|40488232;scaffold0014:40501648|40503400;scaffold0014:40502983|40503400",3,"NW_017739003.1:624502|632029;NW_017739003.1:631352|632029",2
"HERC4","",0,"scaffold0011:21679887|21694723;scaffold0011:21679887|21703027;scaffold0011:21684728|21694723;scaffold0011:21684728|21703027;scaffold0011:21740616|21743250;scaffold0011:21742709|21743250",6,"",0,"",0,"scaffold0014:39921891|39936862;scaffold0014:39950278|39950439;scaffold0014:39950278|39957275;scaffold0014:39950278|39970545",4,"NW_017739003.1:1143889|1154759;NW_017739003.1:1184666|1187074;NW_017739003.1:1184666|1202525",3
"CCDC6","",0,"scaffold0011:27745677|27759932;scaffold0011:27745677|27777745;scaffold0011:27759803|27783320;scaffold0011:27775585|27783320",4,"",0,"",0,"scaffold0014:33889995|33906791",1,"NW_017739003.1:7425099|7443082;NW_017739003.1:7425099|7469143;NW_017739003.1:7442953|7469143",3
"PTEN","",0,"scaffold0011:33872720|33874769;scaffold0011:33872720|33884873;scaffold0011:33872720|33889322",3,"",0,"",0,"scaffold0014:27453139|27461329",1,"NW_017738932.1:2429947|2431992",1
"BTAF1","",0,"scaffold0011:36507064|36518947;scaffold0011:36508898|36518947;scaffold0011:36516545|36518947;scaffold0011:36547711|36549434;scaffold0011:36558636|36559350;scaffold0011:36566948|36568138",6,"",0,"",0,"scaffold0014:24684108|24685673",1,"NW_017738932.1:5317730|5344782;NW_017738932.1:5350220|5357146",2
"CPEB3","",0,"scaffold0011:36610652|36620399;scaffold0011:36610652|36637065;scaffold0011:36620284|36637065;scaffold0011:36636946|36656032;scaffold0011:36636946|36680289",5,"",0,"",0,"scaffold0014:24560293|24562983;scaffold0014:24600994|24610611",2,"NW_017738932.1:5446028|5505929;NW_017738932.1:5465267|5505929",2
"PLCE1","",0,"scaffold0011:38065059|38065376",1,"9:94182960|94184530",1,"",0,"",0,"NW_017738932.1:6812816|6814373;NW_017738932.1:6950830|6951147;NW_017738932.1:7022295|7026841",3
"SLF2","",0,"scaffold0011:42441789|42443776",1,"",0,"",0,"scaffold0014:18530812|18534868",1,"NW_017738957.1:4363435|4369779",1
"SHOC2","",0,"scaffold0011:48774182|48774765",1,"9:111528755|111529692;9:111528755|111550060",2,"",0,"",0,"NW_017738957.1:11585005|11585951;NW_017738957.1:11629718|11630306",2
"ERCC6","",0,"scaffold0011:5663784|5664502",1,"",0,"",0,"scaffold0014:55868896|55869332;scaffold0014:55880601|55881313;scaffold0014:55900297|55914249",3,"NW_017738987.1:4314651|4327636",1
"ZFAND4","",0,"scaffold0011:6437042|6466028",1,"",0,"",0,"scaffold0014:55161432|55163658",1,"NW_017739596.1:70937|83698",1
"CSGALNACT2","",0,"scaffold0011:8362141|8363787",1,"",0,"",0,"scaffold0014:53343399|53345018;scaffold0014:53343399|53357747",2,"NW_017739846.1:172311|183625;NW_017739846.1:172311|188485;NW_017739846.1:172311|191852",3
"ZCCHC2","",0,"scaffold0012:1003437|1008193;scaffold0012:984648|1008193;scaffold0012:994284|1008193;scaffold0012:994284|999463;scaffold0012:999350|1008193",5,"",0,"",0,"scaffold0008:42702093|42707628;scaffold0008:42702093|42727797",2,"NW_017738981.1:2579452|2588880",1
"MYO5B","",0,"scaffold0012:10500092|10504454;scaffold0012:10618197|10620230;scaffold0012:10618197|10625629",3,"",0,"",0,"scaffold0008:82026905|82028750",1,"NW_017738951.1:2287887|2305770;NW_017738951.1:2346771|2350583",2
"DYM","",0,"scaffold0012:10989512|10991736;scaffold0012:11025730|11034340;scaffold0012:11105706|11138884",3,"",0,"",0,"scaffold0008:81658946|81661084",1,"NW_017738951.1:1832181|1842483;NW_017738951.1:1889770|1933476",2
"SETBP1","",0,"scaffold0012:14522259|14522907",1,"",0,"",0,"scaffold0008:78465786|78466437",1,"NW_017739073.1:1536799|1537455;NW_017739073.1:1766479|1769939",2
"SS18","",0,"scaffold0012:28670992|28696805",1,"18:56355017|56398140",1,"",0,"scaffold0008:90134500|90134668",1,"",0
"USP14","",0,"scaffold0012:32846084|32846230;scaffold0012:32846084|32857843",2,"18:61536830|61544960",1,"",0,"scaffold0008:53917477|53921080;scaffold0008:53938647|53941346;scaffold0008:53939851|53941346",3,"",0
"EPB41L3","",0,"scaffold0012:36269755|36274278;scaffold0012:36321335|36324531",2,"",0,"",0,"scaffold0008:57126854|57130451",1,"NW_017739350.1:2675845|2681280",1
"PPP4R1","",0,"scaffold0012:39186765|39188306;scaffold0012:39194350|39201991;scaffold0012:39201863|39204997;scaffold0012:39201863|39217593;scaffold0012:39201863|39217644;scaffold0012:39203630|39204997;scaffold0012:39204682|39204997;scaffold0012:39207933|39217593;scaffold0012:39216612|39217593;scaffold0012:39216612|39217644;scaffold0042:3995768|4005204",11,"",0,"",0,"scaffold0008:59945867|59950478;scaffold0008:59946323|59950478",2,"NW_017739466.1:752075|769418;NW_017739466.1:761510|769418",2
"AFG3L2","",0,"scaffold0012:41076481|41080145;scaffold0012:41076481|41084508",2,"",0,"",0,"scaffold0008:61495301|61502547",1,"NW_017739441.1:531335|534340",1
"ZMYND8","",0,"scaffold0012:45194004|45201131;scaffold0012:45194079|45201131;scaffold0012:45211507|45221032;scaffold0012:45229752|45233082",4,"",0,"",0,"scaffold0008:65586458|65590895;scaffold0008:65589613|65598236;scaffold0008:65593701|65598236;scaffold0008:65604514|65613008;scaffold0008:65621637|65624276",5,"NW_017739213.1:640582|653087;NW_017739213.1:677371|682020",2
"PPP1R16B","",0,"scaffold0012:51363272|51363626",1,"",0,"",0,"scaffold0008:71687516|71691126;scaffold0008:71689437|71691126;scaffold0008:71694622|71695712",3,"NW_017738938.1:4539370|4541230;NW_017738938.1:4599272|4599621",2
"RBL1","",0,"scaffold0012:52776259|52778581",1,"",0,"",0,"scaffold0008:35765461|35772374;scaffold0008:35765461|35780617;scaffold0008:35788546|35796445",3,"NW_017739227.1:1287939|1291888",1
"MBD2","",0,"scaffold0012:7432476|7434039",1,"",0,"",0,"scaffold0008:84626590|84636023",1,"NW_017738951.1:5373639|5375184",1
"PHLPP1","",0,"scaffold0012:749000|757673;scaffold0012:787030|787197;scaffold0012:787030|803375;scaffold0012:787030|812349;scaffold0012:803249|812349",5,"",0,"",0,"scaffold0008:42915129|42925115",1,"NW_017738981.1:2776549|2782759",1
"WDR44","",0,"scaffold0013:11913238|11914266",1,"",0,"",0,"scaffold0009:59007885|59009631",1,"NW_017739849.1:45923|47244",1
"BRWD3","",0,"scaffold0013:47736159|47737837;scaffold0013:47758532|47762753;scaffold0013:47806647|47806939;scaffold0013:47824791|47826146",4,"",0,"",0,"scaffold0009:6805247|6807522;scaffold0009:6805247|6836960;scaffold0009:6834473|6836960;scaffold0009:6877506|6878354",4,"NW_017739671.1:1440485|1452803;NW_017739671.1:1495423|1497022",2
"ATRX","",0,"scaffold0013:51180358|51205864;scaffold0013:51284443|51287030;scaffold0013:51386767|51388613",3,"",0,"",0,"scaffold0009:9180531|9191294",1,"NW_017739602.1:176235|223865;NW_017739602.1:209495|214711;NW_017739602.1:209495|223865;NW_017739602.1:222831|223865",4
"DEPTOR","",0,"scaffold0014:17131272|17132596",1,"",0,"",0,"scaffold0018:28272843|28274216",1,"NW_017738923.1:2384555|2385835;NW_017738923.1:2409675|2448025;NW_017738923.1:2438742|2448025",3
"SPIDR","",0,"scaffold0014:2423121|2426300;scaffold0014:2452355|2454524",2,"",0,"",0,"scaffold0018:6808912|6809163;scaffold0018:6822661|6848959;scaffold0018:6935149|6936937",3,"NW_017739633.1:151253|168454;NW_017739633.1:151253|172062;NW_017739633.1:282833|292560;NW_017739633.1:598855|634636",4
"ATAD2","",0,"scaffold0014:36669693|36674569;scaffold0014:36677275|36679754",2,"",0,"",0,"scaffold0018:10114940|10116215",1,"NW_017738923.1:4836105|4837641",1
"DPY19L4","",0,"scaffold0014:4190473|4192011;scaffold0014:4190473|4194885;scaffold0014:4190473|4196741;scaffold0014:4190473|4200338;scaffold0014:4194513|4194885;scaffold0014:4194513|4200338",6,"",0,"",0,"scaffold0018:44504402|44504781",1,"NW_017739489.1:585429|590808;NW_017739489.1:588053|590808;NW_017739489.1:600523|611820;NW_017739489.1:625153|625912",4
"TRAPPC9","",0,"scaffold0014:46905381|46911294;scaffold0014:46935013|46953328;scaffold0014:47060919|47072474;scaffold0014:47098429|47108332;scaffold0014:47098429|47144333;scaffold0014:47132814|47139048;scaffold0014:47132814|47144333",7,"",0,"",0,"scaffold0018:51324512|51329658",1,"NW_017738923.1:14772274|14789617",1
"CPQ","",0,"scaffold0014:5111554|5132904;scaffold0014:5132696|5132904;scaffold0014:5132696|5161172;scaffold0014:5218571|5244946;scaffold0014:5236436|5244946",5,"",0,"",0,"scaffold0018:43290374|43290837",1,"NW_017739618.1:404170|404633",1
"STK3","",0,"scaffold0014:5834625|5840604;scaffold0014:5900059|5900895;scaffold0014:5900059|5917453;scaffold0014:5900059|5923105",4,"8:98981854|98982779",1,"",0,"",0,"NW_017739401.1:124558|134833;NW_017739401.1:212928|213744;NW_017739401.1:242401|264366",3
"VPS13B","",0,"scaffold0014:6097354|6097623;scaffold0014:6117658|6129355;scaffold0014:6117658|6173919;scaffold0014:6129173|6173919;scaffold0014:6172827|6173919;scaffold0014:6233183|6258523;scaffold0014:6279673|6293348;scaffold0014:6309117|6318724;scaffold0014:6402864|6446992;scaffold0014:6478518|6487335",10,"",0,"",0,"scaffold0018:41484844|41485047;scaffold0018:41797289|41798363",2,"NW_017739401.1:562050|579442;NW_017739401.1:579317|618570;NW_017739401.1:689292|690358;NW_017739401.1:768260|775522",4
"ZFPM2","",0,"scaffold0014:9255731|9334333",1,"",0,"",0,"scaffold0018:38000827|38022993",1,"NW_017739237.1:1682603|1707908",1
"TMEM62","",0,"scaffold0015:10554733|10555126",1,"",0,"",0,"scaffold0004:41767114|41767507",1,"NW_017738958.1:1320039|1323606",1
"CTDSPL2","",0,"scaffold0015:11633315|11638596;scaffold0015:11633315|11642412",2,"",0,"",0,"scaffold0004:42961097|42964954",1,"NW_017738958.1:358956|361599",1
"RNF111","",0,"scaffold0015:23924776|23928502",1,"",0,"",0,"scaffold0004:54888430|54894708",1,"NW_017739007.1:1143896|1144789",1
"VPS13C","",0,"scaffold0015:26430277|26430856",1,"",0,"",0,"scaffold0004:57447048|57454262;scaffold0004:57543127|57544085",2,"NW_017739653.1:506502|511862",1
"USP3","",0,"scaffold0015:27749627|27753658;scaffold0015:27749627|27781371;scaffold0015:27749627|27784046;scaffold0015:27808831|27810480",4,"",0,"",0,"scaffold0004:58853003|58857964;scaffold0004:58909609|58910164",2,"NW_017739341.1:1164395|1168575;NW_017739341.1:1164395|1188652;NW_017739341.1:1179871|1188652",3
"CSNK1G1","",0,"scaffold0015:28388541|28408946;scaffold0015:28399453|28408946",2,"",0,"",0,"scaffold0004:59487349|59492997;scaffold0004:59488310|59488817",2,"NW_017739241.1:232132|259063;NW_017739241.1:238860|259063",2
"TRIP4","",0,"scaffold0015:28561853|28567335;scaffold0015:28561853|28573982;scaffold0015:28561853|28603039;scaffold0015:28565379|28573982;scaffold0015:28571747|28573982;scaffold0015:28578515|28586627;scaffold0015:28582527|28588254;scaffold0015:28586502|28588254;scaffold0015:28586502|28603039",9,"",0,"",0,"scaffold0004:59671646|59671862",1,"NW_017739191.1:602135|603420",1
"CLPX","",0,"scaffold0015:29209287|29211277;scaffold0015:29218770|29220170",2,"",0,"",0,"scaffold0004:60328339|60331321;scaffold0004:60335866|60337897;scaffold0004:60349036|60350239",3,"NW_017739191.1:19300|21720;NW_017739191.1:21602|28003;NW_017739191.1:29970|38264",3
"DENND4A","",0,"scaffold0015:29603146|29605493;scaffold0015:29671361|29671694",2,"",0,"",0,"scaffold0004:60806917|60816488",1,"NW_017738959.1:357267|358928",1
"SYNE2","",0,"scaffold0015:44033725|44034983;scaffold0015:44076728|44079711;scaffold0015:44078966|44079711",3,"",0,"",0,"scaffold0004:75216519|75217414;scaffold0004:75217240|75217414",2,"NW_017739016.1:1435408|1437739",1
"RAD51B","",0,"scaffold0015:46799102|46804440",1,"",0,"",0,"scaffold0004:78230475|78236500",1,"NW_017739016.1:4175352|4182794",1
"DCAF5","",0,"scaffold0015:47847612|47872265;scaffold0015:47866067|47872265;scaffold0015:47868246|47872265",3,"",0,"",0,"scaffold0004:79243262|79260683;scaffold0004:79260469|79260683;scaffold0004:79277937|79284936;scaffold0004:79279916|79284936",4,"NW_017739016.1:5162850|5187477;NW_017739016.1:5181637|5187477",2
"MGA","",0,"scaffold0015:9297803|9298095;scaffold0015:9297803|9304755;scaffold0015:9304298|9304755;scaffold0015:9304298|9306730;scaffold0015:9306074|9308539;scaffold0015:9323146|9325784",6,"",0,"",0,"scaffold0004:40465626|40468449;scaffold0004:40499883|40500744",2,"NW_017738958.1:2405229|2408793;NW_017738958.1:2405229|2418418;NW_017738958.1:2424988|2426116",3
"PAPSS1","",0,"scaffold0016:14563062|14572755;scaffold0016:14563062|14577229;scaffold0016:14563062|14591159;scaffold0016:14563062|14594708;scaffold0016:14568622|14594708;scaffold0016:14588679|14591159;scaffold0016:14588679|14594708",7,"",0,"",0,"scaffold0006:85338549|85356141",1,"NW_017739097.1:676656|696233;NW_017739097.1:676656|723895;NW_017739097.1:693676|723895;NW_017739097.1:710168|719520;NW_017739097.1:710168|723895",5
"TBCK","",0,"scaffold0016:15843959|15852888;scaffold0016:15957524|15957697;scaffold0016:15989481|15996774",3,"",0,"",0,"scaffold0006:86495313|86501243;scaffold0006:86549537|86555176;scaffold0006:86551098|86555176",3,"NW_017739063.1:3198490|3209778;NW_017739063.1:3286392|3297861;NW_017739063.1:3289955|3297861;NW_017739063.1:3297719|3304360",4
"PPA2","",0,"scaffold0016:16585103|16612239",1,"",0,"",0,"scaffold0006:87233127|87260559",1,"NW_017739063.1:2649630|2671686",1
"MANBA","",0,"scaffold0016:18655861|18660434;scaffold0016:18655861|18665575;scaffold0016:18659320|18660434;scaffold0016:18675065|18676838",4,"",0,"",0,"scaffold0006:70813286|70817906",1,"NW_017739063.1:876562|883248",1
"SLC39A8","",0,"scaffold0016:19068196|19079202",1,"",0,"",0,"scaffold0006:70414309|70424590",1,"NW_017739063.1:561281|572579",1
"PDLIM5","",0,"scaffold0016:25701964|25723021;scaffold0016:25701964|25750194;scaffold0016:25722833|25750194",3,"5:92959056|92959229",1,"",0,"",0,"NW_017739088.1:5098379|5119299",1
"FAM13A","",0,"scaffold0016:30567035|30574880;scaffold0016:30574670|30574880;scaffold0016:30599589|30636216;scaffold0016:30734968|30758575",4,"",0,"",0,"scaffold0006:59330600|59341508",1,"NW_017739088.1:563865|592708;NW_017739088.1:685328|693892",2
"HERC3","",0,"scaffold0016:30866180|30888154;scaffold0016:30886992|30892563",2,"",0,"",0,"scaffold0006:59024013|59033918",1,"NW_017739088.1:347440|347695",1
"WDFY3","",0,"scaffold0016:34116603|34117072;scaffold0016:34127309|34130958",2,"",0,"",0,"scaffold0006:55859927|55864536",1,"NW_017738999.1:2276784|2282551",1
"LIN54","",0,"scaffold0016:35673544|35679834",1,"5:50707088|50715774",1,"",0,"",0,"NW_017738999.1:3862264|3874294",1
"CNOT6L","",0,"scaffold0016:40014260|40016803;scaffold0016:40014260|40018371;scaffold0016:40014260|40039342;scaffold0016:40066576|40070328;scaffold0016:40070100|40070328",5,"",0,"",0,"scaffold0006:49966934|49967545",1,"NW_017738950.1:3250998|3255086;NW_017738950.1:3250998|3270413",2
"SFMBT2","",0,"scaffold0016:4127247|4130040;scaffold0016:4191939|4201412;scaffold0016:4201314|4227292;scaffold0016:4201314|4239509;scaffold0016:4201314|4245657",5,"",0,"",0,"scaffold0006:75148500|75151431;scaffold0006:75217328|75227008;scaffold0006:75266664|75274212",3,"NW_017739056.1:1608490|1610856;NW_017739056.1:1608490|1618600",2
"USO1","",0,"scaffold0016:41525584|41526130;scaffold0016:41554936|41560338",2,"",0,"",0,"scaffold0006:48512689|48524093;scaffold0006:48512689|48529270;scaffold0006:48527993|48529270",3,"NW_017738950.1:4711183|4726589",1
"DIP2C","",0,"scaffold0016:9952689|9959701",1,"",0,"",0,"scaffold0006:81083213|81090175",1,"NW_017739886.1:200712|203050;NW_017739886.1:241606|253494",2
"SNTB2","",0,"scaffold0017:16068707|16088642",1,"",0,"",0,"scaffold0022:20131775|20140588;scaffold0022:20131775|20153680;scaffold0022:20140445|20153680;scaffold0022:20153466|20153680",4,"NW_017738943.1:9165778|9175029;NW_017738943.1:9165778|9181165",2
"WWP2","",0,"scaffold0017:16440371|16449729;scaffold0017:16440371|16474425;scaffold0017:16440371|16490102;scaffold0017:16440371|16502105;scaffold0017:16449120|16449729;scaffold0017:16489974|16502105",6,"",0,"",0,"scaffold0022:19703729|19722861;scaffold0022:19750468|19755298",2,"NW_017738943.1:9545636|9552498",1
"ZFHX3","",0,"scaffold0017:17669311|17669808;scaffold0017:17732917|17733149;scaffold0017:17804511|17804998",3,"",0,"",0,"scaffold0022:18401696|18402174",1,"NW_017738943.1:10822868|10823100",1
"AP1G1","",0,"scaffold0017:18485739|18489144",1,"",0,"",0,"scaffold0022:17617822|17618189",1,"NW_017738943.1:11619942|11630638;NW_017738943.1:11650003|11658738;NW_017738943.1:11654874|11658738",3
"CDYL2","",0,"scaffold0017:24089672|24106487;scaffold0017:24105898|24106487",2,"",0,"",0,"scaffold0022:11501122|11501711",1,"NW_017738943.1:17545880|17546469",1
"BANP","",0,"scaffold0017:29837816|29857141;scaffold0017:29844948|29857141;scaffold0017:29848473|29853773;scaffold0017:29848473|29857141;scaffold0017:29856941|29857141;scaffold0017:29876187|29878217;scaffold0017:29878041|29891003;scaffold0017:29896828|29904588",8,"",0,"",0,"scaffold0022:5516900|5518944",1,"NW_017739107.1:482926|496721;NW_017739107.1:486354|496721;NW_017739107.1:486354|515306",3
"ZC3H18","",0,"scaffold0017:30330196|30330789",1,"",0,"",0,"scaffold0022:5013664|5014263",1,"NW_017739107.1:1020537|1046766",1
"LSM14A","",0,"scaffold0017:32308715|32313020;scaffold0017:32312890|32322222;scaffold0017:32317437|32322222;scaffold0017:32317437|32331137;scaffold0017:32329476|32331137",5,"",0,"",0,"scaffold0022:2765637|2766153;scaffold0022:2765637|2772001;scaffold0022:2765637|2789603;scaffold0022:2771878|2789603;scaffold0022:2789473|2797477",5,"NW_017739107.1:2978902|2981706;NW_017739107.1:2989170|2997787",2
"ZNF423","",0,"scaffold0017:39320946|39322747",1,"",0,"",0,"scaffold0022:31612088|31644107",1,"NW_017739003.1:13815263|13817028",1
"PHKB","",0,"scaffold0017:40445364|40458886",1,"20:34572927|34621036",1,"",0,"scaffold0022:32354815|32356296;scaffold0022:32377375|32379652",2,"",0
"CNOT1","",0,"scaffold0017:9932944|9933327",1,"",0,"",0,"scaffold0022:26901613|26902006;scaffold0022:26928656|26929693",2,"NW_017738943.1:1665972|1669030;NW_017738943.1:1668328|1677243",2
"PDS5A","",0,"scaffold0018:17150414|17152931",1,"",0,"",0,"scaffold0006:24629850|24631629;scaffold0006:24658468|24660297;scaffold0006:24663216|24664347;scaffold0006:24684028|24684232",4,"NW_017739263.1:213328|219479;NW_017739263.1:241815|250204",2
"SLC30A9","",0,"scaffold0018:18810517|18830673;scaffold0018:18834166|18834725;scaffold0018:18834166|18838628;scaffold0018:18834166|18841014",4,"5:41178507|41232999",1,"",0,"scaffold0006:26346280|26352783",1,"",0
"SCFD2","",0,"scaffold0018:24206653|24206903;scaffold0018:24206653|24274952;scaffold0018:24274776|24294303;scaffold0018:24274776|24316890",4,"",0,"",0,"scaffold0006:31805530|31805780",1,"NW_017739076.1:3732033|3748415",1
"CLOCK","",0,"scaffold0018:26023649|26024802;scaffold0018:26029134|26038615",2,"",0,"",0,"scaffold0006:33568543|33569650",1,"NW_017739076.1:2064533|2102558;NW_017739076.1:2064533|2108487;NW_017739076.1:2079702|2102558",3
"DHX15","",0,"scaffold0018:6474118|6479292",1,"",0,"",0,"scaffold0006:14259348|14265472",1,"NW_017739127.1:2240599|2248559",1
"TLK2","",0,"scaffold0019:10789444|10791197;scaffold0019:10801371|10810421;scaffold0019:10843095|10845002",3,"",0,"",0,"scaffold0021:19741797|19745265;scaffold0021:19756961|19760169",2,"NW_017739014.1:4696990|4705805",1
"MED13","",0,"scaffold0019:12237834|12246528;scaffold0019:12246359|12246528;scaffold0019:12246359|12260090;scaffold0019:12246359|12266503;scaffold0019:12255730|12260090;scaffold0019:12257099|12260090;scaffold0019:12258890|12260090;scaffold0019:12298731|12299769",8,"",0,"",0,"scaffold0021:21279063|21290704",1,"NW_017739011.1:152090|173842",1
"APPBP2","",0,"scaffold0019:13142806|13149372;scaffold0019:13145319|13149372",2,"",0,"",0,"scaffold0021:22294373|22306058",1,"NW_017739011.1:1258084|1263304",1
"TBCD","",0,"scaffold0019:164307|178179;scaffold0019:210391|219756",2,"",0,"",0,"scaffold0021:167505|168575;scaffold0021:176130|176841;scaffold0021:190464|201475;scaffold0021:228474|232704",4,"NW_017739032.1:3849851|3855488",1
"PIP4K2B","",0,"scaffold0019:22112389|22126549;scaffold0019:22117030|22118875;scaffold0019:22117030|22122695;scaffold0019:22117030|22126549;scaffold0019:22120055|22126549",5,"",0,"",0,"scaffold0021:9302913|9305427",1,"NW_017739081.1:158458|163789",1
"STAT3","",0,"scaffold0019:24630852|24639404;scaffold0019:24648338|24649491",2,"",0,"",0,"scaffold0021:15728562|15729618",1,"NW_017739175.1:556849|558127",1
"SEPT9","",0,"scaffold0019:2610549|2614463;scaffold0019:2668347|2668989",2,"",0,"",0,"scaffold0021:2368311|2368947",1,"NW_017739032.1:308068|308710",1
"AP2B1","",0,"scaffold0019:27391938|27392184;scaffold0019:27391938|27394572;scaffold0019:27391938|27399275;scaffold0019:27391938|27403781",4,"",0,"",0,"scaffold0021:13224914|13226186",1,"NW_017739011.1:2926956|2945891",1
"MYO18A","",0,"scaffold0019:32162319|32162670",1,"",0,"",0,"scaffold0021:32536390|32537470",1,"NW_017739070.1:1819408|1820488",1
"SSH2","",0,"scaffold0019:32566747|32570773;scaffold0019:32583095|32609250;scaffold0019:32597013|32609250;scaffold0019:32605776|32609250",4,"16:25342583|25360516",1,"",0,"scaffold0021:32904592|32919136",1,"",0
"UBE2G1","",0,"scaffold0019:36483346|36500076;scaffold0019:36490878|36500076",2,"",0,"",0,"scaffold0033:6189670|6204162",1,"NW_017739126.1:1217887|1237145;NW_017739126.1:1226464|1237145",2
"CSNK1D","",0,"scaffold0019:442878|457323",1,"",0,"",0,"scaffold0021:450246|463723",1,"NW_017739032.1:3530652|3548451;NW_017739032.1:3533219|3548451",2
"TEX2","",0,"scaffold0019:9833825|9836998",1,"",0,"",0,"scaffold0021:18645969|18649965",1,"NW_017739014.1:3621661|3624665",1
"ZFX","",0,"scaffold0020:22972299|22976150",1,"",0,"",0,"scaffold0025:12868522|12869234",1,"NW_017739512.1:97323|100914",1
"PRKX","",0,"scaffold0020:36596552|36601710;scaffold0020:36601446|36601710",2,"",0,"",0,"scaffold0052:114660|116468;scaffold0052:114660|119856",2,"NW_017739538.1:396740|422978;NW_017739538.1:403046|422978",2
"USP34","",0,"scaffold0021:12752575|12760280;scaffold0021:12849578|12849949;scaffold0021:12898958|12899220",3,"",0,"",0,"scaffold0016:34607852|34610797;scaffold0016:34694940|34695477;scaffold0016:34702475|34702846",3,"NW_017738948.1:3132554|3140473;NW_017738948.1:3228462|3228831;NW_017738948.1:3250974|3254869;NW_017738948.1:3254654|3269089",4
"VPS54","",0,"scaffold0021:14578669|14579055",1,"",0,"",0,"scaffold0016:36400575|36402187;scaffold0016:36453030|36454266",2,"NW_017738948.1:5050270|5055470;NW_017738948.1:5075554|5075940;NW_017738948.1:5075554|5079552;NW_017738948.1:5090112|5091892",4
"AFTPH","",0,"scaffold0021:15085342|15090761",1,"",0,"",0,"scaffold0016:36911087|36917300",1,"NW_017738948.1:5572940|5583911",1
"SRBD1","",0,"scaffold0021:1769826|1772588;scaffold0021:1769826|1773956;scaffold0021:1772411|1773956;scaffold0021:1815477|1819313;scaffold0021:1854365|1855271;scaffold0021:1854365|1867376;scaffold0021:1860756|1867376;scaffold0021:1864589|1867376;scaffold0021:1867272|1870758",9,"",0,"",0,"scaffold0016:23572392|23577781",1,"NW_017739190.1:2325894|2333780;NW_017739190.1:2325894|2339002",2
"THADA","",0,"scaffold0021:190299|194056;scaffold0021:334426|335972;scaffold0021:374245|409032;scaffold0021:383300|409032;scaffold0021:420082|420617",5,"",0,"",0,"scaffold0016:22143168|22144730;scaffold0016:22235984|22250764",2,"NW_017739190.1:537789|541054;NW_017739190.1:656936|718664;NW_017739190.1:699006|718664",3
"PRKCE","",0,"scaffold0021:2190886|2196666;scaffold0021:2190886|2212593;scaffold0021:2194395|2196666;scaffold0021:2204317|2212593",4,"",0,"",0,"scaffold0016:24014105|24019043;scaffold0016:24029075|24037988",2,"NW_017739190.1:2700818|2704389;NW_017739190.1:2700818|2708539;NW_017739190.1:2837429|2845305",3
"ALMS1","",0,"scaffold0021:22008598|22025468;scaffold0021:22019479|22023424;scaffold0021:22019479|22025468;scaffold0021:22105375|22106535",4,"13:35282743|35284608",1,"",0,"scaffold0016:43718515|43723404;scaffold0016:43723221|43728564",2,"",0
"RMND5A","",0,"scaffold0021:32266591|32286086;scaffold0021:32299372|32302725",2,"",0,"",0,"scaffold0016:54224848|54239255",1,"NW_017739205.1:566747|582435;NW_017739205.1:566747|595241;NW_017739205.1:580784|595241",3
"MERTK","",0,"scaffold0021:33451233|33453675;scaffold0021:33508562|33510963;scaffold0021:33508562|33517577",3,"",0,"",0,"scaffold0016:55540281|55568381;scaffold0016:55566342|55568381",2,"NW_017739536.1:272889|284036",1
"REV1","",0,"scaffold0021:34765156|34787487;scaffold0021:34785925|34787487",2,"",0,"",0,"scaffold0041:2862111|2863688;scaffold0041:2862111|2896892;scaffold0041:2889442|2896892",3,"NW_017739306.1:3852650|3854335;NW_017739306.1:3885496|3907705;NW_017739306.1:3894608|3907705",3
"TMEM131","",0,"scaffold0021:37014025|37017583;scaffold0021:37053854|37056629",2,"",0,"",0,"scaffold0041:1014264|1042982;scaffold0041:905011|905329;scaffold0041:981578|983388",3,"NW_017739609.1:406686|443578",1
"ZNF451","",0,"scaffold0022:11145035|11150251;scaffold0022:11145035|11163345;scaffold0022:11154946|11163345",3,"",0,"",0,"scaffold0007:24237919|24243618",1,"NW_017739025.1:10535373|10541373",1
"MTO1","",0,"scaffold0022:1435994|1442472",1,"",0,"",0,"scaffold0007:33865765|33866161",1,"NW_017739207.1:4878648|4879044",1
"TNFRSF21","",0,"scaffold0022:19597620|19600358;scaffold0022:19597620|19618973",2,"4:122133848|122136496",1,"",0,"scaffold0007:16134413|16134642;scaffold0007:16155361|16179527;scaffold0007:16176800|16179527",3,"",0
"RUNX2","",0,"scaffold0022:21188528|21214185;scaffold0022:21188528|21274393;scaffold0022:21268358|21274393",3,"",0,"",0,"scaffold0007:14539747|14545830",1,"NW_017739025.1:1072673|1078736",1
"UBR2","",0,"scaffold0022:23587924|23588875;scaffold0022:23602910|23608943;scaffold0022:23607743|23611265;scaffold0022:23613713|23615920;scaffold0022:23647001|23648719;scaffold0022:23665362|23665622",6,"",0,"",0,"scaffold0007:12056616|12056876;scaffold0007:12104364|12106149;scaffold0007:12141095|12143440",3,"NW_017739058.1:938151|941374",1
"ZFAND3","",0,"scaffold0022:27960650|27989013",1,"",0,"",0,"scaffold0007:7993584|8026650",1,"NW_017739308.1:420240|442013",1
"FKBP5","",0,"scaffold0022:30420973|30436296",1,"",0,"",0,"scaffold0007:5622980|5635858;scaffold0007:5622980|5664334",2,"NW_017739061.1:1349344|1353642;NW_017739061.1:1349344|1366414",2
"ANKS1A","",0,"scaffold0022:30964655|31033615;scaffold0022:30995088|31000280;scaffold0022:30995088|31033615;scaffold0022:31033025|31033615;scaffold0022:31033025|31047648;scaffold0022:31047530|31053085;scaffold0022:31047530|31059706;scaffold0022:31052992|31059706;scaffold0022:31056395|31059706;scaffold0022:31058033|31059706",10,"",0,"",0,"scaffold0007:5078368|5082003;scaffold0007:5078368|5090940",2,"NW_017739061.1:1923893|1936633",1
"PHF3","",0,"scaffold0022:8615631|8647889;scaffold0022:8647620|8647889",2,"",0,"",0,"scaffold0007:26687107|26687376;scaffold0007:26687107|26719584",2,"NW_017739060.1:1475541|1475810",1
"RAPGEF5","",0,"scaffold0023:17790424|17791099;scaffold0023:17817614|17873892",2,"",0,"",0,"scaffold0011:24383375|24388295",1,"NW_017738925.1:9888389|9922775;NW_017738925.1:9888389|9960474;NW_017738925.1:9922726|9954295;NW_017738925.1:9942460|9954295;NW_017738925.1:9952543|9954295;NW_017738925.1:9952543|9960474",6
"KLHL7","",0,"scaffold0023:18364701|18380934;scaffold0023:18368541|18380934",2,"",0,"",0,"scaffold0011:23800349|23812071",1,"NW_017738925.1:10507056|10518718",1
"BBS9","",0,"scaffold0023:24434877|24448618",1,"",0,"",0,"scaffold0011:7042179|7053035",1,"NW_017739391.1:275111|280019;NW_017739391.1:275111|289716;NW_017739391.1:451202|454495",3
"ANKIB1","",0,"scaffold0023:2601656|2601957;scaffold0023:2601656|2607815;scaffold0023:2628991|2630699",3,"",0,"",0,"scaffold0011:38036590|38052495;scaffold0011:38043735|38052495;scaffold0011:38048979|38052495;scaffold0011:38072815|38097555;scaffold0011:38094870|38097555;scaffold0011:38097274|38097555",6,"NW_017738947.1:3579374|3579653;NW_017738947.1:3579374|3590171;NW_017738947.1:3579374|3601454;NW_017738947.1:3579374|3614879;NW_017738947.1:3579374|3629680;NW_017738947.1:3589870|3590171;NW_017738947.1:3627894|3629680",7
"DOCK4","",0,"scaffold0023:27915398|27919041;scaffold0023:27949428|27951808;scaffold0023:27960022|27964129;scaffold0023:27964961|27969890;scaffold0023:27964961|27982054;scaffold0023:27969764|27982054;scaffold0023:27978448|27982054;scaffold0023:27978448|27986881;scaffold0023:27986729|28004070;scaffold0023:27993469|28004070",10,"",0,"",0,"scaffold0011:3340484|3349444;scaffold0011:3360588|3364288",2,"NW_017738964.1:4188488|4207186;NW_017738964.1:4198655|4207186",2
"IKZF1","",0,"scaffold0023:29733648|29738004;scaffold0023:29733648|29742521;scaffold0023:29733648|29746472;scaffold0023:29733678|29742521;scaffold0023:29733678|29746472;scaffold0023:29737878|29742521;scaffold0023:29737878|29746472;scaffold0023:29783562|29799581",8,"",0,"",0,"scaffold0011:1410829|1422463;scaffold0011:1449711|1455662;scaffold0011:1449711|1463848;scaffold0011:1455494|1460424;scaffold0011:1455494|1463848;scaffold0011:1460298|1463848",6,"NW_017739002.1:762591|770380",1
"OGDH","",0,"scaffold0023:31026087|31027876",1,"",0,"",0,"scaffold0011:332730|334333",1,"NW_017739002.1:2553999|2558411;NW_017739002.1:2571684|2573542",2
"NUDCD3","",0,"scaffold0023:31097819|31112998;scaffold0023:31097819|31117592",2,"",0,"",0,"scaffold0011:247139|250171",1,"NW_017739002.1:2676071|2680910",1
"VPS50","",0,"scaffold0023:3391121|3398989;scaffold0023:3434799|3437624;scaffold0023:3434799|3450763",3,"",0,"",0,"scaffold0011:37298916|37322119;scaffold0011:37315538|37322119",2,"NW_017738985.1:531961|539224;NW_017738985.1:531961|554889",2
"ICA1","",0,"scaffold0023:7726664|7742352",1,"",0,"",0,"scaffold0011:33419128|33435750",1,"NW_017738985.1:4962976|4978572;NW_017738985.1:4962976|4978634",2
"OSBPL10","",0,"scaffold0024:12529629|12532600;scaffold0024:12600266|12607739",2,"",0,"",0,"scaffold0015:12825119|12828262",1,"NW_017738971.1:7444799|7447810;NW_017738971.1:7551847|7581829",2
"TGFBR2","",0,"scaffold0024:13316218|13318987;scaffold0024:13316218|13335923;scaffold0024:13330911|13335923",3,"",0,"",0,"scaffold0015:13648082|13650595;scaffold0015:13669618|13674857",2,"NW_017739140.1:5274076|5279022;NW_017739140.1:5303966|5306483",2
"SUMF1","",0,"scaffold0024:2002090|2006108",1,"",0,"",0,"scaffold0015:3333113|3335361",1,"NW_017738954.1:276175|279451",1
"ITPR1","",0,"scaffold0024:2126845|2129255;scaffold0024:2129003|2136151;scaffold0024:2129003|2158281;scaffold0024:2155717|2158281;scaffold0024:2155717|2175352;scaffold0024:2175171|2177017",6,"",0,"",0,"scaffold0015:3183360|3185443",1,"NW_017739291.1:27452|43134;NW_017739291.1:27452|64934;NW_017739291.1:62628|64934;NW_017739291.1:91400|93324",4
"ATP2C1","",0,"scaffold0024:23673159|23683093;scaffold0024:23701028|23729590",2,"",0,"",0,"scaffold0015:24545651|24555775",1,"NW_017738960.1:3039049|3048909",1
"ARIH2","",0,"scaffold0024:4104370|4106143;scaffold0024:4104370|4109526",2,"",0,"",0,"scaffold0015:1290213|1292416;scaffold0015:1292072|1292416;scaffold0015:1329859|1331363",3,"NW_017738954.1:2059757|2064176",1
"MAP4","",0,"scaffold0024:4657690|4670634",1,"",0,"",0,"scaffold0015:769843|795580;scaffold0015:775822|777060;scaffold0015:790249|795580",3,"NW_017738954.1:2641390|2655345;NW_017738954.1:2655103|2671636",2
"ITCH","",0,"scaffold0025:1178529|1181268;scaffold0025:1196626|1201031;scaffold0025:1200856|1225203;scaffold0025:1202733|1206357",4,"",0,"",0,"scaffold0008:33558244|33565233;scaffold0008:33558244|33581969;scaffold0008:33576246|33581969;scaffold0008:33580049|33581969;scaffold0008:33624046|33624661",5,"NW_017738929.1:1789556|1790229;NW_017738929.1:1807421|1812804",2
"TASP1","",0,"scaffold0025:12768172|12806228;scaffold0025:12768172|12818298;scaffold0025:12768172|12823021;scaffold0025:12773247|12806228;scaffold0025:12773247|12818298;scaffold0025:12806148|12823021",6,"",0,"",0,"scaffold0008:20313837|20348840;scaffold0008:20320718|20348840;scaffold0008:20320718|20383304;scaffold0008:20336020|20348840;scaffold0008:20336020|20383304;scaffold0008:20336020|20388495;scaffold0008:20383184|20388495",7,"NW_017739265.1:320774|348215;NW_017739265.1:348108|421300;NW_017739265.1:368201|385072",3
"KIZ","",0,"scaffold0025:17480314|17489199",1,"",0,"",0,"scaffold0008:13958832|13959965",1,"NW_017739666.1:310730|330398",1
"XRN2","",0,"scaffold0025:17520934|17524604;scaffold0025:17557240|17559604",2,"",0,"",0,"scaffold0008:13824613|13827298",1,"NW_017739666.1:495878|501027;NW_017739666.1:502158|504293;NW_017739666.1:512058|514516",3
"NFATC1","",0,"scaffold0025:25981510|25982609;scaffold0025:25993522|26017064;scaffold0025:26002058|26005074;scaffold0025:26002058|26017064",4,"",0,"",0,"scaffold0008:51914937|51917637;scaffold0008:51914937|51930503",2,"NW_017738946.1:5402805|5418210;NW_017738946.1:5415012|5418210",2
"PHF20","",0,"scaffold0025:82888|101912;scaffold0025:92308|101912;scaffold0025:92308|94285",3,"",0,"",0,"scaffold0008:34789291|34790982",1,"NW_017738929.1:801155|802536",1
"CDC42BPB","",0,"scaffold0026:1704455|1711553",1,"",0,"",0,"scaffold0004:104080807|104089060",1,"NW_017739170.1:2031886|2032673;NW_017739170.1:2069233|2076874",2
"PCNX1","",0,"scaffold0026:24433678|24451586",1,"",0,"",0,"scaffold0004:80582918|80591882;scaffold0004:80582918|80607748;scaffold0004:80657087|80664788",3,"NW_017739016.1:6413860|6419952;NW_017739016.1:6413860|6428206;NW_017739016.1:6413860|6440193;NW_017739016.1:6456144|6464477",4
"VRK1","",0,"scaffold0026:5955646|5978373;scaffold0026:5964090|5978373;scaffold0026:5973177|5978373",3,"",0,"",0,"scaffold0004:101951875|101961800",1,"NW_017739238.1:255589|261272;NW_017739238.1:255589|284926",2
"GOLGA5","",0,"scaffold0026:8608988|8609562",1,"7:154959922|154960150;7:154962558|154969713",2,"",0,"",0,"NW_017738936.1:4523703|4534806;NW_017738936.1:4532508|4534806",2
"KIF1B","",0,"scaffold0027:18578280|18580957;scaffold0027:18619024|18623526",2,"",0,"",0,"scaffold0010:74443985|74444565;scaffold0010:74500620|74508988",2,"NW_017739161.1:981249|988192",1
"MTOR","",0,"scaffold0027:19352057|19353142",1,"",0,"",0,"scaffold0010:73766699|73788918",1,"NW_017739161.1:280800|295090",1
"VPS13D","",0,"scaffold0027:20030998|20034184;scaffold0027:20105917|20107071;scaffold0027:20149308|20152315;scaffold0027:20192822|20193063",4,"",0,"",0,"scaffold0010:72843231|72846175",1,"NW_017739360.1:249896|256235;NW_017739360.1:318170|320596",2
"SPEN","",0,"scaffold0027:21710904|21714797;scaffold0027:21735186|21741293;scaffold0027:21741141|21745118;scaffold0027:21744554|21745118;scaffold0027:21744554|21748083;scaffold0027:21746852|21748083",6,"",0,"",0,"scaffold0010:71024614|71027248;scaffold0010:71064253|71064730;scaffold0010:71064253|71068119",3,"NW_017739287.1:1489797|1493719",1
"AGO3","",0,"scaffold0027:2535990|2536554;scaffold0027:2535990|2539285;scaffold0027:2575833|2577239;scaffold0027:2575833|2577870;scaffold0027:2577030|2577870",5,"",0,"",0,"scaffold0010:56727446|56728097;scaffold0010:56742618|56743160;scaffold0010:56778015|56779887;scaffold0010:56778015|56789136",4,"NW_017738966.1:604195|613949",1
"ZMYM4","",0,"scaffold0027:3044215|3049203;scaffold0027:3048705|3049203",2,"",0,"",0,"scaffold0010:57259180|57263573;scaffold0010:57312415|57315080",2,"NW_017738966.1:150874|152759",1
"KPNA6","",0,"scaffold0027:5290307|5293273;scaffold0027:5295045|5297271;scaffold0027:5295045|5298363",3,"",0,"",0,"scaffold0010:59710130|59712802;scaffold0010:59710130|59713925;scaffold0010:59714330|59715663;scaffold0010:59717403|59721568",4,"NW_017738987.1:1752410|1759658",1
"EPB41","",0,"scaffold0027:7204467|7209042",1,"",0,"",0,"scaffold0010:61862724|61865587;scaffold0010:61892715|61895321",2,"NW_017739029.1:1943765|1945522",1
"EXTL1","",0,"scaffold0027:9460896|9461451",1,"1:198766054|198766560",1,"",0,"",0,"NW_017738944.1:5412509|5413001",1
"CEP350","",0,"scaffold0028:10106415|10109581;scaffold0028:10111797|10113268",2,"1:37222210|37254939",1,"",0,"scaffold0019:20851197|20852691;scaffold0019:20891502|20892616",2,"",0
"RABGAP1L","",0,"scaffold0028:13439157|13442035;scaffold0028:13461160|13463060;scaffold0028:13461160|13470556;scaffold0028:13490044|13492126;scaffold0028:13495600|13497408",5,"",0,"",0,"scaffold0019:24401912|24406320;scaffold0019:24426859|24432687;scaffold0019:24426859|24450179;scaffold0019:24459624|24460219",4,"NW_017738920.1:2095317|2139116",1
"GON4L","",0,"scaffold0028:16847375|16850952;scaffold0028:16850760|16850952;scaffold0028:16853582|16855149",3,"",0,"",0,"scaffold0019:27917774|27919204",1,"NW_017739437.1:847631|848753",1
"DAP3","",0,"scaffold0028:16899950|16902303;scaffold0028:16901960|16902303",2,"1:95266098|95266761",1,"",0,"scaffold0019:27967626|27968712;scaffold0019:27969824|27970166;scaffold0019:27971933|27975119",3,"",0
"NUP210L","",0,"scaffold0028:17872836|17873740;scaffold0028:17898044|17900339",2,"",0,"",0,"scaffold0019:28950830|28955016;scaffold0019:28952421|28952725",2,"NW_017739487.1:216960|221439",1
"RPRD2","",0,"scaffold0028:18654011|18669857;scaffold0028:18664569|18669857;scaffold0028:18667711|18676141",3,"",0,"",0,"scaffold0019:29830239|29834053",1,"NW_017739075.1:1381577|1396884",1
"PI4KB","",0,"scaffold0028:19275183|19276120",1,"1:99786708|99787645",1,"",0,"scaffold0019:30422966|30423413",1,"",0
"POGZ","",0,"scaffold0028:19352371|19355370;scaffold0028:19362357|19363617",2,"1:99672251|99675267",1,"",0,"scaffold0019:30515662|30516353",1,"",0
"SNX27","",0,"scaffold0028:19488466|19488698;scaffold0028:19488466|19501060",2,"",0,"",0,"scaffold0019:30684213|30691858;scaffold0019:30704358|30705387",2,"NW_017739075.1:557369|574521;NW_017739075.1:557369|586720;NW_017739075.1:562831|574521",3
"GDAP2","",0,"scaffold0028:21743147|21748660",1,"",0,"",0,"scaffold0019:33081209|33083746",1,"NW_017738990.1:1186611|1195587",1
"TRIM33","",0,"scaffold0028:23545915|23546893",1,"",0,"",0,"scaffold0019:34986397|34987381",1,"NW_017738990.1:3711723|3712705",1
"CACNA1E","",0,"scaffold0028:9232410|9258962",1,"",0,"",0,"scaffold0019:19935574|19964333",1,"NW_017738920.1:6636816|6637252;NW_017738920.1:6693529|6721236",2
"DDHD2","",0,"scaffold0029:22792581|22793621;scaffold0029:22792581|22802162",2,"",0,"",0,"scaffold0020:23165840|23170095",1,"NW_017739180.1:727756|728910",1
"NSD3","",0,"scaffold0029:22828116|22831363;scaffold0029:22839108|22839378;scaffold0029:22872109|22880376",3,"",0,"",0,"scaffold0020:23252984|23263477",1,"NW_017739180.1:635608|636327",1
"AGPAT5","",0,"scaffold0029:2569152|2586443;scaffold0029:2573593|2586443;scaffold0029:2582642|2586443",3,"",0,"",0,"scaffold0020:353977|355939;scaffold0020:353977|359364;scaffold0020:353977|371333;scaffold0020:353977|379422;scaffold0020:365001|371333;scaffold0020:368467|371333",6,"NW_017739698.1:126708|156393;NW_017739698.1:136816|156393",2
"SNX25","",0,"scaffold0029:8876152|8883749;scaffold0029:8876152|8889903;scaffold0029:8876152|8904453;scaffold0029:8883532|8889903;scaffold0029:8932181|8937534",5,"",0,"",0,"scaffold0020:8540666|8546649;scaffold0020:8540666|8554694;scaffold0020:8553098|8554694",3,"NW_017739036.1:1874648|1888746",1
"PBRM1","",0,"scaffold0030:14187281|14190238;scaffold0030:14188189|14190238;scaffold0030:14209510|14209787",3,"",0,"",0,"scaffold0015:39764477|39777465",1,"NW_017738955.1:5643653|5645063",1
"KMT2E","",0,"scaffold0030:17803089|17811490;scaffold0030:17833501|17834996",2,"",0,"",0,"scaffold0011:13597898|13601278;scaffold0011:13623285|13626869",2,"NW_017739142.1:2911411|2914570",1
"SEC13","",0,"scaffold0030:18429341|18431435;scaffold0030:18436508|18441878",2,"",0,"",0,"scaffold0015:35615728|35617037",1,"NW_017739012.1:455454|457161;NW_017739012.1:466354|469996",2
"SLC25A26","",0,"scaffold0030:1873314|1874582",1,"",0,"",0,"scaffold0015:51589874|51616730;scaffold0015:51593704|51616730;scaffold0015:51615488|51616730",3,"NW_017739388.1:1354694|1389177;NW_017739388.1:1383706|1389177",2
"VGLL4","",0,"scaffold0030:19566795|19654790",1,"",0,"",0,"scaffold0015:34494626|34494816",1,"NW_017739012.1:1593738|1682369",1
"TAMM41","",0,"scaffold0030:19734078|19741449",1,"",0,"",0,"scaffold0015:34334580|34336583",1,"NW_017739012.1:1751257|1752805;NW_017739012.1:1751257|1762625",2
"TMCC1","",0,"scaffold0030:20814636|20828503",1,"",0,"",0,"scaffold0015:33284852|33285784",1,"NW_017738937.1:347974|360548;NW_017738937.1:359613|360548",2
"NR2C2","",0,"scaffold0030:21140788|21142070",1,"",0,"",0,"scaffold0015:32975913|32989765;scaffold0015:33000678|33002933;scaffold0015:33004485|33005733",3,"NW_017738937.1:660981|663378",1
"RASA2","",0,"scaffold0030:22318357|22343836;scaffold0030:22328423|22343836;scaffold0030:22336796|22343836",3,"",0,"",0,"scaffold0015:31814050|31819666;scaffold0015:31814050|31830596;scaffold0015:31814050|31839705",3,"NW_017738937.1:1868972|1892498",1
"SUCLG2","",0,"scaffold0030:750671|766062",1,"",0,"",0,"scaffold0015:52582550|52585537;scaffold0015:52582550|52594425",2,"NW_017739388.1:211224|237298;NW_017739388.1:226308|237298",2
"RAB10","",0,"scaffold0031:10357450|10358616",1,"",0,"",0,"scaffold0016:10927425|10929353",1,"NW_017739473.1:1543463|1548621",1
"ASXL2","",0,"scaffold0031:10539281|10559790;scaffold0031:10553944|10559790;scaffold0031:10553944|10590359;scaffold0031:10576110|10590359",4,"",0,"",0,"scaffold0016:10735268|10737080;scaffold0016:10736953|10755713;scaffold0016:10752191|10755713;scaffold0016:10752191|10771770",4,"NW_017739473.1:1292076|1300051;NW_017739473.1:1317019|1320674;NW_017739473.1:1317019|1353918",3
"DTNB","",0,"scaffold0031:10675525|10684532;scaffold0031:10675525|10725220;scaffold0031:10724061|10725220;scaffold0031:10724061|10742944",4,"",0,"",0,"scaffold0016:10614996|10636107;scaffold0016:10631306|10644437;scaffold0016:10631306|10660978",3,"NW_017739473.1:1113337|1145729;NW_017739473.1:1145604|1171199;NW_017739473.1:1145604|1180171;NW_017739473.1:1145604|1190124;NW_017739473.1:1145604|1205105;NW_017739473.1:1167797|1171199;NW_017739473.1:1190038|1205105;NW_017739473.1:1201300|1205105",8
"ITSN2","",0,"scaffold0031:11476250|11477459",1,"",0,"",0,"scaffold0016:9840344|9841953;scaffold0016:9865169|9866629;scaffold0016:9879615|9881128;scaffold0016:9879615|9882148;scaffold0016:9879615|9889321",5,"NW_017739473.1:255852|257052",1
"LDAH","",0,"scaffold0031:13604650|13617531",1,"",0,"",0,"scaffold0016:7616091|7632370",1,"NW_017738922.1:7281563|7298216",1
"PUM2","",0,"scaffold0031:13867939|13879127;scaffold0031:13867939|13898953;scaffold0031:13867939|13903821;scaffold0031:13867939|13912551;scaffold0031:13912003|13916966;scaffold0031:13929675|13931170;scaffold0031:13929675|13934058",7,"",0,"",0,"scaffold0016:7303309|7305451",1,"NW_017738922.1:6950527|6976295;NW_017738922.1:6956229|6976295;NW_017738922.1:6969031|6976295",3
"SLC8A1","",0,"scaffold0031:1447338|1449176;scaffold0031:1447341|1449176",2,"",0,"",0,"scaffold0016:20206762|20208594",1,"NW_017738934.1:5703987|5720144",1
"NBAS","",0,"scaffold0031:16940371|16957879",1,"",0,"",0,"scaffold0016:4367702|4368570;scaffold0016:4425741|4436960;scaffold0016:4470739|4477288;scaffold0016:4489563|4491592",4,"NW_017738922.1:3357893|3359653;NW_017738922.1:3383794|3392571;NW_017738922.1:3496159|3505456;NW_017738922.1:3527449|3531132",4
"LPIN1","",0,"scaffold0031:18367321|18368242;scaffold0031:18374922|18382213",2,"",0,"",0,"scaffold0016:2853553|2858224",1,"NW_017738922.1:1057564|1058632;NW_017738922.1:1057564|1089302",2
"PRKD3","",0,"scaffold0031:3472866|3474550",1,"13:71593016|71594000",1,"",0,"scaffold0016:18100951|18102003;scaffold0016:18140516|18141392",2,"",0
"CRIM1","",0,"scaffold0031:3951257|3953763;scaffold0031:3965649|3974542;scaffold0031:3965649|3977036;scaffold0031:4002327|4081245;scaffold0031:4012944|4038264;scaffold0031:4012944|4081245;scaffold0031:4036854|4038264;scaffold0031:4036854|4081245;scaffold0031:4081071|4081245",9,"",0,"",0,"scaffold0016:17344006|17344180;scaffold0016:17344006|17385420;scaffold0016:17384058|17385420;scaffold0016:17416642|17419870",4,"NW_017738934.1:2960881|3005110;NW_017738934.1:3003709|3005110",2
"BIRC6","",0,"scaffold0031:6345937|6346119",1,"",0,"",0,"scaffold0016:15149141|15151471;scaffold0016:15199591|15200472",2,"NW_017738934.1:227836|244911;NW_017738934.1:345546|357818;NW_017738934.1:351345|351646",3
"MEMO1","",0,"scaffold0031:6562002|6572544;scaffold0031:6562002|6581757;scaffold0031:6572475|6581757;scaffold0031:6572475|6589372;scaffold0031:6579592|6581757;scaffold0031:6579592|6598097",6,"",0,"",0,"scaffold0016:14773294|14775812;scaffold0016:14773294|14791504",2,"NW_017739657.1:223057|250368;NW_017739657.1:248222|250368;NW_017739657.1:248222|257390;NW_017739657.1:248222|268423",4
"PPP1CB","",0,"scaffold0031:8504139|8509719",1,"",0,"",0,"scaffold0016:12756949|12767281",1,"NW_017739030.1:1982186|1994870",1
"ST7","",0,"scaffold0032:12725093|12726678;scaffold0032:12777883|12850607;scaffold0032:12815385|12821888",3,"",0,"",0,"scaffold0011:71012912|71015364",1,"NW_017739115.1:3603535|3633273;NW_017739115.1:3624351|3658476;NW_017739115.1:3630828|3658476;NW_017739115.1:3658361|3680499;NW_017739115.1:3678883|3680499",5
"MET","",0,"scaffold0032:13454557|13455774",1,"",0,"",0,"scaffold0011:71400511|71403318;scaffold0011:71457784|71458998",2,"NW_017739115.1:3241163|3242380",1
"MYO9A","",0,"scaffold0033:13374472|13391403;scaffold0033:13403840|13406479;scaffold0033:13494697|13519374;scaffold0033:13560598|13561509",4,"",0,"",0,"scaffold0028:12896622|12908373;scaffold0028:12896622|12921505;scaffold0028:12958424|12959954;scaffold0028:13093107|13098053;scaffold0028:13178838|13179749",5,"NW_017739035.1:1914538|1915449;NW_017739035.1:1938753|1947782;NW_017739035.1:2060722|2071699;NW_017739035.1:2060722|2101217;NW_017739035.1:2070864|2071699",5
"ADPGK","",0,"scaffold0033:14400956|14411034;scaffold0033:14407442|14411034",2,"",0,"",0,"scaffold0028:13929300|13954401",1,"NW_017739035.1:1399686|1409061",1
"NPTN","",0,"scaffold0033:15442595|15446754",1,"",0,"",0,"scaffold0028:14933579|14951060;scaffold0028:14938525|14951060",2,"NW_017739035.1:718368|736218;NW_017739035.1:732445|736218",2
"EDC3","",0,"scaffold0033:16629048|16629384",1,"",0,"",0,"scaffold0038:966693|967029;scaffold0038:999432|1003438;scaffold0038:999432|1021936",3,"NW_017739245.1:121322|121658",1
"PEAK1","",0,"scaffold0033:18433848|18463825;scaffold0033:18463079|18463825",2,"",0,"",0,"scaffold0038:3245292|3270434",1,"NW_017739771.1:80943|81689",1
"UPF2","",0,"scaffold0034:12389607|12398481",1,"",0,"",0,"scaffold0004:11876124|11886535",1,"NW_017739409.1:269968|275954;NW_017739409.1:269968|275957;NW_017739409.1:269968|290282;NW_017739409.1:282831|290282",4
"BAZ1A","",0,"scaffold0034:18066655|18066934;scaffold0034:18066655|18080137;scaffold0034:18079993|18088796;scaffold0034:18121377|18121944",4,"",0,"",0,"scaffold0004:17637002|17637281",1,"NW_017739232.1:151497|151724;NW_017739232.1:162340|165841;NW_017739232.1:213907|214186",3
"PARD3","",0,"scaffold0034:3803797|3810450;scaffold0034:3803797|3816311;scaffold0034:3803797|3850624;scaffold0034:3933642|3933885;scaffold0034:4109915|4120909",5,"",0,"",0,"scaffold0004:2117777|2139336;scaffold0004:2950168|2975521;scaffold0004:3087555|3087798",3,"NW_017739095.1:1945152|2001678;NW_017739095.1:2085719|2087390;NW_017739095.1:2177238|2177481",3
"ARHGAP12","",0,"scaffold0034:6715098|6718028;scaffold0034:6797399|6797660;scaffold0034:6811499|6830385;scaffold0034:6811499|6842278",4,"",0,"",0,"scaffold0004:6398242|6398503",1,"NW_017739001.1:418362|430886",1
"ZEB1","",0,"scaffold0034:7188756|7202594;scaffold0034:7202432|7246725",2,"",0,"",0,"scaffold0004:6843707|6864154",1,"NW_017739001.1:689352|716866;NW_017739001.1:782661|808667",2
"FAM13B","",0,"scaffold0035:1135603|1135945;scaffold0035:1166468|1169792;scaffold0035:1166468|1175612;scaffold0035:1184007|1185107;scaffold0035:1190120|1190937",5,"",0,"",0,"scaffold0005:30729874|30731797",1,"NW_017739078.1:3507666|3508285",1
"INSR","",0,"scaffold0035:11421458|11422010",1,"",0,"",0,"scaffold0034:5930949|5931501",1,"NW_017739398.1:362298|362850",1
"MAML1","",0,"scaffold0035:12081984|12086233",1,"6:177179888|177182626",1,"",0,"scaffold0034:5231501|5234788",1,"",0
"RNF130","",0,"scaffold0035:12296412|12337834;scaffold0035:12325739|12337834",2,"",0,"",0,"scaffold0034:4923482|4923677",1,"NW_017739641.1:571000|601651;NW_017739641.1:601400|617699",2
"PRDM5","",0,"scaffold0035:14086886|14109320;scaffold0035:14116686|14132894;scaffold0035:14120257|14132894",3,"",0,"",0,"scaffold0034:3256379|3256800",1,"NW_017739092.1:2638098|2663004",1
"CTNNA1","",0,"scaffold0035:1847111|1859239;scaffold0035:1856062|1859239",2,"",0,"",0,"scaffold0005:30078532|30090221",1,"NW_017739078.1:4058255|4059920;NW_017739078.1:4148096|4149518",2
"SIL1","",0,"scaffold0035:2041634|2056248",1,"",0,"",0,"scaffold0005:29783836|29790062;scaffold0005:29878488|29884865;scaffold0005:29952404|29953071",3,"NW_017739078.1:4266919|4286864",1
"RNF14","",0,"scaffold0035:4695049|4701407",1,"",0,"",0,"scaffold0005:27516081|27516609;scaffold0005:27516081|27521433",2,"NW_017739065.1:693356|694781",1
"AKT3","",0,"scaffold0036:10203239|10277461;scaffold0036:10203239|10302671;scaffold0036:10277335|10301249",3,"",0,"",0,"scaffold0027:12146524|12156531",1,"NW_017739162.1:4188644|4214871;NW_017739162.1:4194733|4214871",2
"CEP170","",0,"scaffold0036:10546540|10547665;scaffold0036:10559932|10573982",2,"",0,"",0,"scaffold0027:11877349|11886076;scaffold0027:11894331|11899082",2,"NW_017739162.1:3910008|3918803;NW_017739162.1:3910008|3932466",2
"TTC13","",0,"scaffold0036:13134783|13146058;scaffold0036:13181212|13187568",2,"",0,"",0,"scaffold0027:3517979|3523833",1,"NW_017739393.1:765493|772572",1
"MAP3K21","",0,"scaffold0036:14803015|14810579;scaffold0036:14803015|14818576",2,"",0,"",0,"scaffold0027:4022217|4023432;scaffold0027:4022217|4025255;scaffold0027:4028740|4033349",3,"NW_017739478.1:1382303|1404237",1
"NEK7","",0,"scaffold0036:1581184|1597659;scaffold0036:1587213|1597659;scaffold0036:1594818|1597659",3,"",0,"",0,"scaffold0027:1473495|1475434",1,"NW_017739244.1:649518|671674;NW_017739244.1:649518|705046;NW_017739244.1:661750|671674;NW_017739244.1:661750|686356",4
"ENAH","",0,"scaffold0036:7687485|7705327;scaffold0036:7702944|7705327",2,"",0,"",0,"scaffold0027:5445900|5449434;scaffold0027:5445900|5467866",2,"NW_017738993.1:3502056|3507814",1
"AHCTF1","",0,"scaffold0036:8731592|8733940;scaffold0036:8733686|8735783;scaffold0036:8739774|8745539",3,"",0,"",0,"scaffold0027:14316905|14318906",1,"NW_017738993.1:2226258|2236618;NW_017738993.1:2234553|2243404",2
"SMYD3","",0,"scaffold0036:9009982|9026476;scaffold0036:9218752|9226545",2,"",0,"",0,"scaffold0027:13964683|13970136;scaffold0027:13964683|13983117",2,"NW_017738993.1:1885848|1890206",1
"CAMSAP2","",0,"scaffold0036:975562|976045;scaffold0036:979501|980309;scaffold0036:979501|984022",3,"",0,"",0,"scaffold0027:963536|964151;scaffold0027:969680|973799",2,"NW_017739244.1:1963840|1981416",1
"KREMEN1","",0,"scaffold0037:11997125|12001251",1,"10:22422719|22426774",1,"",0,"scaffold0023:23724606|23725566",1,"",0
"MTMR3","",0,"scaffold0037:12589015|12589621;scaffold0037:12607662|12616843",2,"",0,"",0,"scaffold0023:24176556|24181472",1,"NW_017739112.1:534708|553190;NW_017739112.1:534708|564916;NW_017739112.1:534708|616540;NW_017739112.1:545098|553190;NW_017739112.1:545098|564916;NW_017739112.1:545098|616540",6
"NCOR2","",0,"scaffold0037:1599721|1601425;scaffold0037:1599721|1603657;scaffold0037:1599721|1615174;scaffold0037:1601252|1603657",4,"",0,"",0,"scaffold0023:26483965|26487757;scaffold0023:26487609|26519587;scaffold0023:26494159|26506297;scaffold0023:26511397|26519587",4,"NW_017739192.1:546308|556600",1
"CLIP1","",0,"scaffold0037:2435054|2436592;scaffold0037:2456504|2457449",2,"11:122188127|122189072",1,"",0,"scaffold0023:11014228|11024947",1,"",0
"P2RX4","",0,"scaffold0037:2981195|2981993",1,"",0,"",0,"scaffold0023:10368625|10369425",1,"NW_017739019.1:4726577|4727379",1
"ATXN2","",0,"scaffold0037:3655342|3656558;scaffold0037:3660216|3660414;scaffold0037:3678406|3681108",3,"",0,"",0,"scaffold0023:9423480|9424170",1,"NW_017739019.1:3692205|3694740;NW_017739019.1:3725392|3728061",2
"EP400","",0,"scaffold0037:390265|392677",1,"",0,"",0,"scaffold0023:27470705|27471341",1,"NW_017739192.1:3500657|3502740;NW_017739192.1:3507121|3510104",2
"MED13L","",0,"scaffold0037:5828573|5838969",1,"",0,"",0,"scaffold0023:6497772|6498010;scaffold0023:6601088|6607556",2,"NW_017739019.1:658671|659224",1
"FBXW8","",0,"scaffold0037:6317581|6327676;scaffold0037:6317581|6344453;scaffold0037:6331516|6344453",3,"",0,"",0,"scaffold0023:5978194|5981699",1,"NW_017739309.1:2166445|2169822;NW_017739309.1:2190926|2208426;NW_017739309.1:2204571|2224425",3
"EZH2","",0,"scaffold0038:12704579|12710253;scaffold0038:12705553|12707601;scaffold0038:12710136|12723190;scaffold0038:12722372|12723190",4,"",0,"",0,"scaffold0011:46720187|46720978;scaffold0011:46720187|46721005;scaffold0011:46720187|46734093;scaffold0011:46730844|46734093",4,"NW_017739069.1:1453360|1458522",1
"PDIA4","",0,"scaffold0038:12829575|12831521",1,"3:175400683|175403841",1,"",0,"scaffold0011:46612072|46616234",1,"",0
"TRIM24","",0,"scaffold0038:6437630|6454565",1,"",0,"",0,"scaffold0011:53921486|53923222",1,"NW_017738940.1:1183027|1183201",1
"HIPK2","",0,"scaffold0038:7232997|7234081",1,"3:166135022|166136106",1,"",0,"scaffold0011:53062567|53063651;scaffold0011:53138384|53138882",2,"",0
"PRPSAP2","",0,"scaffold0039:10199171|10209849;scaffold0039:10209700|10215912;scaffold0039:10209700|10230127;scaffold0039:10209700|10233563;scaffold0039:10209700|10233900;scaffold0039:10221855|10230127;scaffold0039:10221855|10233900;scaffold0039:10232458|10233900",8,"",0,"",0,"scaffold0037:2040577|2051215;scaffold0037:2040577|2073041;scaffold0037:2040915|2044797;scaffold0037:2040915|2051215;scaffold0037:2040915|2073041;scaffold0037:2044730|2051215;scaffold0037:2049167|2055992;scaffold0037:2072892|2084586",8,"NW_017739305.1:520838|527678;NW_017739305.1:520838|529841;NW_017739305.1:520838|537978;NW_017739305.1:527505|534785;NW_017739305.1:527505|537978",5
"TOP3A","",0,"scaffold0039:10405418|10407856;scaffold0039:10409178|10417564;scaffold0039:10410178|10410386;scaffold0039:10416286|10417564",4,"",0,"",0,"scaffold0037:1912312|1915183",1,"NW_017739305.1:394153|395374",1
"STX8","",0,"scaffold0039:2332274|2348808;scaffold0039:2332274|2386554;scaffold0039:2348683|2386554",3,"",0,"",0,"scaffold0033:2977785|2990716",1,"NW_017739337.1:3721343|3759273;NW_017739337.1:3759148|3771848",2
"NCOR1","",0,"scaffold0039:8658750|8665636;scaffold0039:8786189|8798015;scaffold0039:8825551|8826354;scaffold0039:8845308|8845851",4,"",0,"",0,"scaffold0037:3338562|3339314;scaffold0037:3374797|3380470;scaffold0037:3374797|3388106;scaffold0037:3376608|3380470;scaffold0037:3417948|3419289;scaffold0037:3455887|3465998;scaffold0037:3484270|3507715",7,"NW_017739394.1:1023609|1032673;NW_017739394.1:1086246|1098376;NW_017739394.1:1086246|1116254;NW_017739394.1:1094865|1105968",4
"AKAP10","",0,"scaffold0039:9388951|9393340;scaffold0039:9388951|9398429;scaffold0039:9388951|9429692;scaffold0039:9397871|9398429",4,"",0,"",0,"scaffold0037:2792998|2804616;scaffold0037:2812278|2815089;scaffold0037:2812278|2822548;scaffold0037:2859158|2865446",4,"NW_017739394.1:584726|585284;NW_017739394.1:584726|589696",2
"ULK2","",0,"scaffold0039:9510916|9511894;scaffold0039:9571585|9574081",2,"",0,"",0,"scaffold0037:2680448|2682448",1,"NW_017739394.1:418429|428903;NW_017739394.1:458880|464027",2
"ATF6","",0,"scaffold0040:11598738|11608507;scaffold0040:11598738|11618416;scaffold0040:11598738|11633753;scaffold0040:11618284|11633753;scaffold0040:11632835|11633753;scaffold0040:11650610|11657566",6,"",0,"",0,"scaffold0019:818309|825915;scaffold0019:839042|849195;scaffold0019:848306|849195;scaffold0019:868062|883267;scaffold0019:868062|891301",5,"NW_017739479.1:362583|392158",1
"PIK3C2B","",0,"scaffold0040:3048261|3048457",1,"",0,"",0,"scaffold0019:8150424|8152936;scaffold0019:8164139|8168051;scaffold0019:8167870|8169016",3,"NW_017739442.1:845556|857790;NW_017739442.1:859013|863628",2
"RNF115","",0,"scaffold0040:6655724|6685105;scaffold0040:6666047|6685105",2,"",0,"",0,"scaffold0019:5268116|5268328",1,"NW_017739075.1:2043591|2059809",1
"DCAF6","",0,"scaffold0040:8366965|8369841",1,"",0,"",0,"scaffold0019:3733388|3739839;scaffold0019:3777144|3778643",2,"NW_017739173.1:597134|612716;NW_017739173.1:635696|642236",2
"MAPK1","",0,"scaffold0041:10014339|10027273;scaffold0041:10026723|10027273;scaffold0041:10026723|10031013;scaffold0041:10026723|10035517;scaffold0041:10033463|10035517",5,"",0,"",0,"scaffold0023:11927214|11929988;scaffold0023:11940297|11942573",2,"NW_017739403.1:286577|302039",1
"SMARCB1","",0,"scaffold0041:10198688|10200605;scaffold0041:10198688|10210982;scaffold0041:10200475|10204178;scaffold0041:10200475|10206008;scaffold0041:10204040|10206008;scaffold0041:10204040|10210982",6,"",0,"",0,"scaffold0023:11736873|11740113;scaffold0023:11739975|11744724",2,"NW_017739403.1:58724|64048",1
"CABIN1","",0,"scaffold0041:10329679|10330842;scaffold0041:10379943|10381082;scaffold0041:10394321|10419128",3,"",0,"",0,"scaffold0023:26134686|26137332",1,"NW_017739412.1:121735|156044;NW_017739412.1:137191|156044",2
"SPECC1L","",0,"scaffold0041:10745459|10748904;scaffold0041:10768691|10768845;scaffold0041:10768691|10774039",3,"10:28893864|28900185",1,"",0,"",0,"NW_017739412.1:487234|492835",1
"MED15","",0,"scaffold0041:9509883|9518439",1,"",0,"",0,"scaffold0023:12461745|12470501;scaffold0023:12468911|12470501;scaffold0023:12478005|12481996",3,"NW_017739403.1:904472|907243",1
"STAU1","",0,"scaffold0042:10789393|10795312;scaffold0042:10797779|10799862",2,"",0,"",0,"scaffold0008:11094937|11106128",1,"NW_017739358.1:366749|368002;NW_017739358.1:366749|377513",2
"ZBTB46","",0,"scaffold0042:380329|388298;scaffold0042:388013|388298",2,"",0,"",0,"scaffold0008:603466|603751",1,"NW_017739293.1:326474|334286",1
"ATP9A","",0,"scaffold0042:8864620|8882738;scaffold0042:8905837|8919003",2,"",0,"",0,"scaffold0008:9183483|9185219;scaffold0008:9183483|9192701",2,"NW_017738961.1:3554188|3555547;NW_017738961.1:3554188|3563023",2
"NFATC2","",0,"scaffold0042:9055985|9061408;scaffold0042:9055985|9099631;scaffold0042:9056499|9061408;scaffold0042:9056499|9099631;scaffold0042:9056499|9113326;scaffold0042:9098268|9099631;scaffold0042:9130078|9133525;scaffold0042:9132835|9133525",8,"",0,"",0,"scaffold0008:9389094|9390402",1,"NW_017738961.1:3703055|3708943",1
"MLLT10","",0,"scaffold0043:4085184|4101159;scaffold0043:4170354|4204349",2,"",0,"",0,"scaffold0006:94393131|94409265;scaffold0006:94409086|94442195",2,"NW_017739355.1:2792939|2857958;NW_017739355.1:2857848|2895085;NW_017739355.1:2877114|2881003;NW_017739355.1:2877114|2895085;NW_017739355.1:2954441|2973164",5
"RSU1","",0,"scaffold0043:8876079|8889399",1,"",0,"",0,"scaffold0006:98798336|98801554",1,"NW_017739151.1:886403|928830;NW_017739151.1:926253|928830",2
"STRN3","",0,"scaffold0045:5856055|5864397;scaffold0045:5856055|5866565;scaffold0045:5856055|5870859;scaffold0045:5866483|5870859",4,"",0,"",0,"scaffold0004:21247219|21251654;scaffold0004:21247219|21266608;scaffold0004:21265229|21266608",3,"NW_017739322.1:2915371|2933680",1
"HECTD1","",0,"scaffold0045:5985680|5990864;scaffold0045:6018995|6024341;scaffold0045:6023690|6024341;scaffold0045:6029103|6029338",4,"",0,"",0,"scaffold0004:21098239|21105121",1,"NW_017739322.1:2800030|2812921",1
"HEATR5A","",0,"scaffold0045:6146964|6148764",1,"",0,"",0,"scaffold0004:20952575|20953824",1,"NW_017739322.1:2635799|2635983",1
"SLC9A6","",0,"scaffold0047:234555|243418",1,"",0,"",0,"scaffold0009:74211406|74220873",1,"NW_017739544.1:271152|280392",1
"WDR1","",0,"scaffold0048:3569826|3575550;scaffold0048:3574148|3575550",2,"",0,"",0,"scaffold0006:4093286|4094949;scaffold0006:4093286|4099077",2,"NW_017739614.1:393301|398068",1
"TBC1D14","",0,"scaffold0048:5166544|5167280;scaffold0048:5166544|5189824;scaffold0048:5166544|5213678;scaffold0048:5189703|5210371;scaffold0048:5209175|5213678;scaffold0048:5211589|5213678;scaffold0048:5211589|5217056",7,"",0,"",0,"scaffold0006:2662833|2683399;scaffold0006:2708155|2708891",2,"NW_017739182.1:629299|656985;NW_017739182.1:651094|656985",2
"GRK4","",0,"scaffold0048:6569340|6573263",1,"",0,"",0,"scaffold0006:1496732|1499684;scaffold0006:1496732|1506505",2,"NW_017739443.1:1415561|1419450;NW_017739443.1:1415561|1427329;NW_017739443.1:1415561|1436540;NW_017739443.1:1415561|1452090;NW_017739443.1:1427222|1436540",5
"ADD1","",0,"scaffold0048:6637265|6638098;scaffold0048:6651553|6658306;scaffold0048:6651553|6665993;scaffold0048:6658154|6665993;scaffold0048:6662066|6665993",5,"",0,"",0,"scaffold0006:1457863|1458332",1,"NW_017739443.1:1323351|1327534;NW_017739443.1:1323351|1334617",2
"ST7L","",0,"scaffold0049:378128|381742;scaffold0049:378128|388527",2,"",0,"",0,"scaffold0019:36001813|36007308;scaffold0019:36022281|36022743",2,"NW_017738990.1:5025543|5033036;NW_017738990.1:5071152|5080570",2
"DPYD","",0,"scaffold0049:5812518|5820788",1,"",0,"",0,"scaffold0019:41716911|41717122;scaffold0019:41818584|41819865",2,"NW_017739167.1:2388174|2390207;NW_017739167.1:2446967|2475990",2
"KCNQ1","",0,"scaffold0050:1512822|1551843;scaffold0050:1540541|1542330;scaffold0050:1540541|1551843;scaffold0050:1540541|1588772;scaffold0050:1683038|1688215",5,"",0,"",0,"scaffold0017:56158082|56160116;scaffold0017:56278353|56280098",2,"NW_017739508.1:261756|263538;NW_017739508.1:261756|276583",2
"NADSYN1","",0,"scaffold0050:2002905|2003842",1,"",0,"",0,"scaffold0017:55841830|55842584",1,"NW_017739349.1:293376|295255",1
"PPFIA1","",0,"scaffold0050:2444841|2447576;scaffold0050:2456108|2459370;scaffold0050:2460391|2470260;scaffold0050:2469870|2470260;scaffold0050:2492559|2495471",5,"",0,"",0,"scaffold0017:49020571|49022114",1,"NW_017739349.1:964069|968072;NW_017739349.1:974979|981961",2
"PPP6R3","",0,"scaffold0050:3375624|3381280;scaffold0050:3390797|3414142;scaffold0050:3398745|3414142;scaffold0050:3405487|3414142;scaffold0050:3409382|3411519;scaffold0050:3418169|3432999;scaffold0050:3425150|3442572;scaffold0050:3428237|3442572;scaffold0050:3432766|3432999;scaffold0050:3432766|3442572",10,"14:6201714|6219996",1,"",0,"scaffold0017:49863502|49870414",1,"",0
"USP28","",0,"scaffold0051:236854|238057",1,"",0,"",0,"scaffold0024:6136675|6139441",1,"NW_017739292.1:1064222|1064596",1
"SIK3","",0,"scaffold0051:3056425|3058623;scaffold0051:3076724|3077532;scaffold0051:3103244|3152497;scaffold0051:3148362|3152497",4,"",0,"",0,"scaffold0024:3352382|3353428",1,"NW_017739502.1:1022135|1022959",1
"CBL","",0,"scaffold0051:5478515|5480493;scaffold0051:5520121|5520719;scaffold0051:5520121|5522923",3,"",0,"",0,"scaffold0024:1008709|1011499;scaffold0024:1020936|1021916;scaffold0024:1028953|1031107;scaffold0024:1057634|1057882",4,"NW_017739600.1:995880|1002239;NW_017739600.1:995880|1014231",2
"ARHGEF12","",0,"scaffold0051:6798529|6799960;scaffold0051:6798529|6827405;scaffold0051:6815248|6818254;scaffold0051:6815248|6827405;scaffold0051:6818196|6823570;scaffold0051:6825427|6827405",6,"",0,"",0,"scaffold0024:184020|184551",1,"NW_017739728.1:390608|403088;NW_017739728.1:402947|424115;NW_017739728.1:417306|424115;NW_017739728.1:440326|449810;NW_017739728.1:449655|452770;NW_017739728.1:458527|469442",6
"FAM53B","",0,"scaffold0052:2023934|2024710",1,"",0,"",0,"scaffold0014:1785459|1786223",1,"NW_017739101.1:949886|950665",1
"ZRANB1","",0,"scaffold0052:2149863|2150714;scaffold0052:2149863|2162077;scaffold0052:2149863|2166590;scaffold0052:2149863|2170601;scaffold0052:2165782|2166590",5,"",0,"",0,"scaffold0014:1897071|1897922",1,"NW_017739101.1:1131739|1132590",1
"DOCK1","",0,"scaffold0052:3070392|3144466;scaffold0052:3142515|3144466",2,"",0,"",0,"scaffold0014:2783862|2792458;scaffold0014:2815155|2830099;scaffold0014:2827980|2830099;scaffold0014:2947061|2952279",4,"NW_017738976.1:637774|656378;NW_017738976.1:710076|711369",2
"FGFR2","",0,"scaffold0052:661788|666853;scaffold0052:661788|682240;scaffold0052:661788|692253;scaffold0052:682116|692253;scaffold0052:701473|704160",5,"",0,"",0,"scaffold0014:557550|577427;scaffold0014:565573|575506;scaffold0014:575431|577427",3,"NW_017739284.1:801103|824632",1
"CACUL1","",0,"scaffold0052:6725244|6726373",1,"",0,"",0,"scaffold0014:6392953|6404271",1,"NW_017738957.1:17493196|17517904;NW_017738957.1:17516782|17517904",2
"ADAMTS17","",0,"scaffold0053:3390456|3390622;scaffold0053:3390456|3409149;scaffold0053:3390456|3418126;scaffold0053:3390456|3423037;scaffold0053:3390456|3447261",5,"",0,"",0,"scaffold0031:1788322|1790227;scaffold0031:1795566|1796630;scaffold0031:1813178|1813960",3,"NW_017738967.1:1326034|1374612;NW_017738967.1:1368781|1374612",2
"IGF1R","",0,"scaffold0053:4168430|4174555;scaffold0053:4179541|4182325",2,"",0,"",0,"scaffold0031:2210110|2211012;scaffold0031:2215410|2216677",2,"NW_017738967.1:2008077|2008623",1
"SCAPER","",0,"scaffold0053:6382134|6385520;scaffold0053:6451823|6460495",2,"",0,"",0,"scaffold0046:2059955|2062012;scaffold0046:2144568|2149173;scaffold0046:2166750|2175726;scaffold0046:2166750|2188919;scaffold0046:2175625|2188919;scaffold0046:2181633|2188919",6,"NW_017739249.1:804779|821010;NW_017739249.1:887239|895245;NW_017739249.1:972784|988737",3
"SHQ1","",0,"scaffold0054:4994235|4998556;scaffold0054:5007617|5027929;scaffold0054:5007617|5029687;scaffold0054:5026927|5027929;scaffold0054:5026927|5029687",5,"",0,"",0,"scaffold0015:57356778|57370143;scaffold0015:57370015|57422412;scaffold0015:57370015|57424737;scaffold0015:57391528|57422412;scaffold0015:57391528|57424737;scaffold0015:57420918|57422395;scaffold0015:57420918|57422412;scaffold0015:57420918|57424737",8,"NW_017739644.1:786553|790658;NW_017739644.1:790503|835881;NW_017739644.1:835768|846924",3
"IQGAP1","",0,"scaffold0055:1022530|1023351",1,"7:69291023|69293052",1,"",0,"scaffold0031:8236753|8240314;scaffold0031:8239317|8240314;scaffold0031:8258492|8258930",3,"",0
"B3GALNT2","",0,"scaffold0056:1378013|1395448;scaffold0056:1378013|1408370;scaffold0056:1393033|1395448;scaffold0056:1393033|1400192;scaffold0056:1393033|1408370;scaffold0056:1395254|1408370;scaffold0056:1400091|1408370",7,"",0,"",0,"scaffold0027:4394935|4397277",1,"NW_017739166.1:1299055|1302406;NW_017739166.1:1316808|1330250",2
"IARS","",0,"scaffold0058:102778|104367;scaffold0058:102778|109596;scaffold0058:102778|122564;scaffold0058:102778|133761;scaffold0058:133665|141326;scaffold0058:168184|171565",6,"",0,"",0,"scaffold0051:572864|574406;scaffold0051:610580|624031;scaffold0051:623509|624031",3,"NW_017739514.1:160989|179062;NW_017739514.1:160989|182165;NW_017739514.1:176736|179062",3
"SPTLC1","",0,"scaffold0058:1483162|1486859;scaffold0058:1483162|1517197;scaffold0058:1486180|1486859",3,"",0,"",0,"scaffold0040:449043|466330",1,"NW_017739516.1:1435282|1441865",1
"MFSD14B","",0,"scaffold0058:453084|454853;scaffold0058:473314|476876;scaffold0058:473314|492065;scaffold0058:473314|505972;scaffold0058:476748|505972",5,"",0,"",0,"scaffold0051:443294|446472",1,"NW_017739944.1:49489|59634;NW_017739944.1:71787|74144",2
"SPIN1","",0,"scaffold0058:4633301|4639267",1,"",0,"",0,"scaffold0040:2707709|2707943;scaffold0040:2707709|2712205",2,"NW_017738951.1:138194|143270",1
"TUBGCP5","",0,"scaffold0058:580010|588354;scaffold0058:601484|619458",2,"",0,"",0,"scaffold0051:242204|243237;scaffold0051:262999|267810;scaffold0051:279441|281092",3,"NW_017739290.1:79637|97019;NW_017739290.1:92514|95379",2
"ARHGEF9","",0,"scaffold0059:3645631|3728070",1,"",0,"",0,"scaffold0009:11214201|11219124",1,"NW_017739583.1:288349|299332;NW_017739583.1:299140|337306",2
"FAM120C","",0,"scaffold0060:3417787|3418037",1,"",0,"",0,"scaffold0030:9164990|9165563",1,"NW_017739427.1:552532|569401",1
"F8","",0,"scaffold0060:373066|388322",1,"",0,"",0,"scaffold0030:10954646|10957505",1,"NW_017739593.1:187350|189005",1
"HUWE1","",0,"scaffold0060:3774897|3777405;scaffold0060:3818533|3825002;scaffold0060:3842369|3846313;scaffold0060:3855214|3856373;scaffold0060:3855882|3856373",5,"",0,"",0,"scaffold0030:8797293|8798451;scaffold0030:8804475|8805272;scaffold0030:8832827|8837803;scaffold0030:8880165|8888652",4,"NW_017739820.1:143596|145935;NW_017739820.1:199791|200965;NW_017739820.1:64177|94645;NW_017739820.1:88842|94645",4
"RBM33","",0,"scaffold0061:1344559|1352086;scaffold0061:1372572|1379151;scaffold0061:1378979|1389267;scaffold0061:1378979|1394125;scaffold0061:1388954|1394125;scaffold0061:1391124|1394125",6,"",0,"",0,"scaffold0042:2095914|2097378;scaffold0042:2144178|2150102;scaffold0042:2149024|2150102;scaffold0042:2171817|2179351",4,"NW_017739103.1:1365343|1367863",1
"DNAJB6","",0,"scaffold0061:610514|613147",1,"",0,"",0,"scaffold0042:1025803|1031593",1,"NW_017739103.1:2200954|2213631",1
"UBE3C","",0,"scaffold0061:693677|710230;scaffold0061:693677|715110;scaffold0061:709723|715110;scaffold0061:731261|733568",4,"",0,"",0,"scaffold0042:1113040|1118758",1,"NW_017739103.1:2089759|2091814;NW_017739103.1:2089759|2099643",2
"LMBR1","",0,"scaffold0061:866701|875089;scaffold0061:866701|885471;scaffold0061:874949|885471",3,"",0,"",0,"scaffold0042:1405672|1416961;scaffold0042:1416821|1438524",2,"NW_017739103.1:1910835|1915575",1
"TGFBRAP1","",0,"scaffold0062:2611410|2617300",1,"",0,"",0,"scaffold0036:4185729|4187570",1,"NW_017739256.1:1730117|1732611;NW_017739256.1:1730117|1739872",2
"EIF2B3","",0,"scaffold0063:1018015|1022463",1,"",0,"",0,"scaffold0010:52377304|52386659",1,"NW_017739612.1:109504|113688;NW_017739612.1:95974|113688",2
"ERI3","",0,"scaffold0063:449529|513047;scaffold0063:479968|513047;scaffold0063:479968|529499;scaffold0063:502640|513047;scaffold0063:502640|529499",5,"",0,"",0,"scaffold0010:51755139|51794898;scaffold0010:51784423|51794898;scaffold0010:51784423|51814081",3,"NW_017739246.1:1433409|1467425;NW_017739246.1:1456291|1467425;NW_017739246.1:1456291|1485448",3
"FOXJ3","",0,"scaffold0064:1750514|1777593",1,"",0,"",0,"scaffold0010:50115634|50132441",1,"NW_017739044.1:1848899|1861413;NW_017739044.1:1861088|1861413",2
"CNOT11","",0,"scaffold0069:587982|589956",1,"13:5068719|5076162",1,"",0,"scaffold0036:228334|230536",1,"",0
"PIK3CB","",0,"scaffold0070:392786|395189;scaffold0070:392786|401221",2,"",0,"",0,"scaffold0015:29793725|29802362;scaffold0015:29793725|29830569",2,"NW_017738937.1:4054511|4067225",1
"PHF2","",0,"scaffold0072:428639|434078",1,"15:108592773|108599338",1,"",0,"scaffold0013:817176|822392",1,"",0
"ACBD5","",0,"scaffold0079:203937|208075;scaffold0079:213003|214485;scaffold0079:215907|225752;scaffold0079:215907|230221",4,"",0,"",0,"scaffold0006:90154610|90154810",1,"NW_017739201.1:1078308|1092093;NW_017739201.1:1080765|1092093;NW_017739201.1:1093131|1094237",3
"NCOA1","",0,"",0,"13:84318076|84348479;13:84409615|84430306",2,"",0,"scaffold0016:10119596|10122912",1,"NW_017739473.1:542061|544881;NW_017739473.1:594301|596682",2
"NAP1L4","",0,"",0,"14:3017634|3035043;14:3032617|3035043",2,"",0,"scaffold0017:56025368|56027187;scaffold0017:56025368|56030863",2,"NW_017739349.1:59428|62256;NW_017739349.1:65227|78617",2
"SMAD4","",0,"",0,"18:31351069|31367492",1,"",0,"scaffold0008:82577231|82581557",1,"NW_017738951.1:2986293|2986672",1
"RPRD1A","",0,"",0,"18:46485951|46492250",1,"",0,"scaffold0008:72359186|72366940",1,"NW_017739083.1:2689746|2693993",1
"VAPA","",0,"",0,"18:70872743|70877889",1,"",0,"scaffold0008:60206027|60210067",1,"NW_017739466.1:1060013|1064199",1
"TNPO3","",0,"",0,"3:155265125|155268286",1,"",0,"scaffold0011:61744382|61746851;scaffold0011:61744382|61756616",2,"NW_017738940.1:7782542|7786169;NW_017738940.1:7811148|7819067",2
"CDK13","",0,"",0,"3:75250061|75264310",1,"",0,"scaffold0011:9814031|9815181;scaffold0011:9842665|9846114",2,"NW_017739405.1:1013320|1015492;NW_017739405.1:1045653|1054783",2
"SENP6","",0,"",0,"4:97306996|97307424",1,"",0,"scaffold0007:35469568|35471157",1,"NW_017738984.1:6536048|6568620",1
"CSNK1G3","",0,"",0,"6:121049900|121061910",1,"",0,"scaffold0003:73994768|73995194;scaffold0003:73994768|74011247;scaffold0003:74032863|74034805",3,"NW_017738974.1:2411936|2424227",1
"NR3C1","",0,"",0,"6:140811264|140812461",1,"",0,"scaffold0005:26430908|26436624",1,"NW_017739065.1:1766028|1834288;NW_017739065.1:1833103|1834288",2
"FAM172A","",0,"",0,"6:90904446|90906940",1,"",0,"scaffold0003:52853647|52858943;scaffold0003:52897604|52903595",2,"NW_017739448.1:371275|386746;NW_017739448.1:376171|386746",2
"MID2","",0,"",0,"X:104584287|104598330",1,"",0,"scaffold0009:48455000|48455716;scaffold0009:48455000|48471122",2,"NW_017739566.1:63125|77348;NW_017739566.1:76632|77348",2
